5F766274
5165556A
F4DFEE43
220980E6
F4092D38
1C171E05
8000EE00
DBCECEC4
E6CEC4C4
CEDFCEDF
37513D53
40493D4C
ECDBF826
1D30ECEE
12372934
252C2519
C4FA0F08
DBDBCE80
E3E6DBEE
C4CEC4DB
FC343B5F
2B44EE36
DFE6EE1F
0721E3DB
181A08FD
17240624
DBE3080E
CECEDBDB
DBE6F8E6
B3C4DBEE
2C533032
C4DF8038
D5C4E601
D5EEE9F2
B30DDFE6
DBDFB3D5
CEDBF410
D5ECB3CE
B3C480C4
80C4B3DB
F941F625
B30A801C
80B380DB
8080D5B3
808080B3
80F28080
B3DBCED5
D5B38080
C4ECD5E3
80CED5DB
80EE80B3
808080C4
80B380B3
DBC48080
80C480EC
80C48080
CE80C4B3
80B380C4
C4DBC4CE
80B3B3CE
80808080
80808080
80DB8080
80808080
808080B3
80808080
80808080
8080C4B3
80CE80CE
80B380CE
80808080
80808080
80B38080
808080B3
80808080
80808080
80808080
80808080
80B380B3
808080B3
80808080
80808080
80808080
80808080
80808080
80808080
808080B3
80CEB380
80B3B380
80CE8080
35412B55
032D3C45
E909F42E
8080FF20
25FF8080
242B2126
2744463A
06200A06
80B3E908
80B380E3
5B665765
5365586E
536F5F6E
5A6A5451
5B62525D
61765F6C
60746176
606E5A71
425E556B
001D2445
44693C64
5C715D5C
536B556B
55695B68
50655870
50604F65
53695062
47675162
4E534F64
0D322F5B
4E5D516C
4C694C62
484D2862
4D5D3E51
3D625060
3D584561
44623847
33594861
4B583D51
0D303856
42541647
3D30F94C
415B3E4D
3B584A5F
37533A4B
2B4C3757
3C38FD4C
3647394F
474A2152
F9122D5B
294D383D
31522A49
41523F3B
22532642
142EF830
06362136
253C1030
0E3A163A
FC4B3541
CE10102A
36508016
802ACE2B
E31CB3F6
02492B44
0E2FC419
0442072D
0747253E
162CF62E
E3393537
80FDF61A
F62E8026
E6F68010
2641F93C
F823C446
8006E32A
C4248022
80FEF42C
80C4C4F9
DF1F80E9
D5DBB316
80038080
B31180E9
80F9B32B
D51180EC
80D58020
8015B380
808080CE
80808080
80F080DB
80FAE6CE
80808080
808080E9
80808080
80F08080
8010F924
80808080
80DB80B3
808080CE
80EE8080
B3F0800B
80808080
80808080
80808080
808080E6
80808080
80808080
80808080
80808080
80EC8080
80808080
80808080
80808080
80808080
80808080
80808080
80808080
80808080
80808080
80CE8080
808080B3
80808080
80808080
80808080
80808080
80808080
80808080
80808080
80808080
80B38080
80808080
80808080
80808080
80808080
80808080
80808080
80808080
80808080
80808080
80808080
80808080
8005EEFF
80808028
80808080
80808080
80808080
80048080
804B423F
80223C46
80808080
80808080
4C5F5657
FA483E5B
808080CE
80808080
80808080
46685340
596F5A62
8047506D
80808080
211BFAEC
4B6C5856
40624C6C
42473D4B
80B3FF55
455C3D2E
50715D64
5B715D6C
0F55506E
CE0C80DF
37463222
516C4854
5064586F
56614954
2B554163
5E6B4E60
5C736276
5D6F5E76
3463566F
1F30F020
40554A51
4662404E
49605C6E
495E4864
43554C62
53655365
55625970
48624E69
175F5066
3934F813
415F5B67
314D084A
57644C60
3E5E5169
48514E5E
4E655263
4652416C
3A4F3F64
30573B50
435D3932
38675056
39511F4D
5560293E
4C65475B
4C5F4E59
51674F60
39463067
0B544258
25684355
365A4326
345A3E51
F836C44E
08372844
1F42344D
1A3C0D37
E33F2A45
80FD8039
C4E38003
383FD534
4B5F4B56
0A523F55
B31F8032
80E9B300
FD33B30C
002CF23A
2F350430
8080801C
80FD80DB
5A643D31
5E6B5875
53604070
80078080
80E980B3
DB1080E9
1430F841
EE39B30E
808080D5
80808080
4C4A0C18
50634C69
55674F6C
80808080
80808080
80808080
80F8802A
808080CE
80808080
80C48080
35490580
4965465D
4256395E
808080EE
80808080
80CE8080
80808024
80EC8080
80808080
80808080
25178080
4661364B
41553453
80808007
80808080
80D58080
80D58017
808080DF
80808080
80808080
DBE68080
254C2141
2F4D3249
808080F4
80808080
F2F98080
80F280FC
8080C412
80808080
80808080
C4E68080
35442A47
24493151
80808080
80808080
80808080
808080EE
80808080
80808080
80808080
E60F8080
273BEE2C
1A3E1439
80808080
80808080
80808080
80808080
80808080
80808080
80808080
80808080
081E8031
263E1B45
80808080
80808080
80808080
80808080
80808080
80808080
80808080
80D58080
F630DB1C
254A0B30
80808080
80808080
80808080
80808080
80808080
80808080
80808080
80808080
800B80B3
FCB3C4F9
80808080
80808080
80808080
80808080
80808080
80808080
80808080
80808080
80F88080
808080CE
80808080
80808080
80808080
80808080
80808080
80808080
80808080
80808080
80808080
80808080
80808080
80808080
80808080
80808080
80808080
80808080
80808080
80808080
80808080
80808080
80808080
80808080
80808080
80808080
80808080
80808080
80808080
80808080
80808080
80808080
80808080
80808080
80808080
80808080
80808080
80808080
80808080
80808080
80808080
80808080
80808080
80808080
80808080
80808080
80808080
80808080
80808080
80808080
80808080
80808080
80808080
80808080
80808080
80808080
80808080
80808080
80808080
80808080
80808080
80808080
80808080
80808080
80808080
80808080
80808080
80808080
80808080
80808080
80808080
80808080
4C404E67
4335364B
46383C4D
3A44474C
FE17204A
0F0D0BEE
F9051409
EEF6FEEE
0709F4F6
EEFCF4DF
3E371139
253D2D46
2F303443
2F392E37
141B1149
FA0F0813
E3F40AFF
FDEEE9FA
FC0305FF
F2FFF8F4
2B3A3041
27271330
373A3939
32313A43
10091B46
04190425
DF07090B
FA03F4F9
EEF9F9E3
FFFEEEF4
F83C1F00
28463B33
26343947
06113042
070F083B
E9120412
F4FDFCF8
0A01E6FD
DBE3E302
DF06FCF9
FC3B2C43
37443340
0F28094A
123C2139
EC1B1928
1106F019
D5E9F4F6
DBE3E9E9
C4F0F0FC
E3F6E9EC
DB0C0FF4
2C3D0F1B
16300832
212EEE31
F82E222A
D5D5EE04
F0F601F6
DFF0B3F6
DBE9E60B
E3F0F800
1844282A
80352E2F
152A021E
022BFC15
E620052B
E9D5DB07
DB02F8FE
F9FFC4CE
EEFAB3DF
DFF4CEF0
12340835
1A452333
801B082C
F211DF15
EEF28026
DBF2EC11
DFDFC408
E3F4D5DF
C4DF80F4
CEE6B3E6
1E0B1D39
0F2DF635
022AF612
FC0AE31F
80CEDB2A
B3ECD5FC
80DFE6F2
DFF8D5F4
B3D5C4DF
CEE6C4F4
2324E928
1B25FE32
F931B31A
0B06D51C
E621DB29
DFFAF4F2
B3ECE6F0
CEF8D5F2
B3E6DBF2
E3F2B3E6
E619C432
01332639
EE350132
800BE91E
E614D512
80F4E6F6
B3DBC4CE
80CED5EC
80B380B3
C4ECB3DF
80DBF635
123C800A
DB250DF8
B3038008
0A0EE320
B3DBB3F4
80E9C4DB
B3F0CED5
C400DFFA
C4F080D5
1333FE14
143F022B
CE2AFC3C
FD028004
80E6DF20
D5DF80EE
B3CEC4F9
80E9B3E3
C4E9E6F0
80DBB3DB
3027DFFF
8008053C
00040B2C
ECFEB30D
B3DF8021
80F280F8
B3F4EEDF
80DB80F0
80C4B3F4
80E9C4E9
802ECE24
F2122742
FAECB3F4
E61C8018
DFFAB315
80D58001
80DBCEFF
80DF80CE
F8C480EE
80C4C4F9
FF14E3FA
F2D52849
FD21D521
D51DE30F
80E3C414
B304E6EC
CEDFC4F0
80C480E3
CEDB80B3
80DFB300
0A2F0827
0102103E
F904070A
CEB38006
80B3B313
80CE80B3
CEDFC4C4
808080DB
C4DB80C4
B3DF80EE
801D1725
80F08080
EC15DFF0
C4FEC4F8
80CE800B
B3E380CE
80E680F0
80D5B3CE
80CE8080
CEDF80DF
801880E9
E904B380
E6018020
B30A80F2
CE0180FC
B3B3B3F8
D5CE80E9
80D580DF
80D58080
808080CE
800E0F2C
00158009
F912F91D
CEDF80F9
80C4C40E
80DB80C4
80EC80D5
B3D580CE
CEC480E6
80B380C4
B30E80FD
B32F0BE6
D52DB3F9
C4250EF4
B305FC16
C4F680F2
C4F4B316
80C480CE
80D580C4
CEB380CE
8021DB1B
CEFCE304
DB0680EC
80CE80DF
80D50F22
DBFDCEEC
80B3B3DB
808080D5
1BE6E604
C4E38000
8017E623
0E13B3E3
F9F0801C
0B11FF1F
0B082C3C
C4DF8012
80D580FF
808080E9
3D232B3B
CEB3B325
45625874
284E354E
EE1D0730
0C05F2FE
F41F2341
FFFAFE21
C4F2E32C
80DBD5FC
3326121D
DBF48008
4D715B73
2C3C2459
1F1B2431
0E3E1E3F
002A3137
01E9112D
B3CEDB1E
C409C4F8
040DCEF4
0D1CFA17
49654E6B
113F2E59
1EFAD522
154D2843
0C262735
FE1C05FA
8000D512
8012B3E3
2327B3FE
1D322326
455E4664
262D3256
403A0C2D
2D4D244A
C4083E4E
07150626
ECFFDB08
F608DB30
272D0D08
19311626
42573F5E
141D8054
24503337
48511E3E
1B332544
E3101636
0F390904
ECB3D523
FF250604
0E2F1F28
53604459
5773606F
54694C63
5B715669
4E6E576C
4A162E50
56674858
18304450
24373044
3F5A5A6C
40573F53
58715C5A
536D4F66
3C6D5964
3E4B1538
493F2D51
505E415D
03495159
46663C2B
4A634354
324F394E
3862525D
475B464D
0D565255
2830EE2D
3C551C35
4E563441
13492E4C
284B3623
25523C47
283E2A45
4D554660
54674446
8051455E
DBD58080
2D300228
1041254C
143A122B
1F470C1B
2F582C35
08272132
45583959
44643F48
80F6B351
80808080
1B08B30D
80291C3C
D51C80DB
DB2F80EE
E3331B2D
1E34270F
0F41DF31
135A474C
80F0802E
80808080
80EE8080
802080EC
802DDF15
80F48080
802BF2FA
80808080
D545EE34
802A374E
808080E3
80808080
80808080
80F0800E
80078080
80808080
800C8080
F0808080
8023CE3B
802F002A
80808080
80808080
80808080
80E980DF
80E98080
80808080
80DF8080
80808080
80F88080
8080CE24
80808080
80808080
80808080
80DB8080
80F6C480
80808080
80158080
80808080
80808080
808080F4
80808080
80808080
80808080
80808080
80808080
80B38080
80E38080
80808080
80808080
80808080
80808080
80808080
80808080
80808080
808080E3
80808080
80CE8080
80808080
80808080
80808080
80808080
80808080
80808080
80808080
80808080
80808080
80808080
80808080
80808080
80808080
80808080
80808080
80808080
80808080
80808080
80808080
80808080
80808080
80808080
80808080
80808080
80808080
80808080
80808080
80808080
80808080
80808080
80808080
80808080
80808080
80808080
80808080
80808080
80808080
80808080
80808080
80808080
80808080
80808080
80808080
80808080
80808080
80808080
80808080
80808080
80808080
80808080
80808080
80808080
80808080
80808080
80808080
80808080
80808080
80808080
80808080
80808080
80808080
80808080
80808080
80808080
80808080
80808080
80808080
80808080
80808080
80808080
80808080
80808080
80808080
80808080
80808080
80808080
80808080
80808080
80808080
80808080
80808080
80808080
80808080
80808080
80808080
80808080
80808080
80808080
80808080
80808080
80808080
80808080
80808080
80808080
80808080
80808080
80808080
80808080
80808080
80808080
D78D2A78
2E4D9ECD
D6941383
10FE18A3
4AEE7B67
31F705D7
92CA63B9
469E75F2
7888FAE9
24D3DE6E
C94EDA59
FBC245F5
B1553604
D70A463F
309F19DF
13EA38EA
3FF8D06A
0446DD4C
58FF099F
C1E33130
D3F545D8
82A9E23D
EEDB0BE4
8FC686FF
4F68CA8C
61075A58
E5F9758D
0A4ACE46
51515AD2
E19F8392
19A5D4A8
7FCA1FC4
7F7477AA
FF91771E
A913B705
31AA41E3
5F944AFD
1681921D
D6435F13
F4CACF66
8BB906D8
8CC769E3
D4554156
92E844AD
06F3F08C
DD05588B
E9EF7361
4A41C70A
F55C010F
9FB0EAAF
45AFF058
CF28401E
2255AF49
FC9301FE
E87A06E9
A4FEBA43
11A1B786
E729F7B0
A6835948
5A682B9A
04830940
CD8CBCA6
B7BAE662
8A4C0644
6CCE7E50
ACD2E7B1
85710EA2
9C6FA794
69686E55
D81010C0
E258ECF4
4545C777
BBC8B53C
74E1040C
185C7A07
960FDC15
F0AE83C3
030DB83E
75E6FA2A
CC937D7D
980F6FB4
3C7CC88C
DF5FB111
2079D525
D0A0A284
93FE227A
1E6A5177
6907D467
846F5589
FF0EFDEC
A649CA52
8D526B0A
01C6CE35
0EAFA703
5DBC3194
8FBF7887
517808A0
316329EB
E2195C65
B5AF6574
6CFD36DB
EF880C65
CD9A5A9B
835ACB6F
21903391
677F5780
3EDEC501
0E216FDA
80212DAD
F2402211
26CF98BF
B3534078
3B8EEAFF
841D618F
610FE47E
8988E509
43D4F317
53236AE0
89AED409
DF7755A1
5D5A72CB
AD9F2A37
374E19F8
961767DE
3F7EEDDB
9963D7F1
334316ED
4FA3B33E
CEEF81DB
BDF42CED
59939EE6
A141486B
10E6C4A2
CEFA7883
A6FF0CA9
29FE76F7
231D25E5
C53E6C74
9713C3F5
07D77208
AB8A9BA2
962F0C70
20094616
B11AD160
AB1A9194
2A62D40A
D35A6A39
643B3D85
1F767C56
C6C6E7F7
59D8AD9E
E9380AA5
E2D6114E
33F29927
9D099C28
9145D78F
8D3FF1A1
458ED4E3
366B7808
510EC45B
F41496C4
8184413D
4500B37E
05CC77B6
26A579B8
C6A0A83D
2EE8E460
70922EF4
EE0A6A8F
4356B65D
305C638E
AF1E19EA
5ED246B7
35791083
272A09E5
43DCE2F4
623618D0
83C87996
FDCA1D51
1C1F39FA
4DC56AD7
FCE17CA3
87A2623F
274164B6
768F4549
D793AA2F
BC3AA7DF
A6E335A4
95CA4E6F
8545E149
8047F681
492DE452
29A730C8
F79940E8
33CBED4E
B6F42ED9
7172120B
41A9C63A
16ABE2E0
FEAC5102
DD3306AA
9BEF524C
D4AC13C6
CE99CD66
A57B131A
4D8F7169
6394F051
E7FB4C8A
DB941258
4A76BD11
8D5B027E
6A094DDB
AB099C41
37290B41
F02B3005
AB2BC7CD
E805985B
D81ACEB2
083780D6
92E8EC39
0F1E5B66
C31DF998
F83552FA
A666CF88
39855547
84CA69C2
F59A037B
A7548F5B
534400A6
823898D7
C9627200
4CF9847F
F3497B63
3EC512F3
84A2A7AD
38F6B3FD
E759DDC7
0DF1E616
F35E858A
B5EFAFC6
E3E32345
809317AD
A6FA5713
ED860CB5
EB9B5051
ED4896D4
DAE49702
7E0EC0C2
64203E6A
56B780B5
520DCBEB
74323C9C
167C0FAE
18655C34
B44AEB2A
A69F1083
163BA549
9324900C
8C51B0E2
DC5D833F
69EEB54D
A03D9655
C0780AE0
AE76D2F0
527AC461
BDA3C421
F84ED510
B2FB9D96
BE455695
9C45A11C
ECC357DE
DB632F50
7F061EB0
CDCFFAFD
4B6E3CBB
D8C92A9F
56A0680C
20C345F9
02C04031
3448D38B
BCFC7B15
F3281104
D148C844
68198112
4B9549F6
D9C667D8
7460E457
D56C763F
33A720CE
7AE3D475
58720304
E8771B23
10C2281B
36098632
ABBD836C
A6979A48
0C9900A4
93516ECF
199296D1
595C2C02
A2D23261
D4B77D5C
0183DB7C
467C67F3
CFF67765
2991A18A
66A5F3C9
2904B125
6D32DD3A
2E6598FE
73EBD03D
B4BD6FA6
1BDDFE1D
04FA9A50
495DD521
30CDA01A
6E436FA6
84385616
23B5A252
14CD23B0
894F79D9
C58F733D
B8E3A329
3DFBD423
BC3F8BFD
D78472F7
D32D365D
BB3D3598
514F8A0C
505CA0CB
532BF855
65F91772
1BB698C8
34647194
8318FC39
F98C6519
4CEF87BC
809C3261
1733D2EE
9B844A89
1A2C4601
375E6D6C
8C9D1898
0D761124
6C16CC70
26FB0D50
799FD267
8C2AC0E1
924361A3
23DFCFC0
C11578E8
2F31B2EF
E711F751
C817F956
4FF0C44C
C87B30CD
73440AB7
C2182C4D
99432652
1324B4BD
C156FB15
B66A1550
8343AFC2
E15CF64F
EADEB62F
93102F5F
C8038DCF
12F2E80E
FC492666
6FA2E052
30C3D9F3
3F072F85
08764032
48A0C510
8013C475
6A96FC75
88E2D043
9AA4ABFA
10042EB5
06EB772F
2FE8A526
E99F8F80
BB134D32
23891934
448F7C77
A0712D21
203D8EFC
78757E1A
F93CB00E
FD5A11CB
4C0C5DDA
5E89A61E
142E1FAC
F9A65900
71D26410
838C1B2B
1988A626
092E17C4
BD8E9005
96C02315
91BB3C62
8ADA87FC
9660ABB2
A4BAD35A
7FDEF0DF
57372E28
5D2ADAE4
AF6E99FE
791FC85B
744338FA
86210D67
BFB18819
292FF789
B6061B14
3DD10458
CD4C8727
4819F596
93646F25
EDEABCD0
3494A4F0
A0106066
237E1A30
00BC65FC
1792ED7F
25A97D6D
B88C0938
736F96A9
9A87805E
440C8FDF
136349E8
FA283835
B8CE6888
55A78B9A
C3A86550
25EF20C6
9DBFCB29
84ABA5BA
61D0BF83
D5DE6E20
69C2FAAF
C0AB9CC3
9093DC64
E7A96DBE
3EA16974
EB177A42
78F83678
9A6B39EF
58BF6BDC
D570248E
5DA4519A
DE058BD7
76D10FD6
C42641C1
368EB971
4909C4A5
33AB2CC2
AE9ABD7B
1BAACAC9
1E20E1B5
857EBADA
72B24121
5638AF49
08BBD20F
A2115E5B
61C67AC6
A0B9CFDF
6AC3DA25
9DC42640
957D570C
FB41299D
A1D7A8A3
163A3922
19C43E5E
522D1A13
F701853B
3CD75984
8E12BB8F
A7900894
8F7625A6
4E872F09
B52A12A5
75F61334
35541962
20CEEA63
F411AC1C
D9583C38
4EDE3B3D
545FD8B7
43880842
0532E95E
A1D84DDD
3F2CA175
15FC08FC
04C237EA
B85CB3C1
490ED321
7363B3FA
65AF3C46
2BE18E69
B3BFB52C
F44FA0A6
9C44A7C9
872EDED5
5FC8508A
9C7AF9AA
EBC73EBA
23FC1A86
C941D40A
F5FCC257
EF4A9061
3D18422A
7990E684
221D28FE
7C356286
8BB75463
BE3EA93B
88D09975
ED3F0304
C78F1CE5
E616A88D
1110DB0B
291843AC
AFB92952
5F0889DA
F8768E61
B4477726
3A504595
6690ABF4
E94DDF12
6EEB40FF
9AA5A1D1
0C653A93
F65FE16E
D267AAC0
297F7C01
6C3889A3
785FE53E
16A7B4B4
6C14145C
6960E78D
47598BA4
FCD40A49
4515DB61
C066BA19
26226619
8630A35E
CF5C0A60
E841B353
C19529FC
EABF27F3
1DD94398
34E02337
DFCC68FE
B3ABAAB5
FBC67D1B
3A04DE9B
1D73AE2E
EB6AC86C
94630CF5
BFCCA6BE
BF5C3C89
9E5CAF55
9E0C1FAA
05A6D39E
B6B3B966
25268CB3
6A9DA5A3
885954BF
319CCBEE
766A3F11
E41F6F75
FB2523F8
600231BE
809EE285
B5A395B7
59DED727
2DE6FA5B
56F506E1
47E1DD33
FAD90635
DFBE9760
9D7A7CB9
D572ACC8
38DB3ED3
DB901B5C
C7F03FA6
E5FD5BE5
E18DB9FD
A1BAAF1D
9D2D0B0B
F6A8A7CB
2E6BF221
6FF468F6
188A6DBD
1D5E5737
814E0887
33AA4907
D8555F1F
DD14C45C
51457915
7F61BC59
1A9CCCFF
4840A4A2
E02BAB9F
0D18CC18
854A0612
E68B0EFB
06831A96
FCB9A76E
6DD46D90
FCB09647
6944FCD3
758B1F14
7FBA468C
782D96A7
D9A74D4D
50473524
02F508FB
64B6A9D6
8CB583DD
6F533014
757D5552
64F070EE
6DB00EF8
8702A6DB
01AF4434
11259F69
5DDB5463
1705CACD
92262ADD
96EC9071
99CAD726
27A42F36
713A4215
07F91B77
1EEC36B7
3275C9C9
FFD1284A
FCC14489
7D53812B
26A1274F
331AFCB7
40F1C7A4
7B1F4ADD
D39FA377
984484ED
37D76F1A
0DA72E2A
8D9A5953
E7AD94F1
005CE246
CBE50079
3AC8160B
DCC9BBF2
38922D6E
43E3C77E
8D2B750E
0740088E
D44AC298
F6BDFFEA
9220C924
0188B246
6C590364
E1080E33
3EB81F18
4AC74DEB
3B27C310
E0175A7B
7B959E37
2B8DE9AA
6A3C06FB
DA75D6FF
56FB138A
F685BCAF
DAB2A0A0
6E937D0F
FEC0CCA4
5675F546
8C6C1787
C3F19AD8
42E842D8
22107139
0461FF6A
65002D28
00BC9C40
02E0B3AD
7F1B5BEB
A5843AEE
061AB089
42E8FD63
78B33B0F
9480C074
9ABD921E
BAC8FBA9
59308E57
D30575F8
9705447A
2E3A28AD
5E84023C
A5A84410
14207C18
6F2B86B6
9710F23B
7B6A779C
A9FE6585
55FE0F49
FE8C19F5
02A583D7
408AD0E1
C8306A07
F0C6144D
9E924FA5
5D41106F
05E3378F
449ECC96
94F5CCF6
D0342221
DACDDBCD
7A01ECF6
3DF0A0A8
0F93A8D1
C317CB45
08E25894
633E137A
289B7BF0
B07B4318
1BE7946F
DAF300C3
D72B2350
1D0C7FF2
D81A6D60
B56B016A
BD341507
96EE4F57
D3BB8C3A
33B135D7
4D0B6429
9A63DDF3
887230F9
3E0C9DAF
19E76F8C
F5FD6FA6
F21A9B26
12872013
44DAF93B
69AE252F
BB6E4E43
A68A9711
3503DA79
8F02F7BC
590AF0F1
89B22BBC
79EA8407
545F6F6D
21D4290C
94ED1866
312D9498
D84D43E4
82CCD3CB
C372458F
AD70D8C5
96B9C94E
02790D30
81A330AE
6F8F9430
F6B38A20
4B313FE2
8F91BAB1
0AC78F98
BFF3007E
A0B9F2CD
FCE22B10
11375C2B
F83715A3
99C3D413
37A9452E
0A1AB782
22A6D9E0
AFF3234C
F1E1A257
6F38F2BB
C7CEFCCB
BA874798
FD00DBE4
0D2CEF0B
F95ABD84
5F43AED8
66C49394
23F3D6A7
9F026764
3294C1FE
69C1B6FF
41D14CC0
7BEA1813
60F4F4AE
D4007F0E
0C0D8A1F
65BE42AB
52E35DFB
CED9175E
31C20316
BA894DDB
C8EF56F9
5611DBB3
AFE1F663
18A637A4
6575B852
63090316
724C35BE
36E0D4A1
9831E9A2
9009CBB2
A0D98024
47A2019A
8B1E10A8
ED4C66E5
3520B5B3
E28EA94F
1B7E7757
5A383D43
BC9F0FDD
95EF5E52
2A04751A
6CEC48F9
1C28EB12
56656064
92BF07BE
8416B12C
5D4AA335
51C4A66F
1B2F8E03
69F750AD
EC41B9FF
3581A2EE
6C114A96
5AD6EE15
5C782604
E4037F95
CB28E54B
11F148E3
EA0446DE
63C28F85
1B856804
6818DB80
62631689
626D9163
E9AC1BE7
BBCD89F3
E560FBF3
9B70DFAC
C6FA7677
554A3EEB
E63F8E9F
3B5BF56F
C74ABE6A
11D07C2F
806EDEE5
41A50131
1E0A7874
FBBB3A10
FE53717F
BD3C490B
F5B4A295
2C90E910
1173B903
52808C18
DC88666B
460AF628
78C83D20
1E6F1893
7CDBC51E
F87F5982
7AFB68C2
8E83694C
ECFF7FA1
D7405C87
E4CE975A
E9E659D8
CCF6C60A
0D78FFE6
DB40B083
1F2F1E89
C65CA5A4
46F73E24
28492ED8
7E4E68C8
4506EF7A
5AEB365D
E299CC52
5B9CCDBC
11A4D446
544F48E3
8B2C34A9
09CC28F6
80B868E8
075A888E
FF08CD38
147FEF5B
AAF7CFD7
A69A2907
1BAA306D
8D89AB60
ED588CC2
F4D95A89
1562E1B5
E5CEAD5B
CBB4CDF2
5D1A6B4E
750752A2
5A7A59B0
9B5AFBF4
A92A9C36
41979DB1
AEDA7CD0
8FA70167
E0DFEA9D
91467C21
15026816
412DA4CB
7CB53CF4
56EDBF97
B57BF927
8F3A53F3
0BA3148D
3D443177
5724A4C5
BF3D86CC
8485317A
E924B453
377CE481
CA91AF0D
40E11419
39563B25
E2E54C54
E3FA6555
272189EC
D1569457
D7EA60EB
A1166473
6004B8B2
29A4D7A5
647EDB9E
FE155E30
62E69203
455DD73E
4DB22405
2B6CA19F
278D5C81
995BB02D
B8FB5756
6D167976
B81C7F57
38E3189E
E9093FD4
8354DF36
8D5980C1
A0F94DCA
A7A5E867
ECB5AD4C
275D1A84
3284920C
2D345242
7EAE1758
5B238A66
3469A6CC
98AC80B7
7A8D23EB
FB9FBB8F
4610805A
DEC31B7C
856BF67D
A7427517
C0908B2E
CA030C57
1F307469
E1B143B7
7B797E07
7CCA80B0
B4FD355C
6C962A06
B8A78981
44C0FD06
E93BA39A
7690F338
7A8448CD
76FE19CD
9642969D
3580BAF4
FA323D1C
858B6533
7C509B7F
1FB28745
B239DF4C
4A24809C
69E6AA02
CAD6D136
0E69FA4D
9232E49B
48013960
426FD279
CDEF9B87
21454AE0
E5350407
2D0812EF
CB440314
0ABE9121
64627BB0
5ECED5A6
8CD5B499
55902DC4
F16F7373
51EBD6F0
0F58C7BC
AF121891
DD9CE67A
D00A4049
314ACCF4
CDF12CAF
6CE1594F
94E1F51D
87547214
842089E9
9F94EDDF
A2E7FF5D
BBDEB7C6
93A72F36
24146479
6F5CB1A8
BCE6A475
5A478740
7704034F
5D3B3683
A6AF51A4
3101C961
8C81E725
0F06CE09
F8EFFC18
880B94B1
2E3DE553
79352862
619FC1A3
2A734C58
2E535E1F
42E1C5B7
05B10183
010B20C9
F70D2DA6
878E25A0
C16581ED
3B071AE5
028EA4BA
18E4A296
1390F358
DE09C4CF
FDF970CB
CBB6E00B
B5893F1D
6AF68F0C
F3ED9A7B
94D2668E
701FAD07
AAFD6FA0
CF4F9707
1798AE42
8563FF94
F7621FBD
BF443E24
680709A0
B6838254
96D17C21
B35FD8C2
CCA2A54F
2B46FBC0
C5C9A30E
3E834CAB
9B4F2D21
5A4371CE
4B1BA87C
9517615E
EC91FF20
AB02F773
E0C98DB3
7955E4F0
742A103C
801D9974
97023AC3
F5A94493
E6C56A82
8C6836D9
C07C2CC5
265D39B7
23412F25
7F8DF98E
32CAFDE7
F613A1EC
64806079
DFC4F457
8F741530
29F0FA43
E3DD4395
2CF25CA1
B83B1065
187AEB7B
542DD25D
16E66911
36402922
9849E58D
4BF0D656
7FD501F1
3825D0D5
23A11123
299705D3
BCB82588
C0FD12A3
69B8E9E1
1641730E
AB8F24DF
FB5EFE04
D7DDFCA6
422C56DC
08365096
F0A1917C
DEEDC4E2
8BF4E380
01C46036
C9F02576
F75AAEFC
69C9FCA0
C4F80AEC
E2614FFF
343965C8
27C60990
9BEA0559
35EC8D56
AA0E1C2B
36F508D9
514514E1
93A5CFC4
40DD82BF
9BDFED8A
C7FCF051
41FF8955
5B8EB894
2913C1FA
3DFC09BF
954F78C6
6AE081BC
AF76ED3E
C81578F5
685116B3
AB82FA5B
6483A04A
BB014D09
BA157F57
52D26120
0C7BA267
5AC7DF40
7D0F0708
976F8CB0
6EDACF5A
18773EBB
6CD39A27
764B37C5
FFA36AFB
37CC3FF0
5AFF12DD
8E751132
B8C03146
19424E3B
1AE1F3EA
79F67188
D6E95619
6C5A8D5C
EB480660
1C519A40
1C944F26
637EC0AF
8274AC71
B35DFD17
E3BA21A9
6E1F6C51
895FCAAD
CD40654E
D72AE0F4
6E29F73F
B5C8135C
EE6298C3
9CA0850D
D2652F35
D338DE54
24DC3233
BFB06764
23E0A6D2
61CEFFB9
2937D401
1809AEF6
18487B99
EBC67D3C
F88C8BCD
E2ABBDE0
6B90118B
B8100268
300BFEC4
66A66064
EC5F7AA4
10CFBE73
340D446E
F915679E
72E25F21
8B629C5F
8EDA1C71
443452F8
E6ADE85F
B67F275B
A726C08D
C9E2F8C6
6FBD7A13
8CD2B35E
32A98826
5496D6EC
32E7EC36
8B389A89
147C271A
F8870CE8
9125B10D
09264DD6
72E068C4
6FA12DD4
6393CF4D
48D6D957
59466B13
EF44794B
BFFD2612
506C726D
D651C039
B709CAD9
F7E3A79F
256CC142
7CF27654
A038DFD9
AF38CA1B
CEB7D576
FB6C0A70
F3D33A5E
4706574D
E06B49AD
49F2BF11
6B90E067
13226C30
7300EDB3
FD75C22E
6CD59F0D
2DDF3948
74EEEBAF
CB050667
BEEBA714
AE1D9DCF
42CC3A80
C9A09464
B954C3E7
2E9D978F
0CE0BDF8
CB55C5A7
54A7110B
BBDFDC0E
D50B2616
A950BF8E
B64DECF8
554980D5
6D512689
AF698E63
AB731D53
19F894EE
B9FD1CE8
5331035E
DB1ECAA2
26B227B6
9F1D8C99
23E749B4
AC790B4C
5383C4DD
16D73615
AA196051
BE46C188
7BEA8BF7
7D83CECF
9EE91030
E8F7AC59
38FCEE93
ECC059A4
42DFBB1B
36296ECD
40E3FC23
E981C7AD
07A4B9ED
37D715CE
6E258C32
24D4DE9A
9C6855B3
1164EC89
AD37D5F2
0996AB96
9F4357DD
B75733EF
EA6C1A5F
960E1FDB
774C5689
B6172429
3A929401
CB194BB7
D3B818C1
5D77E1C6
5CB1C146
B073437E
A5C23449
6C46EA84
5E61E76A
2045C434
0B0895D5
7FB6DE0C
D7420B25
7E03A947
2FDC1BF1
F15C1550
7A935AB5
7945F934
A8299D0A
1C38AEAB
CB69F319
E9F053FA
610F4DDE
E3E5E971
5FDF1C67
51664CAE
3180FB6D
8BD135A0
78BE90C5
4F7D6745
A61C1809
F2D49A7C
AFAA385B
B10B55F2
C7529BF3
898E5340
9A57F2EE
665FD338
4B4597BE
3EC7F2A0
7D5E0E93
0C330D7F
99366168
9937D2B4
805A1AD8
9BF3127A
BFD1A622
1609B73A
7D637084
93128B1B
2678D678
61F333BB
5ADA7B8D
22F1333E
B51C596D
65C096AE
9CD4E3F8
2241FE96
86D14DAE
8C48B311
74051E6D
58AB39AB
FB2E8342
11796C78
906FFAFD
DC12C79D
B39AD7B2
8174DECA
B661A521
2D27F8DD
863B49F5
769DCFD2
C4A2F33C
69F89AA6
5388F2C0
D307C31B
87DA1595
6018B82A
B08D06E9
138C5ABC
89660DFA
ED2D71BE
66FBF4D1
599524BF
566AC7EE
9874A06E
B062A913
3AE653AA
4CC217C5
C6C75F93
5ECD5218
37C8E2DA
1955F227
9DBD02EA
18506241
FE117D16
07386F5D
D6350EFA
B8261A41
39571298
962CBEFB
87A4DA89
F2217BC6
CD9710DD
EBF578BF
1B051F68
F1EC3FB4
704C215B
93BB38C3
2C683F55
C738D200
EE0B0434
B4C92CDE
15AE8F37
615A3545
734C75DA
3FF6F5D9
9D5D8078
2B77E465
CF7C078A
BDC08065
0CC27961
AAD28DBA
DF0CE723
DC1D93D7
7841B200
3BFB9790
4334E0EB
0F1A4E33
DE9CE960
0C75922C
13AC2CE2
38D7ECCB
2D09D194
906B8391
0F74788A
B0874055
2C6103FE
1D32F790
B91837C5
F51231C0
27E911F8
0AF7304A
6DD6176B
83BF43CC
01FC5F9F
FC203608
B0437AD7
02493380
A1D74E2C
2DDEAC03
3E1D3C16
1A78581C
01D807C6
BC37CA64
2E723FB4
4D0CDDFF
62A530CD
14AB9168
897573D8
180AFF23
500B8671
80808080
80808080
80808080
80808080
80808080
80808080
80808080
80808080
80808080
80808080
80808080
80808080
80808080
80808080
80808080
80808080
80808080
80808080
80808080
80808080
80808080
80808080
80808080
80808080
80808080
80808080
80808080
80808080
80808080
80808080
80808080
80808080
80808080
80808080
80808080
80808080
80808080
80808080
80808080
80808080
80808080
80808080
80808080
80808080
80808080
80808080
80808080
80808080
80808080
80808080
80808080
80808080
80808080
80808080
80808080
80808080
80808080
80808080
80808080
80808080
80808080
80808080
80808080
80808080
80808080
80808080
80808080
80808080
80808080
80808080
80808080
80808080
80808080
80808080
80808080
80808080
80808080
80808080
80808080
80808080
80808080
80808080
80808080
80808080
80808080
80808080
80808080
80808080
80808080
80808080
80808080
80808080
80808080
80808080
80808080
80808080
80808080
80808080
80808080
80808080
80808080
80808080
80808080
80808080
80808080
80808080
80808080
80808080
80808080
80808080
80808080
80808080
80808080
80808080
80808080
80808080
80808080
80808080
80808080
80808080
80808080
80808080
80808080
80808080
80808080
80808080
80808080
80808080
80808080
80808080
80808080
80808080
80808080
80808080
80808080
80808080
80808080
80808080
80808080
80808080
80808080
80808080
80808080
80808080
80808080
80808080
80808080
80808080
80808080
80808080
80808080
80808080
80808080
80808080
80808080
80808080
80808080
80808080
80808080
80808080
80808080
80808080
80808080
80808080
80808080
80808080
80808080
80808080
80808080
80808080
80808080
80808080
80808080
80808080
80808080
80808080
80808080
80808080
80808080
80808080
80808080
80808080
80808080
80808080
80808080
80808080
80808080
80808080
80808080
80808080
80808080
80808080
80808080
80808080
80808080
80808080
80808080
80808080
80808080
80808080
80808080
80808080
80808080
80808080
80808080
80808080
80808080
80808080
80808080
80808080
80808080
80808080
80808080
80808080
80808080
80808080
80808080
80808080
80808080
80808080
80808080
80808080
80808080
80808080
80808080
80808080
80808080
80808080
80808080
80808080
80808080
80808080
80808080
80808080
80808080
80808080
80808080
80808080
80808080
80808080
80808080
80808080
80808080
80808080
80808080
80808080
80808080
80808080
80808080
80808080
80808080
80808080
80808080
80808080
80808080
80808080
80808080
80808080
80808080
80808080
80808080
80808080
80808080
80808080
80808080
80808080
80808080
80808080
80808080
80808080
80808080
80808080
80808080
80808080
80808080
80808080
80808080
80808080
80808080
80808080
80808080
80808080
80808080
80808080
80808080
80808080
80808080
80808080
80808080
80808080
80808080
80808080
80808080
80808080
80808080
80808080
80808080
80808080
80808080
80808080
80808080
80808080
80808080
80808080
80808080
80808080
80808080
80808080
80808080
80808080
80808080
80808080
80808080
80808080
80808080
80808080
80808080
80808080
80808080
80808080
80808080
80808080
80808080
80808080
80808080
80808080
80808080
80808080
80808080
80808080
80808080
80808080
80808080
80808080
80808080
80808080
80808080
80808080
80808080
80808080
80808080
80808080
80808080
80808080
80808080
80808080
80808080
80808080
80808080
80808080
80808080
80808080
80808080
80808080
80808080
80808080
80808080
80808080
80808080
80808080
80808080
80808080
80808080
80808080
80808080
80808080
80808080
80808080
80808080
80808080
80808080
80808080
80808080
80808080
80808080
80808080
80808080
80808080
80808080
80808080
80808080
80808080
80808080
80808080
80808080
80808080
80808080
80808080
80808080
80808080
80808080
80808080
80808080
80808080
80808080
80808080
80808080
80808080
80808080
80808080
80808080
80808080
80808080
80808080
80808080
80808080
80808080
80808080
80808080
80808080
80808080
80808080
80808080
80808080
80808080
80808080
80808080
80808080
80808080
80808080
80808080
80808080
80808080
80808080
80808080
80808080
80808080
80808080
80808080
80808080
80808080
80808080
80808080
80808080
80808080
80808080
80808080
80808080
80808080
80808080
80808080
80808080
80808080
80808080
80808080
80808080
80808080
80808080
80808080
80808080
80808080
80808080
80808080
80808080
80808080
80808080
80808080
80808080
80808080
80808080
80808080
80808080
80808080
80808080
80808080
80808080
80808080
80808080
80808080
80808080
80808080
80808080
80808080
80808080
80808080
80808080
80808080
80808080
80808080
80808080
80808080
80808080
80808080
80808080
80808080
80808080
80808080
80808080
80808080
80808080
637A6371
53695467
F3E2F147
220680E2
F7053035
1C191D06
8402EF01
DFCBCFC1
E9CEC4C8
CFDBCEDD
34534054
3D4C414E
EEDEFC28
2032ECF2
11332D38
22302117
C7F8120A
DEDECB80
E5EADBF2
C7D2C8DB
FC333D61
2940EA36
E0E9F222
0A24E3DA
1C1C0B01
1A250620
DBE70B0B
D1D0D9DE
DCE9F8E3
B1C6DAEB
28502C35
C3DC843B
D9C0E300
D1ECEAF2
B70BE2E7
DFDDB6D4
CCDDF110
D7F0B3CC
B2C880C6
82C1AFDD
FA42F222
B60E8018
81B680DC
8083D8B0
828084B1
80F18381
B2D7D0D9
D1B78080
C0EFD4E6
84CDD9D9
82EC80B1
828482C4
80B382B0
DEC48081
83C482EF
83C88180
D284C1B6
80B280C4
C5DEC1CA
80B1B7D0
84818081
80808084
80DB8084
80808084
808082B0
80808180
80808184
8080C5B3
82CA80CE
80AF82CE
80808080
81848080
82AF8381
828380B4
80848180
80818082
81808082
82808080
81B780B4
808084B2
80808080
80818480
81808280
80828282
80808082
84848084
808080B5
84CEAF80
81B3B583
84CC8080
36412F51
FF293D49
E805F72D
8182FD24
26FF8480
272C2225
27474A3D
04220805
84B4E50B
80B180E5
5B6A5865
5761556C
556B5F6D
586E5853
595F4F61
617A606E
5E735D76
60725A71
4160536C
011F2741
406D3A68
5A755E5A
57685169
56665C64
4E695770
515D4D64
55664D65
48645162
52505267
10332E5F
4B5A4E6D
4B694C65
4C4F2960
505E3F55
3C605162
3E594464
42613A49
335B4664
4B593A52
112E3859
40551547
3D30F650
3D5D4050
3C5A4B63
3B573D48
2C4D3956
3836FF48
34473D4F
4A4D2353
F80E295C
254E383A
31562D48
40563C3C
20502246
1331F731
08332134
223A1434
0A3C1636
FB4F393F
CF11112D
39508317
8326CE2C
E41FAFF4
03482E44
0E31C819
0144032C
0A472942
1730FA2B
E43A363A
8001F318
F8328426
E9F2800D
2A43F83B
F727C24A
8404E62A
C8268123
84FCF330
80C2C2F7
DD1F80E5
D6DFB314
80018380
B50F80E5
80F5B72E
D91284EB
80D7831D
8019B181
808080D1
80818081
80EF84D9
80F9E8D0
80838080
828480EA
80818382
83F48380
800FF821
80808180
80DD80B1
808480D0
82EF8080
B6F48307
80838180
80848080
80828381
808081EA
84818383
80808484
80808080
80838480
84EF8382
80818080
80828080
80808480
80848080
83808081
80838180
81848082
80838082
80808380
84D18283
828083AF
80838480
81848080
81808280
80848084
84808081
80828380
80828280
80808080
81B38480
80808080
83808480
83818084
83808084
80808080
80808080
80838080
84808480
83808484
80818480
80838284
8201EAFE
8380842A
80808080
81848084
83808082
80058080
834A463D
83203D44
80808084
82838082
49605A58
F7473E57
808080D0
80808480
80838081
4A66563F
576C5765
80475469
83808082
1D1DF8EC
4A695559
425F4F6D
424A404B
83B50255
425A3E2E
4F705968
5C705F6C
11544D6C
D01081DD
3B463621
526C4A58
54625772
56604554
2E534361
5E675162
60746672
616E6076
35675673
1E34F221
42594C4D
4A614150
465C5D70
4C5C4763
45534F64
4F665269
525F5674
4B5F5068
195C5467
3534F912
3F605864
2E4A0A4D
5867505F
3F5B4E67
4B544C5D
4C675660
48553D69
36524261
2D583E53
455B3B2E
3C6B5053
3A4E214C
555E253C
4B62495B
49614B5A
51695060
3D443466
0F50425A
256B4755
39594328
345E3F4F
F733C44E
09382740
2144354A
1B390F3A
E5402D47
82FE803A
C0E68004
3442D735
4F634B52
0C533C51
B31F8232
80E8B2FC
F931B209
FD2FF63B
2F310834
8082801A
80FA80D8
5D623933
606B5479
52634471
80078280
82E784B3
DD1380E5
102EFB44
F037B00E
848380D4
80818080
4B470818
51604E6C
56634C6E
80848080
80808180
80848480
83F7802E
808081D2
80848080
83C48280
33480481
4762495E
46523D5E
838080EF
80808080
80CB8283
82808024
80ED8380
80808080
80808280
21138480
475D354C
45583450
80848109
83838180
81D68082
84D58416
848281E3
83828080
80838080
DCE38283
2449213E
2F4C314B
808083F3
81838480
F1F78280
82F280FC
8482C612
82808082
84808182
C3E78083
34412E48
27462F51
80808080
80838382
80808080
808183EE
82848482
80808281
84808080
E7108080
233BEE2B
1D3E1239
80848380
80808084
82808082
84828180
80808480
81808080
83808080
83808080
0B1C802D
273A1A44
80808083
83848480
82808483
80808082
80818082
80808080
80808480
80D18080
F430D718
224D0A32
81808382
80808081
83828080
80808480
81808383
80808083
80808084
83808083
800D84B0
FAB0C8FA
80838080
81818382
80818480
81808282
82838280
83818084
80848080
83808080
80F88280
848082D0
80808080
80808084
80808080
80848082
80818083
84808082
80838484
80818080
80808483
81808080
82818280
80848380
84808283
80828080
84808080
83808281
80808080
82828480
80808081
82808380
80808181
80808180
83808280
80808380
80808080
81828081
84808184
80808482
80808081
80808082
81808080
81808080
80818080
80848080
80848080
84808080
82848080
80818080
80808080
80828480
83838483
80808082
80808081
80818482
83808080
80808082
83808083
80808282
80808083
81818082
81828080
80828083
80808281
83848080
83848280
82808083
82808080
83808080
82818080
82808084
81838082
81828482
84808280
84848380
82808080
84808080
80818283
80808083
82838480
84808080
4F3C4C65
41373347
44383C51
36424B4F
FE171E4C
121008ED
F9071609
EBF5FCED
0A0CF7F8
EBFCF1DD
3E37103A
23402F49
332D3244
2D382D33
161D0F46
F80D0A17
E7F30702
FDECE6F9
F8040202
F0FDF9F2
293A333D
2A281531
343D383D
32303C46
0C0B1947
001A0427
E0070608
FCFFF6F9
EFF9FDE4
FF01EAF0
F8392004
25423837
27313846
02112C44
0B12073F
E614050F
F1F9F9F4
0A01E6FE
D8E4E004
DE07FFFA
FA372941
35403341
0B2C0D47
0F3B2239
EF1A1728
1408EF18
D9EBF1F7
DBE1E9EA
C8F0F0FF
E7F6EAE8
DC0D11F0
2A3F101F
16340633
252BF032
F42E212C
D4D2F005
ECF704F7
E1EEB3F8
DBE6EA0D
E6EDF7FF
14432827
83382E32
19290421
0628FE19
E3200527
E8D2DD0B
DC04F4FE
F9FCC3D0
F0FAB4DE
E2F0D2ED
16370A36
1A432630
801B0A2E
F00DDD13
EFF6802A
D7F6ED0F
E2E2C506
E5F7D2E3
C8E284F8
D1E3B5E6
1F0C213C
112FF738
022BF70E
FF0CE223
83D2DF26
B0EBD600
80DFE4F4
E2F5D8F8
B2D9C4E2
CDE2C4F6
2021E526
1723FC35
FA34B419
070AD618
EA24DE2C
E2FBF4F3
B5E9E2ED
CDFCD4F0
B6E3DEF0
E3EFB4E6
E316C531
0536253A
F0370035
800EE921
E413D812
80F2E3F5
B6DFC2CF
80CDD2EF
80B380B6
C6E8B2DF
80DFF435
1239800A
D8260CF7
B007800C
0A11E420
B7DCB0F4
83E7C6DD
B1F1CCD2
C6FEDFF6
C6ED80D6
17340012
123B032A
CF26F93F
FE048402
81E2E120
D4E380EF
B6CAC0F5
81EBB3E0
C2ECE7F1
84DBB2D9
2C26E303
810A033A
0408072C
F0FDB20B
B4DB8021
80EF82F4
B4F5F1DD
84DB81EF
83C4B3F3
80EAC4E9
802DCF25
EE152446
F9E9B5F3
E21B831C
DDFBB614
81D18403
80DDD202
80E380CF
F6C182F1
80C8C3FA
FE15E6FB
F1D8244C
F91DD91D
D81BE513
82E1C317
B105E6EC
D0DEC4F3
80C480E7
CBDB80B0
80E1B103
0B2D0627
FE00113B
FB07080C
D0B18109
80B7B40F
84CF84B7
CCDEC8C3
808383D7
C7D880C1
B5DB83EF
821F1421
80F08283
EB19E2F3
C102C6FB
80D0830E
B2E180CD
82E881F2
84D7B1CA
80CF8380
CFDC80E2
801B83E9
E907B280
E503821F
B50A80EE
CBFE84F9
B0B2B2FC
D1CC84EC
80D180E0
80D48180
838482CB
80121228
03128009
FA15FB1C
CCE280F6
82C5C50F
80DE80C5
80EE80D8
AFD380CA
CCC682E4
82B283C7
B5108200
B63108E9
D52FB0F8
C4290BF8
B608FB12
C2F482F2
C0F0B416
84C183CE
83D184C4
CFB580D2
8021D71C
CAFCE307
D80481EA
82D180E1
81D71321
D7FACFEB
84AFB6DB
808082D8
1BE2E707
C2E58003
8015E821
0A16B0E1
FCF4841F
0911001F
09092C40
C0E08010
80D680FF
808082EC
41222B3A
CBB1B622
46615C76
2A4B3950
EE19042E
0B01EF02
F71F2142
FEFB0125
C0F3DF28
81DED8FA
372A1220
D7F1840B
4A755770
2A3B2255
2117232D
11411E40
03292F34
04ED0F2F
B4CED71C
C606C3F7
0111D2F1
0C1BFA17
4561506E
0F3C2C56
20FCD71E
16492640
10242636
011806F8
8200D20E
8014B6E4
2128B5FC
21312026
475E4361
242C2E54
3F3E102E
2F4A2748
C8063D4D
03110327
ECFDDB06
F605D930
282C0A07
162F1929
4356435A
151A8257
25512F36
454E1B3C
1E372741
E3111A34
113A0600
EEB0D326
FC230301
0E332125
57614559
5A745D6F
5468505F
5B705A65
4B6B576B
4712314C
566B4B58
1430404E
203B2D44
3B5B596D
41593C50
576D5858
53715166
3C6C5562
3E4D1834
493D2E4E
515A4460
044B5058
42623A2D
4E5F4051
2E4E3A51
355E4E60
445E454E
0B594F51
2633EB30
3C561C33
4C57343D
10482B4B
26473222
21523C49
2A422749
49574561
53644648
8153455C
D8D68382
2D32022B
0C3E234B
1538152E
1B480D1E
2E5C2831
0927202E
43593859
4760404B
80F5B654
80818080
180CB20D
80291E3D
D11C80D7
D92C81F1
E72F1F2B
1D302910
1041DE33
1558494C
80F38132
81808080
82EB8280
802182EF
812FDD16
80F08380
812DF4F9
80828480
D844EC38
842B3B50
838080E2
80828181
80828080
80F3800C
80068082
83818483
800C8080
F4848080
8127D13B
842DFE2B
84818081
82808080
81808080
80EC80DC
81EC8380
80828080
82DF8080
80808080
80F98281
8180CC26
81848081
80808284
82848080
81D98280
80F8C684
80838081
80148180
82848280
84838280
808280F0
81808380
81848082
80848280
80808484
80808280
80B08083
80E18180
81838080
80808080
80808080
80808480
80838180
82848080
82808380
848382E3
80848080
80CB8081
80808081
80808081
83808080
81818080
80848180
80808080
83848280
80808080
83818081
84808384
80808082
84808382
80808482
82818482
83808080
83808480
80808081
81828081
84818284
81808280
84808083
83808080
84808184
80828080
84828380
80808082
82848080
80808080
80808381
80808084
84828083
80808080
80838080
80808380
82848080
80838284
80808280
83818083
80808181
80818084
80808083
80808080
80808380
83808381
84828280
84808080
80808081
80808080
80808180
81808384
82808480
80808080
80838380
80838082
83838080
81828080
80808080
84808381
82808380
80848080
80818180
84808284
80808080
81808080
81808182
80808080
80808180
80808080
80808080
80808080
80818281
80808480
83808480
81848083
80808080
80808084
80848084
80808083
80808182
80818080
80818184
80848083
80808081
84808084
80828080
80808080
81828380
82808280
84848080
84838082
80808080
82808280
82808081
80838084
82808081
80818380
82808180
80808080
80808080
80808180
59716976
4F6B566F
F4E3E642
231180E4
F60D2D38
1E0F2504
8004E6F8
D6CCC9BC
E5CABFC5
C8D8D1DB
3350455A
44473C50
E5DCFC2C
1C2AF0F5
192F2635
2927251F
C001110B
E2DBD188
E9EDE0F2
C4CEC3DF
F92C3667
2547ED34
E0E9ED24
0721E8DC
191706FB
1023FE23
E2DE090E
CBD5DEDA
D3E1FFDE
B0C8D9E8
25512839
CCD98439
CFC5EB06
DAECECF4
B00EE1E4
E3D8B4DA
D0D6F114
D0F3BACF
B7C587C0
80BFAFD7
FB49F222
AB048324
80B280E3
8280D5B5
858180B4
88F48083
B2DBCBD3
D6AD8085
C1ECD9EA
88D0CFDB
80E880BB
878780C8
80B980AE
DFC78081
83C280EC
85C78380
CC86BCB0
82B386C2
C0D4C9CA
80B5B0CD
80828082
85888080
80DC8480
80878081
858580B2
80808080
80808080
8182BEBA
80D188D5
80AD80CF
88868680
80808783
80AB8086
828086AE
80888581
80818083
86888085
80808380
80B885AB
818780AB
80808280
80888380
87808180
80808080
80818085
80848780
868380B1
86CCB284
87BAB683
80D08080
313F2555
042B4445
E711FA27
8081FB21
2D048083
21332723
2045493D
04260909
80ABE90F
81AC81DF
5B6D5066
5A635269
4B71596F
61654C53
615D5357
5B6F6171
5D756176
656A5D73
4063506B
051C1D4B
4A6B3865
5D796059
58684E72
51685C6A
53605A70
49645668
50695462
426A5769
4E5A4967
13392C62
4A5C5474
476C515E
50452B61
4C5A4552
3B615668
3E574864
475E3345
2F564163
515F444D
11323C5C
4855194A
4233F649
49553A53
335F5265
30563645
2D4A3553
403F0347
3A4A3A55
41431954
00103063
23483241
2F582743
3C514135
254C243D
1935F336
FF312539
22411429
103B1538
02482F43
C60E0927
384C8012
8632C732
E323ABF7
FF50313C
1431C021
02490529
01431F3D
1426EE32
E63A2D37
8500FA21
F631882E
EDFA8017
29390142
F323C84C
8104DC23
C7208528
8001EF31
86BCC600
DA1C86EB
D3DCAF1A
80098485
AC1880EB
80F6BA30
D21881E5
87DB8028
8713AB85
808480CA
80878586
80F288E1
87F7E6C6
80808087
808085E5
80828080
80F18087
8814FC27
80808880
80D580AB
858080D1
80E68083
B7F88803
80808081
80848083
80808082
808084DF
80878087
80848080
86858586
80838083
84F38085
82808080
80848787
83838080
80848080
80828580
80838780
86878080
88808787
84808080
80D08080
868082B3
80808080
80868380
80868084
80808183
80888080
80808080
87848080
80808780
82BA8080
80808087
80818080
85868880
81808586
80808580
80868084
80808788
85828083
88808682
81828083
86808280
8704E8FF
80808022
87808080
84858080
80868080
80FC8585
804F3A40
801C3C3E
80888280
80888287
4B675D57
FE4B3A5C
838486D4
80808280
80848083
4E6A5B38
546A6269
854A586F
80808380
1A21F6EF
50685156
41644C6C
3A4A3E46
80B1FF57
43543B2D
4D6F6561
5E776171
15545774
CC0880DA
3E412E25
556F4D4D
4B64596F
50655156
2D5C3F65
5A685465
54736976
5677597D
2D605169
202BEB1F
3F514B4A
47663B53
4B5A626F
455D4562
435C4D68
5B6C5566
59625275
435F5466
1F5D516E
3237F218
475A606F
364E0346
5D5D4D63
3B594C66
41504861
50624C5C
485A426B
3C57375E
375A3854
3D58362A
376C505D
3D54224F
56642A40
4E674454
48645659
54684B63
34432F6E
0E564958
1E673E54
3254482E
2F58384B
FD39BF53
0D35234C
20402F4D
1B410730
DD382D3D
80008533
C7DB8005
3441D12C
4B614F58
0A54414E
B21D8538
82E7B603
FF36AC07
FD2CF93C
3231022F
80808720
80F780DB
556B3A34
6669587B
4E664870
870E8380
80F080B7
E00B80E2
1C35F444
EA3CAB12
818080CE
81808780
4C480619
565C4C6B
53634D6C
87808880
80808082
80808080
83F08830
838480D4
80808086
80BF8780
2D4C0187
415F4058
48503863
808080ED
80808081
80CE8287
80878028
80F28085
81868180
84808283
2D118080
425D3D45
4258384F
80808005
83838580
84D38185
80D5801A
808084E0
85808480
80878780
D8EC8080
20531B45
3750354F
808680F9
81808180
EFFB8080
84EF83F8
8385C215
86808080
80838080
C0E68082
383D2449
22492A57
80868680
80888080
80808781
808480E6
86808087
84858880
80858080
EE0A8081
2142F234
1F390C31
83808086
80808080
83858784
88828080
80808280
80808380
81818081
80808080
011A8539
223F1A41
80858080
80808080
88828682
87888082
86878087
80808080
80808083
80D48080
F536D31D
1F43102E
80838080
80868783
80848480
85868887
80808386
80808284
80828480
88808580
870981B5
FFB3BEFC
85808080
80848880
80848083
80808080
80828080
80878080
80858086
88808280
80F68680
808380D3
87808080
80808080
88808080
82818080
84838286
86888385
84878080
80808180
80808788
80808684
86808480
80808080
88808188
82808083
80888080
80808085
80808781
80868080
80848086
85808580
85808080
85808280
85808080
80808086
83878288
85808186
82878088
80808082
80808082
86828080
80848382
80808387
80808088
80818680
80818183
88808484
82808080
80878080
84808380
80858787
80828580
80808084
81858680
88808680
80828080
86808085
84868481
80818083
80808780
84808883
80848584
80848085
87818087
80888081
80888083
85808087
86808680
81808381
83838388
83808580
83888080
80888280
80808182
80808280
80808885
86808280
80808383
83818080
80808480
80818080
4B465563
45333C43
48334353
3A414B50
FD152452
070908E6
FF051B11
ECFCF8E7
0E01F8F1
F002EFDF
36390D3E
2037304A
372C3741
27343234
1B19114E
F6140B11
DFF20CFE
04E8E2FD
F80A0804
F802F3F3
273D333D
292A0E30
343B3F3B
382B3442
0C091846
031C0727
E5000A11
F3FBFCF3
F1F2F6E8
02FEEDF6
F6411FFF
2E4E3A34
1E373D44
FF0C3341
0B12083F
EE1A0310
F9F6F4F8
0C03E1FC
DCEADBFD
E5020000
FF3D2F3B
3B443843
0D270B43
0C3C2733
EA151422
1902F615
CFF1F2F7
E3DEE4F0
CCF0EB02
E8FBEFE9
D60E17F3
2F400D19
1C340F31
2935E632
F22B1F27
D2D4ED03
ECEFFEF3
E5EAB8EE
E0E6E209
E9F600FF
12462426
80312D2D
1232001E
FC2EF714
DF210232
E7D3D908
DF07F004
F100BCD3
F5FFB7E1
D7F2CFF8
0C2E043A
1D3F2A3B
84230127
F319E616
E6F2801F
D7F8EB17
D8E1C60E
E3ECD0E3
C4DF80F7
D1EBB0E4
26131F3C
112EF936
0130F219
FD08E921
82CFE226
BAF4CFF7
80E0E0F6
DBFDD5EC
B3D2BFE5
CBE9C3F5
262AE522
1E29FC2D
F935B013
0302D717
ED26DB2B
D7FDF9F9
B4EFDFEE
CCF7D0EC
B2E6DFF5
EAF8B8E3
E213C337
FB2E2133
E63AF92F
8005E325
DF19D515
85F3E6F5
BBE1CCCC
80C8D2ED
80AD86BA
C1F3B4DA
81D6EF33
173D8008
D82809F5
BB00850B
1012E122
B8D9B9EF
80EBC2DE
B3EBC9DA
BFFBDA01
BEEE88DA
1B300511
14390933
C932FE37
FA0781FF
80EAE11E
D1DA83F0
B2D4C1F4
85F0AEE8
C0E3DFEA
80DDBBDC
2B2ADFFE
850F063B
FF080F2B
EBF6B007
B7DF801B
80EC80F9
ADF3F1DF
88E183EC
80BFB7FB
80EDC9E4
8032C71F
F5162441
F2F1B7FC
E11F801C
E0F7B110
81DA80FF
80D5D501
88E682C8
F7CA80F2
80C5BFF6
030DE6F6
EED42F48
FE1CD727
CF22E107
85DFC311
B402E5EE
C6DDC7F3
86C680E6
CADF80AF
80DDB2F8
0C290D2F
FA050837
FC060007
D5B48701
87B8B21A
80CF85B6
CAD7CABE
888080DC
C4D880C7
ACD880EE
80211424
81EA8080
E61AE5F3
C8FEC6F1
85D5800E
ADEA87D2
81E880F3
84D4B6D0
87D48080
CEE380DC
801780E5
F0FDAB81
E204801B
B80B80F3
CB028004
B6AEAFFB
DCC680ED
82D482E0
85D28488
808083D0
80080925
04108402
F30EFE19
D1E181F5
82C7CA0B
80D780CA
80EF80D9
B3D480CF
C6C682DE
85B780CA
AE0C80F6
B72908EC
D22CB4F6
C32B0AF7
B7FDF819
CBFA80EC
C9EEAF1C
83C280D2
80CE83CB
D4B680D4
801ED318
C902DB00
D4FF80F3
85C780DB
82D90C1A
D6FCCBE8
81BBB7E0
808080DD
20E7E202
CBDB8208
8018EA26
1618B6DF
FFE98019
0D11F71C
0A0B2E36
C5D9840E
83D78000
808280E9
432A2E3F
C8B3AF22
455F5A79
2D553956
EF1C0131
130AF104
F925263D
06FDF61F
BFEDE334
80D3DB04
3123191D
E2F08404
53715B7B
26431E5C
241B1C2D
1643173E
F92C3237
04EA0E2C
B9D1DC21
C001C1FE
060AD5F0
071E011D
41654C6C
10372F56
1FFED31D
134C2149
0A222238
FC210AFE
8006D710
8515B9E2
2122B906
242F2127
445F3F61
222A314F
46340D28
30481C48
BD0A424F
00180828
F300D801
FB0DD738
2A310F05
18291C22
3D503856
0F1F8054
1E533438
404F2338
1D2C2A45
E315142F
133404FE
F2B9D624
011D0406
092D2728
4E5E4051
53715870
5A6C4E64
5F784F66
546E5B6F
4B102755
55654152
122D474E
1E3E3044
45605468
3F5C374F
55696152
5270506A
41715165
3D4F1C30
503B284F
51633A5D
084D5957
4C673D2F
445B4051
38473E4C
39644F5C
44553E53
155C4F55
2B33F226
4356243B
4A593542
194D314D
26443E1D
29534449
28422342
4D544267
58623E4E
81524358
E3CF8085
332DFF25
183E2A51
163B1526
23421214
34572F31
0D2D1F31
3D524161
4C633F48
80F7BA56
85808488
2006B514
80251642
D21680DB
D43187F1
DB3A1526
26382F0D
0F3BDC39
0E5B4054
80F08726
84808785
80EF8380
801D80E4
802AD811
80F18780
8832F6FD
80808080
D147F537
802F3E54
858487E6
82868480
82808080
80EE8015
870E8082
80808080
80148480
E8808780
801CC83B
8333FF29
83808083
88838480
88808085
84E383D9
80EF8180
83808084
80DE8487
80838083
83FC8084
8780CE29
87808080
83808080
80878081
87D88086
80FBC886
80808480
80108688
88808782
80838080
848680FC
82828280
80808080
81858181
80808480
80888381
80B28386
88E18080
81808180
88828080
86848088
80808084
86808080
88858380
80888285
838080E7
83888086
84C98480
82878088
87818087
87808180
83878080
83808782
80808680
80808085
80808280
80888080
80818882
84818480
83878086
86808581
80838880
84808286
82808680
80808084
80818080
80858080
80858480
87808080
80838087
88808280
88808085
84808380
82808280
81808180
84808080
82808881
80808084
80808083
80808080
87808085
85888687
84808085
86808085
80808082
80878080
80808480
83868780
80868080
80858780
84838080
80818081
86858080
80808681
80838580
85818080
84868780
86808484
80808485
80808483
80808587
86808088
80808087
80878380
83808480
80868080
84848080
80878883
87808280
85828085
86868086
84878780
80878683
86878185
80818687
87888080
80808684
88838080
80838582
86838080
80808685
80808088
81818080
85808082
88808080
80808080
86808080
83808685
80848480
87808080
80808080
80808087
82808483
81858080
80808486
80808080
86808080
80878580
88858380
80808381
80808080
87808081
81848080
80888082
80808085
82858086
85888084
80808080
607F6C7F
57645E6A
F3D8EB44
230B8CDC
FB0F262F
0E20120E
8002FCFF
D0BFD5C4
EFD1CCD0
CBE3CEE4
44433946
3351474D
F3DAFE27
2A3FFCEA
213B2A31
271F2E17
BFF91409
E7DFDD80
D9F2D2ED
D4C3BDE5
0029396E
223EEB3D
E6E5F12D
0E22EFD8
0F1F0DF2
201CFE15
E6D40D02
C8BFDFE1
D6D805DD
ABC5DCE2
2A5E3631
D3E78037
D9CFF104
D7FAEBF9
C014DFE1
D1EBB1DB
CFCDF718
E0DEBDC7
BFCC80B8
80C1A3EB
064FF61F
B715880C
80A68AD3
8080C9A7
808280B1
86E4808E
A9DFDBD4
C7C08C80
BFF3CCD6
80DCD3D3
8AE480C2
848980CC
80B488BB
E2CA808D
80D28DEF
80D38080
D280B8BD
80B087CE
CAD6CADE
8FBDB2DB
82808090
808D8080
83D78080
8D878080
858085AA
808F8F8B
80808F80
8383C2AE
80D78DBF
81B180D0
808C8C80
8F818080
80A88080
82818FC0
8080888F
8082898A
80898E80
80858790
80BE80B5
808C80AB
8B898280
808A8A80
80828280
80828080
80858080
8482898D
808082A3
90C2BC88
86C3C383
80C48080
323B3545
FA27354B
F615F024
90800625
28F38780
31252035
32343F38
05120E0C
8BBAE016
87A98ADE
6B646372
6158527A
5B6F5679
6468565D
5E62445C
5A735965
556E6769
626B5F7F
3F55476A
062C3145
3C5B2F60
647F655F
46774770
4A5C6963
5F61557F
51654870
60774155
3C5B455D
52514C6B
0C292A5D
53595279
506B4D63
395A345C
3F5D315E
335E4D70
3B5D436E
4B672847
33534258
4F594D4F
19352F65
3357203F
4035014F
4F4B3659
3F61546A
424B453D
34572949
382FEF49
394D3651
56552654
08073755
34583730
2D50253E
415A2F32
1D511B40
141F072C
03273032
2547103E
03381C31
FF4D4032
D9031725
30568C0E
801FCC20
EF25B3E9
003B2051
0237D01B
F550FE1E
0546192E
2130EA2A
EA323134
80F1E80A
EB279016
E7E7820F
1C42F841
EB23B645
8007EE20
B825891F
890D002B
83CCD407
D02E80DE
E3D4BE0E
80F88089
A31780EC
89FCA339
C80780E8
80D58720
8013A781
808083D9
85808080
80F183E8
8AFAF0DB
85808990
8F8082E3
80838A83
85E18680
8F19F932
80808180
85D690C2
80808EC3
80E1808D
C1E98A14
80808090
90828280
80808080
808E80EE
8E85808E
8F808080
80808183
80808080
8AEE8080
86808D80
858F8980
80808F80
80828089
80808080
80808485
80908089
8A80808C
8A808090
80DD8080
808684AF
89908080
80809088
8C808088
80808D80
80808683
898C8D8F
89809080
808D8680
81AF8F84
85808080
88808082
80868085
8680888E
808D808A
85808483
82838780
80808083
80898080
80859080
80868085
800AFCF9
8A80801A
87808080
8D808080
8B808580
8E038080
804F3B40
801C2E56
8D808880
80808083
59534757
03513169
808085C0
89878085
80808B80
39645140
646E6971
80375666
868A8080
311804F9
4A69645E
395F4D60
51452D47
83AD045F
3B553839
45616466
56615973
19604176
D6FF80D4
284E3B1F
56724E47
405D5562
59554D50
325F375D
656D3F6F
517B617F
677E5D77
396A4C76
1520E716
344E4D57
4B60425B
52525C62
555C4F69
41585855
4E56605C
48526371
3C545764
0A554169
2A2EEA0F
48634F6D
2E4B0A46
625A5755
3F525168
47484266
435D5553
434C416D
3740306F
274D3546
3F5D4439
36584A4F
3E4F184D
6064374B
5A653868
5468454B
505C5F63
45503775
14494E5D
215A3D4A
41673532
3A4A3A52
F237CA44
13302438
25502B44
0F350238
E0463644
8D008132
C9E79005
2A48CF35
40644163
174D3D59
B611803D
80E7BA0D
FB2BB8FF
F035E847
29400422
8080900C
8F0980D8
5163353A
59615D6A
466E4E61
8B108180
80F690B4
E32083DB
0C20F93B
E53EC001
808083DA
87878080
5A530A24
565A5C79
5A644469
90808E82
80878C8C
80848A88
80028B32
808080C3
80808080
8CC58689
2C501280
59664F63
3266316C
868180E9
83808080
80C98080
87808834
8AF28080
8085848F
84808680
231E8080
4A612949
4E463A47
808C8FF8
80808081
85CB8080
80C78714
808280E9
808A8080
85908089
E5F3808E
3048314E
2C563A56
809080F1
80808090
ECEC8080
85FD8008
8080C80B
80908281
90808080
C8F68080
28542A47
2D403D4F
80908380
808D8085
87808080
808090F8
8F908089
81808882
80838188
E111808C
1D2CF831
273D2432
808F9080
8A808080
8A808B8B
8080838C
80808080
80808080
80808780
818A808E
061F8026
183B1B3E
80808080
8F80808F
8A808080
82808E80
8080868C
82808580
8080908B
88CE8180
F540E327
23480035
8A808088
8A8E9080
868E8F80
8483868F
87848090
8081808B
80859080
8880808A
850B80B3
EFBFCAFF
81898780
838D8F8E
8C808080
80808080
80898080
80818087
80818080
83808080
80ED8080
838080DB
80808C88
80808A87
8080808A
8886808F
80808783
80808080
8085808C
808B848E
83808080
80808080
848D8589
8B848780
8080908E
80898087
888E8082
89808085
8B848081
80818090
80808089
808A8086
8F808D80
8E808080
8B8C8789
80808B8A
80838082
80808184
80808980
8D80808C
8A808A80
80868E88
808A8D80
80808380
8080808F
80808180
80828084
8F8E8082
90808080
8580808D
82808883
80808085
808F8090
808E8080
80808085
80808080
8080818E
80848885
80808C80
80888080
8080808A
808A8D80
8C808080
80808080
868E8080
808F8A80
80828088
808E848E
8080808D
8B808F85
838B8880
80878080
80808080
80888080
8780808F
80808E80
878C8680
89868080
80808080
808D8080
85808280
80808080
5B4D4461
36322F49
4A3C4B58
49414151
0E1A2747
1A1010FD
050D1312
E602FEF4
0101E5EB
FDFCE4CF
3A430D38
2B4D394E
2638264C
3F49372A
07120D4D
EF040C1C
F0E707F4
01E1EDF1
06101301
FCF5F7F3
24402C37
28261039
3134353E
342D4A52
0F0F2945
081C052B
E2151403
0611EBFF
F5F4F2E8
F601FEF7
F13F13F7
26554436
24243D4F
11094041
F71A1134
E51C0205
FBF5F0ED
0600DF0B
D9D9E40B
D2FAF9EB
F8452F36
303F2735
05301243
163D2045
F3180934
1113F816
D5E5E4F5
D4DBEEE2
C1E7ECF7
E0EADFFB
E61C0B01
304C1F0F
0725FF38
1F22F729
FC2A1925
D0E3EC05
E2E90706
EAF5A4EC
D8EBF103
DFF8FE0D
224B3135
87303137
192E0B26
031FEE1E
F2110C2C
ECCECC14
E01202FB
030ED0C3
FDEBA5EE
EE00BEE3
1C310536
153C1543
8413021F
E821DC25
FAE28021
DAFAEC17
EEE8C4F8
E6FED3D1
CCE980F4
CCE9C0F3
29092C32
04310144
0F34F812
FC10DB10
81D2DA38
A9F0DEEF
80E6F2F1
EAF6CAE6
BACDCED7
D3D7B4FF
2E19E936
2A25F634
022CB315
1804DB15
ED13CB20
D707FEEE
B1F8F2F2
CA02CAF0
AEE9CFF5
E3E6B2EC
DA1AB432
FA2F3333
F43C1133
8D07DF28
E51EDE13
8002DDEE
C0E6C1D8
83C6D9FC
87BF88BD
CFEFB0DB
81CFE741
20468014
E124FFEA
BA0F8018
0E19DC21
ABE9B2FB
8FE0BCCC
C0F9DCD3
CF00E8F6
BDF180CA
0C31F524
1D3B0C22
D71FED2E
FF0390F9
80EAE625
D2DC80DE
B6DEC0FC
80DEC1D3
D4DCE8E4
89DAC3CF
2328EDF4
87170839
FDFB0E2B
EE0CC11B
BCD98019
8EF481F2
A5EFEBEA
83D780EC
8DC8B6FA
82E2CBF5
8026C92F
F6182C52
00EDBBE4
E01C8014
E2F8AA05
80E08A0D
80D7DDF1
8FD784CF
08D488F0
83B6CEEE
F20AF0F1
02D13248
F230CA28
C629DD04
8EDCCC0C
A70EE6F0
C8D1D4F3
82B880DB
CED480B9
86D4ABFB
FE330523
F9F91843
EEF408FB
C2B58001
80ACB621
80D980BD
D3EFC7C5
908A80DD
C3D480BF
B0D384E5
902D171E
80E0808C
ED0FD3F4
B5F9B706
80D68C01
ACD586C9
8DDF86FD
80E2B1C4
81C68080
D7DD8CDA
801C80E6
E80BBC90
F4FF8013
AA1680F9
CD0B8002
AFBFABFA
D8C08EE9
8DCA8ADF
87D7808E
8E8A80D0
8A1A0C28
FB168012
FD15FC18
C2E68804
86BFCA12
80E080CD
81F180CA
B9D489DC
DCD185EF
80B880CF
BB0A80F9
AC3FFDF1
E429BD04
CB2A02F7
B70D0114
CFFD85EC
D3FBBD19
80D480DA
80DF80B6
D3B187C4
8724DB0E
C507DDF9
D70782EE
88CC80D2
80CE0D17
DE08C4E3
84A5BED2
80868ED4
20EDF412
C7D48510
8C11E61C
121EBAD6
E9FA801A
0E01FD1D
070A342F
B6ED8004
90D880FB
808080DE
46211B42
C6A9C31E
3A68606A
324D2E56
E1250736
0CF7FDFC
031B2041
0DFD0929
BDF1E832
86D8DFF5
251F2129
D7EB800D
426E647F
363D1C55
0F213333
1C3F152F
FF27312A
01ED1332
BED1EA24
C40BCA04
0DFFCFF3
0E2A0407
4A745862
0E343862
2AF6C828
243E213B
0826272F
071B06F2
80FAC51A
8020B0D3
311ABBF4
22362D2D
48673E68
3432364D
4E3D1130
295D1F59
C206394E
FE130716
E705D015
0618DD35
232D14FD
1B252021
4048465E
0D1C8B4F
234F3B37
4B4D2633
18312341
F11C1A35
153C03F9
E3C3CB1E
FD311305
1E391E1C
49574960
64636961
636C4060
6B644B6A
505E4B6A
46222652
51664E59
0833455C
1830254F
435F5E72
4B544E57
5B7B5761
4A705A67
42766557
4A552146
3E3A2C5A
48624353
FB394B61
565C3C24
465E3858
28582F45
3C556056
4C4D4759
0A58465C
2239FA2F
37631C44
4F5B2A3A
1E4E244A
1A3E391D
355E3239
26461B4D
3D62475A
62574D55
8A4B3669
E2E28080
263EFC18
10492D43
173A2023
294F0013
355F2B25
0135112D
43583060
44614B45
8005B555
8C8D808E
2109B0FF
80371C30
D61781D4
E73E8EEC
DA422B2F
0F2F2D14
0737E633
0A683D51
80F38031
90808C8B
80F58084
801780F1
9024DB09
80FC8680
8A2EEF07
8F80878F
DA36FC44
8024275D
808989D7
8F808080
80848680
80E0860E
8A138080
8A808380
87178085
E7808080
822FCA3E
8C39F322
8F848080
80828C88
83808080
86F180E5
80E88088
87808087
80E48080
80808480
80EF8C80
8080CF23
80808680
80808084
80808387
80E18280
80FBD280
8C88898A
8D1E8082
83808C80
80808083
808085E8
8C808089
80808A80
8D808F8A
8B828080
80808080
80B88082
82F28080
848C8283
85808685
8786908B
80808084
8080858F
808B808F
808B8789
858085F1
89808880
80C88083
808D8B80
80898689
808A868D
80808480
80808980
80908880
8D808080
8889808F
86808084
85808980
8B828F8C
818A8680
80878085
8080828C
89828A8B
80808F80
90808088
80878080
80808780
80808088
89808080
8E808089
8080808B
8D8D8D8D
80808580
80878080
83808880
80868080
8D808C8F
80808280
9085818B
88818C80
808E8080
8C838680
80808780
8B868580
888E8C80
80808080
80808980
8589808D
8F818081
80808285
8C8B8A80
89908C80
908E808D
808A8180
82868090
86808F80
8080838D
80808B80
80808983
80868480
88839080
81808C80
808A828E
8080808F
80908080
8880878F
8A89808B
80808080
8A808480
80828B80
80868087
8E808E80
81808A80
808B8090
88808087
80808080
81809087
8480808F
89818080
8B808C89
808A8B8C
8A808980
80908080
898B8080
808A808F
88808080
81858085
89809081
86848A87
80848080
83808081
808C808E
8090808C
80808480
808B848C
80868980
80828080
808E8289
80808D84
8D868080
808B8F80
80808084
81888080
8B808F80
80808089
8E808480
8080808C
8680808B
80808080
80808080
80808080
80808080
80808080
80808080
80808080
80808080
80808080
80808080
5F766274
5165556A
F4DFEE43
220980E6
F4092D38
1C171E05
8000EE00
DBCECEC4
E6CEC4C4
CEDFCEDF
37513D53
40493D4C
ECDBF826
1D30ECEE
12372934
252C2519
C4FA0F08
DBDBCE80
E3E6DBEE
C4CEC4DB
FC343B5F
2B44EE36
DFE6EE1F
0721E3DB
181A08FD
17240624
DBE3080E
CECEDBDB
DBE6F8E6
B3C4DBEE
2C533032
C4DF8038
D5C4E601
D5EEE9F2
B30DDFE6
DBDFB3D5
CEDBF410
D5ECB3CE
B3C480C4
80C4B3DB
F941F625
B30A801C
80B380DB
8080D5B3
808080B3
80F28080
B3DBCED5
D5B38080
C4ECD5E3
80CED5DB
80EE80B3
808080C4
80B380B3
DBC48080
80C480EC
80C48080
CE80C4B3
80B380C4
C4DBC4CE
80B3B3CE
80808080
80808080
80DB8080
80808080
808080B3
80808080
80808080
8080C4B3
80CE80CE
80B380CE
80808080
80808080
80B38080
808080B3
80808080
80808080
80808080
80808080
80B380B3
808080B3
80808080
80808080
80808080
80808080
80808080
80808080
808080B3
80CEB380
80B3B380
80CE8080
35412B55
032D3C45
E909F42E
8080FF20
25FF8080
242B2126
2744463A
06200A06
80B3E908
80B380E3
5B665765
5365586E
536F5F6E
5A6A5451
5B62525D
61765F6C
60746176
606E5A71
425E556B
001D2445
44693C64
5C715D5C
536B556B
55695B68
50655870
50604F65
53695062
47675162
4E534F64
0D322F5B
4E5D516C
4C694C62
484D2862
4D5D3E51
3D625060
3D584561
44623847
33594861
4B583D51
0D303856
42541647
3D30F94C
415B3E4D
3B584A5F
37533A4B
2B4C3757
3C38FD4C
3647394F
474A2152
F9122D5B
294D383D
31522A49
41523F3B
22532642
142EF830
06362136
253C1030
0E3A163A
FC4B3541
CE10102A
36508016
802ACE2B
E31CB3F6
02492B44
0E2FC419
0442072D
0747253E
162CF62E
E3393537
80FDF61A
F62E8026
E6F68010
2641F93C
F823C446
8006E32A
C4248022
80FEF42C
80C4C4F9
DF1F80E9
D5DBB316
80038080
B31180E9
80F9B32B
D51180EC
80D58020
8015B380
808080CE
80808080
80F080DB
80FAE6CE
80808080
808080E9
80808080
80F08080
8010F924
80808080
80DB80B3
808080CE
80EE8080
B3F0800B
80808080
80808080
80808080
808080E6
80808080
80808080
80808080
80808080
80EC8080
80808080
80808080
80808080
80808080
80808080
80808080
80808080
80808080
80808080
80CE8080
808080B3
80808080
80808080
80808080
80808080
80808080
80808080
80808080
80808080
80B38080
80808080
80808080
80808080
80808080
80808080
80808080
80808080
80808080
80808080
80808080
80808080
8005EEFF
80808028
80808080
80808080
80808080
80048080
804B423F
80223C46
80808080
80808080
4C5F5657
FA483E5B
808080CE
80808080
80808080
46685340
596F5A62
8047506D
80808080
211BFAEC
4B6C5856
40624C6C
42473D4B
80B3FF55
455C3D2E
50715D64
5B715D6C
0F55506E
CE0C80DF
37463222
516C4854
5064586F
56614954
2B554163
5E6B4E60
5C736276
5D6F5E76
3463566F
1F30F020
40554A51
4662404E
49605C6E
495E4864
43554C62
53655365
55625970
48624E69
175F5066
3934F813
415F5B67
314D084A
57644C60
3E5E5169
48514E5E
4E655263
4652416C
3A4F3F64
30573B50
435D3932
38675056
39511F4D
5560293E
4C65475B
4C5F4E59
51674F60
39463067
0B544258
25684355
365A4326
345A3E51
F836C44E
08372844
1F42344D
1A3C0D37
E33F2A45
80FD8039
C4E38003
383FD534
4B5F4B56
0A523F55
B31F8032
80E9B300
FD33B30C
002CF23A
2F350430
8080801C
80FD80DB
5A643D31
5E6B5875
53604070
80078080
80E980B3
DB1080E9
1430F841
EE39B30E
808080D5
80808080
4C4A0C18
50634C69
55674F6C
80808080
80808080
80808080
80F8802A
808080CE
80808080
80C48080
35490580
4965465D
4256395E
808080EE
80808080
80CE8080
80808024
80EC8080
80808080
80808080
25178080
4661364B
41553453
80808007
80808080
80D58080
80D58017
808080DF
80808080
80808080
DBE68080
254C2141
2F4D3249
808080F4
80808080
F2F98080
80F280FC
8080C412
80808080
80808080
C4E68080
35442A47
24493151
80808080
80808080
80808080
808080EE
80808080
80808080
80808080
E60F8080
273BEE2C
1A3E1439
80808080
80808080
80808080
80808080
80808080
80808080
80808080
80808080
081E8031
263E1B45
80808080
80808080
80808080
80808080
80808080
80808080
80808080
80D58080
F630DB1C
254A0B30
80808080
80808080
80808080
80808080
80808080
80808080
80808080
80808080
800B80B3
FCB3C4F9
80808080
80808080
80808080
80808080
80808080
80808080
80808080
80808080
80F88080
808080CE
80808080
80808080
80808080
80808080
80808080
80808080
80808080
80808080
80808080
80808080
80808080
80808080
80808080
80808080
80808080
80808080
80808080
80808080
80808080
80808080
80808080
80808080
80808080
80808080
80808080
80808080
80808080
80808080
80808080
80808080
80808080
80808080
80808080
80808080
80808080
80808080
80808080
80808080
80808080
80808080
80808080
80808080
80808080
80808080
80808080
80808080
80808080
80808080
80808080
80808080
80808080
80808080
80808080
80808080
80808080
80808080
80808080
80808080
80808080
80808080
80808080
80808080
80808080
80808080
80808080
80808080
80808080
80808080
80808080
80808080
4C404E67
4335364B
46383C4D
3A44474C
FE17204A
0F0D0BEE
F9051409
EEF6FEEE
0709F4F6
EEFCF4DF
3E371139
253D2D46
2F303443
2F392E37
141B1149
FA0F0813
E3F40AFF
FDEEE9FA
FC0305FF
F2FFF8F4
2B3A3041
27271330
373A3939
32313A43
10091B46
04190425
DF07090B
FA03F4F9
EEF9F9E3
FFFEEEF4
F83C1F00
28463B33
26343947
06113042
070F083B
E9120412
F4FDFCF8
0A01E6FD
DBE3E302
DF06FCF9
FC3B2C43
37443340
0F28094A
123C2139
EC1B1928
1106F019
D5E9F4F6
DBE3E9E9
C4F0F0FC
E3F6E9EC
DB0C0FF4
2C3D0F1B
16300832
212EEE31
F82E222A
D5D5EE04
F0F601F6
DFF0B3F6
DBE9E60B
E3F0F800
1844282A
80352E2F
152A021E
022BFC15
E620052B
E9D5DB07
DB02F8FE
F9FFC4CE
EEFAB3DF
DFF4CEF0
12340835
1A452333
801B082C
F211DF15
EEF28026
DBF2EC11
DFDFC408
E3F4D5DF
C4DF80F4
CEE6B3E6
1E0B1D39
0F2DF635
022AF612
FC0AE31F
80CEDB2A
B3ECD5FC
80DFE6F2
DFF8D5F4
B3D5C4DF
CEE6C4F4
2324E928
1B25FE32
F931B31A
0B06D51C
E621DB29
DFFAF4F2
B3ECE6F0
CEF8D5F2
B3E6DBF2
E3F2B3E6
E619C432
01332639
EE350132
800BE91E
E614D512
80F4E6F6
B3DBC4CE
80CED5EC
80B380B3
C4ECB3DF
80DBF635
123C800A
DB250DF8
B3038008
0A0EE320
B3DBB3F4
80E9C4DB
B3F0CED5
C400DFFA
C4F080D5
1333FE14
143F022B
CE2AFC3C
FD028004
80E6DF20
D5DF80EE
B3CEC4F9
80E9B3E3
C4E9E6F0
80DBB3DB
3027DFFF
8008053C
00040B2C
ECFEB30D
B3DF8021
80F280F8
B3F4EEDF
80DB80F0
80C4B3F4
80E9C4E9
802ECE24
F2122742
FAECB3F4
E61C8018
DFFAB315
80D58001
80DBCEFF
80DF80CE
F8C480EE
80C4C4F9
FF14E3FA
F2D52849
FD21D521
D51DE30F
80E3C414
B304E6EC
CEDFC4F0
80C480E3
CEDB80B3
80DFB300
0A2F0827
0102103E
F904070A
CEB38006
80B3B313
80CE80B3
CEDFC4C4
808080DB
C4DB80C4
B3DF80EE
801D1725
80F08080
EC15DFF0
C4FEC4F8
80CE800B
B3E380CE
80E680F0
80D5B3CE
80CE8080
CEDF80DF
801880E9
E904B380
E6018020
B30A80F2
CE0180FC
B3B3B3F8
D5CE80E9
80D580DF
80D58080
808080CE
800E0F2C
00158009
F912F91D
CEDF80F9
80C4C40E
80DB80C4
80EC80D5
B3D580CE
CEC480E6
80B380C4
B30E80FD
B32F0BE6
D52DB3F9
C4250EF4
B305FC16
C4F680F2
C4F4B316
80C480CE
80D580C4
CEB380CE
8021DB1B
CEFCE304
DB0680EC
80CE80DF
80D50F22
DBFDCEEC
80B3B3DB
808080D5
1BE6E604
C4E38000
8017E623
0E13B3E3
F9F0801C
0B11FF1F
0B082C3C
C4DF8012
80D580FF
808080E9
3D232B3B
CEB3B325
45625874
284E354E
EE1D0730
0C05F2FE
F41F2341
FFFAFE21
C4F2E32C
80DBD5FC
3326121D
DBF48008
4D715B73
2C3C2459
1F1B2431
0E3E1E3F
002A3137
01E9112D
B3CEDB1E
C409C4F8
040DCEF4
0D1CFA17
49654E6B
113F2E59
1EFAD522
154D2843
0C262735
FE1C05FA
8000D512
8012B3E3
2327B3FE
1D322326
455E4664
262D3256
403A0C2D
2D4D244A
C4083E4E
07150626
ECFFDB08
F608DB30
272D0D08
19311626
42573F5E
141D8054
24503337
48511E3E
1B332544
E3101636
0F390904
ECB3D523
FF250604
0E2F1F28
53604459
5773606F
54694C63
5B715669
4E6E576C
4A162E50
56674858
18304450
24373044
3F5A5A6C
40573F53
58715C5A
536D4F66
3C6D5964
3E4B1538
493F2D51
505E415D
03495159
46663C2B
4A634354
324F394E
3862525D
475B464D
0D565255
2830EE2D
3C551C35
4E563441
13492E4C
284B3623
25523C47
283E2A45
4D554660
54674446
8051455E
DBD58080
2D300228
1041254C
143A122B
1F470C1B
2F582C35
08272132
45583959
44643F48
80F6B351
80808080
1B08B30D
80291C3C
D51C80DB
DB2F80EE
E3331B2D
1E34270F
0F41DF31
135A474C
80F0802E
80808080
80EE8080
802080EC
802DDF15
80F48080
802BF2FA
80808080
D545EE34
802A374E
808080E3
80808080
80808080
80F0800E
80078080
80808080
800C8080
F0808080
8023CE3B
802F002A
80808080
80808080
80808080
80E980DF
80E98080
80808080
80DF8080
80808080
80F88080
8080CE24
80808080
80808080
80808080
80DB8080
80F6C480
80808080
80158080
80808080
80808080
808080F4
80808080
80808080
80808080
80808080
80808080
80B38080
80E38080
80808080
80808080
80808080
80808080
80808080
80808080
80808080
808080E3
80808080
80CE8080
80808080
80808080
80808080
80808080
80808080
80808080
80808080
80808080
80808080
80808080
80808080
80808080
80808080
80808080
80808080
80808080
80808080
80808080
80808080
80808080
80808080
80808080
80808080
80808080
80808080
80808080
80808080
80808080
80808080
80808080
80808080
80808080
80808080
80808080
80808080
80808080
80808080
80808080
80808080
80808080
80808080
80808080
80808080
80808080
80808080
80808080
80808080
80808080
80808080
80808080
80808080
80808080
80808080
80808080
80808080
80808080
80808080
80808080
80808080
80808080
80808080
80808080
80808080
80808080
80808080
80808080
80808080
80808080
80808080
80808080
80808080
80808080
80808080
80808080
80808080
80808080
80808080
80808080
80808080
80808080
80808080
80808080
80808080
80808080
80808080
80808080
80808080
80808080
80808080
80808080
766274CE
65556A5F
DFEE4351
0980E6F4
092D3822
171E05F4
00EE001C
CECEC480
CEC4C4DB
DFCEDFE6
513D53C4
493D4C37
DBF82640
30ECEEEC
3729341D
2C251912
FA0F0825
DBCE80C4
E6DBEEDB
CEC4DBE3
343B5FB3
44EE36FC
E6EE1F2B
21E3DBDF
1A08FD07
24062418
E3080E17
CEDBDBDB
E6F8E6CE
C4DBEEDB
53303280
DF80382C
C4E601C4
EEE9F2D5
0DDFE6D5
DFB3D5B3
DBF410DB
ECB3CECE
C480C4D5
C4B3DBB3
41F62580
0A801CF9
B380DBB3
80D5B380
8080B380
F2808080
DBCED580
B38080B3
ECD5E3D5
CED5DBC4
EE80B380
8080C480
B380B380
C4808080
C480ECDB
C4808080
80C4B380
B380C4CE
DBC4CE80
B3B3CEC4
80808080
80808080
DB808080
80808080
8080B380
80808080
80808080
80C4B380
CE80CE80
B380CE80
80808080
80808080
B3808080
8080B380
80808080
80808080
80808080
80808080
B380B380
8080B380
80808080
80808080
80808080
80808080
80808080
80808080
8080B380
CEB38080
B3B38080
CE808080
412B5580
2D3C4535
09F42E03
80FF20E9
FF808080
2B212625
44463A24
200A0627
B3E90806
B380E380
66576500
65586E5B
6F5F6E53
6A545153
62525D5A
765F6C5B
74617661
6E5A7160
5E556B60
1D244542
693C640D
715D5C44
6B556B5C
695B6853
65587055
604F6550
69506250
67516253
534F6447
322F5B4E
5D516C0D
694C624E
4D28624C
5D3E5148
6250604D
5845613D
6238473D
59486144
583D5133
3038564B
541647F9
30F94C42
5B3E4D3D
584A5F41
533A4B3B
4C375737
38FD4C2B
47394F3C
4A215236
122D5B47
4D383DCE
522A4929
523F3B31
53264241
2EF83022
36213614
3C103006
3A163A25
4B35410E
10102AFC
50801680
2ACE2B36
1CB3F680
492B44E3
2FC41902
42072D0E
47253E04
2CF62E07
39353716
FDF61AE3
2E8026D5
F68010F6
41F93CE6
23C44626
06E32AF8
24802280
FEF42CC4
C4C4F980
1F80E980
DBB316DF
03808080
1180E980
F9B32BB3
1180EC80
D58020D5
15B38080
8080CE80
80808080
F080DB80
FAE6CE80
808080B3
8080E980
80808080
F0808080
10F92480
80808080
DB80B380
8080CE80
EE808080
F0800B80
80808080
80808080
80808080
8080E680
80808080
80808080
80808080
80808080
EC808080
80808080
80808080
80808080
80808080
80808080
80808080
80808080
80808080
80808080
CE808080
8080B380
80808080
80808080
80808080
80808080
80808080
80808080
80808080
80808080
B3808080
80808080
80808080
80808080
80808080
80808080
80808080
80808080
80808080
80808080
80808080
80808080
05EEFF80
80802880
80808080
80808080
80808080
04808080
4B423F80
223C4680
80808080
80808080
5F565721
483E5B4C
8080CEFA
80808080
80808080
68534080
6F5A6246
47506D59
80808080
1BFAEC80
6C585637
624C6C4B
473D4B40
B3FF5542
5C3D2E80
715D6445
715D6C50
55506E5B
0C80DF0F
463222CE
6C485440
64586F51
61495450
55416356
6B4E602B
7362765E
6F5E765C
63566F5D
30F02034
554A511F
62404E41
605C6E46
5E486449
554C6249
65536543
62597053
624E6955
5F506648
34F81317
5F5B6739
4D084A38
644C6031
5E516957
514E5E3E
65526348
52416C4E
4F3F6446
573B503A
5D393230
67505643
511F4D34
60293E39
65475B55
5F4E594C
674F604C
46306751
54425839
6843550B
5A432625
5A3E5136
36C44E0A
372844F8
42344D08
3C0D371F
3F2A451A
FD8039E3
E3800380
3FD534C4
5F4B5638
523F554B
1F803253
E9B300B3
33B30C80
2CF23AFD
35043000
80801C2F
FD80DB80
643D3180
6B58755A
6040705E
07808055
E980B380
1080E980
30F841DB
39B30E14
8080D5EE
80808080
4A0C1880
634C694C
674F6C50
80808042
80808080
80808080
F8802A80
8080CE80
80808080
C4808080
49058080
65465D35
56395E49
8080EE41
80808080
CE808080
80802480
EC808080
80808080
80808080
17808080
61364B25
55345346
8080072F
80808080
D5808080
D5801780
8080DF80
80808080
80808080
E6808080
4C2141DB
4D324925
8080F424
80808080
F9808080
F280FCF2
80C41280
80808080
80808080
E6808080
442A47C4
49315135
8080801A
80808080
80808080
8080EE80
80808080
80808080
80808080
0F808080
3BEE2CE6
3E143927
80808026
80808080
80808080
80808080
80808080
80808080
80808080
80808080
1E803180
3E1B4508
80808025
80808080
80808080
80808080
80808080
80808080
80808080
D5808080
30DB1C80
4A0B30F6
808080FC
80808080
80808080
80808080
80808080
80808080
80808080
80808080
0B80B380
B3C4F980
80808080
80808080
80808080
80808080
80808080
80808080
80808080
80808080
F8808080
8080CE80
80808080
80808080
80808080
80808080
80808080
80808080
80808080
80808080
80808080
80808080
80808080
80808080
80808080
80808080
80808080
80808080
80808080
80808080
80808080
80808080
80808080
80808080
80808080
80808080
80808080
80808080
80808080
80808080
80808080
80808080
80808080
80808080
80808080
80808080
80808080
80808080
80808080
80808080
80808080
80808080
80808080
80808080
80808080
80808080
80808080
80808080
80808080
80808080
80808080
80808080
80808080
80808080
80808080
80808080
80808080
80808080
80808080
80808080
80808080
80808080
80808080
80808080
80808080
80808080
80808080
80808080
80808080
80808080
80808080
80808080
404E67EE
35364B4C
383C4D43
44474C46
17204A3A
0D0BEEFE
0514090F
F6FEEEF9
09F4F6EE
FCF4DF07
371139F2
3D2D463E
30344325
392E372F
1B11492F
0F081314
F40AFFFA
EEE9FAE3
0305FFFD
FFF8F4FC
3A3041FF
2713302B
3A393927
313A4337
091B4632
19042510
07090B04
03F4F9DF
F9F9E3FA
FEEEF4EE
3C1F00DF
463B33F8
34394728
11304226
0F083B06
12041207
FDFCF8E9
01E6FDF4
E3E3020A
06FCF9DB
3B2C43E3
443340FC
28094A37
3C21390F
1B192812
06F019EC
E9F4F611
E3E9E9D5
F0F0FCDB
F6E9ECC4
0C0FF4E3
3D0F1BDB
3008322C
2EEE3116
2E222A21
D5EE04F8
F601F6D5
F0B3F6F0
E9E60BDF
F0F800DB
44282ADF
352E2F18
2A021E80
2BFC1515
20052B02
D5DB07E6
02F8FEE9
FFC4CEDB
FAB3DFF9
F4CEF0EE
340835CE
45233312
1B082C1A
11DF1580
F28026F2
F2EC11EE
DFC408DB
F4D5DFDF
DF80F4E3
E6B3E6C4
0B1D39CE
2DF6351E
2AF6120F
0AE31F02
CEDB2AFC
ECD5FC80
DFE6F2B3
F8D5F480
D5C4DFDF
E6C4F4B3
24E928E3
25FE3223
31B31A1B
06D51CF9
21DB290B
FAF4F2E6
ECE6F0DF
F8D5F2B3
E6DBF2CE
F2B3E6B3
19C432C4
332639E6
35013201
0BE91EEE
14D51280
F4E6F6E6
DBC4CE80
CED5ECB3
B380B380
ECB3DF80
DBF635C4
3C800A80
250DF812
038008DB
0EE320B3
DBB3F40A
E9C4DBB3
F0CED580
00DFFAB3
F080D5C4
33FE1480
3F022B13
2AFC3C14
028004CE
E6DF20FD
DF80EE80
CEC4F9D5
E9B3E3B3
E9E6F080
DBB3DBC4
27DFFF80
08053C30
040B2C80
FEB30D00
DF8021EC
F280F8B3
F4EEDF80
DB80F0B3
C4B3F480
E9C4E980
2ECE2480
12274280
ECB3F4F2
1C8018FA
FAB315E6
D58001DF
DBCEFF80
DF80CE80
C480EE80
C4C4F9F8
14E3FA80
D52849FF
21D521F2
1DE30FFD
E3C414D5
04E6EC80
DFC4F0B3
C480E3CE
DB80B380
DFB300CE
2F0827B3
02103E0A
04070A01
B38006F9
B3B313CE
CE80B380
DFC4C480
8080DBCE
DB80C480
DF80EEC4
1D1725CE
F0808080
15DFF080
FEC4F8EC
CE800BC4
E380CE80
E680F0B3
D5B3CE80
CE808080
DF80DF80
1880E980
04B38080
018020E9
0A80F2E6
0180FCB3
B3B3F8CE
CE80E9B3
D580DFD5
D5808080
8080CE80
0E0F2C80
15800980
12F91D00
DF80F9F9
C4C40ECE
DB80C480
EC80D580
D580CE80
C480E6B3
B380C4CE
0E80FDCE
2F0BE6B3
2DB3F9B3
250EF4D5
05FC16C4
F680F2B3
F4B316C4
C480CEC4
D580C480
B380CE80
21DB1BC4
FCE30480
0680ECCE
CE80DFDB
D50F2280
FDCEEC80
B3B3DBDB
8080D580
E6E60480
E380001B
17E623CE
13B3E380
F0801C0E
11FF1FF9
082C3C0B
DF80120B
D580FFC4
8080E980
232B3B80
B3B3253D
625874DB
4E354E45
1D073028
05F2FEEE
1F23410C
FAFE21F4
F2E32CFF
DBD5FCC4
26121D80
F4800833
715B730D
3C24594D
1B24312C
3E1E3F1F
2A31370E
E9112D00
CEDB1E01
09C4F8B3
0DCEF4C4
1CFA1704
654E6B1D
3F2E5949
FAD52211
4D28431E
26273515
1C05FA0C
00D512FE
12B3E380
27B3FE80
32232623
5E466419
2D325645
3A0C2D26
4D244A40
083E4E2D
150626C4
FFDB0807
08DB30EC
2D0D08F6
31162627
573F5E0E
1D805442
50333714
511E3E24
33254448
1016361B
390904E3
B3D5230F
250604EC
2F1F28FF
6044593F
73606F53
694C6357
71566954
6E576C5B
162E504E
6748584A
30445056
37304418
5A5A6C24
573F534A
715C5A40
6D4F6658
6D596453
4B15383C
3F2D513E
5E415D49
49515950
663C2B03
63435446
4F394E25
62525D32
5B464D38
56525547
30EE2D0D
551C3528
5634413C
492E4C4E
4B362313
523C4728
3E2A452F
55466028
6744464D
51455E54
D5808080
300228DB
41254C2D
3A122B10
470C1B14
582C351F
272132E3
58395908
643F4845
F6B35144
80808080
08B30D80
291C3C1B
1C80DB80
2F80EED5
331B2DDB
34270F80
41DF311E
5A474C0F
F0802E13
80808080
EE808080
2080EC80
2DDF1580
F4808080
2BF2FA80
80808080
45EE3480
2A374ED5
8080E380
80808080
80808080
F0800E80
07808080
80808080
0C808080
80808080
23CE3BF0
2F002A80
80808080
80808080
80808080
E980DF80
E9808080
80808080
DF808080
80808080
F8808080
80CE2480
80808080
80808080
80808080
DB808080
F6C48080
80808080
15808080
80808080
80808080
8080F480
80808080
80808080
80808080
80808080
80808080
B3808080
E3808080
80808080
80808080
80808080
80808080
80808080
80808080
80808080
8080E380
80808080
CE808080
80808080
80808080
80808080
80808080
80808080
80808080
80808080
80808080
80808080
80808080
80808080
80808080
80808080
80808080
80808080
80808080
80808080
80808080
80808080
80808080
80808080
80808080
80808080
80808080
80808080
80808080
80808080
80808080
80808080
80808080
80808080
80808080
80808080
80808080
80808080
80808080
80808080
80808080
80808080
80808080
80808080
80808080
80808080
80808080
80808080
80808080
80808080
80808080
80808080
80808080
80808080
80808080
80808080
80808080
80808080
80808080
80808080
80808080
80808080
80808080
80808080
80808080
80808080
80808080
80808080
80808080
80808080
80808080
80808080
80808080
80808080
80808080
80808080
80808080
80808080
80808080
80808080
80808080
80808080
80808080
80808080
80808080
80808080
80808080
80808080
80808080
80808080
80808080
80808080
80808080
80808080
80808080
80808080
80808080
80808080
80808080
80808080
80808080
80808080
80808080
37513D53
40493D4C
ECDBF826
1D30ECEE
12372934
252C2519
C4FA0F08
DBDBCE80
E3E6DBEE
C4CEC4DB
FC343B5F
2B44EE36
DFE6EE1F
0721E3DB
181A08FD
17240624
DBE3080E
CECEDBDB
DBE6F8E6
B3C4DBEE
2C533032
C4DF8038
D5C4E601
D5EEE9F2
B30DDFE6
DBDFB3D5
CEDBF410
D5ECB3CE
B3C480C4
80C4B3DB
F941F625
B30A801C
80B380DB
8080D5B3
808080B3
80F28080
B3DBCED5
D5B38080
C4ECD5E3
80CED5DB
80EE80B3
808080C4
80B380B3
DBC48080
80C480EC
80C48080
CE80C4B3
80B380C4
C4DBC4CE
80B3B3CE
80808080
80808080
80DB8080
80808080
808080B3
80808080
80808080
8080C4B3
80CE80CE
80B380CE
80808080
80808080
80B38080
808080B3
80808080
80808080
80808080
80808080
80B380B3
808080B3
80808080
80808080
80808080
80808080
80808080
80808080
808080B3
80CEB380
80B3B380
80CE8080
35412B55
032D3C45
E909F42E
8080FF20
25FF8080
242B2126
2744463A
06200A06
80B3E908
80B380E3
5B665765
5365586E
536F5F6E
5A6A5451
5B62525D
61765F6C
60746176
606E5A71
425E556B
001D2445
44693C64
5C715D5C
536B556B
55695B68
50655870
50604F65
53695062
47675162
4E534F64
0D322F5B
4E5D516C
4C694C62
484D2862
4D5D3E51
3D625060
3D584561
44623847
33594861
4B583D51
0D303856
42541647
3D30F94C
415B3E4D
3B584A5F
37533A4B
2B4C3757
3C38FD4C
3647394F
474A2152
F9122D5B
294D383D
31522A49
41523F3B
22532642
142EF830
06362136
253C1030
0E3A163A
FC4B3541
CE10102A
36508016
802ACE2B
E31CB3F6
02492B44
0E2FC419
0442072D
0747253E
162CF62E
E3393537
80FDF61A
F62E8026
E6F68010
2641F93C
F823C446
8006E32A
C4248022
80FEF42C
80C4C4F9
DF1F80E9
D5DBB316
80038080
B31180E9
80F9B32B
D51180EC
80D58020
8015B380
808080CE
80808080
80F080DB
80FAE6CE
80808080
808080E9
80808080
80F08080
8010F924
80808080
80DB80B3
808080CE
80EE8080
B3F0800B
80808080
80808080
80808080
808080E6
80808080
80808080
80808080
80808080
80EC8080
80808080
80808080
80808080
80808080
80808080
80808080
80808080
80808080
80808080
80CE8080
808080B3
80808080
80808080
80808080
80808080
80808080
80808080
80808080
80808080
80B38080
80808080
80808080
80808080
80808080
80808080
80808080
80808080
80808080
80808080
80808080
80808080
8005EEFF
80808028
80808080
80808080
80808080
80048080
804B423F
80223C46
80808080
80808080
4C5F5657
FA483E5B
808080CE
80808080
80808080
46685340
596F5A62
8047506D
80808080
211BFAEC
4B6C5856
40624C6C
42473D4B
80B3FF55
455C3D2E
50715D64
5B715D6C
0F55506E
CE0C80DF
37463222
516C4854
5064586F
56614954
2B554163
5E6B4E60
5C736276
5D6F5E76
3463566F
1F30F020
40554A51
4662404E
49605C6E
495E4864
43554C62
53655365
55625970
48624E69
175F5066
3934F813
415F5B67
314D084A
57644C60
3E5E5169
48514E5E
4E655263
4652416C
3A4F3F64
30573B50
435D3932
38675056
39511F4D
5560293E
4C65475B
4C5F4E59
51674F60
39463067
0B544258
25684355
365A4326
345A3E51
F836C44E
08372844
1F42344D
1A3C0D37
E33F2A45
80FD8039
C4E38003
383FD534
4B5F4B56
0A523F55
B31F8032
80E9B300
FD33B30C
002CF23A
2F350430
8080801C
80FD80DB
5A643D31
5E6B5875
53604070
80078080
80E980B3
DB1080E9
1430F841
EE39B30E
808080D5
80808080
4C4A0C18
50634C69
55674F6C
80808080
80808080
80808080
80F8802A
808080CE
80808080
80C48080
35490580
4965465D
4256395E
808080EE
80808080
80CE8080
80808024
80EC8080
80808080
80808080
25178080
4661364B
41553453
80808007
80808080
80D58080
80D58017
808080DF
80808080
80808080
DBE68080
254C2141
2F4D3249
808080F4
80808080
F2F98080
80F280FC
8080C412
80808080
80808080
C4E68080
35442A47
24493151
80808080
80808080
80808080
808080EE
80808080
80808080
80808080
E60F8080
273BEE2C
1A3E1439
80808080
80808080
80808080
80808080
80808080
80808080
80808080
80808080
081E8031
263E1B45
80808080
80808080
80808080
80808080
80808080
80808080
80808080
80D58080
F630DB1C
254A0B30
80808080
80808080
80808080
80808080
80808080
80808080
80808080
80808080
800B80B3
FCB3C4F9
80808080
80808080
80808080
80808080
80808080
80808080
80808080
80808080
80F88080
808080CE
80808080
80808080
80808080
80808080
80808080
80808080
80808080
80808080
80808080
80808080
80808080
80808080
80808080
80808080
80808080
80808080
80808080
80808080
80808080
80808080
80808080
80808080
80808080
80808080
80808080
80808080
80808080
80808080
80808080
80808080
80808080
80808080
80808080
80808080
80808080
80808080
80808080
80808080
80808080
80808080
80808080
80808080
80808080
80808080
80808080
80808080
80808080
80808080
80808080
80808080
80808080
80808080
80808080
80808080
80808080
80808080
80808080
80808080
80808080
80808080
80808080
80808080
80808080
80808080
80808080
80808080
80808080
80808080
80808080
80808080
5F766274
5165556A
F4DFEE43
220980E6
F4092D38
1C171E05
8000EE00
DBCECEC4
E6CEC4C4
CEDFCEDF
3E371139
253D2D46
2F303443
2F392E37
141B1149
FA0F0813
E3F40AFF
FDEEE9FA
FC0305FF
F2FFF8F4
2B3A3041
27271330
373A3939
32313A43
10091B46
04190425
DF07090B
FA03F4F9
EEF9F9E3
FFFEEEF4
F83C1F00
28463B33
26343947
06113042
070F083B
E9120412
F4FDFCF8
0A01E6FD
DBE3E302
DF06FCF9
FC3B2C43
37443340
0F28094A
123C2139
EC1B1928
1106F019
D5E9F4F6
DBE3E9E9
C4F0F0FC
E3F6E9EC
DB0C0FF4
2C3D0F1B
16300832
212EEE31
F82E222A
D5D5EE04
F0F601F6
DFF0B3F6
DBE9E60B
E3F0F800
1844282A
80352E2F
152A021E
022BFC15
E620052B
E9D5DB07
DB02F8FE
F9FFC4CE
EEFAB3DF
DFF4CEF0
12340835
1A452333
801B082C
F211DF15
EEF28026
DBF2EC11
DFDFC408
E3F4D5DF
C4DF80F4
CEE6B3E6
1E0B1D39
0F2DF635
022AF612
FC0AE31F
80CEDB2A
B3ECD5FC
80DFE6F2
DFF8D5F4
B3D5C4DF
CEE6C4F4
2324E928
1B25FE32
F931B31A
0B06D51C
E621DB29
DFFAF4F2
B3ECE6F0
CEF8D5F2
B3E6DBF2
E3F2B3E6
E619C432
01332639
EE350132
800BE91E
E614D512
80F4E6F6
B3DBC4CE
80CED5EC
80B380B3
C4ECB3DF
80DBF635
123C800A
DB250DF8
B3038008
0A0EE320
B3DBB3F4
80E9C4DB
B3F0CED5
C400DFFA
C4F080D5
1333FE14
143F022B
CE2AFC3C
FD028004
80E6DF20
D5DF80EE
B3CEC4F9
80E9B3E3
C4E9E6F0
80DBB3DB
3027DFFF
8008053C
00040B2C
ECFEB30D
B3DF8021
80F280F8
B3F4EEDF
80DB80F0
80C4B3F4
80E9C4E9
802ECE24
F2122742
FAECB3F4
E61C8018
DFFAB315
80D58001
80DBCEFF
80DF80CE
F8C480EE
80C4C4F9
FF14E3FA
F2D52849
FD21D521
D51DE30F
80E3C414
B304E6EC
CEDFC4F0
80C480E3
CEDB80B3
80DFB300
0A2F0827
0102103E
F904070A
CEB38006
80B3B313
80CE80B3
CEDFC4C4
808080DB
C4DB80C4
B3DF80EE
801D1725
80F08080
EC15DFF0
C4FEC4F8
80CE800B
B3E380CE
80E680F0
80D5B3CE
80CE8080
CEDF80DF
801880E9
E904B380
E6018020
B30A80F2
CE0180FC
B3B3B3F8
D5CE80E9
80D580DF
80D58080
808080CE
800E0F2C
00158009
F912F91D
CEDF80F9
80C4C40E
80DB80C4
80EC80D5
B3D580CE
CEC480E6
80B380C4
B30E80FD
B32F0BE6
D52DB3F9
C4250EF4
B305FC16
C4F680F2
C4F4B316
80C480CE
80D580C4
CEB380CE
8021DB1B
CEFCE304
DB0680EC
80CE80DF
80D50F22
DBFDCEEC
80B3B3DB
808080D5
1BE6E604
C4E38000
8017E623
0E13B3E3
F9F0801C
0B11FF1F
0B082C3C
C4DF8012
80D580FF
808080E9
3D232B3B
CEB3B325
45625874
284E354E
EE1D0730
0C05F2FE
F41F2341
FFFAFE21
C4F2E32C
80DBD5FC
3326121D
DBF48008
4D715B73
2C3C2459
1F1B2431
0E3E1E3F
002A3137
01E9112D
B3CEDB1E
C409C4F8
040DCEF4
0D1CFA17
49654E6B
113F2E59
1EFAD522
154D2843
0C262735
FE1C05FA
8000D512
8012B3E3
2327B3FE
1D322326
455E4664
262D3256
403A0C2D
2D4D244A
C4083E4E
07150626
ECFFDB08
F608DB30
272D0D08
19311626
42573F5E
141D8054
24503337
48511E3E
1B332544
E3101636
0F390904
ECB3D523
FF250604
0E2F1F28
53604459
5773606F
54694C63
5B715669
4E6E576C
4A162E50
56674858
18304450
24373044
3F5A5A6C
40573F53
58715C5A
536D4F66
3C6D5964
3E4B1538
493F2D51
505E415D
03495159
46663C2B
4A634354
324F394E
3862525D
475B464D
0D565255
2830EE2D
3C551C35
4E563441
13492E4C
284B3623
25523C47
283E2A45
4D554660
54674446
8051455E
DBD58080
2D300228
1041254C
143A122B
1F470C1B
2F582C35
08272132
45583959
44643F48
80F6B351
80808080
1B08B30D
80291C3C
D51C80DB
DB2F80EE
E3331B2D
1E34270F
0F41DF31
135A474C
80F0802E
80808080
80EE8080
802080EC
802DDF15
80F48080
802BF2FA
80808080
D545EE34
802A374E
808080E3
80808080
80808080
80F0800E
80078080
80808080
800C8080
F0808080
8023CE3B
802F002A
80808080
80808080
80808080
80E980DF
80E98080
80808080
80DF8080
80808080
80F88080
8080CE24
80808080
80808080
80808080
80DB8080
80F6C480
80808080
80158080
80808080
80808080
808080F4
80808080
80808080
80808080
80808080
80808080
80B38080
80E38080
80808080
80808080
80808080
80808080
80808080
80808080
80808080
808080E3
80808080
80CE8080
80808080
80808080
80808080
80808080
80808080
80808080
80808080
80808080
80808080
80808080
80808080
80808080
80808080
80808080
80808080
80808080
80808080
80808080
80808080
80808080
80808080
80808080
80808080
80808080
80808080
80808080
80808080
80808080
80808080
80808080
80808080
80808080
80808080
80808080
80808080
80808080
80808080
80808080
80808080
80808080
80808080
80808080
80808080
80808080
80808080
80808080
80808080
80808080
80808080
80808080
80808080
80808080
80808080
80808080
80808080
80808080
80808080
80808080
80808080
80808080
80808080
80808080
80808080
80808080
80808080
80808080
80808080
80808080
80808080
80808080
80808080
80808080
80808080
80808080
80808080
80808080
80808080
80808080
80808080
80808080
80808080
80808080
80808080
80808080
80808080
80808080
80808080
80808080
80808080
80808080
80808080
80808080
80808080
80808080
80808080
80808080
80808080
80808080
80808080
80808080
4C404E67
4335364B
46383C4D
3A44474C
FE17204A
0F0D0BEE
F9051409
EEF6FEEE
0709F4F6
EEFCF4DF
6A5F7662
43516555
E6F4DFEE
38220980
05F4092D
001C171E
C48000EE
C4DBCECE
DFE6CEC4
74CEDFCE
4C37513D
2640493D
EEECDBF8
341D30EC
19123729
08252C25
80C4FA0F
EEDBDBCE
DBE3E6DB
53C4CEC4
36FC343B
1F2B44EE
DBDFE6EE
FD0721E3
24181A08
0E172406
DBDBE308
E6CECEDB
EEDBE6F8
5FB3C4DB
382C5330
01C4DF80
F2D5C4E6
E6D5EEE9
D5B30DDF
10DBDFB3
CECEDBF4
C4D5ECB3
DBB3C480
3280C4B3
1CF941F6
DBB30A80
B380B380
B38080D5
80808080
D580F280
80B3DBCE
E3D5B380
DBC4ECD5
2580CED5
C480EE80
B3808080
8080B380
ECDBC480
8080C480
B380C480
C4CE80C4
CE80B380
CEC4DBC4
B380B3B3
80808080
80808080
8080DB80
B3808080
80808080
80808080
B3808080
CE8080C4
CE80CE80
8080B380
80808080
80808080
B380B380
80808080
80808080
80808080
80808080
B3808080
B380B380
80808080
80808080
80808080
80808080
80808080
80808080
B3808080
80808080
8080CEB3
8080B3B3
8080CE80
4535412B
2E032D3C
20E909F4
808080FF
2625FF80
3A242B21
06274446
0806200A
E380B3E9
5580B380
6E5B6657
6E536558
51536F5F
5D5A6A54
6C5B6252
7661765F
71607461
6B606E5A
45425E55
65001D24
5C44693C
6B5C715D
68536B55
7055695B
65506558
6250604F
62536950
64476751
5B4E534F
640D322F
624E5D51
624C694C
51484D28
604D5D3E
613D6250
473D5845
61446238
51335948
564B583D
6C0D3038
4C425416
4D3D30F9
5F415B3E
4B3B584A
5737533A
4C2B4C37
4F3C38FD
52364739
5B474A21
47F9122D
49294D38
3B31522A
4241523F
30225326
36142EF8
30063621
3A253C10
410E3A16
2AFC4B35
3DCE1010
2B365080
F6802ACE
44E31CB3
1902492B
2D0E2FC4
3E044207
2E074725
37162CF6
1AE33935
1680FDF6
10F62E80
3CE6F680
462641F9
2AF823C4
228006E3
2CC42480
F980FEF4
E980C4C4
16DF1F80
26D5DBB3
E9800380
2BB31180
EC80F9B3
20D51180
8080D580
CE8015B3
80808080
DB808080
CE80F080
8080FAE6
E9808080
80808080
80808080
2480F080
808010F9
B3808080
CE80DB80
80808080
0B80EE80
80B3F080
80808080
80808080
E6808080
80808080
80808080
80808080
80808080
80808080
8080EC80
80808080
80808080
80808080
80808080
80808080
80808080
80808080
80808080
80808080
B380CE80
80808080
80808080
80808080
80808080
80808080
80808080
80808080
80808080
80808080
8080B380
80808080
80808080
80808080
80808080
80808080
80808080
80808080
80808080
80808080
80808080
80808080
288005EE
80808080
80808080
80808080
80808080
3F800480
46804B42
8080223C
80808080
FF808080
5B4C5F56
CEFA483E
80808080
80808080
40808080
62466853
6D596F5A
80804750
EC808080
57211BFA
6C4B6C58
4B40624C
5542473D
2E80B3FF
64455C3D
6C50715D
6E5B715D
DF0F5550
22CE0C80
56374632
6F516C48
54506458
63566149
602B5541
765E6B4E
765C7362
6F5D6F5E
20346356
511F30F0
5440554A
6E466240
6449605C
62495E48
6543554C
70536553
69556259
6648624E
13175F50
673934F8
4E415F5B
60314D08
6957644C
5E3E5E51
6348514E
6C4E6552
64465241
503A4F3F
3230573B
56435D39
4A386750
3E39511F
5B556029
594C6547
604C5F4E
6751674F
58394630
550B5442
26256843
51365A43
4D345A3E
44F836C4
4D083728
371F4234
451A3C0D
39E33F2A
0380FD80
34C4E380
56383FD5
554B5F4B
4E0A523F
00B31F80
0C80E9B3
3AFD33B3
30002CF2
1C2F3504
DB808080
3180FD80
755A643D
705E6B58
32536040
B3800780
E980E980
41DB1080
0E1430F8
D5EE39B3
80808080
18808080
694C4A0C
6C50634C
8055674F
80808080
80808080
2A808080
CE80F880
80808080
80808080
8080C480
5D354905
5E496546
80425639
80808080
80808080
2480CE80
80808080
8080EC80
80808080
80808080
4B251780
53466136
EE415534
80808080
80808080
1780D580
DF80D580
80808080
80808080
80808080
41DBE680
49254C21
072F4D32
80808080
80808080
FCF2F980
1280F280
808080C4
80808080
80808080
47C4E680
5135442A
F4244931
80808080
80808080
EE808080
80808080
80808080
80808080
80808080
2CE60F80
39273BEE
801A3E14
80808080
80808080
80808080
80808080
80808080
80808080
80808080
31808080
45081E80
80263E1B
80808080
80808080
80808080
80808080
80808080
80808080
80808080
1C80D580
30F630DB
80254A0B
80808080
80808080
80808080
80808080
80808080
80808080
80808080
B3808080
F9800B80
80FCB3C4
80808080
80808080
80808080
80808080
80808080
80808080
80808080
80808080
CE80F880
80808080
80808080
80808080
80808080
80808080
80808080
80808080
80808080
80808080
80808080
80808080
80808080
80808080
80808080
80808080
80808080
80808080
80808080
80808080
80808080
80808080
80808080
80808080
80808080
80808080
80808080
80808080
80808080
80808080
80808080
80808080
80808080
80808080
80808080
80808080
80808080
80808080
80808080
80808080
80808080
80808080
80808080
80808080
80808080
80808080
80808080
80808080
80808080
80808080
80808080
80808080
80808080
80808080
80808080
80808080
80808080
80808080
80808080
80808080
80808080
80808080
80808080
80808080
80808080
80808080
80808080
80808080
80808080
80808080
80808080
80808080
4B4C404E
4D433536
4C46383C
4A3A4447
EEFE1720
090F0D0B
EEF90514
F6EEF6FE
DF0709F4
67EEFCF4
463E3711
43253D2D
372F3034
492F392E
13141B11
FFFA0F08
FAE3F40A
FFFDEEE9
F4FC0305
39F2FFF8
302B3A30
39272713
43373A39
4632313A
2510091B
0B041904
F9DF0709
E3FA03F4
F4EEF9F9
41FFFEEE
33F83C1F
4728463B
42263439
3B061130
12070F08
F8E91204
FDF4FDFC
020A01E6
F9DBE3E3
00DF06FC
40FC3B2C
4A374433
390F2809
28123C21
19EC1B19
F61106F0
E9D5E9F4
FCDBE3E9
ECC4F0F0
43E3F6E9
1BDB0C0F
322C3D0F
31163008
2A212EEE
04F82E22
F6D5D5EE
F6F0F601
0BDFF0B3
00DBE9E6
F4E3F0F8
2F184428
1E80352E
15152A02
2B022BFC
07E62005
FEE9D5DB
CEDB02F8
DFF9FFC4
F0EEFAB3
2ADFF4CE
33123408
2C1A4523
15801B08
26F211DF
11EEF280
08DBF2EC
DFDFDFC4
F4E3F4D5
E6C4DF80
35CEE6B3
351E0B1D
120F2DF6
1F022AF6
2AFC0AE3
FC80CEDB
F2B3ECD5
F480DFE6
DFDFF8D5
F4B3D5C4
39CEE6C4
322324E9
1A1B25FE
1CF931B3
290B06D5
F2E621DB
F0DFFAF4
F2B3ECE6
F2CEF8D5
E6B3E6DB
28E3F2B3
39E619C4
32013326
1EEE3501
12800BE9
F6E614D5
CE80F4E6
ECB3DBC4
B380CED5
DF80B380
32C4ECB3
0A80DBF6
F8123C80
08DB250D
20B30380
F40A0EE3
DBB3DBB3
D580E9C4
FAB3F0CE
D5C400DF
35C4F080
2B1333FE
3C143F02
04CE2AFC
20FD0280
EE80E6DF
F9D5DF80
E3B3CEC4
F080E9B3
DBC4E9E6
1480DBB3
3C3027DF
2C800805
0D00040B
21ECFEB3
F8B3DF80
DF80F280
F0B3F4EE
F480DB80
E980C4B3
FF80E9C4
42802ECE
F4F21227
18FAECB3
15E61C80
01DFFAB3
FF80D580
CE80DBCE
EE80DF80
F9F8C480
2480C4C4
49FF14E3
21F2D528
0FFD21D5
14D51DE3
EC80E3C4
F0B304E6
E3CEDFC4
B380C480
00CEDB80
FA80DFB3
3E0A2F08
0A010210
06F90407
13CEB380
B380B3B3
C480CE80
DBCEDFC4
C4808080
EEC4DB80
27B3DF80
80801D17
F080F080
F8EC15DF
0BC4FEC4
CE80CE80
F0B3E380
CE80E680
8080D5B3
DF80CE80
25CEDF80
80801880
20E904B3
F2E60180
FCB30A80
F8CE0180
E9B3B3B3
DFD5CE80
8080D580
CE80D580
E9808080
09800E0F
1D001580
F9F912F9
0ECEDF80
C480C4C4
D580DB80
CE80EC80
E6B3D580
C4CEC480
2C80B380
E6B30E80
F9B32F0B
F4D52DB3
16C4250E
F2B305FC
16C4F680
CEC4F4B3
C480C480
CE80D580
FDCEB380
048021DB
ECCEFCE3
DFDB0680
2280CE80
EC80D50F
DBDBFDCE
D580B3B3
04808080
001BE6E6
1BC4E380
E38017E6
1C0E13B3
1FF9F080
3C0B11FF
120B082C
FFC4DF80
E980D580
3B808080
253D232B
23CEB3B3
4E456258
30284E35
FEEE1D07
410C05F2
21F41F23
2CFFFAFE
FCC4F2E3
1D80DBD5
08332612
74DBF480
594D715B
312C3C24
3F1F1B24
370E3E1E
2D002A31
1E01E911
F8B3CEDB
F4C409C4
17040DCE
730D1CFA
5949654E
22113F2E
431EFAD5
35154D28
FA0C2627
12FE1C05
E38000D5
FE8012B3
262327B3
6B1D3223
56455E46
2D262D32
4A403A0C
4E2D4D24
26C4083E
08071506
30ECFFDB
08F608DB
26272D0D
64193116
5442573F
37141D80
3E245033
4448511E
361B3325
04E31016
230F3909
04ECB3D5
28FF2506
5E0E2F1F
6F536044
63577360
6954694C
6C5B7156
504E6E57
584A162E
50566748
44183044
6C243730
593F5A5A
5A40573F
6658715C
64536D4F
383C6D59
513E4B15
5D493F2D
59505E41
2B034951
5446663C
534A6343
5D324F39
4D386252
55475B46
2D0D5652
352830EE
413C551C
4C4E5634
2313492E
47284B36
4E25523C
60283E2A
464D5546
5E546744
80805145
28DBD580
4C2D3002
2B104125
1B143A12
351F470C
452F582C
59082721
48455839
5144643F
8080F6B3
0D808080
3C1B08B3
DB80291C
EED51C80
2DDB2F80
32E3331B
311E3427
4C0F41DF
2E135A47
8080F080
80808080
EC80EE80
15802080
80802DDF
FA80F480
0F802BF2
34808080
4ED545EE
E3802A37
80808080
80808080
0E808080
8080F080
80800780
80808080
80800C80
3BF08080
2A8023CE
80802F00
80808080
80808080
DF808080
8080E980
8080E980
80808080
8080DF80
80808080
2480F880
808080CE
80808080
80808080
80808080
8080DB80
8080F6C4
80808080
80801580
80808080
F4808080
80808080
80808080
80808080
80808080
80808080
80808080
8080B380
8080E380
80808080
80808080
80808080
80808080
80808080
80808080
E3808080
80808080
80808080
8080CE80
80808080
80808080
80808080
80808080
80808080
80808080
80808080
80808080
80808080
80808080
80808080
80808080
80808080
80808080
80808080
80808080
80808080
80808080
80808080
80808080
80808080
80808080
80808080
80808080
80808080
80808080
80808080
80808080
80808080
80808080
80808080
80808080
80808080
80808080
80808080
80808080
80808080
80808080
80808080
80808080
80808080
80808080
80808080
80808080
80808080
80808080
80808080
80808080
80808080
80808080
80808080
80808080
80808080
80808080
80808080
80808080
80808080
80808080
80808080
80808080
80808080
80808080
80808080
80808080
80808080
80808080
80808080
80808080
80808080
80808080
80808080
80808080
80808080
80808080
80808080
80808080
80808080
80808080
80808080
80808080
80808080
80808080
80808080
80808080
80808080
80808080
80808080
80808080
80808080
80808080
80808080
80808080
80808080
80808080
80808080
80808080
80808080
80808080
80808080
80808080
514E536A
46413E53
3222284A
34351532
FC142346
121010F4
DB040A07
E9ECF2E4
FFFAE8EA
E6F5EADF
3C3E1C40
2C403148
1E1B253C
2A371E25
14221744
05160F14
DBF60B01
F4E9E2DC
F6FCFAFB
E6F3EBEE
1F383348
282E0A32
21252632
272D2429
120D1634
091C0425
DEFE090C
EFF6EEF2
E9F4F9E4
ECF0E9F2
0542230C
0F2C0C34
12182436
FA081E2E
F20EFE26
E605F003
EAF4FAFE
FDFCD9F1
D1DBCAF2
C7F6EAF2
FB3C1E3C
16360637
EB0BE72E
EE0D0E18
D1F4F30B
ED01D4F3
CCE6EAEE
DAD7CFCF
C4EFE9F6
CAECE4E8
C404EBE4
010EEB05
F011E612
1014D205
DA14FA1A
C0D1D2E3
E8D8F2E5
C7E1A6EA
D5E6DEFC
CAE1E7F4
F213FE00
80080203
F016E2F6
E200DDF0
CCF8E40D
CFC0C4E5
C4E2DADE
DBDFC4C7
D2EFA6DB
C7E4BAE8
EE07E608
F414FA06
8001E601
D6EDC7FC
D2D680FC
C4D6D1ED
C7C7B3E6
CAD7C0C7
B3D480E4
BACCA6D9
F6E8F60B
EB02D808
E200D8EE
DDE8CAF7
80BAC400
A6D1C0DD
80C7CCE2
C7EECCD7
A6CCC0C7
BAE0B3D7
282BFA33
15270E37
F527C31F
E8E4E01D
F618C4FF
F006FFFF
D002FE02
DC02E2F7
A6D9DEF8
CAE2A6E5
032CE93F
16403246
07441841
B623042B
0328F425
B8140414
DE01EBF8
B8F6F60D
B0DEB5E1
D3F8CFF8
B1FE0841
2449B71E
F9361F15
DC1CB720
1C240034
DAFCDA10
B509E7FD
D80EEFF8
E615FB14
D600ACF6
223E132A
224A1439
EC330746
1119B017
AF05FB30
EFFDB10B
D7F3E10C
AD05D802
E605FC08
A3F0D4FA
3432ED11
AF120240
101A1834
0014D922
D4FCAE2C
AB08AE10
D505F2FA
AEF6AE08
B2E6CE0C
9EF3DE06
AA36E82A
02222844
0C06D606
F52AAA22
EC07C41C
A2EDA80E
A9F3DE0B
A4F6A6E9
F9E6AD03
94D7D705
0D23CA01
D6EA1242
F620CC16
E028F51C
A4F6C415
C714EEFC
DCF9DC04
A6DE9EF6
D3F2ADD4
80E6C406
052FE627
FAFFEC32
04130416
D8CF9116
80C8BF19
91E480CF
BAE7D0DE
809191E2
CBEC80CD
BCDE8DF8
8016F1FC
8DF8809A
D10ED4FF
C803B3F5
80D08010
A6F08DBA
80CC80E8
80C0A6BA
80D68097
BAE69ADB
80F280CF
CFE3A69A
CCE180F8
A60480D6
BA059E06
A6A6A6DA
C0D180DC
80C080DB
80DB8080
8D9C80DD
80EAEB01
E0F080E7
DBEEDBF6
BAC780F4
80B3B3EA
80C480B3
80D180C0
A6C080BA
BACE80CC
80A680B3
A6EA80DE
A603E8CC
C002A6DB
B3FCEAD7
A6E4DDF0
B3D880D6
B3D7A6F0
80B380BA
80D380B3
BAA680C7
80F9C4F4
BADDCAE3
C4E480D1
80BA80C7
80C0EBFA
C4DEBAD1
80A6A6C4
808080C0
F4D9CCE3
B3CA80E0
80F1CCFA
EAEEA6CA
DBD480F5
E8EDDFF7
E8E6010D
B3C780EE
80C080DF
808080CF
0EFA000C
BAA6A6FC
144B3E57
FE1A0844
D2F6E504
E9E4D6DE
D7F7FA11
DFFCDEF9
B308FB31
80EDEF0E
06FCEEF6
C4D780E6
4D6C5A6C
203F2A5A
F7F4FB18
EA0EF60F
E0000509
12092232
DCF6FB2F
B318E715
E3EABAD7
121CFA0C
4A675066
1D48365E
270DEF2C
F0261E48
1A342C33
12311B14
B71CF728
A423DA06
0E20A6F6
24372725
48624660
303B3C5C
46441B37
2C4F2B50
EA214252
1C2C1D3A
081BFC24
061FFA40
252E060E
233A2331
435A3F5A
212EB75A
2D543842
47522A47
2940304C
00242744
1D431A1D
F7DEF434
0E290208
1B3B2E38
4A5B3555
576F5B6B
4E664D64
56695466
4E6C566A
49253357
4F61465B
1E3A4250
2C403240
3D5D5866
3E563752
576D4F53
516B4D63
406A5661
43522442
45412E56
3F5C415C
0C514E58
42633E2A
44614253
24491C4E
2C574857
3D55424D
1050414E
1734FD33
0D3FF536
2C390732
1C461846
31503B30
1E523D4A
0B360040
1A3A2148
3E5A2038
A0483055
F0EDA1AC
0204E225
EC30FC30
26441D2C
2F501F32
385A3144
E61FF906
143C0B30
2A4F0F30
A504C44D
9CAE8DA4
F4E6A6FF
80FFF50D
F328A3EA
F83CB30D
0040283D
F607FDEB
EB11C705
EE241519
80F2802D
80808094
80D28080
800980D1
AD34E8F0
B210B2B7
B0360413
8080809C
C014D207
8013091A
808080F3
809B8080
80808080
80D480EA
A90B8080
B2B8AEB3
B01EADB5
D48080A2
80FABA0C
8018E000
809580A6
80808098
80808080
80CF80C7
97E88080
A9B3A8B0
ACFAACB2
8080809D
80DA8080
9C9EBAFB
809C809F
808091A4
80808080
80C48080
91F2B380
ADB1AAB2
A922ACB4
80808080
80808080
808080D7
8080809C
80808080
80808080
80808080
9AA48080
AAD59CAB
A6FAA5AE
80808080
80808080
80808080
80808080
80808080
80808080
80808080
808080CA
A2A880AC
AAEAA7B1
80808080
80808080
80808080
80808080
80808080
80808080
80808080
80958080
9EAC97A7
A9B2A3AC
80808080
80808080
80808080
80808080
80808080
80808080
80808080
80808080
80A3808D
9F8D919E
80808080
80808080
80808080
80808080
80808080
80808080
80808080
80808080
809E8080
80808094
80808080
80808080
80808080
80808080
80808080
80808080
80808080
80808080
80808080
80808080
80808080
80808080
80808080
80808080
80808080
80808080
80808080
80808080
80808080
80808080
80808080
80808080
80808080
80808080
80808080
80808080
80808080
80808080
80808080
80808080
80808080
80808080
80808080
80808080
80808080
80808080
80808080
80808080
80808080
80808080
80808080
80808080
80808080
80808080
80808080
80808080
80808080
80808080
80808080
80808080
80808080
80808080
80808080
80808080
80808080
80808080
80808080
80808080
80808080
80808080
80808080
80808080
80808080
80808080
80808080
80808080
80808080
80808080
80808080
80808080
565B586E
4A4D465A
1D0C1548
2E26E419
F9102641
161214FA
BC020104
E4E2E6D9
F6ECDCDD
DEEEE1DF
3A442746
32433549
0E061634
26340D12
13291D3E
101E1616
D4F70C04
ECE4DCBD
F0F4F0F6
DBE6DEE8
14373650
29360033
0B10142C
1C290E0F
14121222
0E1E0524
DDF5080C
E4E8E8EA
E4F0F8E4
D9E1E4F1
12482819
F612DE36
FEFC1024
EE000C1A
DD0EF410
E2F8DCF4
E1ECF804
F0F6CCE6
C7D4B2E3
B0E5D8EA
FA3E1134
F527DA2E
C8EEC412
C9DEFBF6
B6CECCEE
C8FCB8CC
C4E2E1E6
D8CBB4B4
C4EEE2F0
B2E2DFE4
AEFDC8D4
D6DEC8F0
CBF2C4F2
FEF9B7D8
BCF9D10B
AACCB7C2
DFBBE2D4
B0D29ADD
D0E2D5EC
B2D2D6E7
CCE2D4D5
80DAD7D8
CA02C1CF
C1D6BECA
B3D0C2EF
B4AAAEC4
AEC1BCBF
BCC0C4C0
B7E49AD6
B0D4A7DF
C9DAC4DA
CDE2D2DA
80E7C4D6
B9C8B0E4
B7B980D3
AEB9B6C8
B0B0A2C4
B2BAAAB0
A2C980D4
A7B39ACC
CFC6CEDC
C8D6BBDA
C1D5BBC9
BEC5B2D0
80A7AED5
9AB6AABE
80B0B3D2
B0E3C4BA
9AC4BCB0
A7DAA2BA
2C320A3E
0F291D3C
F11DD424
C6C3EA1E
0610AED4
02120A0C
ED181615
EA0CF0FC
9ACCE2FD
B2D29AE4
20400E4C
2A4C3F54
20523050
ED3A1E38
203B1438
F0352231
0A281222
F01E182E
E108EA0F
E204EC12
E222194C
3756EE33
17483132
0436EE38
2D3A1E48
021E012C
EA290A1E
FD2C101C
092A172F
E811D818
30482840
30542746
0B3C124F
2530DF2A
DE241840
091CE228
FC18FE20
DA21FE22
08201220
C606F618
393EFA23
DE1CFF44
2030243C
142BFE36
F519DD36
D61FDC28
F816F616
DB11DC20
E407EA23
BCFEF822
D43E0330
12322846
1E1FF918
0438D32D
FA14D622
C306D01C
D20CEF18
C70CCB04
FA08DA18
A7EAEA12
1A32B208
B900FB3A
F01EC40C
EC33072A
C709C416
DC23F60C
EA13F417
CBF8BB08
D80ADAF5
80EED40D
002EC426
F4FCC827
10220023
E3EBA226
80DCCB1E
A2F980EA
A7EEDCF8
80A2A2EA
D2FD80D6
C4DD9A02
8010CCD2
9A0080B4
B607C90E
CC08A2F2
80D28016
9AFC9AA7
80B380DF
80AA9AA7
80DF80AE
A7ECB3D6
80CC80B4
B4C29AB4
B3C080D0
9AFD80B9
A708BC10
9A9A9ABC
AAD480CE
80AA80D6
80E28080
9AB880EC
80C7C8D6
C0CA80C4
BCC9BCCE
A7B080F0
80A2A2C7
80AE80A2
80B680AA
9AAA80A7
A7D880B3
809A80A2
9AC780BE
9AD8C6B3
AAD69ABC
A2D2C7BA
9AC2BECB
A2BB80B9
A2BA9ACB
80A280A7
80D280A2
A79A80C0
80D0AECE
A7BEB2C2
AEC380B6
80A780B0
80AAC8D1
AEBEA7B6
809A9AAE
808080AA
CECCB3C2
A2B280C0
80CCB3D2
C7CA9AB2
BCB880CE
C6C8C0D0
C6C4D6DE
A2B080C9
80AA80C0
808080B4
DED2D6DE
A79A9AD2
E234233A
D4E7DA3B
B7CEC4D8
C6C2B9BF
BAD0D2E0
C0FFBFD0
A21E1236
80FE0821
DAD3C9CE
AEBA80C4
4C685865
1342315A
D0CED200
C7DFCFE0
C0D5D8DC
24283236
061E1A40
A2280A32
C2C6A7BA
171CFA02
4A685360
28503D62
30200936
CA00144C
28413232
2746312F
EE38193F
C8340228
F81A9AEE
2A3C2A24
4B65475C
3B484562
4B4E2A40
2C513256
113A4657
3244344E
24371C3F
15361850
232EFE14
2C43303C
445C4056
2E3EEE61
36573E4E
46533550
374C3C54
1C393853
2C4E2C36
02091244
1C2CFF0C
28473D48
42562652
576C5668
49644E66
52615264
4E6A5468
4834385E
485B445E
24444050
344A343B
3C605561
3C542F50
5668424C
50694B60
4466545E
4859324C
41422E5C
2E59425A
14584A57
3E604028
3F5E4052
1542FE4E
204C3D50
334E3D4D
14493046
06380C39
DE29CE37
091CDA22
26440240
3A55403C
18523E4E
EE2ED53C
E61FFC30
284DFC29
C03E1C4C
0505C2D8
D6D8C122
C81FD214
374F282E
3E593248
415C3652
C417D0D9
E220DC06
103AE018
CA13D649
B7DC9AC7
CEC49AF1
80D4CEDE
1033C6FA
1649E62C
1C4D354C
CFDAD4C8
C8E0B0D8
CAEDE4E6
80F4802C
808080A7
80B78080
80F280B6
DA3BF2CA
E42CE3EE
E140162C
808080B7
AAE2B7DA
80FCDCE7
80808004
80B68080
80808080
80B880C7
D20F8080
E3F0DBE6
E030DAEA
B88080C4
80D2A7DE
8002C0D5
80AA80CC
808080B0
80808080
80B480B0
AEE88080
D2E6D0E0
D816D9E4
808080BA
80BC8080
B9BCA7D2
80B980BE
8080A2C9
80808080
80AE8080
A2EEA280
DAE2D5E4
D22FD8E8
80808080
80808080
808080BA
808080B7
80808080
80808080
80808080
B3C88080
D4F7B7D6
CD10CADC
80808080
80808080
80808080
80808080
80808080
80808080
80808080
808080B2
C4CF80D8
D306CEE2
80808080
80808080
80808080
80808080
80808080
80808080
80808080
80AA8080
BBD8AECE
D2E5C6D8
80808080
80808080
80808080
80808080
80808080
80808080
80808080
80808080
80C6809A
BE9AA2BC
80808080
80808080
80808080
80808080
80808080
80808080
80808080
80808080
80BC8080
808080A7
80808080
80808080
80808080
80808080
80808080
80808080
80808080
80808080
80808080
80808080
80808080
80808080
80808080
80808080
80808080
80808080
80808080
80808080
80808080
80808080
80808080
80808080
80808080
80808080
80808080
80808080
80808080
80808080
80808080
80808080
80808080
80808080
80808080
80808080
80808080
80808080
80808080
80808080
80808080
80808080
80808080
80808080
80808080
80808080
80808080
80808080
80808080
80808080
80808080
80808080
80808080
80808080
80808080
80808080
80808080
80808080
80808080
80808080
80808080
80808080
80808080
80808080
80808080
80808080
80808080
80808080
80808080
80808080
80808080
80808080
5A685D71
4E594D62
08F50246
2818B200
F60C2A3C
191419FF
9E01F802
E0D8DACE
EEDDD0D0
D6E6D8DF
394A324C
3946394A
FDF0072D
2232FC00
12302339
1A251E18
CCF80E06
E4E0D59E
E9EDE6F2
D0DAD1E1
08363858
2A3DF734
F5FB0126
1225F9F5
16160D0F
12210624
DCEC080D
D9DBE1E2
E0EBF8E5
C6D2E0F0
1F4D2C26
DDF9AF37
E9E0FB12
E1F7FB06
C80EE9FB
DEECC7E4
D8E4F60A
E2F1C0DA
BDCC99D4
98D4C5E2
FA40042C
D418AD25
A4D0A2F7
A4AFE8D4
9BA7A6D0
A4F79CA6
BCDED8DD
D6BF9A9A
C4EDDCE9
99D8DADF
97F6A4C3
ABAFA4DA
A6D2A2D3
ECDE9CAC
9EDEA8FC
95C89CA1
D69ED3C4
98C28DD0
CADECCDD
99C2C4DA
A6B1AAAA
80ADACAC
A5EFA0A8
A0AB9FA5
9AA8A1D1
9A9597A2
97A09EA0
9EA0C4BA
9CD98DD2
98C394D6
A4ADA2AD
A6B1A9AD
80CDA2AB
9CA498CC
9C9C80AA
979C9BA4
989891A2
999D9598
91BE80C3
949A8DC0
A8A3A7AE
A4AB9EAD
A0AA9EA4
9FA299A8
809497AA
8D9B959F
80989AC3
98D8BC9D
8DBCB798
94D4919D
303A1A4A
092B2C40
ED13E429
A3A2F41F
150897AA
131F1619
0A2E2E28
F816FD01
8DC0E602
99C38DE4
3E533258
3E584C61
3A60485F
24523944
3E4E334A
2956414E
354E3A4C
28463950
1233203D
F111082C
13462A58
4A642648
355A434E
2C502450
3E4F3B5C
293F2849
1E492D40
2249303F
2C3E334A
FB22033A
3F523C56
3E5E3A54
2A441D58
39460E3E
0E433450
233A1444
203D1B34
063D2342
293C2739
EA1B1737
3E490835
0E26FC48
31453145
2742244A
16360C40
0036093F
1A27F931
082C0B37
1528063A
DB08133E
FF451E37
21422947
2F381C29
1345FC38
0721E729
E41EF929
FC240024
EA23F01F
FB29082C
BAFDFD1E
2841990F
9C15E432
EA1DBC01
F73E1937
EA1CC418
F032FF1D
F92D0D2A
F012D81B
DE220816
80F6E514
FB2EA226
EDF9A41C
1B32FC30
EE07B336
80F1D724
B30E8006
94F6E812
80B3B3F2
D80E80E0
CCDCA60C
800AA6A9
A60980CF
9B00BE1C
D10C91EF
80D3801B
8D08A694
809A80D6
80958D94
80E880C4
94F3CCD2
80A6809A
9AA18DCF
9AA080A8
8DF6809C
940CDB1A
8D8D8D9E
95D880C0
809580D2
80E88080
A6D480FC
80A4A4AB
A0A580A2
9EA49EA7
949880EB
809191A4
80978091
809B8095
8D958094
94E2809A
808D8091
8DA4809F
8DACA39A
95AB8D9E
91A9A49D
8DA19FA6
919E809C
919D8DA6
80918094
80D08091
948D80BA
80A897A7
949F99A1
97A2809B
80948098
8095A4A8
979F949B
808D8D97
80808095
A7C09AA1
919980A0
80A69AA9
A4A58D99
9E9C80A7
A3A4A0A8
A3A2ABAF
919880A4
809580A0
8080809A
AFA9ABAF
948D8DA9
B11C081C
AAB4AD32
9CA7A2AC
A3A19CA0
9DA8A9B0
A002A0A8
91352A3A
80102234
ADAAA4A7
979D80A2
4C64575E
0645385A
A8A7A9E7
A4B0A8B0
A0AAACAE
3548423B
30473A51
91382D50
A1A3949D
1C1BFAF7
4A6A565B
34594467
39342341
A5DA0950
374E3830
3C5C474A
24553B56
EB44294B
E3138DE7
30412E23
4E684858
46564E69
50573A4A
2C533A5D
38524A5C
475C4B62
41533D5A
244C375F
212FF71A
364C3D46
455F4052
3C4F2568
405A4359
44544059
4558485D
384E4862
3A583D50
0C343155
2A30FC0F
34534C57
3A52174E
57685164
44615068
4D595061
4E675365
47433C65
41554161
2A4D3D50
3B543736
3A64525C
3B52274E
56643645
4E67495E
4862515C
4C604056
3D442F62
1C564259
1C604656
3A5D4127
3A5C3F52
063CE14E
1442324A
2948384D
17421E3E
F43B1B3F
AF13A738
E600AD12
2F42EB3A
425A4649
11523E52
D027AA37
B304D818
1340D71A
E0350743
1A1DE304
ABACA01F
A40EA9F7
485A3230
4E62455E
4A5E3B61
A20FA8AC
B105AEDC
F525B001
EF22E745
D20BA6EA
A7A28DE3
80AAA7AF
2E3EE909
3356194A
385A425C
A8ADAAA4
A4B098AC
A5B6B2B3
80F6802B
808080BA
809C8080
80DB809B
0842FCA5
17491426
124B2745
808080D2
95B19CAD
80E5AEB4
80808014
80D18080
80808080
809C80A4
FC138080
14290818
1143071E
9C8080E5
80A994AF
80ECA0AA
80C080F1
808080C7
80808080
809A8098
C4E78080
FC19F911
03320617
808080D7
809E8080
D6DB94A9
80D680DD
8080B3EE
80808080
80978080
B3EA9180
08130015
FB3C051D
80808080
80808080
8080809D
808080D2
80808080
80808080
80808080
CCEB8080
FD19D201
F427EF0B
80808080
80808080
80808080
80808080
80808080
80808080
80808080
80808099
E6F68005
FC22F414
80808080
80808080
80808080
80808080
80808080
80808080
80808080
80C08080
D804C4F5
FC18E804
80808080
80808080
80808080
80808080
80808080
80808080
80808080
80808080
80E880A6
DDA6B3DB
80808080
80808080
80808080
80808080
80808080
80808080
80808080
80808080
80DA8080
808080BA
80808080
80808080
80808080
80808080
80808080
80808080
80808080
80808080
80808080
80808080
80808080
80808080
80808080
80808080
80808080
80808080
80808080
80808080
80808080
80808080
80808080
80808080
80808080
80808080
80808080
80808080
80808080
80808080
80808080
80808080
80808080
80808080
80808080
80808080
80808080
80808080
80808080
80808080
80808080
80808080
80808080
80808080
80808080
80808080
80808080
80808080
80808080
80808080
80808080
80808080
80808080
80808080
80808080
80808080
80808080
80808080
80808080
80808080
80808080
80808080
80808080
80808080
80808080
80808080
80808080
80808080
80808080
80808080
80808080
80808080
303B313A
28322A35
FAF0F722
1104C0F3
FA04161C
0E0C0F02
C000F700
EEE7E7E2
F3E7E2E2
E7F0E7F0
1C281E2A
20241E26
F6EEFC13
0E18F6F7
091C141A
1216120C
E2FD0804
EEEEE7C0
F2F3EEF7
E2E7E2EE
FE1A1E30
1622F71B
F0F3F710
0410F2EE
0C0D04FE
0C120312
EEF20407
E7E7EEEE
EEF3FCF3
DAE2EEF7
162A1819
E2F0C01C
EAE2F300
EAF7F4F9
DA06F0F3
EEF0DAEA
E7EEFA08
EAF6DAE7
DAE2C0E2
C0E2DAEE
FC20FB12
DA05C00E
C0DAC0EE
C0C0EADA
C0C0C0DA
C0F9C0C0
DAEEE7EA
EADAC0C0
E2F6EAF2
C0E7EAEE
C0F7C0DA
C0C0C0E2
C0DAC0DA
EEE2C0C0
C0E2C0F6
C0E2C0C0
E7C0E2DA
C0DAC0E2
E2EEE2E7
C0DADAE7
C0C0C0C0
C0C0C0C0
C0EEC0C0
C0C0C0C0
C0C0C0DA
C0C0C0C0
C0C0C0C0
C0C0E2DA
C0E7C0E7
C0DAC0E7
C0C0C0C0
C0C0C0C0
C0DAC0C0
C0C0C0DA
C0C0C0C0
C0C0C0C0
C0C0C0C0
C0C0C0C0
C0DAC0DA
C0C0C0DA
C0C0C0C0
C0C0C0C0
C0C0C0C0
C0C0C0C0
C0C0C0C0
C0C0C0C0
C0C0C0DA
C0E7DAC0
C0DADAC0
C0E7C0C0
1A20162A
02161E22
F404FA17
C0C00010
1200C0C0
12161013
1422231D
03100503
C0DAF404
C0DAC0F2
2E332C32
2A322C37
2A383037
2D352A28
2E31292E
303B3036
303A303B
30372D38
212F2A36
000E1222
22341E32
2E382E2E
2A362A36
2A342E34
28322C38
28302832
2A342831
24342831
272A2832
0619182E
272E2836
26342631
24261431
262E1F28
1E312830
1E2C2230
22311C24
1A2C2430
262C1E28
06181C2B
212A0B24
1E18FC26
202E1F26
1E2C2530
1C2A1D26
16261C2C
1E1CFE26
1B241C28
24251029
FC09162E
14261C1E
18291524
2029201E
112A1321
0A17FC18
031B101B
121E0818
071D0B1D
FE261A20
E7080815
1B28C00B
C015E716
F20EDAFB
01241622
0718E20C
02210416
0424121F
0B16FB17
F21C1A1C
C0FEFB0D
FB17C013
F3FBC008
1320FC1E
FC12E223
C003F215
E212C011
C0FFFA16
C0E2E2FC
F010C0F4
EAEEDA0B
C002C0C0
DA08C0F4
C0FCDA16
EA08C0F6
C0EAC010
C00ADAC0
C0C0C0E7
C0C0C0C0
C0F8C0EE
C0FDF3E7
C0C0C0C0
C0C0C0F4
C0C0C0C0
C0F8C0C0
C008FC12
C0C0C0C0
C0EEC0DA
C0C0C0E7
C0F7C0C0
DAF8C006
C0C0C0C0
C0C0C0C0
C0C0C0C0
C0C0C0F3
C0C0C0C0
C0C0C0C0
C0C0C0C0
C0C0C0C0
C0F6C0C0
C0C0C0C0
C0C0C0C0
C0C0C0C0
C0C0C0C0
C0C0C0C0
C0C0C0C0
C0C0C0C0
C0C0C0C0
C0C0C0C0
C0E7C0C0
C0C0C0DA
C0C0C0C0
C0C0C0C0
C0C0C0C0
C0C0C0C0
C0C0C0C0
C0C0C0C0
C0C0C0C0
C0C0C0C0
C0DAC0C0
C0C0C0C0
C0C0C0C0
C0C0C0C0
C0C0C0C0
C0C0C0C0
C0C0C0C0
C0C0C0C0
C0C0C0C0
C0C0C0C0
C0C0C0C0
C0C0C0C0
C002F700
C0C0C014
C0C0C0C0
C0C0C0C0
C0C0C0C0
C002C0C0
C0262120
C0111E23
C0C0C0C0
C0C0C0C0
26302B2C
FD241F2E
C0C0C0E7
C0C0C0C0
C0C0C0C0
23342A20
2C382D31
C0242836
C0C0C0C0
100EFDF6
26362C2B
20312636
21241E26
C0DA002A
222E1E17
28382E32
2E382E36
082A2837
E706C0F0
1C231911
2836242A
28322C38
2B30242A
162A2032
2F362730
2E3A313B
2E382F3B
1A322B38
1018F810
202A2528
23312027
24302E37
242F2432
222A2631
2A322A32
2A312C38
24312734
0C302833
1C1AFC0A
20302E34
18260425
2C322630
1F2F2834
2428272F
27322932
23292036
1D282032
182C1E28
222E1C19
1C34282B
1C281026
2A30141F
2632242E
2630272C
28342830
1C231834
062A212C
1234222A
1B2D2213
1A2D1F28
FC1BE227
041C1422
10211A26
0D1E061C
F2201522
C0FEC01C
E2F2C002
1C20EA1A
2630262B
0529202A
DA10C019
C0F4DA00
FE1ADA06
0016F91D
181A0218
C0C0C00E
C0FEC0EE
2D321E18
2F362C3A
2A302038
C004C0C0
C0F4C0DA
EE08C0F4
0A18FC20
F71CDA07
C0C0C0EA
C0C0C0C0
2625060C
28322634
2A342836
C0C0C0C0
C0C0C0C0
C0C0C0C0
C0FCC015
C0C0C0E7
C0C0C0C0
C0E2C0C0
1A2402C0
2432232E
212B1C2F
C0C0C0F7
C0C0C0C0
C0E7C0C0
C0C0C012
C0F6C0C0
C0C0C0C0
C0C0C0C0
120CC0C0
23301B26
202A1A2A
C0C0C004
C0C0C0C0
C0EAC0C0
C0EAC00C
C0C0C0F0
C0C0C0C0
C0C0C0C0
EEF3C0C0
12261020
18261924
C0C0C0FA
C0C0C0C0
F9FCC0C0
C0F9C0FE
C0C0E209
C0C0C0C0
C0C0C0C0
E2F3C0C0
1A221524
12241828
C0C0C0C0
C0C0C0C0
C0C0C0C0
C0C0C0F7
C0C0C0C0
C0C0C0C0
C0C0C0C0
F308C0C0
141EF716
0D1F0A1C
C0C0C0C0
C0C0C0C0
C0C0C0C0
C0C0C0C0
C0C0C0C0
C0C0C0C0
C0C0C0C0
C0C0C0C0
040FC018
131F0E22
C0C0C0C0
C0C0C0C0
C0C0C0C0
C0C0C0C0
C0C0C0C0
C0C0C0C0
C0C0C0C0
C0EAC0C0
FB18EE0E
12250618
C0C0C0C0
C0C0C0C0
C0C0C0C0
C0C0C0C0
C0C0C0C0
C0C0C0C0
C0C0C0C0
C0C0C0C0
C006C0DA
FEDAE2FC
C0C0C0C0
C0C0C0C0
C0C0C0C0
C0C0C0C0
C0C0C0C0
C0C0C0C0
C0C0C0C0
C0C0C0C0
C0FCC0C0
C0C0C0E7
C0C0C0C0
C0C0C0C0
C0C0C0C0
C0C0C0C0
C0C0C0C0
C0C0C0C0
C0C0C0C0
C0C0C0C0
C0C0C0C0
C0C0C0C0
C0C0C0C0
C0C0C0C0
C0C0C0C0
C0C0C0C0
C0C0C0C0
C0C0C0C0
C0C0C0C0
C0C0C0C0
C0C0C0C0
C0C0C0C0
C0C0C0C0
C0C0C0C0
C0C0C0C0
C0C0C0C0
C0C0C0C0
C0C0C0C0
C0C0C0C0
C0C0C0C0
C0C0C0C0
C0C0C0C0
C0C0C0C0
C0C0C0C0
C0C0C0C0
C0C0C0C0
C0C0C0C0
C0C0C0C0
C0C0C0C0
C0C0C0C0
C0C0C0C0
C0C0C0C0
C0C0C0C0
C0C0C0C0
C0C0C0C0
C0C0C0C0
C0C0C0C0
C0C0C0C0
C0C0C0C0
C0C0C0C0
C0C0C0C0
C0C0C0C0
C0C0C0C0
C0C0C0C0
C0C0C0C0
C0C0C0C0
C0C0C0C0
C0C0C0C0
C0C0C0C0
C0C0C0C0
C0C0C0C0
C0C0C0C0
C0C0C0C0
C0C0C0C0
C0C0C0C0
C0C0C0C0
C0C0C0C0
C0C0C0C0
C0C0C0C0
C0C0C0C0
C0C0C0C0
C0C0C0C0
26202734
221A1B26
231C1E26
1D222426
FF0C1025
080606F7
FC020A04
F7FBFFF7
0404FAFB
F7FEFAF0
1F1C081C
121E1623
18181A22
181C171C
0A0E0824
FD08040A
F2FA0500
FEF7F4FD
FE020200
F900FCFA
161D1820
14140A18
1C1D1C1C
19181D22
08040E23
020C0212
F0040406
FD02FAFC
F7FCFCF2
00FFF7FA
FC1E1000
14231E1A
131A1C24
03081821
0408041E
F4090209
FAFEFEFC
0500F3FE
EEF2F201
F003FEFC
FE1E1622
1C221A20
08140425
091E101C
F60E0C14
0803F80C
EAF4FAFB
EEF2F4F4
E2F8F8FE
F2FBF4F6
EE0608FA
161E080E
0B180419
1017F718
FC171115
EAEAF702
F8FB00FB
F0F8DAFB
EEF4F306
F2F8FC00
0C221415
C01A1718
0A15010F
0116FE0A
F3100216
F4EAEE04
EE01FCFF
FC00E2E7
F7FDDAF0
F0FAE7F8
091A041A
0D22121A
C00E0416
F908F00A
F7F9C013
EEF9F608
F0F0E204
F2FAEAF0
E2F0C0FA
E7F3DAF3
0F060E1C
0816FB1A
0115FB09
FE05F210
C0E7EE15
DAF6EAFE
C0F0F3F9
F0FCEAFA
DAEAE2F0
E7F3E2FA
1212F414
0E12FF19
FC18DA0D
0603EA0E
F310EE14
F0FDFAF9
DAF6F3F8
E7FCEAF9
DAF3EEF9
F2F9DAF3
F30CE219
001A131C
F71A0019
C006F40F
F30AEA09
C0FAF3FB
DAEEE2E7
C0E7EAF6
C0DAC0DA
E2F6DAF0
C0EEFB1A
091EC005
EE1206FC
DA02C004
0507F210
DAEEDAFA
C0F4E2EE
DAF8E7EA
E200F0FD
E2F8C0EA
0A1AFF0A
0A200116
E715FE1E
FE01C002
C0F3F010
EAF0C0F7
DAE7E2FC
C0F4DAF2
E2F4F3F8
C0EEDAEE
1814F000
C004021E
00020616
F6FFDA06
DAF0C010
C0F9C0FC
DAFAF7F0
C0EEC0F8
C0E2DAFA
C0F4E2F4
C017E712
F9091421
FDF6DAFA
F30EC00C
F0FDDA0A
C0EAC000
C0EEE700
C0F0C0E7
FCE2C0F7
C0E2E2FC
000AF2FD
F9EA1424
FE10EA10
EA0EF208
C0F2E20A
DA02F3F6
E7F0E2F8
C0E2C0F2
E7EEC0DA
C0F0DA00
05180414
0001081F
FC020405
E7DAC003
C0DADA0A
C0E7C0DA
E7F0E2E2
C0C0C0EE
E2EEC0E2
DAF0C0F7
C00E0C12
C0F8C0C0
F60AF0F8
E2FFE2FC
C0E7C006
DAF2C0E7
C0F3C0F8
C0EADAE7
C0E7C0C0
E7F0C0F0
C00CC0F4
F402DAC0
F300C010
DA05C0F9
E700C0FE
DADADAFC
EAE7C0F4
C0EAC0F0
C0EAC0C0
C0C0C0E7
C0070816
000AC004
FC09FC0E
E7F0C0FC
C0E2E207
C0EEC0E2
C0F6C0EA
DAEAC0E7
E7E2C0F3
C0DAC0E2
DA07C0FE
DA1806F3
EA16DAFC
E21207FA
DA02FE0B
E2FBC0F9
E2FADA0B
C0E2C0E7
C0EAC0E2
E7DAC0E7
C010EE0E
E7FEF202
EE03C0F6
C0E7C0F0
C0EA0811
EEFEE7F6
C0DADAEE
C0C0C0EA
0EF3F302
E2F2C000
C00CF312
070ADAF2
FCF8C00E
06080010
0604161E
E2F0C009
C0EAC000
C0C0C0F4
1E12161E
E7DADA12
22312C3A
14271A27
F70E0418
0602F9FF
FA101220
00FDFF10
E2F9F216
C0EEEAFE
1A13090E
EEFAC004
26382E3A
161E122C
100E1218
071F0F20
0015181C
00F40816
DAE7EE0F
E204E2FC
0206E7FA
060EFD0C
24322736
0820172C
0FFDEA11
0A261422
0613141A
FF0E02FD
C000EA09
C009DAF2
1214DAFF
0E191213
222F2332
1316192B
201D0616
16261225
E2041F27
040A0313
F600EE04
FB04EE18
14160604
0C180B13
212C202F
0A0EC02A
12281A1C
24280F1F
0E1A1222
F2080B1B
081C0402
F6DAEA12
00120302
07181014
2A30222C
2C3A3038
2A342632
2E382B34
27372C36
250B1728
2B34242C
0C182228
121C1822
202D2D36
202C202A
2C382E2D
2A362833
1E362C32
1F260A1C
24201628
282F202E
0224282C
23331E16
2532222A
19281C27
1C31292E
242E2326
062B292A
1418F716
1E2A0E1A
272B1A20
0A241726
14261B12
12291E24
141F1522
262A2330
2A342223
C028222F
EEEAC0C0
16180114
08201226
0A1D0916
1024060E
182C161A
04141019
222C1C2C
22322024
C0FBDA28
C0C0C0C0
0E04DA06
C0140E1E
EA0EC0EE
EE18C0F7
F21A0E16
0F1A1408
0820F018
0A2D2426
C0F8C017
C0C0C0C0
C0F7C0C0
C010C0F6
C016F00A
C0FAC0C0
C016F9FD
C0C0C0C0
EA22F71A
C0151C27
C0C0C0F2
C0C0C0C0
C0C0C0C0
C0F8C007
C004C0C0
C0C0C0C0
C006C0C0
F8C0C0C0
C012E71E
C0180015
C0C0C0C0
C0C0C0C0
C0C0C0C0
C0F4C0F0
C0F4C0C0
C0C0C0C0
C0F0C0C0
C0C0C0C0
C0FCC0C0
C0C0E712
C0C0C0C0
C0C0C0C0
C0C0C0C0
C0EEC0C0
C0FBE2C0
C0C0C0C0
C00AC0C0
C0C0C0C0
C0C0C0C0
C0C0C0FA
C0C0C0C0
C0C0C0C0
C0C0C0C0
C0C0C0C0
C0C0C0C0
C0DAC0C0
C0F2C0C0
C0C0C0C0
C0C0C0C0
C0C0C0C0
C0C0C0C0
C0C0C0C0
C0C0C0C0
C0C0C0C0
C0C0C0F2
C0C0C0C0
C0E7C0C0
C0C0C0C0
C0C0C0C0
C0C0C0C0
C0C0C0C0
C0C0C0C0
C0C0C0C0
C0C0C0C0
C0C0C0C0
C0C0C0C0
C0C0C0C0
C0C0C0C0
C0C0C0C0
C0C0C0C0
C0C0C0C0
C0C0C0C0
C0C0C0C0
C0C0C0C0
C0C0C0C0
C0C0C0C0
C0C0C0C0
C0C0C0C0
C0C0C0C0
C0C0C0C0
C0C0C0C0
C0C0C0C0
C0C0C0C0
C0C0C0C0
C0C0C0C0
C0C0C0C0
C0C0C0C0
C0C0C0C0
C0C0C0C0
C0C0C0C0
C0C0C0C0
C0C0C0C0
C0C0C0C0
C0C0C0C0
C0C0C0C0
C0C0C0C0
C0C0C0C0
C0C0C0C0
C0C0C0C0
C0C0C0C0
C0C0C0C0
C0C0C0C0
C0C0C0C0
C0C0C0C0
C0C0C0C0
C0C0C0C0
C0C0C0C0
C0C0C0C0
C0C0C0C0
C0C0C0C0
C0C0C0C0
C0C0C0C0
C0C0C0C0
C0C0C0C0
C0C0C0C0
C0C0C0C0
C0C0C0C0
C0C0C0C0
C0C0C0C0
C0C0C0C0
C0C0C0C0
C0C0C0C0
C0C0C0C0
C0C0C0C0
C0C0C0C0
C0C0C0C0
C0C0C0C0
C0C0C0C0
C0C0C0C0
C0C0C0C0
C0C0C0C0
C0C0C0C0
C0C0C0C0
C0C0C0C0
C0C0C0C0
C0C0C0C0
C0C0C0C0
C0C0C0C0
C0C0C0C0
C0C0C0C0
C0C0C0C0
C0C0C0C0
C0C0C0C0
C0C0C0C0
C0C0C0C0
C0C0C0C0
C0C0C0C0
C0C0C0C0
C0C0C0C0
C0C0C0C0
C0C0C0C0
C0C0C0C0
C0C0C0C0
C0C0C0C0
C0C0C0C0
C0C0C0C0
C0C0C0C0
7F7F7F7F
7A7F7F7F
EECEE564
330E80D9
EE0E4454
2A222D08
8000E500
C8B5B5A6
D9B5A6A6
B5CEB5CE
527A5C7C
606E5C72
E2C8F439
2C48E2E5
1B523E4E
38423826
A6F7160C
C8C8B580
D4D9C8E5
A6B5A6C8
FA4E587F
4066E551
CED9E52E
0A32D4C8
24270CFC
22360936
C8D40C15
B5B5C8C8
C8D9F4D9
8CA6C8E5
427C484B
A6CE8054
C0A6D902
C0E5DEEB
8C14CED9
C8CE8CC0
B5C8EE18
C0E28CB5
8CA680A6
80A68CC8
F662F138
8C0F802A
808C80C8
8080C08C
8080808C
80EB8080
8CC8B5C0
C08C8080
A6E2C0D4
80B5C0C8
80E5808C
808080A6
808C808C
C8A68080
80A680E2
80A68080
B580A68C
808C80A6
A6C8A6B5
808C8CB5
80808080
80808080
80C88080
80808080
8080808C
80808080
80808080
8080A68C
80B580B5
808C80B5
80808080
80808080
808C8080
8080808C
80808080
80808080
80808080
80808080
808C808C
8080808C
80808080
80808080
80808080
80808080
80808080
80808080
8080808C
80B58C80
808C8C80
80B58080
5062407F
04445A68
DE0EEE45
8080FE30
38FE8080
36403239
3A666957
09300F09
808CDE0C
808C80D4
7F7F7F7F
7C7F7F7F
7C7F7F7F
7F7F7E7A
7F7F7B7F
7F7F7F7F
7F7F7F7F
7F7F7F7F
637F7F7F
002C3668
667F5A7F
7F7F7F7F
7C7F7F7F
7F7F7F7F
787F7F7F
787F767F
7C7F787F
6A7F7A7F
757C767F
144B467F
757F7A7F
727F727F
6C743C7F
747F5D7A
5C7F787F
5C7F687F
667F546A
4C7F6C7F
707F5C7A
1448547F
637E216A
5C48F672
627F5D74
587F6F7F
527C5770
4072527F
5A54FC72
516A5676
6A6F327B
F61B447F
3E74545C
4A7B3F6E
627B5E58
337C3963
1E45F448
09513251
385A1848
15572157
FA705062
B518183F
51788021
803FB540
D42A8CF1
036E4066
1546A626
06630A44
0A6A385D
2142F145
D4565052
80FCF127
F1458039
D9F18018
3962F65A
F434A669
8009D43F
A6368033
80FDEE42
80A6A6F6
CE2E80DE
C0C88C21
80048080
8C1A80DE
80F68C40
C01A80E2
80C08030
80208C80
808080B5
80808080
80E880C8
80F7D9B5
80808080
808080DE
80808080
80E88080
8018F636
80808080
80C8808C
808080B5
80E58080
8CE88010
80808080
80808080
80808080
808080D9
80808080
80808080
80808080
80808080
80E28080
80808080
80808080
80808080
80808080
80808080
80808080
80808080
80808080
80808080
80B58080
8080808C
80808080
80808080
80808080
80808080
80808080
80808080
80808080
80808080
808C8080
80808080
80808080
80808080
80808080
80808080
80808080
80808080
80808080
80808080
80808080
80808080
8008E5FE
8080803C
80808080
80808080
80808080
80068080
8070635E
80335A69
80808080
80808080
727F7F7F
F76C5D7F
808080B5
80808080
80808080
697F7C60
7F7F7F7F
806A787F
80808080
3228F7E2
707F7F7F
607F727F
636A5C70
808CFE7F
687F5C45
787F7F7F
7F7F7F7F
167F787F
B51280CE
52694B33
7A7F6C7E
787F7F7F
7F7F6E7E
407F627F
7F7F757F
7F7F7F7F
7F7F7F7F
4E7F7F7F
2E48E830
607F6F7A
697F6075
6E7F7F7F
6E7F6C7F
647F727F
7C7F7C7F
7F7F7F7F
6C7F757F
227F787F
564EF41C
627F7F7F
4A740C6F
7F7F727F
5D7F7A7F
6C7A757F
757F7B7F
697B627F
57765E7F
487F5878
647F564B
547F787F
567A2E74
7F7F3E5D
727F6A7F
727F757F
7A7F767F
5669487F
107E637F
387F647F
517F6439
4E7F5D7A
F451A675
0C523C66
2E634E74
275A1452
D45E3F68
80FC8056
A6D48004
545EC04E
707F707F
0F7B5E7F
8C2E804B
80DE8C00
FC4C8C12
0042EB57
46500648
8080802A
80FC80C8
7F7F5C4A
7F7F7F7F
7C7F607F
800A8080
80DE808C
C81880DE
1E48F462
E5568C15
808080C0
80808080
726F1224
787F727F
7F7F767F
80808080
80808080
80808080
80F4803F
808080B5
80808080
80A68080
506E0880
6E7F697F
637F567F
808080E5
80808080
80B58080
80808036
80E28080
80808080
80808080
38228080
697F5170
627F4E7C
8080800A
80808080
80C08080
80C08022
808080CE
80808080
80808080
C8D98080
38723262
46744B6E
808080EE
80808080
EBF68080
80EB80FA
8080A61B
80808080
80808080
A6D98080
50663F6A
366E4A7A
80808080
80808080
80808080
808080E5
80808080
80808080
80808080
D9168080
3A58E542
275D1E56
80808080
80808080
80808080
80808080
80808080
80808080
80808080
80808080
0C2D804A
395D2868
80808080
80808080
80808080
80808080
80808080
80808080
80808080
80C08080
F148C82A
386F1048
80808080
80808080
80808080
80808080
80808080
80808080
80808080
80808080
8010808C
FA8CA6F6
80808080
80808080
80808080
80808080
80808080
80808080
80808080
80808080
80F48080
808080B5
80808080
80808080
80808080
80808080
80808080
80808080
80808080
80808080
80808080
80808080
80808080
80808080
80808080
80808080
80808080
80808080
80808080
80808080
80808080
80808080
80808080
80808080
80808080
80808080
80808080
80808080
80808080
80808080
80808080
80808080
80808080
80808080
80808080
80808080
80808080
80808080
80808080
80808080
80808080
80808080
80808080
80808080
80808080
80808080
80808080
80808080
80808080
80808080
80808080
80808080
80808080
80808080
80808080
80808080
80808080
80808080
80808080
80808080
80808080
80808080
80808080
80808080
80808080
80808080
80808080
80808080
80808080
80808080
80808080
80808080
7260757F
64505170
69545A74
57666A72
FD22306F
161410E5
F6081E0E
E5F1FDE5
0A0EEEF1
E5FAEECE
5D521A56
385C4469
46484E64
46564552
1E281A6E
F7160C1C
D4EE0FFE
FCE5DEF7
FA0408FE
EBFEF4EE
40574862
3A3A1C48
52575656
4B4A5764
180E2869
06260638
CE0A0E10
F704EEF6
E5F6F6D4
FEFDE5EE
F45A2E00
3C69584C
394E566A
091A4863
0A160C58
DE1B061B
EEFCFAF4
0F02D9FC
C8D4D403
CE09FAF6
FA584264
52664C60
163C0E6F
1B5A3256
E228263C
1A09E826
C0DEEEF1
C8D4DEDE
A6E8E8FA
D4F1DEE2
C81216EE
425C1628
21480C4B
3245E54A
F445333F
C0C0E506
E8F102F1
CEE88CF1
C8DED910
D4E8F400
24663C3F
80504546
203F032D
0340FA20
D9300840
DEC0C80A
C803F4FD
F6FEA6B5
E5F78CCE
CEEEB5E8
1B4E0C50
2768344C
80280C42
EB1ACE20
E5EB8039
C8EBE21A
CECEA60C
D4EEC0CE
A6CE80EE
B5D98CD9
2D102C56
1644F150
033FF11B
FA0FD42E
80B5C83F
8CE2C0FA
80CED9EB
CEF4C0EE
8CC0A6CE
B5D9A6EE
3436DE3C
2838FD4B
F64A8C27
1009C02A
D932C83E
CEF7EEEB
8CE2D9E8
B5F4C0EB
8CD9C8EB
D4EB8CD9
D926A64B
024C3956
E550024B
8010DE2D
D91EC01B
80EED9F1
8CC8A6B5
80B5C0E2
808C808C
A6E28CCE
80C8F150
1B5A800F
C83814F4
8C04800C
0F15D430
8CC88CEE
80DEA6C8
8CE8B5C0
A600CEF7
A6E880C0
1C4CFD1E
1E5E0340
B53FFA5A
FC038006
80D9CE30
C0CE80E5
8CB5A6F6
80DE8CD4
A6DED9E8
80C88CC8
483ACEFE
800C085A
00061042
E2FD8C14
8CCE8032
80EB80F4
8CEEE5CE
80C880E8
80A68CEE
80DEA6DE
8045B536
EB1B3A63
F7E28CEE
D92A8024
CEF78C20
80C08002
80C8B5FE
80CE80B5
F4A680E5
80A6A6F6
FE1ED4F7
EBC03C6E
FC32C032
C02CD416
80D4A61E
8C06D9E2
B5CEA6E8
80A680D4
B5C8808C
80CE8C00
0F460C3A
0203185D
F6060A0F
B58C8009
808C8C1C
80B5808C
B5CEA6A6
808080C8
A6C880A6
8CCE80E5
802C2238
80E88080
E220CEE8
A6FDA6F4
80B58010
8CD480B5
80D980E8
80C08CB5
80B58080
B5CE80CE
802480DE
DE068C80
D9028030
8C0F80EB
B50280FA
8C8C8CF4
C0B580DE
80C080CE
80C08080
808080B5
80151642
0020800E
F61BF62C
B5CE80F6
80A6A615
80C880A6
80E280C0
8CC080B5
B5A680D9
808C80A6
8C1580FC
8C4610D9
C0448CF6
A63815EE
8C08FA21
A6F180EB
A6EE8C21
80A680B5
80C080A6
B58C80B5
8032C828
B5FAD406
C80980E2
80B580CE
80C01633
C8FCB5E2
808C8CC8
808080C0
28D9D906
A6D48000
8022D934
151C8CD4
F6E8802A
101AFE2E
100C425A
A6CE801B
80C080FE
808080DE
5C344058
B58C8C38
687F7F7F
3C755075
E52C0A48
1208EBFD
EE2E3462
FEF7FD32
A6EBD442
80C8C0FA
4C391B2C
C8EE800C
747F7F7F
425A367F
2E28364A
155D2D5E
003F4A52
02DE1A44
8CB5C82D
A60EA6F4
0614B5EE
142AF722
6E7F757F
1A5E457F
2DF7C033
20743C64
12393A50
FD2A08F7
8000C01B
801B8CD4
343A8CFD
2C4B3439
687F697F
39444B7F
60571244
4474366F
A60C5D75
0A200939
E2FEC80C
F10CC848
3A44140C
264A2139
637F5E7F
1E2C807E
36784C52
6C7A2D5D
284C3866
D4182151
16560E06
E28CC034
FE380906
15462E3C
7C7F667F
7F7F7F7F
7E7F727F
7F7F7F7F
757F7F7F
6F214578
7F7F6C7F
24486678
36524866
5E7F7F7F
607F5E7C
7F7F7F7F
7C7F767F
5A7F7F7F
5D702054
6E5E447A
787F627F
046E7A7F
697F5A40
6F7F647E
4B765675
547F7B7F
6A7F6974
147F7B7F
3C48E544
5A7F2A50
757F4E62
1C6E4572
3C705134
387B5A6A
3C5D3F68
747F697F
7E7F6669
807A687F
C8C08080
4448033C
18623872
1E571B40
2E6A1228
467F4250
0C3A324B
687F567F
667F5E6C
80F18C7A
80808080
280C8C14
803E2A5A
C02A80C8
C84680E5
D44C2844
2D4E3A16
1662CE4A
1C7F6A72
80E88045
80808080
80E58080
803080E2
8044CE20
80EE8080
8040EBF7
80808080
C068E54E
803F5275
808080D4
80808080
80808080
80E88015
800A8080
80808080
80128080
E8808080
8034B558
8046003F
80808080
80808080
80808080
80DE80CE
80DE8080
80808080
80CE8080
80808080
80F48080
8080B536
80808080
80808080
80808080
80C88080
80F1A680
80808080
80208080
80808080
80808080
808080EE
80808080
80808080
80808080
80808080
80808080
808C8080
80D48080
80808080
80808080
80808080
80808080
80808080
80808080
80808080
808080D4
80808080
80B58080
80808080
80808080
80808080
80808080
80808080
80808080
80808080
80808080
80808080
80808080
80808080
80808080
80808080
80808080
80808080
80808080
80808080
80808080
80808080
80808080
80808080
80808080
80808080
80808080
80808080
80808080
80808080
80808080
80808080
80808080
80808080
80808080
80808080
80808080
80808080
80808080
80808080
80808080
80808080
80808080
80808080
80808080
80808080
80808080
80808080
80808080
80808080
80808080
80808080
80808080
80808080
80808080
80808080
80808080
80808080
80808080
80808080
80808080
80808080
80808080
80808080
80808080
80808080
80808080
80808080
80808080
80808080
80808080
80808080
80808080
80808080
80808080
80808080
80808080
80808080
80808080
80808080
80808080
80808080
80808080
80808080
80808080
80808080
80808080
80808080
80808080
80808080
80808080
80808080
80808080
80808080
80808080
80808080
80808080
80808080
80808080
80808080
80808080
80808080
80808080
1802F7F7
F3140B10
DFD3010E
F6F9EB14
0AF2000F
02EFE406
FAE82505
06EA151C
EFFA2CF2
FE16F9FC
FDF42301
21E6F9D7
071A16EE
FC0208F4
20181C12
EA00D91C
DAF31305
17193BF8
12EE06FD
19EF0C00
E7092604
21D5F3EF
40B3F026
0DFF2B17
2F020DEE
EA3122FC
D5EFF3F4
F8F3191A
FDDCF207
181D311C
F9DA22F5
E7F0ECE5
F3D7D20C
1B0B05E9
DDDFF5E8
0CEA111B
151010E8
42FAFEFA
ECD507AF
DD16E80B
EF20E7DA
05F00FE7
DFE7011B
DD0C03D6
08061208
E5223046
C63321B4
1AF8F6F2
ED04DEE3
11E107EB
AFEC0CDC
24EF5605
08F914EF
F126F204
0E29F620
0B140BF4
11FB07FD
FF0F0413
3502ED07
E21C4104
06EEE9FC
D72119FF
20D80D10
FEFDD8ED
23E90A08
2B031E12
3EF0301D
C0F91FF1
0A19F4E8
EBEF0305
0A092713
E2E0D50C
D0F7F5E7
2C28FCF9
0C252F01
27CFCAB3
C5CE12D5
E4D30141
EEEE2006
FAF5E8FD
14DFEAF6
E5131546
FD172F1C
2E3D15DF
5DE90A27
2E124CDB
EA1909E7
E7021AB5
07E80334
FD0F01FC
1602EADC
D9EE282E
19DA0CCF
EF1AE6FB
2E1E06E0
D702E2F9
0C0A130E
140F4D25
03FDC3FD
06D53FF6
29FA0A24
1703F8FF
C3F7ED04
06C83207
C5D9EE23
1F201418
F116090A
DC011A06
DFFBE917
FCBB1729
0C18E4FE
13C0FCFC
1BDFEFEA
ECF1EE29
FE14FF01
FFBFF5EC
13192717
04120FF9
1315F3E9
0E182A05
ECC5163A
C5DC04F8
E9E537E4
13C10210
3625DEDC
CD19E419
98F6FE1C
FDFB0910
26E934F0
08210413
FCFFE40F
3CDFC21D
DE110205
08F309FC
F90F12F6
FDF40FFE
10D40B04
00FE1809
F714D4EE
25F6C6E5
022801FE
C2021102
F7DFD213
36FCEFF9
0EEC0316
EAE75BEC
E90D19DD
EB110C0F
EFEC05D0
CFEC0D1B
BBECE4F1
32072758
01021EFA
4304061D
A9C6E803
120ADD09
EF2ED2F4
EF32F1FB
E20AE4FE
D9EEEFFE
17DC140C
062FF32D
060AE7C6
14FEFCDF
FAF4FAE4
0A2B190B
EAE1EE27
0EEE15FB
F600FF08
06ED0FDE
281AF61A
15F02817
00E7BED1
DF3CE140
F5F1D231
1734E5FF
F1120406
0F34F616
D11AE5E6
0FEBAB0D
0F12FA1F
0BE6C7F4
06D8FD0D
202525CA
07F9EB25
DED8E005
E5CE1EFB
B5EE1929
F0001AE6
FFE309D6
64130021
1FFDF7D9
001201DE
E7C8F000
090B33E2
CDE113EC
1F00210D
E5FDE411
E5D305FC
26F0321B
E7F70318
F7F40E14
E80003F8
12DF50CD
1FDDE30A
FD0A3709
F1260CF7
FD0AE2FB
3AC80A13
2104C71F
D7FBF1F8
0FFB0304
3EF70EF4
F2D4E9F6
D6DB2019
E823F20D
260BE1DE
1A1FE939
D1FB3B05
191733F0
EC121E04
312AF80D
EFFDFEE8
FEE31115
EE2B01D7
4723FCE9
2B1B060C
B2FDEF17
07E629EE
1A0205EA
290A0CD4
1A1BFFC8
0105120A
D50E1AFA
24F20817
D2FA12FC
15D00C08
9505F409
17F209F3
0B0F11F8
09E9E018
DAECED18
DD2D1EF5
020A1C08
F3F9F730
CF1B1DF1
E125ECEE
0EF3270F
121912C5
17FCFED6
E80643F3
1719ED3C
2907E103
CED41106
00070B18
0FEA11F0
23241807
23C017DB
11FADF10
09073AF3
F8EA0109
F1043E2D
110D1A1E
FC290EE2
FE0812CF
F7250127
EAFADC1A
F5D21809
05D1DCF5
04331415
BD140030
1DDBED01
F7102D4B
3620E0EB
332C110E
16E708DE
F9FAC2F7
0A0E0003
0E0DEA48
F322E410
461BEEF7
D7EBF7ED
ED3108E6
F7D6D7F0
261B2ED4
020C09F8
110038FC
DBF808E1
E10A0BF2
F7D50DFC
1CDFB0E7
F40CFB05
111C0B2C
04F11A0A
FF020515
EFFD20FE
1ACDFF1B
12F6D9EB
D130ECE9
F302F2F0
3102031B
B9F319E8
220F17ED
14F8DBCE
F123D5DC
F0E20CF5
1CF00EF1
FEDFE500
0CEC0EEB
2317FAEB
12F00F10
DF0E10E8
171942C4
D9DBF4D0
270DF212
D8EFD02D
EC270D02
F80D04FC
1218CE12
221D1D1D
F2E026E9
17C62D1B
0CEBFF07
CBF0DA0C
12C9E3F4
DF022031
D02426B7
E50DE9D9
0110CDD6
EBFFD403
CCABFA26
F51606E8
DBEC05F5
18F3DF17
F712FF00
ECF8EE0E
FC0DDBE5
03ACF4F3
FA0E23DC
FB1400F7
EB05C516
EBE21416
CC15FA0B
E5F7F0EB
12EA1510
D232171B
314EF2ED
1FEDDAE5
17071C12
05DBD3E3
2203F704
F9EC40EF
45FF21EE
1D2830F5
F5E22213
1D0B1511
05F106FF
EA10F411
10FD02DD
06F7F2E1
2725F2E5
F8FDC3E5
F8CEEC24
DBFF031D
E233F3F9
25021924
F4F4283C
C921F3EE
CE082E01
E1C62EF4
0F0DDA2D
120B000A
CCEE08FD
27EA07BF
FCF513EC
E9D005F0
DF27EAEF
DA2E060B
26234942
DDC52000
FEEB0800
05DA21EA
16271E3D
F914D643
3FD406D1
F3FA04F7
0EF00834
F0F9E306
110BCC22
15F6FCDD
02FB04EB
01E603E6
E31AC14F
0E0CE6FA
DADA1307
0CC820E0
EF070AF2
F523F5F4
FEFBDC00
2DE20A1B
DC1921FB
0EED2105
CBF91B0C
F83FE7DC
BB4CF106
1112DEE3
F6072802
0DFEE700
06D8F645
21C4052C
13140216
ECE603DA
16441B09
0402F21E
E3411CF0
F1F20FCE
242DDEF4
0EF92736
08FF1DF5
2724EDF1
1ECDFB1C
02FEEBED
F8F60DFA
E7FDD2FA
1BFE45E7
06CD0D0D
E3091F18
0CED11E6
FAE030EA
E2F8020B
EBF8EFF6
1611ED22
0BC40A26
F1DA1834
E902DB16
EBF2EF37
16000425
05D4DFE4
03EF07DE
EA3520DD
29DBF10A
061FF329
10EACEFA
0914FF0C
0536EAEC
FC19B6F5
E4F5DA29
FDF5F415
EB39FC0F
FC06DDFD
16050BCE
BCE7302B
0C21EC13
15FC05F2
DC0D50FA
E90514FE
F7D215DB
ECF31CF4
E4F00A32
EC42EC09
CEF50721
1007E909
FF2BFD1F
FDF5171D
EF21F42F
F7E6F5D9
0409F62B
07FC2F05
BE130D03
FFE90CEE
EF2E31E2
1B08DBD5
CEDADA0D
F5ECF2E9
E7093AE5
DB0307A9
0D040904
ECDC1B5E
E4FB20E3
F21707E7
00010711
C9104B02
D604EE00
18FA1014
F80CEF02
D62D1D14
F623DC3E
0523EFFF
11EBFFFA
ED34082E
2A231818
D22B16DC
340D5AF0
FFF5FEF0
17151101
E70FD9DD
E907D0F9
1CEAFE08
090CCE1F
F3EEE501
0DF6F8D0
0C06FA16
02FAE4F6
CEFE0AF4
0D1306E9
1200DF25
15F1DFCB
3B0C042D
01B9F3F1
E7E00119
010D24D9
00183B23
13F0FACE
F8F81129
EE0AF532
BCFB1A31
09DB04FB
C0032322
EDEB271E
251EDDDD
14FB1805
F92F0B39
FEF8E4E4
DCF606C6
02F21F22
FAE1042C
253F16CF
2524D70B
FCFA0B08
F62FEBDF
F4061710
08EC010A
0C14090F
293A03DD
B2F008F3
30F000E4
1808F2FC
1635FE06
04ECC105
FEEEE7F9
F1E0E9F1
E321DD03
F3CE45E1
061BE812
E0151202
F2DDFFE6
24BF14DB
DEDADD15
F2110619
E8060F06
EA0A320B
CE00EFFD
0FFAF9C8
1211EC23
F6DEFAE3
E81A02FB
D902F9F3
0C221CF7
130DF1F8
17051233
F90DF804
3FE6D1EE
0ADDD9DA
43E208B8
E9C7F30A
101B0BEC
B801DAFF
CD23FBCC
AEFE4000
E7D9F6FF
E7E32E10
F826053D
002AF50B
1AFA0315
DB15DBEF
3AFD0614
FC04FD02
272EFC01
F912EBD0
16FA0E55
1EB9D70E
FBDC051D
FE030A20
062C2F1A
ED0FD0DC
11B10628
F3DE0418
D012FFE1
160BE6F3
DF1629F7
0747F6EF
BCF5F0CB
181202FE
16E8EB1F
EF1336F0
1003BD0F
E0EDE9F6
03101141
1EEDF2FF
3D29F21C
F9230B27
FA0CDAFE
17FE160C
FFFBFB12
F512FEFB
0BF1C10E
F1EADAFD
FFC70E11
1608DB06
0CE6EEEF
002AF310
BEEF4523
F60CFFDD
F719FE2C
FC83ECF3
601A15D8
F0DD37D5
11EC15B3
0ABE061D
00124E26
C413F9CD
D8FCEF07
0EFE1A18
EA0CF4EB
05EB0A35
0E3F0113
D7F9E6F6
F619E4E4
E2111606
1016FF24
0EE1EDCD
F22CF112
E9EFD401
FDE9170B
0BD1061A
27F02EEB
1FF43903
2CEC0918
0630F606
0708EBDC
171805DD
F0D2D2F9
F13625FD
1720DF1D
0B1327D9
F6E6CE40
24E42EF5
1A06040F
ECFC341F
05D808DA
DE29FD17
FF050235
211FFEEC
17B910FA
24E0E0F2
E909E308
180C0208
CE1D23CA
00EBE110
15060218
D9F305E8
EB1F16F9
0D14ECE8
1402DE0D
D511FBB1
0FE9FADA
0D1804FB
BC202E53
C4D5040D
0D112DEC
190B1F22
20F70C35
F9DB08F9
0FFCE93A
F8CB52BA
C10A0F18
01041D26
F9D0F6DA
021518F3
23E6D428
23093A07
F33E22DB
EB11E543
FF0AE9F4
EE0440F9
ECF40ECF
F5121B03
240EFD12
D607E5D6
DF22FCD7
EFF8F6FD
0297D41C
EA10DCDE
F7C7170C
E5FEE40F
F7DEDD14
C1250F0F
1B37ED15
020AF4D8
12DACCF5
F425E9F2
16FEDAC0
2A2B001C
2F20EAE3
F3E8F6F4
032E0909
0EFD11F2
02BC2DE1
DFB60F1B
F834420A
211F0FF4
FC02E41B
D9C5F003
27E02F24
13FCF700
E9FAEDFC
1FEF0FC4
DCFFDEF8
2803EB16
0240FFEB
F6F8EF07
CB02FCC1
2DEEF7F7
EA0815FB
2F170F42
F5DB3124
E70EF616
4801CCE2
D822D9DC
E6D4F011
263F25F2
18F0DC0A
FDC3D909
D6041102
FB01F53D
1CCDED21
010FE7F5
00F110F8
DDDBF501
06DDEEFF
F8FC44E4
F6DEDC32
CEEBEC1D
17FAF6F1
1607F8FE
2F2118FE
E41B2226
C0DAD710
FEF517DF
F41A161D
1112F611
35F311EE
104CC705
DBF8FE1A
EAE4ECF3
FB1108E8
D12C08D5
2703D007
FDEC50FE
0209E8D7
ED04F003
F90CB417
17F9D0EE
11EFE605
080AEA3B
DD3723E2
1A2E11E2
20DAECE8
F31124E3
061716B8
20042D30
06CDF808
0EF9DBFB
E911F716
F8FCBCF1
EEE60108
D50C14D5
0D2E03CE
4818D113
03ECEB02
2F09E9E4
DAE0F4F5
04F8D800
30B7FEDB
01FF060D
CFD8CEFC
2203ED54
0A0AF821
0427F433
F8F217E7
1DE7E131
F2FB13FF
FD0B0712
1D0815F2
0B1004EC
11C5FA17
FAE9110C
08F0CAF5
D90EE1DF
0EF1FD3E
253EFADD
E736FDE4
00D8D3F8
DE00171B
EA00EC07
00FE07EF
0BEB180E
2215C422
F0ECCACE
030DF31D
E830B931
21F00CEF
1AF42105
EE1614F1
0CE9D0D8
B923D8D0
1C16E111
101BDB07
DF070FFB
F4171FF5
3B060810
F6003726
0F0626E0
F405F043
3DC4F044
E81036EC
280333E1
1EF9FC04
0502141F
EA08EA23
FF12170F
2DFCF1FB
020229E7
E3102023
D8DF0FD4
BAF113E5
2ADA19BF
0CFAF318
1223F8F4
2E2ADA1D
2E13E9FC
32192403
CDE0F0ED
FCEC1ED1
06DB2415
13E6060B
2E1E0BCF
1FEA2117
0AEC1A02
EEC621E7
210632ED
16080210
0103F916
4F18EAF5
250AF0FB
04FCFFF9
09F7EAD8
0EF2DB1D
1E14B930
F8E7072D
110E15E8
2748E70F
000551DF
E1060815
1AE90013
D5C4CF0F
E5F92022
251D0615
04BA1213
01042DDE
0FD7FC21
F1E91BF3
F7FAEE1C
14060BFD
E91ADAF5
F51C0641
E9D2FDFF
37091015
FBFDFBEF
26D6120A
CD12E537
F6DFEDF3
0214FCF6
F0FF29DD
0FE3E2D9
012007E2
6CDC3534
0AF6E8FE
FBD60C24
1CD30E11
C1F7E916
1DD50CD6
02FF0BE7
CDE9EB15
F107D358
0324BA38
30F6010A
2812E7F0
02FF28FE
EFB0F6EC
15FDF628
FDDD0154
D9053613
10C61109
1905E1EA
00350E27
FAE6E063
1E1F1213
57F32FFE
14FB0E16
E8CEF224
F6F7F9E8
D536E618
ECD8F607
26E3E73D
06FF1513
E337C6E8
F217BD08
E0DDF026
DA31EE18
EB0AB3F6
11E317DB
FE30BBF7
0A221113
AA1F1CC1
F41712EB
CFD6D8E1
C206CDEC
E9EC19DE
1F080BD8
0AEAD9E8
CDE4E7FD
F3EA23FE
08F8E0EA
21BCF42B
AAC84910
391603FB
F3F900FA
F71519D7
E004FF04
C2080C02
2DD4EAF1
25DE08EA
27EDEA13
3111AAFD
2A0608DC
F0FD192C
1DE50E14
501D0AFF
0ED40819
113628DD
0102B21A
E1C4CDBE
DB2814DB
121AF110
01290604
EFC5FD25
2F004306
210D00F5
FE11E816
03D9DF55
FADC08D3
0EDBD5F7
FD19DFFC
4618F627
D2CC312A
E70609EA
EAB820E7
EBD91B2D
F5140F19
D7F0001A
E2FAFF2F
CA090FEC
07F0E31A
D601F15A
E639F30E
E8FBE407
1817E80D
EA0F26D6
CC3314D2
C7E2080D
DDFDFC04
14D51416
EE0DDED2
05E0EC18
17F8FD35
FE1FF0FC
D4442020
22FA07F1
01F605F6
1C11DA19
4EC3F701
D6D31513
07F21F47
343B0701
FAEE0FF8
D502FEEF
F02BF8D6
0EE1F4FD
0B0F24E5
D402E3E6
2E42F902
DA00053E
19EF0AF7
D913B605
15F6E1BF
21E0DEE5
27E729E9
2EE60606
2315090D
E40A1EF6
E0172113
01F02DF7
E0210F1F
E6F9F903
EFF30707
EAE93BFD
0DFD095B
34EF0315
361CE209
1908EE13
F7061FE8
07D90D08
1D20F129
1815E7DF
DDD21B11
BCEDE83E
0CE202C1
1D2F1909
2529DFE1
140D0B07
1FF021C1
16F412E8
EF31F3EC
1E0D1704
0CFD15F2
DBD4FDFD
0CED2C0F
E3CEF2F8
20E9F2DD
D91210EA
261E0F0C
0604D9EC
F5AA32D9
F90219FC
3D14FC0A
FBF12B2A
F7D3ECF7
23F7392A
3905E7E7
CCFDE932
E510E2F1
D40D3B08
F4360DF2
60DEF21D
B0060E10
0827DADF
F6F1D935
F325033A
D7FD2AF6
0BFE1628
F2F329F2
1529CA05
E2E9ED46
211FFE0E
F1F3151C
E9E80D31
1BFC1823
0AF40EE8
ED0FED04
D203CC29
D303EAD8
F7EFF61D
022B0618
E926FB07
2E18FDF5
DF30D80A
EC0FF108
E3010C01
1FD1ECEE
1DFE17E5
4EEC20ED
EC27CDF3
03FB1837
F6D8CB0F
CFEAFF24
E0091BF2
FD12E601
F704EE21
F53F1A18
FC0F020B
E30DF223
FE1EE7E0
C7FCFA1A
E7D10AC0
03F7C7FE
F802FE13
E7B1ED13
33D3DEFC
0ED01EE0
F8FBDF21
2310101F
E4FE02CD
E302EB08
3B0AE603
F806F014
190DFAEC
1A0E0724
FBF62A2B
EAFBE0D0
1927EDCE
0AF527EE
EDF7EE06
FE21DEF5
CEE33A3A
2D13FF14
FFF104D7
E21B2001
03F8142D
CE290334
D610E516
F0E21415
EFE9F11A
2B1F0448
27FF352A
2DBEDFE4
FFE929DB
12FA3701
2421F8F2
21DBFD17
133AF3C8
11E901D6
36E2F6F3
E0EDE41C
0C06FF29
172104E3
E0FA1AFA
DECA412D
04F111E0
0AE4C6DE
10DAFA0A
DE34F636
170CC8F2
4DEA08CB
C8BCE907
EC04F8C9
FEEB3604
13FA1C2B
4BDBF21F
061A03F2
DEF020C6
0927E62C
EF0FE9D1
2D44120F
06F42802
1113D609
0EC950FD
F7DA17DE
13E01B43
03160DFE
F512E4DC
EBE9FA52
0B0926EE
1407D513
EB2829C8
12CEFFE4
F3F9DB11
0E3F201A
ED20EFEA
F81218DB
05F3F820
EE1F213B
10082AE7
26E81A31
F202EBE1
EB2C0C15
F80E0135
03F413FF
0AE831DE
F4E72A04
0039E128
0CD40F31
2C1A0711
F6B703FE
D706FBF1
E0FB05E4
0F02F51D
E8FCECEF
3B03F6D8
E91100DC
00FA1428
FFFB0243
EB0DFA35
13EE0B15
FFE6E8F7
1B120D02
FE191803
0CE227FF
C2F41010
F7E6E2CF
132C28DC
E51A0F1D
E503F935
EFF4E3FE
AE11CC07
32C6EFF1
E91410F9
D6F9FDFF
EEFAEBEA
FB08F60F
06ECEE05
D8130214
FCDBEC11
0ECD33CE
0A02EFFA
131E08E6
23DBFEFE
E11D1F04
EB30F528
05361707
15DFE4FB
1711E613
C3451ED7
DD190FD2
0D0D38F8
FDF90B12
18FAEBD5
26F7E1FC
EBED1101
F708FBC7
2701DF29
220325AA
2003B3F6
0D1CDD0F
3101E53D
F3080817
2E36F1E7
EBF412E1
2BF41FCB
053503FE
2EF53B2C
E6060E2C
3E2D12F6
0D151B0F
2AFDD6F3
09061F3E
090ADBF4
22D90315
18EEA73C
FFF72EFE
46F03401
BBD1262C
1BFB07F2
0A080008
F8DCC742
F9223DF8
F3DB28FE
220E0E04
311722DC
E3D430E6
021536F1
E7DBF4F1
F9F20AF5
11EB0024
0B071E1F
E2D11F1F
121FE4E8
F3DCFE10
DC0EE0DA
0505ED05
DAF1D507
0415DCF8
05D7FC10
F609DBF2
EDD41239
F918EE23
2CDE03F2
E1EAF6ED
F70F02DC
22CCCDE9
FF06EB0F
F8EDE435
DBEDBFEB
F314B425
1CEEF721
D637ECDE
15E00E05
E710110C
1101F5D4
40FDC728
0E0BEE0A
0200E20F
F808F9DE
F411E912
0CF72904
FE09D8FD
0CF0E9E2
20EA01EE
DDDEEFC5
49D5DBE1
07022C1B
01F00311
0407D3F1
1201E3F5
1F0A0F1E
F7E7E61C
FB2518F1
FA210227
03F503F8
E2E1D5E2
FB02FB01
D715D3EF
2B1E06F0
18FA34EC
DDECF2EA
EE0A1337
35EBE1DB
FACBEEE1
19DFFFEF
ECDFF005
0307D01C
2FFC1733
1D0BFEF7
E6E7E004
091C1DB6
0ADB1EE0
13F7EA16
E0E808F9
21EA101E
A41A06E6
E6F2E61B
FAF42943
151CE5DC
01F414FF
F9F70CF1
0D18EFFB
F70DFA01
F6CF040F
191CFDDA
EBD22315
1711030F
D8FFDC16
CFF4DAFF
17F4FBFD
F2D5FB09
2005E100
FF05F704
3DC61F02
03F204CE
CCF9E513
2FD21610
D4CAC224
23F71DEC
0805F7F7
F122F8DE
F6111825
20ECC410
F4E3D7F9
2DDFFEE7
DE05F8CA
E41509D9
FC19D30D
0217F5F6
D25A002E
DDEE23EE
CCD30419
F8CB0F1E
33E6E0D1
100405F9
02EBFEF6
F13E1D1C
E42AF4F7
1F050A1D
24DEBAE3
3F331A09
15FDD8CE
19E73C0F
0E0DFF25
EF08D901
E3B3DA0F
BBEA2307
EA01F005
EB55F9EB
EF0218D3
0AB72116
11E8FAE2
E6D101FB
F426F502
FA11E805
12D6F82E
DBECE3F9
DA0D0BD2
1A30F0B9
F8330DF8
D9DEFD06
000E03DC
022D06E1
D70523E0
FD0F04E7
D6D900D9
F321182B
F200FF08
E92511E2
F61EC9E9
C80CD0FA
0C093621
15E3F9F2
DC3A0102
2FFB2AD6
32DA1912
F9060417
F7DC280D
CBE1F93D
0AE4BCED
1CE314DA
D3F0EAEA
0842260B
E754F0E0
0E10E201
E1DFDDF8
0EFAE4FA
1604E1FB
FEF631CE
F507E01E
FBE708EE
0E2A00EC
15101E09
F41304E7
01CDFF09
0E1DE913
E51CBA1A
FCF5FB04
1B182DE8
DCE0F6F7
E60BF0F3
051600FB
0D18010F
08F411D6
E92E083F
FECDE814
32B1E1EA
D7F000E1
080D013F
332D01EB
01D607CF
04E815E7
D10C020A
0B10F40B
FAF4180A
2EEDFA1A
23D9072E
0BEF2F36
08040F21
E723FD28
03FDE321
3629EC02
0DE5F007
E6F5ECFF
0F02F21B
17E6D7BD
2723BFE3
19F6F523
CA0F15D0
0AEC1CF0
38D5F3E6
17F7E4FE
05CFFBD9
30D90404
00DC2C14
F8FE16F3
B18DC993
F1B880D8
B896A8CE
F2B19FC3
0280C8E9
E0EACACA
B0E09CFA
E380B6A5
E480E2A1
0380BAE8
8EE0CCC6
B1D2F6A1
C998809C
A6B8CAD5
B80BC1B8
C580D9D5
80E9E4BE
C596C5C9
8FE195B7
C365B1C1
C8D593DC
C7B9A317
CEF8E3B9
D2B9C6C2
BE80C99B
000B36BF
A1BAD297
A2E037D7
D9D0CB8B
D580C980
91E5A8C8
F7C0BCB4
A50ACACD
92BDE6CD
BD9C8798
C480AACE
8EADB6C7
80E980B4
BCB10380
831CA7A8
80F7809F
89DFA886
971DF48E
CE82BA9D
BAD0E6F0
FBCA9DC5
84E9DFC0
EABDB280
A39618DF
9280AAC3
D080F880
B7ECC78C
B0E8C0B0
F3C5E7CD
A581C4EF
3DCDE2CC
DAE689BC
91BCDB9A
DCB4CEA8
B6ADA816
A0EDA8DB
80EF80A4
A080C094
98F6F8A7
E7D3FADD
F3D19D91
A0A9E5CC
83B2FD80
86D7BD8D
EDC5C8C8
B3BAB9B3
30DBA4B8
D0D6CC01
BD93B78B
D19102D2
A5D0B0BA
BBCEC5C2
ED81A392
A6C39482
DEAEBDB3
B5D295A8
D99907E5
F0E2B921
8FE9C7B4
D4C6DBB2
B095CCB4
0A9BD3B2
92A2BFB7
828512A3
D4BFCABC
D3CE81D7
C6A9A195
B8C6C091
F8CEC680
C5C994EE
98D60295
02B2D99C
CFA0EFD4
B6D0D7CC
BDAFE0E9
D4C7C3EE
C986DDBB
A7E39AD3
B4DCA2DE
F3A0E6BC
E4A69BB5
FBB5D5F3
B4E6E197
A0B8D5BF
94B880AD
B8AE04BB
C4CAC0A3
C5AFD2B1
C5D4E3C5
B8AEB49E
9EB7D1A1
B1D5E0C2
80F88CB4
A795C8A7
90D9DFDA
E606C1F1
80E389BA
9FB5E1DC
B7B3B1DB
BDA3D4A9
95C1B788
C9C1B609
DBDD99CB
DC97F289
DDAADA80
A680AB80
F190B2F5
C7FE80B4
A1BFDCD3
B7C982CA
D4D7BFBB
A6B49CA5
81CBCAE3
01B2F0E2
DB80D295
9D80E2AF
BAE5DEC3
10CDAAF1
AFD1C2D2
06B410D2
FAAC9897
E4B0AED0
C3DF9FAF
DBCAA9A2
CB80B02D
B3D4BF8C
CAC8F1D2
A7CE9A9D
B4CFBAD5
98D4C3FC
DF800080
E59DE3D3
B5E2E6D5
94F4E19E
A4D1E4B9
ADE2BBCC
DEFCDE80
EAE4BD80
ADCCD5A2
A4D2A8BA
80D8D080
DFA9C7B2
FDA0C285
BCC80AB0
C1C5ABC9
C5A3E7AB
00AFB5D9
AAD8CDEB
0CBEAEC9
E9DA9FEF
D98CB1D3
B6A0E9C3
F0E780CE
AAD7CFB4
91D5B3BB
F4C8C4CB
84EC8080
D30FD3C7
A3C4E8C5
B980B4CE
0DD6DB84
8993E2D2
C7D0DF0F
FBB6CABE
A4E88BC1
B7B580C1
CFBF86AF
DC9CE580
E8088D80
B0A906E7
BE90A407
BB808A8B
80A6AAB1
C1C1B280
E2C098C6
801DC2BE
E3DEA6C6
12949CDB
CABACAC6
A9C5C6BE
A920E9D7
ABE3F8CE
ACB4FFE0
AB9A91CD
B3CCE1C2
AA808DC9
ACA0E18C
00DF18D8
BF9992BE
B4C3A280
A7C58090
C7E9CC83
E9EC9580
C7D4DFC1
EBCDCBE3
D59DB483
AD9AE0AF
C8800980
A4FAE31D
CED1ECC3
CBC08BB0
EBCCD4DB
80D3DBEA
A2A0A5CE
FDC7EACA
F0A60480
C2899B9B
CBCE0085
E1AFA4DD
B280ACB1
B5A98D89
AB80CA9E
9BA7CFBD
D7A8C8A7
E0D4B3BC
D3E1D4B3
A5B68C8A
C48BD9DB
B4C6E5FE
878AAED6
8BF4A080
DEE1E1C4
B2D7B7A7
ACDEE1B6
1BB6D9CC
808E80B2
B5A4E4FA
C0B9808D
C9B380AE
EA80CEA4
F9AAB3D9
0A0494C7
86BDB6E1
F3EBC2D2
9EEDB1D4
8C9086E2
04C996DC
B8C3B8C9
1CE8BCBC
A985B0DC
80E3CDDA
ADA1E7CE
9BFBE19D
C4AA9DEA
FEB29320
BE89DFC1
ACBABCED
8FC3EBD3
BED8ACB9
B6E4D0EA
B9E7A8AA
DECFBC9D
BCD2CD91
9DEB8080
D5F3F7F4
A7BEBD89
99B880AB
B5C3CFD3
ADE8ADD6
9AF4A3E7
AAE308B7
B6B6D7D4
B8F7AC12
E5A9BDD6
87CBE128
B2EABA91
B5D5A8ED
CDD380C8
E5BFABD0
D7C3BBF8
108CEE87
A4B2B3C0
C6DCAF80
D5CCF98F
F3C8911A
D8ACE6E7
EB80B2FB
A59393B2
A5C40099
DFC39FDA
BECF9B03
24D9A880
D1DDD803
9EE0C9A6
889DC0DE
E580FBA5
8180CDD9
D49BAEEF
80EFBCE0
A9011309
AAAEE1C1
ACD8EAB0
04C0BCD7
00DECBA3
F6E5CCE9
D5BAD2F4
CCD0D9C5
85DD08BD
80C5CCEB
F8B29DFA
D1EFE69E
A7BCCCA1
01F0DA0D
BDC3BC9C
BCADEAB0
C6ABB597
9911A1BB
A9CD01B5
D786F1C6
D2B8F5A3
EEA0B1B3
CCD5AC00
918080A9
A8B8FABF
80BCD1B4
B5D980FA
A7C9A7C8
B007BEB7
B2D59AC0
A5E6C317
A2FD96C1
BAC9B2A6
80CD9CF3
D696BCF7
DFEC92EA
0CEBA780
C7BB09E9
9989C0C1
A9BABE16
C0EAAAE3
91C008AC
C306D7AC
04E0E0BD
BB97AFA2
808A0480
D9C7F299
8085B4D6
89AEC5BA
07CDE3A8
B080A5CA
939780D4
B6C7F680
9CA8F588
B8BFE29F
F5B5C8D4
B022B5C6
C6D7B7DF
DAC7E6BC
B1DBB3B6
E5959DE8
8CAAAFB0
B4E48093
FBB3C51C
C8E0D0B1
B4E687B3
DEEEBAF7
A5E7ADB6
10DC8D82
B0BE2D06
C60DCC80
DCB0D1CA
C1C4189B
C9A0CF80
A60DFB88
9CA3ABA2
ACB69A1C
FAE8BEDB
BBB5E2AB
A8BABDE4
A1B7C32C
D4CAAAB7
C1E4FCC6
8CB99EEF
C3E2A6EF
B7D781EB
DA8080E5
CCB5DDDF
EFBEC6C8
C48D8480
BBC6CAE3
D822ADEB
04F6E2AF
E080F3BE
D0C5B3D4
AD97D59A
B3F0DEC6
93AAC8C9
D4A6A594
C3EF80B7
D208AD80
ADD79DB6
80B5ACB6
E5A79EC7
F01195B0
9196CCC2
A5DCBEC2
D79598B8
C2FB9EF0
01C08080
E119A809
D5E9EB80
DCDF9A00
FBD4DAC3
FBEAAFAE
C79FE1D0
C88080D0
8AEE1893
B1A99CC0
D30AB1B3
D6C380C0
AAA1B413
D6E98090
D1E7E2B8
BBB7FCB2
A4AEA4B7
FFC985DA
AEA4D690
B1ED97DE
D18080D0
94CBCECE
03C6AD13
D5E7D680
AFB0EBD0
BAA1D580
8086C1D7
BEE999A3
BAC2D982
9A97ABD4
D6F58BF8
C8BDC680
F8DDADE8
C5DF90E0
01C5FABC
A880C5CB
94A1BC8E
80BFA1B0
9DB9A8C5
00CFCCB1
BBDABFE0
BE80CECD
9ED28DAC
D4A7A3B5
CD809B86
D181CBAB
8DCDDDBC
BCD0B080
DAB5B6B7
C1CDDAE2
D089C7BB
0BB6DEBA
DAD5BCB3
C2BCDEFA
D38ED2C5
DE900899
B4B7E28C
92F1EA80
1A91BCE4
C49B99A2
B3BCA395
9894C3B9
80ABBFB3
B512E0C1
BF15A6B1
14E4C7AD
06D4B8D3
ABFCC780
F7ABB1BC
B3CEBBC9
AAC606C9
A580EE9F
D09E99E3
ECDFC7A8
ADF791B7
AE93F3CD
BAEE9194
EFBFE3C1
C5AE80FF
A9B9A8A8
9CF8C089
088A82BB
8EB680E2
DCDBE5AC
EAAED6CC
0BC2E6B4
A6DEC5CF
D6C2F9A6
93F1A7BF
C6C4B0C6
FDDDE0E9
E4879592
DFF8C9AA
F0DE8BF5
A7A1EBC3
CC98A50A
8084B18F
B5AEB993
E19FC0B2
9DF7E9BD
95DFB1D7
C1DCC0CD
F6EAB5B9
D5C2B299
B3D9B4CB
B288A9D9
F7AB800B
ED95D6C8
B4C4C9C1
CCCFB7B0
9B9BF39A
DFDCE780
A284A4A7
B8E080A0
D2E5B2CB
ACD9AFD8
E59CB9C4
BBD1C0C1
AD92CDC9
B8C9EBD5
E8D6E8B0
BC14C7C4
E4FB8BCC
D0A9C5AF
DEA9A5B5
A1E981B1
DEACE9CD
8094AE80
C3CB859B
B5F8C4B2
ADA7BBF3
8DD3B6AB
DF881280
12F6B49A
B0F8E3F2
EAC0CCDE
BDB7F8D3
BDBC98B0
BC80DCF8
30F9D3E9
98B7E0DE
BFC7ACED
E780EFD1
C7B3E0C6
A1A8CEA6
0893FCA0
81D7ABE6
AE05A6CC
01ABBA88
C5B7A3B1
A180A9AA
C5A7E5E9
9305B4E8
0CC491A1
B194B789
17D480EA
DBA4B4BB
CFFADBE6
D6CACFA9
FA9EECDF
FCA8CAC7
DCB89D93
C7E1A780
C0F2D0B7
0BDB00DE
80E1C880
A980D3C6
DD9BBE9D
BFAA97D9
B2BAFC22
96C380D0
80A5CAE3
C6B9E0F7
97BDA8CC
869AA7C9
ADD390EF
24A9BA2C
B8A5DF80
CA8EE0AD
C4B6C5A4
A1ADA1B2
BB9CC9B2
E4B0B6BF
BCAE8EF3
F8AFCDAA
AE95CB9F
91CADAC7
E455E5C8
F699CAAF
C8C2DB00
D5ADBDAC
8EE1BC00
D193C780
9E8007DA
FDD48D93
EB8BD780
8080D2D8
BBB0E0CA
ABC7B5BF
ADAEC180
A2B7B5BD
9ADBE180
BCA0BEC6
AE11B4EB
9CA3DDDC
91D2A2C5
80BACFFA
B7E4BDA4
A5A5A5BD
12E6CFCD
F7A3979B
E6D090A1
9DDC8CD8
2FACAD16
D3EDCAD4
A0DA8193
BD80EBC2
E1F5C6DC
B7F2D09D
CEE0C8D9
A59DAFD5
C0C484B6
D2C708C3
8EB3D3D2
B495E1A1
D4B0B8D4
EDD1B709
B5B482BB
E6FEBCC0
D4C7A8BB
8ED7CFCF
03C8009D
ECC09C80
97FCB6C4
10A7F7C7
A980DCE3
91A1D5B1
EDC7BA0B
BE04E5C0
C0BFFEA9
E5DCD9C3
80D91880
BBEE9B00
DBA0E0A4
9484DEBB
9BF9B8A2
A88089FC
E8B4F1BF
C5B5AD12
F39CB3F4
80C5B010
DBACAAF7
D5DEC4D7
DBD1B0F2
10D0ADA6
C0C9ECBC
AF83D8C4
861EADCE
ABDBF2BD
8DA0C0B7
B6DD8880
DBBEA9DE
C6A6088E
80B9CC08
C38AA79B
E61DBC80
D0B0CCB4
CFD1A893
C992BEDF
E5C191E3
CABFDD88
A7A1EAE6
EFDBAAE0
A1ACE8D1
A993AFA0
C89FD60F
A6EE0509
D18EE2DA
B2B0A0CD
B5A21CE3
A3D4D0DD
C39D80A3
F1C68CF7
CFD9FED4
80C61694
D19D92C0
9FB010E8
80D3F1ED
9E8DAC04
AA08B780
30A7B5D6
DDB3A4CA
94B880C3
E4A4C9A4
C2B6B0B7
96D2E287
931AAFF2
EAA480B0
D580E408
BEDB9AEF
CAC3FAD6
95EDB991
DDEAAC9E
F0B8A8F0
CBCAE8FC
CF9FFCCF
17C6D6E9
A20E9689
DB80BE80
A2E8E0D6
B3F4B2A7
B8DB800A
B480FAD2
C49EDCB1
8C9ACB00
A1ECA9FE
A5D5E7D0
80B89E11
E2E580F3
D2C3B9E9
85C2C4CF
DCDFFCBD
B187182E
B1CFC0CE
B1B1A2F2
A8E3C6C1
ACE8DDD2
ACBAE3EA
A2FC2FE4
BDAFC2B7
C7AEA1B0
E8E0E5C6
8DA807BA
A5B6ACE1
A6AFD4F3
B3DC80AC
DC98A4CE
B585E9D2
FBEEB894
F2E5CAAD
108091CC
EFEE90F6
93CEE9F5
D1C7B1EC
DB9683BE
AAFEDACC
E4FB80ED
AFB9D7D4
FC84E1B4
C0278DAE
A1A3A6E1
DD01ADE3
8ABB80D0
B184D2E5
A080C9BE
80849BBA
80D5A4E5
A2D6C4D3
A0B1C3E6
EEAAA0B7
B0CBA7D8
C5F994EB
BFB596D8
CED6B5A5
8091BDB8
B9BBC7B1
C8B20093
BFEAB99E
9993D5AF
D193A1F1
EA80DAE9
E280BFCE
82E4C1B8
8EACA9C2
C804B39B
E591F38E
C49AF9AE
B880CAAA
A6CDAD80
EAE0B5D4
CEB4B89C
B1ACA7CE
A8D0F1C9
BA9BC6BC
CD95C9F3
F4CABF80
ACD881A6
9CB9E78A
93EEFC1D
CBDC87F9
E5A598C9
DFE6CAA7
8DF8C9DC
DFD5B1DD
8FE3C9D7
B09EE396
D4E0DAB3
80C62FBA
E90BC1C9
BB81B7CB
850BC1F2
8F9BA2FC
BFC5A280
CF9DE4A8
C8B3C40A
AECDE7C1
80B8E8D2
E58FDDC6
A7E68499
16BFF2CD
94B7E8E9
E2F3CA8B
DEABD7D1
B38502AF
D4C8E1C5
A8ABB59F
9CECA7A6
80EC31C8
A4D6B4D1
C9D8A6E1
A7A2DC80
E09CEDC3
A3B9DDBA
B5CECEC7
C3C4BD97
A6C4D510
8B98CD18
D398BE8A
E6BFD9B7
879F9ACC
D5BBADE7
CCFBB7B9
CEC6C3DD
A480C7C5
E1D7EFF9
CCC7C4B1
ABD7DA9A
A4CE98F2
D8EE8090
A0ECA9BB
B4AAF880
B909DED5
E580F281
9BA7C6BB
F6CBB0B1
DC80B0AF
01B6B2CE
A8DD93AC
EBCE80BF
0A94C99A
12B2D694
808CE8AE
808CBD80
E40AB3D9
9FD6E9C1
E3CFC8D9
B8F3CEB9
BC8EBBCC
F2A7B5A9
D4F1809F
87C3D180
CCF08AC4
B1EED0A1
AADBB3C9
BFE58F80
E6F0A5F8
BCD5D9B9
BDBF9BC9
ADBA8DA7
C0C4D2DC
A9CBD7C4
B39DD68F
D3A1BAA4
89E5A9AB
A5E9A0A8
F49CA7C2
D0AED4EA
A9AFBCBD
EBBACC80
B593C1CC
AD89FE02
B0A091C5
8CC39B80
AAC396D3
E3CFC4D4
C8D0A6E5
068BE8FA
E4BBACC4
FAC0B192
80B00385
87B58880
C6D3EEC0
80D5C2AE
C619CB9C
9CD7A39B
CDEDCD9D
CDADB1F2
FCD9D9D0
9F80B9E5
BED2D499
E9AEC2D0
98AEC898
D8F2F0BB
A9C5AD11
95E6EADE
C4E8C583
CFA9A9C6
C4CFB5F5
03AC8DB5
B8CDF3C0
A2C596B2
DF8093B7
80C5C5DD
C3DBB2CF
A2BDA7C5
D680E70E
9980AAB8
BC80C6DA
80D9CEFA
999C9880
DA12DEE6
A614DBAE
C3E4E0A9
D2BFCA97
D7CCE99E
9ED0B9CB
D89CD9B2
D59CF680
80D6B807
B1C5ADB9
8CCBAAA1
B1A100D7
ACDAD9C0
A6AEBFD4
CEB6ADF7
D113E8E4
91B4D700
A1989BD1
9EF716AD
80B080FC
D0D4D59C
D7A8CBDB
E5DFD680
87CE2DEC
C70AB7C9
E280E8C3
97BE88C6
A70BFBDC
B993F680
FFA6A5E4
A3CCD3DE
1680F5C3
F8BE8AA0
8080B9F3
09C9FDEA
E2A1A2B4
CCF09AE4
D8C1DAA6
ED75C558
730047A8
A799EDD0
8AE7E37A
5800219F
F2826359
181F1CAE
182E145F
D56F3449
9CD4E076
5B705F03
37342E10
9A2658E3
7E457553
6AE3FC1A
4E44FE35
56562027
BB7F7692
CDE4BBD6
306E12D7
D10EA2D1
B6DEB909
2BC5C8B4
3B913849
A31E32A5
33FFD17C
2DE36193
B46BC007
7A1A80EF
5878ADF8
88BA930C
BEADD3D7
07798F1F
7BAA3866
E4F6C39D
4B879127
B4D7A7EF
0B164BC1
D6ECCB02
6934C748
67C19B4C
FA6B8B64
E6A58280
4D09CB7C
2A41A845
5B070E2C
10C04B63
82668EC5
A738F60E
B224D6C2
5907F2D0
8D16F450
62FEDB4E
FA4BA9B4
1A1B392F
44A80493
1AEC7360
E0B40FB3
4393B91E
2B45CA7F
237E0C03
43152593
2B0EECA2
3CA5544A
9F8E150B
2810E535
743281B0
4E5B917E
FBDFF6B6
7D901267
B5C5D5EF
70C99A13
CF2AA111
5FCD4D17
574C5D1A
85948A35
53F80BBD
310A4538
5AAA6377
552933BA
6F2B8DFD
805ABD57
C8849BF3
57485CE1
3F08BAC8
0A8F7FFC
139602EF
17C5D65F
714AB566
8997A14C
5BB92734
FD40867C
28A78777
B1B57553
A2987EFD
D133DB55
F9619E5B
0683F9AF
FE247527
1C71058B
356ACF5C
AD5F9D92
78E7339E
BB1DDF1E
F4747041
67CBDD8B
2889F0AA
6C2B7783
92DC30E7
080EA9A3
8A47698A
A5CB8D30
47D914F2
01404737
07E22CB4
DFE73A69
36F8419F
5C543D40
BD7AF89B
58515429
8432AA90
8205D788
768DEAFD
B3109103
7AADD4C1
C64FD965
297DDF75
841208AC
D006C818
909CDD6A
4F35F841
FB22CE01
ABBCF8B3
6DA4C85E
6B8AE5E9
6EEFE30E
934E7A39
29C1A286
582E5C10
D27348A7
0E1F1B9B
33E67308
4C1B5FBF
7E76257D
A25C4DF2
A649BFC3
0F0AF527
B5855AA2
C5488C73
E50FE66A
FCFC7923
43B8CF36
9CFADE91
49522F83
9608ABF7
35889F82
814C7A3D
7CD77ABA
2398E8C2
CB23AAA8
4C4C050C
D4787995
28D39A4A
B31F70E8
3A44BCD7
A454BF73
4107C87E
7250FD15
1C420230
61B919CF
BF7E4B7B
6BC3BFF2
3D86F9F7
FB5D2163
BFA58C5B
EA38BB72
09DAF064
585E0146
2B313E49
E446E6A8
0E16A493
8E4FC321
9BFA16AC
62D120C1
E3050303
DFEC1267
EECCEB1A
D26400F0
33D26D71
11FAC113
43BF3FF9
4D687D60
297F76CB
AA40F10D
1F16BF7D
AECBCBF5
9BBD730C
2256DF5A
3B323CF0
6418E32B
A4E069E6
5E322F52
75A0347D
D773CE12
F341E869
0DD6F433
1AC01B0F
74742108
C0D82B47
4D81277D
83EF2CB8
28F1CACB
46A39AB9
58F66D6F
C7DC6CFD
134E2C82
52072580
3FEA5A14
1C7B97F8
18622E68
27400F80
5C37527F
6954EB6E
138824C2
EAF5ADE2
AC4830CB
A062D291
AADCC843
9C58D3AA
460011C4
243B0A90
C93DE690
0148BA3E
40FA6BEA
7AF6920E
16337C15
6D6171C0
32323FD3
F39C368C
027AA53A
400E5C28
8F9C9349
3E00D881
C264BD0F
11A4CE33
887BEEB9
110EB69C
CC39205C
ED266396
497397F5
92843788
8953CCEC
D6522F80
118EB90E
0FB17ADA
6E54CE85
D52B2FF3
22946883
98DE464F
92305089
4CA3DFC3
656FE65E
0D6D73F7
F263F378
79B535FE
4FF1979D
D5BB4B8A
5690B066
912BE56A
C935F10C
A184A778
77674345
44616986
6E330ACF
C4C5AE5A
78CAAE0C
EBE757AD
E9E9D222
BF64B2DE
5882B538
6081601E
FB60A5DF
18449D99
E3332F1B
D189BCD7
5D4B71A6
FC98E16A
AEE3B034
75E91504
26C15480
F8A70D04
97E13525
3300369B
EFD3D154
D2B1E3D6
3BDAEE28
056FD6A2
3A2EAB67
4304BD7E
42B7832E
774A3B32
4BC4637B
6EE05309
AB3BD66D
74B849DF
D51AE995
F5781E42
488C4A04
C1DA7703
0B13F2C2
EFA7D74C
402DD3CE
C58E2567
DA55BBA6
0C5B240E
4D6208A5
21F775D3
A2C4B768
7CA699E0
31082D51
796E78FA
5CB3DFB1
0CB5EAD7
DDC9071E
6AC1198C
FA8BCB5D
0EABAA1C
A474B6E4
8C84E06B
D2F3BBCE
27366E4F
E1C2FF35
F2A61C24
85DB24BC
97079E5E
262C7F87
CED12942
9DD9CEA0
3E9454C4
AF81918F
214D31B4
1C16BFCE
E20BACE9
1E86A83D
0B464D39
5BC4EB47
A90C4B20
62880833
D234FFF4
898913E3
05897D2A
3B6EDA68
9C4C99BF
77E8F473
41F427E5
D2F7C2C8
F4C1D883
160A7ACC
A0B6A68A
6E0E7B0B
2BE71C6C
7D6C8672
3BF1284A
E9C0EC87
22A4C9E2
AF7F9E69
3FF248F3
75F26D6B
9DCBD05D
DAE842EC
11926762
25F979B9
663F8ED4
1F3AE292
2D47BA1A
320A2520
E3A2DC9C
A92896C4
C7E12DBB
403D85D1
A5E4CB2F
378FFFB1
B2F3A038
C95D331D
88A2D853
FFD4DA65
D6C91788
4C56D7B7
3094DEEE
4785A78A
537FB5BC
62336BF5
765627FA
36A5FF31
62D916AB
0F1C5C09
704D8793
71E034DD
DDCD64B3
84CB1C31
D68D74A0
00A2DFF7
801B8F85
D81D28F1
3BF1A22B
468E3F91
90B5CC3E
6CEB30FC
E5BF39E8
84A7044D
46A960AA
838F4D3E
3317A53A
05148AD1
AEA72FC1
A15BDB8A
8AC554F8
D71F1E76
4D42628A
8BFD9A70
B978CEF1
69E34EB2
2FF85033
A681F8F6
35BDFF6E
B56FB247
B3AC60A6
711CD9E4
0D1CAC78
D2AEC9BC
ADE44AD7
5D93BD85
97396A8A
B5233A03
3311765A
3124F8DA
F0D79EFF
417FF804
702E6DEF
E6300E73
3476777E
B7111842
7AEAE4CE
D46F980D
B7BA01A8
1564C758
71CB033C
DE533DFA
0B16110E
289E8BA7
EC004309
A9BB7237
9919B993
A4589F87
35EA5575
DEA298BB
FE17B803
9D70E630
D2D74042
470E73CA
3FAB5572
30C3B102
AE5A27E4
06876275
EA9DA98E
CFD34B91
617BDC4F
4A2E5475
71DB7EF2
A1A66C77
ACB369AA
A54CCA71
1F1E52D5
14ECC3E7
18B7EBB5
8AA4C678
40ED48AB
155098B5
8B8DC661
7C45F9FE
D3F1750D
B7C5F321
7283F8B7
7A02F40F
E46EC8C8
8387D06C
033376E7
F6BA5EBE
6A7DA3AF
160589FE
36A29D13
7A1BEA23
A036C726
D99C47C9
9C41DB18
233B3885
B971D9FD
F3DF97F5
D43CFCC6
27A2394D
E5B10F23
930601F9
A5CEE64A
C17DF620
EC7EB23A
E67BCFC4
DF218ADB
02518095
6A2B8752
09ECBCFD
CA90A04F
5CCB3A06
CF8A3023
D944E68D
B6408B21
67C71E39
4DBF00DD
E9AC0E8E
523D66A2
A6EC67CF
3A23B6C4
A1CE4446
C63D3C69
5DBC7F6A
897EAAA1
0C11F61F
9033FECE
179CAE6D
E886C2EF
671BB2D1
7F4B1B2D
F39036F0
C55036AB
C1C20411
17DF537C
4BD9EFBA
1768429A
EA5A7A7A
F79B5CB3
B68AE410
79926717
4C08502B
632CEE17
D956A626
6F67BF5C
DFFF6BEB
C7C77128
6B3A11BF
4B4A4090
AF57151A
D2959D7B
2693F98C
910EFE1C
A800BA00
866E19D9
C7C5C18C
9499E8A5
6F831D81
BCF894DC
7DCE8B19
DED3346C
34A6CCDF
26AD018A
2EDCAC42
86F77CCE
B1CA8E67
636F137B
3EF38914
D2E77292
F100FEFD
8D513E49
9BEE8A0C
00EC3E56
E3BDB283
9B12E28D
7493EB16
A0FD736A
B08D0A3F
5B79373D
C81DC860
ACC105BD
2233ECF2
DCFCE4BB
EB5F9C9D
76707BB0
763BBFC6
C9AB4571
DCE71AB5
4C94D013
E05B4420
5DE85C2C
D4AB5B26
3A47BF0F
D36FB56E
2F5FF943
7E8AA1E5
3B761188
22497876
5912905E
CEEFAE7A
F8C682C5
31D76725
7E0DCFBE
49CC9FE8
382B0BAB
425C7923
180F1D0E
781CE7E0
036D6F20
094682BF
9A7EA6A6
C5603847
327EDC48
7DF97036
3930C102
9C6A758E
AA8A5CDC
72EE0BE9
BF5634BE
87CEEE34
78F2AE6D
24F5E3EB
EE6E6EB5
E5943988
0FEB54AD
D89CF1A7
CFB09073
1055F6AC
9A4E1446
79EAAD3E
8ED77ED5
F13FFF1F
E4E247ED
C8FDE7AE
04CA0592
ED28A28E
E5F16B66
825D5F05
02CF7CB4
8FB0285A
030D251B
218C4289
AA77C6E1
527BD51D
A9294F4B
526E12AD
DF9ADBC6
5A6AAA5B
2AEF6F92
0B771817
44E878CB
2FCD0F0D
B339BFD8
69BAAD17
CFEEBDA3
23E858A1
CA20600B
215EBFB5
F043AAB3
FEA964D5
19354960
032687D6
3707808D
A68F5CA8
AD4EE0A7
2EBB3570
ACBA61F8
ECEF74E1
9F26A860
F591FA27
0BFFE950
B7F1A422
0F65601A
8F29EA8D
4498ADFB
00305DE6
40DF9472
969935C2
07F09C03
F8087319
E5604E63
65BC3326
7DFE02EE
37125842
079008B6
4B1A33B2
DE1E526F
0EC57F16
CEAF6905
46469543
F3EA1427
6ED14975
D35FF7F0
74A699AE
D2D1492C
4D22AAB0
430CD30B
1BCD8FA5
CD8690FE
9965C98E
805B56EF
40ECDC6D
34996A07
7D9370BB
D9261B6A
3B54AA03
40FB6C8F
D7B3F413
E30587CD
3EE5A16F
C772590F
7F341532
670F36E3
B4B0DE8D
97BF2049
5F4F9DB3
74CE0B78
5C8E4E42
E86DC4A4
2C075A8A
22F381AC
D44266DF
6C53E9F6
C21D9690
BDFE4A64
C3BC3FD8
B2ADA41A
BD0829F1
995FADA0
CD486930
77FFE58C
71FD549B
40D8A14B
2A7B6D96
ADE28237
41387491
1DC9E9BE
7E10A413
BC818172
6EF65680
67E45E8E
B5616E86
D29E5C3F
56162495
5E085756
FE30BE38
1FF2BBC4
95A07409
35BC788F
69D8C325
D08B8CCC
7A25C4FC
AC63BD35
05AC2071
D2548AA9
1616A1EA
5A0422CF
68C2D9CA
9ABE9B9C
594F5CB4
C0443F98
4B34C689
30C017A5
56649F5F
01C9B637
1488FC6B
F851CB59
769BE5C4
C477C352
DDD57043
55EC786C
AF7A67FB
AA2A7EB2
0378C07F
740FFE77
69A4CE45
1F35C061
6F004239
FC5845DC
57D40D9F
F81A2F10
9D6C2525
FB93ECA3
3691ACA6
11A993F4
8E36C30C
8BD67F38
8E297268
7690D9F0
0124C0FE
81395C95
2DA8F6B4
B1E3DCA8
5F11F4FD
F17746E2
5B21AF20
FBC99F80
BFD18248
F8726D55
5028BC39
D9CA533A
A9F76C5C
76C1A47A
1DD44BA0
56052E2A
CD0187E6
8583142E
1896B742
69FDB739
9020A513
443C6070
063EA4B3
E517D0A3
523412AB
4A02399C
A4FC2704
6C47F05E
ECD18C1A
DBD20D6A
389A387D
A22A965B
4D1F874A
2104B345
BAC982B2
87EC259D
29677FE0
14F819CF
15661BEC
4E23607E
F8AE6057
72034AD6
810F95E3
880B20BB
603C2CB3
22F3CD43
DC704CAC
0B6B278C
52ACFA83
E67A8702
15DF1953
956CDA87
C4274C74
1FC41445
FE7047C2
D7AC4824
33552899
CFCC34F9
6D00EF8B
A5070EB5
18C3F248
13EAC2DB
6E5B3407
20362248
61E45CFB
58F86926
8A4695B4
16CACB7F
E4F129A0
8617B185
EE26723F
6334644C
8723E11C
083BF597
C89E8164
D3362271
78B7F92B
6E123B2D
5D49A5C0
97C4FCE4
767866E0
F0D3876A
B79BB61A
F042C9B8
9CA17B08
6CF1761A
18A02A48
DA7AB9AD
493B2661
8F8DD48A
6C139FBA
0EC3C0CF
D33F44CE
74A39BA1
4DE5D319
F651AEC0
2B458A78
4FDB7064
91AA1007
38640E02
09EE522C
77775B2F
A150DDCB
B205B062
6F774D36
C301E40C
C466787E
C097346A
327ABD57
F1B0255C
F1CFB31F
CAFCBECC
7E40F323
50AF8B6D
456FDB33
F0B248E0
3D2FBAA0
0CF1A701
E6E2095D
E207E2EB
6D343047
3AFB9AA5
915D4AE0
35899D5A
5E6F9FC6
454DB016
7DC107A2
61F697C4
0835D5A9
9C9F5D98
69498D74
823CAE62
5D651110
31995D80
095CBA9B
148AF2E6
98ECDA98
B08EFED8
182D285C
40084873
8A617720
D14BB214
CF46C99D
22C4A3F5
CBB6947C
F3E1A3F0
BAAB6C72
C5FF640A
8B0EA29F
04837519
545B4A20
059A81E7
42857A6D
88D12764
B03F7310
54F8D08F
1316C93D
F484B3BA
2A327927
91C42FD5
E5FF47DA
DA2DB76A
914E4261
876D2CD8
EF607CBE
446AC311
0FA562BC
C3E7F0A1
4F4D6B67
A61A45AD
55D1EB58
89F59D58
D7F79B3C
260847AF
C1100A68
3ACDD236
65687DF1
D808E9F0
E094737B
23AFC6A8
5FA1D18C
9DF36C8D
825C669F
566167A4
8533114F
57357CC6
C4F02B03
6563EDAE
C714F974
0AD3FF4E
770BB6CA
D6B61D6B
030379C1
85777BA4
A1DEAE8C
DAB0580C
A340A4F0
C93703F3
1F1EA2F4
87241E98
BDFE928B
443D8EF2
5F0270FD
E00D727F
A41189D3
55816FFC
6FE427AC
84890D8A
D412AA98
66D78CB2
8CF9477A
8875E59D
4CEDBD16
05683F71
5BEDC931
E54E727E
17990DD2
8876455E
467F93CE
82AA6ED1
CBC8B9F4
B84F91AB
FDAF0304
A2ABF84C
F8570E91
B341892C
51574807
208E41C5
5C6F9141
615079DD
C36C9619
3E93422B
23607EC5
EA34AB85
5165810D
005DA067
68D4BBD9
E4E9A1F2
AA14B460
1CBA2D54
7948EF0E
EE08C18A
31ADA5A5
FBF9159D
374B25AA
50D28BA8
0DD7B1E2
FA881E4A
091B74CF
72B01086
7C7A7469
9AA4511B
30ECC902
D1EFD890
C0B876C4
2FC6106F
07DA3914
E6D98123
9DC898DB
149C4211
E089A135
954B3FEA
B8D3DB0D
5B95AEB9
D822ACDA
00DF5E3A
050191C6
58C9F825
FED82B7A
18F33BF8
83BBFC89
34AFCC92
BB04E74D
BB3FB87B
19752522
42018115
5969F065
8B5CD3D8
5BE79214
3F57E832
F74A72F0
0DD7338D
C29B909A
A6020AB4
9A927EB5
D2E913E7
912445CE
B0D4FAF8
7606E19F
7420729B
BB41B389
1B52AF91
3A9C37B7
9F708B62
F91C88DA
5A9FE8FC
BB08F9ED
788BBE9C
BD1BFB5C
0C4BA4E2
9DDF9A4A
DF63F841
2012553D
5F514039
23CECFE9
DB7ADD5F
EC0BA1BA
2726B60F
94BEB143
064A8468
454CABB2
32275BF1
DD8EFAF7
1BA9338B
F5A57DD4
B3C7040E
4E490A9A
E3794A8C
39CE362D
E70A0BA4
4537DC1C
6F96D98F
23FEECC3
CEB09C86
FED2DDA6
875E0989
6DA77C88
C9649BC3
9020A807
4929C31E
86366933
2815E273
889D2179
313991EF
6B1A3358
032E9627
CA8DA298
DBB4353D
B9E685EE
93CEA7A6
470D417F
2F3B6DF6
279BCF84
457E16A2
DD9CC124
5216710B
07ED94B8
6EC65884
CC42A71D
06897D0D
840C344E
66F26C64
E8618F28
7F37DD4A
1C4F597A
17754B7C
612E714E
0EC6E25D
24FABEFD
524FF9BB
D97B7B21
428EF212
44E02090
60F91D85
5F4C4BE8
6DFFBBFF
CA311589
6AB6AE1F
F90D7BC0
0C8D64A4
309A6437
1216483E
F92D22F1
4CDA5500
F7E43ACC
4F35B27C
EFD86A48
0C66C8F4
EE3D925C
BCA50102
D109FF64
91ABB3A0
9E5C26B8
E109B75D
7282CE47
3DD24BCA
6FB5163A
64EF868D
8331642F
17491AD2
916FEABC
8C903904
C971AAD7
E324D54C
066ABEDE
55EF4542
72593F17
8C35D5CD
22E5FBCC
8BDE42DC
BE47ABD9
3A33840E
236B97E2
FE962179
2B4F39DB
15D557BD
C37B047A
EF96A01E
C04C1C02
2A056FC6
1644E127
AF271625
3BA5A2D8
631D3076
68C2F3B4
43EC161B
A9A92632
E59C5FF3
2A24A4A8
5BF013F6
3EB2EDF2
1BE422A8
73CDD5F4
FCC486F0
38CE005C
F7F5735B
94E294B1
8CA98737
295DE97E
50F8BD6A
F62B50B9
FB0FACD1
FF4AAD5C
36E22ECA
CA474FBC
7AC86934
80D130DA
9AAAA9F1
76DDE787
22A01051
2672C395
6D9A17A3
A5E2A324
83809639
CC270962
1444B9A8
90AF46A0
028AC67F
C9A76238
9035B57D
DBF8D3FC
C958340B
EF654939
F6B48B90
3E0F6DC2
849EF77C
04411684
E3CDFBD0
ED879FB0
3FF6569A
81303056
426EC409
92E224C7
CBC4623A
DA584C05
78C85FEC
EED8E419
D004FE00
AFA89900
1B94678F
5F24AA26
FDF5D9E5
8C751F4F
BB15BB0C
C61FE47F
1D19CB2A
EA1943D0
D0DEE2CF
6C2AF51B
27C98EA7
269DE0F8
A1915C99
0517E798
DAB6AF9A
9E074234
779B2D08
789D1DAC
D5DE0BF2
A6444E0C
30E21115
29EEA8D4
C48A4D57
80B18C4E
CA0F51F2
F9424243
73396017
76E7DD20
FAAB849C
BEF44768
0E145EFA
AA151B57
8F05F7BC
DF3A260B
B3453DE8
1B336215
30ADE852
CC557560
0FD793FB
264BD411
49AA6B94
8D7F6FFE
F7EB0E0F
46AD87C1
8A6F48E3
0B8E70FD
CF838C3D
14937A83
0C191537
0854C2C9
E507785E
BAAC16CC
9647870B
A97DE618
CB31AA11
6D1B045A
4D81D26E
F19096AA
AE07BDAC
EE7BF840
A3A79FF5
E88576C2
2B95FAE7
4C51DA52
629C407A
D125F4DE
8E43AFA9
65559454
F51C84F7
7BD689CD
E7128E5F
8CEFA516
BD18E8CA
39524CC2
24931D49
EBC02B6A
BFF427F3
65A2C3B2
7528D74E
28EDA2C0
C64AB7B0
66391B7E
E031B6F6
4D80409E
821C1D41
99C26FDC
1EF404BD
96062243
85A0C1EF
22F3145E
789BF376
4208FE23
95DE16A2
3280C29F
FD4ABC37
DF832DD7
481BF658
533B3DA5
1711ABBA
65DCC065
E0F1AFDE
4F8527AF
9A92BF6F
D8B2DC70
B265CCEB
7293E255
40588AF6
E7579752
9A3C8AFB
7C29489B
50B68271
C1F82E4D
4E9E2F35
D6065131
210D3BB1
1346FD70
6FBD2599
B222148A
033B4134
49C27110
F53FCB5D
5C1C63AE
BC5BAF44
30363094
84B09EF6
1AA458DE
75582EF1
EF448823
9BCA7AE2
DF48150F
E365654C
D87F1C3F
E41A6E26
70BA6237
60469B53
A30FF2C3
675C2068
DC496BD2
3B359276
60B04A02
B97255B5
3F96D571
BD670143
3ACB2C44
5FC19B77
4BD92952
FA7D41B6
0F10E955
1BB47630
3CC5BF1C
DDF5734B
774641EA
CA458A3F
1426F4A1
F13C1724
F0024853
8EEBDEE0
012F9747
ACDD8112
225D658A
B611FE2A
0E58275A
7F82A731
B90C6711
0AE7D6EF
FE3B8DD5
FCB72A32
3B49ED50
74765A88
0BBF7D60
846CD9FF
E2BA75D3
77948EF1
722A4EA2
C4715260
8D73BE87
D3C2F3FF
952DC217
B814AEC0
F83E7421
1583898E
76B3AB30
4FB63E87
7C63623E
69AA0900
F7C7F439
E43D37FE
C3125B9D
70C32BB9
BDFF615E
B26508C5
092EB57A
5A59883D
09CE3B22
B6C10171
9DA1E9C8
C9F87C67
B44B710C
2D9EE357
F44BD271
5A7BF4F4
134062B6
7C2588E6
8B78A43D
46D63B1B
42D819FE
0DBC0C1A
B680F351
DD7047FC
B68996EC
C56269EE
80808080
80808080
80808080
80808080
80808080
80808080
80808080
80808080
80808080
80808080
80808080
80808080
80808080
80808080
80808080
80808080
80808080
80808080
80808080
80808080
80808080
80808080
80808080
80808080
80808080
80808080
80808080
80808080
80808080
80808080
80808080
80808080
80808080
80808080
80808080
80808080
80808080
80808080
80808080
80808080
80808080
80808080
80808080
80808080
80808080
80808080
80808080
80808080
80808080
80808080
80808080
80808080
80808080
80808080
80808080
80808080
80808080
80808080
80808080
80808080
80808080
80808080
80808080
80808080
80808080
80808080
80808080
80808080
80808080
80808080
80808080
80808080
80808080
80808080
80808080
80808080
80808080
80808080
80808080
80808080
80808080
80808080
80808080
80808080
80808080
80808080
80808080
80808080
80808080
80808080
80808080
80808080
80808080
80808080
80808080
80808080
80808080
80808080
80808080
80808080
80808080
80808080
80808080
80808080
80808080
80808080
80808080
80808080
80808080
80808080
80808080
80808080
80808080
80808080
80808080
80808080
80808080
80808080
80808080
80808080
80808080
80808080
80808080
80808080
80808080
80808080
80808080
80808080
80808080
80808080
80808080
80808080
80808080
80808080
80808080
80808080
80808080
80808080
80808080
80808080
80808080
80808080
80808080
80808080
80808080
80808080
80808080
80808080
80808080
80808080
80808080
80808080
80808080
80808080
80808080
80808080
80808080
80808080
80808080
80808080
80808080
80808080
80808080
80808080
80808080
80808080
80808080
80808080
80808080
80808080
80808080
80808080
80808080
80808080
80808080
80808080
80808080
80808080
80808080
80808080
80808080
80808080
80808080
80808080
80808080
80808080
80808080
80808080
80808080
80808080
80808080
80808080
80808080
80808080
80808080
80808080
80808080
80808080
80808080
80808080
80808080
80808080
80808080
80808080
80808080
80808080
80808080
80808080
80808080
80808080
80808080
80808080
80808080
80808080
80808080
80808080
80808080
80808080
80808080
80808080
80808080
80808080
80808080
80808080
80808080
80808080
80808080
80808080
80808080
80808080
80808080
80808080
80808080
80808080
80808080
80808080
80808080
80808080
80808080
80808080
80808080
80808080
80808080
80808080
80808080
80808080
80808080
80808080
80808080
80808080
80808080
80808080
80808080
80808080
80808080
80808080
80808080
80808080
80808080
80808080
80808080
80808080
80808080
80808080
80808080
80808080
80808080
80808080
80808080
80808080
80808080
80808080
80808080
80808080
80808080
80808080
80808080
80808080
80808080
80808080
80808080
80808080
80808080
80808080
80808080
80808080
80808080
80808080
80808080
80808080
80808080
80808080
80808080
80808080
80808080
80808080
80808080
80808080
80808080
80808080
80808080
80808080
80808080
80808080
80808080
80808080
80808080
80808080
80808080
80808080
80808080
80808080
80808080
80808080
80808080
80808080
80808080
80808080
80808080
80808080
80808080
80808080
80808080
80808080
80808080
80808080
80808080
80808080
80808080
80808080
80808080
80808080
80808080
80808080
80808080
80808080
80808080
80808080
80808080
80808080
80808080
80808080
80808080
80808080
80808080
80808080
80808080
80808080
80808080
80808080
80808080
80808080
80808080
80808080
80808080
80808080
80808080
80808080
80808080
80808080
80808080
80808080
80808080
80808080
80808080
80808080
80808080
80808080
80808080
80808080
80808080
80808080
80808080
80808080
80808080
80808080
80808080
80808080
80808080
80808080
80808080
80808080
80808080
80808080
80808080
80808080
80808080
80808080
80808080
80808080
80808080
80808080
80808080
80808080
80808080
80808080
80808080
80808080
80808080
80808080
80808080
80808080
80808080
80808080
80808080
80808080
80808080
80808080
80808080
80808080
80808080
80808080
80808080
80808080
80808080
80808080
80808080
80808080
80808080
80808080
80808080
80808080
80808080
80808080
80808080
80808080
80808080
80808080
80808080
80808080
80808080
80808080
80808080
80808080
80808080
80808080
80808080
80808080
80808080
80808080
80808080
80808080
80808080
80808080
80808080
80808080
80808080
80808080
80808080
80808080
80808080
80808080
80808080
80808080
80808080
80808080
80808080
80808080
80808080
80808080
80808080
80808080
80808080
80808080
80808080
80808080
80808080
80808080
80808080
80808080
80808080
80808080
80808080
80808080
80808080
80808080
80808080
80808080
80808080
80808080
80808080
80808080
80808080
80808080
80808080
80808080
80808080
80808080
80808080
80808080
00000000
00000000
00000000
00000000
00000000
00000000
00000000
00000000
00000000
00000000
00000000
00000000
00000000
00000000
00000000
00000000
00000000
00000000
00000000
00000000
00000000
00000000
00000000
00000000
00000000
00000000
00000000
00000000
00000000
00000000
00000000
00000000
00000000
00000000
00000000
00000000
00000000
00000000
00000000
00000000
00000000
00000000
00000000
00000000
00000000
00000000
00000000
00000000
00000000
00000000
00000000
00000000
00000000
00000000
00000000
00000000
00000000
00000000
00000000
00000000
00000000
00000000
00000000
00000000
00000000
00000000
00000000
00000000
00000000
00000000
00000000
00000000
00000000
00000000
00000000
00000000
00000000
00000000
00000000
00000000
00000000
00000000
00000000
00000000
00000000
00000000
00000000
00000000
00000000
00000000
00000000
00000000
00000000
00000000
00000000
00000000
00000000
00000000
00000000
00000000
00000000
00000000
00000000
00000000
00000000
00000000
00000000
00000000
00000000
00000000
00000000
00000000
00000000
00000000
00000000
00000000
00000000
00000000
00000000
00000000
00000000
00000000
00000000
00000000
00000000
00000000
00000000
00000000
00000000
00000000
00000000
00000000
00000000
00000000
00000000
00000000
00000000
00000000
00000000
00000000
00000000
00000000
00000000
00000000
00000000
00000000
00000000
00000000
00000000
00000000
00000000
00000000
00000000
00000000
00000000
00000000
00000000
00000000
00000000
00000000
00000000
00000000
00000000
00000000
00000000
00000000
00000000
00000000
00000000
00000000
00000000
00000000
00000000
00000000
00000000
00000000
00000000
00000000
00000000
00000000
00000000
00000000
00000000
00000000
00000000
00000000
00000000
00000000
00000000
00000000
00000000
00000000
00000000
00000000
00000000
00000000
00000000
00000000
00000000
00000000
00000000
00000000
00000000
00000000
00000000
00000000
00000000
00000000
00000000
00000000
00000000
00000000
00000000
00000000
00000000
00000000
00000000
00000000
00000000
00000000
00000000
00000000
00000000
00000000
00000000
00000000
00000000
00000000
00000000
00000000
00000000
00000000
00000000
00000000
00000000
00000000
00000000
00000000
00000000
00000000
00000000
00000000
00000000
00000000
00000000
00000000
00000000
00000000
00000000
00000000
00000000
00000000
00000000
00000000
00000000
00000000
00000000
00000000
00000000
00000000
00000000
00000000
00000000
00000000
00000000
00000000
00000000
00000000
00000000
00000000
00000000
00000000
00000000
00000000
00000000
00000000
00000000
00000000
00000000
00000000
00000000
00000000
00000000
00000000
00000000
00000000
00000000
00000000
00000000
00000000
00000000
00000000
00000000
00000000
00000000
00000000
00000000
00000000
00000000
00000000
00000000
00000000
00000000
00000000
00000000
00000000
00000000
00000000
00000000
00000000
00000000
00000000
00000000
00000000
00000000
00000000
00000000
00000000
00000000
00000000
00000000
00000000
00000000
00000000
00000000
00000000
00000000
00000000
00000000
00000000
00000000
00000000
00000000
00000000
00000000
00000000
00000000
00000000
00000000
00000000
00000000
00000000
00000000
00000000
00000000
00000000
00000000
00000000
00000000
00000000
00000000
00000000
00000000
00000000
00000000
00000000
00000000
00000000
00000000
00000000
00000000
00000000
00000000
00000000
00000000
00000000
00000000
00000000
00000000
00000000
00000000
00000000
00000000
00000000
00000000
00000000
00000000
00000000
00000000
00000000
00000000
00000000
00000000
00000000
00000000
00000000
00000000
00000000
00000000
00000000
00000000
00000000
00000000
00000000
00000000
00000000
00000000
00000000
00000000
00000000
00000000
00000000
00000000
00000000
00000000
00000000
00000000
00000000
00000000
00000000
00000000
00000000
00000000
00000000
00000000
00000000
00000000
00000000
00000000
00000000
00000000
00000000
00000000
00000000
00000000
00000000
00000000
00000000
00000000
00000000
00000000
00000000
00000000
00000000
00000000
00000000
00000000
00000000
00000000
00000000
00000000
00000000
00000000
00000000
00000000
00000000
00000000
00000000
00000000
00000000
00000000
00000000
00000000
00000000
00000000
00000000
00000000
00000000
00000000
00000000
00000000
00000000
00000000
00000000
00000000
00000000
00000000
00000000
00000000
00000000
00000000
00000000
00000000
00000000
00000000
00000000
00000000
00000000
00000000
00000000
00000000
00000000
00000000
00000000
00000000
00000000
00000000
00000000
00000000
00000000
7F7F7F7F
7F7F7F7F
7F7F7F7F
7F7F7F7F
7F7F7F7F
7F7F7F7F
7F7F7F7F
7F7F7F7F
7F7F7F7F
7F7F7F7F
7F7F7F7F
7F7F7F7F
7F7F7F7F
7F7F7F7F
7F7F7F7F
7F7F7F7F
7F7F7F7F
7F7F7F7F
7F7F7F7F
7F7F7F7F
7F7F7F7F
7F7F7F7F
7F7F7F7F
7F7F7F7F
7F7F7F7F
7F7F7F7F
7F7F7F7F
7F7F7F7F
7F7F7F7F
7F7F7F7F
7F7F7F7F
7F7F7F7F
7F7F7F7F
7F7F7F7F
7F7F7F7F
7F7F7F7F
7F7F7F7F
7F7F7F7F
7F7F7F7F
7F7F7F7F
7F7F7F7F
7F7F7F7F
7F7F7F7F
7F7F7F7F
7F7F7F7F
7F7F7F7F
7F7F7F7F
7F7F7F7F
7F7F7F7F
7F7F7F7F
7F7F7F7F
7F7F7F7F
7F7F7F7F
7F7F7F7F
7F7F7F7F
7F7F7F7F
7F7F7F7F
7F7F7F7F
7F7F7F7F
7F7F7F7F
7F7F7F7F
7F7F7F7F
7F7F7F7F
7F7F7F7F
7F7F7F7F
7F7F7F7F
7F7F7F7F
7F7F7F7F
7F7F7F7F
7F7F7F7F
7F7F7F7F
7F7F7F7F
7F7F7F7F
7F7F7F7F
7F7F7F7F
7F7F7F7F
7F7F7F7F
7F7F7F7F
7F7F7F7F
7F7F7F7F
7F7F7F7F
7F7F7F7F
7F7F7F7F
7F7F7F7F
7F7F7F7F
7F7F7F7F
7F7F7F7F
7F7F7F7F
7F7F7F7F
7F7F7F7F
7F7F7F7F
7F7F7F7F
7F7F7F7F
7F7F7F7F
7F7F7F7F
7F7F7F7F
7F7F7F7F
7F7F7F7F
7F7F7F7F
7F7F7F7F
7F7F7F7F
7F7F7F7F
7F7F7F7F
7F7F7F7F
7F7F7F7F
7F7F7F7F
7F7F7F7F
7F7F7F7F
7F7F7F7F
7F7F7F7F
7F7F7F7F
7F7F7F7F
7F7F7F7F
7F7F7F7F
7F7F7F7F
7F7F7F7F
7F7F7F7F
7F7F7F7F
7F7F7F7F
7F7F7F7F
7F7F7F7F
7F7F7F7F
7F7F7F7F
7F7F7F7F
7F7F7F7F
7F7F7F7F
7F7F7F7F
7F7F7F7F
7F7F7F7F
7F7F7F7F
7F7F7F7F
7F7F7F7F
7F7F7F7F
7F7F7F7F
7F7F7F7F
7F7F7F7F
7F7F7F7F
7F7F7F7F
7F7F7F7F
7F7F7F7F
7F7F7F7F
7F7F7F7F
7F7F7F7F
7F7F7F7F
7F7F7F7F
7F7F7F7F
7F7F7F7F
7F7F7F7F
7F7F7F7F
7F7F7F7F
7F7F7F7F
7F7F7F7F
7F7F7F7F
7F7F7F7F
7F7F7F7F
7F7F7F7F
7F7F7F7F
7F7F7F7F
7F7F7F7F
7F7F7F7F
7F7F7F7F
7F7F7F7F
7F7F7F7F
7F7F7F7F
7F7F7F7F
7F7F7F7F
7F7F7F7F
7F7F7F7F
7F7F7F7F
7F7F7F7F
7F7F7F7F
7F7F7F7F
7F7F7F7F
7F7F7F7F
7F7F7F7F
7F7F7F7F
7F7F7F7F
7F7F7F7F
7F7F7F7F
7F7F7F7F
7F7F7F7F
7F7F7F7F
7F7F7F7F
7F7F7F7F
7F7F7F7F
7F7F7F7F
7F7F7F7F
7F7F7F7F
7F7F7F7F
7F7F7F7F
7F7F7F7F
7F7F7F7F
7F7F7F7F
7F7F7F7F
7F7F7F7F
7F7F7F7F
7F7F7F7F
7F7F7F7F
7F7F7F7F
7F7F7F7F
7F7F7F7F
7F7F7F7F
7F7F7F7F
7F7F7F7F
7F7F7F7F
7F7F7F7F
7F7F7F7F
7F7F7F7F
7F7F7F7F
7F7F7F7F
7F7F7F7F
7F7F7F7F
7F7F7F7F
7F7F7F7F
7F7F7F7F
7F7F7F7F
7F7F7F7F
7F7F7F7F
7F7F7F7F
7F7F7F7F
7F7F7F7F
7F7F7F7F
7F7F7F7F
7F7F7F7F
7F7F7F7F
7F7F7F7F
7F7F7F7F
7F7F7F7F
7F7F7F7F
7F7F7F7F
7F7F7F7F
7F7F7F7F
7F7F7F7F
7F7F7F7F
7F7F7F7F
7F7F7F7F
7F7F7F7F
7F7F7F7F
7F7F7F7F
7F7F7F7F
7F7F7F7F
7F7F7F7F
7F7F7F7F
7F7F7F7F
7F7F7F7F
7F7F7F7F
7F7F7F7F
7F7F7F7F
7F7F7F7F
7F7F7F7F
7F7F7F7F
7F7F7F7F
7F7F7F7F
7F7F7F7F
7F7F7F7F
7F7F7F7F
7F7F7F7F
7F7F7F7F
7F7F7F7F
7F7F7F7F
7F7F7F7F
7F7F7F7F
7F7F7F7F
7F7F7F7F
7F7F7F7F
7F7F7F7F
7F7F7F7F
7F7F7F7F
7F7F7F7F
7F7F7F7F
7F7F7F7F
7F7F7F7F
7F7F7F7F
7F7F7F7F
7F7F7F7F
7F7F7F7F
7F7F7F7F
7F7F7F7F
7F7F7F7F
7F7F7F7F
7F7F7F7F
7F7F7F7F
7F7F7F7F
7F7F7F7F
7F7F7F7F
7F7F7F7F
7F7F7F7F
7F7F7F7F
7F7F7F7F
7F7F7F7F
7F7F7F7F
7F7F7F7F
7F7F7F7F
7F7F7F7F
7F7F7F7F
7F7F7F7F
7F7F7F7F
7F7F7F7F
7F7F7F7F
7F7F7F7F
7F7F7F7F
7F7F7F7F
7F7F7F7F
7F7F7F7F
7F7F7F7F
7F7F7F7F
7F7F7F7F
7F7F7F7F
7F7F7F7F
7F7F7F7F
7F7F7F7F
7F7F7F7F
7F7F7F7F
7F7F7F7F
7F7F7F7F
7F7F7F7F
7F7F7F7F
7F7F7F7F
7F7F7F7F
7F7F7F7F
7F7F7F7F
7F7F7F7F
7F7F7F7F
7F7F7F7F
7F7F7F7F
7F7F7F7F
7F7F7F7F
7F7F7F7F
7F7F7F7F
7F7F7F7F
7F7F7F7F
7F7F7F7F
7F7F7F7F
7F7F7F7F
7F7F7F7F
7F7F7F7F
7F7F7F7F
7F7F7F7F
7F7F7F7F
7F7F7F7F
7F7F7F7F
7F7F7F7F
7F7F7F7F
7F7F7F7F
7F7F7F7F
7F7F7F7F
7F7F7F7F
7F7F7F7F
7F7F7F7F
7F7F7F7F
7F7F7F7F
7F7F7F7F
7F7F7F7F
7F7F7F7F
7F7F7F7F
7F7F7F7F
7F7F7F7F
7F7F7F7F
7F7F7F7F
7F7F7F7F
7F7F7F7F
7F7F7F7F
7F7F7F7F
7F7F7F7F
7F7F7F7F
7F7F7F7F
7F7F7F7F
7F7F7F7F
7F7F7F7F
7F7F7F7F
7F7F7F7F
7F7F7F7F
7F7F7F7F
7F7F7F7F
7F7F7F7F
7F7F7F7F
7F7F7F7F
7F7F7F7F
7F7F7F7F
7F7F7F7F
7F7F7F7F
7F7F7F7F
7F7F7F7F
7F7F7F7F
7F7F7F7F
7F7F7F7F
7F7F7F7F
7F7F7F7F
7F7F7F7F
7F7F7F7F
7F7F7F7F
7F7F7F7F
7F7F7F7F
7F7F7F7F
7F7F7F7F
7F7F7F7F
7F7F7F7F
7F7F7F7F
7F7F7F7F
7F7F7F7F
7F7F7F7F
7F7F7F7F
7F7F7F7F
7F7F7F7F
7F7F7F7F
7F7F7F7F
7F7F7F7F
7F7F7F7F
7F7F7F7F
7F7F7F7F
7F7F7F7F
7F7F7F7F
7F7F7F7F
7F7F7F7F
7F7F7F7F
7F7F7F7F
7F7F7F7F
7F7F7F7F
7F7F7F7F
7F7F7F7F
7F7F7F7F
7F7F7F7F
7F7F7F7F
7F7F7F7F
7F7F7F7F
7F7F7F7F
7F7F7F7F
7F7F7F7F
7F7F7F7F
7F7F7F7F
7F7F7F7F
7F7F7F7F
7F7F7F7F
7F7F7F7F
7F7F7F7F
7F7F7F7F
7F7F7F7F
7F7F7F7F
7F7F7F7F
7F7F7F7F
7F7F7F7F
7F7F7F7F
7F7F7F7F
7F7F7F7F
7F7F7F7F
7F7F7F7F
7F7F7F7F
7F7F7F7F
7F7F7F7F
7F7F7F7F
7F7F7F7F
7F7F7F7F
7F7F7F7F
7F7F7F7F
7F7F7F7F
7F7F7F7F
7F7F7F7F
7F7F7F7F
7F7F7F7F
7F7F7F7F
7F7F7F7F
7F7F7F7F
7F7F7F7F
7F7F7F7F
7F7F7F7F
7F7F7F7F
7F7F7F7F
7F7F7F7F
7F7F7F7F
7F7F7F7F
7F7F7F7F
7F7F7F7F
7F7F7F7F
7F7F7F7F
7F7F7F7F
7F7F7F7F
7F7F7F7F
7F7F7F7F
7F7F7F7F
7F7F7F7F
7F7F7F7F
7F7F7F7F
7F7F7F7F
7F7F7F7F
7F7F7F7F
7F7F7F7F
7F7F7F7F
7F7F7F7F
7F7F7F7F
7F7F7F7F
9C649C64
9C649C64
9C649C64
9C649C64
9C649C64
9C649C64
9C649C64
9C649C64
9C649C64
9C649C64
9C649C64
9C649C64
9C649C64
9C649C64
9C649C64
9C649C64
9C649C64
9C649C64
9C649C64
9C649C64
9C649C64
9C649C64
9C649C64
9C649C64
9C649C64
9C649C64
9C649C64
9C649C64
9C649C64
9C649C64
9C649C64
9C649C64
9C649C64
9C649C64
9C649C64
9C649C64
9C649C64
9C649C64
9C649C64
9C649C64
9C649C64
9C649C64
9C649C64
9C649C64
9C649C64
9C649C64
9C649C64
9C649C64
9C649C64
9C649C64
9C649C64
9C649C64
9C649C64
9C649C64
9C649C64
9C649C64
9C649C64
9C649C64
9C649C64
9C649C64
9C649C64
9C649C64
9C649C64
9C649C64
9C649C64
9C649C64
9C649C64
9C649C64
9C649C64
9C649C64
9C649C64
9C649C64
9C649C64
9C649C64
9C649C64
9C649C64
9C649C64
9C649C64
9C649C64
9C649C64
9C649C64
9C649C64
9C649C64
9C649C64
9C649C64
9C649C64
9C649C64
9C649C64
9C649C64
9C649C64
9C649C64
9C649C64
9C649C64
9C649C64
9C649C64
9C649C64
9C649C64
9C649C64
9C649C64
9C649C64
9C649C64
9C649C64
9C649C64
9C649C64
9C649C64
9C649C64
9C649C64
9C649C64
9C649C64
9C649C64
9C649C64
9C649C64
9C649C64
9C649C64
9C649C64
9C649C64
9C649C64
9C649C64
9C649C64
9C649C64
9C649C64
9C649C64
9C649C64
9C649C64
9C649C64
9C649C64
9C649C64
9C649C64
9C649C64
9C649C64
9C649C64
9C649C64
9C649C64
9C649C64
9C649C64
9C649C64
9C649C64
9C649C64
9C649C64
9C649C64
9C649C64
9C649C64
9C649C64
9C649C64
9C649C64
9C649C64
9C649C64
9C649C64
9C649C64
9C649C64
9C649C64
9C649C64
9C649C64
9C649C64
9C649C64
9C649C64
9C649C64
9C649C64
9C649C64
9C649C64
9C649C64
9C649C64
9C649C64
9C649C64
9C649C64
9C649C64
9C649C64
9C649C64
9C649C64
9C649C64
9C649C64
9C649C64
9C649C64
9C649C64
9C649C64
9C649C64
9C649C64
9C649C64
9C649C64
9C649C64
9C649C64
9C649C64
9C649C64
9C649C64
9C649C64
9C649C64
9C649C64
9C649C64
9C649C64
9C649C64
9C649C64
9C649C64
9C649C64
9C649C64
9C649C64
9C649C64
9C649C64
9C649C64
9C649C64
9C649C64
9C649C64
9C649C64
9C649C64
9C649C64
9C649C64
9C649C64
9C649C64
9C649C64
9C649C64
9C649C64
9C649C64
9C649C64
9C649C64
9C649C64
9C649C64
9C649C64
9C649C64
9C649C64
9C649C64
9C649C64
9C649C64
9C649C64
9C649C64
9C649C64
9C649C64
9C649C64
9C649C64
9C649C64
9C649C64
9C649C64
9C649C64
9C649C64
9C649C64
9C649C64
9C649C64
9C649C64
9C649C64
9C649C64
9C649C64
9C649C64
9C649C64
9C649C64
9C649C64
9C649C64
9C649C64
9C649C64
9C649C64
9C649C64
9C649C64
9C649C64
9C649C64
9C649C64
9C649C64
9C649C64
9C649C64
9C649C64
9C649C64
9C649C64
9C649C64
9C649C64
9C649C64
9C649C64
9C649C64
9C649C64
9C649C64
9C649C64
9C649C64
9C649C64
9C649C64
9C649C64
9C649C64
9C649C64
9C649C64
9C649C64
9C649C64
9C649C64
9C649C64
9C649C64
9C649C64
9C649C64
9C649C64
9C649C64
9C649C64
9C649C64
9C649C64
9C649C64
9C649C64
9C649C64
9C649C64
9C649C64
9C649C64
9C649C64
9C649C64
9C649C64
9C649C64
9C649C64
9C649C64
9C649C64
9C649C64
9C649C64
9C649C64
9C649C64
9C649C64
9C649C64
9C649C64
9C649C64
9C649C64
9C649C64
9C649C64
9C649C64
9C649C64
9C649C64
9C649C64
9C649C64
9C649C64
9C649C64
9C649C64
9C649C64
9C649C64
9C649C64
9C649C64
9C649C64
9C649C64
9C649C64
9C649C64
9C649C64
9C649C64
9C649C64
9C649C64
9C649C64
9C649C64
9C649C64
9C649C64
9C649C64
9C649C64
9C649C64
9C649C64
9C649C64
9C649C64
9C649C64
9C649C64
9C649C64
9C649C64
9C649C64
9C649C64
9C649C64
9C649C64
9C649C64
9C649C64
9C649C64
9C649C64
9C649C64
9C649C64
9C649C64
9C649C64
9C649C64
9C649C64
9C649C64
9C649C64
9C649C64
9C649C64
9C649C64
9C649C64
9C649C64
9C649C64
9C649C64
9C649C64
9C649C64
9C649C64
9C649C64
9C649C64
9C649C64
9C649C64
9C649C64
9C649C64
9C649C64
9C649C64
9C649C64
9C649C64
9C649C64
9C649C64
9C649C64
9C649C64
9C649C64
9C649C64
9C649C64
9C649C64
9C649C64
9C649C64
9C649C64
9C649C64
9C649C64
9C649C64
9C649C64
9C649C64
9C649C64
9C649C64
9C649C64
9C649C64
9C649C64
9C649C64
9C649C64
9C649C64
9C649C64
9C649C64
9C649C64
9C649C64
9C649C64
9C649C64
9C649C64
9C649C64
9C649C64
9C649C64
9C649C64
9C649C64
9C649C64
9C649C64
9C649C64
9C649C64
9C649C64
9C649C64
9C649C64
9C649C64
9C649C64
9C649C64
9C649C64
9C649C64
9C649C64
9C649C64
9C649C64
9C649C64
9C649C64
9C649C64
9C649C64
9C649C64
9C649C64
9C649C64
9C649C64
9C649C64
9C649C64
9C649C64
9C649C64
9C649C64
9C649C64
9C649C64
9C649C64
9C649C64
9C649C64
9C649C64
9C649C64
9C649C64
9C649C64
9C649C64
9C649C64
9C649C64
9C649C64
9C649C64
9C649C64
9C649C64
9C649C64
9C649C64
9C649C64
9C649C64
9C649C64
9C649C64
9C649C64
9C649C64
9C649C64
9C649C64
9C649C64
9C649C64
9C649C64
9C649C64
9C649C64
9C649C64
9C649C64
9C649C64
9C649C64
9C649C64
9C649C64
9C649C64
9C649C64
9C649C64
9C649C64
9C649C64
9C649C64
9C649C64
9C649C64
9C649C64
9C649C64
83828180
87868584
8B8A8988
8F8E8D8C
93929190
97969594
9B9A9998
9F9E9D9C
A3A2A1A0
A7A6A5A4
ABAAA9A8
AFAEADAC
B3B2B1B0
B7B6B5B4
BBBAB9B8
BFBEBDBC
C3C2C1C0
C7C6C5C4
CBCAC9C8
CFCECDCC
D3D2D1D0
D7D6D5D4
DBDAD9D8
DFDEDDDC
E3E2E1E0
E7E6E5E4
EBEAE9E8
EFEEEDEC
F3F2F1F0
F7F6F5F4
FBFAF9F8
FFFEFDFC
03020100
07060504
0B0A0908
0F0E0D0C
13121110
17161514
1B1A1918
1F1E1D1C
23222120
27262524
2B2A2928
2F2E2D2C
33323130
37363534
3B3A3938
3F3E3D3C
43424140
47464544
4B4A4948
4F4E4D4C
53525150
57565554
5B5A5958
5F5E5D5C
63626160
67666564
6B6A6968
6F6E6D6C
73727170
77767574
7B7A7978
7F7E7D7C
83828180
87868584
8B8A8988
8F8E8D8C
93929190
97969594
9B9A9998
9F9E9D9C
A3A2A1A0
A7A6A5A4
ABAAA9A8
AFAEADAC
B3B2B1B0
B7B6B5B4
BBBAB9B8
BFBEBDBC
C3C2C1C0
C7C6C5C4
CBCAC9C8
CFCECDCC
D3D2D1D0
D7D6D5D4
DBDAD9D8
DFDEDDDC
E3E2E1E0
E7E6E5E4
EBEAE9E8
EFEEEDEC
F3F2F1F0
F7F6F5F4
FBFAF9F8
FFFEFDFC
03020100
07060504
0B0A0908
0F0E0D0C
13121110
17161514
1B1A1918
1F1E1D1C
23222120
27262524
2B2A2928
2F2E2D2C
33323130
37363534
3B3A3938
3F3E3D3C
43424140
47464544
4B4A4948
4F4E4D4C
53525150
57565554
5B5A5958
5F5E5D5C
63626160
67666564
6B6A6968
6F6E6D6C
73727170
77767574
7B7A7978
7F7E7D7C
83828180
87868584
8B8A8988
8F8E8D8C
93929190
97969594
9B9A9998
9F9E9D9C
A3A2A1A0
A7A6A5A4
ABAAA9A8
AFAEADAC
B3B2B1B0
B7B6B5B4
BBBAB9B8
BFBEBDBC
C3C2C1C0
C7C6C5C4
CBCAC9C8
CFCECDCC
D3D2D1D0
D7D6D5D4
DBDAD9D8
DFDEDDDC
E3E2E1E0
E7E6E5E4
EBEAE9E8
EFEEEDEC
F3F2F1F0
F7F6F5F4
FBFAF9F8
FFFEFDFC
03020100
07060504
0B0A0908
0F0E0D0C
13121110
17161514
1B1A1918
1F1E1D1C
23222120
27262524
2B2A2928
2F2E2D2C
33323130
37363534
3B3A3938
3F3E3D3C
43424140
47464544
4B4A4948
4F4E4D4C
53525150
57565554
5B5A5958
5F5E5D5C
63626160
67666564
6B6A6968
6F6E6D6C
73727170
77767574
7B7A7978
7F7E7D7C
83828180
87868584
8B8A8988
8F8E8D8C
93929190
97969594
9B9A9998
9F9E9D9C
A3A2A1A0
A7A6A5A4
ABAAA9A8
AFAEADAC
B3B2B1B0
B7B6B5B4
BBBAB9B8
BFBEBDBC
C3C2C1C0
C7C6C5C4
CBCAC9C8
CFCECDCC
D3D2D1D0
D7D6D5D4
DBDAD9D8
DFDEDDDC
E3E2E1E0
E7E6E5E4
EBEAE9E8
EFEEEDEC
F3F2F1F0
F7F6F5F4
FBFAF9F8
FFFEFDFC
03020100
07060504
0B0A0908
0F0E0D0C
13121110
17161514
1B1A1918
1F1E1D1C
23222120
27262524
2B2A2928
2F2E2D2C
33323130
37363534
3B3A3938
3F3E3D3C
43424140
47464544
4B4A4948
4F4E4D4C
53525150
57565554
5B5A5958
5F5E5D5C
63626160
67666564
6B6A6968
6F6E6D6C
73727170
77767574
7B7A7978
7F7E7D7C
83828180
87868584
8B8A8988
8F8E8D8C
93929190
97969594
9B9A9998
9F9E9D9C
A3A2A1A0
A7A6A5A4
ABAAA9A8
AFAEADAC
B3B2B1B0
B7B6B5B4
BBBAB9B8
BFBEBDBC
C3C2C1C0
C7C6C5C4
CBCAC9C8
CFCECDCC
D3D2D1D0
D7D6D5D4
DBDAD9D8
DFDEDDDC
E3E2E1E0
E7E6E5E4
EBEAE9E8
EFEEEDEC
F3F2F1F0
F7F6F5F4
FBFAF9F8
FFFEFDFC
03020100
07060504
0B0A0908
0F0E0D0C
13121110
17161514
1B1A1918
1F1E1D1C
23222120
27262524
2B2A2928
2F2E2D2C
33323130
37363534
3B3A3938
3F3E3D3C
43424140
47464544
4B4A4948
4F4E4D4C
53525150
57565554
5B5A5958
5F5E5D5C
63626160
67666564
6B6A6968
6F6E6D6C
73727170
77767574
7B7A7978
7F7E7D7C
83828180
87868584
8B8A8988
8F8E8D8C
93929190
97969594
9B9A9998
9F9E9D9C
A3A2A1A0
A7A6A5A4
ABAAA9A8
AFAEADAC
B3B2B1B0
B7B6B5B4
BBBAB9B8
BFBEBDBC
C3C2C1C0
C7C6C5C4
CBCAC9C8
CFCECDCC
D3D2D1D0
D7D6D5D4
DBDAD9D8
DFDEDDDC
E3E2E1E0
E7E6E5E4
EBEAE9E8
EFEEEDEC
F3F2F1F0
F7F6F5F4
FBFAF9F8
FFFEFDFC
03020100
07060504
0B0A0908
0F0E0D0C
13121110
17161514
1B1A1918
1F1E1D1C
23222120
27262524
2B2A2928
2F2E2D2C
33323130
37363534
3B3A3938
3F3E3D3C
43424140
47464544
4B4A4948
4F4E4D4C
53525150
57565554
5B5A5958
5F5E5D5C
63626160
67666564
6B6A6968
6F6E6D6C
73727170
77767574
7B7A7978
7F7E7D7C
83828180
87868584
8B8A8988
8F8E8D8C
93929190
97969594
9B9A9998
9F9E9D9C
A3A2A1A0
A7A6A5A4
ABAAA9A8
AFAEADAC
B3B2B1B0
B7B6B5B4
BBBAB9B8
BFBEBDBC
C3C2C1C0
C7C6C5C4
CBCAC9C8
CFCECDCC
D3D2D1D0
D7D6D5D4
DBDAD9D8
DFDEDDDC
E3E2E1E0
E7E6E5E4
EBEAE9E8
EFEEEDEC
F3F2F1F0
F7F6F5F4
FBFAF9F8
FFFEFDFC
03020100
07060504
0B0A0908
0F0E0D0C
13121110
17161514
1B1A1918
1F1E1D1C
23222120
27262524
2B2A2928
2F2E2D2C
33323130
37363534
3B3A3938
3F3E3D3C
43424140
47464544
4B4A4948
4F4E4D4C
53525150
57565554
5B5A5958
5F5E5D5C
63626160
67666564
6B6A6968
6F6E6D6C
73727170
77767574
7B7A7978
7F7E7D7C
83828180
87868584
8B8A8988
8F8E8D8C
93929190
97969594
9B9A9998
9F9E9D9C
A3A2A1A0
A7A6A5A4
ABAAA9A8
AFAEADAC
B3B2B1B0
B7B6B5B4
BBBAB9B8
BFBEBDBC
C3C2C1C0
C7C6C5C4
CBCAC9C8
CFCECDCC
D3D2D1D0
D7D6D5D4
DBDAD9D8
DFDEDDDC
E3E2E1E0
E7E6E5E4
EBEAE9E8
EFEEEDEC
F3F2F1F0
F7F6F5F4
FBFAF9F8
FFFEFDFC
03020100
07060504
0B0A0908
0F0E0D0C
13121110
17161514
1B1A1918
1F1E1D1C
23222120
27262524
