
===========================================================================
Violator List
============================================================================
[setup reg-reg] i_soc.i_ai_accel._23251_/Q -> i_soc.i_ai_accel._23051_/D : -9.082765
[setup reg-reg] i_soc.i_ai_accel._23251_/Q -> i_soc.i_ai_accel._23054_/D : -8.895334
[setup reg-reg] i_soc.i_cpu.core_i.id_stage_i._3681_/Q -> i_soc.i_cpu.core_i.id_stage_i._3691_/D : -8.807377
[setup reg-reg] i_soc.i_cpu.core_i.id_stage_i._3681_/Q -> i_soc.i_cpu.core_i.id_stage_i._3685_/D : -8.804622
[setup reg-reg] i_soc.i_cpu.core_i.id_stage_i._3681_/Q -> i_soc.i_cpu.core_i.id_stage_i._3684_/D : -8.773748
[setup reg-reg] i_soc.i_cpu.core_i.id_stage_i._3681_/Q -> i_soc.i_cpu.core_i.id_stage_i._3689_/D : -8.754340
[setup reg-reg] i_soc.i_cpu.core_i.id_stage_i._3681_/Q -> i_soc.i_cpu.core_i.id_stage_i._3683_/D : -8.749633
[setup reg-reg] i_soc.i_cpu.core_i.id_stage_i._3681_/Q -> i_soc.i_cpu.core_i.id_stage_i._3693_/D : -8.748567
[setup reg-reg] i_soc.i_cpu.core_i.id_stage_i._3681_/Q -> i_soc.i_cpu.core_i.id_stage_i._3679_/D : -8.745749
[setup reg-reg] i_soc.i_cpu.core_i.id_stage_i._3681_/Q -> i_soc.i_cpu.core_i.id_stage_i._3695_/D : -8.745233
[setup reg-reg] i_soc.i_cpu.core_i.id_stage_i._3681_/Q -> i_soc.i_cpu.core_i.id_stage_i._3687_/D : -8.740608
[setup reg-reg] i_soc.i_cpu.core_i.id_stage_i._3681_/Q -> i_soc.i_cpu.core_i.id_stage_i._3697_/D : -8.740011
[setup reg-reg] i_soc.i_cpu.core_i.id_stage_i._3681_/Q -> i_soc.i_cpu.core_i.id_stage_i._3688_/D : -8.654423
[setup reg-reg] i_soc.i_ai_accel._23251_/Q -> i_soc.i_ai_accel._23049_/D : -8.613860
[setup reg-reg] i_soc.i_cpu.core_i.id_stage_i._3681_/Q -> i_soc.i_cpu.core_i.id_stage_i._3690_/D : -8.605961
[setup reg-reg] i_soc.i_cpu.core_i.id_stage_i._3681_/Q -> i_soc.i_cpu.core_i.id_stage_i._3680_/D : -8.593251
[setup reg-reg] i_soc.i_cpu.core_i.id_stage_i._3681_/Q -> i_soc.i_cpu.core_i.id_stage_i._3681_/D : -8.591594
[setup reg-reg] i_soc.i_cpu.core_i.id_stage_i._3681_/Q -> i_soc.i_cpu.core_i.id_stage_i._3692_/D : -8.589399
[setup reg-reg] i_soc.i_cpu.core_i.id_stage_i._3681_/Q -> i_soc.i_cpu.core_i.id_stage_i._3682_/D : -8.588989
[setup reg-reg] i_soc.i_cpu.core_i.id_stage_i._3681_/Q -> i_soc.i_cpu.core_i.id_stage_i._3686_/D : -8.587346
[setup reg-reg] i_soc.i_cpu.core_i.id_stage_i._3681_/Q -> i_soc.i_cpu.core_i.id_stage_i._3694_/D : -8.571009
[setup reg-reg] i_soc.i_ai_accel._23251_/Q -> i_soc.i_ai_accel._23053_/D : -8.435070
[setup reg-reg] i_soc.i_cpu.core_i.id_stage_i._3681_/Q -> i_soc.i_cpu.core_i.id_stage_i._3977_/D : -8.370160
[setup reg-reg] i_soc.i_cpu.core_i.id_stage_i._3681_/Q -> i_soc.i_cpu.core_i.id_stage_i._3971_/D : -8.313281
[setup reg-reg] i_soc.i_cpu.core_i.id_stage_i._3681_/Q -> i_soc.i_cpu.core_i.id_stage_i._3757_/D : -8.289918
[setup reg-reg] i_soc.i_cpu.core_i.id_stage_i._3681_/Q -> i_soc.i_cpu.core_i.id_stage_i._3758_/D : -8.279428
[setup reg-reg] i_soc.i_cpu.core_i.id_stage_i._3681_/Q -> i_soc.i_cpu.core_i.id_stage_i._3766_/D : -8.277699
[setup reg-reg] i_soc.i_cpu.core_i.id_stage_i._3681_/Q -> i_soc.i_cpu.core_i.id_stage_i._3764_/D : -8.275697
[setup reg-reg] i_soc.i_ai_accel._23251_/Q -> i_soc.i_ai_accel._23052_/D : -8.261866
[setup reg-reg] i_soc.i_cpu.core_i.id_stage_i._3806_/Q -> i_soc.i_cpu.core_i.id_stage_i._3970_/D : -8.256279
[setup reg-reg] i_soc.i_cpu.core_i.id_stage_i._3681_/Q -> i_soc.i_cpu.core_i.id_stage_i._3749_/D : -8.249476
[setup reg-reg] i_soc.i_cpu.core_i.id_stage_i._3681_/Q -> i_soc.i_cpu.core_i.id_stage_i._3748_/D : -8.245490
[setup reg-reg] i_soc.i_cpu.core_i.id_stage_i._3681_/Q -> i_soc.i_cpu.core_i.id_stage_i._3756_/D : -8.243592
[setup reg-reg] i_soc.i_cpu.core_i.id_stage_i._3681_/Q -> i_soc.i_cpu.core_i.id_stage_i._3754_/D : -8.236384
[setup reg-reg] i_soc.i_cpu.core_i.id_stage_i._3681_/Q -> i_soc.i_cpu.core_i.id_stage_i._3752_/D : -8.231887
[setup reg-reg] i_soc.i_cpu.core_i.id_stage_i._3806_/Q -> i_soc.i_cpu.core_i.id_stage_i._3755_/D : -8.228346
[setup reg-reg] i_soc.i_cpu.core_i.id_stage_i._3806_/Q -> i_soc.i_cpu.core_i.id_stage_i._4023_/D : -8.212564
[setup reg-reg] i_soc.i_cpu.core_i.id_stage_i._3681_/Q -> i_soc.i_cpu.core_i.id_stage_i._3975_/D : -8.211613
[setup reg-reg] i_soc.i_cpu.core_i.id_stage_i._3681_/Q -> i_soc.i_cpu.core_i.id_stage_i._3968_/D : -8.208305
[setup reg-reg] i_soc.i_cpu.core_i.id_stage_i._3681_/Q -> i_soc.i_cpu.core_i.id_stage_i._3969_/D : -8.205606
[setup reg-reg] i_soc.i_cpu.core_i.id_stage_i._3681_/Q -> i_soc.i_cpu.core_i.id_stage_i._3993_/D : -8.205424
[setup reg-reg] i_soc.i_cpu.core_i.id_stage_i._3806_/Q -> i_soc.i_cpu.core_i.id_stage_i._3716_/D : -8.193728
[setup reg-reg] i_soc.i_cpu.core_i.id_stage_i._3681_/Q -> i_soc.i_cpu.core_i.id_stage_i._3706_/D : -8.185598
[setup reg-reg] i_soc.i_ai_accel._23251_/Q -> i_soc.i_ai_accel._23050_/D : -8.183827
[setup reg-reg] i_soc.i_cpu.core_i.id_stage_i._3681_/Q -> i_soc.i_cpu.core_i.id_stage_i._3710_/D : -8.182477
[setup reg-reg] i_soc.i_cpu.core_i.id_stage_i._3806_/Q -> i_soc.i_cpu.core_i.id_stage_i._3967_/D : -8.180861
[setup reg-reg] i_soc.i_cpu.core_i.id_stage_i._3681_/Q -> i_soc.i_cpu.core_i.id_stage_i._3696_/D : -8.175585
[setup reg-reg] i_soc.i_cpu.core_i.id_stage_i._3681_/Q -> i_soc.i_cpu.core_i.id_stage_i._3703_/D : -8.170871
[setup reg-reg] i_soc.i_cpu.core_i.id_stage_i._3681_/Q -> i_soc.i_cpu.core_i.id_stage_i._3709_/D : -8.170173
[setup reg-reg] i_soc.i_cpu.core_i.id_stage_i._3681_/Q -> i_soc.i_cpu.core_i.id_stage_i._3978_/D : -8.160592
[setup reg-reg] i_soc.i_cpu.core_i.id_stage_i._3806_/Q -> i_soc.i_cpu.core_i.id_stage_i._3938_/D : -8.142998
[setup reg-reg] i_soc.i_cpu.core_i.id_stage_i._3806_/Q -> i_soc.i_cpu.core_i.id_stage_i._3982_/D : -8.129098
[setup reg-reg] i_soc.i_cpu.core_i.id_stage_i._3806_/Q -> i_soc.i_cpu.core_i.id_stage_i._4017_/D : -8.107721
[setup reg-reg] i_soc.i_cpu.core_i.id_stage_i._3806_/Q -> i_soc.i_cpu.core_i.id_stage_i._4011_/D : -8.100500
[setup reg-reg] i_soc.i_cpu.core_i.id_stage_i._3681_/Q -> i_soc.i_cpu.core_i.id_stage_i._3705_/D : -8.091217
[setup reg-reg] i_soc.i_cpu.core_i.id_stage_i._3806_/Q -> i_soc.i_cpu.core_i.id_stage_i._3998_/D : -8.090137
[setup reg-reg] i_soc.i_cpu.core_i.id_stage_i._3681_/Q -> i_soc.i_cpu.core_i.id_stage_i._3700_/D : -8.088815
[setup reg-reg] i_soc.i_cpu.core_i.id_stage_i._3681_/Q -> i_soc.i_cpu.core_i.id_stage_i._3750_/D : -8.087863
[setup reg-reg] i_soc.i_cpu.core_i.id_stage_i._3806_/Q -> i_soc.i_cpu.core_i.id_stage_i._3972_/D : -8.085799
[setup reg-reg] i_soc.i_cpu.core_i.id_stage_i._3681_/Q -> i_soc.i_cpu.core_i.id_stage_i._3699_/D : -8.080862
[setup reg-reg] i_soc.i_cpu.core_i.id_stage_i._3681_/Q -> i_soc.i_cpu.core_i.id_stage_i._3702_/D : -8.077182
[setup reg-reg] i_soc.i_cpu.core_i.id_stage_i._3806_/Q -> i_soc.i_cpu.core_i.id_stage_i._3996_/D : -8.075681
[setup reg-reg] i_soc.i_cpu.core_i.id_stage_i._3681_/Q -> i_soc.i_cpu.core_i.id_stage_i._3701_/D : -8.074533
[setup reg-reg] i_soc.i_cpu.core_i.id_stage_i._3681_/Q -> i_soc.i_cpu.core_i.id_stage_i._3698_/D : -8.073926
[setup reg-reg] i_soc.i_cpu.core_i.id_stage_i._3681_/Q -> i_soc.i_cpu.core_i.id_stage_i._3708_/D : -8.065042
[setup reg-reg] i_soc.i_cpu.core_i.id_stage_i._3806_/Q -> i_soc.i_cpu.core_i.id_stage_i._4009_/D : -8.064193
[setup reg-reg] i_soc.i_cpu.core_i.id_stage_i._3681_/Q -> i_soc.i_cpu.core_i.id_stage_i._3746_/D : -8.063868
[setup reg-reg] i_soc.i_cpu.core_i.id_stage_i._3806_/Q -> i_soc.i_cpu.core_i.id_stage_i._3991_/D : -8.054338
[setup reg-reg] i_soc.i_cpu.core_i.id_stage_i._3681_/Q -> i_soc.i_cpu.core_i.id_stage_i._3707_/D : -8.051864
[setup reg-reg] i_soc.i_cpu.core_i.id_stage_i._3681_/Q -> i_soc.i_cpu.core_i.id_stage_i._3953_/D : -8.050840
[setup reg-reg] i_soc.i_cpu.core_i.id_stage_i._3681_/Q -> i_soc.i_cpu.core_i.id_stage_i._3704_/D : -8.047130
[setup reg-reg] i_soc.i_cpu.core_i.id_stage_i._3806_/Q -> i_soc.i_cpu.core_i.id_stage_i._4024_/D : -8.045814
[setup reg-reg] i_soc.i_cpu.core_i.id_stage_i._3806_/Q -> i_soc.i_cpu.core_i.id_stage_i._3771_/D : -8.044749
[setup reg-reg] i_soc.i_cpu.core_i.id_stage_i._3806_/Q -> i_soc.i_cpu.core_i.id_stage_i._3946_/D : -8.044562
[setup reg-reg] i_soc.i_cpu.core_i.id_stage_i._3681_/Q -> i_soc.i_cpu.core_i.id_stage_i._3959_/D : -8.042797
[setup reg-reg] i_soc.i_cpu.core_i.id_stage_i._3806_/Q -> i_soc.i_cpu.core_i.id_stage_i._4006_/D : -8.039186
[setup reg-reg] i_soc.i_cpu.core_i.id_stage_i._3806_/Q -> i_soc.i_cpu.core_i.id_stage_i._4010_/D : -8.031764
[setup reg-reg] i_soc.i_cpu.core_i.id_stage_i._3681_/Q -> i_soc.i_cpu.core_i.id_stage_i._3956_/D : -8.030835
[setup reg-reg] i_soc.i_cpu.core_i.id_stage_i._3681_/Q -> i_soc.i_cpu.core_i.id_stage_i._3955_/D : -8.015155
[setup reg-reg] i_soc.i_cpu.core_i.id_stage_i._3806_/Q -> i_soc.i_cpu.core_i.id_stage_i._3718_/D : -8.005993
[setup reg-reg] i_soc.i_cpu.core_i.id_stage_i._3681_/Q -> i_soc.i_cpu.core_i.id_stage_i._3677_/D : -7.997972
[setup reg-reg] i_soc.i_cpu.core_i.id_stage_i._3806_/Q -> i_soc.i_cpu.core_i.id_stage_i._3720_/D : -7.990750
[setup reg-reg] i_soc.i_cpu.core_i.id_stage_i._3681_/Q -> i_soc.i_cpu.core_i.id_stage_i._3954_/D : -7.981186
[setup reg-reg] i_soc.i_cpu.core_i.id_stage_i._3806_/Q -> i_soc.i_cpu.core_i.id_stage_i._3981_/D : -7.966825
[setup reg-reg] i_soc.i_cpu.core_i.id_stage_i._3806_/Q -> i_soc.i_cpu.core_i.id_stage_i._3724_/D : -7.959081
[setup reg-reg] i_soc.i_cpu.core_i.id_stage_i._3806_/Q -> i_soc.i_cpu.core_i.id_stage_i._3973_/D : -7.955517
[setup reg-reg] i_soc.i_cpu.core_i.id_stage_i._3681_/Q -> i_soc.i_cpu.core_i.id_stage_i._3770_/D : -7.955509
[setup reg-reg] i_soc.i_cpu.core_i.id_stage_i._3681_/Q -> i_soc.i_cpu.core_i.id_stage_i._3768_/D : -7.955267
[setup reg-reg] i_soc.i_cpu.core_i.id_stage_i._3681_/Q -> i_soc.i_cpu.core_i.id_stage_i._3773_/D : -7.950439
[setup reg-reg] i_soc.i_cpu.core_i.id_stage_i._3681_/Q -> i_soc.i_cpu.core_i.id_stage_i._3744_/D : -7.949721
[setup reg-reg] i_soc.i_cpu.core_i.id_stage_i._3681_/Q -> i_soc.i_cpu.core_i.id_stage_i._3761_/D : -7.947853
[setup reg-reg] i_soc.i_cpu.core_i.id_stage_i._3806_/Q -> i_soc.i_cpu.core_i.id_stage_i._4001_/D : -7.942875
[setup reg-reg] i_soc.i_cpu.core_i.id_stage_i._3681_/Q -> i_soc.i_cpu.core_i.id_stage_i._3760_/D : -7.939424
[setup reg-reg] i_soc.i_cpu.core_i.id_stage_i._3681_/Q -> i_soc.i_cpu.core_i.id_stage_i._3759_/D : -7.934927
[setup reg-reg] i_soc.i_cpu.core_i.id_stage_i._3681_/Q -> i_soc.i_cpu.core_i.id_stage_i._3765_/D : -7.931487
[setup reg-reg] i_soc.i_cpu.core_i.id_stage_i._3806_/Q -> i_soc.i_cpu.core_i.id_stage_i._4012_/D : -7.922280
[setup reg-reg] i_soc.i_cpu.core_i.id_stage_i._3806_/Q -> i_soc.i_cpu.core_i.id_stage_i._4002_/D : -7.920099
[setup reg-reg] i_soc.i_cpu.core_i.id_stage_i._3806_/Q -> i_soc.i_cpu.core_i.id_stage_i._3976_/D : -7.917203
[setup reg-reg] i_soc.i_cpu.core_i.id_stage_i._3806_/Q -> i_soc.i_cpu.core_i.id_stage_i._3979_/D : -7.915011
[setup reg-reg] i_soc.i_cpu.core_i.id_stage_i._3806_/Q -> i_soc.i_cpu.core_i.id_stage_i._3983_/D : -7.895272
[setup reg-reg] i_soc.i_cpu.core_i.id_stage_i._3806_/Q -> i_soc.i_cpu.core_i.id_stage_i._4020_/D : -7.886934
[setup reg-reg] i_soc.i_cpu.core_i.id_stage_i._3681_/Q -> i_soc.i_cpu.core_i.id_stage_i._3767_/D : -7.880477
[setup reg-reg] i_soc.i_cpu.core_i.id_stage_i._3806_/Q -> i_soc.i_cpu.core_i.id_stage_i._3935_/D : -7.879846
[setup reg-reg] i_soc.i_cpu.core_i.id_stage_i._3806_/Q -> i_soc.i_cpu.core_i.id_stage_i._3986_/D : -7.879155
[setup reg-reg] i_soc.i_cpu.core_i.id_stage_i._3806_/Q -> i_soc.i_cpu.core_i.id_stage_i._4000_/D : -7.877212
[setup reg-reg] i_soc.i_cpu.core_i.id_stage_i._3681_/Q -> i_soc.i_cpu.core_i.id_stage_i._3762_/D : -7.873082
[setup reg-reg] i_soc.i_cpu.core_i.id_stage_i._3681_/Q -> i_soc.i_cpu.core_i.id_stage_i._3992_/D : -7.872293
[setup reg-reg] i_soc.i_cpu.core_i.id_stage_i._3806_/Q -> i_soc.i_cpu.core_i.id_stage_i._4014_/D : -7.871998
[setup reg-reg] i_soc.i_cpu.core_i.id_stage_i._3681_/Q -> i_soc.i_cpu.core_i.id_stage_i._3990_/D : -7.859145
[setup reg-reg] i_soc.i_cpu.core_i.id_stage_i._3681_/Q -> i_soc.i_cpu.core_i.id_stage_i._3994_/D : -7.857365
[setup reg-reg] i_soc.i_cpu.core_i.id_stage_i._3806_/Q -> i_soc.i_cpu.core_i.id_stage_i._4018_/D : -7.853160
[setup reg-reg] i_soc.i_cpu.core_i.id_stage_i._3806_/Q -> i_soc.i_cpu.core_i.id_stage_i._3942_/D : -7.845255
[setup reg-reg] i_soc.i_cpu.core_i.id_stage_i._3806_/Q -> i_soc.i_cpu.core_i.id_stage_i._4019_/D : -7.842454
[setup reg-reg] i_soc.i_cpu.core_i.id_stage_i._3806_/Q -> i_soc.i_cpu.core_i.id_stage_i._3984_/D : -7.830174
[setup reg-reg] i_soc.i_cpu.core_i.id_stage_i._3806_/Q -> i_soc.i_cpu.core_i.id_stage_i._4013_/D : -7.806454
[setup reg-reg] i_soc.i_cpu.core_i.id_stage_i._3806_/Q -> i_soc.i_cpu.core_i.id_stage_i._3980_/D : -7.798949
[setup reg-reg] i_soc.i_cpu.core_i.id_stage_i._3806_/Q -> i_soc.i_cpu.core_i.id_stage_i._3933_/D : -7.797047
[setup reg-reg] i_soc.i_cpu.core_i.id_stage_i._3681_/Q -> i_soc.i_cpu.core_i.id_stage_i._3772_/D : -7.790625
[setup reg-reg] i_soc.i_cpu.core_i.id_stage_i._3806_/Q -> i_soc.i_cpu.core_i.id_stage_i._3948_/D : -7.789982
[setup reg-reg] i_soc.i_cpu.core_i.id_stage_i._3806_/Q -> i_soc.i_cpu.core_i.id_stage_i._3966_/D : -7.779741
[setup reg-reg] i_soc.i_cpu.core_i.id_stage_i._3806_/Q -> i_soc.i_cpu.core_i.id_stage_i._3713_/D : -7.768673
[setup reg-reg] i_soc.i_cpu.core_i.id_stage_i._3806_/Q -> i_soc.i_cpu.core_i.id_stage_i._4007_/D : -7.742127
[setup reg-reg] i_soc.i_cpu.core_i.id_stage_i._3806_/Q -> i_soc.i_cpu.core_i.id_stage_i._3728_/D : -7.740333
[setup reg-reg] i_soc.i_cpu.core_i.id_stage_i._3806_/Q -> i_soc.i_cpu.core_i.id_stage_i._4016_/D : -7.735489
[setup reg-reg] i_soc.i_cpu.core_i.id_stage_i._3806_/Q -> i_soc.i_cpu.core_i.id_stage_i._4003_/D : -7.730053
[setup reg-reg] i_soc.i_cpu.core_i.id_stage_i._3806_/Q -> i_soc.i_cpu.core_i.id_stage_i._3740_/D : -7.728151
[setup reg-reg] i_soc.i_cpu.core_i.id_stage_i._3806_/Q -> i_soc.i_cpu.core_i.id_stage_i._4008_/D : -7.727526
[setup reg-reg] i_soc.i_cpu.core_i.id_stage_i._3806_/Q -> i_soc.i_cpu.core_i.id_stage_i._3965_/D : -7.711661
[setup reg-reg] i_soc.i_cpu.core_i.id_stage_i._3806_/Q -> i_soc.i_cpu.core_i.id_stage_i._3974_/D : -7.705761
[setup reg-reg] i_soc.i_cpu.core_i.id_stage_i._3806_/Q -> i_soc.i_cpu.core_i.id_stage_i._3737_/D : -7.693449
[setup reg-reg] i_soc.i_cpu.core_i.id_stage_i._3806_/Q -> i_soc.i_cpu.core_i.id_stage_i._4004_/D : -7.678702
[setup reg-reg] i_soc.i_cpu.core_i.id_stage_i._3806_/Q -> i_soc.i_cpu.core_i.id_stage_i._3936_/D : -7.666609
[setup reg-reg] i_soc.i_cpu.core_i.id_stage_i._3806_/Q -> i_soc.i_cpu.core_i.id_stage_i._4015_/D : -7.647188
[setup reg-reg] i_soc.i_cpu.core_i.id_stage_i._3806_/Q -> i_soc.i_cpu.core_i.id_stage_i._3985_/D : -7.645326
[setup reg-reg] i_soc.i_cpu.core_i.id_stage_i._3806_/Q -> i_soc.i_cpu.core_i.id_stage_i._3753_/D : -7.643637
[setup reg-reg] i_soc.i_cpu.core_i.id_stage_i._3806_/Q -> i_soc.i_cpu.core_i.id_stage_i._3987_/D : -7.638511
[setup reg-reg] i_soc.i_cpu.core_i.id_stage_i._3806_/Q -> i_soc.i_cpu.core_i.id_stage_i._3736_/D : -7.632650
[setup reg-reg] i_soc.i_cpu.core_i.id_stage_i._3806_/Q -> i_soc.i_cpu.core_i.id_stage_i._4022_/D : -7.627735
[setup reg-reg] i_soc.i_cpu.core_i.id_stage_i._3681_/Q -> i_soc.i_cpu.core_i.if_stage_i.prefetch_buffer_i.fifo_i._264_/D : -7.620880
[setup reg-reg] i_soc.i_cpu.core_i.id_stage_i._3681_/Q -> i_soc.i_cpu.core_i.if_stage_i.prefetch_buffer_i.fifo_i._265_/D : -7.618154
[setup reg-reg] i_soc.i_cpu.core_i.id_stage_i._3806_/Q -> i_soc.i_cpu.core_i.id_stage_i._3950_/D : -7.614677
[setup reg-reg] i_soc.i_cpu.core_i.id_stage_i._3681_/Q -> i_soc.i_cpu.core_i.if_stage_i.prefetch_buffer_i.fifo_i._245_/D : -7.612190
[setup reg-reg] i_soc.i_cpu.core_i.id_stage_i._3681_/Q -> i_soc.i_cpu.core_i.if_stage_i.prefetch_buffer_i.fifo_i._268_/D : -7.609195
[setup reg-reg] i_soc.i_cpu.core_i.id_stage_i._3681_/Q -> i_soc.i_cpu.core_i.if_stage_i.prefetch_buffer_i.fifo_i._254_/D : -7.608822
[setup reg-reg] i_soc.i_cpu.core_i.id_stage_i._3681_/Q -> i_soc.i_cpu.core_i.if_stage_i.prefetch_buffer_i.fifo_i._261_/D : -7.606566
[setup reg-reg] i_soc.i_cpu.core_i.id_stage_i._3681_/Q -> i_soc.i_cpu.core_i.if_stage_i.prefetch_buffer_i.fifo_i._255_/D : -7.602713
[setup reg-reg] i_soc.i_cpu.core_i.id_stage_i._3806_/Q -> i_soc.i_cpu.core_i.id_stage_i._3934_/D : -7.602328
[setup reg-reg] i_soc.i_cpu.core_i.id_stage_i._3681_/Q -> i_soc.i_cpu.core_i.if_stage_i.prefetch_buffer_i.fifo_i._253_/D : -7.601194
[setup reg-reg] i_soc.i_cpu.core_i.id_stage_i._3806_/Q -> i_soc.i_cpu.core_i.id_stage_i._3995_/D : -7.597281
[setup reg-reg] i_soc.i_cpu.core_i.id_stage_i._3681_/Q -> i_soc.i_cpu.core_i.if_stage_i.prefetch_buffer_i.fifo_i._258_/D : -7.596592
[setup reg-reg] i_soc.i_cpu.core_i.id_stage_i._3681_/Q -> i_soc.i_cpu.core_i.if_stage_i.prefetch_buffer_i.fifo_i._267_/D : -7.595544
[setup reg-reg] i_soc.i_cpu.core_i.id_stage_i._3681_/Q -> i_soc.i_cpu.core_i.id_stage_i._3962_/D : -7.594313
[setup reg-reg] i_soc.i_cpu.core_i.id_stage_i._3681_/Q -> i_soc.i_cpu.core_i.id_stage_i._3960_/D : -7.593247
[setup reg-reg] i_soc.i_cpu.core_i.id_stage_i._3806_/Q -> i_soc.i_cpu.core_i.id_stage_i._3937_/D : -7.591311
[setup reg-reg] i_soc.i_cpu.core_i.id_stage_i._3806_/Q -> i_soc.i_cpu.core_i.id_stage_i._3940_/D : -7.590686
[setup reg-reg] i_soc.i_cpu.core_i.id_stage_i._3681_/Q -> i_soc.i_cpu.core_i.if_stage_i.prefetch_buffer_i.fifo_i._269_/D : -7.588668
[setup reg-reg] i_soc.i_cpu.core_i.id_stage_i._3681_/Q -> i_soc.i_cpu.core_i.id_stage_i._3961_/D : -7.588263
[setup reg-reg] i_soc.i_cpu.core_i.id_stage_i._3681_/Q -> i_soc.i_cpu.core_i.if_stage_i.prefetch_buffer_i.fifo_i._256_/D : -7.587829
[setup reg-reg] i_soc.i_cpu.core_i.id_stage_i._3806_/Q -> i_soc.i_cpu.core_i.id_stage_i._3947_/D : -7.587392
[setup reg-reg] i_soc.i_cpu.core_i.id_stage_i._3681_/Q -> i_soc.i_cpu.core_i.id_stage_i._3964_/D : -7.586547
[setup reg-reg] i_soc.i_cpu.core_i.id_stage_i._3681_/Q -> i_soc.i_cpu.core_i.id_stage_i._3951_/D : -7.582996
[setup reg-reg] i_soc.i_cpu.core_i.id_stage_i._3681_/Q -> i_soc.i_cpu.core_i.id_stage_i._3958_/D : -7.582795
[setup reg-reg] i_soc.i_cpu.core_i.id_stage_i._3681_/Q -> i_soc.i_cpu.core_i.id_stage_i._3952_/D : -7.580745
[setup reg-reg] i_soc.i_cpu.core_i.id_stage_i._3681_/Q -> i_soc.i_cpu.core_i.id_stage_i._3949_/D : -7.579670
[setup reg-reg] i_soc.i_cpu.core_i.id_stage_i._3681_/Q -> i_soc.i_cpu.core_i.id_stage_i._3957_/D : -7.578772
[setup reg-reg] i_soc.i_cpu.core_i.id_stage_i._3806_/Q -> i_soc.i_cpu.core_i.id_stage_i._3743_/D : -7.574800
[setup reg-reg] i_soc.i_cpu.core_i.id_stage_i._3806_/Q -> i_soc.i_cpu.core_i.id_stage_i._3999_/D : -7.573952
[setup reg-reg] i_soc.i_cpu.core_i.id_stage_i._3806_/Q -> i_soc.i_cpu.core_i.id_stage_i._3945_/D : -7.569298
[setup reg-reg] i_soc.i_cpu.core_i.id_stage_i._3806_/Q -> i_soc.i_cpu.core_i.id_stage_i._3774_/D : -7.564385
[setup reg-reg] i_soc.i_cpu.core_i.id_stage_i._3806_/Q -> i_soc.i_cpu.core_i.id_stage_i._4026_/D : -7.558111
[setup reg-reg] i_soc.i_cpu.core_i.id_stage_i._3806_/Q -> i_soc.i_cpu.core_i.id_stage_i._3714_/D : -7.544408
[setup reg-reg] i_soc.i_cpu.core_i.id_stage_i._3806_/Q -> i_soc.i_cpu.core_i.id_stage_i._3944_/D : -7.542177
[setup reg-reg] i_soc.i_cpu.core_i.id_stage_i._3806_/Q -> i_soc.i_cpu.core_i.id_stage_i._3997_/D : -7.536727
[setup reg-reg] i_soc.i_cpu.core_i.id_stage_i._3681_/Q -> i_soc.i_cpu.core_i.id_stage_i._3769_/D : -7.522859
[setup reg-reg] i_soc.i_cpu.core_i.id_stage_i._3681_/Q -> i_soc.i_cpu.core_i.id_stage_i._3745_/D : -7.522072
[setup reg-reg] i_soc.i_cpu.core_i.id_stage_i._3681_/Q -> i_soc.i_cpu.core_i.id_stage_i._3751_/D : -7.520786
[setup reg-reg] i_soc.i_cpu.core_i.id_stage_i._3681_/Q -> i_soc.i_cpu.core_i.id_stage_i._3747_/D : -7.520526
[setup reg-reg] i_soc.i_cpu.core_i.id_stage_i._3806_/Q -> i_soc.i_cpu.core_i.id_stage_i._3739_/D : -7.511370
[setup reg-reg] i_soc.i_cpu.core_i.id_stage_i._3806_/Q -> i_soc.i_cpu.core_i.id_stage_i._3988_/D : -7.495865
[setup reg-reg] i_soc.i_cpu.core_i.id_stage_i._3806_/Q -> i_soc.i_cpu.core_i.id_stage_i._3721_/D : -7.494677
[setup reg-reg] i_soc.i_cpu.core_i.id_stage_i._3806_/Q -> i_soc.i_cpu.core_i.id_stage_i._3989_/D : -7.484909
[setup reg-reg] i_soc.i_cpu.core_i.id_stage_i._3806_/Q -> i_soc.i_cpu.core_i.id_stage_i._3722_/D : -7.482440
[setup reg-reg] i_soc.i_cpu.core_i.id_stage_i._3681_/Q -> i_soc.i_cpu.core_i.id_stage_i._3763_/D : -7.476039
[setup reg-reg] i_soc.i_cpu.core_i.id_stage_i._3806_/Q -> i_soc.i_cpu.core_i.id_stage_i._4025_/D : -7.475679
[setup reg-reg] i_soc.i_cpu.core_i.id_stage_i._3806_/Q -> i_soc.i_cpu.core_i.id_stage_i._3939_/D : -7.463612
[setup reg-reg] i_soc.i_cpu.core_i.id_stage_i._3806_/Q -> i_soc.i_cpu.core_i.id_stage_i._3725_/D : -7.446225
[setup reg-reg] i_soc.i_cpu.core_i.id_stage_i._3806_/Q -> i_soc.i_cpu.core_i.id_stage_i._3717_/D : -7.430911
[setup reg-reg] i_soc.i_cpu.core_i.id_stage_i._3685_/Q -> i_soc.i_cpu.core_i.id_stage_i._3738_/D : -7.420294
[setup reg-reg] i_soc.i_ai_accel._23251_/Q -> i_soc.i_ai_accel._23048_/D : -7.413675
[setup reg-reg] i_soc.i_cpu.core_i.id_stage_i._3806_/Q -> i_soc.i_cpu.core_i.id_stage_i._3943_/D : -7.409503
[setup reg-reg] i_soc.i_cpu.core_i.id_stage_i._3806_/Q -> i_soc.i_cpu.core_i.id_stage_i._3941_/D : -7.381569
[setup reg-reg] i_soc.i_cpu.core_i.id_stage_i._3806_/Q -> i_soc.i_cpu.core_i.id_stage_i._3727_/D : -7.376457
[setup reg-reg] i_soc.i_cpu.core_i.id_stage_i._3806_/Q -> i_soc.i_cpu.core_i.id_stage_i._3729_/D : -7.367417
[setup reg-reg] i_soc.i_cpu.core_i.id_stage_i._3806_/Q -> i_soc.i_cpu.core_i.id_stage_i._3735_/D : -7.344845
[setup reg-reg] i_soc.i_cpu.core_i.id_stage_i._3806_/Q -> i_soc.i_cpu.core_i.id_stage_i._3712_/D : -7.336894
[setup reg-reg] i_soc.i_cpu.core_i.id_stage_i._3806_/Q -> i_soc.i_cpu.core_i.id_stage_i._3726_/D : -7.330091
[setup reg-reg] i_soc.i_cpu.core_i.id_stage_i._3806_/Q -> i_soc.i_cpu.core_i.id_stage_i._3731_/D : -7.272052
[setup reg-reg] i_soc.i_cpu.core_i.id_stage_i._3806_/Q -> i_soc.i_cpu.core_i.id_stage_i._3732_/D : -7.255356
[setup reg-reg] i_soc.i_cpu.core_i.id_stage_i._3681_/Q -> i_soc.i_cpu.core_i.id_stage_i._3734_/D : -7.247165
[setup reg-reg] i_soc.i_cpu.core_i.id_stage_i._3681_/Q -> i_soc.i_cpu.core_i.id_stage_i._3723_/D : -7.246863
[setup reg-reg] i_soc.i_cpu.core_i.id_stage_i._3681_/Q -> i_soc.i_cpu.core_i.id_stage_i._3719_/D : -7.242170
[setup reg-reg] i_soc.i_cpu.core_i.id_stage_i._3681_/Q -> i_soc.i_cpu.core_i.id_stage_i._3730_/D : -7.239434
[setup reg-reg] i_soc.i_cpu.core_i.id_stage_i._3681_/Q -> i_soc.i_cpu.core_i.id_stage_i._3741_/D : -7.236574
[setup reg-reg] i_soc.i_cpu.core_i.id_stage_i._3806_/Q -> i_soc.i_cpu.core_i.id_stage_i._3711_/D : -7.211794
[setup reg-reg] i_soc.i_cpu.core_i.id_stage_i._3806_/Q -> i_soc.i_cpu.core_i.id_stage_i._4005_/D : -7.207691
[setup reg-reg] i_soc.i_cpu.core_i.id_stage_i._3806_/Q -> i_soc.i_cpu.core_i.id_stage_i._3733_/D : -7.205411
[setup reg-reg] i_soc.i_cpu.core_i.id_stage_i._3681_/Q -> i_soc.i_cpu.core_i.if_stage_i.prefetch_buffer_i.fifo_i._243_/D : -7.202472
[setup reg-reg] i_soc.i_cpu.core_i.id_stage_i._3681_/Q -> i_soc.i_cpu.core_i.if_stage_i.prefetch_buffer_i.fifo_i._262_/D : -7.201040
[setup reg-reg] i_soc.i_cpu.core_i.id_stage_i._3681_/Q -> i_soc.i_cpu.core_i.if_stage_i.prefetch_buffer_i.fifo_i._249_/D : -7.197937
[setup reg-reg] i_soc.i_cpu.core_i.id_stage_i._3681_/Q -> i_soc.i_cpu.core_i.if_stage_i.prefetch_buffer_i.fifo_i._247_/D : -7.195800
[setup reg-reg] i_soc.i_cpu.core_i.id_stage_i._3806_/Q -> i_soc.i_cpu.core_i.id_stage_i._3715_/D : -7.189492
[setup reg-reg] i_soc.i_cpu.core_i.id_stage_i._3681_/Q -> i_soc.i_cpu.core_i.if_stage_i.prefetch_buffer_i.fifo_i._263_/D : -7.185804
[setup reg-reg] i_soc.i_cpu.core_i.id_stage_i._3681_/Q -> i_soc.i_cpu.core_i.if_stage_i.prefetch_buffer_i.fifo_i._244_/D : -7.185239
[setup reg-reg] i_soc.i_cpu.core_i.id_stage_i._3681_/Q -> i_soc.i_cpu.core_i.if_stage_i.prefetch_buffer_i.fifo_i._251_/D : -7.181330
[setup reg-reg] i_soc.i_cpu.core_i.id_stage_i._3681_/Q -> i_soc.i_cpu.core_i.if_stage_i.prefetch_buffer_i.fifo_i._266_/D : -7.180907
[setup reg-reg] i_soc.i_cpu.core_i.id_stage_i._3681_/Q -> i_soc.i_cpu.core_i.if_stage_i.prefetch_buffer_i.fifo_i._252_/D : -7.175288
[setup reg-reg] i_soc.i_cpu.core_i.id_stage_i._3681_/Q -> i_soc.i_cpu.core_i.if_stage_i.prefetch_buffer_i.fifo_i._246_/D : -7.171382
[setup reg-reg] i_soc.i_cpu.core_i.id_stage_i._3681_/Q -> i_soc.i_cpu.core_i.id_stage_i._3742_/D : -7.171364
[setup reg-reg] i_soc.i_cpu.core_i.id_stage_i._3681_/Q -> i_soc.i_cpu.core_i.if_stage_i.prefetch_buffer_i.fifo_i._242_/D : -7.171345
[setup reg-reg] i_soc.i_cpu.core_i.id_stage_i._3806_/Q -> i_soc.i_cpu.core_i.id_stage_i._4021_/D : -7.084804
[setup reg-reg] i_soc.i_cpu.core_i.id_stage_i._3681_/Q -> i_soc.i_cpu.core_i.id_stage_i._3678_/D : -7.073929
[setup reg-reg] i_soc.i_cpu.core_i.id_stage_i._3806_/Q -> i_soc.i_cpu.core_i.id_stage_i._3963_/D : -7.050400
[setup reg-reg] i_soc.i_ai_accel._23461_/Q -> i_soc.i_ai_accel._23512_/D : -7.013645
[setup reg-reg] i_soc.i_cpu.core_i.id_stage_i._3806_/Q -> i_soc.i_cpu.core_i.id_stage_i._4028_/D : -7.004591
[setup reg-reg] i_soc.i_cpu.core_i.id_stage_i._3681_/Q -> i_soc.i_cpu.core_i.cs_registers_i._4108_/D : -6.976741
[setup reg-reg] i_soc.i_cpu.core_i.id_stage_i._3681_/Q -> i_soc.i_cpu.core_i.cs_registers_i._4112_/D : -6.931041
[setup reg-reg] i_soc.i_cpu.core_i.id_stage_i._3681_/Q -> i_soc.i_cpu.core_i.cs_registers_i._4106_/D : -6.930620
[setup reg-reg] i_soc.i_cpu.core_i.id_stage_i._3681_/Q -> i_soc.i_cpu.core_i.cs_registers_i._4107_/D : -6.923406
[setup reg-reg] i_soc.i_cpu.core_i.id_stage_i._3681_/Q -> i_soc.i_cpu.core_i.cs_registers_i._4105_/D : -6.921672
[setup reg-reg] i_soc.i_ai_accel._23461_/Q -> i_soc.i_ai_accel._23513_/D : -6.921310
[setup reg-reg] i_soc.i_cpu.core_i.id_stage_i._3806_/Q -> i_soc.i_cpu.core_i.id_stage_i._4027_/D : -6.916441
[setup reg-reg] i_soc.i_cpu.core_i.id_stage_i._3681_/Q -> i_soc.i_cpu.core_i.cs_registers_i._4111_/D : -6.902848
[setup reg-reg] i_soc.i_cpu.core_i.id_stage_i._3681_/Q -> i_soc.i_cpu.core_i.cs_registers_i._4104_/D : -6.892803
[setup reg-reg] i_soc.i_cpu.core_i.id_stage_i._3806_/Q -> i_soc.i_cpu.core_i.id_stage_i.register_file_i._8224_/D : -6.889739
[setup reg-reg] i_soc.i_cpu.core_i.id_stage_i._3681_/Q -> i_soc.i_cpu.core_i.cs_registers_i._4109_/D : -6.888941
[setup reg-reg] i_soc.i_cpu.core_i.id_stage_i._3681_/Q -> i_soc.i_cpu.core_i.if_stage_i._866_/D : -6.810892
[setup reg-reg] i_soc.i_qspi._21558_/Q -> i_soc.i_qspi._21520_/D : -6.808945
[setup reg-reg] i_soc.i_cpu.core_i.id_stage_i._3681_/Q -> i_soc.i_cpu.core_i.if_stage_i._877_/D : -6.803562
[setup reg-reg] i_soc.i_cpu.core_i.id_stage_i._3681_/Q -> i_soc.i_cpu.core_i.if_stage_i._847_/D : -6.799798
[setup reg-reg] i_soc.i_cpu.core_i.id_stage_i._3681_/Q -> i_soc.i_cpu.core_i.if_stage_i._860_/D : -6.796487
[setup reg-reg] i_soc.i_cpu.core_i.id_stage_i._3681_/Q -> i_soc.i_cpu.core_i.if_stage_i._871_/D : -6.795961
[setup reg-reg] i_soc.i_cpu.core_i.id_stage_i._3681_/Q -> i_soc.i_cpu.core_i.if_stage_i._879_/D : -6.792741
[setup reg-reg] i_soc.i_cpu.core_i.id_stage_i._3681_/Q -> i_soc.i_cpu.core_i.if_stage_i._876_/D : -6.791336
[setup reg-reg] i_soc.i_cpu.core_i.id_stage_i._3681_/Q -> i_soc.i_cpu.core_i.if_stage_i._874_/D : -6.789662
[setup reg-reg] i_soc.i_cpu.core_i.id_stage_i._3681_/Q -> i_soc.i_cpu.core_i.if_stage_i._865_/D : -6.787794
[setup reg-reg] i_soc.i_cpu.core_i.id_stage_i._3681_/Q -> i_soc.i_cpu.core_i.if_stage_i._861_/D : -6.778646
[setup reg-reg] i_soc.i_cpu.core_i.id_stage_i._3681_/Q -> i_soc.i_cpu.core_i.if_stage_i._873_/D : -6.776667
[setup reg-reg] i_soc.i_cpu.core_i.id_stage_i._3681_/Q -> i_soc.i_cpu.core_i.if_stage_i._864_/D : -6.776567
[setup reg-reg] i_soc.i_ai_accel._23251_/Q -> i_soc.i_ai_accel._23046_/D : -6.768948
[setup reg-reg] i_soc.i_cpu.core_i.id_stage_i._3681_/Q -> i_soc.i_cpu.core_i.if_stage_i._848_/D : -6.748790
[setup reg-reg] i_soc.i_cpu.core_i.id_stage_i._3681_/Q -> i_soc.i_cpu.core_i.if_stage_i._862_/D : -6.747337
[setup reg-reg] i_soc.i_cpu.core_i.id_stage_i._3681_/Q -> i_soc.i_cpu.core_i.if_stage_i._870_/D : -6.744074
[setup reg-reg] i_soc.i_cpu.core_i.id_stage_i._3681_/Q -> i_soc.i_cpu.core_i.if_stage_i._853_/D : -6.743612
[setup reg-reg] i_soc.i_cpu.core_i.id_stage_i._3681_/Q -> i_soc.i_cpu.core_i.if_stage_i._872_/D : -6.741980
[setup reg-reg] i_soc.i_cpu.core_i.id_stage_i._3681_/Q -> i_soc.i_cpu.core_i.if_stage_i._859_/D : -6.740715
[setup reg-reg] i_soc.i_cpu.core_i.id_stage_i._3681_/Q -> i_soc.i_cpu.core_i.if_stage_i._858_/D : -6.740022
[setup reg-reg] i_soc.i_ai_accel._23251_/Q -> i_soc.i_ai_accel._23045_/D : -6.739891
[setup reg-reg] i_soc.i_cpu.core_i.id_stage_i._3681_/Q -> i_soc.i_cpu.core_i.if_stage_i._855_/D : -6.738352
[setup reg-reg] i_soc.i_cpu.core_i.id_stage_i._3681_/Q -> i_soc.i_cpu.core_i.if_stage_i._856_/D : -6.737677
[setup reg-reg] i_soc.i_cpu.core_i.id_stage_i._3681_/Q -> i_soc.i_cpu.core_i.if_stage_i._857_/D : -6.737034
[setup reg-reg] i_soc.i_cpu.core_i.id_stage_i._3681_/Q -> i_soc.i_cpu.core_i.if_stage_i._863_/D : -6.704170
[setup reg-reg] i_soc.i_cpu.core_i.if_stage_i._865_/Q -> i_soc.i_instr_sram.u_sram.gen_bank[0].gen_512.u_macro/csb1 : -6.686222
[setup reg-reg] i_soc.i_cpu.core_i.id_stage_i._3806_/Q -> i_soc.i_cpu.core_i.id_stage_i.register_file_i._8219_/D : -6.618743
[setup reg-reg] i_soc.i_cpu.core_i.id_stage_i._3681_/Q -> i_soc.i_cpu.core_i.if_stage_i.prefetch_buffer_i.fifo_i._260_/D : -6.590867
[setup reg-reg] i_soc.i_cpu.core_i.id_stage_i._3681_/Q -> i_soc.i_cpu.core_i.if_stage_i.prefetch_buffer_i.fifo_i._248_/D : -6.576097
[setup reg-reg] i_soc.i_cpu.core_i.id_stage_i._3681_/Q -> i_soc.i_cpu.core_i.if_stage_i.prefetch_buffer_i.fifo_i._209_/D : -6.575301
[setup reg-reg] i_soc.i_cpu.core_i.id_stage_i._3681_/Q -> i_soc.i_cpu.core_i.if_stage_i.prefetch_buffer_i.fifo_i._270_/D : -6.573350
[setup reg-reg] i_soc.i_cpu.core_i.id_stage_i._3685_/Q -> i_soc.i_cpu.core_i.id_stage_i.register_file_i._8350_/D : -6.569019
[setup reg-reg] i_soc.i_cpu.core_i.id_stage_i._3681_/Q -> i_soc.i_cpu.core_i.cs_registers_i._4142_/D : -6.567600
[setup reg-reg] i_soc.i_cpu.core_i.id_stage_i._3681_/Q -> i_soc.i_cpu.core_i.if_stage_i.prefetch_buffer_i.fifo_i._259_/D : -6.567422
[setup reg-reg] i_soc.i_cpu.core_i.id_stage_i._3681_/Q -> i_soc.i_cpu.core_i.if_stage_i.prefetch_buffer_i.fifo_i._250_/D : -6.565363
[setup reg-reg] i_soc.i_cpu.core_i.id_stage_i._3685_/Q -> i_soc.i_cpu.core_i.id_stage_i.register_file_i._8342_/D : -6.564834
[setup reg-reg] i_soc.i_ai_accel._23461_/Q -> i_soc.i_ai_accel._23511_/D : -6.562916
[setup reg-reg] i_soc.i_cpu.core_i.id_stage_i._3685_/Q -> i_soc.i_cpu.core_i.id_stage_i.register_file_i._8318_/D : -6.562894
[setup reg-reg] i_soc.i_cpu.core_i.id_stage_i._3685_/Q -> i_soc.i_cpu.core_i.id_stage_i.register_file_i._8278_/D : -6.559058
[setup reg-reg] i_soc.i_cpu.core_i.id_stage_i._3681_/Q -> i_soc.i_cpu.core_i.if_stage_i.prefetch_buffer_i.fifo_i._241_/D : -6.547035
[setup reg-reg] i_soc.i_cpu.core_i.id_stage_i._3685_/Q -> i_soc.i_cpu.core_i.id_stage_i.register_file_i._8310_/D : -6.546648
[setup reg-reg] i_soc.i_cpu.core_i.id_stage_i._3681_/Q -> i_soc.i_cpu.core_i.if_stage_i.prefetch_buffer_i.fifo_i._257_/D : -6.539036
[setup reg-reg] i_soc.i_cpu.core_i.id_stage_i._3685_/Q -> i_soc.i_cpu.core_i.id_stage_i.register_file_i._8694_/D : -6.532791
[setup reg-reg] i_soc.i_cpu.core_i.id_stage_i._3681_/Q -> i_soc.i_cpu.core_i.cs_registers_i._4150_/D : -6.531780
[setup reg-reg] i_soc.i_cpu.core_i.id_stage_i._3681_/Q -> i_soc.i_cpu.core_i.cs_registers_i._4088_/D : -6.530300
[setup reg-reg] i_soc.i_cpu.core_i.id_stage_i._3685_/Q -> i_soc.i_cpu.core_i.id_stage_i.register_file_i._8254_/D : -6.528474
[setup reg-reg] i_soc.i_cpu.core_i.id_stage_i._3685_/Q -> i_soc.i_cpu.core_i.id_stage_i.register_file_i._8502_/D : -6.526855
[setup reg-reg] i_soc.i_cpu.core_i.id_stage_i._3681_/Q -> i_soc.i_cpu.core_i.cs_registers_i._4141_/D : -6.526348
[setup reg-reg] i_soc.i_cpu.core_i.id_stage_i._3685_/Q -> i_soc.i_cpu.core_i.id_stage_i.register_file_i._8438_/D : -6.526074
[setup reg-reg] i_soc.i_cpu.core_i.id_stage_i._3685_/Q -> i_soc.i_cpu.core_i.id_stage_i.register_file_i._8286_/D : -6.522516
[setup reg-reg] i_soc.i_cpu.core_i.id_stage_i._3685_/Q -> i_soc.i_cpu.core_i.id_stage_i.register_file_i._8446_/D : -6.517018
[setup reg-reg] i_soc.i_cpu.core_i.id_stage_i._3685_/Q -> i_soc.i_cpu.core_i.id_stage_i.register_file_i._8246_/D : -6.516938
[setup reg-reg] i_soc.i_cpu.core_i.id_stage_i._3681_/Q -> i_soc.i_cpu.core_i.cs_registers_i._4139_/D : -6.513270
[setup reg-reg] i_soc.i_cpu.core_i.id_stage_i._3806_/Q -> i_soc.i_cpu.core_i.id_stage_i.register_file_i._8128_/D : -6.510906
[setup reg-reg] i_soc.i_cpu.core_i.id_stage_i._3681_/Q -> i_soc.i_cpu.core_i.cs_registers_i._4146_/D : -6.510357
[setup reg-reg] i_soc.i_cpu.core_i.id_stage_i._3681_/Q -> i_soc.i_cpu.core_i.cs_registers_i._4114_/D : -6.499395
[setup reg-reg] i_soc.i_cpu.core_i.id_stage_i._3681_/Q -> i_soc.i_cpu.core_i.cs_registers_i._4115_/D : -6.499186
[setup reg-reg] i_soc.i_cpu.core_i.id_stage_i._3681_/Q -> i_soc.i_cpu.core_i.cs_registers_i._4143_/D : -6.486795
[setup reg-reg] i_soc.i_cpu.core_i.id_stage_i._3681_/Q -> i_soc.i_cpu.core_i.cs_registers_i._4158_/D : -6.486127
[setup reg-reg] i_soc.i_cpu.core_i.id_stage_i._3681_/Q -> i_soc.i_cpu.core_i.cs_registers_i._4137_/D : -6.485936
[setup reg-reg] i_soc.i_cpu.core_i.id_stage_i._3681_/Q -> i_soc.i_cpu.core_i.cs_registers_i._4145_/D : -6.484321
[setup reg-reg] i_soc.i_cpu.core_i.id_stage_i._3681_/Q -> i_soc.i_cpu.core_i.id_stage_i._4030_/D : -6.482894
[setup reg-reg] i_soc.i_ai_accel._23251_/Q -> i_soc.i_ai_accel._23047_/D : -6.477402
[setup reg-reg] i_soc.i_cpu.core_i.id_stage_i._3681_/Q -> i_soc.i_cpu.core_i.cs_registers_i._4102_/D : -6.474998
[setup reg-reg] i_soc.i_cpu.core_i.id_stage_i._3681_/Q -> i_soc.i_cpu.core_i.cs_registers_i._4113_/D : -6.472748
[setup reg-reg] i_soc.i_cpu.core_i.id_stage_i._3681_/Q -> i_soc.i_cpu.core_i.id_stage_i._4031_/D : -6.467533
[setup reg-reg] i_soc.i_cpu.core_i.id_stage_i._3681_/Q -> i_soc.i_cpu.core_i.cs_registers_i._4110_/D : -6.466275
[setup reg-reg] i_soc.i_cpu.core_i.id_stage_i._3685_/Q -> i_soc.i_cpu.core_i.id_stage_i.register_file_i._8670_/D : -6.461903
[setup reg-reg] i_soc.i_cpu.core_i.id_stage_i._3685_/Q -> i_soc.i_cpu.core_i.id_stage_i.register_file_i._8662_/D : -6.452147
[setup reg-reg] i_soc.i_cpu.core_i.id_stage_i._3681_/Q -> i_soc.i_cpu.core_i.if_stage_i._852_/D : -6.450206
[setup reg-reg] i_soc.i_cpu.core_i.id_stage_i._3681_/Q -> i_soc.i_cpu.core_i.cs_registers_i._4116_/D : -6.442118
[setup reg-reg] i_soc.i_cpu.core_i.id_stage_i._3681_/Q -> i_soc.i_cpu.core_i.if_stage_i._867_/D : -6.432137
[setup reg-reg] i_soc.i_cpu.core_i.id_stage_i._3681_/Q -> i_soc.i_cpu.core_i.if_stage_i._854_/D : -6.431766
[setup reg-reg] i_soc.i_ai_accel._23252_/Q -> i_soc.i_ai_accel._23515_/D : -6.430144
[setup reg-reg] i_soc.i_cpu.core_i.id_stage_i._3681_/Q -> i_soc.i_cpu.core_i.cs_registers_i._4103_/D : -6.430087
[setup reg-reg] i_soc.i_cpu.core_i.id_stage_i._3681_/Q -> i_soc.i_cpu.core_i.if_stage_i._850_/D : -6.429426
[setup reg-reg] i_soc.i_cpu.core_i.id_stage_i._3681_/Q -> i_soc.i_cpu.core_i.if_stage_i._849_/D : -6.427065
[setup reg-reg] i_soc.i_cpu.core_i.id_stage_i._3681_/Q -> i_soc.i_cpu.core_i.if_stage_i._851_/D : -6.426737
[setup reg-reg] i_soc.i_cpu.core_i.id_stage_i._3681_/Q -> i_soc.i_cpu.core_i.if_stage_i._868_/D : -6.425582
[setup reg-reg] i_soc.i_cpu.core_i.id_stage_i._3681_/Q -> i_soc.i_cpu.core_i.if_stage_i._880_/D : -6.424365
[setup reg-reg] i_soc.i_cpu.core_i.id_stage_i._3685_/Q -> i_soc.i_cpu.core_i.id_stage_i.register_file_i._8478_/D : -6.423808
[setup reg-reg] i_soc.i_cpu.core_i.id_stage_i._3685_/Q -> i_soc.i_cpu.core_i.id_stage_i.register_file_i._8510_/D : -6.422696
[setup reg-reg] i_soc.i_cpu.core_i.id_stage_i._3681_/Q -> i_soc.i_cpu.core_i.if_stage_i._869_/D : -6.422530
[setup reg-reg] i_soc.i_cpu.core_i.id_stage_i._3681_/Q -> i_soc.i_cpu.core_i.id_stage_i._4029_/D : -6.421887
[setup reg-reg] i_soc.i_cpu.core_i.id_stage_i._3685_/Q -> i_soc.i_cpu.core_i.id_stage_i.register_file_i._8638_/D : -6.415247
[setup reg-reg] i_soc.i_cpu.core_i.id_stage_i._3685_/Q -> i_soc.i_cpu.core_i.id_stage_i.register_file_i._8702_/D : -6.406447
[setup reg-reg] i_soc.i_cpu.core_i.id_stage_i._3685_/Q -> i_soc.i_cpu.core_i.id_stage_i.register_file_i._8574_/D : -6.401942
[setup reg-reg] i_soc.i_cpu.core_i.id_stage_i._3806_/Q -> i_soc.i_cpu.core_i.id_stage_i.register_file_i._8239_/D : -6.401862
[setup reg-reg] i_soc.i_cpu.core_i.id_stage_i._3685_/Q -> i_soc.i_cpu.core_i.id_stage_i.register_file_i._8766_/D : -6.391487
[setup reg-reg] i_soc.i_cpu.core_i.id_stage_i._3685_/Q -> i_soc.i_cpu.core_i.id_stage_i.register_file_i._8798_/D : -6.389893
[setup reg-reg] i_soc.i_cpu.core_i.id_stage_i._3681_/Q -> i_soc.i_cpu.core_i.id_stage_i._3803_/D : -6.389492
[setup reg-reg] i_soc.i_cpu.core_i.id_stage_i._3685_/Q -> i_soc.i_cpu.core_i.id_stage_i.register_file_i._8598_/D : -6.388918
[setup reg-reg] i_soc.i_cpu.core_i.id_stage_i._3685_/Q -> i_soc.i_cpu.core_i.id_stage_i.register_file_i._8470_/D : -6.388785
[setup reg-reg] i_soc.i_cpu.core_i.id_stage_i._3685_/Q -> i_soc.i_cpu.core_i.id_stage_i.register_file_i._8566_/D : -6.388606
[setup reg-reg] i_soc.i_cpu.core_i.id_stage_i._3685_/Q -> i_soc.i_cpu.core_i.id_stage_i.register_file_i._8630_/D : -6.386838
[setup reg-reg] i_soc.i_qspi._21558_/Q -> i_soc.i_qspi._21524_/D : -6.385721
[setup reg-reg] i_soc.i_cpu.core_i.id_stage_i._3806_/Q -> i_soc.i_cpu.core_i.id_stage_i.register_file_i._8288_/D : -6.374179
[setup reg-reg] i_soc.i_cpu.core_i.id_stage_i._3806_/Q -> i_soc.i_cpu.core_i.id_stage_i.register_file_i._8672_/D : -6.372966
[setup reg-reg] i_soc.i_cpu.core_i.id_stage_i._3806_/Q -> i_soc.i_cpu.core_i.id_stage_i.register_file_i._8352_/D : -6.371025
[setup reg-reg] i_soc.i_cpu.core_i.id_stage_i._3685_/Q -> i_soc.i_cpu.core_i.id_stage_i.register_file_i._8253_/D : -6.370666
[setup reg-reg] i_soc.i_cpu.core_i.id_stage_i._3806_/Q -> i_soc.i_cpu.core_i.id_stage_i.register_file_i._8256_/D : -6.370250
[setup reg-reg] i_soc.i_cpu.core_i.id_stage_i._3806_/Q -> i_soc.i_cpu.core_i.id_stage_i.register_file_i._8320_/D : -6.369735
[setup reg-reg] i_soc.i_cpu.core_i.id_stage_i._3806_/Q -> i_soc.i_cpu.core_i.id_stage_i.register_file_i._8669_/D : -6.369709
[setup reg-reg] i_soc.i_cpu.core_i.id_stage_i._3806_/Q -> i_soc.i_cpu.core_i.id_stage_i.register_file_i._8221_/D : -6.369174
[setup reg-reg] i_soc.i_cpu.core_i.id_stage_i._3685_/Q -> i_soc.i_cpu.core_i.id_stage_i.register_file_i._8349_/D : -6.354858
[setup reg-reg] i_soc.i_cpu.core_i.id_stage_i._3806_/Q -> i_soc.i_cpu.core_i.id_stage_i.register_file_i._8222_/D : -6.352700
[setup reg-reg] i_soc.i_cpu.core_i.id_stage_i._3806_/Q -> i_soc.i_cpu.core_i.id_stage_i.register_file_i._8317_/D : -6.352654
[setup reg-reg] i_soc.i_cpu.core_i.id_stage_i._3806_/Q -> i_soc.i_cpu.core_i.id_stage_i.register_file_i._8285_/D : -6.347563
[setup reg-reg] i_soc.i_ai_accel._23251_/Q -> i_soc.i_ai_accel._23044_/D : -6.337846
[setup reg-reg] i_soc.i_cpu.core_i.id_stage_i._3685_/Q -> i_soc.i_cpu.core_i.id_stage_i.register_file_i._8606_/D : -6.336979
[setup reg-reg] i_soc.i_ai_accel._23461_/Q -> i_soc.i_ai_accel._23510_/D : -6.332183
[setup reg-reg] i_soc.i_cpu.core_i.id_stage_i._3685_/Q -> i_soc.i_cpu.core_i.id_stage_i.register_file_i._8701_/D : -6.331783
[setup reg-reg] i_soc.i_cpu.core_i.id_stage_i._3681_/Q -> i_soc.i_cpu.core_i.id_stage_i._4032_/D : -6.316796
[setup reg-reg] i_soc.i_cpu.core_i.id_stage_i._3685_/Q -> i_soc.i_cpu.core_i.id_stage_i.register_file_i._8356_/D : -6.304168
[setup reg-reg] i_soc.i_cpu.core_i.id_stage_i._3806_/Q -> i_soc.i_cpu.core_i.id_stage_i.register_file_i._8289_/D : -6.301303
[setup reg-reg] i_soc.i_cpu.core_i.id_stage_i._3685_/Q -> i_soc.i_cpu.core_i.id_stage_i.register_file_i._8744_/D : -6.297985
[setup reg-reg] i_soc.i_cpu.core_i.id_stage_i._3806_/Q -> i_soc.i_cpu.core_i.id_stage_i.register_file_i._8257_/D : -6.297961
[setup reg-reg] i_soc.i_cpu.core_i.id_stage_i._3685_/Q -> i_soc.i_cpu.core_i.id_stage_i.register_file_i._8292_/D : -6.297130
[setup reg-reg] i_soc.i_cpu.core_i.id_stage_i._3806_/Q -> i_soc.i_cpu.core_i.id_stage_i.register_file_i._8673_/D : -6.295441
[setup reg-reg] i_soc.i_cpu.core_i.id_stage_i._3685_/Q -> i_soc.i_cpu.core_i.id_stage_i.register_file_i._8264_/D : -6.295181
[setup reg-reg] i_soc.i_cpu.core_i.id_stage_i._3685_/Q -> i_soc.i_cpu.core_i.id_stage_i.register_file_i._8260_/D : -6.293245
[setup reg-reg] i_soc.i_cpu.core_i.id_stage_i._3685_/Q -> i_soc.i_cpu.core_i.id_stage_i.register_file_i._8360_/D : -6.292794
[setup reg-reg] i_soc.i_cpu.core_i.id_stage_i._3685_/Q -> i_soc.i_cpu.core_i.id_stage_i.register_file_i._8328_/D : -6.291288
[setup reg-reg] i_soc.i_cpu.core_i.id_stage_i._3685_/Q -> i_soc.i_cpu.core_i.id_stage_i.register_file_i._8776_/D : -6.281594
[setup reg-reg] i_soc.i_cpu.core_i.id_stage_i._3806_/Q -> i_soc.i_cpu.core_i.id_stage_i.register_file_i._8896_/D : -6.280237
[setup reg-reg] i_soc.i_cpu.core_i.id_stage_i._3685_/Q -> i_soc.i_cpu.core_i.id_stage_i.register_file_i._8324_/D : -6.276741
[setup reg-reg] i_soc.i_cpu.core_i.id_stage_i._3806_/Q -> i_soc.i_cpu.core_i.id_stage_i.register_file_i._8353_/D : -6.274327
[setup reg-reg] i_soc.i_cpu.core_i.if_stage_i._865_/Q -> i_soc.i_instr_sram.u_sram.gen_bank[2].gen_512.u_macro/csb1 : -6.271169
[setup reg-reg] i_soc.i_cpu.core_i.id_stage_i._3806_/Q -> i_soc.i_cpu.core_i.id_stage_i.register_file_i._8960_/D : -6.269611
[setup reg-reg] i_soc.i_cpu.core_i.id_stage_i._3806_/Q -> i_soc.i_cpu.core_i.id_stage_i.register_file_i._8864_/D : -6.266676
[setup reg-reg] i_soc.i_cpu.core_i.id_stage_i._3806_/Q -> i_soc.i_cpu.core_i.id_stage_i.register_file_i._8321_/D : -6.265399
[setup reg-reg] i_soc.i_ai_accel._23461_/Q -> i_soc.i_ai_accel._23508_/D : -6.264216
[setup reg-reg] i_soc.i_cpu.core_i.id_stage_i._3681_/Q -> i_soc.i_cpu.core_i.cs_registers_i._4085_/D : -6.264118
[setup reg-reg] i_soc.i_cpu.core_i.id_stage_i._3806_/Q -> i_soc.i_cpu.core_i.id_stage_i.register_file_i._8928_/D : -6.262584
[setup reg-reg] i_soc.i_cpu.core_i.id_stage_i._3681_/Q -> i_soc.i_cpu.core_i.if_stage_i.prefetch_buffer_i.fifo_i._207_/D : -6.258107
[setup reg-reg] i_soc.i_cpu.core_i.id_stage_i._3685_/Q -> i_soc.i_cpu.core_i.id_stage_i.register_file_i._8680_/D : -6.254688
[setup reg-reg] i_soc.i_cpu.core_i.id_stage_i._3685_/Q -> i_soc.i_cpu.core_i.id_stage_i.register_file_i._8683_/D : -6.252691
[setup reg-reg] i_soc.i_cpu.core_i.id_stage_i._3685_/Q -> i_soc.i_cpu.core_i.id_stage_i.register_file_i._8299_/D : -6.251966
[setup reg-reg] i_soc.i_cpu.core_i.id_stage_i._3806_/Q -> i_soc.i_cpu.core_i.id_stage_i.register_file_i._8160_/D : -6.251680
[setup reg-reg] i_soc.i_ai_accel._23252_/Q -> i_soc.i_ai_accel._23514_/D : -6.248460
[setup reg-reg] i_soc.i_cpu.core_i.id_stage_i._3685_/Q -> i_soc.i_cpu.core_i.id_stage_i.register_file_i._8340_/D : -6.244930
[setup reg-reg] i_soc.i_cpu.core_i.id_stage_i._3685_/Q -> i_soc.i_cpu.core_i.id_stage_i.register_file_i._8296_/D : -6.241370
[setup reg-reg] i_soc.i_cpu.core_i.id_stage_i._3685_/Q -> i_soc.i_cpu.core_i.id_stage_i.register_file_i._8064_/D : -6.241081
[setup reg-reg] i_soc.i_cpu.core_i.id_stage_i._3685_/Q -> i_soc.i_cpu.core_i.id_stage_i.register_file_i._8363_/D : -6.240022
[setup reg-reg] i_soc.i_cpu.core_i.id_stage_i._3681_/Q -> i_soc.i_cpu.core_i.if_stage_i.aligner_i._885_/D : -6.239221
[setup reg-reg] i_soc.i_cpu.core_i.id_stage_i._3685_/Q -> i_soc.i_cpu.core_i.id_stage_i.register_file_i._8513_/D : -6.237162
[setup reg-reg] i_soc.i_cpu.core_i.id_stage_i._3685_/Q -> i_soc.i_cpu.core_i.id_stage_i.register_file_i._8244_/D : -6.235123
[setup reg-reg] i_soc.i_cpu.core_i.id_stage_i._3685_/Q -> i_soc.i_cpu.core_i.id_stage_i.register_file_i._8331_/D : -6.234451
[setup reg-reg] i_soc.i_cpu.core_i.id_stage_i._3806_/Q -> i_soc.i_cpu.core_i.id_stage_i.register_file_i._8192_/D : -6.233334
[setup reg-reg] i_soc.i_cpu.core_i.id_stage_i._3685_/Q -> i_soc.i_cpu.core_i.id_stage_i.register_file_i._8276_/D : -6.231551
[setup reg-reg] i_soc.i_cpu.core_i.id_stage_i._3681_/Q -> i_soc.i_cpu.core_i.if_stage_i.aligner_i._883_/D : -6.230844
[setup reg-reg] i_soc.i_cpu.core_i.id_stage_i._3685_/Q -> i_soc.i_cpu.core_i.id_stage_i.register_file_i._8267_/D : -6.230456
[setup reg-reg] i_soc.i_cpu.core_i.id_stage_i._3685_/Q -> i_soc.i_cpu.core_i.id_stage_i.register_file_i._8308_/D : -6.229762
[setup reg-reg] i_soc.i_cpu.core_i.id_stage_i._3806_/Q -> i_soc.i_cpu.core_i.id_stage_i.register_file_i._8123_/D : -6.227571
[setup reg-reg] i_soc.i_cpu.core_i.id_stage_i._3685_/Q -> i_soc.i_cpu.core_i.id_stage_i.register_file_i._8705_/D : -6.227138
[setup reg-reg] i_soc.i_cpu.core_i.id_stage_i._3685_/Q -> i_soc.i_cpu.core_i.id_stage_i.register_file_i._8836_/D : -6.225420
[setup reg-reg] i_soc.i_cpu.core_i.id_stage_i._3685_/Q -> i_soc.i_cpu.core_i.id_stage_i.register_file_i._8534_/D : -6.223827
[setup reg-reg] i_soc.i_cpu.core_i.id_stage_i._3681_/Q -> i_soc.i_cpu.core_i.id_stage_i._3802_/D : -6.222981
[setup reg-reg] i_soc.i_cpu.core_i.id_stage_i._3681_/Q -> i_soc.i_cpu.core_i.if_stage_i.aligner_i._887_/D : -6.220466
[setup reg-reg] i_soc.i_cpu.core_i.id_stage_i._3685_/Q -> i_soc.i_cpu.core_i.id_stage_i.register_file_i._8459_/D : -6.219402
[setup reg-reg] i_soc.i_cpu.core_i.id_stage_i._3806_/Q -> i_soc.i_cpu.core_i.id_stage_i.register_file_i._8667_/D : -6.209273
[setup reg-reg] i_soc.i_cpu.core_i.id_stage_i._3685_/Q -> i_soc.i_cpu.core_i.id_stage_i.register_file_i._8477_/D : -6.209263
[setup reg-reg] i_soc.i_cpu.core_i.id_stage_i._3685_/Q -> i_soc.i_cpu.core_i.id_stage_i.register_file_i._8628_/D : -6.208261
[setup reg-reg] i_soc.i_cpu.core_i.id_stage_i._3685_/Q -> i_soc.i_cpu.core_i.id_stage_i.register_file_i._8414_/D : -6.206881
[setup reg-reg] i_soc.i_cpu.core_i.id_stage_i._3685_/Q -> i_soc.i_cpu.core_i.id_stage_i.register_file_i._8637_/D : -6.204360
[setup reg-reg] i_soc.i_cpu.core_i.id_stage_i._3806_/Q -> i_soc.i_cpu.core_i.id_stage_i.register_file_i._8347_/D : -6.203036
[setup reg-reg] i_soc.i_cpu.core_i.id_stage_i._3685_/Q -> i_soc.i_cpu.core_i.id_stage_i.register_file_i._8307_/D : -6.201581
[setup reg-reg] i_soc.i_cpu.core_i.id_stage_i._3685_/Q -> i_soc.i_cpu.core_i.id_stage_i.register_file_i._8660_/D : -6.199919
[setup reg-reg] i_soc.i_cpu.core_i.id_stage_i._3685_/Q -> i_soc.i_cpu.core_i.id_stage_i.register_file_i._8445_/D : -6.199414
[setup reg-reg] i_soc.i_cpu.core_i.id_stage_i._3685_/Q -> i_soc.i_cpu.core_i.id_stage_i.register_file_i._8509_/D : -6.198938
[setup reg-reg] i_soc.i_cpu.core_i.id_stage_i._3681_/Q -> i_soc.i_cpu.core_i.if_stage_i.aligner_i._889_/D : -6.198450
[setup reg-reg] i_soc.i_cpu.core_i.id_stage_i._3685_/Q -> i_soc.i_cpu.core_i.id_stage_i.register_file_i._8765_/D : -6.197701
[setup reg-reg] i_soc.i_cpu.core_i.id_stage_i._3681_/Q -> i_soc.i_cpu.core_i.if_stage_i.aligner_i._886_/D : -6.194728
[setup reg-reg] i_soc.i_cpu.core_i.id_stage_i._3806_/Q -> i_soc.i_cpu.core_i.id_stage_i.register_file_i._8251_/D : -6.194427
[setup reg-reg] i_soc.i_cpu.core_i.id_stage_i._3685_/Q -> i_soc.i_cpu.core_i.id_stage_i.register_file_i._8840_/D : -6.194421
[setup reg-reg] i_soc.i_cpu.core_i.id_stage_i._3806_/Q -> i_soc.i_cpu.core_i.id_stage_i.register_file_i._8675_/D : -6.193666
[setup reg-reg] i_soc.i_cpu.core_i.id_stage_i._3685_/Q -> i_soc.i_cpu.core_i.id_stage_i.register_file_i._8651_/D : -6.190366
[setup reg-reg] i_soc.i_cpu.core_i.id_stage_i._3685_/Q -> i_soc.i_cpu.core_i.id_stage_i.register_file_i._8686_/D : -6.189039
[setup reg-reg] i_soc.i_cpu.core_i.id_stage_i._3685_/Q -> i_soc.i_cpu.core_i.id_stage_i.register_file_i._8708_/D : -6.188550
[setup reg-reg] i_soc.i_cpu.core_i.id_stage_i._3806_/Q -> i_soc.i_cpu.core_i.id_stage_i.register_file_i._8217_/D : -6.184365
[setup reg-reg] i_soc.i_cpu.core_i.id_stage_i._3685_/Q -> i_soc.i_cpu.core_i.id_stage_i.register_file_i._8797_/D : -6.183626
[setup reg-reg] i_soc.i_cpu.core_i.id_stage_i._3685_/Q -> i_soc.i_cpu.core_i.id_stage_i.register_file_i._8718_/D : -6.182173
[setup reg-reg] i_soc.i_cpu.core_i.id_stage_i._3685_/Q -> i_soc.i_cpu.core_i.id_stage_i.register_file_i._8676_/D : -6.181113
[setup reg-reg] i_soc.i_cpu.core_i.id_stage_i._3685_/Q -> i_soc.i_cpu.core_i.id_stage_i.register_file_i._8406_/D : -6.180335
[setup reg-reg] i_soc.i_cpu.core_i.id_stage_i._3806_/Q -> i_soc.i_cpu.core_i.id_stage_i.register_file_i._8211_/D : -6.179709
[setup reg-reg] i_soc.i_cpu.core_i.id_stage_i._3681_/Q -> i_soc.i_cpu.core_i.if_stage_i.aligner_i._882_/D : -6.177381
[setup reg-reg] i_soc.i_cpu.core_i.id_stage_i._3685_/Q -> i_soc.i_cpu.core_i.id_stage_i.register_file_i._8334_/D : -6.176537
[setup reg-reg] i_soc.i_cpu.core_i.id_stage_i._3685_/Q -> i_soc.i_cpu.core_i.id_stage_i.register_file_i._8247_/D : -6.175475
[setup reg-reg] i_soc.i_cpu.core_i.id_stage_i._3681_/Q -> i_soc.i_cpu.core_i.if_stage_i.aligner_i._884_/D : -6.174840
[setup reg-reg] i_soc.i_cpu.core_i.id_stage_i._3685_/Q -> i_soc.i_cpu.core_i.id_stage_i.register_file_i._8692_/D : -6.173869
[setup reg-reg] i_soc.i_cpu.core_i.id_stage_i._3685_/Q -> i_soc.i_cpu.core_i.id_stage_i.register_file_i._8279_/D : -6.173480
[setup reg-reg] i_soc.i_cpu.core_i.id_stage_i._3685_/Q -> i_soc.i_cpu.core_i.id_stage_i.register_file_i._8311_/D : -6.171650
[setup reg-reg] i_soc.i_cpu.core_i.id_stage_i._3685_/Q -> i_soc.i_cpu.core_i.id_stage_i.register_file_i._8298_/D : -6.170787
[setup reg-reg] i_soc.i_cpu.core_i.id_stage_i._3685_/Q -> i_soc.i_cpu.core_i.id_stage_i.register_file_i._8654_/D : -6.170659
[setup reg-reg] i_soc.i_cpu.core_i.id_stage_i._3685_/Q -> i_soc.i_cpu.core_i.id_stage_i.register_file_i._8343_/D : -6.170579
[setup reg-reg] i_soc.i_cpu.core_i.id_stage_i._3685_/Q -> i_soc.i_cpu.core_i.id_stage_i.register_file_i._8715_/D : -6.167008
[setup reg-reg] i_soc.i_cpu.core_i.id_stage_i._3685_/Q -> i_soc.i_cpu.core_i.id_stage_i.register_file_i._8339_/D : -6.163127
[setup reg-reg] i_soc.i_cpu.core_i.id_stage_i._3806_/Q -> i_soc.i_cpu.core_i.id_stage_i.register_file_i._8354_/D : -6.162168
[setup reg-reg] i_soc.i_cpu.core_i.id_stage_i._3685_/Q -> i_soc.i_cpu.core_i.id_stage_i.register_file_i._8330_/D : -6.161507
[setup reg-reg] i_soc.i_cpu.core_i.id_stage_i._3806_/Q -> i_soc.i_cpu.core_i.id_stage_i.register_file_i._8290_/D : -6.161065
[setup reg-reg] i_soc.i_cpu.core_i.id_stage_i._3681_/Q -> i_soc.i_cpu.core_i.if_stage_i.aligner_i._880_/D : -6.160924
[setup reg-reg] i_soc.i_cpu.core_i.id_stage_i._3681_/Q -> i_soc.i_cpu.core_i.if_stage_i.aligner_i._881_/D : -6.159315
[setup reg-reg] i_soc.i_cpu.core_i.id_stage_i._3806_/Q -> i_soc.i_cpu.core_i.id_stage_i.register_file_i._9024_/D : -6.157755
[setup reg-reg] i_soc.i_cpu.core_i.id_stage_i._3685_/Q -> i_soc.i_cpu.core_i.id_stage_i.register_file_i._8843_/D : -6.157226
[setup reg-reg] i_soc.i_cpu.core_i.id_stage_i._3685_/Q -> i_soc.i_cpu.core_i.id_stage_i.register_file_i._8641_/D : -6.157016
[setup reg-reg] i_soc.i_cpu.core_i.id_stage_i._3806_/Q -> i_soc.i_cpu.core_i.id_stage_i.register_file_i._8291_/D : -6.156119
[setup reg-reg] i_soc.i_ai_accel._23251_/Q -> i_soc.i_ai_accel._23040_/D : -6.156050
[setup reg-reg] i_soc.i_cpu.core_i.id_stage_i._3806_/Q -> i_soc.i_cpu.core_i.id_stage_i.register_file_i._8258_/D : -6.155743
[setup reg-reg] i_soc.i_cpu.core_i.id_stage_i._3685_/Q -> i_soc.i_cpu.core_i.id_stage_i.register_file_i._8520_/D : -6.155061
[setup reg-reg] i_soc.i_cpu.core_i.id_stage_i._3685_/Q -> i_soc.i_cpu.core_i.id_stage_i.register_file_i._8488_/D : -6.154375
[setup reg-reg] i_soc.i_cpu.core_i.id_stage_i._3806_/Q -> i_soc.i_cpu.core_i.id_stage_i.register_file_i._8259_/D : -6.153691
[setup reg-reg] i_soc.i_cpu.core_i.id_stage_i._3685_/Q -> i_soc.i_cpu.core_i.id_stage_i.register_file_i._8243_/D : -6.152030
[setup reg-reg] i_soc.i_cpu.core_i.id_stage_i._3685_/Q -> i_soc.i_cpu.core_i.id_stage_i.register_file_i._8480_/D : -6.150668
[setup reg-reg] i_soc.i_cpu.core_i.id_stage_i._3806_/Q -> i_soc.i_cpu.core_i.id_stage_i.register_file_i._8322_/D : -6.150197
[setup reg-reg] i_soc.i_cpu.core_i.id_stage_i._3806_/Q -> i_soc.i_cpu.core_i.id_stage_i.register_file_i._8355_/D : -6.150117
[setup reg-reg] i_soc.i_cpu.core_i.id_stage_i._3806_/Q -> i_soc.i_cpu.core_i.id_stage_i.register_file_i._8659_/D : -6.148598
[setup reg-reg] i_soc.i_cpu.core_i.id_stage_i._3685_/Q -> i_soc.i_cpu.core_i.id_stage_i.register_file_i._8808_/D : -6.147843
[setup reg-reg] i_soc.i_cpu.core_i.id_stage_i._3806_/Q -> i_soc.i_cpu.core_i.id_stage_i.register_file_i._8992_/D : -6.147536
[setup reg-reg] i_soc.i_cpu.core_i.id_stage_i._3806_/Q -> i_soc.i_cpu.core_i.id_stage_i.register_file_i._8225_/D : -6.146724
[setup reg-reg] i_soc.i_cpu.core_i.id_stage_i._3806_/Q -> i_soc.i_cpu.core_i.id_stage_i.register_file_i._8283_/D : -6.146287
[setup reg-reg] i_soc.i_cpu.core_i.id_stage_i._3806_/Q -> i_soc.i_cpu.core_i.id_stage_i.register_file_i._8213_/D : -6.146005
[setup reg-reg] i_soc.i_cpu.core_i.id_stage_i._3685_/Q -> i_soc.i_cpu.core_i.id_stage_i.register_file_i._8573_/D : -6.142436
[setup reg-reg] i_soc.i_cpu.core_i.id_stage_i._3685_/Q -> i_soc.i_cpu.core_i.id_stage_i.register_file_i._8270_/D : -6.142257
[setup reg-reg] i_soc.i_cpu.core_i.id_stage_i._3806_/Q -> i_soc.i_cpu.core_i.id_stage_i.register_file_i._8315_/D : -6.141978
[setup reg-reg] i_soc.i_cpu.core_i.id_stage_i._3681_/Q -> i_soc.i_cpu.core_i.if_stage_i.aligner_i._888_/D : -6.141740
[setup reg-reg] i_soc.i_cpu.core_i.id_stage_i._3685_/Q -> i_soc.i_cpu.core_i.id_stage_i.register_file_i._8302_/D : -6.141550
[setup reg-reg] i_soc.i_cpu.core_i.id_stage_i._3685_/Q -> i_soc.i_cpu.core_i.id_stage_i.register_file_i._8640_/D : -6.141510
[setup reg-reg] i_soc.i_cpu.core_i.id_stage_i._3685_/Q -> i_soc.i_cpu.core_i.id_stage_i.register_file_i._8275_/D : -6.140640
[setup reg-reg] i_soc.i_cpu.core_i.id_stage_i._3681_/Q -> i_soc.i_cpu.core_i.cs_registers_i._4093_/D : -6.140576
[setup reg-reg] i_soc.i_cpu.core_i.id_stage_i._3806_/Q -> i_soc.i_cpu.core_i.id_stage_i.register_file_i._8336_/D : -6.139702
[setup reg-reg] i_soc.i_cpu.core_i.id_stage_i._3685_/Q -> i_soc.i_cpu.core_i.id_stage_i.register_file_i._8605_/D : -6.139340
[setup reg-reg] i_soc.i_cpu.core_i.id_stage_i._3806_/Q -> i_soc.i_cpu.core_i.id_stage_i.register_file_i._8304_/D : -6.138416
[setup reg-reg] i_soc.i_cpu.core_i.id_stage_i._3806_/Q -> i_soc.i_cpu.core_i.id_stage_i.register_file_i._8323_/D : -6.137388
[setup reg-reg] i_soc.i_cpu.core_i.id_stage_i._3685_/Q -> i_soc.i_cpu.core_i.id_stage_i.register_file_i._8484_/D : -6.135590
[setup reg-reg] i_soc.i_cpu.core_i.id_stage_i._3806_/Q -> i_soc.i_cpu.core_i.id_stage_i.register_file_i._8368_/D : -6.133418
[setup reg-reg] i_soc.i_cpu.core_i.id_stage_i._3685_/Q -> i_soc.i_cpu.core_i.id_stage_i.register_file_i._8366_/D : -6.130582
[setup reg-reg] i_soc.i_cpu.core_i.id_stage_i._3685_/Q -> i_soc.i_cpu.core_i.id_stage_i.register_file_i._8452_/D : -6.128438
[setup reg-reg] i_soc.i_cpu.core_i.id_stage_i._3806_/Q -> i_soc.i_cpu.core_i.id_stage_i.register_file_i._8272_/D : -6.128388
[setup reg-reg] i_soc.i_cpu.core_i.id_stage_i._3685_/Q -> i_soc.i_cpu.core_i.id_stage_i.register_file_i._8462_/D : -6.128028
[setup reg-reg] i_soc.i_cpu.core_i.id_stage_i._3685_/Q -> i_soc.i_cpu.core_i.id_stage_i.register_file_i._8627_/D : -6.127877
[setup reg-reg] i_soc.i_cpu.core_i.id_stage_i._3685_/Q -> i_soc.i_cpu.core_i.id_stage_i.register_file_i._8516_/D : -6.126778
[setup reg-reg] i_soc.i_cpu.core_i.id_stage_i._3806_/Q -> i_soc.i_cpu.core_i.id_stage_i.register_file_i._8674_/D : -6.125166
[setup reg-reg] i_soc.i_cpu.core_i.id_stage_i._3806_/Q -> i_soc.i_cpu.core_i.id_stage_i.register_file_i._8226_/D : -6.124882
[setup reg-reg] i_soc.i_cpu.core_i.id_stage_i._3685_/Q -> i_soc.i_cpu.core_i.id_stage_i.register_file_i._8682_/D : -6.124401
[setup reg-reg] i_soc.i_cpu.core_i.id_stage_i._3685_/Q -> i_soc.i_cpu.core_i.id_stage_i.register_file_i._8362_/D : -6.123942
[setup reg-reg] i_soc.i_cpu.core_i.id_stage_i._3685_/Q -> i_soc.i_cpu.core_i.id_stage_i.register_file_i._8266_/D : -6.123889
[setup reg-reg] i_soc.i_cpu.core_i.id_stage_i._3806_/Q -> i_soc.i_cpu.core_i.id_stage_i.register_file_i._8416_/D : -6.123278
[setup reg-reg] i_soc.i_cpu.core_i.id_stage_i._3681_/Q -> i_soc.i_cpu.core_i.cs_registers_i._4148_/D : -6.120427
[setup reg-reg] i_soc.i_cpu.core_i.id_stage_i._3685_/Q -> i_soc.i_cpu.core_i.id_stage_i.register_file_i._8612_/D : -6.119679
[setup reg-reg] i_soc.i_cpu.core_i.id_stage_i._3685_/Q -> i_soc.i_cpu.core_i.id_stage_i.register_file_i._8635_/D : -6.118104
[setup reg-reg] i_soc.i_cpu.core_i.id_stage_i._3806_/Q -> i_soc.i_cpu.core_i.id_stage_i.register_file_i._8367_/D : -6.116441
[setup reg-reg] i_soc.i_cpu.core_i.id_stage_i._3685_/Q -> i_soc.i_cpu.core_i.id_stage_i.register_file_i._8772_/D : -6.115157
[setup reg-reg] i_soc.i_cpu.core_i.id_stage_i._3806_/Q -> i_soc.i_cpu.core_i.id_stage_i.register_file_i._8271_/D : -6.114709
[setup reg-reg] i_soc.i_cpu.core_i.id_stage_i._3685_/Q -> i_soc.i_cpu.core_i.id_stage_i.register_file_i._8443_/D : -6.114464
[setup reg-reg] i_soc.i_cpu.core_i.id_stage_i._3685_/Q -> i_soc.i_cpu.core_i.id_stage_i.register_file_i._8699_/D : -6.114316
[setup reg-reg] i_soc.i_cpu.core_i.id_stage_i._3685_/Q -> i_soc.i_cpu.core_i.id_stage_i.register_file_i._8804_/D : -6.113478
[setup reg-reg] i_soc.i_cpu.core_i.id_stage_i._3685_/Q -> i_soc.i_cpu.core_i.id_stage_i.register_file_i._8282_/D : -6.109778
[setup reg-reg] i_soc.i_cpu.core_i.id_stage_i._3685_/Q -> i_soc.i_cpu.core_i.id_stage_i.register_file_i._8054_/D : -6.109630
[setup reg-reg] i_soc.i_cpu.core_i.id_stage_i._3685_/Q -> i_soc.i_cpu.core_i.id_stage_i.register_file_i._8542_/D : -6.108202
[setup reg-reg] i_soc.i_cpu.core_i.id_stage_i._3806_/Q -> i_soc.i_cpu.core_i.id_stage_i.register_file_i._8544_/D : -6.108087
[setup reg-reg] i_soc.i_cpu.core_i.id_stage_i._3806_/Q -> i_soc.i_cpu.core_i.id_stage_i.register_file_i._8413_/D : -6.107410
[setup reg-reg] i_soc.i_cpu.core_i.id_stage_i._3681_/Q -> i_soc.i_cpu.core_i.cs_registers_i._4157_/D : -6.106913
[setup reg-reg] i_soc.i_cpu.core_i.id_stage_i._3685_/Q -> i_soc.i_cpu.core_i.id_stage_i.register_file_i._8456_/D : -6.105319
[setup reg-reg] i_soc.i_cpu.core_i.id_stage_i._3681_/Q -> i_soc.i_cpu.core_i.cs_registers_i._4156_/D : -6.103948
[setup reg-reg] i_soc.i_cpu.core_i.id_stage_i._3681_/Q -> i_soc.i_cpu.core_i.cs_registers_i._4147_/D : -6.103884
[setup reg-reg] i_soc.i_cpu.core_i.id_stage_i._3685_/Q -> i_soc.i_cpu.core_i.id_stage_i.register_file_i._8346_/D : -6.102832
[setup reg-reg] i_soc.i_cpu.core_i.id_stage_i._3681_/Q -> i_soc.i_cpu.core_i.cs_registers_i._4155_/D : -6.102480
[setup reg-reg] i_soc.i_cpu.core_i.id_stage_i._3681_/Q -> i_soc.i_cpu.core_i.cs_registers_i._4153_/D : -6.102324
[setup reg-reg] i_soc.i_cpu.core_i.id_stage_i._3685_/Q -> i_soc.i_cpu.core_i.id_stage_i.register_file_i._8449_/D : -6.100608
[setup reg-reg] i_soc.i_cpu.core_i.id_stage_i._3681_/Q -> i_soc.i_cpu.core_i.cs_registers_i._4140_/D : -6.099439
[setup reg-reg] i_soc.i_cpu.core_i.id_stage_i._3685_/Q -> i_soc.i_cpu.core_i.id_stage_i.register_file_i._8314_/D : -6.097228
[setup reg-reg] i_soc.i_cpu.core_i.id_stage_i._3685_/Q -> i_soc.i_cpu.core_i.id_stage_i.register_file_i._8712_/D : -6.097036
[setup reg-reg] i_soc.i_cpu.core_i.id_stage_i._3685_/Q -> i_soc.i_cpu.core_i.id_stage_i.register_file_i._8619_/D : -6.094238
[setup reg-reg] i_soc.i_cpu.core_i.id_stage_i._3685_/Q -> i_soc.i_cpu.core_i.id_stage_i.register_file_i._8442_/D : -6.093451
[setup reg-reg] i_soc.i_cpu.core_i.id_stage_i._3681_/Q -> i_soc.i_cpu.core_i.cs_registers_i._4133_/D : -6.091716
[setup reg-reg] i_soc.i_cpu.core_i.id_stage_i._3681_/Q -> i_soc.i_cpu.core_i.cs_registers_i._4144_/D : -6.090709
[setup reg-reg] i_soc.i_ai_accel._23461_/Q -> i_soc.i_ai_accel._23509_/D : -6.090502
[setup reg-reg] i_soc.i_cpu.core_i.id_stage_i._3685_/Q -> i_soc.i_cpu.core_i.id_stage_i.register_file_i._8481_/D : -6.090508
[setup reg-reg] i_soc.i_cpu.core_i.id_stage_i._3806_/Q -> i_soc.i_cpu.core_i.id_stage_i.register_file_i._8663_/D : -6.090300
[setup reg-reg] i_soc.i_cpu.core_i.id_stage_i._3685_/Q -> i_soc.i_cpu.core_i.id_stage_i.register_file_i._8250_/D : -6.088648
[setup reg-reg] i_soc.i_cpu.core_i.id_stage_i._3685_/Q -> i_soc.i_cpu.core_i.id_stage_i.register_file_i._8587_/D : -6.088243
[setup reg-reg] i_soc.i_cpu.core_i.id_stage_i._3681_/Q -> i_soc.i_cpu.core_i.cs_registers_i._4138_/D : -6.084832
[setup reg-reg] i_soc.i_cpu.core_i.id_stage_i._3806_/Q -> i_soc.i_cpu.core_i.id_stage_i.register_file_i._8661_/D : -6.084197
[setup reg-reg] i_soc.i_cpu.core_i.id_stage_i._3685_/Q -> i_soc.i_cpu.core_i.id_stage_i.register_file_i._8468_/D : -6.084075
[setup reg-reg] i_soc.i_cpu.core_i.id_stage_i._3685_/Q -> i_soc.i_cpu.core_i.id_stage_i.register_file_i._8500_/D : -6.084015
[setup reg-reg] i_soc.i_cpu.core_i.id_stage_i._3681_/Q -> i_soc.i_cpu.core_i.cs_registers_i._4149_/D : -6.081548
[setup reg-reg] i_soc.i_cpu.core_i.id_stage_i._3685_/Q -> i_soc.i_cpu.core_i.id_stage_i.register_file_i._8846_/D : -6.079686
[setup reg-reg] i_soc.i_cpu.core_i.id_stage_i._3685_/Q -> i_soc.i_cpu.core_i.id_stage_i.register_file_i._8727_/D : -6.079363
[setup reg-reg] i_soc.i_cpu.core_i.id_stage_i._3685_/Q -> i_soc.i_cpu.core_i.id_stage_i.register_file_i._8577_/D : -6.077977
[setup reg-reg] i_soc.i_cpu.core_i.id_stage_i._3806_/Q -> i_soc.i_cpu.core_i.id_stage_i.register_file_i._8335_/D : -6.077322
[setup reg-reg] i_soc.i_cpu.core_i.id_stage_i._3806_/Q -> i_soc.i_cpu.core_i.id_stage_i.register_file_i._8252_/D : -6.075674
[setup reg-reg] i_soc.i_cpu.core_i.id_stage_i._3685_/Q -> i_soc.i_cpu.core_i.id_stage_i.register_file_i._8634_/D : -6.074693
[setup reg-reg] i_soc.i_cpu.core_i.id_stage_i._3806_/Q -> i_soc.i_cpu.core_i.id_stage_i.register_file_i._8688_/D : -6.073787
[setup reg-reg] i_soc.i_cpu.core_i.id_stage_i._3806_/Q -> i_soc.i_cpu.core_i.id_stage_i.register_file_i._8125_/D : -6.073123
[setup reg-reg] i_soc.i_cpu.core_i.id_stage_i._3806_/Q -> i_soc.i_cpu.core_i.id_stage_i.register_file_i._8245_/D : -6.072366
[setup reg-reg] i_soc.i_cpu.core_i.id_stage_i._3806_/Q -> i_soc.i_cpu.core_i.id_stage_i.register_file_i._8348_/D : -6.070487
[setup reg-reg] i_soc.i_cpu.core_i.id_stage_i._3685_/Q -> i_soc.i_cpu.core_i.id_stage_i.register_file_i._8596_/D : -6.070389
[setup reg-reg] i_soc.i_cpu.core_i.id_stage_i._3806_/Q -> i_soc.i_cpu.core_i.id_stage_i.register_file_i._8303_/D : -6.068469
[setup reg-reg] i_soc.i_cpu.core_i.id_stage_i._3685_/Q -> i_soc.i_cpu.core_i.id_stage_i.register_file_i._8580_/D : -6.067527
[setup reg-reg] i_soc.i_cpu.core_i.id_stage_i._3685_/Q -> i_soc.i_cpu.core_i.id_stage_i.register_file_i._8734_/D : -6.067259
[setup reg-reg] i_soc.i_cpu.core_i.id_stage_i._3685_/Q -> i_soc.i_cpu.core_i.id_stage_i.register_file_i._8609_/D : -6.066724
[setup reg-reg] i_soc.i_cpu.core_i.id_stage_i._3806_/Q -> i_soc.i_cpu.core_i.id_stage_i.register_file_i._8309_/D : -6.065124
[setup reg-reg] i_soc.i_ai_accel._23461_/Q -> i_soc.i_ai_accel._23507_/D : -6.064935
[setup reg-reg] i_soc.i_cpu.core_i.id_stage_i._3806_/Q -> i_soc.i_cpu.core_i.id_stage_i.register_file_i._8341_/D : -6.064291
[setup reg-reg] i_soc.i_cpu.core_i.id_stage_i._3685_/Q -> i_soc.i_cpu.core_i.id_stage_i.register_file_i._8564_/D : -6.060489
[setup reg-reg] i_soc.i_cpu.core_i.id_stage_i._3685_/Q -> i_soc.i_cpu.core_i.id_stage_i.register_file_i._8436_/D : -6.058297
[setup reg-reg] i_soc.i_cpu.core_i.id_stage_i._3806_/Q -> i_soc.i_cpu.core_i.id_stage_i.register_file_i._8277_/D : -6.057631
[setup reg-reg] i_soc.i_cpu.core_i.id_stage_i._3685_/Q -> i_soc.i_cpu.core_i.id_stage_i.register_file_i._8833_/D : -6.056693
[setup reg-reg] i_soc.i_cpu.core_i.id_stage_i._3681_/Q -> i_soc.i_cpu.core_i.cs_registers_i._4154_/D : -6.055576
[setup reg-reg] i_soc.i_cpu.core_i.id_stage_i._3806_/Q -> i_soc.i_cpu.core_i.id_stage_i.register_file_i._8541_/D : -6.055212
[setup reg-reg] i_soc.i_cpu.core_i.id_stage_i._3806_/Q -> i_soc.i_cpu.core_i.id_stage_i.register_file_i._8215_/D : -6.055107
[setup reg-reg] i_soc.i_cpu.core_i.id_stage_i._3685_/Q -> i_soc.i_cpu.core_i.id_stage_i.register_file_i._8644_/D : -6.054238
[setup reg-reg] i_soc.i_cpu.core_i.id_stage_i._3685_/Q -> i_soc.i_cpu.core_i.id_stage_i.register_file_i._8698_/D : -6.053423
[setup reg-reg] i_soc.i_cpu.core_i.id_stage_i._3806_/Q -> i_soc.i_cpu.core_i.id_stage_i.register_file_i._8687_/D : -6.048401
[setup reg-reg] i_soc.i_cpu.core_i.id_stage_i._3685_/Q -> i_soc.i_cpu.core_i.id_stage_i.register_file_i._8467_/D : -6.048087
[setup reg-reg] i_soc.i_cpu.core_i.id_stage_i._3681_/Q -> i_soc.i_cpu.core_i.cs_registers_i._4090_/D : -6.047056
[setup reg-reg] i_soc.i_cpu.core_i.id_stage_i._3681_/Q -> i_soc.i_cpu.core_i.cs_registers_i._4135_/D : -6.046239
[setup reg-reg] i_soc.i_cpu.core_i.id_stage_i._3685_/Q -> i_soc.i_cpu.core_i.id_stage_i.register_file_i._8499_/D : -6.046007
[setup reg-reg] i_soc.i_cpu.core_i.id_stage_i._3685_/Q -> i_soc.i_cpu.core_i.id_stage_i.register_file_i._8439_/D : -6.045452
[setup reg-reg] i_soc.i_cpu.core_i.id_stage_i._3681_/Q -> i_soc.i_cpu.core_i.cs_registers_i._4136_/D : -6.044788
[setup reg-reg] i_soc.i_cpu.core_i.id_stage_i._3806_/Q -> i_soc.i_cpu.core_i.id_stage_i.register_file_i._8668_/D : -6.043538
[setup reg-reg] i_soc.i_cpu.core_i.id_stage_i._3685_/Q -> i_soc.i_cpu.core_i.id_stage_i.register_file_i._8491_/D : -6.042267
[setup reg-reg] i_soc.i_cpu.core_i.id_stage_i._3685_/Q -> i_soc.i_cpu.core_i.id_stage_i.register_file_i._8523_/D : -6.041791
[setup reg-reg] i_soc.i_cpu.core_i.id_stage_i._3685_/Q -> i_soc.i_cpu.core_i.id_stage_i.register_file_i._8756_/D : -6.041100
[setup reg-reg] i_soc.i_cpu.core_i.id_stage_i._3681_/Q -> i_soc.i_cpu.core_i.id_stage_i._3778_/D : -6.039315
[setup reg-reg] i_soc.i_cpu.core_i.id_stage_i._3806_/Q -> i_soc.i_cpu.core_i.id_stage_i.register_file_i._8417_/D : -6.037428
[setup reg-reg] i_soc.i_cpu.core_i.id_stage_i._3685_/Q -> i_soc.i_cpu.core_i.id_stage_i.register_file_i._8464_/D : -6.034369
[setup reg-reg] i_soc.i_cpu.core_i.id_stage_i._3685_/Q -> i_soc.i_cpu.core_i.id_stage_i.register_file_i._8590_/D : -6.033888
[setup reg-reg] i_soc.i_cpu.core_i.id_stage_i._3685_/Q -> i_soc.i_cpu.core_i.id_stage_i.register_file_i._8655_/D : -6.032290
[setup reg-reg] i_soc.i_cpu.core_i.id_stage_i._3806_/Q -> i_soc.i_cpu.core_i.id_stage_i.register_file_i._8228_/D : -6.030625
[setup reg-reg] i_soc.i_cpu.core_i.id_stage_i._3685_/Q -> i_soc.i_cpu.core_i.id_stage_i.register_file_i._8622_/D : -6.029367
[setup reg-reg] i_soc.i_cpu.core_i.id_stage_i._3685_/Q -> i_soc.i_cpu.core_i.id_stage_i.register_file_i._8471_/D : -6.028790
[setup reg-reg] i_soc.i_cpu.core_i.id_stage_i._3806_/Q -> i_soc.i_cpu.core_i.id_stage_i.register_file_i._8220_/D : -6.028463
[setup reg-reg] i_soc.i_cpu.core_i.id_stage_i._3685_/Q -> i_soc.i_cpu.core_i.id_stage_i.register_file_i._8526_/D : -6.028422
[setup reg-reg] i_soc.i_cpu.core_i.id_stage_i._3806_/Q -> i_soc.i_cpu.core_i.id_stage_i.register_file_i._8666_/D : -6.028410
[setup reg-reg] i_soc.i_cpu.core_i.id_stage_i._3685_/Q -> i_soc.i_cpu.core_i.id_stage_i.register_file_i._8494_/D : -6.027509
[setup reg-reg] i_soc.i_cpu.core_i.id_stage_i._3685_/Q -> i_soc.i_cpu.core_i.id_stage_i.register_file_i._8448_/D : -6.025905
[setup reg-reg] i_soc.i_cpu.core_i.id_stage_i._3685_/Q -> i_soc.i_cpu.core_i.id_stage_i.register_file_i._8503_/D : -6.025657
[setup reg-reg] i_soc.i_cpu.core_i.id_stage_i._3806_/Q -> i_soc.i_cpu.core_i.id_stage_i.register_file_i._8316_/D : -6.022768
[setup reg-reg] i_soc.i_cpu.core_i.id_stage_i._3806_/Q -> i_soc.i_cpu.core_i.id_stage_i.register_file_i._8859_/D : -6.021571
[setup reg-reg] i_soc.i_cpu.core_i.id_stage_i._3806_/Q -> i_soc.i_cpu.core_i.id_stage_i.register_file_i._8284_/D : -6.020585
[setup reg-reg] i_soc.i_cpu.core_i.id_stage_i._3685_/Q -> i_soc.i_cpu.core_i.id_stage_i.register_file_i._8586_/D : -6.017231
[setup reg-reg] i_soc.i_cpu.core_i.id_stage_i._3806_/Q -> i_soc.i_cpu.core_i.id_stage_i.register_file_i._8545_/D : -6.017137
[setup reg-reg] i_soc.i_cpu.core_i.id_stage_i._3806_/Q -> i_soc.i_cpu.core_i.id_stage_i.register_file_i._8891_/D : -6.016088
[setup reg-reg] i_soc.i_cpu.core_i.id_stage_i._3685_/Q -> i_soc.i_cpu.core_i.id_stage_i.register_file_i._8522_/D : -6.014441
[setup reg-reg] i_soc.i_cpu.core_i.id_stage_i._3685_/Q -> i_soc.i_cpu.core_i.id_stage_i.register_file_i._8656_/D : -6.013600
[setup reg-reg] i_soc.i_cpu.core_i.id_stage_i._3806_/Q -> i_soc.i_cpu.core_i.id_stage_i.register_file_i._8359_/D : -6.012681
[setup reg-reg] i_soc.i_cpu.core_i.id_stage_i._3685_/Q -> i_soc.i_cpu.core_i.id_stage_i.register_file_i._8719_/D : -6.012464
[setup reg-reg] i_soc.i_cpu.core_i.id_stage_i._3806_/Q -> i_soc.i_cpu.core_i.id_stage_i.register_file_i._8955_/D : -6.011158
[setup reg-reg] i_soc.i_cpu.core_i.id_stage_i._3806_/Q -> i_soc.i_cpu.core_i.id_stage_i.register_file_i._8212_/D : -6.010190
[setup reg-reg] i_soc.i_cpu.core_i.id_stage_i._3685_/Q -> i_soc.i_cpu.core_i.id_stage_i.register_file_i._8704_/D : -6.008762
[setup reg-reg] i_soc.i_cpu.core_i.id_stage_i._3685_/Q -> i_soc.i_cpu.core_i.id_stage_i.register_file_i._8512_/D : -6.007649
[setup reg-reg] i_soc.i_cpu.core_i.id_stage_i._3685_/Q -> i_soc.i_cpu.core_i.id_stage_i.register_file_i._8126_/D : -6.007472
[setup reg-reg] i_soc.i_cpu.core_i.id_stage_i._3685_/Q -> i_soc.i_cpu.core_i.id_stage_i.register_file_i._8490_/D : -6.005644
[setup reg-reg] i_soc.i_cpu.core_i.id_stage_i._3685_/Q -> i_soc.i_cpu.core_i.id_stage_i.register_file_i._8650_/D : -6.003537
[setup reg-reg] i_soc.i_cpu.core_i.id_stage_i._3685_/Q -> i_soc.i_cpu.core_i.id_stage_i.register_file_i._8608_/D : -6.003367
[setup reg-reg] i_soc.i_cpu.core_i.id_stage_i._3685_/Q -> i_soc.i_cpu.core_i.id_stage_i.register_file_i._8458_/D : -6.003360
[setup reg-reg] i_soc.i_cpu.core_i.id_stage_i._3685_/Q -> i_soc.i_cpu.core_i.id_stage_i.register_file_i._8783_/D : -6.002209
[setup reg-reg] i_soc.i_cpu.core_i.id_stage_i._3806_/Q -> i_soc.i_cpu.core_i.id_stage_i.register_file_i._8235_/D : -6.002082
[setup reg-reg] i_soc.i_cpu.core_i.id_stage_i._3806_/Q -> i_soc.i_cpu.core_i.id_stage_i.register_file_i._8227_/D : -6.001484
[setup reg-reg] i_soc.i_cpu.core_i.id_stage_i._3685_/Q -> i_soc.i_cpu.core_i.id_stage_i.register_file_i._8576_/D : -6.001326
[setup reg-reg] i_soc.i_cpu.core_i.id_stage_i._3806_/Q -> i_soc.i_cpu.core_i.id_stage_i.register_file_i._8263_/D : -6.000015
[setup reg-reg] i_soc.i_cpu.core_i.id_stage_i._3685_/Q -> i_soc.i_cpu.core_i.id_stage_i.register_file_i._8062_/D : -5.999368
[setup reg-reg] i_soc.i_cpu.core_i.id_stage_i._3806_/Q -> i_soc.i_cpu.core_i.id_stage_i.register_file_i._8923_/D : -5.997643
[setup reg-reg] i_soc.i_cpu.core_i.id_stage_i._3806_/Q -> i_soc.i_cpu.core_i.id_stage_i.register_file_i._8327_/D : -5.996338
[setup reg-reg] i_soc.i_cpu.core_i.id_stage_i._3685_/Q -> i_soc.i_cpu.core_i.id_stage_i.register_file_i._8689_/D : -5.995334
[setup reg-reg] i_soc.i_cpu.core_i.id_stage_i._3685_/Q -> i_soc.i_cpu.core_i.id_stage_i.register_file_i._8830_/D : -5.992641
[setup reg-reg] i_soc.i_cpu.core_i.id_stage_i._3685_/Q -> i_soc.i_cpu.core_i.id_stage_i.register_file_i._8435_/D : -5.992412
[setup reg-reg] i_soc.i_cpu.core_i.id_stage_i._3685_/Q -> i_soc.i_cpu.core_i.id_stage_i.register_file_i._8618_/D : -5.991462
[setup reg-reg] i_soc.i_cpu.core_i.id_stage_i._3806_/Q -> i_soc.i_cpu.core_i.id_stage_i.register_file_i._8214_/D : -5.991103
[setup reg-reg] i_soc.i_cpu.core_i.id_stage_i._3685_/Q -> i_soc.i_cpu.core_i.id_stage_i.register_file_i._8563_/D : -5.987380
[setup reg-reg] i_soc.i_cpu.core_i.id_stage_i._3685_/Q -> i_soc.i_cpu.core_i.id_stage_i.register_file_i._8822_/D : -5.986678
[setup reg-reg] i_soc.i_cpu.core_i.id_stage_i._3685_/Q -> i_soc.i_cpu.core_i.id_stage_i.register_file_i._8714_/D : -5.985019
[setup reg-reg] i_soc.i_cpu.core_i.id_stage_i._3685_/Q -> i_soc.i_cpu.core_i.id_stage_i.register_file_i._8301_/D : -5.984118
[setup reg-reg] i_soc.i_cpu.core_i.id_stage_i._3681_/Q -> i_soc.i_cpu.core_i.id_stage_i._3926_/D : -5.983850
[setup reg-reg] i_soc.i_qspi._21558_/Q -> i_soc.i_qspi._17215_/D : -5.982331
[setup reg-reg] i_soc.i_cpu.core_i.id_stage_i._3685_/Q -> i_soc.i_cpu.core_i.id_stage_i.register_file_i._8726_/D : -5.979733
[setup reg-reg] i_soc.i_cpu.core_i.id_stage_i._3685_/Q -> i_soc.i_cpu.core_i.id_stage_i.register_file_i._8269_/D : -5.979301
[setup reg-reg] i_soc.i_cpu.core_i.id_stage_i._3685_/Q -> i_soc.i_cpu.core_i.id_stage_i.register_file_i._8603_/D : -5.978086
[setup reg-reg] i_soc.i_cpu.core_i.id_stage_i._3685_/Q -> i_soc.i_cpu.core_i.id_stage_i.register_file_i._8507_/D : -5.976558
[setup reg-reg] i_soc.i_cpu.core_i.id_stage_i._3806_/Q -> i_soc.i_cpu.core_i.id_stage_i.register_file_i._8546_/D : -5.976338
[setup reg-reg] i_soc.i_cpu.core_i.id_stage_i._3685_/Q -> i_soc.i_cpu.core_i.id_stage_i.register_file_i._8595_/D : -5.976208
[setup reg-reg] i_soc.i_cpu.core_i.id_stage_i._3685_/Q -> i_soc.i_cpu.core_i.id_stage_i.register_file_i._8691_/D : -5.974345
[setup reg-reg] i_soc.i_cpu.core_i.id_stage_i._3685_/Q -> i_soc.i_cpu.core_i.id_stage_i.register_file_i._8567_/D : -5.973181
[setup reg-reg] i_soc.i_cpu.core_i.id_stage_i._3685_/Q -> i_soc.i_cpu.core_i.id_stage_i.register_file_i._8475_/D : -5.972702
[setup reg-reg] i_soc.i_cpu.core_i.id_stage_i._3685_/Q -> i_soc.i_cpu.core_i.id_stage_i.register_file_i._8643_/D : -5.972312
[setup reg-reg] i_soc.i_cpu.core_i.id_stage_i._3685_/Q -> i_soc.i_cpu.core_i.id_stage_i.register_file_i._8721_/D : -5.971156
[setup reg-reg] i_soc.i_cpu.core_i.id_stage_i._3685_/Q -> i_soc.i_cpu.core_i.id_stage_i.register_file_i._8684_/D : -5.970494
[setup reg-reg] i_soc.i_cpu.core_i.id_stage_i._3806_/Q -> i_soc.i_cpu.core_i.id_stage_i.register_file_i._9019_/D : -5.969053
[setup reg-reg] i_soc.i_cpu.core_i.id_stage_i._3685_/Q -> i_soc.i_cpu.core_i.id_stage_i.register_file_i._8420_/D : -5.968104
[setup reg-reg] i_soc.i_cpu.core_i.id_stage_i._3685_/Q -> i_soc.i_cpu.core_i.id_stage_i.register_file_i._8374_/D : -5.967952
[setup reg-reg] i_soc.i_cpu.core_i.id_stage_i._3685_/Q -> i_soc.i_cpu.core_i.id_stage_i.register_file_i._8695_/D : -5.967229
[setup reg-reg] i_soc.i_cpu.core_i.id_stage_i._3685_/Q -> i_soc.i_cpu.core_i.id_stage_i.register_file_i._8636_/D : -5.965601
[setup reg-reg] i_soc.i_cpu.core_i.id_stage_i._3685_/Q -> i_soc.i_cpu.core_i.id_stage_i.register_file_i._8444_/D : -5.964978
[setup reg-reg] i_soc.i_cpu.core_i.id_stage_i._3685_/Q -> i_soc.i_cpu.core_i.id_stage_i.register_file_i._8364_/D : -5.964774
[setup reg-reg] i_soc.i_cpu.core_i.id_stage_i._3685_/Q -> i_soc.i_cpu.core_i.id_stage_i.register_file_i._8273_/D : -5.964283
[setup reg-reg] i_soc.i_cpu.core_i.id_stage_i._3685_/Q -> i_soc.i_cpu.core_i.id_stage_i.register_file_i._8451_/D : -5.962974
[setup reg-reg] i_soc.i_cpu.core_i.id_stage_i._3685_/Q -> i_soc.i_cpu.core_i.id_stage_i.register_file_i._8268_/D : -5.960960
[setup reg-reg] i_soc.i_cpu.core_i.id_stage_i._3685_/Q -> i_soc.i_cpu.core_i.id_stage_i.register_file_i._8482_/D : -5.960848
[setup reg-reg] i_soc.i_cpu.core_i.id_stage_i._3806_/Q -> i_soc.i_cpu.core_i.id_stage_i.register_file_i._8238_/D : -5.960473
[setup reg-reg] i_soc.i_cpu.core_i.id_stage_i._3806_/Q -> i_soc.i_cpu.core_i.id_stage_i.register_file_i._8218_/D : -5.960260
[setup reg-reg] i_soc.i_cpu.core_i.id_stage_i._3685_/Q -> i_soc.i_cpu.core_i.id_stage_i.register_file_i._8570_/D : -5.959239
[setup reg-reg] i_soc.i_cpu.core_i.id_stage_i._3806_/Q -> i_soc.i_cpu.core_i.id_stage_i.register_file_i._8987_/D : -5.959023
[setup reg-reg] i_soc.i_cpu.core_i.id_stage_i._3806_/Q -> i_soc.i_cpu.core_i.id_stage_i.register_file_i._8143_/D : -5.958750
[setup reg-reg] i_soc.i_cpu.core_i.id_stage_i._3685_/Q -> i_soc.i_cpu.core_i.id_stage_i.register_file_i._8369_/D : -5.958455
[setup reg-reg] i_soc.i_cpu.core_i.id_stage_i._3685_/Q -> i_soc.i_cpu.core_i.id_stage_i.register_file_i._8333_/D : -5.957850
[setup reg-reg] i_soc.i_cpu.core_i.id_stage_i._3685_/Q -> i_soc.i_cpu.core_i.id_stage_i.register_file_i._8631_/D : -5.957750
[setup reg-reg] i_soc.i_cpu.core_i.id_stage_i._3806_/Q -> i_soc.i_cpu.core_i.id_stage_i.register_file_i._8155_/D : -5.957196
[setup reg-reg] i_soc.i_cpu.core_i.id_stage_i._3806_/Q -> i_soc.i_cpu.core_i.id_stage_i.register_file_i._8411_/D : -5.957038
[setup reg-reg] i_soc.i_cpu.core_i.id_stage_i._3685_/Q -> i_soc.i_cpu.core_i.id_stage_i.register_file_i._8515_/D : -5.956343
[setup reg-reg] i_soc.i_cpu.core_i.id_stage_i._3685_/Q -> i_soc.i_cpu.core_i.id_stage_i.register_file_i._8514_/D : -5.954572
[setup reg-reg] i_soc.i_cpu.core_i.id_stage_i._3806_/Q -> i_soc.i_cpu.core_i.id_stage_i.register_file_i._8187_/D : -5.954544
[setup reg-reg] i_soc.i_cpu.core_i.id_stage_i._3806_/Q -> i_soc.i_cpu.core_i.id_stage_i.register_file_i._8539_/D : -5.953158
[setup reg-reg] i_soc.i_cpu.core_i.id_stage_i._3685_/Q -> i_soc.i_cpu.core_i.id_stage_i.register_file_i._8474_/D : -5.951689
[setup reg-reg] i_soc.i_cpu.core_i.id_stage_i._3806_/Q -> i_soc.i_cpu.core_i.id_stage_i.register_file_i._8403_/D : -5.950941
[setup reg-reg] i_soc.i_cpu.core_i.id_stage_i._3685_/Q -> i_soc.i_cpu.core_i.id_stage_i.register_file_i._8506_/D : -5.950914
[setup reg-reg] i_soc.i_cpu.core_i.id_stage_i._3806_/Q -> i_soc.i_cpu.core_i.id_stage_i.register_file_i._8733_/D : -5.949321
[setup reg-reg] i_soc.i_cpu.core_i.id_stage_i._3685_/Q -> i_soc.i_cpu.core_i.id_stage_i.register_file_i._8460_/D : -5.949175
[setup reg-reg] i_soc.i_cpu.core_i.id_stage_i._3685_/Q -> i_soc.i_cpu.core_i.id_stage_i.register_file_i._8337_/D : -5.948609
[setup reg-reg] i_soc.i_cpu.core_i.id_stage_i._3685_/Q -> i_soc.i_cpu.core_i.id_stage_i.register_file_i._8463_/D : -5.947865
[setup reg-reg] i_soc.i_cpu.core_i.id_stage_i._3685_/Q -> i_soc.i_cpu.core_i.id_stage_i.register_file_i._8300_/D : -5.946859
[setup reg-reg] i_soc.i_cpu.core_i.id_stage_i._3806_/Q -> i_soc.i_cpu.core_i.id_stage_i.register_file_i._8234_/D : -5.946547
[setup reg-reg] i_soc.i_cpu.core_i.id_stage_i._3806_/Q -> i_soc.i_cpu.core_i.id_stage_i.register_file_i._8295_/D : -5.945383
[setup reg-reg] i_soc.i_cpu.core_i.id_stage_i._3685_/Q -> i_soc.i_cpu.core_i.id_stage_i.register_file_i._8706_/D : -5.944942
[setup reg-reg] i_soc.i_cpu.core_i.id_stage_i._3685_/Q -> i_soc.i_cpu.core_i.id_stage_i.register_file_i._8332_/D : -5.943248
[setup reg-reg] i_soc.i_cpu.core_i.id_stage_i._3685_/Q -> i_soc.i_cpu.core_i.id_stage_i.register_file_i._8497_/D : -5.943129
[setup reg-reg] i_soc.i_cpu.core_i.id_stage_i._3685_/Q -> i_soc.i_cpu.core_i.id_stage_i.register_file_i._8685_/D : -5.940667
[setup reg-reg] i_soc.i_cpu.core_i.id_stage_i._3806_/Q -> i_soc.i_cpu.core_i.id_stage_i.register_file_i._8679_/D : -5.940141
[setup reg-reg] i_soc.i_cpu.core_i.id_stage_i._3685_/Q -> i_soc.i_cpu.core_i.id_stage_i.register_file_i._8365_/D : -5.939006
[setup reg-reg] i_soc.i_cpu.core_i.id_stage_i._3685_/Q -> i_soc.i_cpu.core_i.id_stage_i.register_file_i._8602_/D : -5.935675
[setup reg-reg] i_soc.i_cpu.core_i.id_stage_i._3685_/Q -> i_soc.i_cpu.core_i.id_stage_i.register_file_i._8571_/D : -5.932227
[setup reg-reg] i_soc.i_cpu.core_i.id_stage_i._3685_/Q -> i_soc.i_cpu.core_i.id_stage_i.register_file_i._8578_/D : -5.930314
[setup reg-reg] i_soc.i_cpu.core_i.id_stage_i._3685_/Q -> i_soc.i_cpu.core_i.id_stage_i.register_file_i._8450_/D : -5.928774
[setup reg-reg] i_soc.i_cpu.core_i.id_stage_i._3685_/Q -> i_soc.i_cpu.core_i.id_stage_i.register_file_i._8461_/D : -5.928257
[setup reg-reg] i_soc.i_cpu.core_i.id_stage_i._3685_/Q -> i_soc.i_cpu.core_i.id_stage_i.register_file_i._8610_/D : -5.926161
[setup reg-reg] i_soc.i_cpu.core_i.id_stage_i._3681_/Q -> i_soc.i_cpu.core_i.id_stage_i._3779_/D : -5.925795
[setup reg-reg] i_soc.i_cpu.core_i.id_stage_i._3685_/Q -> i_soc.i_cpu.core_i.id_stage_i.register_file_i._8424_/D : -5.925612
[setup reg-reg] i_soc.i_cpu.core_i.id_stage_i._3681_/Q -> i_soc.i_cpu.core_i.id_stage_i._3777_/D : -5.925559
[setup reg-reg] i_soc.i_cpu.core_i.id_stage_i._3685_/Q -> i_soc.i_cpu.core_i.id_stage_i.register_file_i._8599_/D : -5.924454
[setup reg-reg] i_soc.i_cpu.core_i.id_stage_i._3681_/Q -> i_soc.i_cpu.core_i.id_stage_i._3780_/D : -5.922592
[setup reg-reg] i_soc.i_cpu.core_i.id_stage_i._3685_/Q -> i_soc.i_cpu.core_i.id_stage_i.register_file_i._8427_/D : -5.921450
[setup reg-reg] i_soc.i_cpu.core_i.id_stage_i._3685_/Q -> i_soc.i_cpu.core_i.id_stage_i.register_file_i._8404_/D : -5.918590
[setup reg-reg] i_soc.i_cpu.core_i.id_stage_i._3685_/Q -> i_soc.i_cpu.core_i.id_stage_i.register_file_i._8621_/D : -5.913842
[setup reg-reg] i_soc.i_cpu.core_i.id_stage_i._3685_/Q -> i_soc.i_cpu.core_i.id_stage_i.register_file_i._8305_/D : -5.911366
[setup reg-reg] i_soc.i_qspi._21558_/Q -> i_soc.i_qspi._21526_/D : -5.911122
[setup reg-reg] i_soc.i_cpu.core_i.id_stage_i._3685_/Q -> i_soc.i_cpu.core_i.id_stage_i.register_file_i._8465_/D : -5.910906
[setup reg-reg] i_soc.i_cpu.core_i.id_stage_i._3806_/Q -> i_soc.i_cpu.core_i.id_stage_i.register_file_i._8418_/D : -5.910534
[setup reg-reg] i_soc.i_cpu.core_i.id_stage_i._3685_/Q -> i_soc.i_cpu.core_i.id_stage_i.register_file_i._8642_/D : -5.906069
[setup reg-reg] i_soc.i_cpu.core_i.id_stage_i._3806_/Q -> i_soc.i_cpu.core_i.id_stage_i.register_file_i._8736_/D : -5.905547
[setup reg-reg] i_soc.i_cpu.core_i.id_stage_i._3681_/Q -> i_soc.i_cpu.core_i.if_stage_i._890_/D : -5.904234
[setup reg-reg] i_soc.i_cpu.core_i.id_stage_i._3681_/Q -> i_soc.i_cpu.core_i.if_stage_i._889_/D : -5.903887
[setup reg-reg] i_soc.i_cpu.core_i.id_stage_i._3681_/Q -> i_soc.i_cpu.core_i.if_stage_i._888_/D : -5.902408
[setup reg-reg] i_soc.i_cpu.core_i.id_stage_i._3806_/Q -> i_soc.i_cpu.core_i.id_stage_i.register_file_i._8419_/D : -5.902397
[setup reg-reg] i_soc.i_cpu.core_i.id_stage_i._3685_/Q -> i_soc.i_cpu.core_i.id_stage_i.register_file_i._8061_/D : -5.897125
[setup reg-reg] i_soc.i_cpu.core_i.id_stage_i._3806_/Q -> i_soc.i_cpu.core_i.id_stage_i.register_file_i._8432_/D : -5.896547
[setup reg-reg] i_soc.i_cpu.core_i.id_stage_i._3685_/Q -> i_soc.i_cpu.core_i.id_stage_i.register_file_i._8532_/D : -5.895691
[setup reg-reg] i_soc.i_cpu.core_i.id_stage_i._3806_/Q -> i_soc.i_cpu.core_i.id_stage_i.register_file_i._8559_/D : -5.894061
[setup reg-reg] i_soc.i_cpu.core_i.id_stage_i._3681_/Q -> i_soc.i_cpu.core_i.if_stage_i._892_/D : -5.890933
[setup reg-reg] i_soc.i_cpu.core_i.id_stage_i._3685_/Q -> i_soc.i_cpu.core_i.id_stage_i.register_file_i._8548_/D : -5.890764
[setup reg-reg] i_soc.i_cpu.core_i.id_stage_i._3685_/Q -> i_soc.i_cpu.core_i.id_stage_i.register_file_i._8623_/D : -5.889881
[setup reg-reg] i_soc.i_cpu.core_i.id_stage_i._3681_/Q -> i_soc.i_cpu.core_i.if_stage_i._883_/D : -5.886714
[setup reg-reg] i_soc.i_cpu.core_i.id_stage_i._3681_/Q -> i_soc.i_cpu.core_i.if_stage_i._886_/D : -5.885909
[setup reg-reg] i_soc.i_cpu.core_i.id_stage_i._3685_/Q -> i_soc.i_cpu.core_i.id_stage_i.register_file_i._8496_/D : -5.884223
[setup reg-reg] i_soc.i_cpu.core_i.id_stage_i._3685_/Q -> i_soc.i_cpu.core_i.id_stage_i.register_file_i._8555_/D : -5.883722
[setup reg-reg] i_soc.i_cpu.core_i.id_stage_i._3806_/Q -> i_soc.i_cpu.core_i.id_stage_i.register_file_i._8558_/D : -5.882788
[setup reg-reg] i_soc.i_cpu.core_i.id_stage_i._3685_/Q -> i_soc.i_cpu.core_i.id_stage_i.register_file_i._8528_/D : -5.882129
[setup reg-reg] i_soc.i_cpu.core_i.id_stage_i._3806_/Q -> i_soc.i_cpu.core_i.id_stage_i.register_file_i._8560_/D : -5.879201
[setup reg-reg] i_soc.i_cpu.core_i.id_stage_i._3685_/Q -> i_soc.i_cpu.core_i.id_stage_i.register_file_i._8592_/D : -5.876276
[setup reg-reg] i_soc.i_cpu.core_i.id_stage_i._3806_/Q -> i_soc.i_cpu.core_i.id_stage_i.register_file_i._8407_/D : -5.876171
[setup reg-reg] i_soc.i_cpu.core_i.id_stage_i._3685_/Q -> i_soc.i_cpu.core_i.id_stage_i.register_file_i._8437_/D : -5.874203
[setup reg-reg] i_soc.i_cpu.core_i.id_stage_i._3685_/Q -> i_soc.i_cpu.core_i.id_stage_i.register_file_i._8565_/D : -5.871332
[setup reg-reg] i_soc.i_cpu.core_i.id_stage_i._3806_/Q -> i_soc.i_cpu.core_i.id_stage_i.register_file_i._8531_/D : -5.870934
[setup reg-reg] i_soc.i_cpu.core_i.id_stage_i._3681_/Q -> i_soc.i_cpu.core_i.if_stage_i._893_/D : -5.867950
[setup reg-reg] i_soc.i_cpu.core_i.id_stage_i._3685_/Q -> i_soc.i_cpu.core_i.id_stage_i.register_file_i._8624_/D : -5.867857
[setup reg-reg] i_soc.i_cpu.core_i.id_stage_i._3685_/Q -> i_soc.i_cpu.core_i.id_stage_i.register_file_i._8693_/D : -5.867726
[setup reg-reg] i_soc.i_cpu.core_i.id_stage_i._3685_/Q -> i_soc.i_cpu.core_i.id_stage_i.register_file_i._8720_/D : -5.867570
[setup reg-reg] i_soc.i_cpu.core_i.id_stage_i._3685_/Q -> i_soc.i_cpu.core_i.id_stage_i.register_file_i._8815_/D : -5.864571
[setup reg-reg] i_soc.i_cpu.core_i.id_stage_i._3685_/Q -> i_soc.i_cpu.core_i.id_stage_i.register_file_i._8753_/D : -5.862225
[setup reg-reg] i_soc.i_cpu.core_i.id_stage_i._3806_/Q -> i_soc.i_cpu.core_i.id_stage_i.register_file_i._8426_/D : -5.862187
[setup reg-reg] i_soc.i_cpu.core_i.id_stage_i._3681_/Q -> i_soc.i_cpu.core_i.if_stage_i._891_/D : -5.861022
[setup reg-reg] i_soc.i_cpu.core_i.id_stage_i._3685_/Q -> i_soc.i_cpu.core_i.id_stage_i.register_file_i._8351_/D : -5.860853
[setup reg-reg] i_soc.i_cpu.core_i.id_stage_i._3685_/Q -> i_soc.i_cpu.core_i.id_stage_i.register_file_i._8287_/D : -5.856068
[setup reg-reg] i_soc.i_ai_accel._23461_/Q -> i_soc.i_ai_accel._23506_/D : -5.855686
[setup reg-reg] i_soc.i_cpu.core_i.id_stage_i._3685_/Q -> i_soc.i_cpu.core_i.id_stage_i.register_file_i._8255_/D : -5.854988
[setup reg-reg] i_soc.i_cpu.core_i.id_stage_i._3685_/Q -> i_soc.i_cpu.core_i.id_stage_i.register_file_i._8813_/D : -5.854464
[setup reg-reg] i_soc.i_cpu.core_i.id_stage_i._3685_/Q -> i_soc.i_cpu.core_i.id_stage_i.register_file_i._8591_/D : -5.854249
[setup reg-reg] i_soc.i_cpu.core_i.id_stage_i._3685_/Q -> i_soc.i_cpu.core_i.id_stage_i.register_file_i._8511_/D : -5.851639
[setup reg-reg] i_soc.i_cpu.core_i.id_stage_i._3685_/Q -> i_soc.i_cpu.core_i.id_stage_i.register_file_i._8527_/D : -5.850654
[setup reg-reg] i_soc.i_cpu.core_i.id_stage_i._3685_/Q -> i_soc.i_cpu.core_i.id_stage_i.register_file_i._8319_/D : -5.849943
[setup reg-reg] i_soc.i_cpu.core_i.id_stage_i._3681_/Q -> i_soc.i_cpu.core_i.if_stage_i._885_/D : -5.849511
[setup reg-reg] i_soc.i_cpu.core_i.id_stage_i._3806_/Q -> i_soc.i_cpu.core_i.id_stage_i.register_file_i._8249_/D : -5.845973
[setup reg-reg] i_soc.i_cpu.core_i.id_stage_i._3685_/Q -> i_soc.i_cpu.core_i.id_stage_i.register_file_i._8707_/D : -5.845884
[setup reg-reg] i_soc.i_cpu.core_i.id_stage_i._3685_/Q -> i_soc.i_cpu.core_i.id_stage_i.register_file_i._8094_/D : -5.845685
[setup reg-reg] i_soc.i_cpu.core_i.id_stage_i._3681_/Q -> i_soc.i_cpu.core_i.if_stage_i._887_/D : -5.843793
[setup reg-reg] i_soc.i_cpu.core_i.id_stage_i._3685_/Q -> i_soc.i_cpu.core_i.id_stage_i.register_file_i._8248_/D : -5.842592
[setup reg-reg] i_soc.i_cpu.core_i.id_stage_i._3685_/Q -> i_soc.i_cpu.core_i.id_stage_i.register_file_i._8479_/D : -5.842264
[setup reg-reg] i_soc.i_cpu.core_i.id_stage_i._3685_/Q -> i_soc.i_cpu.core_i.id_stage_i.register_file_i._8854_/D : -5.841042
[setup reg-reg] i_soc.i_cpu.core_i.id_stage_i._3685_/Q -> i_soc.i_cpu.core_i.id_stage_i.register_file_i._8382_/D : -5.838981
[setup reg-reg] i_soc.i_cpu.core_i.id_stage_i._3681_/Q -> i_soc.i_cpu.core_i.if_stage_i._884_/D : -5.837423
[setup reg-reg] i_soc.i_cpu.core_i.id_stage_i._3806_/Q -> i_soc.i_cpu.core_i.id_stage_i.register_file_i._8430_/D : -5.836496
[setup reg-reg] i_soc.i_cpu.core_i.id_stage_i._3806_/Q -> i_soc.i_cpu.core_i.id_stage_i.register_file_i._8554_/D : -5.835007
[setup reg-reg] i_soc.i_cpu.core_i.id_stage_i._3685_/Q -> i_soc.i_cpu.core_i.id_stage_i.register_file_i._8700_/D : -5.833535
[setup reg-reg] i_soc.i_cpu.core_i.id_stage_i._3685_/Q -> i_soc.i_cpu.core_i.id_stage_i.register_file_i._8508_/D : -5.831604
[setup reg-reg] i_soc.i_cpu.core_i.id_stage_i._3806_/Q -> i_soc.i_cpu.core_i.id_stage_i.register_file_i._8345_/D : -5.831375
[setup reg-reg] i_soc.i_cpu.core_i.id_stage_i._3806_/Q -> i_soc.i_cpu.core_i.id_stage_i.register_file_i._8281_/D : -5.831071
[setup reg-reg] i_soc.i_cpu.core_i.id_stage_i._3806_/Q -> i_soc.i_cpu.core_i.id_stage_i.register_file_i._8274_/D : -5.830897
[setup reg-reg] i_soc.i_cpu.core_i.id_stage_i._3685_/Q -> i_soc.i_cpu.core_i.id_stage_i.register_file_i._8886_/D : -5.830838
[setup reg-reg] i_soc.i_cpu.core_i.id_stage_i._3685_/Q -> i_soc.i_cpu.core_i.id_stage_i.register_file_i._8918_/D : -5.830728
[setup reg-reg] i_soc.i_cpu.core_i.id_stage_i._3685_/Q -> i_soc.i_cpu.core_i.id_stage_i.register_file_i._8476_/D : -5.830547
[setup reg-reg] i_soc.i_cpu.core_i.id_stage_i._3685_/Q -> i_soc.i_cpu.core_i.id_stage_i.register_file_i._8280_/D : -5.827339
[setup reg-reg] i_soc.i_cpu.core_i.id_stage_i._3806_/Q -> i_soc.i_cpu.core_i.id_stage_i.register_file_i._8313_/D : -5.823681
[setup reg-reg] i_soc.i_cpu.core_i.id_stage_i._3806_/Q -> i_soc.i_cpu.core_i.id_stage_i.register_file_i._8242_/D : -5.823013
[setup reg-reg] i_soc.i_cpu.core_i.id_stage_i._3685_/Q -> i_soc.i_cpu.core_i.id_stage_i.register_file_i._8648_/D : -5.821013
[setup reg-reg] i_soc.i_cpu.core_i.id_stage_i._3685_/Q -> i_soc.i_cpu.core_i.id_stage_i.register_file_i._8483_/D : -5.820219
[setup reg-reg] i_soc.i_cpu.core_i.id_stage_i._3685_/Q -> i_soc.i_cpu.core_i.id_stage_i.register_file_i._8524_/D : -5.819745
[setup reg-reg] i_soc.i_cpu.core_i.id_stage_i._3806_/Q -> i_soc.i_cpu.core_i.id_stage_i.register_file_i._8405_/D : -5.818812
[setup reg-reg] i_soc.i_cpu.core_i.id_stage_i._3685_/Q -> i_soc.i_cpu.core_i.id_stage_i.register_file_i._8492_/D : -5.817821
[setup reg-reg] i_soc.i_cpu.core_i.id_stage_i._3685_/Q -> i_soc.i_cpu.core_i.id_stage_i.register_file_i._8716_/D : -5.817343
[setup reg-reg] i_soc.i_cpu.core_i.id_stage_i._3685_/Q -> i_soc.i_cpu.core_i.id_stage_i.register_file_i._8829_/D : -5.815832
[setup reg-reg] i_soc.i_cpu.core_i.id_stage_i._3685_/Q -> i_soc.i_cpu.core_i.id_stage_i.register_file_i._8493_/D : -5.815497
[setup reg-reg] i_soc.i_cpu.core_i.id_stage_i._3806_/Q -> i_soc.i_cpu.core_i.id_stage_i.register_file_i._8535_/D : -5.815331
[setup reg-reg] i_soc.i_cpu.core_i.id_stage_i._3685_/Q -> i_soc.i_cpu.core_i.id_stage_i.register_file_i._8588_/D : -5.815261
[setup reg-reg] i_soc.i_cpu.core_i.id_stage_i._3685_/Q -> i_soc.i_cpu.core_i.id_stage_i.register_file_i._8572_/D : -5.814973
[setup reg-reg] i_soc.i_cpu.core_i.id_stage_i._3685_/Q -> i_soc.i_cpu.core_i.id_stage_i.register_file_i._8652_/D : -5.813838
[setup reg-reg] i_soc.i_cpu.core_i.id_stage_i._3685_/Q -> i_soc.i_cpu.core_i.id_stage_i.register_file_i._8647_/D : -5.813446
[setup reg-reg] i_soc.i_cpu.core_i.id_stage_i._3685_/Q -> i_soc.i_cpu.core_i.id_stage_i.register_file_i._8495_/D : -5.812950
[setup reg-reg] i_soc.i_cpu.core_i.id_stage_i._3681_/Q -> i_soc.i_cpu.core_i.if_stage_i.aligner_i._874_/D : -5.811911
[setup reg-reg] i_soc.i_cpu.core_i.id_stage_i._3806_/Q -> i_soc.i_cpu.core_i.id_stage_i.register_file_i._8533_/D : -5.811668
[setup reg-reg] i_soc.i_cpu.core_i.id_stage_i._3806_/Q -> i_soc.i_cpu.core_i.id_stage_i.register_file_i._8925_/D : -5.803779
[setup reg-reg] i_soc.i_cpu.core_i.id_stage_i._3806_/Q -> i_soc.i_cpu.core_i.id_stage_i.register_file_i._8431_/D : -5.803651
[setup reg-reg] i_soc.i_ai_accel._23251_/Q -> i_soc.i_ai_accel._23041_/D : -5.803097
[setup reg-reg] i_soc.i_cpu.core_i.id_stage_i._3806_/Q -> i_soc.i_cpu.core_i.id_stage_i.register_file_i._8410_/D : -5.799430
[setup reg-reg] i_soc.i_cpu.core_i.id_stage_i._3685_/Q -> i_soc.i_cpu.core_i.id_stage_i.register_file_i._8525_/D : -5.797992
[setup reg-reg] i_soc.i_cpu.core_i.id_stage_i._3806_/Q -> i_soc.i_cpu.core_i.id_stage_i.register_file_i._8338_/D : -5.796780
[setup reg-reg] i_soc.i_cpu.core_i.id_stage_i._3685_/Q -> i_soc.i_cpu.core_i.id_stage_i.register_file_i._8717_/D : -5.793822
[setup reg-reg] i_soc.i_cpu.core_i.id_stage_i._3685_/Q -> i_soc.i_cpu.core_i.id_stage_i.register_file_i._8703_/D : -5.793471
[setup reg-reg] i_soc.i_cpu.core_i.id_stage_i._3806_/Q -> i_soc.i_cpu.core_i.id_stage_i.register_file_i._8737_/D : -5.792188
[setup reg-reg] i_soc.i_cpu.core_i.id_stage_i._3806_/Q -> i_soc.i_cpu.core_i.id_stage_i.register_file_i._8538_/D : -5.790476
[setup reg-reg] i_soc.i_cpu.core_i.id_stage_i._3685_/Q -> i_soc.i_cpu.core_i.id_stage_i.register_file_i._8771_/D : -5.789645
[setup reg-reg] i_soc.i_cpu.core_i.id_stage_i._3806_/Q -> i_soc.i_cpu.core_i.id_stage_i.register_file_i._8233_/D : -5.788161
[setup reg-reg] i_soc.i_cpu.core_i.id_stage_i._3685_/Q -> i_soc.i_cpu.core_i.id_stage_i.register_file_i._8487_/D : -5.786630
[setup reg-reg] i_soc.i_cpu.core_i.id_stage_i._3806_/Q -> i_soc.i_cpu.core_i.id_stage_i.register_file_i._8232_/D : -5.786328
[setup reg-reg] i_soc.i_cpu.core_i.id_stage_i._3806_/Q -> i_soc.i_cpu.core_i.id_stage_i.register_file_i._8551_/D : -5.785507
[setup reg-reg] i_soc.i_cpu.core_i.id_stage_i._3685_/Q -> i_soc.i_cpu.core_i.id_stage_i.register_file_i._8344_/D : -5.785474
[setup reg-reg] i_soc.i_cpu.core_i.id_stage_i._3806_/Q -> i_soc.i_cpu.core_i.id_stage_i.register_file_i._8223_/D : -5.785298
[setup reg-reg] i_soc.i_cpu.core_i.id_stage_i._3806_/Q -> i_soc.i_cpu.core_i.id_stage_i.register_file_i._8665_/D : -5.784573
[setup reg-reg] i_soc.i_cpu.core_i.id_stage_i._3685_/Q -> i_soc.i_cpu.core_i.id_stage_i.register_file_i._8653_/D : -5.784264
[setup reg-reg] i_soc.i_cpu.core_i.id_stage_i._3806_/Q -> i_soc.i_cpu.core_i.id_stage_i.register_file_i._8121_/D : -5.784022
[setup reg-reg] i_soc.i_cpu.core_i.id_stage_i._3806_/Q -> i_soc.i_cpu.core_i.id_stage_i.register_file_i._8306_/D : -5.783116
[setup reg-reg] i_soc.i_cpu.core_i.id_stage_i._3681_/Q -> i_soc.i_cpu.core_i.id_stage_i._4043_/D : -5.782758
[setup reg-reg] i_soc.i_cpu.core_i.id_stage_i._3685_/Q -> i_soc.i_cpu.core_i.id_stage_i.register_file_i._8604_/D : -5.781278
[setup reg-reg] i_soc.i_qspi._21558_/Q -> i_soc.i_qspi._17230_/D : -5.779002
[setup reg-reg] i_soc.i_cpu.core_i.id_stage_i._3685_/Q -> i_soc.i_cpu.core_i.id_stage_i.register_file_i._8455_/D : -5.776505
[setup reg-reg] i_soc.i_cpu.core_i.id_stage_i._3806_/Q -> i_soc.i_cpu.core_i.id_stage_i.register_file_i._8989_/D : -5.773968
[setup reg-reg] i_soc.i_cpu.core_i.id_stage_i._3806_/Q -> i_soc.i_cpu.core_i.id_stage_i.register_file_i._8115_/D : -5.771426
[setup reg-reg] i_soc.i_cpu.core_i.id_stage_i._3806_/Q -> i_soc.i_cpu.core_i.id_stage_i.register_file_i._8658_/D : -5.770756
[setup reg-reg] i_soc.i_cpu.core_i.id_stage_i._3806_/Q -> i_soc.i_cpu.core_i.id_stage_i.register_file_i._8540_/D : -5.768785
[setup reg-reg] i_soc.i_cpu.core_i.id_stage_i._3681_/Q -> i_soc.i_cpu.core_i.if_stage_i.aligner_i._899_/D : -5.767916
[setup reg-reg] i_soc.i_cpu.core_i.id_stage_i._3685_/Q -> i_soc.i_cpu.core_i.id_stage_i.register_file_i._8710_/D : -5.765944
[setup reg-reg] i_soc.i_cpu.core_i.id_stage_i._3685_/Q -> i_soc.i_cpu.core_i.id_stage_i.register_file_i._8632_/D : -5.764651
[setup reg-reg] i_soc.i_cpu.core_i.id_stage_i._3806_/Q -> i_soc.i_cpu.core_i.id_stage_i.register_file_i._8412_/D : -5.764312
[setup reg-reg] i_soc.i_cpu.core_i.id_stage_i._3681_/Q -> i_soc.i_cpu.core_i.if_stage_i.aligner_i._909_/D : -5.764193
[setup reg-reg] i_soc.i_cpu.core_i.id_stage_i._3685_/Q -> i_soc.i_cpu.core_i.id_stage_i.register_file_i._8529_/D : -5.763649
[setup reg-reg] i_soc.i_cpu.core_i.id_stage_i._3806_/Q -> i_soc.i_cpu.core_i.id_stage_i.register_file_i._8879_/D : -5.763068
[setup reg-reg] i_soc.i_cpu.core_i.id_stage_i._3681_/Q -> i_soc.i_cpu.core_i.if_stage_i.aligner_i._898_/D : -5.761384
[setup reg-reg] i_soc.i_cpu.core_i.id_stage_i._3681_/Q -> i_soc.i_cpu.core_i.if_stage_i.aligner_i._904_/D : -5.761313
[setup reg-reg] i_soc.i_cpu.core_i.id_stage_i._3681_/Q -> i_soc.i_cpu.core_i.if_stage_i.aligner_i._901_/D : -5.757180
[setup reg-reg] i_soc.i_cpu.core_i.id_stage_i._3685_/Q -> i_soc.i_cpu.core_i.id_stage_i.register_file_i._8312_/D : -5.756963
[setup reg-reg] i_soc.i_cpu.core_i.id_stage_i._3685_/Q -> i_soc.i_cpu.core_i.id_stage_i.register_file_i._8111_/D : -5.756775
[setup reg-reg] i_soc.i_cpu.core_i.id_stage_i._3681_/Q -> i_soc.i_cpu.core_i.id_stage_i._4041_/D : -5.755249
[setup reg-reg] i_soc.i_cpu.core_i.id_stage_i._3681_/Q -> i_soc.i_cpu.core_i.if_stage_i.aligner_i._907_/D : -5.755095
[setup reg-reg] i_soc.i_cpu.core_i.id_stage_i._3685_/Q -> i_soc.i_cpu.core_i.id_stage_i.register_file_i._8589_/D : -5.754428
[setup reg-reg] i_soc.i_cpu.core_i.id_stage_i._3681_/Q -> i_soc.i_cpu.core_i.cs_registers_i._4125_/D : -5.753498
[setup reg-reg] i_soc.i_cpu.core_i.id_stage_i._3806_/Q -> i_soc.i_cpu.core_i.id_stage_i.register_file_i._8671_/D : -5.753375
[setup reg-reg] i_soc.i_qspi._21558_/Q -> i_soc.i_qspi._17223_/D : -5.753219
[setup reg-reg] i_soc.i_cpu.core_i.id_stage_i._3681_/Q -> i_soc.i_cpu.core_i.id_stage_i._4057_/D : -5.750652
[setup reg-reg] i_soc.i_cpu.core_i.id_stage_i._3806_/Q -> i_soc.i_cpu.core_i.id_stage_i.register_file_i._8129_/D : -5.749939
[setup reg-reg] i_soc.i_cpu.core_i.id_stage_i._3685_/Q -> i_soc.i_cpu.core_i.id_stage_i.register_file_i._8950_/D : -5.748867
[setup reg-reg] i_soc.i_cpu.core_i.id_stage_i._3681_/Q -> i_soc.i_cpu.core_i.id_stage_i._4063_/D : -5.748632
[setup reg-reg] i_soc.i_cpu.core_i.id_stage_i._3681_/Q -> i_soc.i_cpu.core_i.id_stage_i._4045_/D : -5.748133
[setup reg-reg] i_soc.i_cpu.core_i.id_stage_i._3681_/Q -> i_soc.i_cpu.core_i.if_stage_i.aligner_i._896_/D : -5.746849
[setup reg-reg] i_soc.i_cpu.core_i.id_stage_i._3685_/Q -> i_soc.i_cpu.core_i.id_stage_i.register_file_i._8620_/D : -5.746781
[setup reg-reg] i_soc.i_cpu.core_i.id_stage_i._3681_/Q -> i_soc.i_cpu.core_i.cs_registers_i._4129_/D : -5.745349
[setup reg-reg] i_soc.i_cpu.core_i.id_stage_i._3685_/Q -> i_soc.i_cpu.core_i.id_stage_i.register_file_i._8781_/D : -5.744608
[setup reg-reg] i_soc.i_cpu.core_i.id_stage_i._3806_/Q -> i_soc.i_cpu.core_i.id_stage_i.register_file_i._8731_/D : -5.743916
[setup reg-reg] i_soc.i_cpu.core_i.id_stage_i._3806_/Q -> i_soc.i_cpu.core_i.id_stage_i.register_file_i._8237_/D : -5.743667
[setup reg-reg] i_soc.i_cpu.core_i.id_stage_i._3681_/Q -> i_soc.i_cpu.core_i.cs_registers_i._4126_/D : -5.743502
[setup reg-reg] i_soc.i_cpu.core_i.id_stage_i._3681_/Q -> i_soc.i_cpu.core_i.id_stage_i._4064_/D : -5.742665
[setup reg-reg] i_soc.i_cpu.core_i.id_stage_i._3681_/Q -> i_soc.i_cpu.core_i.id_stage_i._4061_/D : -5.742583
[setup reg-reg] i_soc.i_cpu.core_i.id_stage_i._3681_/Q -> i_soc.i_cpu.core_i.if_stage_i.aligner_i._876_/D : -5.741674
[setup reg-reg] i_soc.i_cpu.core_i.id_stage_i._3681_/Q -> i_soc.i_cpu.core_i.cs_registers_i._4120_/D : -5.741635
[setup reg-reg] i_soc.i_cpu.core_i.id_stage_i._3806_/Q -> i_soc.i_cpu.core_i.id_stage_i.register_file_i._8207_/D : -5.740892
[setup reg-reg] i_soc.i_cpu.core_i.id_stage_i._3681_/Q -> i_soc.i_cpu.core_i.if_stage_i.aligner_i._892_/D : -5.740057
[setup reg-reg] i_soc.i_cpu.core_i.id_stage_i._3681_/Q -> i_soc.i_cpu.core_i.id_stage_i._4059_/D : -5.739350
[setup reg-reg] i_soc.i_cpu.core_i.id_stage_i._3806_/Q -> i_soc.i_cpu.core_i.id_stage_i.register_file_i._8975_/D : -5.739171
[setup reg-reg] i_soc.i_cpu.core_i.id_stage_i._3681_/Q -> i_soc.i_cpu.core_i.cs_registers_i._4123_/D : -5.738326
[setup reg-reg] i_soc.i_cpu.core_i.id_stage_i._3681_/Q -> i_soc.i_cpu.core_i.id_stage_i._4060_/D : -5.737798
[setup reg-reg] i_soc.i_cpu.core_i.id_stage_i._3685_/Q -> i_soc.i_cpu.core_i.id_stage_i.register_file_i._8597_/D : -5.737693
[setup reg-reg] i_soc.i_cpu.core_i.id_stage_i._3806_/Q -> i_soc.i_cpu.core_i.id_stage_i.register_file_i._8210_/D : -5.735739
[setup reg-reg] i_soc.i_cpu.core_i.id_stage_i._3685_/Q -> i_soc.i_cpu.core_i.id_stage_i.register_file_i._8469_/D : -5.734263
[setup reg-reg] i_soc.i_cpu.core_i.id_stage_i._3806_/Q -> i_soc.i_cpu.core_i.id_stage_i.register_file_i._8990_/D : -5.733489
[setup reg-reg] i_soc.i_cpu.core_i.id_stage_i._3685_/Q -> i_soc.i_cpu.core_i.id_stage_i.register_file_i._8501_/D : -5.732369
[setup reg-reg] i_soc.i_cpu.core_i.id_stage_i._3681_/Q -> i_soc.i_cpu.core_i.id_stage_i._4065_/D : -5.730471
[setup reg-reg] i_soc.i_cpu.core_i.id_stage_i._3806_/Q -> i_soc.i_cpu.core_i.id_stage_i.register_file_i._9007_/D : -5.727673
[setup reg-reg] i_soc.i_cpu.core_i.id_stage_i._3681_/Q -> i_soc.i_cpu.core_i.id_stage_i._4053_/D : -5.725609
[setup reg-reg] i_soc.i_cpu.core_i.id_stage_i._3681_/Q -> i_soc.i_cpu.core_i.if_stage_i.aligner_i._905_/D : -5.724432
[setup reg-reg] i_soc.i_cpu.core_i.id_stage_i._3681_/Q -> i_soc.i_cpu.core_i.cs_registers_i._4121_/D : -5.722886
[setup reg-reg] i_soc.i_cpu.core_i.id_stage_i._3685_/Q -> i_soc.i_cpu.core_i.id_stage_i.register_file_i._8262_/D : -5.721960
[setup reg-reg] i_soc.i_cpu.core_i.id_stage_i._3685_/Q -> i_soc.i_cpu.core_i.id_stage_i.register_file_i._8583_/D : -5.720621
[setup reg-reg] i_soc.i_cpu.core_i.id_stage_i._3685_/Q -> i_soc.i_cpu.core_i.id_stage_i.register_file_i._8629_/D : -5.720379
[setup reg-reg] i_soc.i_cpu.core_i.id_stage_i._3685_/Q -> i_soc.i_cpu.core_i.id_stage_i.register_file_i._8059_/D : -5.720015
[setup reg-reg] i_soc.i_cpu.core_i.id_stage_i._3806_/Q -> i_soc.i_cpu.core_i.id_stage_i.register_file_i._9039_/D : -5.719937
[setup reg-reg] i_soc.i_cpu.core_i.id_stage_i._3681_/Q -> i_soc.i_cpu.core_i.if_stage_i.aligner_i._897_/D : -5.718683
[setup reg-reg] i_soc.i_cpu.core_i.id_stage_i._3681_/Q -> i_soc.i_cpu.core_i.if_stage_i.aligner_i._902_/D : -5.718434
[setup reg-reg] i_soc.i_cpu.core_i.id_stage_i._3681_/Q -> i_soc.i_cpu.core_i.id_stage_i._4051_/D : -5.717855
[setup reg-reg] i_soc.i_cpu.core_i.id_stage_i._3685_/Q -> i_soc.i_cpu.core_i.id_stage_i.register_file_i._8849_/D : -5.716917
[setup reg-reg] i_soc.i_qspi._21558_/Q -> i_soc.i_qspi._17224_/D : -5.715411
[setup reg-reg] i_soc.i_cpu.core_i.id_stage_i._3681_/Q -> i_soc.i_cpu.core_i.id_stage_i._4052_/D : -5.715066
[setup reg-reg] i_soc.i_cpu.core_i.id_stage_i._3685_/Q -> i_soc.i_cpu.core_i.id_stage_i.register_file_i._8740_/D : -5.714270
[setup reg-reg] i_soc.i_cpu.core_i.id_stage_i._3806_/Q -> i_soc.i_cpu.core_i.id_stage_i.register_file_i._8677_/D : -5.714167
[setup reg-reg] i_soc.i_cpu.core_i.id_stage_i._3681_/Q -> i_soc.i_cpu.core_i.id_stage_i._4035_/D : -5.713957
[setup reg-reg] i_soc.i_cpu.core_i.id_stage_i._3685_/Q -> i_soc.i_cpu.core_i.id_stage_i.register_file_i._8294_/D : -5.713828
[setup reg-reg] i_soc.i_cpu.core_i.id_stage_i._3681_/Q -> i_soc.i_cpu.core_i.if_stage_i.aligner_i._900_/D : -5.712595
[setup reg-reg] i_soc.i_cpu.core_i.id_stage_i._3806_/Q -> i_soc.i_cpu.core_i.id_stage_i.register_file_i._8241_/D : -5.712494
[setup reg-reg] i_soc.i_cpu.core_i.id_stage_i._3685_/Q -> i_soc.i_cpu.core_i.id_stage_i.register_file_i._8807_/D : -5.712162
[setup reg-reg] i_soc.i_cpu.core_i.id_stage_i._3685_/Q -> i_soc.i_cpu.core_i.id_stage_i.register_file_i._8401_/D : -5.712142
[setup reg-reg] i_soc.i_cpu.core_i.id_stage_i._3681_/Q -> i_soc.i_cpu.core_i.id_stage_i._4036_/D : -5.711874
[setup reg-reg] i_soc.i_cpu.core_i.id_stage_i._3681_/Q -> i_soc.i_cpu.core_i.id_stage_i._4066_/D : -5.711618
[setup reg-reg] i_soc.i_cpu.core_i.id_stage_i._3681_/Q -> i_soc.i_cpu.core_i.if_stage_i.aligner_i._908_/D : -5.711394
[setup reg-reg] i_soc.i_cpu.core_i.id_stage_i._3806_/Q -> i_soc.i_cpu.core_i.id_stage_i.register_file_i._8189_/D : -5.710705
[setup reg-reg] i_soc.i_cpu.core_i.id_stage_i._3681_/Q -> i_soc.i_cpu.core_i.cs_registers_i._4128_/D : -5.710357
[setup reg-reg] i_soc.i_cpu.core_i.id_stage_i._3685_/Q -> i_soc.i_cpu.core_i.id_stage_i.register_file_i._8326_/D : -5.709916
[setup reg-reg] i_soc.i_cpu.core_i.id_stage_i._3685_/Q -> i_soc.i_cpu.core_i.id_stage_i.register_file_i._8358_/D : -5.709618
[setup reg-reg] i_soc.i_cpu.core_i.id_stage_i._3685_/Q -> i_soc.i_cpu.core_i.id_stage_i.register_file_i._8068_/D : -5.708687
[setup reg-reg] i_soc.i_ai_accel._23251_/Q -> i_soc.i_ai_accel._23042_/D : -5.707339
[setup reg-reg] i_soc.i_cpu.core_i.id_stage_i._3681_/Q -> i_soc.i_cpu.core_i.id_stage_i._4042_/D : -5.707154
[setup reg-reg] i_soc.i_cpu.core_i.id_stage_i._3806_/Q -> i_soc.i_cpu.core_i.id_stage_i.register_file_i._8157_/D : -5.707067
[setup reg-reg] i_soc.i_cpu.core_i.id_stage_i._3806_/Q -> i_soc.i_cpu.core_i.id_stage_i.register_file_i._9021_/D : -5.706738
[setup reg-reg] i_soc.i_cpu.core_i.id_stage_i._3685_/Q -> i_soc.i_cpu.core_i.id_stage_i.register_file_i._8711_/D : -5.705997
[setup reg-reg] i_soc.i_cpu.core_i.id_stage_i._3681_/Q -> i_soc.i_cpu.core_i.if_stage_i.aligner_i._903_/D : -5.704960
[setup reg-reg] i_soc.i_cpu.core_i.id_stage_i._3685_/Q -> i_soc.i_cpu.core_i.id_stage_i.register_file_i._8447_/D : -5.704432
[setup reg-reg] i_soc.i_cpu.core_i.id_stage_i._3806_/Q -> i_soc.i_cpu.core_i.id_stage_i.register_file_i._9022_/D : -5.704342
[setup reg-reg] i_soc.i_cpu.core_i.id_stage_i._3681_/Q -> i_soc.i_cpu.core_i.if_stage_i.aligner_i._879_/D : -5.703319
[setup reg-reg] i_soc.i_cpu.core_i.id_stage_i._3685_/Q -> i_soc.i_cpu.core_i.id_stage_i.register_file_i._8575_/D : -5.702027
[setup reg-reg] i_soc.i_cpu.core_i.id_stage_i._3685_/Q -> i_soc.i_cpu.core_i.id_stage_i.register_file_i._8091_/D : -5.701360
[setup reg-reg] i_soc.i_cpu.core_i.id_stage_i._3681_/Q -> i_soc.i_cpu.core_i.if_stage_i.aligner_i._890_/D : -5.700898
[setup reg-reg] i_soc.i_qspi._21558_/Q -> i_soc.i_qspi._17229_/D : -5.698068
[setup reg-reg] i_soc.i_cpu.core_i.id_stage_i._3681_/Q -> i_soc.i_cpu.core_i.id_stage_i._4039_/D : -5.697814
[setup reg-reg] i_soc.i_cpu.core_i.id_stage_i._3681_/Q -> i_soc.i_cpu.core_i.if_stage_i.aligner_i._877_/D : -5.696864
[setup reg-reg] i_soc.i_cpu.core_i.id_stage_i._3681_/Q -> i_soc.i_cpu.core_i.if_stage_i.aligner_i._878_/D : -5.696523
[setup reg-reg] i_soc.i_cpu.core_i.id_stage_i._3806_/Q -> i_soc.i_cpu.core_i.id_stage_i.register_file_i._8240_/D : -5.696484
[setup reg-reg] i_soc.i_cpu.core_i.id_stage_i._3681_/Q -> i_soc.i_cpu.core_i.id_stage_i._4056_/D : -5.696448
[setup reg-reg] i_soc.i_cpu.core_i.id_stage_i._3806_/Q -> i_soc.i_cpu.core_i.id_stage_i.register_file_i._8739_/D : -5.696377
[setup reg-reg] i_soc.i_cpu.core_i.id_stage_i._3806_/Q -> i_soc.i_cpu.core_i.id_stage_i.register_file_i._8190_/D : -5.695812
[setup reg-reg] i_soc.i_cpu.core_i.id_stage_i._3806_/Q -> i_soc.i_cpu.core_i.id_stage_i.register_file_i._8862_/D : -5.693996
[setup reg-reg] i_soc.i_cpu.core_i.id_stage_i._3681_/Q -> i_soc.i_cpu.core_i.id_stage_i._4055_/D : -5.693467
[setup reg-reg] i_soc.i_qspi._21558_/Q -> i_soc.i_qspi._17237_/D : -5.693030
[setup reg-reg] i_soc.i_cpu.core_i.id_stage_i._3806_/Q -> i_soc.i_cpu.core_i.id_stage_i.register_file_i._8423_/D : -5.692568
[setup reg-reg] i_soc.i_cpu.core_i.id_stage_i._3681_/Q -> i_soc.i_cpu.core_i.cs_registers_i._4089_/D : -5.692455
[setup reg-reg] i_soc.i_cpu.core_i.id_stage_i._3806_/Q -> i_soc.i_cpu.core_i.id_stage_i.register_file_i._8158_/D : -5.692325
[setup reg-reg] i_soc.i_cpu.core_i.id_stage_i._3806_/Q -> i_soc.i_cpu.core_i.id_stage_i.register_file_i._8861_/D : -5.691583
[setup reg-reg] i_soc.i_cpu.core_i.id_stage_i._3681_/Q -> i_soc.i_cpu.core_i.if_stage_i.aligner_i._891_/D : -5.690153
[setup reg-reg] i_soc.i_cpu.core_i.id_stage_i._3685_/Q -> i_soc.i_cpu.core_i.id_stage_i.register_file_i._8392_/D : -5.688014
[setup reg-reg] i_soc.i_cpu.core_i.id_stage_i._3806_/Q -> i_soc.i_cpu.core_i.id_stage_i.register_file_i._8261_/D : -5.687813
[setup reg-reg] i_soc.i_cpu.core_i.id_stage_i._3685_/Q -> i_soc.i_cpu.core_i.id_stage_i.register_file_i._8616_/D : -5.687094
[setup reg-reg] i_soc.i_cpu.core_i.id_stage_i._3685_/Q -> i_soc.i_cpu.core_i.id_stage_i.register_file_i._8747_/D : -5.685770
[setup reg-reg] i_soc.i_cpu.core_i.id_stage_i._3685_/Q -> i_soc.i_cpu.core_i.id_stage_i.register_file_i._8051_/D : -5.685566
[setup reg-reg] i_soc.i_cpu.core_i.id_stage_i._3685_/Q -> i_soc.i_cpu.core_i.id_stage_i.register_file_i._8519_/D : -5.685260
[setup reg-reg] i_soc.i_cpu.core_i.id_stage_i._3685_/Q -> i_soc.i_cpu.core_i.id_stage_i.register_file_i._8678_/D : -5.685026
[setup reg-reg] i_soc.i_cpu.core_i.id_stage_i._3685_/Q -> i_soc.i_cpu.core_i.id_stage_i.register_file_i._8132_/D : -5.684166
[setup reg-reg] i_soc.i_cpu.core_i.id_stage_i._3806_/Q -> i_soc.i_cpu.core_i.id_stage_i.register_file_i._8175_/D : -5.683957
[setup reg-reg] i_soc.i_cpu.core_i.id_stage_i._3806_/Q -> i_soc.i_cpu.core_i.id_stage_i.register_file_i._8926_/D : -5.683859
[setup reg-reg] i_soc.i_cpu.core_i.id_stage_i._3685_/Q -> i_soc.i_cpu.core_i.id_stage_i.register_file_i._8440_/D : -5.683577
[setup reg-reg] i_soc.i_cpu.core_i.id_stage_i._3681_/Q -> i_soc.i_cpu.core_i.id_stage_i._4062_/D : -5.682212
[setup reg-reg] i_soc.i_cpu.core_i.id_stage_i._3685_/Q -> i_soc.i_cpu.core_i.id_stage_i.register_file_i._8664_/D : -5.681774
[setup reg-reg] i_soc.i_cpu.core_i.id_stage_i._3681_/Q -> i_soc.i_cpu.core_i.id_stage_i._4058_/D : -5.679981
[setup reg-reg] i_soc.i_cpu.core_i.id_stage_i._3681_/Q -> i_soc.i_cpu.core_i.id_stage_i._4044_/D : -5.678761
[setup reg-reg] i_soc.i_cpu.core_i.id_stage_i._3681_/Q -> i_soc.i_cpu.core_i.cs_registers_i._4086_/D : -5.678716
[setup reg-reg] i_soc.i_cpu.core_i.id_stage_i._3681_/Q -> i_soc.i_cpu.core_i.id_stage_i._4054_/D : -5.677832
[setup reg-reg] i_soc.i_cpu.core_i.id_stage_i._3685_/Q -> i_soc.i_cpu.core_i.id_stage_i.register_file_i._8584_/D : -5.676808
[setup reg-reg] i_soc.i_cpu.core_i.id_stage_i._3681_/Q -> i_soc.i_cpu.core_i.cs_registers_i._4091_/D : -5.675391
[setup reg-reg] i_soc.i_cpu.core_i.id_stage_i._3685_/Q -> i_soc.i_cpu.core_i.id_stage_i.register_file_i._8472_/D : -5.673508
[setup reg-reg] i_soc.i_cpu.core_i.id_stage_i._3806_/Q -> i_soc.i_cpu.core_i.id_stage_i.register_file_i._8130_/D : -5.673295
[setup reg-reg] i_soc.i_cpu.core_i.id_stage_i._3685_/Q -> i_soc.i_cpu.core_i.id_stage_i.register_file_i._8709_/D : -5.673146
[setup reg-reg] i_soc.i_cpu.core_i.id_stage_i._3685_/Q -> i_soc.i_cpu.core_i.id_stage_i.register_file_i._8504_/D : -5.672409
[setup reg-reg] i_soc.i_cpu.core_i.id_stage_i._3806_/Q -> i_soc.i_cpu.core_i.id_stage_i.register_file_i._8357_/D : -5.670971
[setup reg-reg] i_soc.i_cpu.core_i.id_stage_i._3685_/Q -> i_soc.i_cpu.core_i.id_stage_i.register_file_i._8742_/D : -5.667349
[setup reg-reg] i_soc.i_cpu.core_i.id_stage_i._3685_/Q -> i_soc.i_cpu.core_i.id_stage_i.register_file_i._8838_/D : -5.667207
[setup reg-reg] i_soc.i_cpu.core_i.id_stage_i._3681_/Q -> i_soc.i_cpu.core_i.id_stage_i._4038_/D : -5.665477
[setup reg-reg] i_soc.i_cpu.core_i.id_stage_i._3806_/Q -> i_soc.i_cpu.core_i.id_stage_i.register_file_i._8096_/D : -5.664392
[setup reg-reg] i_soc.i_cpu.core_i.id_stage_i._3806_/Q -> i_soc.i_cpu.core_i.id_stage_i.register_file_i._8325_/D : -5.664003
[setup reg-reg] i_soc.i_cpu.core_i.id_stage_i._3806_/Q -> i_soc.i_cpu.core_i.id_stage_i.register_file_i._8216_/D : -5.663937
[setup reg-reg] i_soc.i_cpu.core_i.id_stage_i._3681_/Q -> i_soc.i_cpu.core_i.id_stage_i._4040_/D : -5.658118
[setup reg-reg] i_soc.i_cpu.core_i.id_stage_i._3685_/Q -> i_soc.i_cpu.core_i.id_stage_i.register_file_i._8724_/D : -5.657187
[setup reg-reg] i_soc.i_cpu.core_i.id_stage_i._3685_/Q -> i_soc.i_cpu.core_i.id_stage_i.register_file_i._8390_/D : -5.656876
[setup reg-reg] i_soc.i_cpu.core_i.id_stage_i._3685_/Q -> i_soc.i_cpu.core_i.id_stage_i.register_file_i._8639_/D : -5.655931
[setup reg-reg] i_soc.i_cpu.core_i.id_stage_i._3681_/Q -> i_soc.i_cpu.core_i.cs_registers_i._4094_/D : -5.653073
[setup reg-reg] i_soc.i_cpu.core_i.id_stage_i._3685_/Q -> i_soc.i_cpu.core_i.id_stage_i.register_file_i._8556_/D : -5.651520
[setup reg-reg] i_soc.i_cpu.core_i.id_stage_i._3806_/Q -> i_soc.i_cpu.core_i.id_stage_i.register_file_i._8119_/D : -5.649328
[setup reg-reg] i_soc.i_cpu.core_i.id_stage_i._3685_/Q -> i_soc.i_cpu.core_i.id_stage_i.register_file_i._8381_/D : -5.648758
[setup reg-reg] i_soc.i_cpu.core_i.id_stage_i._3806_/Q -> i_soc.i_cpu.core_i.id_stage_i.register_file_i._8231_/D : -5.648334
[setup reg-reg] i_soc.i_cpu.core_i.id_stage_i._3685_/Q -> i_soc.i_cpu.core_i.id_stage_i.register_file_i._8607_/D : -5.647396
[setup reg-reg] i_soc.i_cpu.core_i.id_stage_i._3806_/Q -> i_soc.i_cpu.core_i.id_stage_i.register_file_i._8738_/D : -5.646054
[setup reg-reg] i_soc.i_cpu.core_i.id_stage_i._3685_/Q -> i_soc.i_cpu.core_i.id_stage_i.register_file_i._8428_/D : -5.645060
[setup reg-reg] i_soc.i_cpu.core_i.id_stage_i._3681_/Q -> i_soc.i_cpu.core_i.cs_registers_i._4087_/D : -5.644157
[setup reg-reg] i_soc.i_cpu.core_i.id_stage_i._3681_/Q -> i_soc.i_cpu.core_i.cs_registers_i._4092_/D : -5.642857
[setup reg-reg] i_soc.i_cpu.core_i.if_stage_i._865_/Q -> i_soc.i_boot_rom._484_/D : -5.642411
[setup reg-reg] i_soc.i_cpu.core_i.id_stage_i._3685_/Q -> i_soc.i_cpu.core_i.id_stage_i.register_file_i._8767_/D : -5.642201
[setup reg-reg] i_soc.i_cpu.core_i.id_stage_i._3685_/Q -> i_soc.i_cpu.core_i.id_stage_i.register_file_i._8799_/D : -5.641953
[setup reg-reg] i_soc.i_cpu.core_i.id_stage_i._3681_/Q -> i_soc.i_cpu.core_i.cs_registers_i._4132_/D : -5.639167
[setup reg-reg] i_soc.i_cpu.core_i.id_stage_i._3681_/Q -> i_soc.i_cpu.core_i.id_stage_i._3805_/D : -5.637219
[setup reg-reg] i_soc.i_cpu.core_i.id_stage_i._3806_/Q -> i_soc.i_cpu.core_i.id_stage_i.register_file_i._8124_/D : -5.637040
[setup reg-reg] i_soc.i_cpu.core_i.id_stage_i._3685_/Q -> i_soc.i_cpu.core_i.id_stage_i.register_file_i._8065_/D : -5.636606
[setup reg-reg] i_soc.i_cpu.core_i.id_stage_i._3681_/Q -> i_soc.i_cpu.core_i.cs_registers_i._4134_/D : -5.634655
[setup reg-reg] i_soc.i_cpu.core_i.id_stage_i._3685_/Q -> i_soc.i_cpu.core_i.id_stage_i.register_file_i._8329_/D : -5.632480
[setup reg-reg] i_soc.i_cpu.core_i.id_stage_i._3685_/Q -> i_soc.i_cpu.core_i.id_stage_i.register_file_i._8615_/D : -5.632473
[setup reg-reg] i_soc.i_cpu.core_i.id_stage_i._3685_/Q -> i_soc.i_cpu.core_i.id_stage_i.register_file_i._8600_/D : -5.630284
[setup reg-reg] i_soc.i_cpu.core_i.id_stage_i._3685_/Q -> i_soc.i_cpu.core_i.id_stage_i.register_file_i._8454_/D : -5.629774
[setup reg-reg] i_soc.i_cpu.core_i.id_stage_i._3806_/Q -> i_soc.i_cpu.core_i.id_stage_i.register_file_i._8723_/D : -5.628922
[setup reg-reg] i_soc.i_cpu.core_i.id_stage_i._3685_/Q -> i_soc.i_cpu.core_i.id_stage_i.register_file_i._8139_/D : -5.628428
[setup reg-reg] i_soc.i_cpu.core_i.id_stage_i._3685_/Q -> i_soc.i_cpu.core_i.id_stage_i.register_file_i._8792_/D : -5.628072
[setup reg-reg] i_soc.i_cpu.core_i.id_stage_i._3685_/Q -> i_soc.i_cpu.core_i.id_stage_i.register_file_i._8457_/D : -5.627285
[setup reg-reg] i_soc.i_cpu.core_i.id_stage_i._3806_/Q -> i_soc.i_cpu.core_i.id_stage_i.register_file_i._8752_/D : -5.625769
[setup reg-reg] i_soc.i_cpu.core_i.id_stage_i._3685_/Q -> i_soc.i_cpu.core_i.id_stage_i.register_file_i._8429_/D : -5.625195
[setup reg-reg] i_soc.i_cpu.core_i.id_stage_i._3685_/Q -> i_soc.i_cpu.core_i.id_stage_i.register_file_i._8265_/D : -5.625076
[setup reg-reg] i_soc.i_cpu.core_i.id_stage_i._3685_/Q -> i_soc.i_cpu.core_i.id_stage_i.register_file_i._8521_/D : -5.624914
[setup reg-reg] i_soc.i_cpu.core_i.id_stage_i._3685_/Q -> i_soc.i_cpu.core_i.id_stage_i.register_file_i._8293_/D : -5.624346
[setup reg-reg] i_soc.i_cpu.core_i.id_stage_i._3685_/Q -> i_soc.i_cpu.core_i.id_stage_i.register_file_i._8097_/D : -5.623649
[setup reg-reg] i_soc.i_cpu.core_i.id_stage_i._3685_/Q -> i_soc.i_cpu.core_i.id_stage_i.register_file_i._8116_/D : -5.623612
[setup reg-reg] i_soc.i_cpu.core_i.id_stage_i._3685_/Q -> i_soc.i_cpu.core_i.id_stage_i.register_file_i._8361_/D : -5.622539
[setup reg-reg] i_soc.i_cpu.core_i.id_stage_i._3806_/Q -> i_soc.i_cpu.core_i.id_stage_i.register_file_i._8371_/D : -5.622429
[setup reg-reg] i_soc.i_cpu.core_i.id_stage_i._3806_/Q -> i_soc.i_cpu.core_i.id_stage_i.register_file_i._8725_/D : -5.620107
[setup reg-reg] i_soc.i_cpu.core_i.id_stage_i._3685_/Q -> i_soc.i_cpu.core_i.id_stage_i.register_file_i._8075_/D : -5.619365
[setup reg-reg] i_soc.i_cpu.core_i.id_stage_i._3685_/Q -> i_soc.i_cpu.core_i.id_stage_i.register_file_i._8486_/D : -5.616404
[setup reg-reg] i_soc.i_cpu.core_i.id_stage_i._3685_/Q -> i_soc.i_cpu.core_i.id_stage_i.register_file_i._8696_/D : -5.611329
[setup reg-reg] i_soc.i_cpu.core_i.id_stage_i._3685_/Q -> i_soc.i_cpu.core_i.id_stage_i.register_file_i._8485_/D : -5.609120
[setup reg-reg] i_soc.i_cpu.core_i.id_stage_i._3685_/Q -> i_soc.i_cpu.core_i.id_stage_i.register_file_i._8433_/D : -5.602550
[setup reg-reg] i_soc.i_cpu.core_i.id_stage_i._3685_/Q -> i_soc.i_cpu.core_i.id_stage_i.register_file_i._8388_/D : -5.600818
[setup reg-reg] i_soc.i_cpu.core_i.id_stage_i._3806_/Q -> i_soc.i_cpu.core_i.id_stage_i.register_file_i._8144_/D : -5.598951
[setup reg-reg] i_soc.i_cpu.core_i.id_stage_i._3685_/Q -> i_soc.i_cpu.core_i.id_stage_i.register_file_i._8052_/D : -5.598848
[setup reg-reg] i_soc.i_cpu.core_i.id_stage_i._3806_/Q -> i_soc.i_cpu.core_i.id_stage_i.register_file_i._8229_/D : -5.596911
[setup reg-reg] i_soc.i_cpu.core_i.id_stage_i._3806_/Q -> i_soc.i_cpu.core_i.id_stage_i.register_file_i._8552_/D : -5.596347
[setup reg-reg] i_soc.i_cpu.core_i.id_stage_i._3806_/Q -> i_soc.i_cpu.core_i.id_stage_i.register_file_i._8131_/D : -5.593036
[setup reg-reg] i_soc.i_cpu.core_i.id_stage_i._3806_/Q -> i_soc.i_cpu.core_i.id_stage_i.register_file_i._8142_/D : -5.592959
[setup reg-reg] i_soc.i_cpu.core_i.id_stage_i._3685_/Q -> i_soc.i_cpu.core_i.id_stage_i.register_file_i._8760_/D : -5.592730
[setup reg-reg] i_soc.i_cpu.core_i.id_stage_i._3685_/Q -> i_soc.i_cpu.core_i.id_stage_i.register_file_i._8568_/D : -5.587948
[setup reg-reg] i_soc.i_cpu.core_i.id_stage_i._3806_/Q -> i_soc.i_cpu.core_i.id_stage_i.register_file_i._8409_/D : -5.587632
[setup reg-reg] i_soc.i_qspi._21558_/Q -> i_soc.i_qspi._17219_/D : -5.587216
[setup reg-reg] i_soc.i_cpu.core_i.id_stage_i._3806_/Q -> i_soc.i_cpu.core_i.id_stage_i.register_file_i._8118_/D : -5.586802
[setup reg-reg] i_soc.i_cpu.core_i.id_stage_i._3685_/Q -> i_soc.i_cpu.core_i.id_stage_i.register_file_i._8681_/D : -5.586495
[setup reg-reg] i_soc.i_cpu.core_i.id_stage_i._3806_/Q -> i_soc.i_cpu.core_i.id_stage_i.register_file_i._8746_/D : -5.585580
[setup reg-reg] i_soc.i_cpu.core_i.id_stage_i._3806_/Q -> i_soc.i_cpu.core_i.id_stage_i.register_file_i._8750_/D : -5.585219
[setup reg-reg] i_soc.i_cpu.core_i.id_stage_i._3685_/Q -> i_soc.i_cpu.core_i.id_stage_i.register_file_i._8518_/D : -5.576601
[setup reg-reg] i_soc.i_cpu.core_i.id_stage_i._3685_/Q -> i_soc.i_cpu.core_i.id_stage_i.register_file_i._8557_/D : -5.575752
[setup reg-reg] i_soc.i_cpu.core_i.id_stage_i._3806_/Q -> i_soc.i_cpu.core_i.id_stage_i.register_file_i._8537_/D : -5.575432
[setup reg-reg] i_soc.i_cpu.core_i.id_stage_i._3685_/Q -> i_soc.i_cpu.core_i.id_stage_i.register_file_i._8297_/D : -5.574242
[setup reg-reg] i_soc.i_cpu.core_i.id_stage_i._3806_/Q -> i_soc.i_cpu.core_i.id_stage_i.register_file_i._8751_/D : -5.571122
[setup reg-reg] i_soc.i_cpu.core_i.id_stage_i._3806_/Q -> i_soc.i_cpu.core_i.id_stage_i.register_file_i._8543_/D : -5.568620
[setup reg-reg] i_soc.i_cpu.core_i.id_stage_i._3685_/Q -> i_soc.i_cpu.core_i.id_stage_i.register_file_i._8055_/D : -5.563319
[setup reg-reg] i_soc.i_cpu.core_i.id_stage_i._3806_/Q -> i_soc.i_cpu.core_i.id_stage_i.register_file_i._8441_/D : -5.554815
[setup reg-reg] i_soc.i_cpu.core_i.id_stage_i._3685_/Q -> i_soc.i_cpu.core_i.id_stage_i.register_file_i._8100_/D : -5.551535
[setup reg-reg] i_soc.i_cpu.core_i.id_stage_i._3806_/Q -> i_soc.i_cpu.core_i.id_stage_i.register_file_i._8732_/D : -5.551316
[setup reg-reg] i_soc.i_cpu.core_i.id_stage_i._3806_/Q -> i_soc.i_cpu.core_i.id_stage_i.register_file_i._8402_/D : -5.549838
[setup reg-reg] i_soc.i_cpu.core_i.id_stage_i._3806_/Q -> i_soc.i_cpu.core_i.id_stage_i.register_file_i._8857_/D : -5.549316
[setup reg-reg] i_soc.i_cpu.core_i.id_stage_i._3806_/Q -> i_soc.i_cpu.core_i.id_stage_i.register_file_i._8415_/D : -5.548349
[setup reg-reg] i_soc.i_cpu.core_i.id_stage_i._3806_/Q -> i_soc.i_cpu.core_i.id_stage_i.register_file_i._8889_/D : -5.546820
[setup reg-reg] i_soc.i_cpu.core_i.id_stage_i._3806_/Q -> i_soc.i_cpu.core_i.id_stage_i.register_file_i._8953_/D : -5.546453
[setup reg-reg] i_soc.i_cpu.core_i.id_stage_i._3685_/Q -> i_soc.i_cpu.core_i.id_stage_i.register_file_i._8078_/D : -5.546360
[setup reg-reg] i_soc.i_cpu.core_i.id_stage_i._3806_/Q -> i_soc.i_cpu.core_i.id_stage_i.register_file_i._8921_/D : -5.545632
[setup reg-reg] i_soc.i_cpu.core_i.id_stage_i._3685_/Q -> i_soc.i_cpu.core_i.id_stage_i.register_file_i._8092_/D : -5.544100
[setup reg-reg] i_soc.i_ai_accel._23251_/Q -> i_soc.i_ai_accel._23043_/D : -5.543301
[setup reg-reg] i_soc.i_cpu.core_i.id_stage_i._3685_/Q -> i_soc.i_cpu.core_i.id_stage_i.register_file_i._8058_/D : -5.539285
[setup reg-reg] i_soc.i_cpu.core_i.id_stage_i._3806_/Q -> i_soc.i_cpu.core_i.id_stage_i.register_file_i._8883_/D : -5.538837
[setup reg-reg] i_soc.i_cpu.core_i.id_stage_i._3806_/Q -> i_soc.i_cpu.core_i.id_stage_i.register_file_i._8832_/D : -5.536370
[setup reg-reg] i_soc.i_cpu.core_i.id_stage_i._3685_/Q -> i_soc.i_cpu.core_i.id_stage_i.register_file_i._8645_/D : -5.536221
[setup reg-reg] i_soc.i_cpu.core_i.id_stage_i._3806_/Q -> i_soc.i_cpu.core_i.id_stage_i.register_file_i._8915_/D : -5.534858
[setup reg-reg] i_soc.i_cpu.core_i.id_stage_i._3806_/Q -> i_soc.i_cpu.core_i.id_stage_i.register_file_i._8153_/D : -5.532849
[setup reg-reg] i_soc.i_cpu.core_i.id_stage_i._3806_/Q -> i_soc.i_cpu.core_i.id_stage_i.register_file_i._8378_/D : -5.531219
[setup reg-reg] i_soc.i_cpu.core_i.id_stage_i._3685_/Q -> i_soc.i_cpu.core_i.id_stage_i.register_file_i._8613_/D : -5.530979
[setup reg-reg] i_soc.i_cpu.core_i.id_stage_i._3685_/Q -> i_soc.i_cpu.core_i.id_stage_i.register_file_i._8773_/D : -5.529790
[setup reg-reg] i_soc.i_cpu.core_i.id_stage_i._3685_/Q -> i_soc.i_cpu.core_i.id_stage_i.register_file_i._8090_/D : -5.529667
[setup reg-reg] i_soc.i_cpu.core_i.id_stage_i._3806_/Q -> i_soc.i_cpu.core_i.id_stage_i.register_file_i._8384_/D : -5.529277
[setup reg-reg] i_soc.i_cpu.core_i.id_stage_i._3685_/Q -> i_soc.i_cpu.core_i.id_stage_i.register_file_i._8581_/D : -5.528884
[setup reg-reg] i_soc.i_cpu.core_i.id_stage_i._3685_/Q -> i_soc.i_cpu.core_i.id_stage_i.register_file_i._8060_/D : -5.528330
[setup reg-reg] i_soc.i_cpu.core_i.id_stage_i._3685_/Q -> i_soc.i_cpu.core_i.id_stage_i.register_file_i._8098_/D : -5.528204
[setup reg-reg] i_soc.i_cpu.core_i.id_stage_i._3685_/Q -> i_soc.i_cpu.core_i.id_stage_i.register_file_i._8066_/D : -5.527280
[setup reg-reg] i_soc.i_cpu.core_i.id_stage_i._3681_/Q -> i_soc.i_cpu.core_i.if_stage_i.prefetch_buffer_i.fifo_i._225_/D : -5.527190
[setup reg-reg] i_soc.i_cpu.core_i.id_stage_i._3681_/Q -> i_soc.i_cpu.core_i.if_stage_i.prefetch_buffer_i.fifo_i._237_/D : -5.526074
[setup reg-reg] i_soc.i_cpu.core_i.id_stage_i._3806_/Q -> i_soc.i_cpu.core_i.id_stage_i.register_file_i._8947_/D : -5.524575
[setup reg-reg] i_soc.i_cpu.core_i.id_stage_i._3806_/Q -> i_soc.i_cpu.core_i.id_stage_i.register_file_i._8466_/D : -5.524068
[setup reg-reg] i_soc.i_cpu.core_i.id_stage_i._3806_/Q -> i_soc.i_cpu.core_i.id_stage_i.register_file_i._8147_/D : -5.521576
[setup reg-reg] i_soc.i_cpu.core_i.id_stage_i._3681_/Q -> i_soc.i_cpu.core_i.if_stage_i.prefetch_buffer_i.fifo_i._220_/D : -5.521077
[setup reg-reg] i_soc.i_cpu.core_i.id_stage_i._3685_/Q -> i_soc.i_cpu.core_i.id_stage_i.register_file_i._8730_/D : -5.520090
[setup reg-reg] i_soc.i_cpu.core_i.id_stage_i._3806_/Q -> i_soc.i_cpu.core_i.id_stage_i.register_file_i._8185_/D : -5.518711
[setup reg-reg] i_soc.i_cpu.core_i.id_stage_i._3806_/Q -> i_soc.i_cpu.core_i.id_stage_i.register_file_i._8179_/D : -5.518325
[setup reg-reg] i_soc.i_cpu.core_i.id_stage_i._3806_/Q -> i_soc.i_cpu.core_i.id_stage_i.register_file_i._8236_/D : -5.517262
[setup reg-reg] i_soc.i_cpu.core_i.id_stage_i._3685_/Q -> i_soc.i_cpu.core_i.id_stage_i.register_file_i._8074_/D : -5.513421
[setup reg-reg] i_soc.i_cpu.core_i.id_stage_i._3685_/Q -> i_soc.i_cpu.core_i.id_stage_i.register_file_i._8453_/D : -5.510766
[setup reg-reg] i_soc.i_cpu.core_i.id_stage_i._3806_/Q -> i_soc.i_cpu.core_i.id_stage_i.register_file_i._8122_/D : -5.510717
[setup reg-reg] i_soc.i_cpu.core_i.id_stage_i._3806_/Q -> i_soc.i_cpu.core_i.id_stage_i.register_file_i._9011_/D : -5.509872
[setup reg-reg] i_soc.i_cpu.core_i.id_stage_i._3685_/Q -> i_soc.i_cpu.core_i.id_stage_i.register_file_i._8385_/D : -5.509456
[setup reg-reg] i_soc.i_cpu.core_i.id_stage_i._3685_/Q -> i_soc.i_cpu.core_i.id_stage_i.register_file_i._8395_/D : -5.508955
[setup reg-reg] i_soc.i_cpu.core_i.id_stage_i._3685_/Q -> i_soc.i_cpu.core_i.id_stage_i.register_file_i._8408_/D : -5.505719
[setup reg-reg] i_soc.i_cpu.core_i.id_stage_i._3681_/Q -> i_soc.i_cpu.core_i.if_stage_i.prefetch_buffer_i.fifo_i._233_/D : -5.503299
[setup reg-reg] i_soc.i_cpu.core_i.id_stage_i._3681_/Q -> i_soc.i_cpu.core_i.if_stage_i.prefetch_buffer_i.fifo_i._234_/D : -5.503072
[setup reg-reg] i_soc.i_cpu.core_i.id_stage_i._3685_/Q -> i_soc.i_cpu.core_i.id_stage_i.register_file_i._8826_/D : -5.502542
[setup reg-reg] i_soc.i_cpu.core_i.id_stage_i._3681_/Q -> i_soc.i_cpu.core_i.if_stage_i.prefetch_buffer_i.fifo_i._218_/D : -5.501505
[setup reg-reg] i_soc.i_cpu.core_i.id_stage_i._3681_/Q -> i_soc.i_cpu.core_i.if_stage_i.prefetch_buffer_i.fifo_i._224_/D : -5.500438
[setup reg-reg] i_soc.i_cpu.core_i.id_stage_i._3681_/Q -> i_soc.i_cpu.core_i.if_stage_i.prefetch_buffer_i.fifo_i._238_/D : -5.499611
[setup reg-reg] i_soc.i_cpu.core_i.id_stage_i._3681_/Q -> i_soc.i_cpu.core_i.if_stage_i.prefetch_buffer_i.fifo_i._213_/D : -5.499402
[setup reg-reg] i_soc.i_cpu.core_i.id_stage_i._3681_/Q -> i_soc.i_cpu.core_i.if_stage_i.prefetch_buffer_i.fifo_i._221_/D : -5.499294
[setup reg-reg] i_soc.i_cpu.core_i.id_stage_i._3681_/Q -> i_soc.i_cpu.core_i.if_stage_i.prefetch_buffer_i.fifo_i._235_/D : -5.499084
[setup reg-reg] i_soc.i_cpu.core_i.id_stage_i._3681_/Q -> i_soc.i_cpu.core_i.if_stage_i.prefetch_buffer_i.fifo_i._230_/D : -5.498261
[setup reg-reg] i_soc.i_cpu.core_i.id_stage_i._3681_/Q -> i_soc.i_cpu.core_i.if_stage_i.prefetch_buffer_i.fifo_i._227_/D : -5.497949
[setup reg-reg] i_soc.i_cpu.core_i.id_stage_i._3685_/Q -> i_soc.i_cpu.core_i.id_stage_i.register_file_i._8823_/D : -5.496688
[setup reg-reg] i_soc.i_cpu.core_i.id_stage_i._3681_/Q -> i_soc.i_cpu.core_i.if_stage_i.prefetch_buffer_i.fifo_i._222_/D : -5.496674
[setup reg-reg] i_soc.i_cpu.core_i.id_stage_i._3685_/Q -> i_soc.i_cpu.core_i.id_stage_i.register_file_i._8489_/D : -5.495981
[setup reg-reg] i_soc.i_cpu.core_i.id_stage_i._3685_/Q -> i_soc.i_cpu.core_i.id_stage_i.register_file_i._8084_/D : -5.495549
[setup reg-reg] i_soc.i_cpu.core_i.id_stage_i._3681_/Q -> i_soc.i_cpu.core_i.if_stage_i.prefetch_buffer_i.fifo_i._232_/D : -5.493615
[setup reg-reg] i_soc.i_cpu.core_i.id_stage_i._3681_/Q -> i_soc.i_cpu.core_i.if_stage_i.prefetch_buffer_i.fifo_i._236_/D : -5.492920
[setup reg-reg] i_soc.i_cpu.core_i.id_stage_i._3685_/Q -> i_soc.i_cpu.core_i.id_stage_i.register_file_i._8809_/D : -5.492812
[setup reg-reg] i_soc.i_cpu.core_i.id_stage_i._3681_/Q -> i_soc.i_cpu.core_i.if_stage_i.prefetch_buffer_i.fifo_i._240_/D : -5.492353
[setup reg-reg] i_soc.i_cpu.core_i.id_stage_i._3681_/Q -> i_soc.i_cpu.core_i.if_stage_i.prefetch_buffer_i.fifo_i._231_/D : -5.492252
[setup reg-reg] i_soc.i_cpu.core_i.id_stage_i._3806_/Q -> i_soc.i_cpu.core_i.id_stage_i.register_file_i._8985_/D : -5.492053
[setup reg-reg] i_soc.i_cpu.core_i.id_stage_i._3685_/Q -> i_soc.i_cpu.core_i.id_stage_i.register_file_i._8375_/D : -5.491311
[setup reg-reg] i_soc.i_cpu.core_i.id_stage_i._3806_/Q -> i_soc.i_cpu.core_i.id_stage_i.register_file_i._8929_/D : -5.490636
[setup reg-reg] i_soc.i_cpu.core_i.id_stage_i._3681_/Q -> i_soc.i_cpu.core_i.if_stage_i.prefetch_buffer_i.fifo_i._208_/D : -5.490394
[setup reg-reg] i_soc.i_cpu.core_i.id_stage_i._3681_/Q -> i_soc.i_cpu.core_i.if_stage_i.prefetch_buffer_i.fifo_i._216_/D : -5.489819
[setup reg-reg] i_soc.i_cpu.core_i.id_stage_i._3681_/Q -> i_soc.i_cpu.core_i.if_stage_i.prefetch_buffer_i.fifo_i._223_/D : -5.488804
[setup reg-reg] i_soc.i_cpu.core_i.id_stage_i._3806_/Q -> i_soc.i_cpu.core_i.id_stage_i.register_file_i._8979_/D : -5.488028
[setup reg-reg] i_soc.i_cpu.core_i.id_stage_i._3806_/Q -> i_soc.i_cpu.core_i.id_stage_i.register_file_i._8897_/D : -5.487280
[setup reg-reg] i_soc.i_cpu.core_i.id_stage_i._3681_/Q -> i_soc.i_cpu.core_i.if_stage_i.prefetch_buffer_i.fifo_i._214_/D : -5.484370
[setup reg-reg] i_soc.i_cpu.core_i.id_stage_i._3681_/Q -> i_soc.i_cpu.core_i.if_stage_i.prefetch_buffer_i.fifo_i._215_/D : -5.484333
[setup reg-reg] i_soc.i_cpu.core_i.id_stage_i._3806_/Q -> i_soc.i_cpu.core_i.id_stage_i.register_file_i._9025_/D : -5.482153
[setup reg-reg] i_soc.i_cpu.core_i.id_stage_i._3806_/Q -> i_soc.i_cpu.core_i.id_stage_i.register_file_i._8865_/D : -5.481628
[setup reg-reg] i_soc.i_cpu.core_i.id_stage_i._3806_/Q -> i_soc.i_cpu.core_i.id_stage_i.register_file_i._8193_/D : -5.478693
[setup reg-reg] i_soc.i_cpu.core_i.id_stage_i._3681_/Q -> i_soc.i_cpu.core_i.if_stage_i.prefetch_buffer_i.fifo_i._211_/D : -5.478615
[setup reg-reg] i_soc.i_cpu.core_i.id_stage_i._3806_/Q -> i_soc.i_cpu.core_i.id_stage_i.register_file_i._8993_/D : -5.477516
[setup reg-reg] i_soc.i_cpu.core_i.id_stage_i._3806_/Q -> i_soc.i_cpu.core_i.id_stage_i.register_file_i._8057_/D : -5.477071
[setup reg-reg] i_soc.i_cpu.core_i.id_stage_i._3806_/Q -> i_soc.i_cpu.core_i.id_stage_i.register_file_i._8961_/D : -5.476069
[setup reg-reg] i_soc.i_cpu.core_i.id_stage_i._3685_/Q -> i_soc.i_cpu.core_i.id_stage_i.register_file_i._8517_/D : -5.475704
[setup reg-reg] i_soc.i_cpu.core_i.id_stage_i._3806_/Q -> i_soc.i_cpu.core_i.id_stage_i.register_file_i._8161_/D : -5.475421
[setup reg-reg] i_soc.i_cpu.core_i.id_stage_i._3806_/Q -> i_soc.i_cpu.core_i.id_stage_i.register_file_i._8968_/D : -5.475268
[setup reg-reg] i_soc.i_cpu.core_i.id_stage_i._3685_/Q -> i_soc.i_cpu.core_i.id_stage_i.register_file_i._8834_/D : -5.473387
[setup reg-reg] i_soc.i_cpu.core_i.id_stage_i._3681_/Q -> i_soc.i_cpu.core_i.if_stage_i._882_/D : -5.473110
[setup reg-reg] i_soc.i_cpu.core_i.id_stage_i._3806_/Q -> i_soc.i_cpu.core_i.id_stage_i.register_file_i._8743_/D : -5.470643
[setup reg-reg] i_soc.i_cpu.core_i.id_stage_i._3806_/Q -> i_soc.i_cpu.core_i.id_stage_i.register_file_i._8936_/D : -5.469160
[setup reg-reg] i_soc.i_cpu.core_i.id_stage_i._3685_/Q -> i_soc.i_cpu.core_i.id_stage_i.register_file_i._8819_/D : -5.464816
[setup reg-reg] i_soc.i_cpu.core_i.id_stage_i._3806_/Q -> i_soc.i_cpu.core_i.id_stage_i.register_file_i._8754_/D : -5.461782
[setup reg-reg] i_soc.i_cpu.core_i.id_stage_i._3806_/Q -> i_soc.i_cpu.core_i.id_stage_i.register_file_i._8690_/D : -5.460786
[setup reg-reg] i_soc.i_cpu.core_i.id_stage_i._3685_/Q -> i_soc.i_cpu.core_i.id_stage_i.register_file_i._8107_/D : -5.460406
[setup reg-reg] i_soc.i_cpu.core_i.id_stage_i._3806_/Q -> i_soc.i_cpu.core_i.id_stage_i.register_file_i._8994_/D : -5.459843
[setup reg-reg] i_soc.i_cpu.core_i.id_stage_i._3806_/Q -> i_soc.i_cpu.core_i.id_stage_i.register_file_i._9026_/D : -5.458945
[setup reg-reg] i_soc.i_cpu.core_i.id_stage_i._3806_/Q -> i_soc.i_cpu.core_i.id_stage_i.register_file_i._8162_/D : -5.458885
[setup reg-reg] i_soc.i_cpu.core_i.id_stage_i._3806_/Q -> i_soc.i_cpu.core_i.id_stage_i.register_file_i._8117_/D : -5.458693
[setup reg-reg] i_soc.i_cpu.core_i.id_stage_i._3806_/Q -> i_soc.i_cpu.core_i.id_stage_i.register_file_i._9000_/D : -5.457645
[setup reg-reg] i_soc.i_cpu.core_i.id_stage_i._3806_/Q -> i_soc.i_cpu.core_i.id_stage_i.register_file_i._8194_/D : -5.456839
[setup reg-reg] i_soc.i_cpu.core_i.id_stage_i._3810_/Q -> i_soc.i_boot_rom._475_/D : -5.454931
[setup reg-reg] i_soc.i_cpu.core_i.id_stage_i._3806_/Q -> i_soc.i_cpu.core_i.id_stage_i.register_file_i._8530_/D : -5.453997
[setup reg-reg] i_soc.i_cpu.core_i.id_stage_i._3806_/Q -> i_soc.i_cpu.core_i.id_stage_i.register_file_i._8633_/D : -5.453432
[setup reg-reg] i_soc.i_cpu.core_i.id_stage_i._3806_/Q -> i_soc.i_cpu.core_i.id_stage_i.register_file_i._8547_/D : -5.452188
[setup reg-reg] i_soc.i_cpu.core_i.id_stage_i._3806_/Q -> i_soc.i_cpu.core_i.id_stage_i.register_file_i._8505_/D : -5.450904
[setup reg-reg] i_soc.i_cpu.core_i.id_stage_i._3806_/Q -> i_soc.i_cpu.core_i.id_stage_i.register_file_i._8473_/D : -5.450635
[setup reg-reg] i_soc.i_cpu.core_i.id_stage_i._3806_/Q -> i_soc.i_cpu.core_i.id_stage_i.register_file_i._8697_/D : -5.450135
[setup reg-reg] i_soc.i_cpu.core_i.id_stage_i._3685_/Q -> i_soc.i_cpu.core_i.id_stage_i.register_file_i._8791_/D : -5.450067
[setup reg-reg] i_soc.i_cpu.core_i.id_stage_i._3806_/Q -> i_soc.i_cpu.core_i.id_stage_i.register_file_i._9017_/D : -5.446982
[setup reg-reg] i_soc.i_cpu.core_i.id_stage_i._3806_/Q -> i_soc.i_cpu.core_i.id_stage_i.register_file_i._8932_/D : -5.446094
[setup reg-reg] i_soc.i_cpu.core_i.id_stage_i._3685_/Q -> i_soc.i_cpu.core_i.id_stage_i.register_file_i._8372_/D : -5.444925
[setup reg-reg] i_soc.i_cpu.core_i.id_stage_i._3685_/Q -> i_soc.i_cpu.core_i.id_stage_i.register_file_i._8422_/D : -5.442934
[setup reg-reg] i_soc.i_cpu.core_i.id_stage_i._3806_/Q -> i_soc.i_cpu.core_i.id_stage_i.register_file_i._8964_/D : -5.441310
[setup reg-reg] i_soc.i_cpu.core_i.id_stage_i._3806_/Q -> i_soc.i_cpu.core_i.id_stage_i.register_file_i._8181_/D : -5.437970
[setup reg-reg] i_soc.i_cpu.core_i.id_stage_i._3806_/Q -> i_soc.i_cpu.core_i.id_stage_i.register_file_i._8981_/D : -5.437254
[setup reg-reg] i_soc.i_cpu.core_i.id_stage_i._3685_/Q -> i_soc.i_cpu.core_i.id_stage_i.register_file_i._8713_/D : -5.434599
[setup reg-reg] i_soc.i_cpu.core_i.id_stage_i._3806_/Q -> i_soc.i_cpu.core_i.id_stage_i.register_file_i._8549_/D : -5.434313
[setup reg-reg] i_soc.i_cpu.core_i.id_stage_i._3685_/Q -> i_soc.i_cpu.core_i.id_stage_i.register_file_i._8777_/D : -5.433540
[setup reg-reg] i_soc.i_cpu.core_i.id_stage_i._3806_/Q -> i_soc.i_cpu.core_i.id_stage_i.register_file_i._8149_/D : -5.430079
[setup reg-reg] i_soc.i_cpu.core_i.id_stage_i._3806_/Q -> i_soc.i_cpu.core_i.id_stage_i.register_file_i._9013_/D : -5.428218
[setup reg-reg] i_soc.i_cpu.core_i.id_stage_i._3806_/Q -> i_soc.i_cpu.core_i.id_stage_i.register_file_i._8085_/D : -5.427429
[setup reg-reg] i_soc.i_cpu.core_i.id_stage_i._3685_/Q -> i_soc.i_cpu.core_i.id_stage_i.register_file_i._8087_/D : -5.426332
[setup reg-reg] i_soc.i_cpu.core_i.id_stage_i._3806_/Q -> i_soc.i_cpu.core_i.id_stage_i.register_file_i._8434_/D : -5.425779
[setup reg-reg] i_soc.i_cpu.core_i.id_stage_i._3685_/Q -> i_soc.i_cpu.core_i.id_stage_i.register_file_i._8827_/D : -5.425687
[setup reg-reg] i_soc.i_cpu.core_i.id_stage_i._3685_/Q -> i_soc.i_cpu.core_i.id_stage_i.register_file_i._8536_/D : -5.425538
[setup reg-reg] i_soc.i_cpu.core_i.id_stage_i._3806_/Q -> i_soc.i_cpu.core_i.id_stage_i.register_file_i._8421_/D : -5.425253
[setup reg-reg] i_soc.i_cpu.core_i.id_stage_i._3685_/Q -> i_soc.i_cpu.core_i.id_stage_i.register_file_i._8657_/D : -5.421690
[setup reg-reg] i_soc.i_cpu.core_i.id_stage_i._3685_/Q -> i_soc.i_cpu.core_i.id_stage_i.register_file_i._8790_/D : -5.421532
[setup reg-reg] i_soc.i_cpu.core_i.id_stage_i._3685_/Q -> i_soc.i_cpu.core_i.id_stage_i.register_file_i._8086_/D : -5.421480
[setup reg-reg] i_soc.i_cpu.core_i.id_stage_i._3685_/Q -> i_soc.i_cpu.core_i.id_stage_i.register_file_i._8842_/D : -5.421455
[setup reg-reg] i_soc.i_cpu.core_i.id_stage_i._3806_/Q -> i_soc.i_cpu.core_i.id_stage_i.register_file_i._8498_/D : -5.420960
[setup reg-reg] i_soc.i_cpu.core_i.id_stage_i._3685_/Q -> i_soc.i_cpu.core_i.id_stage_i.register_file_i._8379_/D : -5.420802
[setup reg-reg] i_soc.i_cpu.core_i.id_stage_i._3685_/Q -> i_soc.i_cpu.core_i.id_stage_i.register_file_i._8749_/D : -5.419961
[setup reg-reg] i_soc.i_cpu.core_i.id_stage_i._3685_/Q -> i_soc.i_cpu.core_i.id_stage_i.register_file_i._8758_/D : -5.419375
[setup reg-reg] i_soc.i_cpu.core_i.id_stage_i._3806_/Q -> i_soc.i_cpu.core_i.id_stage_i.register_file_i._9015_/D : -5.414650
[setup reg-reg] i_soc.i_cpu.core_i.id_stage_i._3806_/Q -> i_soc.i_cpu.core_i.id_stage_i.register_file_i._8962_/D : -5.413552
[setup reg-reg] i_soc.i_cpu.core_i.id_stage_i._3685_/Q -> i_soc.i_cpu.core_i.id_stage_i.register_file_i._8398_/D : -5.411120
[setup reg-reg] i_soc.i_cpu.core_i.id_stage_i._3685_/Q -> i_soc.i_cpu.core_i.id_stage_i.register_file_i._8394_/D : -5.409591
[setup reg-reg] i_soc.i_cpu.core_i.if_stage_i._865_/Q -> i_soc.i_boot_rom._485_/D : -5.408541
[setup reg-reg] i_soc.i_cpu.core_i.id_stage_i._3685_/Q -> i_soc.i_cpu.core_i.id_stage_i.register_file_i._8137_/D : -5.408041
[setup reg-reg] i_soc.i_cpu.core_i.id_stage_i._3806_/Q -> i_soc.i_cpu.core_i.id_stage_i.register_file_i._8729_/D : -5.407957
[setup reg-reg] i_soc.i_cpu.core_i.id_stage_i._3806_/Q -> i_soc.i_cpu.core_i.id_stage_i.register_file_i._8930_/D : -5.405306
[setup reg-reg] i_soc.i_cpu.core_i.id_stage_i._3806_/Q -> i_soc.i_cpu.core_i.id_stage_i.register_file_i._8852_/D : -5.403699
[setup reg-reg] i_soc.i_cpu.core_i.id_stage_i._3685_/Q -> i_soc.i_cpu.core_i.id_stage_i.register_file_i._8759_/D : -5.401887
[setup reg-reg] i_soc.i_cpu.core_i.id_stage_i._3685_/Q -> i_soc.i_cpu.core_i.id_stage_i.register_file_i._8079_/D : -5.401519
[setup reg-reg] i_soc.i_cpu.core_i.id_stage_i._3806_/Q -> i_soc.i_cpu.core_i.id_stage_i.register_file_i._8996_/D : -5.401095
[setup reg-reg] i_soc.i_cpu.core_i.id_stage_i._3806_/Q -> i_soc.i_cpu.core_i.id_stage_i.register_file_i._8980_/D : -5.399592
[setup reg-reg] i_soc.i_cpu.core_i.id_stage_i._3806_/Q -> i_soc.i_cpu.core_i.id_stage_i.register_file_i._9028_/D : -5.396043
[setup reg-reg] i_soc.i_cpu.core_i.id_stage_i._3806_/Q -> i_soc.i_cpu.core_i.id_stage_i.register_file_i._8898_/D : -5.394546
[setup reg-reg] i_soc.i_cpu.core_i.id_stage_i._3806_/Q -> i_soc.i_cpu.core_i.id_stage_i.register_file_i._8887_/D : -5.394416
[setup reg-reg] i_soc.i_cpu.core_i.id_stage_i._3685_/Q -> i_soc.i_cpu.core_i.id_stage_i.register_file_i._8108_/D : -5.391854
[setup reg-reg] i_soc.i_cpu.core_i.id_stage_i._3806_/Q -> i_soc.i_cpu.core_i.id_stage_i.register_file_i._8907_/D : -5.391463
[setup reg-reg] i_soc.i_cpu.core_i.id_stage_i._3806_/Q -> i_soc.i_cpu.core_i.id_stage_i.register_file_i._9012_/D : -5.391115
[setup reg-reg] i_soc.i_cpu.core_i.id_stage_i._3806_/Q -> i_soc.i_cpu.core_i.id_stage_i.register_file_i._8875_/D : -5.389506
[setup reg-reg] i_soc.i_cpu.core_i.id_stage_i._3806_/Q -> i_soc.i_cpu.core_i.id_stage_i.register_file_i._8151_/D : -5.388575
[setup reg-reg] i_soc.i_cpu.core_i.id_stage_i._3685_/Q -> i_soc.i_cpu.core_i.id_stage_i.register_file_i._8110_/D : -5.386800
[setup reg-reg] i_soc.i_cpu.core_i.id_stage_i._3806_/Q -> i_soc.i_cpu.core_i.id_stage_i.register_file_i._8866_/D : -5.386548
[setup reg-reg] i_soc.i_cpu.core_i.id_stage_i._3806_/Q -> i_soc.i_cpu.core_i.id_stage_i.register_file_i._8127_/D : -5.385397
[setup reg-reg] i_soc.i_cpu.core_i.id_stage_i._3806_/Q -> i_soc.i_cpu.core_i.id_stage_i.register_file_i._8569_/D : -5.384871
[setup reg-reg] i_soc.i_cpu.core_i.id_stage_i._3806_/Q -> i_soc.i_cpu.core_i.id_stage_i.register_file_i._8601_/D : -5.384740
[setup reg-reg] i_soc.i_cpu.core_i.id_stage_i._3806_/Q -> i_soc.i_cpu.core_i.id_stage_i.register_file_i._8916_/D : -5.383393
[setup reg-reg] i_soc.i_cpu.core_i.id_stage_i._3685_/Q -> i_soc.i_cpu.core_i.id_stage_i.register_file_i._8141_/D : -5.383196
[setup reg-reg] i_soc.i_cpu.core_i.id_stage_i._3806_/Q -> i_soc.i_cpu.core_i.id_stage_i.register_file_i._8735_/D : -5.382557
[setup reg-reg] i_soc.i_cpu.core_i.id_stage_i._3681_/Q -> i_soc.i_cpu.core_i.if_stage_i.aligner_i._850_/D : -5.381910
[setup reg-reg] i_soc.i_cpu.core_i.id_stage_i._3806_/Q -> i_soc.i_cpu.core_i.id_stage_i.register_file_i._8971_/D : -5.381425
[setup reg-reg] i_soc.i_cpu.core_i.id_stage_i._3681_/Q -> i_soc.i_cpu.core_i.if_stage_i.aligner_i._854_/D : -5.379388
[setup reg-reg] i_soc.i_cpu.core_i.id_stage_i._3806_/Q -> i_soc.i_cpu.core_i.id_stage_i.register_file_i._8939_/D : -5.379097
[setup reg-reg] i_soc.i_cpu.core_i.id_stage_i._3806_/Q -> i_soc.i_cpu.core_i.id_stage_i.register_file_i._8963_/D : -5.377931
[setup reg-reg] i_soc.i_cpu.core_i.id_stage_i._3681_/Q -> i_soc.i_cpu.core_i.if_stage_i.aligner_i._848_/D : -5.377668
[setup reg-reg] i_soc.i_cpu.core_i.id_stage_i._3806_/Q -> i_soc.i_cpu.core_i.id_stage_i.register_file_i._8748_/D : -5.377398
[setup reg-reg] i_soc.i_cpu.core_i.id_stage_i._3806_/Q -> i_soc.i_cpu.core_i.id_stage_i.register_file_i._8948_/D : -5.376777
[setup reg-reg] i_soc.i_cpu.core_i.id_stage_i._3806_/Q -> i_soc.i_cpu.core_i.id_stage_i.register_file_i._8983_/D : -5.376517
[setup reg-reg] i_soc.i_cpu.core_i.id_stage_i._3806_/Q -> i_soc.i_cpu.core_i.id_stage_i.register_file_i._8183_/D : -5.376339
[setup reg-reg] i_soc.i_cpu.core_i.id_stage_i._3685_/Q -> i_soc.i_cpu.core_i.id_stage_i.register_file_i._8077_/D : -5.374874
[setup reg-reg] i_soc.i_cpu.core_i.id_stage_i._3806_/Q -> i_soc.i_cpu.core_i.id_stage_i.register_file_i._8988_/D : -5.374773
[setup reg-reg] i_soc.i_cpu.core_i.id_stage_i._3685_/Q -> i_soc.i_cpu.core_i.id_stage_i.register_file_i._8593_/D : -5.374636
[setup reg-reg] i_soc.i_cpu.core_i.id_stage_i._3685_/Q -> i_soc.i_cpu.core_i.id_stage_i.register_file_i._8841_/D : -5.374300
[setup reg-reg] i_soc.i_cpu.core_i.id_stage_i._3806_/Q -> i_soc.i_cpu.core_i.id_stage_i.register_file_i._9020_/D : -5.372732
[setup reg-reg] i_soc.i_cpu.core_i.id_stage_i._3806_/Q -> i_soc.i_cpu.core_i.id_stage_i.register_file_i._8156_/D : -5.372273
[setup reg-reg] i_soc.i_cpu.core_i.id_stage_i._3806_/Q -> i_soc.i_cpu.core_i.id_stage_i.register_file_i._8188_/D : -5.370538
[setup reg-reg] i_soc.i_cpu.core_i.id_stage_i._3806_/Q -> i_soc.i_cpu.core_i.id_stage_i.register_file_i._8885_/D : -5.369030
[setup reg-reg] i_soc.i_cpu.core_i.id_stage_i._3806_/Q -> i_soc.i_cpu.core_i.id_stage_i.register_file_i._9035_/D : -5.368218
[setup reg-reg] i_soc.i_cpu.core_i.id_stage_i._3685_/Q -> i_soc.i_cpu.core_i.id_stage_i.register_file_i._8081_/D : -5.367065
[setup reg-reg] i_soc.i_cpu.core_i.id_stage_i._3681_/Q -> i_soc.i_cpu.core_i.if_stage_i._878_/D : -5.366756
[setup reg-reg] i_soc.i_cpu.core_i.id_stage_i._3681_/Q -> i_soc.i_cpu.core_i.if_stage_i.aligner_i._852_/D : -5.365967
[setup reg-reg] i_soc.i_cpu.core_i.id_stage_i._3806_/Q -> i_soc.i_cpu.core_i.id_stage_i.register_file_i._8917_/D : -5.365198
[setup reg-reg] i_soc.i_cpu.core_i.id_stage_i._3806_/Q -> i_soc.i_cpu.core_i.id_stage_i.register_file_i._8949_/D : -5.364587
[setup reg-reg] i_soc.i_cpu.core_i.id_stage_i._3806_/Q -> i_soc.i_cpu.core_i.id_stage_i.register_file_i._8851_/D : -5.362925
[setup reg-reg] i_soc.i_cpu.core_i.id_stage_i._3681_/Q -> i_soc.i_cpu.core_i.if_stage_i._875_/D : -5.362326
[setup reg-reg] i_soc.i_cpu.core_i.id_stage_i._3806_/Q -> i_soc.i_cpu.core_i.id_stage_i.register_file_i._8164_/D : -5.360082
[setup reg-reg] i_soc.i_cpu.core_i.id_stage_i._3685_/Q -> i_soc.i_cpu.core_i.id_stage_i.register_file_i._8109_/D : -5.359557
[setup reg-reg] i_soc.i_cpu.core_i.id_stage_i._3681_/Q -> i_soc.i_cpu.core_i.if_stage_i._881_/D : -5.357853
[setup reg-reg] i_soc.i_cpu.core_i.if_stage_i._865_/Q -> i_soc.i_boot_rom._497_/D : -5.357419
[setup reg-reg] i_soc.i_cpu.core_i.id_stage_i._3681_/Q -> i_soc.i_cpu.core_i.if_stage_i.aligner_i._851_/D : -5.355297
[setup reg-reg] i_soc.i_cpu.core_i.id_stage_i._3806_/Q -> i_soc.i_cpu.core_i.id_stage_i.register_file_i._8180_/D : -5.353537
[setup reg-reg] i_soc.i_cpu.core_i.if_stage_i._865_/Q -> i_soc.i_boot_rom._490_/D : -5.352242
[setup reg-reg] i_soc.i_cpu.core_i.id_stage_i._3681_/Q -> i_soc.i_cpu.core_i.if_stage_i.aligner_i._853_/D : -5.351314
[setup reg-reg] i_soc.i_cpu.core_i.id_stage_i._3806_/Q -> i_soc.i_cpu.core_i.id_stage_i.register_file_i._8884_/D : -5.349834
[setup reg-reg] i_soc.i_cpu.core_i.id_stage_i._3685_/Q -> i_soc.i_cpu.core_i.id_stage_i.register_file_i._8076_/D : -5.349808
[setup reg-reg] i_soc.i_cpu.core_i.id_stage_i._3806_/Q -> i_soc.i_cpu.core_i.id_stage_i.register_file_i._9003_/D : -5.348653
[setup reg-reg] i_soc.i_cpu.core_i.id_stage_i._3806_/Q -> i_soc.i_cpu.core_i.id_stage_i.register_file_i._8196_/D : -5.348447
[setup reg-reg] i_soc.i_cpu.core_i.id_stage_i._3810_/Q -> i_soc.i_boot_rom._494_/D : -5.347813
[setup reg-reg] i_soc.i_qspi._21558_/Q -> i_soc.i_qspi._21523_/D : -5.347522
[setup reg-reg] i_soc.i_cpu.core_i.id_stage_i._3681_/Q -> i_soc.i_cpu.core_i.if_stage_i.aligner_i._855_/D : -5.346939
[setup reg-reg] i_soc.i_cpu.core_i.id_stage_i._3681_/Q -> i_soc.i_cpu.core_i.if_stage_i.aligner_i._857_/D : -5.345813
[setup reg-reg] i_soc.i_cpu.core_i.id_stage_i._3806_/Q -> i_soc.i_cpu.core_i.id_stage_i.register_file_i._8195_/D : -5.345612
[setup reg-reg] i_soc.i_cpu.core_i.id_stage_i._3681_/Q -> i_soc.i_cpu.core_i.if_stage_i.aligner_i._856_/D : -5.345561
[setup reg-reg] i_soc.i_cpu.core_i.id_stage_i._3806_/Q -> i_soc.i_cpu.core_i.id_stage_i.register_file_i._8995_/D : -5.345141
[setup reg-reg] i_soc.i_cpu.core_i.id_stage_i._3806_/Q -> i_soc.i_cpu.core_i.id_stage_i.register_file_i._8919_/D : -5.344523
[setup reg-reg] i_soc.i_cpu.core_i.id_stage_i._3806_/Q -> i_soc.i_cpu.core_i.id_stage_i.register_file_i._8203_/D : -5.343131
[setup reg-reg] i_soc.i_cpu.core_i.id_stage_i._3806_/Q -> i_soc.i_cpu.core_i.id_stage_i.register_file_i._8171_/D : -5.343074
[setup reg-reg] i_soc.i_cpu.core_i.id_stage_i._3806_/Q -> i_soc.i_cpu.core_i.id_stage_i.register_file_i._8944_/D : -5.342876
[setup reg-reg] i_soc.i_cpu.core_i.id_stage_i._3806_/Q -> i_soc.i_cpu.core_i.id_stage_i.register_file_i._8148_/D : -5.342700
[setup reg-reg] i_soc.i_qspi._21558_/Q -> i_soc.i_qspi._17246_/D : -5.342139
[setup reg-reg] i_soc.i_cpu.core_i.id_stage_i._3806_/Q -> i_soc.i_cpu.core_i.id_stage_i.register_file_i._9027_/D : -5.342077
[setup reg-reg] i_soc.i_cpu.core_i.id_stage_i._3806_/Q -> i_soc.i_cpu.core_i.id_stage_i.register_file_i._8855_/D : -5.341841
[setup reg-reg] i_soc.i_cpu.core_i.id_stage_i._3681_/Q -> i_soc.i_cpu.core_i.if_stage_i.aligner_i._875_/D : -5.341424
[setup reg-reg] i_soc.i_cpu.core_i.id_stage_i._3681_/Q -> i_soc.i_cpu.core_i.if_stage_i.aligner_i._872_/D : -5.340347
[setup reg-reg] i_soc.i_cpu.core_i.id_stage_i._3806_/Q -> i_soc.i_cpu.core_i.id_stage_i.register_file_i._8899_/D : -5.340171
[setup reg-reg] i_soc.i_cpu.core_i.id_stage_i._3806_/Q -> i_soc.i_cpu.core_i.id_stage_i.register_file_i._8912_/D : -5.339947
[setup reg-reg] i_soc.i_cpu.core_i.id_stage_i._3806_/Q -> i_soc.i_cpu.core_i.id_stage_i.register_file_i._8951_/D : -5.339602
[setup reg-reg] i_soc.i_cpu.core_i.id_stage_i._3806_/Q -> i_soc.i_cpu.core_i.id_stage_i.register_file_i._8860_/D : -5.339040
[setup reg-reg] i_soc.i_cpu.core_i.id_stage_i._3685_/Q -> i_soc.i_cpu.core_i.id_stage_i.register_file_i._8145_/D : -5.338981
[setup reg-reg] i_soc.i_cpu.core_i.id_stage_i._3806_/Q -> i_soc.i_cpu.core_i.id_stage_i.register_file_i._8136_/D : -5.338340
[setup reg-reg] i_soc.i_cpu.core_i.id_stage_i._3806_/Q -> i_soc.i_cpu.core_i.id_stage_i.register_file_i._8982_/D : -5.337688
[setup reg-reg] i_soc.i_cpu.core_i.id_stage_i._3681_/Q -> i_soc.i_cpu.core_i.if_stage_i.aligner_i._842_/D : -5.336849
[setup reg-reg] i_soc.i_cpu.core_i.id_stage_i._3685_/Q -> i_soc.i_cpu.core_i.id_stage_i.register_file_i._8585_/D : -5.336720
[setup reg-reg] i_soc.i_cpu.core_i.id_stage_i._3806_/Q -> i_soc.i_cpu.core_i.id_stage_i.register_file_i._8924_/D : -5.335134
[setup reg-reg] i_soc.i_cpu.core_i.id_stage_i._3806_/Q -> i_soc.i_cpu.core_i.id_stage_i.register_file_i._8956_/D : -5.335110
[setup reg-reg] i_soc.i_cpu.core_i.id_stage_i._3806_/Q -> i_soc.i_cpu.core_i.id_stage_i.register_file_i._9014_/D : -5.335080
[setup reg-reg] i_soc.i_cpu.core_i.id_stage_i._3806_/Q -> i_soc.i_cpu.core_i.id_stage_i.register_file_i._8931_/D : -5.334613
[setup reg-reg] i_soc.i_cpu.core_i.id_stage_i._3806_/Q -> i_soc.i_cpu.core_i.id_stage_i.register_file_i._8910_/D : -5.334268
[setup reg-reg] i_soc.i_cpu.core_i.id_stage_i._3681_/Q -> i_soc.i_cpu.core_i.if_stage_i.aligner_i._840_/D : -5.334252
[setup reg-reg] i_soc.i_cpu.core_i.id_stage_i._3685_/Q -> i_soc.i_cpu.core_i.id_stage_i.register_file_i._8120_/D : -5.334222
[setup reg-reg] i_soc.i_cpu.core_i.id_stage_i._3685_/Q -> i_soc.i_cpu.core_i.id_stage_i.register_file_i._8106_/D : -5.333724
[setup reg-reg] i_soc.i_cpu.core_i.id_stage_i._3806_/Q -> i_soc.i_cpu.core_i.id_stage_i.register_file_i._8867_/D : -5.332335
[setup reg-reg] i_soc.i_cpu.core_i.id_stage_i._3806_/Q -> i_soc.i_cpu.core_i.id_stage_i.register_file_i._8150_/D : -5.331860
[setup reg-reg] i_soc.i_cpu.core_i.id_stage_i._3806_/Q -> i_soc.i_cpu.core_i.id_stage_i.register_file_i._8974_/D : -5.331863
[setup reg-reg] i_soc.i_cpu.core_i.id_stage_i._3806_/Q -> i_soc.i_cpu.core_i.id_stage_i.register_file_i._8182_/D : -5.331764
[setup reg-reg] i_soc.i_cpu.core_i.id_stage_i._3806_/Q -> i_soc.i_cpu.core_i.id_stage_i.register_file_i._8878_/D : -5.331645
[setup reg-reg] i_soc.i_cpu.core_i.id_stage_i._3681_/Q -> i_soc.i_cpu.core_i.if_stage_i.aligner_i._847_/D : -5.331274
[setup reg-reg] i_soc.i_cpu.core_i.if_stage_i._865_/Q -> i_soc.i_boot_rom._493_/D : -5.331055
[setup reg-reg] i_soc.i_cpu.core_i.id_stage_i._3685_/Q -> i_soc.i_cpu.core_i.id_stage_i.register_file_i._8617_/D : -5.329456
[setup reg-reg] i_soc.i_cpu.core_i.id_stage_i._3681_/Q -> i_soc.i_cpu.core_i.if_stage_i.aligner_i._839_/D : -5.329094
[setup reg-reg] i_soc.i_cpu.core_i.id_stage_i._3685_/Q -> i_soc.i_cpu.core_i.id_stage_i.register_file_i._8386_/D : -5.328932
[setup reg-reg] i_soc.i_cpu.core_i.id_stage_i._3806_/Q -> i_soc.i_cpu.core_i.id_stage_i.register_file_i._8163_/D : -5.328659
[setup reg-reg] i_soc.i_cpu.core_i.id_stage_i._3806_/Q -> i_soc.i_cpu.core_i.id_stage_i.register_file_i._8942_/D : -5.327706
[setup reg-reg] i_soc.i_cpu.core_i.id_stage_i._3681_/Q -> i_soc.i_cpu.core_i.if_stage_i.aligner_i._849_/D : -5.327569
[setup reg-reg] i_soc.i_cpu.core_i.id_stage_i._3681_/Q -> i_soc.i_cpu.core_i.if_stage_i.aligner_i._873_/D : -5.325486
[setup reg-reg] i_soc.i_cpu.core_i.id_stage_i._3685_/Q -> i_soc.i_cpu.core_i.id_stage_i.register_file_i._8649_/D : -5.325248
[setup reg-reg] i_soc.i_cpu.core_i.id_stage_i._3806_/Q -> i_soc.i_cpu.core_i.id_stage_i.register_file_i._8208_/D : -5.324458
[setup reg-reg] i_soc.i_cpu.core_i.id_stage_i._3806_/Q -> i_soc.i_cpu.core_i.id_stage_i.register_file_i._8892_/D : -5.323477
[setup reg-reg] i_soc.i_cpu.core_i.id_stage_i._3685_/Q -> i_soc.i_cpu.core_i.id_stage_i.register_file_i._8828_/D : -5.321498
[setup reg-reg] i_soc.i_cpu.core_i.id_stage_i._3685_/Q -> i_soc.i_cpu.core_i.id_stage_i.register_file_i._8795_/D : -5.320839
[setup reg-reg] i_soc.i_cpu.core_i.id_stage_i._3806_/Q -> i_soc.i_cpu.core_i.id_stage_i.register_file_i._8067_/D : -5.320704
[setup reg-reg] i_soc.i_cpu.core_i.id_stage_i._3806_/Q -> i_soc.i_cpu.core_i.id_stage_i.register_file_i._8176_/D : -5.320508
[setup reg-reg] i_soc.i_cpu.core_i.id_stage_i._3685_/Q -> i_soc.i_cpu.core_i.id_stage_i.register_file_i._8056_/D : -5.320365
[setup reg-reg] i_soc.i_cpu.core_i.id_stage_i._3806_/Q -> i_soc.i_cpu.core_i.id_stage_i.register_file_i._8626_/D : -5.318164
[setup reg-reg] i_soc.i_cpu.core_i.id_stage_i._3685_/Q -> i_soc.i_cpu.core_i.id_stage_i.register_file_i._8380_/D : -5.316949
[setup reg-reg] i_soc.i_cpu.core_i.id_stage_i._3806_/Q -> i_soc.i_cpu.core_i.id_stage_i.register_file_i._9008_/D : -5.316867
[setup reg-reg] i_soc.i_cpu.core_i.id_stage_i._3806_/Q -> i_soc.i_cpu.core_i.id_stage_i.register_file_i._9040_/D : -5.315940
[setup reg-reg] i_soc.i_cpu.core_i.id_stage_i._3806_/Q -> i_soc.i_cpu.core_i.id_stage_i.register_file_i._8562_/D : -5.315171
[setup reg-reg] i_soc.i_cpu.core_i.id_stage_i._3806_/Q -> i_soc.i_cpu.core_i.id_stage_i.register_file_i._8611_/D : -5.314329
[setup reg-reg] i_soc.i_cpu.core_i.id_stage_i._3806_/Q -> i_soc.i_cpu.core_i.id_stage_i.register_file_i._8594_/D : -5.314170
[setup reg-reg] i_soc.i_cpu.core_i.id_stage_i._3685_/Q -> i_soc.i_cpu.core_i.id_stage_i.register_file_i._8763_/D : -5.314125
[setup reg-reg] i_soc.i_cpu.core_i.id_stage_i._3806_/Q -> i_soc.i_cpu.core_i.id_stage_i.register_file_i._9006_/D : -5.310300
[setup reg-reg] i_soc.i_cpu.core_i.id_stage_i._3806_/Q -> i_soc.i_cpu.core_i.id_stage_i.register_file_i._8579_/D : -5.309440
[setup reg-reg] i_soc.i_cpu.core_i.id_stage_i._3806_/Q -> i_soc.i_cpu.core_i.id_stage_i.register_file_i._8206_/D : -5.308989
[setup reg-reg] i_soc.i_cpu.core_i.id_stage_i._3806_/Q -> i_soc.i_cpu.core_i.id_stage_i.register_file_i._8174_/D : -5.308039
[setup reg-reg] i_soc.i_cpu.core_i.id_stage_i._3681_/Q -> i_soc.i_cpu.core_i.if_stage_i.aligner_i._841_/D : -5.307055
[setup reg-reg] i_soc.i_cpu.core_i.id_stage_i._3806_/Q -> i_soc.i_cpu.core_i.id_stage_i.register_file_i._9038_/D : -5.304747
[setup reg-reg] i_soc.i_cpu.core_i.id_stage_i._3806_/Q -> i_soc.i_cpu.core_i.id_stage_i.register_file_i._8722_/D : -5.302546
[setup reg-reg] i_soc.i_cpu.core_i.id_stage_i._3685_/Q -> i_soc.i_cpu.core_i.id_stage_i.register_file_i._8848_/D : -5.301006
[setup reg-reg] i_soc.i_cpu.core_i.id_stage_i._3681_/Q -> i_soc.i_cpu.core_i.if_stage_i.aligner_i._846_/D : -5.299473
[setup reg-reg] i_soc.i_cpu.core_i.id_stage_i._3681_/Q -> i_soc.i_cpu.core_i.if_stage_i.aligner_i._845_/D : -5.299175
[setup reg-reg] i_soc.i_cpu.core_i.id_stage_i._3681_/Q -> i_soc.i_cpu.core_i.if_stage_i.aligner_i._844_/D : -5.299125
[setup reg-reg] i_soc.i_cpu.core_i.id_stage_i._3685_/Q -> i_soc.i_cpu.core_i.id_stage_i.register_file_i._8095_/D : -5.298114
[setup reg-reg] i_soc.i_cpu.core_i.id_stage_i._3806_/Q -> i_soc.i_cpu.core_i.id_stage_i.register_file_i._8186_/D : -5.294338
[setup reg-reg] i_soc.i_cpu.core_i.id_stage_i._3685_/Q -> i_soc.i_cpu.core_i.id_stage_i.register_file_i._8400_/D : -5.292631
[setup reg-reg] i_soc.i_cpu.core_i.id_stage_i._3685_/Q -> i_soc.i_cpu.core_i.id_stage_i.register_file_i._8063_/D : -5.292556
[setup reg-reg] i_soc.i_cpu.core_i.id_stage_i._3806_/Q -> i_soc.i_cpu.core_i.id_stage_i.register_file_i._8373_/D : -5.291707
[setup reg-reg] i_soc.i_qspi._21558_/Q -> i_soc.i_qspi._17228_/D : -5.291211
[setup reg-reg] i_soc.i_cpu.core_i.id_stage_i._3806_/Q -> i_soc.i_cpu.core_i.id_stage_i.register_file_i._9018_/D : -5.290479
[setup reg-reg] i_soc.i_cpu.core_i.id_stage_i._3806_/Q -> i_soc.i_cpu.core_i.id_stage_i.register_file_i._8880_/D : -5.289316
[setup reg-reg] i_soc.i_cpu.core_i.id_stage_i._3681_/Q -> i_soc.i_cpu.core_i.cs_registers_i._4127_/D : -5.288390
[setup reg-reg] i_soc.i_cpu.core_i.id_stage_i._3681_/Q -> i_soc.i_cpu.core_i.if_stage_i.aligner_i._843_/D : -5.286806
[setup reg-reg] i_soc.i_cpu.core_i.id_stage_i._3806_/Q -> i_soc.i_cpu.core_i.id_stage_i.register_file_i._8170_/D : -5.286753
[setup reg-reg] i_soc.i_cpu.core_i.id_stage_i._3806_/Q -> i_soc.i_cpu.core_i.id_stage_i.register_file_i._8976_/D : -5.286575
[setup reg-reg] i_soc.i_cpu.core_i.id_stage_i._3806_/Q -> i_soc.i_cpu.core_i.id_stage_i.register_file_i._8757_/D : -5.285614
[setup reg-reg] i_soc.i_cpu.core_i.id_stage_i._3806_/Q -> i_soc.i_cpu.core_i.id_stage_i.register_file_i._8890_/D : -5.284658
[setup reg-reg] i_soc.i_cpu.core_i.id_stage_i._3806_/Q -> i_soc.i_cpu.core_i.id_stage_i.register_file_i._8789_/D : -5.284529
[setup reg-reg] i_soc.i_cpu.core_i.id_stage_i._3806_/Q -> i_soc.i_cpu.core_i.id_stage_i.register_file_i._8970_/D : -5.278970
[setup reg-reg] i_soc.i_qspi._21558_/Q -> i_soc.i_qspi._21522_/D : -5.278551
[setup reg-reg] i_soc.i_cpu.core_i.id_stage_i._3806_/Q -> i_soc.i_cpu.core_i.id_stage_i.register_file_i._8202_/D : -5.275125
[setup reg-reg] i_soc.i_cpu.core_i.id_stage_i._3685_/Q -> i_soc.i_cpu.core_i.id_stage_i.register_file_i._8764_/D : -5.274668
[setup reg-reg] i_soc.i_cpu.core_i.if_stage_i._865_/Q -> i_soc.i_cpu.core_i.if_stage_i.prefetch_buffer_i.instruction_obi_i._237_/D : -5.268511
[setup reg-reg] i_soc.i_ai_accel._23251_/Q -> i_soc.i_ai_accel._23038_/D : -5.268026
[setup reg-reg] i_soc.i_cpu.core_i.if_stage_i._865_/Q -> i_soc.i_cpu.core_i.if_stage_i.prefetch_buffer_i.instruction_obi_i._238_/D : -5.267596
[setup reg-reg] i_soc.i_cpu.core_i.if_stage_i._865_/Q -> i_soc.i_cpu.core_i.if_stage_i.prefetch_buffer_i.instruction_obi_i._236_/D : -5.265765
[setup reg-reg] i_soc.i_cpu.core_i.id_stage_i._3806_/Q -> i_soc.i_cpu.core_i.id_stage_i.register_file_i._8387_/D : -5.265667
[setup reg-reg] i_soc.i_cpu.core_i.id_stage_i._3685_/Q -> i_soc.i_cpu.core_i.id_stage_i.register_file_i._8072_/D : -5.262285
[setup reg-reg] i_soc.i_cpu.core_i.id_stage_i._3685_/Q -> i_soc.i_cpu.core_i.id_stage_i.register_file_i._8104_/D : -5.261949
[setup reg-reg] i_soc.i_cpu.core_i.id_stage_i._3681_/Q -> i_soc.i_cpu.core_i.if_stage_i.aligner_i._867_/D : -5.261077
[setup reg-reg] i_soc.i_cpu.core_i.id_stage_i._3685_/Q -> i_soc.i_cpu.core_i.id_stage_i.register_file_i._8093_/D : -5.260837
[setup reg-reg] i_soc.i_cpu.core_i.id_stage_i._3681_/Q -> i_soc.i_cpu.core_i.if_stage_i.aligner_i._868_/D : -5.257059
[setup reg-reg] i_soc.i_cpu.core_i.id_stage_i._3681_/Q -> i_soc.i_cpu.core_i.if_stage_i.aligner_i._866_/D : -5.256729
[setup reg-reg] i_soc.i_cpu.core_i.id_stage_i._3685_/Q -> i_soc.i_cpu.core_i.id_stage_i.register_file_i._8425_/D : -5.256420
[setup reg-reg] i_soc.i_cpu.core_i.id_stage_i._3685_/Q -> i_soc.i_cpu.core_i.id_stage_i.register_file_i._8728_/D : -5.256272
[setup reg-reg] i_soc.i_cpu.core_i.id_stage_i._3810_/Q -> i_soc.i_boot_rom._480_/D : -5.255812
[setup reg-reg] i_soc.i_cpu.core_i.id_stage_i._3806_/Q -> i_soc.i_cpu.core_i.id_stage_i.register_file_i._8906_/D : -5.254968
[setup reg-reg] i_soc.i_cpu.core_i.id_stage_i._3806_/Q -> i_soc.i_cpu.core_i.id_stage_i.register_file_i._8114_/D : -5.253687
[setup reg-reg] i_soc.i_cpu.core_i.id_stage_i._3681_/Q -> i_soc.i_cpu.core_i.if_stage_i.aligner_i._865_/D : -5.253174
[setup reg-reg] i_soc.i_cpu.core_i.id_stage_i._3685_/Q -> i_soc.i_cpu.core_i.id_stage_i.register_file_i._8824_/D : -5.252210
[setup reg-reg] i_soc.i_cpu.core_i.id_stage_i._3806_/Q -> i_soc.i_cpu.core_i.id_stage_i.register_file_i._8954_/D : -5.251874
[setup reg-reg] i_soc.i_cpu.core_i.id_stage_i._3681_/Q -> i_soc.i_cpu.core_i.id_stage_i._3800_/D : -5.250845
[setup reg-reg] i_soc.i_cpu.core_i.id_stage_i._3806_/Q -> i_soc.i_cpu.core_i.id_stage_i.register_file_i._8922_/D : -5.249683
[setup reg-reg] i_soc.i_cpu.core_i.id_stage_i._3685_/Q -> i_soc.i_cpu.core_i.id_stage_i.register_file_i._8839_/D : -5.249152
[setup reg-reg] i_soc.i_cpu.core_i.id_stage_i._3806_/Q -> i_soc.i_cpu.core_i.id_stage_i.register_file_i._8761_/D : -5.247497
[setup reg-reg] i_soc.i_cpu.core_i.id_stage_i._3685_/Q -> i_soc.i_cpu.core_i.id_stage_i.register_file_i._8397_/D : -5.246832
[setup reg-reg] i_soc.i_cpu.core_i.id_stage_i._3806_/Q -> i_soc.i_cpu.core_i.id_stage_i.register_file_i._8858_/D : -5.245031
[setup reg-reg] i_soc.i_cpu.core_i.id_stage_i._3806_/Q -> i_soc.i_cpu.core_i.id_stage_i.register_file_i._8986_/D : -5.244875
[setup reg-reg] i_soc.i_cpu.core_i.id_stage_i._3685_/Q -> i_soc.i_cpu.core_i.id_stage_i.register_file_i._8399_/D : -5.244576
[setup reg-reg] i_soc.i_cpu.core_i.id_stage_i._3806_/Q -> i_soc.i_cpu.core_i.id_stage_i.register_file_i._8154_/D : -5.243002
[setup reg-reg] i_soc.i_cpu.core_i.id_stage_i._3681_/Q -> i_soc.i_cpu.core_i.cs_registers_i._4122_/D : -5.242278
[setup reg-reg] i_soc.i_ai_accel._23469_/Q -> i_soc.i_ai_accel._23019_/D : -5.240479
[setup reg-reg] i_soc.i_cpu.core_i.id_stage_i._3806_/Q -> i_soc.i_cpu.core_i.id_stage_i.register_file_i._8874_/D : -5.240215
[setup reg-reg] i_soc.i_cpu.core_i.id_stage_i._3806_/Q -> i_soc.i_cpu.core_i.id_stage_i.register_file_i._8938_/D : -5.239999
[setup reg-reg] i_soc.i_cpu.core_i.id_stage_i._3685_/Q -> i_soc.i_cpu.core_i.id_stage_i.register_file_i._8847_/D : -5.239738
[setup reg-reg] i_soc.i_cpu.core_i.id_stage_i._3681_/Q -> i_soc.i_cpu.core_i.cs_registers_i._4124_/D : -5.238086
[setup reg-reg] i_soc.i_cpu.core_i.id_stage_i._3806_/Q -> i_soc.i_cpu.core_i.id_stage_i.register_file_i._8135_/D : -5.237491
[setup reg-reg] i_soc.i_cpu.core_i.id_stage_i._3681_/Q -> i_soc.i_cpu.core_i.cs_registers_i._4130_/D : -5.236044
[setup reg-reg] i_soc.i_cpu.core_i.id_stage_i._3806_/Q -> i_soc.i_cpu.core_i.id_stage_i.register_file_i._8793_/D : -5.236044
[setup reg-reg] i_soc.i_cpu.core_i.id_stage_i._3685_/Q -> i_soc.i_cpu.core_i.id_stage_i.register_file_i._8625_/D : -5.235456
[setup reg-reg] i_soc.i_ai_accel._23469_/Q -> i_soc.i_ai_accel._23011_/D : -5.233996
[setup reg-reg] i_soc.i_cpu.core_i.id_stage_i._3806_/Q -> i_soc.i_cpu.core_i.id_stage_i.register_file_i._8935_/D : -5.232915
[setup reg-reg] i_soc.i_ai_accel._23469_/Q -> i_soc.i_ai_accel._23003_/D : -5.231936
[setup reg-reg] i_soc.i_cpu.core_i.id_stage_i._3806_/Q -> i_soc.i_cpu.core_i.id_stage_i.register_file_i._8967_/D : -5.230394
[setup reg-reg] i_soc.i_cpu.core_i.id_stage_i._3685_/Q -> i_soc.i_cpu.core_i.id_stage_i.register_file_i._8396_/D : -5.225397
[setup reg-reg] i_soc.i_cpu.core_i.id_stage_i._3685_/Q -> i_soc.i_cpu.core_i.id_stage_i.register_file_i._8844_/D : -5.223949
[setup reg-reg] i_soc.i_cpu.core_i.id_stage_i._3685_/Q -> i_soc.i_cpu.core_i.id_stage_i.register_file_i._8835_/D : -5.221271
[setup reg-reg] i_soc.i_cpu.core_i.id_stage_i._3681_/Q -> i_soc.i_cpu.core_i.if_stage_i.aligner_i._871_/D : -5.218423
[setup reg-reg] i_soc.i_cpu.core_i.id_stage_i._3806_/Q -> i_soc.i_cpu.core_i.id_stage_i.register_file_i._8230_/D : -5.217336
[setup reg-reg] i_soc.i_cpu.core_i.id_stage_i._3681_/Q -> i_soc.i_cpu.core_i.if_stage_i.aligner_i._862_/D : -5.216055
[setup reg-reg] i_soc.i_ai_accel._23469_/Q -> i_soc.i_ai_accel._22995_/D : -5.214337
[setup reg-reg] i_soc.i_cpu.core_i.id_stage_i._3681_/Q -> i_soc.i_cpu.core_i.if_stage_i.aligner_i._870_/D : -5.212389
[setup reg-reg] i_soc.i_ai_accel._23469_/Q -> i_soc.i_ai_accel._23006_/D : -5.211351
[setup reg-reg] i_soc.i_cpu.core_i.id_stage_i._3685_/Q -> i_soc.i_cpu.core_i.id_stage_i.register_file_i._8814_/D : -5.210271
[setup reg-reg] i_soc.i_cpu.core_i.id_stage_i._3685_/Q -> i_soc.i_cpu.core_i.id_stage_i.register_file_i._8831_/D : -5.209852
[setup reg-reg] i_soc.i_ai_accel._23469_/Q -> i_soc.i_ai_accel._23022_/D : -5.208272
[setup reg-reg] i_soc.i_cpu.core_i.id_stage_i._3685_/Q -> i_soc.i_cpu.core_i.id_stage_i.register_file_i._8782_/D : -5.207577
[setup reg-reg] i_soc.i_cpu.core_i.id_stage_i._3681_/Q -> i_soc.i_cpu.core_i.if_stage_i.aligner_i._869_/D : -5.207294
[setup reg-reg] i_soc.i_cpu.core_i.id_stage_i._3681_/Q -> i_soc.i_cpu.core_i.if_stage_i.aligner_i._906_/D : -5.203998
[setup reg-reg] i_soc.i_ai_accel._23469_/Q -> i_soc.i_ai_accel._23014_/D : -5.202916
[setup reg-reg] i_soc.i_ai_accel._23469_/Q -> i_soc.i_ai_accel._22998_/D : -5.201907
[setup reg-reg] i_soc.i_cpu.core_i.id_stage_i._3685_/Q -> i_soc.i_cpu.core_i.id_stage_i.register_file_i._8769_/D : -5.197538
[setup reg-reg] i_soc.i_cpu.core_i.id_stage_i._3681_/Q -> i_soc.i_cpu.core_i.id_stage_i._4050_/D : -5.195494
[setup reg-reg] i_soc.i_cpu.core_i.id_stage_i._3806_/Q -> i_soc.i_cpu.core_i.id_stage_i.register_file_i._8133_/D : -5.192117
[setup reg-reg] i_soc.i_cpu.core_i.id_stage_i._3685_/Q -> i_soc.i_cpu.core_i.id_stage_i.register_file_i._8134_/D : -5.190207
[setup reg-reg] i_soc.i_cpu.core_i.id_stage_i._3806_/Q -> i_soc.i_cpu.core_i.id_stage_i.register_file_i._8741_/D : -5.190062
[setup reg-reg] i_soc.i_cpu.core_i.id_stage_i._3685_/Q -> i_soc.i_cpu.core_i.id_stage_i.register_file_i._8802_/D : -5.189950
[setup reg-reg] i_soc.i_cpu.core_i.id_stage_i._3806_/Q -> i_soc.i_cpu.core_i.id_stage_i.register_file_i._8957_/D : -5.187005
[setup reg-reg] i_soc.i_cpu.core_i.id_stage_i._3685_/Q -> i_soc.i_cpu.core_i.id_stage_i.register_file_i._8088_/D : -5.186600
[setup reg-reg] i_soc.i_cpu.core_i.id_stage_i._3806_/Q -> i_soc.i_cpu.core_i.id_stage_i.register_file_i._8893_/D : -5.186076
[setup reg-reg] i_soc.i_cpu.core_i.id_stage_i._3681_/Q -> i_soc.i_cpu.core_i.id_stage_i._4048_/D : -5.185939
[setup reg-reg] i_soc.i_qspi._21558_/Q -> i_soc.i_qspi._17227_/D : -5.185939
[setup reg-reg] i_soc.i_cpu.core_i.id_stage_i._3681_/Q -> i_soc.i_cpu.core_i.id_stage_i._4049_/D : -5.185811
[setup reg-reg] i_soc.i_cpu.core_i.id_stage_i._3681_/Q -> i_soc.i_cpu.core_i.id_stage_i._4047_/D : -5.184834
[setup reg-reg] i_soc.i_cpu.core_i.id_stage_i._3685_/Q -> i_soc.i_cpu.core_i.id_stage_i.register_file_i._8770_/D : -5.178816
[setup reg-reg] i_soc.i_cpu.core_i.id_stage_i._3681_/Q -> i_soc.i_cpu.core_i.id_stage_i._4046_/D : -5.178386
[setup reg-reg] i_soc.i_cpu.core_i.id_stage_i._3806_/Q -> i_soc.i_cpu.core_i.id_stage_i.register_file_i._8089_/D : -5.178380
[setup reg-reg] i_soc.i_qspi._21558_/Q -> i_soc.i_qspi._17238_/D : -5.176462
[setup reg-reg] i_soc.i_cpu.core_i.id_stage_i._3685_/Q -> i_soc.i_cpu.core_i.id_stage_i.register_file_i._8383_/D : -5.176043
[setup reg-reg] i_soc.i_cpu.core_i.id_stage_i._3685_/Q -> i_soc.i_cpu.core_i.id_stage_i.register_file_i._8775_/D : -5.161850
[setup reg-reg] i_soc.i_cpu.core_i.id_stage_i._3810_/Q -> i_soc.i_instr_sram.u_sram.gen_bank[0].gen_512.u_macro/addr1[7] : -5.160432
[setup reg-reg] i_soc.i_cpu.core_i.if_stage_i._865_/Q -> i_soc.i_cpu.core_i.if_stage_i.prefetch_buffer_i.instruction_obi_i._234_/D : -5.160367
[setup reg-reg] i_soc.i_cpu.core_i.id_stage_i._3806_/Q -> i_soc.i_cpu.core_i.id_stage_i.register_file_i._8553_/D : -5.159075
[setup reg-reg] i_soc.i_cpu.core_i.if_stage_i._865_/Q -> i_soc.i_cpu.core_i.if_stage_i.prefetch_buffer_i.instruction_obi_i._233_/D : -5.158628
[setup reg-reg] i_soc.i_cpu.core_i.id_stage_i._3685_/Q -> i_soc.i_cpu.core_i.id_stage_i.register_file_i._8102_/D : -5.157001
[setup reg-reg] i_soc.i_cpu.core_i.id_stage_i._3681_/Q -> i_soc.i_cpu.core_i.cs_registers_i._4131_/D : -5.155657
[setup reg-reg] i_soc.i_cpu.core_i.id_stage_i._3685_/Q -> i_soc.i_cpu.core_i.id_stage_i.register_file_i._8582_/D : -5.154538
[setup reg-reg] i_soc.i_cpu.core_i.id_stage_i._3685_/Q -> i_soc.i_cpu.core_i.id_stage_i.register_file_i._8937_/D : -5.153480
[setup reg-reg] i_soc.i_qspi._21558_/Q -> i_soc.i_qspi._17225_/D : -5.152501
[setup reg-reg] i_soc.i_cpu.core_i.id_stage_i._3681_/Q -> i_soc.i_cpu.core_i.id_stage_i._4037_/D : -5.152396
[setup reg-reg] i_soc.i_cpu.core_i.id_stage_i._3685_/Q -> i_soc.i_cpu.core_i.id_stage_i.register_file_i._8969_/D : -5.150074
[setup reg-reg] i_soc.i_cpu.core_i.id_stage_i._3806_/Q -> i_soc.i_cpu.core_i.id_stage_i.register_file_i._8768_/D : -5.143996
[setup reg-reg] i_soc.i_cpu.core_i.id_stage_i._3685_/Q -> i_soc.i_cpu.core_i.id_stage_i.register_file_i._8201_/D : -5.143704
[setup reg-reg] i_soc.i_cpu.core_i.id_stage_i._3685_/Q -> i_soc.i_cpu.core_i.id_stage_i.register_file_i._8169_/D : -5.142740
[setup reg-reg] i_soc.i_ai_accel._23469_/Q -> i_soc.i_ai_accel._23020_/D : -5.141317
[setup reg-reg] i_soc.i_ai_accel._23469_/Q -> i_soc.i_ai_accel._22996_/D : -5.140649
[setup reg-reg] i_soc.i_cpu.core_i.id_stage_i._3806_/Q -> i_soc.i_cpu.core_i.id_stage_i.register_file_i._8853_/D : -5.140276
[setup reg-reg] i_soc.i_ai_accel._23469_/Q -> i_soc.i_ai_accel._23004_/D : -5.139483
[setup reg-reg] i_soc.i_cpu.core_i.id_stage_i._3806_/Q -> i_soc.i_cpu.core_i.id_stage_i.register_file_i._8909_/D : -5.139258
[setup reg-reg] i_soc.i_cpu.core_i.id_stage_i._3681_/Q -> i_soc.i_cpu.core_i.id_stage_i.controller_i._548_/D : -5.139143
[setup reg-reg] i_soc.i_cpu.core_i.id_stage_i._3806_/Q -> i_soc.i_cpu.core_i.id_stage_i.register_file_i._8803_/D : -5.138414
[setup reg-reg] i_soc.i_cpu.core_i.id_stage_i._3806_/Q -> i_soc.i_cpu.core_i.id_stage_i.register_file_i._8973_/D : -5.137670
[setup reg-reg] i_soc.i_cpu.core_i.id_stage_i._3806_/Q -> i_soc.i_cpu.core_i.id_stage_i.register_file_i._8871_/D : -5.137558
[setup reg-reg] i_soc.i_qspi._21558_/Q -> i_soc.i_qspi._17242_/D : -5.137357
[setup reg-reg] i_soc.i_cpu.core_i.id_stage_i._3806_/Q -> i_soc.i_cpu.core_i.id_stage_i.register_file_i._8800_/D : -5.136164
[setup reg-reg] i_soc.i_ai_accel._23469_/Q -> i_soc.i_ai_accel._23017_/D : -5.135556
[setup reg-reg] i_soc.i_ai_accel._23469_/Q -> i_soc.i_ai_accel._23012_/D : -5.135048
[setup reg-reg] i_soc.i_cpu.core_i.id_stage_i._3806_/Q -> i_soc.i_cpu.core_i.id_stage_i.register_file_i._8941_/D : -5.134528
[setup reg-reg] i_soc.i_cpu.core_i.if_stage_i._865_/Q -> i_soc.i_boot_rom._479_/D : -5.133781
[setup reg-reg] i_soc.i_ai_accel._23469_/Q -> i_soc.i_ai_accel._23018_/D : -5.131383
[setup reg-reg] i_soc.i_cpu.core_i.id_stage_i._3806_/Q -> i_soc.i_cpu.core_i.id_stage_i.register_file_i._8927_/D : -5.130565
[setup reg-reg] i_soc.i_qspi._21558_/Q -> i_soc.i_qspi._17232_/D : -5.125537
[setup reg-reg] i_soc.i_cpu.core_i.if_stage_i._865_/Q -> i_soc.i_boot_rom._491_/D : -5.124352
[setup reg-reg] i_soc.i_ai_accel._23469_/Q -> i_soc.i_ai_accel._23009_/D : -5.122233
[setup reg-reg] i_soc.i_cpu.core_i.if_stage_i._865_/Q -> i_soc.i_cpu.core_i.if_stage_i.prefetch_buffer_i.instruction_obi_i._232_/D : -5.120091
[setup reg-reg] i_soc.i_ai_accel._23469_/Q -> i_soc.i_ai_accel._23001_/D : -5.120006
[setup reg-reg] i_soc.i_cpu.core_i.id_stage_i._3806_/Q -> i_soc.i_cpu.core_i.id_stage_i.register_file_i._9005_/D : -5.119931
[setup reg-reg] i_soc.i_cpu.core_i.id_stage_i._3685_/Q -> i_soc.i_cpu.core_i.id_stage_i.register_file_i._9001_/D : -5.118864
[setup reg-reg] i_soc.i_cpu.core_i.id_stage_i._3806_/Q -> i_soc.i_cpu.core_i.id_stage_i.register_file_i._8159_/D : -5.118729
[setup reg-reg] i_soc.i_cpu.core_i.if_stage_i._865_/Q -> i_soc.i_cpu.core_i.if_stage_i.prefetch_buffer_i.instruction_obi_i._235_/D : -5.118155
[setup reg-reg] i_soc.i_cpu.core_i.id_stage_i._3806_/Q -> i_soc.i_cpu.core_i.id_stage_i.register_file_i._8903_/D : -5.117546
[setup reg-reg] i_soc.i_cpu.core_i.id_stage_i._3681_/Q -> i_soc.i_cpu.core_i.id_stage_i._3801_/D : -5.117224
[setup reg-reg] i_soc.i_cpu.core_i.id_stage_i._3806_/Q -> i_soc.i_cpu.core_i.id_stage_i.register_file_i._8191_/D : -5.116240
[setup reg-reg] i_soc.i_ai_accel._23469_/Q -> i_soc.i_ai_accel._22999_/D : -5.115501
[setup reg-reg] i_soc.i_cpu.core_i.id_stage_i._3681_/Q -> i_soc.i_cpu.core_i.if_stage_i.aligner_i._835_/D : -5.114206
[setup reg-reg] i_soc.i_ai_accel._23469_/Q -> i_soc.i_ai_accel._22991_/D : -5.114192
[setup reg-reg] i_soc.i_cpu.core_i.id_stage_i._3806_/Q -> i_soc.i_cpu.core_i.id_stage_i.register_file_i._8561_/D : -5.112815
[setup reg-reg] i_soc.i_cpu.core_i.id_stage_i._3685_/Q -> i_soc.i_cpu.core_i.id_stage_i.register_file_i._8376_/D : -5.112494
[setup reg-reg] i_soc.i_cpu.core_i.id_stage_i._3806_/Q -> i_soc.i_cpu.core_i.id_stage_i.register_file_i._9023_/D : -5.111641
[setup reg-reg] i_soc.i_ai_accel._23469_/Q -> i_soc.i_ai_accel._22993_/D : -5.109000
[setup reg-reg] i_soc.i_cpu.core_i.id_stage_i._3685_/Q -> i_soc.i_cpu.core_i.id_stage_i.register_file_i._8391_/D : -5.109000
[setup reg-reg] i_soc.i_ai_accel._23469_/Q -> i_soc.i_ai_accel._23010_/D : -5.108684
[setup reg-reg] i_soc.i_cpu.core_i.id_stage_i._3685_/Q -> i_soc.i_cpu.core_i.id_stage_i.register_file_i._8796_/D : -5.108067
[setup reg-reg] i_soc.i_cpu.core_i.id_stage_i._3806_/Q -> i_soc.i_cpu.core_i.id_stage_i.register_file_i._8377_/D : -5.106351
[setup reg-reg] i_soc.i_ai_accel._23469_/Q -> i_soc.i_ai_accel._22994_/D : -5.106166
[setup reg-reg] i_soc.i_cpu.core_i.id_stage_i._3685_/Q -> i_soc.i_cpu.core_i.id_stage_i.register_file_i._8816_/D : -5.104290
[setup reg-reg] i_soc.i_cpu.core_i.id_stage_i._3806_/Q -> i_soc.i_cpu.core_i.id_stage_i.register_file_i._8895_/D : -5.100200
[setup reg-reg] i_soc.i_cpu.core_i.id_stage_i._3806_/Q -> i_soc.i_cpu.core_i.id_stage_i.register_file_i._8959_/D : -5.099446
[setup reg-reg] i_soc.i_cpu.core_i.id_stage_i._3806_/Q -> i_soc.i_cpu.core_i.id_stage_i.register_file_i._9032_/D : -5.097199
[setup reg-reg] i_soc.i_cpu.core_i.id_stage_i._3685_/Q -> i_soc.i_cpu.core_i.id_stage_i.register_file_i._8863_/D : -5.096529
[setup reg-reg] i_soc.i_cpu.core_i.if_stage_i._865_/Q -> i_soc.i_boot_rom._501_/D : -5.095840
[setup reg-reg] i_soc.i_cpu.core_i.id_stage_i._3806_/Q -> i_soc.i_cpu.core_i.id_stage_i.register_file_i._8053_/D : -5.095500
[setup reg-reg] i_soc.i_cpu.core_i.id_stage_i._3806_/Q -> i_soc.i_cpu.core_i.id_stage_i.register_file_i._9037_/D : -5.095109
[setup reg-reg] i_soc.i_qspi._21558_/Q -> i_soc.i_qspi._21527_/D : -5.093778
[setup reg-reg] i_soc.i_cpu.core_i.id_stage_i._3685_/Q -> i_soc.i_cpu.core_i.id_stage_i.register_file_i._9033_/D : -5.093618
[setup reg-reg] i_soc.i_cpu.core_i.id_stage_i._3810_/Q -> i_soc.i_instr_sram.u_sram.gen_bank[2].gen_512.u_macro/addr1[7] : -5.090518
[setup reg-reg] i_soc.i_cpu.core_i.if_stage_i._865_/Q -> i_soc.i_boot_rom._477_/D : -5.086683
[setup reg-reg] i_soc.i_cpu.core_i.id_stage_i._3806_/Q -> i_soc.i_cpu.core_i.id_stage_i.register_file_i._8173_/D : -5.083386
[setup reg-reg] i_soc.i_qspi._21558_/Q -> i_soc.i_qspi._21521_/D : -5.081054
[setup reg-reg] i_soc.i_cpu.core_i.id_stage_i._3806_/Q -> i_soc.i_cpu.core_i.id_stage_i.register_file_i._8205_/D : -5.080955
[setup reg-reg] i_soc.i_cpu.core_i.id_stage_i._3806_/Q -> i_soc.i_cpu.core_i.id_stage_i.register_file_i._8140_/D : -5.079841
[setup reg-reg] i_soc.i_cpu.core_i.id_stage_i._3685_/Q -> i_soc.i_cpu.core_i.id_stage_i.register_file_i._8801_/D : -5.075901
[setup reg-reg] i_soc.i_cpu.core_i.id_stage_i._3806_/Q -> i_soc.i_cpu.core_i.id_stage_i.register_file_i._8168_/D : -5.070826
[setup reg-reg] i_soc.i_cpu.core_i.id_stage_i._3806_/Q -> i_soc.i_cpu.core_i.id_stage_i.register_file_i._8200_/D : -5.069552
[setup reg-reg] i_soc.i_cpu.core_i.id_stage_i._3685_/Q -> i_soc.i_cpu.core_i.id_stage_i.register_file_i._8784_/D : -5.067417
[setup reg-reg] i_soc.i_ai_accel._23461_/Q -> i_soc.i_ai_accel._23504_/D : -5.067115
[setup reg-reg] i_soc.i_cpu.core_i.id_stage_i._3806_/Q -> i_soc.i_cpu.core_i.id_stage_i.register_file_i._8138_/D : -5.064230
[setup reg-reg] i_soc.i_cpu.core_i.id_stage_i._3806_/Q -> i_soc.i_cpu.core_i.id_stage_i.register_file_i._8146_/D : -5.062836
[setup reg-reg] i_soc.i_cpu.core_i.id_stage_i._3685_/Q -> i_soc.i_cpu.core_i.id_stage_i.register_file_i._8646_/D : -5.058567
[setup reg-reg] i_soc.i_cpu.core_i.id_stage_i._3685_/Q -> i_soc.i_cpu.core_i.id_stage_i.register_file_i._8209_/D : -5.057478
[setup reg-reg] i_soc.i_cpu.core_i.id_stage_i._3685_/Q -> i_soc.i_cpu.core_i.id_stage_i.register_file_i._8881_/D : -5.057180
[setup reg-reg] i_soc.i_cpu.core_i.id_stage_i._3685_/Q -> i_soc.i_cpu.core_i.id_stage_i.register_file_i._8614_/D : -5.056251
[setup reg-reg] i_soc.i_cpu.core_i.id_stage_i._3685_/Q -> i_soc.i_cpu.core_i.id_stage_i.register_file_i._8779_/D : -5.056169
[setup reg-reg] i_soc.i_ai_accel._23469_/Q -> i_soc.i_ai_accel._23008_/D : -5.055382
[setup reg-reg] i_soc.i_cpu.core_i.id_stage_i._3806_/Q -> i_soc.i_cpu.core_i.id_stage_i.register_file_i._8882_/D : -5.054503
[setup reg-reg] i_soc.i_cpu.core_i.id_stage_i._3685_/Q -> i_soc.i_cpu.core_i.id_stage_i.register_file_i._8977_/D : -5.053968
[setup reg-reg] i_soc.i_cpu.core_i.id_stage_i._3685_/Q -> i_soc.i_cpu.core_i.id_stage_i.register_file_i._8913_/D : -5.053319
[setup reg-reg] i_soc.i_cpu.core_i.id_stage_i._3685_/Q -> i_soc.i_cpu.core_i.id_stage_i.register_file_i._8177_/D : -5.053181
[setup reg-reg] i_soc.i_cpu.core_i.id_stage_i._3685_/Q -> i_soc.i_cpu.core_i.id_stage_i.register_file_i._8745_/D : -5.052407
[setup reg-reg] i_soc.i_cpu.core_i.id_stage_i._3806_/Q -> i_soc.i_cpu.core_i.id_stage_i.register_file_i._8946_/D : -5.051636
[setup reg-reg] i_soc.i_cpu.core_i.id_stage_i._3806_/Q -> i_soc.i_cpu.core_i.id_stage_i.register_file_i._8991_/D : -5.051398
[setup reg-reg] i_soc.i_cpu.core_i.id_stage_i._3685_/Q -> i_soc.i_cpu.core_i.id_stage_i.register_file_i._8073_/D : -5.050744
[setup reg-reg] i_soc.i_cpu.core_i.id_stage_i._3685_/Q -> i_soc.i_cpu.core_i.id_stage_i.register_file_i._8945_/D : -5.050616
[setup reg-reg] i_soc.i_ai_accel._23469_/Q -> i_soc.i_ai_accel._22992_/D : -5.048101
[setup reg-reg] i_soc.i_cpu.core_i.id_stage_i._3685_/Q -> i_soc.i_cpu.core_i.id_stage_i.register_file_i._8778_/D : -5.047596
[setup reg-reg] i_soc.i_cpu.core_i.id_stage_i._3685_/Q -> i_soc.i_cpu.core_i.id_stage_i.register_file_i._8105_/D : -5.042297
[setup reg-reg] i_soc.i_cpu.core_i.id_stage_i._3685_/Q -> i_soc.i_cpu.core_i.id_stage_i.register_file_i._8810_/D : -5.041685
[setup reg-reg] i_soc.i_cpu.core_i.id_stage_i._3806_/Q -> i_soc.i_cpu.core_i.id_stage_i.register_file_i._8167_/D : -5.040375
[setup reg-reg] i_soc.i_ai_accel._23469_/Q -> i_soc.i_ai_accel._23000_/D : -5.038434
[setup reg-reg] i_soc.i_cpu.core_i.id_stage_i._3685_/Q -> i_soc.i_cpu.core_i.id_stage_i.register_file_i._8821_/D : -5.037572
[setup reg-reg] i_soc.i_cpu.core_i.id_stage_i._3685_/Q -> i_soc.i_cpu.core_i.id_stage_i.register_file_i._8083_/D : -5.037210
[setup reg-reg] i_soc.i_cpu.core_i.id_stage_i._3681_/Q -> i_soc.i_cpu.core_i.if_stage_i.prefetch_buffer_i.fifo_i._217_/D : -5.035687
[setup reg-reg] i_soc.i_qspi._21558_/Q -> i_soc.i_qspi._17226_/D : -5.035137
[setup reg-reg] i_soc.i_cpu.core_i.id_stage_i._3806_/Q -> i_soc.i_cpu.core_i.id_stage_i.register_file_i._8999_/D : -5.033300
[setup reg-reg] i_soc.i_cpu.core_i.id_stage_i._3806_/Q -> i_soc.i_cpu.core_i.id_stage_i.register_file_i._8914_/D : -5.031464
[setup reg-reg] i_soc.i_cpu.core_i.id_stage_i._3806_/Q -> i_soc.i_cpu.core_i.id_stage_i.register_file_i._8818_/D : -5.028328
[setup reg-reg] i_soc.i_cpu.core_i.id_stage_i._3806_/Q -> i_soc.i_cpu.core_i.id_stage_i.register_file_i._8850_/D : -5.027282
[setup reg-reg] i_soc.i_cpu.core_i.id_stage_i._3681_/Q -> i_soc.i_cpu.core_i.if_stage_i.prefetch_buffer_i.fifo_i._219_/D : -5.025628
[setup reg-reg] i_soc.i_cpu.core_i.id_stage_i._3685_/Q -> i_soc.i_cpu.core_i.id_stage_i.register_file_i._8806_/D : -5.024809
[setup reg-reg] i_soc.i_cpu.core_i.id_stage_i._3685_/Q -> i_soc.i_cpu.core_i.id_stage_i.register_file_i._8774_/D : -5.024630
[setup reg-reg] i_soc.i_cpu.core_i.id_stage_i._3685_/Q -> i_soc.i_cpu.core_i.id_stage_i.register_file_i._8393_/D : -5.023963
[setup reg-reg] i_soc.i_cpu.core_i.id_stage_i._3685_/Q -> i_soc.i_cpu.core_i.id_stage_i.register_file_i._8103_/D : -5.022827
[setup reg-reg] i_soc.i_cpu.core_i.id_stage_i._3806_/Q -> i_soc.i_cpu.core_i.id_stage_i.register_file_i._8984_/D : -5.022219
[setup reg-reg] i_soc.i_cpu.core_i.if_stage_i._865_/Q -> i_soc.i_instr_sram.u_sram._49_/D : -5.020521
[setup reg-reg] i_soc.i_cpu.core_i.id_stage_i._3685_/Q -> i_soc.i_cpu.core_i.id_stage_i.register_file_i._9041_/D : -5.019391
[setup reg-reg] i_soc.i_cpu.core_i.id_stage_i._3681_/Q -> i_soc.i_cpu.core_i.if_stage_i.prefetch_buffer_i.fifo_i._239_/D : -5.019302
[setup reg-reg] i_soc.i_cpu.core_i.id_stage_i._3681_/Q -> i_soc.i_cpu.core_i.if_stage_i.prefetch_buffer_i.fifo_i._212_/D : -5.017926
[setup reg-reg] i_soc.i_cpu.core_i.id_stage_i._3806_/Q -> i_soc.i_cpu.core_i.id_stage_i.register_file_i._8152_/D : -5.017108
[setup reg-reg] i_soc.i_cpu.core_i.if_stage_i._865_/Q -> i_soc.i_instr_sram.u_sram._48_/D : -5.016192
[setup reg-reg] i_soc.i_cpu.core_i.id_stage_i._3806_/Q -> i_soc.i_cpu.core_i.id_stage_i.register_file_i._8112_/D : -5.016146
[setup reg-reg] i_soc.i_cpu.core_i.id_stage_i._3681_/Q -> i_soc.i_cpu.core_i.if_stage_i.prefetch_buffer_i.fifo_i._229_/D : -5.015824
[setup reg-reg] i_soc.i_cpu.core_i.id_stage_i._3806_/Q -> i_soc.i_cpu.core_i.id_stage_i.register_file_i._8550_/D : -5.015135
[setup reg-reg] i_soc.i_ai_accel._23469_/Q -> i_soc.i_ai_accel._23002_/D : -5.011764
[setup reg-reg] i_soc.i_cpu.core_i.id_stage_i._3806_/Q -> i_soc.i_cpu.core_i.id_stage_i.register_file_i._8958_/D : -5.010817
[setup reg-reg] i_soc.i_cpu.core_i.id_stage_i._3806_/Q -> i_soc.i_cpu.core_i.id_stage_i.register_file_i._8184_/D : -5.010767
[setup reg-reg] i_soc.i_cpu.core_i.id_stage_i._3806_/Q -> i_soc.i_cpu.core_i.id_stage_i.register_file_i._8894_/D : -5.010673
[setup reg-reg] i_soc.i_cpu.core_i.id_stage_i._3806_/Q -> i_soc.i_cpu.core_i.id_stage_i.register_file_i._9016_/D : -5.010234
[setup reg-reg] i_soc.i_ai_accel._23469_/Q -> i_soc.i_ai_accel._23015_/D : -5.008065
[setup reg-reg] i_soc.i_qspi._21558_/Q -> i_soc.i_qspi._17244_/D : -5.007136
[setup reg-reg] i_soc.i_cpu.core_i.if_stage_i._865_/Q -> i_soc.i_cpu.core_i.if_stage_i.prefetch_buffer_i.instruction_obi_i._248_/D : -5.005489
[setup reg-reg] i_soc.i_cpu.core_i.if_stage_i._865_/Q -> i_soc.i_cpu.core_i.if_stage_i.prefetch_buffer_i.instruction_obi_i._247_/D : -5.003990
[setup reg-reg] i_soc.i_cpu.core_i.if_stage_i._865_/Q -> i_soc.i_cpu.core_i.if_stage_i.prefetch_buffer_i.instruction_obi_i._240_/D : -5.003859
[setup reg-reg] i_soc.i_ai_accel._23469_/Q -> i_soc.i_ai_accel._23007_/D : -5.003539
[setup reg-reg] i_soc.i_cpu.core_i.id_stage_i._3681_/Q -> i_soc.i_cpu.core_i.id_stage_i._3804_/D : -5.000573
[setup reg-reg] i_soc.i_cpu.core_i.id_stage_i._3685_/Q -> i_soc.i_cpu.core_i.id_stage_i.register_file_i._8788_/D : -4.998969
[setup reg-reg] i_soc.i_cpu.core_i.id_stage_i._3681_/Q -> i_soc.i_cpu.core_i.id_stage_i._3807_/D : -4.998377
[setup reg-reg] i_soc.i_cpu.core_i.id_stage_i._3685_/Q -> i_soc.i_cpu.core_i.id_stage_i.register_file_i._8845_/D : -4.997922
[setup reg-reg] i_soc.i_cpu.core_i.if_stage_i._865_/Q -> i_soc.i_cpu.core_i.if_stage_i.prefetch_buffer_i.instruction_obi_i._249_/D : -4.997908
[setup reg-reg] i_soc.i_cpu.core_i.id_stage_i._3681_/Q -> i_soc.i_cpu.core_i.if_stage_i.prefetch_buffer_i.fifo_i._228_/D : -4.997683
[setup reg-reg] i_soc.i_cpu.core_i.id_stage_i._3685_/Q -> i_soc.i_cpu.core_i.id_stage_i.register_file_i._8820_/D : -4.997517
[setup reg-reg] i_soc.i_cpu.core_i.id_stage_i._3806_/Q -> i_soc.i_cpu.core_i.id_stage_i.register_file_i._9031_/D : -4.996476
[setup reg-reg] i_soc.i_cpu.core_i.id_stage_i._3685_/Q -> i_soc.i_cpu.core_i.id_stage_i.register_file_i._8811_/D : -4.993804
[setup reg-reg] i_soc.i_cpu.core_i.if_stage_i._865_/Q -> i_soc.i_cpu.core_i.if_stage_i.prefetch_buffer_i.instruction_obi_i._241_/D : -4.992526
[setup reg-reg] i_soc.i_cpu.core_i.if_stage_i._865_/Q -> i_soc.i_cpu.core_i.if_stage_i.prefetch_buffer_i.instruction_obi_i._246_/D : -4.991810
[setup reg-reg] i_soc.i_cpu.core_i.if_stage_i._865_/Q -> i_soc.i_cpu.core_i.if_stage_i.prefetch_buffer_i.instruction_obi_i._242_/D : -4.991612
[setup reg-reg] i_soc.i_cpu.core_i.id_stage_i._3806_/Q -> i_soc.i_cpu.core_i.id_stage_i.register_file_i._8178_/D : -4.989184
[setup reg-reg] i_soc.i_cpu.core_i.id_stage_i._3806_/Q -> i_soc.i_cpu.core_i.id_stage_i.register_file_i._8978_/D : -4.987813
[setup reg-reg] i_soc.i_qspi._21558_/Q -> i_soc.i_qspi._17221_/D : -4.984022
[setup reg-reg] i_soc.i_cpu.core_i.id_stage_i._3681_/Q -> i_soc.i_cpu.core_i.id_stage_i._3806_/D : -4.983969
[setup reg-reg] i_soc.i_cpu.core_i.id_stage_i._3681_/Q -> i_soc.i_cpu.core_i.id_stage_i._3808_/D : -4.983857
[setup reg-reg] i_soc.i_cpu.core_i.id_stage_i._3806_/Q -> i_soc.i_cpu.core_i.id_stage_i.register_file_i._8082_/D : -4.983342
[setup reg-reg] i_soc.i_cpu.core_i.id_stage_i._3806_/Q -> i_soc.i_cpu.core_i.id_stage_i.register_file_i._9010_/D : -4.977544
[setup reg-reg] i_soc.i_cpu.core_i.id_stage_i._3806_/Q -> i_soc.i_cpu.core_i.id_stage_i.register_file_i._8199_/D : -4.976775
[setup reg-reg] i_soc.i_cpu.core_i.id_stage_i._3681_/Q -> i_soc.i_cpu.core_i.if_stage_i.prefetch_buffer_i.fifo_i._210_/D : -4.966562
[setup reg-reg] i_soc.i_cpu.core_i.id_stage_i._3681_/Q -> i_soc.i_cpu.core_i.if_stage_i.prefetch_buffer_i.fifo_i._226_/D : -4.966385
[setup reg-reg] i_soc.i_cpu.core_i.id_stage_i._3806_/Q -> i_soc.i_cpu.core_i.id_stage_i.register_file_i._8943_/D : -4.966131
[setup reg-reg] i_soc.i_cpu.core_i.id_stage_i._3806_/Q -> i_soc.i_cpu.core_i.id_stage_i.register_file_i._8050_/D : -4.964108
[setup reg-reg] i_soc.i_cpu.core_i.id_stage_i._3806_/Q -> i_soc.i_cpu.core_i.id_stage_i.register_file_i._8911_/D : -4.963450
[setup reg-reg] i_soc.i_cpu.core_i.id_stage_i._3806_/Q -> i_soc.i_cpu.core_i.id_stage_i.register_file_i._8825_/D : -4.961491
[setup reg-reg] i_soc.i_ai_accel._23469_/Q -> i_soc.i_ai_accel._23016_/D : -4.959734
[setup reg-reg] i_soc.i_cpu.core_i.id_stage_i._3681_/Q -> i_soc.i_cpu.core_i.if_stage_i.aligner_i._831_/D : -4.950323
[setup reg-reg] i_soc.i_cpu.core_i.id_stage_i._3681_/Q -> i_soc.i_cpu.core_i.if_stage_i.aligner_i._833_/D : -4.945560
[setup reg-reg] i_soc.i_cpu.core_i.id_stage_i._3681_/Q -> i_soc.i_cpu.core_i.if_stage_i.aligner_i._830_/D : -4.945454
[setup reg-reg] i_soc.i_ai_accel._23461_/Q -> i_soc.i_ai_accel._23505_/D : -4.945086
[setup reg-reg] i_soc.i_cpu.core_i.id_stage_i._3806_/Q -> i_soc.i_cpu.core_i.id_stage_i.register_file_i._8965_/D : -4.944862
[setup reg-reg] i_soc.i_cpu.core_i.id_stage_i._3806_/Q -> i_soc.i_cpu.core_i.id_stage_i.register_file_i._8920_/D : -4.943383
[setup reg-reg] i_soc.i_cpu.core_i.id_stage_i._3806_/Q -> i_soc.i_cpu.core_i.id_stage_i.register_file_i._8856_/D : -4.943265
[setup reg-reg] i_soc.i_cpu.core_i.id_stage_i._3806_/Q -> i_soc.i_cpu.core_i.id_stage_i.register_file_i._9029_/D : -4.941594
[setup reg-reg] i_soc.i_cpu.core_i.id_stage_i._3806_/Q -> i_soc.i_cpu.core_i.id_stage_i.register_file_i._8997_/D : -4.939738
[setup reg-reg] i_soc.i_cpu.core_i.if_stage_i._865_/Q -> i_soc.i_cpu.core_i.if_stage_i.prefetch_buffer_i.instruction_obi_i._239_/D : -4.939432
[setup reg-reg] i_soc.i_cpu.core_i.id_stage_i._3681_/Q -> i_soc.i_cpu.core_i.if_stage_i.aligner_i._838_/D : -4.937901
[setup reg-reg] i_soc.i_ai_accel._23469_/Q -> i_soc.i_ai_accel._22997_/D : -4.936880
[setup reg-reg] i_soc.i_cpu.core_i.id_stage_i._3806_/Q -> i_soc.i_cpu.core_i.id_stage_i.register_file_i._8901_/D : -4.936450
[setup reg-reg] i_soc.i_cpu.core_i.id_stage_i._3685_/Q -> i_soc.i_cpu.core_i.id_stage_i.register_file_i._8837_/D : -4.935615
[setup reg-reg] i_soc.i_cpu.core_i.id_stage_i._3806_/Q -> i_soc.i_cpu.core_i.id_stage_i.register_file_i._8933_/D : -4.933861
[setup reg-reg] i_soc.i_ai_accel._23469_/Q -> i_soc.i_ai_accel._23021_/D : -4.933423
[setup reg-reg] i_soc.i_qspi._21558_/Q -> i_soc.i_qspi._17243_/D : -4.932822
[setup reg-reg] i_soc.i_cpu.core_i.id_stage_i._3806_/Q -> i_soc.i_cpu.core_i.id_stage_i.register_file_i._8197_/D : -4.931663
[setup reg-reg] i_soc.i_ai_accel._23469_/Q -> i_soc.i_ai_accel._23005_/D : -4.931490
[setup reg-reg] i_soc.i_ai_accel._23469_/Q -> i_soc.i_ai_accel._23013_/D : -4.929275
[setup reg-reg] i_soc.i_cpu.core_i.id_stage_i._3685_/Q -> i_soc.i_cpu.core_i.id_stage_i.register_file_i._8101_/D : -4.929023
[setup reg-reg] i_soc.i_cpu.core_i.id_stage_i._3806_/Q -> i_soc.i_cpu.core_i.id_stage_i.register_file_i._8165_/D : -4.925839
[setup reg-reg] i_soc.i_cpu.core_i.id_stage_i._3685_/Q -> i_soc.i_cpu.core_i.id_stage_i.register_file_i._8389_/D : -4.922661
[setup reg-reg] i_soc.i_cpu.core_i.id_stage_i._3806_/Q -> i_soc.i_cpu.core_i.id_stage_i.register_file_i._8902_/D : -4.921852
[setup reg-reg] i_soc.i_cpu.core_i.id_stage_i._3806_/Q -> i_soc.i_cpu.core_i.id_stage_i.register_file_i._8166_/D : -4.920695
[setup reg-reg] i_soc.i_cpu.core_i.id_stage_i._3806_/Q -> i_soc.i_cpu.core_i.id_stage_i.register_file_i._8966_/D : -4.915847
[setup reg-reg] i_soc.i_ai_accel._23251_/Q -> i_soc.i_ai_accel._23039_/D : -4.913938
[setup reg-reg] i_soc.i_cpu.core_i.id_stage_i._3806_/Q -> i_soc.i_cpu.core_i.id_stage_i.register_file_i._8370_/D : -4.912796
[setup reg-reg] i_soc.i_cpu.core_i.id_stage_i._3806_/Q -> i_soc.i_cpu.core_i.id_stage_i.register_file_i._8198_/D : -4.912524
[setup reg-reg] i_soc.i_cpu.core_i.id_stage_i._3806_/Q -> i_soc.i_cpu.core_i.id_stage_i.register_file_i._8786_/D : -4.911897
[setup reg-reg] i_soc.i_cpu.core_i.id_stage_i._3681_/Q -> i_soc.i_cpu.core_i.if_stage_i.aligner_i._834_/D : -4.906122
[setup reg-reg] i_soc.i_cpu.core_i.id_stage_i._3681_/Q -> i_soc.i_cpu.core_i.if_stage_i.aligner_i._832_/D : -4.905692
[setup reg-reg] i_soc.i_cpu.core_i.id_stage_i._3806_/Q -> i_soc.i_cpu.core_i.id_stage_i.register_file_i._8904_/D : -4.904782
[setup reg-reg] i_soc.i_cpu.core_i.id_stage_i._3681_/Q -> i_soc.i_cpu.core_i.if_stage_i.aligner_i._836_/D : -4.902642
[setup reg-reg] i_soc.i_cpu.core_i.id_stage_i._3806_/Q -> i_soc.i_cpu.core_i.id_stage_i.register_file_i._8870_/D : -4.899848
[setup reg-reg] i_soc.i_cpu.core_i.id_stage_i._3806_/Q -> i_soc.i_cpu.core_i.id_stage_i.register_file_i._8934_/D : -4.897002
[setup reg-reg] i_soc.i_cpu.core_i.if_stage_i._865_/Q -> i_soc.i_instr_sram.u_sram.gen_bank[3].gen_512.u_macro/csb1 : -4.892998
[setup reg-reg] i_soc.i_cpu.core_i.id_stage_i._3806_/Q -> i_soc.i_cpu.core_i.id_stage_i.register_file_i._8099_/D : -4.891867
[setup reg-reg] i_soc.i_cpu.core_i.id_stage_i._3806_/Q -> i_soc.i_cpu.core_i.id_stage_i.register_file_i._8872_/D : -4.879789
[setup reg-reg] i_soc.i_qspi._21558_/Q -> i_soc.i_qspi._17235_/D : -4.877958
[setup reg-reg] i_soc.i_cpu.core_i.id_stage_i._3681_/Q -> i_soc.i_cpu.core_i.if_stage_i.aligner_i._837_/D : -4.873442
[setup reg-reg] i_soc.i_cpu.core_i.id_stage_i._3685_/Q -> i_soc.i_cpu.core_i.id_stage_i.register_file_i._8113_/D : -4.867547
[setup reg-reg] i_soc.i_cpu.core_i.id_stage_i._3810_/Q -> i_soc.i_instr_sram.u_sram.gen_bank[2].gen_512.u_macro/addr1[6] : -4.857015
[setup reg-reg] i_soc.i_cpu.core_i.id_stage_i._3681_/Q -> i_soc.i_cpu.core_i.if_stage_i.aligner_i._829_/D : -4.849806
[setup reg-reg] i_soc.i_cpu.core_i.id_stage_i._3806_/Q -> i_soc.i_cpu.core_i.id_stage_i.register_file_i._9004_/D : -4.847211
[setup reg-reg] i_soc.i_cpu.core_i.id_stage_i._3806_/Q -> i_soc.i_cpu.core_i.id_stage_i.register_file_i._8876_/D : -4.844878
[setup reg-reg] i_soc.i_cpu.core_i.id_stage_i._3806_/Q -> i_soc.i_cpu.core_i.id_stage_i.register_file_i._8908_/D : -4.842906
[setup reg-reg] i_soc.i_cpu.core_i.id_stage_i._3806_/Q -> i_soc.i_cpu.core_i.id_stage_i.register_file_i._8204_/D : -4.837512
[setup reg-reg] i_soc.i_cpu.core_i.id_stage_i._3806_/Q -> i_soc.i_cpu.core_i.id_stage_i.register_file_i._8172_/D : -4.836212
[setup reg-reg] i_soc.i_cpu.core_i.id_stage_i._3806_/Q -> i_soc.i_cpu.core_i.id_stage_i.register_file_i._8940_/D : -4.834643
[setup reg-reg] i_soc.i_cpu.core_i.id_stage_i._3806_/Q -> i_soc.i_cpu.core_i.id_stage_i.register_file_i._8972_/D : -4.833607
[setup reg-reg] i_soc.i_cpu.core_i.id_stage_i._3810_/Q -> i_soc.i_instr_sram.u_sram.gen_bank[0].gen_512.u_macro/addr1[6] : -4.823376
[setup reg-reg] i_soc.i_cpu.core_i.id_stage_i._3681_/Q -> i_soc.i_cpu.core_i.if_stage_i.prefetch_buffer_i.fifo_i._271_/D : -4.810678
[setup reg-reg] i_soc.i_qspi._21558_/Q -> i_soc.i_qspi._21525_/D : -4.806806
[setup reg-reg] i_soc.i_cpu.core_i.id_stage_i._3806_/Q -> i_soc.i_cpu.core_i.id_stage_i.register_file_i._9036_/D : -4.805012
[setup reg-reg] i_soc.i_cpu.core_i.if_stage_i._865_/Q -> i_soc.i_boot_rom._481_/D : -4.798975
[setup reg-reg] i_soc.i_cpu.core_i.id_stage_i._3806_/Q -> i_soc.i_cpu.core_i.id_stage_i.register_file_i._8868_/D : -4.787250
[setup reg-reg] i_soc.i_qspi._21558_/Q -> i_soc.i_qspi._17239_/D : -4.774794
[setup reg-reg] i_soc.i_cpu.core_i.id_stage_i._3806_/Q -> i_soc.i_cpu.core_i.id_stage_i.register_file_i._8900_/D : -4.773371
[setup reg-reg] i_soc.i_cpu.core_i.id_stage_i._3806_/Q -> i_soc.i_cpu.core_i.id_stage_i.register_file_i._8877_/D : -4.772019
[setup reg-reg] i_soc.i_cpu.core_i.id_stage_i._3806_/Q -> i_soc.i_cpu.core_i.id_stage_i.register_file_i._8888_/D : -4.771692
[setup reg-reg] i_soc.i_cpu.core_i.id_stage_i._3685_/Q -> i_soc.i_cpu.core_i.id_stage_i.register_file_i._8794_/D : -4.771421
[setup reg-reg] i_soc.i_cpu.core_i.id_stage_i._3806_/Q -> i_soc.i_cpu.core_i.id_stage_i.register_file_i._8952_/D : -4.769678
[setup reg-reg] i_soc.i_cpu.core_i.id_stage_i._3685_/Q -> i_soc.i_cpu.core_i.id_stage_i.register_file_i._8762_/D : -4.768095
[setup reg-reg] i_soc.i_cpu.core_i.id_stage_i._3681_/Q -> i_soc.i_cpu.core_i.id_stage_i._3819_/D : -4.764404
[setup reg-reg] i_soc.i_cpu.core_i.id_stage_i._3681_/Q -> i_soc.i_cpu.core_i.cs_registers_i._4119_/D : -4.760379
[setup reg-reg] i_soc.i_cpu.core_i.id_stage_i._3681_/Q -> i_soc.i_cpu.core_i.id_stage_i._3820_/D : -4.757501
[setup reg-reg] i_soc.i_cpu.core_i.id_stage_i._3681_/Q -> i_soc.i_cpu.core_i.id_stage_i._3821_/D : -4.757119
[setup reg-reg] i_soc.i_cpu.core_i.id_stage_i._3681_/Q -> i_soc.i_cpu.core_i.id_stage_i._3818_/D : -4.755396
[setup reg-reg] i_soc.i_cpu.core_i.id_stage_i._3806_/Q -> i_soc.i_cpu.core_i.id_stage_i.register_file_i._9002_/D : -4.754764
[setup reg-reg] i_soc.i_cpu.core_i.id_stage_i._3806_/Q -> i_soc.i_cpu.core_i.id_stage_i.register_file_i._8080_/D : -4.750859
[setup reg-reg] i_soc.i_cpu.core_i.if_stage_i._865_/Q -> i_soc.i_boot_rom._489_/D : -4.732414
[setup reg-reg] i_soc.i_cpu.core_i.if_stage_i._865_/Q -> i_soc.i_boot_rom._482_/D : -4.732053
[setup reg-reg] i_soc.i_cpu.core_i.if_stage_i._865_/Q -> i_soc.i_boot_rom._478_/D : -4.723423
[setup reg-reg] i_soc.i_cpu.core_i.if_stage_i._865_/Q -> i_soc.i_boot_rom._492_/D : -4.721219
[setup reg-reg] i_soc.i_cpu.core_i.id_stage_i._3681_/Q -> i_soc.i_cpu.core_i.if_stage_i._908_/D : -4.703560
[setup reg-reg] i_soc.i_cpu.core_i.id_stage_i._3685_/Q -> i_soc.i_cpu.core_i.id_stage_i.register_file_i._8070_/D : -4.698761
[setup reg-reg] i_soc.i_cpu.core_i.id_stage_i._3681_/Q -> i_soc.i_cpu.core_i.if_stage_i._902_/D : -4.697393
[setup reg-reg] i_soc.i_cpu.core_i.id_stage_i._3681_/Q -> i_soc.i_cpu.core_i.if_stage_i._901_/D : -4.694408
[setup reg-reg] i_soc.i_cpu.core_i.id_stage_i._3681_/Q -> i_soc.i_cpu.core_i.if_stage_i._903_/D : -4.692602
[setup reg-reg] i_soc.i_cpu.core_i.id_stage_i._3681_/Q -> i_soc.i_cpu.core_i.if_stage_i._904_/D : -4.690333
[setup reg-reg] i_soc.i_cpu.core_i.id_stage_i._3681_/Q -> i_soc.i_cpu.core_i.if_stage_i._905_/D : -4.690095
[setup reg-reg] i_soc.i_cpu.core_i.id_stage_i._3806_/Q -> i_soc.i_cpu.core_i.id_stage_i.register_file_i._9034_/D : -4.689264
[setup reg-reg] i_soc.i_cpu.core_i.id_stage_i._3681_/Q -> i_soc.i_cpu.core_i.if_stage_i._909_/D : -4.684006
[setup reg-reg] i_soc.i_cpu.core_i.id_stage_i._3685_/Q -> i_soc.i_cpu.core_i.id_stage_i.register_file_i._8780_/D : -4.683240
[setup reg-reg] i_soc.i_cpu.core_i.id_stage_i._3681_/Q -> i_soc.i_cpu.core_i.if_stage_i._907_/D : -4.682478
[setup reg-reg] i_soc.i_qspi._21558_/Q -> i_soc.i_qspi._17231_/D : -4.681413
[setup reg-reg] i_soc.i_qspi._21558_/Q -> i_soc.i_qspi._17234_/D : -4.681217
[setup reg-reg] i_soc.i_cpu.core_i.id_stage_i._3681_/Q -> i_soc.i_cpu.core_i.if_stage_i._906_/D : -4.680269
[setup reg-reg] i_soc.i_cpu.core_i.id_stage_i._3681_/Q -> i_soc.i_cpu.core_i.if_stage_i._911_/D : -4.676515
[setup reg-reg] i_soc.i_cpu.core_i.id_stage_i._3681_/Q -> i_soc.i_cpu.core_i.if_stage_i.aligner_i._861_/D : -4.675073
[setup reg-reg] i_soc.i_cpu.core_i.id_stage_i._3681_/Q -> i_soc.i_cpu.core_i.if_stage_i._910_/D : -4.674192
[setup reg-reg] i_soc.i_cpu.core_i.if_stage_i._865_/Q -> i_soc.i_boot_rom._473_/D : -4.673430
[setup reg-reg] i_soc.i_cpu.core_i.id_stage_i._3681_/Q -> i_soc.i_cpu.core_i.if_stage_i.aligner_i._864_/D : -4.672973
[setup reg-reg] i_soc.i_cpu.core_i.if_stage_i._865_/Q -> i_soc.i_boot_rom._500_/D : -4.671868
[setup reg-reg] i_soc.i_cpu.core_i.if_stage_i._865_/Q -> i_soc.i_boot_rom._474_/D : -4.671691
[setup reg-reg] i_soc.i_cpu.core_i.id_stage_i._3681_/Q -> i_soc.i_cpu.core_i.if_stage_i._912_/D : -4.671582
[setup reg-reg] i_soc.i_cpu.core_i.if_stage_i._865_/Q -> i_soc.i_boot_rom._499_/D : -4.671117
[setup reg-reg] i_soc.i_cpu.core_i.if_stage_i._865_/Q -> i_soc.i_boot_rom._483_/D : -4.671071
[setup reg-reg] i_soc.i_cpu.core_i.id_stage_i._3681_/Q -> i_soc.i_cpu.core_i.if_stage_i.aligner_i._863_/D : -4.668872
[setup reg-reg] i_soc.i_qspi._21558_/Q -> i_soc.i_qspi._17218_/D : -4.668349
[setup reg-reg] i_soc.i_cpu.core_i.id_stage_i._3681_/Q -> i_soc.i_cpu.core_i.if_stage_i.aligner_i._893_/D : -4.666152
[setup reg-reg] i_soc.i_qspi._21558_/Q -> i_soc.i_qspi._17222_/D : -4.665141
[setup reg-reg] i_soc.i_cpu.core_i.id_stage_i._3681_/Q -> i_soc.i_cpu.core_i.if_stage_i._913_/D : -4.659657
[setup reg-reg] i_soc.i_cpu.core_i.id_stage_i._3685_/Q -> i_soc.i_cpu.core_i.id_stage_i.register_file_i._8071_/D : -4.656233
[setup reg-reg] i_soc.i_qspi._21558_/Q -> i_soc.i_qspi._17241_/D : -4.654405
[setup reg-reg] i_soc.i_cpu.core_i.id_stage_i._3685_/Q -> i_soc.i_cpu.core_i.id_stage_i.register_file_i._8755_/D : -4.650852
[setup reg-reg] i_soc.i_cpu.core_i.id_stage_i._3685_/Q -> i_soc.i_cpu.core_i.id_stage_i.register_file_i._8787_/D : -4.648458
[setup reg-reg] i_soc.i_cpu.core_i.if_stage_i._865_/Q -> i_soc.i_boot_rom._495_/D : -4.647824
[setup reg-reg] i_soc.i_cpu.core_i.id_stage_i._3806_/Q -> i_soc.i_cpu.core_i.id_stage_i.register_file_i._9009_/D : -4.624384
[setup reg-reg] i_soc.i_cpu.core_i.id_stage_i._3681_/Q -> i_soc.i_cpu.core_i.if_stage_i.aligner_i._828_/D : -4.608236
[setup reg-reg] i_soc.i_cpu.core_i.id_stage_i._3685_/Q -> i_soc.i_cpu.core_i.id_stage_i.register_file_i._8069_/D : -4.575128
[setup reg-reg] i_soc.i_cpu.core_i.id_stage_i._3685_/Q -> i_soc.i_cpu.core_i.id_stage_i.register_file_i._8812_/D : -4.568156
[setup reg-reg] i_soc.i_cpu.core_i.id_stage_i._3685_/Q -> i_soc.i_cpu.core_i.id_stage_i.register_file_i._8785_/D : -4.567164
[setup reg-reg] i_soc.i_cpu.core_i.id_stage_i._3681_/Q -> i_soc.i_cpu.core_i.if_stage_i.prefetch_buffer_i.fifo_i._206_/D : -4.560480
[setup reg-reg] i_soc.i_cpu.core_i.if_stage_i._865_/Q -> i_soc.i_boot_rom._472_/D : -4.558910
[setup reg-reg] i_soc.i_qspi._21558_/Q -> i_soc.i_qspi._17233_/D : -4.558693
[setup reg-reg] i_soc.i_qspi._21558_/Q -> i_soc.i_qspi._17217_/D : -4.557787
[setup reg-reg] i_soc.i_cpu.core_i.if_stage_i._865_/Q -> i_soc.i_boot_rom._476_/D : -4.553463
[setup reg-reg] i_soc.i_cpu.core_i.if_stage_i._865_/Q -> i_soc.i_boot_rom._487_/D : -4.551238
[setup reg-reg] i_soc.i_cpu.core_i.if_stage_i._865_/Q -> i_soc.i_boot_rom._488_/D : -4.550673
[setup reg-reg] i_soc.i_cpu.core_i.id_stage_i._3806_/Q -> i_soc.i_cpu.core_i.id_stage_i.register_file_i._8998_/D : -4.550623
[setup reg-reg] i_soc.i_qspi._21558_/Q -> i_soc.i_qspi._17236_/D : -4.541132
[setup reg-reg] i_soc.i_cpu.core_i.if_stage_i._865_/Q -> i_soc.i_boot_rom._486_/D : -4.537869
[setup reg-reg] i_soc.i_cpu.core_i.id_stage_i._3806_/Q -> i_soc.i_cpu.core_i.id_stage_i.register_file_i._9030_/D : -4.526907
[setup reg-reg] i_soc.i_cpu.core_i.id_stage_i._3806_/Q -> i_soc.i_cpu.core_i.id_stage_i.register_file_i._8905_/D : -4.526003
[setup reg-reg] i_soc.i_cpu.core_i.id_stage_i._3806_/Q -> i_soc.i_cpu.core_i.id_stage_i.register_file_i._8873_/D : -4.524285
[setup reg-reg] i_soc.i_ai_accel._23252_/Q -> i_soc.i_ai_accel._23501_/D : -4.516995
[setup reg-reg] i_soc.i_cpu.core_i.if_stage_i._865_/Q -> i_soc.i_instr_sram.u_sram.gen_bank[1].gen_512.u_macro/csb1 : -4.498100
[setup reg-reg] i_soc.i_cpu.core_i.if_stage_i._865_/Q -> i_soc.i_boot_rom._496_/D : -4.443677
[setup reg-reg] i_soc.i_cpu.core_i.id_stage_i._3685_/Q -> i_soc.i_cpu.core_i.id_stage_i.register_file_i._8817_/D : -4.424829
[setup reg-reg] i_soc.i_qspi._21558_/Q -> i_soc.i_qspi._17245_/D : -4.420929
[setup reg-reg] i_soc.i_qspi._21558_/Q -> i_soc.i_qspi._17216_/D : -4.388497
[setup reg-reg] i_soc.i_cpu.core_i.if_stage_i._865_/Q -> i_soc.i_boot_rom._498_/D : -4.374643
[setup reg-reg] i_soc.i_ai_accel._23252_/Q -> i_soc.i_ai_accel._23502_/D : -4.368948
[setup reg-reg] i_soc.i_cpu.core_i.id_stage_i._3681_/Q -> i_soc.i_cpu.core_i.id_stage_i._3816_/D : -4.367579
[setup reg-reg] i_soc.i_cpu.core_i.id_stage_i._3681_/Q -> i_soc.i_cpu.core_i.id_stage_i._3815_/D : -4.351201
[setup reg-reg] i_soc.i_cpu.core_i.id_stage_i._3681_/Q -> i_soc.i_cpu.core_i.if_stage_i._898_/D : -4.337584
[setup reg-reg] i_soc.i_cpu.core_i.id_stage_i._3681_/Q -> i_soc.i_cpu.core_i.if_stage_i._900_/D : -4.312035
[setup reg-reg] i_soc.i_cpu.core_i.id_stage_i._3681_/Q -> i_soc.i_cpu.core_i.if_stage_i._899_/D : -4.310722
[setup reg-reg] i_soc.i_cpu.core_i.id_stage_i._3681_/Q -> i_soc.i_cpu.core_i.if_stage_i._896_/D : -4.307388
[setup reg-reg] i_soc.i_cpu.core_i.id_stage_i._3685_/Q -> i_soc.i_cpu.core_i.id_stage_i.register_file_i._8805_/D : -4.297869
[setup reg-reg] i_soc.i_qspi._21558_/Q -> i_soc.i_qspi._17220_/D : -4.293229
[setup reg-reg] i_soc.i_cpu.core_i.id_stage_i._3681_/Q -> i_soc.i_cpu.core_i.id_stage_i._3822_/D : -4.287669
[setup reg-reg] i_soc.i_cpu.core_i.id_stage_i._3681_/Q -> i_soc.i_cpu.core_i.cs_registers_i._4097_/D : -4.283947
[setup reg-reg] i_soc.i_cpu.core_i.id_stage_i._3681_/Q -> i_soc.i_cpu.core_i.cs_registers_i._4096_/D : -4.283894
[setup reg-reg] i_soc.i_ai_accel._23250_/Q -> i_soc.i_ai_accel._23055_/D : -4.280621
[setup reg-reg] i_soc.i_cpu.core_i.id_stage_i._3681_/Q -> i_soc.i_cpu.core_i.if_stage_i._895_/D : -4.277812
[setup reg-reg] i_soc.i_cpu.core_i.id_stage_i._3681_/Q -> i_soc.i_cpu.core_i.if_stage_i._897_/D : -4.276991
[setup reg-reg] i_soc.i_cpu.core_i.id_stage_i._3681_/Q -> i_soc.i_cpu.core_i.id_stage_i._4033_/D : -4.276730
[setup reg-reg] i_soc.i_ai_accel._23251_/Q -> i_soc.i_ai_accel._23037_/D : -4.274087
[setup reg-reg] i_soc.i_cpu.core_i.id_stage_i._3681_/Q -> i_soc.i_cpu.core_i.if_stage_i._894_/D : -4.273780
[setup reg-reg] i_soc.i_cpu.core_i.id_stage_i._3806_/Q -> i_soc.i_cpu.core_i.id_stage_i.register_file_i._8869_/D : -4.265937
[setup reg-reg] i_soc.i_cpu.core_i.id_stage_i._3681_/Q -> i_soc.i_cpu.core_i.id_stage_i._4034_/D : -4.264804
[setup reg-reg] i_soc.i_cpu.core_i.id_stage_i._3681_/Q -> i_soc.i_cpu.core_i.cs_registers_i._4095_/D : -4.238652
[setup reg-reg] i_soc.i_cpu.core_i.id_stage_i._3810_/Q -> i_soc.i_instr_sram.u_sram.gen_bank[2].gen_512.u_macro/addr1[5] : -4.231143
[setup reg-reg] i_soc.i_cpu.core_i.id_stage_i._3681_/Q -> i_soc.i_cpu.core_i.cs_registers_i._4101_/D : -4.224337
[setup reg-reg] i_soc.i_cpu.core_i.id_stage_i._3681_/Q -> i_soc.i_cpu.core_i.cs_registers_i._4098_/D : -4.223006
[setup reg-reg] i_soc.i_cpu.core_i.id_stage_i._3681_/Q -> i_soc.i_cpu.core_i.cs_registers_i._4100_/D : -4.221731
[setup reg-reg] i_soc.i_cpu.core_i.id_stage_i._3681_/Q -> i_soc.i_cpu.core_i.cs_registers_i._4099_/D : -4.218590
[setup reg-reg] i_soc.i_cpu.core_i.id_stage_i._3681_/Q -> i_soc.i_cpu.core_i.cs_registers_i._4117_/D : -4.211206
[setup reg-reg] i_soc.i_cpu.core_i.id_stage_i._3681_/Q -> i_soc.i_cpu.core_i.cs_registers_i._4118_/D : -4.208587
[setup reg-reg] i_soc.i_cpu.core_i.id_stage_i._3681_/Q -> i_soc.i_cpu.core_i.id_stage_i._3799_/D : -4.208314
[setup reg-reg] i_soc.i_cpu.core_i.id_stage_i._3810_/Q -> i_soc.i_instr_sram.u_sram.gen_bank[0].gen_512.u_macro/addr1[5] : -4.200379
[setup reg-reg] i_soc.i_cpu.core_i.id_stage_i._3681_/Q -> i_soc.i_cpu.core_i.id_stage_i._3817_/D : -4.138647
[setup reg-reg] i_soc.i_qspi._21558_/Q -> i_soc.i_qspi._17240_/D : -4.134050
[setup reg-reg] i_soc.i_cpu.core_i.id_stage_i._3681_/Q -> i_soc.i_cpu.core_i.if_stage_i.prefetch_buffer_i.fifo_i._204_/D : -4.132989
[setup reg-reg] i_soc.i_cpu.core_i.id_stage_i._3681_/Q -> i_soc.i_cpu.core_i.if_stage_i.aligner_i._910_/D : -4.102812
[setup reg-reg] i_soc.i_cpu.core_i.id_stage_i._3681_/Q -> i_soc.i_cpu.core_i.id_stage_i._3824_/D : -4.091190
[setup reg-reg] i_soc.i_cpu.core_i.id_stage_i._3681_/Q -> i_soc.i_cpu.core_i.id_stage_i._3783_/D : -4.088372
[setup reg-reg] i_soc.i_cpu.core_i.id_stage_i._3681_/Q -> i_soc.i_cpu.core_i.id_stage_i._3675_/D : -4.086848
[setup reg-reg] i_soc.i_cpu.core_i.id_stage_i._3681_/Q -> i_soc.i_cpu.core_i.id_stage_i._3674_/D : -4.082946
[setup reg-reg] i_soc.i_cpu.core_i.id_stage_i._3681_/Q -> i_soc.i_cpu.core_i.id_stage_i._3782_/D : -4.079452
[setup reg-reg] i_soc.i_cpu.core_i.id_stage_i._3681_/Q -> i_soc.i_cpu.core_i.id_stage_i.controller_i._540_/D : -4.073343
[setup reg-reg] i_soc.i_ai_accel._23461_/Q -> i_soc.i_ai_accel._23503_/D : -4.062823
[setup reg-reg] i_soc.i_cpu.core_i.id_stage_i._3810_/Q -> i_soc.i_instr_sram.u_sram.gen_bank[2].gen_512.u_macro/addr1[4] : -4.019443
[setup reg-reg] i_soc.i_cpu.core_i.id_stage_i._3681_/Q -> i_soc.i_cpu.core_i.if_stage_i.aligner_i._894_/D : -4.010611
[setup reg-reg] i_soc.i_cpu.core_i.id_stage_i._3681_/Q -> i_soc.i_cpu.core_i.if_stage_i.aligner_i._895_/D : -4.003576
[setup reg-reg] i_soc.i_cpu.core_i.id_stage_i._3810_/Q -> i_soc.i_instr_sram.u_sram.gen_bank[0].gen_512.u_macro/addr1[4] : -3.987500
[setup reg-reg] i_soc.i_cpu.core_i.id_stage_i._3681_/Q -> i_soc.i_cpu.core_i.if_stage_i.prefetch_buffer_i.fifo_i._205_/D : -3.975270
[setup reg-reg] i_soc.i_cpu.core_i.id_stage_i._3681_/Q -> i_soc.i_cpu.core_i.cs_registers_i._3755_/D : -3.974190
[setup reg-reg] i_soc.i_cpu.core_i.id_stage_i._3681_/Q -> i_soc.i_cpu.core_i.if_stage_i.aligner_i._860_/D : -3.969417
[setup reg-reg] i_soc.i_cpu.core_i.id_stage_i._3681_/Q -> i_soc.i_cpu.core_i.cs_registers_i._3756_/D : -3.967108
[setup reg-reg] i_soc.i_cpu.core_i.id_stage_i._3681_/Q -> i_soc.i_cpu.core_i.cs_registers_i._3757_/D : -3.964630
[setup reg-reg] i_soc.i_cpu.core_i.id_stage_i._3681_/Q -> i_soc.i_cpu.core_i.if_stage_i.aligner_i._859_/D : -3.940613
[setup reg-reg] i_soc.i_ai_accel._23252_/Q -> i_soc.i_ai_accel._23500_/D : -3.874801
[setup reg-reg] i_soc.i_cpu.core_i.id_stage_i._3681_/Q -> i_soc.i_cpu.core_i.id_stage_i.controller_i._549_/D : -3.856917
[setup reg-reg] i_soc.i_cpu.core_i.id_stage_i._3681_/Q -> i_soc.i_cpu.core_i.id_stage_i._4069_/D : -3.809889
[setup reg-reg] i_soc.i_cpu.core_i.id_stage_i._3681_/Q -> i_soc.i_cpu.core_i.id_stage_i._4072_/D : -3.809001
[setup reg-reg] i_soc.i_cpu.core_i.id_stage_i._3681_/Q -> i_soc.i_cpu.core_i.id_stage_i._4070_/D : -3.808266
[setup reg-reg] i_soc.i_cpu.core_i.if_stage_i._865_/Q -> i_soc.i_cpu.core_i.if_stage_i.prefetch_buffer_i.instruction_obi_i._305_/D : -3.802747
[setup reg-reg] i_soc.i_cpu.core_i.id_stage_i._3681_/Q -> i_soc.i_cpu.core_i.id_stage_i._4071_/D : -3.801040
[setup reg-reg] i_soc.i_cpu.core_i.id_stage_i._3681_/Q -> i_soc.i_cpu.core_i.id_stage_i._4073_/D : -3.774765
[setup reg-reg] i_soc.i_cpu.core_i.id_stage_i._3681_/Q -> i_soc.i_cpu.core_i.cs_registers_i._4152_/D : -3.767498
[setup reg-reg] i_soc.i_cpu.core_i.id_stage_i._3681_/Q -> i_soc.i_cpu.core_i.id_stage_i._4068_/D : -3.765868
[setup reg-reg] i_soc.i_cpu.core_i.id_stage_i._3810_/Q -> i_soc.i_instr_sram.u_sram.gen_bank[1].gen_512.u_macro/addr1[7] : -3.700070
[setup reg-reg] i_soc.i_cpu.core_i.id_stage_i._3681_/Q -> i_soc.i_cpu.core_i.id_stage_i._3823_/D : -3.696478
[setup reg-reg] i_soc.i_cpu.core_i.id_stage_i._3681_/Q -> i_soc.i_cpu.core_i.if_stage_i.aligner_i._911_/D : -3.689729
[setup reg-reg] i_soc.i_cpu.core_i.id_stage_i._3681_/Q -> i_soc.i_cpu.core_i.id_stage_i._4077_/D : -3.665861
[setup reg-reg] i_soc.i_cpu.core_i.id_stage_i._3810_/Q -> i_soc.i_instr_sram.u_sram.gen_bank[3].gen_512.u_macro/addr1[7] : -3.664711
[setup reg-reg] i_soc.i_cpu.core_i.id_stage_i._3681_/Q -> i_soc.i_cpu.core_i.id_stage_i._4075_/D : -3.661613
[setup reg-reg] i_soc.i_cpu.core_i.id_stage_i._3681_/Q -> i_soc.i_cpu.core_i.id_stage_i._3775_/D : -3.647156
[setup reg-reg] i_soc.i_cpu.core_i.id_stage_i._3681_/Q -> i_soc.i_cpu.core_i.if_stage_i.aligner_i._858_/D : -3.640080
[setup reg-reg] i_soc.i_cpu.core_i.id_stage_i._3681_/Q -> i_soc.i_cpu.core_i.id_stage_i._4078_/D : -3.631803
[setup reg-reg] i_soc.i_cpu.core_i.id_stage_i._3681_/Q -> i_soc.i_cpu.core_i.id_stage_i._4079_/D : -3.631101
[setup reg-reg] i_soc.i_cpu.core_i.id_stage_i._3681_/Q -> i_soc.i_cpu.core_i.id_stage_i._4076_/D : -3.627669
[setup reg-reg] i_soc.i_cpu.core_i.id_stage_i._3681_/Q -> i_soc.i_cpu.core_i.id_stage_i._3776_/D : -3.616618
[setup reg-reg] i_soc.i_cpu.core_i.id_stage_i._3681_/Q -> i_soc.i_cpu.core_i.id_stage_i._4080_/D : -3.540743
[setup reg-reg] i_soc.i_ai_accel._23251_/Q -> i_soc.i_ai_accel._23036_/D : -3.526392
[setup reg-reg] i_soc.i_cpu.core_i.if_stage_i._865_/Q -> i_soc.i_obi_axi_instr._317_/D : -3.505329
[setup reg-reg] i_soc.i_cpu.core_i.id_stage_i._3681_/Q -> i_soc.i_cpu.core_i.if_stage_i.aligner_i._912_/D : -3.502194
[setup reg-reg] i_soc.i_cpu.core_i.id_stage_i._3681_/Q -> i_soc.i_cpu.core_i.cs_registers_i._4151_/D : -3.484271
[setup reg-reg] i_soc.i_cpu.core_i.id_stage_i._3810_/Q -> i_soc.i_instr_sram.u_sram.gen_bank[3].gen_512.u_macro/addr1[6] : -3.482018
[setup reg-reg] i_soc.i_cpu.core_i.id_stage_i._3810_/Q -> i_soc.i_instr_sram.u_sram.gen_bank[1].gen_512.u_macro/addr1[6] : -3.437261
[setup reg-reg] i_soc.i_cpu.core_i.id_stage_i._3681_/Q -> i_soc.i_cpu.core_i.id_stage_i._4074_/D : -3.410206
[setup reg-reg] i_soc.i_ai_accel._23251_/Q -> i_soc.i_ai_accel._23035_/D : -3.401876
[setup reg-reg] i_soc.i_cpu.core_i.id_stage_i._3810_/Q -> i_soc.i_instr_sram.u_sram.gen_bank[2].gen_512.u_macro/addr1[0] : -3.370865
[setup reg-reg] i_soc.i_cpu.core_i.id_stage_i._3681_/Q -> i_soc.i_cpu.core_i.if_stage_i.aligner_i._913_/D : -3.356716
[setup reg-reg] i_soc.i_cpu.core_i.id_stage_i._3810_/Q -> i_soc.i_instr_sram.u_sram.gen_bank[0].gen_512.u_macro/addr1[0] : -3.356398
[setup reg-reg] i_soc.i_cpu.core_i.id_stage_i._3681_/Q -> i_soc.i_cpu.core_i.id_stage_i._4081_/D : -3.298093
[setup reg-reg] i_soc.i_cpu.core_i.if_stage_i._865_/Q -> i_soc.i_obi_axi_instr._313_/D : -3.241413
[setup reg-reg] i_soc.i_cpu.core_i.if_stage_i._865_/Q -> i_soc.i_crossbar._0317_/D : -3.221487
[setup reg-reg] i_soc.i_cpu.core_i.id_stage_i._3810_/Q -> i_soc.i_instr_sram.u_sram.gen_bank[2].gen_512.u_macro/addr1[8] : -3.218697
[setup reg-reg] i_soc.i_cpu.core_i.id_stage_i._3810_/Q -> i_soc.i_instr_sram.u_sram.gen_bank[0].gen_512.u_macro/addr1[8] : -3.198437
[setup reg-reg] i_soc.i_cpu.core_i.id_stage_i._3681_/Q -> i_soc.i_cpu.core_i.id_stage_i._3929_/D : -3.190143
[setup reg-reg] i_soc.i_cpu.core_i.id_stage_i._3681_/Q -> i_soc.i_cpu.core_i.id_stage_i._3928_/D : -3.187253
[setup reg-reg] i_soc.i_cpu.core_i.id_stage_i._3681_/Q -> i_soc.i_cpu.core_i.id_stage_i._3927_/D : -3.185066
[setup reg-reg] i_soc.i_cpu.core_i.id_stage_i._3681_/Q -> i_soc.i_cpu.core_i.id_stage_i._3930_/D : -3.183081
[setup reg-reg] i_soc.i_cpu.core_i.id_stage_i._3681_/Q -> i_soc.i_cpu.core_i.id_stage_i._3931_/D : -3.175020
[setup reg-reg] i_soc.i_ai_accel._23252_/Q -> i_soc.i_ai_accel._23034_/D : -3.138892
[setup reg-reg] i_soc.i_cpu.core_i.id_stage_i._3681_/Q -> i_soc.i_cpu.core_i.id_stage_i._3781_/D : -3.119977
[setup reg-reg] i_soc.i_ai_accel._23252_/Q -> i_soc.i_ai_accel._23499_/D : -3.093137
[setup reg-reg] i_soc.i_cpu.core_i.id_stage_i._3681_/Q -> i_soc.i_cpu.core_i.id_stage_i._3810_/D : -3.073916
[setup reg-reg] i_soc.i_cpu.core_i.id_stage_i._3681_/Q -> i_soc.i_cpu.core_i.id_stage_i._3676_/D : -3.065157
[setup reg-reg] i_soc.i_cpu.core_i.id_stage_i._3681_/Q -> i_soc.i_cpu.core_i.id_stage_i._4067_/D : -3.048015
[setup reg-reg] i_soc.i_cpu.core_i.id_stage_i._3810_/Q -> i_soc.i_instr_sram.u_sram.gen_bank[2].gen_512.u_macro/addr1[1] : -3.006077
[setup reg-reg] i_soc.i_cpu.core_i.id_stage_i._3810_/Q -> i_soc.i_instr_sram.u_sram.gen_bank[0].gen_512.u_macro/addr1[1] : -3.005722
[setup reg-reg] i_soc.i_cpu.core_i.if_stage_i._865_/Q -> i_soc.i_instr_sram._35_/D : -2.959924
[setup reg-reg] i_soc.i_ai_accel._23469_/Q -> i_soc.i_ai_accel._23169_/D : -2.944590
[setup reg-reg] i_soc.i_cpu.core_i.id_stage_i._3681_/Q -> i_soc.i_cpu.core_i.id_stage_i._3812_/D : -2.916986
[setup reg-reg] i_soc.i_cpu.core_i.id_stage_i._3681_/Q -> i_soc.i_cpu.core_i.id_stage_i._3811_/D : -2.906129
[setup reg-reg] i_soc.i_cpu.core_i.id_stage_i._3810_/Q -> i_soc.i_instr_sram.u_sram.gen_bank[2].gen_512.u_macro/addr1[2] : -2.889845
[setup reg-reg] i_soc.i_cpu.core_i.if_stage_i._865_/Q -> i_soc.i_boot_rom._471_/D : -2.861848
[setup reg-reg] i_soc.i_cpu.core_i.id_stage_i._3810_/Q -> i_soc.i_instr_sram.u_sram.gen_bank[0].gen_512.u_macro/addr1[2] : -2.858286
[setup reg-reg] i_soc.i_cpu.core_i.id_stage_i._3810_/Q -> i_soc.i_instr_sram.u_sram.gen_bank[3].gen_512.u_macro/addr1[5] : -2.857023
[setup reg-reg] i_soc.i_ai_accel._23251_/Q -> i_soc.i_ai_accel._23033_/D : -2.855517
[setup reg-reg] i_soc.i_cpu.core_i.id_stage_i._3810_/Q -> i_soc.i_instr_sram.u_sram.gen_bank[2].gen_512.u_macro/addr1[3] : -2.842709
[setup reg-reg] i_soc.i_cpu.core_i.id_stage_i._3681_/Q -> i_soc.i_cpu.core_i.id_stage_i._3809_/D : -2.838673
[setup reg-reg] i_soc.i_cpu.core_i.id_stage_i._3810_/Q -> i_soc.i_instr_sram.u_sram.gen_bank[1].gen_512.u_macro/addr1[5] : -2.818361
[setup reg-reg] i_soc.i_ai_accel._23251_/Q -> i_soc.i_ai_accel._23031_/D : -2.812847
[setup reg-reg] i_soc.i_cpu.core_i.id_stage_i._3810_/Q -> i_soc.i_instr_sram.u_sram.gen_bank[0].gen_512.u_macro/addr1[3] : -2.803185
[setup reg-reg] i_soc.i_ai_accel._23252_/Q -> i_soc.i_ai_accel._23498_/D : -2.615503
[setup reg-out] i_soc.i_qspi._21362_/Q -> qspi_io_oe[1] : -2.556098
[setup reg-reg] i_soc.i_ai_accel._23252_/Q -> i_soc.i_ai_accel._23497_/D : -2.532868
[setup reg-reg] i_soc.i_cpu.core_i.id_stage_i._3681_/Q -> i_soc.i_cpu.core_i.id_stage_i._3784_/D : -2.505908
[setup reg-reg] i_soc.i_cpu.core_i.id_stage_i._3810_/Q -> i_soc.i_instr_sram.u_sram.gen_bank[3].gen_512.u_macro/addr1[4] : -2.479991
[setup reg-reg] i_soc.i_cpu.core_i.id_stage_i._3810_/Q -> i_soc.i_instr_sram.u_sram.gen_bank[1].gen_512.u_macro/addr1[4] : -2.461848
[setup reg-reg] i_soc.i_cpu.core_i.id_stage_i._3681_/Q -> i_soc.i_cpu.core_i.id_stage_i._3814_/D : -2.455035
[setup reg-reg] i_soc.i_ai_accel._23252_/Q -> i_soc.i_ai_accel._23495_/D : -2.375721
[setup reg-reg] i_soc.i_cpu.core_i.id_stage_i._3681_/Q -> i_soc.i_cpu.core_i.id_stage_i._4084_/D : -2.363152
[setup reg-reg] i_soc.i_cpu.core_i.id_stage_i._3681_/Q -> i_soc.i_cpu.core_i.id_stage_i._4086_/D : -2.356302
[setup reg-reg] i_soc.i_ai_accel._23251_/Q -> i_soc.i_ai_accel._23032_/D : -2.352916
[setup reg-reg] i_soc.i_ai_accel._23252_/Q -> i_soc.i_ai_accel._23496_/D : -2.338151
[setup reg-reg] i_soc.i_cpu.core_i.id_stage_i._3681_/Q -> i_soc.i_cpu.core_i.id_stage_i._4083_/D : -2.333671
[setup reg-reg] i_soc.i_cpu.core_i.id_stage_i._3681_/Q -> i_soc.i_cpu.core_i.id_stage_i._4085_/D : -2.298434
[setup reg-reg] i_soc.i_cpu.core_i.id_stage_i._3681_/Q -> i_soc.i_cpu.core_i.id_stage_i._4088_/D : -2.291945
[setup reg-out] i_soc.i_qspi._21545_/Q -> qspi_io_oe[0] : -2.245904
[setup reg-reg] i_soc.i_cpu.core_i.id_stage_i._3681_/Q -> i_soc.i_cpu.core_i.id_stage_i.controller_i._545_/D : -2.189070
[setup reg-reg] i_soc.i_ai_accel._23469_/Q -> i_soc.i_ai_accel._23171_/D : -2.176941
[setup reg-reg] i_soc.i_ai_accel._23469_/Q -> i_soc.i_ai_accel._23172_/D : -2.163995
[setup reg-reg] i_soc.i_ai_accel._23469_/Q -> i_soc.i_ai_accel._23173_/D : -2.152570
[setup reg-reg] i_soc.i_ai_accel._23251_/Q -> i_soc.i_ai_accel._23030_/D : -2.067384
[setup reg-reg] i_soc.i_ai_accel._23469_/Q -> i_soc.i_ai_accel._23175_/D : -2.049299
[setup reg-reg] i_soc.i_ai_accel._23469_/Q -> i_soc.i_ai_accel._23170_/D : -2.038679
[setup reg-reg] i_soc.i_ai_accel._23469_/Q -> i_soc.i_ai_accel._23176_/D : -2.034415
[setup reg-reg] i_soc.i_ai_accel._23469_/Q -> i_soc.i_ai_accel._23174_/D : -2.034090
[setup reg-reg] i_soc.i_cpu.core_i.id_stage_i._3810_/Q -> i_soc.i_instr_sram.u_sram.gen_bank[3].gen_512.u_macro/addr1[0] : -2.001849
[setup reg-reg] i_soc.i_cpu.core_i.id_stage_i._3810_/Q -> i_soc.i_instr_sram.u_sram.gen_bank[1].gen_512.u_macro/addr1[0] : -1.982462
[setup reg-reg] i_soc.i_cpu.core_i.id_stage_i._3681_/Q -> i_soc.i_cpu.core_i.id_stage_i._4082_/D : -1.894314
[setup reg-reg] i_soc.i_qspi._21574_/Q -> i_soc.i_qspi._17520_/D : -1.886704
[setup reg-reg] i_soc.i_qspi._21574_/Q -> i_soc.i_qspi._17648_/D : -1.880524
[setup reg-reg] i_soc.i_qspi._21574_/Q -> i_soc.i_qspi._17424_/D : -1.877071
[setup reg-reg] i_soc.i_qspi._21574_/Q -> i_soc.i_qspi._17744_/D : -1.874266
[setup reg-reg] i_soc.i_qspi._21574_/Q -> i_soc.i_qspi._17584_/D : -1.872774
[setup reg-reg] i_soc.i_qspi._21574_/Q -> i_soc.i_qspi._19248_/D : -1.872230
[setup reg-reg] i_soc.i_qspi._21574_/Q -> i_soc.i_qspi._19184_/D : -1.871674
[setup reg-reg] i_soc.i_qspi._21574_/Q -> i_soc.i_qspi._17712_/D : -1.866610
[setup reg-reg] i_soc.i_qspi._21574_/Q -> i_soc.i_qspi._17456_/D : -1.866472
[setup reg-reg] i_soc.i_qspi._21574_/Q -> i_soc.i_qspi._17488_/D : -1.865329
[setup reg-reg] i_soc.i_qspi._21574_/Q -> i_soc.i_qspi._19280_/D : -1.864825
[setup reg-reg] i_soc.i_qspi._21574_/Q -> i_soc.i_qspi._17328_/D : -1.864425
[setup reg-reg] i_soc.i_qspi._21574_/Q -> i_soc.i_qspi._17296_/D : -1.862313
[setup reg-reg] i_soc.i_qspi._21574_/Q -> i_soc.i_qspi._17392_/D : -1.861034
[setup reg-reg] i_soc.i_qspi._21574_/Q -> i_soc.i_qspi._17680_/D : -1.860967
[setup reg-reg] i_soc.i_qspi._21574_/Q -> i_soc.i_qspi._17552_/D : -1.860721
[setup reg-reg] i_soc.i_qspi._21574_/Q -> i_soc.i_qspi._18032_/D : -1.856328
[setup reg-reg] i_soc.i_qspi._21574_/Q -> i_soc.i_qspi._17616_/D : -1.855856
[setup reg-reg] i_soc.i_qspi._21574_/Q -> i_soc.i_qspi._17904_/D : -1.854326
[setup reg-reg] i_soc.i_qspi._21574_/Q -> i_soc.i_qspi._17360_/D : -1.849422
[setup reg-reg] i_soc.i_qspi._21574_/Q -> i_soc.i_qspi._18000_/D : -1.847070
[setup reg-reg] i_soc.i_qspi._21574_/Q -> i_soc.i_qspi._17872_/D : -1.846983
[setup reg-reg] i_soc.i_qspi._21574_/Q -> i_soc.i_qspi._18672_/D : -1.843867
[setup reg-reg] i_soc.i_qspi._21574_/Q -> i_soc.i_qspi._17776_/D : -1.843761
[setup reg-reg] i_soc.i_qspi._21574_/Q -> i_soc.i_qspi._17936_/D : -1.841602
[setup reg-out] i_soc.i_gpio._184_/Q -> gpio_out_o[2] : -1.841101
[setup reg-reg] i_soc.i_qspi._21574_/Q -> i_soc.i_qspi._17264_/D : -1.840773
[setup reg-reg] i_soc.i_qspi._21574_/Q -> i_soc.i_qspi._17808_/D : -1.840515
[setup reg-reg] i_soc.i_qspi._21574_/Q -> i_soc.i_qspi._19216_/D : -1.838423
[setup reg-reg] i_soc.i_qspi._21574_/Q -> i_soc.i_qspi._19024_/D : -1.834753
[setup reg-reg] i_soc.i_qspi._21574_/Q -> i_soc.i_qspi._17968_/D : -1.831031
[setup reg-reg] i_soc.i_qspi._21574_/Q -> i_soc.i_qspi._18320_/D : -1.826088
[setup reg-out] i_soc.i_gpio._182_/Q -> gpio_out_o[0] : -1.821607
[setup reg-reg] i_soc.i_cpu.core_i.id_stage_i._3681_/Q -> i_soc.i_cpu.core_i.id_stage_i.controller_i._553_/D : -1.818826
[setup reg-reg] i_soc.i_qspi._21574_/Q -> i_soc.i_qspi._17840_/D : -1.800718
[setup reg-out] i_soc.i_qspi._21362_/Q -> qspi_io_oe[2] : -1.794011
[setup reg-reg] i_soc.i_cpu.core_i.id_stage_i._3810_/Q -> i_soc.i_instr_sram.u_sram.gen_bank[3].gen_512.u_macro/addr1[8] : -1.783675
[setup reg-out] i_soc.i_gpio._194_/Q -> gpio_out_o[12] : -1.776404
[setup reg-out] i_soc.i_gpio._189_/Q -> gpio_out_o[7] : -1.753699
[setup reg-reg] i_soc.i_cpu.core_i.id_stage_i._3681_/Q -> i_soc.i_cpu.core_i.id_stage_i._4093_/D : -1.751820
[setup reg-reg] i_soc.i_qspi._21574_/Q -> i_soc.i_qspi._17821_/D : -1.747422
[setup reg-reg] i_soc.i_cpu.core_i.id_stage_i._3810_/Q -> i_soc.i_instr_sram.u_sram.gen_bank[1].gen_512.u_macro/addr1[8] : -1.743821
[setup reg-out] i_soc.i_gpio._183_/Q -> gpio_out_o[1] : -1.692182
[setup reg-out] i_soc.i_gpio._190_/Q -> gpio_out_o[8] : -1.684819
[setup reg-reg] i_soc.i_ai_accel._23251_/Q -> i_soc.i_ai_accel._23029_/D : -1.668376
[setup reg-reg] i_soc.i_qspi._21574_/Q -> i_soc.i_qspi._18877_/D : -1.652026
[setup reg-reg] i_soc.i_qspi._21574_/Q -> i_soc.i_qspi._18845_/D : -1.651889
[setup reg-out] i_soc.i_gpio._192_/Q -> gpio_out_o[10] : -1.636583
[setup reg-out] i_soc.i_qspi._21362_/Q -> qspi_io_oe[3] : -1.634001
[setup reg-out] i_soc.i_gpio._193_/Q -> gpio_out_o[11] : -1.628757
[setup reg-reg] i_soc.i_qspi._21574_/Q -> i_soc.i_qspi._17853_/D : -1.613387
[setup reg-reg] i_soc.i_qspi._21574_/Q -> i_soc.i_qspi._17885_/D : -1.609976
[setup reg-reg] i_soc.i_qspi._21574_/Q -> i_soc.i_qspi._17565_/D : -1.609443
[setup reg-reg] i_soc.i_qspi._21574_/Q -> i_soc.i_qspi._17917_/D : -1.608475
[setup reg-out] i_soc.i_gpio._195_/Q -> gpio_out_o[13] : -1.608362
[setup reg-reg] i_soc.i_qspi._21574_/Q -> i_soc.i_qspi._17725_/D : -1.603912
[setup reg-reg] i_soc.i_qspi._21574_/Q -> i_soc.i_qspi._17949_/D : -1.603826
[setup reg-reg] i_soc.i_qspi._21574_/Q -> i_soc.i_qspi._17693_/D : -1.602123
[setup reg-reg] i_soc.i_qspi._21574_/Q -> i_soc.i_qspi._17597_/D : -1.602023
[setup reg-reg] i_soc.i_qspi._21574_/Q -> i_soc.i_qspi._17661_/D : -1.601091
[setup reg-reg] i_soc.i_qspi._21574_/Q -> i_soc.i_qspi._18013_/D : -1.600821
[setup reg-reg] i_soc.i_qspi._21574_/Q -> i_soc.i_qspi._18045_/D : -1.597005
[setup reg-reg] i_soc.i_qspi._21574_/Q -> i_soc.i_qspi._17789_/D : -1.593572
[setup reg-out] i_soc.i_gpio._188_/Q -> gpio_out_o[6] : -1.589187
[setup reg-reg] i_soc.i_ai_accel._23252_/Q -> i_soc.i_ai_accel._23494_/D : -1.588910
[setup reg-reg] i_soc.i_qspi._21574_/Q -> i_soc.i_qspi._17533_/D : -1.587980
[setup reg-reg] i_soc.i_qspi._21574_/Q -> i_soc.i_qspi._17757_/D : -1.587054
[setup reg-reg] i_soc.i_qspi._21574_/Q -> i_soc.i_qspi._17501_/D : -1.585910
[setup reg-out] i_soc.i_gpio._191_/Q -> gpio_out_o[9] : -1.577379
[setup reg-reg] i_soc.i_cpu.core_i.id_stage_i._3810_/Q -> i_soc.i_instr_sram.u_sram.gen_bank[3].gen_512.u_macro/addr1[1] : -1.561418
[setup reg-out] i_soc.i_gpio._196_/Q -> gpio_out_o[14] : -1.550903
[setup reg-out] i_soc.i_uart_0.i_uart_tx._334_/Q -> uart_txd_o : -1.549744
[setup reg-reg] i_soc.i_ai_accel._23250_/Q -> i_soc.i_ai_accel._23491_/D : -1.549564
[setup reg-out] i_soc.i_gpio._197_/Q -> gpio_out_o[15] : -1.528396
[setup reg-reg] i_soc.i_cpu.core_i.id_stage_i._3810_/Q -> i_soc.i_instr_sram.u_sram.gen_bank[1].gen_512.u_macro/addr1[1] : -1.515895
[setup reg-out] i_soc.i_gpio._187_/Q -> gpio_out_o[5] : -1.483122
[setup reg-reg] i_soc.i_cpu.core_i.id_stage_i._3681_/Q -> i_soc.i_cpu.core_i.ex_stage_i.mult_i._24865_/D : -1.456515
[setup reg-reg] i_soc.i_cpu.core_i.id_stage_i._3810_/Q -> i_soc.i_instr_sram.u_sram.gen_bank[3].gen_512.u_macro/addr1[3] : -1.420057
[setup reg-out] i_soc.i_gpio._186_/Q -> gpio_out_o[4] : -1.409135
[setup reg-reg] i_soc.i_ai_accel._23252_/Q -> i_soc.i_ai_accel._23492_/D : -1.405201
[setup reg-reg] i_soc.i_cpu.core_i.id_stage_i._3810_/Q -> i_soc.i_instr_sram.u_sram.gen_bank[1].gen_512.u_macro/addr1[3] : -1.400858
[setup reg-out] i_soc.i_gpio._185_/Q -> gpio_out_o[3] : -1.341671
[setup reg-reg] i_soc.i_cpu.core_i.id_stage_i._3810_/Q -> i_soc.i_instr_sram.u_sram.gen_bank[1].gen_512.u_macro/addr1[2] : -1.326825
[setup reg-reg] i_soc.i_cpu.core_i.id_stage_i._3810_/Q -> i_soc.i_instr_sram.u_sram.gen_bank[3].gen_512.u_macro/addr1[2] : -1.301549
[setup reg-reg] i_soc.i_cpu.core_i.id_stage_i._3681_/Q -> i_soc.i_cpu.core_i.ex_stage_i.mult_i._24866_/D : -1.287519
[setup reg-out] i_soc.i_qspi._21531_/Q -> qspi_io_o[2] : -1.274659
[setup reg-reg] i_soc.i_cpu.core_i.id_stage_i._3681_/Q -> i_soc.i_cpu.core_i.ex_stage_i.mult_i._24867_/D : -1.251792
[setup reg-reg] i_soc.i_cpu.core_i.if_stage_i._865_/Q -> i_soc.i_obi_axi_instr._264_/D : -1.243963
[setup reg-out] i_soc.i_qspi._21532_/Q -> qspi_io_o[3] : -1.231522
[setup reg-out] i_soc.i_qspi._21530_/Q -> qspi_io_o[1] : -1.221123
[setup reg-out] i_soc.i_qspi._21529_/Q -> qspi_io_o[0] : -1.197317
[setup reg-out] i_soc.i_qspi._21538_/Q -> qspi_cs_no : -1.150338
[setup reg-reg] i_soc.i_qspi._21558_/Q -> i_soc.i_qspi._21558_/D : -1.113209
[setup reg-reg] i_soc.i_qspi._21574_/Q -> i_soc.i_qspi._18781_/D : -1.065056
[setup reg-reg] i_soc.i_qspi._21574_/Q -> i_soc.i_qspi._18493_/D : -1.061135
[setup reg-reg] i_soc.i_qspi._21574_/Q -> i_soc.i_qspi._18397_/D : -1.058224
[setup reg-reg] i_soc.i_qspi._21574_/Q -> i_soc.i_qspi._18813_/D : -1.058089
[setup reg-reg] i_soc.i_qspi._21574_/Q -> i_soc.i_qspi._18557_/D : -1.058055
[setup reg-reg] i_soc.i_qspi._21574_/Q -> i_soc.i_qspi._18589_/D : -1.048679
[setup reg-reg] i_soc.i_qspi._21574_/Q -> i_soc.i_qspi._18525_/D : -1.047493
[setup reg-reg] i_soc.i_qspi._21574_/Q -> i_soc.i_qspi._18429_/D : -1.046146
[setup reg-reg] i_soc.i_qspi._21574_/Q -> i_soc.i_qspi._18653_/D : -1.044286
[setup reg-reg] i_soc.i_qspi._21574_/Q -> i_soc.i_qspi._18461_/D : -1.039794
[setup reg-reg] i_soc.i_ai_accel._23251_/Q -> i_soc.i_ai_accel._23026_/D : -1.036929
[setup reg-reg] i_soc.i_qspi._21574_/Q -> i_soc.i_qspi._18717_/D : -1.034802
[setup reg-reg] i_soc.i_qspi._21574_/Q -> i_soc.i_qspi._18749_/D : -1.030116
[setup reg-reg] i_soc.i_qspi._21574_/Q -> i_soc.i_qspi._18621_/D : -1.029964
[setup reg-reg] i_soc.i_cpu.core_i.id_stage_i._3681_/Q -> i_soc.i_cpu.core_i.id_stage_i.controller_i._547_/D : -1.017179
[setup reg-reg] i_soc.i_ai_accel._23252_/Q -> i_soc.i_ai_accel._23493_/D : -0.979606
[setup reg-reg] i_soc.i_cpu.core_i.id_stage_i._3810_/Q -> i_soc.i_obi_axi_instr._257_/D : -0.968154
[setup reg-reg] i_soc.i_qspi._21574_/Q -> i_soc.i_qspi._18365_/D : -0.883677
[setup reg-reg] i_soc.i_ai_accel._23252_/Q -> i_soc.i_ai_accel._23490_/D : -0.867258
[setup reg-reg] i_soc.i_cpu.core_i.if_stage_i._865_/Q -> i_soc.i_cpu.core_i.if_stage_i.prefetch_buffer_i.prefetch_controller_i._453_/D : -0.743315
[setup reg-reg] i_soc.i_cpu.core_i.id_stage_i._3810_/Q -> i_soc.i_cpu.core_i.if_stage_i.prefetch_buffer_i.prefetch_controller_i._452_/D : -0.701720
[setup reg-reg] i_soc.i_cpu.core_i.id_stage_i._3810_/Q -> i_soc.i_obi_axi_instr._256_/D : -0.690152
[setup reg-reg] i_soc.i_cpu.core_i.id_stage_i._3810_/Q -> i_soc.i_cpu.core_i.if_stage_i.prefetch_buffer_i.prefetch_controller_i._445_/D : -0.686750
[setup reg-reg] i_soc.i_cpu.core_i.id_stage_i._3810_/Q -> i_soc.i_cpu.core_i.if_stage_i.prefetch_buffer_i.prefetch_controller_i._446_/D : -0.680007
[setup reg-reg] i_soc.i_cpu.core_i.id_stage_i._3810_/Q -> i_soc.i_cpu.core_i.if_stage_i.prefetch_buffer_i.prefetch_controller_i._449_/D : -0.679041
[setup reg-reg] i_soc.i_cpu.core_i.id_stage_i._3810_/Q -> i_soc.i_cpu.core_i.if_stage_i.prefetch_buffer_i.prefetch_controller_i._451_/D : -0.677508
[setup reg-reg] i_soc.i_cpu.core_i.id_stage_i._3810_/Q -> i_soc.i_cpu.core_i.if_stage_i.prefetch_buffer_i.prefetch_controller_i._444_/D : -0.675342
[setup reg-reg] i_soc.i_cpu.core_i.id_stage_i._3810_/Q -> i_soc.i_cpu.core_i.if_stage_i.prefetch_buffer_i.prefetch_controller_i._450_/D : -0.671427
[setup reg-reg] i_soc.i_qspi._21574_/Q -> i_soc.i_qspi._17654_/D : -0.658135
[setup reg-reg] i_soc.i_cpu.core_i.id_stage_i._3810_/Q -> i_soc.i_obi_axi_instr._251_/D : -0.652205
[setup reg-reg] i_soc.i_cpu.core_i.id_stage_i._3681_/Q -> i_soc.i_cpu.core_i.ex_stage_i.alu_i.alu_div_i._1570_/D : -0.643693
[setup reg-reg] i_soc.i_qspi._21574_/Q -> i_soc.i_qspi._18870_/D : -0.642265
[setup reg-reg] i_soc.i_qspi._21574_/Q -> i_soc.i_qspi._18838_/D : -0.635316
[setup reg-reg] i_soc.i_qspi._21574_/Q -> i_soc.i_qspi._18774_/D : -0.633756
[setup reg-reg] i_soc.i_qspi._21574_/Q -> i_soc.i_qspi._17494_/D : -0.628988
[setup reg-reg] i_soc.i_qspi._21574_/Q -> i_soc.i_qspi._18614_/D : -0.624759
[setup reg-reg] i_soc.i_qspi._21574_/Q -> i_soc.i_qspi._17686_/D : -0.623032
[setup reg-reg] i_soc.i_qspi._21574_/Q -> i_soc.i_qspi._18710_/D : -0.619577
[setup reg-reg] i_soc.i_qspi._21574_/Q -> i_soc.i_qspi._18646_/D : -0.614259
[setup reg-reg] i_soc.i_qspi._21574_/Q -> i_soc.i_qspi._18806_/D : -0.608791
[setup reg-reg] i_soc.i_qspi._21574_/Q -> i_soc.i_qspi._18998_/D : -0.608187
[setup reg-reg] i_soc.i_qspi._21574_/Q -> i_soc.i_qspi._18966_/D : -0.605880
[setup reg-reg] i_soc.i_qspi._21574_/Q -> i_soc.i_qspi._18742_/D : -0.605201
[setup reg-reg] i_soc.i_cpu.core_i.id_stage_i._3810_/Q -> i_soc.i_cpu.core_i.if_stage_i.prefetch_buffer_i.prefetch_controller_i._442_/D : -0.601929
[setup reg-reg] i_soc.i_cpu.core_i.id_stage_i._3810_/Q -> i_soc.i_cpu.core_i.if_stage_i.prefetch_buffer_i.prefetch_controller_i._439_/D : -0.601435
[setup reg-reg] i_soc.i_cpu.core_i.id_stage_i._3810_/Q -> i_soc.i_cpu.core_i.if_stage_i.prefetch_buffer_i.prefetch_controller_i._447_/D : -0.599256
[setup reg-reg] i_soc.i_cpu.core_i.id_stage_i._3810_/Q -> i_soc.i_cpu.core_i.if_stage_i.prefetch_buffer_i.prefetch_controller_i._440_/D : -0.599089
[setup reg-reg] i_soc.i_cpu.core_i.id_stage_i._3810_/Q -> i_soc.i_cpu.core_i.if_stage_i.prefetch_buffer_i.prefetch_controller_i._441_/D : -0.598268
[setup reg-reg] i_soc.i_cpu.core_i.id_stage_i._3810_/Q -> i_soc.i_cpu.core_i.if_stage_i.prefetch_buffer_i.prefetch_controller_i._443_/D : -0.592346
[setup reg-reg] i_soc.i_cpu.core_i.id_stage_i._3810_/Q -> i_soc.i_cpu.core_i.if_stage_i.prefetch_buffer_i.prefetch_controller_i._448_/D : -0.590726
[setup reg-reg] i_soc.i_ai_accel._23251_/Q -> i_soc.i_ai_accel._23028_/D : -0.590603
[setup reg-out] i_soc.i_uart_1.i_uart_tx._328_/Q -> uart1_txd_o : -0.562819
[setup reg-reg] i_soc.i_cpu.core_i.id_stage_i._3681_/Q -> i_soc.i_cpu.core_i.ex_stage_i.alu_i.alu_div_i._1571_/D : -0.560679
[setup reg-reg] i_soc.i_cpu.core_i.id_stage_i._3810_/Q -> i_soc.i_obi_axi_instr._250_/D : -0.533273
[setup reg-reg] i_soc.i_cpu.core_i.id_stage_i._3810_/Q -> i_soc.i_obi_axi_instr._254_/D : -0.527342
[setup reg-reg] i_soc.i_cpu.core_i.id_stage_i._3810_/Q -> i_soc.i_obi_axi_instr._247_/D : -0.527299
[setup reg-reg] i_soc.i_cpu.core_i.id_stage_i._3810_/Q -> i_soc.i_obi_axi_instr._248_/D : -0.525288
[setup reg-reg] i_soc.i_qspi._21574_/Q -> i_soc.i_qspi._19158_/D : -0.524359
[setup reg-reg] i_soc.i_cpu.core_i.id_stage_i._3810_/Q -> i_soc.i_obi_axi_instr._249_/D : -0.522933
[setup reg-reg] i_soc.i_qspi._21574_/Q -> i_soc.i_qspi._19062_/D : -0.518128
[setup reg-reg] i_soc.i_cpu.core_i.id_stage_i._3681_/Q -> i_soc.i_obi_axi_data._295_/D : -0.517456
[setup reg-reg] i_soc.i_cpu.core_i.id_stage_i._3681_/Q -> i_soc.i_obi_axi_data._311_/D : -0.516424
[setup reg-reg] i_soc.i_cpu.core_i.id_stage_i._3681_/Q -> i_soc.i_obi_axi_data._282_/D : -0.516366
[setup reg-reg] i_soc.i_cpu.core_i.id_stage_i._3681_/Q -> i_soc.i_obi_axi_data._286_/D : -0.514666
[setup reg-reg] i_soc.i_qspi._21574_/Q -> i_soc.i_qspi._18902_/D : -0.514143
[setup reg-reg] i_soc.i_cpu.core_i.id_stage_i._3681_/Q -> i_soc.i_obi_axi_data._294_/D : -0.508841
[setup reg-reg] i_soc.i_cpu.core_i.id_stage_i._3681_/Q -> i_soc.i_obi_axi_data._312_/D : -0.508567
[setup reg-reg] i_soc.i_cpu.core_i.id_stage_i._3681_/Q -> i_soc.i_obi_axi_data._288_/D : -0.507336
[setup reg-reg] i_soc.i_qspi._21574_/Q -> i_soc.i_qspi._19094_/D : -0.506501
[setup reg-reg] i_soc.i_qspi._21574_/Q -> i_soc.i_qspi._19126_/D : -0.505057
[setup reg-reg] i_soc.i_cpu.core_i.id_stage_i._3810_/Q -> i_soc.i_obi_axi_instr._253_/D : -0.503768
[setup reg-reg] i_soc.i_cpu.core_i.id_stage_i._3810_/Q -> i_soc.i_obi_axi_instr._255_/D : -0.503675
[setup reg-reg] i_soc.i_cpu.core_i.id_stage_i._3681_/Q -> i_soc.i_obi_axi_data._296_/D : -0.503098
[setup reg-reg] i_soc.i_cpu.core_i.id_stage_i._3681_/Q -> i_soc.i_obi_axi_data._310_/D : -0.500911
[setup reg-reg] i_soc.i_qspi._21574_/Q -> i_soc.i_qspi._17750_/D : -0.496964
[setup reg-reg] i_soc.i_cpu.core_i.id_stage_i._3810_/Q -> i_soc.i_cpu.core_i.if_stage_i.prefetch_buffer_i.prefetch_controller_i._438_/D : -0.496524
[setup reg-reg] i_soc.i_qspi._21574_/Q -> i_soc.i_qspi._17878_/D : -0.496179
[setup reg-reg] i_soc.i_qspi._21574_/Q -> i_soc.i_qspi._18038_/D : -0.495868
[setup reg-reg] i_soc.i_cpu.core_i.id_stage_i._3810_/Q -> i_soc.i_cpu.core_i.if_stage_i.prefetch_buffer_i.prefetch_controller_i._436_/D : -0.494397
[setup reg-reg] i_soc.i_cpu.core_i.id_stage_i._3810_/Q -> i_soc.i_cpu.core_i.if_stage_i.prefetch_buffer_i.prefetch_controller_i._437_/D : -0.493703
[setup reg-reg] i_soc.i_qspi._21574_/Q -> i_soc.i_qspi._18934_/D : -0.490461
[setup reg-reg] i_soc.i_qspi._21574_/Q -> i_soc.i_qspi._17718_/D : -0.489502
[setup reg-reg] i_soc.i_qspi._21574_/Q -> i_soc.i_qspi._17910_/D : -0.489274
[setup reg-reg] i_soc.i_qspi._21574_/Q -> i_soc.i_qspi._17590_/D : -0.488937
[setup reg-reg] i_soc.i_qspi._21574_/Q -> i_soc.i_qspi._17526_/D : -0.488685
[setup reg-reg] i_soc.i_cpu.core_i.id_stage_i._3681_/Q -> i_soc.i_obi_axi_data._284_/D : -0.488489
[setup reg-reg] i_soc.i_qspi._21574_/Q -> i_soc.i_qspi._17558_/D : -0.486494
[setup reg-reg] i_soc.i_qspi._21574_/Q -> i_soc.i_qspi._17782_/D : -0.486438
[setup reg-reg] i_soc.i_qspi._21574_/Q -> i_soc.i_qspi._18006_/D : -0.485938
[setup reg-reg] i_soc.i_qspi._21574_/Q -> i_soc.i_qspi._17846_/D : -0.484745
[setup reg-out] i_soc.i_i2c._0980_/Q -> i2c_scl_o : -0.483582
[setup reg-reg] i_soc.i_qspi._21574_/Q -> i_soc.i_qspi._17814_/D : -0.481194
[setup reg-reg] i_soc.i_qspi._21574_/Q -> i_soc.i_qspi._17942_/D : -0.477021
[setup reg-reg] i_soc.i_cpu.core_i.id_stage_i._3681_/Q -> i_soc.i_cpu.core_i.ex_stage_i._128_/D : -0.462983
[setup reg-reg] i_soc.i_qspi._21574_/Q -> i_soc.i_qspi._18014_/D : -0.460600
[setup reg-reg] i_soc.i_ai_accel._23251_/Q -> i_soc.i_ai_accel._23027_/D : -0.460128
[setup reg-reg] i_soc.i_cpu.core_i.id_stage_i._3681_/Q -> i_soc.i_cpu.core_i.ex_stage_i._123_/D : -0.458416
[setup reg-reg] i_soc.i_cpu.core_i.id_stage_i._3681_/Q -> i_soc.i_cpu.core_i.ex_stage_i._127_/D : -0.455218
[setup reg-reg] i_soc.i_cpu.core_i.id_stage_i._3681_/Q -> i_soc.i_cpu.core_i.ex_stage_i._126_/D : -0.454726
[setup reg-reg] i_soc.i_cpu.core_i.id_stage_i._3681_/Q -> i_soc.i_obi_axi_data._300_/D : -0.454662
[setup reg-reg] i_soc.i_cpu.core_i.id_stage_i._3810_/Q -> i_soc.i_obi_axi_instr._252_/D : -0.453005
[setup reg-reg] i_soc.i_cpu.core_i.id_stage_i._3681_/Q -> i_soc.i_cpu.core_i.ex_stage_i._125_/D : -0.452143
[setup reg-reg] i_soc.i_qspi._21574_/Q -> i_soc.i_qspi._17950_/D : -0.450086
[setup reg-reg] i_soc.i_qspi._21574_/Q -> i_soc.i_qspi._17534_/D : -0.446489
[setup reg-reg] i_soc.i_cpu.core_i.id_stage_i._3781_/Q -> i_soc.i_cpu.core_i.ex_stage_i.alu_i.alu_div_i._1496_/D : -0.444892
[setup reg-reg] i_soc.i_cpu.core_i.id_stage_i._3681_/Q -> i_soc.i_obi_axi_data._287_/D : -0.443853
[setup reg-reg] i_soc.i_qspi._21574_/Q -> i_soc.i_qspi._17918_/D : -0.437620
[setup reg-reg] i_soc.i_qspi._21574_/Q -> i_soc.i_qspi._17598_/D : -0.434534
[setup reg-reg] i_soc.i_qspi._21574_/Q -> i_soc.i_qspi._18046_/D : -0.429367
[setup reg-reg] i_soc.i_qspi._21574_/Q -> i_soc.i_qspi._17854_/D : -0.429054
[setup reg-reg] i_soc.i_cpu.core_i.id_stage_i._3681_/Q -> i_soc.i_obi_axi_data._302_/D : -0.428830
[setup reg-reg] i_soc.i_qspi._21574_/Q -> i_soc.i_qspi._18782_/D : -0.427486
[setup reg-reg] i_soc.i_qspi._21574_/Q -> i_soc.i_qspi._18718_/D : -0.424173
[setup reg-reg] i_soc.i_qspi._21574_/Q -> i_soc.i_qspi._18622_/D : -0.423732
[setup reg-reg] i_soc.i_cpu.core_i.id_stage_i._3681_/Q -> i_soc.i_cpu.core_i.ex_stage_i._124_/D : -0.422808
[setup reg-reg] i_soc.i_qspi._21574_/Q -> i_soc.i_qspi._18846_/D : -0.421515
[setup reg-reg] i_soc.i_qspi._21574_/Q -> i_soc.i_qspi._17822_/D : -0.419721
[setup reg-reg] i_soc.i_qspi._21574_/Q -> i_soc.i_qspi._17502_/D : -0.418465
[setup reg-reg] i_soc.i_qspi._21574_/Q -> i_soc.i_qspi._17566_/D : -0.417222
[setup reg-reg] i_soc.i_qspi._21574_/Q -> i_soc.i_qspi._18750_/D : -0.417060
[setup reg-reg] i_soc.i_qspi._21574_/Q -> i_soc.i_qspi._18654_/D : -0.416893
[setup reg-reg] i_soc.i_qspi._21574_/Q -> i_soc.i_qspi._17790_/D : -0.415838
[setup reg-reg] i_soc.i_qspi._21574_/Q -> i_soc.i_qspi._17886_/D : -0.415161
[setup reg-reg] i_soc.i_cpu.core_i.id_stage_i._3810_/Q -> i_soc.i_obi_axi_instr._262_/D : -0.410795
[setup reg-reg] i_soc.i_qspi._21574_/Q -> i_soc.i_qspi._17726_/D : -0.403011
[setup reg-reg] i_soc.i_qspi._21574_/Q -> i_soc.i_qspi._18878_/D : -0.401831
[setup reg-reg] i_soc.i_qspi._21574_/Q -> i_soc.i_qspi._17758_/D : -0.394703
[setup reg-reg] i_soc.i_qspi._21574_/Q -> i_soc.i_qspi._18814_/D : -0.393781
[setup reg-reg] i_soc.i_qspi._21574_/Q -> i_soc.i_qspi._17694_/D : -0.392042
[setup reg-reg] i_soc.i_ai_accel._23320_/Q -> i_soc.i_ai_accel._23358_/D : -0.387132
[setup reg-reg] i_soc.i_qspi._21574_/Q -> i_soc.i_qspi._17662_/D : -0.384812
[setup reg-reg] i_soc.i_qspi._21574_/Q -> i_soc.i_qspi._19121_/D : -0.376700
[setup reg-reg] i_soc.i_qspi._21574_/Q -> i_soc.i_qspi._18801_/D : -0.371470
[setup reg-reg] i_soc.i_qspi._21574_/Q -> i_soc.i_qspi._18833_/D : -0.366933
[setup reg-reg] i_soc.i_cpu.core_i.id_stage_i._3685_/Q -> i_soc.i_cpu.core_i.ex_stage_i.alu_i.alu_div_i._1514_/D : -0.359680
[setup reg-reg] i_soc.i_qspi._21574_/Q -> i_soc.i_qspi._18641_/D : -0.358366
[setup reg-reg] i_soc.i_qspi._21574_/Q -> i_soc.i_qspi._18769_/D : -0.357183
[setup reg-reg] i_soc.i_qspi._21574_/Q -> i_soc.i_qspi._18897_/D : -0.356781
[setup reg-reg] i_soc.i_qspi._21574_/Q -> i_soc.i_qspi._18993_/D : -0.356149
[setup reg-reg] i_soc.i_cpu.core_i.if_stage_i._865_/Q -> i_soc.i_obi_axi_instr._263_/D : -0.353595
[setup reg-reg] i_soc.i_qspi._21574_/Q -> i_soc.i_qspi._18961_/D : -0.353346
[setup reg-reg] i_soc.i_qspi._21574_/Q -> i_soc.i_qspi._19153_/D : -0.352783
[setup reg-reg] i_soc.i_qspi._21574_/Q -> i_soc.i_qspi._18865_/D : -0.352244
[setup reg-reg] i_soc.i_qspi._21574_/Q -> i_soc.i_qspi._18609_/D : -0.349637
[setup reg-reg] i_soc.i_qspi._21574_/Q -> i_soc.i_qspi._18705_/D : -0.349406
[setup reg-reg] i_soc.i_qspi._21574_/Q -> i_soc.i_qspi._18837_/D : -0.348864
[setup reg-reg] i_soc.i_qspi._21574_/Q -> i_soc.i_qspi._18737_/D : -0.343819
[setup reg-reg] i_soc.i_qspi._21574_/Q -> i_soc.i_qspi._19061_/D : -0.339908
[setup reg-reg] i_soc.i_qspi._21574_/Q -> i_soc.i_qspi._18805_/D : -0.337046
[setup reg-reg] i_soc.i_qspi._21574_/Q -> i_soc.i_qspi._18613_/D : -0.334397
[setup reg-reg] i_soc.i_qspi._21574_/Q -> i_soc.i_qspi._18997_/D : -0.330024
[setup reg-reg] i_soc.i_qspi._21574_/Q -> i_soc.i_qspi._19125_/D : -0.329516
[setup reg-reg] i_soc.i_qspi._21574_/Q -> i_soc.i_qspi._18773_/D : -0.328766
[setup reg-reg] i_soc.i_qspi._21574_/Q -> i_soc.i_qspi._19006_/D : -0.327686
[setup reg-reg] i_soc.i_qspi._21574_/Q -> i_soc.i_qspi._18901_/D : -0.327676
[setup reg-reg] i_soc.i_qspi._21574_/Q -> i_soc.i_qspi._19157_/D : -0.327518
[setup reg-reg] i_soc.i_qspi._21574_/Q -> i_soc.i_qspi._18933_/D : -0.326361
[setup reg-reg] i_soc.i_qspi._21574_/Q -> i_soc.i_qspi._18645_/D : -0.324473
[setup reg-reg] i_soc.i_qspi._21574_/Q -> i_soc.i_qspi._18869_/D : -0.323640
[setup reg-reg] i_soc.i_qspi._21574_/Q -> i_soc.i_qspi._18965_/D : -0.319318
[setup reg-reg] i_soc.i_qspi._21574_/Q -> i_soc.i_qspi._19166_/D : -0.319183
[setup reg-reg] i_soc.i_qspi._21574_/Q -> i_soc.i_qspi._18741_/D : -0.318659
[setup reg-reg] i_soc.i_qspi._21574_/Q -> i_soc.i_qspi._18709_/D : -0.317463
[setup reg-reg] i_soc.i_qspi._21574_/Q -> i_soc.i_qspi._19102_/D : -0.316687
[setup reg-reg] i_soc.i_qspi._21574_/Q -> i_soc.i_qspi._19093_/D : -0.315529
[setup reg-reg] i_soc.i_qspi._21574_/Q -> i_soc.i_qspi._19070_/D : -0.315124
[setup reg-reg] i_soc.i_qspi._21574_/Q -> i_soc.i_qspi._18910_/D : -0.313378
[setup reg-reg] i_soc.i_qspi._21574_/Q -> i_soc.i_qspi._18974_/D : -0.312456
[setup reg-reg] i_soc.i_qspi._21574_/Q -> i_soc.i_qspi._19134_/D : -0.312330
[setup reg-reg] i_soc.i_qspi._21574_/Q -> i_soc.i_qspi._18699_/D : -0.310980
[setup reg-reg] i_soc.i_qspi._21574_/Q -> i_soc.i_qspi._18942_/D : -0.306329
[setup reg-reg] i_soc.i_qspi._21574_/Q -> i_soc.i_qspi._18581_/D : -0.305098
[setup reg-reg] i_soc.i_qspi._21574_/Q -> i_soc.i_qspi._18328_/D : -0.303180
[setup reg-reg] i_soc.i_qspi._21574_/Q -> i_soc.i_qspi._19224_/D : -0.301648
[setup reg-reg] i_soc.i_qspi._21574_/Q -> i_soc.i_qspi._17976_/D : -0.296277
[setup reg-reg] i_soc.i_qspi._21574_/Q -> i_soc.i_qspi._18875_/D : -0.291042
[setup reg-reg] i_soc.i_qspi._21574_/Q -> i_soc.i_qspi._18165_/D : -0.290749
[setup reg-reg] i_soc.i_qspi._21574_/Q -> i_soc.i_qspi._18712_/D : -0.288509
[setup reg-reg] i_soc.i_qspi._21574_/Q -> i_soc.i_qspi._18687_/D : -0.287722
[setup reg-reg] i_soc.i_qspi._21574_/Q -> i_soc.i_qspi._18907_/D : -0.287411
[setup reg-reg] i_soc.i_qspi._21574_/Q -> i_soc.i_qspi._19032_/D : -0.282927
[setup reg-reg] i_soc.i_qspi._21574_/Q -> i_soc.i_qspi._19192_/D : -0.282419
[setup reg-reg] i_soc.i_qspi._21574_/Q -> i_soc.i_qspi._18696_/D : -0.280679
[setup reg-reg] i_soc.i_qspi._21574_/Q -> i_soc.i_qspi._18703_/D : -0.279774
[setup reg-reg] i_soc.i_qspi._21574_/Q -> i_soc.i_qspi._17336_/D : -0.278579
[setup reg-reg] i_soc.i_qspi._21574_/Q -> i_soc.i_qspi._18704_/D : -0.277298
[setup reg-reg] i_soc.i_qspi._21574_/Q -> i_soc.i_qspi._17432_/D : -0.277058
[setup reg-reg] i_soc.i_qspi._21574_/Q -> i_soc.i_qspi._17368_/D : -0.275595
[setup reg-reg] i_soc.i_qspi._21574_/Q -> i_soc.i_qspi._18168_/D : -0.274975
[setup reg-reg] i_soc.i_qspi._21574_/Q -> i_soc.i_qspi._18488_/D : -0.273413
[setup reg-reg] i_soc.i_qspi._21574_/Q -> i_soc.i_qspi._17464_/D : -0.270651
[setup reg-reg] i_soc.i_qspi._21574_/Q -> i_soc.i_qspi._18424_/D : -0.268829
[setup reg-reg] i_soc.i_qspi._21574_/Q -> i_soc.i_qspi._17304_/D : -0.268111
[setup reg-reg] i_soc.i_qspi._21574_/Q -> i_soc.i_qspi._18584_/D : -0.267889
[setup reg-reg] i_soc.i_qspi._21574_/Q -> i_soc.i_qspi._18680_/D : -0.267795
[setup reg-reg] i_soc.i_qspi._21574_/Q -> i_soc.i_qspi._19057_/D : -0.267434
[setup reg-reg] i_soc.i_qspi._21574_/Q -> i_soc.i_qspi._18200_/D : -0.267164
[setup reg-reg] i_soc.i_cpu.core_i.id_stage_i._3810_/Q -> i_soc.i_obi_axi_instr._261_/D : -0.266072
[setup reg-reg] i_soc.i_qspi._21574_/Q -> i_soc.i_qspi._17400_/D : -0.265221
[setup reg-reg] i_soc.i_qspi._21574_/Q -> i_soc.i_qspi._18104_/D : -0.264922
[setup reg-reg] i_soc.i_qspi._21574_/Q -> i_soc.i_qspi._18713_/D : -0.264890
[setup reg-reg] i_soc.i_qspi._21574_/Q -> i_soc.i_qspi._18843_/D : -0.263604
[setup reg-reg] i_soc.i_qspi._21574_/Q -> i_soc.i_qspi._18264_/D : -0.263192
[setup reg-reg] i_soc.i_qspi._21574_/Q -> i_soc.i_qspi._18456_/D : -0.262185
[setup reg-reg] i_soc.i_qspi._21574_/Q -> i_soc.i_qspi._18520_/D : -0.260155
[setup reg-reg] i_soc.i_qspi._21574_/Q -> i_soc.i_qspi._17624_/D : -0.259970
[setup reg-reg] i_soc.i_qspi._21574_/Q -> i_soc.i_qspi._18552_/D : -0.259218
[setup reg-reg] i_soc.i_qspi._21574_/Q -> i_soc.i_qspi._18392_/D : -0.258833
[setup reg-reg] i_soc.i_qspi._21574_/Q -> i_soc.i_qspi._18939_/D : -0.258089
[setup reg-reg] i_soc.i_qspi._21574_/Q -> i_soc.i_qspi._18688_/D : -0.258039
[setup reg-reg] i_soc.i_qspi._21574_/Q -> i_soc.i_qspi._17272_/D : -0.257769
[setup reg-reg] i_soc.i_qspi._21574_/Q -> i_soc.i_qspi._18296_/D : -0.254719
[setup reg-reg] i_soc.i_qspi._21574_/Q -> i_soc.i_qspi._19003_/D : -0.254463
[setup reg-reg] i_soc.i_qspi._21574_/Q -> i_soc.i_qspi._19089_/D : -0.253841
[setup reg-reg] i_soc.i_qspi._21574_/Q -> i_soc.i_qspi._18360_/D : -0.253614
[setup reg-reg] i_soc.i_qspi._21574_/Q -> i_soc.i_qspi._18971_/D : -0.252799
[setup reg-reg] i_soc.i_qspi._21574_/Q -> i_soc.i_qspi._18707_/D : -0.251227
[setup reg-reg] i_soc.i_qspi._21574_/Q -> i_soc.i_qspi._19000_/D : -0.249640
[setup reg-reg] i_soc.i_qspi._21574_/Q -> i_soc.i_qspi._18232_/D : -0.249427
[setup reg-reg] i_soc.i_qspi._21574_/Q -> i_soc.i_qspi._17656_/D : -0.247546
[setup reg-reg] i_soc.i_qspi._21574_/Q -> i_soc.i_qspi._17816_/D : -0.246619
[setup reg-reg] i_soc.i_qspi._21574_/Q -> i_soc.i_qspi._18072_/D : -0.246201
[setup reg-reg] i_soc.i_qspi._21574_/Q -> i_soc.i_qspi._17784_/D : -0.245389
[setup reg-reg] i_soc.i_qspi._21574_/Q -> i_soc.i_qspi._17688_/D : -0.243857
[setup reg-reg] i_soc.i_qspi._21574_/Q -> i_soc.i_qspi._18616_/D : -0.243327
[setup reg-reg] i_soc.i_qspi._21574_/Q -> i_soc.i_qspi._18776_/D : -0.243137
[setup reg-reg] i_soc.i_qspi._21574_/Q -> i_soc.i_qspi._18136_/D : -0.242432
[setup reg-reg] i_soc.i_qspi._21574_/Q -> i_soc.i_qspi._17720_/D : -0.242064
[setup reg-reg] i_soc.i_qspi._21574_/Q -> i_soc.i_qspi._18692_/D : -0.242034
[setup reg-reg] i_soc.i_qspi._21574_/Q -> i_soc.i_qspi._17880_/D : -0.241002
[setup reg-reg] i_soc.i_qspi._21574_/Q -> i_soc.i_qspi._18929_/D : -0.238924
[setup reg-reg] i_soc.i_qspi._21574_/Q -> i_soc.i_qspi._17752_/D : -0.235794
[setup reg-reg] i_soc.i_qspi._21574_/Q -> i_soc.i_qspi._17592_/D : -0.235611
[setup reg-reg] i_soc.i_qspi._21574_/Q -> i_soc.i_qspi._18968_/D : -0.235044
[setup reg-reg] i_soc.i_qspi._21574_/Q -> i_soc.i_qspi._18695_/D : -0.234975
[setup reg-reg] i_soc.i_qspi._21574_/Q -> i_soc.i_qspi._18808_/D : -0.228516
[setup reg-reg] i_soc.i_qspi._21574_/Q -> i_soc.i_qspi._18840_/D : -0.226370
[setup reg-reg] i_soc.i_qspi._21574_/Q -> i_soc.i_qspi._17528_/D : -0.225986
[setup reg-reg] i_soc.i_qspi._21574_/Q -> i_soc.i_qspi._17848_/D : -0.225919
[setup reg-reg] i_soc.i_qspi._21574_/Q -> i_soc.i_qspi._18936_/D : -0.225560
[setup reg-reg] i_soc.i_qspi._21574_/Q -> i_soc.i_qspi._18904_/D : -0.222833
[setup reg-reg] i_soc.i_qspi._21574_/Q -> i_soc.i_qspi._17912_/D : -0.222684
[setup reg-reg] i_soc.i_qspi._21574_/Q -> i_soc.i_qspi._17560_/D : -0.220183
[setup reg-reg] i_soc.i_qspi._21574_/Q -> i_soc.i_qspi._18872_/D : -0.219655
[setup reg-reg] i_soc.i_qspi._21574_/Q -> i_soc.i_qspi._17907_/D : -0.219160
[setup reg-reg] i_soc.i_qspi._21574_/Q -> i_soc.i_qspi._18744_/D : -0.218876
[setup reg-reg] i_soc.i_qspi._21574_/Q -> i_soc.i_qspi._17651_/D : -0.218051
[setup reg-reg] i_soc.i_qspi._21574_/Q -> i_soc.i_qspi._17944_/D : -0.215939
[setup reg-reg] i_soc.i_qspi._21574_/Q -> i_soc.i_qspi._18003_/D : -0.213936
[setup reg-reg] i_soc.i_qspi._21574_/Q -> i_soc.i_qspi._19187_/D : -0.213158
[setup reg-reg] i_soc.i_qspi._21574_/Q -> i_soc.i_qspi._17285_/D : -0.212657
[setup reg-reg] i_soc.i_qspi._21574_/Q -> i_soc.i_qspi._17939_/D : -0.211374
[setup reg-reg] i_soc.i_qspi._21574_/Q -> i_soc.i_qspi._18648_/D : -0.209292
[setup reg-reg] i_soc.i_qspi._21574_/Q -> i_soc.i_qspi._17779_/D : -0.208940
[setup reg-reg] i_soc.i_qspi._21574_/Q -> i_soc.i_qspi._19219_/D : -0.207720
[setup reg-reg] i_soc.i_qspi._21574_/Q -> i_soc.i_qspi._17715_/D : -0.206974
[setup reg-reg] i_soc.i_qspi._21574_/Q -> i_soc.i_qspi._18931_/D : -0.206910
[setup reg-reg] i_soc.i_qspi._21574_/Q -> i_soc.i_qspi._18675_/D : -0.206725
[setup reg-reg] i_soc.i_qspi._21574_/Q -> i_soc.i_qspi._18739_/D : -0.205903
[setup reg-reg] i_soc.i_qspi._21574_/Q -> i_soc.i_qspi._17292_/D : -0.204818
[setup reg-reg] i_soc.i_qspi._21574_/Q -> i_soc.i_qspi._17971_/D : -0.203961
[setup reg-reg] i_soc.i_qspi._21574_/Q -> i_soc.i_qspi._17310_/D : -0.203919
[setup reg-reg] i_soc.i_cpu.core_i.id_stage_i._3781_/Q -> i_soc.i_cpu.core_i.ex_stage_i.alu_i.alu_div_i._1494_/D : -0.202169
[setup reg-reg] i_soc.i_qspi._21574_/Q -> i_soc.i_qspi._17619_/D : -0.201819
[setup reg-reg] i_soc.i_qspi._21574_/Q -> i_soc.i_qspi._18323_/D : -0.200373
[setup reg-reg] i_soc.i_qspi._21574_/Q -> i_soc.i_qspi._19027_/D : -0.197170
[setup reg-reg] i_soc.i_qspi._21574_/Q -> i_soc.i_qspi._17875_/D : -0.196653
[setup reg-reg] i_soc.i_qspi._21574_/Q -> i_soc.i_qspi._17843_/D : -0.196557
[setup reg-reg] i_soc.i_qspi._21574_/Q -> i_soc.i_qspi._18765_/D : -0.196442
[setup reg-reg] i_soc.i_qspi._21574_/Q -> i_soc.i_qspi._18035_/D : -0.196410
[setup reg-reg] i_soc.i_qspi._21574_/Q -> i_soc.i_qspi._17747_/D : -0.196263
[setup reg-reg] i_soc.i_qspi._21574_/Q -> i_soc.i_qspi._17811_/D : -0.194609
[setup reg-reg] i_soc.i_qspi._21574_/Q -> i_soc.i_qspi._17395_/D : -0.194419
[setup reg-reg] i_soc.i_qspi._21574_/Q -> i_soc.i_qspi._17683_/D : -0.193461
[setup reg-reg] i_soc.i_qspi._21574_/Q -> i_soc.i_qspi._19283_/D : -0.191177
[setup reg-reg] i_soc.i_qspi._21574_/Q -> i_soc.i_qspi._17331_/D : -0.187709
[setup reg-reg] i_soc.i_qspi._21574_/Q -> i_soc.i_qspi._17267_/D : -0.186356
[setup reg-reg] i_soc.i_qspi._21574_/Q -> i_soc.i_qspi._18485_/D : -0.186146
[setup reg-reg] i_soc.i_qspi._21574_/Q -> i_soc.i_qspi._17427_/D : -0.186139
[setup reg-reg] i_soc.i_qspi._21574_/Q -> i_soc.i_qspi._18293_/D : -0.185016
[setup reg-reg] i_soc.i_qspi._21574_/Q -> i_soc.i_qspi._18008_/D : -0.184473
[setup reg-reg] i_soc.i_qspi._21574_/Q -> i_soc.i_qspi._18867_/D : -0.184158
[setup reg-reg] i_soc.i_qspi._21574_/Q -> i_soc.i_qspi._18355_/D : -0.183878
[setup reg-reg] i_soc.i_qspi._21574_/Q -> i_soc.i_qspi._17299_/D : -0.183402
[setup reg-reg] i_soc.i_qspi._21574_/Q -> i_soc.i_qspi._17716_/D : -0.181295
[setup reg-reg] i_soc.i_qspi._21574_/Q -> i_soc.i_qspi._19155_/D : -0.180334
[setup reg-reg] i_soc.i_qspi._21574_/Q -> i_soc.i_qspi._18963_/D : -0.179776
[setup reg-reg] i_soc.i_qspi._21574_/Q -> i_soc.i_qspi._18261_/D : -0.179485
[setup reg-reg] i_soc.i_qspi._21574_/Q -> i_soc.i_qspi._17363_/D : -0.179421
[setup reg-reg] i_soc.i_qspi._21574_/Q -> i_soc.i_qspi._18771_/D : -0.179138
[setup reg-reg] i_soc.i_qspi._21574_/Q -> i_soc.i_qspi._18547_/D : -0.178035
[setup reg-reg] i_soc.i_qspi._21574_/Q -> i_soc.i_qspi._17523_/D : -0.177668
[setup reg-reg] i_soc.i_qspi._21574_/Q -> i_soc.i_qspi._18197_/D : -0.177538
[setup reg-reg] i_soc.i_qspi._21574_/Q -> i_soc.i_qspi._18483_/D : -0.177192
[setup reg-reg] i_soc.i_qspi._21574_/Q -> i_soc.i_qspi._18763_/D : -0.177133
[setup reg-reg] i_soc.i_qspi._21574_/Q -> i_soc.i_qspi._19251_/D : -0.176975
[setup reg-reg] i_soc.i_qspi._21574_/Q -> i_soc.i_qspi._18517_/D : -0.176314
[setup reg-reg] i_soc.i_qspi._21574_/Q -> i_soc.i_qspi._19059_/D : -0.176209
[setup reg-reg] i_soc.i_qspi._21574_/Q -> i_soc.i_qspi._18040_/D : -0.176186
[setup reg-reg] i_soc.i_qspi._21574_/Q -> i_soc.i_qspi._18899_/D : -0.175582
[setup reg-reg] i_soc.i_qspi._21574_/Q -> i_soc.i_qspi._18549_/D : -0.174724
[setup reg-reg] i_soc.i_qspi._21574_/Q -> i_soc.i_qspi._19123_/D : -0.173250
[setup reg-reg] i_soc.i_qspi._21574_/Q -> i_soc.i_qspi._18611_/D : -0.172154
[setup reg-reg] i_soc.i_qspi._21574_/Q -> i_soc.i_qspi._17588_/D : -0.171813
[setup reg-reg] i_soc.i_qspi._21574_/Q -> i_soc.i_qspi._18715_/D : -0.171516
[setup reg-reg] i_soc.i_qspi._21574_/Q -> i_soc.i_qspi._18453_/D : -0.171196
[setup reg-reg] i_soc.i_qspi._21574_/Q -> i_soc.i_qspi._17684_/D : -0.171015
[setup reg-reg] i_soc.i_qspi._21574_/Q -> i_soc.i_qspi._18357_/D : -0.170930
[setup reg-reg] i_soc.i_qspi._21574_/Q -> i_soc.i_qspi._18995_/D : -0.169988
[setup reg-reg] i_soc.i_qspi._21574_/Q -> i_soc.i_qspi._17459_/D : -0.169850
[setup reg-reg] i_soc.i_qspi._21574_/Q -> i_soc.i_qspi._18163_/D : -0.169763
[setup reg-reg] i_soc.i_qspi._21574_/Q -> i_soc.i_qspi._18803_/D : -0.168747
[setup reg-reg] i_soc.i_qspi._21574_/Q -> i_soc.i_qspi._19185_/D : -0.168402
[setup reg-reg] i_soc.i_qspi._21574_/Q -> i_soc.i_qspi._18421_/D : -0.168125
[setup reg-reg] i_soc.i_qspi._21574_/Q -> i_soc.i_qspi._18835_/D : -0.167747
[setup reg-reg] i_soc.i_qspi._21574_/Q -> i_soc.i_qspi._18389_/D : -0.167384
[setup reg-reg] i_soc.i_qspi._21574_/Q -> i_soc.i_qspi._18579_/D : -0.166997
[setup reg-reg] i_soc.i_qspi._21574_/Q -> i_soc.i_qspi._17652_/D : -0.166123
[setup reg-reg] i_soc.i_qspi._21574_/Q -> i_soc.i_qspi._17303_/D : -0.165755
[setup reg-reg] i_soc.i_qspi._21574_/Q -> i_soc.i_qspi._19091_/D : -0.165496
[setup reg-reg] i_soc.i_qspi._21574_/Q -> i_soc.i_qspi._17524_/D : -0.165375
[setup reg-reg] i_soc.i_qspi._21574_/Q -> i_soc.i_qspi._18069_/D : -0.164881
[setup reg-reg] i_soc.i_qspi._21574_/Q -> i_soc.i_qspi._19217_/D : -0.164748
[setup reg-reg] i_soc.i_qspi._21574_/Q -> i_soc.i_qspi._18387_/D : -0.164647
[setup reg-reg] i_soc.i_qspi._21574_/Q -> i_soc.i_qspi._19188_/D : -0.164601
[setup reg-reg] i_soc.i_qspi._21574_/Q -> i_soc.i_qspi._18515_/D : -0.164563
[setup reg-reg] i_soc.i_qspi._21574_/Q -> i_soc.i_qspi._18643_/D : -0.164400
[setup reg-reg] i_soc.i_qspi._21574_/Q -> i_soc.i_qspi._18321_/D : -0.163654
[setup reg-reg] i_soc.i_qspi._21574_/Q -> i_soc.i_qspi._17425_/D : -0.163228
[setup reg-reg] i_soc.i_qspi._21574_/Q -> i_soc.i_qspi._17969_/D : -0.162581
[setup reg-reg] i_soc.i_qspi._21574_/Q -> i_soc.i_qspi._17282_/D : -0.162409
[setup reg-reg] i_soc.i_qspi._21574_/Q -> i_soc.i_qspi._17617_/D : -0.162148
[setup reg-reg] i_soc.i_qspi._21574_/Q -> i_soc.i_qspi._19067_/D : -0.162048
[setup reg-reg] i_soc.i_qspi._21574_/Q -> i_soc.i_qspi._18673_/D : -0.162043
[setup reg-reg] i_soc.i_qspi._21574_/Q -> i_soc.i_qspi._17294_/D : -0.162022
[setup reg-reg] i_soc.i_qspi._21574_/Q -> i_soc.i_qspi._18101_/D : -0.161835
[setup reg-reg] i_soc.i_qspi._21574_/Q -> i_soc.i_qspi._18676_/D : -0.161677
[setup reg-reg] i_soc.i_qspi._21574_/Q -> i_soc.i_qspi._17329_/D : -0.160723
[setup reg-reg] i_soc.i_qspi._21574_/Q -> i_soc.i_qspi._19025_/D : -0.160618
[setup reg-reg] i_soc.i_qspi._21574_/Q -> i_soc.i_qspi._17972_/D : -0.160428
[setup reg-reg] i_soc.i_qspi._21574_/Q -> i_soc.i_qspi._18229_/D : -0.159712
[setup reg-reg] i_soc.i_qspi._21574_/Q -> i_soc.i_qspi._19284_/D : -0.159663
[setup reg-reg] i_soc.i_qspi._21574_/Q -> i_soc.i_qspi._18779_/D : -0.159268
[setup reg-reg] i_soc.i_qspi._21574_/Q -> i_soc.i_qspi._19131_/D : -0.159055
[setup reg-reg] i_soc.i_qspi._21574_/Q -> i_soc.i_qspi._18133_/D : -0.158977
[setup reg-reg] i_soc.i_qspi._21574_/Q -> i_soc.i_qspi._18099_/D : -0.156822
[setup reg-reg] i_soc.i_qspi._21574_/Q -> i_soc.i_qspi._18324_/D : -0.155426
[setup reg-reg] i_soc.i_qspi._21574_/Q -> i_soc.i_qspi._18811_/D : -0.154923
[setup reg-reg] i_soc.i_qspi._21574_/Q -> i_soc.i_qspi._17265_/D : -0.153888
[setup reg-reg] i_soc.i_qspi._21574_/Q -> i_soc.i_qspi._17587_/D : -0.153733
[setup reg-reg] i_soc.i_qspi._21574_/Q -> i_soc.i_qspi._19099_/D : -0.152744
[setup reg-reg] i_soc.i_qspi._21574_/Q -> i_soc.i_qspi._19220_/D : -0.152701
[setup reg-reg] i_soc.i_qspi._21574_/Q -> i_soc.i_qspi._17748_/D : -0.152056
[setup reg-reg] i_soc.i_qspi._21574_/Q -> i_soc.i_qspi._18716_/D : -0.149019
[setup reg-reg] i_soc.i_qspi._21574_/Q -> i_soc.i_qspi._19028_/D : -0.147795
[setup reg-reg] i_soc.i_qspi._21574_/Q -> i_soc.i_qspi._18425_/D : -0.147322
[setup reg-reg] i_soc.i_qspi._21574_/Q -> i_soc.i_qspi._19163_/D : -0.147253
[setup reg-reg] i_soc.i_qspi._21574_/Q -> i_soc.i_qspi._19252_/D : -0.146477
[setup reg-reg] i_soc.i_qspi._21574_/Q -> i_soc.i_qspi._17556_/D : -0.146191
[setup reg-reg] i_soc.i_qspi._21574_/Q -> i_soc.i_qspi._17620_/D : -0.145835
[setup reg-reg] i_soc.i_qspi._21574_/Q -> i_soc.i_qspi._18706_/D : -0.145651
[setup reg-reg] i_soc.i_qspi._21574_/Q -> i_soc.i_qspi._17492_/D : -0.145226
[setup reg-reg] i_soc.i_qspi._21574_/Q -> i_soc.i_qspi._18423_/D : -0.144782
[setup reg-reg] i_soc.i_qspi._21574_/Q -> i_soc.i_qspi._18399_/D : -0.141032
[setup reg-reg] i_soc.i_cpu.core_i.id_stage_i._3781_/Q -> i_soc.i_cpu.core_i.ex_stage_i.alu_i.alu_div_i._1492_/D : -0.140373
[setup reg-reg] i_soc.i_qspi._21574_/Q -> i_soc.i_qspi._18740_/D : -0.139467
[setup reg-reg] i_soc.i_qspi._21574_/Q -> i_soc.i_qspi._17780_/D : -0.138021
[setup reg-reg] i_soc.i_qspi._21574_/Q -> i_soc.i_qspi._18004_/D : -0.137783
[setup reg-reg] i_soc.i_qspi._21574_/Q -> i_soc.i_qspi._17555_/D : -0.137758
[setup reg-reg] i_soc.i_qspi._21574_/Q -> i_soc.i_qspi._17268_/D : -0.137559
[setup reg-reg] i_soc.i_qspi._21574_/Q -> i_soc.i_qspi._18752_/D : -0.136581
[setup reg-reg] i_soc.i_qspi._21574_/Q -> i_soc.i_qspi._17594_/D : -0.135866
[setup reg-reg] i_soc.i_qspi._21574_/Q -> i_soc.i_qspi._17491_/D : -0.135529
[setup reg-reg] i_soc.i_qspi._21574_/Q -> i_soc.i_qspi._17812_/D : -0.134062
[setup reg-reg] i_soc.i_qspi._21574_/Q -> i_soc.i_qspi._18772_/D : -0.133456
[setup reg-reg] i_soc.i_qspi._21574_/Q -> i_soc.i_qspi._19288_/D : -0.132125
[setup reg-reg] i_soc.i_qspi._21574_/Q -> i_soc.i_qspi._19096_/D : -0.131401
[setup reg-reg] i_soc.i_qspi._21574_/Q -> i_soc.i_qspi._18009_/D : -0.131399
[setup reg-reg] i_soc.i_qspi._21574_/Q -> i_soc.i_qspi._19128_/D : -0.131154
[setup reg-reg] i_soc.i_qspi._21574_/Q -> i_soc.i_qspi._17994_/D : -0.129820
[setup reg-reg] i_soc.i_qspi._21574_/Q -> i_soc.i_qspi._19156_/D : -0.129273
[setup reg-reg] i_soc.i_qspi._21574_/Q -> i_soc.i_qspi._17291_/D : -0.128949
[setup reg-reg] i_soc.i_qspi._21574_/Q -> i_soc.i_qspi._17309_/D : -0.128818
[setup reg-reg] i_soc.i_qspi._21574_/Q -> i_soc.i_qspi._18042_/D : -0.127621
[setup reg-reg] i_soc.i_qspi._21574_/Q -> i_soc.i_qspi._19064_/D : -0.126349
[setup reg-reg] i_soc.i_qspi._21574_/Q -> i_soc.i_qspi._17908_/D : -0.125704
[setup reg-reg] i_soc.i_qspi._21574_/Q -> i_soc.i_qspi._18010_/D : -0.124247
[setup reg-reg] i_soc.i_qspi._21574_/Q -> i_soc.i_qspi._17818_/D : -0.123503
[setup reg-reg] i_soc.i_qspi._21574_/Q -> i_soc.i_qspi._17850_/D : -0.122892
[setup reg-reg] i_soc.i_qspi._21574_/Q -> i_soc.i_qspi._17754_/D : -0.122885
[setup reg-reg] i_soc.i_qspi._21574_/Q -> i_soc.i_qspi._17954_/D : -0.122871
[setup reg-reg] i_soc.i_qspi._21574_/Q -> i_soc.i_qspi._17876_/D : -0.121448
[setup reg-reg] i_soc.i_qspi._21574_/Q -> i_soc.i_qspi._17300_/D : -0.121270
[setup reg-reg] i_soc.i_qspi._21574_/Q -> i_soc.i_qspi._17975_/D : -0.120451
[setup reg-reg] i_soc.i_qspi._21574_/Q -> i_soc.i_qspi._19160_/D : -0.120263
[setup reg-reg] i_soc.i_qspi._21574_/Q -> i_soc.i_qspi._18393_/D : -0.119853
[setup reg-reg] i_soc.i_qspi._21574_/Q -> i_soc.i_qspi._18105_/D : -0.119107
[setup reg-reg] i_soc.i_qspi._21574_/Q -> i_soc.i_qspi._19092_/D : -0.118611
[setup reg-reg] i_soc.i_qspi._21574_/Q -> i_soc.i_qspi._18612_/D : -0.118446
[setup reg-reg] i_soc.i_qspi._21574_/Q -> i_soc.i_qspi._18036_/D : -0.118353
[setup reg-reg] i_soc.i_qspi._21574_/Q -> i_soc.i_qspi._17965_/D : -0.117398
[setup reg-reg] i_soc.i_qspi._21574_/Q -> i_soc.i_qspi._17940_/D : -0.117090
[setup reg-reg] i_soc.i_qspi._21574_/Q -> i_soc.i_qspi._19256_/D : -0.116772
[setup reg-reg] i_soc.i_qspi._21574_/Q -> i_soc.i_qspi._17428_/D : -0.116748
[setup reg-reg] i_soc.i_qspi._21574_/Q -> i_soc.i_qspi._17970_/D : -0.116641
[setup reg-reg] i_soc.i_qspi._21574_/Q -> i_soc.i_qspi._17722_/D : -0.116096
[setup reg-reg] i_soc.i_qspi._21574_/Q -> i_soc.i_qspi._17966_/D : -0.115522
[setup reg-reg] i_soc.i_qspi._21574_/Q -> i_soc.i_qspi._17973_/D : -0.115481
[setup reg-reg] i_soc.i_qspi._21574_/Q -> i_soc.i_qspi._18196_/D : -0.115309
[setup reg-reg] i_soc.i_qspi._21574_/Q -> i_soc.i_qspi._17882_/D : -0.114646
[setup reg-reg] i_soc.i_qspi._21574_/Q -> i_soc.i_qspi._17530_/D : -0.114220
[setup reg-reg] i_soc.i_qspi._21574_/Q -> i_soc.i_qspi._17658_/D : -0.113285
[setup reg-reg] i_soc.i_qspi._21574_/Q -> i_soc.i_qspi._18405_/D : -0.112243
[setup reg-reg] i_soc.i_qspi._21574_/Q -> i_soc.i_qspi._17980_/D : -0.111987
[setup reg-reg] i_soc.i_qspi._21574_/Q -> i_soc.i_qspi._18996_/D : -0.111685
[setup reg-reg] i_soc.i_qspi._21574_/Q -> i_soc.i_qspi._17496_/D : -0.110649
[setup reg-reg] i_soc.i_qspi._21574_/Q -> i_soc.i_qspi._17332_/D : -0.110541
[setup reg-reg] i_soc.i_qspi._21574_/Q -> i_soc.i_qspi._17420_/D : -0.110417
[setup reg-reg] i_soc.i_qspi._21574_/Q -> i_soc.i_qspi._18868_/D : -0.109896
[setup reg-reg] i_soc.i_qspi._21574_/Q -> i_soc.i_qspi._17290_/D : -0.109882
[setup reg-reg] i_soc.i_qspi._21574_/Q -> i_soc.i_qspi._19060_/D : -0.108761
[setup reg-reg] i_soc.i_qspi._21574_/Q -> i_soc.i_qspi._17419_/D : -0.108404
[setup reg-reg] i_soc.i_qspi._21574_/Q -> i_soc.i_qspi._17914_/D : -0.108315
[setup reg-reg] i_soc.i_qspi._21574_/Q -> i_soc.i_qspi._17338_/D : -0.107887
[setup reg-reg] i_soc.i_qspi._21574_/Q -> i_soc.i_qspi._17498_/D : -0.107525
[setup reg-reg] i_soc.i_qspi._21574_/Q -> i_soc.i_qspi._18408_/D : -0.107235
[setup reg-reg] i_soc.i_qspi._21574_/Q -> i_soc.i_qspi._18708_/D : -0.107081
[setup reg-reg] i_soc.i_qspi._21574_/Q -> i_soc.i_qspi._17690_/D : -0.106665
[setup reg-reg] i_soc.i_qspi._21574_/Q -> i_soc.i_qspi._18400_/D : -0.106301
[setup reg-reg] i_soc.i_qspi._21574_/Q -> i_soc.i_qspi._17364_/D : -0.106262
[setup reg-reg] i_soc.i_qspi._21574_/Q -> i_soc.i_qspi._18395_/D : -0.106155
[setup reg-reg] i_soc.i_qspi._21574_/Q -> i_soc.i_qspi._17786_/D : -0.105402
[setup reg-reg] i_soc.i_qspi._21574_/Q -> i_soc.i_qspi._18415_/D : -0.105155
[setup reg-reg] i_soc.i_qspi._21574_/Q -> i_soc.i_qspi._18747_/D : -0.104690
[setup reg-reg] i_soc.i_qspi._21574_/Q -> i_soc.i_qspi._17460_/D : -0.103858
[setup reg-reg] i_soc.i_qspi._21574_/Q -> i_soc.i_qspi._18644_/D : -0.103784
[setup reg-reg] i_soc.i_qspi._21574_/Q -> i_soc.i_qspi._17396_/D : -0.103494
[setup reg-reg] i_soc.i_qspi._21574_/Q -> i_soc.i_qspi._18418_/D : -0.103414
[setup reg-reg] i_soc.i_qspi._21574_/Q -> i_soc.i_qspi._17946_/D : -0.103123
[setup reg-reg] i_soc.i_qspi._21574_/Q -> i_soc.i_qspi._18619_/D : -0.103096
[setup reg-reg] i_soc.i_qspi._21574_/Q -> i_soc.i_qspi._17466_/D : -0.102956
[setup reg-reg] i_soc.i_qspi._21574_/Q -> i_soc.i_qspi._18932_/D : -0.102364
[setup reg-reg] i_soc.i_qspi._21574_/Q -> i_soc.i_qspi._19124_/D : -0.102235
[setup reg-reg] i_soc.i_qspi._21574_/Q -> i_soc.i_qspi._19194_/D : -0.101887
[setup reg-reg] i_soc.i_qspi._21574_/Q -> i_soc.i_qspi._18169_/D : -0.101760
[setup reg-reg] i_soc.i_qspi._21574_/Q -> i_soc.i_qspi._18361_/D : -0.101140
[setup reg-reg] i_soc.i_qspi._21574_/Q -> i_soc.i_qspi._17963_/D : -0.100743
[setup reg-reg] i_soc.i_qspi._21574_/Q -> i_soc.i_qspi._18137_/D : -0.100618
[setup reg-reg] i_soc.i_qspi._21574_/Q -> i_soc.i_qspi._18457_/D : -0.100506
[setup reg-reg] i_soc.i_qspi._21574_/Q -> i_soc.i_qspi._18651_/D : -0.100492
[setup reg-reg] i_soc.i_qspi._21574_/Q -> i_soc.i_qspi._18491_/D : -0.100222
[setup reg-reg] i_soc.i_qspi._21574_/Q -> i_soc.i_qspi._18836_/D : -0.100091
[setup reg-reg] i_soc.i_qspi._21574_/Q -> i_soc.i_qspi._17562_/D : -0.099281
[setup reg-reg] i_soc.i_qspi._21574_/Q -> i_soc.i_qspi._18401_/D : -0.099137
[setup reg-reg] i_soc.i_qspi._21574_/Q -> i_soc.i_qspi._18426_/D : -0.099121
[setup reg-reg] i_soc.i_qspi._21574_/Q -> i_soc.i_qspi._18804_/D : -0.098943
[setup reg-reg] i_soc.i_qspi._21574_/Q -> i_soc.i_qspi._18523_/D : -0.098179
[setup reg-reg] i_soc.i_qspi._21574_/Q -> i_soc.i_qspi._18964_/D : -0.098114
[setup reg-reg] i_soc.i_qspi._21574_/Q -> i_soc.i_qspi._18555_/D : -0.097243
[setup reg-reg] i_soc.i_qspi._21574_/Q -> i_soc.i_qspi._18403_/D : -0.096968
[setup reg-reg] i_soc.i_qspi._21574_/Q -> i_soc.i_qspi._17402_/D : -0.096529
[setup reg-reg] i_soc.i_qspi._21574_/Q -> i_soc.i_qspi._17434_/D : -0.096383
[setup reg-reg] i_soc.i_qspi._21574_/Q -> i_soc.i_qspi._17370_/D : -0.095735
[setup reg-reg] i_soc.i_qspi._21574_/Q -> i_soc.i_qspi._18406_/D : -0.095461
[setup reg-reg] i_soc.i_qspi._21574_/Q -> i_soc.i_qspi._18900_/D : -0.094520
[setup reg-reg] i_soc.i_qspi._21574_/Q -> i_soc.i_qspi._18558_/D : -0.094317
[setup reg-reg] i_soc.i_qspi._21574_/Q -> i_soc.i_qspi._17355_/D : -0.093697
[setup reg-reg] i_soc.i_qspi._21574_/Q -> i_soc.i_qspi._19290_/D : -0.093229
[setup reg-reg] i_soc.i_qspi._21574_/Q -> i_soc.i_qspi._17916_/D : -0.092056
[setup reg-reg] i_soc.i_qspi._21574_/Q -> i_soc.i_qspi._18107_/D : -0.091525
[setup reg-reg] i_soc.i_qspi._21574_/Q -> i_soc.i_qspi._18550_/D : -0.091326
[setup reg-reg] i_soc.i_qspi._21574_/Q -> i_soc.i_qspi._18363_/D : -0.090820
[setup reg-reg] i_soc.i_qspi._21574_/Q -> i_soc.i_qspi._18543_/D : -0.090784
[setup reg-reg] i_soc.i_qspi._21574_/Q -> i_soc.i_qspi._17981_/D : -0.090640
[setup reg-reg] i_soc.i_qspi._21574_/Q -> i_soc.i_qspi._18427_/D : -0.090118
[setup reg-reg] i_soc.i_qspi._21574_/Q -> i_soc.i_qspi._18409_/D : -0.088997
[setup reg-reg] i_soc.i_qspi._21574_/Q -> i_soc.i_qspi._18536_/D : -0.088928
[setup reg-reg] i_soc.i_qspi._21574_/Q -> i_soc.i_qspi._18551_/D : -0.088486
[setup reg-reg] i_soc.i_qspi._21574_/Q -> i_soc.i_qspi._18416_/D : -0.088354
[setup reg-reg] i_soc.i_qspi._21574_/Q -> i_soc.i_qspi._17306_/D : -0.088139
[setup reg-reg] i_soc.i_qspi._21574_/Q -> i_soc.i_qspi._18299_/D : -0.087740
[setup reg-reg] i_soc.i_qspi._21574_/Q -> i_soc.i_qspi._18459_/D : -0.087734
[setup reg-reg] i_soc.i_cpu.core_i.id_stage_i._3681_/Q -> i_soc.i_cpu.core_i.ex_stage_i._129_/D : -0.087121
[setup reg-reg] i_soc.i_qspi._21574_/Q -> i_soc.i_qspi._18203_/D : -0.086734
[setup reg-reg] i_soc.i_cpu.core_i.id_stage_i._3681_/Q -> i_soc.i_obi_axi_data._305_/D : -0.086128
[setup reg-reg] i_soc.i_qspi._21574_/Q -> i_soc.i_qspi._18171_/D : -0.085535
[setup reg-reg] i_soc.i_qspi._21574_/Q -> i_soc.i_qspi._18682_/D : -0.084855
[setup reg-reg] i_soc.i_qspi._21574_/Q -> i_soc.i_qspi._18267_/D : -0.084665
[setup reg-reg] i_soc.i_qspi._21574_/Q -> i_soc.i_qspi._17844_/D : -0.084599
[setup reg-reg] i_soc.i_qspi._21574_/Q -> i_soc.i_qspi._18486_/D : -0.084272
[setup reg-reg] i_soc.i_qspi._21574_/Q -> i_soc.i_qspi._18891_/D : -0.084007
[setup reg-reg] i_soc.i_qspi._21574_/Q -> i_soc.i_qspi._18587_/D : -0.083078
[setup reg-reg] i_soc.i_qspi._21574_/Q -> i_soc.i_qspi._19226_/D : -0.081650
[setup reg-reg] i_soc.i_qspi._21574_/Q -> i_soc.i_qspi._19258_/D : -0.080297
[setup reg-reg] i_soc.i_qspi._21574_/Q -> i_soc.i_qspi._17785_/D : -0.079918
[setup reg-reg] i_soc.i_cpu.core_i.id_stage_i._3681_/Q -> i_soc.i_obi_axi_data._290_/D : -0.079750
[setup reg-reg] i_soc.i_qspi._21574_/Q -> i_soc.i_qspi._17911_/D : -0.079471
[setup reg-reg] i_soc.i_qspi._21574_/Q -> i_soc.i_qspi._18903_/D : -0.078064
[setup reg-reg] i_soc.i_qspi._21574_/Q -> i_soc.i_qspi._18139_/D : -0.077154
[setup reg-reg] i_soc.i_qspi._21574_/Q -> i_soc.i_qspi._17890_/D : -0.076978
[setup reg-reg] i_soc.i_qspi._21574_/Q -> i_soc.i_qspi._17356_/D : -0.076833
[setup reg-reg] i_soc.i_qspi._21574_/Q -> i_soc.i_qspi._18539_/D : -0.076621
[setup reg-reg] i_soc.i_qspi._21574_/Q -> i_soc.i_qspi._18419_/D : -0.075637
[setup reg-reg] i_soc.i_qspi._21574_/Q -> i_soc.i_qspi._18235_/D : -0.075584
[setup reg-reg] i_soc.i_qspi._21574_/Q -> i_soc.i_qspi._17953_/D : -0.074804
[setup reg-reg] i_soc.i_qspi._21574_/Q -> i_soc.i_qspi._18195_/D : -0.074511
[setup reg-reg] i_soc.i_qspi._21574_/Q -> i_soc.i_qspi._18489_/D : -0.074380
[setup reg-reg] i_soc.i_qspi._21574_/Q -> i_soc.i_qspi._18487_/D : -0.073285
[setup reg-reg] i_soc.i_qspi._21574_/Q -> i_soc.i_qspi._18075_/D : -0.073241
[setup reg-reg] i_soc.i_qspi._21574_/Q -> i_soc.i_qspi._17775_/D : -0.073134
[setup reg-reg] i_soc.i_qspi._21574_/Q -> i_soc.i_qspi._17978_/D : -0.072651
[setup reg-reg] i_soc.i_qspi._21574_/Q -> i_soc.i_qspi._17909_/D : -0.070788
[setup reg-reg] i_soc.i_qspi._21574_/Q -> i_soc.i_qspi._18894_/D : -0.069569
[setup reg-reg] i_soc.i_qspi._21574_/Q -> i_soc.i_qspi._18532_/D : -0.069075
[setup reg-reg] i_soc.i_qspi._21574_/Q -> i_soc.i_qspi._19034_/D : -0.068981
[setup reg-reg] i_soc.i_qspi._21574_/Q -> i_soc.i_qspi._18494_/D : -0.068530
[setup reg-reg] i_soc.i_qspi._21574_/Q -> i_soc.i_qspi._18227_/D : -0.067454
[setup reg-reg] i_soc.i_qspi._21574_/Q -> i_soc.i_qspi._17626_/D : -0.067079
[setup reg-reg] i_soc.i_qspi._21574_/Q -> i_soc.i_qspi._17979_/D : -0.066919
[setup reg-reg] i_soc.i_qspi._21574_/Q -> i_soc.i_qspi._18330_/D : -0.066366
[setup reg-reg] i_soc.i_qspi._21574_/Q -> i_soc.i_qspi._18479_/D : -0.066288
[setup reg-reg] i_soc.i_cpu.core_i.id_stage_i._3681_/Q -> i_soc.i_obi_axi_data._283_/D : -0.066253
[setup reg-reg] i_soc.i_qspi._21574_/Q -> i_soc.i_qspi._17902_/D : -0.065858
[setup reg-reg] i_soc.i_qspi._21574_/Q -> i_soc.i_qspi._17962_/D : -0.065157
[setup reg-reg] i_soc.i_qspi._21574_/Q -> i_soc.i_qspi._18762_/D : -0.064006
[setup reg-reg] i_soc.i_qspi._21574_/Q -> i_soc.i_qspi._17274_/D : -0.063238
[setup reg-reg] i_soc.i_qspi._21574_/Q -> i_soc.i_qspi._17429_/D : -0.061888
[setup reg-reg] i_soc.i_cpu.core_i.id_stage_i._3681_/Q -> i_soc.i_obi_axi_data._299_/D : -0.059408
[setup reg-reg] i_soc.i_qspi._21574_/Q -> i_soc.i_qspi._18259_/D : -0.059012
[setup reg-reg] i_soc.i_qspi._21574_/Q -> i_soc.i_qspi._18475_/D : -0.058465
[setup reg-reg] i_soc.i_qspi._21574_/Q -> i_soc.i_qspi._17422_/D : -0.058430
[setup reg-reg] i_soc.i_qspi._21574_/Q -> i_soc.i_qspi._17889_/D : -0.058119
[setup reg-reg] i_soc.i_qspi._21574_/Q -> i_soc.i_qspi._17768_/D : -0.057945
[setup reg-reg] i_soc.i_qspi._21574_/Q -> i_soc.i_qspi._18905_/D : -0.056906
[setup reg-reg] i_soc.i_qspi._21574_/Q -> i_soc.i_qspi._17410_/D : -0.056211
[setup reg-reg] i_soc.i_qspi._21574_/Q -> i_soc.i_qspi._17431_/D : -0.055115
[setup reg-reg] i_soc.i_qspi._21574_/Q -> i_soc.i_qspi._18879_/D : -0.054122
[setup reg-reg] i_soc.i_qspi._21574_/Q -> i_soc.i_qspi._17901_/D : -0.054014
[setup reg-reg] i_soc.i_qspi._21574_/Q -> i_soc.i_qspi._17289_/D : -0.053673
[setup reg-reg] i_soc.i_qspi._21574_/Q -> i_soc.i_qspi._18895_/D : -0.053380
[setup reg-reg] i_soc.i_qspi._21574_/Q -> i_soc.i_qspi._18468_/D : -0.053346
[setup reg-reg] i_soc.i_cpu.core_i.id_stage_i._3681_/Q -> i_soc.i_obi_axi_data._291_/D : -0.053204
[setup reg-reg] i_soc.i_qspi._21574_/Q -> i_soc.i_qspi._18884_/D : -0.053120
[setup reg-reg] i_soc.i_qspi._21574_/Q -> i_soc.i_qspi._18545_/D : -0.052237
[setup reg-reg] i_soc.i_qspi._21574_/Q -> i_soc.i_qspi._18888_/D : -0.052198
[setup reg-reg] i_soc.i_qspi._21574_/Q -> i_soc.i_qspi._18291_/D : -0.049923
[setup reg-reg] i_soc.i_qspi._21574_/Q -> i_soc.i_qspi._18451_/D : -0.049884
[setup reg-reg] i_soc.i_qspi._21574_/Q -> i_soc.i_qspi._18880_/D : -0.049392
[setup reg-reg] i_soc.i_qspi._21574_/Q -> i_soc.i_qspi._17905_/D : -0.045393
[setup reg-reg] i_soc.i_qspi._21574_/Q -> i_soc.i_qspi._17287_/D : -0.043746
[setup reg-reg] i_soc.i_qspi._21574_/Q -> i_soc.i_qspi._17288_/D : -0.042569
[setup reg-reg] i_soc.i_qspi._21574_/Q -> i_soc.i_qspi._17897_/D : -0.042535
[setup reg-reg] i_soc.i_qspi._21574_/Q -> i_soc.i_qspi._17284_/D : -0.040650
[setup reg-reg] i_soc.i_qspi._21574_/Q -> i_soc.i_qspi._18470_/D : -0.038096
[setup reg-reg] i_soc.i_qspi._21574_/Q -> i_soc.i_qspi._17293_/D : -0.037691
[setup reg-reg] i_soc.i_qspi._21574_/Q -> i_soc.i_qspi._17437_/D : -0.036879
[setup reg-reg] i_soc.i_qspi._21574_/Q -> i_soc.i_qspi._17361_/D : -0.036353
[setup reg-reg] i_soc.i_qspi._21574_/Q -> i_soc.i_qspi._17457_/D : -0.036202
[setup reg-reg] i_soc.i_qspi._21574_/Q -> i_soc.i_qspi._18533_/D : -0.034790
[setup reg-reg] i_soc.i_qspi._21574_/Q -> i_soc.i_qspi._17393_/D : -0.034611
[setup reg-reg] i_soc.i_qspi._21574_/Q -> i_soc.i_qspi._17297_/D : -0.034442
[setup reg-reg] i_soc.i_qspi._21574_/Q -> i_soc.i_qspi._17358_/D : -0.034246
[setup reg-reg] i_soc.i_qspi._21574_/Q -> i_soc.i_qspi._18131_/D : -0.034182
[setup reg-reg] i_soc.i_qspi._21574_/Q -> i_soc.i_qspi._18531_/D : -0.033456
[setup reg-reg] i_soc.i_qspi._21574_/Q -> i_soc.i_qspi._17888_/D : -0.032657
[setup reg-reg] i_soc.i_qspi._21574_/Q -> i_soc.i_qspi._19281_/D : -0.032326
[setup reg-reg] i_soc.i_qspi._21574_/Q -> i_soc.i_qspi._17279_/D : -0.031784
[setup reg-reg] i_soc.i_qspi._21574_/Q -> i_soc.i_qspi._18896_/D : -0.031619
[setup reg-reg] i_soc.i_ai_accel._23251_/Q -> i_soc.i_ai_accel._23025_/D : -0.031250
[setup reg-reg] i_soc.i_qspi._21574_/Q -> i_soc.i_qspi._18477_/D : -0.029461
[setup reg-reg] i_soc.i_qspi._21574_/Q -> i_soc.i_qspi._18467_/D : -0.028738
[setup reg-reg] i_soc.i_qspi._21574_/Q -> i_soc.i_qspi._18481_/D : -0.028571
[setup reg-reg] i_soc.i_qspi._21574_/Q -> i_soc.i_qspi._18529_/D : -0.028253
[setup reg-reg] i_soc.i_qspi._21574_/Q -> i_soc.i_qspi._17426_/D : -0.027796
[setup reg-reg] i_soc.i_qspi._21574_/Q -> i_soc.i_qspi._17986_/D : -0.027725
[setup reg-reg] i_soc.i_qspi._21574_/Q -> i_soc.i_qspi._18887_/D : -0.027590
[setup reg-reg] i_soc.i_qspi._21574_/Q -> i_soc.i_qspi._17409_/D : -0.027416
[setup reg-reg] i_soc.i_qspi._21574_/Q -> i_soc.i_qspi._19249_/D : -0.027351
[setup reg-reg] i_soc.i_qspi._21574_/Q -> i_soc.i_qspi._17559_/D : -0.027011
[setup reg-reg] i_soc.i_qspi._21574_/Q -> i_soc.i_qspi._18490_/D : -0.025747
[setup reg-reg] i_soc.i_qspi._21574_/Q -> i_soc.i_qspi._17302_/D : -0.025707
[setup reg-reg] i_soc.i_qspi._21574_/Q -> i_soc.i_qspi._18472_/D : -0.025569
[setup reg-reg] i_soc.i_qspi._21574_/Q -> i_soc.i_qspi._18530_/D : -0.024478
[setup reg-reg] i_soc.i_qspi._21574_/Q -> i_soc.i_qspi._18541_/D : -0.023782
[setup reg-reg] i_soc.i_qspi._21574_/Q -> i_soc.i_qspi._18537_/D : -0.023146
[setup reg-reg] i_soc.i_qspi._21574_/Q -> i_soc.i_qspi._17893_/D : -0.023070
[setup reg-reg] i_soc.i_qspi._21574_/Q -> i_soc.i_qspi._17564_/D : -0.021114
[setup reg-reg] i_soc.i_qspi._21574_/Q -> i_soc.i_qspi._18466_/D : -0.020506
[setup reg-reg] i_soc.i_qspi._21574_/Q -> i_soc.i_qspi._18534_/D : -0.020158
[setup reg-reg] i_soc.i_qspi._21574_/Q -> i_soc.i_qspi._18026_/D : -0.019584
[setup reg-reg] i_soc.i_qspi._21574_/Q -> i_soc.i_qspi._18067_/D : -0.018694
[setup reg-reg] i_soc.i_qspi._21574_/Q -> i_soc.i_qspi._18492_/D : -0.018082
[setup reg-reg] i_soc.i_qspi._21574_/Q -> i_soc.i_qspi._18527_/D : -0.017986
[setup reg-reg] i_soc.i_qspi._21574_/Q -> i_soc.i_qspi._18020_/D : -0.017460
[setup reg-reg] i_soc.i_qspi._21574_/Q -> i_soc.i_qspi._17557_/D : -0.016364
[setup reg-reg] i_soc.i_qspi._21574_/Q -> i_soc.i_qspi._17538_/D : -0.016179
[setup reg-reg] i_soc.i_qspi._21574_/Q -> i_soc.i_qspi._17899_/D : -0.015451
[setup reg-reg] i_soc.i_qspi._21574_/Q -> i_soc.i_qspi._18469_/D : -0.015344
[setup reg-reg] i_soc.i_qspi._21574_/Q -> i_soc.i_qspi._18554_/D : -0.014239
[setup reg-reg] i_soc.i_qspi._21574_/Q -> i_soc.i_qspi._18909_/D : -0.013774
[setup reg-reg] i_soc.i_qspi._21574_/Q -> i_soc.i_qspi._17554_/D : -0.013195
[setup reg-reg] i_soc.i_qspi._21574_/Q -> i_soc.i_qspi._17550_/D : -0.013088
[setup reg-reg] i_soc.i_qspi._21574_/Q -> i_soc.i_qspi._18007_/D : -0.013070
[setup reg-reg] i_soc.i_qspi._21574_/Q -> i_soc.i_qspi._18770_/D : -0.013056
[setup reg-reg] i_soc.i_qspi._21574_/Q -> i_soc.i_qspi._18473_/D : -0.012777
[setup reg-reg] i_soc.i_cpu.core_i.id_stage_i._3681_/Q -> i_soc.i_obi_axi_data._306_/D : -0.012626
[setup reg-reg] i_soc.i_qspi._21574_/Q -> i_soc.i_qspi._17549_/D : -0.012019
[setup reg-reg] i_soc.i_qspi._21574_/Q -> i_soc.i_qspi._17418_/D : -0.011742
[setup reg-reg] i_soc.i_cpu.core_i.id_stage_i._3681_/Q -> i_soc.i_obi_axi_data._301_/D : -0.010564
[setup reg-reg] i_soc.i_qspi._21574_/Q -> i_soc.i_qspi._18464_/D : -0.010180
[setup reg-reg] i_soc.i_qspi._21574_/Q -> i_soc.i_qspi._18041_/D : -0.010157
[setup reg-reg] i_soc.i_qspi._21574_/Q -> i_soc.i_qspi._18465_/D : -0.009170
[setup reg-reg] i_soc.i_qspi._21574_/Q -> i_soc.i_qspi._18024_/D : -0.008551
[setup reg-reg] i_soc.i_qspi._21574_/Q -> i_soc.i_qspi._17295_/D : -0.008038
[setup reg-reg] i_soc.i_qspi._21574_/Q -> i_soc.i_qspi._18556_/D : -0.007379
[setup reg-reg] i_soc.i_qspi._21574_/Q -> i_soc.i_qspi._18546_/D : -0.006828
[setup reg-reg] i_soc.i_qspi._21574_/Q -> i_soc.i_qspi._18043_/D : -0.006553
[setup reg-reg] i_soc.i_qspi._21574_/Q -> i_soc.i_qspi._18780_/D : -0.006137
[setup reg-reg] i_soc.i_qspi._21574_/Q -> i_soc.i_qspi._17783_/D : -0.005780
[setup reg-reg] i_soc.i_qspi._21574_/Q -> i_soc.i_qspi._18760_/D : -0.003212
[setup reg-reg] i_soc.i_qspi._21574_/Q -> i_soc.i_qspi._18012_/D : -0.001746
[setup reg-reg] i_soc.i_cpu.core_i.id_stage_i._3681_/Q -> i_soc.i_obi_axi_data._285_/D : -0.000739
[setup reg-reg] i_soc.i_qspi._21574_/Q -> i_soc.i_qspi._19149_/D : -0.000030
