
===========================================================================
report_checks -unconstrained
===========================================================================
======================= nom_tt_025C_1v80 Corner ===================================

Startpoint: i_soc.i_instr_sram.u_sram.gen_bank[3].gen_512.u_macro
            (falling edge-triggered flip-flop clocked by clk)
Endpoint: i_soc.i_cpu.core_i.if_stage_i._855_
          (rising edge-triggered flip-flop clocked by clk)
Path Group: clk
Path Type: max

Fanout         Cap        Slew       Delay        Time   Description
---------------------------------------------------------------------------------------------
                                 10.000000   10.000000   clock clk (fall edge)
                                  0.000000   10.000000   clock source latency
     4    0.485199    0.000000    0.000000   10.000000 v clk_i (in)
                                                         clk_i (net)
                      1.318847    0.659424   10.659424 v clkbuf_0_clk_i/A (sky130_fd_sc_hd__clkbuf_16)
     5    0.052459    0.083230    0.581379   11.240804 v clkbuf_0_clk_i/X (sky130_fd_sc_hd__clkbuf_16)
                                                         clknet_0_clk_i (net)
                      0.084265    0.007945   11.248748 v clkbuf_1_1_0_clk_i/A (sky130_fd_sc_hd__clkbuf_8)
     3    0.073308    0.091207    0.207329   11.456078 v clkbuf_1_1_0_clk_i/X (sky130_fd_sc_hd__clkbuf_8)
                                                         clknet_1_1_0_clk_i (net)
                      0.091883    0.006232   11.462310 v clkbuf_1_1_1_clk_i/A (sky130_fd_sc_hd__clkbuf_8)
     5    0.242036    0.253324    0.291760   11.754070 v clkbuf_1_1_1_clk_i/X (sky130_fd_sc_hd__clkbuf_8)
                                                         clknet_1_1_1_clk_i (net)
                      0.258195    0.029011   11.783081 v delaybuf_13_clk/A (sky130_fd_sc_hd__clkbuf_16)
     3    0.021669    0.037496    0.246252   12.029332 v delaybuf_13_clk/X (sky130_fd_sc_hd__clkbuf_16)
                                                         delaynet_13_clk (net)
                      0.037589    0.001850   12.031182 v delaybuf_14_clk/A (sky130_fd_sc_hd__clkbuf_16)
     3    0.023071    0.037033    0.145517   12.176700 v delaybuf_14_clk/X (sky130_fd_sc_hd__clkbuf_16)
                                                         delaynet_14_clk (net)
                      0.037204    0.001966   12.178665 v delaybuf_15_clk/A (sky130_fd_sc_hd__clkbuf_16)
     3    0.023554    0.037358    0.145702   12.324368 v delaybuf_15_clk/X (sky130_fd_sc_hd__clkbuf_16)
                                                         delaynet_15_clk (net)
                      0.037525    0.002013   12.326381 v delaybuf_16_clk/A (sky130_fd_sc_hd__clkbuf_16)
     3    0.024227    0.037816    0.146326   12.472706 v delaybuf_16_clk/X (sky130_fd_sc_hd__clkbuf_16)
                                                         delaynet_16_clk (net)
                      0.037990    0.002093   12.474798 v delaybuf_17_clk/A (sky130_fd_sc_hd__clkbuf_16)
     3    0.021467    0.035897    0.144572   12.619370 v delaybuf_17_clk/X (sky130_fd_sc_hd__clkbuf_16)
                                                         delaynet_17_clk (net)
                      0.036063    0.001704   12.621076 v delaybuf_18_clk/A (sky130_fd_sc_hd__clkbuf_16)
     3    0.018041    0.034059    0.141102   12.762177 v delaybuf_18_clk/X (sky130_fd_sc_hd__clkbuf_16)
                                                         delaynet_18_clk (net)
                      0.034086    0.001513   12.763691 v delaybuf_19_clk/A (sky130_fd_sc_hd__clkbuf_16)
     9    0.606076    0.270455    0.260181   13.023872 v delaybuf_19_clk/X (sky130_fd_sc_hd__clkbuf_16)
                                                         delaynet_19_clk (net)
                      0.274990    0.025615   13.049487 v delaybuf_12_clk/A (sky130_fd_sc_hd__clkbuf_16)
     5    0.242742    0.161160    0.353164   13.402651 v delaybuf_12_clk/X (sky130_fd_sc_hd__clkbuf_16)
                                                         delaynet_12_clk (net)
                      0.164313    0.017923   13.420574 v clkbuf_leaf_6_clk_i/A (sky130_fd_sc_hd__clkbuf_8)
     9    0.235300    0.244571    0.344710   13.765285 v clkbuf_leaf_6_clk_i/X (sky130_fd_sc_hd__clkbuf_8)
                                                         clknet_leaf_6_clk_i (net)
                      0.341444    0.041654   13.806938 v i_soc.i_instr_sram.u_sram.gen_bank[3].gen_512.u_macro/clk1 (sky130_sram_2kbyte_1rw1r_32x512_8)
     3    0.183663    0.099074    1.412603   15.219542 v i_soc.i_instr_sram.u_sram.gen_bank[3].gen_512.u_macro/dout1[17] (sky130_sram_2kbyte_1rw1r_32x512_8)
                                                         i_soc.i_instr_sram.u_sram.dout[17] (net)
                      0.074305    0.107198   15.326739 v wire4461/A (sky130_fd_sc_hd__buf_2)
     1    0.009568    0.038507    0.145262   15.472001 v wire4461/X (sky130_fd_sc_hd__buf_2)
                                                         net4461 (net)
                      0.038515    0.000556   15.472557 v i_soc.i_instr_sram.u_sram._31_/A3 (sky130_fd_sc_hd__mux4_2)
     3    0.066066    0.236225    0.654804   16.127361 v i_soc.i_instr_sram.u_sram._31_/X (sky130_fd_sc_hd__mux4_2)
                                                         i_soc.i_crossbar.instr_sram_mst.r_data[17] (net)
                      0.238261    0.016986   16.144346 v i_soc.i_crossbar._0175_/A0 (sky130_fd_sc_hd__mux2_1)
     3    0.039736    0.212771    0.521949   16.666296 v i_soc.i_crossbar._0175_/X (sky130_fd_sc_hd__mux2_1)
                                                         i_soc.cpu_instr_bus.r_data[17] (net)
                      0.213037    0.006743   16.673038 v i_soc.i_obi_axi_instr._444_/A (sky130_fd_sc_hd__buf_2)
     1    0.003681    0.027559    0.190752   16.863791 v i_soc.i_obi_axi_instr._444_/X (sky130_fd_sc_hd__buf_2)
                                                         i_soc.i_cpu.core_i.if_stage_i.instr_rdata_i[17] (net)
                      0.027559    0.000131   16.863922 v i_soc.i_cpu.core_i.if_stage_i.prefetch_buffer_i.instruction_obi_i._324_/A (sky130_fd_sc_hd__buf_2)
     3    0.008899    0.036912    0.123027   16.986950 v i_soc.i_cpu.core_i.if_stage_i.prefetch_buffer_i.instruction_obi_i._324_/X (sky130_fd_sc_hd__buf_2)
                                                         i_soc.i_cpu.core_i.if_stage_i.prefetch_buffer_i.fifo_i.data_i[17] (net)
                      0.036913    0.000224   16.987173 v i_soc.i_cpu.core_i.if_stage_i.prefetch_buffer_i._063_/A1 (sky130_fd_sc_hd__mux2_1)
    11    0.056494    0.286732    0.512275   17.499447 v i_soc.i_cpu.core_i.if_stage_i.prefetch_buffer_i._063_/X (sky130_fd_sc_hd__mux2_1)
                                                         i_soc.i_cpu.core_i.if_stage_i.aligner_i.fetch_rdata_i[17] (net)
                      0.287158    0.009777   17.509224 v i_soc.i_cpu.core_i.if_stage_i.aligner_i._415_/B (sky130_fd_sc_hd__nand2_2)
     4    0.018251    0.134026    0.218066   17.727291 ^ i_soc.i_cpu.core_i.if_stage_i.aligner_i._415_/Y (sky130_fd_sc_hd__nand2_2)
                                                         i_soc.i_cpu.core_i.if_stage_i.aligner_i._104_ (net)
                      0.134026    0.000444   17.727734 ^ i_soc.i_cpu.core_i.if_stage_i.aligner_i._438_/A2 (sky130_fd_sc_hd__o21ai_2)
     5    0.023126    0.100725    0.123801   17.851536 v i_soc.i_cpu.core_i.if_stage_i.aligner_i._438_/Y (sky130_fd_sc_hd__o21ai_2)
                                                         i_soc.i_cpu.core_i.if_stage_i.aligner_i._120_ (net)
                      0.100801    0.002222   17.853758 v max_cap2093/A (sky130_fd_sc_hd__buf_4)
    13    0.056816    0.081578    0.216076   18.069834 v max_cap2093/X (sky130_fd_sc_hd__buf_4)
                                                         net2093 (net)
                      0.081673    0.002510   18.072344 v i_soc.i_cpu.core_i.if_stage_i.aligner_i._456_/B1 (sky130_fd_sc_hd__a221o_2)
    27    0.104390    0.268372    0.577376   18.649721 v i_soc.i_cpu.core_i.if_stage_i.aligner_i._456_/X (sky130_fd_sc_hd__a221o_2)
                                                         i_soc.i_cpu.core_i.if_stage_i.aligner_i.instr_aligned_o[10] (net)
                      0.269487    0.013108   18.662828 v i_soc.i_cpu.core_i.if_stage_i.compressed_decoder_i._217_/B (sky130_fd_sc_hd__or4_2)
     3    0.009581    0.125248    0.753118   19.415947 v i_soc.i_cpu.core_i.if_stage_i.compressed_decoder_i._217_/X (sky130_fd_sc_hd__or4_2)
                                                         i_soc.i_cpu.core_i.if_stage_i.compressed_decoder_i._006_ (net)
                      0.125248    0.000163   19.416111 v i_soc.i_cpu.core_i.if_stage_i.compressed_decoder_i._247_/D (sky130_fd_sc_hd__or4_2)
     1    0.003115    0.099337    0.555271   19.971382 v i_soc.i_cpu.core_i.if_stage_i.compressed_decoder_i._247_/X (sky130_fd_sc_hd__or4_2)
                                                         i_soc.i_cpu.core_i.if_stage_i.compressed_decoder_i._031_ (net)
                      0.099337    0.000091   19.971472 v i_soc.i_cpu.core_i.if_stage_i.compressed_decoder_i._248_/A3 (sky130_fd_sc_hd__a32o_2)
     1    0.003180    0.040174    0.279151   20.250624 v i_soc.i_cpu.core_i.if_stage_i.compressed_decoder_i._248_/X (sky130_fd_sc_hd__a32o_2)
                                                         i_soc.i_cpu.core_i.if_stage_i.compressed_decoder_i._032_ (net)
                      0.040174    0.000096   20.250719 v i_soc.i_cpu.core_i.if_stage_i.compressed_decoder_i._249_/C1 (sky130_fd_sc_hd__o211a_2)
     1    0.005035    0.046733    0.116353   20.367073 v i_soc.i_cpu.core_i.if_stage_i.compressed_decoder_i._249_/X (sky130_fd_sc_hd__o211a_2)
                                                         i_soc.i_cpu.core_i.if_stage_i.compressed_decoder_i._033_ (net)
                      0.046733    0.000188   20.367260 v i_soc.i_cpu.core_i.if_stage_i.compressed_decoder_i._254_/A2 (sky130_fd_sc_hd__o32a_2)
     1    0.015794    0.084051    0.407626   20.774887 v i_soc.i_cpu.core_i.if_stage_i.compressed_decoder_i._254_/X (sky130_fd_sc_hd__o32a_2)
                                                         i_soc.i_cpu.core_i.if_stage_i.compressed_decoder_i.instr_o[7] (net)
                      0.084052    0.000490   20.775377 v i_soc.i_cpu.core_i.if_stage_i._788_/A1 (sky130_fd_sc_hd__mux2_1)
     1    0.002358    0.052715    0.296536   21.071913 v i_soc.i_cpu.core_i.if_stage_i._788_/X (sky130_fd_sc_hd__mux2_1)
                                                         i_soc.i_cpu.core_i.if_stage_i._008_ (net)
                      0.052715    0.000066   21.071978 v i_soc.i_cpu.core_i.if_stage_i._855_/D (sky130_fd_sc_hd__dfrtp_2)
                                             21.071978   data arrival time

                                 20.000000   20.000000   clock clk (rise edge)
                                  0.000000   20.000000   clock source latency
     4    0.487273    0.000000    0.000000   20.000000 ^ clk_i (in)
                                                         clk_i (net)
                      1.324436    0.662219   20.662220 ^ clkbuf_0_clk_i/A (sky130_fd_sc_hd__clkbuf_16)
     5    0.054062    0.098852    0.353834   21.016054 ^ clkbuf_0_clk_i/X (sky130_fd_sc_hd__clkbuf_16)
                                                         clknet_0_clk_i (net)
                      0.099874    0.008150   21.024204 ^ clkbuf_1_1_0_clk_i/A (sky130_fd_sc_hd__clkbuf_8)
     3    0.073874    0.135988    0.215289   21.239492 ^ clkbuf_1_1_0_clk_i/X (sky130_fd_sc_hd__clkbuf_8)
                                                         clknet_1_1_0_clk_i (net)
                      0.136438    0.006343   21.245836 ^ clkbuf_1_1_1_clk_i/A (sky130_fd_sc_hd__clkbuf_8)
     5    0.243639    0.417618    0.386128   21.631964 ^ clkbuf_1_1_1_clk_i/X (sky130_fd_sc_hd__clkbuf_8)
                                                         clknet_1_1_1_clk_i (net)
                      0.437386    0.071251   21.703217 ^ clkbuf_leaf_5_clk_i/A (sky130_fd_sc_hd__clkbuf_8)
     7    0.083198    0.152842    0.311246   22.014462 ^ clkbuf_leaf_5_clk_i/X (sky130_fd_sc_hd__clkbuf_8)
                                                         clknet_leaf_5_clk_i (net)
                      0.157041    0.019941   22.034403 ^ i_soc.i_cpu.core_i.sleep_unit_i.core_clock_gate_i._0_/A (sky130_fd_sc_hd__buf_2)
     3    0.116118    0.562336    0.478625   22.513029 ^ i_soc.i_cpu.core_i.sleep_unit_i.core_clock_gate_i._0_/X (sky130_fd_sc_hd__buf_2)
                                                         i_soc.i_cpu.core_i.clk (net)
                      0.569268    0.050349   22.563377 ^ clkbuf_0_i_soc.i_cpu.core_i.clk/A (sky130_fd_sc_hd__clkbuf_16)
     9    0.127556    0.145058    0.331612   22.894989 ^ clkbuf_0_i_soc.i_cpu.core_i.clk/X (sky130_fd_sc_hd__clkbuf_16)
                                                         clknet_0_i_soc.i_cpu.core_i.clk (net)
                      0.147426    0.014653   22.909643 ^ clkbuf_2_3_0_i_soc.i_cpu.core_i.clk/A (sky130_fd_sc_hd__clkbuf_8)
     5    0.103347    0.183336    0.263729   23.173372 ^ clkbuf_2_3_0_i_soc.i_cpu.core_i.clk/X (sky130_fd_sc_hd__clkbuf_8)
                                                         clknet_2_3_0_i_soc.i_cpu.core_i.clk (net)
                      0.184535    0.011934   23.185305 ^ clkbuf_3_6_0_i_soc.i_cpu.core_i.clk/A (sky130_fd_sc_hd__clkbuf_8)
     9    0.094064    0.168310    0.266368   23.451674 ^ clkbuf_3_6_0_i_soc.i_cpu.core_i.clk/X (sky130_fd_sc_hd__clkbuf_8)
                                                         clknet_3_6_0_i_soc.i_cpu.core_i.clk (net)
                      0.168533    0.005031   23.456703 ^ clkbuf_5_27__f_i_soc.i_cpu.core_i.clk/A (sky130_fd_sc_hd__clkbuf_16)
    19    0.121571    0.135144    0.238940   23.695644 ^ clkbuf_5_27__f_i_soc.i_cpu.core_i.clk/X (sky130_fd_sc_hd__clkbuf_16)
                                                         clknet_5_27__leaf_i_soc.i_cpu.core_i.clk (net)
                      0.136197    0.009509   23.705153 ^ clkbuf_leaf_90_i_soc.i_cpu.core_i.clk/A (sky130_fd_sc_hd__clkbuf_8)
    12    0.038124    0.079272    0.187361   23.892513 ^ clkbuf_leaf_90_i_soc.i_cpu.core_i.clk/X (sky130_fd_sc_hd__clkbuf_8)
                                                         clknet_leaf_90_i_soc.i_cpu.core_i.clk (net)
                      0.079272    0.000410   23.892923 ^ i_soc.i_cpu.core_i.if_stage_i._855_/CLK (sky130_fd_sc_hd__dfrtp_2)
                                 -0.500000   23.392923   clock uncertainty
                                  0.000000   23.392923   clock reconvergence pessimism
                                 -0.110945   23.281979   library setup time
                                             23.281979   data required time
---------------------------------------------------------------------------------------------
                                             23.281979   data required time
                                            -21.071978   data arrival time
---------------------------------------------------------------------------------------------
                                              2.209999   slack (MET)




===========================================================================
report_checks --slack_max -0.01
============================================================================
======================= nom_tt_025C_1v80 Corner ===================================

No paths found.


===========================================================================
 report_check_types -max_slew -max_cap -max_fanout -violators
============================================================================
======================= nom_tt_025C_1v80 Corner ===================================

max slew

Pin                                        Limit        Slew       Slack
------------------------------------------------------------------------
gpio_out_o[7]                           1.000000    5.281059   -4.281059 (VIOLATED)
gpio_out_o[1]                           1.000000    5.260093   -4.260093 (VIOLATED)
uart_txd_o                              1.000000    5.235916   -4.235916 (VIOLATED)
gpio_out_o[2]                           1.000000    5.233930   -4.233930 (VIOLATED)
gpio_out_o[9]                           1.000000    5.231313   -4.231313 (VIOLATED)
gpio_out_o[12]                          1.000000    5.228465   -4.228464 (VIOLATED)
gpio_out_o[13]                          1.000000    5.223013   -4.223013 (VIOLATED)
gpio_out_o[8]                           1.000000    5.222578   -4.222578 (VIOLATED)
gpio_out_o[11]                          1.000000    5.221262   -4.221262 (VIOLATED)
gpio_out_o[5]                           1.000000    5.218336   -4.218336 (VIOLATED)
wire3178/X                              1.000000    5.211874   -4.211873 (VIOLATED)
gpio_out_o[0]                           1.000000    5.204522   -4.204522 (VIOLATED)
gpio_out_o[10]                          1.000000    5.199952   -4.199952 (VIOLATED)
gpio_out_o[15]                          1.000000    5.198172   -4.198172 (VIOLATED)
wire3184/X                              1.000000    5.197147   -4.197147 (VIOLATED)
gpio_out_o[6]                           1.000000    5.189944   -4.189944 (VIOLATED)
gpio_out_o[3]                           1.000000    5.189190   -4.189190 (VIOLATED)
uart1_txd_o                             1.000000    5.188694   -4.188694 (VIOLATED)
wire4071/X                              1.000000    5.180460   -4.180460 (VIOLATED)
wire3183/X                              1.000000    5.179361   -4.179361 (VIOLATED)
wire3176/X                              1.000000    5.176507   -4.176507 (VIOLATED)
wire3188/X                              1.000000    5.174654   -4.174654 (VIOLATED)
gpio_out_o[14]                          1.000000    5.172157   -4.172157 (VIOLATED)
wire3187/X                              1.000000    5.170746   -4.170746 (VIOLATED)
wire3177/X                              1.000000    5.170360   -4.170360 (VIOLATED)
wire3189/X                              1.000000    5.168892   -4.168892 (VIOLATED)
gpio_out_o[4]                           1.000000    5.167192   -4.167192 (VIOLATED)
wire3180/X                              1.000000    5.166845   -4.166845 (VIOLATED)
wire3191/X                              1.000000    5.156777   -4.156777 (VIOLATED)
qspi_io_o[2]                            1.000000    5.155791   -4.155791 (VIOLATED)
wire3190/X                              1.000000    5.153283   -4.153283 (VIOLATED)
wire3185/X                              1.000000    5.152128   -4.152128 (VIOLATED)
wire3179/X                              1.000000    5.146031   -4.146031 (VIOLATED)
wire3182/X                              1.000000    5.144951   -4.144951 (VIOLATED)
wire4072/X                              1.000000    5.141580   -4.141580 (VIOLATED)
qspi_io_oe[2]                           1.000000    5.141513   -4.141513 (VIOLATED)
qspi_io_oe[3]                           1.000000    5.133673   -4.133673 (VIOLATED)
wire3186/X                              1.000000    5.132575   -4.132575 (VIOLATED)
qspi_sclk_o                             1.000000    5.131248   -4.131248 (VIOLATED)
wire3181/X                              1.000000    5.128190   -4.128190 (VIOLATED)
i2c_scl_o                               1.000000    5.126975   -4.126975 (VIOLATED)
qspi_io_o[3]                            1.000000    5.126635   -4.126634 (VIOLATED)
qspi_io_o[0]                            1.000000    5.124782   -4.124782 (VIOLATED)
i2c_sda_oe_o                            1.000000    5.123830   -4.123830 (VIOLATED)
qspi_io_o[1]                            1.000000    5.119385   -4.119384 (VIOLATED)
wire3172/X                              1.000000    5.118847   -4.118847 (VIOLATED)
qspi_io_oe[0]                           1.000000    5.118167   -4.118167 (VIOLATED)
qspi_io_oe[1]                           1.000000    5.109378   -4.109378 (VIOLATED)
wire2492/X                              1.000000    5.105722   -4.105722 (VIOLATED)
wire2613/X                              1.000000    5.099668   -4.099668 (VIOLATED)
wire4073/X                              1.000000    5.097783   -4.097783 (VIOLATED)
wire3171/X                              1.000000    5.095813   -4.095813 (VIOLATED)
wire4075/X                              1.000000    5.094520   -4.094520 (VIOLATED)
wire3174/X                              1.000000    5.094094   -4.094094 (VIOLATED)
wire4074/X                              1.000000    5.091957   -4.091957 (VIOLATED)
qspi_cs_no                              1.000000    5.090999   -4.090998 (VIOLATED)
wire3173/X                              1.000000    5.090003   -4.090003 (VIOLATED)
wire2493/X                              1.000000    5.087188   -4.087188 (VIOLATED)
wire2614/X                              1.000000    5.081950   -4.081950 (VIOLATED)
wire3175/X                              1.000000    5.065800   -4.065799 (VIOLATED)
i_soc.i_instr_sram.u_sram.gen_bank[2].gen_512.u_macro/din0[16]    1.000000    2.363603   -1.363603 (VIOLATED)
i_soc.i_instr_sram.u_sram.gen_bank[2].gen_512.u_macro/din0[27]    1.000000    2.302323   -1.302323 (VIOLATED)
i_soc.i_instr_sram.u_sram.gen_bank[2].gen_512.u_macro/din0[22]    1.000000    2.292296   -1.292296 (VIOLATED)
i_soc.i_instr_sram.u_sram.gen_bank[2].gen_512.u_macro/din0[21]    1.000000    2.253946   -1.253946 (VIOLATED)
i_soc.i_instr_sram.u_sram.gen_bank[2].gen_512.u_macro/din0[15]    1.000000    2.252911   -1.252911 (VIOLATED)
i_soc.i_instr_sram.u_sram.gen_bank[0].gen_512.u_macro/din0[16]    1.000000    2.247413   -1.247413 (VIOLATED)
i_soc.i_data_sram.u_sram.gen_bank[2].gen_512.u_macro/din0[22]    1.000000    2.243457   -1.243457 (VIOLATED)
i_soc.i_data_sram.u_sram.gen_bank[3].gen_512.u_macro/din0[22]    1.000000    2.242904   -1.242904 (VIOLATED)
i_soc.i_instr_sram.u_sram.gen_bank[2].gen_512.u_macro/din0[13]    1.000000    2.241619   -1.241619 (VIOLATED)
i_soc.i_data_sram.u_sram.gen_bank[1].gen_512.u_macro/din0[22]    1.000000    2.240826   -1.240826 (VIOLATED)
i_soc.i_data_sram.u_sram.gen_bank[0].gen_512.u_macro/din0[22]    1.000000    2.238804   -1.238804 (VIOLATED)
i_soc.i_instr_sram.u_sram.gen_bank[2].gen_512.u_macro/din0[23]    1.000000    2.212688   -1.212689 (VIOLATED)
i_soc.i_instr_sram.u_sram.gen_bank[0].gen_512.u_macro/din0[27]    1.000000    2.188294   -1.188294 (VIOLATED)
i_soc.i_instr_sram.u_sram.gen_bank[0].gen_512.u_macro/din0[22]    1.000000    2.181171   -1.181171 (VIOLATED)
i_soc.i_instr_sram.u_sram.gen_bank[2].gen_512.u_macro/din0[17]    1.000000    2.163551   -1.163551 (VIOLATED)
i_soc.i_instr_sram.u_sram.gen_bank[0].gen_512.u_macro/din0[15]    1.000000    2.160541   -1.160540 (VIOLATED)
i_soc.i_instr_sram.u_sram.gen_bank[0].gen_512.u_macro/din0[21]    1.000000    2.146358   -1.146358 (VIOLATED)
i_soc.i_instr_sram.u_sram.gen_bank[3].gen_512.u_macro/din0[16]    1.000000    2.135245   -1.135245 (VIOLATED)
i_soc.i_instr_sram.u_sram.gen_bank[2].gen_512.u_macro/din0[18]    1.000000    2.130789   -1.130789 (VIOLATED)
i_soc.i_data_sram.u_sram.gen_bank[3].gen_512.u_macro/din0[31]    1.000000    2.121819   -1.121819 (VIOLATED)
i_soc.i_data_sram.u_sram.gen_bank[3].gen_512.u_macro/din0[29]    1.000000    2.121709   -1.121709 (VIOLATED)
i_soc.i_instr_sram.u_sram.gen_bank[0].gen_512.u_macro/din0[13]    1.000000    2.121413   -1.121414 (VIOLATED)
i_soc.i_data_sram.u_sram.gen_bank[2].gen_512.u_macro/din0[29]    1.000000    2.120765   -1.120765 (VIOLATED)
i_soc.i_instr_sram.u_sram.gen_bank[3].gen_512.u_macro/din0[27]    1.000000    2.116269   -1.116269 (VIOLATED)
i_soc.i_ai_arb._448_/A                  1.000000    2.104113   -1.104113 (VIOLATED)
ANTENNA_i_soc.i_ai_arb._448__A/DIODE    1.000000    2.104090   -1.104091 (VIOLATED)
ANTENNA_1/DIODE                         1.000000    2.104074   -1.104074 (VIOLATED)
ANTENNA_2/DIODE                         1.000000    2.104071   -1.104071 (VIOLATED)
i_soc.i_instr_sram.u_sram.gen_bank[2].gen_512.u_macro/din0[11]    1.000000    2.103295   -1.103295 (VIOLATED)
i_soc.i_instr_sram.u_sram.gen_bank[2].gen_512.u_macro/din0[5]    1.000000    2.095836   -1.095836 (VIOLATED)
i_soc.i_ai_arb._402_/A                  1.000000    2.093402   -1.093402 (VIOLATED)
ANTENNA_i_soc.i_ai_arb._402__A/DIODE    1.000000    2.093392   -1.093392 (VIOLATED)
i_soc.i_data_sram.u_sram.gen_bank[1].gen_512.u_macro/din0[31]    1.000000    2.090683   -1.090683 (VIOLATED)
i_soc.i_data_sram.u_sram.gen_bank[2].gen_512.u_macro/din0[31]    1.000000    2.088818   -1.088818 (VIOLATED)
i_soc.i_instr_sram.u_sram.gen_bank[0].gen_512.u_macro/din0[23]    1.000000    2.083932   -1.083932 (VIOLATED)
i_soc.i_data_sram.u_sram.gen_bank[3].gen_512.u_macro/din0[27]    1.000000    2.083874   -1.083874 (VIOLATED)
i_soc.i_data_sram.u_sram.gen_bank[1].gen_512.u_macro/din0[27]    1.000000    2.081242   -1.081242 (VIOLATED)
i_soc.i_data_sram.u_sram.gen_bank[2].gen_512.u_macro/din0[26]    1.000000    2.079908   -1.079908 (VIOLATED)
i_soc.i_data_sram.u_sram.gen_bank[2].gen_512.u_macro/din0[27]    1.000000    2.076178   -1.076178 (VIOLATED)
i_soc.i_data_sram.u_sram.gen_bank[0].gen_512.u_macro/din0[27]    1.000000    2.073461   -1.073461 (VIOLATED)
i_soc.i_data_sram.u_sram.gen_bank[0].gen_512.u_macro/din0[31]    1.000000    2.071443   -1.071443 (VIOLATED)
i_soc.i_instr_sram.u_sram.gen_bank[1].gen_512.u_macro/din0[16]    1.000000    2.070601   -1.070602 (VIOLATED)
i_soc.i_instr_sram.u_sram.gen_bank[0].gen_512.u_macro/din0[17]    1.000000    2.070081   -1.070081 (VIOLATED)
i_soc.i_data_sram.u_sram.gen_bank[3].gen_512.u_macro/din0[20]    1.000000    2.068700   -1.068700 (VIOLATED)
i_soc.i_data_sram.u_sram.gen_bank[1].gen_512.u_macro/din0[29]    1.000000    2.068318   -1.068318 (VIOLATED)
i_soc.i_data_sram.u_sram.gen_bank[3].gen_512.u_macro/din0[26]    1.000000    2.066528   -1.066528 (VIOLATED)
i_soc.i_data_sram.u_sram.gen_bank[2].gen_512.u_macro/din0[30]    1.000000    2.066368   -1.066368 (VIOLATED)
i_soc.i_instr_sram.u_sram.gen_bank[2].gen_512.u_macro/din0[28]    1.000000    2.064208   -1.064208 (VIOLATED)
i_soc.i_instr_sram.u_sram.gen_bank[3].gen_512.u_macro/din0[22]    1.000000    2.060838   -1.060838 (VIOLATED)
i_soc.i_data_sram.u_sram.gen_bank[2].gen_512.u_macro/din0[9]    1.000000    2.055200   -1.055200 (VIOLATED)
i_soc.i_data_sram.u_sram.gen_bank[3].gen_512.u_macro/din0[30]    1.000000    2.053728   -1.053728 (VIOLATED)
i_soc.i_instr_sram.u_sram.gen_bank[3].gen_512.u_macro/din0[15]    1.000000    2.051588   -1.051588 (VIOLATED)
i_soc.i_data_sram.u_sram.gen_bank[2].gen_512.u_macro/din0[24]    1.000000    2.050466   -1.050466 (VIOLATED)
i_soc.i_data_sram.u_sram.gen_bank[1].gen_512.u_macro/din0[26]    1.000000    2.049241   -1.049241 (VIOLATED)
i_soc.i_instr_sram.u_sram.gen_bank[0].gen_512.u_macro/din0[18]    1.000000    2.049175   -1.049175 (VIOLATED)
i_soc.i_data_sram.u_sram.gen_bank[3].gen_512.u_macro/din0[24]    1.000000    2.047471   -1.047471 (VIOLATED)
i_soc.i_data_sram.u_sram.gen_bank[0].gen_512.u_macro/din0[26]    1.000000    2.047316   -1.047315 (VIOLATED)
i_soc.i_instr_sram.u_sram.gen_bank[3].gen_512.u_macro/din0[21]    1.000000    2.040238   -1.040238 (VIOLATED)
i_soc.i_data_sram.u_sram.gen_bank[1].gen_512.u_macro/din0[20]    1.000000    2.038930   -1.038930 (VIOLATED)
i_soc.i_instr_sram.u_sram.gen_bank[2].gen_512.u_macro/din0[14]    1.000000    2.031840   -1.031840 (VIOLATED)
i_soc.i_data_sram.u_sram.gen_bank[3].gen_512.u_macro/din0[23]    1.000000    2.031835   -1.031834 (VIOLATED)
i_soc.i_data_sram.u_sram.gen_bank[1].gen_512.u_macro/din0[24]    1.000000    2.031638   -1.031638 (VIOLATED)
i_soc.i_data_sram.u_sram.gen_bank[1].gen_512.u_macro/din0[23]    1.000000    2.030910   -1.030910 (VIOLATED)
i_soc.i_data_sram.u_sram.gen_bank[3].gen_512.u_macro/din0[9]    1.000000    2.030239   -1.030239 (VIOLATED)
i_soc.i_data_sram.u_sram.gen_bank[2].gen_512.u_macro/din0[23]    1.000000    2.028580   -1.028580 (VIOLATED)
i_soc.i_data_sram.u_sram.gen_bank[0].gen_512.u_macro/din0[24]    1.000000    2.028336   -1.028336 (VIOLATED)
i_soc.i_instr_sram.u_sram.gen_bank[2].gen_512.u_macro/din0[26]    1.000000    2.027627   -1.027627 (VIOLATED)
i_soc.i_instr_sram.u_sram.gen_bank[1].gen_512.u_macro/din0[27]    1.000000    2.026197   -1.026197 (VIOLATED)
i_soc.i_data_sram.u_sram.gen_bank[0].gen_512.u_macro/din0[23]    1.000000    2.025861   -1.025861 (VIOLATED)
ANTENNA_i_soc.i_ai_sram._70__Q/DIODE    1.000000    2.025517   -1.025517 (VIOLATED)
i_soc.i_ai_sram._70_/Q                  1.000000    2.025508   -1.025508 (VIOLATED)
i_soc.i_instr_sram.u_sram.gen_bank[0].gen_512.u_macro/din0[5]    1.000000    2.020519   -1.020518 (VIOLATED)
i_soc.i_data_sram.u_sram.gen_bank[0].gen_512.u_macro/din0[9]    1.000000    2.018870   -1.018870 (VIOLATED)
i_soc.i_data_sram.u_sram.gen_bank[1].gen_512.u_macro/din0[9]    1.000000    2.018168   -1.018168 (VIOLATED)
i_soc.i_instr_sram.u_sram.gen_bank[0].gen_512.u_macro/din0[28]    1.000000    2.017519   -1.017518 (VIOLATED)
i_soc.i_instr_sram.u_sram.gen_bank[2].gen_512.u_macro/din0[29]    1.000000    2.017462   -1.017462 (VIOLATED)
i_soc.i_instr_sram.u_sram.gen_bank[3].gen_512.u_macro/din0[13]    1.000000    2.016429   -1.016430 (VIOLATED)
i_soc.i_instr_sram.u_sram.gen_bank[0].gen_512.u_macro/din0[11]    1.000000    2.013782   -1.013782 (VIOLATED)
i_soc.i_data_sram.u_sram.gen_bank[0].gen_512.u_macro/din0[29]    1.000000    2.008809   -1.008809 (VIOLATED)
i_soc.i_data_sram.u_sram.gen_bank[1].gen_512.u_macro/din0[30]    1.000000    2.006702   -1.006702 (VIOLATED)
i_soc.i_data_sram.u_sram.gen_bank[2].gen_512.u_macro/din0[20]    1.000000    2.004250   -1.004249 (VIOLATED)
i_soc.i_instr_sram.u_sram.gen_bank[1].gen_512.u_macro/din0[15]    1.000000    2.001188   -1.001188 (VIOLATED)
i_soc.i_data_sram.u_sram.gen_bank[3].gen_512.u_macro/din0[25]    1.000000    1.999925   -0.999925 (VIOLATED)
i_soc.i_instr_sram.u_sram.gen_bank[1].gen_512.u_macro/din0[22]    1.000000    1.996638   -0.996638 (VIOLATED)
i_soc.i_instr_sram.u_sram.gen_bank[3].gen_512.u_macro/din0[28]    1.000000    1.996432   -0.996432 (VIOLATED)
i_soc.i_data_sram.u_sram.gen_bank[0].gen_512.u_macro/din0[20]    1.000000    1.991762   -0.991762 (VIOLATED)
i_soc.i_ai_arb._449_/A                  1.000000    1.991697   -0.991697 (VIOLATED)
ANTENNA_i_soc.i_ai_arb._449__A/DIODE    1.000000    1.991693   -0.991693 (VIOLATED)
ANTENNA_i_soc.i_ai_arb._403__A/DIODE    1.000000    1.989922   -0.989922 (VIOLATED)
i_soc.i_ai_arb._403_/A                  1.000000    1.989922   -0.989922 (VIOLATED)
i_soc.i_instr_sram.u_sram.gen_bank[2].gen_512.u_macro/din0[12]    1.000000    1.988488   -0.988488 (VIOLATED)
ANTENNA_i_soc.i_ai_sram._71__Q/DIODE    1.000000    1.987065   -0.987065 (VIOLATED)
i_soc.i_ai_sram._71_/Q                  1.000000    1.987051   -0.987051 (VIOLATED)
i_soc.i_instr_sram.u_sram.gen_bank[2].gen_512.u_macro/din0[31]    1.000000    1.980251   -0.980251 (VIOLATED)
i_soc.i_instr_sram.u_sram.gen_bank[1].gen_512.u_macro/din0[21]    1.000000    1.970762   -0.970762 (VIOLATED)
i_soc.i_data_sram.u_sram.gen_bank[1].gen_512.u_macro/din0[25]    1.000000    1.970066   -0.970066 (VIOLATED)
i_soc.i_instr_sram.u_sram.gen_bank[2].gen_512.u_macro/din0[3]    1.000000    1.960872   -0.960872 (VIOLATED)
i_soc.i_instr_sram.u_sram.gen_bank[2].gen_512.u_macro/din0[7]    1.000000    1.959867   -0.959867 (VIOLATED)
i_soc.i_instr_sram.u_sram.gen_bank[1].gen_512.u_macro/din0[13]    1.000000    1.959321   -0.959321 (VIOLATED)
i_soc.i_instr_sram.u_sram.gen_bank[3].gen_512.u_macro/din0[18]    1.000000    1.957126   -0.957126 (VIOLATED)
i_soc.i_instr_sram.u_sram.gen_bank[0].gen_512.u_macro/din0[26]    1.000000    1.954889   -0.954889 (VIOLATED)
i_soc.i_instr_sram.u_sram.gen_bank[0].gen_512.u_macro/din0[29]    1.000000    1.954156   -0.954156 (VIOLATED)
i_soc.i_instr_sram.u_sram.gen_bank[2].gen_512.u_macro/din0[19]    1.000000    1.953288   -0.953288 (VIOLATED)
i_soc.i_instr_sram.u_sram.gen_bank[3].gen_512.u_macro/din0[17]    1.000000    1.949945   -0.949945 (VIOLATED)
i_soc.i_instr_sram.u_sram.gen_bank[2].gen_512.u_macro/din0[6]    1.000000    1.941613   -0.941613 (VIOLATED)
i_soc.i_data_sram.u_sram.gen_bank[2].gen_512.u_macro/din0[25]    1.000000    1.941306   -0.941306 (VIOLATED)
i_soc.i_instr_sram.u_sram.gen_bank[3].gen_512.u_macro/din0[29]    1.000000    1.939846   -0.939846 (VIOLATED)
i_soc.i_instr_sram.u_sram.gen_bank[2].gen_512.u_macro/din0[25]    1.000000    1.939710   -0.939710 (VIOLATED)
i_soc.i_instr_sram.u_sram.gen_bank[3].gen_512.u_macro/din0[23]    1.000000    1.936572   -0.936572 (VIOLATED)
i_soc.i_instr_sram.u_sram.gen_bank[0].gen_512.u_macro/din0[14]    1.000000    1.936534   -0.936534 (VIOLATED)
i_soc.i_instr_sram.u_sram.gen_bank[2].gen_512.u_macro/din0[20]    1.000000    1.933865   -0.933865 (VIOLATED)
i_soc.i_data_sram.u_sram.gen_bank[2].gen_512.u_macro/din0[18]    1.000000    1.930283   -0.930283 (VIOLATED)
i_soc.i_instr_sram.u_sram.gen_bank[3].gen_512.u_macro/din0[26]    1.000000    1.928930   -0.928930 (VIOLATED)
i_soc.i_data_sram.u_sram.gen_bank[3].gen_512.u_macro/din0[18]    1.000000    1.927859   -0.927859 (VIOLATED)
i_soc.i_data_sram.u_sram.gen_bank[0].gen_512.u_macro/din0[30]    1.000000    1.927722   -0.927722 (VIOLATED)
i_soc.i_data_sram.u_sram.gen_bank[0].gen_512.u_macro/din0[25]    1.000000    1.926036   -0.926036 (VIOLATED)
i_soc.i_data_sram.u_sram.gen_bank[1].gen_512.u_macro/din0[17]    1.000000    1.926005   -0.926005 (VIOLATED)
i_soc.i_data_sram.u_sram.gen_bank[1].gen_512.u_macro/din0[18]    1.000000    1.925776   -0.925776 (VIOLATED)
i_soc.i_data_sram.u_sram.gen_bank[3].gen_512.u_macro/din0[17]    1.000000    1.925744   -0.925744 (VIOLATED)
i_soc.i_data_sram.u_sram.gen_bank[2].gen_512.u_macro/din0[28]    1.000000    1.922343   -0.922343 (VIOLATED)
i_soc.i_data_sram.u_sram.gen_bank[0].gen_512.u_macro/din0[18]    1.000000    1.921039   -0.921039 (VIOLATED)
i_soc.i_ai_arb._451_/A                  1.000000    1.919562   -0.919562 (VIOLATED)
ANTENNA_i_soc.i_ai_arb._451__A/DIODE    1.000000    1.919558   -0.919558 (VIOLATED)
i_soc.i_ai_arb._450_/A                  1.000000    1.918594   -0.918594 (VIOLATED)
ANTENNA_i_soc.i_ai_arb._450__A/DIODE    1.000000    1.918577   -0.918577 (VIOLATED)
i_soc.i_instr_sram.u_sram.gen_bank[1].gen_512.u_macro/din0[28]    1.000000    1.917164   -0.917165 (VIOLATED)
i_soc.i_data_sram.u_sram.gen_bank[1].gen_512.u_macro/din0[12]    1.000000    1.914646   -0.914646 (VIOLATED)
i_soc.i_data_sram.u_sram.gen_bank[2].gen_512.u_macro/din0[17]    1.000000    1.914527   -0.914527 (VIOLATED)
i_soc.i_data_sram.u_sram.gen_bank[3].gen_512.u_macro/din0[12]    1.000000    1.914398   -0.914398 (VIOLATED)
i_soc.i_instr_sram.u_sram.gen_bank[0].gen_512.u_macro/din0[31]    1.000000    1.911112   -0.911112 (VIOLATED)
i_soc.i_instr_sram.u_sram.gen_bank[0].gen_512.u_macro/din0[12]    1.000000    1.909682   -0.909682 (VIOLATED)
i_soc.i_instr_sram.u_sram.gen_bank[3].gen_512.u_macro/din0[5]    1.000000    1.903323   -0.903323 (VIOLATED)
i_soc.i_ai_arb._405_/A                  1.000000    1.902917   -0.902917 (VIOLATED)
ANTENNA_i_soc.i_ai_arb._405__A/DIODE    1.000000    1.902916   -0.902916 (VIOLATED)
i_soc.i_data_sram.u_sram.gen_bank[3].gen_512.u_macro/din0[28]    1.000000    1.902511   -0.902511 (VIOLATED)
i_soc.i_instr_sram.u_sram.gen_bank[1].gen_512.u_macro/din0[18]    1.000000    1.900554   -0.900554 (VIOLATED)
i_soc.i_instr_sram.u_sram.gen_bank[1].gen_512.u_macro/din0[23]    1.000000    1.899010   -0.899010 (VIOLATED)
i_soc.i_instr_sram.u_sram.gen_bank[2].gen_512.u_macro/din0[4]    1.000000    1.898979   -0.898979 (VIOLATED)
i_soc.i_data_sram.u_sram.gen_bank[3].gen_512.u_macro/din0[16]    1.000000    1.898575   -0.898575 (VIOLATED)
i_soc.i_instr_sram.u_sram.gen_bank[0].gen_512.u_macro/din0[25]    1.000000    1.898359   -0.898359 (VIOLATED)
i_soc.i_data_sram.u_sram.gen_bank[2].gen_512.u_macro/din0[16]    1.000000    1.897670   -0.897670 (VIOLATED)
i_soc.i_instr_sram.u_sram.gen_bank[1].gen_512.u_macro/din0[17]    1.000000    1.895464   -0.895464 (VIOLATED)
i_soc.i_data_sram.u_sram.gen_bank[2].gen_512.u_macro/din0[11]    1.000000    1.895199   -0.895199 (VIOLATED)
i_soc.i_data_sram.u_sram.gen_bank[0].gen_512.u_macro/din0[17]    1.000000    1.892513   -0.892513 (VIOLATED)
i_soc.i_data_sram.u_sram.gen_bank[2].gen_512.u_macro/din0[12]    1.000000    1.892488   -0.892488 (VIOLATED)
i_soc.i_instr_sram.u_sram.gen_bank[2].gen_512.u_macro/din0[30]    1.000000    1.888632   -0.888632 (VIOLATED)
i_soc.i_data_sram.u_sram.gen_bank[1].gen_512.u_macro/din0[16]    1.000000    1.888494   -0.888495 (VIOLATED)
i_soc.i_instr_sram.u_sram.gen_bank[2].gen_512.u_macro/din0[24]    1.000000    1.887952   -0.887952 (VIOLATED)
i_soc.i_instr_sram.u_sram.gen_bank[0].gen_512.u_macro/din0[19]    1.000000    1.885810   -0.885810 (VIOLATED)
i_soc.i_data_sram.u_sram.gen_bank[0].gen_512.u_macro/din0[16]    1.000000    1.885753   -0.885753 (VIOLATED)
i_soc.i_instr_sram.u_sram.gen_bank[3].gen_512.u_macro/din0[11]    1.000000    1.883484   -0.883484 (VIOLATED)
i_soc.i_ai_arb._447_/A                  1.000000    1.880330   -0.880330 (VIOLATED)
ANTENNA_i_soc.i_ai_arb._447__A/DIODE    1.000000    1.880326   -0.880325 (VIOLATED)
i_soc.i_data_sram.u_sram.gen_bank[0].gen_512.u_macro/din0[12]    1.000000    1.875918   -0.875918 (VIOLATED)
i_soc.i_ai_arb._401_/A                  1.000000    1.875436   -0.875436 (VIOLATED)
ANTENNA_i_soc.i_ai_arb._401__A/DIODE    1.000000    1.875433   -0.875433 (VIOLATED)
i_soc.i_instr_sram.u_sram.gen_bank[0].gen_512.u_macro/din0[7]    1.000000    1.874017   -0.874017 (VIOLATED)
i_soc.i_instr_sram.u_sram.gen_bank[0].gen_512.u_macro/din0[3]    1.000000    1.873420   -0.873420 (VIOLATED)
ANTENNA_i_soc.i_ai_sram._69__Q/DIODE    1.000000    1.871321   -0.871321 (VIOLATED)
i_soc.i_ai_sram._69_/Q                  1.000000    1.871321   -0.871321 (VIOLATED)
i_soc.i_data_sram.u_sram.gen_bank[3].gen_512.u_macro/din0[11]    1.000000    1.871101   -0.871101 (VIOLATED)
i_soc.i_ai_arb._404_/A                  1.000000    1.871034   -0.871034 (VIOLATED)
ANTENNA_i_soc.i_ai_arb._404__A/DIODE    1.000000    1.871017   -0.871017 (VIOLATED)
i_soc.i_data_sram.u_sram.gen_bank[1].gen_512.u_macro/din0[28]    1.000000    1.870860   -0.870860 (VIOLATED)
i_soc.i_instr_sram.u_sram.gen_bank[1].gen_512.u_macro/din0[5]    1.000000    1.867983   -0.867983 (VIOLATED)
i_soc.i_instr_sram.u_sram.gen_bank[2].gen_512.u_macro/din0[2]    1.000000    1.867696   -0.867696 (VIOLATED)
i_soc.i_instr_sram.u_sram.gen_bank[3].gen_512.u_macro/din0[31]    1.000000    1.864427   -0.864427 (VIOLATED)
i_soc.i_instr_sram.u_sram.gen_bank[1].gen_512.u_macro/din0[26]    1.000000    1.862381   -0.862381 (VIOLATED)
i_soc.i_data_sram.u_sram.gen_bank[3].gen_512.u_macro/din0[7]    1.000000    1.861370   -0.861370 (VIOLATED)
i_soc.i_instr_sram.u_sram.gen_bank[0].gen_512.u_macro/din0[20]    1.000000    1.861107   -0.861107 (VIOLATED)
i_soc.i_data_sram.u_sram.gen_bank[0].gen_512.u_macro/din0[11]    1.000000    1.860563   -0.860563 (VIOLATED)
i_soc.i_data_sram.u_sram.gen_bank[1].gen_512.u_macro/din0[11]    1.000000    1.860380   -0.860380 (VIOLATED)
i_soc.i_instr_sram.u_sram.gen_bank[1].gen_512.u_macro/din0[29]    1.000000    1.860061   -0.860061 (VIOLATED)
i_soc.i_instr_sram.u_sram.gen_bank[3].gen_512.u_macro/din0[25]    1.000000    1.859624   -0.859623 (VIOLATED)
i_soc.i_instr_sram.u_sram.gen_bank[0].gen_512.u_macro/din0[6]    1.000000    1.858653   -0.858653 (VIOLATED)
i_soc.i_data_sram.u_sram.gen_bank[2].gen_512.u_macro/din0[7]    1.000000    1.854697   -0.854697 (VIOLATED)
ANTENNA_i_soc.i_ai_sram._73__Q/DIODE    1.000000    1.853371   -0.853371 (VIOLATED)
i_soc.i_ai_sram._73_/Q                  1.000000    1.853351   -0.853352 (VIOLATED)
i_soc.i_data_sram.u_sram.gen_bank[1].gen_512.u_macro/din0[7]    1.000000    1.853176   -0.853176 (VIOLATED)
i_soc.i_instr_sram.u_sram.gen_bank[2].gen_512.u_macro/din0[0]    1.000000    1.851820   -0.851820 (VIOLATED)
i_soc.i_data_sram.u_sram.gen_bank[0].gen_512.u_macro/din0[7]    1.000000    1.848389   -0.848389 (VIOLATED)
i_soc.i_data_sram.u_sram.gen_bank[3].gen_512.u_macro/din0[5]    1.000000    1.846941   -0.846941 (VIOLATED)
i_soc.i_instr_sram.u_sram.gen_bank[0].gen_512.u_macro/din0[24]    1.000000    1.846339   -0.846339 (VIOLATED)
i_soc.i_data_sram.u_sram.gen_bank[2].gen_512.u_macro/din0[10]    1.000000    1.842163   -0.842163 (VIOLATED)
i_soc.i_ai_sram.u_sram._590_/B          1.000000    1.840572   -0.840572 (VIOLATED)
ANTENNA_i_soc.i_ai_sram.u_sram._590__B/DIODE    1.000000    1.840570   -0.840570 (VIOLATED)
i_soc.i_instr_sram.u_sram.gen_bank[1].gen_512.u_macro/din0[11]    1.000000    1.838264   -0.838264 (VIOLATED)
i_soc.i_instr_sram.u_sram.gen_bank[2].gen_512.u_macro/din0[1]    1.000000    1.829141   -0.829141 (VIOLATED)
i_soc.i_data_sram.u_sram.gen_bank[3].gen_512.u_macro/din0[14]    1.000000    1.828988   -0.828988 (VIOLATED)
i_soc.i_instr_sram.u_sram.gen_bank[0].gen_512.u_macro/din0[30]    1.000000    1.828417   -0.828417 (VIOLATED)
i_soc.i_data_sram.u_sram.gen_bank[3].gen_512.u_macro/din0[10]    1.000000    1.827800   -0.827800 (VIOLATED)
i_soc.i_data_sram.u_sram.gen_bank[0].gen_512.u_macro/din0[10]    1.000000    1.827546   -0.827546 (VIOLATED)
i_soc.i_data_sram.u_sram.gen_bank[1].gen_512.u_macro/din0[10]    1.000000    1.826479   -0.826479 (VIOLATED)
i_soc.i_data_sram.u_sram.gen_bank[3].gen_512.u_macro/din0[19]    1.000000    1.826408   -0.826408 (VIOLATED)
i_soc.i_data_sram.u_sram.gen_bank[1].gen_512.u_macro/din0[5]    1.000000    1.825187   -0.825187 (VIOLATED)
i_soc.i_instr_sram.u_sram.gen_bank[3].gen_512.u_macro/din0[14]    1.000000    1.825016   -0.825016 (VIOLATED)
i_soc.i_data_sram.u_sram.gen_bank[2].gen_512.u_macro/din0[14]    1.000000    1.824891   -0.824891 (VIOLATED)
i_soc.i_data_sram.u_sram.gen_bank[2].gen_512.u_macro/din0[15]    1.000000    1.823269   -0.823269 (VIOLATED)
i_soc.i_instr_sram.u_sram.gen_bank[2].gen_512.u_macro/din0[8]    1.000000    1.823081   -0.823081 (VIOLATED)
i_soc.i_instr_sram.u_sram.gen_bank[3].gen_512.u_macro/din0[30]    1.000000    1.821635   -0.821635 (VIOLATED)
i_soc.i_instr_sram.u_sram.gen_bank[1].gen_512.u_macro/din0[31]    1.000000    1.819851   -0.819851 (VIOLATED)
i_soc.i_instr_sram.u_sram.gen_bank[0].gen_512.u_macro/din0[4]    1.000000    1.819113   -0.819113 (VIOLATED)
i_soc.i_data_sram.u_sram.gen_bank[2].gen_512.u_macro/din0[5]    1.000000    1.818439   -0.818439 (VIOLATED)
i_soc.i_data_sram.u_sram.gen_bank[0].gen_512.u_macro/din0[28]    1.000000    1.817450   -0.817450 (VIOLATED)
i_soc.i_data_sram.u_sram.gen_bank[1].gen_512.u_macro/din0[14]    1.000000    1.816763   -0.816763 (VIOLATED)
i_soc.i_data_sram.u_sram.gen_bank[2].gen_512.u_macro/din0[19]    1.000000    1.816046   -0.816046 (VIOLATED)
i_soc.i_data_sram.u_sram.gen_bank[3].gen_512.u_macro/din0[15]    1.000000    1.815529   -0.815529 (VIOLATED)
i_soc.i_data_sram.u_sram.gen_bank[0].gen_512.u_macro/din0[5]    1.000000    1.814571   -0.814571 (VIOLATED)
i_soc.i_data_sram.u_sram.gen_bank[0].gen_512.u_macro/din0[14]    1.000000    1.814460   -0.814460 (VIOLATED)
i_soc.i_data_sram.u_sram.gen_bank[1].gen_512.u_macro/din0[15]    1.000000    1.814210   -0.814210 (VIOLATED)
i_soc.i_instr_sram.u_sram.gen_bank[3].gen_512.u_macro/din0[24]    1.000000    1.814101   -0.814101 (VIOLATED)
ANTENNA_i_soc.i_ai_sram._72__Q/DIODE    1.000000    1.813438   -0.813438 (VIOLATED)
i_soc.i_ai_sram._72_/Q                  1.000000    1.813419   -0.813419 (VIOLATED)
i_soc.i_data_sram.u_sram.gen_bank[0].gen_512.u_macro/din0[15]    1.000000    1.812024   -0.812024 (VIOLATED)
i_soc.i_ai_sram.u_sram.gen_bank[0].gen_512.u_macro/din0[17]    1.000000    1.810950   -0.810950 (VIOLATED)
i_soc.i_data_sram.u_sram.gen_bank[3].gen_512.u_macro/din0[13]    1.000000    1.810355   -0.810355 (VIOLATED)
i_soc.i_data_sram.u_sram.gen_bank[1].gen_512.u_macro/din0[19]    1.000000    1.808736   -0.808736 (VIOLATED)
i_soc.i_data_sram.u_sram.gen_bank[2].gen_512.u_macro/din0[0]    1.000000    1.807224   -0.807224 (VIOLATED)
i_soc.i_data_sram.u_sram.gen_bank[0].gen_512.u_macro/din0[19]    1.000000    1.806018   -0.806018 (VIOLATED)
i_soc.i_data_sram.u_sram.gen_bank[3].gen_512.u_macro/din0[21]    1.000000    1.804883   -0.804883 (VIOLATED)
i_soc.i_data_sram.u_sram.gen_bank[2].gen_512.u_macro/din0[13]    1.000000    1.804137   -0.804137 (VIOLATED)
i_soc.i_instr_sram.u_sram.gen_bank[2].gen_512.u_macro/din0[9]    1.000000    1.802880   -0.802880 (VIOLATED)
i_soc.i_instr_sram.u_sram.gen_bank[0].gen_512.u_macro/din0[2]    1.000000    1.801239   -0.801239 (VIOLATED)
i_soc.i_data_sram.u_sram.gen_bank[3].gen_512.u_macro/din0[0]    1.000000    1.800146   -0.800146 (VIOLATED)
i_soc.i_instr_sram.u_sram.gen_bank[1].gen_512.u_macro/din0[25]    1.000000    1.798313   -0.798313 (VIOLATED)
i_soc.i_data_sram.u_sram.gen_bank[1].gen_512.u_macro/din0[13]    1.000000    1.795660   -0.795660 (VIOLATED)
i_soc.i_instr_sram.u_sram.gen_bank[3].gen_512.u_macro/din0[12]    1.000000    1.793670   -0.793670 (VIOLATED)
i_soc.i_instr_sram.u_sram.gen_bank[3].gen_512.u_macro/din0[20]    1.000000    1.792201   -0.792201 (VIOLATED)
i_soc.i_data_sram.u_sram.gen_bank[1].gen_512.u_macro/din0[0]    1.000000    1.789153   -0.789153 (VIOLATED)
i_soc.i_instr_sram.u_sram.gen_bank[0].gen_512.u_macro/din0[0]    1.000000    1.789049   -0.789049 (VIOLATED)
i_soc.i_instr_sram.u_sram.gen_bank[3].gen_512.u_macro/din0[19]    1.000000    1.788362   -0.788362 (VIOLATED)
i_soc.i_data_sram.u_sram.gen_bank[0].gen_512.u_macro/din0[0]    1.000000    1.787712   -0.787712 (VIOLATED)
i_soc.i_data_sram.u_sram.gen_bank[1].gen_512.u_macro/din0[21]    1.000000    1.783501   -0.783500 (VIOLATED)
i_soc.i_data_sram.u_sram.gen_bank[2].gen_512.u_macro/din0[21]    1.000000    1.777169   -0.777169 (VIOLATED)
i_soc.i_data_sram.u_sram.gen_bank[0].gen_512.u_macro/din0[13]    1.000000    1.775632   -0.775632 (VIOLATED)
i_soc.i_instr_sram.u_sram.gen_bank[1].gen_512.u_macro/din0[14]    1.000000    1.774846   -0.774846 (VIOLATED)
ANTENNA_i_soc.i_instr_sram.u_sram.gen_bank[2].gen_512.u_macro_din0[16]/DIODE    1.000000    1.772654   -0.772654 (VIOLATED)
i_soc.i_ai_sram.u_sram.gen_bank[0].gen_512.u_macro/din0[24]    1.000000    1.772202   -0.772202 (VIOLATED)
i_soc.i_data_sram.u_sram.gen_bank[3].gen_512.u_macro/din0[8]    1.000000    1.764321   -0.764321 (VIOLATED)
i_soc.i_instr_sram.u_sram.gen_bank[0].gen_512.u_macro/din0[1]    1.000000    1.761435   -0.761435 (VIOLATED)
i_soc.i_instr_sram.u_sram.gen_bank[3].gen_512.u_macro/din0[7]    1.000000    1.759145   -0.759145 (VIOLATED)
i_soc.i_instr_sram.u_sram.gen_bank[2].gen_512.u_macro/din0[10]    1.000000    1.757470   -0.757470 (VIOLATED)
i_soc.i_instr_sram.u_sram.gen_bank[1].gen_512.u_macro/din0[24]    1.000000    1.756642   -0.756642 (VIOLATED)
i_soc.i_data_sram.u_sram.gen_bank[0].gen_512.u_macro/din0[21]    1.000000    1.754839   -0.754839 (VIOLATED)
i_soc.i_instr_sram.u_sram.gen_bank[1].gen_512.u_macro/din0[12]    1.000000    1.754446   -0.754446 (VIOLATED)
i_soc.i_data_sram.u_sram.gen_bank[3].gen_512.u_macro/din0[2]    1.000000    1.753993   -0.753993 (VIOLATED)
i_soc.i_instr_sram.u_sram.gen_bank[0].gen_512.u_macro/din0[8]    1.000000    1.751761   -0.751761 (VIOLATED)
i_soc.i_ai_sram.u_sram.gen_bank[0].gen_512.u_macro/din0[15]    1.000000    1.747955   -0.747955 (VIOLATED)
i_soc.i_instr_sram.u_sram.gen_bank[1].gen_512.u_macro/din0[30]    1.000000    1.745409   -0.745409 (VIOLATED)
i_soc.i_instr_sram.u_sram.gen_bank[3].gen_512.u_macro/din0[6]    1.000000    1.743824   -0.743824 (VIOLATED)
i_soc.i_instr_sram.u_sram.gen_bank[3].gen_512.u_macro/din0[3]    1.000000    1.742091   -0.742091 (VIOLATED)
i_soc.i_instr_sram.u_sram.gen_bank[1].gen_512.u_macro/din0[19]    1.000000    1.741937   -0.741937 (VIOLATED)
i_soc.i_ai_arb._456_/A                  1.000000    1.739718   -0.739718 (VIOLATED)
ANTENNA_i_soc.i_ai_arb._456__A/DIODE    1.000000    1.739707   -0.739707 (VIOLATED)
ANTENNA_i_soc.i_ai_sram.u_sram._589__X/DIODE    1.000000    1.736415   -0.736415 (VIOLATED)
i_soc.i_ai_sram.u_sram._589_/X          1.000000    1.736338   -0.736338 (VIOLATED)
i_soc.i_instr_sram.u_sram.gen_bank[0].gen_512.u_macro/din0[9]    1.000000    1.736088   -0.736088 (VIOLATED)
i_soc.i_instr_sram.u_sram.gen_bank[1].gen_512.u_macro/din0[20]    1.000000    1.732708   -0.732708 (VIOLATED)
i_soc.i_data_sram.u_sram.gen_bank[1].gen_512.u_macro/din0[2]    1.000000    1.730528   -0.730528 (VIOLATED)
i_soc.i_data_sram.u_sram.gen_bank[1].gen_512.u_macro/din0[8]    1.000000    1.726818   -0.726818 (VIOLATED)
ANTENNA_i_soc.i_instr_sram.u_sram.gen_bank[2].gen_512.u_macro_din0[27]/DIODE    1.000000    1.726703   -0.726703 (VIOLATED)
i_soc.i_ai_sram.u_sram.gen_bank[0].gen_512.u_macro/din0[13]    1.000000    1.726593   -0.726593 (VIOLATED)
i_soc.i_ai_arb._410_/A                  1.000000    1.722852   -0.722852 (VIOLATED)
ANTENNA_i_soc.i_ai_arb._410__A/DIODE    1.000000    1.722850   -0.722850 (VIOLATED)
i_soc.i_instr_sram.u_sram.gen_bank[1].gen_512.u_macro/din0[7]    1.000000    1.720624   -0.720624 (VIOLATED)
ANTENNA_i_soc.i_ai_sram._78__Q/DIODE    1.000000    1.719227   -0.719227 (VIOLATED)
i_soc.i_ai_sram._78_/Q                  1.000000    1.719218   -0.719218 (VIOLATED)
ANTENNA_i_soc.i_instr_sram.u_sram.gen_bank[2].gen_512.u_macro_din0[22]/DIODE    1.000000    1.719134   -0.719134 (VIOLATED)
i_soc.i_instr_sram.u_sram.gen_bank[1].gen_512.u_macro/din0[3]    1.000000    1.719124   -0.719124 (VIOLATED)
i_soc.i_instr_sram.u_sram.gen_bank[1].gen_512.u_macro/din0[6]    1.000000    1.714004   -0.714004 (VIOLATED)
i_soc.i_ai_sram.u_sram.gen_bank[1].gen_512.u_macro/din0[30]    1.000000    1.713886   -0.713886 (VIOLATED)
ANTENNA_i_soc.i_qspi._11560__A0/DIODE    1.000000    1.711964   -0.711964 (VIOLATED)
i_soc.i_qspi._11560_/A0                 1.000000    1.711964   -0.711964 (VIOLATED)
i_soc.i_qspi._11527_/A0                 1.000000    1.711961   -0.711961 (VIOLATED)
ANTENNA_i_soc.i_qspi._11527__A0/DIODE    1.000000    1.711958   -0.711958 (VIOLATED)
ANTENNA_i_soc.i_qspi._11461__A0/DIODE    1.000000    1.711943   -0.711943 (VIOLATED)
i_soc.i_qspi._11461_/A0                 1.000000    1.711934   -0.711934 (VIOLATED)
i_soc.i_qspi._11494_/A0                 1.000000    1.711929   -0.711929 (VIOLATED)
ANTENNA_i_soc.i_qspi._11494__A0/DIODE    1.000000    1.711908   -0.711908 (VIOLATED)
ANTENNA_i_soc.i_qspi._11229__A0/DIODE    1.000000    1.711892   -0.711892 (VIOLATED)
i_soc.i_qspi._11196_/A1                 1.000000    1.711891   -0.711891 (VIOLATED)
i_soc.i_qspi._11229_/A0                 1.000000    1.711891   -0.711891 (VIOLATED)
ANTENNA_i_soc.i_qspi._11196__A1/DIODE    1.000000    1.711888   -0.711888 (VIOLATED)
ANTENNA_i_soc.i_qspi._11161__A0/DIODE    1.000000    1.711882   -0.711882 (VIOLATED)
i_soc.i_qspi._11161_/A0                 1.000000    1.711881   -0.711881 (VIOLATED)
i_soc.i_qspi._11262_/A1                 1.000000    1.711878   -0.711878 (VIOLATED)
ANTENNA_i_soc.i_qspi._11262__A1/DIODE    1.000000    1.711829   -0.711829 (VIOLATED)
i_soc.i_qspi._11692_/A1                 1.000000    1.711797   -0.711797 (VIOLATED)
i_soc.i_qspi._11725_/A0                 1.000000    1.711795   -0.711795 (VIOLATED)
ANTENNA_i_soc.i_qspi._11725__A0/DIODE    1.000000    1.711794   -0.711794 (VIOLATED)
i_soc.i_qspi._11626_/A0                 1.000000    1.711793   -0.711793 (VIOLATED)
ANTENNA_i_soc.i_qspi._11626__A0/DIODE    1.000000    1.711785   -0.711785 (VIOLATED)
ANTENNA_i_soc.i_qspi._11427__A0/DIODE    1.000000    1.711782   -0.711782 (VIOLATED)
i_soc.i_qspi._11427_/A0                 1.000000    1.711772   -0.711772 (VIOLATED)
i_soc.i_qspi._11328_/A1                 1.000000    1.711769   -0.711769 (VIOLATED)
ANTENNA_i_soc.i_qspi._11328__A1/DIODE    1.000000    1.711723   -0.711723 (VIOLATED)
ANTENNA_i_soc.i_qspi._11692__A1/DIODE    1.000000    1.711703   -0.711703 (VIOLATED)
i_soc.i_qspi._11593_/A1                 1.000000    1.711703   -0.711703 (VIOLATED)
ANTENNA_i_soc.i_qspi._11593__A1/DIODE    1.000000    1.711698   -0.711698 (VIOLATED)
i_soc.i_qspi._11394_/A1                 1.000000    1.711694   -0.711694 (VIOLATED)
ANTENNA_i_soc.i_qspi._11394__A1/DIODE    1.000000    1.711691   -0.711690 (VIOLATED)
i_soc.i_qspi._11361_/A0                 1.000000    1.711689   -0.711689 (VIOLATED)
ANTENNA_i_soc.i_qspi._11361__A0/DIODE    1.000000    1.711676   -0.711677 (VIOLATED)
ANTENNA_i_soc.i_qspi._12357__A0/DIODE    1.000000    1.711118   -0.711118 (VIOLATED)
i_soc.i_qspi._12357_/A0                 1.000000    1.711118   -0.711118 (VIOLATED)
ANTENNA_i_soc.i_qspi._12456__A0/DIODE    1.000000    1.711116   -0.711116 (VIOLATED)
i_soc.i_qspi._12423_/A0                 1.000000    1.711114   -0.711114 (VIOLATED)
i_soc.i_qspi._12456_/A0                 1.000000    1.711113   -0.711113 (VIOLATED)
ANTENNA_i_soc.i_qspi._12423__A0/DIODE    1.000000    1.711038   -0.711038 (VIOLATED)
i_soc.i_qspi._12324_/A0                 1.000000    1.710982   -0.710982 (VIOLATED)
ANTENNA_i_soc.i_qspi._12324__A0/DIODE    1.000000    1.710971   -0.710971 (VIOLATED)
ANTENNA_i_soc.i_qspi._12555__A1/DIODE    1.000000    1.710941   -0.710941 (VIOLATED)
i_soc.i_qspi._12555_/A1                 1.000000    1.710904   -0.710904 (VIOLATED)
ANTENNA_i_soc.i_qspi._12588__A0/DIODE    1.000000    1.710875   -0.710875 (VIOLATED)
i_soc.i_qspi._12588_/A0                 1.000000    1.710874   -0.710874 (VIOLATED)
i_soc.i_qspi._12489_/A1                 1.000000    1.710805   -0.710805 (VIOLATED)
ANTENNA_i_soc.i_qspi._12489__A1/DIODE    1.000000    1.710747   -0.710747 (VIOLATED)
i_soc.i_qspi._12522_/A0                 1.000000    1.710727   -0.710727 (VIOLATED)
ANTENNA_i_soc.i_qspi._12522__A0/DIODE    1.000000    1.710726   -0.710726 (VIOLATED)
ANTENNA_i_soc.i_qspi._12720__A0/DIODE    1.000000    1.710707   -0.710707 (VIOLATED)
i_soc.i_qspi._12720_/A0                 1.000000    1.710707   -0.710707 (VIOLATED)
i_soc.i_qspi._12687_/A0                 1.000000    1.710697   -0.710697 (VIOLATED)
ANTENNA_i_soc.i_qspi._12687__A0/DIODE    1.000000    1.710694   -0.710694 (VIOLATED)
ANTENNA_i_soc.i_qspi._12654__A0/DIODE    1.000000    1.710665   -0.710665 (VIOLATED)
ANTENNA_i_soc.i_qspi._12786__A1/DIODE    1.000000    1.710665   -0.710665 (VIOLATED)
ANTENNA_i_soc.i_qspi._12819__A0/DIODE    1.000000    1.710664   -0.710664 (VIOLATED)
i_soc.i_qspi._12786_/A1                 1.000000    1.710665   -0.710665 (VIOLATED)
ANTENNA_i_soc.i_qspi._12885__A0/DIODE    1.000000    1.710664   -0.710664 (VIOLATED)
i_soc.i_qspi._12819_/A0                 1.000000    1.710665   -0.710665 (VIOLATED)
i_soc.i_qspi._12852_/A1                 1.000000    1.710664   -0.710664 (VIOLATED)
i_soc.i_qspi._12885_/A0                 1.000000    1.710664   -0.710664 (VIOLATED)
ANTENNA_i_soc.i_qspi._12852__A1/DIODE    1.000000    1.710663   -0.710663 (VIOLATED)
ANTENNA_i_soc.i_qspi._12621__A0/DIODE    1.000000    1.710662   -0.710662 (VIOLATED)
i_soc.i_qspi._12621_/A0                 1.000000    1.710662   -0.710662 (VIOLATED)
i_soc.i_qspi._12654_/A0                 1.000000    1.710662   -0.710662 (VIOLATED)
ANTENNA_fanout1165_X/DIODE              1.000000    1.710660   -0.710660 (VIOLATED)
fanout1165/X                            1.000000    1.710658   -0.710658 (VIOLATED)
i_soc.i_data_sram.u_sram.gen_bank[3].gen_512.u_macro/din0[4]    1.000000    1.707682   -0.707682 (VIOLATED)
i_soc.i_instr_sram.u_sram.gen_bank[3].gen_512.u_macro/din0[0]    1.000000    1.706351   -0.706351 (VIOLATED)
i_soc.i_data_sram.u_sram.gen_bank[2].gen_512.u_macro/din0[4]    1.000000    1.704224   -0.704224 (VIOLATED)
i_soc.i_data_sram.u_sram.gen_bank[2].gen_512.u_macro/din0[2]    1.000000    1.703858   -0.703858 (VIOLATED)
i_soc.i_ai_sram.u_sram._540_/B          1.000000    1.702973   -0.702973 (VIOLATED)
ANTENNA_i_soc.i_ai_sram.u_sram._540__B/DIODE    1.000000    1.702968   -0.702968 (VIOLATED)
i_soc.i_gpio._119_/B                    1.000000    1.702294   -0.702294 (VIOLATED)
ANTENNA_i_soc.i_gpio._119__B/DIODE      1.000000    1.702281   -0.702281 (VIOLATED)
i_soc.i_ai_sram.u_sram.gen_bank[4].gen_512.u_macro/din0[24]    1.000000    1.701593   -0.701593 (VIOLATED)
i_soc.i_ai_sram.u_sram._595_/B          1.000000    1.698304   -0.698304 (VIOLATED)
ANTENNA_i_soc.i_ai_sram.u_sram._595__B/DIODE    1.000000    1.698303   -0.698303 (VIOLATED)
i_soc.i_data_sram.u_sram.gen_bank[1].gen_512.u_macro/din0[4]    1.000000    1.695271   -0.695271 (VIOLATED)
i_soc.i_ai_sram.u_sram.gen_bank[4].gen_512.u_macro/din0[17]    1.000000    1.693833   -0.693833 (VIOLATED)
i_soc.i_data_sram.u_sram.gen_bank[0].gen_512.u_macro/din0[4]    1.000000    1.692247   -0.692247 (VIOLATED)
ANTENNA_i_soc.i_instr_sram.u_sram.gen_bank[2].gen_512.u_macro_din0[21]/DIODE    1.000000    1.690411   -0.690411 (VIOLATED)
i_soc.i_instr_sram.u_sram.gen_bank[0].gen_512.u_macro/din0[10]    1.000000    1.690174   -0.690174 (VIOLATED)
ANTENNA_i_soc.i_instr_sram.u_sram.gen_bank[2].gen_512.u_macro_din0[15]/DIODE    1.000000    1.689642   -0.689642 (VIOLATED)
i_soc.i_instr_sram.u_sram.gen_bank[3].gen_512.u_macro/din0[2]    1.000000    1.689445   -0.689445 (VIOLATED)
i_soc.i_data_sram.u_sram.gen_bank[0].gen_512.u_macro/din0[2]    1.000000    1.688091   -0.688091 (VIOLATED)
i_soc.i_data_sram.u_sram.gen_bank[3].gen_512.u_macro/din0[6]    1.000000    1.686115   -0.686115 (VIOLATED)
ANTENNA_i_soc.i_instr_sram.u_sram.gen_bank[0].gen_512.u_macro_din0[16]/DIODE    1.000000    1.685470   -0.685470 (VIOLATED)
i_soc.i_ai_sram.u_sram._628_/B          1.000000    1.683193   -0.683193 (VIOLATED)
ANTENNA_i_soc.i_ai_sram.u_sram._628__B/DIODE    1.000000    1.683175   -0.683175 (VIOLATED)
ANTENNA_i_soc.i_data_sram.u_sram.gen_bank[2].gen_512.u_macro_din0[22]/DIODE    1.000000    1.682590   -0.682590 (VIOLATED)
i_soc.i_instr_sram.u_sram.gen_bank[1].gen_512.u_macro/din0[0]    1.000000    1.682263   -0.682263 (VIOLATED)
ANTENNA_i_soc.i_data_sram.u_sram.gen_bank[3].gen_512.u_macro_din0[22]/DIODE    1.000000    1.682175   -0.682175 (VIOLATED)
ANTENNA_i_soc.i_instr_sram.u_sram.gen_bank[2].gen_512.u_macro_din0[13]/DIODE    1.000000    1.681165   -0.681165 (VIOLATED)
ANTENNA_i_soc.i_data_sram.u_sram.gen_bank[1].gen_512.u_macro_din0[22]/DIODE    1.000000    1.680607   -0.680607 (VIOLATED)
i_soc.i_ai_arb._455_/A                  1.000000    1.680537   -0.680537 (VIOLATED)
ANTENNA_i_soc.i_ai_arb._455__A/DIODE    1.000000    1.680536   -0.680536 (VIOLATED)
i_soc.i_data_sram.u_sram.gen_bank[2].gen_512.u_macro/din0[6]    1.000000    1.680295   -0.680295 (VIOLATED)
ANTENNA_i_soc.i_data_sram.u_sram.gen_bank[0].gen_512.u_macro_din0[22]/DIODE    1.000000    1.679094   -0.679094 (VIOLATED)
i_soc.i_ai_arb._409_/A                  1.000000    1.678648   -0.678648 (VIOLATED)
ANTENNA_i_soc.i_ai_arb._409__A/DIODE    1.000000    1.678644   -0.678644 (VIOLATED)
ANTENNA_i_soc.i_crossbar._0845__X/DIODE    1.000000    1.678001   -0.678001 (VIOLATED)
i_soc.i_crossbar._0845_/X               1.000000    1.677707   -0.677707 (VIOLATED)
ANTENNA_i_soc.i_gpio._233__Q/DIODE      1.000000    1.677590   -0.677590 (VIOLATED)
i_soc.i_gpio._233_/Q                    1.000000    1.677590   -0.677590 (VIOLATED)
i_soc.i_ai_sram.u_sram._573_/B          1.000000    1.675388   -0.675388 (VIOLATED)
ANTENNA_i_soc.i_ai_sram.u_sram._573__B/DIODE    1.000000    1.675387   -0.675387 (VIOLATED)
i_soc.i_ai_sram.u_sram._507_/B          1.000000    1.675055   -0.675055 (VIOLATED)
ANTENNA_i_soc.i_ai_sram.u_sram._507__B/DIODE    1.000000    1.675038   -0.675038 (VIOLATED)
ANTENNA_i_soc.i_ai_sram._77__Q/DIODE    1.000000    1.674943   -0.674943 (VIOLATED)
i_soc.i_ai_sram._77_/Q                  1.000000    1.674932   -0.674932 (VIOLATED)
ANTENNA_i_soc.i_ai_sram.u_sram._572__X/DIODE    1.000000    1.669800   -0.669800 (VIOLATED)
i_soc.i_ai_sram.u_sram._572_/X          1.000000    1.669792   -0.669792 (VIOLATED)
i_soc.i_data_sram.u_sram.gen_bank[1].gen_512.u_macro/din0[6]    1.000000    1.669494   -0.669494 (VIOLATED)
i_soc.i_data_sram.u_sram.gen_bank[2].gen_512.u_macro/din0[1]    1.000000    1.668878   -0.668878 (VIOLATED)
i_soc.i_data_sram.u_sram.gen_bank[3].gen_512.u_macro/din0[1]    1.000000    1.667725   -0.667725 (VIOLATED)
i_soc.i_ai_sram.u_sram.gen_bank[0].gen_512.u_macro/din0[25]    1.000000    1.667571   -0.667571 (VIOLATED)
i_soc.i_data_sram.u_sram.gen_bank[0].gen_512.u_macro/din0[6]    1.000000    1.666429   -0.666429 (VIOLATED)
i_soc.i_instr_sram.u_sram.gen_bank[1].gen_512.u_macro/din0[2]    1.000000    1.665429   -0.665429 (VIOLATED)
i_soc.i_ai_sram.u_sram.gen_bank[0].gen_512.u_macro/din0[20]    1.000000    1.665062   -0.665062 (VIOLATED)
i_soc.i_data_sram.u_sram.gen_bank[2].gen_512.u_macro/din0[8]    1.000000    1.662496   -0.662496 (VIOLATED)
ANTENNA_i_soc.i_instr_sram.u_sram.gen_bank[2].gen_512.u_macro_din0[23]/DIODE    1.000000    1.659479   -0.659479 (VIOLATED)
i_soc.i_instr_sram.u_sram.gen_bank[3].gen_512.u_macro/din0[4]    1.000000    1.658913   -0.658913 (VIOLATED)
i_soc.i_data_sram.u_sram.gen_bank[1].gen_512.u_macro/din0[1]    1.000000    1.658681   -0.658681 (VIOLATED)
i_soc.i_data_sram.u_sram.gen_bank[0].gen_512.u_macro/din0[1]    1.000000    1.657440   -0.657440 (VIOLATED)
i_soc.i_data_sram.u_sram.gen_bank[0].gen_512.u_macro/din0[8]    1.000000    1.657240   -0.657240 (VIOLATED)
i_soc.i_ai_sram.u_sram.gen_bank[0].gen_512.u_macro/clk0    1.000000    1.647022   -0.647022 (VIOLATED)
i_soc.i_ai_sram.u_sram.gen_bank[4].gen_512.u_macro/din0[15]    1.000000    1.645971   -0.645971 (VIOLATED)
i_soc.i_ai_sram.u_sram.gen_bank[0].gen_512.u_macro/din0[18]    1.000000    1.645878   -0.645878 (VIOLATED)
i_soc.i_instr_sram.u_sram.gen_bank[3].gen_512.u_macro/din0[1]    1.000000    1.644140   -0.644140 (VIOLATED)
i_soc.i_qspi._11459_/A0                 1.000000    1.643502   -0.643502 (VIOLATED)
ANTENNA_i_soc.i_qspi._11459__A0/DIODE    1.000000    1.643499   -0.643499 (VIOLATED)
ANTENNA_i_soc.i_qspi._11492__A0/DIODE    1.000000    1.643499   -0.643499 (VIOLATED)
i_soc.i_qspi._11492_/A0                 1.000000    1.643495   -0.643495 (VIOLATED)
ANTENNA_i_soc.i_qspi._11558__A0/DIODE    1.000000    1.643482   -0.643482 (VIOLATED)
i_soc.i_qspi._11558_/A0                 1.000000    1.643482   -0.643482 (VIOLATED)
i_soc.i_qspi._11525_/A0                 1.000000    1.643480   -0.643480 (VIOLATED)
ANTENNA_i_soc.i_qspi._11525__A0/DIODE    1.000000    1.643476   -0.643476 (VIOLATED)
i_soc.i_qspi._11723_/A0                 1.000000    1.643465   -0.643465 (VIOLATED)
ANTENNA_i_soc.i_qspi._11723__A0/DIODE    1.000000    1.643462   -0.643462 (VIOLATED)
i_soc.i_qspi._11690_/A1                 1.000000    1.643443   -0.643443 (VIOLATED)
ANTENNA_i_soc.i_qspi._11690__A1/DIODE    1.000000    1.643439   -0.643439 (VIOLATED)
i_soc.i_qspi._11591_/A1                 1.000000    1.643408   -0.643408 (VIOLATED)
ANTENNA_i_soc.i_qspi._11591__A1/DIODE    1.000000    1.643382   -0.643382 (VIOLATED)
ANTENNA_i_soc.i_qspi._11624__A0/DIODE    1.000000    1.643311   -0.643311 (VIOLATED)
i_soc.i_qspi._11624_/A0                 1.000000    1.643286   -0.643286 (VIOLATED)
ANTENNA_i_soc.i_qspi._11359__A0/DIODE    1.000000    1.643255   -0.643255 (VIOLATED)
ANTENNA_i_soc.i_qspi._11326__A1/DIODE    1.000000    1.643252   -0.643252 (VIOLATED)
i_soc.i_qspi._11359_/A0                 1.000000    1.643235   -0.643235 (VIOLATED)
i_soc.i_qspi._11392_/A1                 1.000000    1.643203   -0.643203 (VIOLATED)
ANTENNA_i_soc.i_qspi._11392__A1/DIODE    1.000000    1.643201   -0.643201 (VIOLATED)
i_soc.i_qspi._11425_/A0                 1.000000    1.643201   -0.643201 (VIOLATED)
ANTENNA_i_soc.i_qspi._11425__A0/DIODE    1.000000    1.643197   -0.643197 (VIOLATED)
i_soc.i_qspi._11326_/A1                 1.000000    1.643192   -0.643192 (VIOLATED)
i_soc.i_qspi._11260_/A1                 1.000000    1.643144   -0.643144 (VIOLATED)
ANTENNA_i_soc.i_qspi._11260__A1/DIODE    1.000000    1.643135   -0.643135 (VIOLATED)
ANTENNA_i_soc.i_qspi._11159__A0/DIODE    1.000000    1.643113   -0.643113 (VIOLATED)
i_soc.i_qspi._11159_/A0                 1.000000    1.643112   -0.643112 (VIOLATED)
i_soc.i_qspi._11227_/A0                 1.000000    1.643059   -0.643059 (VIOLATED)
ANTENNA_i_soc.i_qspi._11227__A0/DIODE    1.000000    1.643057   -0.643057 (VIOLATED)
i_soc.i_qspi._11194_/A1                 1.000000    1.643056   -0.643056 (VIOLATED)
ANTENNA_i_soc.i_qspi._11194__A1/DIODE    1.000000    1.643016   -0.643016 (VIOLATED)
ANTENNA_i_soc.i_qspi._11293__A0/DIODE    1.000000    1.642757   -0.642757 (VIOLATED)
i_soc.i_qspi._11293_/A0                 1.000000    1.642757   -0.642757 (VIOLATED)
i_soc.i_qspi._12022_/A0                 1.000000    1.642756   -0.642756 (VIOLATED)
ANTENNA_i_soc.i_qspi._12022__A0/DIODE    1.000000    1.642755   -0.642755 (VIOLATED)
i_soc.i_qspi._12916_/A1                 1.000000    1.642753   -0.642753 (VIOLATED)
ANTENNA_i_soc.i_qspi._11657__A0/DIODE    1.000000    1.642751   -0.642751 (VIOLATED)
ANTENNA_i_soc.i_qspi._12916__A1/DIODE    1.000000    1.642751   -0.642751 (VIOLATED)
i_soc.i_qspi._11657_/A0                 1.000000    1.642751   -0.642751 (VIOLATED)
ANTENNA_i_soc.i_qspi._12949__A0/DIODE    1.000000    1.642749   -0.642749 (VIOLATED)
i_soc.i_qspi._12949_/A0                 1.000000    1.642745   -0.642745 (VIOLATED)
i_soc.i_qspi._12751_/A0                 1.000000    1.642743   -0.642743 (VIOLATED)
ANTENNA_i_soc.i_qspi._12751__A0/DIODE    1.000000    1.642736   -0.642736 (VIOLATED)
i_soc.i_qspi._12388_/A1                 1.000000    1.642718   -0.642718 (VIOLATED)
ANTENNA_i_soc.i_qspi._12388__A1/DIODE    1.000000    1.642707   -0.642707 (VIOLATED)
i_soc.i_qspi._12982_/A0                 1.000000    1.642648   -0.642648 (VIOLATED)
ANTENNA_i_soc.i_qspi._10907__A0/DIODE    1.000000    1.642647   -0.642647 (VIOLATED)
i_soc.i_qspi._10907_/A0                 1.000000    1.642645   -0.642645 (VIOLATED)
i_soc.i_qspi._13015_/A1                 1.000000    1.642641   -0.642641 (VIOLATED)
ANTENNA_i_soc.i_qspi._12982__A0/DIODE    1.000000    1.642633   -0.642633 (VIOLATED)
ANTENNA_i_soc.i_qspi._13015__A1/DIODE    1.000000    1.642601   -0.642601 (VIOLATED)
i_soc.i_qspi._10953_/A0                 1.000000    1.642539   -0.642539 (VIOLATED)
ANTENNA_i_soc.i_qspi._10953__A0/DIODE    1.000000    1.642502   -0.642502 (VIOLATED)
ANTENNA_i_soc.i_qspi._10988__A1/DIODE    1.000000    1.642482   -0.642482 (VIOLATED)
i_soc.i_qspi._10988_/A1                 1.000000    1.642482   -0.642482 (VIOLATED)
i_soc.i_qspi._11090_/A1                 1.000000    1.642443   -0.642443 (VIOLATED)
ANTENNA_i_soc.i_qspi._11090__A1/DIODE    1.000000    1.642420   -0.642420 (VIOLATED)
ANTENNA_i_soc.i_qspi._11124__A0/DIODE    1.000000    1.642399   -0.642399 (VIOLATED)
i_soc.i_qspi._11124_/A0                 1.000000    1.642399   -0.642399 (VIOLATED)
ANTENNA_i_soc.i_qspi._11022__A1/DIODE    1.000000    1.642389   -0.642389 (VIOLATED)
i_soc.i_qspi._11022_/A1                 1.000000    1.642389   -0.642389 (VIOLATED)
i_soc.i_qspi._11056_/A0                 1.000000    1.642388   -0.642388 (VIOLATED)
ANTENNA_fanout1169_X/DIODE              1.000000    1.642385   -0.642385 (VIOLATED)
ANTENNA_i_soc.i_qspi._11056__A0/DIODE    1.000000    1.642385   -0.642385 (VIOLATED)
fanout1169/X                            1.000000    1.642385   -0.642385 (VIOLATED)
ANTENNA_i_soc.i_instr_sram.u_sram.gen_bank[0].gen_512.u_macro_din0[27]/DIODE    1.000000    1.641139   -0.641139 (VIOLATED)
ANTENNA_i_soc.i_cpu.core_i.id_stage_i._2757__B/DIODE    1.000000    1.639766   -0.639766 (VIOLATED)
i_soc.i_cpu.core_i.id_stage_i._2757_/B    1.000000    1.639766   -0.639766 (VIOLATED)
ANTENNA_i_soc.i_cpu.core_i.id_stage_i._2770__B/DIODE    1.000000    1.639760   -0.639760 (VIOLATED)
i_soc.i_cpu.core_i.id_stage_i._2770_/B    1.000000    1.639758   -0.639758 (VIOLATED)
i_soc.i_cpu.core_i.id_stage_i._2746_/B    1.000000    1.639754   -0.639754 (VIOLATED)
ANTENNA_i_soc.i_cpu.core_i.id_stage_i._2834__B/DIODE    1.000000    1.639745   -0.639745 (VIOLATED)
i_soc.i_cpu.core_i.id_stage_i._2834_/B    1.000000    1.639740   -0.639740 (VIOLATED)
ANTENNA_i_soc.i_cpu.core_i.id_stage_i._2746__B/DIODE    1.000000    1.639727   -0.639727 (VIOLATED)
i_soc.i_cpu.core_i.id_stage_i._2802_/B    1.000000    1.639718   -0.639718 (VIOLATED)
ANTENNA_i_soc.i_cpu.core_i.id_stage_i._2802__B/DIODE    1.000000    1.639715   -0.639715 (VIOLATED)
i_soc.i_cpu.core_i.id_stage_i._2736_/B    1.000000    1.639706   -0.639706 (VIOLATED)
ANTENNA_i_soc.i_cpu.core_i.id_stage_i._2736__B/DIODE    1.000000    1.639702   -0.639702 (VIOLATED)
i_soc.i_cpu.core_i.id_stage_i._2729_/B    1.000000    1.639679   -0.639679 (VIOLATED)
ANTENNA_i_soc.i_cpu.core_i.id_stage_i._2729__B/DIODE    1.000000    1.639675   -0.639675 (VIOLATED)
ANTENNA_i_soc.i_cpu.core_i.id_stage_i._2858__B/DIODE    1.000000    1.639639   -0.639639 (VIOLATED)
ANTENNA_i_soc.i_cpu.core_i.id_stage_i._2499__A/DIODE    1.000000    1.639602   -0.639602 (VIOLATED)
i_soc.i_cpu.core_i.id_stage_i._2499_/A    1.000000    1.639584   -0.639584 (VIOLATED)
i_soc.i_cpu.core_i.id_stage_i._2858_/B    1.000000    1.639574   -0.639574 (VIOLATED)
i_soc.i_cpu.core_i.id_stage_i._2705_/B    1.000000    1.639532   -0.639532 (VIOLATED)
ANTENNA_i_soc.i_cpu.core_i.id_stage_i._2705__B/DIODE    1.000000    1.639525   -0.639525 (VIOLATED)
i_soc.i_cpu.core_i.id_stage_i._2823_/B    1.000000    1.639504   -0.639504 (VIOLATED)
ANTENNA_i_soc.i_cpu.core_i.id_stage_i._2823__B/DIODE    1.000000    1.639443   -0.639443 (VIOLATED)
i_soc.i_cpu.core_i.id_stage_i._2793_/B    1.000000    1.639321   -0.639321 (VIOLATED)
ANTENNA_i_soc.i_cpu.core_i.id_stage_i._2793__B/DIODE    1.000000    1.639287   -0.639287 (VIOLATED)
ANTENNA_i_soc.i_cpu.core_i.id_stage_i._2815__A2/DIODE    1.000000    1.639255   -0.639255 (VIOLATED)
i_soc.i_cpu.core_i.id_stage_i._2815_/A2    1.000000    1.639255   -0.639255 (VIOLATED)
i_soc.i_cpu.core_i.id_stage_i._2845_/B    1.000000    1.639171   -0.639171 (VIOLATED)
ANTENNA_i_soc.i_cpu.core_i.id_stage_i._2845__B/DIODE    1.000000    1.639168   -0.639168 (VIOLATED)
i_soc.i_cpu.core_i.id_stage_i._2714_/B    1.000000    1.639059   -0.639059 (VIOLATED)
ANTENNA_i_soc.i_cpu.core_i.id_stage_i._2714__B/DIODE    1.000000    1.639055   -0.639055 (VIOLATED)
i_soc.i_cpu.core_i.id_stage_i._2681_/B    1.000000    1.638928   -0.638928 (VIOLATED)
ANTENNA_i_soc.i_cpu.core_i.id_stage_i._2681__B/DIODE    1.000000    1.638925   -0.638925 (VIOLATED)
i_soc.i_ai_sram.u_sram._568_/B          1.000000    1.638923   -0.638923 (VIOLATED)
ANTENNA_i_soc.i_ai_sram.u_sram._568__B/DIODE    1.000000    1.638905   -0.638905 (VIOLATED)
ANTENNA_i_soc.i_cpu.core_i.id_stage_i._2696__B/DIODE    1.000000    1.638818   -0.638818 (VIOLATED)
i_soc.i_cpu.core_i.id_stage_i._2696_/B    1.000000    1.638753   -0.638753 (VIOLATED)
ANTENNA_i_soc.i_cpu.core_i.id_stage_i._2538__B/DIODE    1.000000    1.638685   -0.638685 (VIOLATED)
i_soc.i_cpu.core_i.id_stage_i._2538_/B    1.000000    1.638684   -0.638684 (VIOLATED)
ANTENNA_i_soc.i_cpu.core_i.id_stage_i._2604__B/DIODE    1.000000    1.638586   -0.638586 (VIOLATED)
i_soc.i_cpu.core_i.id_stage_i._2604_/B    1.000000    1.638587   -0.638587 (VIOLATED)
ANTENNA_i_soc.i_cpu.core_i.id_stage_i._2673__B/DIODE    1.000000    1.638551   -0.638551 (VIOLATED)
i_soc.i_cpu.core_i.id_stage_i._2673_/B    1.000000    1.638549   -0.638549 (VIOLATED)
i_soc.i_cpu.core_i.id_stage_i._2661_/B    1.000000    1.638499   -0.638499 (VIOLATED)
ANTENNA_i_soc.i_cpu.core_i.id_stage_i._2648__B/DIODE    1.000000    1.638493   -0.638493 (VIOLATED)
i_soc.i_cpu.core_i.id_stage_i._2648_/B    1.000000    1.638493   -0.638493 (VIOLATED)
i_soc.i_cpu.core_i.id_stage_i._2584_/B    1.000000    1.638491   -0.638491 (VIOLATED)
ANTENNA_i_soc.i_cpu.core_i.id_stage_i._2661__B/DIODE    1.000000    1.638429   -0.638429 (VIOLATED)
ANTENNA_i_soc.i_cpu.core_i.id_stage_i._2584__B/DIODE    1.000000    1.638335   -0.638335 (VIOLATED)
i_soc.i_cpu.core_i.id_stage_i._2639_/B    1.000000    1.638287   -0.638287 (VIOLATED)
ANTENNA_i_soc.i_cpu.core_i.id_stage_i._2639__B/DIODE    1.000000    1.638262   -0.638262 (VIOLATED)
ANTENNA_i_soc.i_cpu.core_i.id_stage_i._2596__B/DIODE    1.000000    1.638218   -0.638218 (VIOLATED)
i_soc.i_cpu.core_i.id_stage_i._2596_/B    1.000000    1.638218   -0.638218 (VIOLATED)
ANTENNA_i_soc.i_cpu.core_i.id_stage_i._2500__B/DIODE    1.000000    1.638209   -0.638209 (VIOLATED)
i_soc.i_cpu.core_i.id_stage_i._2500_/B    1.000000    1.638209   -0.638209 (VIOLATED)
i_soc.i_cpu.core_i.id_stage_i._2630_/B    1.000000    1.638204   -0.638204 (VIOLATED)
ANTENNA_i_soc.i_cpu.core_i.id_stage_i._2617__B/DIODE    1.000000    1.638201   -0.638201 (VIOLATED)
ANTENNA_i_soc.i_cpu.core_i.id_stage_i._2630__B/DIODE    1.000000    1.638201   -0.638201 (VIOLATED)
i_soc.i_cpu.core_i.id_stage_i._2617_/B    1.000000    1.638201   -0.638201 (VIOLATED)
ANTENNA_i_soc.i_cpu.core_i.id_stage_i._2562__B/DIODE    1.000000    1.638185   -0.638185 (VIOLATED)
ANTENNA_i_soc.i_cpu.core_i.id_stage_i._2531__B/DIODE    1.000000    1.638183   -0.638183 (VIOLATED)
ANTENNA_i_soc.i_cpu.core_i.id_stage_i._2573__B/DIODE    1.000000    1.638183   -0.638183 (VIOLATED)
i_soc.i_cpu.core_i.id_stage_i._2531_/B    1.000000    1.638183   -0.638183 (VIOLATED)
i_soc.i_cpu.core_i.id_stage_i._2573_/B    1.000000    1.638183   -0.638183 (VIOLATED)
i_soc.i_cpu.core_i.id_stage_i._2562_/B    1.000000    1.638182   -0.638182 (VIOLATED)
ANTENNA_i_soc.i_cpu.core_i.id_stage_i._2549__B/DIODE    1.000000    1.638181   -0.638181 (VIOLATED)
i_soc.i_cpu.core_i.id_stage_i._2549_/B    1.000000    1.638180   -0.638180 (VIOLATED)
ANTENNA_fanout1277_X/DIODE              1.000000    1.638170   -0.638170 (VIOLATED)
fanout1277/X                            1.000000    1.638168   -0.638168 (VIOLATED)
ANTENNA_i_soc.i_instr_sram.u_sram.gen_bank[0].gen_512.u_macro_din0[22]/DIODE    1.000000    1.635565   -0.635565 (VIOLATED)
i_soc.i_instr_sram.u_sram.gen_bank[1].gen_512.u_macro/din0[4]    1.000000    1.635546   -0.635546 (VIOLATED)
i_soc.i_instr_sram.u_sram.gen_bank[3].gen_512.u_macro/din0[9]    1.000000    1.634619   -0.634619 (VIOLATED)
i_soc.i_instr_sram.u_sram.gen_bank[3].gen_512.u_macro/din0[8]    1.000000    1.631297   -0.631297 (VIOLATED)
i_soc.i_data_sram.u_sram.gen_bank[3].gen_512.u_macro/din0[3]    1.000000    1.628140   -0.628140 (VIOLATED)
i_soc.i_ai_sram.u_sram.gen_bank[5].gen_512.u_macro/din0[30]    1.000000    1.627720   -0.627720 (VIOLATED)
i_soc.i_qspi._12710_/A0                 1.000000    1.627051   -0.627051 (VIOLATED)
ANTENNA_i_soc.i_qspi._12710__A0/DIODE    1.000000    1.627049   -0.627049 (VIOLATED)
i_soc.i_qspi._12611_/A0                 1.000000    1.627048   -0.627048 (VIOLATED)
ANTENNA_i_soc.i_qspi._12611__A0/DIODE    1.000000    1.627047   -0.627047 (VIOLATED)
ANTENNA_i_soc.i_qspi._12677__A0/DIODE    1.000000    1.627046   -0.627046 (VIOLATED)
i_soc.i_qspi._12677_/A0                 1.000000    1.627046   -0.627046 (VIOLATED)
i_soc.i_qspi._12644_/A0                 1.000000    1.627042   -0.627042 (VIOLATED)
ANTENNA_i_soc.i_qspi._12644__A0/DIODE    1.000000    1.627041   -0.627041 (VIOLATED)
ANTENNA_i_soc.i_qspi._12842__A1/DIODE    1.000000    1.627036   -0.627036 (VIOLATED)
i_soc.i_qspi._12842_/A1                 1.000000    1.627034   -0.627034 (VIOLATED)
i_soc.i_qspi._12776_/A1                 1.000000    1.627029   -0.627029 (VIOLATED)
ANTENNA_i_soc.i_qspi._12776__A1/DIODE    1.000000    1.627027   -0.627027 (VIOLATED)
ANTENNA_i_soc.i_qspi._12875__A0/DIODE    1.000000    1.627023   -0.627023 (VIOLATED)
i_soc.i_qspi._12875_/A0                 1.000000    1.627017   -0.627017 (VIOLATED)
ANTENNA_i_soc.i_qspi._12809__A0/DIODE    1.000000    1.626989   -0.626989 (VIOLATED)
i_soc.i_qspi._12809_/A0                 1.000000    1.626974   -0.626974 (VIOLATED)
i_soc.i_qspi._12314_/A0                 1.000000    1.626969   -0.626969 (VIOLATED)
ANTENNA_i_soc.i_qspi._12314__A0/DIODE    1.000000    1.626967   -0.626967 (VIOLATED)
i_soc.i_qspi._12347_/A0                 1.000000    1.626966   -0.626966 (VIOLATED)
ANTENNA_i_soc.i_qspi._12347__A0/DIODE    1.000000    1.626964   -0.626964 (VIOLATED)
ANTENNA_i_soc.i_qspi._12413__A0/DIODE    1.000000    1.626946   -0.626946 (VIOLATED)
i_soc.i_qspi._12413_/A0                 1.000000    1.626945   -0.626945 (VIOLATED)
i_soc.i_qspi._12446_/A0                 1.000000    1.626928   -0.626928 (VIOLATED)
ANTENNA_i_soc.i_qspi._12446__A0/DIODE    1.000000    1.626903   -0.626903 (VIOLATED)
i_soc.i_qspi._12479_/A1                 1.000000    1.626890   -0.626890 (VIOLATED)
ANTENNA_i_soc.i_qspi._12479__A1/DIODE    1.000000    1.626889   -0.626889 (VIOLATED)
i_soc.i_ai_sram.u_sram._551_/B          1.000000    1.626884   -0.626883 (VIOLATED)
ANTENNA_i_soc.i_ai_sram.u_sram._551__B/DIODE    1.000000    1.626871   -0.626871 (VIOLATED)
i_soc.i_qspi._12545_/A1                 1.000000    1.626868   -0.626868 (VIOLATED)
ANTENNA_i_soc.i_qspi._12545__A1/DIODE    1.000000    1.626866   -0.626866 (VIOLATED)
ANTENNA_i_soc.i_qspi._12512__A0/DIODE    1.000000    1.626851   -0.626851 (VIOLATED)
i_soc.i_qspi._12512_/A0                 1.000000    1.626851   -0.626851 (VIOLATED)
i_soc.i_qspi._12578_/A0                 1.000000    1.626850   -0.626850 (VIOLATED)
ANTENNA_i_soc.i_qspi._12578__A0/DIODE    1.000000    1.626849   -0.626849 (VIOLATED)
i_soc.i_qspi._11882_/A1                 1.000000    1.626751   -0.626751 (VIOLATED)
i_soc.i_qspi._11915_/A0                 1.000000    1.626750   -0.626750 (VIOLATED)
ANTENNA_i_soc.i_qspi._11915__A0/DIODE    1.000000    1.626749   -0.626749 (VIOLATED)
i_soc.i_qspi._11750_/A0                 1.000000    1.626748   -0.626748 (VIOLATED)
ANTENNA_i_soc.i_qspi._11750__A0/DIODE    1.000000    1.626747   -0.626747 (VIOLATED)
i_soc.i_qspi._11783_/A1                 1.000000    1.626746   -0.626746 (VIOLATED)
ANTENNA_i_soc.i_qspi._11783__A1/DIODE    1.000000    1.626743   -0.626743 (VIOLATED)
i_soc.i_qspi._11849_/A1                 1.000000    1.626736   -0.626736 (VIOLATED)
ANTENNA_i_soc.i_qspi._11849__A1/DIODE    1.000000    1.626729   -0.626729 (VIOLATED)
i_soc.i_qspi._11981_/A0                 1.000000    1.626728   -0.626728 (VIOLATED)
ANTENNA_i_soc.i_qspi._11981__A0/DIODE    1.000000    1.626727   -0.626727 (VIOLATED)
ANTENNA_i_soc.i_qspi._11816__A0/DIODE    1.000000    1.626726   -0.626726 (VIOLATED)
i_soc.i_qspi._11816_/A0                 1.000000    1.626726   -0.626726 (VIOLATED)
i_soc.i_qspi._11948_/A1                 1.000000    1.626723   -0.626723 (VIOLATED)
ANTENNA_i_soc.i_qspi._11948__A1/DIODE    1.000000    1.626722   -0.626722 (VIOLATED)
ANTENNA_i_soc.i_qspi._11882__A1/DIODE    1.000000    1.626712   -0.626713 (VIOLATED)
i_soc.i_qspi._12180_/A1                 1.000000    1.626668   -0.626669 (VIOLATED)
i_soc.i_qspi._12213_/A0                 1.000000    1.626661   -0.626661 (VIOLATED)
ANTENNA_i_soc.i_qspi._12180__A1/DIODE    1.000000    1.626659   -0.626659 (VIOLATED)
ANTENNA_i_soc.i_qspi._12213__A0/DIODE    1.000000    1.626659   -0.626659 (VIOLATED)
ANTENNA_i_soc.i_qspi._12114__A0/DIODE    1.000000    1.626657   -0.626657 (VIOLATED)
i_soc.i_qspi._12114_/A0                 1.000000    1.626657   -0.626657 (VIOLATED)
i_soc.i_qspi._12246_/A1                 1.000000    1.626657   -0.626657 (VIOLATED)
i_soc.i_qspi._12279_/A0                 1.000000    1.626657   -0.626657 (VIOLATED)
ANTENNA_i_soc.i_qspi._12048__A0/DIODE    1.000000    1.626656   -0.626656 (VIOLATED)
ANTENNA_i_soc.i_qspi._12147__A0/DIODE    1.000000    1.626656   -0.626656 (VIOLATED)
ANTENNA_i_soc.i_qspi._12246__A1/DIODE    1.000000    1.626656   -0.626656 (VIOLATED)
ANTENNA_i_soc.i_qspi._12279__A0/DIODE    1.000000    1.626657   -0.626657 (VIOLATED)
i_soc.i_qspi._12147_/A0                 1.000000    1.626656   -0.626656 (VIOLATED)
ANTENNA_fanout1584_X/DIODE              1.000000    1.626652   -0.626652 (VIOLATED)
i_soc.i_qspi._12081_/A0                 1.000000    1.626652   -0.626652 (VIOLATED)
ANTENNA_i_soc.i_qspi._12081__A0/DIODE    1.000000    1.626650   -0.626650 (VIOLATED)
fanout1584/X                            1.000000    1.626650   -0.626650 (VIOLATED)
i_soc.i_qspi._12048_/A0                 1.000000    1.626650   -0.626650 (VIOLATED)
i_soc.i_instr_sram.u_sram.gen_bank[3].gen_512.u_macro/din0[10]    1.000000    1.622738   -0.622738 (VIOLATED)
i_soc.i_ai_sram.u_sram.gen_bank[4].gen_512.u_macro/din0[13]    1.000000    1.622570   -0.622570 (VIOLATED)
ANTENNA_i_soc.i_instr_sram.u_sram.gen_bank[2].gen_512.u_macro_din0[17]/DIODE    1.000000    1.622565   -0.622565 (VIOLATED)
ANTENNA_i_soc.i_qspi._13019__A1/DIODE    1.000000    1.621242   -0.621242 (VIOLATED)
i_soc.i_qspi._10957_/A0                 1.000000    1.621243   -0.621243 (VIOLATED)
i_soc.i_qspi._13019_/A1                 1.000000    1.621243   -0.621243 (VIOLATED)
ANTENNA_i_soc.i_qspi._10957__A0/DIODE    1.000000    1.621240   -0.621240 (VIOLATED)
i_soc.i_qspi._10992_/A1                 1.000000    1.621236   -0.621236 (VIOLATED)
ANTENNA_i_soc.i_qspi._10992__A1/DIODE    1.000000    1.621234   -0.621234 (VIOLATED)
ANTENNA_i_soc.i_qspi._11094__A1/DIODE    1.000000    1.621230   -0.621231 (VIOLATED)
i_soc.i_qspi._11094_/A1                 1.000000    1.621231   -0.621231 (VIOLATED)
ANTENNA_i_soc.i_qspi._12755__A0/DIODE    1.000000    1.621203   -0.621203 (VIOLATED)
i_soc.i_qspi._12755_/A0                 1.000000    1.621193   -0.621193 (VIOLATED)
ANTENNA_i_soc.i_qspi._12026__A0/DIODE    1.000000    1.621185   -0.621185 (VIOLATED)
i_soc.i_qspi._12026_/A0                 1.000000    1.621183   -0.621183 (VIOLATED)
i_soc.i_qspi._12920_/A1                 1.000000    1.621159   -0.621159 (VIOLATED)
ANTENNA_i_soc.i_qspi._12920__A1/DIODE    1.000000    1.621143   -0.621143 (VIOLATED)
i_soc.i_qspi._12953_/A0                 1.000000    1.621141   -0.621141 (VIOLATED)
ANTENNA_i_soc.i_qspi._12953__A0/DIODE    1.000000    1.621119   -0.621119 (VIOLATED)
i_soc.i_qspi._12392_/A1                 1.000000    1.621063   -0.621063 (VIOLATED)
i_soc.i_qspi._11661_/A0                 1.000000    1.621046   -0.621046 (VIOLATED)
ANTENNA_i_soc.i_qspi._11661__A0/DIODE    1.000000    1.621046   -0.621046 (VIOLATED)
ANTENNA_i_soc.i_qspi._12392__A1/DIODE    1.000000    1.621040   -0.621039 (VIOLATED)
i_soc.i_qspi._11297_/A0                 1.000000    1.621040   -0.621040 (VIOLATED)
ANTENNA_i_soc.i_qspi._11297__A0/DIODE    1.000000    1.621033   -0.621033 (VIOLATED)
ANTENNA_i_soc.i_qspi._10915__A0/DIODE    1.000000    1.621026   -0.621026 (VIOLATED)
i_soc.i_qspi._10915_/A0                 1.000000    1.621026   -0.621026 (VIOLATED)
i_soc.i_qspi._12986_/A0                 1.000000    1.621019   -0.621019 (VIOLATED)
ANTENNA_i_soc.i_qspi._12986__A0/DIODE    1.000000    1.621017   -0.621017 (VIOLATED)
ANTENNA_i_soc.i_qspi._11026__A1/DIODE    1.000000    1.621016   -0.621016 (VIOLATED)
i_soc.i_qspi._11026_/A1                 1.000000    1.621016   -0.621016 (VIOLATED)
i_soc.i_qspi._11060_/A0                 1.000000    1.621012   -0.621012 (VIOLATED)
ANTENNA_i_soc.i_qspi._11060__A0/DIODE    1.000000    1.621011   -0.621011 (VIOLATED)
i_soc.i_qspi._11128_/A0                 1.000000    1.621002   -0.621002 (VIOLATED)
ANTENNA_i_soc.i_qspi._11128__A0/DIODE    1.000000    1.620993   -0.620993 (VIOLATED)
i_soc.i_qspi._12126_/A0                 1.000000    1.620651   -0.620651 (VIOLATED)
ANTENNA_i_soc.i_qspi._12126__A0/DIODE    1.000000    1.620618   -0.620618 (VIOLATED)
ANTENNA_i_soc.i_qspi._12060__A0/DIODE    1.000000    1.620588   -0.620588 (VIOLATED)
ANTENNA_i_soc.i_qspi._12093__A0/DIODE    1.000000    1.620588   -0.620588 (VIOLATED)
i_soc.i_qspi._12060_/A0                 1.000000    1.620588   -0.620588 (VIOLATED)
i_soc.i_qspi._12093_/A0                 1.000000    1.620586   -0.620586 (VIOLATED)
i_soc.i_qspi._12159_/A0                 1.000000    1.620561   -0.620561 (VIOLATED)
ANTENNA_i_soc.i_qspi._12159__A0/DIODE    1.000000    1.620560   -0.620560 (VIOLATED)
ANTENNA_i_soc.i_qspi._12258__A1/DIODE    1.000000    1.620514   -0.620514 (VIOLATED)
i_soc.i_qspi._12192_/A1                 1.000000    1.620479   -0.620479 (VIOLATED)
ANTENNA_i_soc.i_qspi._12192__A1/DIODE    1.000000    1.620478   -0.620478 (VIOLATED)
ANTENNA_i_soc.i_qspi._12225__A0/DIODE    1.000000    1.620478   -0.620478 (VIOLATED)
i_soc.i_qspi._12225_/A0                 1.000000    1.620478   -0.620478 (VIOLATED)
i_soc.i_qspi._12291_/A0                 1.000000    1.620477   -0.620477 (VIOLATED)
ANTENNA_i_soc.i_qspi._12291__A0/DIODE    1.000000    1.620476   -0.620476 (VIOLATED)
i_soc.i_qspi._12258_/A1                 1.000000    1.620467   -0.620467 (VIOLATED)
ANTENNA_i_soc.i_qspi._11894__A1/DIODE    1.000000    1.620377   -0.620377 (VIOLATED)
ANTENNA_i_soc.i_qspi._11927__A0/DIODE    1.000000    1.620377   -0.620377 (VIOLATED)
i_soc.i_qspi._11894_/A1                 1.000000    1.620377   -0.620377 (VIOLATED)
i_soc.i_qspi._11927_/A0                 1.000000    1.620377   -0.620377 (VIOLATED)
ANTENNA_i_soc.i_qspi._11993__A0/DIODE    1.000000    1.620375   -0.620375 (VIOLATED)
i_soc.i_qspi._11993_/A0                 1.000000    1.620375   -0.620375 (VIOLATED)
i_soc.i_qspi._11960_/A1                 1.000000    1.620374   -0.620374 (VIOLATED)
ANTENNA_i_soc.i_qspi._11960__A1/DIODE    1.000000    1.620372   -0.620372 (VIOLATED)
ANTENNA_i_soc.i_qspi._11795__A1/DIODE    1.000000    1.620356   -0.620356 (VIOLATED)
ANTENNA_i_soc.i_qspi._11762__A0/DIODE    1.000000    1.620355   -0.620355 (VIOLATED)
ANTENNA_i_soc.i_qspi._11828__A0/DIODE    1.000000    1.620355   -0.620355 (VIOLATED)
i_soc.i_qspi._11762_/A0                 1.000000    1.620355   -0.620355 (VIOLATED)
i_soc.i_qspi._11795_/A1                 1.000000    1.620356   -0.620356 (VIOLATED)
i_soc.i_qspi._11861_/A1                 1.000000    1.620356   -0.620356 (VIOLATED)
ANTENNA_i_soc.i_qspi._11861__A1/DIODE    1.000000    1.620354   -0.620354 (VIOLATED)
i_soc.i_qspi._11828_/A0                 1.000000    1.620355   -0.620355 (VIOLATED)
ANTENNA_fanout1157_X/DIODE              1.000000    1.620354   -0.620354 (VIOLATED)
fanout1157/X                            1.000000    1.620352   -0.620352 (VIOLATED)
output54/A                              1.000000    1.619123   -0.619123 (VIOLATED)
ANTENNA_i_soc.i_instr_sram.u_sram.gen_bank[0].gen_512.u_macro_din0[15]/DIODE    1.000000    1.619117   -0.619117 (VIOLATED)
ANTENNA_output54_A/DIODE                1.000000    1.619104   -0.619104 (VIOLATED)
i_soc.i_data_sram.u_sram.gen_bank[1].gen_512.u_macro/din0[3]    1.000000    1.616801   -0.616801 (VIOLATED)
i_soc.i_instr_sram.u_sram.gen_bank[1].gen_512.u_macro/din0[1]    1.000000    1.615755   -0.615755 (VIOLATED)
ANTENNA_i_soc.i_uart_0.i_uart_tx._299__A1/DIODE    1.000000    1.615120   -0.615120 (VIOLATED)
i_soc.i_uart_0.i_uart_tx._299_/A1       1.000000    1.615120   -0.615120 (VIOLATED)
ANTENNA_i_soc.i_uart_0.i_uart_tx._334__Q/DIODE    1.000000    1.615102   -0.615102 (VIOLATED)
i_soc.i_uart_0.i_uart_tx._334_/Q        1.000000    1.615092   -0.615092 (VIOLATED)
i_soc.i_data_sram.u_sram.gen_bank[2].gen_512.u_macro/din0[3]    1.000000    1.613987   -0.613987 (VIOLATED)
i_soc.i_data_sram.u_sram.gen_bank[0].gen_512.u_macro/din0[3]    1.000000    1.612860   -0.612860 (VIOLATED)
i_soc.i_ai_arb._458_/A                  1.000000    1.612747   -0.612747 (VIOLATED)
ANTENNA_i_soc.i_ai_arb._458__A/DIODE    1.000000    1.612726   -0.612726 (VIOLATED)
ANTENNA_i_soc.i_ai_sram.u_sram._539__X/DIODE    1.000000    1.611256   -0.611256 (VIOLATED)
i_soc.i_ai_sram.u_sram._539_/X          1.000000    1.611231   -0.611231 (VIOLATED)
ANTENNA_i_soc.i_qspi._11226__A0/DIODE    1.000000    1.611128   -0.611128 (VIOLATED)
i_soc.i_qspi._11226_/A0                 1.000000    1.611128   -0.611128 (VIOLATED)
i_soc.i_qspi._11259_/A1                 1.000000    1.611122   -0.611122 (VIOLATED)
ANTENNA_i_soc.i_qspi._11259__A1/DIODE    1.000000    1.611119   -0.611119 (VIOLATED)
i_soc.i_qspi._11193_/A1                 1.000000    1.611116   -0.611116 (VIOLATED)
ANTENNA_i_soc.i_qspi._11193__A1/DIODE    1.000000    1.611112   -0.611112 (VIOLATED)
ANTENNA_i_soc.i_qspi._11158__A0/DIODE    1.000000    1.611107   -0.611107 (VIOLATED)
i_soc.i_qspi._11158_/A0                 1.000000    1.611107   -0.611107 (VIOLATED)
ANTENNA_i_soc.i_qspi._11424__A0/DIODE    1.000000    1.611071   -0.611071 (VIOLATED)
i_soc.i_qspi._11424_/A0                 1.000000    1.611053   -0.611053 (VIOLATED)
ANTENNA_i_soc.i_qspi._11391__A1/DIODE    1.000000    1.611048   -0.611048 (VIOLATED)
i_soc.i_qspi._11391_/A1                 1.000000    1.611044   -0.611044 (VIOLATED)
ANTENNA_i_soc.i_qspi._11358__A0/DIODE    1.000000    1.610981   -0.610982 (VIOLATED)
ANTENNA_i_soc.i_qspi._11325__A1/DIODE    1.000000    1.610964   -0.610964 (VIOLATED)
i_soc.i_qspi._11325_/A1                 1.000000    1.610965   -0.610965 (VIOLATED)
i_soc.i_qspi._11358_/A0                 1.000000    1.610939   -0.610939 (VIOLATED)
ANTENNA_i_soc.i_qspi._11557__A0/DIODE    1.000000    1.610856   -0.610856 (VIOLATED)
i_soc.i_qspi._11557_/A0                 1.000000    1.610833   -0.610833 (VIOLATED)
i_soc.i_qspi._11458_/A0                 1.000000    1.610788   -0.610788 (VIOLATED)
ANTENNA_i_soc.i_qspi._11458__A0/DIODE    1.000000    1.610787   -0.610787 (VIOLATED)
i_soc.i_qspi._11491_/A0                 1.000000    1.610751   -0.610751 (VIOLATED)
ANTENNA_i_soc.i_qspi._11491__A0/DIODE    1.000000    1.610748   -0.610748 (VIOLATED)
i_soc.i_qspi._11524_/A0                 1.000000    1.610746   -0.610746 (VIOLATED)
ANTENNA_i_soc.i_qspi._11524__A0/DIODE    1.000000    1.610738   -0.610738 (VIOLATED)
i_soc.i_qspi._11623_/A0                 1.000000    1.610671   -0.610671 (VIOLATED)
ANTENNA_i_soc.i_qspi._11623__A0/DIODE    1.000000    1.610668   -0.610668 (VIOLATED)
ANTENNA_i_soc.i_qspi._11689__A1/DIODE    1.000000    1.610666   -0.610666 (VIOLATED)
i_soc.i_qspi._11689_/A1                 1.000000    1.610661   -0.610661 (VIOLATED)
i_soc.i_qspi._11590_/A1                 1.000000    1.610629   -0.610629 (VIOLATED)
ANTENNA_i_soc.i_qspi._11590__A1/DIODE    1.000000    1.610626   -0.610626 (VIOLATED)
ANTENNA_i_soc.i_qspi._11722__A0/DIODE    1.000000    1.610572   -0.610572 (VIOLATED)
i_soc.i_qspi._11722_/A0                 1.000000    1.610502   -0.610502 (VIOLATED)
i_soc.i_qspi._12915_/A1                 1.000000    1.610195   -0.610195 (VIOLATED)
i_soc.i_qspi._12948_/A0                 1.000000    1.610195   -0.610195 (VIOLATED)
ANTENNA_i_soc.i_qspi._12948__A0/DIODE    1.000000    1.610152   -0.610152 (VIOLATED)
ANTENNA_i_soc.i_qspi._12750__A0/DIODE    1.000000    1.610121   -0.610121 (VIOLATED)
i_soc.i_qspi._12750_/A0                 1.000000    1.610120   -0.610120 (VIOLATED)
ANTENNA_i_soc.i_qspi._12915__A1/DIODE    1.000000    1.610117   -0.610117 (VIOLATED)
ANTENNA_i_soc.i_qspi._12021__A0/DIODE    1.000000    1.610077   -0.610077 (VIOLATED)
i_soc.i_qspi._12021_/A0                 1.000000    1.610077   -0.610077 (VIOLATED)
i_soc.i_qspi._12387_/A1                 1.000000    1.610022   -0.610022 (VIOLATED)
ANTENNA_i_soc.i_qspi._12387__A1/DIODE    1.000000    1.610010   -0.610010 (VIOLATED)
i_soc.i_qspi._11656_/A0                 1.000000    1.609980   -0.609980 (VIOLATED)
ANTENNA_i_soc.i_qspi._11656__A0/DIODE    1.000000    1.609978   -0.609978 (VIOLATED)
i_soc.i_instr_sram.u_sram.gen_bank[1].gen_512.u_macro/din0[9]    1.000000    1.609954   -0.609954 (VIOLATED)
i_soc.i_qspi._10905_/A0                 1.000000    1.609948   -0.609948 (VIOLATED)
i_soc.i_qspi._11292_/A0                 1.000000    1.609940   -0.609940 (VIOLATED)
ANTENNA_i_soc.i_qspi._11292__A0/DIODE    1.000000    1.609938   -0.609938 (VIOLATED)
ANTENNA_i_soc.i_qspi._10905__A0/DIODE    1.000000    1.609934   -0.609934 (VIOLATED)
i_soc.i_qspi._11165_/A0                 1.000000    1.609917   -0.609917 (VIOLATED)
ANTENNA_i_soc.i_qspi._11165__A0/DIODE    1.000000    1.609913   -0.609913 (VIOLATED)
ANTENNA_i_soc.i_qspi._11200__A1/DIODE    1.000000    1.609903   -0.609903 (VIOLATED)
i_soc.i_qspi._11200_/A1                 1.000000    1.609900   -0.609900 (VIOLATED)
ANTENNA_i_soc.i_qspi._11332__A1/DIODE    1.000000    1.609897   -0.609896 (VIOLATED)
i_soc.i_qspi._11332_/A1                 1.000000    1.609897   -0.609897 (VIOLATED)
ANTENNA_i_soc.i_qspi._11365__A0/DIODE    1.000000    1.609892   -0.609892 (VIOLATED)
i_soc.i_qspi._11365_/A0                 1.000000    1.609891   -0.609891 (VIOLATED)
i_soc.i_qspi._10952_/A0                 1.000000    1.609878   -0.609878 (VIOLATED)
ANTENNA_i_soc.i_qspi._10952__A0/DIODE    1.000000    1.609877   -0.609877 (VIOLATED)
ANTENNA_i_soc.i_qspi._11431__A0/DIODE    1.000000    1.609863   -0.609863 (VIOLATED)
i_soc.i_qspi._11431_/A0                 1.000000    1.609849   -0.609849 (VIOLATED)
i_soc.i_qspi._11398_/A1                 1.000000    1.609822   -0.609822 (VIOLATED)
ANTENNA_i_soc.i_qspi._10987__A1/DIODE    1.000000    1.609818   -0.609818 (VIOLATED)
ANTENNA_i_soc.i_qspi._11398__A1/DIODE    1.000000    1.609802   -0.609802 (VIOLATED)
ANTENNA_i_soc.i_qspi._11597__A1/DIODE    1.000000    1.609800   -0.609800 (VIOLATED)
i_soc.i_qspi._11597_/A1                 1.000000    1.609794   -0.609794 (VIOLATED)
ANTENNA_i_soc.i_qspi._13014__A1/DIODE    1.000000    1.609791   -0.609791 (VIOLATED)
i_soc.i_qspi._10987_/A1                 1.000000    1.609792   -0.609792 (VIOLATED)
i_soc.i_qspi._13014_/A1                 1.000000    1.609791   -0.609791 (VIOLATED)
ANTENNA_i_soc.i_qspi._11630__A0/DIODE    1.000000    1.609775   -0.609775 (VIOLATED)
i_soc.i_qspi._11630_/A0                 1.000000    1.609775   -0.609775 (VIOLATED)
i_soc.i_qspi._11696_/A1                 1.000000    1.609775   -0.609775 (VIOLATED)
i_soc.i_qspi._11729_/A0                 1.000000    1.609774   -0.609774 (VIOLATED)
ANTENNA_i_soc.i_qspi._11696__A1/DIODE    1.000000    1.609769   -0.609769 (VIOLATED)
i_soc.i_qspi._12981_/A0                 1.000000    1.609768   -0.609768 (VIOLATED)
ANTENNA_i_soc.i_qspi._11729__A0/DIODE    1.000000    1.609768   -0.609768 (VIOLATED)
ANTENNA_i_soc.i_qspi._12981__A0/DIODE    1.000000    1.609739   -0.609739 (VIOLATED)
i_soc.i_qspi._11531_/A0                 1.000000    1.609718   -0.609718 (VIOLATED)
i_soc.i_qspi._11089_/A1                 1.000000    1.609711   -0.609711 (VIOLATED)
ANTENNA_i_soc.i_qspi._11089__A1/DIODE    1.000000    1.609707   -0.609708 (VIOLATED)
i_soc.i_qspi._11123_/A0                 1.000000    1.609703   -0.609703 (VIOLATED)
ANTENNA_i_soc.i_qspi._11123__A0/DIODE    1.000000    1.609686   -0.609686 (VIOLATED)
ANTENNA_i_soc.i_qspi._11531__A0/DIODE    1.000000    1.609682   -0.609682 (VIOLATED)
i_soc.i_qspi._11021_/A1                 1.000000    1.609674   -0.609674 (VIOLATED)
ANTENNA_fanout1171_X/DIODE              1.000000    1.609670   -0.609670 (VIOLATED)
ANTENNA_i_soc.i_qspi._11021__A1/DIODE    1.000000    1.609670   -0.609670 (VIOLATED)
ANTENNA_i_soc.i_qspi._11055__A0/DIODE    1.000000    1.609670   -0.609670 (VIOLATED)
fanout1171/X                            1.000000    1.609670   -0.609670 (VIOLATED)
i_soc.i_qspi._11055_/A0                 1.000000    1.609670   -0.609670 (VIOLATED)
ANTENNA_i_soc.i_qspi._11564__A0/DIODE    1.000000    1.609619   -0.609619 (VIOLATED)
i_soc.i_qspi._11564_/A0                 1.000000    1.609619   -0.609619 (VIOLATED)
ANTENNA_i_soc.i_instr_sram.u_sram.gen_bank[0].gen_512.u_macro_din0[21]/DIODE    1.000000    1.609588   -0.609588 (VIOLATED)
ANTENNA_i_soc.i_qspi._11465__A0/DIODE    1.000000    1.609584   -0.609584 (VIOLATED)
i_soc.i_qspi._11233_/A0                 1.000000    1.609577   -0.609577 (VIOLATED)
ANTENNA_i_soc.i_qspi._11498__A0/DIODE    1.000000    1.609572   -0.609572 (VIOLATED)
i_soc.i_qspi._11498_/A0                 1.000000    1.609570   -0.609570 (VIOLATED)
i_soc.i_qspi._11465_/A0                 1.000000    1.609549   -0.609549 (VIOLATED)
ANTENNA_i_soc.i_qspi._11233__A0/DIODE    1.000000    1.609490   -0.609490 (VIOLATED)
i_soc.i_qspi._11266_/A1                 1.000000    1.609415   -0.609415 (VIOLATED)
ANTENNA_i_soc.i_qspi._11266__A1/DIODE    1.000000    1.609350   -0.609350 (VIOLATED)
i_soc.i_qspi._11062_/A0                 1.000000    1.608809   -0.608809 (VIOLATED)
output25/A                              1.000000    1.608804   -0.608804 (VIOLATED)
ANTENNA_i_soc.i_qspi._11062__A0/DIODE    1.000000    1.608799   -0.608799 (VIOLATED)
ANTENNA_i_soc.i_qspi._11028__A1/DIODE    1.000000    1.608781   -0.608781 (VIOLATED)
ANTENNA_output25_A/DIODE                1.000000    1.608781   -0.608781 (VIOLATED)
i_soc.i_qspi._11028_/A1                 1.000000    1.608781   -0.608781 (VIOLATED)
ANTENNA_i_soc.i_qspi._11130__A0/DIODE    1.000000    1.608665   -0.608665 (VIOLATED)
i_soc.i_qspi._11130_/A0                 1.000000    1.608612   -0.608612 (VIOLATED)
i_soc.i_qspi._11096_/A1                 1.000000    1.608585   -0.608585 (VIOLATED)
ANTENNA_i_soc.i_qspi._11096__A1/DIODE    1.000000    1.608584   -0.608584 (VIOLATED)
ANTENNA_i_soc.i_qspi._10959__A0/DIODE    1.000000    1.608538   -0.608538 (VIOLATED)
i_soc.i_qspi._10959_/A0                 1.000000    1.608527   -0.608527 (VIOLATED)
ANTENNA_i_soc.i_qspi._10994__A1/DIODE    1.000000    1.608520   -0.608520 (VIOLATED)
i_soc.i_qspi._10994_/A1                 1.000000    1.608520   -0.608520 (VIOLATED)
i_soc.i_qspi._13021_/A1                 1.000000    1.608459   -0.608459 (VIOLATED)
ANTENNA_i_soc.i_qspi._13021__A1/DIODE    1.000000    1.608407   -0.608407 (VIOLATED)
i_soc.i_qspi._12988_/A0                 1.000000    1.608335   -0.608335 (VIOLATED)
ANTENNA_i_soc.i_qspi._12988__A0/DIODE    1.000000    1.608334   -0.608334 (VIOLATED)
ANTENNA_i_soc.i_qspi._12922__A1/DIODE    1.000000    1.608310   -0.608310 (VIOLATED)
i_soc.i_qspi._12922_/A1                 1.000000    1.608310   -0.608310 (VIOLATED)
i_soc.i_qspi._12955_/A0                 1.000000    1.608275   -0.608275 (VIOLATED)
ANTENNA_i_soc.i_qspi._12955__A0/DIODE    1.000000    1.608238   -0.608238 (VIOLATED)
ANTENNA_i_soc.i_qspi._12757__A0/DIODE    1.000000    1.608171   -0.608171 (VIOLATED)
i_soc.i_qspi._12757_/A0                 1.000000    1.608171   -0.608171 (VIOLATED)
i_soc.i_qspi._12394_/A1                 1.000000    1.608162   -0.608162 (VIOLATED)
ANTENNA_i_soc.i_qspi._12394__A1/DIODE    1.000000    1.608157   -0.608157 (VIOLATED)
ANTENNA_i_soc.i_qspi._11663__A0/DIODE    1.000000    1.608136   -0.608136 (VIOLATED)
i_soc.i_qspi._11663_/A0                 1.000000    1.608132   -0.608132 (VIOLATED)
ANTENNA_i_soc.i_qspi._12028__A0/DIODE    1.000000    1.608126   -0.608126 (VIOLATED)
i_soc.i_qspi._12028_/A0                 1.000000    1.608126   -0.608126 (VIOLATED)
i_soc.i_qspi._10919_/A0                 1.000000    1.608112   -0.608112 (VIOLATED)
ANTENNA_i_soc.i_qspi._10919__A0/DIODE    1.000000    1.608112   -0.608112 (VIOLATED)
ANTENNA_i_soc.i_qspi._11299__A0/DIODE    1.000000    1.608112   -0.608112 (VIOLATED)
i_soc.i_qspi._11299_/A0                 1.000000    1.608112   -0.608112 (VIOLATED)
ANTENNA_fanout1151_X/DIODE              1.000000    1.608110   -0.608110 (VIOLATED)
fanout1151/X                            1.000000    1.608110   -0.608110 (VIOLATED)
i_soc.i_ai_sram.u_sram.gen_bank[0].gen_512.u_macro/din0[19]    1.000000    1.607160   -0.607160 (VIOLATED)
output33/A                              1.000000    1.604655   -0.604655 (VIOLATED)
ANTENNA_output33_A/DIODE                1.000000    1.604627   -0.604627 (VIOLATED)
ANTENNA_i_soc.i_ai_sram.u_sram._594__X/DIODE    1.000000    1.604171   -0.604171 (VIOLATED)
i_soc.i_ai_sram.u_sram._594_/X          1.000000    1.604171   -0.604171 (VIOLATED)
ANTENNA_i_soc.i_instr_sram.u_sram.gen_bank[3].gen_512.u_macro_din0[16]/DIODE    1.000000    1.601406   -0.601406 (VIOLATED)
i_soc.i_instr_sram.u_sram.gen_bank[1].gen_512.u_macro/din0[8]    1.000000    1.601303   -0.601302 (VIOLATED)
ANTENNA__00__X/DIODE                    1.000000    1.600366   -0.600366 (VIOLATED)
_00_/X                                  1.000000    1.600357   -0.600357 (VIOLATED)
i_soc.i_ai_sram.u_sram.gen_bank[4].gen_512.u_macro/din0[25]    1.000000    1.600284   -0.600284 (VIOLATED)
ANTENNA_i_soc.i_instr_sram.u_sram.gen_bank[2].gen_512.u_macro_din0[18]/DIODE    1.000000    1.598002   -0.598002 (VIOLATED)
i_soc.i_ai_sram.u_sram.gen_bank[0].gen_512.u_macro/din0[16]    1.000000    1.595104   -0.595104 (VIOLATED)
ANTENNA__02__X/DIODE                    1.000000    1.593908   -0.593908 (VIOLATED)
_02_/X                                  1.000000    1.593813   -0.593813 (VIOLATED)
ANTENNA_i_soc.i_ai_sram.u_sram._627__X/DIODE    1.000000    1.593415   -0.593415 (VIOLATED)
i_soc.i_ai_sram.u_sram._627_/X          1.000000    1.593395   -0.593395 (VIOLATED)
ANTENNA_i_soc.i_data_sram.u_sram.gen_bank[3].gen_512.u_macro_din0[31]/DIODE    1.000000    1.591346   -0.591346 (VIOLATED)
ANTENNA_i_soc.i_data_sram.u_sram.gen_bank[3].gen_512.u_macro_din0[29]/DIODE    1.000000    1.591251   -0.591251 (VIOLATED)
ANTENNA_i_soc.i_instr_sram.u_sram.gen_bank[0].gen_512.u_macro_din0[13]/DIODE    1.000000    1.590969   -0.590969 (VIOLATED)
ANTENNA_i_soc.i_data_sram.u_sram.gen_bank[2].gen_512.u_macro_din0[29]/DIODE    1.000000    1.590536   -0.590536 (VIOLATED)
ANTENNA_i_soc.i_instr_sram.u_sram.gen_bank[3].gen_512.u_macro_din0[27]/DIODE    1.000000    1.587177   -0.587177 (VIOLATED)
i_soc.i_qspi._12626_/A0                 1.000000    1.585926   -0.585926 (VIOLATED)
ANTENNA_i_soc.i_qspi._12626__A0/DIODE    1.000000    1.585921   -0.585921 (VIOLATED)
ANTENNA_i_soc.i_qspi._12692__A0/DIODE    1.000000    1.585918   -0.585918 (VIOLATED)
i_soc.i_qspi._12692_/A0                 1.000000    1.585918   -0.585918 (VIOLATED)
ANTENNA_i_soc.i_qspi._12560__A1/DIODE    1.000000    1.585913   -0.585913 (VIOLATED)
i_soc.i_qspi._12560_/A1                 1.000000    1.585914   -0.585914 (VIOLATED)
i_soc.i_qspi._12593_/A0                 1.000000    1.585910   -0.585910 (VIOLATED)
ANTENNA_i_soc.i_qspi._12593__A0/DIODE    1.000000    1.585902   -0.585902 (VIOLATED)
ANTENNA_i_soc.i_qspi._12527__A0/DIODE    1.000000    1.585889   -0.585889 (VIOLATED)
i_soc.i_qspi._12527_/A0                 1.000000    1.585876   -0.585876 (VIOLATED)
i_soc.i_qspi._12362_/A0                 1.000000    1.585875   -0.585875 (VIOLATED)
ANTENNA_i_soc.i_qspi._12362__A0/DIODE    1.000000    1.585873   -0.585873 (VIOLATED)
ANTENNA_i_soc.i_qspi._12461__A0/DIODE    1.000000    1.585872   -0.585872 (VIOLATED)
i_soc.i_qspi._12428_/A0                 1.000000    1.585871   -0.585871 (VIOLATED)
i_soc.i_qspi._12461_/A0                 1.000000    1.585872   -0.585872 (VIOLATED)
ANTENNA_i_soc.i_qspi._12428__A0/DIODE    1.000000    1.585870   -0.585870 (VIOLATED)
i_soc.i_qspi._12659_/A0                 1.000000    1.585860   -0.585860 (VIOLATED)
i_soc.i_qspi._12494_/A1                 1.000000    1.585860   -0.585860 (VIOLATED)
ANTENNA_i_soc.i_qspi._12659__A0/DIODE    1.000000    1.585858   -0.585858 (VIOLATED)
i_soc.i_qspi._12725_/A0                 1.000000    1.585854   -0.585854 (VIOLATED)
ANTENNA_i_soc.i_qspi._12494__A1/DIODE    1.000000    1.585850   -0.585850 (VIOLATED)
ANTENNA_i_soc.i_qspi._12725__A0/DIODE    1.000000    1.585849   -0.585849 (VIOLATED)
ANTENNA_i_soc.i_qspi._12857__A1/DIODE    1.000000    1.585839   -0.585839 (VIOLATED)
i_soc.i_qspi._12857_/A1                 1.000000    1.585829   -0.585829 (VIOLATED)
ANTENNA_i_soc.i_qspi._12890__A0/DIODE    1.000000    1.585790   -0.585790 (VIOLATED)
ANTENNA_i_soc.i_qspi._12329__A0/DIODE    1.000000    1.585756   -0.585756 (VIOLATED)
i_soc.i_qspi._12329_/A0                 1.000000    1.585756   -0.585756 (VIOLATED)
i_soc.i_qspi._12890_/A0                 1.000000    1.585752   -0.585752 (VIOLATED)
ANTENNA_i_soc.i_qspi._12824__A0/DIODE    1.000000    1.585750   -0.585750 (VIOLATED)
i_soc.i_qspi._12824_/A0                 1.000000    1.585750   -0.585750 (VIOLATED)
i_soc.i_qspi._12791_/A1                 1.000000    1.585704   -0.585704 (VIOLATED)
ANTENNA_i_soc.i_qspi._12791__A1/DIODE    1.000000    1.585700   -0.585700 (VIOLATED)
i_soc.i_instr_sram.u_sram.gen_bank[1].gen_512.u_macro/din0[10]    1.000000    1.585574   -0.585574 (VIOLATED)
ANTENNA_i_soc.i_qspi._12195__A1/DIODE    1.000000    1.585268   -0.585268 (VIOLATED)
i_soc.i_qspi._12195_/A1                 1.000000    1.585244   -0.585244 (VIOLATED)
i_soc.i_qspi._12228_/A0                 1.000000    1.585202   -0.585202 (VIOLATED)
ANTENNA_i_soc.i_qspi._12228__A0/DIODE    1.000000    1.585178   -0.585178 (VIOLATED)
i_soc.i_qspi._12162_/A0                 1.000000    1.585114   -0.585114 (VIOLATED)
ANTENNA_i_soc.i_qspi._12162__A0/DIODE    1.000000    1.585113   -0.585113 (VIOLATED)
i_soc.i_qspi._12129_/A0                 1.000000    1.585080   -0.585080 (VIOLATED)
i_soc.i_qspi._12096_/A0                 1.000000    1.585079   -0.585079 (VIOLATED)
i_soc.i_qspi._12063_/A0                 1.000000    1.585072   -0.585072 (VIOLATED)
ANTENNA_i_soc.i_qspi._12063__A0/DIODE    1.000000    1.585072   -0.585072 (VIOLATED)
ANTENNA_i_soc.i_qspi._12129__A0/DIODE    1.000000    1.585067   -0.585067 (VIOLATED)
ANTENNA_i_soc.i_qspi._12096__A0/DIODE    1.000000    1.585062   -0.585062 (VIOLATED)
ANTENNA_fanout1150_X/DIODE              1.000000    1.585033   -0.585033 (VIOLATED)
ANTENNA_i_soc.i_qspi._11996__A0/DIODE    1.000000    1.585023   -0.585023 (VIOLATED)
ANTENNA_i_soc.i_qspi._11765__A0/DIODE    1.000000    1.585014   -0.585014 (VIOLATED)
ANTENNA_i_soc.i_qspi._11831__A0/DIODE    1.000000    1.585014   -0.585014 (VIOLATED)
ANTENNA_i_soc.i_qspi._11864__A1/DIODE    1.000000    1.585015   -0.585015 (VIOLATED)
i_soc.i_qspi._11765_/A0                 1.000000    1.585014   -0.585014 (VIOLATED)
i_soc.i_qspi._11831_/A0                 1.000000    1.585014   -0.585014 (VIOLATED)
i_soc.i_qspi._11864_/A1                 1.000000    1.585015   -0.585015 (VIOLATED)
ANTENNA_i_soc.i_qspi._11798__A1/DIODE    1.000000    1.585013   -0.585013 (VIOLATED)
i_soc.i_qspi._11798_/A1                 1.000000    1.585014   -0.585014 (VIOLATED)
ANTENNA_i_soc.i_qspi._12294__A0/DIODE    1.000000    1.585013   -0.585013 (VIOLATED)
i_soc.i_qspi._12261_/A1                 1.000000    1.585013   -0.585013 (VIOLATED)
i_soc.i_qspi._12294_/A0                 1.000000    1.585013   -0.585013 (VIOLATED)
ANTENNA_i_soc.i_qspi._12261__A1/DIODE    1.000000    1.585010   -0.585010 (VIOLATED)
ANTENNA_i_soc.i_qspi._11930__A0/DIODE    1.000000    1.585008   -0.585008 (VIOLATED)
i_soc.i_qspi._11897_/A1                 1.000000    1.585007   -0.585007 (VIOLATED)
ANTENNA_i_soc.i_qspi._11897__A1/DIODE    1.000000    1.585005   -0.585005 (VIOLATED)
ANTENNA_i_soc.i_qspi._11963__A1/DIODE    1.000000    1.585003   -0.585003 (VIOLATED)
i_soc.i_qspi._11930_/A0                 1.000000    1.585004   -0.585004 (VIOLATED)
i_soc.i_qspi._11963_/A1                 1.000000    1.585003   -0.585003 (VIOLATED)
fanout1150/X                            1.000000    1.585002   -0.585002 (VIOLATED)
i_soc.i_qspi._11996_/A0                 1.000000    1.585002   -0.585002 (VIOLATED)
ANTENNA_12/DIODE                        1.000000    1.584249   -0.584249 (VIOLATED)
ANTENNA_10/DIODE                        1.000000    1.584220   -0.584220 (VIOLATED)
ANTENNA_i_soc.i_ai_sram.u_sram._506__X/DIODE    1.000000    1.584193   -0.584193 (VIOLATED)
ANTENNA_11/DIODE                        1.000000    1.584180   -0.584180 (VIOLATED)
ANTENNA_13/DIODE                        1.000000    1.584180   -0.584180 (VIOLATED)
ANTENNA_14/DIODE                        1.000000    1.584180   -0.584180 (VIOLATED)
ANTENNA_9/DIODE                         1.000000    1.584180   -0.584180 (VIOLATED)
i_soc.i_ai_sram.u_sram._506_/X          1.000000    1.584105   -0.584105 (VIOLATED)
ANTENNA_i_soc.i_ai_sram.u_sram._617__B/DIODE    1.000000    1.583096   -0.583096 (VIOLATED)
i_soc.i_ai_sram.u_sram._617_/B          1.000000    1.583095   -0.583095 (VIOLATED)
i_soc.i_ai_arb._457_/A                  1.000000    1.582909   -0.582909 (VIOLATED)
ANTENNA_i_soc.i_ai_arb._457__A/DIODE    1.000000    1.582891   -0.582891 (VIOLATED)
i_soc.i_ai_sram.u_sram.gen_bank[1].gen_512.u_macro/din0[24]    1.000000    1.578854   -0.578854 (VIOLATED)
ANTENNA_i_soc.i_instr_sram.u_sram.gen_bank[2].gen_512.u_macro_din0[11]/DIODE    1.000000    1.577428   -0.577428 (VIOLATED)
i_soc.i_ai_sram.u_sram.gen_bank[0].gen_512.u_macro/din0[11]    1.000000    1.575406   -0.575406 (VIOLATED)
i_soc.i_ai_sram.u_sram.gen_bank[0].gen_512.u_macro/din0[10]    1.000000    1.573439   -0.573439 (VIOLATED)
ANTENNA_i_soc.i_instr_sram.u_sram.gen_bank[2].gen_512.u_macro_din0[5]/DIODE    1.000000    1.571878   -0.571878 (VIOLATED)
i_soc.i_ai_sram.u_sram._606_/B          1.000000    1.571673   -0.571673 (VIOLATED)
ANTENNA_i_soc.i_ai_sram.u_sram._606__B/DIODE    1.000000    1.571672   -0.571672 (VIOLATED)
ANTENNA_i_soc.i_qspi._11662__A0/DIODE    1.000000    1.571226   -0.571226 (VIOLATED)
i_soc.i_qspi._11662_/A0                 1.000000    1.571225   -0.571225 (VIOLATED)
ANTENNA_i_soc.i_qspi._10993__A1/DIODE    1.000000    1.571223   -0.571223 (VIOLATED)
i_soc.i_qspi._10958_/A0                 1.000000    1.571223   -0.571223 (VIOLATED)
i_soc.i_qspi._10993_/A1                 1.000000    1.571223   -0.571224 (VIOLATED)
ANTENNA_i_soc.i_qspi._10958__A0/DIODE    1.000000    1.571222   -0.571222 (VIOLATED)
i_soc.i_qspi._12987_/A0                 1.000000    1.571209   -0.571209 (VIOLATED)
ANTENNA_i_soc.i_qspi._11061__A0/DIODE    1.000000    1.571208   -0.571208 (VIOLATED)
i_soc.i_qspi._11061_/A0                 1.000000    1.571208   -0.571208 (VIOLATED)
i_soc.i_qspi._11095_/A1                 1.000000    1.571207   -0.571207 (VIOLATED)
ANTENNA_i_soc.i_qspi._11027__A1/DIODE    1.000000    1.571198   -0.571198 (VIOLATED)
ANTENNA_i_soc.i_qspi._12987__A0/DIODE    1.000000    1.571193   -0.571193 (VIOLATED)
i_soc.i_qspi._11027_/A1                 1.000000    1.571190   -0.571190 (VIOLATED)
i_soc.i_qspi._13020_/A1                 1.000000    1.571182   -0.571182 (VIOLATED)
ANTENNA_i_soc.i_qspi._13020__A1/DIODE    1.000000    1.571180   -0.571180 (VIOLATED)
i_soc.i_qspi._11298_/A0                 1.000000    1.571138   -0.571138 (VIOLATED)
ANTENNA_i_soc.i_qspi._11298__A0/DIODE    1.000000    1.571123   -0.571123 (VIOLATED)
i_soc.i_qspi._12921_/A1                 1.000000    1.571097   -0.571097 (VIOLATED)
ANTENNA_i_soc.i_qspi._12921__A1/DIODE    1.000000    1.571060   -0.571060 (VIOLATED)
ANTENNA_i_soc.i_qspi._11095__A1/DIODE    1.000000    1.571032   -0.571032 (VIOLATED)
ANTENNA_i_soc.i_qspi._11129__A0/DIODE    1.000000    1.571032   -0.571032 (VIOLATED)
i_soc.i_qspi._11129_/A0                 1.000000    1.571030   -0.571030 (VIOLATED)
i_soc.i_qspi._12756_/A0                 1.000000    1.571022   -0.571022 (VIOLATED)
ANTENNA_i_soc.i_qspi._12756__A0/DIODE    1.000000    1.571021   -0.571021 (VIOLATED)
i_soc.i_qspi._12027_/A0                 1.000000    1.570997   -0.570997 (VIOLATED)
ANTENNA_i_soc.i_qspi._12027__A0/DIODE    1.000000    1.570996   -0.570996 (VIOLATED)
i_soc.i_qspi._10917_/A0                 1.000000    1.570993   -0.570993 (VIOLATED)
ANTENNA_i_soc.i_qspi._10917__A0/DIODE    1.000000    1.570991   -0.570991 (VIOLATED)
i_soc.i_qspi._12954_/A0                 1.000000    1.570988   -0.570988 (VIOLATED)
ANTENNA_i_soc.i_qspi._12954__A0/DIODE    1.000000    1.570977   -0.570977 (VIOLATED)
i_soc.i_qspi._12393_/A1                 1.000000    1.570894   -0.570894 (VIOLATED)
ANTENNA_i_soc.i_qspi._12393__A1/DIODE    1.000000    1.570837   -0.570837 (VIOLATED)
i_soc.i_qspi._11994_/A0                 1.000000    1.570495   -0.570495 (VIOLATED)
ANTENNA_i_soc.i_qspi._11994__A0/DIODE    1.000000    1.570493   -0.570493 (VIOLATED)
ANTENNA_i_soc.i_qspi._11961__A1/DIODE    1.000000    1.570491   -0.570491 (VIOLATED)
i_soc.i_qspi._11961_/A1                 1.000000    1.570491   -0.570491 (VIOLATED)
i_soc.i_qspi._11928_/A0                 1.000000    1.570433   -0.570432 (VIOLATED)
i_soc.i_qspi._12292_/A0                 1.000000    1.570406   -0.570406 (VIOLATED)
ANTENNA_i_soc.i_qspi._12292__A0/DIODE    1.000000    1.570405   -0.570405 (VIOLATED)
i_soc.i_qspi._11895_/A1                 1.000000    1.570405   -0.570405 (VIOLATED)
ANTENNA_i_soc.i_qspi._11895__A1/DIODE    1.000000    1.570404   -0.570404 (VIOLATED)
ANTENNA_i_soc.i_qspi._11928__A0/DIODE    1.000000    1.570381   -0.570381 (VIOLATED)
ANTENNA_i_soc.i_qspi._12259__A1/DIODE    1.000000    1.570285   -0.570285 (VIOLATED)
i_soc.i_qspi._12259_/A1                 1.000000    1.570243   -0.570243 (VIOLATED)
i_soc.i_qspi._12193_/A1                 1.000000    1.570159   -0.570159 (VIOLATED)
ANTENNA_i_soc.i_qspi._12193__A1/DIODE    1.000000    1.570158   -0.570158 (VIOLATED)
ANTENNA_i_soc.i_qspi._12160__A0/DIODE    1.000000    1.570133   -0.570133 (VIOLATED)
i_soc.i_qspi._12160_/A0                 1.000000    1.570133   -0.570133 (VIOLATED)
i_soc.i_qspi._12226_/A0                 1.000000    1.570132   -0.570132 (VIOLATED)
ANTENNA_i_soc.i_qspi._12226__A0/DIODE    1.000000    1.570129   -0.570129 (VIOLATED)
i_soc.i_qspi._11763_/A0                 1.000000    1.570056   -0.570056 (VIOLATED)
i_soc.i_qspi._11796_/A1                 1.000000    1.570040   -0.570040 (VIOLATED)
ANTENNA_i_soc.i_qspi._11763__A0/DIODE    1.000000    1.570019   -0.570019 (VIOLATED)
ANTENNA_i_soc.i_qspi._11796__A1/DIODE    1.000000    1.569988   -0.569988 (VIOLATED)
i_soc.i_qspi._11829_/A0                 1.000000    1.569977   -0.569977 (VIOLATED)
ANTENNA_i_soc.i_qspi._11829__A0/DIODE    1.000000    1.569943   -0.569943 (VIOLATED)
ANTENNA_i_soc.i_qspi._11862__A1/DIODE    1.000000    1.569881   -0.569881 (VIOLATED)
i_soc.i_qspi._11862_/A1                 1.000000    1.569881   -0.569881 (VIOLATED)
ANTENNA_i_soc.i_qspi._12094__A0/DIODE    1.000000    1.569873   -0.569873 (VIOLATED)
i_soc.i_qspi._12094_/A0                 1.000000    1.569873   -0.569873 (VIOLATED)
i_soc.i_qspi._12061_/A0                 1.000000    1.569853   -0.569853 (VIOLATED)
ANTENNA_i_soc.i_qspi._11155__A0/DIODE    1.000000    1.569839   -0.569840 (VIOLATED)
i_soc.i_qspi._11155_/A0                 1.000000    1.569840   -0.569840 (VIOLATED)
ANTENNA_i_soc.i_qspi._11190__A1/DIODE    1.000000    1.569837   -0.569837 (VIOLATED)
i_soc.i_qspi._11190_/A1                 1.000000    1.569836   -0.569836 (VIOLATED)
ANTENNA_i_soc.i_qspi._11256__A1/DIODE    1.000000    1.569833   -0.569833 (VIOLATED)
i_soc.i_qspi._11223_/A0                 1.000000    1.569830   -0.569830 (VIOLATED)
i_soc.i_qspi._11256_/A1                 1.000000    1.569829   -0.569829 (VIOLATED)
ANTENNA_i_soc.i_qspi._12061__A0/DIODE    1.000000    1.569828   -0.569828 (VIOLATED)
ANTENNA_i_soc.i_qspi._11223__A0/DIODE    1.000000    1.569826   -0.569826 (VIOLATED)
i_soc.i_qspi._11355_/A0                 1.000000    1.569817   -0.569817 (VIOLATED)
ANTENNA_i_soc.i_qspi._11355__A0/DIODE    1.000000    1.569815   -0.569815 (VIOLATED)
ANTENNA_i_soc.i_qspi._11322__A1/DIODE    1.000000    1.569807   -0.569807 (VIOLATED)
i_soc.i_qspi._11322_/A1                 1.000000    1.569808   -0.569808 (VIOLATED)
ANTENNA_i_soc.i_qspi._12127__A0/DIODE    1.000000    1.569791   -0.569791 (VIOLATED)
i_soc.i_qspi._12127_/A0                 1.000000    1.569791   -0.569791 (VIOLATED)
i_soc.i_qspi._11388_/A1                 1.000000    1.569789   -0.569789 (VIOLATED)
ANTENNA_fanout1154_X/DIODE              1.000000    1.569782   -0.569782 (VIOLATED)
i_soc.i_qspi._11421_/A0                 1.000000    1.569782   -0.569782 (VIOLATED)
fanout1154/X                            1.000000    1.569780   -0.569780 (VIOLATED)
ANTENNA_i_soc.i_qspi._11388__A1/DIODE    1.000000    1.569776   -0.569776 (VIOLATED)
ANTENNA_i_soc.i_qspi._11421__A0/DIODE    1.000000    1.569764   -0.569764 (VIOLATED)
i_soc.i_qspi._11488_/A0                 1.000000    1.569733   -0.569733 (VIOLATED)
ANTENNA_i_soc.i_qspi._11488__A0/DIODE    1.000000    1.569708   -0.569708 (VIOLATED)
i_soc.i_qspi._11521_/A0                 1.000000    1.569680   -0.569680 (VIOLATED)
i_soc.i_qspi._11554_/A0                 1.000000    1.569679   -0.569679 (VIOLATED)
ANTENNA_i_soc.i_qspi._11521__A0/DIODE    1.000000    1.569678   -0.569678 (VIOLATED)
ANTENNA_i_soc.i_qspi._11554__A0/DIODE    1.000000    1.569674   -0.569674 (VIOLATED)
i_soc.i_qspi._11455_/A0                 1.000000    1.569657   -0.569657 (VIOLATED)
ANTENNA_i_soc.i_qspi._11455__A0/DIODE    1.000000    1.569649   -0.569649 (VIOLATED)
ANTENNA_i_soc.i_qspi._11587__A1/DIODE    1.000000    1.569610   -0.569610 (VIOLATED)
i_soc.i_qspi._11587_/A1                 1.000000    1.569611   -0.569611 (VIOLATED)
ANTENNA_i_soc.i_qspi._11620__A0/DIODE    1.000000    1.569589   -0.569588 (VIOLATED)
i_soc.i_qspi._11620_/A0                 1.000000    1.569569   -0.569569 (VIOLATED)
i_soc.i_qspi._11686_/A1                 1.000000    1.569536   -0.569536 (VIOLATED)
ANTENNA_i_soc.i_qspi._11686__A1/DIODE    1.000000    1.569533   -0.569533 (VIOLATED)
i_soc.i_qspi._11719_/A0                 1.000000    1.569529   -0.569529 (VIOLATED)
ANTENNA_i_soc.i_qspi._11719__A0/DIODE    1.000000    1.569525   -0.569525 (VIOLATED)
i_soc.i_qspi._11120_/A0                 1.000000    1.569236   -0.569236 (VIOLATED)
ANTENNA_i_soc.i_qspi._11120__A0/DIODE    1.000000    1.569213   -0.569213 (VIOLATED)
ANTENNA_i_soc.i_qspi._11086__A1/DIODE    1.000000    1.569189   -0.569189 (VIOLATED)
i_soc.i_qspi._11086_/A1                 1.000000    1.569183   -0.569183 (VIOLATED)
ANTENNA_i_soc.i_qspi._11018__A1/DIODE    1.000000    1.569159   -0.569159 (VIOLATED)
i_soc.i_qspi._11018_/A1                 1.000000    1.569158   -0.569158 (VIOLATED)
ANTENNA_i_soc.i_qspi._10899__A0/DIODE    1.000000    1.569157   -0.569157 (VIOLATED)
ANTENNA_i_soc.i_qspi._11289__A0/DIODE    1.000000    1.569157   -0.569157 (VIOLATED)
i_soc.i_qspi._10899_/A0                 1.000000    1.569157   -0.569157 (VIOLATED)
i_soc.i_qspi._11289_/A0                 1.000000    1.569157   -0.569157 (VIOLATED)
ANTENNA_i_soc.i_qspi._11052__A0/DIODE    1.000000    1.569155   -0.569155 (VIOLATED)
i_soc.i_qspi._11052_/A0                 1.000000    1.569154   -0.569154 (VIOLATED)
ANTENNA_i_soc.i_qspi._10984__A1/DIODE    1.000000    1.569099   -0.569099 (VIOLATED)
i_soc.i_qspi._10984_/A1                 1.000000    1.569075   -0.569075 (VIOLATED)
ANTENNA_i_soc.i_qspi._13011__A1/DIODE    1.000000    1.569057   -0.569057 (VIOLATED)
i_soc.i_qspi._12978_/A0                 1.000000    1.569057   -0.569057 (VIOLATED)
i_soc.i_qspi._13011_/A1                 1.000000    1.569057   -0.569057 (VIOLATED)
ANTENNA_i_soc.i_qspi._12978__A0/DIODE    1.000000    1.569056   -0.569056 (VIOLATED)
i_soc.i_qspi._10949_/A0                 1.000000    1.569053   -0.569053 (VIOLATED)
ANTENNA_i_soc.i_qspi._10949__A0/DIODE    1.000000    1.569052   -0.569052 (VIOLATED)
ANTENNA_i_soc.i_qspi._12384__A1/DIODE    1.000000    1.569035   -0.569035 (VIOLATED)
ANTENNA_i_soc.i_qspi._12912__A1/DIODE    1.000000    1.569035   -0.569035 (VIOLATED)
i_soc.i_qspi._12384_/A1                 1.000000    1.569035   -0.569035 (VIOLATED)
i_soc.i_qspi._12912_/A1                 1.000000    1.569035   -0.569035 (VIOLATED)
ANTENNA_i_soc.i_qspi._12945__A0/DIODE    1.000000    1.569034   -0.569034 (VIOLATED)
i_soc.i_qspi._12747_/A0                 1.000000    1.569032   -0.569032 (VIOLATED)
i_soc.i_qspi._12945_/A0                 1.000000    1.569033   -0.569033 (VIOLATED)
ANTENNA_i_soc.i_qspi._12747__A0/DIODE    1.000000    1.569028   -0.569028 (VIOLATED)
i_soc.i_qspi._11653_/A0                 1.000000    1.568986   -0.568986 (VIOLATED)
ANTENNA_i_soc.i_qspi._11653__A0/DIODE    1.000000    1.568978   -0.568978 (VIOLATED)
ANTENNA_fanout1181_X/DIODE              1.000000    1.568976   -0.568976 (VIOLATED)
ANTENNA_i_soc.i_qspi._12018__A0/DIODE    1.000000    1.568976   -0.568976 (VIOLATED)
fanout1181/X                            1.000000    1.568976   -0.568976 (VIOLATED)
i_soc.i_qspi._12018_/A0                 1.000000    1.568976   -0.568976 (VIOLATED)
i_soc.i_ai_sram.u_sram.gen_bank[4].gen_512.u_macro/din0[20]    1.000000    1.568517   -0.568517 (VIOLATED)
ANTENNA_i_soc.i_data_sram.u_sram.gen_bank[1].gen_512.u_macro_din0[31]/DIODE    1.000000    1.567981   -0.567981 (VIOLATED)
ANTENNA_i_soc.i_data_sram.u_sram.gen_bank[2].gen_512.u_macro_din0[31]/DIODE    1.000000    1.566577   -0.566577 (VIOLATED)
i_soc.i_ai_arb._411_/A                  1.000000    1.564777   -0.564777 (VIOLATED)
ANTENNA_i_soc.i_ai_arb._411__A/DIODE    1.000000    1.564749   -0.564749 (VIOLATED)
i_soc.i_ai_arb._412_/A                  1.000000    1.563236   -0.563236 (VIOLATED)
ANTENNA_i_soc.i_ai_arb._412__A/DIODE    1.000000    1.563235   -0.563235 (VIOLATED)
i_soc.i_qspi._12849_/A1                 1.000000    1.563064   -0.563064 (VIOLATED)
ANTENNA_i_soc.i_qspi._12849__A1/DIODE    1.000000    1.563061   -0.563061 (VIOLATED)
i_soc.i_qspi._12717_/A0                 1.000000    1.563057   -0.563057 (VIOLATED)
ANTENNA_i_soc.i_qspi._12882__A0/DIODE    1.000000    1.563057   -0.563057 (VIOLATED)
ANTENNA_i_soc.i_qspi._12717__A0/DIODE    1.000000    1.563056   -0.563056 (VIOLATED)
i_soc.i_qspi._12882_/A0                 1.000000    1.563055   -0.563055 (VIOLATED)
i_soc.i_qspi._12585_/A0                 1.000000    1.563052   -0.563052 (VIOLATED)
ANTENNA_i_soc.i_qspi._12585__A0/DIODE    1.000000    1.563050   -0.563050 (VIOLATED)
i_soc.i_qspi._12552_/A1                 1.000000    1.563049   -0.563049 (VIOLATED)
ANTENNA_i_soc.i_qspi._12552__A1/DIODE    1.000000    1.563048   -0.563048 (VIOLATED)
i_soc.i_qspi._12618_/A0                 1.000000    1.563035   -0.563035 (VIOLATED)
ANTENNA_i_soc.i_qspi._12618__A0/DIODE    1.000000    1.563033   -0.563033 (VIOLATED)
i_soc.i_qspi._12651_/A0                 1.000000    1.563033   -0.563033 (VIOLATED)
ANTENNA_i_soc.i_qspi._12651__A0/DIODE    1.000000    1.563031   -0.563031 (VIOLATED)
ANTENNA_i_soc.i_qspi._12684__A0/DIODE    1.000000    1.563032   -0.563032 (VIOLATED)
i_soc.i_qspi._12519_/A0                 1.000000    1.563032   -0.563032 (VIOLATED)
i_soc.i_qspi._12684_/A0                 1.000000    1.563032   -0.563032 (VIOLATED)
ANTENNA_i_soc.i_qspi._12486__A1/DIODE    1.000000    1.563026   -0.563026 (VIOLATED)
i_soc.i_qspi._12486_/A1                 1.000000    1.563026   -0.563026 (VIOLATED)
i_soc.i_qspi._12783_/A1                 1.000000    1.563020   -0.563020 (VIOLATED)
ANTENNA_i_soc.i_qspi._12519__A0/DIODE    1.000000    1.563012   -0.563012 (VIOLATED)
i_soc.i_qspi._12816_/A0                 1.000000    1.563009   -0.563009 (VIOLATED)
ANTENNA_i_soc.i_qspi._12783__A1/DIODE    1.000000    1.563000   -0.563000 (VIOLATED)
ANTENNA_i_soc.i_qspi._12816__A0/DIODE    1.000000    1.562999   -0.562999 (VIOLATED)
ANTENNA_i_soc.i_qspi._12420__A0/DIODE    1.000000    1.562962   -0.562962 (VIOLATED)
i_soc.i_qspi._12420_/A0                 1.000000    1.562961   -0.562961 (VIOLATED)
ANTENNA_i_soc.i_qspi._12453__A0/DIODE    1.000000    1.562959   -0.562959 (VIOLATED)
i_soc.i_qspi._12453_/A0                 1.000000    1.562958   -0.562958 (VIOLATED)
ANTENNA_i_soc.i_qspi._12354__A0/DIODE    1.000000    1.562954   -0.562954 (VIOLATED)
i_soc.i_qspi._12354_/A0                 1.000000    1.562942   -0.562942 (VIOLATED)
ANTENNA_i_soc.i_data_sram.u_sram.gen_bank[3].gen_512.u_macro_din0[27]/DIODE    1.000000    1.562903   -0.562903 (VIOLATED)
ANTENNA_i_soc.i_qspi._12321__A0/DIODE    1.000000    1.562896   -0.562896 (VIOLATED)
i_soc.i_qspi._12321_/A0                 1.000000    1.562897   -0.562897 (VIOLATED)
ANTENNA_i_soc.i_qspi._12187__A1/DIODE    1.000000    1.562628   -0.562628 (VIOLATED)
i_soc.i_qspi._12187_/A1                 1.000000    1.562621   -0.562621 (VIOLATED)
i_soc.i_qspi._12220_/A0                 1.000000    1.562588   -0.562588 (VIOLATED)
ANTENNA_i_soc.i_qspi._12220__A0/DIODE    1.000000    1.562579   -0.562579 (VIOLATED)
ANTENNA_i_soc.i_qspi._12253__A1/DIODE    1.000000    1.562550   -0.562550 (VIOLATED)
i_soc.i_qspi._12253_/A1                 1.000000    1.562522   -0.562522 (VIOLATED)
ANTENNA_i_soc.i_qspi._12286__A0/DIODE    1.000000    1.562516   -0.562516 (VIOLATED)
i_soc.i_qspi._12286_/A0                 1.000000    1.562506   -0.562506 (VIOLATED)
ANTENNA_i_soc.i_qspi._12121__A0/DIODE    1.000000    1.562487   -0.562487 (VIOLATED)
i_soc.i_qspi._12121_/A0                 1.000000    1.562487   -0.562487 (VIOLATED)
i_soc.i_qspi._12154_/A0                 1.000000    1.562487   -0.562487 (VIOLATED)
ANTENNA_i_soc.i_qspi._12154__A0/DIODE    1.000000    1.562486   -0.562486 (VIOLATED)
i_soc.i_qspi._12055_/A0                 1.000000    1.562469   -0.562469 (VIOLATED)
i_soc.i_qspi._12088_/A0                 1.000000    1.562469   -0.562469 (VIOLATED)
ANTENNA_i_soc.i_qspi._12088__A0/DIODE    1.000000    1.562467   -0.562467 (VIOLATED)
ANTENNA_i_soc.i_qspi._12055__A0/DIODE    1.000000    1.562463   -0.562463 (VIOLATED)
ANTENNA_i_soc.i_qspi._11988__A0/DIODE    1.000000    1.562450   -0.562450 (VIOLATED)
i_soc.i_qspi._11988_/A0                 1.000000    1.562449   -0.562449 (VIOLATED)
ANTENNA_i_soc.i_qspi._11889__A1/DIODE    1.000000    1.562447   -0.562447 (VIOLATED)
i_soc.i_qspi._11889_/A1                 1.000000    1.562448   -0.562448 (VIOLATED)
i_soc.i_qspi._11922_/A0                 1.000000    1.562446   -0.562446 (VIOLATED)
ANTENNA_i_soc.i_qspi._11922__A0/DIODE    1.000000    1.562445   -0.562445 (VIOLATED)
i_soc.i_qspi._11955_/A1                 1.000000    1.562435   -0.562435 (VIOLATED)
ANTENNA_i_soc.i_qspi._11955__A1/DIODE    1.000000    1.562432   -0.562432 (VIOLATED)
ANTENNA_i_soc.i_qspi._11856__A1/DIODE    1.000000    1.562424   -0.562424 (VIOLATED)
i_soc.i_qspi._11823_/A0                 1.000000    1.562422   -0.562422 (VIOLATED)
ANTENNA_i_soc.i_qspi._11757__A0/DIODE    1.000000    1.562420   -0.562420 (VIOLATED)
ANTENNA_i_soc.i_qspi._11790__A1/DIODE    1.000000    1.562420   -0.562420 (VIOLATED)
i_soc.i_qspi._11757_/A0                 1.000000    1.562420   -0.562420 (VIOLATED)
i_soc.i_qspi._11790_/A1                 1.000000    1.562421   -0.562421 (VIOLATED)
ANTENNA_i_soc.i_qspi._11823__A0/DIODE    1.000000    1.562420   -0.562420 (VIOLATED)
ANTENNA_fanout1172_X/DIODE              1.000000    1.562418   -0.562418 (VIOLATED)
fanout1172/X                            1.000000    1.562418   -0.562418 (VIOLATED)
i_soc.i_qspi._11856_/A1                 1.000000    1.562418   -0.562418 (VIOLATED)
ANTENNA_i_soc.i_instr_sram.u_sram.gen_bank[0].gen_512.u_macro_din0[23]/DIODE    1.000000    1.561821   -0.561821 (VIOLATED)
ANTENNA_i_soc.i_data_sram.u_sram.gen_bank[1].gen_512.u_macro_din0[27]/DIODE    1.000000    1.560926   -0.560926 (VIOLATED)
i_soc.i_qspi._12652_/A0                 1.000000    1.560897   -0.560897 (VIOLATED)
ANTENNA_i_soc.i_qspi._12652__A0/DIODE    1.000000    1.560895   -0.560895 (VIOLATED)
i_soc.i_qspi._12355_/A0                 1.000000    1.560892   -0.560892 (VIOLATED)
i_soc.i_qspi._12322_/A0                 1.000000    1.560891   -0.560891 (VIOLATED)
i_soc.i_qspi._12619_/A0                 1.000000    1.560889   -0.560889 (VIOLATED)
ANTENNA_i_soc.i_qspi._12619__A0/DIODE    1.000000    1.560888   -0.560888 (VIOLATED)
ANTENNA_i_soc.i_qspi._12322__A0/DIODE    1.000000    1.560887   -0.560887 (VIOLATED)
ANTENNA_i_soc.i_qspi._12355__A0/DIODE    1.000000    1.560887   -0.560887 (VIOLATED)
ANTENNA_i_soc.i_qspi._12718__A0/DIODE    1.000000    1.560873   -0.560873 (VIOLATED)
i_soc.i_qspi._12718_/A0                 1.000000    1.560874   -0.560873 (VIOLATED)
i_soc.i_qspi._12685_/A0                 1.000000    1.560872   -0.560872 (VIOLATED)
ANTENNA_i_soc.i_qspi._12685__A0/DIODE    1.000000    1.560871   -0.560870 (VIOLATED)
ANTENNA_i_soc.i_qspi._12454__A0/DIODE    1.000000    1.560867   -0.560867 (VIOLATED)
i_soc.i_qspi._12784_/A1                 1.000000    1.560866   -0.560866 (VIOLATED)
i_soc.i_qspi._12454_/A0                 1.000000    1.560863   -0.560863 (VIOLATED)
i_soc.i_qspi._12421_/A0                 1.000000    1.560854   -0.560854 (VIOLATED)
ANTENNA_i_soc.i_qspi._12784__A1/DIODE    1.000000    1.560851   -0.560851 (VIOLATED)
i_soc.i_qspi._12817_/A0                 1.000000    1.560843   -0.560843 (VIOLATED)
ANTENNA_i_soc.i_qspi._12850__A1/DIODE    1.000000    1.560837   -0.560836 (VIOLATED)
i_soc.i_qspi._12850_/A1                 1.000000    1.560837   -0.560837 (VIOLATED)
ANTENNA_i_soc.i_qspi._12421__A0/DIODE    1.000000    1.560835   -0.560835 (VIOLATED)
ANTENNA_i_soc.i_qspi._12883__A0/DIODE    1.000000    1.560833   -0.560833 (VIOLATED)
i_soc.i_qspi._12883_/A0                 1.000000    1.560833   -0.560833 (VIOLATED)
ANTENNA_i_soc.i_qspi._12817__A0/DIODE    1.000000    1.560826   -0.560826 (VIOLATED)
ANTENNA_i_soc.i_qspi._12520__A0/DIODE    1.000000    1.560820   -0.560820 (VIOLATED)
i_soc.i_qspi._12520_/A0                 1.000000    1.560820   -0.560820 (VIOLATED)
ANTENNA_i_soc.i_qspi._12487__A1/DIODE    1.000000    1.560817   -0.560817 (VIOLATED)
i_soc.i_qspi._12487_/A1                 1.000000    1.560809   -0.560809 (VIOLATED)
i_soc.i_qspi._12553_/A1                 1.000000    1.560725   -0.560725 (VIOLATED)
ANTENNA_i_soc.i_qspi._12553__A1/DIODE    1.000000    1.560712   -0.560712 (VIOLATED)
i_soc.i_qspi._12586_/A0                 1.000000    1.560658   -0.560658 (VIOLATED)
ANTENNA_i_soc.i_qspi._12586__A0/DIODE    1.000000    1.560611   -0.560611 (VIOLATED)
ANTENNA_i_soc.i_qspi._12056__A0/DIODE    1.000000    1.560260   -0.560260 (VIOLATED)
i_soc.i_qspi._12056_/A0                 1.000000    1.560218   -0.560218 (VIOLATED)
i_soc.i_qspi._12089_/A0                 1.000000    1.560164   -0.560164 (VIOLATED)
ANTENNA_i_soc.i_qspi._12089__A0/DIODE    1.000000    1.560123   -0.560123 (VIOLATED)
i_soc.i_qspi._12122_/A0                 1.000000    1.560068   -0.560068 (VIOLATED)
ANTENNA_i_soc.i_qspi._12122__A0/DIODE    1.000000    1.560067   -0.560067 (VIOLATED)
i_soc.i_qspi._12188_/A1                 1.000000    1.560033   -0.560033 (VIOLATED)
ANTENNA_i_soc.i_qspi._12188__A1/DIODE    1.000000    1.560031   -0.560031 (VIOLATED)
ANTENNA_i_soc.i_qspi._12221__A0/DIODE    1.000000    1.559976   -0.559976 (VIOLATED)
i_soc.i_qspi._12221_/A0                 1.000000    1.559976   -0.559976 (VIOLATED)
ANTENNA_i_soc.i_data_sram.u_sram.gen_bank[2].gen_512.u_macro_din0[26]/DIODE    1.000000    1.559927   -0.559927 (VIOLATED)
ANTENNA_i_soc.i_qspi._11824__A0/DIODE    1.000000    1.559920   -0.559920 (VIOLATED)
ANTENNA_i_soc.i_qspi._11857__A1/DIODE    1.000000    1.559900   -0.559900 (VIOLATED)
i_soc.i_qspi._11857_/A1                 1.000000    1.559900   -0.559900 (VIOLATED)
ANTENNA_i_soc.i_qspi._11791__A1/DIODE    1.000000    1.559898   -0.559898 (VIOLATED)
ANTENNA_i_soc.i_qspi._11758__A0/DIODE    1.000000    1.559897   -0.559897 (VIOLATED)
i_soc.i_qspi._11758_/A0                 1.000000    1.559897   -0.559897 (VIOLATED)
i_soc.i_qspi._11791_/A1                 1.000000    1.559897   -0.559897 (VIOLATED)
i_soc.i_qspi._11824_/A0                 1.000000    1.559896   -0.559895 (VIOLATED)
i_soc.i_qspi._11890_/A1                 1.000000    1.559848   -0.559848 (VIOLATED)
ANTENNA_i_soc.i_qspi._11890__A1/DIODE    1.000000    1.559829   -0.559829 (VIOLATED)
ANTENNA_i_soc.i_qspi._11923__A0/DIODE    1.000000    1.559813   -0.559813 (VIOLATED)
i_soc.i_qspi._11923_/A0                 1.000000    1.559814   -0.559814 (VIOLATED)
ANTENNA_i_soc.i_qspi._11956__A1/DIODE    1.000000    1.559813   -0.559813 (VIOLATED)
ANTENNA_i_soc.i_qspi._11989__A0/DIODE    1.000000    1.559813   -0.559814 (VIOLATED)
i_soc.i_qspi._11956_/A1                 1.000000    1.559813   -0.559813 (VIOLATED)
i_soc.i_qspi._11989_/A0                 1.000000    1.559813   -0.559814 (VIOLATED)
ANTENNA_fanout1170_X/DIODE              1.000000    1.559801   -0.559801 (VIOLATED)
ANTENNA_i_soc.i_qspi._12155__A0/DIODE    1.000000    1.559798   -0.559798 (VIOLATED)
ANTENNA_i_soc.i_qspi._12254__A1/DIODE    1.000000    1.559797   -0.559797 (VIOLATED)
i_soc.i_qspi._12155_/A0                 1.000000    1.559798   -0.559798 (VIOLATED)
i_soc.i_qspi._12254_/A1                 1.000000    1.559798   -0.559798 (VIOLATED)
ANTENNA_i_soc.i_qspi._12287__A0/DIODE    1.000000    1.559797   -0.559797 (VIOLATED)
i_soc.i_qspi._12287_/A0                 1.000000    1.559796   -0.559796 (VIOLATED)
fanout1170/X                            1.000000    1.559794   -0.559794 (VIOLATED)
i_soc.i_qspi._12356_/A0                 1.000000    1.559074   -0.559074 (VIOLATED)
ANTENNA_i_soc.i_qspi._12356__A0/DIODE    1.000000    1.559073   -0.559073 (VIOLATED)
i_soc.i_qspi._12323_/A0                 1.000000    1.559069   -0.559069 (VIOLATED)
ANTENNA_i_soc.i_qspi._12323__A0/DIODE    1.000000    1.559063   -0.559063 (VIOLATED)
ANTENNA_i_soc.i_qspi._12587__A0/DIODE    1.000000    1.559055   -0.559055 (VIOLATED)
i_soc.i_qspi._12587_/A0                 1.000000    1.559055   -0.559055 (VIOLATED)
i_soc.i_qspi._12554_/A1                 1.000000    1.559052   -0.559052 (VIOLATED)
ANTENNA_i_soc.i_qspi._12554__A1/DIODE    1.000000    1.559047   -0.559047 (VIOLATED)
ANTENNA_i_soc.i_qspi._12455__A0/DIODE    1.000000    1.559045   -0.559045 (VIOLATED)
ANTENNA_i_soc.i_qspi._12521__A0/DIODE    1.000000    1.559044   -0.559044 (VIOLATED)
i_soc.i_qspi._12521_/A0                 1.000000    1.559042   -0.559042 (VIOLATED)
i_soc.i_qspi._12488_/A1                 1.000000    1.559039   -0.559039 (VIOLATED)
ANTENNA_i_soc.i_qspi._12488__A1/DIODE    1.000000    1.559036   -0.559036 (VIOLATED)
i_soc.i_qspi._12455_/A0                 1.000000    1.559033   -0.559033 (VIOLATED)
ANTENNA_i_soc.i_qspi._12422__A0/DIODE    1.000000    1.559014   -0.559014 (VIOLATED)
i_soc.i_qspi._12422_/A0                 1.000000    1.559012   -0.559012 (VIOLATED)
i_soc.i_qspi._12686_/A0                 1.000000    1.558992   -0.558992 (VIOLATED)
ANTENNA_i_soc.i_qspi._12686__A0/DIODE    1.000000    1.558990   -0.558990 (VIOLATED)
i_soc.i_qspi._12719_/A0                 1.000000    1.558989   -0.558989 (VIOLATED)
ANTENNA_i_soc.i_qspi._12719__A0/DIODE    1.000000    1.558989   -0.558989 (VIOLATED)
i_soc.i_qspi._12620_/A0                 1.000000    1.558982   -0.558982 (VIOLATED)
i_soc.i_qspi._12653_/A0                 1.000000    1.558982   -0.558982 (VIOLATED)
ANTENNA_i_soc.i_qspi._12620__A0/DIODE    1.000000    1.558979   -0.558979 (VIOLATED)
ANTENNA_i_soc.i_qspi._12653__A0/DIODE    1.000000    1.558975   -0.558975 (VIOLATED)
ANTENNA_i_soc.i_qspi._12884__A0/DIODE    1.000000    1.558906   -0.558906 (VIOLATED)
i_soc.i_qspi._12884_/A0                 1.000000    1.558875   -0.558875 (VIOLATED)
ANTENNA_i_soc.i_qspi._12851__A1/DIODE    1.000000    1.558858   -0.558858 (VIOLATED)
i_soc.i_qspi._12851_/A1                 1.000000    1.558859   -0.558859 (VIOLATED)
i_soc.i_qspi._12785_/A1                 1.000000    1.558782   -0.558782 (VIOLATED)
ANTENNA_i_soc.i_qspi._12785__A1/DIODE    1.000000    1.558758   -0.558758 (VIOLATED)
i_soc.i_qspi._12818_/A0                 1.000000    1.558755   -0.558755 (VIOLATED)
ANTENNA_i_soc.i_qspi._12818__A0/DIODE    1.000000    1.558744   -0.558744 (VIOLATED)
i_soc.i_qspi._12222_/A0                 1.000000    1.558553   -0.558553 (VIOLATED)
ANTENNA_i_soc.i_qspi._12222__A0/DIODE    1.000000    1.558551   -0.558551 (VIOLATED)
i_soc.i_qspi._12189_/A1                 1.000000    1.558549   -0.558549 (VIOLATED)
i_soc.i_qspi._12255_/A1                 1.000000    1.558550   -0.558550 (VIOLATED)
ANTENNA_i_soc.i_qspi._12255__A1/DIODE    1.000000    1.558548   -0.558548 (VIOLATED)
ANTENNA_i_soc.i_qspi._12288__A0/DIODE    1.000000    1.558549   -0.558549 (VIOLATED)
i_soc.i_qspi._12288_/A0                 1.000000    1.558548   -0.558548 (VIOLATED)
ANTENNA_i_soc.i_qspi._12189__A1/DIODE    1.000000    1.558548   -0.558548 (VIOLATED)
ANTENNA_i_soc.i_qspi._12123__A0/DIODE    1.000000    1.558542   -0.558542 (VIOLATED)
i_soc.i_qspi._12123_/A0                 1.000000    1.558543   -0.558543 (VIOLATED)
ANTENNA_i_soc.i_qspi._12057__A0/DIODE    1.000000    1.558526   -0.558526 (VIOLATED)
i_soc.i_qspi._12057_/A0                 1.000000    1.558526   -0.558526 (VIOLATED)
i_soc.i_qspi._12156_/A0                 1.000000    1.558499   -0.558499 (VIOLATED)
ANTENNA_i_soc.i_qspi._12156__A0/DIODE    1.000000    1.558497   -0.558497 (VIOLATED)
ANTENNA_i_soc.i_qspi._12090__A0/DIODE    1.000000    1.558460   -0.558460 (VIOLATED)
i_soc.i_qspi._12090_/A0                 1.000000    1.558424   -0.558424 (VIOLATED)
ANTENNA_i_soc.i_qspi._11891__A1/DIODE    1.000000    1.558399   -0.558399 (VIOLATED)
i_soc.i_qspi._11891_/A1                 1.000000    1.558399   -0.558399 (VIOLATED)
i_soc.i_qspi._11924_/A0                 1.000000    1.558394   -0.558394 (VIOLATED)
ANTENNA_i_soc.i_qspi._11924__A0/DIODE    1.000000    1.558393   -0.558393 (VIOLATED)
ANTENNA_i_soc.i_qspi._11957__A1/DIODE    1.000000    1.558370   -0.558370 (VIOLATED)
i_soc.i_qspi._11957_/A1                 1.000000    1.558371   -0.558371 (VIOLATED)
i_soc.i_qspi._11990_/A0                 1.000000    1.558351   -0.558351 (VIOLATED)
ANTENNA_i_soc.i_qspi._11990__A0/DIODE    1.000000    1.558350   -0.558351 (VIOLATED)
i_soc.i_qspi._11825_/A0                 1.000000    1.558331   -0.558331 (VIOLATED)
ANTENNA_i_soc.i_qspi._11858__A1/DIODE    1.000000    1.558330   -0.558330 (VIOLATED)
i_soc.i_qspi._11858_/A1                 1.000000    1.558330   -0.558330 (VIOLATED)
ANTENNA_i_soc.i_qspi._11825__A0/DIODE    1.000000    1.558318   -0.558318 (VIOLATED)
ANTENNA_i_soc.i_qspi._11759__A0/DIODE    1.000000    1.558290   -0.558290 (VIOLATED)
i_soc.i_qspi._11759_/A0                 1.000000    1.558273   -0.558273 (VIOLATED)
i_soc.i_qspi._11792_/A1                 1.000000    1.558260   -0.558260 (VIOLATED)
ANTENNA_i_soc.i_qspi._11792__A1/DIODE    1.000000    1.558251   -0.558251 (VIOLATED)
ANTENNA_fanout1168_X/DIODE              1.000000    1.558247   -0.558247 (VIOLATED)
fanout1168/X                            1.000000    1.558245   -0.558245 (VIOLATED)
ANTENNA_i_soc.i_data_sram.u_sram.gen_bank[2].gen_512.u_macro_din0[27]/DIODE    1.000000    1.557132   -0.557132 (VIOLATED)
i_soc.i_ai_sram.u_sram.gen_bank[0].gen_512.u_macro/din0[26]    1.000000    1.555123   -0.555123 (VIOLATED)
ANTENNA_i_soc.i_data_sram.u_sram.gen_bank[0].gen_512.u_macro_din0[27]/DIODE    1.000000    1.555089   -0.555089 (VIOLATED)
ANTENNA_i_soc.i_crossbar._0850__X/DIODE    1.000000    1.554956   -0.554956 (VIOLATED)
i_soc.i_crossbar._0850_/X               1.000000    1.554901   -0.554901 (VIOLATED)
ANTENNA_i_soc.i_data_sram.u_sram.gen_bank[0].gen_512.u_macro_din0[31]/DIODE    1.000000    1.553442   -0.553442 (VIOLATED)
ANTENNA_i_soc.i_crossbar._0854__X/DIODE    1.000000    1.553313   -0.553313 (VIOLATED)
i_soc.i_crossbar._0854_/X               1.000000    1.553240   -0.553240 (VIOLATED)
ANTENNA_i_soc.i_instr_sram.u_sram.gen_bank[1].gen_512.u_macro_din0[16]/DIODE    1.000000    1.553044   -0.553044 (VIOLATED)
ANTENNA_i_soc.i_crossbar._1015__X/DIODE    1.000000    1.552913   -0.552913 (VIOLATED)
i_soc.i_crossbar._1015_/X               1.000000    1.552893   -0.552893 (VIOLATED)
ANTENNA_i_soc.i_instr_sram.u_sram.gen_bank[0].gen_512.u_macro_din0[17]/DIODE    1.000000    1.552459   -0.552459 (VIOLATED)
ANTENNA_124/DIODE                       1.000000    1.552281   -0.552281 (VIOLATED)
ANTENNA_123/DIODE                       1.000000    1.552259   -0.552260 (VIOLATED)
ANTENNA_121/DIODE                       1.000000    1.552227   -0.552227 (VIOLATED)
ANTENNA_118/DIODE                       1.000000    1.552220   -0.552220 (VIOLATED)
ANTENNA_120/DIODE                       1.000000    1.552220   -0.552220 (VIOLATED)
ANTENNA_122/DIODE                       1.000000    1.552220   -0.552220 (VIOLATED)
ANTENNA_125/DIODE                       1.000000    1.552220   -0.552220 (VIOLATED)
ANTENNA_i_soc.i_ai_sram.u_sram._550__X/DIODE    1.000000    1.552219   -0.552219 (VIOLATED)
ANTENNA_119/DIODE                       1.000000    1.552126   -0.552126 (VIOLATED)
i_soc.i_ai_sram.u_sram._550_/X          1.000000    1.552023   -0.552023 (VIOLATED)
ANTENNA_i_soc.i_data_sram.u_sram.gen_bank[3].gen_512.u_macro_din0[20]/DIODE    1.000000    1.551527   -0.551527 (VIOLATED)
ANTENNA_i_soc.i_data_sram.u_sram.gen_bank[1].gen_512.u_macro_din0[29]/DIODE    1.000000    1.551178   -0.551178 (VIOLATED)
ANTENNA_i_soc.i_data_sram.u_sram.gen_bank[3].gen_512.u_macro_din0[26]/DIODE    1.000000    1.549882   -0.549882 (VIOLATED)
ANTENNA_20/DIODE                        1.000000    1.549757   -0.549757 (VIOLATED)
ANTENNA_18/DIODE                        1.000000    1.549744   -0.549744 (VIOLATED)
ANTENNA_16/DIODE                        1.000000    1.549731   -0.549731 (VIOLATED)
ANTENNA_15/DIODE                        1.000000    1.549719   -0.549720 (VIOLATED)
ANTENNA_17/DIODE                        1.000000    1.549720   -0.549720 (VIOLATED)
ANTENNA_19/DIODE                        1.000000    1.549720   -0.549720 (VIOLATED)
ANTENNA_i_soc.i_ai_sram.u_sram._567__X/DIODE    1.000000    1.549700   -0.549700 (VIOLATED)
ANTENNA_i_soc.i_data_sram.u_sram.gen_bank[2].gen_512.u_macro_din0[30]/DIODE    1.000000    1.549694   -0.549694 (VIOLATED)
i_soc.i_ai_sram.u_sram._567_/X          1.000000    1.549648   -0.549648 (VIOLATED)
ANTENNA_i_soc.i_instr_sram.u_sram.gen_bank[2].gen_512.u_macro_din0[28]/DIODE    1.000000    1.548119   -0.548119 (VIOLATED)
i_soc.i_ai_sram.u_sram.gen_bank[0].gen_512.u_macro/din0[23]    1.000000    1.547755   -0.547755 (VIOLATED)
output28/A                              1.000000    1.547693   -0.547693 (VIOLATED)
ANTENNA_output28_A/DIODE                1.000000    1.547673   -0.547672 (VIOLATED)
ANTENNA_i_soc.i_instr_sram.u_sram.gen_bank[3].gen_512.u_macro_din0[22]/DIODE    1.000000    1.545624   -0.545624 (VIOLATED)
ANTENNA__12__X/DIODE                    1.000000    1.543080   -0.543081 (VIOLATED)
_12_/X                                  1.000000    1.543045   -0.543045 (VIOLATED)
i_soc.i_qspi._11694_/A1                 1.000000    1.542230   -0.542230 (VIOLATED)
ANTENNA_i_soc.i_qspi._11727__A0/DIODE    1.000000    1.542230   -0.542230 (VIOLATED)
i_soc.i_qspi._11727_/A0                 1.000000    1.542230   -0.542229 (VIOLATED)
ANTENNA_i_soc.i_qspi._11694__A1/DIODE    1.000000    1.542229   -0.542229 (VIOLATED)
ANTENNA_i_soc.i_qspi._12425__A0/DIODE    1.000000    1.542226   -0.542226 (VIOLATED)
i_soc.i_qspi._12425_/A0                 1.000000    1.542227   -0.542227 (VIOLATED)
i_soc.i_qspi._11628_/A0                 1.000000    1.542226   -0.542226 (VIOLATED)
i_soc.i_qspi._12458_/A0                 1.000000    1.542225   -0.542225 (VIOLATED)
ANTENNA_i_soc.i_qspi._12458__A0/DIODE    1.000000    1.542225   -0.542225 (VIOLATED)
ANTENNA_i_soc.i_qspi._11628__A0/DIODE    1.000000    1.542215   -0.542216 (VIOLATED)
i_soc.i_qspi._11595_/A1                 1.000000    1.542208   -0.542208 (VIOLATED)
ANTENNA_i_soc.i_qspi._11595__A1/DIODE    1.000000    1.542206   -0.542206 (VIOLATED)
i_soc.i_qspi._12326_/A0                 1.000000    1.542198   -0.542198 (VIOLATED)
ANTENNA_i_soc.i_qspi._12326__A0/DIODE    1.000000    1.542195   -0.542195 (VIOLATED)
i_soc.i_qspi._12359_/A0                 1.000000    1.542190   -0.542190 (VIOLATED)
ANTENNA_i_soc.i_qspi._12359__A0/DIODE    1.000000    1.542189   -0.542189 (VIOLATED)
i_soc.i_qspi._12590_/A0                 1.000000    1.542180   -0.542180 (VIOLATED)
ANTENNA_i_soc.i_qspi._12590__A0/DIODE    1.000000    1.542177   -0.542177 (VIOLATED)
i_soc.i_qspi._12557_/A1                 1.000000    1.542175   -0.542175 (VIOLATED)
ANTENNA_i_soc.i_qspi._12557__A1/DIODE    1.000000    1.542172   -0.542172 (VIOLATED)
i_soc.i_qspi._11562_/A0                 1.000000    1.542158   -0.542158 (VIOLATED)
ANTENNA_i_soc.i_qspi._11562__A0/DIODE    1.000000    1.542157   -0.542157 (VIOLATED)
i_soc.i_qspi._11529_/A0                 1.000000    1.542157   -0.542157 (VIOLATED)
ANTENNA_i_soc.i_qspi._11529__A0/DIODE    1.000000    1.542157   -0.542157 (VIOLATED)
ANTENNA_i_soc.i_qspi._12821__A0/DIODE    1.000000    1.542154   -0.542154 (VIOLATED)
i_soc.i_qspi._12821_/A0                 1.000000    1.542155   -0.542155 (VIOLATED)
ANTENNA_i_soc.i_qspi._11463__A0/DIODE    1.000000    1.542154   -0.542154 (VIOLATED)
i_soc.i_qspi._11463_/A0                 1.000000    1.542154   -0.542154 (VIOLATED)
ANTENNA_i_soc.i_qspi._12524__A0/DIODE    1.000000    1.542153   -0.542153 (VIOLATED)
i_soc.i_qspi._12524_/A0                 1.000000    1.542153   -0.542153 (VIOLATED)
i_soc.i_qspi._12788_/A1                 1.000000    1.542154   -0.542154 (VIOLATED)
ANTENNA_i_soc.i_qspi._12788__A1/DIODE    1.000000    1.542152   -0.542152 (VIOLATED)
ANTENNA_i_soc.i_qspi._12887__A0/DIODE    1.000000    1.542151   -0.542151 (VIOLATED)
i_soc.i_qspi._12854_/A1                 1.000000    1.542150   -0.542150 (VIOLATED)
i_soc.i_qspi._12887_/A0                 1.000000    1.542151   -0.542151 (VIOLATED)
i_soc.i_qspi._11496_/A0                 1.000000    1.542149   -0.542149 (VIOLATED)
i_soc.i_qspi._12491_/A1                 1.000000    1.542149   -0.542149 (VIOLATED)
ANTENNA_i_soc.i_qspi._11496__A0/DIODE    1.000000    1.542148   -0.542148 (VIOLATED)
ANTENNA_i_soc.i_qspi._12854__A1/DIODE    1.000000    1.542146   -0.542146 (VIOLATED)
ANTENNA_i_soc.i_qspi._11429__A0/DIODE    1.000000    1.542143   -0.542143 (VIOLATED)
i_soc.i_qspi._11429_/A0                 1.000000    1.542144   -0.542144 (VIOLATED)
i_soc.i_qspi._11396_/A1                 1.000000    1.542143   -0.542143 (VIOLATED)
ANTENNA_i_soc.i_qspi._11396__A1/DIODE    1.000000    1.542141   -0.542141 (VIOLATED)
ANTENNA_i_soc.i_qspi._12656__A0/DIODE    1.000000    1.542140   -0.542140 (VIOLATED)
i_soc.i_qspi._12656_/A0                 1.000000    1.542140   -0.542140 (VIOLATED)
ANTENNA_i_soc.i_qspi._12491__A1/DIODE    1.000000    1.542138   -0.542138 (VIOLATED)
i_soc.i_qspi._12623_/A0                 1.000000    1.542136   -0.542136 (VIOLATED)
i_soc.i_qspi._11330_/A1                 1.000000    1.542130   -0.542130 (VIOLATED)
ANTENNA_i_soc.i_qspi._12623__A0/DIODE    1.000000    1.542129   -0.542129 (VIOLATED)
ANTENNA_i_soc.i_qspi._11330__A1/DIODE    1.000000    1.542124   -0.542124 (VIOLATED)
ANTENNA_i_soc.i_qspi._12689__A0/DIODE    1.000000    1.542115   -0.542115 (VIOLATED)
ANTENNA_i_soc.i_qspi._12722__A0/DIODE    1.000000    1.542114   -0.542114 (VIOLATED)
i_soc.i_qspi._11264_/A1                 1.000000    1.542114   -0.542114 (VIOLATED)
i_soc.i_qspi._12689_/A0                 1.000000    1.542113   -0.542113 (VIOLATED)
ANTENNA_i_soc.i_qspi._11264__A1/DIODE    1.000000    1.542112   -0.542112 (VIOLATED)
i_soc.i_qspi._12722_/A0                 1.000000    1.542110   -0.542110 (VIOLATED)
i_soc.i_qspi._11363_/A0                 1.000000    1.542109   -0.542109 (VIOLATED)
ANTENNA_i_soc.i_qspi._11363__A0/DIODE    1.000000    1.542108   -0.542108 (VIOLATED)
i_soc.i_qspi._11231_/A0                 1.000000    1.542102   -0.542102 (VIOLATED)
ANTENNA_i_soc.i_qspi._11231__A0/DIODE    1.000000    1.542096   -0.542096 (VIOLATED)
ANTENNA_i_soc.i_qspi._11198__A1/DIODE    1.000000    1.542077   -0.542077 (VIOLATED)
i_soc.i_qspi._11198_/A1                 1.000000    1.542077   -0.542077 (VIOLATED)
i_soc.i_qspi._11163_/A0                 1.000000    1.542074   -0.542074 (VIOLATED)
ANTENNA_fanout1158_X/DIODE              1.000000    1.542072   -0.542072 (VIOLATED)
ANTENNA_i_soc.i_qspi._11163__A0/DIODE    1.000000    1.542072   -0.542072 (VIOLATED)
fanout1158/X                            1.000000    1.542072   -0.542072 (VIOLATED)
ANTENNA_i_soc.i_data_sram.u_sram.gen_bank[2].gen_512.u_macro_din0[9]/DIODE    1.000000    1.541382   -0.541382 (VIOLATED)
i_soc.i_ai_sram.u_sram.gen_bank[4].gen_512.u_macro/din0[19]    1.000000    1.541358   -0.541358 (VIOLATED)
ANTENNA_i_soc.i_data_sram.u_sram.gen_bank[3].gen_512.u_macro_din0[30]/DIODE    1.000000    1.540267   -0.540267 (VIOLATED)
i_soc.i_ai_arb._459_/A                  1.000000    1.540257   -0.540257 (VIOLATED)
ANTENNA_i_soc.i_ai_arb._459__A/DIODE    1.000000    1.540252   -0.540252 (VIOLATED)
ANTENNA_i_soc.i_instr_sram.u_sram.gen_bank[3].gen_512.u_macro_din0[15]/DIODE    1.000000    1.538651   -0.538651 (VIOLATED)
ANTENNA_i_soc.i_data_sram.u_sram.gen_bank[2].gen_512.u_macro_din0[24]/DIODE    1.000000    1.537835   -0.537835 (VIOLATED)
ANTENNA_i_soc.i_data_sram.u_sram.gen_bank[1].gen_512.u_macro_din0[26]/DIODE    1.000000    1.536919   -0.536920 (VIOLATED)
ANTENNA_i_soc.i_instr_sram.u_sram.gen_bank[0].gen_512.u_macro_din0[18]/DIODE    1.000000    1.536794   -0.536794 (VIOLATED)
i_soc.i_ai_arb._413_/A                  1.000000    1.536604   -0.536604 (VIOLATED)
ANTENNA_i_soc.i_ai_arb._413__A/DIODE    1.000000    1.536601   -0.536601 (VIOLATED)
ANTENNA_i_soc.i_data_sram.u_sram.gen_bank[0].gen_512.u_macro_din0[26]/DIODE    1.000000    1.535625   -0.535625 (VIOLATED)
ANTENNA_i_soc.i_data_sram.u_sram.gen_bank[3].gen_512.u_macro_din0[24]/DIODE    1.000000    1.535589   -0.535589 (VIOLATED)
ANTENNA_i_soc.i_ai_sram._81__Q/DIODE    1.000000    1.535084   -0.535084 (VIOLATED)
i_soc.i_ai_sram._81_/Q                  1.000000    1.535073   -0.535073 (VIOLATED)
ANTENNA_i_soc.i_crossbar._0849__X/DIODE    1.000000    1.534963   -0.534963 (VIOLATED)
i_soc.i_crossbar._0849_/X               1.000000    1.534891   -0.534891 (VIOLATED)
output38/A                              1.000000    1.531886   -0.531886 (VIOLATED)
ANTENNA_output38_A/DIODE                1.000000    1.531863   -0.531863 (VIOLATED)
ANTENNA_i_soc.i_instr_sram.u_sram.gen_bank[3].gen_512.u_macro_din0[21]/DIODE    1.000000    1.530176   -0.530176 (VIOLATED)
ANTENNA_i_soc.i_data_sram.u_sram.gen_bank[1].gen_512.u_macro_din0[20]/DIODE    1.000000    1.529181   -0.529181 (VIOLATED)
i_soc.i_ai_sram.u_sram.gen_bank[4].gen_512.u_macro/din0[16]    1.000000    1.527023   -0.527023 (VIOLATED)
i_soc.i_ai_sram.u_sram.gen_bank[0].gen_512.u_macro/din0[7]    1.000000    1.525552   -0.525552 (VIOLATED)
i_soc.i_ai_sram.u_sram.gen_bank[4].gen_512.u_macro/din0[18]    1.000000    1.525003   -0.525003 (VIOLATED)
ANTENNA_i_soc.i_qspi._11204__A1/DIODE    1.000000    1.524651   -0.524651 (VIOLATED)
i_soc.i_qspi._11204_/A1                 1.000000    1.524651   -0.524651 (VIOLATED)
i_soc.i_qspi._11169_/A0                 1.000000    1.524647   -0.524647 (VIOLATED)
i_soc.i_qspi._11733_/A0                 1.000000    1.524646   -0.524646 (VIOLATED)
ANTENNA_i_soc.i_qspi._11169__A0/DIODE    1.000000    1.524643   -0.524643 (VIOLATED)
ANTENNA_i_soc.i_qspi._11733__A0/DIODE    1.000000    1.524643   -0.524643 (VIOLATED)
i_soc.i_qspi._11700_/A1                 1.000000    1.524638   -0.524638 (VIOLATED)
ANTENNA_i_soc.i_qspi._11700__A1/DIODE    1.000000    1.524631   -0.524631 (VIOLATED)
i_soc.i_qspi._11535_/A0                 1.000000    1.524627   -0.524627 (VIOLATED)
ANTENNA_i_soc.i_qspi._11237__A0/DIODE    1.000000    1.524626   -0.524626 (VIOLATED)
i_soc.i_qspi._11237_/A0                 1.000000    1.524626   -0.524626 (VIOLATED)
i_soc.i_qspi._11469_/A0                 1.000000    1.524626   -0.524626 (VIOLATED)
ANTENNA_i_soc.i_qspi._11469__A0/DIODE    1.000000    1.524625   -0.524625 (VIOLATED)
ANTENNA_i_soc.i_qspi._11270__A1/DIODE    1.000000    1.524623   -0.524623 (VIOLATED)
ANTENNA_i_soc.i_qspi._11535__A0/DIODE    1.000000    1.524624   -0.524624 (VIOLATED)
i_soc.i_qspi._11270_/A1                 1.000000    1.524623   -0.524623 (VIOLATED)
i_soc.i_qspi._11568_/A0                 1.000000    1.524621   -0.524621 (VIOLATED)
ANTENNA_i_soc.i_qspi._11568__A0/DIODE    1.000000    1.524617   -0.524617 (VIOLATED)
i_soc.i_qspi._11502_/A0                 1.000000    1.524598   -0.524598 (VIOLATED)
ANTENNA_i_soc.i_qspi._11502__A0/DIODE    1.000000    1.524595   -0.524595 (VIOLATED)
ANTENNA_i_soc.i_ai_sram._79__Q/DIODE    1.000000    1.524574   -0.524574 (VIOLATED)
i_soc.i_ai_sram._79_/Q                  1.000000    1.524567   -0.524567 (VIOLATED)
i_soc.i_qspi._11402_/A1                 1.000000    1.524563   -0.524563 (VIOLATED)
ANTENNA_i_soc.i_qspi._11402__A1/DIODE    1.000000    1.524559   -0.524559 (VIOLATED)
ANTENNA_i_soc.i_qspi._11634__A0/DIODE    1.000000    1.524544   -0.524544 (VIOLATED)
i_soc.i_qspi._11601_/A1                 1.000000    1.524514   -0.524514 (VIOLATED)
ANTENNA_i_soc.i_qspi._11601__A1/DIODE    1.000000    1.524511   -0.524510 (VIOLATED)
i_soc.i_qspi._11634_/A0                 1.000000    1.524511   -0.524510 (VIOLATED)
i_soc.i_qspi._11435_/A0                 1.000000    1.524505   -0.524505 (VIOLATED)
ANTENNA_i_soc.i_qspi._11435__A0/DIODE    1.000000    1.524497   -0.524497 (VIOLATED)
i_soc.i_qspi._11336_/A1                 1.000000    1.524405   -0.524405 (VIOLATED)
i_soc.i_qspi._11369_/A0                 1.000000    1.524381   -0.524381 (VIOLATED)
ANTENNA_i_soc.i_qspi._11369__A0/DIODE    1.000000    1.524368   -0.524368 (VIOLATED)
ANTENNA_i_soc.i_qspi._11336__A1/DIODE    1.000000    1.524366   -0.524366 (VIOLATED)
i_soc.i_ai_sram.u_sram.gen_bank[0].gen_512.u_macro/din0[28]    1.000000    1.524297   -0.524297 (VIOLATED)
ANTENNA_i_soc.i_qspi._12431__A0/DIODE    1.000000    1.524098   -0.524098 (VIOLATED)
i_soc.i_qspi._12431_/A0                 1.000000    1.524046   -0.524046 (VIOLATED)
i_soc.i_qspi._12464_/A0                 1.000000    1.524042   -0.524042 (VIOLATED)
ANTENNA_i_soc.i_qspi._12464__A0/DIODE    1.000000    1.523981   -0.523981 (VIOLATED)
i_soc.i_qspi._12365_/A0                 1.000000    1.523889   -0.523889 (VIOLATED)
ANTENNA_i_soc.i_data_sram.u_sram.gen_bank[3].gen_512.u_macro_din0[23]/DIODE    1.000000    1.523874   -0.523874 (VIOLATED)
ANTENNA_i_soc.i_qspi._12365__A0/DIODE    1.000000    1.523874   -0.523874 (VIOLATED)
ANTENNA_i_soc.i_instr_sram.u_sram.gen_bank[2].gen_512.u_macro_din0[14]/DIODE    1.000000    1.523831   -0.523831 (VIOLATED)
i_soc.i_qspi._12332_/A0                 1.000000    1.523799   -0.523799 (VIOLATED)
ANTENNA_i_soc.i_qspi._12332__A0/DIODE    1.000000    1.523788   -0.523788 (VIOLATED)
ANTENNA_i_soc.i_data_sram.u_sram.gen_bank[1].gen_512.u_macro_din0[24]/DIODE    1.000000    1.523714   -0.523714 (VIOLATED)
i_soc.i_qspi._12596_/A0                 1.000000    1.523651   -0.523651 (VIOLATED)
ANTENNA_i_soc.i_qspi._12596__A0/DIODE    1.000000    1.523561   -0.523561 (VIOLATED)
i_soc.i_qspi._12563_/A1                 1.000000    1.523465   -0.523465 (VIOLATED)
ANTENNA_i_soc.i_qspi._12563__A1/DIODE    1.000000    1.523456   -0.523456 (VIOLATED)
i_soc.i_qspi._12530_/A0                 1.000000    1.523385   -0.523385 (VIOLATED)
ANTENNA_i_soc.i_qspi._12530__A0/DIODE    1.000000    1.523348   -0.523348 (VIOLATED)
ANTENNA_i_soc.i_qspi._12497__A1/DIODE    1.000000    1.523319   -0.523319 (VIOLATED)
i_soc.i_qspi._12497_/A1                 1.000000    1.523319   -0.523319 (VIOLATED)
i_soc.i_qspi._12695_/A0                 1.000000    1.523297   -0.523297 (VIOLATED)
ANTENNA_i_soc.i_qspi._12728__A0/DIODE    1.000000    1.523279   -0.523279 (VIOLATED)
i_soc.i_qspi._12728_/A0                 1.000000    1.523279   -0.523279 (VIOLATED)
ANTENNA_i_soc.i_qspi._12695__A0/DIODE    1.000000    1.523276   -0.523276 (VIOLATED)
i_soc.i_qspi._12662_/A0                 1.000000    1.523232   -0.523232 (VIOLATED)
ANTENNA_i_soc.i_qspi._12662__A0/DIODE    1.000000    1.523226   -0.523226 (VIOLATED)
i_soc.i_qspi._12629_/A0                 1.000000    1.523202   -0.523202 (VIOLATED)
ANTENNA_i_soc.i_qspi._12629__A0/DIODE    1.000000    1.523201   -0.523201 (VIOLATED)
ANTENNA_fanout1139_X/DIODE              1.000000    1.523182   -0.523182 (VIOLATED)
ANTENNA_i_soc.i_qspi._12794__A1/DIODE    1.000000    1.523178   -0.523178 (VIOLATED)
ANTENNA_i_soc.i_qspi._12827__A0/DIODE    1.000000    1.523177   -0.523177 (VIOLATED)
i_soc.i_qspi._12794_/A1                 1.000000    1.523178   -0.523178 (VIOLATED)
i_soc.i_qspi._12827_/A0                 1.000000    1.523178   -0.523178 (VIOLATED)
ANTENNA_i_soc.i_qspi._12893__A0/DIODE    1.000000    1.523177   -0.523177 (VIOLATED)
i_soc.i_qspi._12893_/A0                 1.000000    1.523177   -0.523177 (VIOLATED)
ANTENNA_i_soc.i_qspi._12860__A1/DIODE    1.000000    1.523176   -0.523176 (VIOLATED)
i_soc.i_qspi._12860_/A1                 1.000000    1.523176   -0.523176 (VIOLATED)
fanout1139/X                            1.000000    1.523173   -0.523173 (VIOLATED)
ANTENNA_i_soc.i_data_sram.u_sram.gen_bank[1].gen_512.u_macro_din0[23]/DIODE    1.000000    1.523165   -0.523165 (VIOLATED)
ANTENNA_i_soc.i_ai_sram._80__Q/DIODE    1.000000    1.523082   -0.523082 (VIOLATED)
i_soc.i_ai_sram._80_/Q                  1.000000    1.523067   -0.523067 (VIOLATED)
ANTENNA_i_soc.i_data_sram.u_sram.gen_bank[3].gen_512.u_macro_din0[9]/DIODE    1.000000    1.522659   -0.522659 (VIOLATED)
ANTENNA_i_soc.i_data_sram.u_sram.gen_bank[2].gen_512.u_macro_din0[23]/DIODE    1.000000    1.521433   -0.521433 (VIOLATED)
ANTENNA_i_soc.i_data_sram.u_sram.gen_bank[0].gen_512.u_macro_din0[24]/DIODE    1.000000    1.521242   -0.521242 (VIOLATED)
ANTENNA_i_soc.i_instr_sram.u_sram.gen_bank[2].gen_512.u_macro_din0[26]/DIODE    1.000000    1.520639   -0.520639 (VIOLATED)
ANTENNA_i_soc.i_crossbar._0847__X/DIODE    1.000000    1.520625   -0.520625 (VIOLATED)
i_soc.i_crossbar._0847_/X               1.000000    1.520414   -0.520414 (VIOLATED)
i_soc.i_ai_sram.u_sram.gen_bank[2].gen_512.u_macro/din0[30]    1.000000    1.519611   -0.519611 (VIOLATED)
ANTENNA_i_soc.i_instr_sram.u_sram.gen_bank[1].gen_512.u_macro_din0[27]/DIODE    1.000000    1.519557   -0.519557 (VIOLATED)
ANTENNA_i_soc.i_crossbar._1026__X/DIODE    1.000000    1.519390   -0.519390 (VIOLATED)
i_soc.i_crossbar._1026_/X               1.000000    1.519370   -0.519370 (VIOLATED)
ANTENNA_i_soc.i_data_sram.u_sram.gen_bank[0].gen_512.u_macro_din0[23]/DIODE    1.000000    1.519303   -0.519303 (VIOLATED)
ANTENNA_i_soc.i_crossbar._0846__X/DIODE    1.000000    1.518818   -0.518818 (VIOLATED)
i_soc.i_crossbar._0846_/X               1.000000    1.518779   -0.518779 (VIOLATED)
ANTENNA_i_soc.i_instr_sram.u_sram.gen_bank[0].gen_512.u_macro_din0[5]/DIODE    1.000000    1.514318   -0.514318 (VIOLATED)
ANTENNA_i_soc.i_data_sram.u_sram.gen_bank[0].gen_512.u_macro_din0[9]/DIODE    1.000000    1.514098   -0.514098 (VIOLATED)
ANTENNA_i_soc.i_ai_sram.u_sram._616__X/DIODE    1.000000    1.514037   -0.514036 (VIOLATED)
i_soc.i_ai_sram.u_sram._616_/X          1.000000    1.514020   -0.514020 (VIOLATED)
ANTENNA_i_soc.i_data_sram.u_sram.gen_bank[1].gen_512.u_macro_din0[9]/DIODE    1.000000    1.513617   -0.513617 (VIOLATED)
output39/A                              1.000000    1.513196   -0.513196 (VIOLATED)
ANTENNA_output39_A/DIODE                1.000000    1.513180   -0.513180 (VIOLATED)
ANTENNA_i_soc.i_instr_sram.u_sram.gen_bank[0].gen_512.u_macro_din0[28]/DIODE    1.000000    1.513066   -0.513066 (VIOLATED)
ANTENNA_i_soc.i_instr_sram.u_sram.gen_bank[2].gen_512.u_macro_din0[29]/DIODE    1.000000    1.513059   -0.513059 (VIOLATED)
ANTENNA_i_soc.i_instr_sram.u_sram.gen_bank[3].gen_512.u_macro_din0[13]/DIODE    1.000000    1.512286   -0.512286 (VIOLATED)
ANTENNA_i_soc.i_crossbar._0832__X/DIODE    1.000000    1.511821   -0.511821 (VIOLATED)
i_soc.i_crossbar._0832_/X               1.000000    1.511762   -0.511762 (VIOLATED)
ANTENNA_i_soc.i_instr_sram.u_sram.gen_bank[0].gen_512.u_macro_din0[11]/DIODE    1.000000    1.511450   -0.511450 (VIOLATED)
i_soc.i_ai_sram.u_sram.gen_bank[0].gen_512.u_macro/din0[6]    1.000000    1.507523   -0.507523 (VIOLATED)
ANTENNA_i_soc.i_crossbar._0852__X/DIODE    1.000000    1.506670   -0.506670 (VIOLATED)
ANTENNA_i_soc.i_data_sram.u_sram.gen_bank[0].gen_512.u_macro_din0[29]/DIODE    1.000000    1.506604   -0.506604 (VIOLATED)
i_soc.i_crossbar._0852_/X               1.000000    1.506568   -0.506568 (VIOLATED)
ANTENNA_i_soc.i_data_sram.u_sram.gen_bank[1].gen_512.u_macro_din0[30]/DIODE    1.000000    1.504968   -0.504968 (VIOLATED)
ANTENNA__08__X/DIODE                    1.000000    1.504738   -0.504738 (VIOLATED)
_08_/X                                  1.000000    1.504727   -0.504727 (VIOLATED)
ANTENNA_i_soc.i_data_sram.u_sram.gen_bank[2].gen_512.u_macro_din0[20]/DIODE    1.000000    1.503172   -0.503172 (VIOLATED)
ANTENNA_i_soc.i_ai_sram.u_sram._605__X/DIODE    1.000000    1.501283   -0.501283 (VIOLATED)
i_soc.i_ai_sram.u_sram._605_/X          1.000000    1.501263   -0.501263 (VIOLATED)
ANTENNA_i_soc.i_instr_sram.u_sram.gen_bank[1].gen_512.u_macro_din0[15]/DIODE    1.000000    1.500778   -0.500778 (VIOLATED)
ANTENNA_i_soc.i_crossbar._1014__X/DIODE    1.000000    1.500729   -0.500729 (VIOLATED)
i_soc.i_crossbar._1014_/X               1.000000    1.500634   -0.500634 (VIOLATED)
ANTENNA_i_soc.i_data_sram.u_sram.gen_bank[3].gen_512.u_macro_din0[25]/DIODE    1.000000    1.499897   -0.499897 (VIOLATED)
clkbuf_leaf_1_clk_i/A                   1.000000    1.499050   -0.499050 (VIOLATED)
ANTENNA_clkbuf_leaf_1_clk_i_A/DIODE     1.000000    1.498927   -0.498927 (VIOLATED)
ANTENNA_i_soc.i_instr_sram.u_sram.gen_bank[1].gen_512.u_macro_din0[22]/DIODE    1.000000    1.497442   -0.497442 (VIOLATED)
ANTENNA_i_soc.i_crossbar._1021__X/DIODE    1.000000    1.497393   -0.497393 (VIOLATED)
i_soc.i_crossbar._1021_/X               1.000000    1.497393   -0.497393 (VIOLATED)
ANTENNA_i_soc.i_instr_sram.u_sram.gen_bank[3].gen_512.u_macro_din0[28]/DIODE    1.000000    1.497308   -0.497308 (VIOLATED)
ANTENNA_i_soc.i_data_sram.u_sram.gen_bank[0].gen_512.u_macro_din0[20]/DIODE    1.000000    1.493928   -0.493928 (VIOLATED)
ANTENNA_i_soc.i_crossbar._0843__X/DIODE    1.000000    1.492074   -0.492074 (VIOLATED)
i_soc.i_crossbar._0843_/X               1.000000    1.491965   -0.491965 (VIOLATED)
ANTENNA_i_soc.i_instr_sram.u_sram.gen_bank[2].gen_512.u_macro_din0[12]/DIODE    1.000000    1.491371   -0.491371 (VIOLATED)
i_soc.i_ai_sram.u_sram._463_/B          1.000000    1.490168   -0.490168 (VIOLATED)
ANTENNA_i_soc.i_ai_sram.u_sram._463__B/DIODE    1.000000    1.490160   -0.490159 (VIOLATED)
i_soc.i_ai_sram.u_sram.gen_bank[8].gen_512.u_macro/din0[17]    1.000000    1.487632   -0.487632 (VIOLATED)
output29/A                              1.000000    1.486953   -0.486953 (VIOLATED)
ANTENNA_output29_A/DIODE                1.000000    1.486932   -0.486932 (VIOLATED)
ANTENNA_i_soc.i_instr_sram.u_sram.gen_bank[2].gen_512.u_macro_din0[31]/DIODE    1.000000    1.485153   -0.485153 (VIOLATED)
i_soc.i_ai_sram.u_sram.gen_bank[4].gen_512.u_macro/din0[11]    1.000000    1.485004   -0.485004 (VIOLATED)
i_soc.i_ai_sram.u_sram.gen_bank[0].gen_512.u_macro/din0[9]    1.000000    1.482539   -0.482539 (VIOLATED)
ANTENNA__13__X/DIODE                    1.000000    1.482423   -0.482423 (VIOLATED)
_13_/X                                  1.000000    1.482387   -0.482387 (VIOLATED)
i_soc.i_qspi._11512_/A0                 1.000000    1.480899   -0.480899 (VIOLATED)
ANTENNA_i_soc.i_qspi._11512__A0/DIODE    1.000000    1.480899   -0.480899 (VIOLATED)
ANTENNA_i_soc.i_qspi._11545__A0/DIODE    1.000000    1.480897   -0.480897 (VIOLATED)
i_soc.i_qspi._11545_/A0                 1.000000    1.480897   -0.480897 (VIOLATED)
i_soc.i_qspi._11479_/A0                 1.000000    1.480897   -0.480897 (VIOLATED)
ANTENNA_i_soc.i_qspi._11479__A0/DIODE    1.000000    1.480894   -0.480894 (VIOLATED)
i_soc.i_qspi._11446_/A0                 1.000000    1.480890   -0.480890 (VIOLATED)
ANTENNA_i_soc.i_qspi._11446__A0/DIODE    1.000000    1.480887   -0.480887 (VIOLATED)
ANTENNA_i_soc.i_qspi._11313__A1/DIODE    1.000000    1.480886   -0.480886 (VIOLATED)
i_soc.i_qspi._11313_/A1                 1.000000    1.480886   -0.480886 (VIOLATED)
ANTENNA_i_soc.i_qspi._11379__A1/DIODE    1.000000    1.480885   -0.480885 (VIOLATED)
i_soc.i_qspi._11379_/A1                 1.000000    1.480885   -0.480885 (VIOLATED)
ANTENNA_i_soc.i_qspi._11346__A0/DIODE    1.000000    1.480884   -0.480884 (VIOLATED)
i_soc.i_qspi._11346_/A0                 1.000000    1.480884   -0.480884 (VIOLATED)
i_soc.i_qspi._11412_/A0                 1.000000    1.480876   -0.480876 (VIOLATED)
ANTENNA_i_soc.i_qspi._11412__A0/DIODE    1.000000    1.480866   -0.480866 (VIOLATED)
ANTENNA_i_soc.i_qspi._12342__A0/DIODE    1.000000    1.480865   -0.480865 (VIOLATED)
i_soc.i_qspi._12342_/A0                 1.000000    1.480865   -0.480865 (VIOLATED)
i_soc.i_qspi._12309_/A0                 1.000000    1.480864   -0.480864 (VIOLATED)
ANTENNA_i_soc.i_qspi._12309__A0/DIODE    1.000000    1.480862   -0.480862 (VIOLATED)
i_soc.i_qspi._11677_/A1                 1.000000    1.480861   -0.480861 (VIOLATED)
ANTENNA_i_soc.i_qspi._11677__A1/DIODE    1.000000    1.480861   -0.480861 (VIOLATED)
ANTENNA_i_soc.i_qspi._12474__A1/DIODE    1.000000    1.480861   -0.480861 (VIOLATED)
ANTENNA_i_soc.i_qspi._11710__A0/DIODE    1.000000    1.480859   -0.480859 (VIOLATED)
i_soc.i_qspi._11710_/A0                 1.000000    1.480859   -0.480859 (VIOLATED)
i_soc.i_qspi._12474_/A1                 1.000000    1.480859   -0.480859 (VIOLATED)
i_soc.i_qspi._11611_/A0                 1.000000    1.480858   -0.480858 (VIOLATED)
ANTENNA_i_soc.i_qspi._11611__A0/DIODE    1.000000    1.480857   -0.480857 (VIOLATED)
i_soc.i_qspi._11578_/A1                 1.000000    1.480857   -0.480857 (VIOLATED)
ANTENNA_i_soc.i_qspi._12441__A0/DIODE    1.000000    1.480857   -0.480856 (VIOLATED)
i_soc.i_qspi._12441_/A0                 1.000000    1.480857   -0.480857 (VIOLATED)
i_soc.i_qspi._12507_/A0                 1.000000    1.480856   -0.480856 (VIOLATED)
ANTENNA_i_soc.i_qspi._11214__A0/DIODE    1.000000    1.480855   -0.480855 (VIOLATED)
ANTENNA_i_soc.i_qspi._11578__A1/DIODE    1.000000    1.480855   -0.480855 (VIOLATED)
ANTENNA_i_soc.i_qspi._12672__A0/DIODE    1.000000    1.480855   -0.480855 (VIOLATED)
ANTENNA_i_soc.i_qspi._12705__A0/DIODE    1.000000    1.480855   -0.480855 (VIOLATED)
i_soc.i_qspi._12672_/A0                 1.000000    1.480855   -0.480855 (VIOLATED)
i_soc.i_qspi._12705_/A0                 1.000000    1.480855   -0.480855 (VIOLATED)
ANTENNA_i_soc.i_qspi._12507__A0/DIODE    1.000000    1.480854   -0.480854 (VIOLATED)
ANTENNA_i_soc.i_qspi._12639__A0/DIODE    1.000000    1.480854   -0.480854 (VIOLATED)
i_soc.i_qspi._12639_/A0                 1.000000    1.480854   -0.480854 (VIOLATED)
i_soc.i_qspi._11214_/A0                 1.000000    1.480853   -0.480853 (VIOLATED)
ANTENNA_i_soc.i_qspi._12408__A0/DIODE    1.000000    1.480851   -0.480851 (VIOLATED)
i_soc.i_qspi._11247_/A1                 1.000000    1.480851   -0.480851 (VIOLATED)
i_soc.i_qspi._12408_/A0                 1.000000    1.480851   -0.480851 (VIOLATED)
i_soc.i_qspi._12606_/A0                 1.000000    1.480851   -0.480851 (VIOLATED)
ANTENNA_i_soc.i_qspi._12573__A0/DIODE    1.000000    1.480849   -0.480849 (VIOLATED)
ANTENNA_i_soc.i_qspi._12606__A0/DIODE    1.000000    1.480850   -0.480850 (VIOLATED)
i_soc.i_qspi._12771_/A1                 1.000000    1.480848   -0.480848 (VIOLATED)
ANTENNA_i_soc.i_qspi._12771__A1/DIODE    1.000000    1.480847   -0.480847 (VIOLATED)
ANTENNA_i_soc.i_qspi._12540__A1/DIODE    1.000000    1.480847   -0.480846 (VIOLATED)
i_soc.i_qspi._12573_/A0                 1.000000    1.480847   -0.480847 (VIOLATED)
i_soc.i_qspi._12804_/A0                 1.000000    1.480846   -0.480846 (VIOLATED)
ANTENNA_i_soc.i_qspi._11247__A1/DIODE    1.000000    1.480843   -0.480843 (VIOLATED)
ANTENNA_i_soc.i_qspi._12804__A0/DIODE    1.000000    1.480842   -0.480842 (VIOLATED)
i_soc.i_qspi._12540_/A1                 1.000000    1.480842   -0.480843 (VIOLATED)
i_soc.i_qspi._12837_/A1                 1.000000    1.480840   -0.480841 (VIOLATED)
i_soc.i_qspi._12870_/A0                 1.000000    1.480840   -0.480840 (VIOLATED)
ANTENNA_i_soc.i_qspi._12837__A1/DIODE    1.000000    1.480839   -0.480839 (VIOLATED)
ANTENNA_i_soc.i_qspi._12870__A0/DIODE    1.000000    1.480839   -0.480839 (VIOLATED)
i_soc.i_qspi._11181_/A1                 1.000000    1.480838   -0.480838 (VIOLATED)
ANTENNA_fanout1602_X/DIODE              1.000000    1.480837   -0.480837 (VIOLATED)
ANTENNA_i_soc.i_qspi._11146__A0/DIODE    1.000000    1.480833   -0.480833 (VIOLATED)
ANTENNA_i_soc.i_qspi._11181__A1/DIODE    1.000000    1.480833   -0.480833 (VIOLATED)
i_soc.i_qspi._11146_/A0                 1.000000    1.480833   -0.480833 (VIOLATED)
fanout1602/X                            1.000000    1.480829   -0.480829 (VIOLATED)
i_soc.i_cpu.core_i.id_stage_i._2773_/B    1.000000    1.480461   -0.480461 (VIOLATED)
ANTENNA_i_soc.i_cpu.core_i.id_stage_i._2773__B/DIODE    1.000000    1.480459   -0.480459 (VIOLATED)
ANTENNA_i_soc.i_cpu.core_i.id_stage_i._2761__B/DIODE    1.000000    1.480454   -0.480454 (VIOLATED)
i_soc.i_cpu.core_i.id_stage_i._2761_/B    1.000000    1.480453   -0.480453 (VIOLATED)
i_soc.i_cpu.core_i.id_stage_i._2750_/B    1.000000    1.480447   -0.480447 (VIOLATED)
ANTENNA_i_soc.i_cpu.core_i.id_stage_i._2750__B/DIODE    1.000000    1.480444   -0.480444 (VIOLATED)
ANTENNA_i_soc.i_cpu.core_i.id_stage_i._2800__B/DIODE    1.000000    1.480436   -0.480436 (VIOLATED)
i_soc.i_cpu.core_i.id_stage_i._2800_/B    1.000000    1.480436   -0.480436 (VIOLATED)
i_soc.i_cpu.core_i.id_stage_i._2518_/A    1.000000    1.480429   -0.480429 (VIOLATED)
ANTENNA_i_soc.i_cpu.core_i.id_stage_i._2741__B/DIODE    1.000000    1.480427   -0.480427 (VIOLATED)
i_soc.i_cpu.core_i.id_stage_i._2741_/B    1.000000    1.480424   -0.480424 (VIOLATED)
i_soc.i_cpu.core_i.id_stage_i._2838_/B    1.000000    1.480421   -0.480421 (VIOLATED)
ANTENNA_i_soc.i_cpu.core_i.id_stage_i._2838__B/DIODE    1.000000    1.480392   -0.480392 (VIOLATED)
ANTENNA_i_soc.i_cpu.core_i.id_stage_i._2518__A/DIODE    1.000000    1.480356   -0.480356 (VIOLATED)
i_soc.i_cpu.core_i.id_stage_i._2725_/B    1.000000    1.480335   -0.480335 (VIOLATED)
ANTENNA_i_soc.i_cpu.core_i.id_stage_i._2725__B/DIODE    1.000000    1.480309   -0.480309 (VIOLATED)
ANTENNA_i_soc.i_cpu.core_i.id_stage_i._2856__B/DIODE    1.000000    1.480226   -0.480226 (VIOLATED)
i_soc.i_cpu.core_i.id_stage_i._2856_/B    1.000000    1.480194   -0.480194 (VIOLATED)
ANTENNA_i_soc.i_cpu.core_i.id_stage_i._2703__B/DIODE    1.000000    1.480189   -0.480189 (VIOLATED)
i_soc.i_cpu.core_i.id_stage_i._2703_/B    1.000000    1.480190   -0.480190 (VIOLATED)
i_soc.i_cpu.core_i.id_stage_i._2827_/B    1.000000    1.480156   -0.480156 (VIOLATED)
ANTENNA_i_soc.i_cpu.core_i.id_stage_i._2827__B/DIODE    1.000000    1.480107   -0.480107 (VIOLATED)
ANTENNA_i_soc.i_cpu.core_i.id_stage_i._2789__B/DIODE    1.000000    1.480039   -0.480039 (VIOLATED)
i_soc.i_cpu.core_i.id_stage_i._2789_/B    1.000000    1.480034   -0.480034 (VIOLATED)
i_soc.i_cpu.core_i.id_stage_i._2811_/B    1.000000    1.479970   -0.479970 (VIOLATED)
ANTENNA_i_soc.i_cpu.core_i.id_stage_i._2811__B/DIODE    1.000000    1.479968   -0.479968 (VIOLATED)
ANTENNA_i_soc.i_cpu.core_i.id_stage_i._2851__B/DIODE    1.000000    1.479912   -0.479912 (VIOLATED)
i_soc.i_cpu.core_i.id_stage_i._2851_/B    1.000000    1.479902   -0.479902 (VIOLATED)
i_soc.i_cpu.core_i.id_stage_i._2718_/B    1.000000    1.479836   -0.479836 (VIOLATED)
ANTENNA_i_soc.i_cpu.core_i.id_stage_i._2718__B/DIODE    1.000000    1.479834   -0.479834 (VIOLATED)
i_soc.i_cpu.core_i.id_stage_i._2685_/B    1.000000    1.479727   -0.479727 (VIOLATED)
ANTENNA_i_soc.i_cpu.core_i.id_stage_i._2685__B/DIODE    1.000000    1.479726   -0.479726 (VIOLATED)
i_soc.i_cpu.core_i.id_stage_i._2692_/B    1.000000    1.479670   -0.479670 (VIOLATED)
ANTENNA_i_soc.i_cpu.core_i.id_stage_i._2692__B/DIODE    1.000000    1.479665   -0.479665 (VIOLATED)
i_soc.i_cpu.core_i.id_stage_i._2544_/B    1.000000    1.479620   -0.479620 (VIOLATED)
ANTENNA_i_soc.i_cpu.core_i.id_stage_i._2608__B/DIODE    1.000000    1.479615   -0.479615 (VIOLATED)
ANTENNA_i_soc.i_cpu.core_i.id_stage_i._2544__B/DIODE    1.000000    1.479614   -0.479614 (VIOLATED)
i_soc.i_cpu.core_i.id_stage_i._2608_/B    1.000000    1.479580   -0.479580 (VIOLATED)
ANTENNA_i_soc.i_cpu.core_i.id_stage_i._2675__B/DIODE    1.000000    1.479491   -0.479491 (VIOLATED)
i_soc.i_cpu.core_i.id_stage_i._2675_/B    1.000000    1.479444   -0.479444 (VIOLATED)
i_soc.i_cpu.core_i.id_stage_i._2653_/B    1.000000    1.479431   -0.479431 (VIOLATED)
ANTENNA_i_soc.i_cpu.core_i.id_stage_i._2653__B/DIODE    1.000000    1.479427   -0.479427 (VIOLATED)
i_soc.i_cpu.core_i.id_stage_i._2663_/B    1.000000    1.479423   -0.479423 (VIOLATED)
ANTENNA_i_soc.i_cpu.core_i.id_stage_i._2663__B/DIODE    1.000000    1.479421   -0.479421 (VIOLATED)
ANTENNA_i_soc.i_cpu.core_i.id_stage_i._2637__B/DIODE    1.000000    1.479369   -0.479369 (VIOLATED)
i_soc.i_cpu.core_i.id_stage_i._2637_/B    1.000000    1.479334   -0.479334 (VIOLATED)
i_soc.i_cpu.core_i.id_stage_i._2582_/B    1.000000    1.479317   -0.479317 (VIOLATED)
ANTENNA_i_soc.i_cpu.core_i.id_stage_i._2582__B/DIODE    1.000000    1.479305   -0.479305 (VIOLATED)
ANTENNA_i_soc.i_cpu.core_i.id_stage_i._2598__B/DIODE    1.000000    1.479298   -0.479298 (VIOLATED)
i_soc.i_cpu.core_i.id_stage_i._2598_/B    1.000000    1.479298   -0.479298 (VIOLATED)
ANTENNA_i_soc.i_cpu.core_i.id_stage_i._2619__B/DIODE    1.000000    1.479293   -0.479293 (VIOLATED)
i_soc.i_cpu.core_i.id_stage_i._2619_/B    1.000000    1.479294   -0.479294 (VIOLATED)
i_soc.i_cpu.core_i.id_stage_i._2626_/B    1.000000    1.479294   -0.479294 (VIOLATED)
ANTENNA_i_soc.i_cpu.core_i.id_stage_i._2519__B/DIODE    1.000000    1.479290   -0.479290 (VIOLATED)
i_soc.i_cpu.core_i.id_stage_i._2519_/B    1.000000    1.479290   -0.479290 (VIOLATED)
i_soc.i_cpu.core_i.id_stage_i._2533_/B    1.000000    1.479275   -0.479275 (VIOLATED)
ANTENNA_i_soc.i_cpu.core_i.id_stage_i._2533__B/DIODE    1.000000    1.479274   -0.479274 (VIOLATED)
ANTENNA_i_soc.i_cpu.core_i.id_stage_i._2626__B/DIODE    1.000000    1.479269   -0.479269 (VIOLATED)
ANTENNA_i_soc.i_cpu.core_i.id_stage_i._2560__B/DIODE    1.000000    1.479260   -0.479260 (VIOLATED)
i_soc.i_cpu.core_i.id_stage_i._2560_/B    1.000000    1.479261   -0.479261 (VIOLATED)
ANTENNA_fanout607_X/DIODE               1.000000    1.479259   -0.479259 (VIOLATED)
ANTENNA_i_soc.i_cpu.core_i.id_stage_i._2555__B/DIODE    1.000000    1.479259   -0.479259 (VIOLATED)
ANTENNA_i_soc.i_cpu.core_i.id_stage_i._2575__B/DIODE    1.000000    1.479259   -0.479259 (VIOLATED)
i_soc.i_cpu.core_i.id_stage_i._2555_/B    1.000000    1.479259   -0.479260 (VIOLATED)
i_soc.i_cpu.core_i.id_stage_i._2575_/B    1.000000    1.479259   -0.479260 (VIOLATED)
fanout607/X                             1.000000    1.479252   -0.479252 (VIOLATED)
i_soc.i_cpu.core_i.ex_stage_i.mult_i._23412_/B2    1.000000    1.478921   -0.478921 (VIOLATED)
ANTENNA_i_soc.i_cpu.core_i.ex_stage_i.mult_i._23412__B2/DIODE    1.000000    1.478917   -0.478917 (VIOLATED)
i_soc.i_cpu.core_i.ex_stage_i.mult_i._23411_/B    1.000000    1.478916   -0.478916 (VIOLATED)
ANTENNA_i_soc.i_cpu.core_i.ex_stage_i.mult_i._23411__B/DIODE    1.000000    1.478912   -0.478912 (VIOLATED)
i_soc.i_cpu.core_i.ex_stage_i.mult_i._23589_/B    1.000000    1.478902   -0.478901 (VIOLATED)
i_soc.i_cpu.core_i.ex_stage_i.mult_i._23590_/B2    1.000000    1.478895   -0.478895 (VIOLATED)
ANTENNA_i_soc.i_cpu.core_i.ex_stage_i.mult_i._23590__B2/DIODE    1.000000    1.478881   -0.478880 (VIOLATED)
ANTENNA_i_soc.i_cpu.core_i.ex_stage_i.mult_i._23589__B/DIODE    1.000000    1.478863   -0.478863 (VIOLATED)
i_soc.i_cpu.core_i.ex_stage_i.mult_i._23781_/B    1.000000    1.478831   -0.478831 (VIOLATED)
ANTENNA_i_soc.i_cpu.core_i.ex_stage_i.mult_i._23779__B2/DIODE    1.000000    1.478818   -0.478818 (VIOLATED)
i_soc.i_cpu.core_i.ex_stage_i.mult_i._23779_/B2    1.000000    1.478809   -0.478809 (VIOLATED)
ANTENNA_i_soc.i_cpu.core_i.ex_stage_i.mult_i._23781__B/DIODE    1.000000    1.478775   -0.478775 (VIOLATED)
i_soc.i_cpu.core_i.ex_stage_i.mult_i._23955_/B    1.000000    1.478656   -0.478656 (VIOLATED)
ANTENNA_i_soc.i_cpu.core_i.ex_stage_i.mult_i._23955__B/DIODE    1.000000    1.478606   -0.478606 (VIOLATED)
ANTENNA_i_soc.i_cpu.core_i.ex_stage_i.mult_i._23952__B2/DIODE    1.000000    1.478602   -0.478602 (VIOLATED)
i_soc.i_cpu.core_i.ex_stage_i.mult_i._23952_/B2    1.000000    1.478603   -0.478602 (VIOLATED)
ANTENNA_fanout3625_A/DIODE              1.000000    1.478398   -0.478398 (VIOLATED)
fanout3625/A                            1.000000    1.478399   -0.478399 (VIOLATED)
i_soc.i_cpu.core_i.ex_stage_i.mult_i._24180_/A    1.000000    1.478378   -0.478378 (VIOLATED)
ANTENNA_i_soc.i_cpu.core_i.ex_stage_i.mult_i._24180__A/DIODE    1.000000    1.478374   -0.478374 (VIOLATED)
i_soc.i_cpu.core_i.ex_stage_i.mult_i._24368_/B2    1.000000    1.478343   -0.478343 (VIOLATED)
ANTENNA_i_soc.i_cpu.core_i.ex_stage_i.mult_i._24368__B2/DIODE    1.000000    1.478297   -0.478297 (VIOLATED)
ANTENNA_i_soc.i_instr_sram.u_sram.gen_bank[1].gen_512.u_macro_din0[21]/DIODE    1.000000    1.478166   -0.478166 (VIOLATED)
i_soc.i_cpu.core_i.ex_stage_i.mult_i._24612_/A    1.000000    1.478058   -0.478058 (VIOLATED)
i_soc.i_cpu.core_i.ex_stage_i.mult_i._24789_/B2    1.000000    1.478057   -0.478057 (VIOLATED)
ANTENNA_i_soc.i_cpu.core_i.ex_stage_i.mult_i._24789__B2/DIODE    1.000000    1.478054   -0.478054 (VIOLATED)
i_soc.i_cpu.core_i.ex_stage_i.mult_i._24790_/B    1.000000    1.478055   -0.478055 (VIOLATED)
ANTENNA_i_soc.i_cpu.core_i.ex_stage_i.mult_i._24790__B/DIODE    1.000000    1.478053   -0.478054 (VIOLATED)
ANTENNA_i_soc.i_cpu.core_i.ex_stage_i.mult_i._24612__A/DIODE    1.000000    1.478041   -0.478041 (VIOLATED)
ANTENNA_i_soc.i_crossbar._1020__X/DIODE    1.000000    1.478014   -0.478014 (VIOLATED)
i_soc.i_crossbar._1020_/X               1.000000    1.478014   -0.478014 (VIOLATED)
ANTENNA_i_soc.i_cpu.core_i.ex_stage_i.mult_i._12557__B1/DIODE    1.000000    1.477921   -0.477921 (VIOLATED)
i_soc.i_cpu.core_i.ex_stage_i.mult_i._12557_/B1    1.000000    1.477921   -0.477921 (VIOLATED)
ANTENNA_i_soc.i_cpu.core_i.id_stage_i._3523__A0/DIODE    1.000000    1.477886   -0.477886 (VIOLATED)
i_soc.i_cpu.core_i.id_stage_i._3523_/A0    1.000000    1.477887   -0.477887 (VIOLATED)
ANTENNA_fanout3628_X/DIODE              1.000000    1.477882   -0.477882 (VIOLATED)
fanout3628/X                            1.000000    1.477880   -0.477880 (VIOLATED)
ANTENNA_i_soc.i_data_sram.u_sram.gen_bank[1].gen_512.u_macro_din0[25]/DIODE    1.000000    1.477454   -0.477454 (VIOLATED)
ANTENNA__07__X/DIODE                    1.000000    1.476646   -0.476646 (VIOLATED)
_07_/X                                  1.000000    1.476617   -0.476617 (VIOLATED)
i_soc.i_ai_sram.u_sram._496_/B          1.000000    1.475776   -0.475776 (VIOLATED)
ANTENNA_i_soc.i_ai_sram.u_sram._496__B/DIODE    1.000000    1.475759   -0.475759 (VIOLATED)
wire1828/A                              1.000000    1.471098   -0.471098 (VIOLATED)
ANTENNA_wire1828_A/DIODE                1.000000    1.471085   -0.471085 (VIOLATED)
ANTENNA_i_soc.i_instr_sram.u_sram.gen_bank[2].gen_512.u_macro_din0[3]/DIODE    1.000000    1.470611   -0.470611 (VIOLATED)
i_soc.i_ai_sram.u_sram.gen_bank[3].gen_512.u_macro/din0[23]    1.000000    1.469937   -0.469937 (VIOLATED)
ANTENNA_i_soc.i_instr_sram.u_sram.gen_bank[2].gen_512.u_macro_din0[7]/DIODE    1.000000    1.469855   -0.469855 (VIOLATED)
ANTENNA_i_soc.i_instr_sram.u_sram.gen_bank[1].gen_512.u_macro_din0[13]/DIODE    1.000000    1.469430   -0.469430 (VIOLATED)
i_soc.i_ai_sram.u_sram.gen_bank[5].gen_512.u_macro/din0[24]    1.000000    1.469287   -0.469287 (VIOLATED)
ANTENNA_i_soc.i_crossbar._1012__X/DIODE    1.000000    1.469285   -0.469285 (VIOLATED)
i_soc.i_crossbar._1012_/X               1.000000    1.469285   -0.469285 (VIOLATED)
output26/A                              1.000000    1.468267   -0.468267 (VIOLATED)
ANTENNA_output26_A/DIODE                1.000000    1.468250   -0.468250 (VIOLATED)
ANTENNA_i_soc.i_instr_sram.u_sram.gen_bank[3].gen_512.u_macro_din0[18]/DIODE    1.000000    1.467816   -0.467816 (VIOLATED)
i_soc.i_ai_sram.u_sram.gen_bank[4].gen_512.u_macro/din0[28]    1.000000    1.467689   -0.467689 (VIOLATED)
i_soc.i_ai_sram.u_sram.gen_bank[4].gen_512.u_macro/din0[10]    1.000000    1.466878   -0.466878 (VIOLATED)
i_soc.i_ai_sram.u_sram.gen_bank[0].gen_512.u_macro/din0[12]    1.000000    1.466383   -0.466383 (VIOLATED)
ANTENNA_i_soc.i_instr_sram.u_sram.gen_bank[0].gen_512.u_macro_din0[26]/DIODE    1.000000    1.466090   -0.466090 (VIOLATED)
ANTENNA_i_soc.i_instr_sram.u_sram.gen_bank[0].gen_512.u_macro_din0[29]/DIODE    1.000000    1.465546   -0.465546 (VIOLATED)
ANTENNA_i_soc.i_instr_sram.u_sram.gen_bank[2].gen_512.u_macro_din0[19]/DIODE    1.000000    1.464947   -0.464947 (VIOLATED)
ANTENNA__10__X/DIODE                    1.000000    1.463993   -0.463993 (VIOLATED)
_10_/X                                  1.000000    1.463961   -0.463961 (VIOLATED)
ANTENNA_i_soc.i_instr_sram.u_sram.gen_bank[3].gen_512.u_macro_din0[17]/DIODE    1.000000    1.462431   -0.462431 (VIOLATED)
output30/A                              1.000000    1.456613   -0.456613 (VIOLATED)
ANTENNA_output30_A/DIODE                1.000000    1.456597   -0.456597 (VIOLATED)
ANTENNA_i_soc.i_instr_sram.u_sram.gen_bank[2].gen_512.u_macro_din0[6]/DIODE    1.000000    1.456209   -0.456209 (VIOLATED)
ANTENNA_i_soc.i_data_sram.u_sram.gen_bank[2].gen_512.u_macro_din0[25]/DIODE    1.000000    1.455979   -0.455978 (VIOLATED)
i_soc.i_gpio._095_/B                    1.000000    1.455896   -0.455896 (VIOLATED)
ANTENNA_i_soc.i_gpio._095__B/DIODE      1.000000    1.455890   -0.455890 (VIOLATED)
output32/A                              1.000000    1.455756   -0.455756 (VIOLATED)
ANTENNA_output32_A/DIODE                1.000000    1.455733   -0.455733 (VIOLATED)
ANTENNA_i_soc.i_instr_sram.u_sram.gen_bank[3].gen_512.u_macro_din0[29]/DIODE    1.000000    1.454889   -0.454889 (VIOLATED)
ANTENNA_i_soc.i_instr_sram.u_sram.gen_bank[2].gen_512.u_macro_din0[25]/DIODE    1.000000    1.454707   -0.454707 (VIOLATED)
i_soc.i_ai_sram.u_sram.gen_bank[4].gen_512.u_macro/din0[26]    1.000000    1.454190   -0.454190 (VIOLATED)
ANTENNA_i_soc.i_instr_sram.u_sram.gen_bank[3].gen_512.u_macro_din0[23]/DIODE    1.000000    1.452430   -0.452430 (VIOLATED)
ANTENNA_i_soc.i_instr_sram.u_sram.gen_bank[0].gen_512.u_macro_din0[14]/DIODE    1.000000    1.452373   -0.452373 (VIOLATED)
i_soc.i_ai_sram.u_sram._436_/B          1.000000    1.451734   -0.451734 (VIOLATED)
ANTENNA_i_soc.i_ai_sram.u_sram._436__B/DIODE    1.000000    1.451732   -0.451732 (VIOLATED)
i_soc.i_crossbar._0873_/A               1.000000    1.451720   -0.451720 (VIOLATED)
ANTENNA_i_soc.i_crossbar._0873__A/DIODE    1.000000    1.451719   -0.451719 (VIOLATED)
ANTENNA_i_soc.i_obi_axi_instr._119__X/DIODE    1.000000    1.451300   -0.451300 (VIOLATED)
i_soc.i_obi_axi_instr._119_/X           1.000000    1.451298   -0.451298 (VIOLATED)
ANTENNA_i_soc.i_gpio._225__Q/DIODE      1.000000    1.451081   -0.451081 (VIOLATED)
i_soc.i_gpio._225_/Q                    1.000000    1.451047   -0.451047 (VIOLATED)
ANTENNA_i_soc.i_instr_sram.u_sram.gen_bank[2].gen_512.u_macro_din0[20]/DIODE    1.000000    1.450305   -0.450305 (VIOLATED)
i_soc.i_ai_sram.u_sram.gen_bank[0].gen_512.u_macro/din0[27]    1.000000    1.448259   -0.448259 (VIOLATED)
fanout6522/A                            1.000000    1.447849   -0.447849 (VIOLATED)
ANTENNA_fanout6522_A/DIODE              1.000000    1.447848   -0.447848 (VIOLATED)
ANTENNA_i_soc.i_ai_sram.u_sram._570__B1_N/DIODE    1.000000    1.447844   -0.447844 (VIOLATED)
i_soc.i_ai_sram.u_sram._570_/B1_N       1.000000    1.447844   -0.447844 (VIOLATED)
i_soc.i_ai_sram.u_sram._571_/A1         1.000000    1.447843   -0.447843 (VIOLATED)
ANTENNA_i_soc.i_ai_sram.u_sram._571__A1/DIODE    1.000000    1.447825   -0.447825 (VIOLATED)
ANTENNA_i_soc.i_ai_sram.u_sram._553__B1_N/DIODE    1.000000    1.447801   -0.447801 (VIOLATED)
i_soc.i_ai_sram.u_sram._553_/B1_N       1.000000    1.447801   -0.447801 (VIOLATED)
i_soc.i_ai_sram.u_sram._560_/A1         1.000000    1.447787   -0.447787 (VIOLATED)
ANTENNA_i_soc.i_ai_sram.u_sram._560__A1/DIODE    1.000000    1.447762   -0.447762 (VIOLATED)
ANTENNA_i_soc.i_ai_sram.u_sram._542__B1_N/DIODE    1.000000    1.447740   -0.447740 (VIOLATED)
i_soc.i_ai_sram.u_sram._542_/B1_N       1.000000    1.447740   -0.447740 (VIOLATED)
i_soc.i_ai_sram.u_sram._549_/A1         1.000000    1.447739   -0.447739 (VIOLATED)
ANTENNA_i_soc.i_ai_sram.u_sram._549__A1/DIODE    1.000000    1.447734   -0.447734 (VIOLATED)
ANTENNA_i_soc.i_ai_sram.u_sram._526__B1_N/DIODE    1.000000    1.447733   -0.447733 (VIOLATED)
i_soc.i_ai_sram.u_sram._526_/B1_N       1.000000    1.447732   -0.447732 (VIOLATED)
ANTENNA_i_soc.i_ai_sram.u_sram._531__B1_N/DIODE    1.000000    1.447727   -0.447727 (VIOLATED)
i_soc.i_ai_sram.u_sram._531_/B1_N       1.000000    1.447723   -0.447723 (VIOLATED)
i_soc.i_ai_sram.u_sram._538_/A1         1.000000    1.447714   -0.447714 (VIOLATED)
ANTENNA_i_soc.i_ai_sram.u_sram._538__A1/DIODE    1.000000    1.447710   -0.447710 (VIOLATED)
ANTENNA_i_soc.i_data_sram.u_sram.gen_bank[2].gen_512.u_macro_din0[18]/DIODE    1.000000    1.447709   -0.447709 (VIOLATED)
i_soc.i_ai_sram.u_sram._527_/A1         1.000000    1.447677   -0.447677 (VIOLATED)
ANTENNA_i_soc.i_ai_sram.u_sram._527__A1/DIODE    1.000000    1.447640   -0.447640 (VIOLATED)
i_soc.i_ai_sram.u_sram._516_/A1         1.000000    1.447587   -0.447587 (VIOLATED)
ANTENNA_i_soc.i_ai_sram.u_sram._509__B1_N/DIODE    1.000000    1.447583   -0.447583 (VIOLATED)
i_soc.i_ai_sram.u_sram._509_/B1_N       1.000000    1.447583   -0.447583 (VIOLATED)
ANTENNA_i_soc.i_ai_sram.u_sram._516__A1/DIODE    1.000000    1.447577   -0.447577 (VIOLATED)
i_soc.i_ai_sram.u_sram._505_/A1         1.000000    1.447537   -0.447537 (VIOLATED)
ANTENNA_i_soc.i_ai_sram.u_sram._505__A1/DIODE    1.000000    1.447487   -0.447487 (VIOLATED)
ANTENNA_i_soc.i_ai_sram.u_sram._435__X/DIODE    1.000000    1.447450   -0.447450 (VIOLATED)
i_soc.i_ai_sram.u_sram._498_/B1_N       1.000000    1.447407   -0.447407 (VIOLATED)
i_soc.i_ai_sram.u_sram._435_/X          1.000000    1.447369   -0.447369 (VIOLATED)
ANTENNA_i_soc.i_ai_sram.u_sram._498__B1_N/DIODE    1.000000    1.447356   -0.447356 (VIOLATED)
ANTENNA_i_soc.i_ai_sram.u_sram._487__B1_N/DIODE    1.000000    1.447299   -0.447299 (VIOLATED)
i_soc.i_ai_sram.u_sram._487_/B1_N       1.000000    1.447298   -0.447298 (VIOLATED)
i_soc.i_ai_sram.u_sram._494_/A1         1.000000    1.447295   -0.447295 (VIOLATED)
ANTENNA_i_soc.i_ai_sram.u_sram._494__A1/DIODE    1.000000    1.447283   -0.447283 (VIOLATED)
i_soc.i_ai_sram.u_sram._483_/A1         1.000000    1.447253   -0.447253 (VIOLATED)
ANTENNA_i_soc.i_ai_sram.u_sram._482__B1_N/DIODE    1.000000    1.447243   -0.447243 (VIOLATED)
i_soc.i_ai_sram.u_sram._482_/B1_N       1.000000    1.447243   -0.447243 (VIOLATED)
ANTENNA_i_soc.i_ai_sram.u_sram._483__A1/DIODE    1.000000    1.447198   -0.447198 (VIOLATED)
i_soc.i_ai_sram.u_sram._465_/B1_N       1.000000    1.447137   -0.447137 (VIOLATED)
ANTENNA_i_soc.i_ai_sram.u_sram._465__B1_N/DIODE    1.000000    1.447075   -0.447075 (VIOLATED)
ANTENNA_i_soc.i_ai_sram.u_sram._472__A1/DIODE    1.000000    1.446961   -0.446961 (VIOLATED)
i_soc.i_ai_sram.u_sram._472_/A1         1.000000    1.446929   -0.446929 (VIOLATED)
i_soc.i_ai_sram.u_sram._461_/A1         1.000000    1.446898   -0.446898 (VIOLATED)
ANTENNA_i_soc.i_ai_sram.u_sram._461__A1/DIODE    1.000000    1.446857   -0.446857 (VIOLATED)
i_soc.i_ai_sram.u_sram._454_/B1_N       1.000000    1.446828   -0.446828 (VIOLATED)
ANTENNA_i_soc.i_ai_sram.u_sram._454__B1_N/DIODE    1.000000    1.446782   -0.446782 (VIOLATED)
i_soc.i_ai_sram.u_sram.gen_bank[1].gen_512.u_macro/din0[26]    1.000000    1.446771   -0.446771 (VIOLATED)
ANTENNA_i_soc.i_ai_sram.u_sram._443__B1_N/DIODE    1.000000    1.446768   -0.446768 (VIOLATED)
i_soc.i_ai_sram.u_sram._443_/B1_N       1.000000    1.446737   -0.446737 (VIOLATED)
ANTENNA_i_soc.i_ai_sram.u_sram._450__A1/DIODE    1.000000    1.446709   -0.446709 (VIOLATED)
i_soc.i_ai_sram.u_sram._450_/A1         1.000000    1.446709   -0.446709 (VIOLATED)
ANTENNA_i_soc.i_instr_sram.u_sram.gen_bank[3].gen_512.u_macro_din0[26]/DIODE    1.000000    1.446681   -0.446681 (VIOLATED)
i_soc.i_ai_sram.u_sram._439_/A1         1.000000    1.446666   -0.446666 (VIOLATED)
i_soc.i_ai_sram.u_sram._421_/B1_N       1.000000    1.446640   -0.446640 (VIOLATED)
i_soc.i_ai_sram.u_sram._438_/B1_N       1.000000    1.446640   -0.446640 (VIOLATED)
ANTENNA_i_soc.i_ai_sram.u_sram._421__B1_N/DIODE    1.000000    1.446639   -0.446639 (VIOLATED)
ANTENNA_i_soc.i_ai_sram.u_sram._438__B1_N/DIODE    1.000000    1.446639   -0.446639 (VIOLATED)
ANTENNA_i_soc.i_ai_sram.u_sram._439__A1/DIODE    1.000000    1.446617   -0.446618 (VIOLATED)
ANTENNA_i_soc.i_ai_sram.u_sram._762__A0/DIODE    1.000000    1.446583   -0.446583 (VIOLATED)
ANTENNA_i_soc.i_ai_sram.u_sram._409__B1_N/DIODE    1.000000    1.446571   -0.446571 (VIOLATED)
ANTENNA_i_soc.i_ai_sram.u_sram._417__A1/DIODE    1.000000    1.446571   -0.446571 (VIOLATED)
i_soc.i_ai_sram.u_sram._409_/B1_N       1.000000    1.446571   -0.446571 (VIOLATED)
i_soc.i_ai_sram.u_sram._417_/A1         1.000000    1.446571   -0.446571 (VIOLATED)
i_soc.i_ai_sram.u_sram._428_/A1         1.000000    1.446570   -0.446570 (VIOLATED)
ANTENNA_i_soc.i_ai_sram.u_sram._428__A1/DIODE    1.000000    1.446569   -0.446569 (VIOLATED)
i_soc.i_ai_sram.u_sram._762_/A0         1.000000    1.446567   -0.446567 (VIOLATED)
ANTENNA_fanout6523_X/DIODE              1.000000    1.446558   -0.446558 (VIOLATED)
fanout6523/X                            1.000000    1.446558   -0.446558 (VIOLATED)
ANTENNA_i_soc.i_data_sram.u_sram.gen_bank[3].gen_512.u_macro_din0[18]/DIODE    1.000000    1.445893   -0.445893 (VIOLATED)
ANTENNA_i_soc.i_crossbar._0853__X/DIODE    1.000000    1.445814   -0.445814 (VIOLATED)
ANTENNA_i_soc.i_data_sram.u_sram.gen_bank[0].gen_512.u_macro_din0[30]/DIODE    1.000000    1.445790   -0.445790 (VIOLATED)
i_soc.i_crossbar._0853_/X               1.000000    1.445766   -0.445766 (VIOLATED)
i_soc.i_ai_sram.u_sram.gen_bank[2].gen_512.u_macro/din0[24]    1.000000    1.445263   -0.445262 (VIOLATED)
ANTENNA_i_soc.i_data_sram.u_sram.gen_bank[0].gen_512.u_macro_din0[25]/DIODE    1.000000    1.444697   -0.444697 (VIOLATED)
ANTENNA_i_soc.i_data_sram.u_sram.gen_bank[1].gen_512.u_macro_din0[17]/DIODE    1.000000    1.444496   -0.444496 (VIOLATED)
ANTENNA_i_soc.i_data_sram.u_sram.gen_bank[1].gen_512.u_macro_din0[18]/DIODE    1.000000    1.444316   -0.444316 (VIOLATED)
ANTENNA_i_soc.i_data_sram.u_sram.gen_bank[3].gen_512.u_macro_din0[17]/DIODE    1.000000    1.444288   -0.444288 (VIOLATED)
ANTENNA_i_soc.i_crossbar._0848__X/DIODE    1.000000    1.444152   -0.444152 (VIOLATED)
i_soc.i_crossbar._0848_/X               1.000000    1.444102   -0.444102 (VIOLATED)
ANTENNA_i_soc.i_qspi._13002__A1/DIODE    1.000000    1.442937   -0.442937 (VIOLATED)
i_soc.i_qspi._13002_/A1                 1.000000    1.442937   -0.442937 (VIOLATED)
ANTENNA_i_soc.i_qspi._12969__A0/DIODE    1.000000    1.442936   -0.442936 (VIOLATED)
i_soc.i_qspi._12969_/A0                 1.000000    1.442936   -0.442936 (VIOLATED)
ANTENNA_i_soc.i_qspi._10881__A0/DIODE    1.000000    1.442935   -0.442935 (VIOLATED)
ANTENNA_i_soc.i_qspi._10975__A1/DIODE    1.000000    1.442935   -0.442935 (VIOLATED)
i_soc.i_qspi._10881_/A0                 1.000000    1.442935   -0.442935 (VIOLATED)
i_soc.i_qspi._10975_/A1                 1.000000    1.442935   -0.442935 (VIOLATED)
i_soc.i_qspi._11280_/A0                 1.000000    1.442934   -0.442934 (VIOLATED)
ANTENNA_i_soc.i_qspi._11280__A0/DIODE    1.000000    1.442934   -0.442934 (VIOLATED)
i_soc.i_qspi._12009_/A0                 1.000000    1.442934   -0.442934 (VIOLATED)
ANTENNA_i_soc.i_qspi._10940__A0/DIODE    1.000000    1.442933   -0.442933 (VIOLATED)
ANTENNA_i_soc.i_qspi._12009__A0/DIODE    1.000000    1.442933   -0.442933 (VIOLATED)
i_soc.i_qspi._12903_/A1                 1.000000    1.442933   -0.442933 (VIOLATED)
i_soc.i_qspi._11644_/A0                 1.000000    1.442932   -0.442932 (VIOLATED)
ANTENNA_i_soc.i_qspi._11644__A0/DIODE    1.000000    1.442932   -0.442932 (VIOLATED)
i_soc.i_qspi._12936_/A0                 1.000000    1.442931   -0.442931 (VIOLATED)
i_soc.i_qspi._10940_/A0                 1.000000    1.442930   -0.442930 (VIOLATED)
ANTENNA_i_soc.i_qspi._12903__A1/DIODE    1.000000    1.442929   -0.442929 (VIOLATED)
ANTENNA_i_soc.i_qspi._12936__A0/DIODE    1.000000    1.442927   -0.442927 (VIOLATED)
i_soc.i_qspi._11111_/A0                 1.000000    1.442919   -0.442919 (VIOLATED)
ANTENNA_i_soc.i_qspi._11111__A0/DIODE    1.000000    1.442918   -0.442918 (VIOLATED)
i_soc.i_qspi._12375_/A1                 1.000000    1.442913   -0.442913 (VIOLATED)
ANTENNA_i_soc.i_qspi._12375__A1/DIODE    1.000000    1.442910   -0.442910 (VIOLATED)
ANTENNA_i_soc.i_qspi._11077__A1/DIODE    1.000000    1.442902   -0.442902 (VIOLATED)
i_soc.i_qspi._11077_/A1                 1.000000    1.442902   -0.442902 (VIOLATED)
ANTENNA_i_soc.i_qspi._11043__A0/DIODE    1.000000    1.442898   -0.442898 (VIOLATED)
i_soc.i_qspi._11043_/A0                 1.000000    1.442890   -0.442890 (VIOLATED)
ANTENNA_i_soc.i_qspi._12738__A0/DIODE    1.000000    1.442887   -0.442887 (VIOLATED)
i_soc.i_qspi._12738_/A0                 1.000000    1.442887   -0.442887 (VIOLATED)
ANTENNA_i_soc.i_qspi._11778__A1/DIODE    1.000000    1.442885   -0.442885 (VIOLATED)
i_soc.i_qspi._11778_/A1                 1.000000    1.442885   -0.442885 (VIOLATED)
ANTENNA_i_soc.i_qspi._11811__A0/DIODE    1.000000    1.442885   -0.442885 (VIOLATED)
i_soc.i_qspi._11811_/A0                 1.000000    1.442885   -0.442885 (VIOLATED)
i_soc.i_qspi._11009_/A1                 1.000000    1.442884   -0.442884 (VIOLATED)
ANTENNA_i_soc.i_qspi._11009__A1/DIODE    1.000000    1.442884   -0.442884 (VIOLATED)
i_soc.i_qspi._11844_/A1                 1.000000    1.442884   -0.442884 (VIOLATED)
ANTENNA_i_soc.i_qspi._11745__A0/DIODE    1.000000    1.442883   -0.442883 (VIOLATED)
ANTENNA_i_soc.i_qspi._11844__A1/DIODE    1.000000    1.442883   -0.442883 (VIOLATED)
ANTENNA_i_soc.i_qspi._11877__A1/DIODE    1.000000    1.442883   -0.442883 (VIOLATED)
i_soc.i_qspi._11745_/A0                 1.000000    1.442883   -0.442883 (VIOLATED)
i_soc.i_qspi._11877_/A1                 1.000000    1.442883   -0.442883 (VIOLATED)
i_soc.i_qspi._11910_/A0                 1.000000    1.442883   -0.442883 (VIOLATED)
ANTENNA_i_soc.i_qspi._11910__A0/DIODE    1.000000    1.442882   -0.442882 (VIOLATED)
ANTENNA_i_soc.i_qspi._11943__A1/DIODE    1.000000    1.442882   -0.442882 (VIOLATED)
i_soc.i_qspi._11943_/A1                 1.000000    1.442882   -0.442882 (VIOLATED)
ANTENNA_i_soc.i_qspi._11976__A0/DIODE    1.000000    1.442881   -0.442881 (VIOLATED)
ANTENNA_i_soc.i_qspi._12241__A1/DIODE    1.000000    1.442880   -0.442880 (VIOLATED)
i_soc.i_qspi._11976_/A0                 1.000000    1.442881   -0.442881 (VIOLATED)
i_soc.i_qspi._12241_/A1                 1.000000    1.442881   -0.442881 (VIOLATED)
ANTENNA_i_soc.i_qspi._12043__A0/DIODE    1.000000    1.442880   -0.442880 (VIOLATED)
ANTENNA_i_soc.i_qspi._12076__A0/DIODE    1.000000    1.442880   -0.442880 (VIOLATED)
i_soc.i_qspi._12043_/A0                 1.000000    1.442880   -0.442880 (VIOLATED)
i_soc.i_qspi._12076_/A0                 1.000000    1.442880   -0.442880 (VIOLATED)
ANTENNA_i_soc.i_qspi._12142__A0/DIODE    1.000000    1.442879   -0.442879 (VIOLATED)
ANTENNA_i_soc.i_qspi._12274__A0/DIODE    1.000000    1.442878   -0.442878 (VIOLATED)
i_soc.i_qspi._12142_/A0                 1.000000    1.442879   -0.442879 (VIOLATED)
i_soc.i_qspi._12274_/A0                 1.000000    1.442878   -0.442879 (VIOLATED)
ANTENNA_fanout1601_X/DIODE              1.000000    1.442876   -0.442876 (VIOLATED)
ANTENNA_i_soc.i_qspi._12109__A0/DIODE    1.000000    1.442876   -0.442876 (VIOLATED)
ANTENNA_i_soc.i_qspi._12175__A1/DIODE    1.000000    1.442876   -0.442876 (VIOLATED)
ANTENNA_i_soc.i_qspi._12208__A0/DIODE    1.000000    1.442876   -0.442876 (VIOLATED)
fanout1601/X                            1.000000    1.442876   -0.442876 (VIOLATED)
i_soc.i_qspi._12109_/A0                 1.000000    1.442876   -0.442876 (VIOLATED)
i_soc.i_qspi._12175_/A1                 1.000000    1.442876   -0.442876 (VIOLATED)
i_soc.i_qspi._12208_/A0                 1.000000    1.442876   -0.442876 (VIOLATED)
output27/A                              1.000000    1.441972   -0.441972 (VIOLATED)
ANTENNA_output27_A/DIODE                1.000000    1.441960   -0.441960 (VIOLATED)
ANTENNA_i_soc.i_data_sram.u_sram.gen_bank[2].gen_512.u_macro_din0[28]/DIODE    1.000000    1.441719   -0.441719 (VIOLATED)
ANTENNA_i_soc.i_data_sram.u_sram.gen_bank[0].gen_512.u_macro_din0[18]/DIODE    1.000000    1.440772   -0.440772 (VIOLATED)
ANTENNA_i_soc.i_gpio._137__B/DIODE      1.000000    1.440697   -0.440697 (VIOLATED)
i_soc.i_gpio._137_/B                    1.000000    1.440697   -0.440697 (VIOLATED)
ANTENNA_i_soc.i_crossbar._0841__X/DIODE    1.000000    1.440604   -0.440604 (VIOLATED)
ANTENNA__14__X/DIODE                    1.000000    1.440604   -0.440604 (VIOLATED)
_14_/X                                  1.000000    1.440595   -0.440595 (VIOLATED)
i_soc.i_crossbar._0841_/X               1.000000    1.440573   -0.440573 (VIOLATED)
i_soc.i_qspi._14889_/A1                 1.000000    1.438786   -0.438786 (VIOLATED)
i_soc.i_qspi._15087_/A1                 1.000000    1.438782   -0.438782 (VIOLATED)
ANTENNA_i_soc.i_qspi._14889__A1/DIODE    1.000000    1.438775   -0.438775 (VIOLATED)
ANTENNA_i_soc.i_qspi._15087__A1/DIODE    1.000000    1.438765   -0.438765 (VIOLATED)
i_soc.i_qspi._13059_/A1                 1.000000    1.438763   -0.438763 (VIOLATED)
ANTENNA_i_soc.i_qspi._13059__A1/DIODE    1.000000    1.438754   -0.438754 (VIOLATED)
i_soc.i_qspi._13796_/A1                 1.000000    1.438748   -0.438748 (VIOLATED)
ANTENNA_i_soc.i_qspi._13796__A1/DIODE    1.000000    1.438746   -0.438746 (VIOLATED)
i_soc.i_qspi._15054_/A1                 1.000000    1.438741   -0.438741 (VIOLATED)
ANTENNA_i_soc.i_qspi._15054__A1/DIODE    1.000000    1.438735   -0.438735 (VIOLATED)
i_soc.i_qspi._14525_/A1                 1.000000    1.438731   -0.438731 (VIOLATED)
ANTENNA_i_soc.i_qspi._14525__A1/DIODE    1.000000    1.438725   -0.438725 (VIOLATED)
ANTENNA_i_soc.i_qspi._14160__A1/DIODE    1.000000    1.438719   -0.438719 (VIOLATED)
i_soc.i_qspi._14160_/A1                 1.000000    1.438717   -0.438718 (VIOLATED)
i_soc.i_qspi._13432_/A1                 1.000000    1.438678   -0.438678 (VIOLATED)
ANTENNA_i_soc.i_qspi._13432__A1/DIODE    1.000000    1.438673   -0.438673 (VIOLATED)
ANTENNA_i_soc.i_qspi._15153__A1/DIODE    1.000000    1.438659   -0.438659 (VIOLATED)
i_soc.i_qspi._15153_/A1                 1.000000    1.438659   -0.438659 (VIOLATED)
i_soc.i_qspi._15120_/A1                 1.000000    1.438597   -0.438597 (VIOLATED)
ANTENNA_i_soc.i_qspi._15120__A1/DIODE    1.000000    1.438595   -0.438595 (VIOLATED)
i_soc.i_ai_sram.u_sram.gen_bank[4].gen_512.u_macro/din0[7]    1.000000    1.438517   -0.438517 (VIOLATED)
ANTENNA__11__X/DIODE                    1.000000    1.437936   -0.437936 (VIOLATED)
_11_/X                                  1.000000    1.437921   -0.437921 (VIOLATED)
ANTENNA_i_soc.i_instr_sram.u_sram.gen_bank[1].gen_512.u_macro_din0[28]/DIODE    1.000000    1.437832   -0.437832 (VIOLATED)
ANTENNA_i_soc.i_crossbar._1027__X/DIODE    1.000000    1.437807   -0.437807 (VIOLATED)
i_soc.i_crossbar._1027_/X               1.000000    1.437787   -0.437787 (VIOLATED)
i_soc.i_qspi._13763_/A1                 1.000000    1.437676   -0.437676 (VIOLATED)
ANTENNA_i_soc.i_qspi._13763__A1/DIODE    1.000000    1.437663   -0.437663 (VIOLATED)
ANTENNA_i_soc.i_qspi._13862__A1/DIODE    1.000000    1.437611   -0.437611 (VIOLATED)
i_soc.i_qspi._13862_/A1                 1.000000    1.437609   -0.437609 (VIOLATED)
i_soc.i_qspi._13730_/A1                 1.000000    1.437537   -0.437537 (VIOLATED)
ANTENNA_i_soc.i_qspi._13730__A1/DIODE    1.000000    1.437533   -0.437533 (VIOLATED)
i_soc.i_qspi._13829_/A1                 1.000000    1.437458   -0.437458 (VIOLATED)
ANTENNA_i_soc.i_qspi._13829__A1/DIODE    1.000000    1.437456   -0.437456 (VIOLATED)
ANTENNA_i_soc.i_qspi._13697__A1/DIODE    1.000000    1.437370   -0.437370 (VIOLATED)
i_soc.i_qspi._13697_/A1                 1.000000    1.437324   -0.437324 (VIOLATED)
i_soc.i_qspi._13664_/A1                 1.000000    1.437186   -0.437187 (VIOLATED)
ANTENNA_i_soc.i_qspi._13664__A1/DIODE    1.000000    1.437185   -0.437185 (VIOLATED)
ANTENNA_i_soc.i_gpio._239__Q/DIODE      1.000000    1.436180   -0.436180 (VIOLATED)
i_soc.i_gpio._239_/Q                    1.000000    1.436169   -0.436169 (VIOLATED)
ANTENNA_fanout4267_A/DIODE              1.000000    1.436157   -0.436157 (VIOLATED)
fanout4267/A                            1.000000    1.436146   -0.436146 (VIOLATED)
ANTENNA_fanout4269_X/DIODE              1.000000    1.436139   -0.436139 (VIOLATED)
fanout4269/X                            1.000000    1.436139   -0.436139 (VIOLATED)
ANTENNA_i_soc.i_data_sram.u_sram.gen_bank[1].gen_512.u_macro_din0[12]/DIODE    1.000000    1.435976   -0.435976 (VIOLATED)
ANTENNA_i_soc.i_data_sram.u_sram.gen_bank[2].gen_512.u_macro_din0[17]/DIODE    1.000000    1.435877   -0.435877 (VIOLATED)
ANTENNA_i_soc.i_data_sram.u_sram.gen_bank[3].gen_512.u_macro_din0[12]/DIODE    1.000000    1.435777   -0.435777 (VIOLATED)
i_soc.i_ai_sram.u_sram._529_/B          1.000000    1.435072   -0.435072 (VIOLATED)
ANTENNA_i_soc.i_ai_sram.u_sram._529__B/DIODE    1.000000    1.435068   -0.435068 (VIOLATED)
i_soc.i_ai_sram.u_sram._524_/B          1.000000    1.433817   -0.433817 (VIOLATED)
ANTENNA_i_soc.i_ai_sram.u_sram._524__B/DIODE    1.000000    1.433816   -0.433816 (VIOLATED)
ANTENNA_i_soc.i_instr_sram.u_sram.gen_bank[0].gen_512.u_macro_din0[31]/DIODE    1.000000    1.433260   -0.433260 (VIOLATED)
ANTENNA_i_soc.i_instr_sram.u_sram.gen_bank[0].gen_512.u_macro_din0[12]/DIODE    1.000000    1.432160   -0.432161 (VIOLATED)
i_soc.i_ai_sram.u_sram._452_/B          1.000000    1.430852   -0.430852 (VIOLATED)
ANTENNA_i_soc.i_ai_sram.u_sram._452__B/DIODE    1.000000    1.430834   -0.430834 (VIOLATED)
ANTENNA_i_soc.i_ai_sram.u_sram._523__X/DIODE    1.000000    1.429065   -0.429065 (VIOLATED)
i_soc.i_ai_sram.u_sram._523_/X          1.000000    1.429007   -0.429007 (VIOLATED)
i_soc.i_ai_sram.u_sram._485_/B          1.000000    1.427663   -0.427663 (VIOLATED)
ANTENNA_i_soc.i_ai_sram.u_sram._485__B/DIODE    1.000000    1.427632   -0.427632 (VIOLATED)
load_slew1829/A                         1.000000    1.427582   -0.427582 (VIOLATED)
ANTENNA_load_slew1829_A/DIODE           1.000000    1.427570   -0.427570 (VIOLATED)
ANTENNA_i_soc.i_instr_sram.u_sram.gen_bank[3].gen_512.u_macro_din0[5]/DIODE    1.000000    1.427469   -0.427469 (VIOLATED)
ANTENNA_i_soc.i_data_sram.u_sram.gen_bank[3].gen_512.u_macro_din0[28]/DIODE    1.000000    1.426859   -0.426859 (VIOLATED)
ANTENNA_i_soc.i_instr_sram.u_sram.gen_bank[1].gen_512.u_macro_din0[18]/DIODE    1.000000    1.425375   -0.425375 (VIOLATED)
ANTENNA_i_soc.i_crossbar._1017__X/DIODE    1.000000    1.425333   -0.425333 (VIOLATED)
i_soc.i_crossbar._1017_/X               1.000000    1.425314   -0.425314 (VIOLATED)
i_soc.i_ai_sram.u_sram.gen_bank[4].gen_512.u_macro/din0[23]    1.000000    1.424552   -0.424552 (VIOLATED)
ANTENNA_i_soc.i_instr_sram.u_sram.gen_bank[1].gen_512.u_macro_din0[23]/DIODE    1.000000    1.424275   -0.424275 (VIOLATED)
ANTENNA_i_soc.i_crossbar._1022__X/DIODE    1.000000    1.424197   -0.424197 (VIOLATED)
ANTENNA_i_soc.i_instr_sram.u_sram.gen_bank[2].gen_512.u_macro_din0[4]/DIODE    1.000000    1.424192   -0.424192 (VIOLATED)
i_soc.i_crossbar._1022_/X               1.000000    1.424180   -0.424180 (VIOLATED)
clkbuf_leaf_2_clk_i/A                   1.000000    1.423935   -0.423935 (VIOLATED)
ANTENNA_i_soc.i_data_sram.u_sram.gen_bank[3].gen_512.u_macro_din0[16]/DIODE    1.000000    1.423908   -0.423907 (VIOLATED)
ANTENNA_i_soc.i_instr_sram.u_sram.gen_bank[0].gen_512.u_macro_din0[25]/DIODE    1.000000    1.423695   -0.423695 (VIOLATED)
ANTENNA_i_soc.i_data_sram.u_sram.gen_bank[2].gen_512.u_macro_din0[16]/DIODE    1.000000    1.423238   -0.423238 (VIOLATED)
ANTENNA_i_soc.i_instr_sram.u_sram.gen_bank[1].gen_512.u_macro_din0[17]/DIODE    1.000000    1.421391   -0.421391 (VIOLATED)
ANTENNA_i_soc.i_data_sram.u_sram.gen_bank[2].gen_512.u_macro_din0[11]/DIODE    1.000000    1.421356   -0.421356 (VIOLATED)
ANTENNA_i_soc.i_crossbar._1016__X/DIODE    1.000000    1.421264   -0.421264 (VIOLATED)
i_soc.i_crossbar._1016_/X               1.000000    1.421244   -0.421244 (VIOLATED)
ANTENNA_clkbuf_leaf_2_clk_i_A/DIODE     1.000000    1.421116   -0.421116 (VIOLATED)
i_soc.i_ai_sram.u_sram.gen_bank[6].gen_512.u_macro/din0[30]    1.000000    1.421112   -0.421112 (VIOLATED)
i_soc.i_ai_sram.u_sram.gen_bank[0].gen_512.u_macro/din0[5]    1.000000    1.420222   -0.420222 (VIOLATED)
ANTENNA_i_soc.i_data_sram.u_sram.gen_bank[2].gen_512.u_macro_din0[12]/DIODE    1.000000    1.419336   -0.419336 (VIOLATED)
ANTENNA_i_soc.i_data_sram.u_sram.gen_bank[0].gen_512.u_macro_din0[17]/DIODE    1.000000    1.419304   -0.419304 (VIOLATED)
i_soc.i_gpio._107_/B                    1.000000    1.419248   -0.419248 (VIOLATED)
ANTENNA_i_soc.i_gpio._107__B/DIODE      1.000000    1.419241   -0.419241 (VIOLATED)
i_soc.i_ai_sram.u_sram.gen_bank[2].gen_512.u_macro/din0[26]    1.000000    1.419215   -0.419215 (VIOLATED)
ANTENNA_i_soc.i_crossbar._0840__X/DIODE    1.000000    1.418635   -0.418635 (VIOLATED)
i_soc.i_crossbar._0840_/X               1.000000    1.418564   -0.418564 (VIOLATED)
i_soc.i_gpio._101_/B                    1.000000    1.418031   -0.418031 (VIOLATED)
ANTENNA_i_soc.i_gpio._101__B/DIODE      1.000000    1.418029   -0.418029 (VIOLATED)
i_soc.i_ai_sram.u_sram.gen_bank[4].gen_512.u_macro/din0[6]    1.000000    1.417801   -0.417801 (VIOLATED)
ANTENNA_i_soc.i_instr_sram.u_sram.gen_bank[2].gen_512.u_macro_din0[30]/DIODE    1.000000    1.416438   -0.416438 (VIOLATED)
ANTENNA_i_soc.i_gpio._128__B/DIODE      1.000000    1.416430   -0.416430 (VIOLATED)
i_soc.i_gpio._128_/B                    1.000000    1.416430   -0.416430 (VIOLATED)
ANTENNA_i_soc.i_data_sram.u_sram.gen_bank[1].gen_512.u_macro_din0[16]/DIODE    1.000000    1.416359   -0.416359 (VIOLATED)
output37/A                              1.000000    1.416198   -0.416198 (VIOLATED)
ANTENNA_output37_A/DIODE                1.000000    1.416092   -0.416092 (VIOLATED)
ANTENNA_i_soc.i_instr_sram.u_sram.gen_bank[2].gen_512.u_macro_din0[24]/DIODE    1.000000    1.415902   -0.415903 (VIOLATED)
ANTENNA_i_soc.i_ai_sram.u_sram._462__X/DIODE    1.000000    1.415785   -0.415785 (VIOLATED)
i_soc.i_ai_sram.u_sram._462_/X          1.000000    1.415715   -0.415715 (VIOLATED)
ANTENNA_i_soc.i_qspi._12448__A0/DIODE    1.000000    1.415681   -0.415681 (VIOLATED)
i_soc.i_qspi._12448_/A0                 1.000000    1.415681   -0.415681 (VIOLATED)
i_soc.i_qspi._12316_/A0                 1.000000    1.415679   -0.415679 (VIOLATED)
ANTENNA_i_soc.i_qspi._12349__A0/DIODE    1.000000    1.415678   -0.415678 (VIOLATED)
i_soc.i_qspi._12349_/A0                 1.000000    1.415678   -0.415678 (VIOLATED)
ANTENNA_i_soc.i_qspi._12316__A0/DIODE    1.000000    1.415671   -0.415671 (VIOLATED)
i_soc.i_qspi._12415_/A0                 1.000000    1.415660   -0.415660 (VIOLATED)
ANTENNA_i_soc.i_qspi._12415__A0/DIODE    1.000000    1.415659   -0.415659 (VIOLATED)
ANTENNA_i_soc.i_qspi._12514__A0/DIODE    1.000000    1.415654   -0.415654 (VIOLATED)
i_soc.i_qspi._12514_/A0                 1.000000    1.415654   -0.415654 (VIOLATED)
ANTENNA_i_soc.i_qspi._12547__A1/DIODE    1.000000    1.415630   -0.415630 (VIOLATED)
i_soc.i_qspi._12613_/A0                 1.000000    1.415630   -0.415630 (VIOLATED)
ANTENNA_i_soc.i_qspi._12613__A0/DIODE    1.000000    1.415628   -0.415628 (VIOLATED)
i_soc.i_qspi._12646_/A0                 1.000000    1.415626   -0.415626 (VIOLATED)
ANTENNA_i_soc.i_qspi._12646__A0/DIODE    1.000000    1.415625   -0.415625 (VIOLATED)
ANTENNA_i_soc.i_qspi._12481__A1/DIODE    1.000000    1.415619   -0.415619 (VIOLATED)
i_soc.i_qspi._12481_/A1                 1.000000    1.415618   -0.415618 (VIOLATED)
i_soc.i_qspi._12547_/A1                 1.000000    1.415616   -0.415616 (VIOLATED)
ANTENNA_i_soc.i_qspi._12580__A0/DIODE    1.000000    1.415601   -0.415601 (VIOLATED)
i_soc.i_qspi._12580_/A0                 1.000000    1.415591   -0.415591 (VIOLATED)
i_soc.i_qspi._12877_/A0                 1.000000    1.415564   -0.415564 (VIOLATED)
ANTENNA_i_soc.i_qspi._12877__A0/DIODE    1.000000    1.415562   -0.415562 (VIOLATED)
i_soc.i_qspi._12844_/A1                 1.000000    1.415547   -0.415547 (VIOLATED)
ANTENNA_i_soc.i_qspi._12844__A1/DIODE    1.000000    1.415545   -0.415545 (VIOLATED)
i_soc.i_qspi._12778_/A1                 1.000000    1.415499   -0.415499 (VIOLATED)
ANTENNA_i_soc.i_qspi._12778__A1/DIODE    1.000000    1.415492   -0.415492 (VIOLATED)
i_soc.i_qspi._12811_/A0                 1.000000    1.415455   -0.415455 (VIOLATED)
ANTENNA_i_soc.i_qspi._12811__A0/DIODE    1.000000    1.415448   -0.415448 (VIOLATED)
ANTENNA_i_soc.i_qspi._12679__A0/DIODE    1.000000    1.415440   -0.415440 (VIOLATED)
i_soc.i_qspi._12679_/A0                 1.000000    1.415430   -0.415430 (VIOLATED)
i_soc.i_qspi._12712_/A0                 1.000000    1.415428   -0.415428 (VIOLATED)
ANTENNA_i_soc.i_qspi._12712__A0/DIODE    1.000000    1.415410   -0.415410 (VIOLATED)
i_soc.i_qspi._12215_/A0                 1.000000    1.415395   -0.415395 (VIOLATED)
ANTENNA_i_soc.i_qspi._12215__A0/DIODE    1.000000    1.415394   -0.415394 (VIOLATED)
ANTENNA_i_soc.i_qspi._12182__A1/DIODE    1.000000    1.415340   -0.415340 (VIOLATED)
i_soc.i_qspi._12248_/A1                 1.000000    1.415314   -0.415314 (VIOLATED)
ANTENNA_i_soc.i_qspi._12248__A1/DIODE    1.000000    1.415313   -0.415313 (VIOLATED)
i_soc.i_qspi._12182_/A1                 1.000000    1.415301   -0.415301 (VIOLATED)
i_soc.i_qspi._12281_/A0                 1.000000    1.415267   -0.415267 (VIOLATED)
ANTENNA_i_soc.i_qspi._12281__A0/DIODE    1.000000    1.415265   -0.415265 (VIOLATED)
ANTENNA_i_soc.i_qspi._12083__A0/DIODE    1.000000    1.415228   -0.415228 (VIOLATED)
i_soc.i_qspi._12083_/A0                 1.000000    1.415228   -0.415228 (VIOLATED)
i_soc.i_qspi._12050_/A0                 1.000000    1.415175   -0.415175 (VIOLATED)
ANTENNA_i_soc.i_qspi._12050__A0/DIODE    1.000000    1.415137   -0.415137 (VIOLATED)
i_soc.i_qspi._12149_/A0                 1.000000    1.415091   -0.415091 (VIOLATED)
ANTENNA_i_soc.i_qspi._12149__A0/DIODE    1.000000    1.415065   -0.415065 (VIOLATED)
ANTENNA_i_soc.i_qspi._12116__A0/DIODE    1.000000    1.414999   -0.414999 (VIOLATED)
i_soc.i_qspi._12116_/A0                 1.000000    1.414981   -0.414981 (VIOLATED)
ANTENNA_i_soc.i_qspi._11950__A1/DIODE    1.000000    1.414964   -0.414964 (VIOLATED)
i_soc.i_qspi._11950_/A1                 1.000000    1.414964   -0.414964 (VIOLATED)
i_soc.i_qspi._11983_/A0                 1.000000    1.414957   -0.414957 (VIOLATED)
ANTENNA_i_soc.i_qspi._11983__A0/DIODE    1.000000    1.414946   -0.414946 (VIOLATED)
ANTENNA_i_soc.i_qspi._11917__A0/DIODE    1.000000    1.414931   -0.414931 (VIOLATED)
i_soc.i_qspi._11917_/A0                 1.000000    1.414924   -0.414924 (VIOLATED)
ANTENNA_i_soc.i_qspi._11884__A1/DIODE    1.000000    1.414918   -0.414918 (VIOLATED)
i_soc.i_qspi._11884_/A1                 1.000000    1.414918   -0.414918 (VIOLATED)
ANTENNA_fanout1577_X/DIODE              1.000000    1.414913   -0.414913 (VIOLATED)
ANTENNA_i_soc.i_qspi._11752__A0/DIODE    1.000000    1.414913   -0.414913 (VIOLATED)
ANTENNA_i_soc.i_qspi._11785__A1/DIODE    1.000000    1.414913   -0.414913 (VIOLATED)
ANTENNA_i_soc.i_qspi._11818__A0/DIODE    1.000000    1.414913   -0.414913 (VIOLATED)
ANTENNA_i_soc.i_qspi._11851__A1/DIODE    1.000000    1.414913   -0.414913 (VIOLATED)
fanout1577/X                            1.000000    1.414913   -0.414913 (VIOLATED)
i_soc.i_qspi._11752_/A0                 1.000000    1.414913   -0.414913 (VIOLATED)
i_soc.i_qspi._11785_/A1                 1.000000    1.414913   -0.414913 (VIOLATED)
i_soc.i_qspi._11818_/A0                 1.000000    1.414913   -0.414913 (VIOLATED)
i_soc.i_qspi._11851_/A1                 1.000000    1.414913   -0.414913 (VIOLATED)
ANTENNA_i_soc.i_data_sram.u_sram.gen_bank[0].gen_512.u_macro_din0[16]/DIODE    1.000000    1.414311   -0.414311 (VIOLATED)
ANTENNA_i_soc.i_instr_sram.u_sram.gen_bank[0].gen_512.u_macro_din0[19]/DIODE    1.000000    1.414268   -0.414268 (VIOLATED)
ANTENNA_i_soc.i_crossbar._0839__X/DIODE    1.000000    1.414210   -0.414210 (VIOLATED)
i_soc.i_ai_sram.u_sram.gen_bank[8].gen_512.u_macro/din0[15]    1.000000    1.414140   -0.414140 (VIOLATED)
i_soc.i_crossbar._0839_/X               1.000000    1.414089   -0.414089 (VIOLATED)
wire7353/A                              1.000000    1.414034   -0.414034 (VIOLATED)
ANTENNA_wire7353_A/DIODE                1.000000    1.414029   -0.414029 (VIOLATED)
ANTENNA_i_soc.i_gpio._227__Q/DIODE      1.000000    1.413572   -0.413572 (VIOLATED)
i_soc.i_gpio._227_/Q                    1.000000    1.413563   -0.413563 (VIOLATED)
ANTENNA_i_soc.i_instr_sram.u_sram.gen_bank[3].gen_512.u_macro_din0[11]/DIODE    1.000000    1.412586   -0.412586 (VIOLATED)
ANTENNA_i_soc.i_gpio._236__Q/DIODE      1.000000    1.411942   -0.411941 (VIOLATED)
i_soc.i_gpio._236_/Q                    1.000000    1.411932   -0.411932 (VIOLATED)
ANTENNA__01__X/DIODE                    1.000000    1.410991   -0.410991 (VIOLATED)
_01_/X                                  1.000000    1.410983   -0.410983 (VIOLATED)
i_soc.i_ai_sram.u_sram.gen_bank[2].gen_512.u_macro/din0[21]    1.000000    1.410540   -0.410540 (VIOLATED)
ANTENNA_fanout7344_X/DIODE              1.000000    1.409739   -0.409739 (VIOLATED)
ANTENNA_fanout7338_A/DIODE              1.000000    1.409736   -0.409736 (VIOLATED)
ANTENNA_fanout7342_A/DIODE              1.000000    1.409736   -0.409736 (VIOLATED)
fanout7338/A                            1.000000    1.409736   -0.409736 (VIOLATED)
fanout7342/A                            1.000000    1.409736   -0.409736 (VIOLATED)
fanout7344/X                            1.000000    1.409736   -0.409736 (VIOLATED)
i_soc.i_ai_sram.u_sram.gen_bank[8].gen_512.u_macro/din0[13]    1.000000    1.407829   -0.407829 (VIOLATED)
ANTENNA_i_soc.i_data_sram.u_sram.gen_bank[0].gen_512.u_macro_din0[12]/DIODE    1.000000    1.406929   -0.406929 (VIOLATED)
ANTENNA_i_soc.i_crossbar._0835__X/DIODE    1.000000    1.406199   -0.406199 (VIOLATED)
i_soc.i_crossbar._0835_/X               1.000000    1.406199   -0.406199 (VIOLATED)
ANTENNA_i_soc.i_instr_sram.u_sram.gen_bank[0].gen_512.u_macro_din0[3]/DIODE    1.000000    1.405855   -0.405855 (VIOLATED)
i_soc.i_ai_sram.u_sram.gen_bank[0].gen_512.u_macro/din0[4]    1.000000    1.405261   -0.405261 (VIOLATED)
output40/A                              1.000000    1.403931   -0.403931 (VIOLATED)
ANTENNA_output40_A/DIODE                1.000000    1.403908   -0.403908 (VIOLATED)
ANTENNA_i_soc.i_gpio._125__B/DIODE      1.000000    1.403803   -0.403803 (VIOLATED)
i_soc.i_gpio._125_/B                    1.000000    1.403803   -0.403803 (VIOLATED)
ANTENNA_i_soc.i_data_sram.u_sram.gen_bank[3].gen_512.u_macro_din0[11]/DIODE    1.000000    1.403312   -0.403312 (VIOLATED)
ANTENNA_i_soc.i_data_sram.u_sram.gen_bank[1].gen_512.u_macro_din0[28]/DIODE    1.000000    1.403068   -0.403068 (VIOLATED)
i_soc.i_ai_sram.u_sram.gen_bank[4].gen_512.u_macro/din0[9]    1.000000    1.402882   -0.402882 (VIOLATED)
ANTENNA_i_soc.i_instr_sram.u_sram.gen_bank[0].gen_512.u_macro_din0[7]/DIODE    1.000000    1.402666   -0.402666 (VIOLATED)
ANTENNA_i_soc.i_ai_sram.u_sram._495__X/DIODE    1.000000    1.400868   -0.400868 (VIOLATED)
i_soc.i_ai_sram.u_sram._495_/X          1.000000    1.400821   -0.400821 (VIOLATED)
ANTENNA_i_soc.i_instr_sram.u_sram.gen_bank[1].gen_512.u_macro_din0[5]/DIODE    1.000000    1.400781   -0.400781 (VIOLATED)
ANTENNA_i_soc.i_instr_sram.u_sram.gen_bank[2].gen_512.u_macro_din0[2]/DIODE    1.000000    1.400730   -0.400730 (VIOLATED)
ANTENNA_i_soc.i_crossbar._1004__X/DIODE    1.000000    1.400653   -0.400654 (VIOLATED)
i_soc.i_crossbar._1004_/X               1.000000    1.400635   -0.400635 (VIOLATED)
i_soc.i_ai_sram.u_sram.gen_bank[1].gen_512.u_macro/din0[16]    1.000000    1.400076   -0.400076 (VIOLATED)
ANTENNA_i_soc.i_gpio._235__Q/DIODE      1.000000    1.399383   -0.399383 (VIOLATED)
i_soc.i_gpio._235_/Q                    1.000000    1.399374   -0.399374 (VIOLATED)
output31/A                              1.000000    1.398403   -0.398403 (VIOLATED)
ANTENNA_output31_A/DIODE                1.000000    1.398395   -0.398395 (VIOLATED)
ANTENNA_i_soc.i_instr_sram.u_sram.gen_bank[3].gen_512.u_macro_din0[31]/DIODE    1.000000    1.398330   -0.398330 (VIOLATED)
ANTENNA__09__X/DIODE                    1.000000    1.396866   -0.396866 (VIOLATED)
_09_/X                                  1.000000    1.396858   -0.396858 (VIOLATED)
ANTENNA_i_soc.i_instr_sram.u_sram.gen_bank[1].gen_512.u_macro_din0[26]/DIODE    1.000000    1.396573   -0.396573 (VIOLATED)
ANTENNA_i_soc.i_crossbar._1025__X/DIODE    1.000000    1.396443   -0.396443 (VIOLATED)
i_soc.i_crossbar._1025_/X               1.000000    1.396424   -0.396424 (VIOLATED)
ANTENNA_i_soc.i_data_sram.u_sram.gen_bank[3].gen_512.u_macro_din0[7]/DIODE    1.000000    1.396031   -0.396031 (VIOLATED)
ANTENNA_i_soc.i_instr_sram.u_sram.gen_bank[0].gen_512.u_macro_din0[20]/DIODE    1.000000    1.395746   -0.395746 (VIOLATED)
ANTENNA_i_soc.i_data_sram.u_sram.gen_bank[1].gen_512.u_macro_din0[11]/DIODE    1.000000    1.395271   -0.395271 (VIOLATED)
ANTENNA__15__X/DIODE                    1.000000    1.395219   -0.395219 (VIOLATED)
_15_/X                                  1.000000    1.395198   -0.395198 (VIOLATED)
ANTENNA_i_soc.i_instr_sram.u_sram.gen_bank[1].gen_512.u_macro_din0[29]/DIODE    1.000000    1.395056   -0.395056 (VIOLATED)
ANTENNA_i_soc.i_crossbar._1028__X/DIODE    1.000000    1.394982   -0.394982 (VIOLATED)
ANTENNA_i_soc.i_data_sram.u_sram.gen_bank[0].gen_512.u_macro_din0[11]/DIODE    1.000000    1.394969   -0.394969 (VIOLATED)
i_soc.i_crossbar._1028_/X               1.000000    1.394963   -0.394963 (VIOLATED)
ANTENNA_i_soc.i_instr_sram.u_sram.gen_bank[3].gen_512.u_macro_din0[25]/DIODE    1.000000    1.394707   -0.394707 (VIOLATED)
ANTENNA_i_soc.i_instr_sram.u_sram.gen_bank[0].gen_512.u_macro_din0[6]/DIODE    1.000000    1.392777   -0.392777 (VIOLATED)
ANTENNA_i_soc.i_crossbar._0834__X/DIODE    1.000000    1.392718   -0.392718 (VIOLATED)
i_soc.i_crossbar._0834_/X               1.000000    1.392585   -0.392585 (VIOLATED)
i_soc.i_ai_sram.u_sram._407_/B          1.000000    1.392372   -0.392371 (VIOLATED)
ANTENNA_i_soc.i_ai_sram.u_sram._407__B/DIODE    1.000000    1.392367   -0.392367 (VIOLATED)
ANTENNA_i_soc.i_data_sram.u_sram.gen_bank[2].gen_512.u_macro_din0[7]/DIODE    1.000000    1.391016   -0.391016 (VIOLATED)
i_soc.i_ai_sram.u_sram.gen_bank[6].gen_512.u_macro/csb1    1.000000    1.390398   -0.390397 (VIOLATED)
ANTENNA_i_soc.i_data_sram.u_sram.gen_bank[1].gen_512.u_macro_din0[7]/DIODE    1.000000    1.389861   -0.389861 (VIOLATED)
i_soc.i_ai_sram.u_sram.gen_bank[7].gen_512.u_macro/din0[23]    1.000000    1.389798   -0.389798 (VIOLATED)
ANTENNA_i_soc.i_instr_sram.u_sram.gen_bank[2].gen_512.u_macro_din0[0]/DIODE    1.000000    1.388836   -0.388836 (VIOLATED)
ANTENNA_i_soc.i_ai_sram.u_sram._645__B/DIODE    1.000000    1.388282   -0.388282 (VIOLATED)
i_soc.i_ai_sram.u_sram._645_/B          1.000000    1.388282   -0.388282 (VIOLATED)
i_soc.i_ai_sram.u_sram._747_/A1         1.000000    1.386905   -0.386905 (VIOLATED)
ANTENNA_i_soc.i_ai_sram.u_sram._747__A1/DIODE    1.000000    1.386901   -0.386901 (VIOLATED)
ANTENNA_i_soc.i_ai_sram.u_sram._740__B1_N/DIODE    1.000000    1.386894   -0.386894 (VIOLATED)
i_soc.i_ai_sram.u_sram._740_/B1_N       1.000000    1.386893   -0.386893 (VIOLATED)
ANTENNA_i_soc.i_ai_sram.u_sram._735__B1_N/DIODE    1.000000    1.386883   -0.386883 (VIOLATED)
i_soc.i_ai_sram.u_sram._735_/B1_N       1.000000    1.386883   -0.386883 (VIOLATED)
i_soc.i_ai_sram.u_sram._736_/A1         1.000000    1.386879   -0.386879 (VIOLATED)
ANTENNA_i_soc.i_ai_sram.u_sram._736__A1/DIODE    1.000000    1.386866   -0.386866 (VIOLATED)
i_soc.i_ai_sram.u_sram._725_/A1         1.000000    1.386850   -0.386850 (VIOLATED)
ANTENNA_i_soc.i_ai_sram.u_sram._725__A1/DIODE    1.000000    1.386848   -0.386848 (VIOLATED)
i_soc.i_ai_sram.u_sram._718_/B1_N       1.000000    1.386834   -0.386834 (VIOLATED)
ANTENNA_i_soc.i_ai_sram.u_sram._718__B1_N/DIODE    1.000000    1.386830   -0.386830 (VIOLATED)
i_soc.i_ai_sram.u_sram._707_/B1_N       1.000000    1.386825   -0.386825 (VIOLATED)
i_soc.i_ai_sram.u_sram._714_/A1         1.000000    1.386802   -0.386802 (VIOLATED)
ANTENNA_i_soc.i_ai_sram.u_sram._707__B1_N/DIODE    1.000000    1.386801   -0.386801 (VIOLATED)
ANTENNA_i_soc.i_ai_sram.u_sram._714__A1/DIODE    1.000000    1.386796   -0.386796 (VIOLATED)
i_soc.i_ai_sram.u_sram._702_/B1_N       1.000000    1.386768   -0.386768 (VIOLATED)
ANTENNA_i_soc.i_ai_sram.u_sram._702__B1_N/DIODE    1.000000    1.386737   -0.386737 (VIOLATED)
i_soc.i_ai_sram.u_sram._703_/A1         1.000000    1.386712   -0.386712 (VIOLATED)
ANTENNA_i_soc.i_ai_sram.u_sram._703__A1/DIODE    1.000000    1.386709   -0.386709 (VIOLATED)
i_soc.i_ai_sram.u_sram._692_/A1         1.000000    1.386678   -0.386678 (VIOLATED)
ANTENNA_i_soc.i_ai_sram.u_sram._692__A1/DIODE    1.000000    1.386671   -0.386671 (VIOLATED)
i_soc.i_ai_sram.u_sram._685_/B1_N       1.000000    1.386658   -0.386658 (VIOLATED)
ANTENNA_i_soc.i_ai_sram.u_sram._685__B1_N/DIODE    1.000000    1.386617   -0.386617 (VIOLATED)
i_soc.i_ai_sram.u_sram._681_/A1         1.000000    1.386577   -0.386577 (VIOLATED)
ANTENNA_i_soc.i_ai_sram.u_sram._681__A1/DIODE    1.000000    1.386567   -0.386567 (VIOLATED)
i_soc.i_ai_sram.u_sram._674_/B1_N       1.000000    1.386538   -0.386538 (VIOLATED)
ANTENNA_i_soc.i_ai_sram.u_sram._674__B1_N/DIODE    1.000000    1.386508   -0.386508 (VIOLATED)
ANTENNA_i_soc.i_ai_sram.u_sram._670__A1/DIODE    1.000000    1.386474   -0.386474 (VIOLATED)
i_soc.i_ai_sram.u_sram._670_/A1         1.000000    1.386474   -0.386474 (VIOLATED)
i_soc.i_ai_sram.u_sram._669_/B1_N       1.000000    1.386439   -0.386439 (VIOLATED)
ANTENNA_i_soc.i_ai_sram.u_sram._669__B1_N/DIODE    1.000000    1.386407   -0.386407 (VIOLATED)
i_soc.i_ai_sram.u_sram._659_/A1         1.000000    1.386371   -0.386371 (VIOLATED)
ANTENNA_i_soc.i_ai_sram.u_sram._652__B1_N/DIODE    1.000000    1.386366   -0.386366 (VIOLATED)
i_soc.i_ai_sram.u_sram._652_/B1_N       1.000000    1.386366   -0.386366 (VIOLATED)
ANTENNA_i_soc.i_ai_sram.u_sram._659__A1/DIODE    1.000000    1.386337   -0.386337 (VIOLATED)
i_soc.i_ai_sram.u_sram._648_/A1         1.000000    1.386292   -0.386292 (VIOLATED)
ANTENNA_i_soc.i_data_sram.u_sram.gen_bank[0].gen_512.u_macro_din0[7]/DIODE    1.000000    1.386288   -0.386288 (VIOLATED)
ANTENNA_i_soc.i_ai_sram.u_sram._647__B1_N/DIODE    1.000000    1.386287   -0.386287 (VIOLATED)
i_soc.i_ai_sram.u_sram._647_/B1_N       1.000000    1.386287   -0.386287 (VIOLATED)
ANTENNA_i_soc.i_ai_sram.u_sram._648__A1/DIODE    1.000000    1.386284   -0.386284 (VIOLATED)
ANTENNA_i_soc.i_crossbar._0830__X/DIODE    1.000000    1.386267   -0.386267 (VIOLATED)
i_soc.i_ai_sram.u_sram._637_/A1         1.000000    1.386260   -0.386260 (VIOLATED)
ANTENNA_i_soc.i_ai_sram.u_sram._630__B1_N/DIODE    1.000000    1.386252   -0.386252 (VIOLATED)
ANTENNA_i_soc.i_ai_sram.u_sram._637__A1/DIODE    1.000000    1.386252   -0.386252 (VIOLATED)
i_soc.i_ai_sram.u_sram._630_/B1_N       1.000000    1.386252   -0.386252 (VIOLATED)
i_soc.i_ai_sram.u_sram._626_/A1         1.000000    1.386225   -0.386225 (VIOLATED)
i_soc.i_ai_sram.u_sram._619_/B1_N       1.000000    1.386218   -0.386218 (VIOLATED)
ANTENNA_i_soc.i_ai_sram.u_sram._619__B1_N/DIODE    1.000000    1.386217   -0.386217 (VIOLATED)
ANTENNA_i_soc.i_ai_sram.u_sram._626__A1/DIODE    1.000000    1.386217   -0.386217 (VIOLATED)
i_soc.i_crossbar._0830_/X               1.000000    1.386202   -0.386202 (VIOLATED)
i_soc.i_ai_sram.u_sram._615_/A1         1.000000    1.386196   -0.386196 (VIOLATED)
ANTENNA_i_soc.i_ai_sram.u_sram._608__B1_N/DIODE    1.000000    1.386193   -0.386193 (VIOLATED)
i_soc.i_ai_sram.u_sram._608_/B1_N       1.000000    1.386193   -0.386193 (VIOLATED)
ANTENNA_i_soc.i_ai_sram.u_sram._615__A1/DIODE    1.000000    1.386188   -0.386188 (VIOLATED)
ANTENNA_i_soc.i_ai_sram.u_sram._597__B1_N/DIODE    1.000000    1.386166   -0.386166 (VIOLATED)
i_soc.i_ai_sram.u_sram._597_/B1_N       1.000000    1.386166   -0.386166 (VIOLATED)
i_soc.i_ai_sram.u_sram._604_/A1         1.000000    1.386165   -0.386165 (VIOLATED)
ANTENNA_i_soc.i_ai_sram.u_sram._604__A1/DIODE    1.000000    1.386138   -0.386138 (VIOLATED)
i_soc.i_ai_sram.u_sram._593_/A1         1.000000    1.386110   -0.386110 (VIOLATED)
ANTENNA_i_soc.i_ai_sram.u_sram._593__A1/DIODE    1.000000    1.386105   -0.386105 (VIOLATED)
ANTENNA_i_soc.i_ai_sram.u_sram._582__A1/DIODE    1.000000    1.386100   -0.386100 (VIOLATED)
ANTENNA_i_soc.i_ai_sram.u_sram._592__B1_N/DIODE    1.000000    1.386087   -0.386087 (VIOLATED)
i_soc.i_ai_sram.u_sram._592_/B1_N       1.000000    1.386088   -0.386088 (VIOLATED)
ANTENNA_fanout6522_X/DIODE              1.000000    1.386078   -0.386078 (VIOLATED)
ANTENNA_i_soc.i_ai_sram.u_sram._575__B1_N/DIODE    1.000000    1.386068   -0.386068 (VIOLATED)
fanout6522/X                            1.000000    1.386068   -0.386068 (VIOLATED)
i_soc.i_ai_sram.u_sram._575_/B1_N       1.000000    1.386068   -0.386068 (VIOLATED)
i_soc.i_ai_sram.u_sram._582_/A1         1.000000    1.386068   -0.386068 (VIOLATED)
ANTENNA_i_soc.i_data_sram.u_sram.gen_bank[3].gen_512.u_macro_din0[5]/DIODE    1.000000    1.385189   -0.385189 (VIOLATED)
i_soc.i_ai_sram.u_sram.gen_bank[0].gen_512.u_macro/din0[1]    1.000000    1.385069   -0.385070 (VIOLATED)
ANTENNA_i_soc.i_instr_sram.u_sram.gen_bank[0].gen_512.u_macro_din0[24]/DIODE    1.000000    1.384743   -0.384743 (VIOLATED)
i_soc.i_gpio._098_/B                    1.000000    1.383761   -0.383761 (VIOLATED)
ANTENNA_i_soc.i_gpio._098__B/DIODE      1.000000    1.383750   -0.383750 (VIOLATED)
ANTENNA_i_soc.i_data_sram.u_sram.gen_bank[2].gen_512.u_macro_din0[10]/DIODE    1.000000    1.381606   -0.381606 (VIOLATED)
i_soc.i_ai_sram.u_sram._705_/B          1.000000    1.381296   -0.381296 (VIOLATED)
ANTENNA_i_soc.i_ai_sram.u_sram._705__B/DIODE    1.000000    1.381287   -0.381287 (VIOLATED)
i_soc.i_ai_sram.u_sram.gen_bank[0].gen_512.u_macro/din0[31]    1.000000    1.381095   -0.381095 (VIOLATED)
i_soc.i_cpu.core_i.ex_stage_i.alu_i._5773_/B    1.000000    1.380984   -0.380984 (VIOLATED)
ANTENNA_i_soc.i_cpu.core_i.ex_stage_i.alu_i._5773__B/DIODE    1.000000    1.380982   -0.380982 (VIOLATED)
i_soc.i_cpu.core_i.ex_stage_i.alu_i._5347_/B    1.000000    1.380979   -0.380979 (VIOLATED)
ANTENNA_i_soc.i_cpu.core_i.ex_stage_i.alu_i._5347__B/DIODE    1.000000    1.380976   -0.380976 (VIOLATED)
i_soc.i_cpu.core_i.ex_stage_i.alu_i._3534_/A    1.000000    1.380974   -0.380974 (VIOLATED)
i_soc.i_cpu.core_i.ex_stage_i.alu_i._5505_/B    1.000000    1.380971   -0.380971 (VIOLATED)
ANTENNA_i_soc.i_cpu.core_i.ex_stage_i.alu_i._5901__B/DIODE    1.000000    1.380970   -0.380970 (VIOLATED)
ANTENNA_i_soc.i_cpu.core_i.ex_stage_i.alu_i._6154__B/DIODE    1.000000    1.380970   -0.380970 (VIOLATED)
i_soc.i_cpu.core_i.ex_stage_i.alu_i._5901_/B    1.000000    1.380970   -0.380970 (VIOLATED)
i_soc.i_cpu.core_i.ex_stage_i.alu_i._6154_/B    1.000000    1.380970   -0.380970 (VIOLATED)
ANTENNA_i_soc.i_cpu.core_i.ex_stage_i.alu_i._3534__A/DIODE    1.000000    1.380970   -0.380969 (VIOLATED)
ANTENNA_i_soc.i_cpu.core_i.ex_stage_i.alu_i._5813__B/DIODE    1.000000    1.380969   -0.380969 (VIOLATED)
ANTENNA_i_soc.i_cpu.core_i.ex_stage_i.alu_i._5872__B/DIODE    1.000000    1.380969   -0.380969 (VIOLATED)
i_soc.i_cpu.core_i.ex_stage_i.alu_i._5872_/B    1.000000    1.380969   -0.380969 (VIOLATED)
ANTENNA_i_soc.i_cpu.core_i.ex_stage_i.alu_i._5505__B/DIODE    1.000000    1.380967   -0.380967 (VIOLATED)
i_soc.i_cpu.core_i.ex_stage_i.alu_i._5813_/B    1.000000    1.380966   -0.380966 (VIOLATED)
ANTENNA_i_soc.i_cpu.core_i.ex_stage_i.alu_i._6328__B/DIODE    1.000000    1.380960   -0.380960 (VIOLATED)
i_soc.i_cpu.core_i.ex_stage_i.alu_i._6328_/B    1.000000    1.380960   -0.380960 (VIOLATED)
i_soc.i_cpu.core_i.ex_stage_i.alu_i._6399_/B    1.000000    1.380960   -0.380960 (VIOLATED)
ANTENNA_i_soc.i_cpu.core_i.ex_stage_i.alu_i._6399__B/DIODE    1.000000    1.380959   -0.380959 (VIOLATED)
i_soc.i_cpu.core_i.ex_stage_i.alu_i._5642_/B    1.000000    1.380955   -0.380955 (VIOLATED)
ANTENNA_i_soc.i_cpu.core_i.ex_stage_i.alu_i._5642__B/DIODE    1.000000    1.380954   -0.380954 (VIOLATED)
i_soc.i_cpu.core_i.ex_stage_i.alu_i._5959_/B    1.000000    1.380952   -0.380952 (VIOLATED)
ANTENNA_i_soc.i_cpu.core_i.ex_stage_i.alu_i._5959__B/DIODE    1.000000    1.380951   -0.380951 (VIOLATED)
ANTENNA_i_soc.i_cpu.core_i.ex_stage_i.alu_i._6430__B/DIODE    1.000000    1.380945   -0.380945 (VIOLATED)
i_soc.i_cpu.core_i.ex_stage_i.alu_i._6430_/B    1.000000    1.380941   -0.380941 (VIOLATED)
ANTENNA_i_soc.i_cpu.core_i.ex_stage_i.alu_i._6370__B/DIODE    1.000000    1.380940   -0.380940 (VIOLATED)
i_soc.i_cpu.core_i.ex_stage_i.alu_i._5599_/B    1.000000    1.380939   -0.380940 (VIOLATED)
i_soc.i_cpu.core_i.ex_stage_i.alu_i._6370_/B    1.000000    1.380940   -0.380940 (VIOLATED)
ANTENNA_i_soc.i_cpu.core_i.ex_stage_i.alu_i._5556__B/DIODE    1.000000    1.380936   -0.380936 (VIOLATED)
i_soc.i_cpu.core_i.ex_stage_i.alu_i._5556_/B    1.000000    1.380936   -0.380936 (VIOLATED)
ANTENNA_i_soc.i_cpu.core_i.ex_stage_i.alu_i._6300__B/DIODE    1.000000    1.380936   -0.380936 (VIOLATED)
i_soc.i_cpu.core_i.ex_stage_i.alu_i._5731_/B    1.000000    1.380934   -0.380934 (VIOLATED)
i_soc.i_cpu.core_i.ex_stage_i.alu_i._6300_/B    1.000000    1.380934   -0.380934 (VIOLATED)
ANTENNA_i_soc.i_cpu.core_i.ex_stage_i.alu_i._5599__B/DIODE    1.000000    1.380930   -0.380930 (VIOLATED)
ANTENNA_i_soc.i_cpu.core_i.ex_stage_i.alu_i._6486__B/DIODE    1.000000    1.380930   -0.380930 (VIOLATED)
ANTENNA_i_soc.i_cpu.core_i.ex_stage_i.alu_i._6210__B/DIODE    1.000000    1.380927   -0.380927 (VIOLATED)
i_soc.i_cpu.core_i.ex_stage_i.alu_i._6210_/B    1.000000    1.380927   -0.380927 (VIOLATED)
ANTENNA_i_soc.i_cpu.core_i.ex_stage_i.alu_i._5731__B/DIODE    1.000000    1.380927   -0.380927 (VIOLATED)
i_soc.i_cpu.core_i.ex_stage_i.alu_i._6486_/B    1.000000    1.380926   -0.380926 (VIOLATED)
ANTENNA_i_soc.i_cpu.core_i.ex_stage_i.alu_i._5686__B/DIODE    1.000000    1.380919   -0.380919 (VIOLATED)
i_soc.i_cpu.core_i.ex_stage_i.alu_i._5686_/B    1.000000    1.380917   -0.380917 (VIOLATED)
ANTENNA_i_soc.i_cpu.core_i.ex_stage_i.alu_i._5930__B/DIODE    1.000000    1.380904   -0.380904 (VIOLATED)
i_soc.i_cpu.core_i.ex_stage_i.alu_i._5930_/B    1.000000    1.380899   -0.380899 (VIOLATED)
ANTENNA_i_soc.i_cpu.core_i.ex_stage_i.alu_i._6241__B/DIODE    1.000000    1.380881   -0.380881 (VIOLATED)
i_soc.i_cpu.core_i.ex_stage_i.alu_i._6241_/B    1.000000    1.380881   -0.380881 (VIOLATED)
ANTENNA_i_soc.i_cpu.core_i.ex_stage_i.alu_i._6514__B/DIODE    1.000000    1.380879   -0.380879 (VIOLATED)
i_soc.i_cpu.core_i.ex_stage_i.alu_i._6514_/B    1.000000    1.380877   -0.380877 (VIOLATED)
i_soc.i_cpu.core_i.ex_stage_i.alu_i._6270_/B    1.000000    1.380863   -0.380863 (VIOLATED)
ANTENNA_i_soc.i_cpu.core_i.ex_stage_i.alu_i._6270__B/DIODE    1.000000    1.380857   -0.380857 (VIOLATED)
ANTENNA_i_soc.i_cpu.core_i.ex_stage_i.alu_i._6182__B/DIODE    1.000000    1.380838   -0.380838 (VIOLATED)
i_soc.i_cpu.core_i.ex_stage_i.alu_i._6182_/B    1.000000    1.380838   -0.380838 (VIOLATED)
i_soc.i_cpu.core_i.ex_stage_i.alu_i._5990_/B    1.000000    1.380836   -0.380836 (VIOLATED)
ANTENNA_i_soc.i_cpu.core_i.ex_stage_i.alu_i._5990__B/DIODE    1.000000    1.380827   -0.380827 (VIOLATED)
i_soc.i_cpu.core_i.ex_stage_i.alu_i._6459_/B    1.000000    1.380797   -0.380797 (VIOLATED)
ANTENNA_i_soc.i_cpu.core_i.ex_stage_i.alu_i._6459__B/DIODE    1.000000    1.380793   -0.380793 (VIOLATED)
ANTENNA_i_soc.i_cpu.core_i.ex_stage_i.alu_i._6019__B/DIODE    1.000000    1.380785   -0.380785 (VIOLATED)
i_soc.i_cpu.core_i.ex_stage_i.alu_i._6019_/B    1.000000    1.380786   -0.380786 (VIOLATED)
i_soc.i_cpu.core_i.ex_stage_i.alu_i._6126_/B    1.000000    1.380774   -0.380775 (VIOLATED)
ANTENNA_i_soc.i_cpu.core_i.ex_stage_i.alu_i._6126__B/DIODE    1.000000    1.380773   -0.380773 (VIOLATED)
ANTENNA_i_soc.i_cpu.core_i.ex_stage_i.alu_i._6077__B/DIODE    1.000000    1.380771   -0.380771 (VIOLATED)
i_soc.i_cpu.core_i.ex_stage_i.alu_i._6077_/B    1.000000    1.380771   -0.380771 (VIOLATED)
ANTENNA_i_soc.i_cpu.core_i.ex_stage_i.alu_i._6048__B/DIODE    1.000000    1.380770   -0.380770 (VIOLATED)
i_soc.i_cpu.core_i.ex_stage_i.alu_i._6048_/B    1.000000    1.380770   -0.380770 (VIOLATED)
ANTENNA_fanout2590_X/DIODE              1.000000    1.380764   -0.380764 (VIOLATED)
fanout2590/X                            1.000000    1.380764   -0.380764 (VIOLATED)
ANTENNA_i_soc.i_instr_sram.u_sram.gen_bank[1].gen_512.u_macro_din0[11]/DIODE    1.000000    1.378467   -0.378467 (VIOLATED)
ANTENNA_i_soc.i_crossbar._1010__X/DIODE    1.000000    1.378446   -0.378446 (VIOLATED)
i_soc.i_crossbar._1010_/X               1.000000    1.378428   -0.378428 (VIOLATED)
ANTENNA_117/DIODE                       1.000000    1.376116   -0.376116 (VIOLATED)
ANTENNA_115/DIODE                       1.000000    1.376106   -0.376106 (VIOLATED)
ANTENNA_113/DIODE                       1.000000    1.376095   -0.376095 (VIOLATED)
ANTENNA_112/DIODE                       1.000000    1.376089   -0.376089 (VIOLATED)
ANTENNA_114/DIODE                       1.000000    1.376089   -0.376089 (VIOLATED)
ANTENNA_116/DIODE                       1.000000    1.376089   -0.376089 (VIOLATED)
ANTENNA_i_soc.i_ai_sram.u_sram._528__X/DIODE    1.000000    1.376077   -0.376077 (VIOLATED)
i_soc.i_ai_sram.u_sram._528_/X          1.000000    1.376058   -0.376058 (VIOLATED)
i_soc.i_ai_sram.u_sram.gen_bank[0].gen_512.u_macro/din0[22]    1.000000    1.375024   -0.375024 (VIOLATED)
i_soc.i_ai_sram.u_sram.gen_bank[9].gen_512.u_macro/din0[30]    1.000000    1.373788   -0.373788 (VIOLATED)
ANTENNA_i_soc.i_instr_sram.u_sram.gen_bank[2].gen_512.u_macro_din0[1]/DIODE    1.000000    1.371775   -0.371775 (VIOLATED)
ANTENNA__06__X/DIODE                    1.000000    1.371762   -0.371762 (VIOLATED)
_06_/X                                  1.000000    1.371756   -0.371756 (VIOLATED)
ANTENNA_i_soc.i_data_sram.u_sram.gen_bank[3].gen_512.u_macro_din0[14]/DIODE    1.000000    1.371727   -0.371727 (VIOLATED)
i_soc.i_ai_sram.u_sram.gen_bank[8].gen_512.u_macro/din0[20]    1.000000    1.371649   -0.371649 (VIOLATED)
ANTENNA_i_soc.i_instr_sram.u_sram.gen_bank[0].gen_512.u_macro_din0[30]/DIODE    1.000000    1.371172   -0.371172 (VIOLATED)
ANTENNA_i_soc.i_data_sram.u_sram.gen_bank[3].gen_512.u_macro_din0[10]/DIODE    1.000000    1.370842   -0.370842 (VIOLATED)
ANTENNA_i_soc.i_data_sram.u_sram.gen_bank[0].gen_512.u_macro_din0[10]/DIODE    1.000000    1.370396   -0.370396 (VIOLATED)
ANTENNA_i_soc.i_data_sram.u_sram.gen_bank[1].gen_512.u_macro_din0[10]/DIODE    1.000000    1.369848   -0.369848 (VIOLATED)
ANTENNA_i_soc.i_data_sram.u_sram.gen_bank[3].gen_512.u_macro_din0[19]/DIODE    1.000000    1.369788   -0.369788 (VIOLATED)
ANTENNA_i_soc.i_timer._1245__A0/DIODE    1.000000    1.369137   -0.369137 (VIOLATED)
i_soc.i_timer._1245_/A0                 1.000000    1.369137   -0.369137 (VIOLATED)
i_soc.i_timer._1249_/A2                 1.000000    1.369121   -0.369121 (VIOLATED)
ANTENNA_i_soc.i_timer._1249__A2/DIODE    1.000000    1.369117   -0.369117 (VIOLATED)
ANTENNA_i_soc.i_timer._1256__B1/DIODE    1.000000    1.369090   -0.369090 (VIOLATED)
i_soc.i_timer._1283_/B1                 1.000000    1.369091   -0.369091 (VIOLATED)
ANTENNA_i_soc.i_timer._1283__B1/DIODE    1.000000    1.369085   -0.369085 (VIOLATED)
i_soc.i_timer._1256_/B1                 1.000000    1.369079   -0.369079 (VIOLATED)
i_soc.i_timer._1262_/A2                 1.000000    1.369078   -0.369078 (VIOLATED)
ANTENNA_i_soc.i_timer._1262__A2/DIODE    1.000000    1.369074   -0.369074 (VIOLATED)
i_soc.i_timer._1267_/B1                 1.000000    1.369024   -0.369024 (VIOLATED)
ANTENNA_i_soc.i_timer._1267__B1/DIODE    1.000000    1.369022   -0.369022 (VIOLATED)
i_soc.i_timer._1271_/A2                 1.000000    1.368977   -0.368977 (VIOLATED)
ANTENNA_i_soc.i_timer._1271__A2/DIODE    1.000000    1.368973   -0.368973 (VIOLATED)
i_soc.i_ai_sram.u_sram.gen_bank[0].gen_512.u_macro/din0[2]    1.000000    1.368909   -0.368909 (VIOLATED)
ANTENNA_i_soc.i_timer._1304__A2/DIODE    1.000000    1.368889   -0.368889 (VIOLATED)
i_soc.i_timer._1304_/A2                 1.000000    1.368884   -0.368884 (VIOLATED)
ANTENNA_i_soc.i_data_sram.u_sram.gen_bank[1].gen_512.u_macro_din0[5]/DIODE    1.000000    1.368865   -0.368865 (VIOLATED)
ANTENNA_i_soc.i_timer._1308__A2/DIODE    1.000000    1.368782   -0.368782 (VIOLATED)
i_soc.i_timer._1308_/A2                 1.000000    1.368743   -0.368743 (VIOLATED)
ANTENNA_i_soc.i_instr_sram.u_sram.gen_bank[3].gen_512.u_macro_din0[14]/DIODE    1.000000    1.368735   -0.368735 (VIOLATED)
ANTENNA_i_soc.i_data_sram.u_sram.gen_bank[2].gen_512.u_macro_din0[14]/DIODE    1.000000    1.368655   -0.368655 (VIOLATED)
i_soc.i_timer._1296_/A2                 1.000000    1.368653   -0.368653 (VIOLATED)
i_soc.i_timer._1279_/A2                 1.000000    1.368650   -0.368650 (VIOLATED)
ANTENNA_i_soc.i_timer._1296__A2/DIODE    1.000000    1.368649   -0.368649 (VIOLATED)
ANTENNA_i_soc.i_timer._1279__A2/DIODE    1.000000    1.368646   -0.368646 (VIOLATED)
i_soc.i_timer._1292_/B2                 1.000000    1.368638   -0.368638 (VIOLATED)
ANTENNA_i_soc.i_timer._1292__B2/DIODE    1.000000    1.368634   -0.368634 (VIOLATED)
i_soc.i_timer._1316_/B1                 1.000000    1.368558   -0.368558 (VIOLATED)
ANTENNA_i_soc.i_timer._1316__B1/DIODE    1.000000    1.368558   -0.368558 (VIOLATED)
i_soc.i_timer._1322_/A2                 1.000000    1.368526   -0.368526 (VIOLATED)
ANTENNA_i_soc.i_timer._1322__A2/DIODE    1.000000    1.368522   -0.368522 (VIOLATED)
i_soc.i_timer._1328_/A2                 1.000000    1.368398   -0.368398 (VIOLATED)
ANTENNA_i_soc.i_timer._1328__A2/DIODE    1.000000    1.368316   -0.368316 (VIOLATED)
ANTENNA_i_soc.i_crossbar._0833__X/DIODE    1.000000    1.368159   -0.368159 (VIOLATED)
i_soc.i_timer._1332_/A2                 1.000000    1.368138   -0.368138 (VIOLATED)
ANTENNA_i_soc.i_timer._1332__A2/DIODE    1.000000    1.368136   -0.368136 (VIOLATED)
ANTENNA_i_soc.i_ai_sram.u_sram._683__B/DIODE    1.000000    1.368135   -0.368135 (VIOLATED)
i_soc.i_ai_sram.u_sram._683_/B          1.000000    1.368134   -0.368134 (VIOLATED)
i_soc.i_crossbar._0833_/X               1.000000    1.368129   -0.368129 (VIOLATED)
ANTENNA_i_soc.i_timer._0996__A/DIODE    1.000000    1.367703   -0.367703 (VIOLATED)
i_soc.i_timer._0996_/A                  1.000000    1.367692   -0.367692 (VIOLATED)
ANTENNA_i_soc.i_timer._0988__C1/DIODE    1.000000    1.367690   -0.367690 (VIOLATED)
i_soc.i_timer._0988_/C1                 1.000000    1.367690   -0.367690 (VIOLATED)
ANTENNA_fanout1450_X/DIODE              1.000000    1.367687   -0.367687 (VIOLATED)
fanout1450/X                            1.000000    1.367683   -0.367683 (VIOLATED)
ANTENNA_i_soc.i_data_sram.u_sram.gen_bank[2].gen_512.u_macro_din0[15]/DIODE    1.000000    1.367440   -0.367440 (VIOLATED)
ANTENNA_i_soc.i_instr_sram.u_sram.gen_bank[2].gen_512.u_macro_din0[8]/DIODE    1.000000    1.367270   -0.367270 (VIOLATED)
i_soc.i_ai_sram.u_sram.gen_bank[4].gen_512.u_macro/din0[12]    1.000000    1.366400   -0.366400 (VIOLATED)
ANTENNA_i_soc.i_instr_sram.u_sram.gen_bank[3].gen_512.u_macro_din0[30]/DIODE    1.000000    1.366195   -0.366195 (VIOLATED)
i_soc.i_ai_accel._18577_/B2             1.000000    1.365279   -0.365279 (VIOLATED)
ANTENNA_i_soc.i_ai_accel._18577__B2/DIODE    1.000000    1.365276   -0.365276 (VIOLATED)
i_soc.i_ai_accel._17578_/A2             1.000000    1.365274   -0.365274 (VIOLATED)
ANTENNA_i_soc.i_ai_accel._17578__A2/DIODE    1.000000    1.365269   -0.365269 (VIOLATED)
wire1409/A                              1.000000    1.364983   -0.364983 (VIOLATED)
ANTENNA_i_soc.i_instr_sram.u_sram.gen_bank[1].gen_512.u_macro_din0[31]/DIODE    1.000000    1.364828   -0.364828 (VIOLATED)
ANTENNA_wire1409_A/DIODE                1.000000    1.364793   -0.364793 (VIOLATED)
ANTENNA_i_soc.i_crossbar._1030__X/DIODE    1.000000    1.364784   -0.364784 (VIOLATED)
i_soc.i_crossbar._1030_/X               1.000000    1.364766   -0.364766 (VIOLATED)
ANTENNA_i_soc.i_ai_accel.u_conv_out._30__X/DIODE    1.000000    1.364676   -0.364676 (VIOLATED)
i_soc.i_ai_accel.u_conv_out._30_/X      1.000000    1.364668   -0.364668 (VIOLATED)
ANTENNA_i_soc.i_data_sram.u_sram.gen_bank[2].gen_512.u_macro_din0[5]/DIODE    1.000000    1.363831   -0.363831 (VIOLATED)
ANTENNA_i_soc.i_data_sram.u_sram.gen_bank[0].gen_512.u_macro_din0[28]/DIODE    1.000000    1.363085   -0.363085 (VIOLATED)
ANTENNA_i_soc.i_crossbar._0851__X/DIODE    1.000000    1.362979   -0.362979 (VIOLATED)
i_soc.i_crossbar._0851_/X               1.000000    1.362936   -0.362936 (VIOLATED)
ANTENNA_i_soc.i_data_sram.u_sram.gen_bank[1].gen_512.u_macro_din0[14]/DIODE    1.000000    1.362560   -0.362560 (VIOLATED)
i_soc.i_ai_sram.u_sram.gen_bank[2].gen_512.u_macro/din0[25]    1.000000    1.362181   -0.362181 (VIOLATED)
ANTENNA_i_soc.i_data_sram.u_sram.gen_bank[2].gen_512.u_macro_din0[19]/DIODE    1.000000    1.362030   -0.362030 (VIOLATED)
ANTENNA_i_soc.i_data_sram.u_sram.gen_bank[3].gen_512.u_macro_din0[15]/DIODE    1.000000    1.361633   -0.361633 (VIOLATED)
ANTENNA_i_soc.i_instr_sram.u_sram.gen_bank[0].gen_512.u_macro_din0[4]/DIODE    1.000000    1.361282   -0.361282 (VIOLATED)
i_soc.i_ai_sram.u_sram.gen_bank[4].gen_512.u_macro/din0[5]    1.000000    1.361251   -0.361251 (VIOLATED)
ANTENNA_i_soc.i_data_sram.u_sram.gen_bank[0].gen_512.u_macro_din0[14]/DIODE    1.000000    1.360839   -0.360839 (VIOLATED)
ANTENNA_i_soc.i_crossbar._0828__X/DIODE    1.000000    1.360686   -0.360686 (VIOLATED)
ANTENNA_i_soc.i_data_sram.u_sram.gen_bank[1].gen_512.u_macro_din0[15]/DIODE    1.000000    1.360645   -0.360645 (VIOLATED)
i_soc.i_ai_sram.u_sram._480_/B          1.000000    1.360622   -0.360622 (VIOLATED)
ANTENNA_i_soc.i_ai_sram.u_sram._480__B/DIODE    1.000000    1.360619   -0.360619 (VIOLATED)
ANTENNA_i_soc.i_data_sram.u_sram.gen_bank[0].gen_512.u_macro_din0[5]/DIODE    1.000000    1.360608   -0.360608 (VIOLATED)
i_soc.i_crossbar._0828_/X               1.000000    1.360587   -0.360587 (VIOLATED)
ANTENNA_i_soc.i_instr_sram.u_sram.gen_bank[3].gen_512.u_macro_din0[24]/DIODE    1.000000    1.360572   -0.360572 (VIOLATED)
ANTENNA_i_soc.i_crossbar._0837__X/DIODE    1.000000    1.360360   -0.360360 (VIOLATED)
i_soc.i_crossbar._0837_/X               1.000000    1.360293   -0.360293 (VIOLATED)
i_soc.i_ai_sram.u_sram.gen_bank[0].gen_512.u_macro/din0[3]    1.000000    1.359627   -0.359627 (VIOLATED)
ANTENNA_i_soc.i_ai_sram.u_sram._451__X/DIODE    1.000000    1.359212   -0.359212 (VIOLATED)
i_soc.i_ai_sram.u_sram._451_/X          1.000000    1.359168   -0.359168 (VIOLATED)
ANTENNA_i_soc.i_data_sram.u_sram.gen_bank[0].gen_512.u_macro_din0[15]/DIODE    1.000000    1.358982   -0.358982 (VIOLATED)
ANTENNA_i_soc.i_crossbar._0838__X/DIODE    1.000000    1.358490   -0.358490 (VIOLATED)
i_soc.i_crossbar._0838_/X               1.000000    1.358462   -0.358462 (VIOLATED)
ANTENNA_54/DIODE                        1.000000    1.358122   -0.358122 (VIOLATED)
ANTENNA_52/DIODE                        1.000000    1.358117   -0.358117 (VIOLATED)
ANTENNA_50/DIODE                        1.000000    1.358103   -0.358103 (VIOLATED)
ANTENNA_i_soc.i_ai_sram.u_sram._484__X/DIODE    1.000000    1.358092   -0.358092 (VIOLATED)
ANTENNA_51/DIODE                        1.000000    1.358081   -0.358081 (VIOLATED)
ANTENNA_53/DIODE                        1.000000    1.358081   -0.358081 (VIOLATED)
ANTENNA_49/DIODE                        1.000000    1.358063   -0.358063 (VIOLATED)
ANTENNA_i_soc.i_ai_sram.u_sram.gen_bank[0].gen_512.u_macro_din0[17]/DIODE    1.000000    1.358017   -0.358017 (VIOLATED)
i_soc.i_ai_sram.u_sram._484_/X          1.000000    1.358013   -0.358013 (VIOLATED)
ANTENNA_i_soc.i_data_sram.u_sram.gen_bank[3].gen_512.u_macro_din0[13]/DIODE    1.000000    1.357745   -0.357745 (VIOLATED)
ANTENNA_i_soc.i_data_sram.u_sram.gen_bank[1].gen_512.u_macro_din0[19]/DIODE    1.000000    1.356538   -0.356538 (VIOLATED)
ANTENNA_i_soc.i_data_sram.u_sram.gen_bank[2].gen_512.u_macro_din0[0]/DIODE    1.000000    1.355390   -0.355390 (VIOLATED)
i_soc.i_ai_sram.u_sram.gen_bank[2].gen_512.u_macro/din0[29]    1.000000    1.355308   -0.355308 (VIOLATED)
i_soc.i_ai_sram.u_sram.gen_bank[3].gen_512.u_macro/din0[22]    1.000000    1.354951   -0.354951 (VIOLATED)
ANTENNA_i_soc.i_data_sram.u_sram.gen_bank[0].gen_512.u_macro_din0[19]/DIODE    1.000000    1.354507   -0.354507 (VIOLATED)
ANTENNA_i_soc.i_crossbar._0842__X/DIODE    1.000000    1.353975   -0.353975 (VIOLATED)
i_soc.i_crossbar._0842_/X               1.000000    1.353931   -0.353931 (VIOLATED)
ANTENNA_i_soc.i_data_sram.u_sram.gen_bank[3].gen_512.u_macro_din0[21]/DIODE    1.000000    1.353641   -0.353641 (VIOLATED)
i_soc.i_ai_sram.u_sram.gen_bank[8].gen_512.u_macro/din0[18]    1.000000    1.353639   -0.353639 (VIOLATED)
i_soc.i_ai_sram.u_sram.gen_bank[3].gen_512.u_macro/din0[29]    1.000000    1.353600   -0.353600 (VIOLATED)
ANTENNA_i_soc.i_data_sram.u_sram.gen_bank[2].gen_512.u_macro_din0[13]/DIODE    1.000000    1.353081   -0.353081 (VIOLATED)
i_soc.i_gpio._104_/B                    1.000000    1.352236   -0.352236 (VIOLATED)
ANTENNA_i_soc.i_gpio._104__B/DIODE      1.000000    1.352233   -0.352233 (VIOLATED)
ANTENNA_i_soc.i_instr_sram.u_sram.gen_bank[2].gen_512.u_macro_din0[9]/DIODE    1.000000    1.352118   -0.352118 (VIOLATED)
i_soc.i_ai_sram.u_sram.gen_bank[2].gen_512.u_macro/din0[18]    1.000000    1.351688   -0.351688 (VIOLATED)
i_soc.i_ai_sram.u_sram.gen_bank[8].gen_512.u_macro/din0[16]    1.000000    1.351651   -0.351651 (VIOLATED)
ANTENNA_i_soc.i_instr_sram.u_sram.gen_bank[0].gen_512.u_macro_din0[2]/DIODE    1.000000    1.350756   -0.350756 (VIOLATED)
ANTENNA_i_soc.i_data_sram.u_sram.gen_bank[3].gen_512.u_macro_din0[0]/DIODE    1.000000    1.350098   -0.350098 (VIOLATED)
ANTENNA_i_soc.i_instr_sram.u_sram.gen_bank[1].gen_512.u_macro_din0[25]/DIODE    1.000000    1.348696   -0.348696 (VIOLATED)
ANTENNA_i_soc.i_crossbar._1024__X/DIODE    1.000000    1.348659   -0.348659 (VIOLATED)
i_soc.i_crossbar._1024_/X               1.000000    1.348640   -0.348640 (VIOLATED)
i_soc.i_ai_sram.u_sram.gen_bank[3].gen_512.u_macro/din0[28]    1.000000    1.348438   -0.348438 (VIOLATED)
i_soc.i_ai_sram.u_sram.gen_bank[5].gen_512.u_macro/din0[26]    1.000000    1.347961   -0.347961 (VIOLATED)
ANTENNA_i_soc.i_ai_sram.u_sram._479__X/DIODE    1.000000    1.347819   -0.347819 (VIOLATED)
i_soc.i_ai_sram.u_sram._479_/X          1.000000    1.347813   -0.347813 (VIOLATED)
ANTENNA_i_soc.i_gpio._228__Q/DIODE      1.000000    1.347789   -0.347789 (VIOLATED)
i_soc.i_gpio._228_/Q                    1.000000    1.347757   -0.347757 (VIOLATED)
i_soc.i_ai_sram.u_sram.gen_bank[2].gen_512.u_macro/din0[31]    1.000000    1.347412   -0.347412 (VIOLATED)
ANTENNA_i_soc.i_data_sram.u_sram.gen_bank[1].gen_512.u_macro_din0[13]/DIODE    1.000000    1.346738   -0.346738 (VIOLATED)
ANTENNA_i_soc.i_instr_sram.u_sram.gen_bank[3].gen_512.u_macro_din0[12]/DIODE    1.000000    1.345225   -0.345225 (VIOLATED)
ANTENNA_i_soc.i_instr_sram.u_sram.gen_bank[3].gen_512.u_macro_din0[20]/DIODE    1.000000    1.344119   -0.344119 (VIOLATED)
i_soc.i_ai_sram.u_sram.gen_bank[6].gen_512.u_macro/din0[24]    1.000000    1.343781   -0.343781 (VIOLATED)
i_soc.i_ai_sram.u_sram.gen_bank[2].gen_512.u_macro/din0[20]    1.000000    1.343284   -0.343285 (VIOLATED)
ANTENNA_i_soc.i_data_sram.u_sram.gen_bank[1].gen_512.u_macro_din0[0]/DIODE    1.000000    1.341852   -0.341852 (VIOLATED)
i_soc.i_cpu.core_i.ex_stage_i.mult_i._14945_/A    1.000000    1.341681   -0.341681 (VIOLATED)
i_soc.i_cpu.core_i.ex_stage_i.mult_i._14946_/B2    1.000000    1.341680   -0.341680 (VIOLATED)
ANTENNA_i_soc.i_cpu.core_i.ex_stage_i.mult_i._14946__B2/DIODE    1.000000    1.341671   -0.341671 (VIOLATED)
ANTENNA_i_soc.i_cpu.core_i.ex_stage_i.mult_i._14945__A/DIODE    1.000000    1.341660   -0.341660 (VIOLATED)
i_soc.i_cpu.core_i.ex_stage_i.mult_i._15148_/A    1.000000    1.341521   -0.341521 (VIOLATED)
ANTENNA_i_soc.i_cpu.core_i.ex_stage_i.mult_i._15148__A/DIODE    1.000000    1.341488   -0.341489 (VIOLATED)
i_soc.i_cpu.core_i.ex_stage_i.mult_i._17363_/A    1.000000    1.341419   -0.341419 (VIOLATED)
i_soc.i_cpu.core_i.ex_stage_i.mult_i._17106_/A    1.000000    1.341417   -0.341417 (VIOLATED)
ANTENNA_i_soc.i_cpu.core_i.ex_stage_i.mult_i._17363__A/DIODE    1.000000    1.341416   -0.341416 (VIOLATED)
i_soc.i_cpu.core_i.ex_stage_i.mult_i._17105_/B2    1.000000    1.341416   -0.341416 (VIOLATED)
ANTENNA_i_soc.i_cpu.core_i.ex_stage_i.mult_i._17105__B2/DIODE    1.000000    1.341415   -0.341415 (VIOLATED)
ANTENNA_i_soc.i_cpu.core_i.ex_stage_i.mult_i._17106__A/DIODE    1.000000    1.341415   -0.341415 (VIOLATED)
i_soc.i_cpu.core_i.ex_stage_i.mult_i._17364_/A1_N    1.000000    1.341415   -0.341415 (VIOLATED)
i_soc.i_cpu.core_i.ex_stage_i.mult_i._15259_/B    1.000000    1.341414   -0.341414 (VIOLATED)
ANTENNA_i_soc.i_cpu.core_i.ex_stage_i.mult_i._17364__A1_N/DIODE    1.000000    1.341413   -0.341413 (VIOLATED)
ANTENNA_i_soc.i_cpu.core_i.ex_stage_i.mult_i._16804__A1/DIODE    1.000000    1.341410   -0.341410 (VIOLATED)
ANTENNA_i_soc.i_cpu.core_i.ex_stage_i.mult_i._16803__B/DIODE    1.000000    1.341409   -0.341409 (VIOLATED)
i_soc.i_cpu.core_i.ex_stage_i.mult_i._15260_/A1    1.000000    1.341408   -0.341408 (VIOLATED)
i_soc.i_cpu.core_i.ex_stage_i.mult_i._16804_/A1    1.000000    1.341404   -0.341404 (VIOLATED)
i_soc.i_cpu.core_i.ex_stage_i.mult_i._16803_/B    1.000000    1.341401   -0.341401 (VIOLATED)
ANTENNA_i_soc.i_cpu.core_i.ex_stage_i.mult_i._15260__A1/DIODE    1.000000    1.341399   -0.341399 (VIOLATED)
i_soc.i_cpu.core_i.ex_stage_i.mult_i._16621_/A    1.000000    1.341393   -0.341393 (VIOLATED)
ANTENNA_i_soc.i_cpu.core_i.ex_stage_i.mult_i._16621__A/DIODE    1.000000    1.341392   -0.341392 (VIOLATED)
i_soc.i_cpu.core_i.ex_stage_i.mult_i._16808_/A1    1.000000    1.341386   -0.341386 (VIOLATED)
ANTENNA_i_soc.i_cpu.core_i.ex_stage_i.mult_i._15259__B/DIODE    1.000000    1.341362   -0.341361 (VIOLATED)
ANTENNA_i_soc.i_cpu.core_i.ex_stage_i.mult_i._16808__A1/DIODE    1.000000    1.341348   -0.341348 (VIOLATED)
i_soc.i_cpu.core_i.ex_stage_i.mult_i._15390_/B2    1.000000    1.341313   -0.341313 (VIOLATED)
i_soc.i_cpu.core_i.ex_stage_i.mult_i._15389_/A    1.000000    1.341309   -0.341309 (VIOLATED)
ANTENNA_i_soc.i_cpu.core_i.ex_stage_i.mult_i._15390__B2/DIODE    1.000000    1.341293   -0.341293 (VIOLATED)
ANTENNA_i_soc.i_cpu.core_i.ex_stage_i.mult_i._15389__A/DIODE    1.000000    1.341285   -0.341285 (VIOLATED)
ANTENNA_i_soc.i_instr_sram.u_sram.gen_bank[3].gen_512.u_macro_din0[19]/DIODE    1.000000    1.341244   -0.341244 (VIOLATED)
ANTENNA_i_soc.i_instr_sram.u_sram.gen_bank[0].gen_512.u_macro_din0[0]/DIODE    1.000000    1.340919   -0.340919 (VIOLATED)
ANTENNA_i_soc.i_cpu.core_i.id_stage_i._3376__A0/DIODE    1.000000    1.340897   -0.340897 (VIOLATED)
i_soc.i_cpu.core_i.id_stage_i._3376_/A0    1.000000    1.340897   -0.340897 (VIOLATED)
ANTENNA_fanout3755_X/DIODE              1.000000    1.340891   -0.340891 (VIOLATED)
fanout3755/X                            1.000000    1.340891   -0.340891 (VIOLATED)
ANTENNA_i_soc.i_data_sram.u_sram.gen_bank[0].gen_512.u_macro_din0[0]/DIODE    1.000000    1.340801   -0.340802 (VIOLATED)
i_soc.i_ai_sram.u_sram.gen_bank[0].gen_512.u_macro/din0[14]    1.000000    1.339746   -0.339746 (VIOLATED)
ANTENNA_i_soc.i_crossbar._0823__X/DIODE    1.000000    1.339450   -0.339450 (VIOLATED)
i_soc.i_crossbar._0823_/X               1.000000    1.339424   -0.339424 (VIOLATED)
i_soc.i_crossbar._0872_/A               1.000000    1.338355   -0.338355 (VIOLATED)
ANTENNA_i_soc.i_crossbar._0872__A/DIODE    1.000000    1.338353   -0.338353 (VIOLATED)
ANTENNA_i_soc.i_gpio._229__Q/DIODE      1.000000    1.338185   -0.338185 (VIOLATED)
i_soc.i_gpio._229_/Q                    1.000000    1.338177   -0.338177 (VIOLATED)
ANTENNA_i_soc.i_obi_axi_instr._118__X/DIODE    1.000000    1.337869   -0.337869 (VIOLATED)
i_soc.i_obi_axi_instr._118_/X           1.000000    1.337857   -0.337857 (VIOLATED)
ANTENNA_i_soc.i_data_sram.u_sram.gen_bank[1].gen_512.u_macro_din0[21]/DIODE    1.000000    1.337620   -0.337620 (VIOLATED)
i_soc.i_ai_sram.u_sram.gen_bank[2].gen_512.u_macro/din0[7]    1.000000    1.336961   -0.336961 (VIOLATED)
i_soc.i_ai_sram.u_sram.gen_bank[6].gen_512.u_macro/din0[29]    1.000000    1.335789   -0.335789 (VIOLATED)
i_soc.i_gpio._122_/B                    1.000000    1.334817   -0.334817 (VIOLATED)
ANTENNA_i_soc.i_gpio._122__B/DIODE      1.000000    1.334810   -0.334811 (VIOLATED)
wire1821/A                              1.000000    1.333226   -0.333226 (VIOLATED)
ANTENNA_wire1821_A/DIODE                1.000000    1.333207   -0.333207 (VIOLATED)
ANTENNA_i_soc.i_data_sram.u_sram.gen_bank[2].gen_512.u_macro_din0[21]/DIODE    1.000000    1.332858   -0.332858 (VIOLATED)
ANTENNA_i_soc.i_data_sram.u_sram.gen_bank[0].gen_512.u_macro_din0[13]/DIODE    1.000000    1.331809   -0.331809 (VIOLATED)
ANTENNA_i_soc.i_instr_sram.u_sram.gen_bank[1].gen_512.u_macro_din0[14]/DIODE    1.000000    1.331048   -0.331048 (VIOLATED)
ANTENNA_i_soc.i_crossbar._1013__X/DIODE    1.000000    1.330989   -0.330989 (VIOLATED)
i_soc.i_crossbar._1013_/X               1.000000    1.330971   -0.330971 (VIOLATED)
ANTENNA_i_soc.i_gpio._234__Q/DIODE      1.000000    1.330493   -0.330493 (VIOLATED)
i_soc.i_gpio._234_/Q                    1.000000    1.330484   -0.330484 (VIOLATED)
ANTENNA_i_soc.i_crossbar._0836__X/DIODE    1.000000    1.330143   -0.330143 (VIOLATED)
i_soc.i_crossbar._0836_/X               1.000000    1.330088   -0.330088 (VIOLATED)
ANTENNA_i_soc.i_ai_sram.u_sram.gen_bank[0].gen_512.u_macro_din0[24]/DIODE    1.000000    1.329008   -0.329008 (VIOLATED)
ANTENNA_8/DIODE                         1.000000    1.327867   -0.327867 (VIOLATED)
ANTENNA_6/DIODE                         1.000000    1.327855   -0.327855 (VIOLATED)
ANTENNA_4/DIODE                         1.000000    1.327838   -0.327838 (VIOLATED)
ANTENNA_i_soc.i_ai_sram.u_sram._406__X/DIODE    1.000000    1.327827   -0.327827 (VIOLATED)
ANTENNA_5/DIODE                         1.000000    1.327824   -0.327824 (VIOLATED)
ANTENNA_7/DIODE                         1.000000    1.327824   -0.327824 (VIOLATED)
ANTENNA_3/DIODE                         1.000000    1.327807   -0.327807 (VIOLATED)
i_soc.i_ai_sram.u_sram._406_/X          1.000000    1.327763   -0.327763 (VIOLATED)
ANTENNA_138/DIODE                       1.000000    1.327517   -0.327517 (VIOLATED)
ANTENNA_135/DIODE                       1.000000    1.327486   -0.327486 (VIOLATED)
ANTENNA_133/DIODE                       1.000000    1.327478   -0.327478 (VIOLATED)
ANTENNA_i_soc.i_ai_sram.u_sram._704__X/DIODE    1.000000    1.327466   -0.327466 (VIOLATED)
ANTENNA_132/DIODE                       1.000000    1.327438   -0.327438 (VIOLATED)
ANTENNA_134/DIODE                       1.000000    1.327438   -0.327438 (VIOLATED)
ANTENNA_137/DIODE                       1.000000    1.327438   -0.327438 (VIOLATED)
ANTENNA_136/DIODE                       1.000000    1.327434   -0.327434 (VIOLATED)
i_soc.i_ai_sram.u_sram._704_/X          1.000000    1.327390   -0.327390 (VIOLATED)
clkbuf_leaf_11_clk_i/A                  1.000000    1.327222   -0.327222 (VIOLATED)
ANTENNA_clkbuf_leaf_11_clk_i_A/DIODE    1.000000    1.327121   -0.327121 (VIOLATED)
ANTENNA_i_soc.i_ai_sram.u_sram._644__X/DIODE    1.000000    1.326137   -0.326137 (VIOLATED)
i_soc.i_ai_sram.u_sram._644_/X          1.000000    1.326107   -0.326107 (VIOLATED)
i_soc.i_ai_sram.u_sram.gen_bank[3].gen_512.u_macro/din0[26]    1.000000    1.324878   -0.324878 (VIOLATED)
clkbuf_0_clk_i/A                        1.000000    1.324436   -0.324436 (VIOLATED)
ANTENNA_clkbuf_0_clk_i_A/DIODE          1.000000    1.324333   -0.324333 (VIOLATED)
i_soc.i_cpu.core_i.ex_stage_i.mult_i._14931_/B2    1.000000    1.324162   -0.324162 (VIOLATED)
i_soc.i_cpu.core_i.ex_stage_i.mult_i._14930_/A    1.000000    1.324159   -0.324159 (VIOLATED)
ANTENNA_i_soc.i_cpu.core_i.ex_stage_i.mult_i._14930__A/DIODE    1.000000    1.324154   -0.324154 (VIOLATED)
ANTENNA_i_soc.i_cpu.core_i.ex_stage_i.mult_i._14931__B2/DIODE    1.000000    1.324147   -0.324147 (VIOLATED)
i_soc.i_cpu.core_i.ex_stage_i.mult_i._14955_/A1    1.000000    1.324086   -0.324086 (VIOLATED)
ANTENNA_i_soc.i_cpu.core_i.ex_stage_i.mult_i._14955__A1/DIODE    1.000000    1.324080   -0.324080 (VIOLATED)
i_soc.i_cpu.core_i.ex_stage_i.mult_i._15146_/A1    1.000000    1.323981   -0.323981 (VIOLATED)
i_soc.i_cpu.core_i.ex_stage_i.mult_i._15145_/B    1.000000    1.323968   -0.323968 (VIOLATED)
ANTENNA_i_soc.i_cpu.core_i.ex_stage_i.mult_i._15146__A1/DIODE    1.000000    1.323965   -0.323965 (VIOLATED)
ANTENNA_i_soc.i_cpu.core_i.ex_stage_i.mult_i._15145__B/DIODE    1.000000    1.323951   -0.323951 (VIOLATED)
i_soc.i_cpu.core_i.ex_stage_i.mult_i._15260_/B2    1.000000    1.323871   -0.323871 (VIOLATED)
i_soc.i_cpu.core_i.ex_stage_i.mult_i._15259_/A    1.000000    1.323869   -0.323869 (VIOLATED)
ANTENNA_i_soc.i_cpu.core_i.ex_stage_i.mult_i._15260__B2/DIODE    1.000000    1.323849   -0.323849 (VIOLATED)
ANTENNA_i_soc.i_cpu.core_i.ex_stage_i.mult_i._15259__A/DIODE    1.000000    1.323848   -0.323848 (VIOLATED)
i_soc.i_cpu.core_i.ex_stage_i.mult_i._17361_/A1    1.000000    1.323786   -0.323786 (VIOLATED)
ANTENNA_i_soc.i_cpu.core_i.ex_stage_i.mult_i._16803__A/DIODE    1.000000    1.323785   -0.323785 (VIOLATED)
ANTENNA_i_soc.i_cpu.core_i.ex_stage_i.mult_i._16804__B2/DIODE    1.000000    1.323785   -0.323785 (VIOLATED)
i_soc.i_cpu.core_i.ex_stage_i.mult_i._16804_/B2    1.000000    1.323785   -0.323785 (VIOLATED)
ANTENNA_i_soc.i_cpu.core_i.ex_stage_i.mult_i._17361__A1/DIODE    1.000000    1.323783   -0.323783 (VIOLATED)
i_soc.i_cpu.core_i.ex_stage_i.mult_i._16803_/A    1.000000    1.323779   -0.323779 (VIOLATED)
i_soc.i_cpu.core_i.ex_stage_i.mult_i._17118_/A1    1.000000    1.323778   -0.323778 (VIOLATED)
i_soc.i_cpu.core_i.ex_stage_i.mult_i._17117_/A    1.000000    1.323774   -0.323774 (VIOLATED)
ANTENNA_i_soc.i_cpu.core_i.ex_stage_i.mult_i._17117__A/DIODE    1.000000    1.323772   -0.323772 (VIOLATED)
ANTENNA_i_soc.i_cpu.core_i.ex_stage_i.mult_i._17118__A1/DIODE    1.000000    1.323772   -0.323772 (VIOLATED)
i_soc.i_cpu.core_i.ex_stage_i.mult_i._16619_/A1    1.000000    1.323750   -0.323750 (VIOLATED)
ANTENNA_i_soc.i_cpu.core_i.ex_stage_i.mult_i._16618__A/DIODE    1.000000    1.323731   -0.323731 (VIOLATED)
ANTENNA_i_soc.i_cpu.core_i.ex_stage_i.mult_i._15398__A/DIODE    1.000000    1.323727   -0.323727 (VIOLATED)
i_soc.i_cpu.core_i.ex_stage_i.mult_i._15398_/A    1.000000    1.323719   -0.323719 (VIOLATED)
ANTENNA_i_soc.i_cpu.core_i.ex_stage_i.mult_i._16619__A1/DIODE    1.000000    1.323694   -0.323694 (VIOLATED)
i_soc.i_cpu.core_i.ex_stage_i.mult_i._16618_/A    1.000000    1.323647   -0.323647 (VIOLATED)
ANTENNA_i_soc.i_data_sram.u_sram.gen_bank[3].gen_512.u_macro_din0[8]/DIODE    1.000000    1.323246   -0.323246 (VIOLATED)
i_soc.i_cpu.core_i.id_stage_i._3375_/A0    1.000000    1.323189   -0.323189 (VIOLATED)
ANTENNA_i_soc.i_cpu.core_i.id_stage_i._3375__A0/DIODE    1.000000    1.323187   -0.323187 (VIOLATED)
ANTENNA_fanout3759_X/DIODE              1.000000    1.323179   -0.323178 (VIOLATED)
fanout3759/X                            1.000000    1.323176   -0.323176 (VIOLATED)
i_soc.i_ai_sram.u_sram.gen_bank[2].gen_512.u_macro/din0[22]    1.000000    1.321200   -0.321200 (VIOLATED)
ANTENNA_i_soc.i_instr_sram.u_sram.gen_bank[3].gen_512.u_macro_din0[7]/DIODE    1.000000    1.319334   -0.319334 (VIOLATED)
i_soc.i_ai_sram.u_sram._592_/A2         1.000000    1.319210   -0.319210 (VIOLATED)
ANTENNA_i_soc.i_instr_sram.u_sram.gen_bank[0].gen_512.u_macro_din0[1]/DIODE    1.000000    1.319194   -0.319194 (VIOLATED)
ANTENNA_i_soc.i_ai_sram.u_sram._592__A2/DIODE    1.000000    1.319191   -0.319191 (VIOLATED)
ANTENNA_i_soc.i_ai_sram.u_sram._667__B/DIODE    1.000000    1.318078   -0.318078 (VIOLATED)
i_soc.i_ai_sram.u_sram._667_/B          1.000000    1.318078   -0.318078 (VIOLATED)
ANTENNA_i_soc.i_instr_sram.u_sram.gen_bank[2].gen_512.u_macro_din0[10]/DIODE    1.000000    1.318060   -0.318060 (VIOLATED)
ANTENNA_i_soc.i_instr_sram.u_sram.gen_bank[1].gen_512.u_macro_din0[24]/DIODE    1.000000    1.316978   -0.316978 (VIOLATED)
ANTENNA_i_soc.i_crossbar._1023__X/DIODE    1.000000    1.316885   -0.316886 (VIOLATED)
i_soc.i_crossbar._1023_/X               1.000000    1.316885   -0.316886 (VIOLATED)
i_soc.i_ai_sram.u_sram.gen_bank[3].gen_512.u_macro/din0[24]    1.000000    1.316334   -0.316334 (VIOLATED)
ANTENNA_i_soc.i_data_sram.u_sram.gen_bank[0].gen_512.u_macro_din0[21]/DIODE    1.000000    1.316124   -0.316124 (VIOLATED)
ANTENNA_i_soc.i_instr_sram.u_sram.gen_bank[1].gen_512.u_macro_din0[12]/DIODE    1.000000    1.315799   -0.315799 (VIOLATED)
ANTENNA_i_soc.i_crossbar._1011__X/DIODE    1.000000    1.315767   -0.315767 (VIOLATED)
i_soc.i_crossbar._1011_/X               1.000000    1.315750   -0.315750 (VIOLATED)
i_soc.i_ai_sram.u_sram.gen_bank[6].gen_512.u_macro/din0[21]    1.000000    1.315715   -0.315715 (VIOLATED)
ANTENNA_i_soc.i_data_sram.u_sram.gen_bank[3].gen_512.u_macro_din0[2]/DIODE    1.000000    1.315467   -0.315467 (VIOLATED)
ANTENNA_i_soc.i_crossbar._0844__X/DIODE    1.000000    1.315428   -0.315428 (VIOLATED)
i_soc.i_crossbar._0844_/X               1.000000    1.315408   -0.315408 (VIOLATED)
output36/A                              1.000000    1.314914   -0.314914 (VIOLATED)
ANTENNA_output36_A/DIODE                1.000000    1.314884   -0.314884 (VIOLATED)
i_soc.i_ai_sram.u_sram.gen_bank[2].gen_512.u_macro/din0[17]    1.000000    1.314857   -0.314857 (VIOLATED)
i_soc.i_ai_sram.u_sram.gen_bank[3].gen_512.u_macro/din0[21]    1.000000    1.313043   -0.313043 (VIOLATED)
i_soc.i_ai_sram.u_sram.gen_bank[4].gen_512.u_macro/din0[22]    1.000000    1.312946   -0.312946 (VIOLATED)
i_soc.i_ai_sram.u_sram.gen_bank[6].gen_512.u_macro/din0[26]    1.000000    1.312307   -0.312307 (VIOLATED)
ANTENNA_i_soc.i_ai_sram.u_sram.gen_bank[0].gen_512.u_macro_din0[15]/DIODE    1.000000    1.310916   -0.310916 (VIOLATED)
i_soc.i_ai_sram.u_sram.gen_bank[4].gen_512.u_macro/din0[4]    1.000000    1.310825   -0.310825 (VIOLATED)
ANTENNA_i_soc.i_instr_sram.u_sram.gen_bank[0].gen_512.u_macro_din0[8]/DIODE    1.000000    1.310711   -0.310711 (VIOLATED)
i_soc.i_ai_sram.u_sram.gen_bank[1].gen_512.u_macro/din0[27]    1.000000    1.310571   -0.310571 (VIOLATED)
load_slew1830/A                         1.000000    1.309924   -0.309925 (VIOLATED)
i_soc.i_ai_sram.u_sram._597_/A2         1.000000    1.309598   -0.309598 (VIOLATED)
ANTENNA_i_soc.i_ai_sram.u_sram._597__A2/DIODE    1.000000    1.309595   -0.309595 (VIOLATED)
ANTENNA_i_soc.i_instr_sram.u_sram.gen_bank[1].gen_512.u_macro_din0[30]/DIODE    1.000000    1.309020   -0.309020 (VIOLATED)
ANTENNA_i_soc.i_crossbar._1029__X/DIODE    1.000000    1.308987   -0.308987 (VIOLATED)
i_soc.i_crossbar._1029_/X               1.000000    1.308969   -0.308969 (VIOLATED)
ANTENNA_131/DIODE                       1.000000    1.307918   -0.307918 (VIOLATED)
ANTENNA_129/DIODE                       1.000000    1.307875   -0.307875 (VIOLATED)
ANTENNA_126/DIODE                       1.000000    1.307856   -0.307856 (VIOLATED)
ANTENNA_128/DIODE                       1.000000    1.307856   -0.307856 (VIOLATED)
ANTENNA_i_soc.i_ai_sram.u_sram._682__X/DIODE    1.000000    1.307856   -0.307856 (VIOLATED)
ANTENNA_i_soc.i_instr_sram.u_sram.gen_bank[3].gen_512.u_macro_din0[6]/DIODE    1.000000    1.307845   -0.307845 (VIOLATED)
ANTENNA_130/DIODE                       1.000000    1.307828   -0.307828 (VIOLATED)
ANTENNA_127/DIODE                       1.000000    1.307778   -0.307778 (VIOLATED)
i_soc.i_ai_sram.u_sram._682_/X          1.000000    1.307690   -0.307690 (VIOLATED)
load_slew1822/A                         1.000000    1.307586   -0.307586 (VIOLATED)
ANTENNA_load_slew1822_A/DIODE           1.000000    1.307540   -0.307540 (VIOLATED)
ANTENNA_load_slew1830_A/DIODE           1.000000    1.307231   -0.307231 (VIOLATED)
ANTENNA_i_soc.i_crossbar._0262__A0/DIODE    1.000000    1.307168   -0.307168 (VIOLATED)
i_soc.i_crossbar._0262_/A0              1.000000    1.307168   -0.307168 (VIOLATED)
ANTENNA_i_soc.i_instr_sram.u_sram.gen_bank[3].gen_512.u_macro_din0[3]/DIODE    1.000000    1.306550   -0.306550 (VIOLATED)
ANTENNA_i_soc.i_instr_sram.u_sram.gen_bank[1].gen_512.u_macro_din0[19]/DIODE    1.000000    1.306284   -0.306284 (VIOLATED)
i_soc.i_ai_sram.u_sram.gen_bank[4].gen_512.u_macro/din0[1]    1.000000    1.306253   -0.306253 (VIOLATED)
ANTENNA_i_soc.i_crossbar._1018__X/DIODE    1.000000    1.306206   -0.306206 (VIOLATED)
i_soc.i_crossbar._1018_/X               1.000000    1.306189   -0.306189 (VIOLATED)
i_soc.i_ai_sram.u_sram.gen_bank[0].gen_512.u_macro/din0[8]    1.000000    1.305345   -0.305345 (VIOLATED)
wire1633/A                              1.000000    1.303497   -0.303497 (VIOLATED)
ANTENNA_wire1633_A/DIODE                1.000000    1.303489   -0.303489 (VIOLATED)
ANTENNA_i_soc.i_instr_sram.u_sram.gen_bank[0].gen_512.u_macro_din0[9]/DIODE    1.000000    1.301766   -0.301766 (VIOLATED)
i_soc.i_ai_sram.u_sram.gen_bank[3].gen_512.u_macro/din0[17]    1.000000    1.300933   -0.300933 (VIOLATED)
i_soc.i_gpio._116_/B                    1.000000    1.300042   -0.300042 (VIOLATED)
ANTENNA_i_soc.i_gpio._116__B/DIODE      1.000000    1.300035   -0.300035 (VIOLATED)
i_soc.i_ai_sram.u_sram.gen_bank[5].gen_512.u_macro/din0[16]    1.000000    1.300005   -0.300005 (VIOLATED)
ANTENNA_i_soc.i_instr_sram.u_sram.gen_bank[1].gen_512.u_macro_din0[20]/DIODE    1.000000    1.299494   -0.299494 (VIOLATED)
ANTENNA_i_soc.i_crossbar._1019__X/DIODE    1.000000    1.299438   -0.299438 (VIOLATED)
i_soc.i_crossbar._1019_/X               1.000000    1.299438   -0.299438 (VIOLATED)
ANTENNA_i_soc.i_data_sram.u_sram.gen_bank[1].gen_512.u_macro_din0[2]/DIODE    1.000000    1.297848   -0.297848 (VIOLATED)
i_soc.i_ai_sram.u_sram.gen_bank[13].gen_512.u_macro/din0[24]    1.000000    1.297240   -0.297240 (VIOLATED)
wire1635/A                              1.000000    1.297084   -0.297084 (VIOLATED)
ANTENNA_wire1635_A/DIODE                1.000000    1.297082   -0.297082 (VIOLATED)
load_slew1634/A                         1.000000    1.297055   -0.297055 (VIOLATED)
ANTENNA_load_slew1634_A/DIODE           1.000000    1.297054   -0.297054 (VIOLATED)
load_slew1636/A                         1.000000    1.296919   -0.296919 (VIOLATED)
ANTENNA_load_slew1636_A/DIODE           1.000000    1.296918   -0.296918 (VIOLATED)
ANTENNA_i_soc.i_crossbar._0859__X/DIODE    1.000000    1.296779   -0.296779 (VIOLATED)
i_soc.i_crossbar._0859_/X               1.000000    1.296765   -0.296765 (VIOLATED)
output35/A                              1.000000    1.295748   -0.295748 (VIOLATED)
ANTENNA_output35_A/DIODE                1.000000    1.295654   -0.295654 (VIOLATED)
i_soc.i_ai_sram.u_sram.gen_bank[8].gen_512.u_macro/din0[19]    1.000000    1.295547   -0.295547 (VIOLATED)
ANTENNA_i_soc.i_data_sram.u_sram.gen_bank[1].gen_512.u_macro_din0[8]/DIODE    1.000000    1.295050   -0.295050 (VIOLATED)
ANTENNA_i_soc.i_ai_sram.u_sram.gen_bank[0].gen_512.u_macro_din0[13]/DIODE    1.000000    1.294783   -0.294783 (VIOLATED)
ANTENNA_i_soc.i_gpio._232__Q/DIODE      1.000000    1.293794   -0.293794 (VIOLATED)
i_soc.i_gpio._232_/Q                    1.000000    1.293785   -0.293785 (VIOLATED)
i_soc.i_ai_sram.u_sram.gen_bank[3].gen_512.u_macro/din0[31]    1.000000    1.292341   -0.292342 (VIOLATED)
i_soc.i_ai_accel._18573_/B2             1.000000    1.291905   -0.291905 (VIOLATED)
ANTENNA_i_soc.i_ai_accel._18573__B2/DIODE    1.000000    1.291902   -0.291902 (VIOLATED)
i_soc.i_ai_accel._17546_/A2             1.000000    1.291900   -0.291900 (VIOLATED)
ANTENNA_i_soc.i_ai_accel._17546__A2/DIODE    1.000000    1.291898   -0.291898 (VIOLATED)
ANTENNA_i_soc.i_ai_accel.u_conv_out._26__X/DIODE    1.000000    1.291599   -0.291599 (VIOLATED)
i_soc.i_ai_accel.u_conv_out._26_/X      1.000000    1.291597   -0.291597 (VIOLATED)
ANTENNA_i_soc.i_instr_sram.u_sram.gen_bank[1].gen_512.u_macro_din0[7]/DIODE    1.000000    1.290429   -0.290429 (VIOLATED)
ANTENNA_i_soc.i_crossbar._1006__X/DIODE    1.000000    1.290384   -0.290384 (VIOLATED)
i_soc.i_crossbar._1006_/X               1.000000    1.290368   -0.290368 (VIOLATED)
ANTENNA_i_soc.i_gpio._226__Q/DIODE      1.000000    1.289992   -0.289992 (VIOLATED)
i_soc.i_gpio._226_/Q                    1.000000    1.289966   -0.289966 (VIOLATED)
ANTENNA_i_soc.i_instr_sram.u_sram.gen_bank[1].gen_512.u_macro_din0[3]/DIODE    1.000000    1.289268   -0.289268 (VIOLATED)
ANTENNA_i_soc.i_crossbar._1002__X/DIODE    1.000000    1.289212   -0.289212 (VIOLATED)
i_soc.i_crossbar._1002_/X               1.000000    1.289196   -0.289196 (VIOLATED)
ANTENNA_i_soc.i_data_sram._66__Q/DIODE    1.000000    1.289068   -0.289068 (VIOLATED)
i_soc.i_data_sram._66_/Q                1.000000    1.289042   -0.289042 (VIOLATED)
i_soc.i_ai_sram.u_sram.gen_bank[1].gen_512.u_macro/din0[28]    1.000000    1.288919   -0.288919 (VIOLATED)
ANTENNA_i_soc.i_ai_sram.u_sram._374__A/DIODE    1.000000    1.285794   -0.285794 (VIOLATED)
i_soc.i_ai_sram.u_sram._374_/A          1.000000    1.285794   -0.285794 (VIOLATED)
i_soc.i_ai_sram.u_sram.gen_bank[1].gen_512.u_macro/din0[23]    1.000000    1.285753   -0.285753 (VIOLATED)
ANTENNA_i_soc.i_instr_sram.u_sram.gen_bank[1].gen_512.u_macro_din0[6]/DIODE    1.000000    1.285474   -0.285474 (VIOLATED)
ANTENNA_i_soc.i_crossbar._1005__X/DIODE    1.000000    1.285443   -0.285443 (VIOLATED)
i_soc.i_crossbar._1005_/X               1.000000    1.285443   -0.285443 (VIOLATED)
i_soc.i_ai_sram.u_sram._365_/A          1.000000    1.285375   -0.285375 (VIOLATED)
ANTENNA_i_soc.i_ai_sram.u_sram._365__A/DIODE    1.000000    1.285334   -0.285334 (VIOLATED)
i_soc.i_ai_sram.u_sram._372_/B          1.000000    1.285314   -0.285314 (VIOLATED)
ANTENNA_i_soc.i_ai_sram.u_sram._372__B/DIODE    1.000000    1.285299   -0.285299 (VIOLATED)
ANTENNA_i_soc.i_ai_sram.u_sram.gen_bank[1].gen_512.u_macro_din0[30]/DIODE    1.000000    1.285270   -0.285270 (VIOLATED)
ANTENNA_i_soc.i_ai_sram.u_sram._591__X/DIODE    1.000000    1.284163   -0.284162 (VIOLATED)
i_soc.i_ai_sram.u_sram._591_/X          1.000000    1.284117   -0.284117 (VIOLATED)
i_soc.i_ai_sram.u_sram._650_/B          1.000000    1.284050   -0.284050 (VIOLATED)
ANTENNA_i_soc.i_ai_sram.u_sram._650__B/DIODE    1.000000    1.284048   -0.284048 (VIOLATED)
ANTENNA_i_soc.i_ai_sram.u_sram._370__C/DIODE    1.000000    1.283917   -0.283917 (VIOLATED)
i_soc.i_ai_sram.u_sram._370_/C          1.000000    1.283905   -0.283905 (VIOLATED)
ANTENNA_i_soc.i_ai_sram.u_sram._366__A/DIODE    1.000000    1.283877   -0.283877 (VIOLATED)
i_soc.i_ai_sram.u_sram._366_/A          1.000000    1.283849   -0.283849 (VIOLATED)
ANTENNA_i_soc.i_ai_sram.u_sram._371__A/DIODE    1.000000    1.283579   -0.283579 (VIOLATED)
i_soc.i_ai_sram.u_sram._362_/C          1.000000    1.283443   -0.283443 (VIOLATED)
i_soc.i_ai_sram.u_sram._371_/A          1.000000    1.283439   -0.283439 (VIOLATED)
ANTENNA_i_soc.i_ai_sram.u_sram._362__C/DIODE    1.000000    1.283395   -0.283395 (VIOLATED)
ANTENNA_i_soc.i_ai_sram.u_sram._363__B/DIODE    1.000000    1.283335   -0.283335 (VIOLATED)
i_soc.i_ai_sram.u_sram._363_/B          1.000000    1.283193   -0.283193 (VIOLATED)
i_soc.i_ai_sram.u_sram.gen_bank[6].gen_512.u_macro/din0[31]    1.000000    1.281885   -0.281885 (VIOLATED)
i_soc.i_ai_accel._17577_/C              1.000000    1.281688   -0.281688 (VIOLATED)
ANTENNA_i_soc.i_ai_accel._17577__C/DIODE    1.000000    1.281687   -0.281687 (VIOLATED)
i_soc.i_ai_accel._18585_/B2             1.000000    1.281683   -0.281683 (VIOLATED)
ANTENNA_i_soc.i_ai_accel._18585__B2/DIODE    1.000000    1.281682   -0.281682 (VIOLATED)
ANTENNA__05__X/DIODE                    1.000000    1.281634   -0.281634 (VIOLATED)
_05_/X                                  1.000000    1.281627   -0.281627 (VIOLATED)
ANTENNA_i_soc.i_ai_accel.u_conv_out._38__X/DIODE    1.000000    1.281431   -0.281431 (VIOLATED)
i_soc.i_ai_accel.u_conv_out._38_/X      1.000000    1.281429   -0.281429 (VIOLATED)
wire1119/A                              1.000000    1.281417   -0.281417 (VIOLATED)
ANTENNA_wire1119_A/DIODE                1.000000    1.281361   -0.281361 (VIOLATED)
ANTENNA_i_soc.i_data_sram.u_sram.gen_bank[3].gen_512.u_macro_din0[4]/DIODE    1.000000    1.280765   -0.280765 (VIOLATED)
ANTENNA_i_soc.i_instr_sram.u_sram.gen_bank[3].gen_512.u_macro_din0[0]/DIODE    1.000000    1.279742   -0.279742 (VIOLATED)
i_soc.i_cpu.core_i.id_stage_i._2550_/B1    1.000000    1.279586   -0.279586 (VIOLATED)
i_soc.i_cpu.core_i.id_stage_i._2563_/B1    1.000000    1.279567   -0.279567 (VIOLATED)
i_soc.i_cpu.core_i.id_stage_i._2532_/B1    1.000000    1.279560   -0.279560 (VIOLATED)
ANTENNA_i_soc.i_cpu.core_i.id_stage_i._2532__B1/DIODE    1.000000    1.279553   -0.279553 (VIOLATED)
i_soc.i_cpu.core_i.id_stage_i._2574_/B1    1.000000    1.279553   -0.279553 (VIOLATED)
ANTENNA_i_soc.i_cpu.core_i.id_stage_i._2563__B1/DIODE    1.000000    1.279552   -0.279552 (VIOLATED)
ANTENNA_i_soc.i_cpu.core_i.id_stage_i._2574__B1/DIODE    1.000000    1.279547   -0.279547 (VIOLATED)
ANTENNA_i_soc.i_cpu.core_i.id_stage_i._2550__B1/DIODE    1.000000    1.279547   -0.279547 (VIOLATED)
ANTENNA_i_soc.i_cpu.core_i.id_stage_i._2501__B1/DIODE    1.000000    1.279541   -0.279541 (VIOLATED)
i_soc.i_cpu.core_i.id_stage_i._2501_/B1    1.000000    1.279538   -0.279538 (VIOLATED)
ANTENNA_i_soc.i_cpu.core_i.id_stage_i._2618__B1/DIODE    1.000000    1.279518   -0.279518 (VIOLATED)
i_soc.i_cpu.core_i.id_stage_i._2618_/B1    1.000000    1.279453   -0.279453 (VIOLATED)
i_soc.i_cpu.core_i.id_stage_i._2631_/B1    1.000000    1.279297   -0.279297 (VIOLATED)
ANTENNA_i_soc.i_cpu.core_i.id_stage_i._2631__B1/DIODE    1.000000    1.279210   -0.279210 (VIOLATED)
i_soc.i_cpu.core_i.id_stage_i._2585_/B1    1.000000    1.279188   -0.279188 (VIOLATED)
ANTENNA_i_soc.i_cpu.core_i.id_stage_i._2640__B1/DIODE    1.000000    1.279177   -0.279177 (VIOLATED)
ANTENNA_i_soc.i_cpu.core_i.id_stage_i._2585__B1/DIODE    1.000000    1.279177   -0.279177 (VIOLATED)
i_soc.i_cpu.core_i.id_stage_i._2640_/B1    1.000000    1.279127   -0.279127 (VIOLATED)
i_soc.i_cpu.core_i.id_stage_i._2649_/B1    1.000000    1.279079   -0.279079 (VIOLATED)
i_soc.i_cpu.core_i.id_stage_i._2597_/B1    1.000000    1.279073   -0.279073 (VIOLATED)
ANTENNA_i_soc.i_cpu.core_i.id_stage_i._2649__B1/DIODE    1.000000    1.279047   -0.279047 (VIOLATED)
ANTENNA_i_soc.i_cpu.core_i.id_stage_i._2597__B1/DIODE    1.000000    1.279046   -0.279046 (VIOLATED)
i_soc.i_cpu.core_i.id_stage_i._2662_/B1    1.000000    1.279022   -0.279022 (VIOLATED)
ANTENNA_i_soc.i_cpu.core_i.id_stage_i._2662__B1/DIODE    1.000000    1.279004   -0.279004 (VIOLATED)
i_soc.i_cpu.core_i.id_stage_i._2674_/B1    1.000000    1.278959   -0.278959 (VIOLATED)
ANTENNA_i_soc.i_cpu.core_i.id_stage_i._2674__B1/DIODE    1.000000    1.278923   -0.278923 (VIOLATED)
i_soc.i_cpu.core_i.id_stage_i._2605_/B1    1.000000    1.278764   -0.278764 (VIOLATED)
ANTENNA_i_soc.i_cpu.core_i.id_stage_i._2605__B1/DIODE    1.000000    1.278640   -0.278640 (VIOLATED)
i_soc.i_cpu.core_i.id_stage_i._2539_/B1    1.000000    1.278469   -0.278469 (VIOLATED)
ANTENNA_i_soc.i_cpu.core_i.id_stage_i._2539__B1/DIODE    1.000000    1.278464   -0.278464 (VIOLATED)
ANTENNA_i_soc.i_cpu.core_i.id_stage_i._2697__B1/DIODE    1.000000    1.278332   -0.278332 (VIOLATED)
i_soc.i_cpu.core_i.id_stage_i._2697_/B1    1.000000    1.278329   -0.278329 (VIOLATED)
ANTENNA_i_soc.i_data_sram.u_sram.gen_bank[2].gen_512.u_macro_din0[4]/DIODE    1.000000    1.278169   -0.278169 (VIOLATED)
i_soc.i_cpu.core_i.id_stage_i._2682_/B1    1.000000    1.278119   -0.278119 (VIOLATED)
ANTENNA_i_soc.i_cpu.core_i.id_stage_i._2682__B1/DIODE    1.000000    1.278099   -0.278099 (VIOLATED)
i_soc.i_cpu.core_i.id_stage_i._2779_/B1    1.000000    1.277926   -0.277926 (VIOLATED)
ANTENNA_i_soc.i_cpu.core_i.id_stage_i._2779__B1/DIODE    1.000000    1.277916   -0.277916 (VIOLATED)
ANTENNA_i_soc.i_data_sram.u_sram.gen_bank[2].gen_512.u_macro_din0[2]/DIODE    1.000000    1.277868   -0.277868 (VIOLATED)
i_soc.i_cpu.core_i.id_stage_i._2715_/B1    1.000000    1.277680   -0.277680 (VIOLATED)
ANTENNA_i_soc.i_cpu.core_i.id_stage_i._2715__B1/DIODE    1.000000    1.277677   -0.277677 (VIOLATED)
ANTENNA_i_soc.i_cpu.core_i.id_stage_i._2846__B1/DIODE    1.000000    1.277449   -0.277449 (VIOLATED)
i_soc.i_cpu.core_i.id_stage_i._2846_/B1    1.000000    1.277419   -0.277419 (VIOLATED)
ANTENNA_i_soc.i_ai_sram.u_sram._596__X/DIODE    1.000000    1.277360   -0.277360 (VIOLATED)
i_soc.i_ai_sram.u_sram._596_/X          1.000000    1.277360   -0.277360 (VIOLATED)
i_soc.i_cpu.core_i.id_stage_i._2816_/A2    1.000000    1.277296   -0.277296 (VIOLATED)
ANTENNA_i_soc.i_cpu.core_i.id_stage_i._2816__A2/DIODE    1.000000    1.277291   -0.277291 (VIOLATED)
i_soc.i_cpu.core_i.id_stage_i._2794_/B1    1.000000    1.277154   -0.277154 (VIOLATED)
ANTENNA_i_soc.i_cpu.core_i.id_stage_i._2794__B1/DIODE    1.000000    1.277096   -0.277096 (VIOLATED)
i_soc.i_ai_sram.u_sram.gen_bank[2].gen_512.u_macro/din0[16]    1.000000    1.276942   -0.276942 (VIOLATED)
ANTENNA_i_soc.i_cpu.core_i.id_stage_i._2824__B1/DIODE    1.000000    1.276938   -0.276938 (VIOLATED)
i_soc.i_cpu.core_i.id_stage_i._2824_/B1    1.000000    1.276938   -0.276938 (VIOLATED)
ANTENNA_i_soc.i_cpu.core_i.id_stage_i._2706__B1/DIODE    1.000000    1.276909   -0.276909 (VIOLATED)
i_soc.i_cpu.core_i.id_stage_i._2706_/B1    1.000000    1.276905   -0.276905 (VIOLATED)
ANTENNA_i_soc.i_cpu.core_i.id_stage_i._2835__B1/DIODE    1.000000    1.276893   -0.276893 (VIOLATED)
i_soc.i_cpu.core_i.id_stage_i._2835_/B1    1.000000    1.276893   -0.276893 (VIOLATED)
ANTENNA_i_soc.i_cpu.core_i.id_stage_i._2803__B1/DIODE    1.000000    1.276891   -0.276891 (VIOLATED)
i_soc.i_cpu.core_i.id_stage_i._2747_/B1    1.000000    1.276891   -0.276891 (VIOLATED)
i_soc.i_cpu.core_i.id_stage_i._2803_/B1    1.000000    1.276891   -0.276891 (VIOLATED)
ANTENNA_i_soc.i_cpu.core_i.id_stage_i._2747__B1/DIODE    1.000000    1.276890   -0.276890 (VIOLATED)
i_soc.i_cpu.core_i.id_stage_i._2771_/B1    1.000000    1.276889   -0.276889 (VIOLATED)
i_soc.i_cpu.core_i.id_stage_i._2758_/B1    1.000000    1.276889   -0.276889 (VIOLATED)
ANTENNA_i_soc.i_cpu.core_i.id_stage_i._2758__B1/DIODE    1.000000    1.276888   -0.276888 (VIOLATED)
ANTENNA_i_soc.i_cpu.core_i.id_stage_i._2771__B1/DIODE    1.000000    1.276888   -0.276888 (VIOLATED)
i_soc.i_cpu.core_i.id_stage_i._2737_/B1    1.000000    1.276881   -0.276881 (VIOLATED)
ANTENNA_i_soc.i_cpu.core_i.id_stage_i._2737__B1/DIODE    1.000000    1.276876   -0.276876 (VIOLATED)
ANTENNA_i_soc.i_cpu.core_i.id_stage_i._2730__B1/DIODE    1.000000    1.276875   -0.276875 (VIOLATED)
i_soc.i_cpu.core_i.id_stage_i._2730_/B1    1.000000    1.276874   -0.276874 (VIOLATED)
i_soc.i_cpu.core_i.id_stage_i._2859_/B1    1.000000    1.276873   -0.276873 (VIOLATED)
ANTENNA_i_soc.i_cpu.core_i.id_stage_i._2859__B1/DIODE    1.000000    1.276867   -0.276867 (VIOLATED)
ANTENNA_i_soc.i_cpu.core_i.id_stage_i._2499__Y/DIODE    1.000000    1.276862   -0.276862 (VIOLATED)
i_soc.i_cpu.core_i.id_stage_i._2499_/Y    1.000000    1.276855   -0.276855 (VIOLATED)
i_soc.i_ai_sram.u_sram.gen_bank[4].gen_512.u_macro/din0[14]    1.000000    1.276623   -0.276623 (VIOLATED)
i_soc.i_ai_sram.u_sram.gen_bank[8].gen_512.u_macro/din0[10]    1.000000    1.276058   -0.276058 (VIOLATED)
ANTENNA_i_soc.i_ai_sram.u_sram.gen_bank[4].gen_512.u_macro_din0[24]/DIODE    1.000000    1.276047   -0.276047 (VIOLATED)
i_soc.i_ai_sram.u_sram.gen_bank[1].gen_512.u_macro/din0[20]    1.000000    1.276011   -0.276011 (VIOLATED)
i_soc.i_ai_sram.u_sram.gen_bank[4].gen_512.u_macro/din0[2]    1.000000    1.274799   -0.274799 (VIOLATED)
ANTENNA_i_soc.i_data_sram.u_sram.gen_bank[1].gen_512.u_macro_din0[4]/DIODE    1.000000    1.271438   -0.271438 (VIOLATED)
i_soc.i_ai_accel._18571_/B2             1.000000    1.271093   -0.271093 (VIOLATED)
ANTENNA_i_soc.i_ai_accel._18571__B2/DIODE    1.000000    1.271089   -0.271089 (VIOLATED)
i_soc.i_ai_accel._17530_/A2             1.000000    1.271087   -0.271087 (VIOLATED)
ANTENNA_i_soc.i_ai_accel._17530__A2/DIODE    1.000000    1.271086   -0.271086 (VIOLATED)
i_soc.i_ai_sram.u_sram.gen_bank[6].gen_512.u_macro/din0[25]    1.000000    1.270808   -0.270808 (VIOLATED)
i_soc.i_data_sram._65_/D                1.000000    1.270748   -0.270748 (VIOLATED)
ANTENNA_i_soc.i_data_sram._65__D/DIODE    1.000000    1.270729   -0.270729 (VIOLATED)
ANTENNA_i_soc.i_ai_accel.u_conv_out._24__X/DIODE    1.000000    1.270700   -0.270700 (VIOLATED)
i_soc.i_ai_accel.u_conv_out._24_/X      1.000000    1.270692   -0.270692 (VIOLATED)
i_soc.i_ai_sram.u_sram.gen_bank[7].gen_512.u_macro/din0[29]    1.000000    1.270316   -0.270316 (VIOLATED)
ANTENNA_i_soc.i_ai_sram.u_sram.gen_bank[4].gen_512.u_macro_din0[17]/DIODE    1.000000    1.270250   -0.270250 (VIOLATED)
i_soc.i_ai_sram.u_sram.gen_bank[1].gen_512.u_macro/din0[21]    1.000000    1.270224   -0.270224 (VIOLATED)
i_soc.i_ai_sram.u_sram.gen_bank[8].gen_512.u_macro/din0[11]    1.000000    1.270146   -0.270146 (VIOLATED)
i_soc.i_ai_sram.u_sram.gen_bank[3].gen_512.u_macro/din0[13]    1.000000    1.269674   -0.269674 (VIOLATED)
ANTENNA_i_soc.i_data_sram.u_sram.gen_bank[0].gen_512.u_macro_din0[4]/DIODE    1.000000    1.269140   -0.269140 (VIOLATED)
ANTENNA_i_soc.i_crossbar._0827__X/DIODE    1.000000    1.268559   -0.268559 (VIOLATED)
i_soc.i_crossbar._0827_/X               1.000000    1.268540   -0.268540 (VIOLATED)
i_soc.i_ai_accel._13372_/B              1.000000    1.268370   -0.268370 (VIOLATED)
ANTENNA_i_soc.i_ai_accel._13372__B/DIODE    1.000000    1.268367   -0.268367 (VIOLATED)
i_soc.i_ai_accel._13329_/B              1.000000    1.268363   -0.268363 (VIOLATED)
i_soc.i_ai_accel._13359_/B              1.000000    1.268359   -0.268359 (VIOLATED)
ANTENNA_i_soc.i_ai_accel._13359__B/DIODE    1.000000    1.268359   -0.268359 (VIOLATED)
ANTENNA_i_soc.i_ai_accel._13329__B/DIODE    1.000000    1.268337   -0.268337 (VIOLATED)
i_soc.i_ai_accel._13295_/B              1.000000    1.268316   -0.268316 (VIOLATED)
ANTENNA_i_soc.i_ai_accel._13295__B/DIODE    1.000000    1.268313   -0.268313 (VIOLATED)
i_soc.i_ai_accel._13331_/B              1.000000    1.268311   -0.268311 (VIOLATED)
ANTENNA_i_soc.i_ai_accel._13331__B/DIODE    1.000000    1.268308   -0.268308 (VIOLATED)
i_soc.i_ai_accel._13223_/B              1.000000    1.268232   -0.268232 (VIOLATED)
i_soc.i_ai_accel._13301_/B              1.000000    1.268219   -0.268219 (VIOLATED)
ANTENNA_i_soc.i_ai_accel._13301__B/DIODE    1.000000    1.268211   -0.268211 (VIOLATED)
i_soc.i_ai_accel._13176_/B              1.000000    1.268200   -0.268200 (VIOLATED)
ANTENNA_i_soc.i_ai_accel._13223__B/DIODE    1.000000    1.268198   -0.268198 (VIOLATED)
ANTENNA_i_soc.i_ai_accel._13176__B/DIODE    1.000000    1.268186   -0.268186 (VIOLATED)
i_soc.i_ai_accel._13124_/A              1.000000    1.268142   -0.268142 (VIOLATED)
ANTENNA_i_soc.i_ai_accel._13124__A/DIODE    1.000000    1.268091   -0.268091 (VIOLATED)
i_soc.i_ai_accel._13192_/A2             1.000000    1.267906   -0.267906 (VIOLATED)
ANTENNA_i_soc.i_ai_accel._13192__A2/DIODE    1.000000    1.267900   -0.267900 (VIOLATED)
i_soc.i_ai_accel._13128_/A              1.000000    1.267830   -0.267830 (VIOLATED)
ANTENNA_i_soc.i_ai_accel._13128__A/DIODE    1.000000    1.267826   -0.267826 (VIOLATED)
i_soc.i_cpu.core_i.ex_stage_i.mult_i._18469_/B2    1.000000    1.267685   -0.267685 (VIOLATED)
ANTENNA_i_soc.i_cpu.core_i.ex_stage_i.mult_i._18469__B2/DIODE    1.000000    1.267684   -0.267684 (VIOLATED)
i_soc.i_cpu.core_i.ex_stage_i.mult_i._18470_/B    1.000000    1.267683   -0.267683 (VIOLATED)
ANTENNA_i_soc.i_cpu.core_i.ex_stage_i.mult_i._18470__B/DIODE    1.000000    1.267683   -0.267683 (VIOLATED)
i_soc.i_cpu.core_i.ex_stage_i.mult_i._23998_/A    1.000000    1.267682   -0.267682 (VIOLATED)
ANTENNA_i_soc.i_cpu.core_i.ex_stage_i.mult_i._23998__A/DIODE    1.000000    1.267680   -0.267680 (VIOLATED)
ANTENNA_i_soc.i_cpu.core_i.ex_stage_i.mult_i._18146__B/DIODE    1.000000    1.267679   -0.267679 (VIOLATED)
i_soc.i_cpu.core_i.ex_stage_i.mult_i._18146_/B    1.000000    1.267679   -0.267679 (VIOLATED)
i_soc.i_cpu.core_i.ex_stage_i.mult_i._24232_/B2    1.000000    1.267679   -0.267679 (VIOLATED)
ANTENNA_i_soc.i_cpu.core_i.ex_stage_i.mult_i._24232__B2/DIODE    1.000000    1.267678   -0.267678 (VIOLATED)
i_soc.i_cpu.core_i.ex_stage_i.mult_i._18145_/B2    1.000000    1.267678   -0.267678 (VIOLATED)
ANTENNA_i_soc.i_cpu.core_i.ex_stage_i.mult_i._18145__B2/DIODE    1.000000    1.267677   -0.267677 (VIOLATED)
i_soc.i_cpu.core_i.ex_stage_i.mult_i._24418_/A    1.000000    1.267673   -0.267673 (VIOLATED)
i_soc.i_cpu.core_i.ex_stage_i.mult_i._24836_/B1    1.000000    1.267672   -0.267672 (VIOLATED)
ANTENNA_i_soc.i_cpu.core_i.ex_stage_i.mult_i._17742__B/DIODE    1.000000    1.267672   -0.267672 (VIOLATED)
ANTENNA_i_soc.i_cpu.core_i.ex_stage_i.mult_i._24418__A/DIODE    1.000000    1.267672   -0.267672 (VIOLATED)
ANTENNA_i_soc.i_cpu.core_i.ex_stage_i.mult_i._24836__B1/DIODE    1.000000    1.267672   -0.267672 (VIOLATED)
i_soc.i_cpu.core_i.ex_stage_i.mult_i._17742_/B    1.000000    1.267666   -0.267666 (VIOLATED)
i_soc.i_cpu.core_i.ex_stage_i.mult_i._24565_/B2    1.000000    1.267661   -0.267661 (VIOLATED)
ANTENNA_i_soc.i_cpu.core_i.ex_stage_i.mult_i._24565__B2/DIODE    1.000000    1.267660   -0.267660 (VIOLATED)
i_soc.i_cpu.core_i.ex_stage_i.mult_i._17743_/B    1.000000    1.267656   -0.267656 (VIOLATED)
ANTENNA_i_soc.i_cpu.core_i.ex_stage_i.mult_i._17743__B/DIODE    1.000000    1.267655   -0.267655 (VIOLATED)
ANTENNA_i_soc.i_cpu.core_i.ex_stage_i.mult_i._17741__B2/DIODE    1.000000    1.267655   -0.267655 (VIOLATED)
i_soc.i_cpu.core_i.ex_stage_i.mult_i._17741_/B2    1.000000    1.267654   -0.267654 (VIOLATED)
i_soc.i_cpu.core_i.ex_stage_i.mult_i._17477_/B    1.000000    1.267652   -0.267652 (VIOLATED)
ANTENNA_i_soc.i_cpu.core_i.ex_stage_i.mult_i._17477__B/DIODE    1.000000    1.267651   -0.267651 (VIOLATED)
i_soc.i_cpu.core_i.ex_stage_i.mult_i._17478_/B    1.000000    1.267640   -0.267639 (VIOLATED)
ANTENNA_i_soc.i_cpu.core_i.ex_stage_i.mult_i._17478__B/DIODE    1.000000    1.267638   -0.267638 (VIOLATED)
i_soc.i_cpu.core_i.ex_stage_i.mult_i._17476_/B2    1.000000    1.267633   -0.267633 (VIOLATED)
i_soc.i_cpu.core_i.ex_stage_i.mult_i._17223_/B    1.000000    1.267628   -0.267628 (VIOLATED)
ANTENNA_i_soc.i_cpu.core_i.ex_stage_i.mult_i._17476__B2/DIODE    1.000000    1.267628   -0.267628 (VIOLATED)
ANTENNA_i_soc.i_cpu.core_i.ex_stage_i.mult_i._17223__B/DIODE    1.000000    1.267627   -0.267627 (VIOLATED)
ANTENNA_i_soc.i_cpu.core_i.id_stage_i._3514__A0/DIODE    1.000000    1.267622   -0.267622 (VIOLATED)
i_soc.i_cpu.core_i.id_stage_i._3514_/A0    1.000000    1.267619   -0.267619 (VIOLATED)
ANTENNA_fanout3679_X/DIODE              1.000000    1.267612   -0.267612 (VIOLATED)
fanout3679/X                            1.000000    1.267612   -0.267612 (VIOLATED)
ANTENNA_i_soc.i_instr_sram.u_sram.gen_bank[0].gen_512.u_macro_din0[10]/DIODE    1.000000    1.267549   -0.267549 (VIOLATED)
i_soc.i_ai_accel._13722_/A1             1.000000    1.267268   -0.267268 (VIOLATED)
load_slew1418/A                         1.000000    1.267213   -0.267213 (VIOLATED)
ANTENNA_i_soc.i_ai_accel._13722__A1/DIODE    1.000000    1.267199   -0.267199 (VIOLATED)
ANTENNA_i_soc.i_instr_sram.u_sram.gen_bank[3].gen_512.u_macro_din0[2]/DIODE    1.000000    1.267063   -0.267063 (VIOLATED)
i_soc.i_ai_accel._13735_/A              1.000000    1.267043   -0.267043 (VIOLATED)
ANTENNA_i_soc.i_ai_accel._13735__A/DIODE    1.000000    1.267011   -0.267011 (VIOLATED)
i_soc.i_ai_accel._13878_/A              1.000000    1.266944   -0.266944 (VIOLATED)
ANTENNA_i_soc.i_ai_accel._13878__A/DIODE    1.000000    1.266943   -0.266943 (VIOLATED)
ANTENNA_i_soc.i_ai_accel._13862__A/DIODE    1.000000    1.266868   -0.266868 (VIOLATED)
i_soc.i_ai_accel._13862_/A              1.000000    1.266860   -0.266860 (VIOLATED)
ANTENNA_fanout3136_X/DIODE              1.000000    1.266853   -0.266853 (VIOLATED)
ANTENNA_i_soc.i_ai_accel._14135__A/DIODE    1.000000    1.266852   -0.266852 (VIOLATED)
i_soc.i_ai_accel._14135_/A              1.000000    1.266852   -0.266852 (VIOLATED)
fanout3136/X                            1.000000    1.266848   -0.266848 (VIOLATED)
ANTENNA_i_soc.i_data_sram.u_sram.gen_bank[0].gen_512.u_macro_din0[2]/DIODE    1.000000    1.266145   -0.266145 (VIOLATED)
load_slew1410/A                         1.000000    1.265388   -0.265388 (VIOLATED)
ANTENNA_load_slew1410_A/DIODE           1.000000    1.265379   -0.265379 (VIOLATED)
ANTENNA_i_soc.i_crossbar._0825__X/DIODE    1.000000    1.265273   -0.265273 (VIOLATED)
i_soc.i_crossbar._0825_/X               1.000000    1.265228   -0.265228 (VIOLATED)
ANTENNA_i_soc.i_data_sram.u_sram.gen_bank[3].gen_512.u_macro_din0[6]/DIODE    1.000000    1.264573   -0.264573 (VIOLATED)
i_soc.i_ai_sram.u_sram.gen_bank[2].gen_512.u_macro/din0[4]    1.000000    1.264205   -0.264205 (VIOLATED)
ANTENNA_load_slew1418_A/DIODE           1.000000    1.264090   -0.264090 (VIOLATED)
i_soc.i_ai_sram.u_sram.gen_bank[8].gen_512.u_macro/din0[24]    1.000000    1.262687   -0.262687 (VIOLATED)
ANTENNA_i_soc.i_ai_sram.u_sram._666__X/DIODE    1.000000    1.262179   -0.262179 (VIOLATED)
i_soc.i_ai_sram.u_sram._666_/X          1.000000    1.262179   -0.262179 (VIOLATED)
i_soc.i_ai_sram.u_sram.gen_bank[1].gen_512.u_macro/din0[17]    1.000000    1.262015   -0.262015 (VIOLATED)
ANTENNA_i_soc.i_instr_sram.u_sram.gen_bank[1].gen_512.u_macro_din0[0]/DIODE    1.000000    1.261669   -0.261669 (VIOLATED)
ANTENNA_i_soc.i_crossbar._0999__X/DIODE    1.000000    1.261656   -0.261656 (VIOLATED)
i_soc.i_crossbar._0999_/X               1.000000    1.261639   -0.261639 (VIOLATED)
output34/A                              1.000000    1.261266   -0.261266 (VIOLATED)
ANTENNA_output34_A/DIODE                1.000000    1.261261   -0.261261 (VIOLATED)
i_soc.i_ai_sram.u_sram.gen_bank[2].gen_512.u_macro/din0[27]    1.000000    1.261035   -0.261035 (VIOLATED)
i_soc.i_ai_sram.u_sram.gen_bank[3].gen_512.u_macro/din0[8]    1.000000    1.260218   -0.260218 (VIOLATED)
ANTENNA_i_soc.i_data_sram.u_sram.gen_bank[2].gen_512.u_macro_din0[6]/DIODE    1.000000    1.260211   -0.260211 (VIOLATED)
i_soc.i_ai_sram.u_sram.gen_bank[3].gen_512.u_macro/din0[11]    1.000000    1.260081   -0.260081 (VIOLATED)
i_soc.i_ai_sram.u_sram.gen_bank[2].gen_512.u_macro/din0[5]    1.000000    1.259799   -0.259799 (VIOLATED)
i_soc.i_ai_sram.u_sram.gen_bank[8].gen_512.u_macro/din0[7]    1.000000    1.259298   -0.259298 (VIOLATED)
ANTENNA__03__X/DIODE                    1.000000    1.258510   -0.258510 (VIOLATED)
_03_/X                                  1.000000    1.258504   -0.258504 (VIOLATED)
i_soc.i_ai_sram.u_sram.gen_bank[1].gen_512.u_macro/addr1[1]    0.040000    0.298074   -0.258074 (VIOLATED)
ANTENNA__04__X/DIODE                    1.000000    1.257448   -0.257448 (VIOLATED)
_04_/X                                  1.000000    1.257422   -0.257422 (VIOLATED)
ANTENNA_i_soc.i_data_sram.u_sram._29__X/DIODE    1.000000    1.255122   -0.255122 (VIOLATED)
i_soc.i_data_sram.u_sram._29_/X         1.000000    1.255115   -0.255115 (VIOLATED)
i_soc.i_ai_sram.u_sram.gen_bank[4].gen_512.u_macro/din0[3]    1.000000    1.254779   -0.254779 (VIOLATED)
i_soc.i_ai_sram.u_sram.gen_bank[3].gen_512.u_macro/din0[20]    1.000000    1.253382   -0.253382 (VIOLATED)
i_soc.i_ai_sram.u_sram.gen_bank[2].gen_512.u_macro/din0[6]    1.000000    1.252594   -0.252594 (VIOLATED)
ANTENNA_i_soc.i_data_sram.u_sram.gen_bank[1].gen_512.u_macro_din0[6]/DIODE    1.000000    1.252106   -0.252106 (VIOLATED)
ANTENNA_i_soc.i_data_sram.u_sram.gen_bank[2].gen_512.u_macro_din0[1]/DIODE    1.000000    1.251655   -0.251655 (VIOLATED)
i_soc.i_gpio._090_/B                    1.000000    1.251099   -0.251099 (VIOLATED)
ANTENNA_i_soc.i_gpio._090__B/DIODE      1.000000    1.251067   -0.251067 (VIOLATED)
ANTENNA_i_soc.i_data_sram.u_sram.gen_bank[3].gen_512.u_macro_din0[1]/DIODE    1.000000    1.250782   -0.250782 (VIOLATED)
ANTENNA_i_soc.i_ai_sram.u_sram.gen_bank[0].gen_512.u_macro_din0[25]/DIODE    1.000000    1.250719   -0.250719 (VIOLATED)
wire1001/A                              1.000000    1.249884   -0.249884 (VIOLATED)
ANTENNA_wire1001_A/DIODE                1.000000    1.249871   -0.249871 (VIOLATED)
i_soc.i_ai_sram.u_sram.gen_bank[3].gen_512.u_macro/din0[27]    1.000000    1.249799   -0.249799 (VIOLATED)
ANTENNA_i_soc.i_data_sram.u_sram.gen_bank[0].gen_512.u_macro_din0[6]/DIODE    1.000000    1.249770   -0.249770 (VIOLATED)
i_soc.i_ai_sram.u_sram.gen_bank[7].gen_512.u_macro/din0[28]    1.000000    1.249709   -0.249709 (VIOLATED)
ANTENNA_i_soc.i_crossbar._0829__X/DIODE    1.000000    1.249437   -0.249437 (VIOLATED)
i_soc.i_crossbar._0829_/X               1.000000    1.249409   -0.249409 (VIOLATED)
ANTENNA_i_soc.i_instr_sram.u_sram.gen_bank[1].gen_512.u_macro_din0[2]/DIODE    1.000000    1.249042   -0.249042 (VIOLATED)
ANTENNA_i_soc.i_crossbar._1001__X/DIODE    1.000000    1.248990   -0.248990 (VIOLATED)
i_soc.i_crossbar._1001_/X               1.000000    1.248972   -0.248972 (VIOLATED)
ANTENNA_i_soc.i_ai_sram.u_sram.gen_bank[0].gen_512.u_macro_din0[20]/DIODE    1.000000    1.248636   -0.248636 (VIOLATED)
ANTENNA_i_soc.i_ai_sram.u_sram._361__X/DIODE    1.000000    1.246999   -0.246999 (VIOLATED)
i_soc.i_ai_sram.u_sram._361_/X          1.000000    1.246995   -0.246995 (VIOLATED)
ANTENNA_i_soc.i_data_sram.u_sram.gen_bank[2].gen_512.u_macro_din0[8]/DIODE    1.000000    1.246863   -0.246863 (VIOLATED)
i_soc.i_ai_sram.u_sram.gen_bank[4].gen_512.u_macro/din0[8]    1.000000    1.246526   -0.246526 (VIOLATED)
load_slew1128/A                         1.000000    1.244827   -0.244827 (VIOLATED)
load_slew1120/A                         1.000000    1.244476   -0.244476 (VIOLATED)
ANTENNA_load_slew1128_A/DIODE           1.000000    1.244467   -0.244467 (VIOLATED)
ANTENNA_load_slew1120_A/DIODE           1.000000    1.244464   -0.244464 (VIOLATED)
i_soc.i_ai_sram.u_sram.gen_bank[0].gen_512.u_macro/addr1[1]    0.040000    0.284361   -0.244361 (VIOLATED)
i_soc.i_ai_sram.u_sram.gen_bank[4].gen_512.u_macro/din0[27]    1.000000    1.244181   -0.244181 (VIOLATED)
ANTENNA_i_soc.i_instr_sram.u_sram.gen_bank[3].gen_512.u_macro_din0[4]/DIODE    1.000000    1.244164   -0.244164 (VIOLATED)
ANTENNA_i_soc.i_ai_sram.u_sram._364__X/DIODE    1.000000    1.244026   -0.244026 (VIOLATED)
i_soc.i_ai_sram.u_sram._364_/X          1.000000    1.244012   -0.244012 (VIOLATED)
ANTENNA_i_soc.i_data_sram.u_sram.gen_bank[1].gen_512.u_macro_din0[1]/DIODE    1.000000    1.243999   -0.243998 (VIOLATED)
i_soc.i_ai_sram.u_sram.gen_bank[4].gen_512.u_macro/din0[31]    1.000000    1.243360   -0.243360 (VIOLATED)
ANTENNA_i_soc.i_data_sram.u_sram.gen_bank[0].gen_512.u_macro_din0[1]/DIODE    1.000000    1.243073   -0.243073 (VIOLATED)
i_soc.i_gpio._134_/B                    1.000000    1.243053   -0.243053 (VIOLATED)
ANTENNA_i_soc.i_gpio._134__B/DIODE      1.000000    1.243029   -0.243029 (VIOLATED)
ANTENNA_i_soc.i_data_sram.u_sram.gen_bank[0].gen_512.u_macro_din0[8]/DIODE    1.000000    1.242969   -0.242969 (VIOLATED)
ANTENNA_i_soc.i_crossbar._0831__X/DIODE    1.000000    1.242747   -0.242747 (VIOLATED)
i_soc.i_crossbar._0831_/X               1.000000    1.242723   -0.242723 (VIOLATED)
ANTENNA_i_soc.i_crossbar._0824__X/DIODE    1.000000    1.242145   -0.242145 (VIOLATED)
i_soc.i_crossbar._0824_/X               1.000000    1.242118   -0.242118 (VIOLATED)
i_soc.i_ai_sram.u_sram.gen_bank[6].gen_512.u_macro/din0[20]    1.000000    1.240972   -0.240972 (VIOLATED)
load_slew1002/A                         1.000000    1.240656   -0.240656 (VIOLATED)
ANTENNA_load_slew1002_A/DIODE           1.000000    1.240598   -0.240598 (VIOLATED)
i_soc.i_ai_sram.u_sram.gen_bank[6].gen_512.u_macro/din0[22]    1.000000    1.239118   -0.239118 (VIOLATED)
i_soc.i_ai_sram.u_sram.gen_bank[2].gen_512.u_macro/din0[28]    1.000000    1.238333   -0.238333 (VIOLATED)
i_soc.i_ai_sram.u_sram.gen_bank[6].gen_512.u_macro/din0[18]    1.000000    1.237781   -0.237781 (VIOLATED)
ANTENNA_i_soc.i_ai_arb._150__X/DIODE    1.000000    1.236998   -0.236998 (VIOLATED)
i_soc.i_ai_arb._150_/X                  1.000000    1.236982   -0.236982 (VIOLATED)
load_slew1823/A                         1.000000    1.236477   -0.236477 (VIOLATED)
ANTENNA_load_slew1823_A/DIODE           1.000000    1.236431   -0.236431 (VIOLATED)
wire1239/A                              1.000000    1.235905   -0.235905 (VIOLATED)
ANTENNA_wire1239_A/DIODE                1.000000    1.235895   -0.235895 (VIOLATED)
i_soc.i_gpio._131_/B                    1.000000    1.235585   -0.235585 (VIOLATED)
ANTENNA_i_soc.i_gpio._131__B/DIODE      1.000000    1.235580   -0.235580 (VIOLATED)
i_soc.i_ai_sram.u_sram.gen_bank[6].gen_512.u_macro/din0[7]    1.000000    1.235487   -0.235487 (VIOLATED)
ANTENNA_i_soc.i_ai_sram.u_sram.gen_bank[0].gen_512.u_macro_clk0/DIODE    1.000000    1.235281   -0.235281 (VIOLATED)
ANTENNA_i_soc.i_ai_sram.u_sram.gen_bank[4].gen_512.u_macro_din0[15]/DIODE    1.000000    1.234329   -0.234329 (VIOLATED)
ANTENNA_i_soc.i_ai_sram.u_sram.gen_bank[0].gen_512.u_macro_din0[18]/DIODE    1.000000    1.234263   -0.234263 (VIOLATED)
wire1643/A                              1.000000    1.233796   -0.233796 (VIOLATED)
ANTENNA_wire1643_A/DIODE                1.000000    1.233779   -0.233779 (VIOLATED)
ANTENNA_i_soc.i_instr_sram.u_sram.gen_bank[3].gen_512.u_macro_din0[1]/DIODE    1.000000    1.233082   -0.233082 (VIOLATED)
i_soc.i_ai_accel._18576_/B2             1.000000    1.232479   -0.232479 (VIOLATED)
ANTENNA_i_soc.i_ai_accel._18576__B2/DIODE    1.000000    1.232476   -0.232476 (VIOLATED)
i_soc.i_ai_accel._17568_/B2             1.000000    1.232471   -0.232471 (VIOLATED)
ANTENNA_i_soc.i_ai_accel._17568__B2/DIODE    1.000000    1.232468   -0.232468 (VIOLATED)
i_soc.i_ai_sram.u_sram.gen_bank[1].gen_512.u_macro/din0[19]    1.000000    1.232199   -0.232199 (VIOLATED)
ANTENNA_i_soc.i_gpio._237__Q/DIODE      1.000000    1.232003   -0.232003 (VIOLATED)
i_soc.i_gpio._237_/Q                    1.000000    1.231974   -0.231974 (VIOLATED)
ANTENNA_i_soc.i_ai_accel.u_conv_out._29__X/DIODE    1.000000    1.231813   -0.231813 (VIOLATED)
i_soc.i_ai_accel.u_conv_out._29_/X      1.000000    1.231811   -0.231811 (VIOLATED)
i_soc.i_ai_sram.u_sram.gen_bank[1].gen_512.u_macro/din0[14]    1.000000    1.231494   -0.231494 (VIOLATED)
i_soc.i_ai_sram.u_sram.gen_bank[3].gen_512.u_macro/din0[25]    1.000000    1.231178   -0.231178 (VIOLATED)
i_soc.i_ai_sram.u_sram.gen_bank[6].gen_512.u_macro/din0[17]    1.000000    1.230953   -0.230952 (VIOLATED)
i_soc.i_ai_sram.u_sram._700_/B          1.000000    1.230537   -0.230537 (VIOLATED)
ANTENNA_i_soc.i_ai_sram.u_sram._700__B/DIODE    1.000000    1.230533   -0.230533 (VIOLATED)
i_soc.i_ai_sram.u_sram.gen_bank[2].gen_512.u_macro/addr1[1]    0.040000    0.269658   -0.229658 (VIOLATED)
ANTENNA_i_soc.i_crossbar._0252__A0/DIODE    1.000000    1.229603   -0.229603 (VIOLATED)
i_soc.i_crossbar._0252_/A0              1.000000    1.229602   -0.229602 (VIOLATED)
load_slew1240/A                         1.000000    1.229498   -0.229498 (VIOLATED)
ANTENNA_load_slew1240_A/DIODE           1.000000    1.229492   -0.229492 (VIOLATED)
ANTENNA_i_soc.i_cpu.core_i.cs_registers_i._1942__A2/DIODE    1.000000    1.228977   -0.228977 (VIOLATED)
ANTENNA_i_soc.i_cpu.core_i.cs_registers_i._1985__A2/DIODE    1.000000    1.228976   -0.228976 (VIOLATED)
ANTENNA_i_soc.i_cpu.core_i.cs_registers_i._1969__A2/DIODE    1.000000    1.228974   -0.228974 (VIOLATED)
ANTENNA_i_soc.i_cpu.core_i.cs_registers_i._1887__A2/DIODE    1.000000    1.228970   -0.228970 (VIOLATED)
ANTENNA_i_soc.i_cpu.core_i.cs_registers_i._1850__A2/DIODE    1.000000    1.228957   -0.228957 (VIOLATED)
ANTENNA_i_soc.i_cpu.core_i.cs_registers_i._1956__B1/DIODE    1.000000    1.228955   -0.228955 (VIOLATED)
ANTENNA_i_soc.i_cpu.core_i.cs_registers_i._2079__A2/DIODE    1.000000    1.228949   -0.228949 (VIOLATED)
ANTENNA_i_soc.i_cpu.core_i.cs_registers_i._2103__A2/DIODE    1.000000    1.228949   -0.228949 (VIOLATED)
ANTENNA_i_soc.i_cpu.core_i.cs_registers_i._2090__A2/DIODE    1.000000    1.228948   -0.228948 (VIOLATED)
ANTENNA_i_soc.i_cpu.core_i.cs_registers_i._2065__B1/DIODE    1.000000    1.228947   -0.228947 (VIOLATED)
ANTENNA_i_soc.i_cpu.core_i.cs_registers_i._1919__B1/DIODE    1.000000    1.228944   -0.228944 (VIOLATED)
ANTENNA_i_soc.i_cpu.core_i.cs_registers_i._2054__B1/DIODE    1.000000    1.228940   -0.228940 (VIOLATED)
ANTENNA_i_soc.i_cpu.core_i.cs_registers_i._2022__B1/DIODE    1.000000    1.228938   -0.228938 (VIOLATED)
ANTENNA_i_soc.i_cpu.core_i.cs_registers_i._2034__B1/DIODE    1.000000    1.228938   -0.228938 (VIOLATED)
ANTENNA_i_soc.i_cpu.core_i.cs_registers_i._1972__B1/DIODE    1.000000    1.228936   -0.228936 (VIOLATED)
ANTENNA_i_soc.i_cpu.core_i.cs_registers_i._2016__A2/DIODE    1.000000    1.228936   -0.228936 (VIOLATED)
ANTENNA_i_soc.i_cpu.core_i.cs_registers_i._1843__Y/DIODE    1.000000    1.228934   -0.228934 (VIOLATED)
ANTENNA_i_soc.i_cpu.core_i.cs_registers_i._1903__B1/DIODE    1.000000    1.228934   -0.228934 (VIOLATED)
ANTENNA_i_soc.i_cpu.core_i.cs_registers_i._2006__A2/DIODE    1.000000    1.228933   -0.228933 (VIOLATED)
clone9398/Y                             1.000000    1.228925   -0.228925 (VIOLATED)
i_soc.i_ai_sram.u_sram.gen_bank[2].gen_512.u_macro/din0[13]    1.000000    1.228864   -0.228864 (VIOLATED)
i_soc.i_ai_sram.u_sram.gen_bank[3].gen_512.u_macro/din0[15]    1.000000    1.228806   -0.228806 (VIOLATED)
i_soc.i_ai_sram.u_sram.gen_bank[1].gen_512.u_macro/din0[18]    1.000000    1.228193   -0.228193 (VIOLATED)
ANTENNA_i_soc.i_data_sram._61__Q/DIODE    1.000000    1.227962   -0.227962 (VIOLATED)
i_soc.i_data_sram._61_/Q                1.000000    1.227956   -0.227956 (VIOLATED)
wire1237/A                              1.000000    1.227255   -0.227255 (VIOLATED)
ANTENNA_wire1237_A/DIODE                1.000000    1.227255   -0.227255 (VIOLATED)
load_slew1238/A                         1.000000    1.226885   -0.226885 (VIOLATED)
ANTENNA_load_slew1238_A/DIODE           1.000000    1.226884   -0.226884 (VIOLATED)
ANTENNA_i_soc.i_crossbar._0858__X/DIODE    1.000000    1.226675   -0.226675 (VIOLATED)
i_soc.i_crossbar._0858_/X               1.000000    1.226645   -0.226645 (VIOLATED)
ANTENNA_i_soc.i_instr_sram.u_sram.gen_bank[1].gen_512.u_macro_din0[4]/DIODE    1.000000    1.226483   -0.226483 (VIOLATED)
ANTENNA_i_soc.i_crossbar._1003__X/DIODE    1.000000    1.226370   -0.226370 (VIOLATED)
i_soc.i_crossbar._1003_/X               1.000000    1.226354   -0.226354 (VIOLATED)
i_soc.i_ai_sram.u_sram.gen_bank[7].gen_512.u_macro/din0[22]    1.000000    1.226012   -0.226012 (VIOLATED)
ANTENNA_i_soc.i_instr_sram.u_sram.gen_bank[3].gen_512.u_macro_din0[9]/DIODE    1.000000    1.225958   -0.225958 (VIOLATED)
ANTENNA_i_soc.i_instr_sram.u_sram.gen_bank[3].gen_512.u_macro_din0[8]/DIODE    1.000000    1.223447   -0.223447 (VIOLATED)
load_slew1644/A                         1.000000    1.222912   -0.222912 (VIOLATED)
ANTENNA_load_slew1644_A/DIODE           1.000000    1.222643   -0.222643 (VIOLATED)
ANTENNA_62/DIODE                        1.000000    1.222030   -0.222030 (VIOLATED)
ANTENNA_60/DIODE                        1.000000    1.222010   -0.222010 (VIOLATED)
ANTENNA_58/DIODE                        1.000000    1.222005   -0.222005 (VIOLATED)
ANTENNA_56/DIODE                        1.000000    1.221991   -0.221991 (VIOLATED)
ANTENNA_i_soc.i_ai_sram.u_sram._649__X/DIODE    1.000000    1.221976   -0.221976 (VIOLATED)
ANTENNA_59/DIODE                        1.000000    1.221967   -0.221967 (VIOLATED)
ANTENNA_61/DIODE                        1.000000    1.221967   -0.221967 (VIOLATED)
ANTENNA_57/DIODE                        1.000000    1.221967   -0.221967 (VIOLATED)
ANTENNA_55/DIODE                        1.000000    1.221915   -0.221914 (VIOLATED)
i_soc.i_ai_sram.u_sram._649_/X          1.000000    1.221877   -0.221877 (VIOLATED)
ANTENNA_i_soc.i_data_sram.u_sram.gen_bank[3].gen_512.u_macro_din0[3]/DIODE    1.000000    1.221091   -0.221091 (VIOLATED)
ANTENNA_i_soc.i_ai_sram.u_sram.gen_bank[5].gen_512.u_macro_din0[30]/DIODE    1.000000    1.220671   -0.220671 (VIOLATED)
i_soc.i_ai_sram.u_sram.gen_bank[1].gen_512.u_macro/din0[29]    1.000000    1.217481   -0.217481 (VIOLATED)
ANTENNA_i_soc.i_instr_sram.u_sram.gen_bank[3].gen_512.u_macro_din0[10]/DIODE    1.000000    1.217028   -0.217028 (VIOLATED)
i_soc.i_ai_sram.u_sram.gen_bank[5].gen_512.u_macro/din0[27]    1.000000    1.216951   -0.216951 (VIOLATED)
ANTENNA_i_soc.i_ai_sram.u_sram.gen_bank[4].gen_512.u_macro_din0[13]/DIODE    1.000000    1.216720   -0.216720 (VIOLATED)
i_soc.i_ai_sram.u_sram.gen_bank[3].gen_512.u_macro/addr1[0]    0.040000    0.255432   -0.215432 (VIOLATED)
wire840/A                               1.000000    1.214560   -0.214560 (VIOLATED)
ANTENNA_wire840_A/DIODE                 1.000000    1.214504   -0.214505 (VIOLATED)
i_soc.i_ai_sram.u_sram._571_/A3         1.000000    1.213514   -0.213514 (VIOLATED)
ANTENNA_i_soc.i_ai_sram.u_sram._571__A3/DIODE    1.000000    1.213511   -0.213511 (VIOLATED)
ANTENNA_i_soc.i_data_sram.u_sram.gen_bank[1].gen_512.u_macro_din0[3]/DIODE    1.000000    1.212585   -0.212585 (VIOLATED)
i_soc.i_ai_sram.u_sram.gen_bank[3].gen_512.u_macro/din0[18]    1.000000    1.212568   -0.212568 (VIOLATED)
i_soc.i_ai_sram.u_sram.gen_bank[3].gen_512.u_macro/addr1[8]    0.040000    0.252550   -0.212550 (VIOLATED)
i_soc.i_ai_sram.u_sram.gen_bank[8].gen_512.u_macro/din0[6]    1.000000    1.212413   -0.212413 (VIOLATED)
i_soc.i_ai_sram.u_sram.gen_bank[7].gen_512.u_macro/din0[17]    1.000000    1.211976   -0.211976 (VIOLATED)
ANTENNA_i_soc.i_instr_sram.u_sram.gen_bank[1].gen_512.u_macro_din0[1]/DIODE    1.000000    1.211663   -0.211662 (VIOLATED)
ANTENNA_i_soc.i_crossbar._1000__X/DIODE    1.000000    1.211576   -0.211576 (VIOLATED)
i_soc.i_crossbar._1000_/X               1.000000    1.211576   -0.211576 (VIOLATED)
i_soc.i_ai_sram.u_sram.gen_bank[13].gen_512.u_macro/din0[31]    1.000000    1.210745   -0.210745 (VIOLATED)
ANTENNA_i_soc.i_data_sram.u_sram.gen_bank[2].gen_512.u_macro_din0[3]/DIODE    1.000000    1.210488   -0.210488 (VIOLATED)
ANTENNA_i_soc.i_data_sram.u_sram.gen_bank[0].gen_512.u_macro_din0[3]/DIODE    1.000000    1.209643   -0.209643 (VIOLATED)
ANTENNA_i_soc.i_crossbar._0826__X/DIODE    1.000000    1.209618   -0.209618 (VIOLATED)
i_soc.i_crossbar._0826_/X               1.000000    1.209598   -0.209598 (VIOLATED)
i_soc.i_ai_sram.u_sram.gen_bank[8].gen_512.u_macro/din0[23]    1.000000    1.209243   -0.209243 (VIOLATED)
i_soc.i_ai_sram.u_sram.gen_bank[3].gen_512.u_macro/addr1[7]    0.040000    0.249167   -0.209167 (VIOLATED)
wire1691/A                              1.000000    1.208531   -0.208532 (VIOLATED)
ANTENNA_wire1691_A/DIODE                1.000000    1.208480   -0.208480 (VIOLATED)
i_soc.i_ai_sram.u_sram.gen_bank[8].gen_512.u_macro/din0[5]    1.000000    1.207913   -0.207913 (VIOLATED)
ANTENNA_i_soc.i_instr_sram.u_sram.gen_bank[1].gen_512.u_macro_din0[9]/DIODE    1.000000    1.207414   -0.207414 (VIOLATED)
ANTENNA_i_soc.i_crossbar._1008__X/DIODE    1.000000    1.207379   -0.207379 (VIOLATED)
i_soc.i_crossbar._1008_/X               1.000000    1.207363   -0.207363 (VIOLATED)
i_soc.i_ai_sram.u_sram.gen_bank[2].gen_512.u_macro/din0[23]    1.000000    1.207013   -0.207013 (VIOLATED)
i_soc.i_ai_sram.u_sram._570_/A2         1.000000    1.206467   -0.206467 (VIOLATED)
ANTENNA_i_soc.i_ai_sram.u_sram._570__A2/DIODE    1.000000    1.206455   -0.206456 (VIOLATED)
ANTENNA_i_soc.i_ai_sram.u_sram.gen_bank[0].gen_512.u_macro_din0[19]/DIODE    1.000000    1.205209   -0.205209 (VIOLATED)
i_soc.i_ai_accel._17270_/A1             1.000000    1.204448   -0.204448 (VIOLATED)
ANTENNA_i_soc.i_ai_accel._17270__A1/DIODE    1.000000    1.204444   -0.204444 (VIOLATED)
ANTENNA_i_soc.i_ai_sram.u_sram._566__X/DIODE    1.000000    1.203969   -0.203970 (VIOLATED)
i_soc.i_ai_sram.u_sram._566_/X          1.000000    1.203964   -0.203964 (VIOLATED)
wire1641/A                              1.000000    1.203816   -0.203816 (VIOLATED)
ANTENNA_wire1641_A/DIODE                1.000000    1.203811   -0.203811 (VIOLATED)
i_soc.i_ai_sram.u_sram.gen_bank[1].gen_512.u_macro/addr1[7]    0.040000    0.243752   -0.203752 (VIOLATED)
i_soc.i_ai_sram.u_sram.gen_bank[1].gen_512.u_macro/addr1[8]    0.040000    0.243206   -0.203206 (VIOLATED)
i_soc.i_ai_sram.u_sram.gen_bank[0].gen_512.u_macro/din0[21]    1.000000    1.202447   -0.202447 (VIOLATED)
ANTENNA_i_soc.i_crossbar._0755__X/DIODE    1.000000    1.201717   -0.201717 (VIOLATED)
load_slew1642/A                         1.000000    1.201599   -0.201599 (VIOLATED)
ANTENNA_load_slew1642_A/DIODE           1.000000    1.201599   -0.201599 (VIOLATED)
i_soc.i_crossbar._0755_/X               1.000000    1.201551   -0.201551 (VIOLATED)
ANTENNA_i_soc.i_instr_sram.u_sram.gen_bank[1].gen_512.u_macro_din0[8]/DIODE    1.000000    1.200928   -0.200928 (VIOLATED)
ANTENNA_i_soc.i_crossbar._1007__X/DIODE    1.000000    1.200829   -0.200829 (VIOLATED)
i_soc.i_crossbar._1007_/X               1.000000    1.200812   -0.200812 (VIOLATED)
ANTENNA_i_soc.i_ai_sram.u_sram.gen_bank[4].gen_512.u_macro_din0[25]/DIODE    1.000000    1.200113   -0.200113 (VIOLATED)
i_soc.i_ai_sram.u_sram.gen_bank[2].gen_512.u_macro/din0[12]    1.000000    1.198278   -0.198278 (VIOLATED)
i_soc.i_ai_sram.u_sram.gen_bank[8].gen_512.u_macro/din0[12]    1.000000    1.198198   -0.198198 (VIOLATED)
ANTENNA_i_soc.i_ai_accel._17269__Y/DIODE    1.000000    1.197040   -0.197040 (VIOLATED)
i_soc.i_ai_accel._17269_/Y              1.000000    1.197040   -0.197040 (VIOLATED)
i_soc.i_ai_sram.u_sram.gen_bank[3].gen_512.u_macro/din0[9]    1.000000    1.196922   -0.196922 (VIOLATED)
wire1308/A                              1.000000    1.196730   -0.196730 (VIOLATED)
ANTENNA_wire1308_A/DIODE                1.000000    1.196716   -0.196716 (VIOLATED)
ANTENNA_i_soc.i_ai_sram.u_sram.gen_bank[0].gen_512.u_macro_din0[16]/DIODE    1.000000    1.196235   -0.196235 (VIOLATED)
i_soc.i_ai_sram.u_sram._582_/A3         1.000000    1.196090   -0.196090 (VIOLATED)
ANTENNA_i_soc.i_ai_sram.u_sram._582__A3/DIODE    1.000000    1.196060   -0.196060 (VIOLATED)
i_soc.i_ai_sram.u_sram.gen_bank[0].gen_512.u_macro/din0[0]    1.000000    1.193961   -0.193961 (VIOLATED)
i_soc.i_ai_sram.u_sram.gen_bank[7].gen_512.u_macro/din0[26]    1.000000    1.193954   -0.193954 (VIOLATED)
i_soc.i_data_sram.u_sram._37_/A2        1.000000    1.193236   -0.193236 (VIOLATED)
ANTENNA_i_soc.i_data_sram.u_sram._37__A2/DIODE    1.000000    1.193234   -0.193234 (VIOLATED)
i_soc.i_crossbar._0268_/A0              1.000000    1.192832   -0.192832 (VIOLATED)
ANTENNA_i_soc.i_crossbar._0268__A0/DIODE    1.000000    1.192819   -0.192819 (VIOLATED)
i_soc.i_ai_sram.u_sram._531_/A2         1.000000    1.191610   -0.191610 (VIOLATED)
ANTENNA_i_soc.i_ai_sram.u_sram._531__A2/DIODE    1.000000    1.191588   -0.191588 (VIOLATED)
i_soc.i_ai_sram.u_sram.gen_bank[5].gen_512.u_macro/din0[28]    1.000000    1.191265   -0.191265 (VIOLATED)
i_soc.i_ai_sram.u_sram.gen_bank[2].gen_512.u_macro/din0[9]    1.000000    1.190830   -0.190830 (VIOLATED)
i_soc.i_ai_sram.u_sram.gen_bank[0].gen_512.u_macro/din0[30]    1.000000    1.190594   -0.190594 (VIOLATED)
i_soc.i_ai_arb._324_/S                  1.000000    1.190360   -0.190360 (VIOLATED)
i_soc.i_ai_arb._296_/A                  1.000000    1.190359   -0.190359 (VIOLATED)
ANTENNA_i_soc.i_ai_arb._296__A/DIODE    1.000000    1.190358   -0.190358 (VIOLATED)
ANTENNA_i_soc.i_ai_arb._324__S/DIODE    1.000000    1.190354   -0.190354 (VIOLATED)
i_soc.i_ai_arb._294_/A                  1.000000    1.190339   -0.190339 (VIOLATED)
ANTENNA_i_soc.i_ai_arb._294__A/DIODE    1.000000    1.190329   -0.190329 (VIOLATED)
i_soc.i_ai_arb._300_/A                  1.000000    1.190323   -0.190323 (VIOLATED)
ANTENNA_i_soc.i_ai_arb._300__A/DIODE    1.000000    1.190321   -0.190321 (VIOLATED)
i_soc.i_ai_arb._163_/A                  1.000000    1.190317   -0.190317 (VIOLATED)
ANTENNA_i_soc.i_ai_arb._163__A/DIODE    1.000000    1.190316   -0.190316 (VIOLATED)
i_soc.i_ai_arb._323_/S                  1.000000    1.190308   -0.190308 (VIOLATED)
ANTENNA_i_soc.i_ai_arb._323__S/DIODE    1.000000    1.190285   -0.190285 (VIOLATED)
i_soc.i_ai_arb._242_/A                  1.000000    1.190255   -0.190255 (VIOLATED)
ANTENNA_i_soc.i_ai_arb._242__A/DIODE    1.000000    1.190254   -0.190254 (VIOLATED)
i_soc.i_ai_arb._238_/A                  1.000000    1.190254   -0.190254 (VIOLATED)
ANTENNA_i_soc.i_ai_arb._238__A/DIODE    1.000000    1.190252   -0.190252 (VIOLATED)
i_soc.i_ai_arb._240_/A                  1.000000    1.190248   -0.190248 (VIOLATED)
ANTENNA_i_soc.i_ai_arb._240__A/DIODE    1.000000    1.190247   -0.190247 (VIOLATED)
i_soc.i_ai_arb._234_/A                  1.000000    1.190243   -0.190243 (VIOLATED)
ANTENNA_i_soc.i_ai_arb._234__A/DIODE    1.000000    1.190241   -0.190241 (VIOLATED)
i_soc.i_ai_arb._161_/A                  1.000000    1.190241   -0.190241 (VIOLATED)
ANTENNA_i_soc.i_ai_arb._161__A/DIODE    1.000000    1.190236   -0.190236 (VIOLATED)
i_soc.i_ai_arb._236_/A                  1.000000    1.190236   -0.190236 (VIOLATED)
ANTENNA_i_soc.i_ai_arb._236__A/DIODE    1.000000    1.190234   -0.190234 (VIOLATED)
i_soc.i_ai_arb._244_/A                  1.000000    1.190228   -0.190228 (VIOLATED)
ANTENNA_i_soc.i_ai_arb._244__A/DIODE    1.000000    1.190226   -0.190226 (VIOLATED)
i_soc.i_crossbar._0870_/A               1.000000    1.190222   -0.190222 (VIOLATED)
ANTENNA_i_soc.i_crossbar._0870__A/DIODE    1.000000    1.190217   -0.190218 (VIOLATED)
i_soc.i_ai_arb._366_/A1                 1.000000    1.190214   -0.190214 (VIOLATED)
i_soc.i_crossbar._0628_/A               1.000000    1.190213   -0.190213 (VIOLATED)
ANTENNA_i_soc.i_ai_arb._366__A1/DIODE    1.000000    1.190212   -0.190212 (VIOLATED)
i_soc.i_ai_arb._367_/S                  1.000000    1.190211   -0.190211 (VIOLATED)
ANTENNA_i_soc.i_crossbar._0628__A/DIODE    1.000000    1.190209   -0.190209 (VIOLATED)
ANTENNA_i_soc.i_ai_arb._367__S/DIODE    1.000000    1.190209   -0.190209 (VIOLATED)
i_soc.i_ai_arb._106_/A                  1.000000    1.190208   -0.190208 (VIOLATED)
ANTENNA_i_soc.i_ai_arb._106__A/DIODE    1.000000    1.190207   -0.190207 (VIOLATED)
i_soc.i_ai_arb._230_/A                  1.000000    1.190203   -0.190203 (VIOLATED)
ANTENNA_i_soc.i_ai_arb._230__A/DIODE    1.000000    1.190194   -0.190194 (VIOLATED)
i_soc.i_ai_arb._108_/A                  1.000000    1.190188   -0.190188 (VIOLATED)
ANTENNA_i_soc.i_ai_arb._232__A/DIODE    1.000000    1.190172   -0.190172 (VIOLATED)
i_soc.i_ai_arb._232_/A                  1.000000    1.190171   -0.190171 (VIOLATED)
ANTENNA_i_soc.i_ai_arb._108__A/DIODE    1.000000    1.190168   -0.190168 (VIOLATED)
ANTENNA_i_soc.i_ai_arb._304__A/DIODE    1.000000    1.190146   -0.190146 (VIOLATED)
i_soc.i_ai_sram.u_sram.gen_bank[8].gen_512.u_macro/din0[28]    1.000000    1.190124   -0.190124 (VIOLATED)
i_soc.i_ai_arb._304_/A                  1.000000    1.190102   -0.190102 (VIOLATED)
i_soc.i_ai_arb._228_/A                  1.000000    1.190081   -0.190081 (VIOLATED)
ANTENNA_i_soc.i_ai_arb._228__A/DIODE    1.000000    1.190067   -0.190067 (VIOLATED)
i_soc.i_ai_arb._306_/A                  1.000000    1.190040   -0.190040 (VIOLATED)
ANTENNA_i_soc.i_ai_arb._306__A/DIODE    1.000000    1.190039   -0.190039 (VIOLATED)
ANTENNA_fanout6729_X/DIODE              1.000000    1.190036   -0.190036 (VIOLATED)
ANTENNA_i_soc.i_ai_arb._104__A/DIODE    1.000000    1.190036   -0.190036 (VIOLATED)
fanout6729/X                            1.000000    1.190036   -0.190036 (VIOLATED)
i_soc.i_ai_arb._104_/A                  1.000000    1.190036   -0.190036 (VIOLATED)
load_slew1692/A                         1.000000    1.189688   -0.189688 (VIOLATED)
ANTENNA_load_slew1692_A/DIODE           1.000000    1.189670   -0.189670 (VIOLATED)
ANTENNA_i_soc.i_instr_sram.u_sram.gen_bank[1].gen_512.u_macro_din0[10]/DIODE    1.000000    1.189147   -0.189147 (VIOLATED)
ANTENNA_i_soc.i_crossbar._1009__X/DIODE    1.000000    1.189118   -0.189118 (VIOLATED)
i_soc.i_crossbar._1009_/X               1.000000    1.189102   -0.189102 (VIOLATED)
i_soc.i_ai_sram.u_sram.gen_bank[2].gen_512.u_macro/addr1[7]    0.040000    0.228486   -0.188486 (VIOLATED)
ANTENNA_i_soc.i_obi_axi_instr._116__X/DIODE    1.000000    1.188460   -0.188460 (VIOLATED)
i_soc.i_obi_axi_instr._116_/X           1.000000    1.188457   -0.188457 (VIOLATED)
i_soc.i_ai_sram.u_sram.gen_bank[2].gen_512.u_macro/addr1[8]    0.040000    0.228119   -0.188119 (VIOLATED)
i_soc.i_ai_sram.u_sram.gen_bank[7].gen_512.u_macro/din0[21]    1.000000    1.187734   -0.187734 (VIOLATED)
i_soc.i_gpio._113_/B                    1.000000    1.186361   -0.186361 (VIOLATED)
ANTENNA_i_soc.i_gpio._113__B/DIODE      1.000000    1.186348   -0.186348 (VIOLATED)
i_soc.i_crossbar._0274_/A0              1.000000    1.186133   -0.186133 (VIOLATED)
ANTENNA_i_soc.i_crossbar._0274__A0/DIODE    1.000000    1.186129   -0.186129 (VIOLATED)
ANTENNA_i_soc.i_ai_sram.u_sram._699__X/DIODE    1.000000    1.186098   -0.186098 (VIOLATED)
i_soc.i_ai_sram.u_sram._699_/X          1.000000    1.186084   -0.186084 (VIOLATED)
i_soc.i_ai_sram.u_sram.gen_bank[0].gen_512.u_macro/addr1[7]    0.040000    0.225959   -0.185959 (VIOLATED)
i_soc.i_ai_sram.u_sram.gen_bank[7].gen_512.u_macro/din0[24]    1.000000    1.185768   -0.185768 (VIOLATED)
i_soc.i_ai_sram.u_sram.gen_bank[0].gen_512.u_macro/addr1[8]    0.040000    0.225002   -0.185002 (VIOLATED)
ANTENNA_i_soc.i_data_sram._72__Q/DIODE    1.000000    1.184413   -0.184413 (VIOLATED)
i_soc.i_data_sram._72_/Q                1.000000    1.184405   -0.184405 (VIOLATED)
ANTENNA_i_soc.i_ai_sram.u_sram.gen_bank[1].gen_512.u_macro_din0[24]/DIODE    1.000000    1.183981   -0.183981 (VIOLATED)
load_slew1003/A                         1.000000    1.182413   -0.182413 (VIOLATED)
ANTENNA_load_slew1003_A/DIODE           1.000000    1.182356   -0.182356 (VIOLATED)
ANTENNA_i_soc.i_gpio._224__Q/DIODE      1.000000    1.181729   -0.181729 (VIOLATED)
i_soc.i_gpio._224_/Q                    1.000000    1.181705   -0.181705 (VIOLATED)
ANTENNA_i_soc.i_ai_sram.u_sram.gen_bank[0].gen_512.u_macro_din0[11]/DIODE    1.000000    1.181505   -0.181505 (VIOLATED)
i_soc.i_ai_sram.u_sram.gen_bank[6].gen_512.u_macro/din0[5]    1.000000    1.180560   -0.180560 (VIOLATED)
ANTENNA_i_soc.i_ai_sram.u_sram.gen_bank[0].gen_512.u_macro_din0[10]/DIODE    1.000000    1.180024   -0.180024 (VIOLATED)
i_soc.i_ai_sram.u_sram.gen_bank[3].gen_512.u_macro/din0[12]    1.000000    1.180020   -0.180020 (VIOLATED)
i_soc.i_ai_sram.u_sram._441_/B          1.000000    1.179884   -0.179884 (VIOLATED)
ANTENNA_i_soc.i_ai_sram.u_sram._441__B/DIODE    1.000000    1.179868   -0.179868 (VIOLATED)
i_soc.i_ai_sram.u_sram.gen_bank[5].gen_512.u_macro/din0[23]    1.000000    1.179667   -0.179667 (VIOLATED)
ANTENNA_i_soc.i_ai_sram.u_sram._569__X/DIODE    1.000000    1.179357   -0.179357 (VIOLATED)
i_soc.i_ai_sram.u_sram._569_/X          1.000000    1.179317   -0.179317 (VIOLATED)
i_soc.i_ai_sram.u_sram.gen_bank[10].gen_512.u_macro/din0[29]    1.000000    1.178785   -0.178785 (VIOLATED)
i_soc.i_ai_sram.u_sram.gen_bank[1].gen_512.u_macro/din0[11]    1.000000    1.178484   -0.178484 (VIOLATED)
i_soc.i_ai_sram.u_sram.gen_bank[7].gen_512.u_macro/din0[31]    1.000000    1.178484   -0.178484 (VIOLATED)
i_soc.i_ai_sram.u_sram.gen_bank[6].gen_512.u_macro/din0[16]    1.000000    1.177942   -0.177942 (VIOLATED)
wire1351/A                              1.000000    1.177308   -0.177308 (VIOLATED)
ANTENNA_wire1351_A/DIODE                1.000000    1.177250   -0.177250 (VIOLATED)
ANTENNA_i_soc.i_gpio._110__B/DIODE      1.000000    1.177055   -0.177055 (VIOLATED)
i_soc.i_gpio._110_/B                    1.000000    1.177054   -0.177054 (VIOLATED)
load_slew849/A                          1.000000    1.176582   -0.176582 (VIOLATED)
ANTENNA_i_soc.i_ai_sram.u_sram.gen_bank[4].gen_512.u_macro_din0[20]/DIODE    1.000000    1.176349   -0.176349 (VIOLATED)
load_slew841/A                          1.000000    1.176178   -0.176178 (VIOLATED)
ANTENNA_load_slew849_A/DIODE            1.000000    1.176169   -0.176169 (VIOLATED)
ANTENNA_load_slew841_A/DIODE            1.000000    1.176165   -0.176165 (VIOLATED)
i_soc.i_ai_sram.u_sram.gen_bank[6].gen_512.u_macro/din0[6]    1.000000    1.176087   -0.176087 (VIOLATED)
wire1276/A                              1.000000    1.175975   -0.175975 (VIOLATED)
ANTENNA_wire1276_A/DIODE                1.000000    1.175973   -0.175973 (VIOLATED)
i_soc.i_cpu.core_i.id_stage_i._2683_/A2    1.000000    1.175972   -0.175972 (VIOLATED)
ANTENNA_i_soc.i_cpu.core_i.id_stage_i._2683__A2/DIODE    1.000000    1.175972   -0.175972 (VIOLATED)
i_soc.i_cpu.core_i.id_stage_i._2694_/A2    1.000000    1.175969   -0.175969 (VIOLATED)
ANTENNA_i_soc.i_cpu.core_i.id_stage_i._2694__A2/DIODE    1.000000    1.175969   -0.175969 (VIOLATED)
i_soc.i_cpu.core_i.id_stage_i._2540_/A2    1.000000    1.175965   -0.175965 (VIOLATED)
ANTENNA_i_soc.i_cpu.core_i.id_stage_i._2540__A2/DIODE    1.000000    1.175958   -0.175958 (VIOLATED)
i_soc.i_cpu.core_i.id_stage_i._2606_/A2    1.000000    1.175944   -0.175944 (VIOLATED)
i_soc.i_cpu.core_i.id_stage_i._2659_/A2    1.000000    1.175943   -0.175943 (VIOLATED)
ANTENNA_i_soc.i_cpu.core_i.id_stage_i._2659__A2/DIODE    1.000000    1.175943   -0.175942 (VIOLATED)
ANTENNA_i_soc.i_cpu.core_i.id_stage_i._2606__A2/DIODE    1.000000    1.175939   -0.175939 (VIOLATED)
ANTENNA_i_soc.i_cpu.core_i.id_stage_i._2670__A2/DIODE    1.000000    1.175939   -0.175939 (VIOLATED)
i_soc.i_cpu.core_i.id_stage_i._2670_/A2    1.000000    1.175938   -0.175938 (VIOLATED)
ANTENNA_i_soc.i_cpu.core_i.id_stage_i._2650__A2/DIODE    1.000000    1.175934   -0.175934 (VIOLATED)
i_soc.i_cpu.core_i.id_stage_i._2650_/A2    1.000000    1.175934   -0.175934 (VIOLATED)
i_soc.i_cpu.core_i.id_stage_i._2641_/A2    1.000000    1.175910   -0.175910 (VIOLATED)
ANTENNA_i_soc.i_cpu.core_i.id_stage_i._2641__A2/DIODE    1.000000    1.175878   -0.175878 (VIOLATED)
i_soc.i_cpu.core_i.id_stage_i._2593_/A2    1.000000    1.175868   -0.175868 (VIOLATED)
i_soc.i_cpu.core_i.id_stage_i._2586_/A2    1.000000    1.175856   -0.175856 (VIOLATED)
ANTENNA_i_soc.i_cpu.core_i.id_stage_i._2586__A2/DIODE    1.000000    1.175855   -0.175855 (VIOLATED)
ANTENNA_i_soc.i_cpu.core_i.id_stage_i._2593__A2/DIODE    1.000000    1.175852   -0.175852 (VIOLATED)
i_soc.i_cpu.core_i.id_stage_i._2615_/A2    1.000000    1.175843   -0.175843 (VIOLATED)
i_soc.i_cpu.core_i.id_stage_i._2628_/A2    1.000000    1.175842   -0.175842 (VIOLATED)
ANTENNA_i_soc.i_cpu.core_i.id_stage_i._2628__A2/DIODE    1.000000    1.175841   -0.175841 (VIOLATED)
i_soc.i_cpu.core_i.id_stage_i._2505_/A2    1.000000    1.175838   -0.175838 (VIOLATED)
ANTENNA_i_soc.i_cpu.core_i.id_stage_i._2505__A2/DIODE    1.000000    1.175835   -0.175835 (VIOLATED)
ANTENNA_i_soc.i_cpu.core_i.id_stage_i._2615__A2/DIODE    1.000000    1.175835   -0.175835 (VIOLATED)
i_soc.i_cpu.core_i.id_stage_i._2571_/A2    1.000000    1.175824   -0.175824 (VIOLATED)
ANTENNA_i_soc.i_cpu.core_i.id_stage_i._2564__A2/DIODE    1.000000    1.175812   -0.175812 (VIOLATED)
ANTENNA_i_soc.i_cpu.core_i.id_stage_i._2571__A2/DIODE    1.000000    1.175812   -0.175812 (VIOLATED)
i_soc.i_cpu.core_i.id_stage_i._2564_/A2    1.000000    1.175808   -0.175808 (VIOLATED)
ANTENNA_fanout1275_X/DIODE              1.000000    1.175803   -0.175803 (VIOLATED)
ANTENNA_i_soc.i_cpu.core_i.id_stage_i._2551__A2/DIODE    1.000000    1.175803   -0.175803 (VIOLATED)
i_soc.i_cpu.core_i.id_stage_i._2527_/A2    1.000000    1.175803   -0.175803 (VIOLATED)
ANTENNA_i_soc.i_cpu.core_i.id_stage_i._2527__A2/DIODE    1.000000    1.175803   -0.175803 (VIOLATED)
i_soc.i_cpu.core_i.id_stage_i._2551_/A2    1.000000    1.175803   -0.175803 (VIOLATED)
fanout1275/X                            1.000000    1.175801   -0.175801 (VIOLATED)
i_soc.i_ai_accel._18583_/B2             1.000000    1.175416   -0.175416 (VIOLATED)
ANTENNA_i_soc.i_ai_accel._18583__B2/DIODE    1.000000    1.175414   -0.175414 (VIOLATED)
i_soc.i_ai_sram.u_sram.gen_bank[5].gen_512.u_macro/din0[21]    1.000000    1.175395   -0.175395 (VIOLATED)
i_soc.i_ai_accel._17563_/A1             1.000000    1.175391   -0.175391 (VIOLATED)
ANTENNA_i_soc.i_ai_accel._17563__A1/DIODE    1.000000    1.175390   -0.175390 (VIOLATED)
wire1698/A                              1.000000    1.175177   -0.175177 (VIOLATED)
ANTENNA_wire1698_A/DIODE                1.000000    1.175163   -0.175163 (VIOLATED)
ANTENNA_i_soc.i_ai_accel.u_conv_out._36__X/DIODE    1.000000    1.175104   -0.175104 (VIOLATED)
i_soc.i_ai_accel.u_conv_out._36_/X      1.000000    1.175097   -0.175097 (VIOLATED)
ANTENNA_i_soc.i_gpio._238__Q/DIODE      1.000000    1.174670   -0.174670 (VIOLATED)
i_soc.i_gpio._238_/Q                    1.000000    1.174663   -0.174663 (VIOLATED)
i_soc.i_cpu.core_i.id_stage_i.register_file_i._6810_/A2    1.000000    1.174513   -0.174513 (VIOLATED)
ANTENNA_i_soc.i_cpu.core_i.id_stage_i.register_file_i._6810__A2/DIODE    1.000000    1.174510   -0.174510 (VIOLATED)
load_slew2455/A                         1.000000    1.174509   -0.174509 (VIOLATED)
ANTENNA_load_slew2455_A/DIODE           1.000000    1.174507   -0.174507 (VIOLATED)
i_soc.i_cpu.core_i.id_stage_i.register_file_i._6833_/A2    1.000000    1.174478   -0.174478 (VIOLATED)
ANTENNA_i_soc.i_cpu.core_i.id_stage_i.register_file_i._6833__A2/DIODE    1.000000    1.174476   -0.174476 (VIOLATED)
ANTENNA_i_soc.i_cpu.core_i.id_stage_i.register_file_i._6822__A2/DIODE    1.000000    1.174441   -0.174441 (VIOLATED)
i_soc.i_cpu.core_i.id_stage_i.register_file_i._6822_/A2    1.000000    1.174435   -0.174435 (VIOLATED)
i_soc.i_cpu.core_i.id_stage_i.register_file_i._6778_/A2    1.000000    1.174395   -0.174395 (VIOLATED)
ANTENNA_i_soc.i_cpu.core_i.id_stage_i.register_file_i._6778__A2/DIODE    1.000000    1.174394   -0.174394 (VIOLATED)
i_soc.i_crossbar._0258_/A0              1.000000    1.174393   -0.174393 (VIOLATED)
i_soc.i_cpu.core_i.id_stage_i.register_file_i._6804_/A2    1.000000    1.174393   -0.174393 (VIOLATED)
ANTENNA_i_soc.i_cpu.core_i.id_stage_i.register_file_i._6804__A2/DIODE    1.000000    1.174391   -0.174391 (VIOLATED)
ANTENNA_i_soc.i_crossbar._0258__A0/DIODE    1.000000    1.174387   -0.174387 (VIOLATED)
ANTENNA_i_soc.i_cpu.core_i.id_stage_i.register_file_i._6789__A2/DIODE    1.000000    1.174376   -0.174376 (VIOLATED)
i_soc.i_cpu.core_i.id_stage_i.register_file_i._6789_/A2    1.000000    1.174364   -0.174364 (VIOLATED)
i_soc.i_cpu.core_i.id_stage_i.register_file_i._6797_/A2    1.000000    1.174329   -0.174329 (VIOLATED)
ANTENNA_i_soc.i_cpu.core_i.id_stage_i.register_file_i._6797__A2/DIODE    1.000000    1.174325   -0.174325 (VIOLATED)
i_soc.i_cpu.core_i.id_stage_i.register_file_i._6774_/A2    1.000000    1.174297   -0.174297 (VIOLATED)
ANTENNA_i_soc.i_cpu.core_i.id_stage_i.register_file_i._6774__A2/DIODE    1.000000    1.174296   -0.174296 (VIOLATED)
i_soc.i_cpu.core_i.id_stage_i.register_file_i._6786_/A2    1.000000    1.174266   -0.174266 (VIOLATED)
ANTENNA_i_soc.i_cpu.core_i.id_stage_i.register_file_i._6786__A2/DIODE    1.000000    1.174266   -0.174265 (VIOLATED)
ANTENNA_fanout2454_X/DIODE              1.000000    1.174263   -0.174263 (VIOLATED)
ANTENNA_max_cap2456_A/DIODE             1.000000    1.174263   -0.174263 (VIOLATED)
fanout2454/X                            1.000000    1.174260   -0.174260 (VIOLATED)
max_cap2456/A                           1.000000    1.174260   -0.174260 (VIOLATED)
ANTENNA_wire4964_X/DIODE                1.000000    1.174088   -0.174088 (VIOLATED)
wire4964/X                              1.000000    1.174066   -0.174066 (VIOLATED)
i_soc.i_ai_accel._12617_/A1             1.000000    1.173990   -0.173990 (VIOLATED)
ANTENNA_i_soc.i_ai_accel._12617__A1/DIODE    1.000000    1.173987   -0.173987 (VIOLATED)
i_soc.i_ai_accel._12781_/A1             1.000000    1.173981   -0.173981 (VIOLATED)
i_soc.i_ai_accel._12780_/A              1.000000    1.173977   -0.173977 (VIOLATED)
ANTENNA_i_soc.i_ai_accel._12781__A1/DIODE    1.000000    1.173968   -0.173968 (VIOLATED)
ANTENNA_i_soc.i_ai_accel._12780__A/DIODE    1.000000    1.173961   -0.173961 (VIOLATED)
i_soc.i_ai_accel._12893_/A              1.000000    1.173941   -0.173941 (VIOLATED)
ANTENNA_i_soc.i_ai_accel._12893__A/DIODE    1.000000    1.173941   -0.173941 (VIOLATED)
i_soc.i_ai_accel._12894_/A1             1.000000    1.173936   -0.173936 (VIOLATED)
ANTENNA_i_soc.i_ai_accel._12894__A1/DIODE    1.000000    1.173922   -0.173922 (VIOLATED)
i_soc.i_ai_accel._13028_/A1             1.000000    1.173896   -0.173896 (VIOLATED)
i_soc.i_ai_sram.u_sram.gen_bank[2].gen_512.u_macro/din0[15]    1.000000    1.173880   -0.173880 (VIOLATED)
ANTENNA_i_soc.i_ai_accel._13028__A1/DIODE    1.000000    1.173865   -0.173865 (VIOLATED)
ANTENNA_i_soc.i_ai_accel._13027__A/DIODE    1.000000    1.173846   -0.173846 (VIOLATED)
i_soc.i_ai_accel._13027_/A              1.000000    1.173846   -0.173846 (VIOLATED)
i_soc.i_ai_accel._13776_/A              1.000000    1.173839   -0.173839 (VIOLATED)
ANTENNA_i_soc.i_ai_accel._13776__A/DIODE    1.000000    1.173838   -0.173838 (VIOLATED)
i_soc.i_ai_accel._13777_/A1             1.000000    1.173833   -0.173833 (VIOLATED)
ANTENNA_i_soc.i_ai_accel._13777__A1/DIODE    1.000000    1.173829   -0.173829 (VIOLATED)
i_soc.i_ai_accel._13912_/A1             1.000000    1.173745   -0.173745 (VIOLATED)
ANTENNA_i_soc.i_ai_accel._13911__A/DIODE    1.000000    1.173740   -0.173740 (VIOLATED)
i_soc.i_ai_accel._13911_/A              1.000000    1.173740   -0.173740 (VIOLATED)
ANTENNA_i_soc.i_ai_accel._13912__A1/DIODE    1.000000    1.173724   -0.173724 (VIOLATED)
i_soc.i_ai_accel._14037_/A1             1.000000    1.173708   -0.173708 (VIOLATED)
ANTENNA_i_soc.i_ai_accel._14037__A1/DIODE    1.000000    1.173684   -0.173685 (VIOLATED)
ANTENNA_i_soc.i_data_sram._69__Q/DIODE    1.000000    1.173653   -0.173654 (VIOLATED)
i_soc.i_ai_accel._14036_/A              1.000000    1.173647   -0.173647 (VIOLATED)
i_soc.i_data_sram._69_/Q                1.000000    1.173646   -0.173646 (VIOLATED)
ANTENNA_i_soc.i_ai_accel._14036__A/DIODE    1.000000    1.173629   -0.173629 (VIOLATED)
i_soc.i_ai_accel._14170_/A              1.000000    1.173584   -0.173584 (VIOLATED)
ANTENNA_i_soc.i_ai_accel._14171__A1/DIODE    1.000000    1.173568   -0.173568 (VIOLATED)
i_soc.i_ai_accel._14171_/A1             1.000000    1.173560   -0.173560 (VIOLATED)
ANTENNA_i_soc.i_ai_accel._14170__A/DIODE    1.000000    1.173559   -0.173559 (VIOLATED)
ANTENNA_i_soc.i_ai_accel._14434__A/DIODE    1.000000    1.173547   -0.173547 (VIOLATED)
ANTENNA_i_soc.i_ai_accel._14435__A1/DIODE    1.000000    1.173547   -0.173547 (VIOLATED)
i_soc.i_ai_accel._14434_/A              1.000000    1.173547   -0.173547 (VIOLATED)
i_soc.i_ai_accel._14435_/A1             1.000000    1.173547   -0.173547 (VIOLATED)
ANTENNA_fanout2861_X/DIODE              1.000000    1.173547   -0.173547 (VIOLATED)
i_soc.i_ai_accel._14298_/A1             1.000000    1.173546   -0.173546 (VIOLATED)
ANTENNA_i_soc.i_ai_accel._14297__A/DIODE    1.000000    1.173546   -0.173546 (VIOLATED)
ANTENNA_i_soc.i_ai_accel._14298__A1/DIODE    1.000000    1.173546   -0.173546 (VIOLATED)
i_soc.i_ai_accel._14297_/A              1.000000    1.173546   -0.173546 (VIOLATED)
fanout2861/X                            1.000000    1.173543   -0.173543 (VIOLATED)
ANTENNA_i_soc.i_gpio._230__Q/DIODE      1.000000    1.173212   -0.173212 (VIOLATED)
i_soc.i_gpio._230_/Q                    1.000000    1.173206   -0.173206 (VIOLATED)
wire1051/A                              1.000000    1.173050   -0.173050 (VIOLATED)
ANTENNA_wire1051_A/DIODE                1.000000    1.173037   -0.173037 (VIOLATED)
i_soc.i_ai_sram.u_sram.gen_bank[13].gen_512.u_macro/din0[21]    1.000000    1.171837   -0.171837 (VIOLATED)
i_soc.i_data_sram.u_sram.gen_bank[2].gen_512.u_macro/addr1[6]    0.040000    0.210456   -0.170456 (VIOLATED)
i_soc.i_ai_sram.u_sram.gen_bank[1].gen_512.u_macro/din0[9]    1.000000    1.170233   -0.170234 (VIOLATED)
wire1041/A                              1.000000    1.168599   -0.168599 (VIOLATED)
load_slew1309/A                         1.000000    1.168468   -0.168467 (VIOLATED)
ANTENNA_wire1041_A/DIODE                1.000000    1.168427   -0.168427 (VIOLATED)
i_soc.i_instr_sram.u_sram.gen_bank[3].gen_512.u_macro/addr1[3]    0.040000    0.208418   -0.168418 (VIOLATED)
ANTENNA_load_slew1309_A/DIODE           1.000000    1.168412   -0.168412 (VIOLATED)
ANTENNA_i_soc.i_ai_arb._154__X/DIODE    1.000000    1.167998   -0.167998 (VIOLATED)
i_soc.i_ai_arb._154_/X                  1.000000    1.167982   -0.167982 (VIOLATED)
wire1290/A                              1.000000    1.167522   -0.167522 (VIOLATED)
ANTENNA_wire1290_A/DIODE                1.000000    1.167505   -0.167505 (VIOLATED)
wire1647/A                              1.000000    1.167485   -0.167485 (VIOLATED)
ANTENNA_wire1647_A/DIODE                1.000000    1.167474   -0.167474 (VIOLATED)
i_soc.i_ai_sram.u_sram.gen_bank[9].gen_512.u_macro/din0[24]    1.000000    1.167463   -0.167463 (VIOLATED)
i_soc.i_ai_sram.u_sram.gen_bank[3].gen_512.u_macro/addr1[4]    0.040000    0.206883   -0.166883 (VIOLATED)
i_soc.i_ai_accel._18578_/B2             1.000000    1.166782   -0.166782 (VIOLATED)
ANTENNA_i_soc.i_ai_accel._18578__B2/DIODE    1.000000    1.166780   -0.166780 (VIOLATED)
i_soc.i_ai_accel._17523_/A1             1.000000    1.166779   -0.166779 (VIOLATED)
ANTENNA_i_soc.i_ai_accel._17523__A1/DIODE    1.000000    1.166775   -0.166775 (VIOLATED)
ANTENNA_i_soc.i_ai_accel.u_conv_out._31__X/DIODE    1.000000    1.166512   -0.166512 (VIOLATED)
i_soc.i_ai_accel.u_conv_out._31_/X      1.000000    1.166510   -0.166510 (VIOLATED)
ANTENNA_i_soc.i_ai_sram.u_sram.gen_bank[0].gen_512.u_macro_din0[26]/DIODE    1.000000    1.166030   -0.166030 (VIOLATED)
i_soc.i_data_sram.u_sram.gen_bank[2].gen_512.u_macro/addr1[4]    0.040000    0.205723   -0.165723 (VIOLATED)
i_soc.i_ai_sram.u_sram.gen_bank[5].gen_512.u_macro/din0[20]    1.000000    1.165124   -0.165124 (VIOLATED)
wire1645/A                              1.000000    1.165045   -0.165045 (VIOLATED)
ANTENNA_wire1645_A/DIODE                1.000000    1.165043   -0.165043 (VIOLATED)
i_soc.i_ai_sram.u_sram._538_/A3         1.000000    1.164891   -0.164891 (VIOLATED)
ANTENNA_i_soc.i_ai_sram.u_sram._538__A3/DIODE    1.000000    1.164885   -0.164885 (VIOLATED)
i_soc.i_data_sram.u_sram.gen_bank[2].gen_512.u_macro/addr0[5]    0.040000    0.204616   -0.164616 (VIOLATED)
i_soc.i_ai_sram.u_sram.gen_bank[10].gen_512.u_macro/din0[30]    1.000000    1.164416   -0.164416 (VIOLATED)
i_soc.i_instr_sram.u_sram.gen_bank[3].gen_512.u_macro/addr1[5]    0.040000    0.204300   -0.164300 (VIOLATED)
i_soc.i_data_sram.u_sram.gen_bank[2].gen_512.u_macro/addr0[4]    0.040000    0.204286   -0.164286 (VIOLATED)
i_soc.i_ai_accel.u_conv_w_mem/addr0[0]    0.040000    0.204000   -0.164000 (VIOLATED)
i_soc.i_ai_sram.u_sram.gen_bank[6].gen_512.u_macro/din0[27]    1.000000    1.163911   -0.163911 (VIOLATED)
i_soc.i_ai_sram.u_sram.gen_bank[0].gen_512.u_macro/addr1[5]    0.040000    0.203742   -0.163742 (VIOLATED)
wire990/A                               1.000000    1.162998   -0.162998 (VIOLATED)
i_soc.i_ai_sram.u_sram.gen_bank[1].gen_512.u_macro/din0[13]    1.000000    1.162947   -0.162947 (VIOLATED)
ANTENNA_wire990_A/DIODE                 1.000000    1.162932   -0.162932 (VIOLATED)
i_soc.i_ai_sram.u_sram.gen_bank[7].gen_512.u_macro/din0[13]    1.000000    1.162626   -0.162626 (VIOLATED)
ANTENNA_i_soc.i_data_sram._64__Q/DIODE    1.000000    1.162370   -0.162370 (VIOLATED)
i_soc.i_data_sram._64_/Q                1.000000    1.162359   -0.162358 (VIOLATED)
wire1243/A                              1.000000    1.162023   -0.162023 (VIOLATED)
ANTENNA_wire1243_A/DIODE                1.000000    1.162012   -0.162012 (VIOLATED)
i_soc.i_ai_sram.u_sram.gen_bank[6].gen_512.u_macro/din0[4]    1.000000    1.161617   -0.161617 (VIOLATED)
i_soc.i_instr_sram.u_sram.gen_bank[3].gen_512.u_macro/addr0[5]    0.040000    0.201566   -0.161566 (VIOLATED)
load_slew1646/A                         1.000000    1.161422   -0.161422 (VIOLATED)
ANTENNA_load_slew1646_A/DIODE           1.000000    1.161416   -0.161416 (VIOLATED)
i_soc.i_ai_sram.u_sram.gen_bank[3].gen_512.u_macro/addr1[2]    0.040000    0.201405   -0.161405 (VIOLATED)
i_soc.i_ai_sram.u_sram.gen_bank[1].gen_512.u_macro/addr1[3]    0.040000    0.201362   -0.161362 (VIOLATED)
i_soc.i_instr_sram.u_sram.gen_bank[3].gen_512.u_macro/addr1[4]    0.040000    0.201148   -0.161148 (VIOLATED)
ANTENNA_i_soc.i_ai_sram.u_sram._581__X/DIODE    1.000000    1.161004   -0.161004 (VIOLATED)
i_soc.i_ai_sram.u_sram._581_/X          1.000000    1.160998   -0.160998 (VIOLATED)
ANTENNA_i_soc.i_ai_sram.u_sram.gen_bank[0].gen_512.u_macro_din0[23]/DIODE    1.000000    1.160672   -0.160672 (VIOLATED)
load_slew1648/A                         1.000000    1.160634   -0.160634 (VIOLATED)
ANTENNA_load_slew1648_A/DIODE           1.000000    1.160627   -0.160627 (VIOLATED)
i_soc.i_instr_sram.u_sram.gen_bank[3].gen_512.u_macro/addr1[6]    0.040000    0.200356   -0.160356 (VIOLATED)
i_soc.i_data_sram.u_sram.gen_bank[2].gen_512.u_macro/addr0[3]    0.040000    0.200317   -0.160317 (VIOLATED)
i_soc.i_ai_sram.u_sram.gen_bank[1].gen_512.u_macro/addr1[2]    0.040000    0.200017   -0.160017 (VIOLATED)
ANTENNA_i_soc.i_ai_sram.u_sram._530__X/DIODE    1.000000    1.159764   -0.159764 (VIOLATED)
i_soc.i_ai_sram.u_sram._530_/X          1.000000    1.159764   -0.159764 (VIOLATED)
i_soc.i_ai_sram.u_sram.gen_bank[3].gen_512.u_macro/addr0[7]    0.040000    0.199713   -0.159713 (VIOLATED)
i_soc.i_ai_sram.u_sram.gen_bank[0].gen_512.u_macro/addr0[8]    0.040000    0.199713   -0.159713 (VIOLATED)
i_soc.i_instr_sram.u_sram.gen_bank[3].gen_512.u_macro/addr0[3]    0.040000    0.199506   -0.159506 (VIOLATED)
i_soc.i_data_sram.u_sram.gen_bank[2].gen_512.u_macro/addr1[2]    0.040000    0.199262   -0.159262 (VIOLATED)
i_soc.i_instr_sram.u_sram.gen_bank[3].gen_512.u_macro/addr1[2]    0.040000    0.199033   -0.159033 (VIOLATED)
i_soc.i_ai_sram.u_sram.gen_bank[6].gen_512.u_macro/din0[28]    1.000000    1.159030   -0.159030 (VIOLATED)
i_soc.i_cpu.core_i.ex_stage_i.mult_i._18469_/A1    1.000000    1.158971   -0.158971 (VIOLATED)
ANTENNA_i_soc.i_cpu.core_i.ex_stage_i.mult_i._18469__A1/DIODE    1.000000    1.158970   -0.158970 (VIOLATED)
i_soc.i_cpu.core_i.ex_stage_i.mult_i._18470_/A    1.000000    1.158970   -0.158970 (VIOLATED)
ANTENNA_i_soc.i_cpu.core_i.ex_stage_i.mult_i._18470__A/DIODE    1.000000    1.158969   -0.158969 (VIOLATED)
i_soc.i_cpu.core_i.ex_stage_i.mult_i._24232_/A1    1.000000    1.158965   -0.158965 (VIOLATED)
ANTENNA_i_soc.i_cpu.core_i.ex_stage_i.mult_i._24232__A1/DIODE    1.000000    1.158964   -0.158964 (VIOLATED)
i_soc.i_cpu.core_i.ex_stage_i.mult_i._24233_/A    1.000000    1.158964   -0.158964 (VIOLATED)
i_soc.i_cpu.core_i.ex_stage_i.mult_i._18146_/A    1.000000    1.158963   -0.158963 (VIOLATED)
ANTENNA_i_soc.i_cpu.core_i.ex_stage_i.mult_i._24233__A/DIODE    1.000000    1.158963   -0.158963 (VIOLATED)
ANTENNA_i_soc.i_cpu.core_i.ex_stage_i.mult_i._18146__A/DIODE    1.000000    1.158960   -0.158960 (VIOLATED)
ANTENNA_i_soc.i_cpu.core_i.ex_stage_i.mult_i._24564__A/DIODE    1.000000    1.158956   -0.158956 (VIOLATED)
i_soc.i_cpu.core_i.ex_stage_i.mult_i._18145_/A1    1.000000    1.158956   -0.158956 (VIOLATED)
i_soc.i_cpu.core_i.ex_stage_i.mult_i._24564_/A    1.000000    1.158955   -0.158955 (VIOLATED)
ANTENNA_i_soc.i_cpu.core_i.ex_stage_i.mult_i._18145__A1/DIODE    1.000000    1.158952   -0.158952 (VIOLATED)
i_soc.i_cpu.core_i.ex_stage_i.mult_i._24565_/A1    1.000000    1.158950   -0.158950 (VIOLATED)
ANTENNA_i_soc.i_cpu.core_i.ex_stage_i.mult_i._24565__A1/DIODE    1.000000    1.158946   -0.158946 (VIOLATED)
ANTENNA_i_soc.i_cpu.core_i.ex_stage_i.mult_i._17742__A/DIODE    1.000000    1.158945   -0.158945 (VIOLATED)
i_soc.i_cpu.core_i.ex_stage_i.mult_i._17742_/A    1.000000    1.158943   -0.158943 (VIOLATED)
i_soc.i_cpu.core_i.ex_stage_i.mult_i._17741_/A1    1.000000    1.158933   -0.158933 (VIOLATED)
i_soc.i_cpu.core_i.ex_stage_i.mult_i._17743_/A    1.000000    1.158933   -0.158933 (VIOLATED)
i_soc.i_cpu.core_i.ex_stage_i.mult_i._17477_/A    1.000000    1.158930   -0.158930 (VIOLATED)
ANTENNA_i_soc.i_cpu.core_i.ex_stage_i.mult_i._17477__A/DIODE    1.000000    1.158930   -0.158930 (VIOLATED)
ANTENNA_i_soc.i_cpu.core_i.ex_stage_i.mult_i._17741__A1/DIODE    1.000000    1.158922   -0.158922 (VIOLATED)
ANTENNA_i_soc.i_cpu.core_i.ex_stage_i.mult_i._17476__A1/DIODE    1.000000    1.158918   -0.158918 (VIOLATED)
ANTENNA_i_soc.i_cpu.core_i.ex_stage_i.mult_i._17489__A1/DIODE    1.000000    1.158918   -0.158918 (VIOLATED)
i_soc.i_cpu.core_i.ex_stage_i.mult_i._17489_/A1    1.000000    1.158918   -0.158918 (VIOLATED)
i_soc.i_cpu.core_i.ex_stage_i.mult_i._17478_/A    1.000000    1.158917   -0.158917 (VIOLATED)
i_soc.i_cpu.core_i.ex_stage_i.mult_i._17476_/A1    1.000000    1.158916   -0.158916 (VIOLATED)
ANTENNA_i_soc.i_cpu.core_i.ex_stage_i.mult_i._17743__A/DIODE    1.000000    1.158915   -0.158915 (VIOLATED)
ANTENNA_i_soc.i_cpu.core_i.ex_stage_i.mult_i._17478__A/DIODE    1.000000    1.158913   -0.158913 (VIOLATED)
ANTENNA_i_soc.i_cpu.core_i.id_stage_i._3515__A0/DIODE    1.000000    1.158912   -0.158912 (VIOLATED)
i_soc.i_cpu.core_i.id_stage_i._3515_/A0    1.000000    1.158912   -0.158912 (VIOLATED)
ANTENNA_fanout3674_X/DIODE              1.000000    1.158907   -0.158907 (VIOLATED)
fanout3674/X                            1.000000    1.158907   -0.158907 (VIOLATED)
i_soc.i_data_sram.u_sram.gen_bank[2].gen_512.u_macro/addr1[5]    0.040000    0.198681   -0.158681 (VIOLATED)
wire240/A                               1.000000    1.158467   -0.158467 (VIOLATED)
ANTENNA_wire240_A/DIODE                 1.000000    1.158450   -0.158450 (VIOLATED)
i_soc.i_data_sram.u_sram.gen_bank[2].gen_512.u_macro/addr0[6]    0.040000    0.198255   -0.158255 (VIOLATED)
i_soc.i_ai_sram.u_sram.gen_bank[0].gen_512.u_macro/addr1[6]    0.040000    0.198110   -0.158110 (VIOLATED)
i_soc.i_data_sram.u_sram.gen_bank[2].gen_512.u_macro/addr0[7]    0.040000    0.197918   -0.157918 (VIOLATED)
ANTENNA_i_soc.i_crossbar._0754__X/DIODE    1.000000    1.157836   -0.157836 (VIOLATED)
i_soc.i_crossbar._0754_/X               1.000000    1.157734   -0.157734 (VIOLATED)
i_soc.i_ai_sram.u_sram.gen_bank[1].gen_512.u_macro/addr1[5]    0.040000    0.197708   -0.157708 (VIOLATED)
i_soc.i_ai_sram.u_sram.gen_bank[3].gen_512.u_macro/addr0[8]    0.040000    0.197562   -0.157562 (VIOLATED)
i_soc.i_ai_sram.u_sram.gen_bank[7].gen_512.u_macro/din0[11]    1.000000    1.157447   -0.157447 (VIOLATED)
i_soc.i_data_sram.u_sram.gen_bank[3].gen_512.u_macro/addr1[5]    0.040000    0.196892   -0.156892 (VIOLATED)
wire1639/A                              1.000000    1.156205   -0.156205 (VIOLATED)
ANTENNA_wire1639_A/DIODE                1.000000    1.156195   -0.156195 (VIOLATED)
i_soc.i_data_sram.u_sram.gen_bank[2].gen_512.u_macro/addr0[2]    0.040000    0.195889   -0.155889 (VIOLATED)
ANTENNA_i_soc.i_ai_sram.u_sram.gen_bank[4].gen_512.u_macro_din0[19]/DIODE    1.000000    1.155867   -0.155867 (VIOLATED)
i_soc.i_instr_sram.u_sram.gen_bank[3].gen_512.u_macro/addr0[6]    0.040000    0.195706   -0.155706 (VIOLATED)
i_soc.i_ai_sram.u_sram.gen_bank[0].gen_512.u_macro/addr1[2]    0.040000    0.195575   -0.155575 (VIOLATED)
i_soc.i_ai_sram.u_sram.gen_bank[8].gen_512.u_macro/din0[25]    1.000000    1.155563   -0.155563 (VIOLATED)
i_soc.i_ai_sram.u_sram.gen_bank[7].gen_512.u_macro/din0[8]    1.000000    1.155521   -0.155521 (VIOLATED)
i_soc.i_ai_sram.u_sram.gen_bank[3].gen_512.u_macro/addr0[2]    0.040000    0.195490   -0.155490 (VIOLATED)
i_soc.i_data_sram.u_sram.gen_bank[3].gen_512.u_macro/addr0[7]    0.040000    0.194873   -0.154873 (VIOLATED)
wire1637/A                              1.000000    1.154677   -0.154677 (VIOLATED)
ANTENNA_wire1637_A/DIODE                1.000000    1.154669   -0.154669 (VIOLATED)
i_soc.i_ai_sram.u_sram.gen_bank[1].gen_512.u_macro/addr0[3]    0.040000    0.194622   -0.154622 (VIOLATED)
wire1241/A                              1.000000    1.154469   -0.154469 (VIOLATED)
ANTENNA_wire1241_A/DIODE                1.000000    1.154462   -0.154462 (VIOLATED)
i_soc.i_data_sram.u_sram.gen_bank[3].gen_512.u_macro/addr1[6]    0.040000    0.194453   -0.154453 (VIOLATED)
load_slew1244/A                         1.000000    1.154448   -0.154448 (VIOLATED)
ANTENNA_load_slew1244_A/DIODE           1.000000    1.154440   -0.154440 (VIOLATED)
i_soc.i_ai_sram.u_sram.gen_bank[2].gen_512.u_macro/addr0[7]    0.040000    0.193956   -0.153956 (VIOLATED)
i_soc.i_ai_sram.u_sram.gen_bank[3].gen_512.u_macro/addr0[5]    0.040000    0.193923   -0.153923 (VIOLATED)
i_soc.i_data_sram.u_sram.gen_bank[3].gen_512.u_macro/addr1[4]    0.040000    0.193633   -0.153633 (VIOLATED)
i_soc.i_ai_sram.u_sram.gen_bank[2].gen_512.u_macro/addr1[2]    0.040000    0.193534   -0.153534 (VIOLATED)
i_soc.i_ai_sram.u_sram.gen_bank[5].gen_512.u_macro/din0[17]    1.000000    1.153430   -0.153430 (VIOLATED)
i_soc.i_ai_sram.u_sram.gen_bank[3].gen_512.u_macro/addr0[3]    0.040000    0.193043   -0.153043 (VIOLATED)
i_soc.i_ai_sram.u_sram.gen_bank[0].gen_512.u_macro/addr0[3]    0.040000    0.192712   -0.152712 (VIOLATED)
i_soc.i_instr_sram.u_sram.gen_bank[3].gen_512.u_macro/addr0[4]    0.040000    0.192377   -0.152377 (VIOLATED)
i_soc.i_ai_sram.u_sram.gen_bank[1].gen_512.u_macro/addr0[8]    0.040000    0.192275   -0.152275 (VIOLATED)
i_soc.i_ai_sram.u_sram._604_/A3         1.000000    1.152248   -0.152248 (VIOLATED)
ANTENNA_i_soc.i_ai_sram.u_sram._604__A3/DIODE    1.000000    1.152237   -0.152237 (VIOLATED)
ANTENNA_i_soc.i_ai_sram.u_sram._619__A2/DIODE    1.000000    1.152172   -0.152173 (VIOLATED)
i_soc.i_data_sram.u_sram.gen_bank[3].gen_512.u_macro/addr0[6]    0.040000    0.192172   -0.152172 (VIOLATED)
i_soc.i_ai_sram.u_sram._619_/A2         1.000000    1.152167   -0.152167 (VIOLATED)
i_soc.i_instr_sram.u_sram.gen_bank[2].gen_512.u_macro/addr0[4]    0.040000    0.192139   -0.152139 (VIOLATED)
i_soc.i_ai_sram.u_sram.gen_bank[8].gen_512.u_macro/din0[9]    1.000000    1.152117   -0.152117 (VIOLATED)
i_soc.i_data_sram.u_sram._35_/A2        1.000000    1.151773   -0.151773 (VIOLATED)
ANTENNA_i_soc.i_data_sram.u_sram._35__A2/DIODE    1.000000    1.151754   -0.151754 (VIOLATED)
i_soc.i_ai_sram.u_sram.gen_bank[1].gen_512.u_macro/din0[10]    1.000000    1.151699   -0.151699 (VIOLATED)
wire1825/A                              1.000000    1.151541   -0.151541 (VIOLATED)
ANTENNA_wire1825_A/DIODE                1.000000    1.151528   -0.151528 (VIOLATED)
i_soc.i_instr_sram.u_sram.gen_bank[2].gen_512.u_macro/addr0[3]    0.040000    0.191193   -0.151193 (VIOLATED)
i_soc.i_ai_sram.u_sram.gen_bank[2].gen_512.u_macro/addr0[8]    0.040000    0.190859   -0.150859 (VIOLATED)
load_slew1640/A                         1.000000    1.150768   -0.150768 (VIOLATED)
ANTENNA_load_slew1640_A/DIODE           1.000000    1.150762   -0.150762 (VIOLATED)
i_soc.i_ai_sram.u_sram.gen_bank[3].gen_512.u_macro/addr1[6]    0.040000    0.190725   -0.150725 (VIOLATED)
i_soc.i_data_sram.u_sram.gen_bank[3].gen_512.u_macro/addr0[3]    0.040000    0.190674   -0.150674 (VIOLATED)
i_soc.i_ai_sram.u_sram.gen_bank[3].gen_512.u_macro/din0[19]    1.000000    1.150618   -0.150618 (VIOLATED)
i_soc.i_data_sram.u_sram.gen_bank[3].gen_512.u_macro/addr0[5]    0.040000    0.190602   -0.150602 (VIOLATED)
i_soc.i_instr_sram.u_sram.gen_bank[2].gen_512.u_macro/addr0[2]    0.040000    0.190552   -0.150552 (VIOLATED)
i_soc.i_crossbar._0266_/A0              1.000000    1.150427   -0.150427 (VIOLATED)
ANTENNA_i_soc.i_crossbar._0266__A0/DIODE    1.000000    1.150421   -0.150421 (VIOLATED)
i_soc.i_ai_sram.u_sram.gen_bank[3].gen_512.u_macro/addr0[4]    0.040000    0.190275   -0.150275 (VIOLATED)
i_soc.i_ai_sram.u_sram.gen_bank[7].gen_512.u_macro/din0[20]    1.000000    1.150266   -0.150266 (VIOLATED)
i_soc.i_data_sram.u_sram.gen_bank[2].gen_512.u_macro/addr1[3]    0.040000    0.190005   -0.150005 (VIOLATED)
load_slew1242/A                         1.000000    1.149990   -0.149990 (VIOLATED)
ANTENNA_load_slew1242_A/DIODE           1.000000    1.149989   -0.149989 (VIOLATED)
ANTENNA_i_soc.i_crossbar._0857__X/DIODE    1.000000    1.149925   -0.149925 (VIOLATED)
i_soc.i_crossbar._0857_/X               1.000000    1.149900   -0.149900 (VIOLATED)
i_soc.i_ai_sram.u_sram.gen_bank[2].gen_512.u_macro/addr1[4]    0.040000    0.189510   -0.149510 (VIOLATED)
i_soc.i_ai_sram.u_sram.gen_bank[0].gen_512.u_macro/addr1[3]    0.040000    0.188982   -0.148982 (VIOLATED)
i_soc.i_instr_sram.u_sram.gen_bank[2].gen_512.u_macro/addr0[7]    0.040000    0.188767   -0.148767 (VIOLATED)
i_soc.i_instr_sram.u_sram.gen_bank[2].gen_512.u_macro/addr0[6]    0.040000    0.188608   -0.148608 (VIOLATED)
load_slew1638/A                         1.000000    1.148592   -0.148592 (VIOLATED)
ANTENNA_load_slew1638_A/DIODE           1.000000    1.148592   -0.148592 (VIOLATED)
ANTENNA_i_soc.i_crossbar._0856__X/DIODE    1.000000    1.148528   -0.148528 (VIOLATED)
i_soc.i_crossbar._0856_/X               1.000000    1.148467   -0.148467 (VIOLATED)
i_soc.i_ai_sram.u_sram.gen_bank[1].gen_512.u_macro/addr0[7]    0.040000    0.188321   -0.148321 (VIOLATED)
i_soc.i_ai_sram.u_sram.gen_bank[0].gen_512.u_macro/addr0[6]    0.040000    0.188261   -0.148261 (VIOLATED)
i_soc.i_cpu.core_i.ex_stage_i.mult_i._20246_/A1    1.000000    1.148050   -0.148050 (VIOLATED)
ANTENNA_i_soc.i_cpu.core_i.ex_stage_i.mult_i._20245__A1/DIODE    1.000000    1.148044   -0.148044 (VIOLATED)
ANTENNA_i_soc.i_cpu.core_i.ex_stage_i.mult_i._20246__A1/DIODE    1.000000    1.148040   -0.148040 (VIOLATED)
i_soc.i_cpu.core_i.ex_stage_i.mult_i._20245_/A1    1.000000    1.148029   -0.148029 (VIOLATED)
ANTENNA_i_soc.i_cpu.core_i.ex_stage_i.mult_i._19588__A/DIODE    1.000000    1.148019   -0.148019 (VIOLATED)
i_soc.i_cpu.core_i.ex_stage_i.mult_i._19588_/A    1.000000    1.148006   -0.148006 (VIOLATED)
ANTENNA_i_soc.i_cpu.core_i.ex_stage_i.mult_i._20248__A1/DIODE    1.000000    1.147968   -0.147968 (VIOLATED)
i_soc.i_cpu.core_i.ex_stage_i.mult_i._20248_/A1    1.000000    1.147936   -0.147936 (VIOLATED)
ANTENNA_i_soc.i_cpu.core_i.ex_stage_i.mult_i._19590__A1/DIODE    1.000000    1.147870   -0.147870 (VIOLATED)
i_soc.i_cpu.core_i.ex_stage_i.mult_i._19590_/A1    1.000000    1.147856   -0.147856 (VIOLATED)
i_soc.i_cpu.core_i.ex_stage_i.mult_i._19589_/A    1.000000    1.147825   -0.147825 (VIOLATED)
ANTENNA_i_soc.i_cpu.core_i.ex_stage_i.mult_i._19589__A/DIODE    1.000000    1.147805   -0.147805 (VIOLATED)
i_soc.i_instr_sram.u_sram.gen_bank[3].gen_512.u_macro/addr0[7]    0.040000    0.187730   -0.147730 (VIOLATED)
i_soc.i_cpu.core_i.ex_stage_i.mult_i._19192_/A    1.000000    1.147652   -0.147652 (VIOLATED)
ANTENNA_i_soc.i_cpu.core_i.ex_stage_i.mult_i._19192__A/DIODE    1.000000    1.147645   -0.147645 (VIOLATED)
i_soc.i_cpu.core_i.ex_stage_i.mult_i._19193_/A1    1.000000    1.147536   -0.147536 (VIOLATED)
ANTENNA_i_soc.i_cpu.core_i.ex_stage_i.mult_i._19193__A1/DIODE    1.000000    1.147522   -0.147522 (VIOLATED)
i_soc.i_uart_0.i_uart_rx._371_/B        1.000000    1.147392   -0.147392 (VIOLATED)
ANTENNA_i_soc.i_uart_0.i_uart_rx._371__B/DIODE    1.000000    1.147391   -0.147391 (VIOLATED)
i_soc.i_cpu.core_i.ex_stage_i.mult_i._15809_/B2    1.000000    1.147293   -0.147293 (VIOLATED)
ANTENNA_i_soc.i_cpu.core_i.ex_stage_i.mult_i._15809__B2/DIODE    1.000000    1.147282   -0.147282 (VIOLATED)
clone9106/A1                            1.000000    1.147259   -0.147259 (VIOLATED)
clone9103/A1                            1.000000    1.147258   -0.147258 (VIOLATED)
ANTENNA_i_soc.i_cpu.core_i.ex_stage_i.mult_i._18773__A/DIODE    1.000000    1.147217   -0.147217 (VIOLATED)
i_soc.i_cpu.core_i.ex_stage_i.mult_i._18773_/A    1.000000    1.147196   -0.147196 (VIOLATED)
i_soc.i_instr_sram.u_sram.gen_bank[3].gen_512.u_macro/addr0[2]    0.040000    0.187114   -0.147114 (VIOLATED)
i_soc.i_cpu.core_i.ex_stage_i.mult_i._18774_/A1    1.000000    1.147106   -0.147106 (VIOLATED)
i_soc.i_ai_sram.u_sram.gen_bank[2].gen_512.u_macro/addr1[5]    0.040000    0.187038   -0.147038 (VIOLATED)
ANTENNA_i_soc.i_cpu.core_i.ex_stage_i.mult_i._18774__A1/DIODE    1.000000    1.146972   -0.146972 (VIOLATED)
i_soc.i_ai_sram.u_sram.gen_bank[2].gen_512.u_macro/addr0[3]    0.040000    0.186828   -0.146828 (VIOLATED)
i_soc.i_ai_sram.u_sram.gen_bank[2].gen_512.u_macro/addr0[5]    0.040000    0.186538   -0.146538 (VIOLATED)
ANTENNA_i_soc.i_cpu.core_i.ex_stage_i.mult_i._14764__A1/DIODE    1.000000    1.146500   -0.146500 (VIOLATED)
i_soc.i_cpu.core_i.ex_stage_i.mult_i._18414_/A    1.000000    1.146491   -0.146491 (VIOLATED)
i_soc.i_cpu.core_i.ex_stage_i.mult_i._14764_/A1    1.000000    1.146473   -0.146473 (VIOLATED)
ANTENNA_i_soc.i_cpu.core_i.ex_stage_i.mult_i._14763__A1/DIODE    1.000000    1.146446   -0.146446 (VIOLATED)
i_soc.i_cpu.core_i.ex_stage_i.mult_i._14763_/A1    1.000000    1.146446   -0.146446 (VIOLATED)
ANTENNA_i_soc.i_cpu.core_i.ex_stage_i.mult_i._18414__A/DIODE    1.000000    1.146325   -0.146325 (VIOLATED)
i_soc.i_instr_sram.u_sram.gen_bank[2].gen_512.u_macro/addr1[5]    0.040000    0.186287   -0.146287 (VIOLATED)
load_slew241/A                          1.000000    1.146264   -0.146264 (VIOLATED)
ANTENNA_load_slew241_A/DIODE            1.000000    1.146251   -0.146251 (VIOLATED)
ANTENNA_i_soc.i_cpu.core_i.ex_stage_i.mult_i._18415__A1/DIODE    1.000000    1.146152   -0.146152 (VIOLATED)
i_soc.i_cpu.core_i.ex_stage_i.mult_i._18415_/A1    1.000000    1.146145   -0.146145 (VIOLATED)
i_soc.i_ai_sram.u_sram.gen_bank[2].gen_512.u_macro/addr0[2]    0.040000    0.186008   -0.146008 (VIOLATED)
i_soc.i_data_sram.u_sram.gen_bank[3].gen_512.u_macro/addr0[8]    0.040000    0.185950   -0.145950 (VIOLATED)
i_soc.i_cpu.core_i.ex_stage_i.mult_i._18098_/A    1.000000    1.145896   -0.145896 (VIOLATED)
i_soc.i_ai_sram.u_sram.gen_bank[2].gen_512.u_macro/addr0[4]    0.040000    0.185852   -0.145852 (VIOLATED)
i_soc.i_cpu.core_i.ex_stage_i.mult_i._18097_/A1    1.000000    1.145797   -0.145797 (VIOLATED)
ANTENNA_i_soc.i_cpu.core_i.ex_stage_i.mult_i._18098__A/DIODE    1.000000    1.145754   -0.145754 (VIOLATED)
i_soc.i_cpu.core_i.ex_stage_i.mult_i._14882_/A1    1.000000    1.145629   -0.145629 (VIOLATED)
ANTENNA_i_soc.i_cpu.core_i.ex_stage_i.mult_i._18097__A1/DIODE    1.000000    1.145622   -0.145622 (VIOLATED)
i_soc.i_ai_sram.u_sram.gen_bank[13].gen_512.u_macro/din0[22]    1.000000    1.145558   -0.145558 (VIOLATED)
ANTENNA_i_soc.i_cpu.core_i.ex_stage_i.mult_i._17799__A/DIODE    1.000000    1.145499   -0.145500 (VIOLATED)
ANTENNA_i_soc.i_cpu.core_i.ex_stage_i.mult_i._14882__A1/DIODE    1.000000    1.145449   -0.145449 (VIOLATED)
i_soc.i_cpu.core_i.ex_stage_i.mult_i._17799_/A    1.000000    1.145411   -0.145411 (VIOLATED)
i_soc.i_cpu.core_i.ex_stage_i.mult_i._17800_/A1    1.000000    1.145387   -0.145387 (VIOLATED)
ANTENNA_i_soc.i_cpu.core_i.ex_stage_i.mult_i._17800__A1/DIODE    1.000000    1.145360   -0.145360 (VIOLATED)
i_soc.i_data_sram.u_sram.gen_bank[3].gen_512.u_macro/addr1[3]    0.040000    0.185343   -0.145343 (VIOLATED)
ANTENNA_i_soc.i_ai_sram.u_sram.gen_bank[4].gen_512.u_macro_din0[16]/DIODE    1.000000    1.145118   -0.145118 (VIOLATED)
i_soc.i_ai_sram.u_sram.gen_bank[0].gen_512.u_macro/addr0[5]    0.040000    0.185114   -0.145114 (VIOLATED)
i_soc.i_ai_sram.u_sram.gen_bank[0].gen_512.u_macro/addr0[4]    0.040000    0.185032   -0.145032 (VIOLATED)
i_soc.i_ai_sram.u_sram._593_/A3         1.000000    1.144929   -0.144929 (VIOLATED)
ANTENNA_i_soc.i_ai_sram.u_sram._593__A3/DIODE    1.000000    1.144918   -0.144918 (VIOLATED)
ANTENNA_i_soc.i_cpu.core_i.ex_stage_i.mult_i._17514__A1/DIODE    1.000000    1.144820   -0.144820 (VIOLATED)
i_soc.i_ai_sram.u_sram.gen_bank[1].gen_512.u_macro/addr0[2]    0.040000    0.184812   -0.144812 (VIOLATED)
i_soc.i_cpu.core_i.ex_stage_i.mult_i._17514_/A1    1.000000    1.144800   -0.144800 (VIOLATED)
i_soc.i_instr_sram.u_sram.gen_bank[3].gen_512.u_macro/addr0[8]    0.040000    0.184730   -0.144730 (VIOLATED)
i_soc.i_cpu.core_i.ex_stage_i.mult_i._17513_/A    1.000000    1.144716   -0.144716 (VIOLATED)
ANTENNA_i_soc.i_cpu.core_i.ex_stage_i.mult_i._17513__A/DIODE    1.000000    1.144581   -0.144581 (VIOLATED)
i_soc.i_instr_sram.u_sram.gen_bank[2].gen_512.u_macro/addr1[2]    0.040000    0.184409   -0.144409 (VIOLATED)
i_soc.i_data_sram.u_sram.gen_bank[3].gen_512.u_macro/addr0[2]    0.040000    0.184372   -0.144372 (VIOLATED)
i_soc.i_instr_sram.u_sram.gen_bank[2].gen_512.u_macro/addr1[3]    0.040000    0.184208   -0.144208 (VIOLATED)
ANTENNA_i_soc.i_ai_sram.u_sram.gen_bank[0].gen_512.u_macro_din0[7]/DIODE    1.000000    1.144113   -0.144113 (VIOLATED)
i_soc.i_data_sram.u_sram.gen_bank[3].gen_512.u_macro/addr0[4]    0.040000    0.183953   -0.143953 (VIOLATED)
i_soc.i_ai_sram.u_sram.gen_bank[1].gen_512.u_macro/addr0[4]    0.040000    0.183780   -0.143780 (VIOLATED)
i_soc.i_ai_sram.u_sram.gen_bank[3].gen_512.u_macro/addr0[6]    0.040000    0.183729   -0.143729 (VIOLATED)
ANTENNA_i_soc.i_ai_sram.u_sram.gen_bank[4].gen_512.u_macro_din0[18]/DIODE    1.000000    1.143639   -0.143639 (VIOLATED)
ANTENNA_i_soc.i_cpu.core_i.id_stage_i._3430__A0/DIODE    1.000000    1.143530   -0.143530 (VIOLATED)
i_soc.i_cpu.core_i.id_stage_i._3430_/A0    1.000000    1.143521   -0.143521 (VIOLATED)
ANTENNA_load_slew1291_A/DIODE           1.000000    1.143516   -0.143516 (VIOLATED)
ANTENNA_i_soc.i_cpu.core_i.id_stage_i._3886__Q/DIODE    1.000000    1.143503   -0.143503 (VIOLATED)
i_soc.i_cpu.core_i.id_stage_i._3886_/Q    1.000000    1.143497   -0.143497 (VIOLATED)
i_soc.i_ai_sram.u_sram._575_/A2         1.000000    1.143445   -0.143445 (VIOLATED)
ANTENNA_i_soc.i_ai_sram.u_sram._575__A2/DIODE    1.000000    1.143422   -0.143422 (VIOLATED)
ANTENNA_i_soc.i_ai_sram.u_sram.gen_bank[0].gen_512.u_macro_din0[28]/DIODE    1.000000    1.143179   -0.143179 (VIOLATED)
i_soc.i_ai_sram.u_sram.gen_bank[2].gen_512.u_macro/addr0[6]    0.040000    0.183135   -0.143135 (VIOLATED)
i_soc.i_ai_accel.u_input_mem/addr0[3]    0.040000    0.182975   -0.142975 (VIOLATED)
i_soc.i_ai_sram.u_sram.gen_bank[1].gen_512.u_macro/din0[25]    1.000000    1.142924   -0.142924 (VIOLATED)
i_soc.i_instr_sram.u_sram.gen_bank[2].gen_512.u_macro/addr1[4]    0.040000    0.182849   -0.142849 (VIOLATED)
load_slew1291/A                         1.000000    1.142759   -0.142759 (VIOLATED)
i_soc.i_crossbar._0272_/A0              1.000000    1.142142   -0.142142 (VIOLATED)
ANTENNA_i_soc.i_crossbar._0272__A0/DIODE    1.000000    1.142140   -0.142140 (VIOLATED)
ANTENNA_i_soc.i_ai_sram.u_sram._603__X/DIODE    1.000000    1.141780   -0.141780 (VIOLATED)
i_soc.i_ai_sram.u_sram._603_/X          1.000000    1.141774   -0.141774 (VIOLATED)
i_soc.i_ai_sram.u_sram.gen_bank[3].gen_512.u_macro/addr1[3]    0.040000    0.181725   -0.141725 (VIOLATED)
i_soc.i_ai_sram.u_sram.gen_bank[1].gen_512.u_macro/addr1[4]    0.040000    0.181521   -0.141521 (VIOLATED)
ANTENNA_i_soc.i_data_sram._71__Q/DIODE    1.000000    1.140947   -0.140947 (VIOLATED)
i_soc.i_data_sram._71_/Q                1.000000    1.140920   -0.140920 (VIOLATED)
load_slew991/A                          1.000000    1.140761   -0.140761 (VIOLATED)
i_soc.i_ai_sram.u_sram.gen_bank[7].gen_512.u_macro/din0[25]    1.000000    1.140717   -0.140717 (VIOLATED)
ANTENNA_load_slew991_A/DIODE            1.000000    1.140704   -0.140704 (VIOLATED)
i_soc.i_ai_sram.u_sram.gen_bank[0].gen_512.u_macro/addr0[2]    0.040000    0.180651   -0.140651 (VIOLATED)
i_soc.i_ai_accel.u_input_mem/addr0[2]    0.040000    0.180599   -0.140599 (VIOLATED)
i_soc.i_instr_sram.u_sram.gen_bank[2].gen_512.u_macro/addr0[8]    0.040000    0.180460   -0.140461 (VIOLATED)
i_soc.i_ai_sram.u_sram.gen_bank[0].gen_512.u_macro/addr1[4]    0.040000    0.180081   -0.140081 (VIOLATED)
i_soc.i_ai_sram.u_sram.gen_bank[1].gen_512.u_macro/din0[8]    1.000000    1.140004   -0.140004 (VIOLATED)
ANTENNA_i_soc.i_ai_sram.u_sram.gen_bank[2].gen_512.u_macro_din0[30]/DIODE    1.000000    1.139664   -0.139664 (VIOLATED)
load_slew1824/A                         1.000000    1.139563   -0.139563 (VIOLATED)
ANTENNA_load_slew1824_A/DIODE           1.000000    1.139408   -0.139408 (VIOLATED)
i_soc.i_ai_sram.u_sram.gen_bank[1].gen_512.u_macro/din0[12]    1.000000    1.139279   -0.139279 (VIOLATED)
i_soc.i_ai_sram.u_sram.gen_bank[2].gen_512.u_macro/addr1[6]    0.040000    0.179160   -0.139160 (VIOLATED)
i_soc.i_instr_sram.u_sram.gen_bank[2].gen_512.u_macro/addr0[5]    0.040000    0.179071   -0.139071 (VIOLATED)
i_soc.i_ai_sram.u_sram.gen_bank[1].gen_512.u_macro/addr0[6]    0.040000    0.178884   -0.138884 (VIOLATED)
ANTENNA_i_soc.i_ai_sram.u_sram._537__X/DIODE    1.000000    1.138109   -0.138109 (VIOLATED)
i_soc.i_ai_sram.u_sram._537_/X          1.000000    1.138105   -0.138105 (VIOLATED)
wire1255/A                              1.000000    1.137941   -0.137941 (VIOLATED)
ANTENNA_wire1255_A/DIODE                1.000000    1.137915   -0.137915 (VIOLATED)
i_soc.i_ai_sram.u_sram.gen_bank[0].gen_512.u_macro/addr0[7]    0.040000    0.177873   -0.137873 (VIOLATED)
i_soc.i_crossbar._1034_/A               1.000000    1.137439   -0.137439 (VIOLATED)
ANTENNA_i_soc.i_crossbar._1034__A/DIODE    1.000000    1.137438   -0.137438 (VIOLATED)
i_soc.i_crossbar._0858_/A               1.000000    1.137438   -0.137438 (VIOLATED)
ANTENNA_i_soc.i_crossbar._0858__A/DIODE    1.000000    1.137437   -0.137437 (VIOLATED)
i_soc.i_ai_sram.u_sram.gen_bank[8].gen_512.u_macro/din0[4]    1.000000    1.137353   -0.137353 (VIOLATED)
i_soc.i_crossbar._0616_/A               1.000000    1.137277   -0.137277 (VIOLATED)
ANTENNA_i_soc.i_crossbar._0616__A/DIODE    1.000000    1.137276   -0.137276 (VIOLATED)
ANTENNA_i_soc.i_obi_axi_data._141__X/DIODE    1.000000    1.137252   -0.137252 (VIOLATED)
i_soc.i_obi_axi_data._141_/X            1.000000    1.137250   -0.137250 (VIOLATED)
i_soc.i_instr_sram.u_sram.gen_bank[2].gen_512.u_macro/addr1[6]    0.040000    0.177069   -0.137069 (VIOLATED)
i_soc.i_ai_sram.u_sram.gen_bank[4].gen_512.u_macro/din0[21]    1.000000    1.136838   -0.136838 (VIOLATED)
i_soc.i_data_sram.u_sram.gen_bank[2].gen_512.u_macro/addr0[8]    0.040000    0.176732   -0.136732 (VIOLATED)
i_soc.i_ai_sram.u_sram.gen_bank[5].gen_512.u_macro/din0[19]    1.000000    1.136338   -0.136338 (VIOLATED)
ANTENNA_i_soc.i_data_sram._68__Q/DIODE    1.000000    1.135880   -0.135880 (VIOLATED)
i_soc.i_data_sram._68_/Q                1.000000    1.135873   -0.135873 (VIOLATED)
i_soc.i_ai_sram.u_sram.gen_bank[10].gen_512.u_macro/din0[24]    1.000000    1.135740   -0.135740 (VIOLATED)
ANTENNA_i_soc.i_gpio._231__Q/DIODE      1.000000    1.135721   -0.135721 (VIOLATED)
i_soc.i_gpio._231_/Q                    1.000000    1.135715   -0.135715 (VIOLATED)
i_soc.i_data_sram.u_sram.gen_bank[3].gen_512.u_macro/addr1[2]    0.040000    0.175512   -0.135512 (VIOLATED)
ANTENNA_i_soc.i_ai_sram.u_sram._588__X/DIODE    1.000000    1.135019   -0.135019 (VIOLATED)
i_soc.i_ai_sram.u_sram._588_/X          1.000000    1.135013   -0.135013 (VIOLATED)
load_slew1256/A                         1.000000    1.134989   -0.134989 (VIOLATED)
ANTENNA_load_slew1256_A/DIODE           1.000000    1.134964   -0.134964 (VIOLATED)
wire970/A                               1.000000    1.134164   -0.134164 (VIOLATED)
i_soc.i_ai_sram.u_sram.gen_bank[8].gen_512.u_macro/din0[1]    1.000000    1.134159   -0.134159 (VIOLATED)
ANTENNA_wire970_A/DIODE                 1.000000    1.134146   -0.134146 (VIOLATED)
ANTENNA_i_soc.i_ai_accel._17562__B1/DIODE    1.000000    1.134069   -0.134069 (VIOLATED)
i_soc.i_ai_accel._17562_/B1             1.000000    1.134069   -0.134069 (VIOLATED)
i_soc.i_ai_accel._18575_/B2             1.000000    1.134068   -0.134068 (VIOLATED)
ANTENNA_i_soc.i_ai_accel._18575__B2/DIODE    1.000000    1.134064   -0.134064 (VIOLATED)
ANTENNA_i_soc.i_ai_accel.u_conv_out._28__X/DIODE    1.000000    1.133780   -0.133780 (VIOLATED)
i_soc.i_ai_accel.u_conv_out._28_/X      1.000000    1.133777   -0.133777 (VIOLATED)
i_soc.i_ai_sram.u_sram.gen_bank[6].gen_512.u_macro/din0[13]    1.000000    1.133643   -0.133643 (VIOLATED)
ANTENNA_i_soc.i_crossbar._0264__A0/DIODE    1.000000    1.133605   -0.133605 (VIOLATED)
i_soc.i_crossbar._0264_/A0              1.000000    1.133606   -0.133606 (VIOLATED)
ANTENNA_i_soc.i_ai_sram.u_sram._440__X/DIODE    1.000000    1.133397   -0.133397 (VIOLATED)
i_soc.i_ai_sram.u_sram._440_/X          1.000000    1.133397   -0.133397 (VIOLATED)
wire1274/A                              1.000000    1.133387   -0.133387 (VIOLATED)
ANTENNA_wire1274_A/DIODE                1.000000    1.133385   -0.133385 (VIOLATED)
ANTENNA_i_soc.i_cpu.core_i.id_stage_i._2683__B1/DIODE    1.000000    1.133378   -0.133378 (VIOLATED)
i_soc.i_cpu.core_i.id_stage_i._2683_/B1    1.000000    1.133373   -0.133374 (VIOLATED)
i_soc.i_cpu.core_i.id_stage_i._2694_/B1    1.000000    1.133368   -0.133368 (VIOLATED)
ANTENNA_i_soc.i_cpu.core_i.id_stage_i._2694__B1/DIODE    1.000000    1.133367   -0.133367 (VIOLATED)
ANTENNA_i_soc.i_cpu.core_i.id_stage_i._2540__B1/DIODE    1.000000    1.133360   -0.133360 (VIOLATED)
i_soc.i_cpu.core_i.id_stage_i._2540_/B1    1.000000    1.133355   -0.133355 (VIOLATED)
ANTENNA_i_soc.i_cpu.core_i.id_stage_i._2606__B1/DIODE    1.000000    1.133344   -0.133344 (VIOLATED)
i_soc.i_cpu.core_i.id_stage_i._2606_/B1    1.000000    1.133343   -0.133343 (VIOLATED)
i_soc.i_cpu.core_i.id_stage_i._2650_/B1    1.000000    1.133324   -0.133324 (VIOLATED)
ANTENNA_i_soc.i_cpu.core_i.id_stage_i._2650__B1/DIODE    1.000000    1.133319   -0.133319 (VIOLATED)
i_soc.i_cpu.core_i.id_stage_i._2670_/B1    1.000000    1.133307   -0.133307 (VIOLATED)
ANTENNA_i_soc.i_cpu.core_i.id_stage_i._2670__B1/DIODE    1.000000    1.133302   -0.133302 (VIOLATED)
ANTENNA_i_soc.i_cpu.core_i.id_stage_i._2659__B1/DIODE    1.000000    1.133290   -0.133290 (VIOLATED)
i_soc.i_cpu.core_i.id_stage_i._2659_/B1    1.000000    1.133288   -0.133288 (VIOLATED)
ANTENNA_i_soc.i_cpu.core_i.id_stage_i._2641__B1/DIODE    1.000000    1.133278   -0.133278 (VIOLATED)
i_soc.i_cpu.core_i.id_stage_i._2641_/B1    1.000000    1.133270   -0.133270 (VIOLATED)
ANTENNA_i_soc.i_cpu.core_i.id_stage_i._2586__B1/DIODE    1.000000    1.133261   -0.133261 (VIOLATED)
i_soc.i_cpu.core_i.id_stage_i._2586_/B1    1.000000    1.133261   -0.133261 (VIOLATED)
i_soc.i_cpu.core_i.id_stage_i._2593_/B1    1.000000    1.133247   -0.133247 (VIOLATED)
ANTENNA_i_soc.i_cpu.core_i.id_stage_i._2593__B1/DIODE    1.000000    1.133246   -0.133246 (VIOLATED)
i_soc.i_cpu.core_i.id_stage_i._2615_/B1    1.000000    1.133235   -0.133235 (VIOLATED)
i_soc.i_cpu.core_i.id_stage_i._2505_/B1    1.000000    1.133233   -0.133233 (VIOLATED)
ANTENNA_i_soc.i_cpu.core_i.id_stage_i._2615__B1/DIODE    1.000000    1.133233   -0.133233 (VIOLATED)
i_soc.i_cpu.core_i.id_stage_i._2628_/B1    1.000000    1.133225   -0.133225 (VIOLATED)
ANTENNA_i_soc.i_cpu.core_i.id_stage_i._2628__B1/DIODE    1.000000    1.133219   -0.133219 (VIOLATED)
ANTENNA_i_soc.i_cpu.core_i.id_stage_i._2505__B1/DIODE    1.000000    1.133206   -0.133206 (VIOLATED)
i_soc.i_cpu.core_i.id_stage_i._2571_/B1    1.000000    1.133192   -0.133192 (VIOLATED)
ANTENNA_i_soc.i_cpu.core_i.id_stage_i._2564__B1/DIODE    1.000000    1.133191   -0.133191 (VIOLATED)
ANTENNA_i_soc.i_cpu.core_i.id_stage_i._2571__B1/DIODE    1.000000    1.133190   -0.133190 (VIOLATED)
i_soc.i_cpu.core_i.id_stage_i._2564_/B1    1.000000    1.133173   -0.133173 (VIOLATED)
ANTENNA_i_soc.i_cpu.core_i.id_stage_i._2551__B1/DIODE    1.000000    1.133160   -0.133160 (VIOLATED)
ANTENNA_fanout1273_X/DIODE              1.000000    1.133159   -0.133159 (VIOLATED)
ANTENNA_i_soc.i_cpu.core_i.id_stage_i._2527__B1/DIODE    1.000000    1.133158   -0.133158 (VIOLATED)
i_soc.i_cpu.core_i.id_stage_i._2551_/B1    1.000000    1.133158   -0.133158 (VIOLATED)
fanout1273/X                            1.000000    1.133152   -0.133152 (VIOLATED)
i_soc.i_cpu.core_i.id_stage_i._2527_/B1    1.000000    1.133152   -0.133152 (VIOLATED)
i_soc.i_ai_sram.u_sram.gen_bank[3].gen_512.u_macro/addr1[5]    0.040000    0.172917   -0.132917 (VIOLATED)
i_soc.i_ai_sram.u_sram.gen_bank[5].gen_512.u_macro/din0[18]    1.000000    1.132879   -0.132879 (VIOLATED)
i_soc.i_ai_sram.u_sram.gen_bank[2].gen_512.u_macro/addr1[3]    0.040000    0.172600   -0.132600 (VIOLATED)
load_slew1699/A                         1.000000    1.132515   -0.132515 (VIOLATED)
ANTENNA_load_slew1699_A/DIODE           1.000000    1.132501   -0.132501 (VIOLATED)
i_soc.i_data_sram.u_sram.gen_bank[3].gen_512.u_macro/addr0[1]    0.040000    0.172358   -0.132358 (VIOLATED)
ANTENNA_i_soc.i_ai_sram.u_sram.gen_bank[0].gen_512.u_macro_din0[6]/DIODE    1.000000    1.130575   -0.130575 (VIOLATED)
i_soc.i_ai_accel.u_conv_out.gen_bank[1].gen_512.u_macro/csb0    1.000000    1.130400   -0.130400 (VIOLATED)
i_soc.i_ai_sram.u_sram.gen_bank[2].gen_512.u_macro/din0[19]    1.000000    1.130353   -0.130353 (VIOLATED)
i_soc.i_ai_sram.u_sram.gen_bank[1].gen_512.u_macro/addr0[5]    0.040000    0.170052   -0.130051 (VIOLATED)
i_soc.i_instr_sram.u_sram.gen_bank[3].gen_512.u_macro/wmask0[2]    0.040000    0.169949   -0.129949 (VIOLATED)
load_slew242/A                          1.000000    1.129680   -0.129680 (VIOLATED)
ANTENNA_load_slew242_A/DIODE            1.000000    1.129677   -0.129677 (VIOLATED)
i_soc.i_cpu.core_i.ex_stage_i._048_/A    1.000000    1.129598   -0.129598 (VIOLATED)
ANTENNA_i_soc.i_cpu.core_i.ex_stage_i._048__A/DIODE    1.000000    1.129597   -0.129597 (VIOLATED)
i_soc.i_cpu.core_i.ex_stage_i.mult_i._12439_/B    1.000000    1.129469   -0.129469 (VIOLATED)
i_soc.i_cpu.core_i.ex_stage_i.mult_i._12441_/A1    1.000000    1.129469   -0.129469 (VIOLATED)
ANTENNA_i_soc.i_cpu.core_i.ex_stage_i.mult_i._12441__A1/DIODE    1.000000    1.129468   -0.129468 (VIOLATED)
ANTENNA_i_soc.i_cpu.core_i.ex_stage_i.mult_i._12439__B/DIODE    1.000000    1.129468   -0.129468 (VIOLATED)
load_slew3688/A                         1.000000    1.129443   -0.129443 (VIOLATED)
ANTENNA_load_slew3688_A/DIODE           1.000000    1.129439   -0.129439 (VIOLATED)
ANTENNA_i_soc.i_cpu.core_i.id_stage_i._3474__A1/DIODE    1.000000    1.129427   -0.129427 (VIOLATED)
i_soc.i_cpu.core_i.id_stage_i._3474_/A1    1.000000    1.129427   -0.129427 (VIOLATED)
ANTENNA_fanout3686_X/DIODE              1.000000    1.129422   -0.129422 (VIOLATED)
fanout3686/X                            1.000000    1.129422   -0.129422 (VIOLATED)
i_soc.i_ai_sram.u_sram._516_/A3         1.000000    1.129238   -0.129238 (VIOLATED)
ANTENNA_i_soc.i_ai_sram.u_sram._516__A3/DIODE    1.000000    1.129221   -0.129221 (VIOLATED)
i_soc.i_ai_sram.u_sram.gen_bank[3].gen_512.u_macro/din0[30]    1.000000    1.129193   -0.129193 (VIOLATED)
load_slew1693/A                         1.000000    1.128936   -0.128936 (VIOLATED)
wire243/A                               1.000000    1.128926   -0.128926 (VIOLATED)
ANTENNA_wire243_A/DIODE                 1.000000    1.128924   -0.128925 (VIOLATED)
i_soc.i_ai_sram.u_sram._542_/A2         1.000000    1.128917   -0.128917 (VIOLATED)
ANTENNA_load_slew1693_A/DIODE           1.000000    1.128889   -0.128889 (VIOLATED)
ANTENNA_i_soc.i_ai_sram.u_sram._542__A2/DIODE    1.000000    1.128877   -0.128877 (VIOLATED)
ANTENNA_i_soc.i_crossbar._0866__X/DIODE    1.000000    1.128782   -0.128782 (VIOLATED)
i_soc.i_crossbar._0866_/X               1.000000    1.128760   -0.128760 (VIOLATED)
i_soc.i_ai_accel.u_input_mem/addr0[5]    0.040000    0.168572   -0.128572 (VIOLATED)
i_soc.i_data_sram.u_sram.gen_bank[3].gen_512.u_macro/addr1[8]    0.040000    0.168485   -0.128485 (VIOLATED)
i_soc.i_ai_sram.u_sram.gen_bank[7].gen_512.u_macro/din0[18]    1.000000    1.128383   -0.128383 (VIOLATED)
wire201/A                               1.000000    1.128367   -0.128367 (VIOLATED)
ANTENNA_wire201_A/DIODE                 1.000000    1.128354   -0.128354 (VIOLATED)
ANTENNA_i_soc.i_ai_sram.u_sram._618__X/DIODE    1.000000    1.127791   -0.127791 (VIOLATED)
i_soc.i_ai_sram.u_sram._618_/X          1.000000    1.127777   -0.127777 (VIOLATED)
i_soc.i_ai_sram.u_sram.gen_bank[1].gen_512.u_macro/addr1[6]    0.040000    0.167731   -0.127732 (VIOLATED)
i_soc.i_instr_sram.u_sram.gen_bank[3].gen_512.u_macro/addr1[8]    0.040000    0.167650   -0.127650 (VIOLATED)
i_soc.i_data_sram.u_sram.gen_bank[3].gen_512.u_macro/addr1[7]    0.040000    0.167526   -0.127526 (VIOLATED)
i_soc.i_ai_sram.u_sram.gen_bank[3].gen_512.u_macro/din0[10]    1.000000    1.127409   -0.127409 (VIOLATED)
i_soc.i_instr_sram.u_sram.gen_bank[2].gen_512.u_macro/addr1[8]    0.040000    0.167258   -0.127258 (VIOLATED)
i_soc.i_ai_sram.u_sram.gen_bank[3].gen_512.u_macro/din0[2]    1.000000    1.127020   -0.127020 (VIOLATED)
ANTENNA_wire4966_X/DIODE                1.000000    1.126807   -0.126807 (VIOLATED)
wire4966/X                              1.000000    1.126801   -0.126801 (VIOLATED)
i_soc.i_ai_sram.u_sram.gen_bank[14].gen_512.u_macro/addr0[5]    0.040000    0.166687   -0.126687 (VIOLATED)
i_soc.i_ai_sram.u_sram.gen_bank[1].gen_512.u_macro/din0[15]    1.000000    1.126310   -0.126310 (VIOLATED)
i_soc.i_data_sram.u_sram.gen_bank[2].gen_512.u_macro/wmask0[2]    0.040000    0.166289   -0.126289 (VIOLATED)
i_soc.i_data_sram.u_sram.gen_bank[2].gen_512.u_macro/wmask0[0]    0.040000    0.166171   -0.126171 (VIOLATED)
i_soc.i_data_sram.u_sram.gen_bank[2].gen_512.u_macro/wmask0[3]    0.040000    0.166129   -0.126129 (VIOLATED)
i_soc.i_data_sram.u_sram.gen_bank[2].gen_512.u_macro/addr1[7]    0.040000    0.165855   -0.125855 (VIOLATED)
load_slew1352/A                         1.000000    1.125470   -0.125470 (VIOLATED)
i_soc.i_data_sram.u_sram.gen_bank[3].gen_512.u_macro/wmask0[1]    0.040000    0.165459   -0.125459 (VIOLATED)
ANTENNA_load_slew1352_A/DIODE           1.000000    1.125411   -0.125411 (VIOLATED)
i_soc.i_ai_sram.u_sram.gen_bank[1].gen_512.u_macro/din0[22]    1.000000    1.125317   -0.125317 (VIOLATED)
i_soc.i_crossbar._1032_/A               1.000000    1.125275   -0.125275 (VIOLATED)
ANTENNA_i_soc.i_crossbar._1032__A/DIODE    1.000000    1.125275   -0.125275 (VIOLATED)
i_soc.i_crossbar._0856_/A               1.000000    1.125275   -0.125275 (VIOLATED)
ANTENNA_i_soc.i_crossbar._0856__A/DIODE    1.000000    1.125274   -0.125274 (VIOLATED)
ANTENNA_i_soc.i_crossbar._0614__A/DIODE    1.000000    1.125265   -0.125265 (VIOLATED)
i_soc.i_crossbar._0614_/A               1.000000    1.125265   -0.125265 (VIOLATED)
ANTENNA_i_soc.i_obi_axi_data._139__X/DIODE    1.000000    1.125236   -0.125236 (VIOLATED)
i_soc.i_obi_axi_data._139_/X            1.000000    1.125234   -0.125234 (VIOLATED)
i_soc.i_data_sram.u_sram.gen_bank[3].gen_512.u_macro/wmask0[3]    0.040000    0.165164   -0.125164 (VIOLATED)
i_soc.i_data_sram.u_sram.gen_bank[0].gen_512.u_macro/addr0[7]    0.040000    0.165152   -0.125152 (VIOLATED)
i_soc.i_ai_accel.u_input_mem/addr0[8]    0.040000    0.165088   -0.125088 (VIOLATED)
i_soc.i_data_sram.u_sram.gen_bank[2].gen_512.u_macro/addr0[1]    0.040000    0.165082   -0.125082 (VIOLATED)
i_soc.i_instr_sram.u_sram.gen_bank[3].gen_512.u_macro/addr0[1]    0.040000    0.165077   -0.125077 (VIOLATED)
i_soc.i_data_sram.u_sram.gen_bank[3].gen_512.u_macro/wmask0[2]    0.040000    0.165025   -0.125025 (VIOLATED)
i_soc.i_data_sram.u_sram.gen_bank[2].gen_512.u_macro/addr1[8]    0.040000    0.165018   -0.125018 (VIOLATED)
load_slew1052/A                         1.000000    1.124726   -0.124726 (VIOLATED)
i_soc.i_instr_sram.u_sram.gen_bank[3].gen_512.u_macro/wmask0[0]    0.040000    0.164698   -0.124698 (VIOLATED)
ANTENNA_load_slew1052_A/DIODE           1.000000    1.124663   -0.124663 (VIOLATED)
i_soc.i_instr_sram.u_sram.gen_bank[3].gen_512.u_macro/wmask0[3]    0.040000    0.164473   -0.124473 (VIOLATED)
i_soc.i_data_sram.u_sram.gen_bank[2].gen_512.u_macro/wmask0[1]    0.040000    0.164424   -0.124424 (VIOLATED)
i_soc.i_data_sram.u_sram.gen_bank[2].gen_512.u_macro/addr0[0]    0.040000    0.164292   -0.124292 (VIOLATED)
i_soc.i_data_sram.u_sram.gen_bank[3].gen_512.u_macro/wmask0[0]    0.040000    0.164156   -0.124156 (VIOLATED)
i_soc.i_data_sram.u_sram._32_/A2        1.000000    1.124120   -0.124120 (VIOLATED)
ANTENNA_i_soc.i_data_sram.u_sram._32__A2/DIODE    1.000000    1.124101   -0.124101 (VIOLATED)
i_soc.i_instr_sram.u_sram.gen_bank[3].gen_512.u_macro/wmask0[1]    0.040000    0.164039   -0.124039 (VIOLATED)
i_soc.i_data_sram.u_sram.gen_bank[3].gen_512.u_macro/addr0[0]    0.040000    0.163865   -0.123865 (VIOLATED)
i_soc.i_ai_sram.u_sram.gen_bank[4].gen_512.u_macro/din0[0]    1.000000    1.123587   -0.123587 (VIOLATED)
i_soc.i_ai_sram.u_sram._615_/A3         1.000000    1.123436   -0.123436 (VIOLATED)
ANTENNA_i_soc.i_ai_sram.u_sram._615__A3/DIODE    1.000000    1.123417   -0.123417 (VIOLATED)
i_soc.i_ai_sram.u_sram.gen_bank[6].gen_512.u_macro/din0[23]    1.000000    1.123144   -0.123144 (VIOLATED)
i_soc.i_instr_sram.u_sram.gen_bank[3].gen_512.u_macro/addr0[0]    0.040000    0.163114   -0.123114 (VIOLATED)
i_soc.i_ai_sram.u_sram.gen_bank[10].gen_512.u_macro/wmask0[3]    0.040000    0.163095   -0.123095 (VIOLATED)
ANTENNA_i_soc.i_data_sram._67__Q/DIODE    1.000000    1.122640   -0.122640 (VIOLATED)
i_soc.i_data_sram._67_/Q                1.000000    1.122633   -0.122633 (VIOLATED)
i_soc.i_instr_sram.u_sram.gen_bank[2].gen_512.u_macro/addr0[1]    0.040000    0.161249   -0.121249 (VIOLATED)
i_soc.i_ai_sram.u_sram.gen_bank[14].gen_512.u_macro/addr0[3]    0.040000    0.161204   -0.121204 (VIOLATED)
i_soc.i_ai_sram.u_sram.gen_bank[7].gen_512.u_macro/din0[27]    1.000000    1.121004   -0.121004 (VIOLATED)
i_soc.i_ai_sram.u_sram._733_/B          1.000000    1.120809   -0.120809 (VIOLATED)
ANTENNA_i_soc.i_ai_sram.u_sram._733__B/DIODE    1.000000    1.120808   -0.120807 (VIOLATED)
i_soc.i_data_sram.u_sram.gen_bank[0].gen_512.u_macro/addr1[8]    0.040000    0.160744   -0.120744 (VIOLATED)
i_soc.i_instr_sram.u_sram.gen_bank[2].gen_512.u_macro/addr0[0]    0.040000    0.160594   -0.120594 (VIOLATED)
i_soc.i_instr_sram.u_sram.gen_bank[2].gen_512.u_macro/addr1[7]    0.040000    0.160148   -0.120148 (VIOLATED)
load_slew971/A                          1.000000    1.119986   -0.119986 (VIOLATED)
i_soc.i_instr_sram.u_sram.gen_bank[2].gen_512.u_macro/wmask0[1]    0.040000    0.159985   -0.119985 (VIOLATED)
ANTENNA_load_slew971_A/DIODE            1.000000    1.119971   -0.119971 (VIOLATED)
i_soc.i_instr_sram.u_sram.gen_bank[2].gen_512.u_macro/wmask0[2]    0.040000    0.159886   -0.119886 (VIOLATED)
i_soc.i_cpu.core_i.id_stage_i.register_file_i._6384_/B    1.000000    1.119846   -0.119846 (VIOLATED)
ANTENNA_i_soc.i_cpu.core_i.id_stage_i.register_file_i._6384__B/DIODE    1.000000    1.119844   -0.119844 (VIOLATED)
i_soc.i_data_sram.u_sram.gen_bank[0].gen_512.u_macro/addr1[4]    0.040000    0.159839   -0.119839 (VIOLATED)
ANTENNA_i_soc.i_cpu.core_i.id_stage_i.register_file_i._6374__B/DIODE    1.000000    1.119831   -0.119831 (VIOLATED)
i_soc.i_cpu.core_i.id_stage_i.register_file_i._6374_/B    1.000000    1.119831   -0.119831 (VIOLATED)
ANTENNA_i_soc.i_cpu.core_i.id_stage_i.register_file_i._6388__B/DIODE    1.000000    1.119801   -0.119801 (VIOLATED)
i_soc.i_cpu.core_i.id_stage_i.register_file_i._6388_/B    1.000000    1.119792   -0.119792 (VIOLATED)
i_soc.i_cpu.core_i.id_stage_i.register_file_i._6394_/B    1.000000    1.119736   -0.119736 (VIOLATED)
ANTENNA_i_soc.i_cpu.core_i.id_stage_i.register_file_i._6394__B/DIODE    1.000000    1.119734   -0.119734 (VIOLATED)
i_soc.i_cpu.core_i.id_stage_i.register_file_i._6372_/B    1.000000    1.119724   -0.119724 (VIOLATED)
ANTENNA_i_soc.i_cpu.core_i.id_stage_i.register_file_i._6372__B/DIODE    1.000000    1.119722   -0.119722 (VIOLATED)
i_soc.i_cpu.core_i.id_stage_i.register_file_i._6368_/B    1.000000    1.119632   -0.119632 (VIOLATED)
ANTENNA_i_soc.i_cpu.core_i.id_stage_i.register_file_i._6368__B/DIODE    1.000000    1.119630   -0.119630 (VIOLATED)
ANTENNA_i_soc.i_cpu.core_i.id_stage_i.register_file_i._6386__B/DIODE    1.000000    1.119504   -0.119504 (VIOLATED)
i_soc.i_cpu.core_i.id_stage_i.register_file_i._6386_/B    1.000000    1.119504   -0.119504 (VIOLATED)
i_soc.i_cpu.core_i.id_stage_i.register_file_i._6380_/B    1.000000    1.119465   -0.119465 (VIOLATED)
ANTENNA_i_soc.i_cpu.core_i.id_stage_i.register_file_i._6380__B/DIODE    1.000000    1.119464   -0.119464 (VIOLATED)
ANTENNA_i_soc.i_cpu.core_i.id_stage_i.register_file_i._6378__B/DIODE    1.000000    1.119415   -0.119415 (VIOLATED)
i_soc.i_cpu.core_i.id_stage_i.register_file_i._6378_/B    1.000000    1.119415   -0.119415 (VIOLATED)
i_soc.i_ai_accel.u_conv_w_mem/addr1[7]    0.040000    0.159365   -0.119365 (VIOLATED)
ANTENNA_i_soc.i_cpu.core_i.id_stage_i.register_file_i._6365__B/DIODE    1.000000    1.119323   -0.119323 (VIOLATED)
i_soc.i_cpu.core_i.id_stage_i.register_file_i._6365_/B    1.000000    1.119304   -0.119304 (VIOLATED)
max_cap2298/A                           1.000000    1.119285   -0.119285 (VIOLATED)
ANTENNA_max_cap2298_A/DIODE             1.000000    1.119253   -0.119253 (VIOLATED)
ANTENNA_fanout2296_X/DIODE              1.000000    1.119214   -0.119214 (VIOLATED)
ANTENNA_i_soc.i_cpu.core_i.id_stage_i.register_file_i._6366__B1/DIODE    1.000000    1.119209   -0.119209 (VIOLATED)
ANTENNA_i_soc.i_cpu.core_i.id_stage_i.register_file_i._6364__C_N/DIODE    1.000000    1.119199   -0.119199 (VIOLATED)
fanout2296/X                            1.000000    1.119199   -0.119199 (VIOLATED)
i_soc.i_cpu.core_i.id_stage_i.register_file_i._6364_/C_N    1.000000    1.119199   -0.119199 (VIOLATED)
i_soc.i_cpu.core_i.id_stage_i.register_file_i._6366_/B1    1.000000    1.119199   -0.119199 (VIOLATED)
load_slew202/A                          1.000000    1.119176   -0.119176 (VIOLATED)
ANTENNA_load_slew202_A/DIODE            1.000000    1.119168   -0.119168 (VIOLATED)
i_soc.i_ai_sram.u_sram.gen_bank[5].gen_512.u_macro/addr1[1]    0.040000    0.159083   -0.119083 (VIOLATED)
i_soc.i_instr_sram.u_sram.gen_bank[2].gen_512.u_macro/wmask0[3]    0.040000    0.158978   -0.118978 (VIOLATED)
i_soc.i_instr_sram.u_sram.gen_bank[3].gen_512.u_macro/addr1[7]    0.040000    0.158970   -0.118970 (VIOLATED)
i_soc.i_ai_sram.u_sram.gen_bank[5].gen_512.u_macro/din0[22]    1.000000    1.118623   -0.118623 (VIOLATED)
i_soc.i_data_sram.u_sram.gen_bank[0].gen_512.u_macro/wmask0[2]    0.040000    0.158616   -0.118616 (VIOLATED)
i_soc.i_ai_accel.u_conv_w_mem/addr1[6]    0.040000    0.158586   -0.118586 (VIOLATED)
i_soc.i_data_sram.u_sram.gen_bank[0].gen_512.u_macro/addr0[5]    0.040000    0.158456   -0.118456 (VIOLATED)
i_soc.i_data_sram.u_sram.gen_bank[0].gen_512.u_macro/addr0[8]    0.040000    0.158369   -0.118369 (VIOLATED)
i_soc.i_ai_accel.u_input_mem/addr0[1]    0.040000    0.158225   -0.118225 (VIOLATED)
i_soc.i_ai_sram.u_sram.gen_bank[8].gen_512.u_macro/din0[26]    1.000000    1.117801   -0.117801 (VIOLATED)
load_slew1310/A                         1.000000    1.117797   -0.117797 (VIOLATED)
i_soc.i_instr_sram.u_sram.gen_bank[2].gen_512.u_macro/wmask0[0]    0.040000    0.157746   -0.117746 (VIOLATED)
ANTENNA_load_slew1310_A/DIODE           1.000000    1.117741   -0.117741 (VIOLATED)
i_soc.i_periph_decoder._1015_/A         1.000000    1.117731   -0.117731 (VIOLATED)
ANTENNA_i_soc.i_periph_decoder._1015__A/DIODE    1.000000    1.117731   -0.117731 (VIOLATED)
i_soc.i_periph_decoder._0715_/A         1.000000    1.117462   -0.117462 (VIOLATED)
ANTENNA_i_soc.i_periph_decoder._0715__A/DIODE    1.000000    1.117431   -0.117431 (VIOLATED)
i_soc.i_instr_sram.u_sram.gen_bank[0].gen_512.u_macro/addr1[7]    0.040000    0.157312   -0.117312 (VIOLATED)
i_soc.i_data_sram.u_sram.gen_bank[0].gen_512.u_macro/addr1[7]    0.040000    0.157258   -0.117258 (VIOLATED)
i_soc.i_periph_decoder._1215_/A         1.000000    1.117208   -0.117207 (VIOLATED)
ANTENNA_i_soc.i_periph_decoder._1215__A/DIODE    1.000000    1.117203   -0.117203 (VIOLATED)
i_soc.i_periph_decoder._0915_/A         1.000000    1.117034   -0.117034 (VIOLATED)
ANTENNA_i_soc.i_periph_decoder._0915__A/DIODE    1.000000    1.117031   -0.117031 (VIOLATED)
i_soc.i_ai_sram.u_sram.gen_bank[14].gen_512.u_macro/wmask0[3]    0.040000    0.156936   -0.116936 (VIOLATED)
i_soc.i_periph_decoder._0815_/A         1.000000    1.116900   -0.116900 (VIOLATED)
ANTENNA_i_soc.i_periph_decoder._0815__A/DIODE    1.000000    1.116846   -0.116846 (VIOLATED)
i_soc.i_ai_sram.u_sram.gen_bank[12].gen_512.u_macro/addr1[7]    0.040000    0.156438   -0.116438 (VIOLATED)
i_soc.i_periph_decoder._0615_/A         1.000000    1.116363   -0.116363 (VIOLATED)
i_soc.i_ai_sram.u_sram.gen_bank[2].gen_512.u_macro/wmask0[3]    0.040000    0.156354   -0.116354 (VIOLATED)
i_soc.i_ai_sram.u_sram.gen_bank[2].gen_512.u_macro/wmask0[2]    0.040000    0.156353   -0.116353 (VIOLATED)
ANTENNA_i_soc.i_periph_decoder._0615__A/DIODE    1.000000    1.116316   -0.116316 (VIOLATED)
i_soc.i_ai_sram.u_sram.gen_bank[14].gen_512.u_macro/addr0[2]    0.040000    0.156219   -0.116219 (VIOLATED)
i_soc.i_instr_sram.u_sram.gen_bank[1].gen_512.u_macro/addr1[6]    0.040000    0.156068   -0.116068 (VIOLATED)
i_soc.i_instr_sram.u_sram.gen_bank[0].gen_512.u_macro/addr0[1]    0.040000    0.155983   -0.115983 (VIOLATED)
i_soc.i_data_sram.u_sram.gen_bank[1].gen_512.u_macro/addr0[1]    0.040000    0.155787   -0.115787 (VIOLATED)
ANTENNA_i_soc.i_periph_decoder._1115__A/DIODE    1.000000    1.115757   -0.115758 (VIOLATED)
i_soc.i_periph_decoder._1115_/A         1.000000    1.115682   -0.115682 (VIOLATED)
ANTENNA_i_soc.i_ai_sram.u_sram.gen_bank[8].gen_512.u_macro_din0[17]/DIODE    1.000000    1.115628   -0.115628 (VIOLATED)
i_soc.i_ai_sram.u_sram.gen_bank[7].gen_512.u_macro/addr1[8]    0.040000    0.155605   -0.115605 (VIOLATED)
wire204/A                               1.000000    1.115466   -0.115466 (VIOLATED)
ANTENNA_wire204_A/DIODE                 1.000000    1.115460   -0.115460 (VIOLATED)
i_soc.i_ai_sram.u_sram.gen_bank[8].gen_512.u_macro/din0[8]    1.000000    1.115293   -0.115293 (VIOLATED)
i_soc.i_ai_sram.u_sram.gen_bank[11].gen_512.u_macro/addr1[8]    0.040000    0.155221   -0.115221 (VIOLATED)
i_soc.i_ai_sram.u_sram.gen_bank[6].gen_512.u_macro/addr1[8]    0.040000    0.155178   -0.115178 (VIOLATED)
i_soc.i_instr_sram.u_sram.gen_bank[0].gen_512.u_macro/addr1[8]    0.040000    0.155112   -0.115112 (VIOLATED)
i_soc.i_instr_sram.u_sram.gen_bank[1].gen_512.u_macro/addr1[7]    0.040000    0.155100   -0.115100 (VIOLATED)
ANTENNA_i_soc.i_cpu.core_i.ex_stage_i.mult_i._20245__A2/DIODE    1.000000    1.115095   -0.115095 (VIOLATED)
i_soc.i_cpu.core_i.ex_stage_i.mult_i._20245_/A2    1.000000    1.115089   -0.115089 (VIOLATED)
i_soc.i_data_sram.u_sram.gen_bank[0].gen_512.u_macro/wmask0[0]    0.040000    0.155087   -0.115087 (VIOLATED)
i_soc.i_cpu.core_i.ex_stage_i.mult_i._19786_/A    1.000000    1.115081   -0.115081 (VIOLATED)
ANTENNA_i_soc.i_cpu.core_i.ex_stage_i.mult_i._19786__A/DIODE    1.000000    1.115075   -0.115075 (VIOLATED)
ANTENNA_i_soc.i_cpu.core_i.ex_stage_i.mult_i._20248__A2/DIODE    1.000000    1.115038   -0.115038 (VIOLATED)
i_soc.i_cpu.core_i.ex_stage_i.mult_i._20248_/A2    1.000000    1.115002   -0.115002 (VIOLATED)
wire1695/A                              1.000000    1.114998   -0.114998 (VIOLATED)
ANTENNA_wire1695_A/DIODE                1.000000    1.114984   -0.114984 (VIOLATED)
ANTENNA_i_soc.i_cpu.core_i.ex_stage_i.mult_i._19589__B/DIODE    1.000000    1.114972   -0.114972 (VIOLATED)
i_soc.i_cpu.core_i.ex_stage_i.mult_i._19590_/B2    1.000000    1.114963   -0.114963 (VIOLATED)
ANTENNA_i_soc.i_cpu.core_i.ex_stage_i.mult_i._19590__B2/DIODE    1.000000    1.114962   -0.114962 (VIOLATED)
i_soc.i_cpu.core_i.ex_stage_i.mult_i._19589_/B    1.000000    1.114944   -0.114944 (VIOLATED)
i_soc.i_ai_sram.u_sram.gen_bank[2].gen_512.u_macro/din0[8]    1.000000    1.114932   -0.114932 (VIOLATED)
ANTENNA_i_soc.i_axi_lite_bridge._074__X/DIODE    1.000000    1.114921   -0.114921 (VIOLATED)
i_soc.i_cpu.core_i.ex_stage_i.mult_i._19193_/B2    1.000000    1.114904   -0.114904 (VIOLATED)
i_soc.i_axi_lite_bridge._074_/X         1.000000    1.114896   -0.114896 (VIOLATED)
ANTENNA_i_soc.i_cpu.core_i.ex_stage_i.mult_i._19193__B2/DIODE    1.000000    1.114889   -0.114889 (VIOLATED)
i_soc.i_cpu.core_i.ex_stage_i.mult_i._19192_/B    1.000000    1.114880   -0.114880 (VIOLATED)
ANTENNA_i_soc.i_cpu.core_i.ex_stage_i.mult_i._19192__B/DIODE    1.000000    1.114870   -0.114870 (VIOLATED)
i_soc.i_ai_sram.u_sram.gen_bank[10].gen_512.u_macro/addr0[1]    0.040000    0.154733   -0.114733 (VIOLATED)
i_soc.i_ai_sram.u_sram.gen_bank[6].gen_512.u_macro/addr0[0]    0.040000    0.154672   -0.114672 (VIOLATED)
i_soc.i_cpu.core_i.ex_stage_i.mult_i._15916_/B2    1.000000    1.114628   -0.114628 (VIOLATED)
ANTENNA_i_soc.i_cpu.core_i.ex_stage_i.mult_i._15916__B2/DIODE    1.000000    1.114626   -0.114626 (VIOLATED)
i_soc.i_cpu.core_i.ex_stage_i.mult_i._18773_/B    1.000000    1.114493   -0.114493 (VIOLATED)
ANTENNA_i_soc.i_cpu.core_i.ex_stage_i.mult_i._18773__B/DIODE    1.000000    1.114475   -0.114475 (VIOLATED)
i_soc.i_ai_accel.u_conv_w_mem/addr0[1]    0.040000    0.154416   -0.114416 (VIOLATED)
i_soc.i_data_sram.u_sram.gen_bank[0].gen_512.u_macro/wmask0[3]    0.040000    0.154413   -0.114413 (VIOLATED)
i_soc.i_cpu.core_i.ex_stage_i.mult_i._18774_/B2    1.000000    1.114406   -0.114406 (VIOLATED)
ANTENNA_i_soc.i_cpu.core_i.ex_stage_i.mult_i._18774__B2/DIODE    1.000000    1.114309   -0.114309 (VIOLATED)
i_soc.i_data_sram.u_sram.gen_bank[1].gen_512.u_macro/wmask0[1]    0.040000    0.154156   -0.114156 (VIOLATED)
i_soc.i_data_sram.u_sram.gen_bank[0].gen_512.u_macro/addr1[6]    0.040000    0.154140   -0.114140 (VIOLATED)
i_soc.i_cpu.core_i.ex_stage_i.mult_i._14926_/A_N    1.000000    1.114110   -0.114110 (VIOLATED)
ANTENNA_i_soc.i_cpu.core_i.ex_stage_i.mult_i._14926__A_N/DIODE    1.000000    1.114099   -0.114099 (VIOLATED)
i_soc.i_ai_sram.u_sram.gen_bank[5].gen_512.u_macro/addr1[7]    0.040000    0.154082   -0.114082 (VIOLATED)
i_soc.i_ai_sram.u_sram.gen_bank[9].gen_512.u_macro/addr1[7]    0.040000    0.154045   -0.114045 (VIOLATED)
i_soc.i_ai_sram.u_sram.gen_bank[13].gen_512.u_macro/din0[29]    1.000000    1.113920   -0.113920 (VIOLATED)
i_soc.i_data_sram.u_sram.gen_bank[1].gen_512.u_macro/addr0[3]    0.040000    0.153886   -0.113886 (VIOLATED)
i_soc.i_data_sram.u_sram.gen_bank[0].gen_512.u_macro/addr0[4]    0.040000    0.153847   -0.113847 (VIOLATED)
i_soc.i_data_sram.u_sram.gen_bank[0].gen_512.u_macro/addr0[3]    0.040000    0.153828   -0.113828 (VIOLATED)
i_soc.i_ai_sram.u_sram.gen_bank[14].gen_512.u_macro/addr0[0]    0.040000    0.153822   -0.113822 (VIOLATED)
ANTENNA_i_soc.i_ai_sram.u_sram._574__X/DIODE    1.000000    1.113810   -0.113810 (VIOLATED)
i_soc.i_cpu.core_i.ex_stage_i.mult_i._18414_/B    1.000000    1.113788   -0.113788 (VIOLATED)
i_soc.i_ai_sram.u_sram._574_/X          1.000000    1.113755   -0.113755 (VIOLATED)
ANTENNA_i_soc.i_ai_sram.u_sram.gen_bank[4].gen_512.u_macro_din0[11]/DIODE    1.000000    1.113680   -0.113680 (VIOLATED)
load_slew1826/A                         1.000000    1.113635   -0.113635 (VIOLATED)
ANTENNA_load_slew1826_A/DIODE           1.000000    1.113623   -0.113623 (VIOLATED)
ANTENNA_i_soc.i_cpu.core_i.ex_stage_i.mult_i._18414__B/DIODE    1.000000    1.113559   -0.113559 (VIOLATED)
i_soc.i_data_sram.u_sram.gen_bank[0].gen_512.u_macro/addr0[1]    0.040000    0.153456   -0.113456 (VIOLATED)
i_soc.i_cpu.core_i.ex_stage_i.mult_i._18415_/B2    1.000000    1.113443   -0.113443 (VIOLATED)
ANTENNA_i_soc.i_cpu.core_i.ex_stage_i.mult_i._18415__B2/DIODE    1.000000    1.113294   -0.113294 (VIOLATED)
i_soc.i_instr_sram.u_sram.gen_bank[1].gen_512.u_macro/addr1[8]    0.040000    0.153035   -0.113035 (VIOLATED)
i_soc.i_ai_sram.u_sram.gen_bank[7].gen_512.u_macro/din0[12]    1.000000    1.112979   -0.112979 (VIOLATED)
i_soc.i_data_sram.u_sram.gen_bank[0].gen_512.u_macro/addr0[2]    0.040000    0.152955   -0.112955 (VIOLATED)
i_soc.i_ai_sram.u_sram.gen_bank[0].gen_512.u_macro/addr0[0]    0.040000    0.152929   -0.112929 (VIOLATED)
i_soc.i_data_sram.u_sram.gen_bank[0].gen_512.u_macro/wmask0[1]    0.040000    0.152893   -0.112893 (VIOLATED)
i_soc.i_cpu.core_i.ex_stage_i.mult_i._18098_/B    1.000000    1.112885   -0.112885 (VIOLATED)
ANTENNA_i_soc.i_cpu.core_i.ex_stage_i.mult_i._18098__B/DIODE    1.000000    1.112885   -0.112885 (VIOLATED)
i_soc.i_instr_sram.u_sram.gen_bank[0].gen_512.u_macro/wmask0[2]    0.040000    0.152864   -0.112864 (VIOLATED)
i_soc.i_cpu.core_i.ex_stage_i.mult_i._18097_/B2    1.000000    1.112806   -0.112806 (VIOLATED)
i_soc.i_ai_accel.u_input_mem/addr0[7]    0.040000    0.152803   -0.112803 (VIOLATED)
i_soc.i_ai_sram.u_sram.gen_bank[0].gen_512.u_macro/addr0[1]    0.040000    0.152777   -0.112777 (VIOLATED)
ANTENNA_i_soc.i_cpu.core_i.ex_stage_i.mult_i._18097__B2/DIODE    1.000000    1.112633   -0.112633 (VIOLATED)
i_soc.i_instr_sram.u_sram.gen_bank[0].gen_512.u_macro/addr0[0]    0.040000    0.152631   -0.112631 (VIOLATED)
i_soc.i_data_sram.u_sram.gen_bank[1].gen_512.u_macro/addr0[5]    0.040000    0.152623   -0.112623 (VIOLATED)
load_slew203/A                          1.000000    1.112597   -0.112597 (VIOLATED)
ANTENNA_load_slew203_A/DIODE            1.000000    1.112596   -0.112596 (VIOLATED)
i_soc.i_data_sram.u_sram.gen_bank[0].gen_512.u_macro/addr0[0]    0.040000    0.152483   -0.112483 (VIOLATED)
ANTENNA_i_soc.i_crossbar._0863__X/DIODE    1.000000    1.112439   -0.112439 (VIOLATED)
i_soc.i_crossbar._0863_/X               1.000000    1.112422   -0.112422 (VIOLATED)
i_soc.i_data_sram.u_sram.gen_bank[1].gen_512.u_macro/wmask0[0]    0.040000    0.152410   -0.112410 (VIOLATED)
wire4393/A                              1.000000    1.112409   -0.112410 (VIOLATED)
ANTENNA_wire4393_A/DIODE                1.000000    1.112405   -0.112405 (VIOLATED)
i_soc.i_cpu.core_i.ex_stage_i.mult_i._17800_/B2    1.000000    1.112305   -0.112305 (VIOLATED)
i_soc.i_ai_sram.u_sram.gen_bank[8].gen_512.u_macro/din0[22]    1.000000    1.112300   -0.112300 (VIOLATED)
i_soc.i_cpu.core_i.ex_stage_i.mult_i._17799_/B    1.000000    1.112291   -0.112291 (VIOLATED)
i_soc.i_instr_sram.u_sram.gen_bank[2].gen_512.u_macro/addr1[0]    0.040000    0.152263   -0.112263 (VIOLATED)
ANTENNA_i_soc.i_qspi._14039__A1/DIODE    1.000000    1.112261   -0.112261 (VIOLATED)
i_soc.i_qspi._14039_/A1                 1.000000    1.112261   -0.112261 (VIOLATED)
ANTENNA_i_soc.i_cpu.core_i.ex_stage_i.mult_i._17799__B/DIODE    1.000000    1.112259   -0.112259 (VIOLATED)
ANTENNA_i_soc.i_qspi._14006__A1/DIODE    1.000000    1.112258   -0.112258 (VIOLATED)
i_soc.i_qspi._14006_/A1                 1.000000    1.112258   -0.112258 (VIOLATED)
ANTENNA_i_soc.i_qspi._13907__A1/DIODE    1.000000    1.112251   -0.112251 (VIOLATED)
i_soc.i_qspi._13907_/A1                 1.000000    1.112246   -0.112246 (VIOLATED)
i_soc.i_qspi._13874_/A1                 1.000000    1.112240   -0.112240 (VIOLATED)
ANTENNA_i_soc.i_qspi._13874__A1/DIODE    1.000000    1.112236   -0.112236 (VIOLATED)
ANTENNA_i_soc.i_qspi._14337__A1/DIODE    1.000000    1.112234   -0.112234 (VIOLATED)
i_soc.i_instr_sram.u_sram.gen_bank[1].gen_512.u_macro/addr1[2]    0.040000    0.152232   -0.112232 (VIOLATED)
ANTENNA_i_soc.i_qspi._14271__A1/DIODE    1.000000    1.112227   -0.112227 (VIOLATED)
i_soc.i_qspi._14238_/A1                 1.000000    1.112222   -0.112222 (VIOLATED)
ANTENNA_i_soc.i_qspi._14238__A1/DIODE    1.000000    1.112221   -0.112221 (VIOLATED)
i_soc.i_qspi._14172_/A1                 1.000000    1.112220   -0.112220 (VIOLATED)
ANTENNA_i_soc.i_qspi._14172__A1/DIODE    1.000000    1.112219   -0.112219 (VIOLATED)
i_soc.i_qspi._14271_/A1                 1.000000    1.112218   -0.112218 (VIOLATED)
ANTENNA_i_soc.i_qspi._14205__A1/DIODE    1.000000    1.112216   -0.112216 (VIOLATED)
i_soc.i_qspi._14205_/A1                 1.000000    1.112211   -0.112211 (VIOLATED)
i_soc.i_qspi._14337_/A1                 1.000000    1.112208   -0.112208 (VIOLATED)
i_soc.i_qspi._14403_/A1                 1.000000    1.112191   -0.112191 (VIOLATED)
ANTENNA_i_soc.i_qspi._14370__A1/DIODE    1.000000    1.112188   -0.112188 (VIOLATED)
i_soc.i_qspi._14370_/A1                 1.000000    1.112185   -0.112185 (VIOLATED)
ANTENNA_i_soc.i_qspi._14403__A1/DIODE    1.000000    1.112175   -0.112174 (VIOLATED)
i_soc.i_qspi._14304_/A1                 1.000000    1.112167   -0.112167 (VIOLATED)
ANTENNA_i_soc.i_qspi._14304__A1/DIODE    1.000000    1.112166   -0.112166 (VIOLATED)
ANTENNA_i_soc.i_cpu.core_i.ex_stage_i.mult_i._17800__B2/DIODE    1.000000    1.112161   -0.112161 (VIOLATED)
i_soc.i_qspi._13940_/A1                 1.000000    1.112106   -0.112106 (VIOLATED)
i_soc.i_ai_sram.u_sram.gen_bank[7].gen_512.u_macro/din0[15]    1.000000    1.112085   -0.112085 (VIOLATED)
ANTENNA_i_soc.i_qspi._13940__A1/DIODE    1.000000    1.112062   -0.112062 (VIOLATED)
ANTENNA_fanout4392_X/DIODE              1.000000    1.112032   -0.112032 (VIOLATED)
ANTENNA_i_soc.i_qspi._14072__A1/DIODE    1.000000    1.112032   -0.112032 (VIOLATED)
i_soc.i_ai_sram.u_sram.gen_bank[10].gen_512.u_macro/addr1[8]    0.040000    0.152016   -0.112016 (VIOLATED)
i_soc.i_qspi._13973_/A1                 1.000000    1.112016   -0.112016 (VIOLATED)
i_soc.i_qspi._14105_/A1                 1.000000    1.112014   -0.112014 (VIOLATED)
ANTENNA_i_soc.i_qspi._14105__A1/DIODE    1.000000    1.112013   -0.112013 (VIOLATED)
ANTENNA_i_soc.i_qspi._13973__A1/DIODE    1.000000    1.112002   -0.112002 (VIOLATED)
i_soc.i_qspi._14072_/A1                 1.000000    1.111986   -0.111986 (VIOLATED)
fanout4392/X                            1.000000    1.111985   -0.111985 (VIOLATED)
i_soc.i_ai_accel.u_conv_w_mem/addr0[2]    0.040000    0.151884   -0.111884 (VIOLATED)
i_soc.i_data_sram.u_sram.gen_bank[0].gen_512.u_macro/addr0[6]    0.040000    0.151867   -0.111867 (VIOLATED)
ANTENNA_i_soc.i_ai_sram.u_sram.gen_bank[0].gen_512.u_macro_din0[9]/DIODE    1.000000    1.111863   -0.111863 (VIOLATED)
wire1703/A                              1.000000    1.111838   -0.111838 (VIOLATED)
i_soc.i_data_sram.u_sram.gen_bank[0].gen_512.u_macro/addr1[5]    0.040000    0.151787   -0.111787 (VIOLATED)
i_soc.i_ai_accel.u_conv_w_mem/addr1[4]    0.040000    0.151783   -0.111783 (VIOLATED)
load_slew1050/A                         1.000000    1.111757   -0.111757 (VIOLATED)
i_soc.i_ai_sram.u_sram.gen_bank[2].gen_512.u_macro/wmask0[1]    0.040000    0.151756   -0.111756 (VIOLATED)
ANTENNA_wire1703_A/DIODE                1.000000    1.111746   -0.111746 (VIOLATED)
i_soc.i_ai_sram.u_sram.gen_bank[3].gen_512.u_macro/addr0[1]    0.040000    0.151726   -0.111726 (VIOLATED)
i_soc.i_ai_accel.u_input_mem/addr1[5]    0.040000    0.151717   -0.111717 (VIOLATED)
i_soc.i_ai_accel.u_input_mem/addr1[6]    0.040000    0.151708   -0.111708 (VIOLATED)
ANTENNA_load_slew1050_A/DIODE           1.000000    1.111692   -0.111692 (VIOLATED)
ANTENNA_i_soc.i_cpu.core_i.ex_stage_i.mult_i._17513__B/DIODE    1.000000    1.111675   -0.111675 (VIOLATED)
clone9108/A1                            1.000000    1.111610   -0.111610 (VIOLATED)
clone9104/A1                            1.000000    1.111599   -0.111599 (VIOLATED)
i_soc.i_cpu.core_i.ex_stage_i.mult_i._17513_/B    1.000000    1.111570   -0.111570 (VIOLATED)
i_soc.i_cpu.core_i.ex_stage_i.mult_i._17514_/B2    1.000000    1.111502   -0.111502 (VIOLATED)
i_soc.i_instr_sram.u_sram.gen_bank[1].gen_512.u_macro/addr1[0]    0.040000    0.151499   -0.111499 (VIOLATED)
load_slew1042/A                         1.000000    1.111495   -0.111495 (VIOLATED)
ANTENNA_i_soc.i_cpu.core_i.ex_stage_i.mult_i._17514__B2/DIODE    1.000000    1.111480   -0.111480 (VIOLATED)
ANTENNA_load_slew1042_A/DIODE           1.000000    1.111422   -0.111422 (VIOLATED)
i_soc.i_cpu.core_i.ex_stage_i.mult_i._17234_/A    1.000000    1.111396   -0.111396 (VIOLATED)
i_soc.i_cpu.core_i.ex_stage_i.mult_i._14757_/A1    1.000000    1.111381   -0.111381 (VIOLATED)
i_soc.i_cpu.core_i.ex_stage_i.mult_i._14758_/A1    1.000000    1.111376   -0.111376 (VIOLATED)
ANTENNA_i_soc.i_cpu.core_i.ex_stage_i.mult_i._14757__A1/DIODE    1.000000    1.111375   -0.111375 (VIOLATED)
i_soc.i_data_sram.u_sram.gen_bank[1].gen_512.u_macro/addr0[0]    0.040000    0.151363   -0.111363 (VIOLATED)
ANTENNA_i_soc.i_cpu.core_i.ex_stage_i.mult_i._14758__A1/DIODE    1.000000    1.111339   -0.111339 (VIOLATED)
i_soc.i_instr_sram.u_sram.gen_bank[1].gen_512.u_macro/addr1[4]    0.040000    0.151324   -0.111324 (VIOLATED)
ANTENNA_i_soc.i_cpu.core_i.ex_stage_i.mult_i._17234__A/DIODE    1.000000    1.111312   -0.111312 (VIOLATED)
i_soc.i_cpu.core_i.ex_stage_i.mult_i._17233_/A1    1.000000    1.111284   -0.111284 (VIOLATED)
i_soc.i_ai_sram.u_sram.gen_bank[6].gen_512.u_macro/addr1[1]    0.040000    0.151258   -0.111258 (VIOLATED)
i_soc.i_ai_sram.u_sram.gen_bank[13].gen_512.u_macro/addr1[7]    0.040000    0.151242   -0.111242 (VIOLATED)
i_soc.i_instr_sram.u_sram.gen_bank[0].gen_512.u_macro/wmask0[1]    0.040000    0.151237   -0.111237 (VIOLATED)
ANTENNA_i_soc.i_cpu.core_i.ex_stage_i.mult_i._17233__A1/DIODE    1.000000    1.111145   -0.111145 (VIOLATED)
i_soc.i_data_sram.u_sram.gen_bank[1].gen_512.u_macro/wmask0[2]    0.040000    0.151106   -0.111106 (VIOLATED)
i_soc.i_instr_sram.u_sram.gen_bank[3].gen_512.u_macro/addr1[0]    0.040000    0.151070   -0.111070 (VIOLATED)
i_soc.i_ai_sram.u_sram._630_/A2         1.000000    1.111046   -0.111046 (VIOLATED)
ANTENNA_i_soc.i_ai_sram.u_sram._630__A2/DIODE    1.000000    1.111043   -0.111043 (VIOLATED)
i_soc.i_ai_sram.u_sram.gen_bank[10].gen_512.u_macro/addr1[7]    0.040000    0.150978   -0.110978 (VIOLATED)
i_soc.i_ai_sram.u_sram.gen_bank[2].gen_512.u_macro/wmask0[0]    0.040000    0.150970   -0.110970 (VIOLATED)
i_soc.i_cpu.core_i.ex_stage_i.mult_i._14927_/A_N    1.000000    1.110960   -0.110960 (VIOLATED)
ANTENNA_i_soc.i_cpu.core_i.ex_stage_i.mult_i._14927__A_N/DIODE    1.000000    1.110947   -0.110946 (VIOLATED)
i_soc.i_ai_sram.u_sram.gen_bank[7].gen_512.u_macro/addr1[2]    0.040000    0.150888   -0.110888 (VIOLATED)
i_soc.i_ai_sram.u_sram.gen_bank[12].gen_512.u_macro/addr1[8]    0.040000    0.150870   -0.110870 (VIOLATED)
i_soc.i_data_sram.u_sram.gen_bank[0].gen_512.u_macro/addr1[3]    0.040000    0.150862   -0.110862 (VIOLATED)
i_soc.i_crossbar._0246_/A0              1.000000    1.110829   -0.110828 (VIOLATED)
ANTENNA_i_soc.i_crossbar._0246__A0/DIODE    1.000000    1.110828   -0.110828 (VIOLATED)
i_soc.i_ai_sram.u_sram.gen_bank[10].gen_512.u_macro/wmask0[1]    0.040000    0.150819   -0.110820 (VIOLATED)
i_soc.i_data_sram.u_sram.gen_bank[1].gen_512.u_macro/wmask0[3]    0.040000    0.150729   -0.110729 (VIOLATED)
i_soc.i_instr_sram.u_sram.gen_bank[1].gen_512.u_macro/addr1[3]    0.040000    0.150663   -0.110663 (VIOLATED)
ANTENNA_i_soc.i_cpu.core_i.id_stage_i._3429__A0/DIODE    1.000000    1.110654   -0.110654 (VIOLATED)
i_soc.i_instr_sram.u_sram.gen_bank[0].gen_512.u_macro/wmask0[3]    0.040000    0.150621   -0.110621 (VIOLATED)
i_soc.i_cpu.core_i.id_stage_i._3429_/A0    1.000000    1.110608   -0.110608 (VIOLATED)
i_soc.i_ai_sram.u_sram.gen_bank[10].gen_512.u_macro/addr0[4]    0.040000    0.150582   -0.110582 (VIOLATED)
ANTENNA_i_soc.i_cpu.core_i.id_stage_i._3885__Q/DIODE    1.000000    1.110575   -0.110575 (VIOLATED)
i_soc.i_ai_sram.u_sram.gen_bank[3].gen_512.u_macro/wmask0[0]    0.040000    0.150570   -0.110570 (VIOLATED)
i_soc.i_cpu.core_i.id_stage_i._3885_/Q    1.000000    1.110570   -0.110570 (VIOLATED)
i_soc.i_ai_sram.u_sram.gen_bank[4].gen_512.u_macro/addr0[0]    0.040000    0.150567   -0.110567 (VIOLATED)
i_soc.i_data_sram.u_sram.gen_bank[1].gen_512.u_macro/addr0[2]    0.040000    0.150547   -0.110547 (VIOLATED)
i_soc.i_ai_sram.u_sram.gen_bank[10].gen_512.u_macro/addr1[4]    0.040000    0.150486   -0.110486 (VIOLATED)
i_soc.i_ai_sram.u_sram.gen_bank[7].gen_512.u_macro/addr1[6]    0.040000    0.150416   -0.110416 (VIOLATED)
i_soc.i_ai_sram.u_sram.gen_bank[7].gen_512.u_macro/addr1[4]    0.040000    0.150371   -0.110371 (VIOLATED)
i_soc.i_ai_sram.u_sram.gen_bank[4].gen_512.u_macro/addr0[8]    0.040000    0.150349   -0.110349 (VIOLATED)
i_soc.i_ai_sram.u_sram.gen_bank[8].gen_512.u_macro/din0[3]    1.000000    1.110344   -0.110344 (VIOLATED)
i_soc.i_ai_accel.u_input_mem/addr0[4]    0.040000    0.150337   -0.110337 (VIOLATED)
i_soc.i_instr_sram.u_sram.gen_bank[1].gen_512.u_macro/addr1[5]    0.040000    0.150324   -0.110324 (VIOLATED)
i_soc.i_ai_sram.u_sram.gen_bank[1].gen_512.u_macro/addr1[0]    0.040000    0.150322   -0.110322 (VIOLATED)
i_soc.i_data_sram.u_sram.gen_bank[1].gen_512.u_macro/addr0[4]    0.040000    0.150227   -0.110227 (VIOLATED)
i_soc.i_ai_sram.u_sram.gen_bank[6].gen_512.u_macro/wmask0[1]    0.040000    0.150132   -0.110132 (VIOLATED)
i_soc.i_ai_sram.u_sram.gen_bank[10].gen_512.u_macro/addr1[6]    0.040000    0.150116   -0.110116 (VIOLATED)
i_soc.i_instr_sram.u_sram.gen_bank[2].gen_512.u_macro/addr1[1]    0.040000    0.150097   -0.110097 (VIOLATED)
i_soc.i_ai_accel.u_input_mem/addr0[6]    0.040000    0.150052   -0.110052 (VIOLATED)
i_soc.i_ai_sram.u_sram.gen_bank[5].gen_512.u_macro/addr1[8]    0.040000    0.150016   -0.110016 (VIOLATED)
i_soc.i_data_sram.u_sram.gen_bank[1].gen_512.u_macro/addr0[7]    0.040000    0.150009   -0.110009 (VIOLATED)
i_soc.i_ai_accel.u_conv_out.gen_bank[0].gen_512.u_macro/addr0[8]    0.040000    0.149991   -0.109991 (VIOLATED)
i_soc.i_ai_sram.u_sram.gen_bank[4].gen_512.u_macro/addr0[1]    0.040000    0.149968   -0.109968 (VIOLATED)
i_soc.i_ai_sram.u_sram.gen_bank[8].gen_512.u_macro/addr0[5]    0.040000    0.149902   -0.109902 (VIOLATED)
i_soc.i_ai_sram.u_sram.gen_bank[4].gen_512.u_macro/addr1[7]    0.040000    0.149871   -0.109871 (VIOLATED)
i_soc.i_ai_sram.u_sram.gen_bank[14].gen_512.u_macro/wmask0[1]    0.040000    0.149869   -0.109869 (VIOLATED)
i_soc.i_ai_sram.u_sram.gen_bank[7].gen_512.u_macro/addr1[0]    0.040000    0.149861   -0.109862 (VIOLATED)
i_soc.i_ai_sram.u_sram.gen_bank[10].gen_512.u_macro/addr0[7]    0.040000    0.149820   -0.109820 (VIOLATED)
i_soc.i_instr_sram.u_sram.gen_bank[3].gen_512.u_macro/addr1[1]    0.040000    0.149775   -0.109775 (VIOLATED)
i_soc.i_data_sram.u_sram.gen_bank[1].gen_512.u_macro/addr0[6]    0.040000    0.149763   -0.109763 (VIOLATED)
i_soc.i_ai_sram.u_sram.gen_bank[3].gen_512.u_macro/wmask0[2]    0.040000    0.149759   -0.109759 (VIOLATED)
i_soc.i_ai_sram.u_sram.gen_bank[14].gen_512.u_macro/addr0[4]    0.040000    0.149739   -0.109739 (VIOLATED)
i_soc.i_ai_sram.u_sram.gen_bank[14].gen_512.u_macro/addr1[7]    0.040000    0.149727   -0.109727 (VIOLATED)
i_soc.i_ai_sram.u_sram.gen_bank[9].gen_512.u_macro/addr1[8]    0.040000    0.149708   -0.109708 (VIOLATED)
i_soc.i_ai_sram.u_sram.gen_bank[12].gen_512.u_macro/addr1[4]    0.040000    0.149670   -0.109670 (VIOLATED)
i_soc.i_ai_sram.u_sram.gen_bank[6].gen_512.u_macro/addr1[2]    0.040000    0.149600   -0.109600 (VIOLATED)
i_soc.i_ai_sram.u_sram.gen_bank[4].gen_512.u_macro/addr1[3]    0.040000    0.149537   -0.109537 (VIOLATED)
i_soc.i_ai_sram.u_sram.gen_bank[14].gen_512.u_macro/addr1[8]    0.040000    0.149516   -0.109516 (VIOLATED)
i_soc.i_ai_sram.u_sram.gen_bank[0].gen_512.u_macro/wmask0[2]    0.040000    0.149490   -0.109490 (VIOLATED)
i_soc.i_ai_sram.u_sram.gen_bank[11].gen_512.u_macro/addr1[4]    0.040000    0.149471   -0.109471 (VIOLATED)
i_soc.i_instr_sram.u_sram.gen_bank[0].gen_512.u_macro/addr0[3]    0.040000    0.149464   -0.109464 (VIOLATED)
i_soc.i_ai_sram.u_sram.gen_bank[4].gen_512.u_macro/addr1[6]    0.040000    0.149452   -0.109452 (VIOLATED)
i_soc.i_ai_sram.u_sram.gen_bank[0].gen_512.u_macro/wmask0[1]    0.040000    0.149423   -0.109423 (VIOLATED)
i_soc.i_ai_sram.u_sram.gen_bank[5].gen_512.u_macro/addr1[0]    0.040000    0.149411   -0.109411 (VIOLATED)
i_soc.i_ai_sram.u_sram.gen_bank[14].gen_512.u_macro/wmask0[2]    0.040000    0.149375   -0.109375 (VIOLATED)
i_soc.i_instr_sram.u_sram.gen_bank[0].gen_512.u_macro/wmask0[0]    0.040000    0.149348   -0.109348 (VIOLATED)
i_soc.i_ai_sram.u_sram.gen_bank[4].gen_512.u_macro/addr0[4]    0.040000    0.149347   -0.109347 (VIOLATED)
i_soc.i_ai_sram.u_sram.gen_bank[11].gen_512.u_macro/addr1[6]    0.040000    0.149342   -0.109342 (VIOLATED)
i_soc.i_ai_sram.u_sram.gen_bank[13].gen_512.u_macro/addr1[8]    0.040000    0.149277   -0.109277 (VIOLATED)
i_soc.i_ai_sram.u_sram.gen_bank[0].gen_512.u_macro/wmask0[0]    0.040000    0.149269   -0.109269 (VIOLATED)
i_soc.i_ai_sram.u_sram.gen_bank[3].gen_512.u_macro/wmask0[3]    0.040000    0.149268   -0.109268 (VIOLATED)
i_soc.i_data_sram.u_sram.gen_bank[1].gen_512.u_macro/addr1[8]    0.040000    0.149235   -0.109235 (VIOLATED)
i_soc.i_instr_sram.u_sram.gen_bank[0].gen_512.u_macro/addr1[4]    0.040000    0.149233   -0.109233 (VIOLATED)
i_soc.i_ai_sram.u_sram.gen_bank[14].gen_512.u_macro/addr0[6]    0.040000    0.149222   -0.109222 (VIOLATED)
i_soc.i_ai_sram.u_sram.gen_bank[3].gen_512.u_macro/addr0[0]    0.040000    0.149220   -0.109220 (VIOLATED)
i_soc.i_ai_sram.u_sram.gen_bank[8].gen_512.u_macro/addr0[8]    0.040000    0.149220   -0.109220 (VIOLATED)
i_soc.i_ai_sram.u_sram.gen_bank[8].gen_512.u_macro/addr1[7]    0.040000    0.149204   -0.109204 (VIOLATED)
ANTENNA_i_soc.i_data_sram._58__Q/DIODE    1.000000    1.109187   -0.109187 (VIOLATED)
i_soc.i_ai_sram.u_sram.gen_bank[12].gen_512.u_macro/addr1[0]    0.040000    0.149181   -0.109181 (VIOLATED)
i_soc.i_data_sram._58_/Q                1.000000    1.109181   -0.109181 (VIOLATED)
i_soc.i_instr_sram.u_sram.gen_bank[1].gen_512.u_macro/wmask0[0]    0.040000    0.149056   -0.109056 (VIOLATED)
i_soc.i_ai_sram.u_sram.gen_bank[8].gen_512.u_macro/addr0[6]    0.040000    0.149037   -0.109037 (VIOLATED)
i_soc.i_ai_sram.u_sram.gen_bank[8].gen_512.u_macro/addr1[6]    0.040000    0.149033   -0.109033 (VIOLATED)
i_soc.i_ai_sram.u_sram.gen_bank[3].gen_512.u_macro/wmask0[1]    0.040000    0.148990   -0.108990 (VIOLATED)
i_soc.i_instr_sram.u_sram.gen_bank[1].gen_512.u_macro/wmask0[2]    0.040000    0.148978   -0.108978 (VIOLATED)
i_soc.i_instr_sram.u_sram.gen_bank[0].gen_512.u_macro/addr1[5]    0.040000    0.148972   -0.108972 (VIOLATED)
i_soc.i_ai_sram.u_sram.gen_bank[14].gen_512.u_macro/wmask0[0]    0.040000    0.148971   -0.108971 (VIOLATED)
i_soc.i_ai_accel.u_input_mem/addr1[4]    0.040000    0.148968   -0.108968 (VIOLATED)
i_soc.i_ai_sram.u_sram.gen_bank[10].gen_512.u_macro/wmask0[0]    0.040000    0.148954   -0.108954 (VIOLATED)
i_soc.i_ai_sram.u_sram.gen_bank[9].gen_512.u_macro/addr1[0]    0.040000    0.148845   -0.108845 (VIOLATED)
i_soc.i_instr_sram.u_sram.gen_bank[0].gen_512.u_macro/addr1[3]    0.040000    0.148815   -0.108815 (VIOLATED)
i_soc.i_instr_sram.u_sram.gen_bank[0].gen_512.u_macro/addr0[4]    0.040000    0.148813   -0.108813 (VIOLATED)
i_soc.i_instr_sram.u_sram.gen_bank[1].gen_512.u_macro/addr0[1]    0.040000    0.148813   -0.108813 (VIOLATED)
i_soc.i_ai_sram.u_sram.gen_bank[6].gen_512.u_macro/addr0[3]    0.040000    0.148809   -0.108809 (VIOLATED)
i_soc.i_ai_sram.u_sram.gen_bank[7].gen_512.u_macro/addr1[7]    0.040000    0.148744   -0.108744 (VIOLATED)
i_soc.i_ai_sram.u_sram.gen_bank[0].gen_512.u_macro/wmask0[3]    0.040000    0.148719   -0.108719 (VIOLATED)
i_soc.i_ai_sram.u_sram.gen_bank[4].gen_512.u_macro/addr1[2]    0.040000    0.148712   -0.108712 (VIOLATED)
i_soc.i_instr_sram.u_sram.gen_bank[0].gen_512.u_macro/addr1[6]    0.040000    0.148709   -0.108709 (VIOLATED)
i_soc.i_ai_sram.u_sram.gen_bank[5].gen_512.u_macro/wmask0[0]    0.040000    0.148672   -0.108672 (VIOLATED)
i_soc.i_ai_sram.u_sram.gen_bank[14].gen_512.u_macro/addr1[3]    0.040000    0.148671   -0.108671 (VIOLATED)
i_soc.i_ai_sram.u_sram.gen_bank[4].gen_512.u_macro/addr0[6]    0.040000    0.148644   -0.108644 (VIOLATED)
i_soc.i_ai_sram.u_sram.gen_bank[2].gen_512.u_macro/addr0[0]    0.040000    0.148627   -0.108627 (VIOLATED)
i_soc.i_instr_sram.u_sram.gen_bank[0].gen_512.u_macro/addr0[7]    0.040000    0.148610   -0.108610 (VIOLATED)
i_soc.i_ai_sram.u_sram.gen_bank[4].gen_512.u_macro/addr1[1]    0.040000    0.148602   -0.108602 (VIOLATED)
i_soc.i_ai_sram.u_sram.gen_bank[9].gen_512.u_macro/addr0[0]    0.040000    0.148586   -0.108586 (VIOLATED)
i_soc.i_ai_sram.u_sram.gen_bank[12].gen_512.u_macro/addr1[6]    0.040000    0.148576   -0.108576 (VIOLATED)
i_soc.i_ai_sram.u_sram.gen_bank[7].gen_512.u_macro/addr0[3]    0.040000    0.148564   -0.108564 (VIOLATED)
i_soc.i_ai_sram.u_sram.gen_bank[14].gen_512.u_macro/addr0[7]    0.040000    0.148558   -0.108558 (VIOLATED)
i_soc.i_ai_sram.u_sram.gen_bank[8].gen_512.u_macro/addr1[8]    0.040000    0.148558   -0.108558 (VIOLATED)
i_soc.i_ai_sram.u_sram.gen_bank[4].gen_512.u_macro/addr0[7]    0.040000    0.148539   -0.108539 (VIOLATED)
i_soc.i_ai_sram.u_sram.gen_bank[14].gen_512.u_macro/addr1[2]    0.040000    0.148500   -0.108500 (VIOLATED)
i_soc.i_ai_sram.u_sram.gen_bank[5].gen_512.u_macro/addr1[3]    0.040000    0.148491   -0.108491 (VIOLATED)
i_soc.i_ai_sram.u_sram.gen_bank[4].gen_512.u_macro/addr1[4]    0.040000    0.148461   -0.108461 (VIOLATED)
i_soc.i_instr_sram.u_sram.gen_bank[1].gen_512.u_macro/wmask0[3]    0.040000    0.148414   -0.108414 (VIOLATED)
i_soc.i_ai_sram.u_sram.gen_bank[4].gen_512.u_macro/addr0[2]    0.040000    0.148340   -0.108340 (VIOLATED)
i_soc.i_ai_sram.u_sram.gen_bank[10].gen_512.u_macro/addr0[5]    0.040000    0.148335   -0.108335 (VIOLATED)
i_soc.i_ai_sram.u_sram.gen_bank[6].gen_512.u_macro/addr1[7]    0.040000    0.148324   -0.108324 (VIOLATED)
i_soc.i_ai_sram.u_sram.gen_bank[7].gen_512.u_macro/addr1[3]    0.040000    0.148243   -0.108243 (VIOLATED)
i_soc.i_ai_sram.u_sram.gen_bank[1].gen_512.u_macro/wmask0[0]    0.040000    0.148214   -0.108214 (VIOLATED)
i_soc.i_ai_accel.u_input_mem/addr1[7]    0.040000    0.148210   -0.108210 (VIOLATED)
i_soc.i_ai_sram.u_sram.gen_bank[11].gen_512.u_macro/addr1[0]    0.040000    0.148142   -0.108142 (VIOLATED)
i_soc.i_instr_sram.u_sram.gen_bank[0].gen_512.u_macro/addr0[2]    0.040000    0.148129   -0.108129 (VIOLATED)
i_soc.i_ai_sram.u_sram.gen_bank[4].gen_512.u_macro/addr1[8]    0.040000    0.148128   -0.108128 (VIOLATED)
i_soc.i_ai_sram.u_sram.gen_bank[5].gen_512.u_macro/addr0[0]    0.040000    0.148114   -0.108114 (VIOLATED)
i_soc.i_ai_sram.u_sram.gen_bank[6].gen_512.u_macro/addr1[3]    0.040000    0.148100   -0.108100 (VIOLATED)
i_soc.i_ai_sram.u_sram.gen_bank[4].gen_512.u_macro/wmask0[1]    0.040000    0.148090   -0.108090 (VIOLATED)
i_soc.i_ai_sram.u_sram.gen_bank[6].gen_512.u_macro/wmask0[0]    0.040000    0.148075   -0.108075 (VIOLATED)
i_soc.i_ai_sram.u_sram.gen_bank[8].gen_512.u_macro/addr1[4]    0.040000    0.148045   -0.108045 (VIOLATED)
i_soc.i_ai_sram.u_sram.gen_bank[5].gen_512.u_macro/addr1[2]    0.040000    0.148019   -0.108019 (VIOLATED)
i_soc.i_data_sram.u_sram.gen_bank[1].gen_512.u_macro/addr0[8]    0.040000    0.148006   -0.108006 (VIOLATED)
i_soc.i_ai_sram.u_sram.gen_bank[6].gen_512.u_macro/wmask0[3]    0.040000    0.147961   -0.107961 (VIOLATED)
i_soc.i_ai_sram.u_sram.gen_bank[2].gen_512.u_macro/addr0[1]    0.040000    0.147954   -0.107954 (VIOLATED)
i_soc.i_instr_sram.u_sram.gen_bank[0].gen_512.u_macro/addr1[0]    0.040000    0.147934   -0.107934 (VIOLATED)
i_soc.i_ai_sram.u_sram.gen_bank[1].gen_512.u_macro/wmask0[3]    0.040000    0.147916   -0.107916 (VIOLATED)
i_soc.i_ai_sram.u_sram.gen_bank[6].gen_512.u_macro/addr1[6]    0.040000    0.147790   -0.107790 (VIOLATED)
i_soc.i_ai_sram.u_sram.gen_bank[11].gen_512.u_macro/addr1[7]    0.040000    0.147769   -0.107769 (VIOLATED)
i_soc.i_ai_sram.u_sram.gen_bank[10].gen_512.u_macro/addr1[2]    0.040000    0.147716   -0.107716 (VIOLATED)
i_soc.i_instr_sram.u_sram.gen_bank[0].gen_512.u_macro/addr1[2]    0.040000    0.147712   -0.107712 (VIOLATED)
i_soc.i_ai_sram.u_sram.gen_bank[9].gen_512.u_macro/addr0[1]    0.040000    0.147704   -0.107704 (VIOLATED)
i_soc.i_ai_sram.u_sram.gen_bank[6].gen_512.u_macro/addr1[4]    0.040000    0.147679   -0.107679 (VIOLATED)
i_soc.i_ai_sram.u_sram.gen_bank[8].gen_512.u_macro/addr0[2]    0.040000    0.147658   -0.107658 (VIOLATED)
i_soc.i_ai_sram.u_sram.gen_bank[8].gen_512.u_macro/addr0[1]    0.040000    0.147635   -0.107635 (VIOLATED)
i_soc.i_ai_sram.u_sram.gen_bank[7].gen_512.u_macro/addr1[5]    0.040000    0.147630   -0.107630 (VIOLATED)
i_soc.i_ai_sram.u_sram.gen_bank[8].gen_512.u_macro/addr0[4]    0.040000    0.147550   -0.107550 (VIOLATED)
i_soc.i_instr_sram.u_sram.gen_bank[1].gen_512.u_macro/addr1[1]    0.040000    0.147524   -0.107524 (VIOLATED)
i_soc.i_ai_sram.u_sram.gen_bank[14].gen_512.u_macro/addr0[8]    0.040000    0.147490   -0.107490 (VIOLATED)
i_soc.i_ai_sram.u_sram.gen_bank[7].gen_512.u_macro/din0[9]    1.000000    1.107442   -0.107442 (VIOLATED)
i_soc.i_instr_sram.u_sram.gen_bank[0].gen_512.u_macro/addr0[8]    0.040000    0.147434   -0.107434 (VIOLATED)
i_soc.i_ai_sram.u_sram.gen_bank[10].gen_512.u_macro/addr1[5]    0.040000    0.147427   -0.107427 (VIOLATED)
i_soc.i_ai_sram.u_sram.gen_bank[9].gen_512.u_macro/wmask0[0]    0.040000    0.147392   -0.107392 (VIOLATED)
i_soc.i_ai_sram.u_sram.gen_bank[7].gen_512.u_macro/addr0[4]    0.040000    0.147369   -0.107369 (VIOLATED)
i_soc.i_ai_sram.u_sram.gen_bank[6].gen_512.u_macro/addr0[2]    0.040000    0.147350   -0.107350 (VIOLATED)
i_soc.i_ai_sram.u_sram.gen_bank[4].gen_512.u_macro/wmask0[0]    0.040000    0.147348   -0.107348 (VIOLATED)
i_soc.i_ai_accel.u_conv_out.gen_bank[0].gen_512.u_macro/addr1[7]    0.040000    0.147342   -0.107342 (VIOLATED)
i_soc.i_ai_sram.u_sram.gen_bank[1].gen_512.u_macro/addr0[0]    0.040000    0.147340   -0.107340 (VIOLATED)
i_soc.i_crossbar._0851_/A               1.000000    1.107282   -0.107282 (VIOLATED)
ANTENNA_i_soc.i_crossbar._0851__A/DIODE    1.000000    1.107272   -0.107272 (VIOLATED)
i_soc.i_ai_sram.u_sram.gen_bank[1].gen_512.u_macro/addr0[1]    0.040000    0.147262   -0.107262 (VIOLATED)
i_soc.i_ai_sram.u_sram.gen_bank[4].gen_512.u_macro/wmask0[3]    0.040000    0.147243   -0.107243 (VIOLATED)
i_soc.i_ai_sram.u_sram.gen_bank[7].gen_512.u_macro/addr0[8]    0.040000    0.147234   -0.107234 (VIOLATED)
i_soc.i_ai_sram.u_sram.gen_bank[10].gen_512.u_macro/wmask0[2]    0.040000    0.147227   -0.107227 (VIOLATED)
i_soc.i_ai_sram.u_sram.gen_bank[6].gen_512.u_macro/addr1[5]    0.040000    0.147166   -0.107166 (VIOLATED)
i_soc.i_ai_sram.u_sram.gen_bank[10].gen_512.u_macro/addr1[0]    0.040000    0.147145   -0.107145 (VIOLATED)
i_soc.i_ai_sram.u_sram.gen_bank[10].gen_512.u_macro/addr0[0]    0.040000    0.147105   -0.107105 (VIOLATED)
i_soc.i_ai_sram.u_sram.gen_bank[4].gen_512.u_macro/addr0[3]    0.040000    0.147052   -0.107052 (VIOLATED)
i_soc.i_ai_sram.u_sram.gen_bank[14].gen_512.u_macro/addr1[4]    0.040000    0.147039   -0.107039 (VIOLATED)
i_soc.i_ai_accel.u_conv_w_mem/addr1[5]    0.040000    0.146983   -0.106983 (VIOLATED)
i_soc.i_ai_sram.u_sram.gen_bank[4].gen_512.u_macro/addr1[5]    0.040000    0.146973   -0.106973 (VIOLATED)
i_soc.i_ai_sram.u_sram.gen_bank[5].gen_512.u_macro/wmask0[3]    0.040000    0.146941   -0.106941 (VIOLATED)
i_soc.i_ai_sram.u_sram.gen_bank[13].gen_512.u_macro/addr0[0]    0.040000    0.146933   -0.106933 (VIOLATED)
i_soc.i_ai_sram.u_sram.gen_bank[5].gen_512.u_macro/addr1[5]    0.040000    0.146889   -0.106889 (VIOLATED)
i_soc.i_ai_sram.u_sram.gen_bank[10].gen_512.u_macro/addr0[6]    0.040000    0.146887   -0.106887 (VIOLATED)
i_soc.i_ai_sram.u_sram.gen_bank[10].gen_512.u_macro/addr0[3]    0.040000    0.146884   -0.106884 (VIOLATED)
i_soc.i_ai_sram.u_sram.gen_bank[10].gen_512.u_macro/addr1[3]    0.040000    0.146882   -0.106882 (VIOLATED)
ANTENNA_i_soc.i_ai_sram.u_sram._515__X/DIODE    1.000000    1.106875   -0.106875 (VIOLATED)
i_soc.i_ai_sram.u_sram.gen_bank[6].gen_512.u_macro/wmask0[2]    0.040000    0.146875   -0.106875 (VIOLATED)
i_soc.i_ai_sram.u_sram.gen_bank[1].gen_512.u_macro/wmask0[2]    0.040000    0.146875   -0.106875 (VIOLATED)
i_soc.i_ai_sram.u_sram._515_/X          1.000000    1.106871   -0.106871 (VIOLATED)
i_soc.i_instr_sram.u_sram.gen_bank[1].gen_512.u_macro/wmask0[1]    0.040000    0.146866   -0.106866 (VIOLATED)
i_soc.i_data_sram.u_sram.gen_bank[3].gen_512.u_macro/addr1[0]    0.040000    0.146806   -0.106806 (VIOLATED)
i_soc.i_ai_sram.u_sram.gen_bank[8].gen_512.u_macro/addr1[3]    0.040000    0.146785   -0.106785 (VIOLATED)
i_soc.i_ai_sram.u_sram.gen_bank[8].gen_512.u_macro/addr0[0]    0.040000    0.146783   -0.106783 (VIOLATED)
i_soc.i_ai_sram.u_sram.gen_bank[8].gen_512.u_macro/wmask0[2]    0.040000    0.146778   -0.106778 (VIOLATED)
i_soc.i_ai_sram.u_sram.gen_bank[8].gen_512.u_macro/wmask0[1]    0.040000    0.146751   -0.106751 (VIOLATED)
i_soc.i_ai_sram.u_sram.gen_bank[7].gen_512.u_macro/wmask0[2]    0.040000    0.146738   -0.106738 (VIOLATED)
i_soc.i_ai_sram.u_sram.gen_bank[4].gen_512.u_macro/wmask0[2]    0.040000    0.146736   -0.106736 (VIOLATED)
i_soc.i_ai_sram.u_sram.gen_bank[9].gen_512.u_macro/addr1[5]    0.040000    0.146732   -0.106732 (VIOLATED)
i_soc.i_instr_sram.u_sram.gen_bank[1].gen_512.u_macro/addr0[0]    0.040000    0.146717   -0.106717 (VIOLATED)
i_soc.i_ai_accel.u_conv_out.gen_bank[1].gen_512.u_macro/addr1[1]    0.040000    0.146694   -0.106694 (VIOLATED)
i_soc.i_ai_sram.u_sram.gen_bank[9].gen_512.u_macro/wmask0[3]    0.040000    0.146630   -0.106630 (VIOLATED)
i_soc.i_ai_sram.u_sram.gen_bank[10].gen_512.u_macro/addr1[1]    0.040000    0.146613   -0.106613 (VIOLATED)
i_soc.i_ai_sram.u_sram.gen_bank[8].gen_512.u_macro/wmask0[3]    0.040000    0.146600   -0.106600 (VIOLATED)
i_soc.i_ai_sram.u_sram.gen_bank[6].gen_512.u_macro/addr0[8]    0.040000    0.146580   -0.106580 (VIOLATED)
i_soc.i_ai_sram.u_sram.gen_bank[8].gen_512.u_macro/addr1[5]    0.040000    0.146579   -0.106579 (VIOLATED)
i_soc.i_ai_accel.u_conv_out.gen_bank[1].gen_512.u_macro/addr0[1]    0.040000    0.146567   -0.106567 (VIOLATED)
i_soc.i_ai_sram.u_sram.gen_bank[5].gen_512.u_macro/addr0[1]    0.040000    0.146539   -0.106539 (VIOLATED)
i_soc.i_ai_sram.u_sram.gen_bank[4].gen_512.u_macro/addr0[5]    0.040000    0.146526   -0.106526 (VIOLATED)
i_soc.i_ai_sram.u_sram.gen_bank[9].gen_512.u_macro/addr1[1]    0.040000    0.146492   -0.106492 (VIOLATED)
i_soc.i_instr_sram.u_sram.gen_bank[0].gen_512.u_macro/addr0[6]    0.040000    0.146455   -0.106455 (VIOLATED)
i_soc.i_ai_sram.u_sram.gen_bank[6].gen_512.u_macro/addr0[7]    0.040000    0.146447   -0.106447 (VIOLATED)
i_soc.i_ai_sram.u_sram.gen_bank[11].gen_512.u_macro/addr1[5]    0.040000    0.146434   -0.106434 (VIOLATED)
i_soc.i_ai_sram.u_sram.gen_bank[14].gen_512.u_macro/addr1[5]    0.040000    0.146406   -0.106406 (VIOLATED)
i_soc.i_ai_sram.u_sram.gen_bank[4].gen_512.u_macro/addr1[0]    0.040000    0.146388   -0.106388 (VIOLATED)
i_soc.i_data_sram.u_sram.gen_bank[2].gen_512.u_macro/addr1[1]    0.040000    0.146365   -0.106365 (VIOLATED)
i_soc.i_ai_sram.u_sram.gen_bank[8].gen_512.u_macro/wmask0[0]    0.040000    0.146357   -0.106357 (VIOLATED)
i_soc.i_ai_sram.u_sram.gen_bank[8].gen_512.u_macro/addr0[3]    0.040000    0.146354   -0.106354 (VIOLATED)
i_soc.i_ai_accel.u_input_mem/addr1[1]    0.040000    0.146339   -0.106339 (VIOLATED)
i_soc.i_ai_sram.u_sram.gen_bank[11].gen_512.u_macro/addr1[2]    0.040000    0.146330   -0.106330 (VIOLATED)
i_soc.i_data_sram.u_sram.gen_bank[2].gen_512.u_macro/addr1[0]    0.040000    0.146319   -0.106319 (VIOLATED)
i_soc.i_ai_sram.u_sram.gen_bank[6].gen_512.u_macro/addr0[1]    0.040000    0.146318   -0.106318 (VIOLATED)
i_soc.i_crossbar._0254_/A0              1.000000    1.106260   -0.106260 (VIOLATED)
ANTENNA_i_soc.i_crossbar._0254__A0/DIODE    1.000000    1.106260   -0.106260 (VIOLATED)
i_soc.i_ai_sram.u_sram.gen_bank[8].gen_512.u_macro/addr1[2]    0.040000    0.146256   -0.106256 (VIOLATED)
i_soc.i_instr_sram.u_sram.gen_bank[0].gen_512.u_macro/addr0[5]    0.040000    0.146256   -0.106256 (VIOLATED)
i_soc.i_ai_sram.u_sram.gen_bank[12].gen_512.u_macro/addr0[8]    0.040000    0.146182   -0.106182 (VIOLATED)
i_soc.i_ai_sram.u_sram.gen_bank[10].gen_512.u_macro/addr0[2]    0.040000    0.146164   -0.106164 (VIOLATED)
i_soc.i_data_sram.u_sram.gen_bank[0].gen_512.u_macro/addr1[2]    0.040000    0.146164   -0.106164 (VIOLATED)
i_soc.i_ai_accel.u_conv_out.gen_bank[1].gen_512.u_macro/addr1[8]    0.040000    0.146131   -0.106131 (VIOLATED)
i_soc.i_ai_sram.u_sram.gen_bank[5].gen_512.u_macro/wmask0[2]    0.040000    0.146101   -0.106101 (VIOLATED)
i_soc.i_ai_sram.u_sram.gen_bank[8].gen_512.u_macro/addr1[1]    0.040000    0.146088   -0.106088 (VIOLATED)
i_soc.i_data_sram.u_sram.gen_bank[1].gen_512.u_macro/addr1[4]    0.040000    0.146077   -0.106077 (VIOLATED)
i_soc.i_ai_sram.u_sram.gen_bank[8].gen_512.u_macro/addr0[7]    0.040000    0.146054   -0.106054 (VIOLATED)
i_soc.i_ai_sram.u_sram.gen_bank[14].gen_512.u_macro/addr1[6]    0.040000    0.146043   -0.106043 (VIOLATED)
i_soc.i_instr_sram.u_sram.gen_bank[1].gen_512.u_macro/addr0[3]    0.040000    0.145990   -0.105990 (VIOLATED)
i_soc.i_ai_sram.u_sram.gen_bank[9].gen_512.u_macro/wmask0[2]    0.040000    0.145987   -0.105987 (VIOLATED)
i_soc.i_ai_sram.u_sram.gen_bank[6].gen_512.u_macro/addr0[6]    0.040000    0.145976   -0.105976 (VIOLATED)
i_soc.i_ai_sram.u_sram.gen_bank[9].gen_512.u_macro/addr1[6]    0.040000    0.145950   -0.105950 (VIOLATED)
i_soc.i_instr_sram.u_sram.gen_bank[1].gen_512.u_macro/addr0[2]    0.040000    0.145949   -0.105949 (VIOLATED)
i_soc.i_ai_sram.u_sram.gen_bank[5].gen_512.u_macro/din0[14]    1.000000    1.105904   -0.105904 (VIOLATED)
i_soc.i_ai_sram.u_sram.gen_bank[14].gen_512.u_macro/addr0[1]    0.040000    0.145883   -0.105883 (VIOLATED)
i_soc.i_instr_sram.u_sram.gen_bank[0].gen_512.u_macro/addr1[1]    0.040000    0.145881   -0.105881 (VIOLATED)
i_soc.i_ai_sram.u_sram.gen_bank[6].gen_512.u_macro/addr1[0]    0.040000    0.145784   -0.105784 (VIOLATED)
i_soc.i_ai_sram.u_sram.gen_bank[13].gen_512.u_macro/addr1[0]    0.040000    0.145769   -0.105769 (VIOLATED)
i_soc.i_ai_sram.u_sram.gen_bank[6].gen_512.u_macro/addr0[4]    0.040000    0.145768   -0.105768 (VIOLATED)
i_soc.i_ai_sram.u_sram.gen_bank[5].gen_512.u_macro/addr1[6]    0.040000    0.145748   -0.105748 (VIOLATED)
i_soc.i_instr_sram.u_sram.gen_bank[0].gen_512.u_macro/csb1    1.000000    1.105730   -0.105730 (VIOLATED)
i_soc.i_ai_sram.u_sram.gen_bank[7].gen_512.u_macro/wmask0[0]    0.040000    0.145690   -0.105690 (VIOLATED)
i_soc.i_instr_sram.u_sram.gen_bank[1].gen_512.u_macro/addr0[4]    0.040000    0.145596   -0.105596 (VIOLATED)
i_soc.i_ai_sram.u_sram.gen_bank[1].gen_512.u_macro/wmask0[1]    0.040000    0.145590   -0.105590 (VIOLATED)
i_soc.i_ai_sram.u_sram.gen_bank[2].gen_512.u_macro/addr1[0]    0.040000    0.145582   -0.105582 (VIOLATED)
i_soc.i_ai_accel.u_input_mem/addr1[0]    0.040000    0.145516   -0.105516 (VIOLATED)
i_soc.i_data_sram.u_sram.gen_bank[0].gen_512.u_macro/addr1[0]    0.040000    0.145513   -0.105513 (VIOLATED)
i_soc.i_ai_accel.u_conv_w_mem/addr1[3]    0.040000    0.145467   -0.105467 (VIOLATED)
i_soc.i_ai_sram.u_sram.gen_bank[9].gen_512.u_macro/addr1[3]    0.040000    0.145326   -0.105326 (VIOLATED)
i_soc.i_ai_accel.u_conv_out.gen_bank[0].gen_512.u_macro/addr1[8]    0.040000    0.145315   -0.105315 (VIOLATED)
i_soc.i_ai_sram.u_sram.gen_bank[7].gen_512.u_macro/addr1[1]    0.040000    0.145309   -0.105309 (VIOLATED)
i_soc.i_ai_sram.u_sram.gen_bank[9].gen_512.u_macro/wmask0[1]    0.040000    0.145255   -0.105255 (VIOLATED)
i_soc.i_ai_sram.u_sram.gen_bank[9].gen_512.u_macro/addr0[5]    0.040000    0.145246   -0.105246 (VIOLATED)
i_soc.i_ai_sram.u_sram.gen_bank[7].gen_512.u_macro/addr0[5]    0.040000    0.145168   -0.105168 (VIOLATED)
i_soc.i_ai_sram.u_sram.gen_bank[5].gen_512.u_macro/addr1[4]    0.040000    0.145163   -0.105163 (VIOLATED)
i_soc.i_data_sram.u_sram.gen_bank[0].gen_512.u_macro/addr1[1]    0.040000    0.145149   -0.105149 (VIOLATED)
i_soc.i_ai_sram.u_sram.gen_bank[11].gen_512.u_macro/addr1[3]    0.040000    0.145146   -0.105146 (VIOLATED)
i_soc.i_ai_sram.u_sram.gen_bank[5].gen_512.u_macro/wmask0[1]    0.040000    0.145110   -0.105110 (VIOLATED)
i_soc.i_ai_accel.u_conv_out.gen_bank[1].gen_512.u_macro/wmask0[2]    0.040000    0.145107   -0.105107 (VIOLATED)
i_soc.i_ai_sram.u_sram.gen_bank[13].gen_512.u_macro/wmask0[3]    0.040000    0.145049   -0.105049 (VIOLATED)
i_soc.i_ai_sram.u_sram.gen_bank[5].gen_512.u_macro/addr0[8]    0.040000    0.145045   -0.105045 (VIOLATED)
i_soc.i_ai_sram.u_sram.gen_bank[5].gen_512.u_macro/addr0[4]    0.040000    0.145044   -0.105044 (VIOLATED)
i_soc.i_instr_sram.u_sram.gen_bank[1].gen_512.u_macro/addr0[7]    0.040000    0.145025   -0.105025 (VIOLATED)
i_soc.i_ai_sram.u_sram.gen_bank[7].gen_512.u_macro/addr0[7]    0.040000    0.145014   -0.105014 (VIOLATED)
i_soc.i_ai_sram.u_sram.gen_bank[11].gen_512.u_macro/addr0[5]    0.040000    0.145003   -0.105003 (VIOLATED)
i_soc.i_ai_accel.u_conv_out.gen_bank[1].gen_512.u_macro/addr1[7]    0.040000    0.145001   -0.105001 (VIOLATED)
i_soc.i_instr_sram.u_sram.gen_bank[1].gen_512.u_macro/addr0[6]    0.040000    0.144998   -0.104998 (VIOLATED)
i_soc.i_ai_sram.u_sram.gen_bank[5].gen_512.u_macro/addr0[3]    0.040000    0.144994   -0.104994 (VIOLATED)
i_soc.i_ai_sram.u_sram.gen_bank[10].gen_512.u_macro/addr0[8]    0.040000    0.144956   -0.104956 (VIOLATED)
i_soc.i_ai_sram.u_sram.gen_bank[9].gen_512.u_macro/addr1[4]    0.040000    0.144907   -0.104907 (VIOLATED)
i_soc.i_ai_sram.u_sram.gen_bank[7].gen_512.u_macro/addr0[2]    0.040000    0.144906   -0.104906 (VIOLATED)
i_soc.i_ai_sram.u_sram.gen_bank[13].gen_512.u_macro/addr0[8]    0.040000    0.144845   -0.104845 (VIOLATED)
i_soc.i_ai_sram.u_sram.gen_bank[5].gen_512.u_macro/addr0[2]    0.040000    0.144832   -0.104832 (VIOLATED)
i_soc.i_ai_accel.u_conv_out.gen_bank[0].gen_512.u_macro/addr0[2]    0.040000    0.144829   -0.104829 (VIOLATED)
i_soc.i_ai_sram.u_sram.gen_bank[11].gen_512.u_macro/addr0[8]    0.040000    0.144827   -0.104827 (VIOLATED)
i_soc.i_ai_sram.u_sram.gen_bank[7].gen_512.u_macro/addr0[6]    0.040000    0.144825   -0.104825 (VIOLATED)
i_soc.i_ai_sram.u_sram.gen_bank[12].gen_512.u_macro/addr0[2]    0.040000    0.144819   -0.104819 (VIOLATED)
i_soc.i_ai_sram.u_sram.gen_bank[8].gen_512.u_macro/addr1[0]    0.040000    0.144809   -0.104809 (VIOLATED)
i_soc.i_ai_sram.u_sram.gen_bank[5].gen_512.u_macro/addr0[6]    0.040000    0.144799   -0.104799 (VIOLATED)
i_soc.i_data_sram.u_sram.gen_bank[1].gen_512.u_macro/addr1[6]    0.040000    0.144757   -0.104757 (VIOLATED)
i_soc.i_data_sram.u_sram.gen_bank[1].gen_512.u_macro/addr1[5]    0.040000    0.144738   -0.104738 (VIOLATED)
i_soc.i_ai_sram.u_sram.gen_bank[9].gen_512.u_macro/addr1[2]    0.040000    0.144726   -0.104726 (VIOLATED)
i_soc.i_ai_sram.u_sram.gen_bank[13].gen_512.u_macro/addr1[1]    0.040000    0.144704   -0.104704 (VIOLATED)
i_soc.i_ai_accel.u_conv_out.gen_bank[1].gen_512.u_macro/addr0[3]    0.040000    0.144685   -0.104685 (VIOLATED)
i_soc.i_ai_sram.u_sram.gen_bank[13].gen_512.u_macro/addr1[3]    0.040000    0.144603   -0.104603 (VIOLATED)
i_soc.i_ai_sram.u_sram.gen_bank[9].gen_512.u_macro/addr0[2]    0.040000    0.144563   -0.104563 (VIOLATED)
i_soc.i_data_sram.u_sram.gen_bank[1].gen_512.u_macro/addr1[3]    0.040000    0.144554   -0.104554 (VIOLATED)
i_soc.i_ai_sram.u_sram.gen_bank[9].gen_512.u_macro/addr0[8]    0.040000    0.144534   -0.104534 (VIOLATED)
i_soc.i_ai_sram.u_sram.gen_bank[12].gen_512.u_macro/addr0[3]    0.040000    0.144525   -0.104525 (VIOLATED)
i_soc.i_ai_sram.u_sram.gen_bank[7].gen_512.u_macro/addr0[1]    0.040000    0.144482   -0.104482 (VIOLATED)
i_soc.i_ai_sram.u_sram.gen_bank[5].gen_512.u_macro/addr0[7]    0.040000    0.144415   -0.104415 (VIOLATED)
i_soc.i_ai_accel.u_conv_out.gen_bank[1].gen_512.u_macro/addr0[4]    0.040000    0.144394   -0.104394 (VIOLATED)
i_soc.i_ai_sram.u_sram.gen_bank[11].gen_512.u_macro/addr1[1]    0.040000    0.144335   -0.104335 (VIOLATED)
i_soc.i_ai_sram.u_sram.gen_bank[6].gen_512.u_macro/addr0[5]    0.040000    0.144305   -0.104305 (VIOLATED)
i_soc.i_ai_sram.u_sram._652_/A2         1.000000    1.104298   -0.104298 (VIOLATED)
i_soc.i_data_sram.u_sram.gen_bank[1].gen_512.u_macro/addr1[0]    0.040000    0.144297   -0.104297 (VIOLATED)
ANTENNA_i_soc.i_ai_sram.u_sram._652__A2/DIODE    1.000000    1.104294   -0.104294 (VIOLATED)
i_soc.i_ai_accel.u_conv_out.gen_bank[0].gen_512.u_macro/addr1[0]    0.040000    0.144202   -0.104202 (VIOLATED)
i_soc.i_ai_accel.u_conv_out.gen_bank[1].gen_512.u_macro/wmask0[1]    0.040000    0.144176   -0.104176 (VIOLATED)
i_soc.i_data_sram.u_sram.gen_bank[1].gen_512.u_macro/addr1[7]    0.040000    0.144176   -0.104176 (VIOLATED)
i_soc.i_ai_accel.u_conv_out.gen_bank[1].gen_512.u_macro/addr1[0]    0.040000    0.144164   -0.104164 (VIOLATED)
i_soc.i_ai_accel.u_conv_w_mem/addr1[0]    0.040000    0.144157   -0.104157 (VIOLATED)
i_soc.i_ai_sram.u_sram.gen_bank[12].gen_512.u_macro/addr1[3]    0.040000    0.144144   -0.104144 (VIOLATED)
i_soc.i_ai_sram.u_sram.gen_bank[7].gen_512.u_macro/wmask0[3]    0.040000    0.144129   -0.104129 (VIOLATED)
i_soc.i_ai_sram.u_sram.gen_bank[9].gen_512.u_macro/addr0[4]    0.040000    0.144125   -0.104125 (VIOLATED)
i_soc.i_data_sram.u_sram.gen_bank[3].gen_512.u_macro/addr1[1]    0.040000    0.144123   -0.104123 (VIOLATED)
i_soc.i_ai_sram.u_sram.gen_bank[12].gen_512.u_macro/addr1[2]    0.040000    0.144100   -0.104100 (VIOLATED)
i_soc.i_ai_sram.u_sram.gen_bank[13].gen_512.u_macro/addr1[2]    0.040000    0.144089   -0.104089 (VIOLATED)
i_soc.i_instr_sram.u_sram.gen_bank[1].gen_512.u_macro/addr0[5]    0.040000    0.144085   -0.104085 (VIOLATED)
i_soc.i_crossbar._1203_/A               1.000000    1.104054   -0.104054 (VIOLATED)
ANTENNA_i_soc.i_crossbar._1203__A/DIODE    1.000000    1.104048   -0.104048 (VIOLATED)
i_soc.i_ai_sram.u_sram.gen_bank[7].gen_512.u_macro/addr0[0]    0.040000    0.144012   -0.104012 (VIOLATED)
i_soc.i_ai_sram.u_sram.gen_bank[12].gen_512.u_macro/addr1[5]    0.040000    0.144010   -0.104010 (VIOLATED)
i_soc.i_ai_sram.u_sram.gen_bank[11].gen_512.u_macro/addr0[4]    0.040000    0.143973   -0.103973 (VIOLATED)
i_soc.i_ai_accel.u_conv_out.gen_bank[1].gen_512.u_macro/addr0[8]    0.040000    0.143972   -0.103972 (VIOLATED)
i_soc.i_ai_sram.u_sram.gen_bank[9].gen_512.u_macro/addr0[3]    0.040000    0.143942   -0.103942 (VIOLATED)
i_soc.i_ai_sram.u_sram.gen_bank[12].gen_512.u_macro/addr0[1]    0.040000    0.143805   -0.103805 (VIOLATED)
i_soc.i_ai_sram.u_sram.gen_bank[12].gen_512.u_macro/addr0[6]    0.040000    0.143760   -0.103760 (VIOLATED)
i_soc.i_instr_sram.u_sram.gen_bank[1].gen_512.u_macro/addr0[8]    0.040000    0.143750   -0.103750 (VIOLATED)
ANTENNA_i_soc.i_data_sram._62__Q/DIODE    1.000000    1.103729   -0.103729 (VIOLATED)
i_soc.i_ai_sram.u_sram.gen_bank[13].gen_512.u_macro/addr0[1]    0.040000    0.143716   -0.103716 (VIOLATED)
i_soc.i_ai_sram.u_sram.gen_bank[13].gen_512.u_macro/wmask0[0]    0.040000    0.143712   -0.103712 (VIOLATED)
i_soc.i_data_sram._62_/Q                1.000000    1.103707   -0.103707 (VIOLATED)
i_soc.i_ai_sram.u_sram.gen_bank[9].gen_512.u_macro/addr0[6]    0.040000    0.143691   -0.103691 (VIOLATED)
i_soc.i_data_sram.u_sram.gen_bank[1].gen_512.u_macro/addr1[2]    0.040000    0.143680   -0.103680 (VIOLATED)
i_soc.i_ai_sram.u_sram.gen_bank[12].gen_512.u_macro/wmask0[2]    0.040000    0.143665   -0.103665 (VIOLATED)
i_soc.i_ai_accel.u_input_mem/addr1[2]    0.040000    0.143575   -0.103575 (VIOLATED)
i_soc.i_ai_accel.u_conv_out.gen_bank[0].gen_512.u_macro/addr1[1]    0.040000    0.143534   -0.103534 (VIOLATED)
i_soc.i_ai_sram.u_sram.gen_bank[12].gen_512.u_macro/addr0[4]    0.040000    0.143517   -0.103517 (VIOLATED)
i_soc.i_ai_sram.u_sram.gen_bank[9].gen_512.u_macro/addr0[7]    0.040000    0.143429   -0.103429 (VIOLATED)
i_soc.i_ai_sram.u_sram.gen_bank[12].gen_512.u_macro/addr1[1]    0.040000    0.143388   -0.103388 (VIOLATED)
i_soc.i_ai_sram.u_sram.gen_bank[7].gen_512.u_macro/wmask0[1]    0.040000    0.143313   -0.103313 (VIOLATED)
i_soc.i_ai_sram.u_sram.gen_bank[5].gen_512.u_macro/addr0[5]    0.040000    0.143312   -0.103312 (VIOLATED)
i_soc.i_ai_sram.u_sram.gen_bank[13].gen_512.u_macro/addr1[5]    0.040000    0.143301   -0.103301 (VIOLATED)
i_soc.i_ai_sram.u_sram.gen_bank[11].gen_512.u_macro/addr0[3]    0.040000    0.143270   -0.103270 (VIOLATED)
i_soc.i_ai_sram.u_sram.gen_bank[14].gen_512.u_macro/addr1[0]    0.040000    0.143257   -0.103257 (VIOLATED)
i_soc.i_ai_accel.u_conv_w_mem/addr1[1]    0.040000    0.143212   -0.103212 (VIOLATED)
i_soc.i_ai_sram.u_sram.gen_bank[13].gen_512.u_macro/wmask0[2]    0.040000    0.143197   -0.103197 (VIOLATED)
i_soc.i_ai_sram.u_sram.gen_bank[13].gen_512.u_macro/addr0[2]    0.040000    0.143195   -0.103195 (VIOLATED)
i_soc.i_ai_sram.u_sram.gen_bank[11].gen_512.u_macro/addr0[1]    0.040000    0.143190   -0.103190 (VIOLATED)
i_soc.i_ai_accel.u_conv_out.gen_bank[1].gen_512.u_macro/addr0[6]    0.040000    0.143138   -0.103138 (VIOLATED)
i_soc.i_ai_sram.u_sram.gen_bank[13].gen_512.u_macro/wmask0[1]    0.040000    0.143078   -0.103078 (VIOLATED)
i_soc.i_ai_accel.u_conv_out.gen_bank[1].gen_512.u_macro/addr0[2]    0.040000    0.143056   -0.103056 (VIOLATED)
i_soc.i_ai_sram.u_sram.gen_bank[14].gen_512.u_macro/addr1[1]    0.040000    0.143038   -0.103038 (VIOLATED)
i_soc.i_ai_accel.u_conv_out.gen_bank[1].gen_512.u_macro/wmask0[0]    0.040000    0.142960   -0.102960 (VIOLATED)
i_soc.i_crossbar._0609_/A               1.000000    1.102879   -0.102879 (VIOLATED)
ANTENNA_i_soc.i_crossbar._0609__A/DIODE    1.000000    1.102871   -0.102871 (VIOLATED)
i_soc.i_ai_accel.u_input_mem/addr1[3]    0.040000    0.142860   -0.102860 (VIOLATED)
i_soc.i_ai_sram.u_sram.gen_bank[11].gen_512.u_macro/wmask0[0]    0.040000    0.142757   -0.102757 (VIOLATED)
i_soc.i_ai_sram.u_sram.gen_bank[11].gen_512.u_macro/addr0[2]    0.040000    0.142723   -0.102723 (VIOLATED)
i_soc.i_data_sram.u_sram.gen_bank[1].gen_512.u_macro/addr1[1]    0.040000    0.142440   -0.102440 (VIOLATED)
i_soc.i_ai_accel.u_conv_out.gen_bank[1].gen_512.u_macro/addr0[5]    0.040000    0.142406   -0.102406 (VIOLATED)
i_soc.i_ai_sram.u_sram.gen_bank[12].gen_512.u_macro/addr0[7]    0.040000    0.142386   -0.102386 (VIOLATED)
i_soc.i_ai_accel.u_conv_out.gen_bank[1].gen_512.u_macro/addr1[2]    0.040000    0.142373   -0.102373 (VIOLATED)
ANTENNA_i_soc.i_ai_sram.u_sram.gen_bank[3].gen_512.u_macro_din0[23]/DIODE    1.000000    1.102252   -0.102252 (VIOLATED)
i_soc.i_ai_accel.u_conv_out.gen_bank[1].gen_512.u_macro/addr0[7]    0.040000    0.142235   -0.102235 (VIOLATED)
i_soc.i_ai_sram.u_sram.gen_bank[13].gen_512.u_macro/addr1[6]    0.040000    0.142165   -0.102165 (VIOLATED)
i_soc.i_ai_sram.u_sram.gen_bank[11].gen_512.u_macro/addr0[7]    0.040000    0.142115   -0.102115 (VIOLATED)
i_soc.i_ai_accel.u_conv_out.gen_bank[0].gen_512.u_macro/addr1[2]    0.040000    0.142111   -0.102111 (VIOLATED)
i_soc.i_ai_accel.u_conv_out.gen_bank[0].gen_512.u_macro/addr1[6]    0.040000    0.142074   -0.102074 (VIOLATED)
i_soc.i_ai_sram.u_sram.gen_bank[2].gen_512.u_macro/din0[2]    1.000000    1.102062   -0.102062 (VIOLATED)
i_soc.i_ai_sram.u_sram.gen_bank[11].gen_512.u_macro/addr0[0]    0.040000    0.142029   -0.102029 (VIOLATED)
i_soc.i_ai_sram.u_sram._509_/A2         1.000000    1.102021   -0.102021 (VIOLATED)
ANTENNA_i_soc.i_ai_sram.u_sram._509__A2/DIODE    1.000000    1.102008   -0.102009 (VIOLATED)
i_soc.i_ai_sram.u_sram.gen_bank[12].gen_512.u_macro/addr0[0]    0.040000    0.141971   -0.101971 (VIOLATED)
i_soc.i_ai_accel.u_conv_out.gen_bank[1].gen_512.u_macro/addr1[6]    0.040000    0.141963   -0.101963 (VIOLATED)
i_soc.i_ai_sram.u_sram.gen_bank[12].gen_512.u_macro/wmask0[3]    0.040000    0.141955   -0.101955 (VIOLATED)
i_soc.i_ai_sram.u_sram.gen_bank[11].gen_512.u_macro/wmask0[2]    0.040000    0.141954   -0.101954 (VIOLATED)
i_soc.i_ai_sram.u_sram.gen_bank[13].gen_512.u_macro/addr1[4]    0.040000    0.141936   -0.101936 (VIOLATED)
i_soc.i_ai_accel.u_conv_out.gen_bank[0].gen_512.u_macro/addr1[5]    0.040000    0.141876   -0.101876 (VIOLATED)
ANTENNA_i_soc.i_ai_sram.u_sram.gen_bank[5].gen_512.u_macro_din0[24]/DIODE    1.000000    1.101816   -0.101816 (VIOLATED)
i_soc.i_ai_sram.u_sram.gen_bank[13].gen_512.u_macro/addr0[4]    0.040000    0.141814   -0.101814 (VIOLATED)
i_soc.i_ai_accel.u_conv_out.gen_bank[1].gen_512.u_macro/addr1[4]    0.040000    0.141813   -0.101813 (VIOLATED)
i_soc.i_ai_accel.u_conv_out.gen_bank[0].gen_512.u_macro/wmask0[3]    0.040000    0.141789   -0.101789 (VIOLATED)
i_soc.i_ai_sram.u_sram.gen_bank[12].gen_512.u_macro/addr0[5]    0.040000    0.141737   -0.101737 (VIOLATED)
i_soc.i_ai_accel.u_conv_out.gen_bank[0].gen_512.u_macro/addr1[4]    0.040000    0.141720   -0.101720 (VIOLATED)
i_soc.i_ai_sram.u_sram.gen_bank[12].gen_512.u_macro/wmask0[1]    0.040000    0.141715   -0.101715 (VIOLATED)
i_soc.i_ai_sram.u_sram.gen_bank[11].gen_512.u_macro/addr0[6]    0.040000    0.141661   -0.101661 (VIOLATED)
i_soc.i_ai_sram.u_sram.gen_bank[13].gen_512.u_macro/addr0[3]    0.040000    0.141646   -0.101646 (VIOLATED)
i_soc.i_ai_sram.u_sram.gen_bank[12].gen_512.u_macro/wmask0[0]    0.040000    0.141627   -0.101627 (VIOLATED)
i_soc.i_ai_sram.u_sram.gen_bank[11].gen_512.u_macro/wmask0[3]    0.040000    0.141582   -0.101582 (VIOLATED)
wire968/A                               1.000000    1.101559   -0.101559 (VIOLATED)
ANTENNA_wire968_A/DIODE                 1.000000    1.101556   -0.101556 (VIOLATED)
i_soc.i_ai_sram.u_sram.gen_bank[13].gen_512.u_macro/addr0[6]    0.040000    0.141553   -0.101553 (VIOLATED)
i_soc.i_ai_sram.u_sram.gen_bank[13].gen_512.u_macro/addr0[7]    0.040000    0.141493   -0.101493 (VIOLATED)
i_soc.i_ai_accel._17590_/D              1.000000    1.101458   -0.101458 (VIOLATED)
i_soc.i_ai_accel._17588_/B1             1.000000    1.101451   -0.101451 (VIOLATED)
ANTENNA_i_soc.i_ai_accel._17590__D/DIODE    1.000000    1.101443   -0.101443 (VIOLATED)
ANTENNA_i_soc.i_ai_accel._17588__B1/DIODE    1.000000    1.101443   -0.101443 (VIOLATED)
i_soc.i_ai_sram.u_sram.gen_bank[3].gen_512.u_macro/addr1[1]    0.040000    0.141410   -0.101410 (VIOLATED)
i_soc.i_ai_accel._17589_/D              1.000000    1.101396   -0.101396 (VIOLATED)
i_soc.i_ai_accel.u_conv_out.gen_bank[1].gen_512.u_macro/addr1[5]    0.040000    0.141360   -0.101360 (VIOLATED)
ANTENNA_i_soc.i_ai_accel._17589__D/DIODE    1.000000    1.101338   -0.101338 (VIOLATED)
i_soc.i_ai_accel.u_conv_out.gen_bank[0].gen_512.u_macro/addr0[5]    0.040000    0.141304   -0.101304 (VIOLATED)
i_soc.i_ai_accel.u_conv_out.gen_bank[1].gen_512.u_macro/addr0[0]    0.040000    0.141259   -0.101259 (VIOLATED)
ANTENNA_i_soc.i_ai_sram.u_sram._541__X/DIODE    1.000000    1.101214   -0.101214 (VIOLATED)
wire4271/A                              1.000000    1.101203   -0.101203 (VIOLATED)
i_soc.i_ai_sram.u_sram.gen_bank[11].gen_512.u_macro/wmask0[1]    0.040000    0.141203   -0.101203 (VIOLATED)
ANTENNA_wire4271_A/DIODE                1.000000    1.101200   -0.101200 (VIOLATED)
i_soc.i_ai_accel._17598_/A2             1.000000    1.101193   -0.101193 (VIOLATED)
i_soc.i_ai_sram.u_sram._541_/X          1.000000    1.101176   -0.101176 (VIOLATED)
i_soc.i_ai_accel.u_conv_out.gen_bank[1].gen_512.u_macro/wmask0[3]    0.040000    0.141170   -0.101169 (VIOLATED)
fanout4269/A                            1.000000    1.101152   -0.101152 (VIOLATED)
ANTENNA_fanout4269_A/DIODE              1.000000    1.101150   -0.101150 (VIOLATED)
i_soc.i_ai_accel.u_conv_w_mem/addr1[2]    0.040000    0.141140   -0.101140 (VIOLATED)
ANTENNA_i_soc.i_ai_accel._17598__A2/DIODE    1.000000    1.101097   -0.101097 (VIOLATED)
i_soc.i_qspi._15270_/A0                 1.000000    1.101077   -0.101077 (VIOLATED)
ANTENNA_i_soc.i_qspi._15270__A0/DIODE    1.000000    1.101076   -0.101076 (VIOLATED)
ANTENNA_fanout4270_X/DIODE              1.000000    1.101073   -0.101073 (VIOLATED)
fanout4270/X                            1.000000    1.101070   -0.101070 (VIOLATED)
i_soc.i_ai_accel._17599_/C              1.000000    1.100986   -0.100986 (VIOLATED)
ANTENNA_i_soc.i_ai_accel._17599__C/DIODE    1.000000    1.100970   -0.100970 (VIOLATED)
i_soc.i_ai_sram.u_sram.gen_bank[1].gen_512.u_macro/din0[3]    1.000000    1.100957   -0.100957 (VIOLATED)
i_soc.i_ai_sram.u_sram.gen_bank[1].gen_512.u_macro/din0[0]    1.000000    1.100924   -0.100924 (VIOLATED)
i_soc.i_ai_sram.u_sram.gen_bank[13].gen_512.u_macro/addr0[5]    0.040000    0.140783   -0.100783 (VIOLATED)
i_soc.i_ai_accel._17620_/A              1.000000    1.100654   -0.100654 (VIOLATED)
i_soc.i_ai_accel._17640_/A              1.000000    1.100654   -0.100653 (VIOLATED)
ANTENNA_i_soc.i_ai_accel._17620__A/DIODE    1.000000    1.100653   -0.100653 (VIOLATED)
ANTENNA_i_soc.i_ai_accel._17640__A/DIODE    1.000000    1.100641   -0.100641 (VIOLATED)
ANTENNA_i_soc.i_ai_sram.u_sram.gen_bank[4].gen_512.u_macro_din0[28]/DIODE    1.000000    1.100621   -0.100621 (VIOLATED)
i_soc.i_ai_accel._17618_/A              1.000000    1.100595   -0.100595 (VIOLATED)
ANTENNA_i_soc.i_ai_accel._17618__A/DIODE    1.000000    1.100583   -0.100583 (VIOLATED)
i_soc.i_crossbar._1027_/A               1.000000    1.100509   -0.100509 (VIOLATED)
ANTENNA_i_soc.i_crossbar._1027__A/DIODE    1.000000    1.100507   -0.100507 (VIOLATED)
ANTENNA_i_soc.i_obi_axi_data._171__X/DIODE    1.000000    1.100432   -0.100432 (VIOLATED)
i_soc.i_obi_axi_data._171_/X            1.000000    1.100281   -0.100281 (VIOLATED)
wire1278/A                              1.000000    1.100226   -0.100226 (VIOLATED)
ANTENNA_wire1278_A/DIODE                1.000000    1.100160   -0.100160 (VIOLATED)
load_slew969/A                          1.000000    1.100134   -0.100134 (VIOLATED)
ANTENNA_load_slew969_A/DIODE            1.000000    1.100133   -0.100133 (VIOLATED)
i_soc.i_ai_sram.u_sram.gen_bank[0].gen_512.u_macro/addr1[0]    0.040000    0.140124   -0.100124 (VIOLATED)
ANTENNA_i_soc.i_crossbar._0758__X/DIODE    1.000000    1.100108   -0.100108 (VIOLATED)
i_soc.i_crossbar._0758_/X               1.000000    1.100032   -0.100032 (VIOLATED)
ANTENNA_i_soc.i_ai_sram.u_sram.gen_bank[4].gen_512.u_macro_din0[10]/DIODE    1.000000    1.100008   -0.100008 (VIOLATED)
i_soc.i_ai_accel.u_conv_out.gen_bank[0].gen_512.u_macro/addr1[3]    0.040000    0.139694   -0.099694 (VIOLATED)
i_soc.i_ai_accel.u_conv_out.gen_bank[1].gen_512.u_macro/addr1[3]    0.040000    0.139687   -0.099687 (VIOLATED)
ANTENNA_i_soc.i_ai_sram.u_sram.gen_bank[0].gen_512.u_macro_din0[12]/DIODE    1.000000    1.099626   -0.099626 (VIOLATED)
i_soc.i_cpu.core_i.ex_stage_i.alu_i._4003_/B    1.000000    1.099547   -0.099547 (VIOLATED)
ANTENNA_i_soc.i_cpu.core_i.ex_stage_i.alu_i._4003__B/DIODE    1.000000    1.099546   -0.099546 (VIOLATED)
ANTENNA_i_soc.i_cpu.core_i.ex_stage_i.alu_i._6498__A1/DIODE    1.000000    1.099521   -0.099521 (VIOLATED)
i_soc.i_cpu.core_i.ex_stage_i.alu_i._6498_/A1    1.000000    1.099520   -0.099520 (VIOLATED)
i_soc.i_cpu.core_i.ex_stage_i.alu_i._6495_/A    1.000000    1.099431   -0.099431 (VIOLATED)
ANTENNA_i_soc.i_cpu.core_i.ex_stage_i.alu_i._6495__A/DIODE    1.000000    1.099429   -0.099429 (VIOLATED)
i_soc.i_cpu.core_i.ex_stage_i.alu_i._6487_/B1_N    1.000000    1.099386   -0.099386 (VIOLATED)
ANTENNA_i_soc.i_cpu.core_i.ex_stage_i.alu_i._6487__B1_N/DIODE    1.000000    1.099386   -0.099386 (VIOLATED)
i_soc.i_cpu.core_i.ex_stage_i.alu_i._6488_/A1    1.000000    1.099379   -0.099379 (VIOLATED)
ANTENNA_i_soc.i_cpu.core_i.ex_stage_i.alu_i._6488__A1/DIODE    1.000000    1.099378   -0.099378 (VIOLATED)
ANTENNA_i_soc.i_cpu.core_i.ex_stage_i.alu_i._4002__X/DIODE    1.000000    1.099296   -0.099296 (VIOLATED)
i_soc.i_cpu.core_i.ex_stage_i.alu_i._4002_/X    1.000000    1.099289   -0.099289 (VIOLATED)
i_soc.i_ai_accel.u_conv_out.gen_bank[0].gen_512.u_macro/addr0[0]    0.040000    0.139268   -0.099268 (VIOLATED)
i_soc.i_ai_accel.u_conv_w_mem/addr0[3]    0.040000    0.139210   -0.099210 (VIOLATED)
i_soc.i_ai_accel.u_conv_w_mem/addr0[5]    0.040000    0.139202   -0.099202 (VIOLATED)
i_soc.i_ai_accel._17712_/A1             1.000000    1.099087   -0.099087 (VIOLATED)
ANTENNA_i_soc.i_ai_accel._17712__A1/DIODE    1.000000    1.099039   -0.099039 (VIOLATED)
i_soc.i_ai_sram.u_sram.gen_bank[5].gen_512.u_macro/din0[11]    1.000000    1.098979   -0.098979 (VIOLATED)
i_soc.i_ai_accel._17713_/B              1.000000    1.098939   -0.098939 (VIOLATED)
ANTENNA_i_soc.i_ai_accel._17713__B/DIODE    1.000000    1.098938   -0.098938 (VIOLATED)
i_soc.i_ai_accel._17752_/B2             1.000000    1.098392   -0.098392 (VIOLATED)
ANTENNA_i_soc.i_ai_accel._17752__B2/DIODE    1.000000    1.098391   -0.098391 (VIOLATED)
i_soc.i_ai_accel._17751_/B              1.000000    1.098255   -0.098255 (VIOLATED)
ANTENNA_i_soc.i_ai_accel._17751__B/DIODE    1.000000    1.098255   -0.098255 (VIOLATED)
i_soc.i_ai_accel._17229_/A1             1.000000    1.098054   -0.098054 (VIOLATED)
ANTENNA_i_soc.i_ai_accel._17229__A1/DIODE    1.000000    1.098052   -0.098052 (VIOLATED)
i_soc.i_ai_accel._17799_/A1_N           1.000000    1.097981   -0.097981 (VIOLATED)
ANTENNA_wire4971_X/DIODE                1.000000    1.097260   -0.097260 (VIOLATED)
wire4971/X                              1.000000    1.097254   -0.097254 (VIOLATED)
ANTENNA_i_soc.i_ai_accel._17799__A1_N/DIODE    1.000000    1.097117   -0.097117 (VIOLATED)
ANTENNA_i_soc.i_ai_sram.u_sram._614__X/DIODE    1.000000    1.096747   -0.096747 (VIOLATED)
i_soc.i_ai_sram.u_sram._614_/X          1.000000    1.096727   -0.096727 (VIOLATED)
i_soc.i_ai_sram.u_sram.gen_bank[10].gen_512.u_macro/din0[31]    1.000000    1.096550   -0.096550 (VIOLATED)
i_soc.i_ai_accel._17798_/A_N            1.000000    1.096434   -0.096434 (VIOLATED)
ANTENNA_i_soc.i_ai_accel._17798__A_N/DIODE    1.000000    1.096414   -0.096414 (VIOLATED)
i_soc.i_ai_accel._17192_/A              1.000000    1.096329   -0.096329 (VIOLATED)
i_soc.i_ai_accel._11366_/A              1.000000    1.096325   -0.096325 (VIOLATED)
i_soc.i_ai_accel._11367_/A              1.000000    1.096324   -0.096324 (VIOLATED)
ANTENNA_i_soc.i_ai_accel._11367__A/DIODE    1.000000    1.096323   -0.096323 (VIOLATED)
ANTENNA_i_soc.i_ai_accel._11366__A/DIODE    1.000000    1.096322   -0.096322 (VIOLATED)
ANTENNA_i_soc.i_ai_accel._17192__A/DIODE    1.000000    1.096267   -0.096267 (VIOLATED)
i_soc.i_ai_accel._17194_/B1             1.000000    1.096214   -0.096214 (VIOLATED)
ANTENNA_i_soc.i_ai_accel._17194__B1/DIODE    1.000000    1.096214   -0.096214 (VIOLATED)
i_soc.i_ai_accel._11503_/A              1.000000    1.096200   -0.096200 (VIOLATED)
ANTENNA_i_soc.i_ai_accel._11503__A/DIODE    1.000000    1.096194   -0.096194 (VIOLATED)
ANTENNA_i_soc.i_ai_accel._23145__Q/DIODE    1.000000    1.096184   -0.096185 (VIOLATED)
i_soc.i_ai_accel._23145_/Q              1.000000    1.096176   -0.096176 (VIOLATED)
i_soc.i_ai_sram.u_sram.gen_bank[6].gen_512.u_macro/din0[12]    1.000000    1.096074   -0.096074 (VIOLATED)
i_soc.i_crossbar._0232_/A0              1.000000    1.095307   -0.095307 (VIOLATED)
ANTENNA_i_soc.i_crossbar._0232__A0/DIODE    1.000000    1.095307   -0.095307 (VIOLATED)
i_soc.i_ai_sram.u_sram._419_/B          1.000000    1.094825   -0.094825 (VIOLATED)
ANTENNA_i_soc.i_ai_sram.u_sram._419__B/DIODE    1.000000    1.094816   -0.094816 (VIOLATED)
i_soc.i_ai_sram.u_sram.gen_bank[2].gen_512.u_macro/din0[1]    1.000000    1.094674   -0.094674 (VIOLATED)
ANTENNA_input24_X/DIODE                 1.000000    1.094358   -0.094358 (VIOLATED)
input24/X                               1.000000    1.094358   -0.094358 (VIOLATED)
ANTENNA_i_soc.i_data_sram._51__Q/DIODE    1.000000    1.093795   -0.093795 (VIOLATED)
i_soc.i_data_sram._51_/Q                1.000000    1.093789   -0.093789 (VIOLATED)
fanout4272/A                            1.000000    1.093731   -0.093731 (VIOLATED)
ANTENNA_fanout4272_A/DIODE              1.000000    1.093724   -0.093724 (VIOLATED)
i_soc.i_ai_accel.u_input_mem/addr1[8]    0.040000    0.133666   -0.093666 (VIOLATED)
fanout4274/A                            1.000000    1.093595   -0.093595 (VIOLATED)
ANTENNA_fanout4274_A/DIODE              1.000000    1.093595   -0.093595 (VIOLATED)
i_soc.i_cpu.core_i.ex_stage_i.alu_i._5587_/A2    1.000000    1.093294   -0.093294 (VIOLATED)
ANTENNA_i_soc.i_cpu.core_i.ex_stage_i.alu_i._5587__A2/DIODE    1.000000    1.093292   -0.093292 (VIOLATED)
i_soc.i_cpu.core_i.ex_stage_i.alu_i._4135_/A2    1.000000    1.093236   -0.093236 (VIOLATED)
ANTENNA_i_soc.i_cpu.core_i.ex_stage_i.alu_i._4135__A2/DIODE    1.000000    1.093230   -0.093230 (VIOLATED)
i_soc.i_cpu.core_i.ex_stage_i.alu_i._4134_/B    1.000000    1.093221   -0.093221 (VIOLATED)
ANTENNA_i_soc.i_cpu.core_i.ex_stage_i.alu_i._4134__B/DIODE    1.000000    1.093220   -0.093220 (VIOLATED)
i_soc.i_cpu.core_i.ex_stage_i.alu_i._6419_/A0    1.000000    1.093156   -0.093156 (VIOLATED)
ANTENNA_i_soc.i_cpu.core_i.ex_stage_i.alu_i._4131__Y/DIODE    1.000000    1.093152   -0.093152 (VIOLATED)
i_soc.i_cpu.core_i.ex_stage_i.alu_i._5557_/B1    1.000000    1.093151   -0.093151 (VIOLATED)
ANTENNA_i_soc.i_cpu.core_i.ex_stage_i.alu_i._5557__B1/DIODE    1.000000    1.093151   -0.093151 (VIOLATED)
i_soc.i_cpu.core_i.ex_stage_i.alu_i._4131_/Y    1.000000    1.093148   -0.093148 (VIOLATED)
i_soc.i_cpu.core_i.ex_stage_i.alu_i._6169_/A0    1.000000    1.093135   -0.093135 (VIOLATED)
i_soc.i_cpu.core_i.ex_stage_i.alu_i._5914_/A0    1.000000    1.093077   -0.093077 (VIOLATED)
i_soc.i_cpu.core_i.ex_stage_i.alu_i._5576_/A1    1.000000    1.093069   -0.093069 (VIOLATED)
i_soc.i_cpu.core_i.ex_stage_i.alu_i._5581_/A1    1.000000    1.093015   -0.093015 (VIOLATED)
i_soc.i_cpu.core_i.ex_stage_i.alu_i._5577_/A1    1.000000    1.092951   -0.092951 (VIOLATED)
wire4276/A                              1.000000    1.092680   -0.092680 (VIOLATED)
ANTENNA_fanout4275_X/DIODE              1.000000    1.092679   -0.092679 (VIOLATED)
ANTENNA_wire4276_A/DIODE                1.000000    1.092679   -0.092679 (VIOLATED)
fanout4275/X                            1.000000    1.092677   -0.092677 (VIOLATED)
i_soc.i_cpu.core_i.ex_stage_i.alu_i._5594_/A1    1.000000    1.092255   -0.092255 (VIOLATED)
wire1793/A                              1.000000    1.092229   -0.092229 (VIOLATED)
ANTENNA_wire1793_A/DIODE                1.000000    1.092219   -0.092219 (VIOLATED)
i_soc.i_cpu.core_i.ex_stage_i.alu_i._3714_/A1    1.000000    1.091926   -0.091926 (VIOLATED)
i_soc.i_cpu.core_i.ex_stage_i.alu_i._5563_/A0    1.000000    1.091805   -0.091805 (VIOLATED)
i_soc.i_ai_sram.u_sram.gen_bank[13].gen_512.u_macro/din0[19]    1.000000    1.091734   -0.091734 (VIOLATED)
i_soc.i_cpu.core_i.ex_stage_i.alu_i._3308_/A    1.000000    1.091712   -0.091712 (VIOLATED)
i_soc.i_cpu.core_i.ex_stage_i.alu_i._3805_/A    1.000000    1.091640   -0.091640 (VIOLATED)
i_soc.i_cpu.core_i.load_store_unit_i._0792_/C1    1.000000    1.091514   -0.091513 (VIOLATED)
ANTENNA_i_soc.i_cpu.core_i.load_store_unit_i._0792__C1/DIODE    1.000000    1.091506   -0.091506 (VIOLATED)
i_soc.i_cpu.core_i.load_store_unit_i._0778_/B    1.000000    1.091496   -0.091496 (VIOLATED)
i_soc.i_cpu.core_i.load_store_unit_i._0777_/B    1.000000    1.091484   -0.091484 (VIOLATED)
i_soc.i_cpu.core_i.load_store_unit_i._0782_/A2    1.000000    1.091428   -0.091428 (VIOLATED)
i_soc.i_cpu.core_i.ex_stage_i.alu_i._4496_/A0    1.000000    1.091279   -0.091279 (VIOLATED)
wire6848/A                              1.000000    1.091079   -0.091079 (VIOLATED)
ANTENNA_wire6848_A/DIODE                1.000000    1.091035   -0.091035 (VIOLATED)
i_soc.i_cpu.core_i.ex_stage_i.alu_i._4342_/A0    1.000000    1.090676   -0.090676 (VIOLATED)
i_soc.i_cpu.core_i.ex_stage_i.alu_i._5366_/A    1.000000    1.090559   -0.090559 (VIOLATED)
ANTENNA_i_soc.i_ai_sram.u_sram.gen_bank[4].gen_512.u_macro_din0[26]/DIODE    1.000000    1.090520   -0.090520 (VIOLATED)
i_soc.i_cpu.core_i.ex_stage_i.alu_i.popcnt_i._138_/A    1.000000    1.090426   -0.090426 (VIOLATED)
i_soc.i_ai_sram.u_sram.gen_bank[6].gen_512.u_macro/din0[15]    1.000000    1.090358   -0.090359 (VIOLATED)
i_soc.i_cpu.core_i.ex_stage_i._103_/B1    1.000000    1.090268   -0.090268 (VIOLATED)
i_soc.i_cpu.core_i.ex_stage_i._099_/B1    1.000000    1.090268   -0.090268 (VIOLATED)
ANTENNA_i_soc.i_cpu.core_i.ex_stage_i._099__B1/DIODE    1.000000    1.090266   -0.090266 (VIOLATED)
ANTENNA_i_soc.i_cpu.core_i.ex_stage_i._103__B1/DIODE    1.000000    1.090264   -0.090264 (VIOLATED)
i_soc.i_cpu.core_i.ex_stage_i._105_/B1    1.000000    1.090263   -0.090263 (VIOLATED)
ANTENNA_i_soc.i_cpu.core_i.ex_stage_i._105__B1/DIODE    1.000000    1.090257   -0.090257 (VIOLATED)
i_soc.i_cpu.core_i.ex_stage_i._101_/B1    1.000000    1.090256   -0.090256 (VIOLATED)
ANTENNA_i_soc.i_cpu.core_i.ex_stage_i._101__B1/DIODE    1.000000    1.090253   -0.090253 (VIOLATED)
i_soc.i_cpu.core_i.ex_stage_i._109_/B1    1.000000    1.090226   -0.090226 (VIOLATED)
i_soc.i_cpu.core_i.ex_stage_i._073_/B1    1.000000    1.090215   -0.090215 (VIOLATED)
ANTENNA_i_soc.i_cpu.core_i.ex_stage_i._073__B1/DIODE    1.000000    1.090211   -0.090211 (VIOLATED)
ANTENNA_i_soc.i_cpu.core_i.ex_stage_i._109__B1/DIODE    1.000000    1.090167   -0.090167 (VIOLATED)
i_soc.i_cpu.core_i.ex_stage_i._095_/B1    1.000000    1.090129   -0.090129 (VIOLATED)
ANTENNA_i_soc.i_cpu.core_i.ex_stage_i._111__B1/DIODE    1.000000    1.090119   -0.090119 (VIOLATED)
ANTENNA_i_soc.i_cpu.core_i.ex_stage_i._095__B1/DIODE    1.000000    1.090095   -0.090095 (VIOLATED)
i_soc.i_cpu.core_i.ex_stage_i._111_/B1    1.000000    1.090048   -0.090048 (VIOLATED)
i_soc.i_cpu.core_i.ex_stage_i._089_/B1    1.000000    1.090031   -0.090031 (VIOLATED)
ANTENNA_i_soc.i_cpu.core_i.ex_stage_i._089__B1/DIODE    1.000000    1.090026   -0.090026 (VIOLATED)
i_soc.i_cpu.core_i.ex_stage_i._059_/B1    1.000000    1.090002   -0.090002 (VIOLATED)
ANTENNA_i_soc.i_cpu.core_i.ex_stage_i._059__B1/DIODE    1.000000    1.089996   -0.089996 (VIOLATED)
ANTENNA_i_soc.i_cpu.core_i.ex_stage_i._061__B1/DIODE    1.000000    1.089988   -0.089987 (VIOLATED)
i_soc.i_cpu.core_i.ex_stage_i._061_/B1    1.000000    1.089986   -0.089986 (VIOLATED)
ANTENNA_i_soc.i_cpu.core_i.ex_stage_i._107__B1/DIODE    1.000000    1.089985   -0.089985 (VIOLATED)
i_soc.i_cpu.core_i.ex_stage_i._107_/B1    1.000000    1.089985   -0.089985 (VIOLATED)
i_soc.i_cpu.core_i.ex_stage_i._077_/B1    1.000000    1.089980   -0.089979 (VIOLATED)
i_soc.i_cpu.core_i.ex_stage_i._063_/B1    1.000000    1.089976   -0.089976 (VIOLATED)
i_soc.i_cpu.core_i.ex_stage_i._069_/B1    1.000000    1.089971   -0.089971 (VIOLATED)
ANTENNA_i_soc.i_cpu.core_i.ex_stage_i._077__B1/DIODE    1.000000    1.089969   -0.089969 (VIOLATED)
ANTENNA_i_soc.i_cpu.core_i.ex_stage_i._069__B1/DIODE    1.000000    1.089968   -0.089968 (VIOLATED)
i_soc.i_cpu.core_i.ex_stage_i._097_/B1    1.000000    1.089964   -0.089964 (VIOLATED)
ANTENNA_i_soc.i_cpu.core_i.ex_stage_i._097__B1/DIODE    1.000000    1.089953   -0.089953 (VIOLATED)
ANTENNA_i_soc.i_cpu.core_i.ex_stage_i._063__B1/DIODE    1.000000    1.089943   -0.089943 (VIOLATED)
i_soc.i_cpu.core_i.ex_stage_i._065_/B1    1.000000    1.089943   -0.089943 (VIOLATED)
ANTENNA_i_soc.i_cpu.core_i.ex_stage_i._065__B1/DIODE    1.000000    1.089942   -0.089942 (VIOLATED)
i_soc.i_cpu.core_i.ex_stage_i._055_/B1    1.000000    1.089929   -0.089929 (VIOLATED)
i_soc.i_cpu.core_i.ex_stage_i._051_/B1    1.000000    1.089928   -0.089928 (VIOLATED)
i_soc.i_cpu.core_i.ex_stage_i._057_/B1    1.000000    1.089926   -0.089926 (VIOLATED)
i_soc.i_cpu.core_i.ex_stage_i._071_/B1    1.000000    1.089921   -0.089921 (VIOLATED)
ANTENNA_i_soc.i_cpu.core_i.ex_stage_i._057__B1/DIODE    1.000000    1.089918   -0.089918 (VIOLATED)
i_soc.i_cpu.core_i.ex_stage_i._091_/B1    1.000000    1.089907   -0.089907 (VIOLATED)
ANTENNA_i_soc.i_cpu.core_i.ex_stage_i._055__B1/DIODE    1.000000    1.089904   -0.089904 (VIOLATED)
ANTENNA_i_soc.i_cpu.core_i.ex_stage_i._051__B1/DIODE    1.000000    1.089903   -0.089903 (VIOLATED)
i_soc.i_cpu.core_i.ex_stage_i.alu_i._5590_/B2    1.000000    1.089896   -0.089896 (VIOLATED)
ANTENNA_i_soc.i_cpu.core_i.ex_stage_i._053__B1/DIODE    1.000000    1.089896   -0.089896 (VIOLATED)
ANTENNA_i_soc.i_cpu.core_i.ex_stage_i._091__B1/DIODE    1.000000    1.089890   -0.089890 (VIOLATED)
i_soc.i_cpu.core_i.ex_stage_i.alu_i._3401_/B    1.000000    1.089888   -0.089888 (VIOLATED)
ANTENNA_i_soc.i_cpu.core_i.ex_stage_i._071__B1/DIODE    1.000000    1.089886   -0.089886 (VIOLATED)
i_soc.i_cpu.core_i.ex_stage_i._053_/B1    1.000000    1.089881   -0.089881 (VIOLATED)
i_soc.i_cpu.core_i.ex_stage_i._075_/B1    1.000000    1.089834   -0.089834 (VIOLATED)
ANTENNA_i_soc.i_cpu.core_i.ex_stage_i._113__B1/DIODE    1.000000    1.089834   -0.089834 (VIOLATED)
ANTENNA_i_soc.i_cpu.core_i.ex_stage_i._075__B1/DIODE    1.000000    1.089831   -0.089831 (VIOLATED)
i_soc.i_cpu.core_i.ex_stage_i._067_/B1    1.000000    1.089828   -0.089827 (VIOLATED)
ANTENNA_i_soc.i_cpu.core_i.ex_stage_i._067__B1/DIODE    1.000000    1.089824   -0.089824 (VIOLATED)
ANTENNA_i_soc.i_cpu.core_i.ex_stage_i._093__B1/DIODE    1.000000    1.089824   -0.089824 (VIOLATED)
i_soc.i_cpu.core_i.ex_stage_i._113_/B1    1.000000    1.089790   -0.089790 (VIOLATED)
ANTENNA_i_soc.i_cpu.core_i.ex_stage_i._079__B1/DIODE    1.000000    1.089789   -0.089789 (VIOLATED)
i_soc.i_cpu.core_i.ex_stage_i._093_/B1    1.000000    1.089789   -0.089789 (VIOLATED)
i_soc.i_cpu.core_i.ex_stage_i._079_/B1    1.000000    1.089782   -0.089782 (VIOLATED)
i_soc.i_cpu.core_i.ex_stage_i._081_/B1    1.000000    1.089766   -0.089766 (VIOLATED)
i_soc.i_cpu.core_i.ex_stage_i._087_/B1    1.000000    1.089737   -0.089737 (VIOLATED)
ANTENNA_i_soc.i_cpu.core_i.ex_stage_i._087__B1/DIODE    1.000000    1.089734   -0.089734 (VIOLATED)
ANTENNA_i_soc.i_cpu.core_i.ex_stage_i._081__B1/DIODE    1.000000    1.089711   -0.089711 (VIOLATED)
ANTENNA_i_soc.i_cpu.core_i.ex_stage_i._085__B1/DIODE    1.000000    1.089652   -0.089652 (VIOLATED)
i_soc.i_cpu.core_i.ex_stage_i._083_/B1    1.000000    1.089609   -0.089609 (VIOLATED)
ANTENNA_i_soc.i_cpu.core_i.ex_stage_i._083__B1/DIODE    1.000000    1.089608   -0.089608 (VIOLATED)
i_soc.i_cpu.core_i.ex_stage_i._085_/B1    1.000000    1.089600   -0.089600 (VIOLATED)
ANTENNA_i_soc.i_cpu.core_i.ex_stage_i._050__X/DIODE    1.000000    1.089600   -0.089600 (VIOLATED)
i_soc.i_cpu.core_i.ex_stage_i._050_/X    1.000000    1.089593   -0.089593 (VIOLATED)
wire1251/A                              1.000000    1.089094   -0.089094 (VIOLATED)
ANTENNA_wire1251_A/DIODE                1.000000    1.089077   -0.089077 (VIOLATED)
i_soc.i_ai_sram.u_sram.gen_bank[6].gen_512.u_macro/din0[9]    1.000000    1.088922   -0.088922 (VIOLATED)
wire1332/A                              1.000000    1.088755   -0.088755 (VIOLATED)
wire1832/A                              1.000000    1.088728   -0.088728 (VIOLATED)
ANTENNA_wire1332_A/DIODE                1.000000    1.088697   -0.088697 (VIOLATED)
i_soc.i_cpu.core_i.load_store_unit_i._0956_/A    1.000000    1.088679   -0.088679 (VIOLATED)
ANTENNA_i_soc.i_cpu.core_i.load_store_unit_i._0956__A/DIODE    1.000000    1.088673   -0.088673 (VIOLATED)
i_soc.i_cpu.core_i.load_store_unit_i._0957_/A    1.000000    1.088670   -0.088670 (VIOLATED)
ANTENNA_i_soc.i_ai_sram.u_sram._629__X/DIODE    1.000000    1.088643   -0.088643 (VIOLATED)
i_soc.i_ai_sram.u_sram._629_/X          1.000000    1.088643   -0.088643 (VIOLATED)
ANTENNA_i_soc.i_cpu.core_i.load_store_unit_i._0957__A/DIODE    1.000000    1.088641   -0.088641 (VIOLATED)
ANTENNA_wire1832_A/DIODE                1.000000    1.088588   -0.088588 (VIOLATED)
i_soc.i_ai_sram.u_sram.gen_bank[8].gen_512.u_macro/din0[14]    1.000000    1.088392   -0.088392 (VIOLATED)
i_soc.i_cpu.core_i.ex_stage_i.alu_i._5369_/A1_N    1.000000    1.088076   -0.088076 (VIOLATED)
ANTENNA_i_soc.i_cpu.core_i.ex_stage_i.alu_i._5369__A1_N/DIODE    1.000000    1.088069   -0.088069 (VIOLATED)
i_soc.i_cpu.core_i.ex_stage_i.alu_i._3371_/A    1.000000    1.087960   -0.087960 (VIOLATED)
ANTENNA_i_soc.i_cpu.core_i.ex_stage_i.alu_i._3371__A/DIODE    1.000000    1.087857   -0.087857 (VIOLATED)
load_slew1292/A                         1.000000    1.087402   -0.087402 (VIOLATED)
ANTENNA_load_slew1292_A/DIODE           1.000000    1.087386   -0.087386 (VIOLATED)
i_soc.i_cpu.core_i.ex_stage_i.alu_i.alu_div_i._1283_/A0    1.000000    1.087284   -0.087284 (VIOLATED)
ANTENNA_i_soc.i_cpu.core_i.ex_stage_i.alu_i.alu_div_i._1283__A0/DIODE    1.000000    1.087282   -0.087282 (VIOLATED)
i_soc.i_cpu.core_i.ex_stage_i.alu_i._3271_/A    1.000000    1.087094   -0.087094 (VIOLATED)
ANTENNA_i_soc.i_cpu.core_i.ex_stage_i.alu_i._3271__A/DIODE    1.000000    1.086910   -0.086910 (VIOLATED)
i_soc.i_cpu.core_i.ex_stage_i.alu_i._3675_/A0    1.000000    1.086875   -0.086875 (VIOLATED)
ANTENNA_i_soc.i_cpu.core_i.ex_stage_i.alu_i._3675__A0/DIODE    1.000000    1.086872   -0.086872 (VIOLATED)
ANTENNA_i_soc.i_cpu.core_i.ex_stage_i.alu_i._4663__A1/DIODE    1.000000    1.086857   -0.086857 (VIOLATED)
i_soc.i_cpu.core_i.ex_stage_i.alu_i._4663_/A1    1.000000    1.086855   -0.086855 (VIOLATED)
i_soc.i_ai_sram.u_sram._465_/A2         1.000000    1.086453   -0.086453 (VIOLATED)
ANTENNA_i_soc.i_ai_sram.u_sram._465__A2/DIODE    1.000000    1.086439   -0.086439 (VIOLATED)
i_soc.i_ai_sram.u_sram._626_/A3         1.000000    1.086422   -0.086422 (VIOLATED)
ANTENNA_i_soc.i_ai_sram.u_sram._626__A3/DIODE    1.000000    1.086403   -0.086403 (VIOLATED)
load_slew2844/A                         1.000000    1.086280   -0.086280 (VIOLATED)
i_soc.i_ai_accel._14809_/A1             1.000000    1.086277   -0.086277 (VIOLATED)
ANTENNA_load_slew2844_A/DIODE           1.000000    1.086275   -0.086275 (VIOLATED)
ANTENNA_i_soc.i_ai_accel._14809__A1/DIODE    1.000000    1.086274   -0.086274 (VIOLATED)
i_soc.i_ai_accel._14537_/A1             1.000000    1.086221   -0.086221 (VIOLATED)
ANTENNA_i_soc.i_ai_accel._14537__A1/DIODE    1.000000    1.086216   -0.086216 (VIOLATED)
i_soc.i_ai_accel._13746_/A1             1.000000    1.086192   -0.086192 (VIOLATED)
ANTENNA_i_soc.i_ai_accel._13746__A1/DIODE    1.000000    1.086191   -0.086191 (VIOLATED)
i_soc.i_ai_accel._14266_/A1             1.000000    1.086149   -0.086149 (VIOLATED)
ANTENNA_i_soc.i_ai_accel._14266__A1/DIODE    1.000000    1.086124   -0.086124 (VIOLATED)
ANTENNA_i_soc.i_ai_sram.u_sram.gen_bank[0].gen_512.u_macro_din0[27]/DIODE    1.000000    1.086043   -0.086043 (VIOLATED)
wire2845/A                              1.000000    1.086007   -0.086007 (VIOLATED)
ANTENNA_wire2845_A/DIODE                1.000000    1.086005   -0.086005 (VIOLATED)
i_soc.i_ai_accel._14007_/A1             1.000000    1.085974   -0.085974 (VIOLATED)
ANTENNA_i_soc.i_ai_accel._14007__A1/DIODE    1.000000    1.085927   -0.085926 (VIOLATED)
i_soc.i_cpu.core_i.ex_stage_i.alu_i._3789_/A1    1.000000    1.085851   -0.085851 (VIOLATED)
ANTENNA_i_soc.i_cpu.core_i.ex_stage_i.alu_i._3789__A1/DIODE    1.000000    1.085848   -0.085848 (VIOLATED)
i_soc.i_ai_accel._12995_/A1             1.000000    1.085760   -0.085760 (VIOLATED)
ANTENNA_i_soc.i_ai_accel._12995__A1/DIODE    1.000000    1.085759   -0.085759 (VIOLATED)
ANTENNA_fanout2843_X/DIODE              1.000000    1.085692   -0.085692 (VIOLATED)
ANTENNA_i_soc.i_ai_accel._14400__A1/DIODE    1.000000    1.085691   -0.085691 (VIOLATED)
fanout2843/X                            1.000000    1.085688   -0.085687 (VIOLATED)
i_soc.i_ai_accel._14400_/A1             1.000000    1.085688   -0.085687 (VIOLATED)
i_soc.i_cpu.core_i.ex_stage_i.alu_i._5401_/A1    1.000000    1.085629   -0.085629 (VIOLATED)
ANTENNA_i_soc.i_cpu.core_i.ex_stage_i.alu_i._5401__A1/DIODE    1.000000    1.085621   -0.085621 (VIOLATED)
i_soc.i_cpu.core_i.ex_stage_i.alu_i._6412_/B2    1.000000    1.085293   -0.085293 (VIOLATED)
ANTENNA_i_soc.i_cpu.core_i.ex_stage_i.alu_i._6412__B2/DIODE    1.000000    1.085212   -0.085212 (VIOLATED)
i_soc.i_cpu.core_i.ex_stage_i.alu_i._6411_/A2    1.000000    1.085169   -0.085169 (VIOLATED)
ANTENNA_i_soc.i_ai_sram.u_sram.gen_bank[1].gen_512.u_macro_din0[26]/DIODE    1.000000    1.085036   -0.085036 (VIOLATED)
i_soc.i_cpu.core_i.ex_stage_i.alu_i._6576_/A1    1.000000    1.084992   -0.084992 (VIOLATED)
ANTENNA_i_soc.i_cpu.core_i.ex_stage_i.alu_i._6411__A2/DIODE    1.000000    1.084868   -0.084868 (VIOLATED)
wire1795/A                              1.000000    1.083942   -0.083942 (VIOLATED)
ANTENNA_wire1795_A/DIODE                1.000000    1.083937   -0.083937 (VIOLATED)
ANTENNA_i_soc.i_ai_sram.u_sram.gen_bank[2].gen_512.u_macro_din0[24]/DIODE    1.000000    1.083902   -0.083902 (VIOLATED)
i_soc.i_ai_sram.u_sram._527_/A3         1.000000    1.083602   -0.083602 (VIOLATED)
ANTENNA_i_soc.i_ai_sram.u_sram._527__A3/DIODE    1.000000    1.083602   -0.083602 (VIOLATED)
i_soc.i_ai_sram.u_sram.gen_bank[5].gen_512.u_macro/din0[13]    1.000000    1.083476   -0.083476 (VIOLATED)
load_slew1794/A                         1.000000    1.083474   -0.083474 (VIOLATED)
ANTENNA_load_slew1794_A/DIODE           1.000000    1.083468   -0.083468 (VIOLATED)
load_slew1796/A                         1.000000    1.083404   -0.083404 (VIOLATED)
ANTENNA_load_slew1796_A/DIODE           1.000000    1.083400   -0.083400 (VIOLATED)
i_soc.i_cpu.core_i.ex_stage_i.alu_i._6347_/B2    1.000000    1.083368   -0.083368 (VIOLATED)
ANTENNA_i_soc.i_cpu.core_i.ex_stage_i.alu_i._6347__B2/DIODE    1.000000    1.083366   -0.083366 (VIOLATED)
i_soc.i_cpu.core_i.ex_stage_i.alu_i._5571_/A0    1.000000    1.083261   -0.083261 (VIOLATED)
ANTENNA_i_soc.i_cpu.core_i.ex_stage_i.alu_i._5571__A0/DIODE    1.000000    1.083261   -0.083261 (VIOLATED)
ANTENNA_i_soc.i_cpu.core_i.id_stage_i._3113__A1/DIODE    1.000000    1.083244   -0.083244 (VIOLATED)
i_soc.i_cpu.core_i.id_stage_i._3113_/A1    1.000000    1.083244   -0.083244 (VIOLATED)
ANTENNA_i_soc.i_cpu.core_i.id_stage_i._3737__Q/DIODE    1.000000    1.083244   -0.083244 (VIOLATED)
i_soc.i_cpu.core_i.id_stage_i._3737_/Q    1.000000    1.083237   -0.083237 (VIOLATED)
i_soc.i_ai_sram.u_sram.gen_bank[9].gen_512.u_macro/din0[26]    1.000000    1.082919   -0.082919 (VIOLATED)
i_soc.i_ai_sram.u_sram.gen_bank[3].gen_512.u_macro/din0[7]    1.000000    1.082458   -0.082457 (VIOLATED)
ANTENNA_i_soc.i_ai_sram.u_sram._651__X/DIODE    1.000000    1.082157   -0.082157 (VIOLATED)
i_soc.i_ai_sram.u_sram._651_/X          1.000000    1.082157   -0.082157 (VIOLATED)
ANTENNA_i_soc.i_crossbar._0753__X/DIODE    1.000000    1.082135   -0.082135 (VIOLATED)
wire229/A                               1.000000    1.082124   -0.082124 (VIOLATED)
i_soc.i_crossbar._0753_/X               1.000000    1.082106   -0.082106 (VIOLATED)
ANTENNA_wire229_A/DIODE                 1.000000    1.082097   -0.082097 (VIOLATED)
i_soc.i_qspi._13158_/A1                 1.000000    1.081972   -0.081972 (VIOLATED)
i_soc.i_qspi._15049_/A1                 1.000000    1.081970   -0.081970 (VIOLATED)
ANTENNA_i_soc.i_qspi._13158__A1/DIODE    1.000000    1.081969   -0.081969 (VIOLATED)
ANTENNA_i_soc.i_qspi._15049__A1/DIODE    1.000000    1.081969   -0.081969 (VIOLATED)
i_soc.i_qspi._14155_/A1                 1.000000    1.081962   -0.081962 (VIOLATED)
ANTENNA_i_soc.i_qspi._14155__A1/DIODE    1.000000    1.081962   -0.081962 (VIOLATED)
i_soc.i_qspi._14520_/A1                 1.000000    1.081959   -0.081959 (VIOLATED)
ANTENNA_i_soc.i_qspi._14520__A1/DIODE    1.000000    1.081958   -0.081958 (VIOLATED)
i_soc.i_ai_sram.u_sram.gen_bank[8].gen_512.u_macro/din0[2]    1.000000    1.081957   -0.081957 (VIOLATED)
i_soc.i_qspi._13427_/A1                 1.000000    1.081952   -0.081952 (VIOLATED)
load_slew4294/A                         1.000000    1.081950   -0.081950 (VIOLATED)
ANTENNA_load_slew4294_A/DIODE           1.000000    1.081949   -0.081949 (VIOLATED)
i_soc.i_qspi._13124_/A1                 1.000000    1.081947   -0.081947 (VIOLATED)
ANTENNA_i_soc.i_qspi._13124__A1/DIODE    1.000000    1.081947   -0.081947 (VIOLATED)
ANTENNA_i_soc.i_qspi._13427__A1/DIODE    1.000000    1.081941   -0.081941 (VIOLATED)
i_soc.i_qspi._13226_/A1                 1.000000    1.081877   -0.081877 (VIOLATED)
ANTENNA_i_soc.i_qspi._13226__A1/DIODE    1.000000    1.081873   -0.081873 (VIOLATED)
i_soc.i_qspi._13260_/A1                 1.000000    1.081868   -0.081868 (VIOLATED)
ANTENNA_i_soc.i_qspi._13260__A1/DIODE    1.000000    1.081865   -0.081865 (VIOLATED)
i_soc.i_qspi._13192_/A1                 1.000000    1.081844   -0.081844 (VIOLATED)
ANTENNA_i_soc.i_qspi._13192__A1/DIODE    1.000000    1.081834   -0.081834 (VIOLATED)
i_soc.i_qspi._13090_/A1                 1.000000    1.081776   -0.081776 (VIOLATED)
i_soc.i_crossbar._0627_/A               1.000000    1.081765   -0.081765 (VIOLATED)
ANTENNA_i_soc.i_qspi._13090__A1/DIODE    1.000000    1.081763   -0.081763 (VIOLATED)
ANTENNA_i_soc.i_crossbar._0627__A/DIODE    1.000000    1.081762   -0.081762 (VIOLATED)
i_soc.i_crossbar._0869_/A               1.000000    1.081365   -0.081365 (VIOLATED)
ANTENNA_i_soc.i_crossbar._0869__A/DIODE    1.000000    1.081346   -0.081346 (VIOLATED)
ANTENNA_fanout4293_X/DIODE              1.000000    1.081167   -0.081167 (VIOLATED)
ANTENNA_i_soc.i_qspi._14454__A0/DIODE    1.000000    1.081167   -0.081167 (VIOLATED)
ANTENNA_i_soc.i_qspi._14553__A0/DIODE    1.000000    1.081166   -0.081166 (VIOLATED)
i_soc.i_qspi._14553_/A0                 1.000000    1.081166   -0.081166 (VIOLATED)
fanout4293/X                            1.000000    1.081165   -0.081165 (VIOLATED)
i_soc.i_qspi._14454_/A0                 1.000000    1.081165   -0.081165 (VIOLATED)
i_soc.i_qspi._14828_/A1                 1.000000    1.080374   -0.080374 (VIOLATED)
ANTENNA_i_soc.i_qspi._14828__A1/DIODE    1.000000    1.080373   -0.080373 (VIOLATED)
i_soc.i_qspi._14993_/A1                 1.000000    1.080371   -0.080370 (VIOLATED)
ANTENNA_i_soc.i_qspi._14993__A1/DIODE    1.000000    1.080368   -0.080368 (VIOLATED)
i_soc.i_qspi._14464_/A0                 1.000000    1.080361   -0.080361 (VIOLATED)
ANTENNA_i_soc.i_obi_axi_instr._115__X/DIODE    1.000000    1.080361   -0.080361 (VIOLATED)
ANTENNA_i_soc.i_qspi._14431__A0/DIODE    1.000000    1.080360   -0.080360 (VIOLATED)
i_soc.i_qspi._14431_/A0                 1.000000    1.080360   -0.080360 (VIOLATED)
i_soc.i_obi_axi_instr._115_/X           1.000000    1.080359   -0.080359 (VIOLATED)
i_soc.i_qspi._14530_/A0                 1.000000    1.080359   -0.080359 (VIOLATED)
ANTENNA_i_soc.i_qspi._14530__A0/DIODE    1.000000    1.080359   -0.080359 (VIOLATED)
ANTENNA_i_soc.i_qspi._14464__A0/DIODE    1.000000    1.080357   -0.080357 (VIOLATED)
i_soc.i_qspi._14563_/A1                 1.000000    1.080351   -0.080352 (VIOLATED)
ANTENNA_i_soc.i_qspi._14563__A1/DIODE    1.000000    1.080344   -0.080344 (VIOLATED)
wire4422/A                              1.000000    1.080338   -0.080338 (VIOLATED)
ANTENNA_wire4422_A/DIODE                1.000000    1.080336   -0.080336 (VIOLATED)
i_soc.i_qspi._14629_/A1                 1.000000    1.080324   -0.080324 (VIOLATED)
ANTENNA_i_soc.i_qspi._14629__A1/DIODE    1.000000    1.080324   -0.080324 (VIOLATED)
i_soc.i_qspi._14662_/A1                 1.000000    1.080323   -0.080323 (VIOLATED)
ANTENNA_i_soc.i_qspi._14662__A1/DIODE    1.000000    1.080321   -0.080321 (VIOLATED)
ANTENNA_i_soc.i_qspi._14596__A0/DIODE    1.000000    1.080319   -0.080319 (VIOLATED)
i_soc.i_qspi._14596_/A0                 1.000000    1.080319   -0.080319 (VIOLATED)
i_soc.i_qspi._14695_/A1                 1.000000    1.080299   -0.080299 (VIOLATED)
ANTENNA_i_soc.i_qspi._14695__A1/DIODE    1.000000    1.080297   -0.080297 (VIOLATED)
i_soc.i_qspi._13901_/A1                 1.000000    1.080252   -0.080252 (VIOLATED)
ANTENNA_i_soc.i_qspi._13901__A1/DIODE    1.000000    1.080252   -0.080252 (VIOLATED)
ANTENNA_i_soc.i_qspi._14000__A1/DIODE    1.000000    1.080252   -0.080252 (VIOLATED)
i_soc.i_qspi._14000_/A1                 1.000000    1.080252   -0.080252 (VIOLATED)
i_soc.i_qspi._13868_/A1                 1.000000    1.080251   -0.080251 (VIOLATED)
ANTENNA_i_soc.i_qspi._13868__A1/DIODE    1.000000    1.080251   -0.080251 (VIOLATED)
i_soc.i_qspi._13934_/A1                 1.000000    1.080248   -0.080248 (VIOLATED)
ANTENNA_i_soc.i_qspi._13934__A1/DIODE    1.000000    1.080246   -0.080246 (VIOLATED)
i_soc.i_qspi._14066_/A1                 1.000000    1.080244   -0.080244 (VIOLATED)
ANTENNA_i_soc.i_qspi._14066__A1/DIODE    1.000000    1.080243   -0.080243 (VIOLATED)
i_soc.i_ai_sram.u_sram._549_/A3         1.000000    1.080243   -0.080243 (VIOLATED)
i_soc.i_qspi._14099_/A1                 1.000000    1.080243   -0.080243 (VIOLATED)
ANTENNA_i_soc.i_qspi._14099__A1/DIODE    1.000000    1.080243   -0.080243 (VIOLATED)
i_soc.i_qspi._13967_/A1                 1.000000    1.080243   -0.080242 (VIOLATED)
ANTENNA_i_soc.i_qspi._13967__A1/DIODE    1.000000    1.080242   -0.080242 (VIOLATED)
ANTENNA_i_soc.i_qspi._15242__A0/DIODE    1.000000    1.080235   -0.080235 (VIOLATED)
ANTENNA_fanout4421_X/DIODE              1.000000    1.080235   -0.080235 (VIOLATED)
fanout4421/X                            1.000000    1.080233   -0.080233 (VIOLATED)
i_soc.i_qspi._15242_/A0                 1.000000    1.080233   -0.080233 (VIOLATED)
ANTENNA_i_soc.i_ai_sram.u_sram._549__A3/DIODE    1.000000    1.080232   -0.080232 (VIOLATED)
ANTENNA_26/DIODE                        1.000000    1.079768   -0.079768 (VIOLATED)
ANTENNA_24/DIODE                        1.000000    1.079754   -0.079754 (VIOLATED)
ANTENNA_22/DIODE                        1.000000    1.079747   -0.079747 (VIOLATED)
ANTENNA_i_soc.i_ai_sram.u_sram._732__X/DIODE    1.000000    1.079738   -0.079738 (VIOLATED)
ANTENNA_21/DIODE                        1.000000    1.079716   -0.079716 (VIOLATED)
ANTENNA_25/DIODE                        1.000000    1.079716   -0.079716 (VIOLATED)
ANTENNA_23/DIODE                        1.000000    1.079715   -0.079715 (VIOLATED)
ANTENNA_27/DIODE                        1.000000    1.079712   -0.079712 (VIOLATED)
i_soc.i_ai_sram.u_sram._732_/X          1.000000    1.079679   -0.079679 (VIOLATED)
i_soc.i_cpu.core_i.ex_stage_i.alu_i._6630_/B2    1.000000    1.078889   -0.078889 (VIOLATED)
i_soc.i_cpu.core_i.ex_stage_i.alu_i._6629_/A    1.000000    1.078825   -0.078825 (VIOLATED)
i_soc.i_ai_sram.u_sram.gen_bank[9].gen_512.u_macro/din0[22]    1.000000    1.078704   -0.078704 (VIOLATED)
ANTENNA_i_soc.i_ai_sram.u_sram.gen_bank[4].gen_512.u_macro_din0[7]/DIODE    1.000000    1.078583   -0.078583 (VIOLATED)
wire269/A                               1.000000    1.078203   -0.078203 (VIOLATED)
ANTENNA_wire269_A/DIODE                 1.000000    1.078168   -0.078168 (VIOLATED)
load_slew1252/A                         1.000000    1.078058   -0.078058 (VIOLATED)
ANTENNA_load_slew1252_A/DIODE           1.000000    1.078046   -0.078046 (VIOLATED)
i_soc.i_ai_sram.u_sram.gen_bank[10].gen_512.u_macro/din0[21]    1.000000    1.077814   -0.077814 (VIOLATED)
i_soc.i_ai_sram.u_sram.gen_bank[3].gen_512.u_macro/csb0    1.000000    1.077805   -0.077805 (VIOLATED)
load_slew1696/A                         1.000000    1.077387   -0.077387 (VIOLATED)
ANTENNA_load_slew1696_A/DIODE           1.000000    1.077366   -0.077366 (VIOLATED)
wire1253/A                              1.000000    1.077147   -0.077147 (VIOLATED)
ANTENNA_wire1253_A/DIODE                1.000000    1.077142   -0.077142 (VIOLATED)
i_soc.i_data_sram._57_/D                1.000000    1.076060   -0.076060 (VIOLATED)
ANTENNA_i_soc.i_data_sram._57__D/DIODE    1.000000    1.076060   -0.076060 (VIOLATED)
i_soc.i_ai_accel.u_conv_out.gen_bank[0].gen_512.u_macro/addr0[1]    0.040000    0.115382   -0.075382 (VIOLATED)
i_soc.i_ai_sram.u_sram.gen_bank[1].gen_512.u_macro/din0[6]    1.000000    1.075130   -0.075130 (VIOLATED)
load_slew1254/A                         1.000000    1.075002   -0.075002 (VIOLATED)
i_soc.i_ai_sram.u_sram.gen_bank[4].gen_512.u_macro/din0[30]    1.000000    1.074979   -0.074979 (VIOLATED)
ANTENNA_load_slew1254_A/DIODE           1.000000    1.074970   -0.074969 (VIOLATED)
ANTENNA_i_soc.i_data_sram.u_sram._21__X/DIODE    1.000000    1.074826   -0.074826 (VIOLATED)
i_soc.i_data_sram.u_sram._21_/X         1.000000    1.074821   -0.074821 (VIOLATED)
ANTENNA_i_soc.i_crossbar._0756__X/DIODE    1.000000    1.074692   -0.074692 (VIOLATED)
i_soc.i_crossbar._0756_/X               1.000000    1.074623   -0.074623 (VIOLATED)
i_soc.i_ai_accel.u_conv_out.gen_bank[0].gen_512.u_macro/wmask0[2]    0.040000    0.114353   -0.074353 (VIOLATED)
i_soc.i_ai_accel._17534_/A1             1.000000    1.073801   -0.073801 (VIOLATED)
ANTENNA_i_soc.i_ai_accel._17534__A1/DIODE    1.000000    1.073801   -0.073801 (VIOLATED)
ANTENNA_i_soc.i_ai_accel._23320__Q/DIODE    1.000000    1.073789   -0.073789 (VIOLATED)
i_soc.i_ai_accel._23320_/Q              1.000000    1.073782   -0.073782 (VIOLATED)
ANTENNA_i_soc.i_ai_sram.u_sram._508__X/DIODE    1.000000    1.073114   -0.073114 (VIOLATED)
i_soc.i_ai_sram.u_sram._508_/X          1.000000    1.073075   -0.073075 (VIOLATED)
wire1816/A                              1.000000    1.072017   -0.072017 (VIOLATED)
ANTENNA_wire1816_A/DIODE                1.000000    1.071994   -0.071994 (VIOLATED)
ANTENNA_i_soc.i_ai_sram.u_sram._548__X/DIODE    1.000000    1.071975   -0.071975 (VIOLATED)
i_soc.i_ai_sram.u_sram._548_/X          1.000000    1.071970   -0.071970 (VIOLATED)
ANTENNA_i_soc.i_ai_arb._148__X/DIODE    1.000000    1.071764   -0.071764 (VIOLATED)
i_soc.i_ai_arb._148_/X                  1.000000    1.071753   -0.071753 (VIOLATED)
wire1680/A                              1.000000    1.071558   -0.071558 (VIOLATED)
ANTENNA_wire1680_A/DIODE                1.000000    1.071497   -0.071497 (VIOLATED)
i_soc.i_ai_sram.u_sram._560_/A3         1.000000    1.071423   -0.071423 (VIOLATED)
ANTENNA_i_soc.i_ai_sram.u_sram._560__A3/DIODE    1.000000    1.071411   -0.071411 (VIOLATED)
load_slew1279/A                         1.000000    1.071385   -0.071385 (VIOLATED)
ANTENNA_load_slew1279_A/DIODE           1.000000    1.071328   -0.071328 (VIOLATED)
ANTENNA_i_soc.i_ai_sram.u_sram._418__X/DIODE    1.000000    1.071149   -0.071149 (VIOLATED)
i_soc.i_ai_sram.u_sram._418_/X          1.000000    1.071136   -0.071136 (VIOLATED)
i_soc.i_cpu.core_i.id_stage_i._3709_/RESET_B    1.000000    1.071071   -0.071071 (VIOLATED)
ANTENNA_i_soc.i_cpu.core_i.id_stage_i._3709__RESET_B/DIODE    1.000000    1.071069   -0.071069 (VIOLATED)
i_soc.i_cpu.core_i.id_stage_i._3814_/RESET_B    1.000000    1.071015   -0.071015 (VIOLATED)
ANTENNA_i_soc.i_cpu.core_i.id_stage_i._3814__RESET_B/DIODE    1.000000    1.071001   -0.071001 (VIOLATED)
i_soc.i_cpu.core_i.id_stage_i.register_file_i._9034_/RESET_B    1.000000    1.070913   -0.070913 (VIOLATED)
ANTENNA_i_soc.i_cpu.core_i.id_stage_i.register_file_i._9034__RESET_B/DIODE    1.000000    1.070911   -0.070911 (VIOLATED)
wire7195/A                              1.000000    1.070854   -0.070854 (VIOLATED)
ANTENNA_wire7195_A/DIODE                1.000000    1.070853   -0.070853 (VIOLATED)
i_soc.i_cpu.core_i.id_stage_i._3679_/RESET_B    1.000000    1.070849   -0.070849 (VIOLATED)
ANTENNA_i_soc.i_cpu.core_i.id_stage_i._3679__RESET_B/DIODE    1.000000    1.070842   -0.070842 (VIOLATED)
ANTENNA_i_soc.i_cpu.core_i.id_stage_i._3818__RESET_B/DIODE    1.000000    1.070805   -0.070805 (VIOLATED)
i_soc.i_cpu.core_i.id_stage_i._3818_/RESET_B    1.000000    1.070801   -0.070801 (VIOLATED)
ANTENNA_fanout7191_A/DIODE              1.000000    1.070489   -0.070489 (VIOLATED)
fanout7191/A                            1.000000    1.070489   -0.070489 (VIOLATED)
ANTENNA_fanout7194_X/DIODE              1.000000    1.070488   -0.070488 (VIOLATED)
fanout7194/X                            1.000000    1.070488   -0.070488 (VIOLATED)
wire1019/A                              1.000000    1.070236   -0.070236 (VIOLATED)
ANTENNA_wire1019_A/DIODE                1.000000    1.070223   -0.070223 (VIOLATED)
i_soc.i_cpu.core_i.cs_registers_i._2391_/A1    1.000000    1.069808   -0.069808 (VIOLATED)
i_soc.i_cpu.core_i.cs_registers_i._2390_/A    1.000000    1.069806   -0.069806 (VIOLATED)
i_soc.i_ai_sram.u_sram.gen_bank[1].gen_512.u_macro/din0[7]    1.000000    1.069672   -0.069672 (VIOLATED)
i_soc.i_cpu.core_i.id_stage_i._2548_/A1    1.000000    1.069652   -0.069652 (VIOLATED)
split9664/A                             1.000000    1.069644   -0.069644 (VIOLATED)
i_soc.i_cpu.core_i.id_stage_i._3681_/Q    1.000000    1.069624   -0.069624 (VIOLATED)
i_soc.i_ai_sram.u_sram.gen_bank[5].gen_512.u_macro/din0[10]    1.000000    1.069158   -0.069158 (VIOLATED)
load_slew1704/A                         1.000000    1.068914   -0.068914 (VIOLATED)
ANTENNA_load_slew1704_A/DIODE           1.000000    1.068895   -0.068895 (VIOLATED)
i_soc.i_ai_sram.u_sram.gen_bank[1].gen_512.u_macro/din0[4]    1.000000    1.068890   -0.068890 (VIOLATED)
i_soc.i_ai_sram.u_sram.gen_bank[9].gen_512.u_macro/din0[16]    1.000000    1.068786   -0.068786 (VIOLATED)
i_soc.i_ai_sram.u_sram.gen_bank[10].gen_512.u_macro/din0[7]    1.000000    1.068646   -0.068646 (VIOLATED)
ANTENNA_i_soc.i_ai_sram.u_sram.gen_bank[4].gen_512.u_macro_din0[23]/DIODE    1.000000    1.068108   -0.068108 (VIOLATED)
i_soc.i_ai_sram.u_sram._553_/A2         1.000000    1.068044   -0.068044 (VIOLATED)
ANTENNA_i_soc.i_ai_sram.u_sram._553__A2/DIODE    1.000000    1.068043   -0.068043 (VIOLATED)
i_soc.i_ai_sram.u_sram._498_/A2         1.000000    1.068038   -0.068038 (VIOLATED)
ANTENNA_i_soc.i_ai_sram.u_sram._498__A2/DIODE    1.000000    1.068020   -0.068020 (VIOLATED)
i_soc.i_ai_sram.u_sram.gen_bank[5].gen_512.u_macro/din0[25]    1.000000    1.067404   -0.067404 (VIOLATED)
i_soc.i_ai_accel.u_conv_out.gen_bank[0].gen_512.u_macro/wmask0[0]    0.040000    0.107180   -0.067180 (VIOLATED)
i_soc.i_ai_sram.u_sram.gen_bank[13].gen_512.u_macro/din0[30]    1.000000    1.067170   -0.067170 (VIOLATED)
i_soc.i_instr_sram.u_sram.gen_bank[0].gen_512.u_macro/csb0    1.000000    1.066584   -0.066584 (VIOLATED)
wire1249/A                              1.000000    1.066261   -0.066261 (VIOLATED)
ANTENNA_wire1249_A/DIODE                1.000000    1.066257   -0.066257 (VIOLATED)
i_soc.i_cpu.core_i.id_stage_i.register_file_i._7077_/B    1.000000    1.065913   -0.065913 (VIOLATED)
ANTENNA_i_soc.i_cpu.core_i.id_stage_i.register_file_i._7077__B/DIODE    1.000000    1.065912   -0.065912 (VIOLATED)
ANTENNA_i_soc.i_cpu.core_i.id_stage_i.register_file_i._7097__B/DIODE    1.000000    1.065857   -0.065857 (VIOLATED)
i_soc.i_cpu.core_i.id_stage_i.register_file_i._7097_/B    1.000000    1.065847   -0.065847 (VIOLATED)
i_soc.i_cpu.core_i.id_stage_i.register_file_i._7079_/B    1.000000    1.065826   -0.065826 (VIOLATED)
ANTENNA_i_soc.i_cpu.core_i.id_stage_i.register_file_i._7079__B/DIODE    1.000000    1.065799   -0.065799 (VIOLATED)
i_soc.i_cpu.core_i.id_stage_i.register_file_i._7063_/B    1.000000    1.065689   -0.065689 (VIOLATED)
ANTENNA_i_soc.i_ai_sram.u_sram.gen_bank[6].gen_512.u_macro_din0[30]/DIODE    1.000000    1.065687   -0.065687 (VIOLATED)
ANTENNA_i_soc.i_cpu.core_i.id_stage_i.register_file_i._7063__B/DIODE    1.000000    1.065686   -0.065686 (VIOLATED)
ANTENNA_i_soc.i_cpu.core_i.id_stage_i.register_file_i._7055__B/DIODE    1.000000    1.065658   -0.065658 (VIOLATED)
i_soc.i_cpu.core_i.id_stage_i.register_file_i._7055_/B    1.000000    1.065652   -0.065652 (VIOLATED)
ANTENNA_i_soc.i_cpu.core_i.id_stage_i.register_file_i._7073__B/DIODE    1.000000    1.065632   -0.065632 (VIOLATED)
i_soc.i_cpu.core_i.id_stage_i.register_file_i._7073_/B    1.000000    1.065610   -0.065610 (VIOLATED)
i_soc.i_cpu.core_i.id_stage_i.register_file_i._7053_/B    1.000000    1.065602   -0.065602 (VIOLATED)
ANTENNA_i_soc.i_cpu.core_i.id_stage_i.register_file_i._7053__B/DIODE    1.000000    1.065600   -0.065600 (VIOLATED)
i_soc.i_cpu.core_i.id_stage_i.register_file_i._7043_/B    1.000000    1.065548   -0.065548 (VIOLATED)
ANTENNA_i_soc.i_cpu.core_i.id_stage_i.register_file_i._7043__B/DIODE    1.000000    1.065534   -0.065534 (VIOLATED)
i_soc.i_cpu.core_i.id_stage_i.register_file_i._7067_/B    1.000000    1.065448   -0.065448 (VIOLATED)
ANTENNA_i_soc.i_cpu.core_i.id_stage_i.register_file_i._7067__B/DIODE    1.000000    1.065413   -0.065413 (VIOLATED)
i_soc.i_cpu.core_i.id_stage_i.register_file_i._7051_/B    1.000000    1.065327   -0.065327 (VIOLATED)
ANTENNA_i_soc.i_cpu.core_i.id_stage_i.register_file_i._7051__B/DIODE    1.000000    1.065324   -0.065324 (VIOLATED)
ANTENNA_i_soc.i_cpu.core_i.id_stage_i.register_file_i._7050__A2/DIODE    1.000000    1.065317   -0.065317 (VIOLATED)
i_soc.i_cpu.core_i.id_stage_i.register_file_i._7050_/A2    1.000000    1.065317   -0.065317 (VIOLATED)
i_soc.i_cpu.core_i.id_stage_i.register_file_i._7071_/B    1.000000    1.065288   -0.065288 (VIOLATED)
ANTENNA_i_soc.i_cpu.core_i.id_stage_i.register_file_i._7071__B/DIODE    1.000000    1.065279   -0.065279 (VIOLATED)
i_soc.i_cpu.core_i.id_stage_i.register_file_i._7061_/B    1.000000    1.065237   -0.065237 (VIOLATED)
ANTENNA_i_soc.i_cpu.core_i.id_stage_i.register_file_i._7061__B/DIODE    1.000000    1.065236   -0.065236 (VIOLATED)
i_soc.i_cpu.core_i.id_stage_i.register_file_i._7065_/B    1.000000    1.065218   -0.065218 (VIOLATED)
ANTENNA_i_soc.i_cpu.core_i.id_stage_i.register_file_i._7065__B/DIODE    1.000000    1.065214   -0.065214 (VIOLATED)
i_soc.i_cpu.core_i.id_stage_i.register_file_i._7075_/B    1.000000    1.065197   -0.065197 (VIOLATED)
ANTENNA_i_soc.i_cpu.core_i.id_stage_i.register_file_i._7075__B/DIODE    1.000000    1.065166   -0.065166 (VIOLATED)
i_soc.i_cpu.core_i.id_stage_i.register_file_i._7045_/B    1.000000    1.065145   -0.065145 (VIOLATED)
ANTENNA_i_soc.i_cpu.core_i.id_stage_i.register_file_i._7045__B/DIODE    1.000000    1.065133   -0.065133 (VIOLATED)
load_slew2271/A                         1.000000    1.065099   -0.065099 (VIOLATED)
ANTENNA_load_slew2271_A/DIODE           1.000000    1.065098   -0.065098 (VIOLATED)
ANTENNA_i_soc.i_ai_sram.u_sram.gen_bank[0].gen_512.u_macro_din0[5]/DIODE    1.000000    1.065089   -0.065089 (VIOLATED)
ANTENNA_i_soc.i_cpu.core_i.id_stage_i.register_file_i._7057__B/DIODE    1.000000    1.065081   -0.065081 (VIOLATED)
i_soc.i_cpu.core_i.id_stage_i.register_file_i._7057_/B    1.000000    1.065081   -0.065081 (VIOLATED)
ANTENNA_i_soc.i_cpu.core_i.id_stage_i.register_file_i._7039__Y/DIODE    1.000000    1.065048   -0.065048 (VIOLATED)
i_soc.i_cpu.core_i.id_stage_i.register_file_i._7039_/Y    1.000000    1.065041   -0.065041 (VIOLATED)
load_slew1004/A                         1.000000    1.064852   -0.064852 (VIOLATED)
i_soc.i_ai_sram.u_sram._738_/B          1.000000    1.064720   -0.064720 (VIOLATED)
ANTENNA_i_soc.i_ai_sram.u_sram._738__B/DIODE    1.000000    1.064715   -0.064715 (VIOLATED)
ANTENNA_load_slew1004_A/DIODE           1.000000    1.064480   -0.064480 (VIOLATED)
i_soc.i_ai_accel.u_conv_out.gen_bank[0].gen_512.u_macro/wmask0[1]    0.040000    0.104159   -0.064159 (VIOLATED)
ANTENNA_i_soc.i_ai_sram.u_sram.gen_bank[2].gen_512.u_macro_din0[26]/DIODE    1.000000    1.064119   -0.064119 (VIOLATED)
wire978/A                               1.000000    1.064001   -0.064001 (VIOLATED)
ANTENNA_wire978_A/DIODE                 1.000000    1.063989   -0.063989 (VIOLATED)
load_slew1250/A                         1.000000    1.063954   -0.063954 (VIOLATED)
ANTENNA_load_slew1250_A/DIODE           1.000000    1.063954   -0.063954 (VIOLATED)
ANTENNA_i_soc.i_crossbar._0757__X/DIODE    1.000000    1.063931   -0.063931 (VIOLATED)
i_soc.i_crossbar._0757_/X               1.000000    1.063915   -0.063915 (VIOLATED)
i_soc.i_ai_sram.u_sram.gen_bank[2].gen_512.u_macro/din0[10]    1.000000    1.063395   -0.063395 (VIOLATED)
ANTENNA_i_soc.i_ai_sram.u_sram.gen_bank[4].gen_512.u_macro_din0[6]/DIODE    1.000000    1.063183   -0.063183 (VIOLATED)
wire1419/A                              1.000000    1.062899   -0.062899 (VIOLATED)
ANTENNA_wire1419_A/DIODE                1.000000    1.062888   -0.062888 (VIOLATED)
ANTENNA_i_soc.i_ai_sram.u_sram._522__X/DIODE    1.000000    1.062868   -0.062867 (VIOLATED)
i_soc.i_ai_sram.u_sram._522_/X          1.000000    1.062863   -0.062863 (VIOLATED)
i_soc.i_ai_sram.u_sram._608_/A2         1.000000    1.062235   -0.062235 (VIOLATED)
ANTENNA_i_soc.i_ai_sram.u_sram._608__A2/DIODE    1.000000    1.062231   -0.062231 (VIOLATED)
i_soc.i_cpu.core_i.load_store_unit_i._0874_/A    1.000000    1.061983   -0.061983 (VIOLATED)
i_soc.i_cpu.core_i.load_store_unit_i._0873_/A    1.000000    1.061978   -0.061978 (VIOLATED)
ANTENNA_i_soc.i_cpu.core_i.load_store_unit_i._0874__A/DIODE    1.000000    1.061974   -0.061974 (VIOLATED)
ANTENNA_i_soc.i_cpu.core_i.load_store_unit_i._0873__A/DIODE    1.000000    1.061955   -0.061955 (VIOLATED)
ANTENNA_i_soc.i_ai_sram.u_sram._464__X/DIODE    1.000000    1.061735   -0.061735 (VIOLATED)
i_soc.i_ai_sram.u_sram._464_/X          1.000000    1.061716   -0.061716 (VIOLATED)
i_soc.i_ai_sram.u_sram.gen_bank[5].gen_512.u_macro/din0[9]    1.000000    1.061626   -0.061626 (VIOLATED)
i_soc.i_cpu.core_i.id_stage_i.register_file_i._4138_/A2    1.000000    1.061446   -0.061446 (VIOLATED)
ANTENNA_i_soc.i_cpu.core_i.id_stage_i.register_file_i._4138__A2/DIODE    1.000000    1.061444   -0.061444 (VIOLATED)
i_soc.i_cpu.core_i.ex_stage_i.alu_i.alu_div_i._1166_/A0    1.000000    1.061417   -0.061417 (VIOLATED)
ANTENNA_i_soc.i_cpu.core_i.id_stage_i.register_file_i._4165__A2/DIODE    1.000000    1.061416   -0.061416 (VIOLATED)
i_soc.i_cpu.core_i.id_stage_i.register_file_i._4165_/A2    1.000000    1.061411   -0.061411 (VIOLATED)
ANTENNA_i_soc.i_cpu.core_i.ex_stage_i.alu_i.alu_div_i._1166__A0/DIODE    1.000000    1.061408   -0.061408 (VIOLATED)
i_soc.i_cpu.core_i.id_stage_i.register_file_i._4089_/A2    1.000000    1.061364   -0.061364 (VIOLATED)
ANTENNA_i_soc.i_cpu.core_i.id_stage_i.register_file_i._4089__A2/DIODE    1.000000    1.061362   -0.061362 (VIOLATED)
i_soc.i_cpu.core_i.id_stage_i.register_file_i._4040_/A2    1.000000    1.061305   -0.061305 (VIOLATED)
ANTENNA_i_soc.i_cpu.core_i.id_stage_i.register_file_i._4040__A2/DIODE    1.000000    1.061283   -0.061283 (VIOLATED)
i_soc.i_cpu.core_i.id_stage_i.register_file_i._4238_/A2    1.000000    1.061144   -0.061144 (VIOLATED)
ANTENNA_i_soc.i_cpu.core_i.id_stage_i.register_file_i._4238__A2/DIODE    1.000000    1.061125   -0.061125 (VIOLATED)
i_soc.i_cpu.core_i.id_stage_i.register_file_i._4113_/A2    1.000000    1.061062   -0.061062 (VIOLATED)
ANTENNA_i_soc.i_cpu.core_i.id_stage_i.register_file_i._4113__A2/DIODE    1.000000    1.061058   -0.061058 (VIOLATED)
i_soc.i_cpu.core_i.ex_stage_i.alu_i._4654_/A1    1.000000    1.060998   -0.060998 (VIOLATED)
ANTENNA_i_soc.i_cpu.core_i.ex_stage_i.alu_i._4654__A1/DIODE    1.000000    1.060987   -0.060987 (VIOLATED)
i_soc.i_cpu.core_i.id_stage_i.register_file_i._4036_/A2    1.000000    1.060925   -0.060924 (VIOLATED)
ANTENNA_i_soc.i_cpu.core_i.id_stage_i.register_file_i._4036__A2/DIODE    1.000000    1.060924   -0.060924 (VIOLATED)
i_soc.i_cpu.core_i.ex_stage_i.alu_i._3577_/A1    1.000000    1.060905   -0.060905 (VIOLATED)
wire2972/A                              1.000000    1.060900   -0.060900 (VIOLATED)
ANTENNA_wire2972_A/DIODE                1.000000    1.060882   -0.060882 (VIOLATED)
ANTENNA_i_soc.i_cpu.core_i.ex_stage_i.alu_i._3577__A1/DIODE    1.000000    1.060880   -0.060880 (VIOLATED)
i_soc.i_cpu.core_i.id_stage_i.register_file_i._4108_/B1    1.000000    1.060868   -0.060868 (VIOLATED)
ANTENNA_i_soc.i_cpu.core_i.id_stage_i.register_file_i._4108__B1/DIODE    1.000000    1.060867   -0.060867 (VIOLATED)
i_soc.i_cpu.core_i.id_stage_i.register_file_i._4235_/A2    1.000000    1.060867   -0.060867 (VIOLATED)
ANTENNA_i_soc.i_cpu.core_i.id_stage_i.register_file_i._4235__A2/DIODE    1.000000    1.060867   -0.060867 (VIOLATED)
i_soc.i_cpu.core_i.id_stage_i.register_file_i._4231_/B1    1.000000    1.060853   -0.060853 (VIOLATED)
ANTENNA_fanout2970_X/DIODE              1.000000    1.060848   -0.060848 (VIOLATED)
ANTENNA_i_soc.i_cpu.core_i.id_stage_i.register_file_i._4231__B1/DIODE    1.000000    1.060848   -0.060848 (VIOLATED)
fanout2970/X                            1.000000    1.060848   -0.060848 (VIOLATED)
i_soc.i_cpu.core_i.ex_stage_i.alu_i._5092_/B2    1.000000    1.060744   -0.060744 (VIOLATED)
i_soc.i_qspi._10362_/B1                 1.000000    1.060742   -0.060743 (VIOLATED)
ANTENNA_i_soc.i_cpu.core_i.ex_stage_i.alu_i._5092__B2/DIODE    1.000000    1.060741   -0.060741 (VIOLATED)
ANTENNA_i_soc.i_qspi._10362__B1/DIODE    1.000000    1.060740   -0.060740 (VIOLATED)
i_soc.i_qspi._10360_/A1                 1.000000    1.060728   -0.060728 (VIOLATED)
ANTENNA_i_soc.i_qspi._10360__A1/DIODE    1.000000    1.060717   -0.060717 (VIOLATED)
i_soc.i_qspi._09355_/C1                 1.000000    1.060706   -0.060706 (VIOLATED)
ANTENNA_i_soc.i_qspi._09355__C1/DIODE    1.000000    1.060699   -0.060699 (VIOLATED)
i_soc.i_qspi._09360_/A1                 1.000000    1.060679   -0.060679 (VIOLATED)
ANTENNA_i_soc.i_qspi._09360__A1/DIODE    1.000000    1.060674   -0.060674 (VIOLATED)
i_soc.i_qspi._09338_/B                  1.000000    1.060638   -0.060638 (VIOLATED)
ANTENNA_i_soc.i_qspi._09338__B/DIODE    1.000000    1.060625   -0.060625 (VIOLATED)
load_slew2175/A                         1.000000    1.060599   -0.060599 (VIOLATED)
ANTENNA_load_slew2175_A/DIODE           1.000000    1.060599   -0.060599 (VIOLATED)
i_soc.i_qspi._09185_/C1                 1.000000    1.060597   -0.060597 (VIOLATED)
i_soc.i_qspi._09174_/A1                 1.000000    1.060597   -0.060597 (VIOLATED)
ANTENNA_i_soc.i_qspi._09174__A1/DIODE    1.000000    1.060596   -0.060596 (VIOLATED)
ANTENNA_i_soc.i_qspi._09185__C1/DIODE    1.000000    1.060544   -0.060544 (VIOLATED)
ANTENNA_i_soc.i_qspi._09161__B1/DIODE    1.000000    1.060537   -0.060537 (VIOLATED)
i_soc.i_qspi._09161_/B1                 1.000000    1.060537   -0.060537 (VIOLATED)
i_soc.i_qspi._09337_/A2                 1.000000    1.060528   -0.060528 (VIOLATED)
ANTENNA_i_soc.i_qspi._09337__A2/DIODE    1.000000    1.060528   -0.060528 (VIOLATED)
i_soc.i_qspi._09332_/C1                 1.000000    1.060526   -0.060526 (VIOLATED)
ANTENNA_i_soc.i_qspi._09332__C1/DIODE    1.000000    1.060521   -0.060521 (VIOLATED)
load_slew2176/A                         1.000000    1.060520   -0.060520 (VIOLATED)
ANTENNA_load_slew2176_A/DIODE           1.000000    1.060520   -0.060520 (VIOLATED)
i_soc.i_qspi._09342_/C1                 1.000000    1.060487   -0.060487 (VIOLATED)
ANTENNA_i_soc.i_qspi._09342__C1/DIODE    1.000000    1.060487   -0.060487 (VIOLATED)
ANTENNA_i_soc.i_ai_sram.u_sram.gen_bank[8].gen_512.u_macro_din0[15]/DIODE    1.000000    1.060473   -0.060473 (VIOLATED)
ANTENNA_fanout2174_X/DIODE              1.000000    1.060472   -0.060472 (VIOLATED)
fanout2174/X                            1.000000    1.060472   -0.060472 (VIOLATED)
ANTENNA_i_soc.i_ai_sram.u_sram._625__X/DIODE    1.000000    1.060333   -0.060333 (VIOLATED)
i_soc.i_ai_sram.u_sram._625_/X          1.000000    1.060328   -0.060328 (VIOLATED)
i_soc.i_cpu.core_i.ex_stage_i.alu_i._3745_/A0    1.000000    1.060258   -0.060258 (VIOLATED)
ANTENNA_i_soc.i_cpu.core_i.ex_stage_i.alu_i._3745__A0/DIODE    1.000000    1.060247   -0.060247 (VIOLATED)
i_soc.i_ai_accel.u_conv_out.gen_bank[0].gen_512.u_macro/addr0[3]    0.040000    0.100119   -0.060119 (VIOLATED)
i_soc.i_cpu.core_i.ex_stage_i.alu_i._3277_/A    1.000000    1.059951   -0.059951 (VIOLATED)
ANTENNA_i_soc.i_cpu.core_i.ex_stage_i.alu_i._3277__A/DIODE    1.000000    1.059945   -0.059945 (VIOLATED)
i_soc.i_ai_sram.u_sram.gen_bank[3].gen_512.u_macro/din0[6]    1.000000    1.059937   -0.059937 (VIOLATED)
i_soc.i_ai_sram.u_sram.gen_bank[7].gen_512.u_macro/din0[19]    1.000000    1.059696   -0.059696 (VIOLATED)
i_soc.i_ai_accel._18582_/B2             1.000000    1.059435   -0.059435 (VIOLATED)
ANTENNA_i_soc.i_ai_accel._18582__B2/DIODE    1.000000    1.059428   -0.059428 (VIOLATED)
i_soc.i_ai_accel._17552_/A1             1.000000    1.059407   -0.059407 (VIOLATED)
ANTENNA_i_soc.i_ai_accel._17552__A1/DIODE    1.000000    1.059404   -0.059404 (VIOLATED)
load_slew230/A                          1.000000    1.058726   -0.058726 (VIOLATED)
ANTENNA_load_slew230_A/DIODE            1.000000    1.058719   -0.058719 (VIOLATED)
ANTENNA_load_slew270_A/DIODE            1.000000    1.058333   -0.058333 (VIOLATED)
ANTENNA_i_soc.i_ai_sram.u_sram.gen_bank[2].gen_512.u_macro_din0[21]/DIODE    1.000000    1.057863   -0.057863 (VIOLATED)
load_slew270/A                          1.000000    1.057837   -0.057837 (VIOLATED)
i_soc.i_cpu.core_i.ex_stage_i.alu_i._3386_/A    1.000000    1.057818   -0.057818 (VIOLATED)
ANTENNA_i_soc.i_cpu.core_i.ex_stage_i.alu_i._3386__A/DIODE    1.000000    1.057790   -0.057790 (VIOLATED)
ANTENNA_i_soc.i_ai_sram.u_sram._552__X/DIODE    1.000000    1.057525   -0.057525 (VIOLATED)
i_soc.i_ai_sram.u_sram._552_/X          1.000000    1.057512   -0.057512 (VIOLATED)
ANTENNA_i_soc.i_ai_accel.u_conv_out._35__X/DIODE    1.000000    1.057384   -0.057384 (VIOLATED)
i_soc.i_ai_accel.u_conv_out._35_/X      1.000000    1.057382   -0.057382 (VIOLATED)
ANTENNA_i_soc.i_cpu.core_i.ex_stage_i.alu_i._6097__B2/DIODE    1.000000    1.057295   -0.057295 (VIOLATED)
i_soc.i_cpu.core_i.ex_stage_i.alu_i._6097_/B2    1.000000    1.056901   -0.056901 (VIOLATED)
i_soc.i_cpu.core_i.ex_stage_i.alu_i._6096_/A1    1.000000    1.056732   -0.056732 (VIOLATED)
ANTENNA_i_soc.i_cpu.core_i.ex_stage_i.alu_i._6096__A1/DIODE    1.000000    1.056548   -0.056548 (VIOLATED)
i_soc.i_ai_accel.u_conv_out.gen_bank[0].gen_512.u_macro/addr0[4]    0.040000    0.096478   -0.056478 (VIOLATED)
i_soc.i_ai_sram.u_sram.gen_bank[5].gen_512.u_macro/din0[12]    1.000000    1.055953   -0.055953 (VIOLATED)
ANTENNA_i_soc.i_ai_sram.u_sram.gen_bank[8].gen_512.u_macro_din0[13]/DIODE    1.000000    1.055779   -0.055779 (VIOLATED)
i_soc.i_cpu.core_i.ex_stage_i.alu_i._5442_/A0    1.000000    1.055474   -0.055474 (VIOLATED)
ANTENNA_i_soc.i_cpu.core_i.ex_stage_i.alu_i._5442__A0/DIODE    1.000000    1.055473   -0.055473 (VIOLATED)
wire1247/A                              1.000000    1.055021   -0.055021 (VIOLATED)
ANTENNA_wire1247_A/DIODE                1.000000    1.054989   -0.054988 (VIOLATED)
i_soc.i_cpu.core_i.ex_stage_i.alu_i._6342_/A1    1.000000    1.054649   -0.054650 (VIOLATED)
wire237/A                               1.000000    1.054573   -0.054573 (VIOLATED)
ANTENNA_wire237_A/DIODE                 1.000000    1.054543   -0.054543 (VIOLATED)
ANTENNA_i_soc.i_cpu.core_i.ex_stage_i.alu_i._6342__A1/DIODE    1.000000    1.054536   -0.054536 (VIOLATED)
i_soc.i_cpu.core_i.ex_stage_i.alu_i._6098_/A1    1.000000    1.054418   -0.054418 (VIOLATED)
ANTENNA_i_soc.i_cpu.core_i.ex_stage_i.alu_i._6098__A1/DIODE    1.000000    1.054418   -0.054418 (VIOLATED)
i_soc.i_cpu.core_i.ex_stage_i.alu_i._6099_/A1    1.000000    1.054417   -0.054417 (VIOLATED)
ANTENNA_i_soc.i_cpu.core_i.ex_stage_i.alu_i._6099__A1/DIODE    1.000000    1.054415   -0.054414 (VIOLATED)
i_soc.i_cpu.core_i.ex_stage_i.alu_i._5338_/B    1.000000    1.054299   -0.054299 (VIOLATED)
ANTENNA_i_soc.i_cpu.core_i.ex_stage_i.alu_i._5338__B/DIODE    1.000000    1.054298   -0.054298 (VIOLATED)
i_soc.i_cpu.core_i.ex_stage_i.alu_i._5288_/B    1.000000    1.054298   -0.054298 (VIOLATED)
ANTENNA_i_soc.i_cpu.core_i.ex_stage_i.alu_i._5288__B/DIODE    1.000000    1.054297   -0.054297 (VIOLATED)
i_soc.i_cpu.core_i.ex_stage_i.alu_i.alu_div_i._1382_/A    1.000000    1.054236   -0.054236 (VIOLATED)
ANTENNA_i_soc.i_cpu.core_i.ex_stage_i.alu_i.alu_div_i._1382__A/DIODE    1.000000    1.054235   -0.054235 (VIOLATED)
ANTENNA_i_soc.i_cpu.core_i.ex_stage_i.alu_i._5231__Y/DIODE    1.000000    1.054172   -0.054172 (VIOLATED)
i_soc.i_cpu.core_i.ex_stage_i.alu_i._5231_/Y    1.000000    1.054168   -0.054168 (VIOLATED)
i_soc.i_cpu.core_i.id_stage_i._3048_/A1    1.000000    1.054159   -0.054159 (VIOLATED)
ANTENNA_i_soc.i_cpu.core_i.id_stage_i._3048__A1/DIODE    1.000000    1.054159   -0.054159 (VIOLATED)
ANTENNA_i_soc.i_cpu.core_i.id_stage_i._3727__Q/DIODE    1.000000    1.054140   -0.054140 (VIOLATED)
i_soc.i_cpu.core_i.id_stage_i._3727_/Q    1.000000    1.054134   -0.054134 (VIOLATED)
ANTENNA_i_soc.i_qspi._13130__A1/DIODE    1.000000    1.054037   -0.054037 (VIOLATED)
i_soc.i_qspi._13130_/A1                 1.000000    1.054037   -0.054037 (VIOLATED)
wire4263/A                              1.000000    1.054035   -0.054035 (VIOLATED)
ANTENNA_wire4263_A/DIODE                1.000000    1.054031   -0.054031 (VIOLATED)
i_soc.i_qspi._13232_/A1                 1.000000    1.054030   -0.054030 (VIOLATED)
ANTENNA_i_soc.i_qspi._13232__A1/DIODE    1.000000    1.054028   -0.054028 (VIOLATED)
i_soc.i_qspi._13164_/A1                 1.000000    1.054027   -0.054027 (VIOLATED)
ANTENNA_i_soc.i_qspi._13164__A1/DIODE    1.000000    1.054025   -0.054025 (VIOLATED)
i_soc.i_qspi._15121_/A1                 1.000000    1.054012   -0.054012 (VIOLATED)
i_soc.i_qspi._14890_/A1                 1.000000    1.054009   -0.054009 (VIOLATED)
ANTENNA_i_soc.i_qspi._14890__A1/DIODE    1.000000    1.054008   -0.054008 (VIOLATED)
i_soc.i_qspi._13096_/A1                 1.000000    1.054008   -0.054008 (VIOLATED)
i_soc.i_qspi._15088_/A1                 1.000000    1.054007   -0.054007 (VIOLATED)
ANTENNA_i_soc.i_qspi._15088__A1/DIODE    1.000000    1.054004   -0.054004 (VIOLATED)
i_soc.i_ai_accel._18581_/B2             1.000000    1.054003   -0.054002 (VIOLATED)
ANTENNA_i_soc.i_qspi._15121__A1/DIODE    1.000000    1.054000   -0.054000 (VIOLATED)
ANTENNA_i_soc.i_qspi._13096__A1/DIODE    1.000000    1.053999   -0.053999 (VIOLATED)
ANTENNA_i_soc.i_qspi._14526__A1/DIODE    1.000000    1.053998   -0.053998 (VIOLATED)
i_soc.i_qspi._14526_/A1                 1.000000    1.053998   -0.053998 (VIOLATED)
ANTENNA_i_soc.i_ai_accel._18581__B2/DIODE    1.000000    1.053996   -0.053996 (VIOLATED)
i_soc.i_qspi._15055_/A1                 1.000000    1.053996   -0.053996 (VIOLATED)
ANTENNA_i_soc.i_qspi._15055__A1/DIODE    1.000000    1.053995   -0.053994 (VIOLATED)
i_soc.i_qspi._13433_/A1                 1.000000    1.053972   -0.053972 (VIOLATED)
ANTENNA_i_soc.i_qspi._13433__A1/DIODE    1.000000    1.053964   -0.053964 (VIOLATED)
i_soc.i_qspi._13797_/A1                 1.000000    1.053958   -0.053958 (VIOLATED)
i_soc.i_qspi._14161_/A1                 1.000000    1.053953   -0.053953 (VIOLATED)
ANTENNA_i_soc.i_qspi._13797__A1/DIODE    1.000000    1.053947   -0.053947 (VIOLATED)
ANTENNA_i_soc.i_qspi._14161__A1/DIODE    1.000000    1.053946   -0.053947 (VIOLATED)
i_soc.i_qspi._13060_/A1                 1.000000    1.053934   -0.053934 (VIOLATED)
ANTENNA_i_soc.i_qspi._13060__A1/DIODE    1.000000    1.053934   -0.053934 (VIOLATED)
i_soc.i_qspi._14758_/A1                 1.000000    1.053891   -0.053891 (VIOLATED)
ANTENNA_i_soc.i_qspi._14758__A1/DIODE    1.000000    1.053891   -0.053891 (VIOLATED)
ANTENNA_fanout4262_X/DIODE              1.000000    1.053887   -0.053887 (VIOLATED)
fanout4262/X                            1.000000    1.053886   -0.053886 (VIOLATED)
ANTENNA_i_soc.i_ai_sram.u_sram.gen_bank[0].gen_512.u_macro_din0[4]/DIODE    1.000000    1.053884   -0.053884 (VIOLATED)
i_soc.i_ai_accel._17547_/A1             1.000000    1.053884   -0.053884 (VIOLATED)
ANTENNA_i_soc.i_ai_accel._17547__A1/DIODE    1.000000    1.053853   -0.053853 (VIOLATED)
load_slew992/A                          1.000000    1.052044   -0.052044 (VIOLATED)
ANTENNA_i_soc.i_ai_sram.u_sram.gen_bank[4].gen_512.u_macro_din0[9]/DIODE    1.000000    1.052011   -0.052011 (VIOLATED)
ANTENNA_load_slew992_A/DIODE            1.000000    1.051988   -0.051988 (VIOLATED)
i_soc.i_cpu.core_i.ex_stage_i.alu_i._4369_/A0    1.000000    1.051928   -0.051928 (VIOLATED)
ANTENNA_i_soc.i_cpu.core_i.ex_stage_i.alu_i._4369__A0/DIODE    1.000000    1.051921   -0.051921 (VIOLATED)
i_soc.i_cpu.core_i.ex_stage_i.alu_i._3920_/A1    1.000000    1.051687   -0.051687 (VIOLATED)
ANTENNA_i_soc.i_cpu.core_i.ex_stage_i.alu_i._3920__A1/DIODE    1.000000    1.051678   -0.051678 (VIOLATED)
i_soc.i_cpu.core_i.ex_stage_i.alu_i._4476_/A1    1.000000    1.051555   -0.051555 (VIOLATED)
ANTENNA_i_soc.i_cpu.core_i.ex_stage_i.alu_i._4476__A1/DIODE    1.000000    1.051533   -0.051533 (VIOLATED)
i_soc.i_ai_sram.u_sram._487_/A2         1.000000    1.051437   -0.051437 (VIOLATED)
ANTENNA_i_soc.i_ai_sram.u_sram._487__A2/DIODE    1.000000    1.051413   -0.051413 (VIOLATED)
ANTENNA_i_soc.i_ai_accel.u_conv_out._34__X/DIODE    1.000000    1.051374   -0.051374 (VIOLATED)
i_soc.i_ai_accel.u_conv_out._34_/X      1.000000    1.051373   -0.051373 (VIOLATED)
i_soc.i_ai_accel._18579_/B2             1.000000    1.050970   -0.050970 (VIOLATED)
ANTENNA_i_soc.i_ai_accel._18579__B2/DIODE    1.000000    1.050969   -0.050969 (VIOLATED)
i_soc.i_ai_accel._17531_/A1             1.000000    1.050968   -0.050968 (VIOLATED)
ANTENNA_i_soc.i_ai_accel._17531__A1/DIODE    1.000000    1.050965   -0.050965 (VIOLATED)
ANTENNA_i_soc.i_ai_accel.u_conv_out._32__X/DIODE    1.000000    1.050728   -0.050728 (VIOLATED)
i_soc.i_ai_accel.u_conv_out._32_/X      1.000000    1.050726   -0.050726 (VIOLATED)
wire1360/A                              1.000000    1.050626   -0.050626 (VIOLATED)
ANTENNA_wire1360_A/DIODE                1.000000    1.050465   -0.050465 (VIOLATED)
i_soc.i_ai_accel.u_conv_w_mem/addr0[4]    0.040000    0.090450   -0.050450 (VIOLATED)
i_soc.i_ai_sram.u_sram.gen_bank[6].gen_512.u_macro/din0[19]    1.000000    1.050275   -0.050275 (VIOLATED)
i_soc.i_ai_sram.u_sram.gen_bank[10].gen_512.u_macro/din0[22]    1.000000    1.050225   -0.050225 (VIOLATED)
i_soc.i_cpu.core_i.load_store_unit_i._0816_/A2    1.000000    1.050212   -0.050212 (VIOLATED)
ANTENNA_i_soc.i_cpu.core_i.load_store_unit_i._0812__B/DIODE    1.000000    1.050192   -0.050192 (VIOLATED)
i_soc.i_cpu.core_i.load_store_unit_i._0812_/B    1.000000    1.050187   -0.050187 (VIOLATED)
i_soc.i_cpu.core_i.load_store_unit_i._0810_/B    1.000000    1.050150   -0.050150 (VIOLATED)
ANTENNA_i_soc.i_cpu.core_i.load_store_unit_i._0816__A2/DIODE    1.000000    1.050145   -0.050145 (VIOLATED)
ANTENNA_i_soc.i_cpu.core_i.load_store_unit_i._0810__B/DIODE    1.000000    1.050100   -0.050100 (VIOLATED)
i_soc.i_cpu.core_i.load_store_unit_i._0811_/B    1.000000    1.050096   -0.050096 (VIOLATED)
ANTENNA_i_soc.i_cpu.core_i.ex_stage_i.alu_i._3865__A0/DIODE    1.000000    1.050083   -0.050083 (VIOLATED)
ANTENNA_i_soc.i_cpu.core_i.load_store_unit_i._0811__B/DIODE    1.000000    1.050070   -0.050070 (VIOLATED)
ANTENNA_i_soc.i_ai_sram.u_sram.gen_bank[1].gen_512.u_macro_din0[16]/DIODE    1.000000    1.049994   -0.049994 (VIOLATED)
i_soc.i_cpu.core_i.ex_stage_i.alu_i._3865_/A0    1.000000    1.049990   -0.049990 (VIOLATED)
i_soc.i_ai_accel.u_conv_out.gen_bank[0].gen_512.u_macro/addr0[6]    0.040000    0.089635   -0.049635 (VIOLATED)
i_soc.i_cpu.core_i.ex_stage_i.alu_i.alu_div_i._1109_/A0    1.000000    1.049444   -0.049444 (VIOLATED)
i_soc.i_cpu.core_i.id_stage_i._3369_/A1    1.000000    1.049443   -0.049443 (VIOLATED)
ANTENNA_i_soc.i_cpu.core_i.id_stage_i._3369__A1/DIODE    1.000000    1.049434   -0.049434 (VIOLATED)
ANTENNA_i_soc.i_cpu.core_i.ex_stage_i.alu_i.alu_div_i._1109__A0/DIODE    1.000000    1.049421   -0.049421 (VIOLATED)
i_soc.i_cpu.core_i.load_store_unit_i._0845_/A    1.000000    1.049341   -0.049341 (VIOLATED)
ANTENNA_i_soc.i_cpu.core_i.load_store_unit_i._0845__A/DIODE    1.000000    1.049329   -0.049329 (VIOLATED)
i_soc.i_cpu.core_i.ex_stage_i.alu_i._5777_/A0    1.000000    1.049328   -0.049328 (VIOLATED)
ANTENNA_i_soc.i_cpu.core_i.ex_stage_i.alu_i._5777__A0/DIODE    1.000000    1.049326   -0.049326 (VIOLATED)
i_soc.i_cpu.core_i.load_store_unit_i._0843_/A    1.000000    1.049318   -0.049318 (VIOLATED)
ANTENNA_i_soc.i_cpu.core_i.load_store_unit_i._0843__A/DIODE    1.000000    1.049312   -0.049312 (VIOLATED)
i_soc.i_cpu.core_i.ex_stage_i.alu_i._5366_/D    1.000000    1.049223   -0.049223 (VIOLATED)
ANTENNA_i_soc.i_cpu.core_i.ex_stage_i.alu_i._5366__D/DIODE    1.000000    1.049217   -0.049217 (VIOLATED)
load_slew1681/A                         1.000000    1.048643   -0.048643 (VIOLATED)
i_soc.i_cpu.core_i.ex_stage_i.alu_i._4375_/A    1.000000    1.048606   -0.048606 (VIOLATED)
ANTENNA_load_slew1681_A/DIODE           1.000000    1.048588   -0.048588 (VIOLATED)
ANTENNA_i_soc.i_cpu.core_i.ex_stage_i.alu_i._4375__A/DIODE    1.000000    1.048567   -0.048567 (VIOLATED)
i_soc.i_ai_sram.u_sram.gen_bank[7].gen_512.u_macro/din0[30]    1.000000    1.048563   -0.048563 (VIOLATED)
load_slew1020/A                         1.000000    1.048137   -0.048137 (VIOLATED)
ANTENNA_load_slew1020_A/DIODE           1.000000    1.048123   -0.048123 (VIOLATED)
i_soc.i_cpu.core_i.ex_stage_i.alu_i._4603_/A0    1.000000    1.048027   -0.048027 (VIOLATED)
i_soc.i_ai_accel.u_conv_w_mem/addr0[7]    0.040000    0.087960   -0.047960 (VIOLATED)
i_soc.i_cpu.core_i.ex_stage_i.alu_i._3405_/B    1.000000    1.047907   -0.047907 (VIOLATED)
i_soc.i_cpu.core_i.ex_stage_i.alu_i.popcnt_i._145_/A    1.000000    1.047833   -0.047833 (VIOLATED)
ANTENNA_i_soc.i_cpu.core_i.ex_stage_i.alu_i.popcnt_i._145__A/DIODE    1.000000    1.047832   -0.047832 (VIOLATED)
ANTENNA_i_soc.i_cpu.core_i.ex_stage_i.alu_i._4603__A0/DIODE    1.000000    1.047817   -0.047817 (VIOLATED)
i_soc.i_ai_sram.u_sram._647_/A2         1.000000    1.047798   -0.047798 (VIOLATED)
ANTENNA_i_soc.i_ai_sram.u_sram._647__A2/DIODE    1.000000    1.047796   -0.047796 (VIOLATED)
ANTENNA_i_soc.i_ai_sram.u_sram._497__X/DIODE    1.000000    1.047722   -0.047722 (VIOLATED)
i_soc.i_ai_sram.u_sram._497_/X          1.000000    1.047687   -0.047687 (VIOLATED)
ANTENNA_i_soc.i_ai_sram.u_sram._559__X/DIODE    1.000000    1.047672   -0.047672 (VIOLATED)
i_soc.i_ai_sram.u_sram._559_/X          1.000000    1.047662   -0.047662 (VIOLATED)
i_soc.i_cpu.core_i.ex_stage_i.alu_i._4456_/A0    1.000000    1.047648   -0.047648 (VIOLATED)
ANTENNA_i_soc.i_cpu.core_i.ex_stage_i.alu_i._4456__A0/DIODE    1.000000    1.047647   -0.047647 (VIOLATED)
ANTENNA_i_soc.i_cpu.core_i.ex_stage_i.alu_i._3405__B/DIODE    1.000000    1.047489   -0.047489 (VIOLATED)
ANTENNA_i_soc.i_cpu.core_i.ex_stage_i.alu_i.popcnt_i._144__A/DIODE    1.000000    1.047485   -0.047485 (VIOLATED)
i_soc.i_cpu.core_i.ex_stage_i.alu_i.popcnt_i._144_/A    1.000000    1.047279   -0.047279 (VIOLATED)
i_soc.i_cpu.core_i.load_store_unit_i._0830_/A0    1.000000    1.047238   -0.047238 (VIOLATED)
ANTENNA_i_soc.i_cpu.core_i.load_store_unit_i._0830__A0/DIODE    1.000000    1.047234   -0.047234 (VIOLATED)
i_soc.i_cpu.core_i.load_store_unit_i._0826_/B    1.000000    1.047186   -0.047186 (VIOLATED)
i_soc.i_cpu.core_i.load_store_unit_i._0825_/B    1.000000    1.047175   -0.047175 (VIOLATED)
ANTENNA_i_soc.i_cpu.core_i.load_store_unit_i._0825__B/DIODE    1.000000    1.047163   -0.047163 (VIOLATED)
i_soc.i_cpu.core_i.ex_stage_i.alu_i._3658_/A1    1.000000    1.047048   -0.047048 (VIOLATED)
ANTENNA_i_soc.i_cpu.core_i.load_store_unit_i._0826__B/DIODE    1.000000    1.047024   -0.047024 (VIOLATED)
i_soc.i_ai_sram.u_sram.gen_bank[8].gen_512.u_macro/csb0    1.000000    1.046908   -0.046908 (VIOLATED)
ANTENNA_i_soc.i_cpu.core_i.ex_stage_i.alu_i._3658__A1/DIODE    1.000000    1.046870   -0.046870 (VIOLATED)
i_soc.i_cpu.core_i.ex_stage_i.alu_i._3685_/A1    1.000000    1.046516   -0.046516 (VIOLATED)
ANTENNA_i_soc.i_cpu.core_i.ex_stage_i.alu_i._3685__A1/DIODE    1.000000    1.046503   -0.046503 (VIOLATED)
i_soc.i_ai_sram.u_sram.gen_bank[11].gen_512.u_macro/din0[29]    1.000000    1.046373   -0.046373 (VIOLATED)
i_soc.i_cpu.core_i.cs_registers_i._2624_/S    1.000000    1.046348   -0.046348 (VIOLATED)
ANTENNA_i_soc.i_cpu.core_i.cs_registers_i._2624__S/DIODE    1.000000    1.046346   -0.046346 (VIOLATED)
i_soc.i_cpu.core_i.cs_registers_i._2622_/S    1.000000    1.046346   -0.046346 (VIOLATED)
ANTENNA_i_soc.i_cpu.core_i.cs_registers_i._2622__S/DIODE    1.000000    1.046344   -0.046344 (VIOLATED)
i_soc.i_cpu.core_i.ex_stage_i.alu_i._3424_/A    1.000000    1.046326   -0.046326 (VIOLATED)
i_soc.i_cpu.core_i.cs_registers_i._2626_/S    1.000000    1.046325   -0.046325 (VIOLATED)
ANTENNA_i_soc.i_cpu.core_i.cs_registers_i._2626__S/DIODE    1.000000    1.046323   -0.046323 (VIOLATED)
ANTENNA_i_soc.i_cpu.core_i.ex_stage_i.alu_i._3424__A/DIODE    1.000000    1.046308   -0.046308 (VIOLATED)
i_soc.i_cpu.core_i.cs_registers_i._2676_/S    1.000000    1.046304   -0.046304 (VIOLATED)
i_soc.i_ai_accel.u_conv_w_mem/addr0[6]    0.040000    0.086293   -0.046293 (VIOLATED)
ANTENNA_i_soc.i_cpu.core_i.cs_registers_i._2676__S/DIODE    1.000000    1.046290   -0.046290 (VIOLATED)
i_soc.i_cpu.core_i.ex_stage_i.alu_i.popcnt_i._147_/A    1.000000    1.046278   -0.046278 (VIOLATED)
i_soc.i_ai_accel.u_input_mem/addr0[0]    0.040000    0.086245   -0.046245 (VIOLATED)
load_slew2145/A                         1.000000    1.046245   -0.046245 (VIOLATED)
ANTENNA_load_slew2145_A/DIODE           1.000000    1.046244   -0.046244 (VIOLATED)
i_soc.i_cpu.core_i.cs_registers_i._2642_/S    1.000000    1.046236   -0.046236 (VIOLATED)
ANTENNA_i_soc.i_cpu.core_i.cs_registers_i._2642__S/DIODE    1.000000    1.046235   -0.046235 (VIOLATED)
i_soc.i_cpu.core_i.cs_registers_i._2640_/S    1.000000    1.046233   -0.046233 (VIOLATED)
ANTENNA_i_soc.i_cpu.core_i.cs_registers_i._2640__S/DIODE    1.000000    1.046231   -0.046231 (VIOLATED)
ANTENNA_i_soc.i_cpu.core_i.cs_registers_i._2621__Y/DIODE    1.000000    1.046228   -0.046228 (VIOLATED)
i_soc.i_cpu.core_i.cs_registers_i._2621_/Y    1.000000    1.046227   -0.046227 (VIOLATED)
i_soc.i_cpu.core_i.ex_stage_i.alu_i.popcnt_i._206_/A1    1.000000    1.046201   -0.046200 (VIOLATED)
i_soc.i_cpu.core_i.id_stage_i._3319_/A    1.000000    1.046138   -0.046138 (VIOLATED)
ANTENNA_i_soc.i_cpu.core_i.id_stage_i._3319__A/DIODE    1.000000    1.046138   -0.046138 (VIOLATED)
i_soc.i_cpu.core_i.ex_stage_i.alu_i._3884_/A1    1.000000    1.046134   -0.046134 (VIOLATED)
ANTENNA_i_soc.i_cpu.core_i.ex_stage_i.alu_i._3884__A1/DIODE    1.000000    1.046132   -0.046132 (VIOLATED)
ANTENNA_i_soc.i_cpu.core_i.ex_stage_i.alu_i.popcnt_i._206__A1/DIODE    1.000000    1.046130   -0.046130 (VIOLATED)
i_soc.i_cpu.core_i.ex_stage_i.alu_i._3421_/B    1.000000    1.046053   -0.046053 (VIOLATED)
ANTENNA_i_soc.i_cpu.core_i.ex_stage_i.alu_i._3421__B/DIODE    1.000000    1.046041   -0.046041 (VIOLATED)
i_soc.i_cpu.core_i.ex_stage_i.alu_i._5878_/A1    1.000000    1.046035   -0.046035 (VIOLATED)
ANTENNA_i_soc.i_cpu.core_i.ex_stage_i.alu_i._5878__A1/DIODE    1.000000    1.046028   -0.046028 (VIOLATED)
ANTENNA_i_soc.i_cpu.core_i.ex_stage_i.alu_i.popcnt_i._147__A/DIODE    1.000000    1.045983   -0.045983 (VIOLATED)
ANTENNA_i_soc.i_cpu.core_i.ex_stage_i.alu_i._6620__B2/DIODE    1.000000    1.045853   -0.045853 (VIOLATED)
i_soc.i_cpu.core_i.ex_stage_i.alu_i._6620_/B2    1.000000    1.045801   -0.045801 (VIOLATED)
i_soc.i_cpu.core_i.ex_stage_i.alu_i._6590_/A1    1.000000    1.045778   -0.045778 (VIOLATED)
ANTENNA_i_soc.i_cpu.core_i.ex_stage_i.alu_i._6590__A1/DIODE    1.000000    1.045774   -0.045774 (VIOLATED)
i_soc.i_cpu.core_i.ex_stage_i.alu_i._6619_/A    1.000000    1.045739   -0.045739 (VIOLATED)
i_soc.i_cpu.core_i.ex_stage_i.alu_i._5377_/B    1.000000    1.045738   -0.045738 (VIOLATED)
ANTENNA_i_soc.i_cpu.core_i.ex_stage_i.alu_i._5377__B/DIODE    1.000000    1.045737   -0.045737 (VIOLATED)
i_soc.i_ai_sram.u_sram.gen_bank[5].gen_512.u_macro/din0[29]    1.000000    1.045533   -0.045533 (VIOLATED)
ANTENNA_i_soc.i_cpu.core_i.ex_stage_i.alu_i._6619__A/DIODE    1.000000    1.045377   -0.045377 (VIOLATED)
i_soc.i_cpu.core_i.ex_stage_i.alu_i._6616_/B2    1.000000    1.045179   -0.045179 (VIOLATED)
i_soc.i_cpu.core_i.ex_stage_i.alu_i._6615_/A    1.000000    1.045170   -0.045170 (VIOLATED)
ANTENNA_i_soc.i_cpu.core_i.ex_stage_i.alu_i._5780__C1/DIODE    1.000000    1.045158   -0.045158 (VIOLATED)
i_soc.i_cpu.core_i.ex_stage_i.alu_i._5780_/C1    1.000000    1.045157   -0.045157 (VIOLATED)
i_soc.i_cpu.core_i.ex_stage_i.alu_i._5782_/A1    1.000000    1.045151   -0.045151 (VIOLATED)
ANTENNA_i_soc.i_cpu.core_i.ex_stage_i.alu_i._5782__A1/DIODE    1.000000    1.045142   -0.045142 (VIOLATED)
ANTENNA_i_soc.i_cpu.core_i.ex_stage_i.alu_i._6616__B2/DIODE    1.000000    1.045123   -0.045123 (VIOLATED)
ANTENNA_i_soc.i_cpu.core_i.ex_stage_i.alu_i._6615__A/DIODE    1.000000    1.045043   -0.045043 (VIOLATED)
i_soc.i_ai_sram.u_sram.gen_bank[2].gen_512.u_macro/din0[14]    1.000000    1.044728   -0.044728 (VIOLATED)
i_soc.i_cpu.core_i.id_stage_i._3280_/A2    1.000000    1.044546   -0.044546 (VIOLATED)
ANTENNA_i_soc.i_cpu.core_i.id_stage_i._3280__A2/DIODE    1.000000    1.044533   -0.044533 (VIOLATED)
i_soc.i_cpu.core_i.id_stage_i._3240_/A2    1.000000    1.044528   -0.044528 (VIOLATED)
i_soc.i_cpu.core_i.id_stage_i._3248_/A2    1.000000    1.044524   -0.044524 (VIOLATED)
ANTENNA_i_soc.i_cpu.core_i.id_stage_i._3240__A2/DIODE    1.000000    1.044524   -0.044524 (VIOLATED)
i_soc.i_cpu.core_i.id_stage_i._3252_/A2    1.000000    1.044523   -0.044522 (VIOLATED)
ANTENNA_i_soc.i_cpu.core_i.id_stage_i._3252__A2/DIODE    1.000000    1.044511   -0.044511 (VIOLATED)
ANTENNA_i_soc.i_cpu.core_i.id_stage_i._3248__A2/DIODE    1.000000    1.044509   -0.044509 (VIOLATED)
ANTENNA_i_soc.i_cpu.core_i.ex_stage_i.alu_i._5895__B2/DIODE    1.000000    1.044509   -0.044509 (VIOLATED)
i_soc.i_cpu.core_i.id_stage_i._3244_/A2    1.000000    1.044495   -0.044495 (VIOLATED)
ANTENNA_i_soc.i_cpu.core_i.id_stage_i._3244__A2/DIODE    1.000000    1.044452   -0.044452 (VIOLATED)
ANTENNA_i_soc.i_cpu.core_i.id_stage_i._3257__A2/DIODE    1.000000    1.044386   -0.044385 (VIOLATED)
i_soc.i_cpu.core_i.id_stage_i._3257_/A2    1.000000    1.044377   -0.044377 (VIOLATED)
i_soc.i_cpu.core_i.ex_stage_i.alu_i._5895_/B2    1.000000    1.044362   -0.044362 (VIOLATED)
i_soc.i_cpu.core_i.id_stage_i._3268_/A2    1.000000    1.044357   -0.044357 (VIOLATED)
ANTENNA_i_soc.i_cpu.core_i.id_stage_i._3268__A2/DIODE    1.000000    1.044350   -0.044350 (VIOLATED)
i_soc.i_cpu.core_i.id_stage_i._3233_/A2    1.000000    1.044247   -0.044247 (VIOLATED)
ANTENNA_i_soc.i_cpu.core_i.id_stage_i._3233__A2/DIODE    1.000000    1.044191   -0.044191 (VIOLATED)
load_slew1694/A                         1.000000    1.044177   -0.044177 (VIOLATED)
i_soc.i_cpu.core_i.id_stage_i._3276_/A2    1.000000    1.044069   -0.044069 (VIOLATED)
ANTENNA_i_soc.i_cpu.core_i.id_stage_i._3276__A2/DIODE    1.000000    1.044048   -0.044048 (VIOLATED)
i_soc.i_cpu.core_i.id_stage_i._3288_/A2    1.000000    1.044039   -0.044039 (VIOLATED)
ANTENNA_i_soc.i_cpu.core_i.id_stage_i._3288__A2/DIODE    1.000000    1.044038   -0.044038 (VIOLATED)
ANTENNA_load_slew1694_A/DIODE           1.000000    1.044023   -0.044023 (VIOLATED)
ANTENNA_i_soc.i_cpu.core_i.ex_stage_i.alu_i._5893__B1/DIODE    1.000000    1.044012   -0.044012 (VIOLATED)
i_soc.i_cpu.core_i.id_stage_i._3272_/A2    1.000000    1.043989   -0.043989 (VIOLATED)
ANTENNA_i_soc.i_cpu.core_i.id_stage_i._3272__A2/DIODE    1.000000    1.043982   -0.043982 (VIOLATED)
i_soc.i_cpu.core_i.ex_stage_i.alu_i._5893_/B1    1.000000    1.043904   -0.043904 (VIOLATED)
ANTENNA_i_soc.i_cpu.core_i.id_stage_i._3264__A2/DIODE    1.000000    1.043893   -0.043893 (VIOLATED)
i_soc.i_cpu.core_i.id_stage_i._3264_/A2    1.000000    1.043830   -0.043830 (VIOLATED)
i_soc.i_cpu.core_i.id_stage_i._3284_/A2    1.000000    1.043715   -0.043714 (VIOLATED)
ANTENNA_i_soc.i_cpu.core_i.id_stage_i._3284__A2/DIODE    1.000000    1.043609   -0.043609 (VIOLATED)
i_soc.i_cpu.core_i.ex_stage_i.alu_i._3292_/A    1.000000    1.043575   -0.043575 (VIOLATED)
i_soc.i_cpu.core_i.id_stage_i._3260_/A2    1.000000    1.043523   -0.043523 (VIOLATED)
ANTENNA_i_soc.i_cpu.core_i.id_stage_i._3260__A2/DIODE    1.000000    1.043517   -0.043517 (VIOLATED)
i_soc.i_cpu.core_i.id_stage_i._3179_/B    1.000000    1.043365   -0.043366 (VIOLATED)
ANTENNA_i_soc.i_cpu.core_i.id_stage_i._3179__B/DIODE    1.000000    1.043363   -0.043363 (VIOLATED)
ANTENNA_i_soc.i_cpu.core_i.ex_stage_i.alu_i._3292__A/DIODE    1.000000    1.043357   -0.043357 (VIOLATED)
ANTENNA_i_soc.i_cpu.core_i.id_stage_i._3236__A2/DIODE    1.000000    1.043085   -0.043085 (VIOLATED)
i_soc.i_cpu.core_i.ex_stage_i.alu_i._6586_/A1    1.000000    1.043044   -0.043044 (VIOLATED)
i_soc.i_cpu.core_i.id_stage_i._3236_/A2    1.000000    1.043000   -0.043000 (VIOLATED)
i_soc.i_cpu.core_i.id_stage_i._3228_/A2    1.000000    1.042943   -0.042943 (VIOLATED)
ANTENNA_i_soc.i_cpu.core_i.id_stage_i._3228__A2/DIODE    1.000000    1.042940   -0.042941 (VIOLATED)
wire1012/A                              1.000000    1.042920   -0.042920 (VIOLATED)
ANTENNA_i_soc.i_cpu.core_i.ex_stage_i.alu_i._6586__A1/DIODE    1.000000    1.042902   -0.042902 (VIOLATED)
i_soc.i_cpu.core_i.id_stage_i._3160_/A2    1.000000    1.042809   -0.042809 (VIOLATED)
ANTENNA_i_soc.i_ai_sram.u_sram.gen_bank[6].gen_512.u_macro_csb1/DIODE    1.000000    1.042801   -0.042801 (VIOLATED)
load_slew979/A                          1.000000    1.042729   -0.042729 (VIOLATED)
ANTENNA_load_slew979_A/DIODE            1.000000    1.042671   -0.042671 (VIOLATED)
ANTENNA_i_soc.i_cpu.core_i.id_stage_i._3160__A2/DIODE    1.000000    1.042670   -0.042670 (VIOLATED)
ANTENNA_wire1012_A/DIODE                1.000000    1.042669   -0.042669 (VIOLATED)
ANTENNA_i_soc.i_cpu.core_i.id_stage_i.register_file_i._6411__A2/DIODE    1.000000    1.042618   -0.042618 (VIOLATED)
i_soc.i_cpu.core_i.id_stage_i.register_file_i._6411_/A2    1.000000    1.042615   -0.042615 (VIOLATED)
i_soc.i_cpu.core_i.id_stage_i.register_file_i._6413_/A2    1.000000    1.042587   -0.042587 (VIOLATED)
ANTENNA_i_soc.i_cpu.core_i.id_stage_i.register_file_i._6413__A2/DIODE    1.000000    1.042582   -0.042582 (VIOLATED)
i_soc.i_qspi._15824_/C1                 1.000000    1.042528   -0.042528 (VIOLATED)
ANTENNA_i_soc.i_qspi._15828__B2/DIODE    1.000000    1.042527   -0.042527 (VIOLATED)
i_soc.i_qspi._15828_/B2                 1.000000    1.042527   -0.042527 (VIOLATED)
ANTENNA_i_soc.i_qspi._15824__C1/DIODE    1.000000    1.042524   -0.042524 (VIOLATED)
i_soc.i_qspi._15385_/A1                 1.000000    1.042477   -0.042477 (VIOLATED)
ANTENNA_i_soc.i_qspi._15385__A1/DIODE    1.000000    1.042476   -0.042476 (VIOLATED)
i_soc.i_cpu.core_i.id_stage_i._3221_/A2    1.000000    1.042465   -0.042465 (VIOLATED)
i_soc.i_ai_accel.u_conv_out.gen_bank[0].gen_512.u_macro/addr0[7]    0.040000    0.082460   -0.042460 (VIOLATED)
i_soc.i_cpu.core_i.id_stage_i.register_file_i._6419_/A2    1.000000    1.042444   -0.042444 (VIOLATED)
ANTENNA_i_soc.i_cpu.core_i.id_stage_i._3221__A2/DIODE    1.000000    1.042431   -0.042431 (VIOLATED)
i_soc.i_qspi._16500_/C1                 1.000000    1.042420   -0.042420 (VIOLATED)
ANTENNA_i_soc.i_qspi._16500__C1/DIODE    1.000000    1.042418   -0.042418 (VIOLATED)
i_soc.i_qspi._16504_/B2                 1.000000    1.042396   -0.042396 (VIOLATED)
ANTENNA_i_soc.i_qspi._16504__B2/DIODE    1.000000    1.042395   -0.042395 (VIOLATED)
i_soc.i_ai_sram.u_sram.gen_bank[7].gen_512.u_macro/din0[10]    1.000000    1.042383   -0.042383 (VIOLATED)
ANTENNA_i_soc.i_cpu.core_i.id_stage_i.register_file_i._6419__A2/DIODE    1.000000    1.042366   -0.042366 (VIOLATED)
ANTENNA_i_soc.i_cpu.core_i.ex_stage_i.alu_i._5533__A0/DIODE    1.000000    1.042365   -0.042365 (VIOLATED)
i_soc.i_cpu.core_i.ex_stage_i.alu_i._5533_/A0    1.000000    1.042364   -0.042364 (VIOLATED)
i_soc.i_qspi._16434_/B2                 1.000000    1.042336   -0.042336 (VIOLATED)
ANTENNA_i_soc.i_qspi._16434__B2/DIODE    1.000000    1.042323   -0.042323 (VIOLATED)
i_soc.i_cpu.core_i.id_stage_i.register_file_i._6409_/A2    1.000000    1.042318   -0.042317 (VIOLATED)
ANTENNA_i_soc.i_ai_sram.u_sram.gen_bank[7].gen_512.u_macro_din0[23]/DIODE    1.000000    1.042312   -0.042312 (VIOLATED)
i_soc.i_qspi._08648_/A2                 1.000000    1.042311   -0.042311 (VIOLATED)
ANTENNA_i_soc.i_cpu.core_i.id_stage_i.register_file_i._6409__A2/DIODE    1.000000    1.042311   -0.042311 (VIOLATED)
ANTENNA_i_soc.i_qspi._08648__A2/DIODE    1.000000    1.042310   -0.042310 (VIOLATED)
wire261/A                               1.000000    1.042305   -0.042305 (VIOLATED)
i_soc.i_qspi._16432_/A1                 1.000000    1.042291   -0.042291 (VIOLATED)
ANTENNA_wire261_A/DIODE                 1.000000    1.042281   -0.042281 (VIOLATED)
ANTENNA_i_soc.i_qspi._16432__A1/DIODE    1.000000    1.042278   -0.042278 (VIOLATED)
ANTENNA_i_soc.i_cpu.core_i.id_stage_i.register_file_i._6425__A2/DIODE    1.000000    1.042255   -0.042255 (VIOLATED)
ANTENNA_i_soc.i_qspi._16279__B2/DIODE    1.000000    1.042244   -0.042244 (VIOLATED)
i_soc.i_qspi._16279_/B2                 1.000000    1.042244   -0.042244 (VIOLATED)
i_soc.i_qspi._16195_/C1                 1.000000    1.042238   -0.042238 (VIOLATED)
i_soc.i_cpu.core_i.id_stage_i.register_file_i._6425_/A2    1.000000    1.042236   -0.042236 (VIOLATED)
ANTENNA_i_soc.i_qspi._16195__C1/DIODE    1.000000    1.042236   -0.042236 (VIOLATED)
max_cap3304/A                           1.000000    1.042236   -0.042236 (VIOLATED)
ANTENNA_max_cap3304_A/DIODE             1.000000    1.042236   -0.042236 (VIOLATED)
ANTENNA_fanout3302_X/DIODE              1.000000    1.042234   -0.042234 (VIOLATED)
fanout3302/X                            1.000000    1.042234   -0.042234 (VIOLATED)
ANTENNA_i_soc.i_cpu.core_i.ex_stage_i.alu_i._3296__A/DIODE    1.000000    1.042176   -0.042176 (VIOLATED)
i_soc.i_cpu.core_i.id_stage_i._3209_/A2    1.000000    1.042174   -0.042173 (VIOLATED)
ANTENNA_i_soc.i_cpu.core_i.id_stage_i._3209__A2/DIODE    1.000000    1.042171   -0.042171 (VIOLATED)
i_soc.i_cpu.core_i.id_stage_i._3128_/B1    1.000000    1.042056   -0.042056 (VIOLATED)
ANTENNA_i_soc.i_cpu.core_i.id_stage_i._3128__B1/DIODE    1.000000    1.042052   -0.042052 (VIOLATED)
i_soc.i_cpu.core_i.id_stage_i._3090_/B1    1.000000    1.042036   -0.042036 (VIOLATED)
i_soc.i_cpu.core_i.id_stage_i._3154_/A2    1.000000    1.042029   -0.042029 (VIOLATED)
ANTENNA_i_soc.i_cpu.core_i.id_stage_i._3154__A2/DIODE    1.000000    1.042019   -0.042019 (VIOLATED)
ANTENNA_i_soc.i_cpu.core_i.id_stage_i._3090__B1/DIODE    1.000000    1.042010   -0.042010 (VIOLATED)
i_soc.i_cpu.core_i.id_stage_i._3078_/B1    1.000000    1.042008   -0.042008 (VIOLATED)
ANTENNA_i_soc.i_cpu.core_i.id_stage_i._3078__B1/DIODE    1.000000    1.041954   -0.041954 (VIOLATED)
ANTENNA_i_soc.i_cpu.core_i.id_stage_i._3191__A2/DIODE    1.000000    1.041920   -0.041920 (VIOLATED)
i_soc.i_cpu.core_i.id_stage_i._3109_/B1    1.000000    1.041911   -0.041911 (VIOLATED)
i_soc.i_cpu.core_i.id_stage_i._3191_/A2    1.000000    1.041856   -0.041856 (VIOLATED)
ANTENNA_i_soc.i_cpu.core_i.id_stage_i._3109__B1/DIODE    1.000000    1.041828   -0.041828 (VIOLATED)
i_soc.i_cpu.core_i.id_stage_i._3165_/A2    1.000000    1.041824   -0.041824 (VIOLATED)
i_soc.i_cpu.core_i.id_stage_i._3168_/A2    1.000000    1.041824   -0.041824 (VIOLATED)
ANTENNA_i_soc.i_cpu.core_i.id_stage_i._3168__A2/DIODE    1.000000    1.041823   -0.041823 (VIOLATED)
i_soc.i_cpu.core_i.id_stage_i._3162_/A2    1.000000    1.041823   -0.041823 (VIOLATED)
i_soc.i_cpu.core_i.id_stage_i._3185_/A2    1.000000    1.041823   -0.041823 (VIOLATED)
ANTENNA_i_soc.i_cpu.core_i.id_stage_i._3162__A2/DIODE    1.000000    1.041822   -0.041822 (VIOLATED)
ANTENNA_i_soc.i_cpu.core_i.id_stage_i._3165__A2/DIODE    1.000000    1.041822   -0.041822 (VIOLATED)
ANTENNA_i_soc.i_cpu.core_i.id_stage_i._3185__A2/DIODE    1.000000    1.041822   -0.041822 (VIOLATED)
i_soc.i_cpu.core_i.id_stage_i._3152_/B    1.000000    1.041821   -0.041821 (VIOLATED)
i_soc.i_cpu.core_i.id_stage_i._3197_/A2    1.000000    1.041820   -0.041820 (VIOLATED)
ANTENNA_i_soc.i_cpu.core_i.id_stage_i._3197__A2/DIODE    1.000000    1.041819   -0.041819 (VIOLATED)
ANTENNA_i_soc.i_cpu.core_i.id_stage_i._3152__B/DIODE    1.000000    1.041818   -0.041818 (VIOLATED)
i_soc.i_cpu.core_i.id_stage_i._3156_/A2    1.000000    1.041815   -0.041815 (VIOLATED)
ANTENNA_i_soc.i_cpu.core_i.id_stage_i._3156__A2/DIODE    1.000000    1.041814   -0.041814 (VIOLATED)
ANTENNA_i_soc.i_cpu.core_i.id_stage_i._3150__X/DIODE    1.000000    1.041814   -0.041814 (VIOLATED)
i_soc.i_cpu.core_i.id_stage_i._3150_/X    1.000000    1.041808   -0.041808 (VIOLATED)
i_soc.i_cpu.core_i.id_stage_i._3072_/A2    1.000000    1.041782   -0.041782 (VIOLATED)
ANTENNA_i_soc.i_cpu.core_i.id_stage_i._3072__A2/DIODE    1.000000    1.041778   -0.041778 (VIOLATED)
i_soc.i_cpu.core_i.id_stage_i._3085_/A2    1.000000    1.041766   -0.041766 (VIOLATED)
ANTENNA_i_soc.i_cpu.core_i.id_stage_i._3085__A2/DIODE    1.000000    1.041761   -0.041761 (VIOLATED)
ANTENNA_i_soc.i_cpu.core_i.id_stage_i._3065__B1/DIODE    1.000000    1.041732   -0.041732 (VIOLATED)
i_soc.i_cpu.core_i.id_stage_i._3065_/B1    1.000000    1.041725   -0.041725 (VIOLATED)
ANTENNA_i_soc.i_cpu.core_i.id_stage_i._3053__B1/DIODE    1.000000    1.041673   -0.041673 (VIOLATED)
i_soc.i_cpu.core_i.id_stage_i._3053_/B1    1.000000    1.041664   -0.041664 (VIOLATED)
i_soc.i_cpu.core_i.ex_stage_i.alu_i._3296_/A    1.000000    1.041647   -0.041647 (VIOLATED)
ANTENNA_i_soc.i_cpu.core_i.id_stage_i._3140__B1/DIODE    1.000000    1.041630   -0.041630 (VIOLATED)
i_soc.i_cpu.core_i.id_stage_i._3140_/B1    1.000000    1.041626   -0.041626 (VIOLATED)
i_soc.i_cpu.core_i.id_stage_i._3115_/B1    1.000000    1.041440   -0.041440 (VIOLATED)
ANTENNA_i_soc.i_cpu.core_i.id_stage_i._3115__B1/DIODE    1.000000    1.041419   -0.041419 (VIOLATED)
i_soc.i_cpu.core_i.id_stage_i.register_file_i._6429_/A2    1.000000    1.041411   -0.041411 (VIOLATED)
i_soc.i_cpu.core_i.id_stage_i._3122_/B1    1.000000    1.041379   -0.041379 (VIOLATED)
ANTENNA_i_soc.i_cpu.core_i.id_stage_i._3122__B1/DIODE    1.000000    1.041377   -0.041377 (VIOLATED)
ANTENNA_i_soc.i_cpu.core_i.id_stage_i.register_file_i._6429__A2/DIODE    1.000000    1.041377   -0.041377 (VIOLATED)
i_soc.i_cpu.core_i.id_stage_i._3103_/B1    1.000000    1.041360   -0.041360 (VIOLATED)
ANTENNA_i_soc.i_cpu.core_i.id_stage_i._3103__B1/DIODE    1.000000    1.041348   -0.041348 (VIOLATED)
i_soc.i_cpu.core_i.id_stage_i._3134_/B1    1.000000    1.041104   -0.041104 (VIOLATED)
ANTENNA_i_soc.i_cpu.core_i.id_stage_i._3134__B1/DIODE    1.000000    1.041061   -0.041061 (VIOLATED)
i_soc.i_cpu.core_i.ex_stage_i.alu_i._3767_/A0    1.000000    1.041046   -0.041046 (VIOLATED)
ANTENNA_i_soc.i_cpu.core_i.ex_stage_i.alu_i._3767__A0/DIODE    1.000000    1.041038   -0.041038 (VIOLATED)
i_soc.i_cpu.core_i.ex_stage_i.alu_i._3765_/A0    1.000000    1.041022   -0.041022 (VIOLATED)
i_soc.i_cpu.core_i.ex_stage_i.alu_i._5965_/A1    1.000000    1.041016   -0.041016 (VIOLATED)
ANTENNA_i_soc.i_cpu.core_i.ex_stage_i.alu_i._3765__A0/DIODE    1.000000    1.041012   -0.041012 (VIOLATED)
ANTENNA_i_soc.i_cpu.core_i.id_stage_i._3096__B1/DIODE    1.000000    1.041002   -0.041002 (VIOLATED)
ANTENNA_i_soc.i_cpu.core_i.ex_stage_i.alu_i._5965__A1/DIODE    1.000000    1.040994   -0.040994 (VIOLATED)
i_soc.i_cpu.core_i.ex_stage_i.alu_i._5968_/A0    1.000000    1.040928   -0.040928 (VIOLATED)
i_soc.i_cpu.core_i.id_stage_i._3096_/B1    1.000000    1.040919   -0.040919 (VIOLATED)
ANTENNA_i_soc.i_cpu.core_i.ex_stage_i.alu_i._5968__A0/DIODE    1.000000    1.040883   -0.040883 (VIOLATED)
i_soc.i_cpu.core_i.id_stage_i._3059_/A2    1.000000    1.040857   -0.040857 (VIOLATED)
ANTENNA_i_soc.i_cpu.core_i.id_stage_i._3059__A2/DIODE    1.000000    1.040848   -0.040848 (VIOLATED)
i_soc.i_cpu.core_i.id_stage_i.register_file_i._6423_/A2    1.000000    1.040760   -0.040760 (VIOLATED)
ANTENNA_i_soc.i_cpu.core_i.id_stage_i.register_file_i._6423__A2/DIODE    1.000000    1.040747   -0.040747 (VIOLATED)
i_soc.i_cpu.core_i.id_stage_i._3045_/B1    1.000000    1.040730   -0.040730 (VIOLATED)
ANTENNA_i_soc.i_cpu.core_i.id_stage_i._3045__B1/DIODE    1.000000    1.040727   -0.040727 (VIOLATED)
i_soc.i_cpu.core_i.id_stage_i._3476_/B2    1.000000    1.040698   -0.040698 (VIOLATED)
ANTENNA_i_soc.i_cpu.core_i.id_stage_i._3476__B2/DIODE    1.000000    1.040676   -0.040676 (VIOLATED)
ANTENNA_i_soc.i_ai_sram.u_sram._405__X/DIODE    1.000000    1.040675   -0.040675 (VIOLATED)
i_soc.i_ai_sram.u_sram._405_/X          1.000000    1.040670   -0.040670 (VIOLATED)
ANTENNA_i_soc.i_cpu.core_i.id_stage_i._3025__B1/DIODE    1.000000    1.040500   -0.040500 (VIOLATED)
i_soc.i_cpu.core_i.id_stage_i._3025_/B1    1.000000    1.040435   -0.040435 (VIOLATED)
i_soc.i_cpu.core_i.id_stage_i._3035_/B1    1.000000    1.040343   -0.040343 (VIOLATED)
ANTENNA_i_soc.i_cpu.core_i.id_stage_i._3035__B1/DIODE    1.000000    1.040342   -0.040342 (VIOLATED)
i_soc.i_cpu.core_i.id_stage_i.register_file_i._6421_/A2    1.000000    1.040330   -0.040330 (VIOLATED)
i_soc.i_ai_accel._23599_/D              1.000000    1.040323   -0.040323 (VIOLATED)
ANTENNA_i_soc.i_ai_accel._23599__D/DIODE    1.000000    1.040314   -0.040314 (VIOLATED)
ANTENNA_i_soc.i_cpu.core_i.id_stage_i._2976__B2/DIODE    1.000000    1.040292   -0.040292 (VIOLATED)
ANTENNA_i_soc.i_cpu.core_i.id_stage_i.register_file_i._6421__A2/DIODE    1.000000    1.040281   -0.040281 (VIOLATED)
i_soc.i_ai_accel._18135_/A2             1.000000    1.040262   -0.040262 (VIOLATED)
ANTENNA_i_soc.i_ai_accel._18135__A2/DIODE    1.000000    1.040259   -0.040259 (VIOLATED)
i_soc.i_ai_accel._18141_/A2             1.000000    1.040258   -0.040258 (VIOLATED)
i_soc.i_cpu.core_i.id_stage_i._2966_/B1    1.000000    1.040240   -0.040240 (VIOLATED)
ANTENNA_i_soc.i_cpu.core_i.id_stage_i._2966__B1/DIODE    1.000000    1.040237   -0.040237 (VIOLATED)
ANTENNA_i_soc.i_ai_accel._18141__A2/DIODE    1.000000    1.040235   -0.040235 (VIOLATED)
i_soc.i_cpu.core_i.id_stage_i._2976_/B2    1.000000    1.040222   -0.040222 (VIOLATED)
i_soc.i_cpu.core_i.id_stage_i._3008_/B1    1.000000    1.040184   -0.040184 (VIOLATED)
i_soc.i_cpu.core_i.id_stage_i._2998_/A2    1.000000    1.040184   -0.040184 (VIOLATED)
i_soc.i_cpu.core_i.id_stage_i._3017_/B1    1.000000    1.040184   -0.040184 (VIOLATED)
ANTENNA_i_soc.i_cpu.core_i.id_stage_i._2998__A2/DIODE    1.000000    1.040183   -0.040183 (VIOLATED)
i_soc.i_cpu.core_i.id_stage_i._2986_/B2    1.000000    1.040171   -0.040171 (VIOLATED)
ANTENNA_i_soc.i_cpu.core_i.id_stage_i._3017__B1/DIODE    1.000000    1.040166   -0.040166 (VIOLATED)
ANTENNA_i_soc.i_cpu.core_i.id_stage_i._3008__B1/DIODE    1.000000    1.040157   -0.040157 (VIOLATED)
i_soc.i_ai_accel._18155_/A2             1.000000    1.040054   -0.040054 (VIOLATED)
ANTENNA_i_soc.i_cpu.core_i.id_stage_i._2986__B1/DIODE    1.000000    1.040037   -0.040037 (VIOLATED)
i_soc.i_cpu.core_i.id_stage_i._2960_/A2    1.000000    1.039946   -0.039946 (VIOLATED)
ANTENNA_i_soc.i_ai_accel._18155__A2/DIODE    1.000000    1.039940   -0.039940 (VIOLATED)
i_soc.i_ai_accel._18146_/A2             1.000000    1.039898   -0.039898 (VIOLATED)
ANTENNA_i_soc.i_cpu.core_i.id_stage_i._2960__A2/DIODE    1.000000    1.039875   -0.039875 (VIOLATED)
ANTENNA_i_soc.i_cpu.core_i.id_stage_i._2952__B1/DIODE    1.000000    1.039872   -0.039872 (VIOLATED)
ANTENNA_i_soc.i_ai_accel._18146__A2/DIODE    1.000000    1.039858   -0.039857 (VIOLATED)
i_soc.i_cpu.core_i.id_stage_i._2952_/B1    1.000000    1.039845   -0.039845 (VIOLATED)
i_soc.i_cpu.core_i.id_stage_i._2947_/B1    1.000000    1.039824   -0.039824 (VIOLATED)
ANTENNA_i_soc.i_cpu.core_i.id_stage_i._2947__B1/DIODE    1.000000    1.039822   -0.039822 (VIOLATED)
i_soc.i_cpu.core_i.id_stage_i._2921_/A2    1.000000    1.039822   -0.039822 (VIOLATED)
i_soc.i_cpu.core_i.id_stage_i._2890_/A2    1.000000    1.039819   -0.039819 (VIOLATED)
i_soc.i_cpu.core_i.id_stage_i._2903_/A2    1.000000    1.039817   -0.039817 (VIOLATED)
ANTENNA_i_soc.i_cpu.core_i.id_stage_i._2921__A2/DIODE    1.000000    1.039817   -0.039817 (VIOLATED)
ANTENNA_i_soc.i_cpu.core_i.id_stage_i._2903__A2/DIODE    1.000000    1.039817   -0.039817 (VIOLATED)
ANTENNA_i_soc.i_cpu.core_i.id_stage_i._2890__A2/DIODE    1.000000    1.039815   -0.039815 (VIOLATED)
i_soc.i_ai_accel._17583_/A2             1.000000    1.039813   -0.039813 (VIOLATED)
ANTENNA_i_soc.i_ai_accel._17583__A2/DIODE    1.000000    1.039811   -0.039810 (VIOLATED)
i_soc.i_cpu.core_i.id_stage_i._2930_/B1    1.000000    1.039810   -0.039810 (VIOLATED)
ANTENNA_i_soc.i_cpu.core_i.id_stage_i._2930__B1/DIODE    1.000000    1.039810   -0.039810 (VIOLATED)
ANTENNA_i_soc.i_cpu.core_i.id_stage_i._2910__B1/DIODE    1.000000    1.039807   -0.039807 (VIOLATED)
i_soc.i_ai_accel._18167_/A2             1.000000    1.039792   -0.039792 (VIOLATED)
i_soc.i_cpu.core_i.id_stage_i._2910_/B1    1.000000    1.039780   -0.039780 (VIOLATED)
ANTENNA_i_soc.i_ai_accel._18175__A2/DIODE    1.000000    1.039780   -0.039780 (VIOLATED)
i_soc.i_ai_accel._18175_/A2             1.000000    1.039764   -0.039764 (VIOLATED)
ANTENNA_i_soc.i_cpu.core_i.id_stage_i._2887__X/DIODE    1.000000    1.039763   -0.039763 (VIOLATED)
i_soc.i_cpu.core_i.id_stage_i._2887_/X    1.000000    1.039763   -0.039763 (VIOLATED)
ANTENNA_i_soc.i_ai_accel._18167__A2/DIODE    1.000000    1.039738   -0.039738 (VIOLATED)
load_slew967/A                          1.000000    1.039728   -0.039728 (VIOLATED)
i_soc.i_ai_accel._18584_/B2             1.000000    1.039713   -0.039713 (VIOLATED)
ANTENNA_i_soc.i_ai_accel._18584__B2/DIODE    1.000000    1.039711   -0.039711 (VIOLATED)
i_soc.i_ai_accel._17568_/A1             1.000000    1.039700   -0.039700 (VIOLATED)
ANTENNA_i_soc.i_ai_accel._17568__A1/DIODE    1.000000    1.039694   -0.039694 (VIOLATED)
ANTENNA_load_slew967_A/DIODE            1.000000    1.039692   -0.039692 (VIOLATED)
i_soc.i_ai_accel._18161_/A2             1.000000    1.039620   -0.039620 (VIOLATED)
ANTENNA_i_soc.i_cpu.core_i.id_stage_i.register_file_i._6403__A2/DIODE    1.000000    1.039610   -0.039610 (VIOLATED)
i_soc.i_cpu.core_i.id_stage_i.register_file_i._6403_/A2    1.000000    1.039577   -0.039577 (VIOLATED)
i_soc.i_ai_sram.u_sram.gen_bank[0].gen_512.u_macro/din0[29]    1.000000    1.039556   -0.039556 (VIOLATED)
ANTENNA_i_soc.i_ai_accel._18161__A2/DIODE    1.000000    1.039512   -0.039512 (VIOLATED)
ANTENNA_i_soc.i_ai_accel.u_conv_out._37__X/DIODE    1.000000    1.039364   -0.039364 (VIOLATED)
i_soc.i_ai_accel.u_conv_out._37_/X      1.000000    1.039363   -0.039363 (VIOLATED)
i_soc.i_cpu.core_i.id_stage_i.register_file_i._6407_/A2    1.000000    1.039315   -0.039315 (VIOLATED)
i_soc.i_cpu.core_i.id_stage_i.register_file_i._6405_/A2    1.000000    1.039305   -0.039305 (VIOLATED)
ANTENNA_i_soc.i_cpu.core_i.id_stage_i.register_file_i._6407__A2/DIODE    1.000000    1.039303   -0.039303 (VIOLATED)
ANTENNA_i_soc.i_cpu.core_i.id_stage_i.register_file_i._6405__A2/DIODE    1.000000    1.039292   -0.039292 (VIOLATED)
i_soc.i_cpu.core_i.id_stage_i.register_file_i._6401_/A2    1.000000    1.039270   -0.039270 (VIOLATED)
ANTENNA_i_soc.i_cpu.core_i.id_stage_i.register_file_i._6401__A2/DIODE    1.000000    1.039245   -0.039245 (VIOLATED)
i_soc.i_ai_sram.u_sram._526_/A2         1.000000    1.039210   -0.039210 (VIOLATED)
ANTENNA_i_soc.i_ai_sram.u_sram._526__A2/DIODE    1.000000    1.039180   -0.039180 (VIOLATED)
i_soc.i_cpu.core_i.id_stage_i.register_file_i._4150_/C1    1.000000    1.039165   -0.039165 (VIOLATED)
ANTENNA_i_soc.i_cpu.core_i.id_stage_i.register_file_i._4150__C1/DIODE    1.000000    1.039156   -0.039156 (VIOLATED)
i_soc.i_cpu.core_i.id_stage_i.register_file_i._4251_/A1    1.000000    1.039137   -0.039137 (VIOLATED)
ANTENNA_i_soc.i_cpu.core_i.id_stage_i.register_file_i._4251__A1/DIODE    1.000000    1.039136   -0.039136 (VIOLATED)
i_soc.i_ai_accel._18180_/A2             1.000000    1.039121   -0.039121 (VIOLATED)
ANTENNA_i_soc.i_cpu.core_i.id_stage_i.register_file_i._6417__A2/DIODE    1.000000    1.039062   -0.039062 (VIOLATED)
i_soc.i_cpu.core_i.id_stage_i.register_file_i._4100_/C1    1.000000    1.039050   -0.039050 (VIOLATED)
ANTENNA_i_soc.i_cpu.core_i.id_stage_i.register_file_i._4100__C1/DIODE    1.000000    1.039044   -0.039044 (VIOLATED)
i_soc.i_cpu.core_i.id_stage_i.register_file_i._6417_/A2    1.000000    1.039036   -0.039036 (VIOLATED)
i_soc.i_cpu.core_i.id_stage_i.register_file_i._4075_/C1    1.000000    1.039015   -0.039015 (VIOLATED)
ANTENNA_i_soc.i_cpu.core_i.id_stage_i.register_file_i._4075__C1/DIODE    1.000000    1.039012   -0.039012 (VIOLATED)
ANTENNA_i_soc.i_ai_accel._18180__A2/DIODE    1.000000    1.038998   -0.038997 (VIOLATED)
i_soc.i_cpu.core_i.id_stage_i.register_file_i._4348_/C1    1.000000    1.038982   -0.038982 (VIOLATED)
ANTENNA_i_soc.i_cpu.core_i.id_stage_i.register_file_i._4348__C1/DIODE    1.000000    1.038945   -0.038945 (VIOLATED)
ANTENNA_i_soc.i_ai_sram.u_sram._672__B/DIODE    1.000000    1.038903   -0.038903 (VIOLATED)
i_soc.i_cpu.core_i.id_stage_i.register_file_i._4224_/C1    1.000000    1.038900   -0.038900 (VIOLATED)
i_soc.i_ai_sram.u_sram._672_/B          1.000000    1.038898   -0.038898 (VIOLATED)
ANTENNA_i_soc.i_cpu.core_i.id_stage_i.register_file_i._4224__C1/DIODE    1.000000    1.038884   -0.038884 (VIOLATED)
i_soc.i_cpu.core_i.id_stage_i.register_file_i._4274_/C1    1.000000    1.038809   -0.038809 (VIOLATED)
i_soc.i_cpu.core_i.id_stage_i.register_file_i._6427_/A2    1.000000    1.038808   -0.038808 (VIOLATED)
ANTENNA_i_soc.i_cpu.core_i.id_stage_i.register_file_i._4274__C1/DIODE    1.000000    1.038780   -0.038780 (VIOLATED)
i_soc.i_cpu.core_i.id_stage_i.register_file_i._4216_/C1    1.000000    1.038705   -0.038705 (VIOLATED)
ANTENNA_i_soc.i_cpu.core_i.id_stage_i.register_file_i._6427__A2/DIODE    1.000000    1.038671   -0.038671 (VIOLATED)
ANTENNA_i_soc.i_cpu.core_i.id_stage_i.register_file_i._4216__C1/DIODE    1.000000    1.038669   -0.038669 (VIOLATED)
i_soc.i_cpu.core_i.id_stage_i.register_file_i._4097_/B2    1.000000    1.038629   -0.038629 (VIOLATED)
ANTENNA_i_soc.i_cpu.core_i.id_stage_i.register_file_i._4097__B2/DIODE    1.000000    1.038599   -0.038599 (VIOLATED)
ANTENNA_i_soc.i_ai_sram.u_sram.gen_bank[0].gen_512.u_macro_din0[1]/DIODE    1.000000    1.038593   -0.038593 (VIOLATED)
ANTENNA_i_soc.i_cpu.core_i.id_stage_i.register_file_i._4266__C1/DIODE    1.000000    1.038550   -0.038550 (VIOLATED)
i_soc.i_cpu.core_i.id_stage_i.register_file_i._4266_/C1    1.000000    1.038550   -0.038550 (VIOLATED)
max_cap3040/A                           1.000000    1.038519   -0.038519 (VIOLATED)
ANTENNA_max_cap3040_A/DIODE             1.000000    1.038516   -0.038516 (VIOLATED)
ANTENNA_i_soc.i_cpu.core_i.id_stage_i.register_file_i._4343__C1/DIODE    1.000000    1.038507   -0.038507 (VIOLATED)
i_soc.i_cpu.core_i.id_stage_i.register_file_i._4343_/C1    1.000000    1.038505   -0.038505 (VIOLATED)
ANTENNA_fanout3038_X/DIODE              1.000000    1.038503   -0.038503 (VIOLATED)
fanout3038/X                            1.000000    1.038503   -0.038503 (VIOLATED)
i_soc.i_data_sram._60_/D                1.000000    1.038314   -0.038314 (VIOLATED)
ANTENNA_i_soc.i_data_sram._60__D/DIODE    1.000000    1.038313   -0.038313 (VIOLATED)
ANTENNA_i_soc.i_cpu.core_i.ex_stage_i.alu_i._5794__A1/DIODE    1.000000    1.038213   -0.038213 (VIOLATED)
ANTENNA_i_soc.i_cpu.core_i.ex_stage_i.alu_i._5972__A1/DIODE    1.000000    1.038110   -0.038110 (VIOLATED)
i_soc.i_ai_sram.u_sram.gen_bank[5].gen_512.u_macro/din0[8]    1.000000    1.038051   -0.038051 (VIOLATED)
i_soc.i_ai_sram.u_sram.gen_bank[6].gen_512.u_macro/din0[2]    1.000000    1.038019   -0.038019 (VIOLATED)
i_soc.i_cpu.core_i.ex_stage_i.alu_i._5794_/A1    1.000000    1.037992   -0.037992 (VIOLATED)
i_soc.i_cpu.core_i.id_stage_i.register_file_i._6415_/A2    1.000000    1.037879   -0.037879 (VIOLATED)
ANTENNA_i_soc.i_cpu.core_i.id_stage_i.register_file_i._6415__A2/DIODE    1.000000    1.037877   -0.037877 (VIOLATED)
i_soc.i_cpu.core_i.ex_stage_i.alu_i._5972_/A1    1.000000    1.037703   -0.037703 (VIOLATED)
i_soc.i_cpu.core_i.ex_stage_i.alu_i._5973_/B2    1.000000    1.037650   -0.037650 (VIOLATED)
ANTENNA_i_soc.i_cpu.core_i.ex_stage_i.alu_i._5973__B2/DIODE    1.000000    1.037573   -0.037573 (VIOLATED)
ANTENNA_i_soc.i_ai_sram.u_sram._607__X/DIODE    1.000000    1.037231   -0.037231 (VIOLATED)
i_soc.i_ai_sram.u_sram._607_/X          1.000000    1.037231   -0.037231 (VIOLATED)
ANTENNA_i_soc.i_data_sram.u_sram._24__X/DIODE    1.000000    1.037163   -0.037163 (VIOLATED)
i_soc.i_data_sram.u_sram._24_/X         1.000000    1.037158   -0.037158 (VIOLATED)
i_soc.i_cpu.core_i.id_stage_i.register_file_i._6371_/A2    1.000000    1.036961   -0.036961 (VIOLATED)
i_soc.i_cpu.core_i.id_stage_i.register_file_i._6588_/B    1.000000    1.036954   -0.036954 (VIOLATED)
ANTENNA_i_soc.i_cpu.core_i.id_stage_i.register_file_i._6588__B/DIODE    1.000000    1.036954   -0.036954 (VIOLATED)
ANTENNA_i_soc.i_cpu.core_i.id_stage_i.register_file_i._6371__A2/DIODE    1.000000    1.036951   -0.036951 (VIOLATED)
ANTENNA_i_soc.i_cpu.core_i.id_stage_i.register_file_i._6578__B/DIODE    1.000000    1.036948   -0.036948 (VIOLATED)
i_soc.i_cpu.core_i.id_stage_i.register_file_i._6578_/B    1.000000    1.036945   -0.036945 (VIOLATED)
ANTENNA_i_soc.i_cpu.core_i.id_stage_i.register_file_i._6592__B/DIODE    1.000000    1.036933   -0.036933 (VIOLATED)
i_soc.i_cpu.core_i.id_stage_i.register_file_i._6592_/B    1.000000    1.036921   -0.036921 (VIOLATED)
i_soc.i_cpu.core_i.id_stage_i.register_file_i._6576_/B    1.000000    1.036893   -0.036893 (VIOLATED)
ANTENNA_i_soc.i_cpu.core_i.id_stage_i.register_file_i._6576__B/DIODE    1.000000    1.036893   -0.036893 (VIOLATED)
i_soc.i_cpu.core_i.ex_stage_i.alu_i._5660_/A0    1.000000    1.036866   -0.036866 (VIOLATED)
i_soc.i_cpu.core_i.id_stage_i.register_file_i._6572_/B    1.000000    1.036754   -0.036754 (VIOLATED)
ANTENNA_i_soc.i_cpu.core_i.id_stage_i.register_file_i._6572__B/DIODE    1.000000    1.036753   -0.036753 (VIOLATED)
i_soc.i_ai_sram.u_sram.gen_bank[7].gen_512.u_macro/din0[2]    1.000000    1.036672   -0.036672 (VIOLATED)
ANTENNA_i_soc.i_cpu.core_i.id_stage_i.register_file_i._6584__B/DIODE    1.000000    1.036638   -0.036638 (VIOLATED)
i_soc.i_cpu.core_i.id_stage_i.register_file_i._6584_/B    1.000000    1.036638   -0.036638 (VIOLATED)
ANTENNA_i_soc.i_cpu.core_i.ex_stage_i.alu_i._5660__A0/DIODE    1.000000    1.036609   -0.036609 (VIOLATED)
i_soc.i_cpu.core_i.id_stage_i.register_file_i._6590_/B    1.000000    1.036599   -0.036599 (VIOLATED)
ANTENNA_i_soc.i_cpu.core_i.id_stage_i.register_file_i._6590__B/DIODE    1.000000    1.036582   -0.036582 (VIOLATED)
i_soc.i_cpu.core_i.id_stage_i.register_file_i._6582_/B    1.000000    1.036542   -0.036542 (VIOLATED)
ANTENNA_i_soc.i_cpu.core_i.id_stage_i.register_file_i._6582__B/DIODE    1.000000    1.036536   -0.036536 (VIOLATED)
ANTENNA_i_soc.i_cpu.core_i.id_stage_i.register_file_i._6569__B/DIODE    1.000000    1.036485   -0.036485 (VIOLATED)
i_soc.i_cpu.core_i.id_stage_i.register_file_i._6569_/B    1.000000    1.036485   -0.036485 (VIOLATED)
ANTENNA_i_soc.i_cpu.core_i.id_stage_i.register_file_i._6568__C_N/DIODE    1.000000    1.036484   -0.036484 (VIOLATED)
ANTENNA_i_soc.i_cpu.core_i.id_stage_i.register_file_i._6570__B1/DIODE    1.000000    1.036481   -0.036481 (VIOLATED)
i_soc.i_cpu.core_i.id_stage_i.register_file_i._6568_/C_N    1.000000    1.036474   -0.036474 (VIOLATED)
i_soc.i_cpu.core_i.id_stage_i.register_file_i._6570_/B1    1.000000    1.036470   -0.036470 (VIOLATED)
max_cap2287/A                           1.000000    1.036469   -0.036469 (VIOLATED)
ANTENNA_max_cap2287_A/DIODE             1.000000    1.036469   -0.036469 (VIOLATED)
ANTENNA_fanout2285_X/DIODE              1.000000    1.036468   -0.036467 (VIOLATED)
fanout2285/X                            1.000000    1.036464   -0.036464 (VIOLATED)
ANTENNA_i_soc.i_cpu.core_i.ex_stage_i.alu_i._5793__A1/DIODE    1.000000    1.036415   -0.036415 (VIOLATED)
i_soc.i_cpu.core_i.id_stage_i.register_file_i._6397_/A2    1.000000    1.035782   -0.035782 (VIOLATED)
ANTENNA_i_soc.i_cpu.core_i.id_stage_i.register_file_i._6397__A2/DIODE    1.000000    1.035781   -0.035780 (VIOLATED)
i_soc.i_cpu.core_i.ex_stage_i.alu_i._5793_/A1    1.000000    1.035635   -0.035635 (VIOLATED)
ANTENNA_i_soc.i_ai_sram.u_sram.gen_bank[0].gen_512.u_macro_din0[31]/DIODE    1.000000    1.035535   -0.035535 (VIOLATED)
i_soc.i_ai_sram.u_sram.gen_bank[6].gen_512.u_macro/din0[1]    1.000000    1.035475   -0.035476 (VIOLATED)
i_soc.i_cpu.core_i.id_stage_i.register_file_i._6385_/A2    1.000000    1.035052   -0.035052 (VIOLATED)
ANTENNA_i_soc.i_cpu.core_i.id_stage_i.register_file_i._6385__A2/DIODE    1.000000    1.035052   -0.035052 (VIOLATED)
load_slew606/A                          1.000000    1.035042   -0.035042 (VIOLATED)
ANTENNA_i_soc.i_cpu.core_i.id_stage_i._2693__A2/DIODE    1.000000    1.035041   -0.035041 (VIOLATED)
ANTENNA_load_slew606_A/DIODE            1.000000    1.035040   -0.035040 (VIOLATED)
i_soc.i_cpu.core_i.id_stage_i._2693_/A2    1.000000    1.035040   -0.035040 (VIOLATED)
i_soc.i_cpu.core_i.id_stage_i._2545_/A2    1.000000    1.035032   -0.035032 (VIOLATED)
i_soc.i_cpu.core_i.id_stage_i._2609_/A2    1.000000    1.035028   -0.035028 (VIOLATED)
ANTENNA_i_soc.i_cpu.core_i.id_stage_i._2609__A2/DIODE    1.000000    1.035012   -0.035012 (VIOLATED)
ANTENNA_i_soc.i_cpu.core_i.id_stage_i.register_file_i._6375__A2/DIODE    1.000000    1.035005   -0.035005 (VIOLATED)
ANTENNA_i_soc.i_cpu.core_i.id_stage_i._2545__A2/DIODE    1.000000    1.035001   -0.035001 (VIOLATED)
i_soc.i_cpu.core_i.id_stage_i.register_file_i._6375_/A2    1.000000    1.034998   -0.034998 (VIOLATED)
ANTENNA_i_soc.i_cpu.core_i.id_stage_i._2654__A2/DIODE    1.000000    1.034985   -0.034985 (VIOLATED)
ANTENNA_i_soc.i_cpu.core_i.id_stage_i._2676__A2/DIODE    1.000000    1.034975   -0.034975 (VIOLATED)
i_soc.i_cpu.core_i.id_stage_i._2654_/A2    1.000000    1.034969   -0.034969 (VIOLATED)
i_soc.i_cpu.core_i.id_stage_i._2676_/A2    1.000000    1.034968   -0.034968 (VIOLATED)
ANTENNA_i_soc.i_cpu.core_i.id_stage_i._2664__A2/DIODE    1.000000    1.034950   -0.034950 (VIOLATED)
i_soc.i_cpu.core_i.id_stage_i._2664_/A2    1.000000    1.034945   -0.034945 (VIOLATED)
ANTENNA_i_soc.i_cpu.core_i.id_stage_i._2583__A2/DIODE    1.000000    1.034909   -0.034909 (VIOLATED)
ANTENNA_i_soc.i_cpu.core_i.id_stage_i.register_file_i._6389__A2/DIODE    1.000000    1.034907   -0.034907 (VIOLATED)
i_soc.i_cpu.core_i.id_stage_i._2583_/A2    1.000000    1.034895   -0.034895 (VIOLATED)
i_soc.i_cpu.core_i.id_stage_i._2638_/A2    1.000000    1.034887   -0.034887 (VIOLATED)
i_soc.i_cpu.core_i.id_stage_i.register_file_i._6389_/A2    1.000000    1.034882   -0.034882 (VIOLATED)
ANTENNA_i_soc.i_cpu.core_i.id_stage_i.register_file_i._6383__A2/DIODE    1.000000    1.034872   -0.034872 (VIOLATED)
ANTENNA_i_soc.i_cpu.core_i.id_stage_i._2638__A2/DIODE    1.000000    1.034862   -0.034862 (VIOLATED)
i_soc.i_cpu.core_i.id_stage_i._2556_/A2    1.000000    1.034855   -0.034855 (VIOLATED)
ANTENNA_i_soc.i_cpu.core_i.id_stage_i._2556__A2/DIODE    1.000000    1.034854   -0.034854 (VIOLATED)
i_soc.i_cpu.core_i.id_stage_i._2534_/A2    1.000000    1.034854   -0.034854 (VIOLATED)
i_soc.i_cpu.core_i.id_stage_i._2576_/A2    1.000000    1.034854   -0.034854 (VIOLATED)
ANTENNA_i_soc.i_cpu.core_i.id_stage_i._2576__A2/DIODE    1.000000    1.034853   -0.034853 (VIOLATED)
ANTENNA_i_soc.i_cpu.core_i.id_stage_i._2534__A2/DIODE    1.000000    1.034852   -0.034852 (VIOLATED)
i_soc.i_cpu.core_i.id_stage_i._2520_/A2    1.000000    1.034849   -0.034849 (VIOLATED)
i_soc.i_cpu.core_i.id_stage_i._2620_/A2    1.000000    1.034844   -0.034844 (VIOLATED)
i_soc.i_cpu.core_i.id_stage_i._2599_/A2    1.000000    1.034837   -0.034837 (VIOLATED)
ANTENNA_i_soc.i_cpu.core_i.id_stage_i._2599__A2/DIODE    1.000000    1.034834   -0.034834 (VIOLATED)
ANTENNA_i_soc.i_cpu.core_i.id_stage_i._2620__A2/DIODE    1.000000    1.034816   -0.034816 (VIOLATED)
i_soc.i_cpu.core_i.id_stage_i._2627_/A2    1.000000    1.034808   -0.034808 (VIOLATED)
i_soc.i_cpu.core_i.id_stage_i.register_file_i._6395_/A2    1.000000    1.034793   -0.034793 (VIOLATED)
ANTENNA_i_soc.i_cpu.core_i.id_stage_i._2627__A2/DIODE    1.000000    1.034792   -0.034792 (VIOLATED)
ANTENNA_fanout605_X/DIODE               1.000000    1.034771   -0.034771 (VIOLATED)
ANTENNA_i_soc.i_cpu.core_i.id_stage_i._2520__A2/DIODE    1.000000    1.034767   -0.034767 (VIOLATED)
ANTENNA_i_soc.i_cpu.core_i.id_stage_i._2561__A2/DIODE    1.000000    1.034767   -0.034767 (VIOLATED)
i_soc.i_cpu.core_i.id_stage_i._2561_/A2    1.000000    1.034767   -0.034767 (VIOLATED)
fanout605/X                             1.000000    1.034765   -0.034765 (VIOLATED)
ANTENNA_i_soc.i_cpu.core_i.id_stage_i.register_file_i._6395__A2/DIODE    1.000000    1.034753   -0.034753 (VIOLATED)
i_soc.i_ai_sram.u_sram.gen_bank[10].gen_512.u_macro/din0[26]    1.000000    1.034752   -0.034753 (VIOLATED)
i_soc.i_cpu.core_i.id_stage_i._2556_/B1    1.000000    1.034743   -0.034743 (VIOLATED)
ANTENNA_i_soc.i_cpu.core_i.id_stage_i._2556__B1/DIODE    1.000000    1.034739   -0.034739 (VIOLATED)
i_soc.i_cpu.core_i.id_stage_i._2576_/B1    1.000000    1.034738   -0.034738 (VIOLATED)
i_soc.i_cpu.core_i.id_stage_i.register_file_i._6383_/A2    1.000000    1.034731   -0.034731 (VIOLATED)
ANTENNA_i_soc.i_cpu.core_i.id_stage_i._2534__B1/DIODE    1.000000    1.034715   -0.034715 (VIOLATED)
ANTENNA_i_soc.i_cpu.core_i.id_stage_i.register_file_i._6373__A2/DIODE    1.000000    1.034712   -0.034712 (VIOLATED)
i_soc.i_cpu.core_i.id_stage_i._2534_/B1    1.000000    1.034708   -0.034708 (VIOLATED)
i_soc.i_cpu.core_i.id_stage_i.register_file_i._6373_/A2    1.000000    1.034702   -0.034702 (VIOLATED)
i_soc.i_cpu.core_i.id_stage_i._2561_/B1    1.000000    1.034685   -0.034685 (VIOLATED)
ANTENNA_i_soc.i_cpu.core_i.id_stage_i._2561__B1/DIODE    1.000000    1.034677   -0.034677 (VIOLATED)
ANTENNA_i_soc.i_cpu.core_i.id_stage_i._2576__B1/DIODE    1.000000    1.034670   -0.034670 (VIOLATED)
ANTENNA_i_soc.i_cpu.core_i.id_stage_i._2520__B1/DIODE    1.000000    1.034663   -0.034663 (VIOLATED)
i_soc.i_cpu.core_i.id_stage_i._3013_/A1    1.000000    1.034648   -0.034648 (VIOLATED)
i_soc.i_cpu.core_i.id_stage_i._2520_/B1    1.000000    1.034631   -0.034631 (VIOLATED)
i_soc.i_cpu.core_i.id_stage_i._2627_/B1    1.000000    1.034631   -0.034631 (VIOLATED)
ANTENNA_i_soc.i_cpu.core_i.id_stage_i._2627__B1/DIODE    1.000000    1.034621   -0.034621 (VIOLATED)
ANTENNA_i_soc.i_cpu.core_i.id_stage_i._3013__A1/DIODE    1.000000    1.034604   -0.034604 (VIOLATED)
i_soc.i_cpu.core_i.id_stage_i._2620_/B1    1.000000    1.034583   -0.034583 (VIOLATED)
ANTENNA_i_soc.i_cpu.core_i.id_stage_i._3723__Q/DIODE    1.000000    1.034553   -0.034553 (VIOLATED)
i_soc.i_cpu.core_i.id_stage_i._2599_/B1    1.000000    1.034545   -0.034545 (VIOLATED)
ANTENNA_i_soc.i_cpu.core_i.id_stage_i._2620__B1/DIODE    1.000000    1.034540   -0.034540 (VIOLATED)
ANTENNA_i_soc.i_cpu.core_i.id_stage_i._2599__B1/DIODE    1.000000    1.034525   -0.034525 (VIOLATED)
ANTENNA_i_soc.i_cpu.core_i.id_stage_i._2638__B1/DIODE    1.000000    1.034522   -0.034522 (VIOLATED)
i_soc.i_cpu.core_i.id_stage_i._3723_/Q    1.000000    1.034499   -0.034499 (VIOLATED)
i_soc.i_cpu.core_i.id_stage_i._2638_/B1    1.000000    1.034453   -0.034453 (VIOLATED)
i_soc.i_cpu.core_i.id_stage_i.register_file_i._6369_/A2    1.000000    1.034430   -0.034430 (VIOLATED)
i_soc.i_cpu.core_i.id_stage_i._2583_/B1    1.000000    1.034410   -0.034410 (VIOLATED)
i_soc.i_cpu.core_i.id_stage_i.register_file_i._4755_/B2    1.000000    1.034389   -0.034389 (VIOLATED)
ANTENNA_i_soc.i_cpu.core_i.id_stage_i.register_file_i._4755__B2/DIODE    1.000000    1.034385   -0.034385 (VIOLATED)
ANTENNA_i_soc.i_cpu.core_i.id_stage_i._2583__B1/DIODE    1.000000    1.034382   -0.034382 (VIOLATED)
i_soc.i_cpu.core_i.id_stage_i.register_file_i._4753_/S1    1.000000    1.034378   -0.034378 (VIOLATED)
ANTENNA_i_soc.i_cpu.core_i.id_stage_i.register_file_i._4753__S1/DIODE    1.000000    1.034372   -0.034372 (VIOLATED)
i_soc.i_cpu.core_i.id_stage_i._2664_/B1    1.000000    1.034340   -0.034340 (VIOLATED)
ANTENNA_i_soc.i_cpu.core_i.id_stage_i.register_file_i._6369__A2/DIODE    1.000000    1.034336   -0.034336 (VIOLATED)
ANTENNA_i_soc.i_cpu.core_i.id_stage_i._2664__B1/DIODE    1.000000    1.034280   -0.034280 (VIOLATED)
ANTENNA_i_soc.i_cpu.core_i.ex_stage_i.alu_i._6555__A0/DIODE    1.000000    1.034271   -0.034271 (VIOLATED)
i_soc.i_cpu.core_i.id_stage_i.register_file_i._4677_/A1    1.000000    1.034256   -0.034255 (VIOLATED)
ANTENNA_i_soc.i_cpu.core_i.id_stage_i.register_file_i._4677__A1/DIODE    1.000000    1.034240   -0.034240 (VIOLATED)
i_soc.i_cpu.core_i.id_stage_i.register_file_i._4678_/S1    1.000000    1.034197   -0.034197 (VIOLATED)
ANTENNA_i_soc.i_cpu.core_i.id_stage_i.register_file_i._4678__S1/DIODE    1.000000    1.034183   -0.034183 (VIOLATED)
i_soc.i_cpu.core_i.id_stage_i._2654_/B1    1.000000    1.034168   -0.034168 (VIOLATED)
i_soc.i_cpu.core_i.id_stage_i.register_file_i._6377_/A2    1.000000    1.034138   -0.034138 (VIOLATED)
ANTENNA_i_soc.i_cpu.core_i.id_stage_i.register_file_i._6377__A2/DIODE    1.000000    1.034137   -0.034137 (VIOLATED)
i_soc.i_cpu.core_i.id_stage_i.register_file_i._6393_/A2    1.000000    1.034129   -0.034129 (VIOLATED)
ANTENNA_i_soc.i_cpu.core_i.id_stage_i.register_file_i._6393__A2/DIODE    1.000000    1.034119   -0.034119 (VIOLATED)
i_soc.i_cpu.core_i.id_stage_i._2676_/B1    1.000000    1.034117   -0.034117 (VIOLATED)
i_soc.i_cpu.core_i.id_stage_i.register_file_i._6399_/A2    1.000000    1.034088   -0.034088 (VIOLATED)
ANTENNA_i_soc.i_cpu.core_i.id_stage_i.register_file_i._6399__A2/DIODE    1.000000    1.034083   -0.034083 (VIOLATED)
load_slew3409/A                         1.000000    1.034002   -0.034002 (VIOLATED)
ANTENNA_load_slew3409_A/DIODE           1.000000    1.033999   -0.033999 (VIOLATED)
ANTENNA_i_soc.i_cpu.core_i.id_stage_i._2654__B1/DIODE    1.000000    1.033974   -0.033974 (VIOLATED)
i_soc.i_cpu.core_i.id_stage_i.register_file_i._6381_/A2    1.000000    1.033898   -0.033898 (VIOLATED)
ANTENNA_i_soc.i_cpu.core_i.id_stage_i._2676__B1/DIODE    1.000000    1.033897   -0.033897 (VIOLATED)
i_soc.i_cpu.core_i.id_stage_i.register_file_i._6391_/A2    1.000000    1.033842   -0.033842 (VIOLATED)
ANTENNA_i_soc.i_cpu.core_i.id_stage_i.register_file_i._6381__A2/DIODE    1.000000    1.033819   -0.033819 (VIOLATED)
i_soc.i_cpu.core_i.id_stage_i._2609_/B1    1.000000    1.033810   -0.033810 (VIOLATED)
ANTENNA_i_soc.i_cpu.core_i.id_stage_i._2609__B1/DIODE    1.000000    1.033806   -0.033806 (VIOLATED)
i_soc.i_cpu.core_i.id_stage_i._3120_/A    1.000000    1.033727   -0.033727 (VIOLATED)
ANTENNA_i_soc.i_cpu.core_i.id_stage_i._3120__A/DIODE    1.000000    1.033725   -0.033725 (VIOLATED)
i_soc.i_cpu.core_i.id_stage_i._2545_/B1    1.000000    1.033714   -0.033714 (VIOLATED)
i_soc.i_ai_accel._17542_/A2             1.000000    1.033654   -0.033654 (VIOLATED)
ANTENNA_i_soc.i_ai_accel._17542__A2/DIODE    1.000000    1.033653   -0.033653 (VIOLATED)
i_soc.i_ai_accel._17550_/A2             1.000000    1.033651   -0.033652 (VIOLATED)
ANTENNA_i_soc.i_ai_accel._17550__A2/DIODE    1.000000    1.033649   -0.033649 (VIOLATED)
ANTENNA_i_soc.i_cpu.core_i.id_stage_i.register_file_i._6391__A2/DIODE    1.000000    1.033639   -0.033639 (VIOLATED)
i_soc.i_ai_accel._17534_/A2             1.000000    1.033637   -0.033637 (VIOLATED)
ANTENNA_i_soc.i_ai_accel._17534__A2/DIODE    1.000000    1.033636   -0.033636 (VIOLATED)
ANTENNA_i_soc.i_cpu.core_i.id_stage_i._2545__B1/DIODE    1.000000    1.033627   -0.033627 (VIOLATED)
i_soc.i_ai_accel._17526_/A2             1.000000    1.033618   -0.033618 (VIOLATED)
ANTENNA_i_soc.i_ai_accel._17526__A2/DIODE    1.000000    1.033616   -0.033616 (VIOLATED)
i_soc.i_cpu.core_i.id_stage_i.register_file_i._6387_/A2    1.000000    1.033559   -0.033559 (VIOLATED)
ANTENNA_i_soc.i_cpu.core_i.id_stage_i.register_file_i._6387__A2/DIODE    1.000000    1.033557   -0.033557 (VIOLATED)
i_soc.i_cpu.core_i.ex_stage_i.alu_i._5798_/A1    1.000000    1.033520   -0.033520 (VIOLATED)
i_soc.i_ai_accel._17566_/A2             1.000000    1.033512   -0.033512 (VIOLATED)
ANTENNA_i_soc.i_cpu.core_i.ex_stage_i.alu_i._5798__A1/DIODE    1.000000    1.033508   -0.033508 (VIOLATED)
ANTENNA_i_soc.i_ai_accel._17566__A2/DIODE    1.000000    1.033497   -0.033497 (VIOLATED)
i_soc.i_ai_accel._17558_/A2             1.000000    1.033429   -0.033429 (VIOLATED)
ANTENNA_i_soc.i_ai_accel._17558__A2/DIODE    1.000000    1.033429   -0.033429 (VIOLATED)
i_soc.i_cpu.core_i.id_stage_i._2693_/B1    1.000000    1.033427   -0.033427 (VIOLATED)
ANTENNA_i_soc.i_cpu.core_i.id_stage_i._2693__B1/DIODE    1.000000    1.033422   -0.033421 (VIOLATED)
fanout3403/A                            1.000000    1.033371   -0.033371 (VIOLATED)
ANTENNA_fanout3403_A/DIODE              1.000000    1.033370   -0.033370 (VIOLATED)
i_soc.i_cpu.core_i.id_stage_i.register_file_i._6379_/A2    1.000000    1.033362   -0.033362 (VIOLATED)
ANTENNA_i_soc.i_cpu.core_i.id_stage_i.register_file_i._6379__A2/DIODE    1.000000    1.033361   -0.033361 (VIOLATED)
ANTENNA_fanout3406_X/DIODE              1.000000    1.033357   -0.033357 (VIOLATED)
fanout3406/X                            1.000000    1.033350   -0.033350 (VIOLATED)
i_soc.i_ai_accel._17574_/A2             1.000000    1.033320   -0.033320 (VIOLATED)
ANTENNA_i_soc.i_ai_accel._17574__A2/DIODE    1.000000    1.033319   -0.033319 (VIOLATED)
ANTENNA_i_soc.i_ai_accel._11491__Y/DIODE    1.000000    1.033305   -0.033305 (VIOLATED)
i_soc.i_ai_accel._11491_/Y              1.000000    1.033298   -0.033298 (VIOLATED)
i_soc.i_cpu.core_i.id_stage_i._2686_/B1    1.000000    1.033261   -0.033261 (VIOLATED)
ANTENNA_i_soc.i_cpu.core_i.id_stage_i._2686__B1/DIODE    1.000000    1.033256   -0.033256 (VIOLATED)
i_soc.i_cpu.core_i.id_stage_i.register_file_i._6367_/A2    1.000000    1.033145   -0.033145 (VIOLATED)
ANTENNA_i_soc.i_cpu.core_i.id_stage_i.register_file_i._6367__A2/DIODE    1.000000    1.033142   -0.033142 (VIOLATED)
i_soc.i_ai_sram.u_sram.gen_bank[5].gen_512.u_macro/din0[15]    1.000000    1.033103   -0.033103 (VIOLATED)
ANTENNA_i_soc.i_cpu.core_i.id_stage_i._2783__B1/DIODE    1.000000    1.033034   -0.033034 (VIOLATED)
i_soc.i_cpu.core_i.id_stage_i._2783_/B1    1.000000    1.033032   -0.033032 (VIOLATED)
i_soc.i_cpu.core_i.id_stage_i._2719_/B1    1.000000    1.032946   -0.032946 (VIOLATED)
wire966/A                               1.000000    1.032941   -0.032941 (VIOLATED)
ANTENNA_i_soc.i_cpu.core_i.id_stage_i._2719__B1/DIODE    1.000000    1.032940   -0.032940 (VIOLATED)
ANTENNA_wire966_A/DIODE                 1.000000    1.032906   -0.032906 (VIOLATED)
i_soc.i_ai_sram.u_sram._637_/A3         1.000000    1.032884   -0.032884 (VIOLATED)
ANTENNA_i_soc.i_ai_sram.u_sram._637__A3/DIODE    1.000000    1.032869   -0.032869 (VIOLATED)
ANTENNA_i_soc.i_cpu.core_i.id_stage_i._2047__A1/DIODE    1.000000    1.032817   -0.032817 (VIOLATED)
ANTENNA_i_soc.i_cpu.core_i.id_stage_i._2852__B1/DIODE    1.000000    1.032750   -0.032750 (VIOLATED)
i_soc.i_cpu.core_i.id_stage_i._2852_/B1    1.000000    1.032673   -0.032673 (VIOLATED)
ANTENNA_i_soc.i_cpu.core_i.id_stage_i.register_file_i._6364__X/DIODE    1.000000    1.032606   -0.032606 (VIOLATED)
i_soc.i_cpu.core_i.id_stage_i._2812_/B1    1.000000    1.032537   -0.032537 (VIOLATED)
ANTENNA_i_soc.i_cpu.core_i.id_stage_i._2812__B1/DIODE    1.000000    1.032528   -0.032528 (VIOLATED)
i_soc.i_cpu.core_i.id_stage_i.register_file_i._6364_/X    1.000000    1.032523   -0.032523 (VIOLATED)
i_soc.i_cpu.core_i.id_stage_i._2790_/B1    1.000000    1.032447   -0.032447 (VIOLATED)
i_soc.i_cpu.core_i.id_stage_i._2047_/A1    1.000000    1.032391   -0.032391 (VIOLATED)
i_soc.i_cpu.core_i.id_stage_i._2016_/A    1.000000    1.032379   -0.032379 (VIOLATED)
i_soc.i_cpu.core_i.id_stage_i._2015_/A    1.000000    1.032371   -0.032371 (VIOLATED)
ANTENNA_i_soc.i_cpu.core_i.id_stage_i._2016__A/DIODE    1.000000    1.032366   -0.032366 (VIOLATED)
ANTENNA_i_soc.i_cpu.core_i.id_stage_i._2790__B1/DIODE    1.000000    1.032359   -0.032359 (VIOLATED)
ANTENNA_i_soc.i_ai_sram.u_sram.gen_bank[9].gen_512.u_macro_din0[30]/DIODE    1.000000    1.032342   -0.032342 (VIOLATED)
ANTENNA_i_soc.i_cpu.core_i.id_stage_i._2015__A/DIODE    1.000000    1.032338   -0.032338 (VIOLATED)
i_soc.i_cpu.core_i.ex_stage_i.alu_i._6555_/A0    1.000000    1.032264   -0.032264 (VIOLATED)
ANTENNA_i_soc.i_cpu.core_i.id_stage_i._2828__B1/DIODE    1.000000    1.032082   -0.032082 (VIOLATED)
i_soc.i_cpu.core_i.id_stage_i._2828_/B1    1.000000    1.032037   -0.032037 (VIOLATED)
i_soc.i_cpu.core_i.id_stage_i._2704_/B1    1.000000    1.031986   -0.031986 (VIOLATED)
ANTENNA_i_soc.i_cpu.core_i.id_stage_i._2704__B1/DIODE    1.000000    1.031985   -0.031985 (VIOLATED)
i_soc.i_cpu.core_i.id_stage_i._2857_/B1    1.000000    1.031951   -0.031951 (VIOLATED)
ANTENNA_i_soc.i_cpu.core_i.id_stage_i._2857__B1/DIODE    1.000000    1.031942   -0.031942 (VIOLATED)
ANTENNA_i_soc.i_cpu.core_i.id_stage_i._2726__B1/DIODE    1.000000    1.031893   -0.031893 (VIOLATED)
ANTENNA_i_soc.i_cpu.core_i.id_stage_i._2518__Y/DIODE    1.000000    1.031886   -0.031886 (VIOLATED)
ANTENNA_i_soc.i_cpu.core_i.id_stage_i._2801__B1/DIODE    1.000000    1.031876   -0.031876 (VIOLATED)
ANTENNA_i_soc.i_cpu.core_i.id_stage_i._2762__B1/DIODE    1.000000    1.031876   -0.031876 (VIOLATED)
i_soc.i_cpu.core_i.id_stage_i._2762_/B1    1.000000    1.031876   -0.031876 (VIOLATED)
i_soc.i_cpu.core_i.id_stage_i._2751_/B1    1.000000    1.031876   -0.031876 (VIOLATED)
i_soc.i_cpu.core_i.id_stage_i._2774_/B1    1.000000    1.031876   -0.031876 (VIOLATED)
ANTENNA_i_soc.i_cpu.core_i.id_stage_i._2751__B1/DIODE    1.000000    1.031876   -0.031876 (VIOLATED)
ANTENNA_i_soc.i_cpu.core_i.id_stage_i._2774__B1/DIODE    1.000000    1.031873   -0.031873 (VIOLATED)
i_soc.i_cpu.core_i.id_stage_i._2801_/B1    1.000000    1.031872   -0.031872 (VIOLATED)
i_soc.i_cpu.core_i.id_stage_i._2742_/B1    1.000000    1.031870   -0.031871 (VIOLATED)
ANTENNA_i_soc.i_cpu.core_i.id_stage_i._2742__B1/DIODE    1.000000    1.031870   -0.031870 (VIOLATED)
i_soc.i_cpu.core_i.id_stage_i._2726_/B1    1.000000    1.031869   -0.031869 (VIOLATED)
i_soc.i_cpu.core_i.id_stage_i._2839_/B1    1.000000    1.031868   -0.031869 (VIOLATED)
ANTENNA_i_soc.i_cpu.core_i.id_stage_i._2839__B1/DIODE    1.000000    1.031861   -0.031861 (VIOLATED)
i_soc.i_cpu.core_i.id_stage_i._2518_/Y    1.000000    1.031861   -0.031861 (VIOLATED)
i_soc.i_cpu.core_i.id_stage_i.register_file_i._4483_/B2    1.000000    1.031838   -0.031838 (VIOLATED)
ANTENNA_i_soc.i_cpu.core_i.id_stage_i.register_file_i._4483__B2/DIODE    1.000000    1.031836   -0.031836 (VIOLATED)
i_soc.i_cpu.core_i.id_stage_i.register_file_i._4705_/A1    1.000000    1.031826   -0.031826 (VIOLATED)
ANTENNA_i_soc.i_cpu.core_i.id_stage_i.register_file_i._4705__A1/DIODE    1.000000    1.031825   -0.031825 (VIOLATED)
i_soc.i_cpu.core_i.id_stage_i.register_file_i._4628_/C1    1.000000    1.031813   -0.031813 (VIOLATED)
ANTENNA_i_soc.i_cpu.core_i.id_stage_i.register_file_i._4628__C1/DIODE    1.000000    1.031811   -0.031811 (VIOLATED)
i_soc.i_cpu.core_i.id_stage_i.register_file_i._4487_/A1    1.000000    1.031809   -0.031809 (VIOLATED)
ANTENNA_i_soc.i_cpu.core_i.id_stage_i.register_file_i._4487__A1/DIODE    1.000000    1.031807   -0.031807 (VIOLATED)
load_slew3028/A                         1.000000    1.031807   -0.031807 (VIOLATED)
ANTENNA_load_slew3028_A/DIODE           1.000000    1.031804   -0.031804 (VIOLATED)
i_soc.i_cpu.core_i.id_stage_i.register_file_i._4633_/A    1.000000    1.031793   -0.031793 (VIOLATED)
ANTENNA_i_soc.i_cpu.core_i.id_stage_i.register_file_i._4633__A/DIODE    1.000000    1.031791   -0.031791 (VIOLATED)
i_soc.i_cpu.core_i.id_stage_i.register_file_i._4436_/A1    1.000000    1.031784   -0.031784 (VIOLATED)
ANTENNA_i_soc.i_cpu.core_i.id_stage_i.register_file_i._4436__A1/DIODE    1.000000    1.031775   -0.031775 (VIOLATED)
i_soc.i_cpu.core_i.id_stage_i.register_file_i._4683_/A1    1.000000    1.031709   -0.031709 (VIOLATED)
ANTENNA_i_soc.i_cpu.core_i.id_stage_i.register_file_i._4683__A1/DIODE    1.000000    1.031707   -0.031707 (VIOLATED)
i_soc.i_ai_sram.u_sram.gen_bank[10].gen_512.u_macro/din0[18]    1.000000    1.031647   -0.031647 (VIOLATED)
i_soc.i_cpu.core_i.id_stage_i.register_file_i._4461_/A1    1.000000    1.031644   -0.031644 (VIOLATED)
ANTENNA_i_soc.i_cpu.core_i.id_stage_i.register_file_i._4461__A1/DIODE    1.000000    1.031635   -0.031635 (VIOLATED)
wire3029/A                              1.000000    1.031609   -0.031609 (VIOLATED)
ANTENNA_wire3029_A/DIODE                1.000000    1.031608   -0.031608 (VIOLATED)
i_soc.i_cpu.core_i.id_stage_i.register_file_i._4065_/A1    1.000000    1.031606   -0.031606 (VIOLATED)
ANTENNA_fanout3027_X/DIODE              1.000000    1.031601   -0.031601 (VIOLATED)
ANTENNA_i_soc.i_cpu.core_i.id_stage_i.register_file_i._4065__A1/DIODE    1.000000    1.031601   -0.031601 (VIOLATED)
fanout3027/X                            1.000000    1.031601   -0.031601 (VIOLATED)
i_soc.i_ai_sram.u_sram.gen_bank[13].gen_512.u_macro/din0[23]    1.000000    1.031247   -0.031247 (VIOLATED)
ANTENNA_i_soc.i_ai_sram.u_sram.gen_bank[0].gen_512.u_macro_din0[22]/DIODE    1.000000    1.031212   -0.031212 (VIOLATED)
wire2087/A                              1.000000    1.031147   -0.031147 (VIOLATED)
ANTENNA_wire2087_A/DIODE                1.000000    1.031146   -0.031146 (VIOLATED)
i_soc.i_qspi._10585_/B1                 1.000000    1.031129   -0.031129 (VIOLATED)
ANTENNA_i_soc.i_qspi._10585__B1/DIODE    1.000000    1.031128   -0.031128 (VIOLATED)
ANTENNA_i_soc.i_qspi._10587__A2/DIODE    1.000000    1.031127   -0.031127 (VIOLATED)
i_soc.i_qspi._10587_/A2                 1.000000    1.031127   -0.031127 (VIOLATED)
i_soc.i_qspi._10588_/S                  1.000000    1.031114   -0.031114 (VIOLATED)
ANTENNA_i_soc.i_qspi._10588__S/DIODE    1.000000    1.031113   -0.031113 (VIOLATED)
i_soc.i_qspi._10589_/B1                 1.000000    1.031107   -0.031107 (VIOLATED)
ANTENNA_i_soc.i_qspi._10589__B1/DIODE    1.000000    1.031105   -0.031105 (VIOLATED)
fanout2040/A                            1.000000    1.031075   -0.031074 (VIOLATED)
ANTENNA_fanout2040_A/DIODE              1.000000    1.031074   -0.031074 (VIOLATED)
ANTENNA_fanout2019_A/DIODE              1.000000    1.031066   -0.031066 (VIOLATED)
fanout2019/A                            1.000000    1.031066   -0.031066 (VIOLATED)
fanout2013/A                            1.000000    1.031057   -0.031057 (VIOLATED)
ANTENNA_fanout2013_A/DIODE              1.000000    1.031056   -0.031056 (VIOLATED)
ANTENNA_fanout2025_A/DIODE              1.000000    1.031049   -0.031049 (VIOLATED)
fanout2025/A                            1.000000    1.031047   -0.031047 (VIOLATED)
ANTENNA_fanout2085_X/DIODE              1.000000    1.031043   -0.031043 (VIOLATED)
fanout2085/X                            1.000000    1.031043   -0.031043 (VIOLATED)
ANTENNA_i_soc.i_cpu.core_i.ex_stage_i.alu_i._6316__A0/DIODE    1.000000    1.030922   -0.030922 (VIOLATED)
ANTENNA_i_soc.i_cpu.core_i.ex_stage_i.alu_i._6063__A0/DIODE    1.000000    1.030866   -0.030866 (VIOLATED)
i_soc.i_cpu.core_i.ex_stage_i.alu_i._6316_/A0    1.000000    1.030793   -0.030793 (VIOLATED)
i_soc.i_cpu.core_i.ex_stage_i.alu_i._6063_/A0    1.000000    1.030682   -0.030682 (VIOLATED)
i_soc.i_cpu.core_i.ex_stage_i.alu_i._3318_/A    1.000000    1.030523   -0.030523 (VIOLATED)
ANTENNA_i_soc.i_cpu.core_i.ex_stage_i.alu_i._3318__A/DIODE    1.000000    1.030500   -0.030500 (VIOLATED)
i_soc.i_crossbar._0270_/A0              1.000000    1.030012   -0.030012 (VIOLATED)
ANTENNA_i_soc.i_crossbar._0270__A0/DIODE    1.000000    1.030011   -0.030011 (VIOLATED)
load_slew238/A                          1.000000    1.029913   -0.029913 (VIOLATED)
ANTENNA_i_soc.i_ai_sram.u_sram._486__X/DIODE    1.000000    1.029888   -0.029888 (VIOLATED)
ANTENNA_load_slew238_A/DIODE            1.000000    1.029885   -0.029885 (VIOLATED)
i_soc.i_ai_sram.u_sram._486_/X          1.000000    1.029865   -0.029865 (VIOLATED)
i_soc.i_ai_sram.u_sram.gen_bank[6].gen_512.u_macro/din0[8]    1.000000    1.029166   -0.029166 (VIOLATED)
i_soc.i_ai_sram.u_sram._648_/A3         1.000000    1.028665   -0.028665 (VIOLATED)
ANTENNA_i_soc.i_ai_sram.u_sram._648__A3/DIODE    1.000000    1.028648   -0.028648 (VIOLATED)
ANTENNA_i_soc.i_ai_sram.u_sram.gen_bank[8].gen_512.u_macro_din0[20]/DIODE    1.000000    1.028518   -0.028518 (VIOLATED)
wire228/A                               1.000000    1.028492   -0.028492 (VIOLATED)
ANTENNA_wire228_A/DIODE                 1.000000    1.028491   -0.028491 (VIOLATED)
load_slew1817/A                         1.000000    1.028483   -0.028483 (VIOLATED)
ANTENNA_load_slew1817_A/DIODE           1.000000    1.028424   -0.028424 (VIOLATED)
ANTENNA_i_soc.i_data_sram._70__Q/DIODE    1.000000    1.028397   -0.028397 (VIOLATED)
i_soc.i_cpu.core_i.id_stage_i._3334_/A    1.000000    1.028380   -0.028380 (VIOLATED)
ANTENNA_i_soc.i_cpu.core_i.id_stage_i._3334__A/DIODE    1.000000    1.028379   -0.028379 (VIOLATED)
i_soc.i_data_sram._70_/Q                1.000000    1.028372   -0.028372 (VIOLATED)
ANTENNA_i_soc.i_cpu.core_i.id_stage_i._3101__B2/DIODE    1.000000    1.028303   -0.028303 (VIOLATED)
i_soc.i_cpu.core_i.id_stage_i._3101_/B2    1.000000    1.028291   -0.028291 (VIOLATED)
i_soc.i_cpu.core_i.id_stage_i._2884_/B2    1.000000    1.028265   -0.028265 (VIOLATED)
ANTENNA_i_soc.i_cpu.core_i.id_stage_i._2884__B2/DIODE    1.000000    1.028254   -0.028254 (VIOLATED)
i_soc.i_cpu.core_i.id_stage_i._3091_/A2    1.000000    1.028253   -0.028253 (VIOLATED)
i_soc.i_cpu.core_i.id_stage_i._3079_/A2    1.000000    1.028251   -0.028251 (VIOLATED)
ANTENNA_i_soc.i_cpu.core_i.id_stage_i._3079__A2/DIODE    1.000000    1.028250   -0.028250 (VIOLATED)
ANTENNA_i_soc.i_cpu.core_i.id_stage_i._3091__A2/DIODE    1.000000    1.028246   -0.028246 (VIOLATED)
i_soc.i_cpu.core_i.id_stage_i._3109_/C1    1.000000    1.028238   -0.028238 (VIOLATED)
i_soc.i_cpu.core_i.id_stage_i._3072_/B1    1.000000    1.028223   -0.028223 (VIOLATED)
ANTENNA_i_soc.i_cpu.core_i.id_stage_i._3072__B1/DIODE    1.000000    1.028220   -0.028220 (VIOLATED)
ANTENNA_i_soc.i_cpu.core_i.id_stage_i._3109__C1/DIODE    1.000000    1.028218   -0.028218 (VIOLATED)
i_soc.i_cpu.core_i.id_stage_i._3084_/B1    1.000000    1.028209   -0.028209 (VIOLATED)
i_soc.i_cpu.core_i.id_stage_i._2941_/B2    1.000000    1.028206   -0.028206 (VIOLATED)
ANTENNA_i_soc.i_cpu.core_i.id_stage_i._3084__B1/DIODE    1.000000    1.028206   -0.028206 (VIOLATED)
i_soc.i_cpu.core_i.id_stage_i._3103_/C1    1.000000    1.028201   -0.028201 (VIOLATED)
ANTENNA_i_soc.i_cpu.core_i.id_stage_i._3103__C1/DIODE    1.000000    1.028197   -0.028197 (VIOLATED)
i_soc.i_cpu.core_i.id_stage_i._3066_/A2    1.000000    1.028195   -0.028195 (VIOLATED)
ANTENNA_i_soc.i_cpu.core_i.id_stage_i._3066__A2/DIODE    1.000000    1.028187   -0.028187 (VIOLATED)
i_soc.i_cpu.core_i.id_stage_i._3128_/C1    1.000000    1.028183   -0.028183 (VIOLATED)
i_soc.i_cpu.core_i.id_stage_i._3122_/C1    1.000000    1.028182   -0.028182 (VIOLATED)
ANTENNA_i_soc.i_cpu.core_i.id_stage_i._3128__C1/DIODE    1.000000    1.028179   -0.028179 (VIOLATED)
ANTENNA_i_soc.i_cpu.core_i.id_stage_i._3122__C1/DIODE    1.000000    1.028177   -0.028177 (VIOLATED)
ANTENNA_i_soc.i_cpu.core_i.id_stage_i._2941__B2/DIODE    1.000000    1.028170   -0.028170 (VIOLATED)
load_slew4268/A                         1.000000    1.028162   -0.028162 (VIOLATED)
i_soc.i_cpu.core_i.id_stage_i._3054_/A2    1.000000    1.028157   -0.028157 (VIOLATED)
ANTENNA_load_slew4268_A/DIODE           1.000000    1.028156   -0.028156 (VIOLATED)
ANTENNA_i_soc.i_cpu.core_i.id_stage_i._3054__A2/DIODE    1.000000    1.028152   -0.028152 (VIOLATED)
i_soc.i_qspi._13399_/A1                 1.000000    1.028149   -0.028149 (VIOLATED)
ANTENNA_i_soc.i_qspi._13399__A1/DIODE    1.000000    1.028141   -0.028141 (VIOLATED)
i_soc.i_cpu.core_i.id_stage_i._3140_/C1    1.000000    1.028067   -0.028067 (VIOLATED)
ANTENNA_i_soc.i_cpu.core_i.id_stage_i._3140__C1/DIODE    1.000000    1.028049   -0.028049 (VIOLATED)
i_soc.i_qspi._14757_/A1                 1.000000    1.028023   -0.028023 (VIOLATED)
i_soc.i_qspi._14823_/A1                 1.000000    1.028022   -0.028022 (VIOLATED)
i_soc.i_qspi._14856_/A1                 1.000000    1.028021   -0.028021 (VIOLATED)
ANTENNA_i_soc.i_qspi._14757__A1/DIODE    1.000000    1.028021   -0.028021 (VIOLATED)
ANTENNA_i_soc.i_qspi._14823__A1/DIODE    1.000000    1.028016   -0.028016 (VIOLATED)
ANTENNA_i_soc.i_qspi._14856__A1/DIODE    1.000000    1.027995   -0.027995 (VIOLATED)
i_soc.i_qspi._14790_/A1                 1.000000    1.027968   -0.027968 (VIOLATED)
ANTENNA_i_soc.i_cpu.core_i.id_stage_i._3115__C1/DIODE    1.000000    1.027964   -0.027964 (VIOLATED)
ANTENNA_i_soc.i_qspi._14790__A1/DIODE    1.000000    1.027960   -0.027960 (VIOLATED)
clone9695/A2                            1.000000    1.027950   -0.027950 (VIOLATED)
i_soc.i_qspi._14955_/A1                 1.000000    1.027938   -0.027938 (VIOLATED)
ANTENNA_i_soc.i_qspi._14955__A1/DIODE    1.000000    1.027931   -0.027931 (VIOLATED)
i_soc.i_cpu.core_i.id_stage_i._3115_/C1    1.000000    1.027930   -0.027930 (VIOLATED)
i_soc.i_qspi._15021_/A1                 1.000000    1.027919   -0.027919 (VIOLATED)
ANTENNA_i_soc.i_qspi._15021__A1/DIODE    1.000000    1.027916   -0.027916 (VIOLATED)
i_soc.i_qspi._14922_/A1                 1.000000    1.027872   -0.027872 (VIOLATED)
load_slew1248/A                         1.000000    1.027860   -0.027860 (VIOLATED)
ANTENNA_load_slew1248_A/DIODE           1.000000    1.027830   -0.027830 (VIOLATED)
ANTENNA_i_soc.i_qspi._14922__A1/DIODE    1.000000    1.027830   -0.027830 (VIOLATED)
i_soc.i_qspi._14988_/A1                 1.000000    1.027779   -0.027779 (VIOLATED)
ANTENNA_i_soc.i_qspi._14988__A1/DIODE    1.000000    1.027778   -0.027778 (VIOLATED)
i_soc.i_qspi._14459_/A0                 1.000000    1.027754   -0.027754 (VIOLATED)
i_soc.i_qspi._14558_/A0                 1.000000    1.027716   -0.027716 (VIOLATED)
ANTENNA_i_soc.i_qspi._14459__A0/DIODE    1.000000    1.027711   -0.027711 (VIOLATED)
i_soc.i_cpu.core_i.id_stage_i._3096_/C1    1.000000    1.027690   -0.027690 (VIOLATED)
ANTENNA_i_soc.i_qspi._14558__A0/DIODE    1.000000    1.027672   -0.027672 (VIOLATED)
i_soc.i_cpu.core_i.id_stage_i._3134_/C1    1.000000    1.027662   -0.027662 (VIOLATED)
ANTENNA_i_soc.i_cpu.core_i.id_stage_i._3134__C1/DIODE    1.000000    1.027658   -0.027658 (VIOLATED)
ANTENNA_i_soc.i_cpu.core_i.id_stage_i._3096__C1/DIODE    1.000000    1.027655   -0.027655 (VIOLATED)
i_soc.i_qspi._14492_/A0                 1.000000    1.027636   -0.027636 (VIOLATED)
ANTENNA_i_soc.i_qspi._14492__A0/DIODE    1.000000    1.027606   -0.027605 (VIOLATED)
ANTENNA_i_soc.i_qspi._14657__A1/DIODE    1.000000    1.027573   -0.027573 (VIOLATED)
i_soc.i_qspi._14657_/A1                 1.000000    1.027573   -0.027573 (VIOLATED)
ANTENNA_i_soc.i_cpu.core_i.id_stage_i._3059__B1/DIODE    1.000000    1.027552   -0.027552 (VIOLATED)
i_soc.i_qspi._14723_/A1                 1.000000    1.027545   -0.027545 (VIOLATED)
i_soc.i_qspi._14591_/A1                 1.000000    1.027534   -0.027534 (VIOLATED)
ANTENNA_i_soc.i_qspi._14591__A1/DIODE    1.000000    1.027533   -0.027533 (VIOLATED)
ANTENNA_i_soc.i_qspi._14723__A1/DIODE    1.000000    1.027514   -0.027514 (VIOLATED)
i_soc.i_cpu.core_i.id_stage_i._3059_/B1    1.000000    1.027507   -0.027507 (VIOLATED)
i_soc.i_cpu.core_i.id_stage_i._3046_/A2    1.000000    1.027506   -0.027506 (VIOLATED)
ANTENNA_i_soc.i_cpu.core_i.id_stage_i._3046__A2/DIODE    1.000000    1.027504   -0.027504 (VIOLATED)
i_soc.i_qspi._14624_/A0                 1.000000    1.027500   -0.027500 (VIOLATED)
ANTENNA_i_soc.i_qspi._14624__A0/DIODE    1.000000    1.027478   -0.027478 (VIOLATED)
ANTENNA_i_soc.i_qspi._14690__A1/DIODE    1.000000    1.027445   -0.027445 (VIOLATED)
i_soc.i_cpu.core_i.id_stage_i._2977_/A2    1.000000    1.027442   -0.027442 (VIOLATED)
ANTENNA_i_soc.i_cpu.core_i.id_stage_i._2977__A2/DIODE    1.000000    1.027440   -0.027440 (VIOLATED)
i_soc.i_qspi._14690_/A1                 1.000000    1.027437   -0.027437 (VIOLATED)
ANTENNA_fanout4267_X/DIODE              1.000000    1.027431   -0.027431 (VIOLATED)
fanout4267/X                            1.000000    1.027429   -0.027429 (VIOLATED)
i_soc.i_cpu.core_i.id_stage_i._2967_/A2    1.000000    1.027427   -0.027427 (VIOLATED)
ANTENNA_i_soc.i_cpu.core_i.id_stage_i._3036__A2/DIODE    1.000000    1.027422   -0.027422 (VIOLATED)
ANTENNA_i_soc.i_cpu.core_i.id_stage_i._2967__A2/DIODE    1.000000    1.027422   -0.027422 (VIOLATED)
i_soc.i_cpu.core_i.id_stage_i._3036_/A2    1.000000    1.027418   -0.027418 (VIOLATED)
ANTENNA_i_soc.i_cpu.core_i.id_stage_i._2034__B2/DIODE    1.000000    1.027386   -0.027386 (VIOLATED)
ANTENNA_i_soc.i_cpu.core_i.id_stage_i._2987__A2/DIODE    1.000000    1.027366   -0.027366 (VIOLATED)
i_soc.i_cpu.core_i.id_stage_i._2987_/A2    1.000000    1.027333   -0.027333 (VIOLATED)
i_soc.i_cpu.core_i.id_stage_i._3017_/C1    1.000000    1.027301   -0.027301 (VIOLATED)
ANTENNA_i_soc.i_cpu.core_i.id_stage_i._3017__C1/DIODE    1.000000    1.027300   -0.027300 (VIOLATED)
ANTENNA_i_soc.i_cpu.core_i.id_stage_i._2998__B1/DIODE    1.000000    1.027287   -0.027288 (VIOLATED)
i_soc.i_cpu.core_i.id_stage_i._2998_/B1    1.000000    1.027279   -0.027279 (VIOLATED)
i_soc.i_cpu.core_i.id_stage_i._2948_/A2    1.000000    1.027268   -0.027268 (VIOLATED)
ANTENNA_i_soc.i_cpu.core_i.id_stage_i._2948__A2/DIODE    1.000000    1.027266   -0.027266 (VIOLATED)
ANTENNA_i_soc.i_cpu.core_i.id_stage_i._2946__Y/DIODE    1.000000    1.027264   -0.027264 (VIOLATED)
i_soc.i_cpu.core_i.id_stage_i._2946_/Y    1.000000    1.027259   -0.027259 (VIOLATED)
ANTENNA_i_soc.i_cpu.core_i.cs_registers_i._2451__A1/DIODE    1.000000    1.027233   -0.027233 (VIOLATED)
i_soc.i_cpu.core_i.cs_registers_i._2451_/A1    1.000000    1.027232   -0.027232 (VIOLATED)
ANTENNA_i_soc.i_cpu.core_i.cs_registers_i._2450__A_N/DIODE    1.000000    1.027228   -0.027228 (VIOLATED)
i_soc.i_cpu.core_i.cs_registers_i._2450_/A_N    1.000000    1.027223   -0.027223 (VIOLATED)
ANTENNA_i_soc.i_ai_sram.u_sram._646__X/DIODE    1.000000    1.027207   -0.027207 (VIOLATED)
i_soc.i_ai_sram.u_sram._646_/X          1.000000    1.027207   -0.027207 (VIOLATED)
i_soc.i_cpu.core_i.id_stage_i.register_file_i._4752_/B2    1.000000    1.026983   -0.026983 (VIOLATED)
ANTENNA_i_soc.i_cpu.core_i.id_stage_i.register_file_i._4752__B2/DIODE    1.000000    1.026972   -0.026972 (VIOLATED)
wire1180/A                              1.000000    1.026899   -0.026899 (VIOLATED)
ANTENNA_wire1180_A/DIODE                1.000000    1.026897   -0.026897 (VIOLATED)
i_soc.i_cpu.core_i.id_stage_i.register_file_i._4756_/A1    1.000000    1.026834   -0.026835 (VIOLATED)
ANTENNA_i_soc.i_qspi._11456__A0/DIODE    1.000000    1.026797   -0.026797 (VIOLATED)
i_soc.i_qspi._11489_/A0                 1.000000    1.026795   -0.026795 (VIOLATED)
ANTENNA_i_soc.i_qspi._11489__A0/DIODE    1.000000    1.026795   -0.026795 (VIOLATED)
i_soc.i_qspi._11456_/A0                 1.000000    1.026794   -0.026794 (VIOLATED)
ANTENNA_i_soc.i_cpu.core_i.id_stage_i.register_file_i._4756__A1/DIODE    1.000000    1.026777   -0.026777 (VIOLATED)
ANTENNA_i_soc.i_qspi._11522__A0/DIODE    1.000000    1.026761   -0.026761 (VIOLATED)
i_soc.i_qspi._11522_/A0                 1.000000    1.026758   -0.026758 (VIOLATED)
i_soc.i_qspi._11555_/A0                 1.000000    1.026752   -0.026752 (VIOLATED)
ANTENNA_i_soc.i_qspi._11555__A0/DIODE    1.000000    1.026750   -0.026750 (VIOLATED)
i_soc.i_qspi._11621_/A0                 1.000000    1.026734   -0.026734 (VIOLATED)
ANTENNA_i_soc.i_qspi._11621__A0/DIODE    1.000000    1.026714   -0.026714 (VIOLATED)
ANTENNA_i_soc.i_qspi._11588__A1/DIODE    1.000000    1.026666   -0.026666 (VIOLATED)
wire1026/A                              1.000000    1.026664   -0.026664 (VIOLATED)
i_soc.i_qspi._11588_/A1                 1.000000    1.026655   -0.026655 (VIOLATED)
i_soc.i_qspi._11720_/A0                 1.000000    1.026645   -0.026645 (VIOLATED)
i_soc.i_qspi._11687_/A1                 1.000000    1.026644   -0.026644 (VIOLATED)
ANTENNA_i_soc.i_qspi._11687__A1/DIODE    1.000000    1.026641   -0.026641 (VIOLATED)
ANTENNA_i_soc.i_qspi._11720__A0/DIODE    1.000000    1.026630   -0.026630 (VIOLATED)
i_soc.i_cpu.core_i.id_stage_i._2023_/B    1.000000    1.026618   -0.026618 (VIOLATED)
i_soc.i_qspi._11356_/A0                 1.000000    1.026618   -0.026618 (VIOLATED)
ANTENNA_i_soc.i_cpu.core_i.id_stage_i._2023__B/DIODE    1.000000    1.026606   -0.026606 (VIOLATED)
ANTENNA_wire1026_A/DIODE                1.000000    1.026604   -0.026604 (VIOLATED)
ANTENNA_i_soc.i_ai_sram.u_sram.gen_bank[0].gen_512.u_macro_din0[2]/DIODE    1.000000    1.026602   -0.026602 (VIOLATED)
ANTENNA_i_soc.i_qspi._11356__A0/DIODE    1.000000    1.026601   -0.026601 (VIOLATED)
ANTENNA_i_soc.i_qspi._11323__A1/DIODE    1.000000    1.026568   -0.026568 (VIOLATED)
i_soc.i_qspi._11323_/A1                 1.000000    1.026557   -0.026557 (VIOLATED)
i_soc.i_qspi._11257_/A1                 1.000000    1.026555   -0.026555 (VIOLATED)
ANTENNA_i_soc.i_qspi._11257__A1/DIODE    1.000000    1.026555   -0.026555 (VIOLATED)
i_soc.i_qspi._11224_/A0                 1.000000    1.026555   -0.026555 (VIOLATED)
ANTENNA_i_soc.i_qspi._11224__A0/DIODE    1.000000    1.026554   -0.026554 (VIOLATED)
ANTENNA_i_soc.i_qspi._11191__A1/DIODE    1.000000    1.026553   -0.026553 (VIOLATED)
i_soc.i_qspi._11191_/A1                 1.000000    1.026553   -0.026553 (VIOLATED)
i_soc.i_cpu.core_i.id_stage_i._2022_/B    1.000000    1.026552   -0.026552 (VIOLATED)
i_soc.i_qspi._11156_/A0                 1.000000    1.026551   -0.026552 (VIOLATED)
ANTENNA_i_soc.i_qspi._11156__A0/DIODE    1.000000    1.026551   -0.026551 (VIOLATED)
i_soc.i_qspi._11422_/A0                 1.000000    1.026550   -0.026550 (VIOLATED)
ANTENNA_i_soc.i_cpu.core_i.id_stage_i._2022__B/DIODE    1.000000    1.026549   -0.026549 (VIOLATED)
ANTENNA_i_soc.i_qspi._11422__A0/DIODE    1.000000    1.026549   -0.026549 (VIOLATED)
ANTENNA_i_soc.i_qspi._11389__A1/DIODE    1.000000    1.026546   -0.026546 (VIOLATED)
i_soc.i_qspi._11389_/A1                 1.000000    1.026546   -0.026546 (VIOLATED)
ANTENNA_fanout1179_X/DIODE              1.000000    1.026544   -0.026544 (VIOLATED)
fanout1179/X                            1.000000    1.026543   -0.026543 (VIOLATED)
i_soc.i_cpu.core_i.id_stage_i._2034_/B2    1.000000    1.026401   -0.026401 (VIOLATED)
i_soc.i_qspi._09784_/C1                 1.000000    1.026166   -0.026166 (VIOLATED)
ANTENNA_i_soc.i_qspi._09784__C1/DIODE    1.000000    1.026159   -0.026159 (VIOLATED)
i_soc.i_qspi._09486_/C1                 1.000000    1.026148   -0.026148 (VIOLATED)
ANTENNA_i_soc.i_qspi._09486__C1/DIODE    1.000000    1.026141   -0.026141 (VIOLATED)
i_soc.i_qspi._10135_/C1                 1.000000    1.026136   -0.026136 (VIOLATED)
ANTENNA_i_soc.i_qspi._10135__C1/DIODE    1.000000    1.026136   -0.026136 (VIOLATED)
ANTENNA_i_soc.i_qspi._10140__C1/DIODE    1.000000    1.026119   -0.026119 (VIOLATED)
i_soc.i_qspi._10140_/C1                 1.000000    1.026119   -0.026119 (VIOLATED)
ANTENNA_i_soc.i_qspi._10812__C1/DIODE    1.000000    1.026026   -0.026026 (VIOLATED)
i_soc.i_cpu.core_i.id_stage_i._2625_/A1    1.000000    1.026020   -0.026020 (VIOLATED)
i_soc.i_qspi._10812_/C1                 1.000000    1.026012   -0.026012 (VIOLATED)
i_soc.i_qspi._10809_/A1                 1.000000    1.026009   -0.026009 (VIOLATED)
ANTENNA_i_soc.i_qspi._10809__A1/DIODE    1.000000    1.026004   -0.026004 (VIOLATED)
i_soc.i_qspi._10330_/C1                 1.000000    1.025943   -0.025943 (VIOLATED)
ANTENNA_i_soc.i_qspi._10330__C1/DIODE    1.000000    1.025937   -0.025937 (VIOLATED)
ANTENNA_fanout3027_A/DIODE              1.000000    1.025925   -0.025925 (VIOLATED)
ANTENNA_i_soc.i_cpu.core_i.id_stage_i._2625__A1/DIODE    1.000000    1.025919   -0.025919 (VIOLATED)
ANTENNA_i_soc.i_qspi._10159__C1/DIODE    1.000000    1.025890   -0.025890 (VIOLATED)
i_soc.i_qspi._10159_/C1                 1.000000    1.025889   -0.025889 (VIOLATED)
i_soc.i_crossbar._0284_/A0              1.000000    1.025888   -0.025888 (VIOLATED)
ANTENNA_i_soc.i_crossbar._0284__A0/DIODE    1.000000    1.025884   -0.025884 (VIOLATED)
ANTENNA_i_soc.i_cpu.core_i.id_stage_i._3688__Q/DIODE    1.000000    1.025873   -0.025873 (VIOLATED)
fanout3027/A                            1.000000    1.025863   -0.025863 (VIOLATED)
i_soc.i_cpu.core_i.id_stage_i._3688_/Q    1.000000    1.025857   -0.025857 (VIOLATED)
load_slew1333/A                         1.000000    1.025794   -0.025794 (VIOLATED)
ANTENNA_i_soc.i_qspi._10325__C1/DIODE    1.000000    1.025790   -0.025790 (VIOLATED)
i_soc.i_qspi._10325_/C1                 1.000000    1.025742   -0.025742 (VIOLATED)
ANTENNA_load_slew1333_A/DIODE           1.000000    1.025735   -0.025735 (VIOLATED)
load_slew231/A                          1.000000    1.025705   -0.025705 (VIOLATED)
ANTENNA_load_slew231_A/DIODE            1.000000    1.025703   -0.025703 (VIOLATED)
max_cap2247/A                           1.000000    1.025672   -0.025672 (VIOLATED)
ANTENNA_max_cap2247_A/DIODE             1.000000    1.025671   -0.025671 (VIOLATED)
ANTENNA_i_soc.i_qspi._10800__C1/DIODE    1.000000    1.025655   -0.025655 (VIOLATED)
i_soc.i_qspi._10800_/C1                 1.000000    1.025651   -0.025651 (VIOLATED)
i_soc.i_ai_accel._17565_/B1             1.000000    1.025617   -0.025617 (VIOLATED)
ANTENNA_i_soc.i_ai_accel._17565__B1/DIODE    1.000000    1.025617   -0.025617 (VIOLATED)
i_soc.i_ai_accel._17549_/B1             1.000000    1.025617   -0.025617 (VIOLATED)
ANTENNA_i_soc.i_ai_accel._17549__B1/DIODE    1.000000    1.025611   -0.025611 (VIOLATED)
i_soc.i_ai_accel._17525_/B1             1.000000    1.025599   -0.025599 (VIOLATED)
i_soc.i_ai_accel._17533_/B1             1.000000    1.025597   -0.025597 (VIOLATED)
ANTENNA_i_soc.i_ai_accel._17525__B1/DIODE    1.000000    1.025593   -0.025593 (VIOLATED)
ANTENNA_i_soc.i_ai_accel._17533__B1/DIODE    1.000000    1.025577   -0.025577 (VIOLATED)
ANTENNA_max_cap2248_A/DIODE             1.000000    1.025541   -0.025541 (VIOLATED)
max_cap2248/A                           1.000000    1.025540   -0.025540 (VIOLATED)
i_soc.i_ai_accel._17541_/B1             1.000000    1.025528   -0.025528 (VIOLATED)
ANTENNA_fanout2246_X/DIODE              1.000000    1.025521   -0.025521 (VIOLATED)
i_soc.i_ai_sram.u_sram.gen_bank[13].gen_512.u_macro/din0[25]    1.000000    1.025518   -0.025518 (VIOLATED)
fanout2246/X                            1.000000    1.025515   -0.025515 (VIOLATED)
ANTENNA_i_soc.i_ai_accel._17541__B1/DIODE    1.000000    1.025509   -0.025509 (VIOLATED)
i_soc.i_ai_accel._17557_/B1             1.000000    1.025414   -0.025414 (VIOLATED)
ANTENNA_i_soc.i_ai_accel._17557__B1/DIODE    1.000000    1.025414   -0.025414 (VIOLATED)
i_soc.i_cpu.core_i.id_stage_i.register_file_i._4742_/C1    1.000000    1.025331   -0.025331 (VIOLATED)
i_soc.i_ai_accel._17573_/B1             1.000000    1.025329   -0.025329 (VIOLATED)
ANTENNA_i_soc.i_ai_accel._17573__B1/DIODE    1.000000    1.025329   -0.025329 (VIOLATED)
ANTENNA_i_soc.i_cpu.core_i.id_stage_i.register_file_i._4742__C1/DIODE    1.000000    1.025324   -0.025324 (VIOLATED)
i_soc.i_ai_accel._11491_/A              1.000000    1.025302   -0.025302 (VIOLATED)
ANTENNA_i_soc.i_ai_accel._11491__A/DIODE    1.000000    1.025302   -0.025302 (VIOLATED)
ANTENNA_i_soc.i_ai_accel._11490__Y/DIODE    1.000000    1.025298   -0.025298 (VIOLATED)
i_soc.i_ai_accel._11490_/Y              1.000000    1.025298   -0.025298 (VIOLATED)
fanout3030/A                            1.000000    1.025230   -0.025230 (VIOLATED)
i_soc.i_cpu.core_i.id_stage_i.register_file_i._4737_/C1    1.000000    1.025218   -0.025218 (VIOLATED)
ANTENNA_i_soc.i_cpu.core_i.id_stage_i.register_file_i._4737__C1/DIODE    1.000000    1.025213   -0.025213 (VIOLATED)
ANTENNA_fanout3030_A/DIODE              1.000000    1.025056   -0.025056 (VIOLATED)
ANTENNA_i_soc.i_ai_sram.u_sram.gen_bank[4].gen_512.u_macro_din0[12]/DIODE    1.000000    1.024755   -0.024755 (VIOLATED)
i_soc.i_cpu.core_i.id_stage_i.register_file_i._6613_/A2    1.000000    1.024263   -0.024263 (VIOLATED)
ANTENNA_i_soc.i_cpu.core_i.id_stage_i.register_file_i._6613__A2/DIODE    1.000000    1.024238   -0.024238 (VIOLATED)
ANTENNA_i_soc.i_cpu.core_i.id_stage_i.register_file_i._6629__A2/DIODE    1.000000    1.024198   -0.024198 (VIOLATED)
i_soc.i_cpu.core_i.id_stage_i.register_file_i._6629_/A2    1.000000    1.024197   -0.024197 (VIOLATED)
ANTENNA_i_soc.i_cpu.core_i.id_stage_i.register_file_i._6623__A2/DIODE    1.000000    1.024100   -0.024100 (VIOLATED)
i_soc.i_ai_sram.u_sram.gen_bank[11].gen_512.u_macro/din0[23]    1.000000    1.024059   -0.024059 (VIOLATED)
i_soc.i_cpu.core_i.id_stage_i.register_file_i._6623_/A2    1.000000    1.024058   -0.024058 (VIOLATED)
ANTENNA_i_soc.i_crossbar._0870__X/DIODE    1.000000    1.024047   -0.024047 (VIOLATED)
i_soc.i_cpu.core_i.id_stage_i.register_file_i._6615_/A2    1.000000    1.023991   -0.023991 (VIOLATED)
i_soc.i_crossbar._0870_/X               1.000000    1.023978   -0.023978 (VIOLATED)
ANTENNA_i_soc.i_cpu.core_i.id_stage_i.register_file_i._6615__A2/DIODE    1.000000    1.023965   -0.023964 (VIOLATED)
i_soc.i_cpu.core_i.id_stage_i.register_file_i._6617_/A2    1.000000    1.023946   -0.023946 (VIOLATED)
ANTENNA_i_soc.i_cpu.core_i.id_stage_i.register_file_i._6617__A2/DIODE    1.000000    1.023928   -0.023928 (VIOLATED)
i_soc.i_cpu.core_i.id_stage_i.decoder_i._401_/A    1.000000    1.023858   -0.023858 (VIOLATED)
ANTENNA_i_soc.i_data_sram._77__Q/DIODE    1.000000    1.023786   -0.023786 (VIOLATED)
i_soc.i_data_sram._77_/Q                1.000000    1.023779   -0.023779 (VIOLATED)
ANTENNA_i_soc.i_cpu.core_i.id_stage_i.decoder_i._401__A/DIODE    1.000000    1.023754   -0.023754 (VIOLATED)
i_soc.i_cpu.core_i.id_stage_i.register_file_i._6633_/A2    1.000000    1.023423   -0.023423 (VIOLATED)
ANTENNA_i_soc.i_cpu.core_i.id_stage_i.register_file_i._6633__A2/DIODE    1.000000    1.023419   -0.023419 (VIOLATED)
load_slew262/A                          1.000000    1.023356   -0.023356 (VIOLATED)
ANTENNA_load_slew262_A/DIODE            1.000000    1.023348   -0.023348 (VIOLATED)
i_soc.i_ai_sram.u_sram.gen_bank[13].gen_512.u_macro/din0[20]    1.000000    1.023072   -0.023072 (VIOLATED)
i_soc.i_cpu.core_i.id_stage_i.register_file_i._6611_/A2    1.000000    1.023051   -0.023051 (VIOLATED)
i_soc.i_cpu.core_i.cs_registers_i._2326_/A    1.000000    1.023042   -0.023042 (VIOLATED)
ANTENNA_i_soc.i_cpu.core_i.cs_registers_i._2326__A/DIODE    1.000000    1.023042   -0.023042 (VIOLATED)
i_soc.i_cpu.core_i.cs_registers_i._2327_/A1    1.000000    1.023041   -0.023041 (VIOLATED)
ANTENNA_i_soc.i_cpu.core_i.cs_registers_i._2327__A1/DIODE    1.000000    1.023039   -0.023039 (VIOLATED)
ANTENNA_i_soc.i_cpu.core_i.id_stage_i.register_file_i._6611__A2/DIODE    1.000000    1.023026   -0.023026 (VIOLATED)
i_soc.i_cpu.core_i.id_stage_i.register_file_i._7288_/B    1.000000    1.022990   -0.022990 (VIOLATED)
ANTENNA_i_soc.i_cpu.core_i.id_stage_i.register_file_i._7288__B/DIODE    1.000000    1.022987   -0.022988 (VIOLATED)
i_soc.i_cpu.core_i.id_stage_i.register_file_i._7290_/B    1.000000    1.022973   -0.022973 (VIOLATED)
ANTENNA_i_soc.i_cpu.core_i.id_stage_i.register_file_i._7290__B/DIODE    1.000000    1.022972   -0.022972 (VIOLATED)
ANTENNA_i_soc.i_cpu.core_i.id_stage_i.register_file_i._7284__B/DIODE    1.000000    1.022948   -0.022948 (VIOLATED)
i_soc.i_cpu.core_i.id_stage_i.register_file_i._7284_/B    1.000000    1.022940   -0.022940 (VIOLATED)
i_soc.i_cpu.core_i.id_stage_i.register_file_i._7286_/B    1.000000    1.022814   -0.022814 (VIOLATED)
ANTENNA_i_soc.i_cpu.core_i.id_stage_i.register_file_i._7286__B/DIODE    1.000000    1.022814   -0.022814 (VIOLATED)
i_soc.i_cpu.core_i.id_stage_i.register_file_i._7280_/B    1.000000    1.022667   -0.022667 (VIOLATED)
ANTENNA_i_soc.i_cpu.core_i.id_stage_i.register_file_i._7280__B/DIODE    1.000000    1.022665   -0.022665 (VIOLATED)
i_soc.i_cpu.core_i.id_stage_i.register_file_i._7247_/A    1.000000    1.022614   -0.022614 (VIOLATED)
ANTENNA_i_soc.i_cpu.core_i.id_stage_i.register_file_i._7247__A/DIODE    1.000000    1.022611   -0.022611 (VIOLATED)
i_soc.i_cpu.core_i.id_stage_i._2603_/A1    1.000000    1.022488   -0.022488 (VIOLATED)
ANTENNA_i_soc.i_cpu.core_i.id_stage_i._2603__A1/DIODE    1.000000    1.022488   -0.022488 (VIOLATED)
ANTENNA_i_soc.i_cpu.core_i.id_stage_i._3686__Q/DIODE    1.000000    1.022488   -0.022488 (VIOLATED)
i_soc.i_cpu.core_i.id_stage_i._3686_/Q    1.000000    1.022472   -0.022472 (VIOLATED)
i_soc.i_cpu.core_i.id_stage_i.register_file_i._7274_/B    1.000000    1.022464   -0.022464 (VIOLATED)
ANTENNA_i_soc.i_cpu.core_i.id_stage_i.register_file_i._7274__B/DIODE    1.000000    1.022438   -0.022438 (VIOLATED)
i_soc.i_cpu.core_i.id_stage_i.register_file_i._7266_/B    1.000000    1.022423   -0.022423 (VIOLATED)
ANTENNA_i_soc.i_cpu.core_i.id_stage_i.register_file_i._7266__B/DIODE    1.000000    1.022422   -0.022422 (VIOLATED)
ANTENNA_i_soc.i_cpu.core_i.id_stage_i.register_file_i._7246__A/DIODE    1.000000    1.022297   -0.022297 (VIOLATED)
i_soc.i_cpu.core_i.id_stage_i.decoder_i._396_/A    1.000000    1.022280   -0.022280 (VIOLATED)
ANTENNA_i_soc.i_cpu.core_i.id_stage_i.decoder_i._396__A/DIODE    1.000000    1.022271   -0.022271 (VIOLATED)
i_soc.i_cpu.core_i.id_stage_i.register_file_i._7246_/A    1.000000    1.022255   -0.022255 (VIOLATED)
i_soc.i_cpu.core_i.id_stage_i.register_file_i._7282_/B    1.000000    1.022217   -0.022217 (VIOLATED)
ANTENNA_i_soc.i_cpu.core_i.id_stage_i.register_file_i._7282__B/DIODE    1.000000    1.022216   -0.022216 (VIOLATED)
i_soc.i_cpu.core_i.id_stage_i.register_file_i._7248_/B    1.000000    1.022178   -0.022178 (VIOLATED)
ANTENNA_i_soc.i_cpu.core_i.id_stage_i.register_file_i._7248__B/DIODE    1.000000    1.022156   -0.022156 (VIOLATED)
i_soc.i_cpu.core_i.id_stage_i.register_file_i._7258_/B    1.000000    1.022154   -0.022154 (VIOLATED)
i_soc.i_cpu.core_i.id_stage_i.register_file_i._7256_/B    1.000000    1.022154   -0.022154 (VIOLATED)
ANTENNA_i_soc.i_cpu.core_i.id_stage_i.register_file_i._7256__B/DIODE    1.000000    1.022153   -0.022154 (VIOLATED)
ANTENNA_i_soc.i_cpu.core_i.id_stage_i.register_file_i._7258__B/DIODE    1.000000    1.022153   -0.022153 (VIOLATED)
i_soc.i_cpu.core_i.id_stage_i.register_file_i._7272_/B    1.000000    1.022148   -0.022148 (VIOLATED)
i_soc.i_cpu.core_i.id_stage_i.register_file_i._7268_/B    1.000000    1.022148   -0.022148 (VIOLATED)
i_soc.i_cpu.core_i.id_stage_i.register_file_i._7278_/B    1.000000    1.022147   -0.022147 (VIOLATED)
ANTENNA_i_soc.i_cpu.core_i.id_stage_i.register_file_i._7272__B/DIODE    1.000000    1.022147   -0.022147 (VIOLATED)
ANTENNA_i_soc.i_cpu.core_i.id_stage_i.register_file_i._7278__B/DIODE    1.000000    1.022147   -0.022147 (VIOLATED)
ANTENNA_i_soc.i_cpu.core_i.id_stage_i.register_file_i._7268__B/DIODE    1.000000    1.022147   -0.022147 (VIOLATED)
i_soc.i_cpu.core_i.id_stage_i.register_file_i._7252_/B    1.000000    1.022130   -0.022130 (VIOLATED)
ANTENNA_i_soc.i_cpu.core_i.id_stage_i.register_file_i._7252__B/DIODE    1.000000    1.022129   -0.022129 (VIOLATED)
i_soc.i_cpu.core_i.id_stage_i.register_file_i._6609_/A2    1.000000    1.022129   -0.022129 (VIOLATED)
fanout3034/A                            1.000000    1.022123   -0.022123 (VIOLATED)
i_soc.i_cpu.core_i.id_stage_i.register_file_i._7270_/B    1.000000    1.022123   -0.022123 (VIOLATED)
ANTENNA_i_soc.i_cpu.core_i.id_stage_i.register_file_i._7270__B/DIODE    1.000000    1.022122   -0.022122 (VIOLATED)
ANTENNA_fanout3034_A/DIODE              1.000000    1.022121   -0.022121 (VIOLATED)
ANTENNA_i_soc.i_cpu.core_i.id_stage_i.register_file_i._6609__A2/DIODE    1.000000    1.022113   -0.022113 (VIOLATED)
i_soc.i_cpu.core_i.id_stage_i.register_file_i._7262_/B    1.000000    1.022101   -0.022101 (VIOLATED)
ANTENNA_i_soc.i_cpu.core_i.id_stage_i.register_file_i._7262__B/DIODE    1.000000    1.022101   -0.022101 (VIOLATED)
i_soc.i_cpu.core_i.id_stage_i.register_file_i._7260_/B    1.000000    1.022096   -0.022096 (VIOLATED)
ANTENNA_i_soc.i_cpu.core_i.id_stage_i.register_file_i._7260__B/DIODE    1.000000    1.022093   -0.022093 (VIOLATED)
i_soc.i_cpu.core_i.id_stage_i.register_file_i._7264_/B    1.000000    1.022063   -0.022063 (VIOLATED)
ANTENNA_i_soc.i_cpu.core_i.id_stage_i.register_file_i._7264__B/DIODE    1.000000    1.022063   -0.022063 (VIOLATED)
i_soc.i_cpu.core_i.id_stage_i.register_file_i._7276_/B    1.000000    1.022060   -0.022060 (VIOLATED)
ANTENNA_i_soc.i_cpu.core_i.id_stage_i.register_file_i._7276__B/DIODE    1.000000    1.022059   -0.022059 (VIOLATED)
ANTENNA_i_soc.i_cpu.core_i.id_stage_i.register_file_i._7243__Y/DIODE    1.000000    1.022048   -0.022048 (VIOLATED)
i_soc.i_cpu.core_i.id_stage_i.register_file_i._7243_/Y    1.000000    1.022042   -0.022042 (VIOLATED)
fanout3038/A                            1.000000    1.021947   -0.021947 (VIOLATED)
ANTENNA_fanout3038_A/DIODE              1.000000    1.021945   -0.021945 (VIOLATED)
ANTENNA_i_soc.i_cpu.core_i.id_stage_i.register_file_i._3978__Y/DIODE    1.000000    1.021895   -0.021895 (VIOLATED)
i_soc.i_cpu.core_i.id_stage_i.register_file_i._3978_/Y    1.000000    1.021888   -0.021887 (VIOLATED)
ANTENNA_i_soc.i_ai_sram.u_sram.gen_bank[2].gen_512.u_macro_din0[25]/DIODE    1.000000    1.021578   -0.021578 (VIOLATED)
ANTENNA_i_soc.i_ai_sram.u_sram._737__X/DIODE    1.000000    1.021333   -0.021333 (VIOLATED)
i_soc.i_ai_sram.u_sram._737_/X          1.000000    1.021322   -0.021322 (VIOLATED)
ANTENNA_i_soc.i_cpu.core_i.id_stage_i.register_file_i._6621__A2/DIODE    1.000000    1.020971   -0.020971 (VIOLATED)
ANTENNA_i_soc.i_ai_sram.u_sram.gen_bank[4].gen_512.u_macro_din0[5]/DIODE    1.000000    1.020863   -0.020863 (VIOLATED)
i_soc.i_cpu.core_i.id_stage_i.register_file_i._6621_/A2    1.000000    1.020755   -0.020755 (VIOLATED)
i_soc.i_cpu.core_i.id_stage_i.register_file_i._6605_/A2    1.000000    1.020502   -0.020502 (VIOLATED)
ANTENNA_i_soc.i_cpu.core_i.id_stage_i.register_file_i._6605__A2/DIODE    1.000000    1.020486   -0.020486 (VIOLATED)
i_soc.i_ai_sram.u_sram._702_/A2         1.000000    1.019995   -0.019995 (VIOLATED)
ANTENNA_i_soc.i_ai_sram.u_sram._702__A2/DIODE    1.000000    1.019995   -0.019995 (VIOLATED)
ANTENNA_i_soc.i_ai_sram.u_sram.gen_bank[0].gen_512.u_macro_din0[3]/DIODE    1.000000    1.019557   -0.019557 (VIOLATED)
ANTENNA_i_soc.i_cpu.core_i.id_stage_i.register_file_i._6631__A2/DIODE    1.000000    1.019431   -0.019431 (VIOLATED)
i_soc.i_cpu.core_i.id_stage_i.register_file_i._6631_/A2    1.000000    1.019195   -0.019195 (VIOLATED)
wire1296/A                              1.000000    1.019161   -0.019161 (VIOLATED)
ANTENNA_wire1296_A/DIODE                1.000000    1.019145   -0.019145 (VIOLATED)
wire1686/A                              1.000000    1.019048   -0.019048 (VIOLATED)
ANTENNA_wire1686_A/DIODE                1.000000    1.018987   -0.018987 (VIOLATED)
ANTENNA_i_soc.i_cpu.core_i.id_stage_i.decoder_i._316__C_N/DIODE    1.000000    1.018724   -0.018724 (VIOLATED)
i_soc.i_cpu.core_i.id_stage_i.register_file_i._6619_/A2    1.000000    1.018368   -0.018368 (VIOLATED)
ANTENNA_i_soc.i_ai_sram.u_sram._636__X/DIODE    1.000000    1.018288   -0.018287 (VIOLATED)
i_soc.i_ai_sram.u_sram._636_/X          1.000000    1.018268   -0.018268 (VIOLATED)
i_soc.i_cpu.core_i.id_stage_i.decoder_i._316_/C_N    1.000000    1.018190   -0.018190 (VIOLATED)
ANTENNA_i_soc.i_cpu.core_i.id_stage_i.register_file_i._6619__A2/DIODE    1.000000    1.017889   -0.017889 (VIOLATED)
i_soc.i_ai_sram.u_sram.gen_bank[11].gen_512.u_macro/din0[28]    1.000000    1.017769   -0.017769 (VIOLATED)
load_slew1700/A                         1.000000    1.017248   -0.017248 (VIOLATED)
ANTENNA_load_slew1700_A/DIODE           1.000000    1.016909   -0.016908 (VIOLATED)
i_soc.i_cpu.core_i.id_stage_i.register_file_i._6575_/A2    1.000000    1.016760   -0.016760 (VIOLATED)
ANTENNA_i_soc.i_cpu.core_i.id_stage_i.register_file_i._6575__A2/DIODE    1.000000    1.016748   -0.016748 (VIOLATED)
i_soc.i_cpu.core_i.id_stage_i.register_file_i._6627_/A2    1.000000    1.016715   -0.016715 (VIOLATED)
ANTENNA_i_soc.i_cpu.core_i.id_stage_i.register_file_i._6627__A2/DIODE    1.000000    1.016713   -0.016713 (VIOLATED)
ANTENNA_i_soc.i_cpu.core_i.id_stage_i.register_file_i._6625__A2/DIODE    1.000000    1.016621   -0.016621 (VIOLATED)
i_soc.i_cpu.core_i.id_stage_i.register_file_i._6625_/A2    1.000000    1.016600   -0.016600 (VIOLATED)
fanout4225/A                            1.000000    1.016532   -0.016532 (VIOLATED)
ANTENNA_fanout4225_A/DIODE              1.000000    1.016529   -0.016529 (VIOLATED)
ANTENNA_wire4238_A/DIODE                1.000000    1.016514   -0.016514 (VIOLATED)
wire4238/A                              1.000000    1.016510   -0.016510 (VIOLATED)
i_soc.i_cpu.core_i.id_stage_i.decoder_i._330_/A2    1.000000    1.016431   -0.016431 (VIOLATED)
ANTENNA_i_soc.i_ai_sram.u_sram.gen_bank[2].gen_512.u_macro_din0[29]/DIODE    1.000000    1.016428   -0.016428 (VIOLATED)
ANTENNA_i_soc.i_cpu.core_i.id_stage_i.decoder_i._330__A2/DIODE    1.000000    1.016418   -0.016418 (VIOLATED)
ANTENNA_i_soc.i_cpu.core_i.id_stage_i.register_file_i._6607__A2/DIODE    1.000000    1.016396   -0.016396 (VIOLATED)
i_soc.i_cpu.core_i.id_stage_i.register_file_i._6607_/A2    1.000000    1.016367   -0.016367 (VIOLATED)
ANTENNA_fanout4221_A/DIODE              1.000000    1.016349   -0.016349 (VIOLATED)
fanout4221/A                            1.000000    1.016334   -0.016334 (VIOLATED)
ANTENNA_i_soc.i_ai_sram.u_sram.gen_bank[3].gen_512.u_macro_din0[22]/DIODE    1.000000    1.016163   -0.016163 (VIOLATED)
i_soc.i_qspi._16959_/S                  1.000000    1.016147   -0.016147 (VIOLATED)
ANTENNA_i_soc.i_qspi._16959__S/DIODE    1.000000    1.016122   -0.016122 (VIOLATED)
ANTENNA_i_soc.i_cpu.core_i.id_stage_i.register_file_i._6601__A2/DIODE    1.000000    1.016074   -0.016074 (VIOLATED)
i_soc.i_cpu.core_i.id_stage_i.register_file_i._6477_/B1    1.000000    1.016055   -0.016055 (VIOLATED)
i_soc.i_qspi._16958_/A                  1.000000    1.016048   -0.016048 (VIOLATED)
ANTENNA_i_soc.i_qspi._16958__A/DIODE    1.000000    1.016046   -0.016046 (VIOLATED)
ANTENNA_i_soc.i_cpu.core_i.id_stage_i.register_file_i._6477__B1/DIODE    1.000000    1.016042   -0.016042 (VIOLATED)
i_soc.i_cpu.core_i.id_stage_i.register_file_i._6601_/A2    1.000000    1.016021   -0.016022 (VIOLATED)
ANTENNA_i_soc.i_cpu.core_i.id_stage_i.register_file_i._6493__B1/DIODE    1.000000    1.016017   -0.016017 (VIOLATED)
i_soc.i_cpu.core_i.id_stage_i.register_file_i._6493_/B1    1.000000    1.016015   -0.016015 (VIOLATED)
ANTENNA_i_soc.i_qspi._16957__S/DIODE    1.000000    1.015972   -0.015972 (VIOLATED)
ANTENNA_i_soc.i_cpu.core_i.id_stage_i.register_file_i._6487__B1/DIODE    1.000000    1.015971   -0.015971 (VIOLATED)
i_soc.i_cpu.core_i.id_stage_i.decoder_i._247_/A    1.000000    1.015969   -0.015969 (VIOLATED)
ANTENNA_i_soc.i_cpu.core_i.id_stage_i.decoder_i._247__A/DIODE    1.000000    1.015963   -0.015963 (VIOLATED)
i_soc.i_cpu.core_i.id_stage_i.register_file_i._6487_/B1    1.000000    1.015955   -0.015955 (VIOLATED)
i_soc.i_qspi._16957_/S                  1.000000    1.015945   -0.015945 (VIOLATED)
i_soc.i_cpu.core_i.id_stage_i.register_file_i._6481_/B1    1.000000    1.015774   -0.015774 (VIOLATED)
ANTENNA_i_soc.i_cpu.core_i.id_stage_i.register_file_i._6481__B1/DIODE    1.000000    1.015763   -0.015763 (VIOLATED)
wire996/A                               1.000000    1.015725   -0.015726 (VIOLATED)
ANTENNA_wire996_A/DIODE                 1.000000    1.015712   -0.015712 (VIOLATED)
ANTENNA_max_cap4241_A/DIODE             1.000000    1.015661   -0.015661 (VIOLATED)
max_cap4241/A                           1.000000    1.015660   -0.015660 (VIOLATED)
fanout4209/A                            1.000000    1.015651   -0.015650 (VIOLATED)
ANTENNA_fanout4209_A/DIODE              1.000000    1.015650   -0.015650 (VIOLATED)
ANTENNA_fanout4237_X/DIODE              1.000000    1.015646   -0.015646 (VIOLATED)
fanout4237/X                            1.000000    1.015644   -0.015644 (VIOLATED)
ANTENNA_i_soc.i_cpu.core_i.id_stage_i.register_file_i._6587__A2/DIODE    1.000000    1.015541   -0.015541 (VIOLATED)
i_soc.i_cpu.core_i.id_stage_i.register_file_i._6479_/B1    1.000000    1.015477   -0.015477 (VIOLATED)
ANTENNA_i_soc.i_cpu.core_i.id_stage_i.register_file_i._6479__B1/DIODE    1.000000    1.015452   -0.015452 (VIOLATED)
ANTENNA_i_soc.i_ai_sram.u_sram.gen_bank[3].gen_512.u_macro_din0[29]/DIODE    1.000000    1.015205   -0.015205 (VIOLATED)
ANTENNA_i_soc.i_ai_sram.u_sram.gen_bank[8].gen_512.u_macro_din0[18]/DIODE    1.000000    1.015058   -0.015058 (VIOLATED)
i_soc.i_cpu.core_i.id_stage_i.register_file_i._6587_/A2    1.000000    1.014951   -0.014951 (VIOLATED)
i_soc.i_cpu.core_i.id_stage_i.register_file_i._6475_/B1    1.000000    1.014783   -0.014783 (VIOLATED)
ANTENNA_i_soc.i_cpu.core_i.id_stage_i.register_file_i._6475__B1/DIODE    1.000000    1.014760   -0.014760 (VIOLATED)
i_soc.i_cpu.core_i.ex_stage_i.alu_i._3877_/A1    1.000000    1.014723   -0.014723 (VIOLATED)
i_soc.i_cpu.core_i.ex_stage_i.alu_i._5389_/A1    1.000000    1.014722   -0.014722 (VIOLATED)
ANTENNA_i_soc.i_cpu.core_i.ex_stage_i.alu_i._5389__A1/DIODE    1.000000    1.014713   -0.014713 (VIOLATED)
ANTENNA_i_soc.i_cpu.core_i.ex_stage_i.alu_i._3877__A1/DIODE    1.000000    1.014712   -0.014712 (VIOLATED)
ANTENNA_i_soc.i_cpu.core_i.id_stage_i.register_file_i._6473__B1/DIODE    1.000000    1.014665   -0.014665 (VIOLATED)
i_soc.i_cpu.core_i.id_stage_i.register_file_i._6473_/B1    1.000000    1.014642   -0.014642 (VIOLATED)
i_soc.i_crossbar._0292_/A0              1.000000    1.014624   -0.014624 (VIOLATED)
ANTENNA_i_soc.i_crossbar._0292__A0/DIODE    1.000000    1.014611   -0.014611 (VIOLATED)
ANTENNA_i_soc.i_cpu.core_i.id_stage_i.decoder_i._324__B/DIODE    1.000000    1.014553   -0.014553 (VIOLATED)
i_soc.i_cpu.core_i.ex_stage_i.alu_i._5403_/A1    1.000000    1.014544   -0.014543 (VIOLATED)
ANTENNA_i_soc.i_cpu.core_i.ex_stage_i.alu_i._5403__A1/DIODE    1.000000    1.014530   -0.014530 (VIOLATED)
i_soc.i_cpu.core_i.id_stage_i.decoder_i._324_/B    1.000000    1.014513   -0.014513 (VIOLATED)
i_soc.i_cpu.core_i.ex_stage_i.alu_i._6363_/B2    1.000000    1.014358   -0.014358 (VIOLATED)
ANTENNA_i_soc.i_cpu.core_i.ex_stage_i.alu_i._6363__B2/DIODE    1.000000    1.014354   -0.014355 (VIOLATED)
i_soc.i_cpu.core_i.id_stage_i.register_file_i._6497_/B1    1.000000    1.014341   -0.014341 (VIOLATED)
ANTENNA_i_soc.i_cpu.core_i.id_stage_i.register_file_i._6497__B1/DIODE    1.000000    1.014333   -0.014333 (VIOLATED)
i_soc.i_cpu.core_i.id_stage_i.register_file_i._6469_/B1    1.000000    1.014290   -0.014290 (VIOLATED)
ANTENNA_i_soc.i_cpu.core_i.id_stage_i.register_file_i._6469__B1/DIODE    1.000000    1.014273   -0.014273 (VIOLATED)
i_soc.i_cpu.core_i.id_stage_i.decoder_i._323_/B    1.000000    1.014266   -0.014266 (VIOLATED)
i_soc.i_cpu.core_i.ex_stage_i.alu_i._3931_/A0    1.000000    1.014259   -0.014259 (VIOLATED)
ANTENNA_i_soc.i_cpu.core_i.ex_stage_i.alu_i._3931__A0/DIODE    1.000000    1.014250   -0.014250 (VIOLATED)
i_soc.i_cpu.core_i.id_stage_i.register_file_i._6491_/B1    1.000000    1.014216   -0.014216 (VIOLATED)
ANTENNA_i_soc.i_cpu.core_i.id_stage_i.register_file_i._6491__B1/DIODE    1.000000    1.014177   -0.014177 (VIOLATED)
i_soc.i_cpu.core_i.id_stage_i.register_file_i._6471_/B1    1.000000    1.014127   -0.014127 (VIOLATED)
ANTENNA_i_soc.i_cpu.core_i.id_stage_i.register_file_i._6471__B1/DIODE    1.000000    1.014124   -0.014124 (VIOLATED)
i_soc.i_cpu.core_i.id_stage_i.register_file_i._6489_/B1    1.000000    1.014098   -0.014098 (VIOLATED)
ANTENNA_i_soc.i_cpu.core_i.id_stage_i.register_file_i._6489__B1/DIODE    1.000000    1.014096   -0.014096 (VIOLATED)
load_slew1027/A                         1.000000    1.014081   -0.014081 (VIOLATED)
ANTENNA_i_soc.i_cpu.core_i.ex_stage_i.alu_i._6336__A1/DIODE    1.000000    1.014040   -0.014040 (VIOLATED)
i_soc.i_cpu.core_i.id_stage_i.register_file_i._6485_/B1    1.000000    1.014021   -0.014021 (VIOLATED)
i_soc.i_cpu.core_i.ex_stage_i.alu_i._6336_/A1    1.000000    1.013909   -0.013909 (VIOLATED)
wire6842/A                              1.000000    1.013906   -0.013906 (VIOLATED)
ANTENNA_wire6842_A/DIODE                1.000000    1.013891   -0.013891 (VIOLATED)
ANTENNA_i_soc.i_cpu.core_i.id_stage_i.register_file_i._6485__B1/DIODE    1.000000    1.013885   -0.013885 (VIOLATED)
ANTENNA_i_soc.i_cpu.core_i.id_stage_i.decoder_i._323__B/DIODE    1.000000    1.013864   -0.013864 (VIOLATED)
i_soc.i_cpu.core_i.id_stage_i.register_file_i._7225_/C    1.000000    1.013756   -0.013756 (VIOLATED)
ANTENNA_i_soc.i_cpu.core_i.id_stage_i.register_file_i._7225__C/DIODE    1.000000    1.013749   -0.013749 (VIOLATED)
i_soc.i_cpu.core_i.id_stage_i.register_file_i._7242_/A3    1.000000    1.013712   -0.013712 (VIOLATED)
ANTENNA_i_soc.i_cpu.core_i.id_stage_i.register_file_i._7242__A3/DIODE    1.000000    1.013689   -0.013689 (VIOLATED)
ANTENNA_i_soc.i_cpu.core_i.id_stage_i.register_file_i._6595__A2/DIODE    1.000000    1.013683   -0.013683 (VIOLATED)
ANTENNA_i_soc.i_ai_sram.u_sram.gen_bank[2].gen_512.u_macro_din0[18]/DIODE    1.000000    1.013625   -0.013625 (VIOLATED)
i_soc.i_cpu.core_i.id_stage_i.register_file_i._7222_/A3    1.000000    1.013607   -0.013607 (VIOLATED)
ANTENNA_i_soc.i_cpu.core_i.id_stage_i.register_file_i._7222__A3/DIODE    1.000000    1.013598   -0.013598 (VIOLATED)
ANTENNA_i_soc.i_ai_sram.u_sram.gen_bank[8].gen_512.u_macro_din0[16]/DIODE    1.000000    1.013569   -0.013569 (VIOLATED)
i_soc.i_cpu.core_i.id_stage_i.register_file_i._7238_/A3    1.000000    1.013569   -0.013568 (VIOLATED)
ANTENNA_i_soc.i_cpu.core_i.id_stage_i.register_file_i._7238__A3/DIODE    1.000000    1.013562   -0.013562 (VIOLATED)
i_soc.i_cpu.core_i.id_stage_i.register_file_i._6595_/A2    1.000000    1.013552   -0.013552 (VIOLATED)
ANTENNA_i_soc.i_cpu.core_i.id_stage_i.register_file_i._7224__A3/DIODE    1.000000    1.013537   -0.013537 (VIOLATED)
i_soc.i_cpu.core_i.id_stage_i.register_file_i._7224_/A3    1.000000    1.013533   -0.013533 (VIOLATED)
ANTENNA_load_slew1027_A/DIODE           1.000000    1.013480   -0.013480 (VIOLATED)
i_soc.i_cpu.core_i.id_stage_i.register_file_i._7219_/C    1.000000    1.013417   -0.013417 (VIOLATED)
ANTENNA_i_soc.i_cpu.core_i.id_stage_i.register_file_i._7219__C/DIODE    1.000000    1.013411   -0.013411 (VIOLATED)
i_soc.i_cpu.core_i.id_stage_i.decoder_i._296_/A_N    1.000000    1.013401   -0.013401 (VIOLATED)
ANTENNA_i_soc.i_cpu.core_i.id_stage_i.decoder_i._296__A_N/DIODE    1.000000    1.013400   -0.013400 (VIOLATED)
i_soc.i_cpu.core_i.id_stage_i.decoder_i._301_/A    1.000000    1.013398   -0.013398 (VIOLATED)
ANTENNA_i_soc.i_cpu.core_i.id_stage_i.decoder_i._301__A/DIODE    1.000000    1.013394   -0.013394 (VIOLATED)
i_soc.i_cpu.core_i.id_stage_i.decoder_i._272_/B    1.000000    1.013389   -0.013389 (VIOLATED)
ANTENNA_i_soc.i_cpu.core_i.id_stage_i.decoder_i._272__B/DIODE    1.000000    1.013388   -0.013388 (VIOLATED)
i_soc.i_cpu.core_i.id_stage_i.register_file_i._7231_/C    1.000000    1.013372   -0.013372 (VIOLATED)
ANTENNA_i_soc.i_cpu.core_i.id_stage_i.register_file_i._7231__C/DIODE    1.000000    1.013365   -0.013365 (VIOLATED)
ANTENNA_i_soc.i_cpu.core_i.id_stage_i.register_file_i._6589__A2/DIODE    1.000000    1.013331   -0.013331 (VIOLATED)
i_soc.i_cpu.core_i.id_stage_i.register_file_i._6589_/A2    1.000000    1.013330   -0.013330 (VIOLATED)
i_soc.i_cpu.core_i.id_stage_i.decoder_i._282_/B    1.000000    1.013316   -0.013316 (VIOLATED)
ANTENNA_i_soc.i_cpu.core_i.id_stage_i.register_file_i._6579__A2/DIODE    1.000000    1.013307   -0.013307 (VIOLATED)
i_soc.i_cpu.core_i.ex_stage_i.alu_i._3269_/A    1.000000    1.013305   -0.013305 (VIOLATED)
i_soc.i_cpu.core_i.id_stage_i.register_file_i._6579_/A2    1.000000    1.013298   -0.013298 (VIOLATED)
ANTENNA_i_soc.i_cpu.core_i.ex_stage_i.alu_i._3269__A/DIODE    1.000000    1.013297   -0.013297 (VIOLATED)
ANTENNA_i_soc.i_cpu.core_i.id_stage_i.decoder_i._282__B/DIODE    1.000000    1.013287   -0.013287 (VIOLATED)
ANTENNA_i_soc.i_cpu.core_i.id_stage_i.register_file_i._6593__A2/DIODE    1.000000    1.013269   -0.013269 (VIOLATED)
i_soc.i_cpu.core_i.id_stage_i.register_file_i._6593_/A2    1.000000    1.013267   -0.013267 (VIOLATED)
ANTENNA_i_soc.i_cpu.core_i.id_stage_i.register_file_i._7217__C/DIODE    1.000000    1.013253   -0.013253 (VIOLATED)
i_soc.i_cpu.core_i.id_stage_i.register_file_i._7217_/C    1.000000    1.013226   -0.013226 (VIOLATED)
i_soc.i_cpu.core_i.id_stage_i.register_file_i._6603_/A2    1.000000    1.013225   -0.013225 (VIOLATED)
ANTENNA_i_soc.i_cpu.core_i.id_stage_i.register_file_i._6603__A2/DIODE    1.000000    1.013222   -0.013222 (VIOLATED)
ANTENNA_i_soc.i_cpu.core_i.id_stage_i.register_file_i._6577__A2/DIODE    1.000000    1.013183   -0.013183 (VIOLATED)
i_soc.i_cpu.core_i.id_stage_i.register_file_i._6577_/A2    1.000000    1.013163   -0.013163 (VIOLATED)
ANTENNA_i_soc.i_cpu.core_i.id_stage_i.register_file_i._6599__A2/DIODE    1.000000    1.013061   -0.013061 (VIOLATED)
i_soc.i_cpu.core_i.id_stage_i.register_file_i._6599_/A2    1.000000    1.013050   -0.013050 (VIOLATED)
ANTENNA_i_soc.i_cpu.core_i.if_stage_i._873__Q/DIODE    1.000000    1.012977   -0.012977 (VIOLATED)
i_soc.i_cpu.core_i.if_stage_i._806_/A0    1.000000    1.012976   -0.012976 (VIOLATED)
ANTENNA_i_soc.i_cpu.core_i.if_stage_i._806__A0/DIODE    1.000000    1.012976   -0.012976 (VIOLATED)
load_slew1827/A                         1.000000    1.012974   -0.012974 (VIOLATED)
ANTENNA_load_slew1827_A/DIODE           1.000000    1.012963   -0.012963 (VIOLATED)
i_soc.i_cpu.core_i.if_stage_i._873_/Q    1.000000    1.012962   -0.012962 (VIOLATED)
i_soc.i_cpu.core_i.id_stage_i.register_file_i._6573_/A2    1.000000    1.012785   -0.012785 (VIOLATED)
ANTENNA_i_soc.i_cpu.core_i.id_stage_i.register_file_i._6573__A2/DIODE    1.000000    1.012784   -0.012784 (VIOLATED)
i_soc.i_cpu.core_i.ex_stage_i.alu_i.alu_div_i._1264_/A0    1.000000    1.012517   -0.012517 (VIOLATED)
ANTENNA_i_soc.i_cpu.core_i.ex_stage_i.alu_i.alu_div_i._1264__A0/DIODE    1.000000    1.012510   -0.012510 (VIOLATED)
i_soc.i_cpu.core_i.id_stage_i.register_file_i._6581_/A2    1.000000    1.012467   -0.012467 (VIOLATED)
ANTENNA_i_soc.i_cpu.core_i.id_stage_i.register_file_i._6581__A2/DIODE    1.000000    1.012466   -0.012466 (VIOLATED)
ANTENNA_i_soc.i_cpu.core_i.ex_stage_i.alu_i._5092__A1/DIODE    1.000000    1.012394   -0.012394 (VIOLATED)
ANTENNA_i_soc.i_cpu.core_i.id_stage_i.register_file_i._6495__B1/DIODE    1.000000    1.012383   -0.012383 (VIOLATED)
i_soc.i_cpu.core_i.id_stage_i.register_file_i._6597_/A2    1.000000    1.012379   -0.012379 (VIOLATED)
ANTENNA_i_soc.i_cpu.core_i.id_stage_i.register_file_i._6597__A2/DIODE    1.000000    1.012378   -0.012378 (VIOLATED)
i_soc.i_cpu.core_i.ex_stage_i.alu_i._3577_/B2    1.000000    1.012365   -0.012365 (VIOLATED)
i_soc.i_ai_accel.u_conv_out.gen_bank[0].gen_512.u_macro/din0[5]    1.000000    1.012344   -0.012344 (VIOLATED)
ANTENNA_i_soc.i_cpu.core_i.ex_stage_i.alu_i._3577__B2/DIODE    1.000000    1.012326   -0.012326 (VIOLATED)
i_soc.i_cpu.core_i.ex_stage_i.alu_i._5092_/A1    1.000000    1.012274   -0.012274 (VIOLATED)
i_soc.i_cpu.core_i.id_stage_i.register_file_i._6495_/B1    1.000000    1.012221   -0.012221 (VIOLATED)
i_soc.i_cpu.core_i.ex_stage_i.alu_i._4673_/A1    1.000000    1.012076   -0.012076 (VIOLATED)
ANTENNA_i_soc.i_cpu.core_i.ex_stage_i.alu_i._4673__A1/DIODE    1.000000    1.012071   -0.012071 (VIOLATED)
i_soc.i_ai_arb._254_/A                  1.000000    1.011866   -0.011866 (VIOLATED)
ANTENNA_i_soc.i_ai_arb._256__A/DIODE    1.000000    1.011866   -0.011866 (VIOLATED)
i_soc.i_ai_arb._256_/A                  1.000000    1.011865   -0.011865 (VIOLATED)
i_soc.i_ai_arb._252_/A                  1.000000    1.011863   -0.011863 (VIOLATED)
ANTENNA_i_soc.i_ai_arb._254__A/DIODE    1.000000    1.011863   -0.011863 (VIOLATED)
ANTENNA_i_soc.i_ai_arb._252__A/DIODE    1.000000    1.011861   -0.011861 (VIOLATED)
i_soc.i_ai_arb._246_/A                  1.000000    1.011855   -0.011855 (VIOLATED)
i_soc.i_ai_arb._248_/A                  1.000000    1.011854   -0.011854 (VIOLATED)
ANTENNA_i_soc.i_ai_arb._248__A/DIODE    1.000000    1.011854   -0.011854 (VIOLATED)
ANTENNA_i_soc.i_ai_arb._246__A/DIODE    1.000000    1.011854   -0.011854 (VIOLATED)
i_soc.i_ai_arb._250_/A                  1.000000    1.011844   -0.011844 (VIOLATED)
ANTENNA_i_soc.i_ai_arb._250__A/DIODE    1.000000    1.011829   -0.011829 (VIOLATED)
i_soc.i_cpu.core_i.id_stage_i.register_file_i._6585_/A2    1.000000    1.011794   -0.011794 (VIOLATED)
ANTENNA_i_soc.i_cpu.core_i.id_stage_i.register_file_i._6585__A2/DIODE    1.000000    1.011791   -0.011791 (VIOLATED)
i_soc.i_cpu.core_i.id_stage_i.register_file_i._6591_/A2    1.000000    1.011788   -0.011788 (VIOLATED)
ANTENNA_i_soc.i_cpu.core_i.id_stage_i.register_file_i._6591__A2/DIODE    1.000000    1.011783   -0.011783 (VIOLATED)
ANTENNA_i_soc.i_cpu.core_i.id_stage_i.register_file_i._6571__A2/DIODE    1.000000    1.011779   -0.011779 (VIOLATED)
i_soc.i_cpu.core_i.id_stage_i.register_file_i._6583_/A2    1.000000    1.011777   -0.011777 (VIOLATED)
ANTENNA_i_soc.i_cpu.core_i.id_stage_i.register_file_i._6583__A2/DIODE    1.000000    1.011776   -0.011776 (VIOLATED)
ANTENNA_i_soc.i_ai_sram.u_sram._525__X/DIODE    1.000000    1.011758   -0.011758 (VIOLATED)
load_slew1420/A                         1.000000    1.011723   -0.011723 (VIOLATED)
ANTENNA_load_slew1420_A/DIODE           1.000000    1.011715   -0.011715 (VIOLATED)
i_soc.i_ai_sram.u_sram._525_/X          1.000000    1.011708   -0.011708 (VIOLATED)
i_soc.i_ai_arb._325_/S                  1.000000    1.011680   -0.011680 (VIOLATED)
ANTENNA_i_soc.i_ai_arb._325__S/DIODE    1.000000    1.011660   -0.011660 (VIOLATED)
i_soc.i_ai_arb._165_/A                  1.000000    1.011639   -0.011639 (VIOLATED)
i_soc.i_cpu.core_i.id_stage_i.register_file_i._6571_/A2    1.000000    1.011637   -0.011637 (VIOLATED)
i_soc.i_cpu.core_i.id_stage_i.register_file_i._6483_/B1    1.000000    1.011623   -0.011623 (VIOLATED)
ANTENNA_i_soc.i_cpu.core_i.id_stage_i.register_file_i._6483__B1/DIODE    1.000000    1.011622   -0.011622 (VIOLATED)
ANTENNA_i_soc.i_ai_arb._165__A/DIODE    1.000000    1.011619   -0.011619 (VIOLATED)
ANTENNA_i_soc.i_ai_arb._298__A/DIODE    1.000000    1.011603   -0.011603 (VIOLATED)
i_soc.i_ai_arb._298_/A                  1.000000    1.011603   -0.011603 (VIOLATED)
i_soc.i_cpu.core_i.id_stage_i.register_file_i._7236_/A3    1.000000    1.011570   -0.011570 (VIOLATED)
load_slew6728/A                         1.000000    1.011562   -0.011562 (VIOLATED)
ANTENNA_i_soc.i_cpu.core_i.id_stage_i.register_file_i._7236__A3/DIODE    1.000000    1.011561   -0.011561 (VIOLATED)
ANTENNA_i_soc.i_ai_arb._167__A/DIODE    1.000000    1.011538   -0.011538 (VIOLATED)
i_soc.i_ai_arb._167_/A                  1.000000    1.011512   -0.011512 (VIOLATED)
ANTENNA_load_slew6728_A/DIODE           1.000000    1.011488   -0.011488 (VIOLATED)
ANTENNA_i_soc.i_cpu.core_i.id_stage_i.register_file_i._6568__X/DIODE    1.000000    1.011464   -0.011464 (VIOLATED)
i_soc.i_cpu.core_i.id_stage_i.register_file_i._6439_/B1    1.000000    1.011439   -0.011439 (VIOLATED)
ANTENNA_i_soc.i_cpu.core_i.id_stage_i.register_file_i._6439__B1/DIODE    1.000000    1.011432   -0.011432 (VIOLATED)
i_soc.i_cpu.core_i.id_stage_i.register_file_i._6568_/X    1.000000    1.011428   -0.011428 (VIOLATED)
ANTENNA_fanout6727_X/DIODE              1.000000    1.011379   -0.011379 (VIOLATED)
ANTENNA_i_soc.i_ai_arb._095__A_N/DIODE    1.000000    1.011379   -0.011379 (VIOLATED)
ANTENNA_i_soc.i_ai_arb._098__A/DIODE    1.000000    1.011379   -0.011379 (VIOLATED)
ANTENNA_i_soc.i_ai_arb._101__A/DIODE    1.000000    1.011379   -0.011379 (VIOLATED)
fanout6727/X                            1.000000    1.011379   -0.011379 (VIOLATED)
i_soc.i_ai_arb._095_/A_N                1.000000    1.011379   -0.011379 (VIOLATED)
i_soc.i_ai_arb._098_/A                  1.000000    1.011379   -0.011379 (VIOLATED)
i_soc.i_ai_arb._101_/A                  1.000000    1.011379   -0.011379 (VIOLATED)
ANTENNA_i_soc.i_ai_sram.u_sram.gen_bank[3].gen_512.u_macro_din0[28]/DIODE    1.000000    1.011294   -0.011294 (VIOLATED)
ANTENNA_load_slew6849_A/DIODE           1.000000    1.011266   -0.011266 (VIOLATED)
ANTENNA_i_soc.i_cpu.core_i.ex_stage_i.alu_i._3373__A/DIODE    1.000000    1.011186   -0.011186 (VIOLATED)
i_soc.i_periph_decoder._0428_/A2        1.000000    1.011185   -0.011185 (VIOLATED)
ANTENNA_i_soc.i_periph_decoder._0428__A2/DIODE    1.000000    1.011184   -0.011184 (VIOLATED)
i_soc.i_periph_decoder._0422_/A2        1.000000    1.011180   -0.011180 (VIOLATED)
ANTENNA_i_soc.i_periph_decoder._0388__A2/DIODE    1.000000    1.011180   -0.011180 (VIOLATED)
ANTENNA_i_soc.i_periph_decoder._0422__A2/DIODE    1.000000    1.011179   -0.011179 (VIOLATED)
i_soc.i_periph_decoder._0388_/A2        1.000000    1.011178   -0.011178 (VIOLATED)
i_soc.i_periph_decoder._0498_/A2        1.000000    1.011177   -0.011177 (VIOLATED)
i_soc.i_periph_decoder._0382_/A2        1.000000    1.011176   -0.011176 (VIOLATED)
ANTENNA_i_soc.i_periph_decoder._0377__A2/DIODE    1.000000    1.011176   -0.011176 (VIOLATED)
i_soc.i_periph_decoder._0377_/A2        1.000000    1.011176   -0.011176 (VIOLATED)
ANTENNA_i_soc.i_periph_decoder._0382__A2/DIODE    1.000000    1.011176   -0.011176 (VIOLATED)
ANTENNA_i_soc.i_periph_decoder._0498__A2/DIODE    1.000000    1.011176   -0.011176 (VIOLATED)
i_soc.i_periph_decoder._0473_/A2        1.000000    1.011176   -0.011176 (VIOLATED)
ANTENNA_i_soc.i_periph_decoder._0473__A2/DIODE    1.000000    1.011174   -0.011174 (VIOLATED)
ANTENNA_i_soc.i_periph_decoder._0398__A2/DIODE    1.000000    1.011160   -0.011160 (VIOLATED)
i_soc.i_periph_decoder._0398_/A2        1.000000    1.011155   -0.011156 (VIOLATED)
i_soc.i_ai_sram.u_sram.gen_bank[1].gen_512.u_macro/din0[1]    1.000000    1.011154   -0.011154 (VIOLATED)
i_soc.i_periph_decoder._0300_/A2        1.000000    1.011136   -0.011136 (VIOLATED)
max_cap3336/A                           1.000000    1.011136   -0.011136 (VIOLATED)
ANTENNA_i_soc.i_periph_decoder._0300__A2/DIODE    1.000000    1.011136   -0.011136 (VIOLATED)
ANTENNA_i_soc.i_periph_decoder._0339__B/DIODE    1.000000    1.011136   -0.011136 (VIOLATED)
ANTENNA_max_cap3336_A/DIODE             1.000000    1.011134   -0.011134 (VIOLATED)
i_soc.i_periph_decoder._0339_/B         1.000000    1.011134   -0.011134 (VIOLATED)
ANTENNA_i_soc.i_periph_decoder._0294__Y/DIODE    1.000000    1.011118   -0.011118 (VIOLATED)
i_soc.i_cpu.core_i.id_stage_i.register_file_i._7230_/A3    1.000000    1.011117   -0.011117 (VIOLATED)
ANTENNA_i_soc.i_cpu.core_i.id_stage_i.register_file_i._7230__A3/DIODE    1.000000    1.011116   -0.011116 (VIOLATED)
i_soc.i_periph_decoder._0294_/Y         1.000000    1.011115   -0.011115 (VIOLATED)
i_soc.i_cpu.core_i.ex_stage_i.alu_i._3373_/A    1.000000    1.011073   -0.011073 (VIOLATED)
ANTENNA_i_soc.i_ai_sram.u_sram.gen_bank[5].gen_512.u_macro_din0[26]/DIODE    1.000000    1.010822   -0.010822 (VIOLATED)
i_soc.i_cpu.core_i.id_stage_i.register_file_i._6465_/B1    1.000000    1.010805   -0.010805 (VIOLATED)
ANTENNA_i_soc.i_cpu.core_i.id_stage_i.register_file_i._6465__B1/DIODE    1.000000    1.010799   -0.010799 (VIOLATED)
i_soc.i_cpu.core_i.id_stage_i.register_file_i._7240_/A3    1.000000    1.010686   -0.010686 (VIOLATED)
ANTENNA_i_soc.i_cpu.core_i.id_stage_i.register_file_i._7240__A3/DIODE    1.000000    1.010681   -0.010681 (VIOLATED)
load_slew1682/A                         1.000000    1.010636   -0.010636 (VIOLATED)
ANTENNA_load_slew1682_A/DIODE           1.000000    1.010581   -0.010581 (VIOLATED)
i_soc.i_ai_accel.u_conv_out.gen_bank[0].gen_512.u_macro/din0[13]    1.000000    1.010489   -0.010489 (VIOLATED)
i_soc.i_cpu.core_i.id_stage_i.register_file_i._6453_/B1    1.000000    1.010484   -0.010484 (VIOLATED)
ANTENNA_i_soc.i_cpu.core_i.id_stage_i.register_file_i._6453__B1/DIODE    1.000000    1.010483   -0.010483 (VIOLATED)
ANTENNA_i_soc.i_cpu.core_i.id_stage_i.register_file_i._6443__B1/DIODE    1.000000    1.010465   -0.010465 (VIOLATED)
i_soc.i_cpu.core_i.id_stage_i.register_file_i._6443_/B1    1.000000    1.010454   -0.010454 (VIOLATED)
i_soc.i_ai_sram.u_sram.gen_bank[2].gen_512.u_macro/din0[11]    1.000000    1.010434   -0.010434 (VIOLATED)
i_soc.i_ai_sram.u_sram.gen_bank[5].gen_512.u_macro/din0[0]    1.000000    1.010427   -0.010427 (VIOLATED)
ANTENNA_i_soc.i_ai_sram.u_sram.gen_bank[2].gen_512.u_macro_din0[31]/DIODE    1.000000    1.010406   -0.010406 (VIOLATED)
ANTENNA_i_soc.i_cpu.core_i.id_stage_i.register_file_i._6457__B1/DIODE    1.000000    1.010390   -0.010390 (VIOLATED)
i_soc.i_cpu.core_i.id_stage_i.register_file_i._6457_/B1    1.000000    1.010368   -0.010368 (VIOLATED)
i_soc.i_cpu.core_i.id_stage_i.register_file_i._6463_/B1    1.000000    1.010324   -0.010324 (VIOLATED)
ANTENNA_i_soc.i_cpu.core_i.id_stage_i.register_file_i._6463__B1/DIODE    1.000000    1.010322   -0.010322 (VIOLATED)
i_soc.i_cpu.core_i.id_stage_i.register_file_i._6441_/B1    1.000000    1.010308   -0.010308 (VIOLATED)
ANTENNA_i_soc.i_cpu.core_i.id_stage_i.register_file_i._6441__B1/DIODE    1.000000    1.010294   -0.010294 (VIOLATED)
i_soc.i_cpu.core_i.id_stage_i.register_file_i._7227_/C    1.000000    1.010266   -0.010266 (VIOLATED)
ANTENNA_i_soc.i_cpu.core_i.id_stage_i.register_file_i._7227__C/DIODE    1.000000    1.010265   -0.010265 (VIOLATED)
ANTENNA_i_soc.i_cpu.core_i.id_stage_i.register_file_i._6451__B1/DIODE    1.000000    1.010221   -0.010221 (VIOLATED)
i_soc.i_cpu.core_i.id_stage_i.register_file_i._6451_/B1    1.000000    1.010142   -0.010142 (VIOLATED)
ANTENNA_i_soc.i_cpu.core_i.id_stage_i.register_file_i._7184__A3/DIODE    1.000000    1.010117   -0.010117 (VIOLATED)
i_soc.i_cpu.core_i.id_stage_i.register_file_i._6437_/B1    1.000000    1.010110   -0.010110 (VIOLATED)
ANTENNA_i_soc.i_cpu.core_i.id_stage_i.register_file_i._6437__B1/DIODE    1.000000    1.010105   -0.010105 (VIOLATED)
i_soc.i_cpu.core_i.id_stage_i.register_file_i._7184_/A3    1.000000    1.010092   -0.010092 (VIOLATED)
i_soc.i_cpu.core_i.id_stage_i.register_file_i._6455_/B1    1.000000    1.009984   -0.009984 (VIOLATED)
ANTENNA_i_soc.i_cpu.core_i.id_stage_i.register_file_i._6455__B1/DIODE    1.000000    1.009984   -0.009984 (VIOLATED)
ANTENNA_i_soc.i_cpu.core_i.id_stage_i.register_file_i._6449__B1/DIODE    1.000000    1.009851   -0.009851 (VIOLATED)
i_soc.i_cpu.core_i.id_stage_i.register_file_i._6461_/B1    1.000000    1.009819   -0.009819 (VIOLATED)
ANTENNA_i_soc.i_cpu.core_i.id_stage_i.register_file_i._6461__B1/DIODE    1.000000    1.009817   -0.009817 (VIOLATED)
i_soc.i_cpu.core_i.id_stage_i.register_file_i._6467_/B1    1.000000    1.009813   -0.009813 (VIOLATED)
i_soc.i_cpu.core_i.id_stage_i.register_file_i._6449_/B1    1.000000    1.009812   -0.009812 (VIOLATED)
ANTENNA_i_soc.i_cpu.core_i.id_stage_i.register_file_i._6467__B1/DIODE    1.000000    1.009811   -0.009811 (VIOLATED)
i_soc.i_cpu.core_i.ex_stage_i.alu_i._3297_/A    1.000000    1.009725   -0.009725 (VIOLATED)
ANTENNA_i_soc.i_cpu.core_i.ex_stage_i.alu_i._3297__A/DIODE    1.000000    1.009712   -0.009712 (VIOLATED)
i_soc.i_cpu.core_i.id_stage_i.register_file_i._6445_/B1    1.000000    1.009703   -0.009703 (VIOLATED)
ANTENNA_i_soc.i_cpu.core_i.id_stage_i.register_file_i._6445__B1/DIODE    1.000000    1.009699   -0.009699 (VIOLATED)
i_soc.i_cpu.core_i.id_stage_i.register_file_i._6459_/B1    1.000000    1.009607   -0.009607 (VIOLATED)
ANTENNA_i_soc.i_cpu.core_i.id_stage_i.register_file_i._6459__B1/DIODE    1.000000    1.009606   -0.009606 (VIOLATED)
ANTENNA_i_soc.i_cpu.core_i.ex_stage_i.alu_i._3763__A0/DIODE    1.000000    1.009580   -0.009580 (VIOLATED)
i_soc.i_cpu.core_i.ex_stage_i.alu_i._3763_/A0    1.000000    1.009523   -0.009523 (VIOLATED)
i_soc.i_cpu.core_i.id_stage_i.register_file_i._6447_/B1    1.000000    1.009506   -0.009506 (VIOLATED)
ANTENNA_i_soc.i_cpu.core_i.id_stage_i.register_file_i._6447__B1/DIODE    1.000000    1.009504   -0.009504 (VIOLATED)
ANTENNA_i_soc.i_cpu.core_i.id_stage_i.register_file_i._7196__A3/DIODE    1.000000    1.009423   -0.009423 (VIOLATED)
i_soc.i_cpu.core_i.id_stage_i.register_file_i._6435_/B1    1.000000    1.009409   -0.009409 (VIOLATED)
ANTENNA_i_soc.i_cpu.core_i.id_stage_i.register_file_i._6435__B1/DIODE    1.000000    1.009405   -0.009405 (VIOLATED)
ANTENNA_i_soc.i_cpu.core_i.ex_stage_i.alu_i._3762__A/DIODE    1.000000    1.009391   -0.009391 (VIOLATED)
i_soc.i_cpu.core_i.ex_stage_i.alu_i._3762_/A    1.000000    1.009357   -0.009357 (VIOLATED)
i_soc.i_cpu.core_i.id_stage_i.register_file_i._7196_/A3    1.000000    1.009330   -0.009330 (VIOLATED)
i_soc.i_cpu.core_i.load_store_unit_i._0939_/A    1.000000    1.009173   -0.009173 (VIOLATED)
ANTENNA_i_soc.i_cpu.core_i.load_store_unit_i._0939__A/DIODE    1.000000    1.009166   -0.009166 (VIOLATED)
i_soc.i_cpu.core_i.load_store_unit_i._0940_/A    1.000000    1.009157   -0.009157 (VIOLATED)
ANTENNA_i_soc.i_cpu.core_i.load_store_unit_i._0940__A/DIODE    1.000000    1.009155   -0.009155 (VIOLATED)
i_soc.i_ai_sram.u_sram.gen_bank[10].gen_512.u_macro/din0[20]    1.000000    1.009150   -0.009150 (VIOLATED)
ANTENNA_i_soc.i_cpu.core_i.id_stage_i.register_file_i._6434__X/DIODE    1.000000    1.009094   -0.009094 (VIOLATED)
i_soc.i_cpu.core_i.id_stage_i.register_file_i._6434_/X    1.000000    1.009079   -0.009079 (VIOLATED)
ANTENNA_i_soc.i_cpu.core_i.id_stage_i.register_file_i._7211__C/DIODE    1.000000    1.008977   -0.008977 (VIOLATED)
i_soc.i_cpu.core_i.id_stage_i.register_file_i._7211_/C    1.000000    1.008907   -0.008907 (VIOLATED)
ANTENNA_i_soc.i_cpu.core_i.id_stage_i.register_file_i._7205__C/DIODE    1.000000    1.008623   -0.008623 (VIOLATED)
i_soc.i_cpu.core_i.id_stage_i.register_file_i._7205_/C    1.000000    1.008580   -0.008580 (VIOLATED)
i_soc.i_cpu.core_i.ex_stage_i.alu_i._3495_/B2    1.000000    1.008561   -0.008561 (VIOLATED)
i_soc.i_ai_sram.u_sram._755_/B          1.000000    1.008559   -0.008559 (VIOLATED)
ANTENNA_i_soc.i_ai_sram.u_sram._755__B/DIODE    1.000000    1.008557   -0.008557 (VIOLATED)
max_cap2269/A                           1.000000    1.008479   -0.008479 (VIOLATED)
ANTENNA_max_cap2269_A/DIODE             1.000000    1.008474   -0.008474 (VIOLATED)
ANTENNA_i_soc.i_cpu.core_i.id_stage_i.register_file_i._7176__Y/DIODE    1.000000    1.008435   -0.008435 (VIOLATED)
i_soc.i_cpu.core_i.id_stage_i.register_file_i._7176_/Y    1.000000    1.008421   -0.008421 (VIOLATED)
ANTENNA_i_soc.i_cpu.core_i.ex_stage_i.alu_i._3495__B2/DIODE    1.000000    1.008349   -0.008349 (VIOLATED)
ANTENNA_i_soc.i_cpu.core_i.id_stage_i._3100__A1/DIODE    1.000000    1.008264   -0.008264 (VIOLATED)
i_soc.i_cpu.core_i.ex_stage_i.alu_i._6345_/A1    1.000000    1.008263   -0.008264 (VIOLATED)
ANTENNA_i_soc.i_cpu.core_i.ex_stage_i.alu_i._6345__A1/DIODE    1.000000    1.008263   -0.008263 (VIOLATED)
i_soc.i_cpu.core_i.ex_stage_i.alu_i._5852_/A0    1.000000    1.008261   -0.008261 (VIOLATED)
ANTENNA_i_soc.i_cpu.core_i.ex_stage_i.alu_i._5852__A0/DIODE    1.000000    1.008261   -0.008261 (VIOLATED)
i_soc.i_cpu.core_i.id_stage_i._3100_/A1    1.000000    1.008242   -0.008242 (VIOLATED)
ANTENNA_i_soc.i_ai_sram.u_sram._643__X/DIODE    1.000000    1.008238   -0.008238 (VIOLATED)
i_soc.i_ai_sram.u_sram._643_/X          1.000000    1.008233   -0.008233 (VIOLATED)
ANTENNA_i_soc.i_cpu.core_i.id_stage_i._3735__Q/DIODE    1.000000    1.008196   -0.008196 (VIOLATED)
i_soc.i_cpu.core_i.id_stage_i._3735_/Q    1.000000    1.008191   -0.008191 (VIOLATED)
i_soc.i_cpu.core_i.ex_stage_i.alu_i._3496_/A2    1.000000    1.008070   -0.008070 (VIOLATED)
ANTENNA_i_soc.i_cpu.core_i.ex_stage_i.alu_i._3496__A2/DIODE    1.000000    1.008038   -0.008038 (VIOLATED)
ANTENNA_i_soc.i_ai_sram.u_sram.gen_bank[6].gen_512.u_macro_din0[24]/DIODE    1.000000    1.007717   -0.007717 (VIOLATED)
i_soc.i_ai_sram.u_sram.gen_bank[10].gen_512.u_macro/din0[17]    1.000000    1.007707   -0.007707 (VIOLATED)
ANTENNA_i_soc.i_cpu.core_i.ex_stage_i.alu_i._5365__A/DIODE    1.000000    1.007646   -0.007646 (VIOLATED)
i_soc.i_cpu.core_i.ex_stage_i.alu_i._6456_/C1    1.000000    1.007622   -0.007622 (VIOLATED)
i_soc.i_cpu.core_i.ex_stage_i.alu_i._6332_/C1    1.000000    1.007621   -0.007621 (VIOLATED)
ANTENNA_i_soc.i_cpu.core_i.ex_stage_i.alu_i._6332__C1/DIODE    1.000000    1.007617   -0.007617 (VIOLATED)
i_soc.i_cpu.core_i.ex_stage_i.alu_i._5365_/A    1.000000    1.007613   -0.007613 (VIOLATED)
i_soc.i_cpu.core_i.ex_stage_i.alu_i._5646_/C1    1.000000    1.007610   -0.007610 (VIOLATED)
ANTENNA_i_soc.i_cpu.core_i.ex_stage_i.alu_i._5646__C1/DIODE    1.000000    1.007608   -0.007608 (VIOLATED)
i_soc.i_cpu.core_i.ex_stage_i.alu_i._5811_/C1    1.000000    1.007604   -0.007604 (VIOLATED)
i_soc.i_cpu.core_i.ex_stage_i.alu_i._5560_/C1    1.000000    1.007601   -0.007601 (VIOLATED)
ANTENNA_i_soc.i_cpu.core_i.ex_stage_i.alu_i._5811__C1/DIODE    1.000000    1.007591   -0.007591 (VIOLATED)
ANTENNA_i_soc.i_cpu.core_i.ex_stage_i.alu_i._5560__C1/DIODE    1.000000    1.007583   -0.007583 (VIOLATED)
ANTENNA_i_soc.i_cpu.core_i.ex_stage_i.alu_i._6456__C1/DIODE    1.000000    1.007580   -0.007580 (VIOLATED)
i_soc.i_cpu.core_i.ex_stage_i.alu_i._6428_/A1    1.000000    1.007578   -0.007577 (VIOLATED)
ANTENNA_i_soc.i_cpu.core_i.ex_stage_i.alu_i._6428__A1/DIODE    1.000000    1.007575   -0.007575 (VIOLATED)
i_soc.i_cpu.core_i.ex_stage_i.alu_i._5729_/A1    1.000000    1.007560   -0.007560 (VIOLATED)
ANTENNA_i_soc.i_cpu.core_i.ex_stage_i.alu_i._5729__A1/DIODE    1.000000    1.007542   -0.007542 (VIOLATED)
i_soc.i_cpu.core_i.ex_stage_i.alu_i._6489_/C1    1.000000    1.007518   -0.007518 (VIOLATED)
ANTENNA_i_soc.i_cpu.core_i.ex_stage_i.alu_i._6489__C1/DIODE    1.000000    1.007517   -0.007517 (VIOLATED)
i_soc.i_cpu.core_i.ex_stage_i.alu_i._5771_/A1    1.000000    1.007499   -0.007498 (VIOLATED)
ANTENNA_i_soc.i_cpu.core_i.ex_stage_i.alu_i._5771__A1/DIODE    1.000000    1.007498   -0.007498 (VIOLATED)
i_soc.i_cpu.core_i.ex_stage_i.alu_i._5664_/A0    1.000000    1.007485   -0.007485 (VIOLATED)
ANTENNA_i_soc.i_cpu.core_i.ex_stage_i.alu_i._5664__A0/DIODE    1.000000    1.007485   -0.007485 (VIOLATED)
i_soc.i_cpu.core_i.ex_stage_i.alu_i._5974_/B2    1.000000    1.007435   -0.007435 (VIOLATED)
ANTENNA_i_soc.i_cpu.core_i.ex_stage_i.alu_i._5974__B2/DIODE    1.000000    1.007434   -0.007434 (VIOLATED)
i_soc.i_cpu.core_i.ex_stage_i.alu_i._6374_/C1    1.000000    1.007433   -0.007433 (VIOLATED)
ANTENNA_i_soc.i_cpu.core_i.ex_stage_i.alu_i._6374__C1/DIODE    1.000000    1.007432   -0.007432 (VIOLATED)
i_soc.i_cpu.core_i.ex_stage_i.alu_i._5354_/C1    1.000000    1.007427   -0.007427 (VIOLATED)
ANTENNA_i_soc.i_cpu.core_i.ex_stage_i.alu_i._5972__C1/DIODE    1.000000    1.007402   -0.007402 (VIOLATED)
i_soc.i_cpu.core_i.ex_stage_i.alu_i._5972_/C1    1.000000    1.007401   -0.007401 (VIOLATED)
i_soc.i_ai_accel.u_conv_out.gen_bank[0].gen_512.u_macro/din0[21]    1.000000    1.007371   -0.007371 (VIOLATED)
ANTENNA_i_soc.i_cpu.core_i.ex_stage_i.alu_i._5354__C1/DIODE    1.000000    1.007364   -0.007364 (VIOLATED)
ANTENNA_i_soc.i_ai_sram.u_sram.gen_bank[2].gen_512.u_macro_din0[20]/DIODE    1.000000    1.007334   -0.007334 (VIOLATED)
ANTENNA_max_cap2483_A/DIODE             1.000000    1.007297   -0.007297 (VIOLATED)
i_soc.i_cpu.core_i.ex_stage_i.alu_i._6245_/C1    1.000000    1.007281   -0.007281 (VIOLATED)
ANTENNA_i_soc.i_cpu.core_i.ex_stage_i.alu_i._6245__C1/DIODE    1.000000    1.007279   -0.007279 (VIOLATED)
max_cap2483/A                           1.000000    1.007279   -0.007279 (VIOLATED)
ANTENNA_i_soc.i_cpu.core_i.ex_stage_i.alu_i._5905__C1/DIODE    1.000000    1.007273   -0.007273 (VIOLATED)
i_soc.i_cpu.core_i.ex_stage_i.alu_i._5905_/C1    1.000000    1.007268   -0.007268 (VIOLATED)
i_soc.i_cpu.core_i.ex_stage_i.alu_i._6124_/B2    1.000000    1.007262   -0.007262 (VIOLATED)
ANTENNA_i_soc.i_cpu.core_i.ex_stage_i.alu_i._6124__B2/DIODE    1.000000    1.007261   -0.007261 (VIOLATED)
i_soc.i_cpu.core_i.ex_stage_i.alu_i._5899_/B2    1.000000    1.007239   -0.007239 (VIOLATED)
ANTENNA_i_soc.i_cpu.core_i.ex_stage_i.alu_i._5899__B2/DIODE    1.000000    1.007238   -0.007238 (VIOLATED)
ANTENNA_fanout2482_X/DIODE              1.000000    1.007227   -0.007227 (VIOLATED)
fanout2482/X                            1.000000    1.007220   -0.007220 (VIOLATED)
ANTENNA_i_soc.i_cpu.core_i.load_store_unit_i._0899__A/DIODE    1.000000    1.006896   -0.006896 (VIOLATED)
i_soc.i_cpu.core_i.load_store_unit_i._0899_/A    1.000000    1.006896   -0.006896 (VIOLATED)
ANTENNA_i_soc.i_cpu.core_i.load_store_unit_i._0898__A/DIODE    1.000000    1.006896   -0.006896 (VIOLATED)
i_soc.i_cpu.core_i.load_store_unit_i._0898_/A    1.000000    1.006889   -0.006889 (VIOLATED)
i_soc.i_crossbar._0242_/A0              1.000000    1.006889   -0.006889 (VIOLATED)
ANTENNA_i_soc.i_crossbar._0242__A0/DIODE    1.000000    1.006885   -0.006885 (VIOLATED)
i_soc.i_periph_decoder._0726_/A         1.000000    1.006591   -0.006591 (VIOLATED)
ANTENNA_i_soc.i_periph_decoder._0726__A/DIODE    1.000000    1.006585   -0.006585 (VIOLATED)
i_soc.i_cpu.core_i.ex_stage_i.alu_i.alu_div_i._1201_/A0    1.000000    1.006415   -0.006415 (VIOLATED)
ANTENNA_i_soc.i_cpu.core_i.ex_stage_i.alu_i.alu_div_i._1201__A0/DIODE    1.000000    1.006407   -0.006407 (VIOLATED)
i_soc.i_periph_decoder._1226_/A         1.000000    1.006387   -0.006387 (VIOLATED)
ANTENNA_i_soc.i_periph_decoder._1226__A/DIODE    1.000000    1.006382   -0.006382 (VIOLATED)
ANTENNA_i_soc.i_data_sram._50__D/DIODE    1.000000    1.006243   -0.006243 (VIOLATED)
i_soc.i_data_sram._50_/D                1.000000    1.006240   -0.006240 (VIOLATED)
i_soc.i_ai_sram.u_sram._454_/A2         1.000000    1.006222   -0.006222 (VIOLATED)
ANTENNA_i_soc.i_ai_sram.u_sram._454__A2/DIODE    1.000000    1.006201   -0.006201 (VIOLATED)
i_soc.i_periph_decoder._1026_/A         1.000000    1.006191   -0.006191 (VIOLATED)
ANTENNA_i_soc.i_periph_decoder._1026__A/DIODE    1.000000    1.006186   -0.006186 (VIOLATED)
i_soc.i_periph_decoder._1216_/A         1.000000    1.006003   -0.006004 (VIOLATED)
ANTENNA_i_soc.i_periph_decoder._1216__A/DIODE    1.000000    1.006002   -0.006002 (VIOLATED)
ANTENNA_i_soc.i_periph_decoder._0716__A/DIODE    1.000000    1.005855   -0.005855 (VIOLATED)
i_soc.i_periph_decoder._0716_/A         1.000000    1.005829   -0.005829 (VIOLATED)
i_soc.i_cpu.core_i.ex_stage_i.alu_i._4628_/A1    1.000000    1.005685   -0.005685 (VIOLATED)
ANTENNA_i_soc.i_cpu.core_i.ex_stage_i.alu_i._4628__A1/DIODE    1.000000    1.005673   -0.005673 (VIOLATED)
i_soc.i_cpu.core_i.ex_stage_i.alu_i._3553_/A1    1.000000    1.005592   -0.005592 (VIOLATED)
ANTENNA_i_soc.i_cpu.core_i.ex_stage_i.alu_i._3553__A1/DIODE    1.000000    1.005467   -0.005467 (VIOLATED)
i_soc.i_cpu.core_i.load_store_unit_i._0809_/A0    1.000000    1.005380   -0.005380 (VIOLATED)
ANTENNA_i_soc.i_cpu.core_i.load_store_unit_i._0809__A0/DIODE    1.000000    1.005379   -0.005379 (VIOLATED)
i_soc.i_cpu.core_i.load_store_unit_i._0803_/B    1.000000    1.005375   -0.005375 (VIOLATED)
i_soc.i_cpu.core_i.id_stage_i._3474_/A2    1.000000    1.005357   -0.005357 (VIOLATED)
ANTENNA_i_soc.i_cpu.core_i.id_stage_i._3474__A2/DIODE    1.000000    1.005350   -0.005349 (VIOLATED)
ANTENNA_i_soc.i_cpu.core_i.load_store_unit_i._0803__B/DIODE    1.000000    1.005348   -0.005348 (VIOLATED)
i_soc.i_cpu.core_i.id_stage_i._2554_/B2    1.000000    1.005338   -0.005338 (VIOLATED)
i_soc.i_cpu.core_i.id_stage_i._2417_/A    1.000000    1.005337   -0.005337 (VIOLATED)
ANTENNA_i_soc.i_cpu.core_i.id_stage_i._2554__B2/DIODE    1.000000    1.005335   -0.005335 (VIOLATED)
i_soc.i_cpu.core_i.id_stage_i._2418_/A    1.000000    1.005333   -0.005333 (VIOLATED)
ANTENNA_i_soc.i_cpu.core_i.id_stage_i._2417__A/DIODE    1.000000    1.005332   -0.005332 (VIOLATED)
i_soc.i_cpu.core_i.id_stage_i._2398_/A    1.000000    1.005332   -0.005332 (VIOLATED)
ANTENNA_i_soc.i_cpu.core_i.id_stage_i._2418__A/DIODE    1.000000    1.005329   -0.005329 (VIOLATED)
ANTENNA_i_soc.i_cpu.core_i.id_stage_i._2398__A/DIODE    1.000000    1.005329   -0.005329 (VIOLATED)
i_soc.i_cpu.core_i.id_stage_i._2397_/A    1.000000    1.005327   -0.005327 (VIOLATED)
ANTENNA_i_soc.i_cpu.core_i.id_stage_i._2397__A/DIODE    1.000000    1.005326   -0.005326 (VIOLATED)
i_soc.i_cpu.core_i.load_store_unit_i._0801_/B    1.000000    1.005325   -0.005325 (VIOLATED)
ANTENNA_i_soc.i_data_sram._56__Q/DIODE    1.000000    1.005315   -0.005315 (VIOLATED)
i_soc.i_data_sram._56_/Q                1.000000    1.005309   -0.005309 (VIOLATED)
ANTENNA_i_soc.i_cpu.core_i.load_store_unit_i._0801__B/DIODE    1.000000    1.005309   -0.005309 (VIOLATED)
i_soc.i_cpu.core_i.id_stage_i._2481_/A0    1.000000    1.005274   -0.005274 (VIOLATED)
ANTENNA_i_soc.i_cpu.core_i.id_stage_i._2481__A0/DIODE    1.000000    1.005263   -0.005263 (VIOLATED)
i_soc.i_cpu.core_i.id_stage_i.decoder_i._375_/B    1.000000    1.005240   -0.005240 (VIOLATED)
i_soc.i_cpu.core_i.load_store_unit_i._0802_/B    1.000000    1.005235   -0.005235 (VIOLATED)
i_soc.i_cpu.core_i.id_stage_i._1948_/A1    1.000000    1.005230   -0.005230 (VIOLATED)
ANTENNA_i_soc.i_cpu.core_i.id_stage_i.decoder_i._375__B/DIODE    1.000000    1.005230   -0.005230 (VIOLATED)
ANTENNA_i_soc.i_cpu.core_i.id_stage_i._1948__A1/DIODE    1.000000    1.005229   -0.005229 (VIOLATED)
i_soc.i_periph_decoder._0926_/A         1.000000    1.005209   -0.005209 (VIOLATED)
ANTENNA_i_soc.i_periph_decoder._0926__A/DIODE    1.000000    1.005206   -0.005206 (VIOLATED)
ANTENNA_i_soc.i_cpu.core_i.load_store_unit_i._0802__B/DIODE    1.000000    1.005168   -0.005168 (VIOLATED)
wire3484/A                              1.000000    1.005124   -0.005124 (VIOLATED)
ANTENNA_wire3484_A/DIODE                1.000000    1.005124   -0.005124 (VIOLATED)
ANTENNA_fanout3481_X/DIODE              1.000000    1.005120   -0.005120 (VIOLATED)
ANTENNA_i_soc.i_cpu.core_i.if_stage_i._799__A0/DIODE    1.000000    1.005119   -0.005119 (VIOLATED)
fanout3481/X                            1.000000    1.005119   -0.005119 (VIOLATED)
i_soc.i_cpu.core_i.if_stage_i._799_/A0    1.000000    1.005119   -0.005119 (VIOLATED)
load_slew1369/A                         1.000000    1.004910   -0.004910 (VIOLATED)
ANTENNA_load_slew1361_A/DIODE           1.000000    1.004878   -0.004878 (VIOLATED)
ANTENNA_load_slew1369_A/DIODE           1.000000    1.004852   -0.004852 (VIOLATED)
ANTENNA_i_soc.i_periph_decoder._1016__A/DIODE    1.000000    1.004745   -0.004745 (VIOLATED)
i_soc.i_periph_decoder._1016_/A         1.000000    1.004743   -0.004743 (VIOLATED)
i_soc.i_cpu.core_i.ex_stage_i.alu_i.popcnt_i._137_/A    1.000000    1.004715   -0.004715 (VIOLATED)
load_slew1361/A                         1.000000    1.004679   -0.004679 (VIOLATED)
ANTENNA_i_soc.i_cpu.core_i.ex_stage_i.alu_i.popcnt_i._137__A/DIODE    1.000000    1.004637   -0.004637 (VIOLATED)
ANTENNA_i_soc.i_ai_sram.u_sram.gen_bank[0].gen_512.u_macro_din0[14]/DIODE    1.000000    1.004613   -0.004613 (VIOLATED)
i_soc.i_periph_decoder._0826_/A         1.000000    1.004576   -0.004576 (VIOLATED)
ANTENNA_i_soc.i_periph_decoder._0826__A/DIODE    1.000000    1.004573   -0.004573 (VIOLATED)
load_slew997/A                          1.000000    1.004521   -0.004521 (VIOLATED)
ANTENNA_load_slew997_A/DIODE            1.000000    1.004437   -0.004437 (VIOLATED)
ANTENNA_i_soc.i_cpu.core_i.id_stage_i._2487__B1_N/DIODE    1.000000    1.004404   -0.004404 (VIOLATED)
i_soc.i_cpu.core_i.id_stage_i._2487_/B1_N    1.000000    1.004382   -0.004382 (VIOLATED)
ANTENNA_i_soc.i_cpu.core_i.id_stage_i._2488__B1_N/DIODE    1.000000    1.004194   -0.004194 (VIOLATED)
i_soc.i_cpu.core_i.load_store_unit_i._0843_/B    1.000000    1.004183   -0.004183 (VIOLATED)
i_soc.i_cpu.core_i.load_store_unit_i._0855_/A2    1.000000    1.004179   -0.004179 (VIOLATED)
ANTENNA_i_soc.i_cpu.core_i.load_store_unit_i._0855__A2/DIODE    1.000000    1.004171   -0.004171 (VIOLATED)
ANTENNA_i_soc.i_cpu.core_i.load_store_unit_i._0843__B/DIODE    1.000000    1.004171   -0.004171 (VIOLATED)
i_soc.i_cpu.core_i.load_store_unit_i._0845_/B    1.000000    1.004143   -0.004143 (VIOLATED)
ANTENNA_i_soc.i_cpu.core_i.load_store_unit_i._0845__B/DIODE    1.000000    1.004105   -0.004105 (VIOLATED)
i_soc.i_cpu.core_i.id_stage_i._2488_/B1_N    1.000000    1.004060   -0.004060 (VIOLATED)
i_soc.i_periph_decoder._0626_/A         1.000000    1.004059   -0.004059 (VIOLATED)
i_soc.i_cpu.core_i.ex_stage_i.alu_i._5760_/B2    1.000000    1.004055   -0.004055 (VIOLATED)
ANTENNA_i_soc.i_cpu.core_i.ex_stage_i.alu_i._5760__B2/DIODE    1.000000    1.004044   -0.004044 (VIOLATED)
ANTENNA_i_soc.i_periph_decoder._0626__A/DIODE    1.000000    1.004006   -0.004006 (VIOLATED)
ANTENNA_i_soc.i_cpu.core_i.id_stage_i.register_file_i._4829__A/DIODE    1.000000    1.003832   -0.003832 (VIOLATED)
i_soc.i_cpu.core_i.id_stage_i.register_file_i._4829_/A    1.000000    1.003832   -0.003832 (VIOLATED)
i_soc.i_cpu.core_i.id_stage_i.register_file_i._5279_/A    1.000000    1.003831   -0.003831 (VIOLATED)
ANTENNA_i_soc.i_cpu.core_i.id_stage_i.register_file_i._5279__A/DIODE    1.000000    1.003831   -0.003831 (VIOLATED)
i_soc.i_cpu.core_i.id_stage_i.register_file_i._5226_/A1    1.000000    1.003818   -0.003818 (VIOLATED)
ANTENNA_i_soc.i_cpu.core_i.id_stage_i.register_file_i._5226__A1/DIODE    1.000000    1.003815   -0.003815 (VIOLATED)
ANTENNA_i_soc.i_cpu.core_i.id_stage_i._2493__A2/DIODE    1.000000    1.003800   -0.003800 (VIOLATED)
ANTENNA_i_soc.i_cpu.core_i.ex_stage_i.alu_i._3801__A1/DIODE    1.000000    1.003784   -0.003784 (VIOLATED)
i_soc.i_cpu.core_i.id_stage_i.register_file_i._5062_/A    1.000000    1.003765   -0.003765 (VIOLATED)
ANTENNA_i_soc.i_cpu.core_i.id_stage_i.register_file_i._5062__A/DIODE    1.000000    1.003763   -0.003763 (VIOLATED)
i_soc.i_cpu.core_i.id_stage_i.register_file_i._5117_/A    1.000000    1.003751   -0.003751 (VIOLATED)
ANTENNA_i_soc.i_cpu.core_i.id_stage_i.register_file_i._5117__A/DIODE    1.000000    1.003751   -0.003751 (VIOLATED)
i_soc.i_cpu.core_i.ex_stage_i.alu_i._3801_/A1    1.000000    1.003737   -0.003737 (VIOLATED)
i_soc.i_periph_decoder._1126_/A         1.000000    1.003720   -0.003720 (VIOLATED)
i_soc.i_cpu.core_i.id_stage_i._2493_/A2    1.000000    1.003709   -0.003709 (VIOLATED)
ANTENNA_i_soc.i_cpu.core_i.ex_stage_i.alu_i._3424__B/DIODE    1.000000    1.003709   -0.003709 (VIOLATED)
ANTENNA_i_soc.i_cpu.core_i.ex_stage_i.alu_i._4413__B1/DIODE    1.000000    1.003689   -0.003689 (VIOLATED)
i_soc.i_cpu.core_i.id_stage_i.register_file_i._5068_/A1    1.000000    1.003685   -0.003684 (VIOLATED)
i_soc.i_cpu.core_i.ex_stage_i.alu_i._4413_/B1    1.000000    1.003682   -0.003681 (VIOLATED)
ANTENNA_i_soc.i_cpu.core_i.id_stage_i.register_file_i._5068__A1/DIODE    1.000000    1.003681   -0.003681 (VIOLATED)
ANTENNA_i_soc.i_periph_decoder._1126__A/DIODE    1.000000    1.003673   -0.003673 (VIOLATED)
i_soc.i_cpu.core_i.id_stage_i.register_file_i._5228_/A    1.000000    1.003655   -0.003655 (VIOLATED)
ANTENNA_i_soc.i_cpu.core_i.id_stage_i.register_file_i._5228__A/DIODE    1.000000    1.003654   -0.003654 (VIOLATED)
i_soc.i_ai_sram.u_sram.gen_bank[6].gen_512.u_macro/din0[10]    1.000000    1.003592   -0.003592 (VIOLATED)
wire3007/A                              1.000000    1.003545   -0.003545 (VIOLATED)
ANTENNA_wire3007_A/DIODE                1.000000    1.003545   -0.003545 (VIOLATED)
ANTENNA_i_soc.i_cpu.core_i.id_stage_i.register_file_i._5120__A/DIODE    1.000000    1.003544   -0.003544 (VIOLATED)
i_soc.i_cpu.core_i.id_stage_i.register_file_i._5120_/A    1.000000    1.003544   -0.003544 (VIOLATED)
i_soc.i_cpu.core_i.id_stage_i.register_file_i._4832_/A    1.000000    1.003477   -0.003477 (VIOLATED)
ANTENNA_fanout3005_X/DIODE              1.000000    1.003477   -0.003476 (VIOLATED)
ANTENNA_i_soc.i_cpu.core_i.id_stage_i.register_file_i._4832__A/DIODE    1.000000    1.003476   -0.003476 (VIOLATED)
fanout3005/X                            1.000000    1.003475   -0.003475 (VIOLATED)
i_soc.i_cpu.core_i.ex_stage_i.alu_i._6621_/A    1.000000    1.003373   -0.003373 (VIOLATED)
ANTENNA_i_soc.i_cpu.core_i.ex_stage_i.alu_i._6621__A/DIODE    1.000000    1.003366   -0.003366 (VIOLATED)
i_soc.i_cpu.core_i.ex_stage_i.alu_i._6622_/B2    1.000000    1.003363   -0.003363 (VIOLATED)
ANTENNA_i_soc.i_axi_lite_bridge._085__X/DIODE    1.000000    1.003353   -0.003353 (VIOLATED)
ANTENNA_i_soc.i_cpu.core_i.ex_stage_i.alu_i._3697__A0/DIODE    1.000000    1.003347   -0.003347 (VIOLATED)
ANTENNA_i_soc.i_cpu.core_i.ex_stage_i.alu_i._6622__B2/DIODE    1.000000    1.003346   -0.003346 (VIOLATED)
i_soc.i_axi_lite_bridge._085_/X         1.000000    1.003329   -0.003329 (VIOLATED)
i_soc.i_cpu.core_i.id_stage_i._3357_/B1    1.000000    1.003296   -0.003296 (VIOLATED)
ANTENNA_i_soc.i_cpu.core_i.id_stage_i._3357__B1/DIODE    1.000000    1.003291   -0.003291 (VIOLATED)
i_soc.i_cpu.core_i.ex_stage_i.alu_i._3697_/A0    1.000000    1.003210   -0.003210 (VIOLATED)
i_soc.i_cpu.core_i.ex_stage_i.alu_i.popcnt_i._160_/A    1.000000    1.003205   -0.003205 (VIOLATED)
i_soc.i_cpu.core_i.ex_stage_i.alu_i._3281_/A    1.000000    1.003179   -0.003179 (VIOLATED)
ANTENNA_i_soc.i_cpu.core_i.ex_stage_i.alu_i.popcnt_i._160__A/DIODE    1.000000    1.003176   -0.003176 (VIOLATED)
i_soc.i_cpu.core_i.ex_stage_i.alu_i.popcnt_i._161_/A    1.000000    1.003163   -0.003162 (VIOLATED)
ANTENNA_i_soc.i_cpu.core_i.ex_stage_i.alu_i.popcnt_i._161__A/DIODE    1.000000    1.003139   -0.003138 (VIOLATED)
i_soc.i_cpu.core_i.ex_stage_i.alu_i._3424_/B    1.000000    1.003102   -0.003102 (VIOLATED)
i_soc.i_cpu.core_i.ex_stage_i.alu_i._3661_/A1    1.000000    1.002946   -0.002946 (VIOLATED)
ANTENNA_i_soc.i_cpu.core_i.ex_stage_i.alu_i._3281__A/DIODE    1.000000    1.002920   -0.002920 (VIOLATED)
i_soc.i_cpu.core_i.id_stage_i._3360_/A2    1.000000    1.002826   -0.002826 (VIOLATED)
ANTENNA_i_soc.i_cpu.core_i.ex_stage_i.alu_i._3661__A1/DIODE    1.000000    1.002797   -0.002797 (VIOLATED)
i_soc.i_cpu.core_i.ex_stage_i.alu_i._6584_/A1    1.000000    1.002728   -0.002728 (VIOLATED)
ANTENNA_i_soc.i_cpu.core_i.id_stage_i._3360__A2/DIODE    1.000000    1.002686   -0.002686 (VIOLATED)
ANTENNA_i_soc.i_ai_sram.u_sram.gen_bank[2].gen_512.u_macro_din0[7]/DIODE    1.000000    1.002665   -0.002665 (VIOLATED)
ANTENNA_i_soc.i_cpu.core_i.ex_stage_i.alu_i._6584__A1/DIODE    1.000000    1.002511   -0.002511 (VIOLATED)
i_soc.i_cpu.core_i.id_stage_i.register_file_i._6040_/A2    1.000000    1.002441   -0.002441 (VIOLATED)
ANTENNA_i_soc.i_cpu.core_i.id_stage_i.register_file_i._6040__A2/DIODE    1.000000    1.002439   -0.002439 (VIOLATED)
i_soc.i_cpu.core_i.id_stage_i.register_file_i._6019_/B    1.000000    1.002435   -0.002435 (VIOLATED)
i_soc.i_cpu.core_i.id_stage_i._3673_/A2    1.000000    1.002433   -0.002433 (VIOLATED)
ANTENNA_i_soc.i_cpu.core_i.id_stage_i._3673__A2/DIODE    1.000000    1.002431   -0.002431 (VIOLATED)
ANTENNA_i_soc.i_cpu.core_i.id_stage_i.register_file_i._6019__B/DIODE    1.000000    1.002428   -0.002428 (VIOLATED)
i_soc.i_cpu.core_i.id_stage_i._3302_/A2    1.000000    1.002418   -0.002418 (VIOLATED)
ANTENNA_i_soc.i_cpu.core_i.id_stage_i.register_file_i._6038__A2/DIODE    1.000000    1.002413   -0.002413 (VIOLATED)
i_soc.i_cpu.core_i.id_stage_i.register_file_i._6038_/A2    1.000000    1.002410   -0.002410 (VIOLATED)
i_soc.i_cpu.core_i.id_stage_i.register_file_i._6029_/A2    1.000000    1.002402   -0.002402 (VIOLATED)
ANTENNA_i_soc.i_cpu.core_i.id_stage_i.register_file_i._6029__A2/DIODE    1.000000    1.002391   -0.002391 (VIOLATED)
i_soc.i_cpu.core_i.id_stage_i.register_file_i._6023_/A2    1.000000    1.002369   -0.002369 (VIOLATED)
i_soc.i_cpu.core_i.id_stage_i.register_file_i._6034_/A2    1.000000    1.002367   -0.002367 (VIOLATED)
ANTENNA_i_soc.i_cpu.core_i.id_stage_i.register_file_i._6023__A2/DIODE    1.000000    1.002366   -0.002366 (VIOLATED)
ANTENNA_i_soc.i_cpu.core_i.id_stage_i.register_file_i._6034__A2/DIODE    1.000000    1.002365   -0.002365 (VIOLATED)
ANTENNA_i_soc.i_cpu.core_i.id_stage_i._3302__A2/DIODE    1.000000    1.002360   -0.002360 (VIOLATED)
i_soc.i_cpu.core_i.ex_stage_i.alu_i._6185_/A0    1.000000    1.002326   -0.002326 (VIOLATED)
i_soc.i_cpu.core_i.id_stage_i.register_file_i._6049_/A2    1.000000    1.002315   -0.002315 (VIOLATED)
ANTENNA_i_soc.i_cpu.core_i.id_stage_i.register_file_i._6049__A2/DIODE    1.000000    1.002297   -0.002297 (VIOLATED)
i_soc.i_cpu.core_i.id_stage_i._3406_/A1    1.000000    1.002267   -0.002267 (VIOLATED)
ANTENNA_i_soc.i_cpu.core_i.id_stage_i._3406__A1/DIODE    1.000000    1.002265   -0.002265 (VIOLATED)
ANTENNA_i_soc.i_cpu.core_i.id_stage_i.register_file_i._6043__A2/DIODE    1.000000    1.002247   -0.002247 (VIOLATED)
i_soc.i_cpu.core_i.id_stage_i.register_file_i._6043_/A2    1.000000    1.002246   -0.002246 (VIOLATED)
ANTENNA_i_soc.i_cpu.core_i.id_stage_i.register_file_i._6026__A2/DIODE    1.000000    1.002197   -0.002197 (VIOLATED)
i_soc.i_cpu.core_i.id_stage_i.register_file_i._6026_/A2    1.000000    1.002195   -0.002195 (VIOLATED)
i_soc.i_cpu.core_i.id_stage_i.register_file_i._6033_/A2    1.000000    1.002179   -0.002179 (VIOLATED)
ANTENNA_i_soc.i_cpu.core_i.ex_stage_i.alu_i._6185__A0/DIODE    1.000000    1.002179   -0.002179 (VIOLATED)
ANTENNA_i_soc.i_cpu.core_i.id_stage_i.register_file_i._6033__A2/DIODE    1.000000    1.002177   -0.002177 (VIOLATED)
i_soc.i_cpu.core_i.id_stage_i.register_file_i._6020_/A2    1.000000    1.002101   -0.002101 (VIOLATED)
ANTENNA_i_soc.i_cpu.core_i.id_stage_i.register_file_i._6020__A2/DIODE    1.000000    1.002100   -0.002100 (VIOLATED)
load_slew2466/A                         1.000000    1.002100   -0.002100 (VIOLATED)
ANTENNA_load_slew2466_A/DIODE           1.000000    1.002099   -0.002099 (VIOLATED)
ANTENNA_fanout2464_X/DIODE              1.000000    1.002098   -0.002098 (VIOLATED)
i_soc.i_cpu.core_i.id_stage_i.register_file_i._6031_/A2    1.000000    1.002098   -0.002098 (VIOLATED)
ANTENNA_i_soc.i_cpu.core_i.id_stage_i.register_file_i._6031__A2/DIODE    1.000000    1.002098   -0.002098 (VIOLATED)
fanout2464/X                            1.000000    1.002094   -0.002094 (VIOLATED)
i_soc.i_cpu.core_i.ex_stage_i.alu_i._6610_/B2    1.000000    1.002084   -0.002084 (VIOLATED)
i_soc.i_cpu.core_i.ex_stage_i.alu_i._6188_/A    1.000000    1.001953   -0.001953 (VIOLATED)
ANTENNA_i_soc.i_cpu.core_i.ex_stage_i.alu_i._6188__A/DIODE    1.000000    1.001949   -0.001949 (VIOLATED)
i_soc.i_ai_accel.u_conv_out.gen_bank[0].gen_512.u_macro/din0[29]    1.000000    1.001867   -0.001867 (VIOLATED)
i_soc.i_cpu.core_i.ex_stage_i.alu_i._6609_/A    1.000000    1.001861   -0.001861 (VIOLATED)
ANTENNA_i_soc.i_cpu.core_i.ex_stage_i.alu_i._6610__B2/DIODE    1.000000    1.001860   -0.001860 (VIOLATED)
ANTENNA_i_soc.i_cpu.core_i.ex_stage_i.alu_i._6609__A/DIODE    1.000000    1.001774   -0.001774 (VIOLATED)
ANTENNA_i_soc.i_cpu.core_i.id_stage_i._2486__Y/DIODE    1.000000    1.001734   -0.001735 (VIOLATED)
ANTENNA_i_soc.i_ai_sram.u_sram.gen_bank[6].gen_512.u_macro_din0[29]/DIODE    1.000000    1.001731   -0.001731 (VIOLATED)
i_soc.i_cpu.core_i.id_stage_i._3355_/B1    1.000000    1.001720   -0.001720 (VIOLATED)
ANTENNA_i_soc.i_cpu.core_i.id_stage_i._3355__B1/DIODE    1.000000    1.001720   -0.001720 (VIOLATED)
i_soc.i_cpu.core_i.id_stage_i._3354_/B1    1.000000    1.001720   -0.001720 (VIOLATED)
ANTENNA_i_soc.i_cpu.core_i.id_stage_i._3352__B1/DIODE    1.000000    1.001719   -0.001719 (VIOLATED)
ANTENNA_i_soc.i_cpu.core_i.id_stage_i._3354__B1/DIODE    1.000000    1.001719   -0.001719 (VIOLATED)
i_soc.i_cpu.core_i.id_stage_i._2486_/Y    1.000000    1.001719   -0.001719 (VIOLATED)
i_soc.i_cpu.core_i.id_stage_i._3352_/B1    1.000000    1.001719   -0.001719 (VIOLATED)
max_cap3844/A                           1.000000    1.001710   -0.001710 (VIOLATED)
i_soc.i_periph_decoder._0916_/A         1.000000    1.001660   -0.001660 (VIOLATED)
ANTENNA_i_soc.i_periph_decoder._0916__A/DIODE    1.000000    1.001657   -0.001657 (VIOLATED)
ANTENNA_max_cap3844_A/DIODE             1.000000    1.001583   -0.001584 (VIOLATED)
i_soc.i_cpu.core_i.ex_stage_i.alu_i._6191_/A1    1.000000    1.001568   -0.001568 (VIOLATED)
ANTENNA_i_soc.i_cpu.core_i.ex_stage_i.alu_i._6191__A1/DIODE    1.000000    1.001568   -0.001568 (VIOLATED)
i_soc.i_ai_sram.u_sram.gen_bank[7].gen_512.u_macro/din0[7]    1.000000    1.001527   -0.001527 (VIOLATED)
i_soc.i_cpu.core_i.ex_stage_i.alu_i._6192_/A1    1.000000    1.001521   -0.001521 (VIOLATED)
i_soc.i_cpu.core_i.id_stage_i._3516_/A1    1.000000    1.001495   -0.001495 (VIOLATED)
ANTENNA_i_soc.i_cpu.core_i.ex_stage_i.alu_i._6192__A1/DIODE    1.000000    1.001489   -0.001489 (VIOLATED)
ANTENNA_i_soc.i_cpu.core_i.id_stage_i._3516__A1/DIODE    1.000000    1.001479   -0.001479 (VIOLATED)
ANTENNA_i_soc.i_cpu.core_i.id_stage_i._2913__B1/DIODE    1.000000    1.001153   -0.001153 (VIOLATED)
i_soc.i_cpu.core_i.id_stage_i._2913_/B1    1.000000    1.001153   -0.001153 (VIOLATED)
ANTENNA_i_soc.i_ai_sram.u_sram._671__X/DIODE    1.000000    1.001147   -0.001147 (VIOLATED)
i_soc.i_ai_sram.u_sram._671_/X          1.000000    1.001136   -0.001136 (VIOLATED)
ANTENNA_i_soc.i_cpu.core_i.id_stage_i._2989__A2/DIODE    1.000000    1.001111   -0.001111 (VIOLATED)
i_soc.i_cpu.core_i.id_stage_i._2989_/A2    1.000000    1.001099   -0.001099 (VIOLATED)
i_soc.i_cpu.core_i.id_stage_i._3061_/A2    1.000000    1.001081   -0.001080 (VIOLATED)
i_soc.i_cpu.core_i.ex_stage_i.alu_i._5605_/A0    1.000000    1.001065   -0.001065 (VIOLATED)
ANTENNA_i_soc.i_cpu.core_i.id_stage_i._3061__A2/DIODE    1.000000    1.001057   -0.001057 (VIOLATED)
ANTENNA_i_soc.i_cpu.core_i.ex_stage_i.alu_i._5605__A0/DIODE    1.000000    1.000930   -0.000930 (VIOLATED)
i_soc.i_periph_decoder._0816_/A         1.000000    1.000912   -0.000912 (VIOLATED)
ANTENNA_i_soc.i_periph_decoder._0816__A/DIODE    1.000000    1.000910   -0.000910 (VIOLATED)
ANTENNA_i_soc.i_cpu.core_i.id_stage_i._2912__X/DIODE    1.000000    1.000741   -0.000741 (VIOLATED)
i_soc.i_cpu.core_i.id_stage_i._2912_/X    1.000000    1.000726   -0.000726 (VIOLATED)
i_soc.i_periph_decoder._0616_/A         1.000000    1.000720   -0.000720 (VIOLATED)
ANTENNA_i_soc.i_periph_decoder._0616__A/DIODE    1.000000    1.000719   -0.000719 (VIOLATED)
i_soc.i_periph_decoder._1116_/A         1.000000    1.000539   -0.000539 (VIOLATED)
ANTENNA_i_soc.i_periph_decoder._1116__A/DIODE    1.000000    1.000539   -0.000539 (VIOLATED)
ANTENNA_i_soc.i_axi_lite_bridge._075__X/DIODE    1.000000    1.000450   -0.000450 (VIOLATED)
i_soc.i_axi_lite_bridge._075_/X         1.000000    1.000428   -0.000428 (VIOLATED)
i_soc.i_cpu.core_i.id_stage_i._3068_/A1    1.000000    1.000289   -0.000289 (VIOLATED)
ANTENNA_i_soc.i_cpu.core_i.id_stage_i._3068__A1/DIODE    1.000000    1.000281   -0.000281 (VIOLATED)
ANTENNA_i_soc.i_cpu.core_i.id_stage_i._3730__Q/DIODE    1.000000    1.000249   -0.000249 (VIOLATED)
i_soc.i_cpu.core_i.id_stage_i._3730_/Q    1.000000    1.000235   -0.000235 (VIOLATED)
i_soc.i_cpu.core_i.cs_registers_i._2435_/A1    1.000000    1.000077   -0.000077 (VIOLATED)
ANTENNA_i_soc.i_cpu.core_i.cs_registers_i._2435__A1/DIODE    1.000000    1.000075   -0.000075 (VIOLATED)
i_soc.i_cpu.core_i.cs_registers_i._2434_/A_N    1.000000    1.000073   -0.000073 (VIOLATED)
ANTENNA_i_soc.i_cpu.core_i.cs_registers_i._2434__A_N/DIODE    1.000000    1.000070   -0.000070 (VIOLATED)
i_soc.i_ai_sram.u_sram.gen_bank[10].gen_512.u_macro/din0[5]    1.000000    1.000064   -0.000064 (VIOLATED)

max fanout

Pin                                   Limit Fanout  Slack
---------------------------------------------------------
fanout1139/X                             32     65    -33 (VIOLATED)
fanout1150/X                             32     65    -33 (VIOLATED)
fanout1151/X                             32     65    -33 (VIOLATED)
fanout1154/X                             32     65    -33 (VIOLATED)
fanout1157/X                             32     65    -33 (VIOLATED)
fanout1158/X                             32     65    -33 (VIOLATED)
fanout1165/X                             32     65    -33 (VIOLATED)
fanout1168/X                             32     65    -33 (VIOLATED)
fanout1169/X                             32     65    -33 (VIOLATED)
fanout1170/X                             32     65    -33 (VIOLATED)
fanout1171/X                             32     65    -33 (VIOLATED)
fanout1172/X                             32     65    -33 (VIOLATED)
fanout1181/X                             32     65    -33 (VIOLATED)
fanout1277/X                             32     65    -33 (VIOLATED)
fanout1577/X                             32     65    -33 (VIOLATED)
fanout1584/X                             32     65    -33 (VIOLATED)
fanout1601/X                             32     65    -33 (VIOLATED)
fanout1602/X                             32     65    -33 (VIOLATED)
fanout2590/X                             32     65    -33 (VIOLATED)
fanout3113/X                             32     65    -33 (VIOLATED)
fanout3116/X                             32     65    -33 (VIOLATED)
fanout607/X                              32     65    -33 (VIOLATED)
fanout6522/X                             32     65    -33 (VIOLATED)
fanout6523/X                             32     65    -33 (VIOLATED)
i_soc.i_ai_accel._11718_/Y               32     65    -33 (VIOLATED)
i_soc.i_ai_accel._11752_/Y               32     65    -33 (VIOLATED)
i_soc.i_ai_accel._11785_/Y               32     65    -33 (VIOLATED)
i_soc.i_ai_accel._11818_/Y               32     65    -33 (VIOLATED)
i_soc.i_ai_accel._11917_/Y               32     65    -33 (VIOLATED)
i_soc.i_ai_accel._11950_/Y               32     65    -33 (VIOLATED)
i_soc.i_cpu.core_i.cs_registers_i._2402_/Y     32     65    -33 (VIOLATED)
i_soc.i_cpu.core_i.cs_registers_i._2555_/Y     32     65    -33 (VIOLATED)
i_soc.i_cpu.core_i.cs_registers_i._2683_/X     32     65    -33 (VIOLATED)
i_soc.i_cpu.core_i.cs_registers_i._2716_/X     32     65    -33 (VIOLATED)
i_soc.i_cpu.core_i.cs_registers_i._2751_/X     32     65    -33 (VIOLATED)
i_soc.i_cpu.core_i.cs_registers_i._3666_/Y     32     65    -33 (VIOLATED)
i_soc.i_cpu.core_i.ex_stage_i._050_/X     32     65    -33 (VIOLATED)
i_soc.i_cpu.core_i.ex_stage_i.alu_i._5470_/X     32     65    -33 (VIOLATED)
i_soc.i_cpu.core_i.id_stage_i._2499_/Y     32     65    -33 (VIOLATED)
i_soc.i_cpu.core_i.id_stage_i._2518_/Y     32     65    -33 (VIOLATED)
i_soc.i_cpu.core_i.id_stage_i._2887_/X     32     65    -33 (VIOLATED)
i_soc.i_cpu.core_i.id_stage_i.register_file_i._6089_/X     32     65    -33 (VIOLATED)
i_soc.i_cpu.core_i.id_stage_i.register_file_i._6364_/X     32     65    -33 (VIOLATED)
i_soc.i_cpu.core_i.id_stage_i.register_file_i._6434_/X     32     65    -33 (VIOLATED)
i_soc.i_cpu.core_i.id_stage_i.register_file_i._6568_/X     32     65    -33 (VIOLATED)
i_soc.i_cpu.core_i.id_stage_i.register_file_i._7042_/Y     32     65    -33 (VIOLATED)
i_soc.i_cpu.core_i.id_stage_i.register_file_i._7111_/Y     32     65    -33 (VIOLATED)
i_soc.i_cpu.core_i.id_stage_i.register_file_i._7179_/Y     32     65    -33 (VIOLATED)
i_soc.i_periph_decoder._0650_/X          32     65    -33 (VIOLATED)
i_soc.i_qspi._11271_/Y                   32     65    -33 (VIOLATED)
i_soc.i_qspi._11437_/Y                   32     65    -33 (VIOLATED)
i_soc.i_qspi._11470_/Y                   32     65    -33 (VIOLATED)
i_soc.i_qspi._11536_/Y                   32     65    -33 (VIOLATED)
i_soc.i_qspi._12597_/Y                   32     65    -33 (VIOLATED)
i_soc.i_qspi._12630_/Y                   32     65    -33 (VIOLATED)
i_soc.i_qspi._12696_/Y                   32     65    -33 (VIOLATED)
i_soc.i_qspi._12795_/Y                   32     65    -33 (VIOLATED)
i_soc.i_qspi._12861_/Y                   32     65    -33 (VIOLATED)
i_soc.i_qspi._15299_/X                   32     65    -33 (VIOLATED)
i_soc.i_uart_0._462_/X                   32     65    -33 (VIOLATED)
wire2588/X                               32     65    -33 (VIOLATED)
wire871/X                                32     65    -33 (VIOLATED)
wire904/X                                32     65    -33 (VIOLATED)
wire932/X                                32     65    -33 (VIOLATED)
max_cap2104/X                            32     63    -31 (VIOLATED)
max_cap2576/X                            32     63    -31 (VIOLATED)
max_cap892/X                             32     63    -31 (VIOLATED)
max_cap910/X                             32     63    -31 (VIOLATED)
wire901/X                                32     63    -31 (VIOLATED)
i_soc.i_ai_accel._18551_/X               32     61    -29 (VIOLATED)
load_slew189/X                           32     61    -29 (VIOLATED)
max_cap183/X                             32     61    -29 (VIOLATED)
max_cap3921/X                            32     61    -29 (VIOLATED)
max_cap863/X                             32     61    -29 (VIOLATED)
max_cap870/X                             32     61    -29 (VIOLATED)
i_soc.i_cpu.core_i.ex_stage_i.alu_i._4544_/X     32     59    -27 (VIOLATED)
i_soc.i_cpu.core_i.ex_stage_i.alu_i._5263_/Y     32     59    -27 (VIOLATED)
i_soc.i_cpu.core_i.id_stage_i._3150_/X     32     59    -27 (VIOLATED)
i_soc.i_timer._0843_/Y                   32     59    -27 (VIOLATED)
i_soc.i_uart_1._0823_/X                  32     59    -27 (VIOLATED)
wire410/X                                32     59    -27 (VIOLATED)
i_soc.i_ai_accel._23055_/Q               32     57    -25 (VIOLATED)
i_soc.i_ai_accel._23580_/Q               32     57    -25 (VIOLATED)
i_soc.i_cpu.core_i.ex_stage_i.alu_i._5412_/X     32     57    -25 (VIOLATED)
i_soc.i_cpu.core_i.ex_stage_i.mult_i._15357_/X     32     57    -25 (VIOLATED)
i_soc.i_cpu.core_i.ex_stage_i.mult_i._22095_/X     32     57    -25 (VIOLATED)
i_soc.i_cpu.core_i.id_stage_i._3686_/Q     32     57    -25 (VIOLATED)
max_cap1841/X                            32     57    -25 (VIOLATED)
max_cap3596/X                            32     57    -25 (VIOLATED)
max_cap862/X                             32     57    -25 (VIOLATED)
wire3791/X                               32     57    -25 (VIOLATED)
wire681/X                                32     57    -25 (VIOLATED)
i_soc.i_cpu.core_i.ex_stage_i.mult_i._12446_/X     32     55    -23 (VIOLATED)
i_soc.i_cpu.core_i.ex_stage_i.mult_i._15141_/X     32     55    -23 (VIOLATED)
i_soc.i_crossbar._0623_/X                32     55    -23 (VIOLATED)
max_cap2718/X                            32     55    -23 (VIOLATED)
max_cap3845/X                            32     55    -23 (VIOLATED)
max_cap884/X                             32     55    -23 (VIOLATED)
wire273/X                                32     55    -23 (VIOLATED)
wire3168/X                               32     55    -23 (VIOLATED)
wire3338/X                               32     55    -23 (VIOLATED)
i_soc.i_cpu.core_i.ex_stage_i.mult_i._16762_/X     32     53    -21 (VIOLATED)
i_soc.i_cpu.core_i.id_stage_i._3885_/Q     32     53    -21 (VIOLATED)
max_cap200/X                             32     53    -21 (VIOLATED)
max_cap3846/X                            32     53    -21 (VIOLATED)
max_cap3847/X                            32     53    -21 (VIOLATED)
max_cap4053/X                            32     53    -21 (VIOLATED)
max_cap885/X                             32     53    -21 (VIOLATED)
max_cap906/X                             32     53    -21 (VIOLATED)
wire2770/X                               32     53    -21 (VIOLATED)
i_soc.i_cpu.core_i.id_stage_i._3986_/Q     32     51    -19 (VIOLATED)
i_soc.i_cpu.core_i.if_stage_i._873_/Q     32     51    -19 (VIOLATED)
i_soc.i_i2c._0864_/Q                     32     51    -19 (VIOLATED)
i_soc.i_periph_decoder._0292_/X          32     51    -19 (VIOLATED)
max_cap2116/X                            32     51    -19 (VIOLATED)
max_cap3111/X                            32     51    -19 (VIOLATED)
max_cap3335/X                            32     51    -19 (VIOLATED)
max_cap3841/X                            32     51    -19 (VIOLATED)
max_cap3848/X                            32     51    -19 (VIOLATED)
max_cap3855/X                            32     51    -19 (VIOLATED)
i_soc.i_cpu.core_i.ex_stage_i.mult_i._14782_/X     32     49    -17 (VIOLATED)
i_soc.i_cpu.core_i.id_stage_i._3886_/Q     32     49    -17 (VIOLATED)
i_soc.i_cpu.core_i.id_stage_i.controller_i._555_/Q     32     49    -17 (VIOLATED)
i_soc.i_i2c._0865_/Q                     32     49    -17 (VIOLATED)
i_soc.i_uart_0._337_/X                   32     49    -17 (VIOLATED)
load_slew3018/X                          32     49    -17 (VIOLATED)
max_cap2094/X                            32     49    -17 (VIOLATED)
max_cap2253/X                            32     49    -17 (VIOLATED)
max_cap2255/X                            32     49    -17 (VIOLATED)
max_cap2424/X                            32     49    -17 (VIOLATED)
max_cap2569/X                            32     49    -17 (VIOLATED)
max_cap2746/X                            32     49    -17 (VIOLATED)
max_cap3112/X                            32     49    -17 (VIOLATED)
max_cap3690/X                            32     49    -17 (VIOLATED)
max_cap387/X                             32     49    -17 (VIOLATED)
max_cap690/X                             32     49    -17 (VIOLATED)
max_cap926/X                             32     49    -17 (VIOLATED)
wire1272/X                               32     49    -17 (VIOLATED)
wire184/X                                32     49    -17 (VIOLATED)
wire1840/X                               32     49    -17 (VIOLATED)
wire977/X                                32     49    -17 (VIOLATED)
i_soc.i_cpu.core_i.id_stage_i._2946_/Y     32     48    -16 (VIOLATED)
fanout6729/X                             32     47    -15 (VIOLATED)
i_soc.i_cpu.core_i.ex_stage_i.alu_i._3336_/Y     32     47    -15 (VIOLATED)
i_soc.i_cpu.core_i.ex_stage_i.alu_i._5266_/Y     32     47    -15 (VIOLATED)
i_soc.i_cpu.core_i.ex_stage_i.mult_i._14787_/X     32     47    -15 (VIOLATED)
i_soc.i_cpu.core_i.id_stage_i._3688_/Q     32     47    -15 (VIOLATED)
i_soc.i_cpu.core_i.id_stage_i._3691_/Q     32     47    -15 (VIOLATED)
i_soc.i_cpu.core_i.id_stage_i._3877_/Q     32     47    -15 (VIOLATED)
i_soc.i_cpu.core_i.id_stage_i._3987_/Q     32     47    -15 (VIOLATED)
i_soc.i_qspi._21544_/Q                   32     47    -15 (VIOLATED)
max_cap1810/X                            32     47    -15 (VIOLATED)
max_cap2747/X                            32     47    -15 (VIOLATED)
max_cap2790/X                            32     47    -15 (VIOLATED)
max_cap2795/X                            32     47    -15 (VIOLATED)
max_cap3840/X                            32     47    -15 (VIOLATED)
max_cap887/X                             32     47    -15 (VIOLATED)
max_cap919/X                             32     47    -15 (VIOLATED)
wire2256/X                               32     47    -15 (VIOLATED)
wire2863/X                               32     47    -15 (VIOLATED)
wire428/X                                32     47    -15 (VIOLATED)
i_soc.i_cpu.core_i.ex_stage_i.mult_i._14851_/X     32     46    -14 (VIOLATED)
i_soc.i_cpu.core_i.id_stage_i._3880_/Q     32     46    -14 (VIOLATED)
max_cap2561/X                            32     46    -14 (VIOLATED)
i_soc.i_ai_accel._22603_/Q               32     45    -13 (VIOLATED)
i_soc.i_cpu.core_i.ex_stage_i.alu_i._5466_/X     32     45    -13 (VIOLATED)
i_soc.i_cpu.core_i.ex_stage_i.alu_i._5481_/Y     32     45    -13 (VIOLATED)
i_soc.i_cpu.core_i.ex_stage_i.mult_i._12424_/Y     32     45    -13 (VIOLATED)
i_soc.i_cpu.core_i.ex_stage_i.mult_i._14753_/X     32     45    -13 (VIOLATED)
i_soc.i_cpu.core_i.id_stage_i._3872_/Q     32     45    -13 (VIOLATED)
i_soc.i_cpu.core_i.id_stage_i._3884_/Q     32     45    -13 (VIOLATED)
i_soc.i_cpu.core_i.id_stage_i.register_file_i._7243_/Y     32     45    -13 (VIOLATED)
i_soc.i_cpu.core_i.if_stage_i.aligner_i._912_/Q     32     45    -13 (VIOLATED)
i_soc.i_cpu.core_i.if_stage_i.compressed_decoder_i._181_/Y     32     45    -13 (VIOLATED)
i_soc.i_uart_0._271_/Y                   32     45    -13 (VIOLATED)
load_slew1738/X                          32     45    -13 (VIOLATED)
load_slew1750/X                          32     45    -13 (VIOLATED)
load_slew4283/X                          32     45    -13 (VIOLATED)
max_cap1486/X                            32     45    -13 (VIOLATED)
max_cap1490/X                            32     45    -13 (VIOLATED)
max_cap2252/X                            32     45    -13 (VIOLATED)
max_cap2261/X                            32     45    -13 (VIOLATED)
max_cap2263/X                            32     45    -13 (VIOLATED)
max_cap2303/X                            32     45    -13 (VIOLATED)
max_cap2304/X                            32     45    -13 (VIOLATED)
max_cap2418/X                            32     45    -13 (VIOLATED)
max_cap2544/X                            32     45    -13 (VIOLATED)
max_cap2545/X                            32     45    -13 (VIOLATED)
max_cap3138/X                            32     45    -13 (VIOLATED)
max_cap3149/X                            32     45    -13 (VIOLATED)
max_cap316/X                             32     45    -13 (VIOLATED)
max_cap323/X                             32     45    -13 (VIOLATED)
max_cap3333/X                            32     45    -13 (VIOLATED)
max_cap3593/X                            32     45    -13 (VIOLATED)
max_cap3843/X                            32     45    -13 (VIOLATED)
max_cap886/X                             32     45    -13 (VIOLATED)
max_cap888/X                             32     45    -13 (VIOLATED)
max_cap889/X                             32     45    -13 (VIOLATED)
max_cap908/X                             32     45    -13 (VIOLATED)
max_cap923/X                             32     45    -13 (VIOLATED)
wire2262/X                               32     45    -13 (VIOLATED)
wire2267/X                               32     45    -13 (VIOLATED)
wire3689/X                               32     45    -13 (VIOLATED)
i_soc.i_ai_accel._12669_/Y               32     43    -11 (VIOLATED)
i_soc.i_cpu.core_i.ex_stage_i.alu_i._3335_/Y     32     43    -11 (VIOLATED)
i_soc.i_cpu.core_i.ex_stage_i.mult_i._14987_/X     32     43    -11 (VIOLATED)
i_soc.i_cpu.core_i.id_stage_i._3827_/Q     32     43    -11 (VIOLATED)
i_soc.i_cpu.core_i.id_stage_i._3863_/Q     32     43    -11 (VIOLATED)
i_soc.i_cpu.core_i.id_stage_i._3881_/Q     32     43    -11 (VIOLATED)
i_soc.i_cpu.core_i.id_stage_i._3888_/Q     32     43    -11 (VIOLATED)
i_soc.i_cpu.core_i.id_stage_i._3889_/Q     32     43    -11 (VIOLATED)
i_soc.i_cpu.core_i.id_stage_i._3988_/Q     32     43    -11 (VIOLATED)
i_soc.i_cpu.core_i.if_stage_i._878_/Q     32     43    -11 (VIOLATED)
i_soc.i_qspi._21383_/Q                   32     43    -11 (VIOLATED)
i_soc.i_timer._0869_/X                   32     43    -11 (VIOLATED)
i_soc.i_timer._1434_/X                   32     43    -11 (VIOLATED)
i_soc.i_uart_0.i_uart_rx._203_/X         32     43    -11 (VIOLATED)
i_soc.i_uart_1.i_uart_rx._203_/X         32     43    -11 (VIOLATED)
load_slew1752/X                          32     43    -11 (VIOLATED)
load_slew2778/X                          32     43    -11 (VIOLATED)
load_slew4427/X                          32     43    -11 (VIOLATED)
load_slew6525/X                          32     43    -11 (VIOLATED)
max_cap2254/X                            32     43    -11 (VIOLATED)
max_cap2257/X                            32     43    -11 (VIOLATED)
max_cap2268/X                            32     43    -11 (VIOLATED)
max_cap2274/X                            32     43    -11 (VIOLATED)
max_cap2278/X                            32     43    -11 (VIOLATED)
max_cap2310/X                            32     43    -11 (VIOLATED)
max_cap2419/X                            32     43    -11 (VIOLATED)
max_cap2577/X                            32     43    -11 (VIOLATED)
max_cap2615/X                            32     43    -11 (VIOLATED)
max_cap2786/X                            32     43    -11 (VIOLATED)
max_cap3145/X                            32     43    -11 (VIOLATED)
max_cap3147/X                            32     43    -11 (VIOLATED)
max_cap3703/X                            32     43    -11 (VIOLATED)
max_cap3842/X                            32     43    -11 (VIOLATED)
max_cap3971/X                            32     43    -11 (VIOLATED)
max_cap851/X                             32     43    -11 (VIOLATED)
max_cap872/X                             32     43    -11 (VIOLATED)
max_cap878/X                             32     43    -11 (VIOLATED)
max_cap882/X                             32     43    -11 (VIOLATED)
max_cap883/X                             32     43    -11 (VIOLATED)
wire2275/X                               32     43    -11 (VIOLATED)
wire2277/X                               32     43    -11 (VIOLATED)
wire2279/X                               32     43    -11 (VIOLATED)
wire2282/X                               32     43    -11 (VIOLATED)
wire3773/X                               32     43    -11 (VIOLATED)
wire433/X                                32     43    -11 (VIOLATED)
wire850/X                                32     43    -11 (VIOLATED)
i_soc.i_cpu.core_i.id_stage_i._3870_/Q     32     42    -10 (VIOLATED)
i_soc.i_cpu.core_i.if_stage_i.prefetch_buffer_i.instruction_obi_i._305_/Q     32     42    -10 (VIOLATED)
wire6941/X                               32     42    -10 (VIOLATED)
fanout442/X                              32     41     -9 (VIOLATED)
i_soc.i_ai_accel._11354_/Y               32     41     -9 (VIOLATED)
i_soc.i_cpu.core_i.id_stage_i._3005_/X     32     41     -9 (VIOLATED)
i_soc.i_cpu.core_i.id_stage_i._3862_/Q     32     41     -9 (VIOLATED)
i_soc.i_cpu.core_i.id_stage_i._3865_/Q     32     41     -9 (VIOLATED)
i_soc.i_cpu.core_i.id_stage_i._3873_/Q     32     41     -9 (VIOLATED)
i_soc.i_cpu.core_i.id_stage_i._3878_/Q     32     41     -9 (VIOLATED)
i_soc.i_cpu.core_i.id_stage_i._3989_/Q     32     41     -9 (VIOLATED)
i_soc.i_cpu.core_i.id_stage_i.register_file_i._7249_/X     32     41     -9 (VIOLATED)
i_soc.i_cpu.core_i.if_stage_i.aligner_i._407_/X     32     41     -9 (VIOLATED)
i_soc.i_cpu.core_i.if_stage_i.aligner_i._464_/X     32     41     -9 (VIOLATED)
i_soc.i_cpu.core_i.if_stage_i.aligner_i._466_/X     32     41     -9 (VIOLATED)
i_soc.i_cpu.core_i.if_stage_i.compressed_decoder_i._180_/X     32     41     -9 (VIOLATED)
i_soc.i_periph_decoder._0301_/X          32     41     -9 (VIOLATED)
i_soc.i_qspi._21542_/Q                   32     41     -9 (VIOLATED)
i_soc.i_uart_0._618_/Q                   32     41     -9 (VIOLATED)
i_soc.i_uart_0.i_uart_tx._169_/X         32     41     -9 (VIOLATED)
load_slew1160/X                          32     41     -9 (VIOLATED)
load_slew1736/X                          32     41     -9 (VIOLATED)
load_slew1742/X                          32     41     -9 (VIOLATED)
load_slew1754/X                          32     41     -9 (VIOLATED)
load_slew2095/X                          32     41     -9 (VIOLATED)
load_slew325/X                           32     41     -9 (VIOLATED)
load_slew4294/X                          32     41     -9 (VIOLATED)
max_cap1489/X                            32     41     -9 (VIOLATED)
max_cap1811/X                            32     41     -9 (VIOLATED)
max_cap1855/X                            32     41     -9 (VIOLATED)
max_cap188/X                             32     41     -9 (VIOLATED)
max_cap2308/X                            32     41     -9 (VIOLATED)
max_cap2412/X                            32     41     -9 (VIOLATED)
max_cap2732/X                            32     41     -9 (VIOLATED)
max_cap2741/X                            32     41     -9 (VIOLATED)
max_cap2748/X                            32     41     -9 (VIOLATED)
max_cap2762/X                            32     41     -9 (VIOLATED)
max_cap2769/X                            32     41     -9 (VIOLATED)
max_cap2773/X                            32     41     -9 (VIOLATED)
max_cap2800/X                            32     41     -9 (VIOLATED)
max_cap2953/X                            32     41     -9 (VIOLATED)
max_cap308/X                             32     41     -9 (VIOLATED)
max_cap3694/X                            32     41     -9 (VIOLATED)
max_cap370/X                             32     41     -9 (VIOLATED)
max_cap4054/X                            32     41     -9 (VIOLATED)
max_cap4339/X                            32     41     -9 (VIOLATED)
max_cap911/X                             32     41     -9 (VIOLATED)
max_cap914/X                             32     41     -9 (VIOLATED)
wire1149/X                               32     41     -9 (VIOLATED)
wire2309/X                               32     41     -9 (VIOLATED)
wire2311/X                               32     41     -9 (VIOLATED)
wire2591/X                               32     41     -9 (VIOLATED)
wire3154/X                               32     41     -9 (VIOLATED)
wire3654/X                               32     41     -9 (VIOLATED)
wire3702/X                               32     41     -9 (VIOLATED)
wire3822/X                               32     41     -9 (VIOLATED)
wire4408/X                               32     41     -9 (VIOLATED)
wire4413/X                               32     41     -9 (VIOLATED)
wire449/X                                32     41     -9 (VIOLATED)
max_cap3821/X                            32     40     -8 (VIOLATED)
clkbuf_6_22__f_clk_i_regs/X              32     39     -7 (VIOLATED)
clkbuf_6_23__f_clk_i_regs/X              32     39     -7 (VIOLATED)
clkbuf_6_27__f_clk_i_regs/X              32     39     -7 (VIOLATED)
clkbuf_6_31__f_clk_i_regs/X              32     39     -7 (VIOLATED)
fanout2861/X                             32     39     -7 (VIOLATED)
fanout4421/X                             32     39     -7 (VIOLATED)
i_soc.i_cpu.core_i.cs_registers_i._2790_/X     32     39     -7 (VIOLATED)
i_soc.i_cpu.core_i.ex_stage_i.alu_i.alu_div_i._0753_/X     32     39     -7 (VIOLATED)
i_soc.i_cpu.core_i.ex_stage_i.mult_i._12637_/X     32     39     -7 (VIOLATED)
i_soc.i_cpu.core_i.id_stage_i._3867_/Q     32     39     -7 (VIOLATED)
i_soc.i_cpu.core_i.id_stage_i._3876_/Q     32     39     -7 (VIOLATED)
i_soc.i_cpu.core_i.load_store_unit_i._1126_/Y     32     39     -7 (VIOLATED)
i_soc.i_crossbar._0621_/X                32     39     -7 (VIOLATED)
i_soc.i_obi_axi_instr._313_/Q            32     39     -7 (VIOLATED)
i_soc.i_qspi._21362_/Q                   32     39     -7 (VIOLATED)
i_soc.i_uart_0.i_uart_rx._263_/X         32     39     -7 (VIOLATED)
i_soc.i_uart_1.i_uart_rx._263_/X         32     39     -7 (VIOLATED)
load_slew1734/X                          32     39     -7 (VIOLATED)
load_slew2138/X                          32     39     -7 (VIOLATED)
load_slew2142/X                          32     39     -7 (VIOLATED)
load_slew3659/X                          32     39     -7 (VIOLATED)
load_slew4424/X                          32     39     -7 (VIOLATED)
load_slew6527/X                          32     39     -7 (VIOLATED)
load_slew6728/X                          32     39     -7 (VIOLATED)
load_slew7339/X                          32     39     -7 (VIOLATED)
load_slew975/X                           32     39     -7 (VIOLATED)
max_cap1732/X                            32     39     -7 (VIOLATED)
max_cap2377/X                            32     39     -7 (VIOLATED)
max_cap2611/X                            32     39     -7 (VIOLATED)
max_cap2751/X                            32     39     -7 (VIOLATED)
max_cap2753/X                            32     39     -7 (VIOLATED)
max_cap2756/X                            32     39     -7 (VIOLATED)
max_cap2764/X                            32     39     -7 (VIOLATED)
max_cap2775/X                            32     39     -7 (VIOLATED)
max_cap2789/X                            32     39     -7 (VIOLATED)
max_cap2794/X                            32     39     -7 (VIOLATED)
max_cap2820/X                            32     39     -7 (VIOLATED)
max_cap3091/X                            32     39     -7 (VIOLATED)
max_cap3097/X                            32     39     -7 (VIOLATED)
max_cap3119/X                            32     39     -7 (VIOLATED)
max_cap3148/X                            32     39     -7 (VIOLATED)
max_cap320/X                             32     39     -7 (VIOLATED)
max_cap3361/X                            32     39     -7 (VIOLATED)
max_cap3709/X                            32     39     -7 (VIOLATED)
max_cap3988/X                            32     39     -7 (VIOLATED)
max_cap4782/X                            32     39     -7 (VIOLATED)
max_cap587/X                             32     39     -7 (VIOLATED)
max_cap688/X                             32     39     -7 (VIOLATED)
max_cap909/X                             32     39     -7 (VIOLATED)
max_cap931/X                             32     39     -7 (VIOLATED)
max_cap976/X                             32     39     -7 (VIOLATED)
wire1746/X                               32     39     -7 (VIOLATED)
wire2750/X                               32     39     -7 (VIOLATED)
wire309/X                                32     39     -7 (VIOLATED)
wire3827/X                               32     39     -7 (VIOLATED)
i_soc.i_cpu.core_i.id_stage_i._3864_/Q     32     38     -6 (VIOLATED)
clkbuf_6_26__f_clk_i_regs/X              32     37     -5 (VIOLATED)
fanout1273/X                             32     37     -5 (VIOLATED)
fanout1275/X                             32     37     -5 (VIOLATED)
fanout1450/X                             32     37     -5 (VIOLATED)
fanout4267/X                             32     37     -5 (VIOLATED)
i_soc.i_ai_accel._23359_/Q               32     37     -5 (VIOLATED)
i_soc.i_ai_accel._23360_/Q               32     37     -5 (VIOLATED)
i_soc.i_ai_accel._23568_/Q               32     37     -5 (VIOLATED)
i_soc.i_cpu.core_i.cs_registers_i._1849_/Y     32     37     -5 (VIOLATED)
i_soc.i_cpu.core_i.cs_registers_i._2961_/X     32     37     -5 (VIOLATED)
i_soc.i_cpu.core_i.ex_stage_i.alu_i._5352_/Y     32     37     -5 (VIOLATED)
i_soc.i_cpu.core_i.ex_stage_i.alu_i._5498_/X     32     37     -5 (VIOLATED)
i_soc.i_cpu.core_i.ex_stage_i.alu_i.alu_div_i._0971_/X     32     37     -5 (VIOLATED)
i_soc.i_cpu.core_i.ex_stage_i.alu_i.alu_div_i._1572_/Q     32     37     -5 (VIOLATED)
i_soc.i_cpu.core_i.ex_stage_i.mult_i._12453_/Y     32     37     -5 (VIOLATED)
i_soc.i_cpu.core_i.ex_stage_i.mult_i._12640_/X     32     37     -5 (VIOLATED)
i_soc.i_cpu.core_i.id_stage_i._3802_/Q     32     37     -5 (VIOLATED)
i_soc.i_cpu.core_i.id_stage_i._3861_/Q     32     37     -5 (VIOLATED)
i_soc.i_cpu.core_i.id_stage_i._3871_/Q     32     37     -5 (VIOLATED)
i_soc.i_cpu.core_i.id_stage_i._3879_/Q     32     37     -5 (VIOLATED)
i_soc.i_cpu.core_i.id_stage_i._3990_/Q     32     37     -5 (VIOLATED)
i_soc.i_cpu.core_i.id_stage_i.register_file_i._7039_/Y     32     37     -5 (VIOLATED)
i_soc.i_cpu.core_i.if_stage_i.aligner_i._467_/Y     32     37     -5 (VIOLATED)
i_soc.i_cpu.core_i.if_stage_i.prefetch_buffer_i.prefetch_controller_i._394_/X     32     37     -5 (VIOLATED)
i_soc.i_cpu.core_i.load_store_unit_i._0583_/X     32     37     -5 (VIOLATED)
i_soc.i_cpu.core_i.load_store_unit_i._1021_/Y     32     37     -5 (VIOLATED)
i_soc.i_periph_decoder._0298_/X          32     37     -5 (VIOLATED)
i_soc.i_uart_0.i_uart_tx._186_/X         32     37     -5 (VIOLATED)
i_soc.i_uart_1._0825_/X                  32     37     -5 (VIOLATED)
i_soc.i_uart_1._0829_/X                  32     37     -5 (VIOLATED)
i_soc.i_uart_1._1167_/Y                  32     37     -5 (VIOLATED)
i_soc.i_uart_1.i_uart_tx._161_/X         32     37     -5 (VIOLATED)
i_soc.i_uart_1.i_uart_tx._179_/X         32     37     -5 (VIOLATED)
load_slew1138/X                          32     37     -5 (VIOLATED)
load_slew1592/X                          32     37     -5 (VIOLATED)
load_slew1596/X                          32     37     -5 (VIOLATED)
load_slew199/X                           32     37     -5 (VIOLATED)
load_slew2140/X                          32     37     -5 (VIOLATED)
load_slew2276/X                          32     37     -5 (VIOLATED)
load_slew2571/X                          32     37     -5 (VIOLATED)
load_slew4285/X                          32     37     -5 (VIOLATED)
load_slew4336/X                          32     37     -5 (VIOLATED)
load_slew465/X                           32     37     -5 (VIOLATED)
max_cap2092/X                            32     37     -5 (VIOLATED)
max_cap2141/X                            32     37     -5 (VIOLATED)
max_cap2316/X                            32     37     -5 (VIOLATED)
max_cap2317/X                            32     37     -5 (VIOLATED)
max_cap2330/X                            32     37     -5 (VIOLATED)
max_cap2470/X                            32     37     -5 (VIOLATED)
max_cap2473/X                            32     37     -5 (VIOLATED)
max_cap248/X                             32     37     -5 (VIOLATED)
max_cap2618/X                            32     37     -5 (VIOLATED)
max_cap2743/X                            32     37     -5 (VIOLATED)
max_cap2758/X                            32     37     -5 (VIOLATED)
max_cap2780/X                            32     37     -5 (VIOLATED)
max_cap2864/X                            32     37     -5 (VIOLATED)
max_cap2942/X                            32     37     -5 (VIOLATED)
max_cap313/X                             32     37     -5 (VIOLATED)
max_cap3146/X                            32     37     -5 (VIOLATED)
max_cap324/X                             32     37     -5 (VIOLATED)
max_cap3691/X                            32     37     -5 (VIOLATED)
max_cap3704/X                            32     37     -5 (VIOLATED)
max_cap3705/X                            32     37     -5 (VIOLATED)
max_cap3987/X                            32     37     -5 (VIOLATED)
max_cap4341/X                            32     37     -5 (VIOLATED)
max_cap4398/X                            32     37     -5 (VIOLATED)
max_cap600/X                             32     37     -5 (VIOLATED)
max_cap601/X                             32     37     -5 (VIOLATED)
max_cap879/X                             32     37     -5 (VIOLATED)
max_cap907/X                             32     37     -5 (VIOLATED)
max_cap922/X                             32     37     -5 (VIOLATED)
wire1141/X                               32     37     -5 (VIOLATED)
wire1176/X                               32     37     -5 (VIOLATED)
wire2834/X                               32     37     -5 (VIOLATED)
wire3710/X                               32     37     -5 (VIOLATED)
wire394/X                                32     37     -5 (VIOLATED)
wire4263/X                               32     37     -5 (VIOLATED)
wire4317/X                               32     37     -5 (VIOLATED)
wire4415/X                               32     37     -5 (VIOLATED)
i_soc.i_cpu.core_i.ex_stage_i.mult_i._15406_/Y     32     36     -4 (VIOLATED)
load_slew4323/X                          32     36     -4 (VIOLATED)
clkbuf_6_10__f_clk_i_regs/X              32     35     -3 (VIOLATED)
clkbuf_6_11__f_clk_i_regs/X              32     35     -3 (VIOLATED)
clkbuf_6_30__f_clk_i_regs/X              32     35     -3 (VIOLATED)
fanout1142/X                             32     35     -3 (VIOLATED)
fanout1152/X                             32     35     -3 (VIOLATED)
fanout1155/X                             32     35     -3 (VIOLATED)
fanout1166/X                             32     35     -3 (VIOLATED)
fanout1177/X                             32     35     -3 (VIOLATED)
fanout1179/X                             32     35     -3 (VIOLATED)
fanout1575/X                             32     35     -3 (VIOLATED)
fanout1585/X                             32     35     -3 (VIOLATED)
fanout1587/X                             32     35     -3 (VIOLATED)
fanout1599/X                             32     35     -3 (VIOLATED)
fanout1747/X                             32     35     -3 (VIOLATED)
fanout1757/X                             32     35     -3 (VIOLATED)
fanout1759/X                             32     35     -3 (VIOLATED)
fanout2759/X                             32     35     -3 (VIOLATED)
fanout3679/X                             32     35     -3 (VIOLATED)
fanout3775/X                             32     35     -3 (VIOLATED)
fanout4269/X                             32     35     -3 (VIOLATED)
fanout4272/X                             32     35     -3 (VIOLATED)
fanout4277/X                             32     35     -3 (VIOLATED)
fanout4305/X                             32     35     -3 (VIOLATED)
fanout4368/X                             32     35     -3 (VIOLATED)
fanout4387/X                             32     35     -3 (VIOLATED)
fanout4392/X                             32     35     -3 (VIOLATED)
fanout4402/X                             32     35     -3 (VIOLATED)
fanout4417/X                             32     35     -3 (VIOLATED)
fanout4419/X                             32     35     -3 (VIOLATED)
fanout605/X                              32     35     -3 (VIOLATED)
i_soc.i_ai_accel._11491_/Y               32     35     -3 (VIOLATED)
i_soc.i_ai_accel._12545_/Y               32     35     -3 (VIOLATED)
i_soc.i_ai_accel._23365_/Q               32     35     -3 (VIOLATED)
i_soc.i_cpu.core_i.cs_registers_i._2391_/X     32     35     -3 (VIOLATED)
i_soc.i_cpu.core_i.cs_registers_i._2405_/Y     32     35     -3 (VIOLATED)
i_soc.i_cpu.core_i.cs_registers_i._3086_/X     32     35     -3 (VIOLATED)
i_soc.i_cpu.core_i.ex_stage_i.alu_i._5434_/X     32     35     -3 (VIOLATED)
i_soc.i_cpu.core_i.ex_stage_i.alu_i._5532_/Y     32     35     -3 (VIOLATED)
i_soc.i_cpu.core_i.ex_stage_i.alu_i.alu_div_i._1570_/Q     32     35     -3 (VIOLATED)
i_soc.i_cpu.core_i.ex_stage_i.mult_i._12459_/X     32     35     -3 (VIOLATED)
i_soc.i_cpu.core_i.ex_stage_i.mult_i._12701_/X     32     35     -3 (VIOLATED)
i_soc.i_cpu.core_i.ex_stage_i.mult_i._12704_/X     32     35     -3 (VIOLATED)
i_soc.i_cpu.core_i.ex_stage_i.mult_i._12705_/X     32     35     -3 (VIOLATED)
i_soc.i_cpu.core_i.ex_stage_i.mult_i._15216_/X     32     35     -3 (VIOLATED)
i_soc.i_cpu.core_i.ex_stage_i.mult_i._16934_/Y     32     35     -3 (VIOLATED)
i_soc.i_cpu.core_i.ex_stage_i.mult_i._17879_/Y     32     35     -3 (VIOLATED)
i_soc.i_cpu.core_i.ex_stage_i.mult_i._18277_/X     32     35     -3 (VIOLATED)
i_soc.i_cpu.core_i.ex_stage_i.mult_i._22384_/X     32     35     -3 (VIOLATED)
i_soc.i_cpu.core_i.id_stage_i._2490_/Y     32     35     -3 (VIOLATED)
i_soc.i_cpu.core_i.id_stage_i._2992_/X     32     35     -3 (VIOLATED)
i_soc.i_cpu.core_i.id_stage_i._2995_/X     32     35     -3 (VIOLATED)
i_soc.i_cpu.core_i.id_stage_i._3728_/Q     32     35     -3 (VIOLATED)
i_soc.i_cpu.core_i.id_stage_i._3735_/Q     32     35     -3 (VIOLATED)
i_soc.i_cpu.core_i.id_stage_i._3800_/Q     32     35     -3 (VIOLATED)
i_soc.i_cpu.core_i.id_stage_i._3801_/Q     32     35     -3 (VIOLATED)
i_soc.i_cpu.core_i.id_stage_i._3852_/Q     32     35     -3 (VIOLATED)
i_soc.i_cpu.core_i.id_stage_i._3860_/Q     32     35     -3 (VIOLATED)
i_soc.i_cpu.core_i.id_stage_i._3866_/Q     32     35     -3 (VIOLATED)
i_soc.i_cpu.core_i.id_stage_i._3887_/Q     32     35     -3 (VIOLATED)
i_soc.i_cpu.core_i.id_stage_i._3890_/Q     32     35     -3 (VIOLATED)
i_soc.i_cpu.core_i.id_stage_i.register_file_i._7108_/Y     32     35     -3 (VIOLATED)
i_soc.i_cpu.core_i.id_stage_i.register_file_i._7176_/Y     32     35     -3 (VIOLATED)
i_soc.i_cpu.core_i.if_stage_i._420_/X     32     35     -3 (VIOLATED)
i_soc.i_cpu.core_i.load_store_unit_i._0571_/Y     32     35     -3 (VIOLATED)
i_soc.i_cpu.core_i.load_store_unit_i._0582_/Y     32     35     -3 (VIOLATED)
i_soc.i_gpio._091_/X                     32     35     -3 (VIOLATED)
i_soc.i_i2c._0662_/X                     32     35     -3 (VIOLATED)
i_soc.i_qspi._08657_/Y                   32     35     -3 (VIOLATED)
i_soc.i_qspi._11701_/Y                   32     35     -3 (VIOLATED)
i_soc.i_qspi._11967_/Y                   32     35     -3 (VIOLATED)
i_soc.i_qspi._12034_/Y                   32     35     -3 (VIOLATED)
i_soc.i_qspi._12067_/Y                   32     35     -3 (VIOLATED)
i_soc.i_qspi._12498_/Y                   32     35     -3 (VIOLATED)
i_soc.i_uart_0._269_/X                   32     35     -3 (VIOLATED)
i_soc.i_uart_1._1164_/Y                  32     35     -3 (VIOLATED)
i_soc.i_uart_1._1275_/X                  32     35     -3 (VIOLATED)
i_soc.i_uart_1._1308_/X                  32     35     -3 (VIOLATED)
load_slew1145/X                          32     35     -3 (VIOLATED)
load_slew116/X                           32     35     -3 (VIOLATED)
load_slew1162/X                          32     35     -3 (VIOLATED)
load_slew1186/X                          32     35     -3 (VIOLATED)
load_slew120/X                           32     35     -3 (VIOLATED)
load_slew1561/X                          32     35     -3 (VIOLATED)
load_slew1579/X                          32     35     -3 (VIOLATED)
load_slew1583/X                          32     35     -3 (VIOLATED)
load_slew1590/X                          32     35     -3 (VIOLATED)
load_slew1594/X                          32     35     -3 (VIOLATED)
load_slew1730/X                          32     35     -3 (VIOLATED)
load_slew1744/X                          32     35     -3 (VIOLATED)
load_slew1756/X                          32     35     -3 (VIOLATED)
load_slew2642/X                          32     35     -3 (VIOLATED)
load_slew2725/X                          32     35     -3 (VIOLATED)
load_slew2729/X                          32     35     -3 (VIOLATED)
load_slew306/X                           32     35     -3 (VIOLATED)
load_slew333/X                           32     35     -3 (VIOLATED)
load_slew4328/X                          32     35     -3 (VIOLATED)
load_slew4358/X                          32     35     -3 (VIOLATED)
load_slew4363/X                          32     35     -3 (VIOLATED)
load_slew4429/X                          32     35     -3 (VIOLATED)
load_slew551/X                           32     35     -3 (VIOLATED)
max_cap1483/X                            32     35     -3 (VIOLATED)
max_cap2376/X                            32     35     -3 (VIOLATED)
max_cap2471/X                            32     35     -3 (VIOLATED)
max_cap2483/X                            32     35     -3 (VIOLATED)
max_cap3231/X                            32     35     -3 (VIOLATED)
max_cap3337/X                            32     35     -3 (VIOLATED)
max_cap3359/X                            32     35     -3 (VIOLATED)
max_cap342/X                             32     35     -3 (VIOLATED)
max_cap343/X                             32     35     -3 (VIOLATED)
max_cap3595/X                            32     35     -3 (VIOLATED)
max_cap3605/X                            32     35     -3 (VIOLATED)
max_cap3693/X                            32     35     -3 (VIOLATED)
max_cap3696/X                            32     35     -3 (VIOLATED)
max_cap3700/X                            32     35     -3 (VIOLATED)
max_cap3701/X                            32     35     -3 (VIOLATED)
max_cap3706/X                            32     35     -3 (VIOLATED)
max_cap3828/X                            32     35     -3 (VIOLATED)
max_cap415/X                             32     35     -3 (VIOLATED)
max_cap4261/X                            32     35     -3 (VIOLATED)
max_cap896/X                             32     35     -3 (VIOLATED)
rebuffer8245/X                           32     35     -3 (VIOLATED)
wire1174/X                               32     35     -3 (VIOLATED)
wire1563/X                               32     35     -3 (VIOLATED)
wire179/X                                32     35     -3 (VIOLATED)
wire2107/X                               32     35     -3 (VIOLATED)
wire2265/X                               32     35     -3 (VIOLATED)
wire2404/X                               32     35     -3 (VIOLATED)
wire2593/X                               32     35     -3 (VIOLATED)
wire2825/X                               32     35     -3 (VIOLATED)
wire3042/X                               32     35     -3 (VIOLATED)
wire3121/X                               32     35     -3 (VIOLATED)
wire3360/X                               32     35     -3 (VIOLATED)
wire3931/X                               32     35     -3 (VIOLATED)
wire4276/X                               32     35     -3 (VIOLATED)
wire4289/X                               32     35     -3 (VIOLATED)
wire4292/X                               32     35     -3 (VIOLATED)
wire4297/X                               32     35     -3 (VIOLATED)
wire4334/X                               32     35     -3 (VIOLATED)
wire4401/X                               32     35     -3 (VIOLATED)
wire486/X                                32     35     -3 (VIOLATED)
wire869/X                                32     35     -3 (VIOLATED)
clkbuf_6_54__f_clk_i_regs/X              32     33        (VIOLATED)
fanout1144/X                             32     33        (VIOLATED)
fanout1173/X                             32     33        (VIOLATED)
fanout1578/X                             32     33        (VIOLATED)
fanout1589/X                             32     33        (VIOLATED)
fanout2482/X                             32     33        (VIOLATED)
fanout3136/X                             32     33        (VIOLATED)
fanout3628/X                             32     33        (VIOLATED)
fanout3674/X                             32     33        (VIOLATED)
fanout3755/X                             32     33        (VIOLATED)
fanout3759/X                             32     33        (VIOLATED)
fanout4274/X                             32     33        (VIOLATED)
fanout4322/X                             32     33        (VIOLATED)
fanout4404/X                             32     33        (VIOLATED)
fanout4428/X                             32     33        (VIOLATED)
i_soc.i_ai_accel._12549_/X               32     33        (VIOLATED)
i_soc.i_ai_accel._17296_/X               32     33        (VIOLATED)
i_soc.i_ai_accel._17329_/X               32     33        (VIOLATED)
i_soc.i_ai_accel._22523_/Y               32     33        (VIOLATED)
i_soc.i_ai_accel._23325_/Q               32     33        (VIOLATED)
i_soc.i_ai_accel._23364_/Q               32     33        (VIOLATED)
i_soc.i_ai_accel._23576_/Q               32     33        (VIOLATED)
i_soc.i_cpu.core_i.cs_registers_i._1883_/X     32     33        (VIOLATED)
i_soc.i_cpu.core_i.cs_registers_i._2327_/X     32     33        (VIOLATED)
i_soc.i_cpu.core_i.ex_stage_i.alu_i._4649_/X     32     33        (VIOLATED)
i_soc.i_cpu.core_i.ex_stage_i.alu_i._6112_/X     32     33        (VIOLATED)
i_soc.i_cpu.core_i.ex_stage_i.mult_i._12451_/Y     32     33        (VIOLATED)
i_soc.i_cpu.core_i.ex_stage_i.mult_i._12995_/Y     32     33        (VIOLATED)
i_soc.i_cpu.core_i.ex_stage_i.mult_i._13009_/Y     32     33        (VIOLATED)
i_soc.i_cpu.core_i.ex_stage_i.mult_i._22205_/X     32     33        (VIOLATED)
i_soc.i_cpu.core_i.id_stage_i._2485_/X     32     33        (VIOLATED)
i_soc.i_cpu.core_i.id_stage_i._3727_/Q     32     33        (VIOLATED)
i_soc.i_cpu.core_i.id_stage_i._3882_/Q     32     33        (VIOLATED)
i_soc.i_cpu.core_i.id_stage_i._3985_/Q     32     33        (VIOLATED)
i_soc.i_cpu.core_i.id_stage_i.register_file_i._5943_/X     32     33        (VIOLATED)
i_soc.i_cpu.core_i.if_stage_i._880_/Q     32     33        (VIOLATED)
i_soc.i_cpu.core_i.if_stage_i._908_/Q     32     33        (VIOLATED)
i_soc.i_cpu.core_i.if_stage_i.aligner_i._460_/X     32     33        (VIOLATED)
i_soc.i_cpu.core_i.load_store_unit_i._0697_/X     32     33        (VIOLATED)
i_soc.i_cpu.core_i.load_store_unit_i._1015_/X     32     33        (VIOLATED)
i_soc.i_gpio._142_/X                     32     33        (VIOLATED)
i_soc.i_i2c._0430_/Y                     32     33        (VIOLATED)
i_soc.i_i2c._0618_/X                     32     33        (VIOLATED)
i_soc.i_qspi._08630_/Y                   32     33        (VIOLATED)
i_soc.i_qspi._08814_/X                   32     33        (VIOLATED)
i_soc.i_qspi._08835_/Y                   32     33        (VIOLATED)
i_soc.i_qspi._10856_/X                   32     33        (VIOLATED)
i_soc.i_qspi._11901_/Y                   32     33        (VIOLATED)
i_soc.i_qspi._14594_/X                   32     33        (VIOLATED)
load_slew1147/X                          32     33        (VIOLATED)
load_slew1153/X                          32     33        (VIOLATED)
load_slew1164/X                          32     33        (VIOLATED)
load_slew1167/X                          32     33        (VIOLATED)
load_slew1183/X                          32     33        (VIOLATED)
load_slew1188/X                          32     33        (VIOLATED)
load_slew136/X                           32     33        (VIOLATED)
load_slew1474/X                          32     33        (VIOLATED)
load_slew1537/X                          32     33        (VIOLATED)
load_slew1553/X                          32     33        (VIOLATED)
load_slew1557/X                          32     33        (VIOLATED)
load_slew1567/X                          32     33        (VIOLATED)
load_slew158/X                           32     33        (VIOLATED)
load_slew1581/X                          32     33        (VIOLATED)
load_slew1740/X                          32     33        (VIOLATED)
load_slew1758/X                          32     33        (VIOLATED)
load_slew2125/X                          32     33        (VIOLATED)
load_slew2130/X                          32     33        (VIOLATED)
load_slew2280/X                          32     33        (VIOLATED)
load_slew2356/X                          32     33        (VIOLATED)
load_slew2616/X                          32     33        (VIOLATED)
load_slew2760/X                          32     33        (VIOLATED)
load_slew305/X                           32     33        (VIOLATED)
load_slew3626/X                          32     33        (VIOLATED)
load_slew3636/X                          32     33        (VIOLATED)
load_slew374/X                           32     33        (VIOLATED)
load_slew3925/X                          32     33        (VIOLATED)
load_slew3926/X                          32     33        (VIOLATED)
load_slew3928/X                          32     33        (VIOLATED)
load_slew4265/X                          32     33        (VIOLATED)
load_slew4278/X                          32     33        (VIOLATED)
load_slew4381/X                          32     33        (VIOLATED)
load_slew4410/X                          32     33        (VIOLATED)
load_slew501/X                           32     33        (VIOLATED)
load_slew504/X                           32     33        (VIOLATED)
load_slew562/X                           32     33        (VIOLATED)
load_slew606/X                           32     33        (VIOLATED)
load_slew613/X                           32     33        (VIOLATED)
load_slew6535/X                          32     33        (VIOLATED)
load_slew861/X                           32     33        (VIOLATED)
load_slew88/X                            32     33        (VIOLATED)
load_slew880/X                           32     33        (VIOLATED)
load_slew894/X                           32     33        (VIOLATED)
load_slew912/X                           32     33        (VIOLATED)
load_slew924/X                           32     33        (VIOLATED)
max_cap1156/X                            32     33        (VIOLATED)
max_cap1598/X                            32     33        (VIOLATED)
max_cap1600/X                            32     33        (VIOLATED)
max_cap1607/X                            32     33        (VIOLATED)
max_cap1760/X                            32     33        (VIOLATED)
max_cap1809/X                            32     33        (VIOLATED)
max_cap2091/X                            32     33        (VIOLATED)
max_cap2137/X                            32     33        (VIOLATED)
max_cap2269/X                            32     33        (VIOLATED)
max_cap2270/X                            32     33        (VIOLATED)
max_cap2578/X                            32     33        (VIOLATED)
max_cap2722/X                            32     33        (VIOLATED)
max_cap2745/X                            32     33        (VIOLATED)
max_cap2752/X                            32     33        (VIOLATED)
max_cap2801/X                            32     33        (VIOLATED)
max_cap2835/X                            32     33        (VIOLATED)
max_cap287/X                             32     33        (VIOLATED)
max_cap2947/X                            32     33        (VIOLATED)
max_cap2948/X                            32     33        (VIOLATED)
max_cap303/X                             32     33        (VIOLATED)
max_cap304/X                             32     33        (VIOLATED)
max_cap3067/X                            32     33        (VIOLATED)
max_cap3126/X                            32     33        (VIOLATED)
max_cap321/X                             32     33        (VIOLATED)
max_cap322/X                             32     33        (VIOLATED)
max_cap3362/X                            32     33        (VIOLATED)
max_cap3695/X                            32     33        (VIOLATED)
max_cap3698/X                            32     33        (VIOLATED)
max_cap3699/X                            32     33        (VIOLATED)
max_cap3826/X                            32     33        (VIOLATED)
max_cap391/X                             32     33        (VIOLATED)
max_cap396/X                             32     33        (VIOLATED)
max_cap4303/X                            32     33        (VIOLATED)
max_cap4418/X                            32     33        (VIOLATED)
max_cap599/X                             32     33        (VIOLATED)
max_cap689/X                             32     33        (VIOLATED)
max_cap875/X                             32     33        (VIOLATED)
max_cap890/X                             32     33        (VIOLATED)
max_cap891/X                             32     33        (VIOLATED)
max_cap893/X                             32     33        (VIOLATED)
max_cap902/X                             32     33        (VIOLATED)
max_cap905/X                             32     33        (VIOLATED)
rebuffer8746/X                           32     33        (VIOLATED)
wire1143/X                               32     33        (VIOLATED)
wire1178/X                               32     33        (VIOLATED)
wire1180/X                               32     33        (VIOLATED)
wire123/X                                32     33        (VIOLATED)
wire133/X                                32     33        (VIOLATED)
wire139/X                                32     33        (VIOLATED)
wire144/X                                32     33        (VIOLATED)
wire1471/X                               32     33        (VIOLATED)
wire1545/X                               32     33        (VIOLATED)
wire1576/X                               32     33        (VIOLATED)
wire1586/X                               32     33        (VIOLATED)
wire1588/X                               32     33        (VIOLATED)
wire1748/X                               32     33        (VIOLATED)
wire181/X                                32     33        (VIOLATED)
wire2126/X                               32     33        (VIOLATED)
wire2319/X                               32     33        (VIOLATED)
wire2339/X                               32     33        (VIOLATED)
wire2346/X                               32     33        (VIOLATED)
wire2510/X                               32     33        (VIOLATED)
wire2551/X                               32     33        (VIOLATED)
wire2567/X                               32     33        (VIOLATED)
wire2706/X                               32     33        (VIOLATED)
wire2840/X                               32     33        (VIOLATED)
wire3642/X                               32     33        (VIOLATED)
wire3776/X                               32     33        (VIOLATED)
wire3934/X                               32     33        (VIOLATED)
wire4257/X                               32     33        (VIOLATED)
wire4266/X                               32     33        (VIOLATED)
wire4271/X                               32     33        (VIOLATED)
wire4273/X                               32     33        (VIOLATED)
wire4281/X                               32     33        (VIOLATED)
wire4299/X                               32     33        (VIOLATED)
wire4306/X                               32     33        (VIOLATED)
wire4308/X                               32     33        (VIOLATED)
wire4319/X                               32     33        (VIOLATED)
wire4325/X                               32     33        (VIOLATED)
wire4330/X                               32     33        (VIOLATED)
wire4344/X                               32     33        (VIOLATED)
wire4348/X                               32     33        (VIOLATED)
wire4354/X                               32     33        (VIOLATED)
wire4360/X                               32     33        (VIOLATED)
wire4366/X                               32     33        (VIOLATED)
wire4369/X                               32     33        (VIOLATED)
wire4371/X                               32     33        (VIOLATED)
wire4377/X                               32     33        (VIOLATED)
wire4385/X                               32     33        (VIOLATED)
wire4388/X                               32     33        (VIOLATED)
wire4390/X                               32     33        (VIOLATED)
wire4393/X                               32     33        (VIOLATED)
wire4395/X                               32     33        (VIOLATED)
wire4403/X                               32     33        (VIOLATED)
wire4406/X                               32     33        (VIOLATED)
wire4420/X                               32     33        (VIOLATED)
wire493/X                                32     33        (VIOLATED)
wire528/X                                32     33        (VIOLATED)
wire573/X                                32     33        (VIOLATED)
wire83/X                                 32     33        (VIOLATED)
wire864/X                                32     33        (VIOLATED)
wire866/X                                32     33        (VIOLATED)
wire897/X                                32     33        (VIOLATED)
wire903/X                                32     33        (VIOLATED)
wire920/X                                32     33        (VIOLATED)

max capacitance

Pin                                        Limit         Cap       Slack
------------------------------------------------------------------------
wire3183/X                              1.531687    5.010925   -3.479238 (VIOLATED)
wire4071/X                              1.531687    5.009691   -3.478004 (VIOLATED)
wire3187/X                              1.531687    5.009616   -3.477929 (VIOLATED)
wire3180/X                              1.531687    5.009506   -3.477819 (VIOLATED)
wire3176/X                              1.531687    5.009178   -3.477490 (VIOLATED)
wire3172/X                              1.531687    5.008881   -3.477194 (VIOLATED)
wire3184/X                              1.531687    5.008830   -3.477143 (VIOLATED)
wire3177/X                              1.531687    5.008467   -3.476780 (VIOLATED)
wire3186/X                              1.531687    5.008379   -3.476692 (VIOLATED)
wire2613/X                              1.531687    5.008346   -3.476659 (VIOLATED)
wire3189/X                              1.531687    5.008239   -3.476552 (VIOLATED)
wire3188/X                              1.531687    5.008132   -3.476445 (VIOLATED)
wire3173/X                              1.531687    5.008070   -3.476382 (VIOLATED)
wire2492/X                              1.531687    5.007959   -3.476272 (VIOLATED)
wire3171/X                              1.531687    5.007848   -3.476161 (VIOLATED)
wire3182/X                              1.531687    5.007801   -3.476114 (VIOLATED)
wire3179/X                              1.531687    5.007700   -3.476013 (VIOLATED)
wire3178/X                              1.531687    5.007653   -3.475966 (VIOLATED)
wire3185/X                              1.531687    5.007624   -3.475937 (VIOLATED)
wire4073/X                              1.531687    5.007518   -3.475831 (VIOLATED)
wire3190/X                              1.531687    5.007420   -3.475733 (VIOLATED)
wire4072/X                              1.531687    5.007288   -3.475601 (VIOLATED)
wire4075/X                              1.531687    5.007287   -3.475600 (VIOLATED)
wire2493/X                              1.531687    5.007155   -3.475468 (VIOLATED)
wire3175/X                              1.531687    5.007083   -3.475396 (VIOLATED)
wire2614/X                              1.531687    5.006966   -3.475279 (VIOLATED)
wire3191/X                              1.531687    5.006953   -3.475266 (VIOLATED)
wire3181/X                              1.531687    5.006718   -3.475031 (VIOLATED)
wire4074/X                              1.531687    5.006362   -3.474675 (VIOLATED)
wire3174/X                              1.531687    5.006328   -3.474640 (VIOLATED)
i_soc.i_data_sram.u_sram.gen_bank[2].gen_512.u_macro/dout1[17]    0.027560    0.217133   -0.189573 (VIOLATED)
i_soc.i_data_sram.u_sram.gen_bank[2].gen_512.u_macro/dout1[20]    0.027560    0.216697   -0.189137 (VIOLATED)
i_soc.i_data_sram.u_sram.gen_bank[2].gen_512.u_macro/dout1[15]    0.027560    0.210372   -0.182812 (VIOLATED)
i_soc.i_instr_sram.u_sram.gen_bank[3].gen_512.u_macro/dout1[15]    0.027560    0.209386   -0.181826 (VIOLATED)
i_soc.i_instr_sram.u_sram.gen_bank[3].gen_512.u_macro/dout1[20]    0.027560    0.203469   -0.175909 (VIOLATED)
i_soc.i_instr_sram.u_sram.gen_bank[3].gen_512.u_macro/dout1[21]    0.027560    0.201123   -0.173563 (VIOLATED)
i_soc.i_data_sram.u_sram.gen_bank[2].gen_512.u_macro/dout1[13]    0.027560    0.200355   -0.172795 (VIOLATED)
i_soc.i_instr_sram.u_sram.gen_bank[3].gen_512.u_macro/dout1[19]    0.027560    0.199399   -0.171839 (VIOLATED)
i_soc.i_data_sram.u_sram.gen_bank[2].gen_512.u_macro/dout1[16]    0.027560    0.194467   -0.166907 (VIOLATED)
i_soc.i_data_sram.u_sram.gen_bank[2].gen_512.u_macro/dout1[9]    0.027560    0.193108   -0.165548 (VIOLATED)
i_soc.i_instr_sram.u_sram.gen_bank[3].gen_512.u_macro/dout1[18]    0.027560    0.192418   -0.164858 (VIOLATED)
i_soc.i_data_sram.u_sram.gen_bank[2].gen_512.u_macro/dout1[24]    0.027560    0.192214   -0.164654 (VIOLATED)
i_soc.i_instr_sram.u_sram.gen_bank[3].gen_512.u_macro/dout1[9]    0.027560    0.192022   -0.164462 (VIOLATED)
i_soc.i_instr_sram.u_sram.gen_bank[3].gen_512.u_macro/dout1[23]    0.027560    0.191184   -0.163624 (VIOLATED)
i_soc.i_data_sram.u_sram.gen_bank[2].gen_512.u_macro/dout1[22]    0.027560    0.190644   -0.163084 (VIOLATED)
i_soc.i_data_sram.u_sram.gen_bank[2].gen_512.u_macro/dout1[12]    0.027560    0.187963   -0.160403 (VIOLATED)
i_soc.i_data_sram.u_sram.gen_bank[2].gen_512.u_macro/dout1[8]    0.027560    0.187487   -0.159927 (VIOLATED)
i_soc.i_data_sram.u_sram.gen_bank[2].gen_512.u_macro/dout1[11]    0.027560    0.187164   -0.159604 (VIOLATED)
i_soc.i_instr_sram.u_sram.gen_bank[3].gen_512.u_macro/dout1[24]    0.027560    0.186398   -0.158838 (VIOLATED)
i_soc.i_data_sram.u_sram.gen_bank[2].gen_512.u_macro/dout1[14]    0.027560    0.186192   -0.158632 (VIOLATED)
i_soc.i_instr_sram.u_sram.gen_bank[3].gen_512.u_macro/dout1[8]    0.027560    0.186102   -0.158542 (VIOLATED)
i_soc.i_instr_sram.u_sram.gen_bank[3].gen_512.u_macro/dout1[17]    0.027560    0.183909   -0.156349 (VIOLATED)
i_soc.i_instr_sram.u_sram.gen_bank[3].gen_512.u_macro/dout1[16]    0.027560    0.182079   -0.154519 (VIOLATED)
i_soc.i_instr_sram.u_sram.gen_bank[3].gen_512.u_macro/dout1[22]    0.027560    0.180762   -0.153202 (VIOLATED)
i_soc.i_data_sram.u_sram.gen_bank[2].gen_512.u_macro/dout1[7]    0.027560    0.180422   -0.152862 (VIOLATED)
i_soc.i_instr_sram.u_sram.gen_bank[3].gen_512.u_macro/dout1[13]    0.027560    0.180334   -0.152774 (VIOLATED)
i_soc.i_instr_sram.u_sram.gen_bank[3].gen_512.u_macro/dout1[10]    0.027560    0.179956   -0.152396 (VIOLATED)
i_soc.i_instr_sram.u_sram.gen_bank[3].gen_512.u_macro/dout1[12]    0.027560    0.178824   -0.151264 (VIOLATED)
i_soc.i_instr_sram.u_sram.gen_bank[3].gen_512.u_macro/dout1[25]    0.027560    0.176261   -0.148701 (VIOLATED)
i_soc.i_instr_sram.u_sram.gen_bank[3].gen_512.u_macro/dout1[26]    0.027560    0.169990   -0.142430 (VIOLATED)
i_soc.i_data_sram.u_sram.gen_bank[2].gen_512.u_macro/dout1[10]    0.027560    0.168684   -0.141124 (VIOLATED)
i_soc.i_instr_sram.u_sram.gen_bank[3].gen_512.u_macro/dout1[11]    0.027560    0.165802   -0.138242 (VIOLATED)
i_soc.i_instr_sram.u_sram.gen_bank[3].gen_512.u_macro/dout1[6]    0.027560    0.162868   -0.135308 (VIOLATED)
i_soc.i_instr_sram.u_sram.gen_bank[3].gen_512.u_macro/dout1[7]    0.027560    0.157988   -0.130428 (VIOLATED)
i_soc.i_data_sram.u_sram.gen_bank[2].gen_512.u_macro/dout1[4]    0.027560    0.155688   -0.128128 (VIOLATED)
i_soc.i_data_sram.u_sram.gen_bank[2].gen_512.u_macro/dout1[6]    0.027560    0.154660   -0.127100 (VIOLATED)
i_soc.i_data_sram.u_sram.gen_bank[2].gen_512.u_macro/dout1[26]    0.027560    0.154657   -0.127097 (VIOLATED)
i_soc.i_instr_sram.u_sram.gen_bank[3].gen_512.u_macro/dout1[14]    0.027560    0.154514   -0.126954 (VIOLATED)
i_soc.i_data_sram.u_sram.gen_bank[2].gen_512.u_macro/dout1[25]    0.027560    0.151584   -0.124024 (VIOLATED)
i_soc.i_data_sram.u_sram.gen_bank[2].gen_512.u_macro/dout1[2]    0.027560    0.147875   -0.120315 (VIOLATED)
i_soc.i_data_sram.u_sram.gen_bank[2].gen_512.u_macro/dout1[3]    0.027560    0.146456   -0.118896 (VIOLATED)
i_soc.i_ai_sram._70_/Q                  0.322276    0.431902   -0.109626 (VIOLATED)
i_soc.i_ai_sram._71_/Q                  0.322276    0.428064   -0.105788 (VIOLATED)
i_soc.i_instr_sram.u_sram.gen_bank[3].gen_512.u_macro/dout1[27]    0.027560    0.131225   -0.103665 (VIOLATED)
i_soc.i_data_sram.u_sram.gen_bank[2].gen_512.u_macro/dout1[5]    0.027560    0.129541   -0.101981 (VIOLATED)
i_soc.i_ai_sram._69_/Q                  0.322276    0.402454   -0.080178 (VIOLATED)
i_soc.i_ai_sram._73_/Q                  0.322276    0.395750   -0.073474 (VIOLATED)
i_soc.i_ai_sram._72_/Q                  0.322276    0.388492   -0.066216 (VIOLATED)
i_soc.i_crossbar._0845_/X               0.561228    0.626948   -0.065720 (VIOLATED)
i_soc.i_instr_sram.u_sram.gen_bank[3].gen_512.u_macro/dout1[30]    0.027560    0.083487   -0.055927 (VIOLATED)
i_soc.i_instr_sram.u_sram.gen_bank[3].gen_512.u_macro/dout1[2]    0.027560    0.083372   -0.055812 (VIOLATED)
i_soc.i_instr_sram.u_sram.gen_bank[3].gen_512.u_macro/dout1[31]    0.027560    0.081776   -0.054216 (VIOLATED)
i_soc.i_data_sram.u_sram.gen_bank[2].gen_512.u_macro/dout1[29]    0.027560    0.079332   -0.051772 (VIOLATED)
i_soc.i_data_sram.u_sram.gen_bank[2].gen_512.u_macro/dout1[27]    0.027560    0.079236   -0.051676 (VIOLATED)
i_soc.i_ai_sram._78_/Q                  0.322276    0.369982   -0.047706 (VIOLATED)
i_soc.i_data_sram.u_sram.gen_bank[3].gen_512.u_macro/dout1[6]    0.027560    0.074946   -0.047386 (VIOLATED)
i_soc.i_instr_sram.u_sram.gen_bank[2].gen_512.u_macro/dout1[21]    0.027560    0.074487   -0.046927 (VIOLATED)
i_soc.i_data_sram.u_sram.gen_bank[3].gen_512.u_macro/dout1[7]    0.027560    0.074361   -0.046801 (VIOLATED)
i_soc.i_data_sram.u_sram.gen_bank[3].gen_512.u_macro/dout1[3]    0.027560    0.071683   -0.044123 (VIOLATED)
i_soc.i_ai_sram.u_sram._589_/X          0.301218    0.345250   -0.044032 (VIOLATED)
i_soc.i_data_sram.u_sram.gen_bank[2].gen_512.u_macro/dout1[30]    0.027560    0.069989   -0.042429 (VIOLATED)
i_soc.i_instr_sram.u_sram.gen_bank[3].gen_512.u_macro/dout1[4]    0.027560    0.068781   -0.041221 (VIOLATED)
i_soc.i_instr_sram.u_sram.gen_bank[2].gen_512.u_macro/dout1[23]    0.027560    0.068199   -0.040639 (VIOLATED)
i_soc.i_instr_sram.u_sram.gen_bank[3].gen_512.u_macro/dout1[3]    0.027560    0.067485   -0.039925 (VIOLATED)
i_soc.i_instr_sram.u_sram.gen_bank[2].gen_512.u_macro/dout1[30]    0.027560    0.067209   -0.039649 (VIOLATED)
i_soc.i_instr_sram.u_sram.gen_bank[3].gen_512.u_macro/dout1[0]    0.027560    0.067092   -0.039532 (VIOLATED)
i_soc.i_ai_sram._77_/Q                  0.322276    0.360272   -0.037996 (VIOLATED)
i_soc.i_data_sram.u_sram.gen_bank[3].gen_512.u_macro/dout1[8]    0.027560    0.065517   -0.037957 (VIOLATED)
i_soc.i_data_sram.u_sram.gen_bank[1].gen_512.u_macro/dout1[9]    0.027560    0.064911   -0.037351 (VIOLATED)
i_soc.i_instr_sram.u_sram.gen_bank[3].gen_512.u_macro/dout1[1]    0.027560    0.064284   -0.036724 (VIOLATED)
i_soc.i_gpio._233_/Q                    0.322276    0.358904   -0.036628 (VIOLATED)
i_soc.i_data_sram.u_sram.gen_bank[2].gen_512.u_macro/dout1[28]    0.027560    0.062361   -0.034801 (VIOLATED)
i_soc.i_ai_sram.u_sram._572_/X          0.301218    0.335211   -0.033993 (VIOLATED)
i_soc.i_instr_sram.u_sram.gen_bank[3].gen_512.u_macro/dout1[5]    0.027560    0.061118   -0.033558 (VIOLATED)
i_soc.i_instr_sram.u_sram.gen_bank[3].gen_512.u_macro/dout1[29]    0.027560    0.060907   -0.033347 (VIOLATED)
i_soc.i_data_sram.u_sram.gen_bank[1].gen_512.u_macro/dout1[5]    0.027560    0.060379   -0.032819 (VIOLATED)
i_soc.i_data_sram.u_sram.gen_bank[3].gen_512.u_macro/dout1[4]    0.027560    0.059801   -0.032241 (VIOLATED)
i_soc.i_data_sram.u_sram.gen_bank[2].gen_512.u_macro/dout1[31]    0.027560    0.059516   -0.031956 (VIOLATED)
i_soc.i_data_sram.u_sram.gen_bank[1].gen_512.u_macro/dout1[6]    0.027560    0.059276   -0.031716 (VIOLATED)
i_soc.i_instr_sram.u_sram.gen_bank[3].gen_512.u_macro/dout1[28]    0.027560    0.059086   -0.031526 (VIOLATED)
i_soc.i_instr_sram.u_sram.gen_bank[2].gen_512.u_macro/dout1[28]    0.027560    0.056833   -0.029273 (VIOLATED)
i_soc.i_instr_sram.u_sram.gen_bank[2].gen_512.u_macro/dout1[31]    0.027560    0.056591   -0.029031 (VIOLATED)
i_soc.i_data_sram.u_sram.gen_bank[3].gen_512.u_macro/dout1[5]    0.027560    0.056463   -0.028903 (VIOLATED)
i_soc.i_data_sram.u_sram.gen_bank[3].gen_512.u_macro/dout1[1]    0.027560    0.056322   -0.028762 (VIOLATED)
i_soc.i_instr_sram.u_sram.gen_bank[2].gen_512.u_macro/dout1[25]    0.027560    0.055063   -0.027503 (VIOLATED)
i_soc.i_ai_accel.u_input_mem/dout1[6]    0.027560    0.054474   -0.026914 (VIOLATED)
i_soc.i_ai_accel.u_input_mem/dout1[7]    0.027560    0.052001   -0.024441 (VIOLATED)
i_soc.i_data_sram.u_sram.gen_bank[3].gen_512.u_macro/dout1[2]    0.027560    0.051904   -0.024344 (VIOLATED)
i_soc.i_data_sram.u_sram.gen_bank[1].gen_512.u_macro/dout1[4]    0.027560    0.051534   -0.023974 (VIOLATED)
i_soc.i_ai_sram.u_sram.gen_bank[11].gen_512.u_macro/dout1[1]    0.027560    0.051205   -0.023645 (VIOLATED)
i_soc.i_ai_accel.u_input_mem/dout1[4]    0.027560    0.050721   -0.023161 (VIOLATED)
i_soc.i_ai_sram.u_sram.gen_bank[1].gen_512.u_macro/dout1[31]    0.027560    0.050580   -0.023020 (VIOLATED)
i_soc.i_uart_0.i_uart_tx._334_/Q        0.303049    0.325953   -0.022904 (VIOLATED)
i_soc.i_data_sram.u_sram.gen_bank[3].gen_512.u_macro/dout1[0]    0.027560    0.050139   -0.022579 (VIOLATED)
fanout1165/X                            0.151987    0.173219   -0.021232 (VIOLATED)
i_soc.i_data_sram.u_sram.gen_bank[1].gen_512.u_macro/dout1[2]    0.027560    0.048125   -0.020565 (VIOLATED)
i_soc.i_data_sram.u_sram.gen_bank[3].gen_512.u_macro/dout1[16]    0.027560    0.047849   -0.020289 (VIOLATED)
i_soc.i_data_sram.u_sram.gen_bank[3].gen_512.u_macro/dout1[12]    0.027560    0.047135   -0.019575 (VIOLATED)
i_soc.i_ai_sram.u_sram._539_/X          0.301218    0.320742   -0.019524 (VIOLATED)
i_soc.i_crossbar._0850_/X               0.561228    0.580432   -0.019204 (VIOLATED)
i_soc.i_data_sram.u_sram.gen_bank[3].gen_512.u_macro/dout1[13]    0.027560    0.046648   -0.019088 (VIOLATED)
i_soc.i_crossbar._1015_/X               0.561228    0.580044   -0.018816 (VIOLATED)
_00_/X                                  0.315867    0.334453   -0.018586 (VIOLATED)
i_soc.i_data_sram.u_sram.gen_bank[1].gen_512.u_macro/dout1[0]    0.027560    0.045714   -0.018154 (VIOLATED)
i_soc.i_ai_sram.u_sram._594_/X          0.301218    0.319092   -0.017874 (VIOLATED)
i_soc.i_instr_sram.u_sram.gen_bank[2].gen_512.u_macro/dout1[17]    0.027560    0.044586   -0.017026 (VIOLATED)
i_soc.i_ai_sram.u_sram.gen_bank[5].gen_512.u_macro/dout1[31]    0.027560    0.044555   -0.016995 (VIOLATED)
_02_/X                                  0.315867    0.332852   -0.016985 (VIOLATED)
i_soc.i_crossbar._0854_/X               0.561228    0.578131   -0.016903 (VIOLATED)
i_soc.i_data_sram.u_sram.gen_bank[3].gen_512.u_macro/dout1[14]    0.027560    0.044290   -0.016730 (VIOLATED)
i_soc.i_ai_sram.u_sram._627_/X          0.301218    0.316883   -0.015665 (VIOLATED)
i_soc.i_data_sram.u_sram.gen_bank[1].gen_512.u_macro/dout1[3]    0.027560    0.042929   -0.015369 (VIOLATED)
i_soc.i_ai_sram.u_sram.gen_bank[0].gen_512.u_macro/dout1[19]    0.027560    0.042877   -0.015317 (VIOLATED)
i_soc.i_data_sram.u_sram.gen_bank[3].gen_512.u_macro/dout1[15]    0.027560    0.042787   -0.015227 (VIOLATED)
i_soc.i_instr_sram.u_sram.gen_bank[2].gen_512.u_macro/dout1[15]    0.027560    0.042398   -0.014838 (VIOLATED)
i_soc.i_ai_sram.u_sram.gen_bank[0].gen_512.u_macro/dout1[20]    0.027560    0.042189   -0.014629 (VIOLATED)
i_soc.i_instr_sram.u_sram.gen_bank[2].gen_512.u_macro/dout1[13]    0.027560    0.042066   -0.014506 (VIOLATED)
i_soc.i_ai_sram.u_sram._506_/X          0.301218    0.315681   -0.014463 (VIOLATED)
fanout1277/X                            0.151987    0.166276   -0.014289 (VIOLATED)
i_soc.i_data_sram.u_sram.gen_bank[3].gen_512.u_macro/dout1[21]    0.027560    0.041830   -0.014270 (VIOLATED)
i_soc.i_instr_sram.u_sram.gen_bank[2].gen_512.u_macro/dout1[20]    0.027560    0.041815   -0.014255 (VIOLATED)
i_soc.i_ai_sram.u_sram.gen_bank[0].gen_512.u_macro/dout1[26]    0.027560    0.041659   -0.014099 (VIOLATED)
fanout1169/X                            0.151987    0.166010   -0.014023 (VIOLATED)
i_soc.i_ai_sram.u_sram.gen_bank[0].gen_512.u_macro/dout1[21]    0.027560    0.041046   -0.013486 (VIOLATED)
i_soc.i_ai_sram.u_sram.gen_bank[4].gen_512.u_macro/dout1[27]    0.027560    0.040880   -0.013320 (VIOLATED)
i_soc.i_ai_sram.u_sram.gen_bank[4].gen_512.u_macro/dout1[14]    0.027560    0.040865   -0.013305 (VIOLATED)
i_soc.i_data_sram.u_sram.gen_bank[3].gen_512.u_macro/dout1[11]    0.027560    0.040651   -0.013091 (VIOLATED)
i_soc.i_ai_sram.u_sram.gen_bank[4].gen_512.u_macro/dout1[17]    0.027560    0.040528   -0.012968 (VIOLATED)
i_soc.i_ai_sram.u_sram.gen_bank[0].gen_512.u_macro/dout1[16]    0.027560    0.040486   -0.012926 (VIOLATED)
i_soc.i_ai_sram.u_sram.gen_bank[0].gen_512.u_macro/dout1[24]    0.027560    0.040380   -0.012820 (VIOLATED)
i_soc.i_instr_sram.u_sram.gen_bank[2].gen_512.u_macro/dout1[4]    0.027560    0.040345   -0.012785 (VIOLATED)
fanout1584/X                            0.151987    0.164747   -0.012760 (VIOLATED)
i_soc.i_ai_accel.u_input_mem/dout1[0]    0.027560    0.040055   -0.012495 (VIOLATED)
i_soc.i_ai_accel.u_input_mem/dout1[5]    0.027560    0.039928   -0.012368 (VIOLATED)
i_soc.i_ai_sram.u_sram.gen_bank[0].gen_512.u_macro/dout1[15]    0.027560    0.039826   -0.012266 (VIOLATED)
i_soc.i_ai_sram.u_sram.gen_bank[0].gen_512.u_macro/dout1[18]    0.027560    0.039738   -0.012178 (VIOLATED)
fanout1157/X                            0.151987    0.163921   -0.011934 (VIOLATED)
i_soc.i_data_sram.u_sram.gen_bank[3].gen_512.u_macro/dout1[24]    0.027560    0.039367   -0.011807 (VIOLATED)
i_soc.i_ai_sram.u_sram.gen_bank[4].gen_512.u_macro/dout1[16]    0.027560    0.039300   -0.011740 (VIOLATED)
i_soc.i_data_sram.u_sram.gen_bank[3].gen_512.u_macro/dout1[22]    0.027560    0.039237   -0.011677 (VIOLATED)
i_soc.i_ai_sram.u_sram.gen_bank[0].gen_512.u_macro/dout1[5]    0.027560    0.039179   -0.011619 (VIOLATED)
fanout1171/X                            0.151987    0.163494   -0.011507 (VIOLATED)
i_soc.i_ai_sram.u_sram.gen_bank[4].gen_512.u_macro/dout1[12]    0.027560    0.039022   -0.011462 (VIOLATED)
i_soc.i_ai_sram.u_sram.gen_bank[4].gen_512.u_macro/dout1[15]    0.027560    0.039009   -0.011449 (VIOLATED)
i_soc.i_ai_sram.u_sram.gen_bank[0].gen_512.u_macro/dout1[23]    0.027560    0.038994   -0.011434 (VIOLATED)
i_soc.i_ai_sram.u_sram.gen_bank[0].gen_512.u_macro/dout1[8]    0.027560    0.038974   -0.011414 (VIOLATED)
i_soc.i_ai_sram.u_sram.gen_bank[4].gen_512.u_macro/dout1[18]    0.027560    0.038965   -0.011405 (VIOLATED)
fanout1151/X                            0.151987    0.163295   -0.011308 (VIOLATED)
i_soc.i_ai_accel.u_conv_w_mem/dout1[15]    0.027560    0.038829   -0.011269 (VIOLATED)
i_soc.i_ai_sram.u_sram.gen_bank[4].gen_512.u_macro/dout1[20]    0.027560    0.038773   -0.011213 (VIOLATED)
i_soc.i_ai_sram.u_sram.gen_bank[4].gen_512.u_macro/dout1[11]    0.027560    0.038724   -0.011164 (VIOLATED)
i_soc.i_ai_sram.u_sram.gen_bank[0].gen_512.u_macro/dout1[11]    0.027560    0.038693   -0.011133 (VIOLATED)
i_soc.i_crossbar._0849_/X               0.561228    0.572321   -0.011093 (VIOLATED)
i_soc.i_ai_sram.u_sram.gen_bank[0].gen_512.u_macro/dout1[17]    0.027560    0.038625   -0.011065 (VIOLATED)
i_soc.i_ai_sram.u_sram.gen_bank[0].gen_512.u_macro/dout1[30]    0.027560    0.038438   -0.010878 (VIOLATED)
i_soc.i_ai_sram.u_sram.gen_bank[4].gen_512.u_macro/dout1[19]    0.027560    0.038435   -0.010875 (VIOLATED)
i_soc.i_ai_sram.u_sram.gen_bank[4].gen_512.u_macro/dout1[4]    0.027560    0.038316   -0.010756 (VIOLATED)
i_soc.i_ai_sram.u_sram.gen_bank[0].gen_512.u_macro/dout1[28]    0.027560    0.038303   -0.010743 (VIOLATED)
i_soc.i_ai_sram.u_sram.gen_bank[4].gen_512.u_macro/dout1[2]    0.027560    0.038091   -0.010531 (VIOLATED)
i_soc.i_ai_sram.u_sram.gen_bank[0].gen_512.u_macro/dout1[6]    0.027560    0.038042   -0.010482 (VIOLATED)
i_soc.i_data_sram.u_sram.gen_bank[3].gen_512.u_macro/dout1[9]    0.027560    0.037820   -0.010260 (VIOLATED)
i_soc.i_ai_sram.u_sram.gen_bank[4].gen_512.u_macro/dout1[29]    0.027560    0.037792   -0.010232 (VIOLATED)
i_soc.i_ai_sram.u_sram.gen_bank[0].gen_512.u_macro/dout1[14]    0.027560    0.037781   -0.010221 (VIOLATED)
i_soc.i_ai_sram.u_sram.gen_bank[4].gen_512.u_macro/dout1[3]    0.027560    0.037748   -0.010188 (VIOLATED)
i_soc.i_ai_sram.u_sram.gen_bank[0].gen_512.u_macro/dout1[29]    0.027560    0.037478   -0.009918 (VIOLATED)
i_soc.i_ai_sram.u_sram.gen_bank[4].gen_512.u_macro/dout1[26]    0.027560    0.037312   -0.009752 (VIOLATED)
i_soc.i_data_sram.u_sram.gen_bank[3].gen_512.u_macro/dout1[26]    0.027560    0.037212   -0.009652 (VIOLATED)
i_soc.i_ai_sram.u_sram.gen_bank[4].gen_512.u_macro/dout1[25]    0.027560    0.037057   -0.009497 (VIOLATED)
i_soc.i_instr_sram.u_sram.gen_bank[2].gen_512.u_macro/dout1[16]    0.027560    0.036893   -0.009333 (VIOLATED)
i_soc.i_data_sram.u_sram.gen_bank[3].gen_512.u_macro/dout1[18]    0.027560    0.036836   -0.009276 (VIOLATED)
i_soc.i_data_sram.u_sram.gen_bank[1].gen_512.u_macro/dout1[1]    0.027560    0.036832   -0.009272 (VIOLATED)
i_soc.i_instr_sram.u_sram.gen_bank[2].gen_512.u_macro/dout1[8]    0.027560    0.036724   -0.009164 (VIOLATED)
i_soc.i_ai_sram.u_sram.gen_bank[4].gen_512.u_macro/dout1[13]    0.027560    0.036669   -0.009109 (VIOLATED)
i_soc.i_ai_sram.u_sram.gen_bank[4].gen_512.u_macro/dout1[24]    0.027560    0.036657   -0.009097 (VIOLATED)
i_soc.i_ai_sram.u_sram.gen_bank[0].gen_512.u_macro/dout1[1]    0.027560    0.036450   -0.008890 (VIOLATED)
i_soc.i_data_sram.u_sram.gen_bank[3].gen_512.u_macro/dout1[25]    0.027560    0.036432   -0.008872 (VIOLATED)
i_soc.i_ai_sram.u_sram.gen_bank[4].gen_512.u_macro/dout1[6]    0.027560    0.036339   -0.008779 (VIOLATED)
i_soc.i_ai_sram.u_sram.gen_bank[0].gen_512.u_macro/dout1[4]    0.027560    0.036191   -0.008631 (VIOLATED)
i_soc.i_ai_sram.u_sram.gen_bank[0].gen_512.u_macro/dout1[7]    0.027560    0.036183   -0.008623 (VIOLATED)
i_soc.i_ai_sram._81_/Q                  0.322276    0.330831   -0.008555 (VIOLATED)
i_soc.i_ai_sram.u_sram.gen_bank[0].gen_512.u_macro/dout1[13]    0.027560    0.035947   -0.008387 (VIOLATED)
i_soc.i_data_sram.u_sram.gen_bank[3].gen_512.u_macro/dout1[27]    0.027560    0.035939   -0.008379 (VIOLATED)
i_soc.i_ai_sram.u_sram.gen_bank[0].gen_512.u_macro/dout1[12]    0.027560    0.035919   -0.008359 (VIOLATED)
fanout1150/X                            0.151987    0.160330   -0.008343 (VIOLATED)
i_soc.i_ai_sram.u_sram._550_/X          0.301218    0.309476   -0.008258 (VIOLATED)
i_soc.i_ai_sram.u_sram.gen_bank[4].gen_512.u_macro/dout1[30]    0.027560    0.035778   -0.008218 (VIOLATED)
i_soc.i_data_sram.u_sram.gen_bank[3].gen_512.u_macro/dout1[23]    0.027560    0.035556   -0.007996 (VIOLATED)
i_soc.i_ai_sram.u_sram.gen_bank[4].gen_512.u_macro/dout1[22]    0.027560    0.035547   -0.007987 (VIOLATED)
i_soc.i_instr_sram.u_sram.gen_bank[2].gen_512.u_macro/dout1[5]    0.027560    0.035544   -0.007984 (VIOLATED)
i_soc.i_ai_sram.u_sram.gen_bank[0].gen_512.u_macro/dout1[9]    0.027560    0.035223   -0.007663 (VIOLATED)
i_soc.i_ai_accel.u_input_mem/dout1[1]    0.027560    0.035223   -0.007663 (VIOLATED)
i_soc.i_ai_sram.u_sram.gen_bank[4].gen_512.u_macro/dout1[21]    0.027560    0.035080   -0.007520 (VIOLATED)
i_soc.i_ai_sram.u_sram._567_/X          0.301218    0.308657   -0.007439 (VIOLATED)
fanout1154/X                            0.151987    0.159364   -0.007377 (VIOLATED)
_12_/X                                  0.315867    0.323106   -0.007239 (VIOLATED)
i_soc.i_data_sram.u_sram.gen_bank[3].gen_512.u_macro/dout1[30]    0.027560    0.034651   -0.007091 (VIOLATED)
i_soc.i_data_sram.u_sram.gen_bank[3].gen_512.u_macro/dout1[20]    0.027560    0.034545   -0.006985 (VIOLATED)
i_soc.i_instr_sram.u_sram.gen_bank[2].gen_512.u_macro/dout1[10]    0.027560    0.034474   -0.006914 (VIOLATED)
fanout1181/X                            0.151987    0.158513   -0.006526 (VIOLATED)
i_soc.i_ai_sram.u_sram.gen_bank[4].gen_512.u_macro/dout1[31]    0.027560    0.033890   -0.006330 (VIOLATED)
i_soc.i_ai_sram.u_sram.gen_bank[4].gen_512.u_macro/dout1[23]    0.027560    0.033818   -0.006258 (VIOLATED)
i_soc.i_ai_sram.u_sram.gen_bank[0].gen_512.u_macro/dout1[2]    0.027560    0.033801   -0.006241 (VIOLATED)
i_soc.i_crossbar._0846_/X               0.561228    0.567462   -0.006234 (VIOLATED)
fanout1172/X                            0.151987    0.158040   -0.006053 (VIOLATED)
i_soc.i_ai_sram.u_sram.gen_bank[4].gen_512.u_macro/dout1[8]    0.027560    0.033581   -0.006021 (VIOLATED)
i_soc.i_ai_sram.u_sram.gen_bank[4].gen_512.u_macro/dout1[7]    0.027560    0.033575   -0.006015 (VIOLATED)
i_soc.i_ai_sram.u_sram.gen_bank[4].gen_512.u_macro/dout1[28]    0.027560    0.033543   -0.005983 (VIOLATED)
i_soc.i_ai_sram.u_sram.gen_bank[0].gen_512.u_macro/dout1[27]    0.027560    0.033498   -0.005938 (VIOLATED)
i_soc.i_ai_sram.u_sram.gen_bank[4].gen_512.u_macro/dout1[9]    0.027560    0.033369   -0.005809 (VIOLATED)
i_soc.i_ai_sram.u_sram.gen_bank[4].gen_512.u_macro/dout1[1]    0.027560    0.033329   -0.005769 (VIOLATED)
i_soc.i_ai_sram.u_sram.gen_bank[0].gen_512.u_macro/dout1[25]    0.027560    0.033306   -0.005746 (VIOLATED)
fanout1168/X                            0.151987    0.157656   -0.005669 (VIOLATED)
fanout1170/X                            0.151987    0.157627   -0.005640 (VIOLATED)
i_soc.i_crossbar._0847_/X               0.561228    0.566822   -0.005594 (VIOLATED)
i_soc.i_ai_sram.u_sram.gen_bank[4].gen_512.u_macro/dout1[5]    0.027560    0.032814   -0.005254 (VIOLATED)
i_soc.i_crossbar._1026_/X               0.561228    0.566373   -0.005145 (VIOLATED)
i_soc.i_data_sram.u_sram.gen_bank[3].gen_512.u_macro/dout1[19]    0.027560    0.032408   -0.004848 (VIOLATED)
i_soc.i_ai_sram._79_/Q                  0.322276    0.326622   -0.004346 (VIOLATED)
i_soc.i_ai_sram._80_/Q                  0.322276    0.326535   -0.004259 (VIOLATED)
i_soc.i_data_sram.u_sram.gen_bank[3].gen_512.u_macro/dout1[17]    0.027560    0.031761   -0.004201 (VIOLATED)
fanout1158/X                            0.151987    0.156125   -0.004138 (VIOLATED)
i_soc.i_ai_sram.u_sram.gen_bank[0].gen_512.u_macro/dout1[22]    0.027560    0.031531   -0.003971 (VIOLATED)
i_soc.i_ai_sram.u_sram.gen_bank[0].gen_512.u_macro/dout1[10]    0.027560    0.031454   -0.003894 (VIOLATED)
i_soc.i_ai_sram.u_sram.gen_bank[4].gen_512.u_macro/dout1[10]    0.027560    0.031150   -0.003590 (VIOLATED)
i_soc.i_ai_sram.u_sram.gen_bank[0].gen_512.u_macro/dout1[31]    0.027560    0.030815   -0.003255 (VIOLATED)
i_soc.i_ai_sram.u_sram.gen_bank[0].gen_512.u_macro/dout1[3]    0.027560    0.030811   -0.003251 (VIOLATED)
fanout1139/X                            0.151987    0.154886   -0.002899 (VIOLATED)
i_soc.i_data_sram.u_sram.gen_bank[3].gen_512.u_macro/dout1[29]    0.027560    0.030153   -0.002593 (VIOLATED)
i_soc.i_crossbar._0832_/X               0.561228    0.563593   -0.002365 (VIOLATED)
i_soc.i_ai_accel.u_input_mem/dout1[29]    0.027560    0.029629   -0.002069 (VIOLATED)
i_soc.i_ai_accel.u_input_mem/dout1[8]    0.027560    0.029414   -0.001854 (VIOLATED)
i_soc.i_ai_accel.u_input_mem/dout1[15]    0.027560    0.029409   -0.001849 (VIOLATED)
i_soc.i_ai_accel.u_input_mem/dout1[27]    0.027560    0.029338   -0.001778 (VIOLATED)
i_soc.i_ai_accel.u_input_mem/dout1[2]    0.027560    0.029046   -0.001486 (VIOLATED)
i_soc.i_ai_sram.u_sram._616_/X          0.301218    0.301686   -0.000468 (VIOLATED)
i_soc.i_ai_accel.u_input_mem/dout1[12]    0.027560    0.027582   -0.000022 (VIOLATED)



===========================================================================
report_parasitic_annotation -report_unannotated
============================================================================
Found 2438 unannotated drivers.
 gpio_in_i[16]
 gpio_in_i[17]
 gpio_in_i[18]
 gpio_in_i[19]
 gpio_in_i[20]
 gpio_in_i[21]
 gpio_in_i[22]
 gpio_in_i[23]
 gpio_in_i[24]
 gpio_in_i[25]
 gpio_in_i[26]
 gpio_in_i[27]
 gpio_in_i[28]
 gpio_in_i[29]
 gpio_in_i[30]
 gpio_in_i[31]
 _16__7554/HI
 _17__7555/HI
 _18__7556/HI
 _19__7557/HI
 _20__7558/HI
 _21__7559/HI
 _22__7560/HI
 _23__7561/HI
 _24__7562/HI
 _25__7563/HI
 _26__7564/HI
 _27__7565/HI
 _28__7566/HI
 _29__7567/HI
 _30__7568/HI
 _31__7569/HI
 clkload0/Y
 clkload1/Y
 clkload10/Y
 clkload100/X
 clkload101/X
 clkload102/X
 clkload103/X
 clkload104/X
 clkload105/X
 clkload106/Y
 clkload107/X
 clkload108/X
 clkload109/X
 clkload11/Y
 clkload110/X
 clkload111/X
 clkload112/X
 clkload113/X
 clkload114/X
 clkload115/Y
 clkload116/X
 clkload117/X
 clkload118/X
 clkload119/X
 clkload12/Y
 clkload120/Y
 clkload121/X
 clkload122/X
 clkload123/X
 clkload124/X
 clkload125/X
 clkload126/Y
 clkload127/Y
 clkload128/X
 clkload129/X
 clkload13/Y
 clkload130/X
 clkload131/X
 clkload132/X
 clkload133/X
 clkload134/X
 clkload135/X
 clkload136/Y
 clkload137/X
 clkload138/X
 clkload139/X
 clkload14/Y
 clkload140/Y
 clkload141/X
 clkload142/X
 clkload143/X
 clkload144/X
 clkload145/X
 clkload146/X
 clkload147/Y
 clkload148/Y
 clkload149/Y
 clkload15/X
 clkload150/X
 clkload151/X
 clkload152/X
 clkload153/X
 clkload154/X
 clkload155/X
 clkload156/X
 clkload157/Y
 clkload158/X
 clkload159/X
 clkload16/X
 clkload160/X
 clkload161/X
 clkload162/X
 clkload163/X
 clkload164/X
 clkload165/X
 clkload166/X
 clkload167/X
 clkload168/X
 clkload169/X
 clkload17/Y
 clkload170/Y
 clkload171/Y
 clkload172/Y
 clkload173/X
 clkload174/Y
 clkload175/X
 clkload176/Y
 clkload177/X
 clkload178/X
 clkload179/X
 clkload18/Y
 clkload180/X
 clkload181/X
 clkload182/X
 clkload183/X
 clkload184/Y
 clkload185/Y
 clkload186/Y
 clkload187/X
 clkload188/X
 clkload189/Y
 clkload19/X
 clkload190/X
 clkload191/X
 clkload192/X
 clkload193/X
 clkload194/X
 clkload195/X
 clkload196/X
 clkload197/Y
 clkload198/Y
 clkload199/Y
 clkload2/Y
 clkload20/Y
 clkload200/Y
 clkload201/Y
 clkload202/Y
 clkload203/Y
 clkload204/Y
 clkload205/X
 clkload206/X
 clkload207/X
 clkload208/X
 clkload209/X
 clkload21/X
 clkload210/X
 clkload211/Y
 clkload212/Y
 clkload213/X
 clkload214/X
 clkload215/X
 clkload216/X
 clkload217/X
 clkload218/X
 clkload219/X
 clkload22/Y
 clkload220/Y
 clkload221/X
 clkload222/X
 clkload223/X
 clkload224/X
 clkload225/X
 clkload226/X
 clkload227/Y
 clkload228/X
 clkload229/X
 clkload23/Y
 clkload230/X
 clkload231/Y
 clkload232/X
 clkload233/X
 clkload234/X
 clkload235/Y
 clkload236/Y
 clkload237/Y
 clkload238/X
 clkload239/X
 clkload24/X
 clkload240/Y
 clkload241/Y
 clkload242/X
 clkload243/X
 clkload244/Y
 clkload245/X
 clkload246/X
 clkload247/Y
 clkload248/Y
 clkload249/X
 clkload25/Y
 clkload250/Y
 clkload251/X
 clkload252/X
 clkload253/X
 clkload254/X
 clkload255/X
 clkload256/Y
 clkload257/Y
 clkload258/Y
 clkload259/X
 clkload26/X
 clkload260/X
 clkload261/X
 clkload262/Y
 clkload263/X
 clkload264/X
 clkload265/X
 clkload266/X
 clkload267/X
 clkload268/X
 clkload269/X
 clkload27/Y
 clkload270/Y
 clkload271/X
 clkload272/Y
 clkload273/X
 clkload274/X
 clkload275/X
 clkload276/X
 clkload277/Y
 clkload278/X
 clkload279/X
 clkload28/Y
 clkload280/X
 clkload281/X
 clkload282/X
 clkload283/X
 clkload284/Y
 clkload285/Y
 clkload286/X
 clkload287/Y
 clkload288/Y
 clkload289/Y
 clkload29/Y
 clkload290/X
 clkload291/X
 clkload292/Y
 clkload293/X
 clkload294/X
 clkload295/X
 clkload296/X
 clkload297/X
 clkload298/X
 clkload299/X
 clkload3/Y
 clkload30/Y
 clkload300/X
 clkload301/X
 clkload302/X
 clkload303/X
 clkload304/X
 clkload305/Y
 clkload306/Y
 clkload307/X
 clkload308/X
 clkload309/X
 clkload31/Y
 clkload310/X
 clkload311/X
 clkload312/X
 clkload313/X
 clkload314/X
 clkload315/X
 clkload316/X
 clkload317/X
 clkload318/X
 clkload319/Y
 clkload32/Y
 clkload320/X
 clkload321/Y
 clkload322/Y
 clkload323/X
 clkload324/X
 clkload325/X
 clkload326/X
 clkload327/X
 clkload328/X
 clkload329/X
 clkload33/X
 clkload330/X
 clkload331/X
 clkload332/X
 clkload333/X
 clkload334/X
 clkload335/X
 clkload336/X
 clkload337/X
 clkload338/Y
 clkload339/X
 clkload34/Y
 clkload340/Y
 clkload341/X
 clkload342/X
 clkload343/Y
 clkload344/X
 clkload345/X
 clkload346/X
 clkload347/Y
 clkload348/X
 clkload349/X
 clkload35/X
 clkload350/Y
 clkload351/X
 clkload352/Y
 clkload353/X
 clkload354/X
 clkload355/X
 clkload356/X
 clkload357/X
 clkload358/X
 clkload359/X
 clkload36/X
 clkload360/X
 clkload361/X
 clkload362/X
 clkload363/X
 clkload364/X
 clkload365/X
 clkload366/X
 clkload367/X
 clkload368/X
 clkload369/X
 clkload37/Y
 clkload370/X
 clkload371/X
 clkload372/X
 clkload373/X
 clkload374/X
 clkload375/X
 clkload376/X
 clkload377/X
 clkload378/X
 clkload379/X
 clkload38/X
 clkload380/X
 clkload381/X
 clkload382/Y
 clkload383/X
 clkload384/X
 clkload385/X
 clkload386/X
 clkload387/X
 clkload388/X
 clkload389/X
 clkload39/X
 clkload390/X
 clkload391/X
 clkload392/X
 clkload393/X
 clkload394/X
 clkload395/X
 clkload396/X
 clkload397/X
 clkload398/X
 clkload399/X
 clkload4/Y
 clkload40/X
 clkload400/X
 clkload401/X
 clkload402/X
 clkload403/Y
 clkload404/Y
 clkload405/Y
 clkload406/X
 clkload407/X
 clkload408/Y
 clkload409/X
 clkload41/X
 clkload410/X
 clkload411/X
 clkload412/X
 clkload413/X
 clkload414/X
 clkload415/X
 clkload416/Y
 clkload417/X
 clkload418/X
 clkload419/Y
 clkload42/X
 clkload420/Y
 clkload421/X
 clkload422/X
 clkload423/X
 clkload424/X
 clkload425/X
 clkload426/X
 clkload427/X
 clkload428/X
 clkload429/X
 clkload43/X
 clkload430/X
 clkload431/X
 clkload432/Y
 clkload433/X
 clkload434/X
 clkload435/X
 clkload436/Y
 clkload437/X
 clkload438/X
 clkload439/X
 clkload44/X
 clkload440/X
 clkload441/X
 clkload442/Y
 clkload443/Y
 clkload444/X
 clkload445/Y
 clkload446/X
 clkload447/X
 clkload448/Y
 clkload449/X
 clkload45/X
 clkload450/Y
 clkload451/X
 clkload452/X
 clkload453/X
 clkload454/X
 clkload455/Y
 clkload456/X
 clkload457/X
 clkload458/X
 clkload459/X
 clkload46/X
 clkload460/Y
 clkload461/Y
 clkload462/Y
 clkload463/Y
 clkload464/X
 clkload465/Y
 clkload466/X
 clkload467/X
 clkload468/X
 clkload469/Y
 clkload47/X
 clkload470/X
 clkload471/X
 clkload472/X
 clkload473/X
 clkload474/X
 clkload475/X
 clkload476/Y
 clkload477/X
 clkload478/X
 clkload479/X
 clkload48/Y
 clkload480/X
 clkload481/X
 clkload482/X
 clkload483/X
 clkload484/Y
 clkload485/X
 clkload486/Y
 clkload487/X
 clkload488/X
 clkload489/X
 clkload49/X
 clkload490/X
 clkload491/X
 clkload492/X
 clkload493/X
 clkload494/X
 clkload495/Y
 clkload496/X
 clkload497/Y
 clkload498/X
 clkload499/Y
 clkload5/Y
 clkload50/X
 clkload500/X
 clkload501/X
 clkload502/X
 clkload503/X
 clkload504/X
 clkload505/X
 clkload506/Y
 clkload507/X
 clkload508/X
 clkload509/X
 clkload51/X
 clkload510/X
 clkload511/X
 clkload512/Y
 clkload513/X
 clkload514/Y
 clkload515/Y
 clkload516/Y
 clkload517/Y
 clkload518/X
 clkload519/X
 clkload52/X
 clkload520/X
 clkload521/X
 clkload522/X
 clkload523/X
 clkload524/X
 clkload525/Y
 clkload526/X
 clkload527/X
 clkload528/X
 clkload529/X
 clkload53/X
 clkload530/Y
 clkload531/X
 clkload532/X
 clkload533/X
 clkload534/X
 clkload535/Y
 clkload536/X
 clkload537/X
 clkload538/Y
 clkload539/X
 clkload54/X
 clkload540/X
 clkload541/X
 clkload542/Y
 clkload543/X
 clkload544/X
 clkload545/Y
 clkload546/X
 clkload547/X
 clkload548/X
 clkload549/X
 clkload55/X
 clkload550/X
 clkload551/Y
 clkload552/X
 clkload553/X
 clkload554/X
 clkload555/X
 clkload556/X
 clkload557/X
 clkload558/X
 clkload559/X
 clkload56/X
 clkload560/Y
 clkload561/X
 clkload562/Y
 clkload563/X
 clkload564/Y
 clkload565/X
 clkload566/Y
 clkload567/X
 clkload568/X
 clkload569/X
 clkload57/Y
 clkload570/Y
 clkload571/X
 clkload572/X
 clkload573/X
 clkload574/X
 clkload575/X
 clkload576/X
 clkload577/X
 clkload578/X
 clkload579/X
 clkload58/X
 clkload580/X
 clkload581/X
 clkload582/X
 clkload583/Y
 clkload584/X
 clkload585/X
 clkload586/X
 clkload587/X
 clkload588/X
 clkload589/X
 clkload59/X
 clkload590/X
 clkload591/Y
 clkload592/Y
 clkload593/X
 clkload594/X
 clkload595/X
 clkload596/Y
 clkload597/X
 clkload598/X
 clkload599/Y
 clkload6/Y
 clkload60/X
 clkload600/X
 clkload601/Y
 clkload602/X
 clkload603/Y
 clkload604/Y
 clkload605/Y
 clkload606/Y
 clkload607/X
 clkload608/Y
 clkload609/Y
 clkload61/X
 clkload610/Y
 clkload611/Y
 clkload612/Y
 clkload613/Y
 clkload614/Y
 clkload615/Y
 clkload616/Y
 clkload617/Y
 clkload618/Y
 clkload619/Y
 clkload62/X
 clkload620/Y
 clkload621/Y
 clkload622/Y
 clkload623/Y
 clkload624/Y
 clkload625/Y
 clkload626/Y
 clkload627/Y
 clkload628/Y
 clkload629/Y
 clkload63/X
 clkload630/Y
 clkload631/X
 clkload632/Y
 clkload633/Y
 clkload634/X
 clkload635/X
 clkload636/X
 clkload637/Y
 clkload638/Y
 clkload639/Y
 clkload64/X
 clkload640/Y
 clkload641/Y
 clkload642/Y
 clkload643/Y
 clkload644/Y
 clkload645/Y
 clkload646/Y
 clkload647/X
 clkload648/Y
 clkload649/Y
 clkload65/X
 clkload650/Y
 clkload651/Y
 clkload652/X
 clkload653/Y
 clkload654/X
 clkload655/X
 clkload656/Y
 clkload657/X
 clkload658/X
 clkload659/X
 clkload66/X
 clkload660/X
 clkload661/X
 clkload662/X
 clkload663/X
 clkload664/X
 clkload665/X
 clkload666/X
 clkload667/X
 clkload668/X
 clkload669/X
 clkload67/X
 clkload670/X
 clkload671/X
 clkload672/X
 clkload673/Y
 clkload674/X
 clkload675/X
 clkload676/X
 clkload677/Y
 clkload678/X
 clkload679/X
 clkload68/Y
 clkload680/X
 clkload681/X
 clkload682/Y
 clkload683/X
 clkload684/X
 clkload685/X
 clkload686/Y
 clkload687/X
 clkload688/X
 clkload689/X
 clkload69/X
 clkload690/X
 clkload691/Y
 clkload692/Y
 clkload693/Y
 clkload694/Y
 clkload695/Y
 clkload696/Y
 clkload697/Y
 clkload698/X
 clkload699/X
 clkload7/Y
 clkload70/Y
 clkload700/X
 clkload701/Y
 clkload702/Y
 clkload703/X
 clkload704/Y
 clkload705/Y
 clkload706/X
 clkload707/Y
 clkload708/X
 clkload709/Y
 clkload71/X
 clkload710/X
 clkload711/Y
 clkload712/X
 clkload713/Y
 clkload714/X
 clkload715/Y
 clkload716/Y
 clkload717/X
 clkload718/X
 clkload719/X
 clkload72/X
 clkload720/Y
 clkload721/Y
 clkload722/X
 clkload723/Y
 clkload724/Y
 clkload725/X
 clkload726/Y
 clkload727/Y
 clkload728/Y
 clkload729/Y
 clkload73/X
 clkload730/Y
 clkload731/Y
 clkload732/Y
 clkload733/X
 clkload734/X
 clkload735/Y
 clkload736/X
 clkload737/Y
 clkload738/Y
 clkload739/X
 clkload74/X
 clkload740/X
 clkload741/Y
 clkload742/X
 clkload743/X
 clkload744/X
 clkload745/X
 clkload746/Y
 clkload747/X
 clkload748/X
 clkload749/X
 clkload75/Y
 clkload750/X
 clkload751/Y
 clkload752/Y
 clkload753/Y
 clkload754/Y
 clkload755/Y
 clkload756/Y
 clkload757/X
 clkload758/X
 clkload759/Y
 clkload76/Y
 clkload760/X
 clkload761/X
 clkload762/X
 clkload763/X
 clkload764/X
 clkload765/X
 clkload766/X
 clkload767/X
 clkload768/X
 clkload769/Y
 clkload77/Y
 clkload770/X
 clkload771/X
 clkload772/X
 clkload773/X
 clkload774/X
 clkload775/X
 clkload776/X
 clkload777/X
 clkload778/X
 clkload779/X
 clkload78/X
 clkload780/Y
 clkload781/X
 clkload782/X
 clkload783/X
 clkload784/X
 clkload785/Y
 clkload786/X
 clkload787/X
 clkload788/Y
 clkload789/X
 clkload79/X
 clkload790/X
 clkload791/Y
 clkload792/Y
 clkload793/Y
 clkload794/X
 clkload795/Y
 clkload796/X
 clkload797/Y
 clkload798/X
 clkload799/X
 clkload8/Y
 clkload80/X
 clkload800/Y
 clkload801/Y
 clkload802/X
 clkload803/X
 clkload804/X
 clkload805/Y
 clkload806/Y
 clkload807/X
 clkload808/Y
 clkload809/Y
 clkload81/X
 clkload810/X
 clkload811/Y
 clkload812/X
 clkload813/Y
 clkload814/X
 clkload815/Y
 clkload816/X
 clkload817/Y
 clkload818/Y
 clkload819/Y
 clkload82/X
 clkload820/X
 clkload821/X
 clkload822/Y
 clkload823/X
 clkload824/X
 clkload825/X
 clkload826/X
 clkload827/X
 clkload828/Y
 clkload829/Y
 clkload83/X
 clkload830/X
 clkload831/Y
 clkload832/X
 clkload833/Y
 clkload834/Y
 clkload835/X
 clkload836/X
 clkload837/X
 clkload838/Y
 clkload839/X
 clkload84/X
 clkload840/X
 clkload841/Y
 clkload842/X
 clkload843/X
 clkload844/X
 clkload845/X
 clkload846/X
 clkload847/X
 clkload848/X
 clkload849/X
 clkload85/X
 clkload850/X
 clkload851/X
 clkload86/Y
 clkload87/Y
 clkload88/X
 clkload89/X
 clkload9/Y
 clkload90/X
 clkload91/X
 clkload92/X
 clkload93/Y
 clkload94/X
 clkload95/X
 clkload96/X
 clkload97/Y
 clkload98/X
 clkload99/X
 i_soc.i_ai_accel.u_conv_out.gen_bank\[0\].gen_512.u_macro/dout0[0]
 i_soc.i_ai_accel.u_conv_out.gen_bank\[0\].gen_512.u_macro/dout0[10]
 i_soc.i_ai_accel.u_conv_out.gen_bank\[0\].gen_512.u_macro/dout0[11]
 i_soc.i_ai_accel.u_conv_out.gen_bank\[0\].gen_512.u_macro/dout0[12]
 i_soc.i_ai_accel.u_conv_out.gen_bank\[0\].gen_512.u_macro/dout0[13]
 i_soc.i_ai_accel.u_conv_out.gen_bank\[0\].gen_512.u_macro/dout0[14]
 i_soc.i_ai_accel.u_conv_out.gen_bank\[0\].gen_512.u_macro/dout0[15]
 i_soc.i_ai_accel.u_conv_out.gen_bank\[0\].gen_512.u_macro/dout0[16]
 i_soc.i_ai_accel.u_conv_out.gen_bank\[0\].gen_512.u_macro/dout0[17]
 i_soc.i_ai_accel.u_conv_out.gen_bank\[0\].gen_512.u_macro/dout0[18]
 i_soc.i_ai_accel.u_conv_out.gen_bank\[0\].gen_512.u_macro/dout0[19]
 i_soc.i_ai_accel.u_conv_out.gen_bank\[0\].gen_512.u_macro/dout0[1]
 i_soc.i_ai_accel.u_conv_out.gen_bank\[0\].gen_512.u_macro/dout0[20]
 i_soc.i_ai_accel.u_conv_out.gen_bank\[0\].gen_512.u_macro/dout0[21]
 i_soc.i_ai_accel.u_conv_out.gen_bank\[0\].gen_512.u_macro/dout0[22]
 i_soc.i_ai_accel.u_conv_out.gen_bank\[0\].gen_512.u_macro/dout0[23]
 i_soc.i_ai_accel.u_conv_out.gen_bank\[0\].gen_512.u_macro/dout0[24]
 i_soc.i_ai_accel.u_conv_out.gen_bank\[0\].gen_512.u_macro/dout0[25]
 i_soc.i_ai_accel.u_conv_out.gen_bank\[0\].gen_512.u_macro/dout0[26]
 i_soc.i_ai_accel.u_conv_out.gen_bank\[0\].gen_512.u_macro/dout0[27]
 i_soc.i_ai_accel.u_conv_out.gen_bank\[0\].gen_512.u_macro/dout0[28]
 i_soc.i_ai_accel.u_conv_out.gen_bank\[0\].gen_512.u_macro/dout0[29]
 i_soc.i_ai_accel.u_conv_out.gen_bank\[0\].gen_512.u_macro/dout0[2]
 i_soc.i_ai_accel.u_conv_out.gen_bank\[0\].gen_512.u_macro/dout0[30]
 i_soc.i_ai_accel.u_conv_out.gen_bank\[0\].gen_512.u_macro/dout0[31]
 i_soc.i_ai_accel.u_conv_out.gen_bank\[0\].gen_512.u_macro/dout0[3]
 i_soc.i_ai_accel.u_conv_out.gen_bank\[0\].gen_512.u_macro/dout0[4]
 i_soc.i_ai_accel.u_conv_out.gen_bank\[0\].gen_512.u_macro/dout0[5]
 i_soc.i_ai_accel.u_conv_out.gen_bank\[0\].gen_512.u_macro/dout0[6]
 i_soc.i_ai_accel.u_conv_out.gen_bank\[0\].gen_512.u_macro/dout0[7]
 i_soc.i_ai_accel.u_conv_out.gen_bank\[0\].gen_512.u_macro/dout0[8]
 i_soc.i_ai_accel.u_conv_out.gen_bank\[0\].gen_512.u_macro/dout0[9]
 i_soc.i_ai_accel.u_conv_out.gen_bank\[0\].gen_512.u_macro_7572/HI
 i_soc.i_ai_accel.u_conv_out.gen_bank\[1\].gen_512.u_macro/dout0[0]
 i_soc.i_ai_accel.u_conv_out.gen_bank\[1\].gen_512.u_macro/dout0[10]
 i_soc.i_ai_accel.u_conv_out.gen_bank\[1\].gen_512.u_macro/dout0[11]
 i_soc.i_ai_accel.u_conv_out.gen_bank\[1\].gen_512.u_macro/dout0[12]
 i_soc.i_ai_accel.u_conv_out.gen_bank\[1\].gen_512.u_macro/dout0[13]
 i_soc.i_ai_accel.u_conv_out.gen_bank\[1\].gen_512.u_macro/dout0[14]
 i_soc.i_ai_accel.u_conv_out.gen_bank\[1\].gen_512.u_macro/dout0[15]
 i_soc.i_ai_accel.u_conv_out.gen_bank\[1\].gen_512.u_macro/dout0[16]
 i_soc.i_ai_accel.u_conv_out.gen_bank\[1\].gen_512.u_macro/dout0[17]
 i_soc.i_ai_accel.u_conv_out.gen_bank\[1\].gen_512.u_macro/dout0[18]
 i_soc.i_ai_accel.u_conv_out.gen_bank\[1\].gen_512.u_macro/dout0[19]
 i_soc.i_ai_accel.u_conv_out.gen_bank\[1\].gen_512.u_macro/dout0[1]
 i_soc.i_ai_accel.u_conv_out.gen_bank\[1\].gen_512.u_macro/dout0[20]
 i_soc.i_ai_accel.u_conv_out.gen_bank\[1\].gen_512.u_macro/dout0[21]
 i_soc.i_ai_accel.u_conv_out.gen_bank\[1\].gen_512.u_macro/dout0[22]
 i_soc.i_ai_accel.u_conv_out.gen_bank\[1\].gen_512.u_macro/dout0[23]
 i_soc.i_ai_accel.u_conv_out.gen_bank\[1\].gen_512.u_macro/dout0[24]
 i_soc.i_ai_accel.u_conv_out.gen_bank\[1\].gen_512.u_macro/dout0[25]
 i_soc.i_ai_accel.u_conv_out.gen_bank\[1\].gen_512.u_macro/dout0[26]
 i_soc.i_ai_accel.u_conv_out.gen_bank\[1\].gen_512.u_macro/dout0[27]
 i_soc.i_ai_accel.u_conv_out.gen_bank\[1\].gen_512.u_macro/dout0[28]
 i_soc.i_ai_accel.u_conv_out.gen_bank\[1\].gen_512.u_macro/dout0[29]
 i_soc.i_ai_accel.u_conv_out.gen_bank\[1\].gen_512.u_macro/dout0[2]
 i_soc.i_ai_accel.u_conv_out.gen_bank\[1\].gen_512.u_macro/dout0[30]
 i_soc.i_ai_accel.u_conv_out.gen_bank\[1\].gen_512.u_macro/dout0[31]
 i_soc.i_ai_accel.u_conv_out.gen_bank\[1\].gen_512.u_macro/dout0[3]
 i_soc.i_ai_accel.u_conv_out.gen_bank\[1\].gen_512.u_macro/dout0[4]
 i_soc.i_ai_accel.u_conv_out.gen_bank\[1\].gen_512.u_macro/dout0[5]
 i_soc.i_ai_accel.u_conv_out.gen_bank\[1\].gen_512.u_macro/dout0[6]
 i_soc.i_ai_accel.u_conv_out.gen_bank\[1\].gen_512.u_macro/dout0[7]
 i_soc.i_ai_accel.u_conv_out.gen_bank\[1\].gen_512.u_macro/dout0[8]
 i_soc.i_ai_accel.u_conv_out.gen_bank\[1\].gen_512.u_macro/dout0[9]
 i_soc.i_ai_accel.u_conv_out.gen_bank\[1\].gen_512.u_macro_7573/HI
 i_soc.i_ai_accel.u_conv_w_mem/dout0[0]
 i_soc.i_ai_accel.u_conv_w_mem/dout0[10]
 i_soc.i_ai_accel.u_conv_w_mem/dout0[11]
 i_soc.i_ai_accel.u_conv_w_mem/dout0[12]
 i_soc.i_ai_accel.u_conv_w_mem/dout0[13]
 i_soc.i_ai_accel.u_conv_w_mem/dout0[14]
 i_soc.i_ai_accel.u_conv_w_mem/dout0[15]
 i_soc.i_ai_accel.u_conv_w_mem/dout0[16]
 i_soc.i_ai_accel.u_conv_w_mem/dout0[17]
 i_soc.i_ai_accel.u_conv_w_mem/dout0[18]
 i_soc.i_ai_accel.u_conv_w_mem/dout0[19]
 i_soc.i_ai_accel.u_conv_w_mem/dout0[1]
 i_soc.i_ai_accel.u_conv_w_mem/dout0[20]
 i_soc.i_ai_accel.u_conv_w_mem/dout0[21]
 i_soc.i_ai_accel.u_conv_w_mem/dout0[22]
 i_soc.i_ai_accel.u_conv_w_mem/dout0[23]
 i_soc.i_ai_accel.u_conv_w_mem/dout0[24]
 i_soc.i_ai_accel.u_conv_w_mem/dout0[25]
 i_soc.i_ai_accel.u_conv_w_mem/dout0[26]
 i_soc.i_ai_accel.u_conv_w_mem/dout0[27]
 i_soc.i_ai_accel.u_conv_w_mem/dout0[28]
 i_soc.i_ai_accel.u_conv_w_mem/dout0[29]
 i_soc.i_ai_accel.u_conv_w_mem/dout0[2]
 i_soc.i_ai_accel.u_conv_w_mem/dout0[30]
 i_soc.i_ai_accel.u_conv_w_mem/dout0[31]
 i_soc.i_ai_accel.u_conv_w_mem/dout0[3]
 i_soc.i_ai_accel.u_conv_w_mem/dout0[4]
 i_soc.i_ai_accel.u_conv_w_mem/dout0[5]
 i_soc.i_ai_accel.u_conv_w_mem/dout0[6]
 i_soc.i_ai_accel.u_conv_w_mem/dout0[7]
 i_soc.i_ai_accel.u_conv_w_mem/dout0[8]
 i_soc.i_ai_accel.u_conv_w_mem/dout0[9]
 i_soc.i_ai_accel.u_conv_w_mem_7570/HI
 i_soc.i_ai_accel.u_conv_w_mem_8000/LO
 i_soc.i_ai_accel.u_conv_w_mem_8001/LO
 i_soc.i_ai_accel.u_conv_w_mem_8002/LO
 i_soc.i_ai_accel.u_conv_w_mem_8003/LO
 i_soc.i_ai_accel.u_input_mem/dout0[0]
 i_soc.i_ai_accel.u_input_mem/dout0[10]
 i_soc.i_ai_accel.u_input_mem/dout0[11]
 i_soc.i_ai_accel.u_input_mem/dout0[12]
 i_soc.i_ai_accel.u_input_mem/dout0[13]
 i_soc.i_ai_accel.u_input_mem/dout0[14]
 i_soc.i_ai_accel.u_input_mem/dout0[15]
 i_soc.i_ai_accel.u_input_mem/dout0[16]
 i_soc.i_ai_accel.u_input_mem/dout0[17]
 i_soc.i_ai_accel.u_input_mem/dout0[18]
 i_soc.i_ai_accel.u_input_mem/dout0[19]
 i_soc.i_ai_accel.u_input_mem/dout0[1]
 i_soc.i_ai_accel.u_input_mem/dout0[20]
 i_soc.i_ai_accel.u_input_mem/dout0[21]
 i_soc.i_ai_accel.u_input_mem/dout0[22]
 i_soc.i_ai_accel.u_input_mem/dout0[23]
 i_soc.i_ai_accel.u_input_mem/dout0[24]
 i_soc.i_ai_accel.u_input_mem/dout0[25]
 i_soc.i_ai_accel.u_input_mem/dout0[26]
 i_soc.i_ai_accel.u_input_mem/dout0[27]
 i_soc.i_ai_accel.u_input_mem/dout0[28]
 i_soc.i_ai_accel.u_input_mem/dout0[29]
 i_soc.i_ai_accel.u_input_mem/dout0[2]
 i_soc.i_ai_accel.u_input_mem/dout0[30]
 i_soc.i_ai_accel.u_input_mem/dout0[31]
 i_soc.i_ai_accel.u_input_mem/dout0[3]
 i_soc.i_ai_accel.u_input_mem/dout0[4]
 i_soc.i_ai_accel.u_input_mem/dout0[5]
 i_soc.i_ai_accel.u_input_mem/dout0[6]
 i_soc.i_ai_accel.u_input_mem/dout0[7]
 i_soc.i_ai_accel.u_input_mem/dout0[8]
 i_soc.i_ai_accel.u_input_mem/dout0[9]
 i_soc.i_ai_accel.u_input_mem_7571/HI
 i_soc.i_ai_accel.u_input_mem_8004/LO
 i_soc.i_ai_accel.u_input_mem_8005/LO
 i_soc.i_ai_accel.u_input_mem_8006/LO
 i_soc.i_ai_accel.u_input_mem_8007/LO
 i_soc.i_ai_arb._294__8008/LO
 i_soc.i_ai_arb._296__8009/LO
 i_soc.i_ai_arb._298__8010/LO
 i_soc.i_ai_arb._300__8011/LO
 i_soc.i_ai_sram.u_sram.gen_bank\[0\].gen_512.u_macro/dout0[0]
 i_soc.i_ai_sram.u_sram.gen_bank\[0\].gen_512.u_macro/dout0[10]
 i_soc.i_ai_sram.u_sram.gen_bank\[0\].gen_512.u_macro/dout0[11]
 i_soc.i_ai_sram.u_sram.gen_bank\[0\].gen_512.u_macro/dout0[12]
 i_soc.i_ai_sram.u_sram.gen_bank\[0\].gen_512.u_macro/dout0[13]
 i_soc.i_ai_sram.u_sram.gen_bank\[0\].gen_512.u_macro/dout0[14]
 i_soc.i_ai_sram.u_sram.gen_bank\[0\].gen_512.u_macro/dout0[15]
 i_soc.i_ai_sram.u_sram.gen_bank\[0\].gen_512.u_macro/dout0[16]
 i_soc.i_ai_sram.u_sram.gen_bank\[0\].gen_512.u_macro/dout0[17]
 i_soc.i_ai_sram.u_sram.gen_bank\[0\].gen_512.u_macro/dout0[18]
 i_soc.i_ai_sram.u_sram.gen_bank\[0\].gen_512.u_macro/dout0[19]
 i_soc.i_ai_sram.u_sram.gen_bank\[0\].gen_512.u_macro/dout0[1]
 i_soc.i_ai_sram.u_sram.gen_bank\[0\].gen_512.u_macro/dout0[20]
 i_soc.i_ai_sram.u_sram.gen_bank\[0\].gen_512.u_macro/dout0[21]
 i_soc.i_ai_sram.u_sram.gen_bank\[0\].gen_512.u_macro/dout0[22]
 i_soc.i_ai_sram.u_sram.gen_bank\[0\].gen_512.u_macro/dout0[23]
 i_soc.i_ai_sram.u_sram.gen_bank\[0\].gen_512.u_macro/dout0[24]
 i_soc.i_ai_sram.u_sram.gen_bank\[0\].gen_512.u_macro/dout0[25]
 i_soc.i_ai_sram.u_sram.gen_bank\[0\].gen_512.u_macro/dout0[26]
 i_soc.i_ai_sram.u_sram.gen_bank\[0\].gen_512.u_macro/dout0[27]
 i_soc.i_ai_sram.u_sram.gen_bank\[0\].gen_512.u_macro/dout0[28]
 i_soc.i_ai_sram.u_sram.gen_bank\[0\].gen_512.u_macro/dout0[29]
 i_soc.i_ai_sram.u_sram.gen_bank\[0\].gen_512.u_macro/dout0[2]
 i_soc.i_ai_sram.u_sram.gen_bank\[0\].gen_512.u_macro/dout0[30]
 i_soc.i_ai_sram.u_sram.gen_bank\[0\].gen_512.u_macro/dout0[31]
 i_soc.i_ai_sram.u_sram.gen_bank\[0\].gen_512.u_macro/dout0[3]
 i_soc.i_ai_sram.u_sram.gen_bank\[0\].gen_512.u_macro/dout0[4]
 i_soc.i_ai_sram.u_sram.gen_bank\[0\].gen_512.u_macro/dout0[5]
 i_soc.i_ai_sram.u_sram.gen_bank\[0\].gen_512.u_macro/dout0[6]
 i_soc.i_ai_sram.u_sram.gen_bank\[0\].gen_512.u_macro/dout0[7]
 i_soc.i_ai_sram.u_sram.gen_bank\[0\].gen_512.u_macro/dout0[8]
 i_soc.i_ai_sram.u_sram.gen_bank\[0\].gen_512.u_macro/dout0[9]
 i_soc.i_ai_sram.u_sram.gen_bank\[0\].gen_512.u_macro_7574/HI
 i_soc.i_ai_sram.u_sram.gen_bank\[10\].gen_512.u_macro/dout0[0]
 i_soc.i_ai_sram.u_sram.gen_bank\[10\].gen_512.u_macro/dout0[10]
 i_soc.i_ai_sram.u_sram.gen_bank\[10\].gen_512.u_macro/dout0[11]
 i_soc.i_ai_sram.u_sram.gen_bank\[10\].gen_512.u_macro/dout0[12]
 i_soc.i_ai_sram.u_sram.gen_bank\[10\].gen_512.u_macro/dout0[13]
 i_soc.i_ai_sram.u_sram.gen_bank\[10\].gen_512.u_macro/dout0[14]
 i_soc.i_ai_sram.u_sram.gen_bank\[10\].gen_512.u_macro/dout0[15]
 i_soc.i_ai_sram.u_sram.gen_bank\[10\].gen_512.u_macro/dout0[16]
 i_soc.i_ai_sram.u_sram.gen_bank\[10\].gen_512.u_macro/dout0[17]
 i_soc.i_ai_sram.u_sram.gen_bank\[10\].gen_512.u_macro/dout0[18]
 i_soc.i_ai_sram.u_sram.gen_bank\[10\].gen_512.u_macro/dout0[19]
 i_soc.i_ai_sram.u_sram.gen_bank\[10\].gen_512.u_macro/dout0[1]
 i_soc.i_ai_sram.u_sram.gen_bank\[10\].gen_512.u_macro/dout0[20]
 i_soc.i_ai_sram.u_sram.gen_bank\[10\].gen_512.u_macro/dout0[21]
 i_soc.i_ai_sram.u_sram.gen_bank\[10\].gen_512.u_macro/dout0[22]
 i_soc.i_ai_sram.u_sram.gen_bank\[10\].gen_512.u_macro/dout0[23]
 i_soc.i_ai_sram.u_sram.gen_bank\[10\].gen_512.u_macro/dout0[24]
 i_soc.i_ai_sram.u_sram.gen_bank\[10\].gen_512.u_macro/dout0[25]
 i_soc.i_ai_sram.u_sram.gen_bank\[10\].gen_512.u_macro/dout0[26]
 i_soc.i_ai_sram.u_sram.gen_bank\[10\].gen_512.u_macro/dout0[27]
 i_soc.i_ai_sram.u_sram.gen_bank\[10\].gen_512.u_macro/dout0[28]
 i_soc.i_ai_sram.u_sram.gen_bank\[10\].gen_512.u_macro/dout0[29]
 i_soc.i_ai_sram.u_sram.gen_bank\[10\].gen_512.u_macro/dout0[2]
 i_soc.i_ai_sram.u_sram.gen_bank\[10\].gen_512.u_macro/dout0[30]
 i_soc.i_ai_sram.u_sram.gen_bank\[10\].gen_512.u_macro/dout0[31]
 i_soc.i_ai_sram.u_sram.gen_bank\[10\].gen_512.u_macro/dout0[3]
 i_soc.i_ai_sram.u_sram.gen_bank\[10\].gen_512.u_macro/dout0[4]
 i_soc.i_ai_sram.u_sram.gen_bank\[10\].gen_512.u_macro/dout0[5]
 i_soc.i_ai_sram.u_sram.gen_bank\[10\].gen_512.u_macro/dout0[6]
 i_soc.i_ai_sram.u_sram.gen_bank\[10\].gen_512.u_macro/dout0[7]
 i_soc.i_ai_sram.u_sram.gen_bank\[10\].gen_512.u_macro/dout0[8]
 i_soc.i_ai_sram.u_sram.gen_bank\[10\].gen_512.u_macro/dout0[9]
 i_soc.i_ai_sram.u_sram.gen_bank\[10\].gen_512.u_macro_7575/HI
 i_soc.i_ai_sram.u_sram.gen_bank\[11\].gen_512.u_macro/dout0[0]
 i_soc.i_ai_sram.u_sram.gen_bank\[11\].gen_512.u_macro/dout0[10]
 i_soc.i_ai_sram.u_sram.gen_bank\[11\].gen_512.u_macro/dout0[11]
 i_soc.i_ai_sram.u_sram.gen_bank\[11\].gen_512.u_macro/dout0[12]
 i_soc.i_ai_sram.u_sram.gen_bank\[11\].gen_512.u_macro/dout0[13]
 i_soc.i_ai_sram.u_sram.gen_bank\[11\].gen_512.u_macro/dout0[14]
 i_soc.i_ai_sram.u_sram.gen_bank\[11\].gen_512.u_macro/dout0[15]
 i_soc.i_ai_sram.u_sram.gen_bank\[11\].gen_512.u_macro/dout0[16]
 i_soc.i_ai_sram.u_sram.gen_bank\[11\].gen_512.u_macro/dout0[17]
 i_soc.i_ai_sram.u_sram.gen_bank\[11\].gen_512.u_macro/dout0[18]
 i_soc.i_ai_sram.u_sram.gen_bank\[11\].gen_512.u_macro/dout0[19]
 i_soc.i_ai_sram.u_sram.gen_bank\[11\].gen_512.u_macro/dout0[1]
 i_soc.i_ai_sram.u_sram.gen_bank\[11\].gen_512.u_macro/dout0[20]
 i_soc.i_ai_sram.u_sram.gen_bank\[11\].gen_512.u_macro/dout0[21]
 i_soc.i_ai_sram.u_sram.gen_bank\[11\].gen_512.u_macro/dout0[22]
 i_soc.i_ai_sram.u_sram.gen_bank\[11\].gen_512.u_macro/dout0[23]
 i_soc.i_ai_sram.u_sram.gen_bank\[11\].gen_512.u_macro/dout0[24]
 i_soc.i_ai_sram.u_sram.gen_bank\[11\].gen_512.u_macro/dout0[25]
 i_soc.i_ai_sram.u_sram.gen_bank\[11\].gen_512.u_macro/dout0[26]
 i_soc.i_ai_sram.u_sram.gen_bank\[11\].gen_512.u_macro/dout0[27]
 i_soc.i_ai_sram.u_sram.gen_bank\[11\].gen_512.u_macro/dout0[28]
 i_soc.i_ai_sram.u_sram.gen_bank\[11\].gen_512.u_macro/dout0[29]
 i_soc.i_ai_sram.u_sram.gen_bank\[11\].gen_512.u_macro/dout0[2]
 i_soc.i_ai_sram.u_sram.gen_bank\[11\].gen_512.u_macro/dout0[30]
 i_soc.i_ai_sram.u_sram.gen_bank\[11\].gen_512.u_macro/dout0[31]
 i_soc.i_ai_sram.u_sram.gen_bank\[11\].gen_512.u_macro/dout0[3]
 i_soc.i_ai_sram.u_sram.gen_bank\[11\].gen_512.u_macro/dout0[4]
 i_soc.i_ai_sram.u_sram.gen_bank\[11\].gen_512.u_macro/dout0[5]
 i_soc.i_ai_sram.u_sram.gen_bank\[11\].gen_512.u_macro/dout0[6]
 i_soc.i_ai_sram.u_sram.gen_bank\[11\].gen_512.u_macro/dout0[7]
 i_soc.i_ai_sram.u_sram.gen_bank\[11\].gen_512.u_macro/dout0[8]
 i_soc.i_ai_sram.u_sram.gen_bank\[11\].gen_512.u_macro/dout0[9]
 i_soc.i_ai_sram.u_sram.gen_bank\[11\].gen_512.u_macro_7576/HI
 i_soc.i_ai_sram.u_sram.gen_bank\[12\].gen_512.u_macro/dout0[0]
 i_soc.i_ai_sram.u_sram.gen_bank\[12\].gen_512.u_macro/dout0[10]
 i_soc.i_ai_sram.u_sram.gen_bank\[12\].gen_512.u_macro/dout0[11]
 i_soc.i_ai_sram.u_sram.gen_bank\[12\].gen_512.u_macro/dout0[12]
 i_soc.i_ai_sram.u_sram.gen_bank\[12\].gen_512.u_macro/dout0[13]
 i_soc.i_ai_sram.u_sram.gen_bank\[12\].gen_512.u_macro/dout0[14]
 i_soc.i_ai_sram.u_sram.gen_bank\[12\].gen_512.u_macro/dout0[15]
 i_soc.i_ai_sram.u_sram.gen_bank\[12\].gen_512.u_macro/dout0[16]
 i_soc.i_ai_sram.u_sram.gen_bank\[12\].gen_512.u_macro/dout0[17]
 i_soc.i_ai_sram.u_sram.gen_bank\[12\].gen_512.u_macro/dout0[18]
 i_soc.i_ai_sram.u_sram.gen_bank\[12\].gen_512.u_macro/dout0[19]
 i_soc.i_ai_sram.u_sram.gen_bank\[12\].gen_512.u_macro/dout0[1]
 i_soc.i_ai_sram.u_sram.gen_bank\[12\].gen_512.u_macro/dout0[20]
 i_soc.i_ai_sram.u_sram.gen_bank\[12\].gen_512.u_macro/dout0[21]
 i_soc.i_ai_sram.u_sram.gen_bank\[12\].gen_512.u_macro/dout0[22]
 i_soc.i_ai_sram.u_sram.gen_bank\[12\].gen_512.u_macro/dout0[23]
 i_soc.i_ai_sram.u_sram.gen_bank\[12\].gen_512.u_macro/dout0[24]
 i_soc.i_ai_sram.u_sram.gen_bank\[12\].gen_512.u_macro/dout0[25]
 i_soc.i_ai_sram.u_sram.gen_bank\[12\].gen_512.u_macro/dout0[26]
 i_soc.i_ai_sram.u_sram.gen_bank\[12\].gen_512.u_macro/dout0[27]
 i_soc.i_ai_sram.u_sram.gen_bank\[12\].gen_512.u_macro/dout0[28]
 i_soc.i_ai_sram.u_sram.gen_bank\[12\].gen_512.u_macro/dout0[29]
 i_soc.i_ai_sram.u_sram.gen_bank\[12\].gen_512.u_macro/dout0[2]
 i_soc.i_ai_sram.u_sram.gen_bank\[12\].gen_512.u_macro/dout0[30]
 i_soc.i_ai_sram.u_sram.gen_bank\[12\].gen_512.u_macro/dout0[31]
 i_soc.i_ai_sram.u_sram.gen_bank\[12\].gen_512.u_macro/dout0[3]
 i_soc.i_ai_sram.u_sram.gen_bank\[12\].gen_512.u_macro/dout0[4]
 i_soc.i_ai_sram.u_sram.gen_bank\[12\].gen_512.u_macro/dout0[5]
 i_soc.i_ai_sram.u_sram.gen_bank\[12\].gen_512.u_macro/dout0[6]
 i_soc.i_ai_sram.u_sram.gen_bank\[12\].gen_512.u_macro/dout0[7]
 i_soc.i_ai_sram.u_sram.gen_bank\[12\].gen_512.u_macro/dout0[8]
 i_soc.i_ai_sram.u_sram.gen_bank\[12\].gen_512.u_macro/dout0[9]
 i_soc.i_ai_sram.u_sram.gen_bank\[12\].gen_512.u_macro_7577/HI
 i_soc.i_ai_sram.u_sram.gen_bank\[13\].gen_512.u_macro/dout0[0]
 i_soc.i_ai_sram.u_sram.gen_bank\[13\].gen_512.u_macro/dout0[10]
 i_soc.i_ai_sram.u_sram.gen_bank\[13\].gen_512.u_macro/dout0[11]
 i_soc.i_ai_sram.u_sram.gen_bank\[13\].gen_512.u_macro/dout0[12]
 i_soc.i_ai_sram.u_sram.gen_bank\[13\].gen_512.u_macro/dout0[13]
 i_soc.i_ai_sram.u_sram.gen_bank\[13\].gen_512.u_macro/dout0[14]
 i_soc.i_ai_sram.u_sram.gen_bank\[13\].gen_512.u_macro/dout0[15]
 i_soc.i_ai_sram.u_sram.gen_bank\[13\].gen_512.u_macro/dout0[16]
 i_soc.i_ai_sram.u_sram.gen_bank\[13\].gen_512.u_macro/dout0[17]
 i_soc.i_ai_sram.u_sram.gen_bank\[13\].gen_512.u_macro/dout0[18]
 i_soc.i_ai_sram.u_sram.gen_bank\[13\].gen_512.u_macro/dout0[19]
 i_soc.i_ai_sram.u_sram.gen_bank\[13\].gen_512.u_macro/dout0[1]
 i_soc.i_ai_sram.u_sram.gen_bank\[13\].gen_512.u_macro/dout0[20]
 i_soc.i_ai_sram.u_sram.gen_bank\[13\].gen_512.u_macro/dout0[21]
 i_soc.i_ai_sram.u_sram.gen_bank\[13\].gen_512.u_macro/dout0[22]
 i_soc.i_ai_sram.u_sram.gen_bank\[13\].gen_512.u_macro/dout0[23]
 i_soc.i_ai_sram.u_sram.gen_bank\[13\].gen_512.u_macro/dout0[24]
 i_soc.i_ai_sram.u_sram.gen_bank\[13\].gen_512.u_macro/dout0[25]
 i_soc.i_ai_sram.u_sram.gen_bank\[13\].gen_512.u_macro/dout0[26]
 i_soc.i_ai_sram.u_sram.gen_bank\[13\].gen_512.u_macro/dout0[27]
 i_soc.i_ai_sram.u_sram.gen_bank\[13\].gen_512.u_macro/dout0[28]
 i_soc.i_ai_sram.u_sram.gen_bank\[13\].gen_512.u_macro/dout0[29]
 i_soc.i_ai_sram.u_sram.gen_bank\[13\].gen_512.u_macro/dout0[2]
 i_soc.i_ai_sram.u_sram.gen_bank\[13\].gen_512.u_macro/dout0[30]
 i_soc.i_ai_sram.u_sram.gen_bank\[13\].gen_512.u_macro/dout0[31]
 i_soc.i_ai_sram.u_sram.gen_bank\[13\].gen_512.u_macro/dout0[3]
 i_soc.i_ai_sram.u_sram.gen_bank\[13\].gen_512.u_macro/dout0[4]
 i_soc.i_ai_sram.u_sram.gen_bank\[13\].gen_512.u_macro/dout0[5]
 i_soc.i_ai_sram.u_sram.gen_bank\[13\].gen_512.u_macro/dout0[6]
 i_soc.i_ai_sram.u_sram.gen_bank\[13\].gen_512.u_macro/dout0[7]
 i_soc.i_ai_sram.u_sram.gen_bank\[13\].gen_512.u_macro/dout0[8]
 i_soc.i_ai_sram.u_sram.gen_bank\[13\].gen_512.u_macro/dout0[9]
 i_soc.i_ai_sram.u_sram.gen_bank\[13\].gen_512.u_macro_7578/HI
 i_soc.i_ai_sram.u_sram.gen_bank\[14\].gen_512.u_macro/dout0[0]
 i_soc.i_ai_sram.u_sram.gen_bank\[14\].gen_512.u_macro/dout0[10]
 i_soc.i_ai_sram.u_sram.gen_bank\[14\].gen_512.u_macro/dout0[11]
 i_soc.i_ai_sram.u_sram.gen_bank\[14\].gen_512.u_macro/dout0[12]
 i_soc.i_ai_sram.u_sram.gen_bank\[14\].gen_512.u_macro/dout0[13]
 i_soc.i_ai_sram.u_sram.gen_bank\[14\].gen_512.u_macro/dout0[14]
 i_soc.i_ai_sram.u_sram.gen_bank\[14\].gen_512.u_macro/dout0[15]
 i_soc.i_ai_sram.u_sram.gen_bank\[14\].gen_512.u_macro/dout0[16]
 i_soc.i_ai_sram.u_sram.gen_bank\[14\].gen_512.u_macro/dout0[17]
 i_soc.i_ai_sram.u_sram.gen_bank\[14\].gen_512.u_macro/dout0[18]
 i_soc.i_ai_sram.u_sram.gen_bank\[14\].gen_512.u_macro/dout0[19]
 i_soc.i_ai_sram.u_sram.gen_bank\[14\].gen_512.u_macro/dout0[1]
 i_soc.i_ai_sram.u_sram.gen_bank\[14\].gen_512.u_macro/dout0[20]
 i_soc.i_ai_sram.u_sram.gen_bank\[14\].gen_512.u_macro/dout0[21]
 i_soc.i_ai_sram.u_sram.gen_bank\[14\].gen_512.u_macro/dout0[22]
 i_soc.i_ai_sram.u_sram.gen_bank\[14\].gen_512.u_macro/dout0[23]
 i_soc.i_ai_sram.u_sram.gen_bank\[14\].gen_512.u_macro/dout0[24]
 i_soc.i_ai_sram.u_sram.gen_bank\[14\].gen_512.u_macro/dout0[25]
 i_soc.i_ai_sram.u_sram.gen_bank\[14\].gen_512.u_macro/dout0[26]
 i_soc.i_ai_sram.u_sram.gen_bank\[14\].gen_512.u_macro/dout0[27]
 i_soc.i_ai_sram.u_sram.gen_bank\[14\].gen_512.u_macro/dout0[28]
 i_soc.i_ai_sram.u_sram.gen_bank\[14\].gen_512.u_macro/dout0[29]
 i_soc.i_ai_sram.u_sram.gen_bank\[14\].gen_512.u_macro/dout0[2]
 i_soc.i_ai_sram.u_sram.gen_bank\[14\].gen_512.u_macro/dout0[30]
 i_soc.i_ai_sram.u_sram.gen_bank\[14\].gen_512.u_macro/dout0[31]
 i_soc.i_ai_sram.u_sram.gen_bank\[14\].gen_512.u_macro/dout0[3]
 i_soc.i_ai_sram.u_sram.gen_bank\[14\].gen_512.u_macro/dout0[4]
 i_soc.i_ai_sram.u_sram.gen_bank\[14\].gen_512.u_macro/dout0[5]
 i_soc.i_ai_sram.u_sram.gen_bank\[14\].gen_512.u_macro/dout0[6]
 i_soc.i_ai_sram.u_sram.gen_bank\[14\].gen_512.u_macro/dout0[7]
 i_soc.i_ai_sram.u_sram.gen_bank\[14\].gen_512.u_macro/dout0[8]
 i_soc.i_ai_sram.u_sram.gen_bank\[14\].gen_512.u_macro/dout0[9]
 i_soc.i_ai_sram.u_sram.gen_bank\[14\].gen_512.u_macro_7579/HI
 i_soc.i_ai_sram.u_sram.gen_bank\[1\].gen_512.u_macro/dout0[0]
 i_soc.i_ai_sram.u_sram.gen_bank\[1\].gen_512.u_macro/dout0[10]
 i_soc.i_ai_sram.u_sram.gen_bank\[1\].gen_512.u_macro/dout0[11]
 i_soc.i_ai_sram.u_sram.gen_bank\[1\].gen_512.u_macro/dout0[12]
 i_soc.i_ai_sram.u_sram.gen_bank\[1\].gen_512.u_macro/dout0[13]
 i_soc.i_ai_sram.u_sram.gen_bank\[1\].gen_512.u_macro/dout0[14]
 i_soc.i_ai_sram.u_sram.gen_bank\[1\].gen_512.u_macro/dout0[15]
 i_soc.i_ai_sram.u_sram.gen_bank\[1\].gen_512.u_macro/dout0[16]
 i_soc.i_ai_sram.u_sram.gen_bank\[1\].gen_512.u_macro/dout0[17]
 i_soc.i_ai_sram.u_sram.gen_bank\[1\].gen_512.u_macro/dout0[18]
 i_soc.i_ai_sram.u_sram.gen_bank\[1\].gen_512.u_macro/dout0[19]
 i_soc.i_ai_sram.u_sram.gen_bank\[1\].gen_512.u_macro/dout0[1]
 i_soc.i_ai_sram.u_sram.gen_bank\[1\].gen_512.u_macro/dout0[20]
 i_soc.i_ai_sram.u_sram.gen_bank\[1\].gen_512.u_macro/dout0[21]
 i_soc.i_ai_sram.u_sram.gen_bank\[1\].gen_512.u_macro/dout0[22]
 i_soc.i_ai_sram.u_sram.gen_bank\[1\].gen_512.u_macro/dout0[23]
 i_soc.i_ai_sram.u_sram.gen_bank\[1\].gen_512.u_macro/dout0[24]
 i_soc.i_ai_sram.u_sram.gen_bank\[1\].gen_512.u_macro/dout0[25]
 i_soc.i_ai_sram.u_sram.gen_bank\[1\].gen_512.u_macro/dout0[26]
 i_soc.i_ai_sram.u_sram.gen_bank\[1\].gen_512.u_macro/dout0[27]
 i_soc.i_ai_sram.u_sram.gen_bank\[1\].gen_512.u_macro/dout0[28]
 i_soc.i_ai_sram.u_sram.gen_bank\[1\].gen_512.u_macro/dout0[29]
 i_soc.i_ai_sram.u_sram.gen_bank\[1\].gen_512.u_macro/dout0[2]
 i_soc.i_ai_sram.u_sram.gen_bank\[1\].gen_512.u_macro/dout0[30]
 i_soc.i_ai_sram.u_sram.gen_bank\[1\].gen_512.u_macro/dout0[31]
 i_soc.i_ai_sram.u_sram.gen_bank\[1\].gen_512.u_macro/dout0[3]
 i_soc.i_ai_sram.u_sram.gen_bank\[1\].gen_512.u_macro/dout0[4]
 i_soc.i_ai_sram.u_sram.gen_bank\[1\].gen_512.u_macro/dout0[5]
 i_soc.i_ai_sram.u_sram.gen_bank\[1\].gen_512.u_macro/dout0[6]
 i_soc.i_ai_sram.u_sram.gen_bank\[1\].gen_512.u_macro/dout0[7]
 i_soc.i_ai_sram.u_sram.gen_bank\[1\].gen_512.u_macro/dout0[8]
 i_soc.i_ai_sram.u_sram.gen_bank\[1\].gen_512.u_macro/dout0[9]
 i_soc.i_ai_sram.u_sram.gen_bank\[1\].gen_512.u_macro_7580/HI
 i_soc.i_ai_sram.u_sram.gen_bank\[2\].gen_512.u_macro/dout0[0]
 i_soc.i_ai_sram.u_sram.gen_bank\[2\].gen_512.u_macro/dout0[10]
 i_soc.i_ai_sram.u_sram.gen_bank\[2\].gen_512.u_macro/dout0[11]
 i_soc.i_ai_sram.u_sram.gen_bank\[2\].gen_512.u_macro/dout0[12]
 i_soc.i_ai_sram.u_sram.gen_bank\[2\].gen_512.u_macro/dout0[13]
 i_soc.i_ai_sram.u_sram.gen_bank\[2\].gen_512.u_macro/dout0[14]
 i_soc.i_ai_sram.u_sram.gen_bank\[2\].gen_512.u_macro/dout0[15]
 i_soc.i_ai_sram.u_sram.gen_bank\[2\].gen_512.u_macro/dout0[16]
 i_soc.i_ai_sram.u_sram.gen_bank\[2\].gen_512.u_macro/dout0[17]
 i_soc.i_ai_sram.u_sram.gen_bank\[2\].gen_512.u_macro/dout0[18]
 i_soc.i_ai_sram.u_sram.gen_bank\[2\].gen_512.u_macro/dout0[19]
 i_soc.i_ai_sram.u_sram.gen_bank\[2\].gen_512.u_macro/dout0[1]
 i_soc.i_ai_sram.u_sram.gen_bank\[2\].gen_512.u_macro/dout0[20]
 i_soc.i_ai_sram.u_sram.gen_bank\[2\].gen_512.u_macro/dout0[21]
 i_soc.i_ai_sram.u_sram.gen_bank\[2\].gen_512.u_macro/dout0[22]
 i_soc.i_ai_sram.u_sram.gen_bank\[2\].gen_512.u_macro/dout0[23]
 i_soc.i_ai_sram.u_sram.gen_bank\[2\].gen_512.u_macro/dout0[24]
 i_soc.i_ai_sram.u_sram.gen_bank\[2\].gen_512.u_macro/dout0[25]
 i_soc.i_ai_sram.u_sram.gen_bank\[2\].gen_512.u_macro/dout0[26]
 i_soc.i_ai_sram.u_sram.gen_bank\[2\].gen_512.u_macro/dout0[27]
 i_soc.i_ai_sram.u_sram.gen_bank\[2\].gen_512.u_macro/dout0[28]
 i_soc.i_ai_sram.u_sram.gen_bank\[2\].gen_512.u_macro/dout0[29]
 i_soc.i_ai_sram.u_sram.gen_bank\[2\].gen_512.u_macro/dout0[2]
 i_soc.i_ai_sram.u_sram.gen_bank\[2\].gen_512.u_macro/dout0[30]
 i_soc.i_ai_sram.u_sram.gen_bank\[2\].gen_512.u_macro/dout0[31]
 i_soc.i_ai_sram.u_sram.gen_bank\[2\].gen_512.u_macro/dout0[3]
 i_soc.i_ai_sram.u_sram.gen_bank\[2\].gen_512.u_macro/dout0[4]
 i_soc.i_ai_sram.u_sram.gen_bank\[2\].gen_512.u_macro/dout0[5]
 i_soc.i_ai_sram.u_sram.gen_bank\[2\].gen_512.u_macro/dout0[6]
 i_soc.i_ai_sram.u_sram.gen_bank\[2\].gen_512.u_macro/dout0[7]
 i_soc.i_ai_sram.u_sram.gen_bank\[2\].gen_512.u_macro/dout0[8]
 i_soc.i_ai_sram.u_sram.gen_bank\[2\].gen_512.u_macro/dout0[9]
 i_soc.i_ai_sram.u_sram.gen_bank\[2\].gen_512.u_macro_7581/HI
 i_soc.i_ai_sram.u_sram.gen_bank\[3\].gen_512.u_macro/dout0[0]
 i_soc.i_ai_sram.u_sram.gen_bank\[3\].gen_512.u_macro/dout0[10]
 i_soc.i_ai_sram.u_sram.gen_bank\[3\].gen_512.u_macro/dout0[11]
 i_soc.i_ai_sram.u_sram.gen_bank\[3\].gen_512.u_macro/dout0[12]
 i_soc.i_ai_sram.u_sram.gen_bank\[3\].gen_512.u_macro/dout0[13]
 i_soc.i_ai_sram.u_sram.gen_bank\[3\].gen_512.u_macro/dout0[14]
 i_soc.i_ai_sram.u_sram.gen_bank\[3\].gen_512.u_macro/dout0[15]
 i_soc.i_ai_sram.u_sram.gen_bank\[3\].gen_512.u_macro/dout0[16]
 i_soc.i_ai_sram.u_sram.gen_bank\[3\].gen_512.u_macro/dout0[17]
 i_soc.i_ai_sram.u_sram.gen_bank\[3\].gen_512.u_macro/dout0[18]
 i_soc.i_ai_sram.u_sram.gen_bank\[3\].gen_512.u_macro/dout0[19]
 i_soc.i_ai_sram.u_sram.gen_bank\[3\].gen_512.u_macro/dout0[1]
 i_soc.i_ai_sram.u_sram.gen_bank\[3\].gen_512.u_macro/dout0[20]
 i_soc.i_ai_sram.u_sram.gen_bank\[3\].gen_512.u_macro/dout0[21]
 i_soc.i_ai_sram.u_sram.gen_bank\[3\].gen_512.u_macro/dout0[22]
 i_soc.i_ai_sram.u_sram.gen_bank\[3\].gen_512.u_macro/dout0[23]
 i_soc.i_ai_sram.u_sram.gen_bank\[3\].gen_512.u_macro/dout0[24]
 i_soc.i_ai_sram.u_sram.gen_bank\[3\].gen_512.u_macro/dout0[25]
 i_soc.i_ai_sram.u_sram.gen_bank\[3\].gen_512.u_macro/dout0[26]
 i_soc.i_ai_sram.u_sram.gen_bank\[3\].gen_512.u_macro/dout0[27]
 i_soc.i_ai_sram.u_sram.gen_bank\[3\].gen_512.u_macro/dout0[28]
 i_soc.i_ai_sram.u_sram.gen_bank\[3\].gen_512.u_macro/dout0[29]
 i_soc.i_ai_sram.u_sram.gen_bank\[3\].gen_512.u_macro/dout0[2]
 i_soc.i_ai_sram.u_sram.gen_bank\[3\].gen_512.u_macro/dout0[30]
 i_soc.i_ai_sram.u_sram.gen_bank\[3\].gen_512.u_macro/dout0[31]
 i_soc.i_ai_sram.u_sram.gen_bank\[3\].gen_512.u_macro/dout0[3]
 i_soc.i_ai_sram.u_sram.gen_bank\[3\].gen_512.u_macro/dout0[4]
 i_soc.i_ai_sram.u_sram.gen_bank\[3\].gen_512.u_macro/dout0[5]
 i_soc.i_ai_sram.u_sram.gen_bank\[3\].gen_512.u_macro/dout0[6]
 i_soc.i_ai_sram.u_sram.gen_bank\[3\].gen_512.u_macro/dout0[7]
 i_soc.i_ai_sram.u_sram.gen_bank\[3\].gen_512.u_macro/dout0[8]
 i_soc.i_ai_sram.u_sram.gen_bank\[3\].gen_512.u_macro/dout0[9]
 i_soc.i_ai_sram.u_sram.gen_bank\[3\].gen_512.u_macro_7582/HI
 i_soc.i_ai_sram.u_sram.gen_bank\[4\].gen_512.u_macro/dout0[0]
 i_soc.i_ai_sram.u_sram.gen_bank\[4\].gen_512.u_macro/dout0[10]
 i_soc.i_ai_sram.u_sram.gen_bank\[4\].gen_512.u_macro/dout0[11]
 i_soc.i_ai_sram.u_sram.gen_bank\[4\].gen_512.u_macro/dout0[12]
 i_soc.i_ai_sram.u_sram.gen_bank\[4\].gen_512.u_macro/dout0[13]
 i_soc.i_ai_sram.u_sram.gen_bank\[4\].gen_512.u_macro/dout0[14]
 i_soc.i_ai_sram.u_sram.gen_bank\[4\].gen_512.u_macro/dout0[15]
 i_soc.i_ai_sram.u_sram.gen_bank\[4\].gen_512.u_macro/dout0[16]
 i_soc.i_ai_sram.u_sram.gen_bank\[4\].gen_512.u_macro/dout0[17]
 i_soc.i_ai_sram.u_sram.gen_bank\[4\].gen_512.u_macro/dout0[18]
 i_soc.i_ai_sram.u_sram.gen_bank\[4\].gen_512.u_macro/dout0[19]
 i_soc.i_ai_sram.u_sram.gen_bank\[4\].gen_512.u_macro/dout0[1]
 i_soc.i_ai_sram.u_sram.gen_bank\[4\].gen_512.u_macro/dout0[20]
 i_soc.i_ai_sram.u_sram.gen_bank\[4\].gen_512.u_macro/dout0[21]
 i_soc.i_ai_sram.u_sram.gen_bank\[4\].gen_512.u_macro/dout0[22]
 i_soc.i_ai_sram.u_sram.gen_bank\[4\].gen_512.u_macro/dout0[23]
 i_soc.i_ai_sram.u_sram.gen_bank\[4\].gen_512.u_macro/dout0[24]
 i_soc.i_ai_sram.u_sram.gen_bank\[4\].gen_512.u_macro/dout0[25]
 i_soc.i_ai_sram.u_sram.gen_bank\[4\].gen_512.u_macro/dout0[26]
 i_soc.i_ai_sram.u_sram.gen_bank\[4\].gen_512.u_macro/dout0[27]
 i_soc.i_ai_sram.u_sram.gen_bank\[4\].gen_512.u_macro/dout0[28]
 i_soc.i_ai_sram.u_sram.gen_bank\[4\].gen_512.u_macro/dout0[29]
 i_soc.i_ai_sram.u_sram.gen_bank\[4\].gen_512.u_macro/dout0[2]
 i_soc.i_ai_sram.u_sram.gen_bank\[4\].gen_512.u_macro/dout0[30]
 i_soc.i_ai_sram.u_sram.gen_bank\[4\].gen_512.u_macro/dout0[31]
 i_soc.i_ai_sram.u_sram.gen_bank\[4\].gen_512.u_macro/dout0[3]
 i_soc.i_ai_sram.u_sram.gen_bank\[4\].gen_512.u_macro/dout0[4]
 i_soc.i_ai_sram.u_sram.gen_bank\[4\].gen_512.u_macro/dout0[5]
 i_soc.i_ai_sram.u_sram.gen_bank\[4\].gen_512.u_macro/dout0[6]
 i_soc.i_ai_sram.u_sram.gen_bank\[4\].gen_512.u_macro/dout0[7]
 i_soc.i_ai_sram.u_sram.gen_bank\[4\].gen_512.u_macro/dout0[8]
 i_soc.i_ai_sram.u_sram.gen_bank\[4\].gen_512.u_macro/dout0[9]
 i_soc.i_ai_sram.u_sram.gen_bank\[4\].gen_512.u_macro_7583/HI
 i_soc.i_ai_sram.u_sram.gen_bank\[5\].gen_512.u_macro/dout0[0]
 i_soc.i_ai_sram.u_sram.gen_bank\[5\].gen_512.u_macro/dout0[10]
 i_soc.i_ai_sram.u_sram.gen_bank\[5\].gen_512.u_macro/dout0[11]
 i_soc.i_ai_sram.u_sram.gen_bank\[5\].gen_512.u_macro/dout0[12]
 i_soc.i_ai_sram.u_sram.gen_bank\[5\].gen_512.u_macro/dout0[13]
 i_soc.i_ai_sram.u_sram.gen_bank\[5\].gen_512.u_macro/dout0[14]
 i_soc.i_ai_sram.u_sram.gen_bank\[5\].gen_512.u_macro/dout0[15]
 i_soc.i_ai_sram.u_sram.gen_bank\[5\].gen_512.u_macro/dout0[16]
 i_soc.i_ai_sram.u_sram.gen_bank\[5\].gen_512.u_macro/dout0[17]
 i_soc.i_ai_sram.u_sram.gen_bank\[5\].gen_512.u_macro/dout0[18]
 i_soc.i_ai_sram.u_sram.gen_bank\[5\].gen_512.u_macro/dout0[19]
 i_soc.i_ai_sram.u_sram.gen_bank\[5\].gen_512.u_macro/dout0[1]
 i_soc.i_ai_sram.u_sram.gen_bank\[5\].gen_512.u_macro/dout0[20]
 i_soc.i_ai_sram.u_sram.gen_bank\[5\].gen_512.u_macro/dout0[21]
 i_soc.i_ai_sram.u_sram.gen_bank\[5\].gen_512.u_macro/dout0[22]
 i_soc.i_ai_sram.u_sram.gen_bank\[5\].gen_512.u_macro/dout0[23]
 i_soc.i_ai_sram.u_sram.gen_bank\[5\].gen_512.u_macro/dout0[24]
 i_soc.i_ai_sram.u_sram.gen_bank\[5\].gen_512.u_macro/dout0[25]
 i_soc.i_ai_sram.u_sram.gen_bank\[5\].gen_512.u_macro/dout0[26]
 i_soc.i_ai_sram.u_sram.gen_bank\[5\].gen_512.u_macro/dout0[27]
 i_soc.i_ai_sram.u_sram.gen_bank\[5\].gen_512.u_macro/dout0[28]
 i_soc.i_ai_sram.u_sram.gen_bank\[5\].gen_512.u_macro/dout0[29]
 i_soc.i_ai_sram.u_sram.gen_bank\[5\].gen_512.u_macro/dout0[2]
 i_soc.i_ai_sram.u_sram.gen_bank\[5\].gen_512.u_macro/dout0[30]
 i_soc.i_ai_sram.u_sram.gen_bank\[5\].gen_512.u_macro/dout0[31]
 i_soc.i_ai_sram.u_sram.gen_bank\[5\].gen_512.u_macro/dout0[3]
 i_soc.i_ai_sram.u_sram.gen_bank\[5\].gen_512.u_macro/dout0[4]
 i_soc.i_ai_sram.u_sram.gen_bank\[5\].gen_512.u_macro/dout0[5]
 i_soc.i_ai_sram.u_sram.gen_bank\[5\].gen_512.u_macro/dout0[6]
 i_soc.i_ai_sram.u_sram.gen_bank\[5\].gen_512.u_macro/dout0[7]
 i_soc.i_ai_sram.u_sram.gen_bank\[5\].gen_512.u_macro/dout0[8]
 i_soc.i_ai_sram.u_sram.gen_bank\[5\].gen_512.u_macro/dout0[9]
 i_soc.i_ai_sram.u_sram.gen_bank\[5\].gen_512.u_macro_7584/HI
 i_soc.i_ai_sram.u_sram.gen_bank\[6\].gen_512.u_macro/dout0[0]
 i_soc.i_ai_sram.u_sram.gen_bank\[6\].gen_512.u_macro/dout0[10]
 i_soc.i_ai_sram.u_sram.gen_bank\[6\].gen_512.u_macro/dout0[11]
 i_soc.i_ai_sram.u_sram.gen_bank\[6\].gen_512.u_macro/dout0[12]
 i_soc.i_ai_sram.u_sram.gen_bank\[6\].gen_512.u_macro/dout0[13]
 i_soc.i_ai_sram.u_sram.gen_bank\[6\].gen_512.u_macro/dout0[14]
 i_soc.i_ai_sram.u_sram.gen_bank\[6\].gen_512.u_macro/dout0[15]
 i_soc.i_ai_sram.u_sram.gen_bank\[6\].gen_512.u_macro/dout0[16]
 i_soc.i_ai_sram.u_sram.gen_bank\[6\].gen_512.u_macro/dout0[17]
 i_soc.i_ai_sram.u_sram.gen_bank\[6\].gen_512.u_macro/dout0[18]
 i_soc.i_ai_sram.u_sram.gen_bank\[6\].gen_512.u_macro/dout0[19]
 i_soc.i_ai_sram.u_sram.gen_bank\[6\].gen_512.u_macro/dout0[1]
 i_soc.i_ai_sram.u_sram.gen_bank\[6\].gen_512.u_macro/dout0[20]
 i_soc.i_ai_sram.u_sram.gen_bank\[6\].gen_512.u_macro/dout0[21]
 i_soc.i_ai_sram.u_sram.gen_bank\[6\].gen_512.u_macro/dout0[22]
 i_soc.i_ai_sram.u_sram.gen_bank\[6\].gen_512.u_macro/dout0[23]
 i_soc.i_ai_sram.u_sram.gen_bank\[6\].gen_512.u_macro/dout0[24]
 i_soc.i_ai_sram.u_sram.gen_bank\[6\].gen_512.u_macro/dout0[25]
 i_soc.i_ai_sram.u_sram.gen_bank\[6\].gen_512.u_macro/dout0[26]
 i_soc.i_ai_sram.u_sram.gen_bank\[6\].gen_512.u_macro/dout0[27]
 i_soc.i_ai_sram.u_sram.gen_bank\[6\].gen_512.u_macro/dout0[28]
 i_soc.i_ai_sram.u_sram.gen_bank\[6\].gen_512.u_macro/dout0[29]
 i_soc.i_ai_sram.u_sram.gen_bank\[6\].gen_512.u_macro/dout0[2]
 i_soc.i_ai_sram.u_sram.gen_bank\[6\].gen_512.u_macro/dout0[30]
 i_soc.i_ai_sram.u_sram.gen_bank\[6\].gen_512.u_macro/dout0[31]
 i_soc.i_ai_sram.u_sram.gen_bank\[6\].gen_512.u_macro/dout0[3]
 i_soc.i_ai_sram.u_sram.gen_bank\[6\].gen_512.u_macro/dout0[4]
 i_soc.i_ai_sram.u_sram.gen_bank\[6\].gen_512.u_macro/dout0[5]
 i_soc.i_ai_sram.u_sram.gen_bank\[6\].gen_512.u_macro/dout0[6]
 i_soc.i_ai_sram.u_sram.gen_bank\[6\].gen_512.u_macro/dout0[7]
 i_soc.i_ai_sram.u_sram.gen_bank\[6\].gen_512.u_macro/dout0[8]
 i_soc.i_ai_sram.u_sram.gen_bank\[6\].gen_512.u_macro/dout0[9]
 i_soc.i_ai_sram.u_sram.gen_bank\[6\].gen_512.u_macro_7585/HI
 i_soc.i_ai_sram.u_sram.gen_bank\[7\].gen_512.u_macro/dout0[0]
 i_soc.i_ai_sram.u_sram.gen_bank\[7\].gen_512.u_macro/dout0[10]
 i_soc.i_ai_sram.u_sram.gen_bank\[7\].gen_512.u_macro/dout0[11]
 i_soc.i_ai_sram.u_sram.gen_bank\[7\].gen_512.u_macro/dout0[12]
 i_soc.i_ai_sram.u_sram.gen_bank\[7\].gen_512.u_macro/dout0[13]
 i_soc.i_ai_sram.u_sram.gen_bank\[7\].gen_512.u_macro/dout0[14]
 i_soc.i_ai_sram.u_sram.gen_bank\[7\].gen_512.u_macro/dout0[15]
 i_soc.i_ai_sram.u_sram.gen_bank\[7\].gen_512.u_macro/dout0[16]
 i_soc.i_ai_sram.u_sram.gen_bank\[7\].gen_512.u_macro/dout0[17]
 i_soc.i_ai_sram.u_sram.gen_bank\[7\].gen_512.u_macro/dout0[18]
 i_soc.i_ai_sram.u_sram.gen_bank\[7\].gen_512.u_macro/dout0[19]
 i_soc.i_ai_sram.u_sram.gen_bank\[7\].gen_512.u_macro/dout0[1]
 i_soc.i_ai_sram.u_sram.gen_bank\[7\].gen_512.u_macro/dout0[20]
 i_soc.i_ai_sram.u_sram.gen_bank\[7\].gen_512.u_macro/dout0[21]
 i_soc.i_ai_sram.u_sram.gen_bank\[7\].gen_512.u_macro/dout0[22]
 i_soc.i_ai_sram.u_sram.gen_bank\[7\].gen_512.u_macro/dout0[23]
 i_soc.i_ai_sram.u_sram.gen_bank\[7\].gen_512.u_macro/dout0[24]
 i_soc.i_ai_sram.u_sram.gen_bank\[7\].gen_512.u_macro/dout0[25]
 i_soc.i_ai_sram.u_sram.gen_bank\[7\].gen_512.u_macro/dout0[26]
 i_soc.i_ai_sram.u_sram.gen_bank\[7\].gen_512.u_macro/dout0[27]
 i_soc.i_ai_sram.u_sram.gen_bank\[7\].gen_512.u_macro/dout0[28]
 i_soc.i_ai_sram.u_sram.gen_bank\[7\].gen_512.u_macro/dout0[29]
 i_soc.i_ai_sram.u_sram.gen_bank\[7\].gen_512.u_macro/dout0[2]
 i_soc.i_ai_sram.u_sram.gen_bank\[7\].gen_512.u_macro/dout0[30]
 i_soc.i_ai_sram.u_sram.gen_bank\[7\].gen_512.u_macro/dout0[31]
 i_soc.i_ai_sram.u_sram.gen_bank\[7\].gen_512.u_macro/dout0[3]
 i_soc.i_ai_sram.u_sram.gen_bank\[7\].gen_512.u_macro/dout0[4]
 i_soc.i_ai_sram.u_sram.gen_bank\[7\].gen_512.u_macro/dout0[5]
 i_soc.i_ai_sram.u_sram.gen_bank\[7\].gen_512.u_macro/dout0[6]
 i_soc.i_ai_sram.u_sram.gen_bank\[7\].gen_512.u_macro/dout0[7]
 i_soc.i_ai_sram.u_sram.gen_bank\[7\].gen_512.u_macro/dout0[8]
 i_soc.i_ai_sram.u_sram.gen_bank\[7\].gen_512.u_macro/dout0[9]
 i_soc.i_ai_sram.u_sram.gen_bank\[7\].gen_512.u_macro_7586/HI
 i_soc.i_ai_sram.u_sram.gen_bank\[8\].gen_512.u_macro/dout0[0]
 i_soc.i_ai_sram.u_sram.gen_bank\[8\].gen_512.u_macro/dout0[10]
 i_soc.i_ai_sram.u_sram.gen_bank\[8\].gen_512.u_macro/dout0[11]
 i_soc.i_ai_sram.u_sram.gen_bank\[8\].gen_512.u_macro/dout0[12]
 i_soc.i_ai_sram.u_sram.gen_bank\[8\].gen_512.u_macro/dout0[13]
 i_soc.i_ai_sram.u_sram.gen_bank\[8\].gen_512.u_macro/dout0[14]
 i_soc.i_ai_sram.u_sram.gen_bank\[8\].gen_512.u_macro/dout0[15]
 i_soc.i_ai_sram.u_sram.gen_bank\[8\].gen_512.u_macro/dout0[16]
 i_soc.i_ai_sram.u_sram.gen_bank\[8\].gen_512.u_macro/dout0[17]
 i_soc.i_ai_sram.u_sram.gen_bank\[8\].gen_512.u_macro/dout0[18]
 i_soc.i_ai_sram.u_sram.gen_bank\[8\].gen_512.u_macro/dout0[19]
 i_soc.i_ai_sram.u_sram.gen_bank\[8\].gen_512.u_macro/dout0[1]
 i_soc.i_ai_sram.u_sram.gen_bank\[8\].gen_512.u_macro/dout0[20]
 i_soc.i_ai_sram.u_sram.gen_bank\[8\].gen_512.u_macro/dout0[21]
 i_soc.i_ai_sram.u_sram.gen_bank\[8\].gen_512.u_macro/dout0[22]
 i_soc.i_ai_sram.u_sram.gen_bank\[8\].gen_512.u_macro/dout0[23]
 i_soc.i_ai_sram.u_sram.gen_bank\[8\].gen_512.u_macro/dout0[24]
 i_soc.i_ai_sram.u_sram.gen_bank\[8\].gen_512.u_macro/dout0[25]
 i_soc.i_ai_sram.u_sram.gen_bank\[8\].gen_512.u_macro/dout0[26]
 i_soc.i_ai_sram.u_sram.gen_bank\[8\].gen_512.u_macro/dout0[27]
 i_soc.i_ai_sram.u_sram.gen_bank\[8\].gen_512.u_macro/dout0[28]
 i_soc.i_ai_sram.u_sram.gen_bank\[8\].gen_512.u_macro/dout0[29]
 i_soc.i_ai_sram.u_sram.gen_bank\[8\].gen_512.u_macro/dout0[2]
 i_soc.i_ai_sram.u_sram.gen_bank\[8\].gen_512.u_macro/dout0[30]
 i_soc.i_ai_sram.u_sram.gen_bank\[8\].gen_512.u_macro/dout0[31]
 i_soc.i_ai_sram.u_sram.gen_bank\[8\].gen_512.u_macro/dout0[3]
 i_soc.i_ai_sram.u_sram.gen_bank\[8\].gen_512.u_macro/dout0[4]
 i_soc.i_ai_sram.u_sram.gen_bank\[8\].gen_512.u_macro/dout0[5]
 i_soc.i_ai_sram.u_sram.gen_bank\[8\].gen_512.u_macro/dout0[6]
 i_soc.i_ai_sram.u_sram.gen_bank\[8\].gen_512.u_macro/dout0[7]
 i_soc.i_ai_sram.u_sram.gen_bank\[8\].gen_512.u_macro/dout0[8]
 i_soc.i_ai_sram.u_sram.gen_bank\[8\].gen_512.u_macro/dout0[9]
 i_soc.i_ai_sram.u_sram.gen_bank\[8\].gen_512.u_macro_7587/HI
 i_soc.i_ai_sram.u_sram.gen_bank\[9\].gen_512.u_macro/dout0[0]
 i_soc.i_ai_sram.u_sram.gen_bank\[9\].gen_512.u_macro/dout0[10]
 i_soc.i_ai_sram.u_sram.gen_bank\[9\].gen_512.u_macro/dout0[11]
 i_soc.i_ai_sram.u_sram.gen_bank\[9\].gen_512.u_macro/dout0[12]
 i_soc.i_ai_sram.u_sram.gen_bank\[9\].gen_512.u_macro/dout0[13]
 i_soc.i_ai_sram.u_sram.gen_bank\[9\].gen_512.u_macro/dout0[14]
 i_soc.i_ai_sram.u_sram.gen_bank\[9\].gen_512.u_macro/dout0[15]
 i_soc.i_ai_sram.u_sram.gen_bank\[9\].gen_512.u_macro/dout0[16]
 i_soc.i_ai_sram.u_sram.gen_bank\[9\].gen_512.u_macro/dout0[17]
 i_soc.i_ai_sram.u_sram.gen_bank\[9\].gen_512.u_macro/dout0[18]
 i_soc.i_ai_sram.u_sram.gen_bank\[9\].gen_512.u_macro/dout0[19]
 i_soc.i_ai_sram.u_sram.gen_bank\[9\].gen_512.u_macro/dout0[1]
 i_soc.i_ai_sram.u_sram.gen_bank\[9\].gen_512.u_macro/dout0[20]
 i_soc.i_ai_sram.u_sram.gen_bank\[9\].gen_512.u_macro/dout0[21]
 i_soc.i_ai_sram.u_sram.gen_bank\[9\].gen_512.u_macro/dout0[22]
 i_soc.i_ai_sram.u_sram.gen_bank\[9\].gen_512.u_macro/dout0[23]
 i_soc.i_ai_sram.u_sram.gen_bank\[9\].gen_512.u_macro/dout0[24]
 i_soc.i_ai_sram.u_sram.gen_bank\[9\].gen_512.u_macro/dout0[25]
 i_soc.i_ai_sram.u_sram.gen_bank\[9\].gen_512.u_macro/dout0[26]
 i_soc.i_ai_sram.u_sram.gen_bank\[9\].gen_512.u_macro/dout0[27]
 i_soc.i_ai_sram.u_sram.gen_bank\[9\].gen_512.u_macro/dout0[28]
 i_soc.i_ai_sram.u_sram.gen_bank\[9\].gen_512.u_macro/dout0[29]
 i_soc.i_ai_sram.u_sram.gen_bank\[9\].gen_512.u_macro/dout0[2]
 i_soc.i_ai_sram.u_sram.gen_bank\[9\].gen_512.u_macro/dout0[30]
 i_soc.i_ai_sram.u_sram.gen_bank\[9\].gen_512.u_macro/dout0[31]
 i_soc.i_ai_sram.u_sram.gen_bank\[9\].gen_512.u_macro/dout0[3]
 i_soc.i_ai_sram.u_sram.gen_bank\[9\].gen_512.u_macro/dout0[4]
 i_soc.i_ai_sram.u_sram.gen_bank\[9\].gen_512.u_macro/dout0[5]
 i_soc.i_ai_sram.u_sram.gen_bank\[9\].gen_512.u_macro/dout0[6]
 i_soc.i_ai_sram.u_sram.gen_bank\[9\].gen_512.u_macro/dout0[7]
 i_soc.i_ai_sram.u_sram.gen_bank\[9\].gen_512.u_macro/dout0[8]
 i_soc.i_ai_sram.u_sram.gen_bank\[9\].gen_512.u_macro/dout0[9]
 i_soc.i_ai_sram.u_sram.gen_bank\[9\].gen_512.u_macro_7588/HI
 i_soc.i_cpu.core_i._08__7620/HI
 i_soc.i_cpu.core_i._09__7621/HI
 i_soc.i_cpu.core_i._10__7622/HI
 i_soc.i_cpu.core_i._11__7623/HI
 i_soc.i_cpu.core_i._12__7624/HI
 i_soc.i_cpu.core_i._13__7656/HI
 i_soc.i_cpu.core_i._13__7661/HI
 i_soc.i_cpu.core_i._14__7657/HI
 i_soc.i_cpu.core_i._14__7662/HI
 i_soc.i_cpu.core_i._15__7658/HI
 i_soc.i_cpu.core_i._15__7663/HI
 i_soc.i_cpu.core_i._16__7659/HI
 i_soc.i_cpu.core_i._16__7664/HI
 i_soc.i_cpu.core_i._17__7660/HI
 i_soc.i_cpu.core_i._17__7665/HI
 i_soc.i_cpu.core_i.cs_registers_i._1850__7451/HI
 i_soc.i_cpu.core_i.cs_registers_i._1881__7929/HI
 i_soc.i_cpu.core_i.cs_registers_i._1897__7930/HI
 i_soc.i_cpu.core_i.cs_registers_i._1899__7452/HI
 i_soc.i_cpu.core_i.cs_registers_i._1902__7931/HI
 i_soc.i_cpu.core_i.cs_registers_i._1904__7453/HI
 i_soc.i_cpu.core_i.cs_registers_i._1922__7454/HI
 i_soc.i_cpu.core_i.cs_registers_i._1940__7932/HI
 i_soc.i_cpu.core_i.cs_registers_i._1942__7455/HI
 i_soc.i_cpu.core_i.cs_registers_i._1953__7933/HI
 i_soc.i_cpu.core_i.cs_registers_i._1954__7456/HI
 i_soc.i_cpu.core_i.cs_registers_i._1965__7934/HI
 i_soc.i_cpu.core_i.cs_registers_i._1967__7457/HI
 i_soc.i_cpu.core_i.cs_registers_i._1973__7458/HI
 i_soc.i_cpu.core_i.cs_registers_i._1986__7459/HI
 i_soc.i_cpu.core_i.cs_registers_i._1995__7935/HI
 i_soc.i_cpu.core_i.cs_registers_i._2003__7936/HI
 i_soc.i_cpu.core_i.cs_registers_i._2006__7460/HI
 i_soc.i_cpu.core_i.cs_registers_i._2014__7937/HI
 i_soc.i_cpu.core_i.cs_registers_i._2017__7461/HI
 i_soc.i_cpu.core_i.cs_registers_i._2021__7462/HI
 i_soc.i_cpu.core_i.cs_registers_i._2033__7463/HI
 i_soc.i_cpu.core_i.cs_registers_i._2035__7938/HI
 i_soc.i_cpu.core_i.cs_registers_i._2053__7464/HI
 i_soc.i_cpu.core_i.cs_registers_i._2055__7939/HI
 i_soc.i_cpu.core_i.cs_registers_i._2067__7940/HI
 i_soc.i_cpu.core_i.cs_registers_i._2068__7465/HI
 i_soc.i_cpu.core_i.cs_registers_i._2075__7941/HI
 i_soc.i_cpu.core_i.cs_registers_i._2078__7466/HI
 i_soc.i_cpu.core_i.cs_registers_i._2089__7467/HI
 i_soc.i_cpu.core_i.cs_registers_i._2101__7468/HI
 i_soc.i_cpu.core_i.cs_registers_i._2115__7469/HI
 i_soc.i_cpu.core_i.cs_registers_i._2128__7470/HI
 i_soc.i_cpu.core_i.cs_registers_i._2139__7471/HI
 i_soc.i_cpu.core_i.cs_registers_i._2152__7472/HI
 i_soc.i_cpu.core_i.cs_registers_i._2162__7473/HI
 i_soc.i_cpu.core_i.cs_registers_i._2173__7474/HI
 i_soc.i_cpu.core_i.cs_registers_i._2188__7475/HI
 i_soc.i_cpu.core_i.cs_registers_i._2197__7476/HI
 i_soc.i_cpu.core_i.cs_registers_i._2209__7477/HI
 i_soc.i_cpu.core_i.cs_registers_i._2222__7478/HI
 i_soc.i_cpu.core_i.cs_registers_i._2232__7479/HI
 i_soc.i_cpu.core_i.cs_registers_i._2246__7480/HI
 i_soc.i_cpu.core_i.cs_registers_i._2249__7481/HI
 i_soc.i_cpu.core_i.cs_registers_i._2261__7482/HI
 i_soc.i_cpu.core_i.cs_registers_i._2620__7528/HI
 i_soc.i_cpu.core_i.cs_registers_i._2623__7529/HI
 i_soc.i_cpu.core_i.cs_registers_i._2625__7530/HI
 i_soc.i_cpu.core_i.cs_registers_i._2627__7531/HI
 i_soc.i_cpu.core_i.cs_registers_i._2629__7532/HI
 i_soc.i_cpu.core_i.cs_registers_i._2631__7533/HI
 i_soc.i_cpu.core_i.cs_registers_i._2633__7534/HI
 i_soc.i_cpu.core_i.cs_registers_i._2635__7535/HI
 i_soc.i_cpu.core_i.cs_registers_i._2637__7999/LO
 i_soc.i_cpu.core_i.cs_registers_i._2639__7536/HI
 i_soc.i_cpu.core_i.cs_registers_i._2641__7537/HI
 i_soc.i_cpu.core_i.cs_registers_i._2643__7538/HI
 i_soc.i_cpu.core_i.cs_registers_i._2645__7539/HI
 i_soc.i_cpu.core_i.cs_registers_i._2647__7540/HI
 i_soc.i_cpu.core_i.cs_registers_i._2649__7541/HI
 i_soc.i_cpu.core_i.cs_registers_i._2651__7542/HI
 i_soc.i_cpu.core_i.cs_registers_i._2653__7543/HI
 i_soc.i_cpu.core_i.cs_registers_i._2655__7544/HI
 i_soc.i_cpu.core_i.cs_registers_i._2657__7545/HI
 i_soc.i_cpu.core_i.cs_registers_i._2659__7546/HI
 i_soc.i_cpu.core_i.cs_registers_i._2661__7547/HI
 i_soc.i_cpu.core_i.cs_registers_i._2663__7548/HI
 i_soc.i_cpu.core_i.cs_registers_i._2665__7549/HI
 i_soc.i_cpu.core_i.cs_registers_i._2667__7550/HI
 i_soc.i_cpu.core_i.ex_stage_i._115__7589/HI
 i_soc.i_cpu.core_i.id_stage_i._1917__7869/HI
 i_soc.i_cpu.core_i.id_stage_i._1919__7856/HI
 i_soc.i_cpu.core_i.id_stage_i._1927__7904/HI
 i_soc.i_cpu.core_i.id_stage_i._1928__7878/HI
 i_soc.i_cpu.core_i.id_stage_i._1930__7690/HI
 i_soc.i_cpu.core_i.id_stage_i._1935__8039/LO
 i_soc.i_cpu.core_i.id_stage_i._1935__8046/LO
 i_soc.i_cpu.core_i.id_stage_i._1936__8047/LO
 i_soc.i_cpu.core_i.id_stage_i._1938__8040/LO
 i_soc.i_cpu.core_i.id_stage_i._1940__8048/LO
 i_soc.i_cpu.core_i.id_stage_i._1942__8041/LO
 i_soc.i_cpu.core_i.id_stage_i._1944__8049/LO
 i_soc.i_cpu.core_i.id_stage_i._1946__8042/LO
 i_soc.i_cpu.core_i.id_stage_i._1948__8050/LO
 i_soc.i_cpu.core_i.id_stage_i._1950__8043/LO
 i_soc.i_cpu.core_i.id_stage_i._1952__8051/LO
 i_soc.i_cpu.core_i.id_stage_i._1954__8044/LO
 i_soc.i_cpu.core_i.id_stage_i._1956__7875/HI
 i_soc.i_cpu.core_i.id_stage_i._1956__8045/LO
 i_soc.i_cpu.core_i.id_stage_i._1956__8052/LO
 i_soc.i_cpu.core_i.id_stage_i._2387__7870/HI
 i_soc.i_cpu.core_i.id_stage_i._2391__7871/HI
 i_soc.i_cpu.core_i.id_stage_i._2393__7857/HI
 i_soc.i_cpu.core_i.id_stage_i._2402__7858/HI
 i_soc.i_cpu.core_i.id_stage_i._2420__7859/HI
 i_soc.i_cpu.core_i.id_stage_i._2425__7872/HI
 i_soc.i_cpu.core_i.id_stage_i._2446__7860/HI
 i_soc.i_cpu.core_i.id_stage_i._2455__7873/HI
 i_soc.i_cpu.core_i.id_stage_i._2478__8053/LO
 i_soc.i_cpu.core_i.id_stage_i._2479__8054/LO
 i_soc.i_cpu.core_i.id_stage_i._2480__8055/LO
 i_soc.i_cpu.core_i.id_stage_i._2481__8056/LO
 i_soc.i_cpu.core_i.id_stage_i._2482__8057/LO
 i_soc.i_cpu.core_i.id_stage_i._2483__7861/HI
 i_soc.i_cpu.core_i.id_stage_i._2483__7876/HI
 i_soc.i_cpu.core_i.id_stage_i._2483__8058/LO
 i_soc.i_cpu.core_i.id_stage_i._2494__7847/HI
 i_soc.i_cpu.core_i.id_stage_i._2495__7849/HI
 i_soc.i_cpu.core_i.id_stage_i._2496__7801/HI
 i_soc.i_cpu.core_i.id_stage_i._2507__7802/HI
 i_soc.i_cpu.core_i.id_stage_i._2510__7803/HI
 i_soc.i_cpu.core_i.id_stage_i._2513__7804/HI
 i_soc.i_cpu.core_i.id_stage_i._2867__7805/HI
 i_soc.i_cpu.core_i.id_stage_i._2868__7838/HI
 i_soc.i_cpu.core_i.id_stage_i._2868__7842/HI
 i_soc.i_cpu.core_i.id_stage_i._2871__7843/HI
 i_soc.i_cpu.core_i.id_stage_i._2872__7839/HI
 i_soc.i_cpu.core_i.id_stage_i._2872__7844/HI
 i_soc.i_cpu.core_i.id_stage_i._2877__7840/HI
 i_soc.i_cpu.core_i.id_stage_i._2877__7845/HI
 i_soc.i_cpu.core_i.id_stage_i._2881__7841/HI
 i_soc.i_cpu.core_i.id_stage_i._2881__7846/HI
 i_soc.i_cpu.core_i.id_stage_i._2886__7806/HI
 i_soc.i_cpu.core_i.id_stage_i._2887__7807/HI
 i_soc.i_cpu.core_i.id_stage_i._2888__7808/HI
 i_soc.i_cpu.core_i.id_stage_i._2893__7813/HI
 i_soc.i_cpu.core_i.id_stage_i._2893__7816/HI
 i_soc.i_cpu.core_i.id_stage_i._2894__7814/HI
 i_soc.i_cpu.core_i.id_stage_i._2894__7817/HI
 i_soc.i_cpu.core_i.id_stage_i._2943__7809/HI
 i_soc.i_cpu.core_i.id_stage_i._2944__7810/HI
 i_soc.i_cpu.core_i.id_stage_i._2970__7905/HI
 i_soc.i_cpu.core_i.id_stage_i._2979__7906/HI
 i_soc.i_cpu.core_i.id_stage_i._2980__7907/HI
 i_soc.i_cpu.core_i.id_stage_i._2989__7908/HI
 i_soc.i_cpu.core_i.id_stage_i._2990__7909/HI
 i_soc.i_cpu.core_i.id_stage_i._3000__7910/HI
 i_soc.i_cpu.core_i.id_stage_i._3012__7911/HI
 i_soc.i_cpu.core_i.id_stage_i._3021__7912/HI
 i_soc.i_cpu.core_i.id_stage_i._3022__7913/HI
 i_soc.i_cpu.core_i.id_stage_i._3030__7914/HI
 i_soc.i_cpu.core_i.id_stage_i._3039__7915/HI
 i_soc.i_cpu.core_i.id_stage_i._3046__7916/HI
 i_soc.i_cpu.core_i.id_stage_i._3053__7917/HI
 i_soc.i_cpu.core_i.id_stage_i._3060__7918/HI
 i_soc.i_cpu.core_i.id_stage_i._3073__7919/HI
 i_soc.i_cpu.core_i.id_stage_i._3085__7920/HI
 i_soc.i_cpu.core_i.id_stage_i._3099__7921/HI
 i_soc.i_cpu.core_i.id_stage_i._3118__7922/HI
 i_soc.i_cpu.core_i.id_stage_i._3125__7923/HI
 i_soc.i_cpu.core_i.id_stage_i._3131__7924/HI
 i_soc.i_cpu.core_i.id_stage_i._3137__7925/HI
 i_soc.i_cpu.core_i.id_stage_i._3143__7926/HI
 i_soc.i_cpu.core_i.id_stage_i._3144__7811/HI
 i_soc.i_cpu.core_i.id_stage_i._3181__7879/HI
 i_soc.i_cpu.core_i.id_stage_i._3189__7880/HI
 i_soc.i_cpu.core_i.id_stage_i._3193__7881/HI
 i_soc.i_cpu.core_i.id_stage_i._3201__7882/HI
 i_soc.i_cpu.core_i.id_stage_i._3207__7883/HI
 i_soc.i_cpu.core_i.id_stage_i._3213__7884/HI
 i_soc.i_cpu.core_i.id_stage_i._3219__7885/HI
 i_soc.i_cpu.core_i.id_stage_i._3224__7886/HI
 i_soc.i_cpu.core_i.id_stage_i._3226__7887/HI
 i_soc.i_cpu.core_i.id_stage_i._3228__7888/HI
 i_soc.i_cpu.core_i.id_stage_i._3233__7889/HI
 i_soc.i_cpu.core_i.id_stage_i._3236__7890/HI
 i_soc.i_cpu.core_i.id_stage_i._3240__7891/HI
 i_soc.i_cpu.core_i.id_stage_i._3244__7892/HI
 i_soc.i_cpu.core_i.id_stage_i._3248__7893/HI
 i_soc.i_cpu.core_i.id_stage_i._3252__7894/HI
 i_soc.i_cpu.core_i.id_stage_i._3257__7895/HI
 i_soc.i_cpu.core_i.id_stage_i._3266__7896/HI
 i_soc.i_cpu.core_i.id_stage_i._3270__7897/HI
 i_soc.i_cpu.core_i.id_stage_i._3274__7898/HI
 i_soc.i_cpu.core_i.id_stage_i._3278__7899/HI
 i_soc.i_cpu.core_i.id_stage_i._3282__7900/HI
 i_soc.i_cpu.core_i.id_stage_i._3286__7901/HI
 i_soc.i_cpu.core_i.id_stage_i._3298__7812/HI
 i_soc.i_cpu.core_i.id_stage_i._3299__7815/HI
 i_soc.i_cpu.core_i.id_stage_i._3300__7818/HI
 i_soc.i_cpu.core_i.id_stage_i._3301__7819/HI
 i_soc.i_cpu.core_i.id_stage_i._3304__7821/HI
 i_soc.i_cpu.core_i.id_stage_i._3318__8022/LO
 i_soc.i_cpu.core_i.id_stage_i._3321__7822/HI
 i_soc.i_cpu.core_i.id_stage_i._3321__8023/LO
 i_soc.i_cpu.core_i.id_stage_i._3322__7823/HI
 i_soc.i_cpu.core_i.id_stage_i._3322__8024/LO
 i_soc.i_cpu.core_i.id_stage_i._3324__8025/LO
 i_soc.i_cpu.core_i.id_stage_i._3325__7824/HI
 i_soc.i_cpu.core_i.id_stage_i._3325__8026/LO
 i_soc.i_cpu.core_i.id_stage_i._3327__8027/LO
 i_soc.i_cpu.core_i.id_stage_i._3329__7825/HI
 i_soc.i_cpu.core_i.id_stage_i._3329__8028/LO
 i_soc.i_cpu.core_i.id_stage_i._3332__7826/HI
 i_soc.i_cpu.core_i.id_stage_i._3332__8029/LO
 i_soc.i_cpu.core_i.id_stage_i._3334__8035/LO
 i_soc.i_cpu.core_i.id_stage_i._3335__7827/HI
 i_soc.i_cpu.core_i.id_stage_i._3335__8036/LO
 i_soc.i_cpu.core_i.id_stage_i._3336__7828/HI
 i_soc.i_cpu.core_i.id_stage_i._3337__7829/HI
 i_soc.i_cpu.core_i.id_stage_i._3337__8037/LO
 i_soc.i_cpu.core_i.id_stage_i._3338__8030/LO
 i_soc.i_cpu.core_i.id_stage_i._3341__8031/LO
 i_soc.i_cpu.core_i.id_stage_i._3344__8032/LO
 i_soc.i_cpu.core_i.id_stage_i._3347__8033/LO
 i_soc.i_cpu.core_i.id_stage_i._3350__8034/LO
 i_soc.i_cpu.core_i.id_stage_i._3358__7835/HI
 i_soc.i_cpu.core_i.id_stage_i._3359__7836/HI
 i_soc.i_cpu.core_i.id_stage_i._3362__7837/HI
 i_soc.i_cpu.core_i.id_stage_i._3368__7850/HI
 i_soc.i_cpu.core_i.id_stage_i._3468__7851/HI
 i_soc.i_cpu.core_i.id_stage_i._3469__7852/HI
 i_soc.i_cpu.core_i.id_stage_i._3475__7853/HI
 i_soc.i_cpu.core_i.id_stage_i._3481__7848/HI
 i_soc.i_cpu.core_i.id_stage_i._3605__7902/HI
 i_soc.i_cpu.core_i.id_stage_i._3610__7903/HI
 i_soc.i_cpu.core_i.id_stage_i._3616__7854/HI
 i_soc.i_cpu.core_i.id_stage_i._3619__7855/HI
 i_soc.i_cpu.core_i.id_stage_i._3656__8038/LO
 i_soc.i_cpu.core_i.id_stage_i._3672__7877/HI
 i_soc.i_cpu.core_i.id_stage_i.controller_i._244__7820/HI
 i_soc.i_cpu.core_i.id_stage_i.controller_i._252__7385/HI
 i_soc.i_cpu.core_i.id_stage_i.controller_i._253__7386/HI
 i_soc.i_cpu.core_i.id_stage_i.controller_i._255__7606/HI
 i_soc.i_cpu.core_i.id_stage_i.controller_i._255__8012/LO
 i_soc.i_cpu.core_i.id_stage_i.controller_i._255__8017/LO
 i_soc.i_cpu.core_i.id_stage_i.controller_i._256__8013/LO
 i_soc.i_cpu.core_i.id_stage_i.controller_i._256__8018/LO
 i_soc.i_cpu.core_i.id_stage_i.controller_i._259__7830/HI
 i_soc.i_cpu.core_i.id_stage_i.controller_i._261__7590/HI
 i_soc.i_cpu.core_i.id_stage_i.controller_i._264__7943/HI
 i_soc.i_cpu.core_i.id_stage_i.controller_i._265__7944/HI
 i_soc.i_cpu.core_i.id_stage_i.controller_i._267__7591/HI
 i_soc.i_cpu.core_i.id_stage_i.controller_i._267__7945/HI
 i_soc.i_cpu.core_i.id_stage_i.controller_i._268__7592/HI
 i_soc.i_cpu.core_i.id_stage_i.controller_i._268__7946/HI
 i_soc.i_cpu.core_i.id_stage_i.controller_i._270__7593/HI
 i_soc.i_cpu.core_i.id_stage_i.controller_i._270__7947/HI
 i_soc.i_cpu.core_i.id_stage_i.controller_i._271__7594/HI
 i_soc.i_cpu.core_i.id_stage_i.controller_i._271__7948/HI
 i_soc.i_cpu.core_i.id_stage_i.controller_i._274__7387/HI
 i_soc.i_cpu.core_i.id_stage_i.controller_i._275__7388/HI
 i_soc.i_cpu.core_i.id_stage_i.controller_i._284__7927/HI
 i_soc.i_cpu.core_i.id_stage_i.controller_i._288__7691/HI
 i_soc.i_cpu.core_i.id_stage_i.controller_i._288__7692/HI
 i_soc.i_cpu.core_i.id_stage_i.controller_i._296__7595/HI
 i_soc.i_cpu.core_i.id_stage_i.controller_i._296__7949/HI
 i_soc.i_cpu.core_i.id_stage_i.controller_i._322__7389/HI
 i_soc.i_cpu.core_i.id_stage_i.controller_i._324__7596/HI
 i_soc.i_cpu.core_i.id_stage_i.controller_i._325__7597/HI
 i_soc.i_cpu.core_i.id_stage_i.controller_i._326__7598/HI
 i_soc.i_cpu.core_i.id_stage_i.controller_i._327__7599/HI
 i_soc.i_cpu.core_i.id_stage_i.controller_i._328__7600/HI
 i_soc.i_cpu.core_i.id_stage_i.controller_i._328__7950/HI
 i_soc.i_cpu.core_i.id_stage_i.controller_i._329__7601/HI
 i_soc.i_cpu.core_i.id_stage_i.controller_i._333__7831/HI
 i_soc.i_cpu.core_i.id_stage_i.controller_i._343__7928/HI
 i_soc.i_cpu.core_i.id_stage_i.controller_i._351__7832/HI
 i_soc.i_cpu.core_i.id_stage_i.controller_i._360__7951/HI
 i_soc.i_cpu.core_i.id_stage_i.controller_i._364__7952/HI
 i_soc.i_cpu.core_i.id_stage_i.controller_i._373__7390/HI
 i_soc.i_cpu.core_i.id_stage_i.controller_i._377__7833/HI
 i_soc.i_cpu.core_i.id_stage_i.controller_i._381__7834/HI
 i_soc.i_cpu.core_i.id_stage_i.controller_i._395__7391/HI
 i_soc.i_cpu.core_i.id_stage_i.controller_i._426__7953/HI
 i_soc.i_cpu.core_i.id_stage_i.controller_i._427__7602/HI
 i_soc.i_cpu.core_i.id_stage_i.controller_i._438__8014/LO
 i_soc.i_cpu.core_i.id_stage_i.controller_i._438__8019/LO
 i_soc.i_cpu.core_i.id_stage_i.controller_i._444__7954/HI
 i_soc.i_cpu.core_i.id_stage_i.controller_i._460__7955/HI
 i_soc.i_cpu.core_i.id_stage_i.controller_i._463__7603/HI
 i_soc.i_cpu.core_i.id_stage_i.controller_i._465__8015/LO
 i_soc.i_cpu.core_i.id_stage_i.controller_i._465__8020/LO
 i_soc.i_cpu.core_i.id_stage_i.controller_i._468__7956/HI
 i_soc.i_cpu.core_i.id_stage_i.controller_i._523__7392/HI
 i_soc.i_cpu.core_i.id_stage_i.controller_i._554__7604/HI
 i_soc.i_cpu.core_i.id_stage_i.controller_i._564__7693/HI
 i_soc.i_cpu.core_i.id_stage_i.controller_i._565__7694/HI
 i_soc.i_cpu.core_i.id_stage_i.controller_i._566__7695/HI
 i_soc.i_cpu.core_i.id_stage_i.controller_i._567__7696/HI
 i_soc.i_cpu.core_i.id_stage_i.controller_i._568__7697/HI
 i_soc.i_cpu.core_i.id_stage_i.controller_i._569__7698/HI
 i_soc.i_cpu.core_i.id_stage_i.controller_i._570__7699/HI
 i_soc.i_cpu.core_i.id_stage_i.controller_i._571__7700/HI
 i_soc.i_cpu.core_i.id_stage_i.controller_i._572__7701/HI
 i_soc.i_cpu.core_i.id_stage_i.controller_i._573__7702/HI
 i_soc.i_cpu.core_i.id_stage_i.controller_i._574__7703/HI
 i_soc.i_cpu.core_i.id_stage_i.controller_i._575__7704/HI
 i_soc.i_cpu.core_i.id_stage_i.controller_i._576__7705/HI
 i_soc.i_cpu.core_i.id_stage_i.controller_i._577__7706/HI
 i_soc.i_cpu.core_i.id_stage_i.controller_i._578__7707/HI
 i_soc.i_cpu.core_i.id_stage_i.controller_i._579__7708/HI
 i_soc.i_cpu.core_i.id_stage_i.controller_i._580__7709/HI
 i_soc.i_cpu.core_i.id_stage_i.controller_i._581__7710/HI
 i_soc.i_cpu.core_i.id_stage_i.controller_i._582__7711/HI
 i_soc.i_cpu.core_i.id_stage_i.controller_i._583__7712/HI
 i_soc.i_cpu.core_i.id_stage_i.controller_i._584__7713/HI
 i_soc.i_cpu.core_i.id_stage_i.controller_i._585__7714/HI
 i_soc.i_cpu.core_i.id_stage_i.controller_i._586__7715/HI
 i_soc.i_cpu.core_i.id_stage_i.controller_i._587__7716/HI
 i_soc.i_cpu.core_i.id_stage_i.controller_i._588__7717/HI
 i_soc.i_cpu.core_i.id_stage_i.controller_i._589__7718/HI
 i_soc.i_cpu.core_i.id_stage_i.controller_i._590__7719/HI
 i_soc.i_cpu.core_i.id_stage_i.controller_i._591__7720/HI
 i_soc.i_cpu.core_i.id_stage_i.controller_i._592__7721/HI
 i_soc.i_cpu.core_i.id_stage_i.controller_i._593__7722/HI
 i_soc.i_cpu.core_i.id_stage_i.controller_i._594__7723/HI
 i_soc.i_cpu.core_i.id_stage_i.controller_i._595__7724/HI
 i_soc.i_cpu.core_i.id_stage_i.decoder_i._251__8021/LO
 i_soc.i_cpu.core_i.id_stage_i.decoder_i._360__8016/LO
 i_soc.i_cpu.core_i.id_stage_i.int_controller_i._053__7514/HI
 i_soc.i_cpu.core_i.id_stage_i.int_controller_i._053__7516/HI
 i_soc.i_cpu.core_i.id_stage_i.int_controller_i._054__7486/HI
 i_soc.i_cpu.core_i.id_stage_i.int_controller_i._054__7510/HI
 i_soc.i_cpu.core_i.id_stage_i.int_controller_i._055__7506/HI
 i_soc.i_cpu.core_i.id_stage_i.int_controller_i._055__7508/HI
 i_soc.i_cpu.core_i.id_stage_i.int_controller_i._056__7493/HI
 i_soc.i_cpu.core_i.id_stage_i.int_controller_i._056__7512/HI
 i_soc.i_cpu.core_i.id_stage_i.int_controller_i._056__7613/HI
 i_soc.i_cpu.core_i.id_stage_i.int_controller_i._057__7488/HI
 i_soc.i_cpu.core_i.id_stage_i.int_controller_i._057__7498/HI
 i_soc.i_cpu.core_i.id_stage_i.int_controller_i._057__7610/HI
 i_soc.i_cpu.core_i.id_stage_i.int_controller_i._057__7616/HI
 i_soc.i_cpu.core_i.id_stage_i.int_controller_i._058__7489/HI
 i_soc.i_cpu.core_i.id_stage_i.int_controller_i._058__7491/HI
 i_soc.i_cpu.core_i.id_stage_i.int_controller_i._058__7611/HI
 i_soc.i_cpu.core_i.id_stage_i.int_controller_i._059__7490/HI
 i_soc.i_cpu.core_i.id_stage_i.int_controller_i._059__7520/HI
 i_soc.i_cpu.core_i.id_stage_i.int_controller_i._059__7612/HI
 i_soc.i_cpu.core_i.id_stage_i.int_controller_i._060__7484/HI
 i_soc.i_cpu.core_i.id_stage_i.int_controller_i._060__7608/HI
 i_soc.i_cpu.core_i.id_stage_i.int_controller_i._062__7501/HI
 i_soc.i_cpu.core_i.id_stage_i.int_controller_i._062__7619/HI
 i_soc.i_cpu.core_i.id_stage_i.int_controller_i._063__7485/HI
 i_soc.i_cpu.core_i.id_stage_i.int_controller_i._063__7522/HI
 i_soc.i_cpu.core_i.id_stage_i.int_controller_i._063__7609/HI
 i_soc.i_cpu.core_i.id_stage_i.int_controller_i._064__7495/HI
 i_soc.i_cpu.core_i.id_stage_i.int_controller_i._064__7518/HI
 i_soc.i_cpu.core_i.id_stage_i.int_controller_i._064__7615/HI
 i_soc.i_cpu.core_i.id_stage_i.int_controller_i._065__7500/HI
 i_soc.i_cpu.core_i.id_stage_i.int_controller_i._065__7526/HI
 i_soc.i_cpu.core_i.id_stage_i.int_controller_i._065__7618/HI
 i_soc.i_cpu.core_i.id_stage_i.int_controller_i._066__7496/HI
 i_soc.i_cpu.core_i.id_stage_i.int_controller_i._066__7504/HI
 i_soc.i_cpu.core_i.id_stage_i.int_controller_i._067__7494/HI
 i_soc.i_cpu.core_i.id_stage_i.int_controller_i._067__7524/HI
 i_soc.i_cpu.core_i.id_stage_i.int_controller_i._067__7614/HI
 i_soc.i_cpu.core_i.id_stage_i.int_controller_i._068__7483/HI
 i_soc.i_cpu.core_i.id_stage_i.int_controller_i._068__7499/HI
 i_soc.i_cpu.core_i.id_stage_i.int_controller_i._068__7607/HI
 i_soc.i_cpu.core_i.id_stage_i.int_controller_i._068__7617/HI
 i_soc.i_cpu.core_i.id_stage_i.int_controller_i._069__7502/HI
 i_soc.i_cpu.core_i.id_stage_i.int_controller_i._113__7487/HI
 i_soc.i_cpu.core_i.id_stage_i.int_controller_i._114__7492/HI
 i_soc.i_cpu.core_i.id_stage_i.int_controller_i._115__7497/HI
 i_soc.i_cpu.core_i.id_stage_i.int_controller_i._119__7503/HI
 i_soc.i_cpu.core_i.id_stage_i.int_controller_i._120__7505/HI
 i_soc.i_cpu.core_i.id_stage_i.int_controller_i._121__7507/HI
 i_soc.i_cpu.core_i.id_stage_i.int_controller_i._122__7509/HI
 i_soc.i_cpu.core_i.id_stage_i.int_controller_i._123__7511/HI
 i_soc.i_cpu.core_i.id_stage_i.int_controller_i._124__7513/HI
 i_soc.i_cpu.core_i.id_stage_i.int_controller_i._125__7515/HI
 i_soc.i_cpu.core_i.id_stage_i.int_controller_i._126__7517/HI
 i_soc.i_cpu.core_i.id_stage_i.int_controller_i._127__7519/HI
 i_soc.i_cpu.core_i.id_stage_i.int_controller_i._128__7521/HI
 i_soc.i_cpu.core_i.id_stage_i.int_controller_i._129__7523/HI
 i_soc.i_cpu.core_i.id_stage_i.int_controller_i._130__7525/HI
 i_soc.i_cpu.core_i.id_stage_i.int_controller_i._131__7527/HI
 i_soc.i_cpu.core_i.id_stage_i.int_controller_i._132__7605/HI
 i_soc.i_cpu.core_i.id_stage_i.register_file_i._3981__7874/HI
 i_soc.i_cpu.core_i.id_stage_i.register_file_i._3985__7862/HI
 i_soc.i_cpu.core_i.id_stage_i.register_file_i._4818__7863/HI
 i_soc.i_cpu.core_i.id_stage_i.register_file_i._4926__7864/HI
 i_soc.i_cpu.core_i.id_stage_i.register_file_i._5070__7865/HI
 i_soc.i_cpu.core_i.id_stage_i.register_file_i._5304__7866/HI
 i_soc.i_cpu.core_i.id_stage_i.register_file_i._5340__7867/HI
 i_soc.i_cpu.core_i.id_stage_i.register_file_i._5358__7868/HI
 i_soc.i_cpu.core_i.if_stage_i._414__7790/HI
 i_soc.i_cpu.core_i.if_stage_i._419__7791/HI
 i_soc.i_cpu.core_i.if_stage_i._421__7792/HI
 i_soc.i_cpu.core_i.if_stage_i._422__7793/HI
 i_soc.i_cpu.core_i.if_stage_i._423__7794/HI
 i_soc.i_cpu.core_i.if_stage_i._424__7795/HI
 i_soc.i_cpu.core_i.if_stage_i._426__7796/HI
 i_soc.i_cpu.core_i.if_stage_i._428__7625/HI
 i_soc.i_cpu.core_i.if_stage_i._431__7797/HI
 i_soc.i_cpu.core_i.if_stage_i._432__7799/HI
 i_soc.i_cpu.core_i.if_stage_i._433__7800/HI
 i_soc.i_cpu.core_i.if_stage_i._435__7725/HI
 i_soc.i_cpu.core_i.if_stage_i._437__7726/HI
 i_soc.i_cpu.core_i.if_stage_i._438__7727/HI
 i_soc.i_cpu.core_i.if_stage_i._440__7393/HI
 i_soc.i_cpu.core_i.if_stage_i._440__7422/HI
 i_soc.i_cpu.core_i.if_stage_i._441__7798/HI
 i_soc.i_cpu.core_i.if_stage_i._447__7626/HI
 i_soc.i_cpu.core_i.if_stage_i._449__7355/HI
 i_soc.i_cpu.core_i.if_stage_i._452__7394/HI
 i_soc.i_cpu.core_i.if_stage_i._452__7423/HI
 i_soc.i_cpu.core_i.if_stage_i._456__7627/HI
 i_soc.i_cpu.core_i.if_stage_i._459__7356/HI
 i_soc.i_cpu.core_i.if_stage_i._464__7357/HI
 i_soc.i_cpu.core_i.if_stage_i._467__7395/HI
 i_soc.i_cpu.core_i.if_stage_i._467__7424/HI
 i_soc.i_cpu.core_i.if_stage_i._468__7628/HI
 i_soc.i_cpu.core_i.if_stage_i._473__7396/HI
 i_soc.i_cpu.core_i.if_stage_i._473__7425/HI
 i_soc.i_cpu.core_i.if_stage_i._478__7629/HI
 i_soc.i_cpu.core_i.if_stage_i._480__7358/HI
 i_soc.i_cpu.core_i.if_stage_i._483__7359/HI
 i_soc.i_cpu.core_i.if_stage_i._486__7397/HI
 i_soc.i_cpu.core_i.if_stage_i._486__7426/HI
 i_soc.i_cpu.core_i.if_stage_i._487__7630/HI
 i_soc.i_cpu.core_i.if_stage_i._491__7398/HI
 i_soc.i_cpu.core_i.if_stage_i._491__7427/HI
 i_soc.i_cpu.core_i.if_stage_i._495__7631/HI
 i_soc.i_cpu.core_i.if_stage_i._499__7360/HI
 i_soc.i_cpu.core_i.if_stage_i._502__7666/HI
 i_soc.i_cpu.core_i.if_stage_i._504__7399/HI
 i_soc.i_cpu.core_i.if_stage_i._504__7428/HI
 i_soc.i_cpu.core_i.if_stage_i._506__7632/HI
 i_soc.i_cpu.core_i.if_stage_i._509__7361/HI
 i_soc.i_cpu.core_i.if_stage_i._514__7667/HI
 i_soc.i_cpu.core_i.if_stage_i._516__7400/HI
 i_soc.i_cpu.core_i.if_stage_i._516__7429/HI
 i_soc.i_cpu.core_i.if_stage_i._521__7633/HI
 i_soc.i_cpu.core_i.if_stage_i._522__7362/HI
 i_soc.i_cpu.core_i.if_stage_i._526__7668/HI
 i_soc.i_cpu.core_i.if_stage_i._528__7401/HI
 i_soc.i_cpu.core_i.if_stage_i._528__7430/HI
 i_soc.i_cpu.core_i.if_stage_i._531__7634/HI
 i_soc.i_cpu.core_i.if_stage_i._533__7363/HI
 i_soc.i_cpu.core_i.if_stage_i._536__7669/HI
 i_soc.i_cpu.core_i.if_stage_i._538__7402/HI
 i_soc.i_cpu.core_i.if_stage_i._538__7431/HI
 i_soc.i_cpu.core_i.if_stage_i._542__7635/HI
 i_soc.i_cpu.core_i.if_stage_i._544__7364/HI
 i_soc.i_cpu.core_i.if_stage_i._545__7365/HI
 i_soc.i_cpu.core_i.if_stage_i._549__7670/HI
 i_soc.i_cpu.core_i.if_stage_i._551__7403/HI
 i_soc.i_cpu.core_i.if_stage_i._551__7432/HI
 i_soc.i_cpu.core_i.if_stage_i._552__7636/HI
 i_soc.i_cpu.core_i.if_stage_i._560__7637/HI
 i_soc.i_cpu.core_i.if_stage_i._561__7671/HI
 i_soc.i_cpu.core_i.if_stage_i._563__7404/HI
 i_soc.i_cpu.core_i.if_stage_i._563__7433/HI
 i_soc.i_cpu.core_i.if_stage_i._568__7366/HI
 i_soc.i_cpu.core_i.if_stage_i._569__7367/HI
 i_soc.i_cpu.core_i.if_stage_i._572__7672/HI
 i_soc.i_cpu.core_i.if_stage_i._574__7405/HI
 i_soc.i_cpu.core_i.if_stage_i._574__7434/HI
 i_soc.i_cpu.core_i.if_stage_i._576__7638/HI
 i_soc.i_cpu.core_i.if_stage_i._584__7673/HI
 i_soc.i_cpu.core_i.if_stage_i._586__7406/HI
 i_soc.i_cpu.core_i.if_stage_i._586__7435/HI
 i_soc.i_cpu.core_i.if_stage_i._588__7639/HI
 i_soc.i_cpu.core_i.if_stage_i._592__7368/HI
 i_soc.i_cpu.core_i.if_stage_i._596__7674/HI
 i_soc.i_cpu.core_i.if_stage_i._598__7996/LO
 i_soc.i_cpu.core_i.if_stage_i._598__7997/LO
 i_soc.i_cpu.core_i.if_stage_i._601__7640/HI
 i_soc.i_cpu.core_i.if_stage_i._603__7369/HI
 i_soc.i_cpu.core_i.if_stage_i._607__7675/HI
 i_soc.i_cpu.core_i.if_stage_i._609__7407/HI
 i_soc.i_cpu.core_i.if_stage_i._609__7436/HI
 i_soc.i_cpu.core_i.if_stage_i._613__7641/HI
 i_soc.i_cpu.core_i.if_stage_i._615__7370/HI
 i_soc.i_cpu.core_i.if_stage_i._618__7676/HI
 i_soc.i_cpu.core_i.if_stage_i._620__7408/HI
 i_soc.i_cpu.core_i.if_stage_i._620__7437/HI
 i_soc.i_cpu.core_i.if_stage_i._621__7642/HI
 i_soc.i_cpu.core_i.if_stage_i._625__7371/HI
 i_soc.i_cpu.core_i.if_stage_i._629__7677/HI
 i_soc.i_cpu.core_i.if_stage_i._631__7409/HI
 i_soc.i_cpu.core_i.if_stage_i._631__7438/HI
 i_soc.i_cpu.core_i.if_stage_i._633__7643/HI
 i_soc.i_cpu.core_i.if_stage_i._637__7372/HI
 i_soc.i_cpu.core_i.if_stage_i._641__7678/HI
 i_soc.i_cpu.core_i.if_stage_i._643__7410/HI
 i_soc.i_cpu.core_i.if_stage_i._643__7439/HI
 i_soc.i_cpu.core_i.if_stage_i._646__7644/HI
 i_soc.i_cpu.core_i.if_stage_i._649__7373/HI
 i_soc.i_cpu.core_i.if_stage_i._653__7679/HI
 i_soc.i_cpu.core_i.if_stage_i._655__7411/HI
 i_soc.i_cpu.core_i.if_stage_i._655__7440/HI
 i_soc.i_cpu.core_i.if_stage_i._660__7645/HI
 i_soc.i_cpu.core_i.if_stage_i._661__7374/HI
 i_soc.i_cpu.core_i.if_stage_i._665__7680/HI
 i_soc.i_cpu.core_i.if_stage_i._667__7412/HI
 i_soc.i_cpu.core_i.if_stage_i._667__7441/HI
 i_soc.i_cpu.core_i.if_stage_i._670__7646/HI
 i_soc.i_cpu.core_i.if_stage_i._673__7375/HI
 i_soc.i_cpu.core_i.if_stage_i._677__7681/HI
 i_soc.i_cpu.core_i.if_stage_i._679__7413/HI
 i_soc.i_cpu.core_i.if_stage_i._679__7442/HI
 i_soc.i_cpu.core_i.if_stage_i._681__7647/HI
 i_soc.i_cpu.core_i.if_stage_i._685__7376/HI
 i_soc.i_cpu.core_i.if_stage_i._689__7682/HI
 i_soc.i_cpu.core_i.if_stage_i._691__7414/HI
 i_soc.i_cpu.core_i.if_stage_i._691__7443/HI
 i_soc.i_cpu.core_i.if_stage_i._696__7648/HI
 i_soc.i_cpu.core_i.if_stage_i._697__7377/HI
 i_soc.i_cpu.core_i.if_stage_i._703__7683/HI
 i_soc.i_cpu.core_i.if_stage_i._705__7415/HI
 i_soc.i_cpu.core_i.if_stage_i._705__7444/HI
 i_soc.i_cpu.core_i.if_stage_i._710__7649/HI
 i_soc.i_cpu.core_i.if_stage_i._711__7378/HI
 i_soc.i_cpu.core_i.if_stage_i._714__7684/HI
 i_soc.i_cpu.core_i.if_stage_i._716__7416/HI
 i_soc.i_cpu.core_i.if_stage_i._716__7445/HI
 i_soc.i_cpu.core_i.if_stage_i._717__7650/HI
 i_soc.i_cpu.core_i.if_stage_i._721__7379/HI
 i_soc.i_cpu.core_i.if_stage_i._724__7685/HI
 i_soc.i_cpu.core_i.if_stage_i._726__7417/HI
 i_soc.i_cpu.core_i.if_stage_i._726__7446/HI
 i_soc.i_cpu.core_i.if_stage_i._730__7651/HI
 i_soc.i_cpu.core_i.if_stage_i._732__7380/HI
 i_soc.i_cpu.core_i.if_stage_i._736__7686/HI
 i_soc.i_cpu.core_i.if_stage_i._738__7418/HI
 i_soc.i_cpu.core_i.if_stage_i._738__7447/HI
 i_soc.i_cpu.core_i.if_stage_i._741__7652/HI
 i_soc.i_cpu.core_i.if_stage_i._744__7381/HI
 i_soc.i_cpu.core_i.if_stage_i._748__7687/HI
 i_soc.i_cpu.core_i.if_stage_i._750__7419/HI
 i_soc.i_cpu.core_i.if_stage_i._750__7448/HI
 i_soc.i_cpu.core_i.if_stage_i._751__7653/HI
 i_soc.i_cpu.core_i.if_stage_i._756__7382/HI
 i_soc.i_cpu.core_i.if_stage_i._760__7688/HI
 i_soc.i_cpu.core_i.if_stage_i._762__7420/HI
 i_soc.i_cpu.core_i.if_stage_i._762__7449/HI
 i_soc.i_cpu.core_i.if_stage_i._764__7654/HI
 i_soc.i_cpu.core_i.if_stage_i._767__7383/HI
 i_soc.i_cpu.core_i.if_stage_i._771__7689/HI
 i_soc.i_cpu.core_i.if_stage_i._773__7421/HI
 i_soc.i_cpu.core_i.if_stage_i._773__7450/HI
 i_soc.i_cpu.core_i.if_stage_i._775__7655/HI
 i_soc.i_cpu.core_i.if_stage_i._778__7384/HI
 i_soc.i_cpu.core_i.if_stage_i.aligner_i._487__7728/HI
 i_soc.i_cpu.core_i.if_stage_i.aligner_i._492__7729/HI
 i_soc.i_cpu.core_i.if_stage_i.aligner_i._498__7730/HI
 i_soc.i_cpu.core_i.if_stage_i.aligner_i._507__7731/HI
 i_soc.i_cpu.core_i.if_stage_i.aligner_i._517__7732/HI
 i_soc.i_cpu.core_i.if_stage_i.aligner_i._524__7733/HI
 i_soc.i_cpu.core_i.if_stage_i.aligner_i._534__7734/HI
 i_soc.i_cpu.core_i.if_stage_i.aligner_i._547__7735/HI
 i_soc.i_cpu.core_i.if_stage_i.aligner_i._556__7736/HI
 i_soc.i_cpu.core_i.if_stage_i.aligner_i._565__7737/HI
 i_soc.i_cpu.core_i.if_stage_i.aligner_i._576__7738/HI
 i_soc.i_cpu.core_i.if_stage_i.aligner_i._583__7739/HI
 i_soc.i_cpu.core_i.if_stage_i.aligner_i._593__7740/HI
 i_soc.i_cpu.core_i.if_stage_i.aligner_i._602__7741/HI
 i_soc.i_cpu.core_i.if_stage_i.aligner_i._611__7742/HI
 i_soc.i_cpu.core_i.if_stage_i.aligner_i._619__7743/HI
 i_soc.i_cpu.core_i.if_stage_i.aligner_i._629__7744/HI
 i_soc.i_cpu.core_i.if_stage_i.aligner_i._639__7745/HI
 i_soc.i_cpu.core_i.if_stage_i.aligner_i._648__7746/HI
 i_soc.i_cpu.core_i.if_stage_i.aligner_i._658__7747/HI
 i_soc.i_cpu.core_i.if_stage_i.aligner_i._669__7748/HI
 i_soc.i_cpu.core_i.if_stage_i.aligner_i._676__7749/HI
 i_soc.i_cpu.core_i.if_stage_i.aligner_i._688__7750/HI
 i_soc.i_cpu.core_i.if_stage_i.aligner_i._697__7751/HI
 i_soc.i_cpu.core_i.if_stage_i.aligner_i._709__7752/HI
 i_soc.i_cpu.core_i.if_stage_i.aligner_i._717__7753/HI
 i_soc.i_cpu.core_i.if_stage_i.aligner_i._726__7754/HI
 i_soc.i_cpu.core_i.if_stage_i.aligner_i._736__7755/HI
 i_soc.i_cpu.core_i.if_stage_i.aligner_i._745__7756/HI
 i_soc.i_cpu.core_i.if_stage_i.aligner_i._755__7757/HI
 i_soc.i_cpu.core_i.if_stage_i.aligner_i._763__7758/HI
 i_soc.i_cpu.core_i.if_stage_i.aligner_i._768__7759/HI
 i_soc.i_cpu.core_i.if_stage_i.aligner_i._774__7760/HI
 i_soc.i_cpu.core_i.if_stage_i.aligner_i._775__7942/HI
 i_soc.i_cpu.core_i.if_stage_i.aligner_i._810__7761/HI
 i_soc.i_cpu.core_i.if_stage_i.prefetch_buffer_i.fifo_i._121__7957/HI
 i_soc.i_cpu.core_i.if_stage_i.prefetch_buffer_i.fifo_i._122__7958/HI
 i_soc.i_cpu.core_i.if_stage_i.prefetch_buffer_i.fifo_i._123__7959/HI
 i_soc.i_cpu.core_i.if_stage_i.prefetch_buffer_i.prefetch_controller_i._199__7762/HI
 i_soc.i_cpu.core_i.if_stage_i.prefetch_buffer_i.prefetch_controller_i._203__7763/HI
 i_soc.i_cpu.core_i.if_stage_i.prefetch_buffer_i.prefetch_controller_i._217__7764/HI
 i_soc.i_cpu.core_i.if_stage_i.prefetch_buffer_i.prefetch_controller_i._218__7765/HI
 i_soc.i_cpu.core_i.if_stage_i.prefetch_buffer_i.prefetch_controller_i._221__7766/HI
 i_soc.i_cpu.core_i.if_stage_i.prefetch_buffer_i.prefetch_controller_i._223__7767/HI
 i_soc.i_cpu.core_i.if_stage_i.prefetch_buffer_i.prefetch_controller_i._226__7768/HI
 i_soc.i_cpu.core_i.if_stage_i.prefetch_buffer_i.prefetch_controller_i._227__7769/HI
 i_soc.i_cpu.core_i.if_stage_i.prefetch_buffer_i.prefetch_controller_i._231__7770/HI
 i_soc.i_cpu.core_i.if_stage_i.prefetch_buffer_i.prefetch_controller_i._232__7771/HI
 i_soc.i_cpu.core_i.if_stage_i.prefetch_buffer_i.prefetch_controller_i._235__7772/HI
 i_soc.i_cpu.core_i.if_stage_i.prefetch_buffer_i.prefetch_controller_i._236__7773/HI
 i_soc.i_cpu.core_i.if_stage_i.prefetch_buffer_i.prefetch_controller_i._241__7774/HI
 i_soc.i_cpu.core_i.if_stage_i.prefetch_buffer_i.prefetch_controller_i._246__7775/HI
 i_soc.i_cpu.core_i.if_stage_i.prefetch_buffer_i.prefetch_controller_i._251__7776/HI
 i_soc.i_cpu.core_i.if_stage_i.prefetch_buffer_i.prefetch_controller_i._256__7777/HI
 i_soc.i_cpu.core_i.if_stage_i.prefetch_buffer_i.prefetch_controller_i._262__7778/HI
 i_soc.i_cpu.core_i.if_stage_i.prefetch_buffer_i.prefetch_controller_i._266__7779/HI
 i_soc.i_cpu.core_i.if_stage_i.prefetch_buffer_i.prefetch_controller_i._271__7780/HI
 i_soc.i_cpu.core_i.if_stage_i.prefetch_buffer_i.prefetch_controller_i._272__7781/HI
 i_soc.i_cpu.core_i.if_stage_i.prefetch_buffer_i.prefetch_controller_i._277__7782/HI
 i_soc.i_cpu.core_i.if_stage_i.prefetch_buffer_i.prefetch_controller_i._282__7783/HI
 i_soc.i_cpu.core_i.if_stage_i.prefetch_buffer_i.prefetch_controller_i._283__7784/HI
 i_soc.i_cpu.core_i.if_stage_i.prefetch_buffer_i.prefetch_controller_i._288__7785/HI
 i_soc.i_cpu.core_i.if_stage_i.prefetch_buffer_i.prefetch_controller_i._299__7786/HI
 i_soc.i_cpu.core_i.if_stage_i.prefetch_buffer_i.prefetch_controller_i._302__7787/HI
 i_soc.i_cpu.core_i.if_stage_i.prefetch_buffer_i.prefetch_controller_i._303__7788/HI
 i_soc.i_cpu.core_i.if_stage_i.prefetch_buffer_i.prefetch_controller_i._394__7789/HI
 i_soc.i_cpu.core_i.sleep_unit_i._4__7998/LO
 i_soc.i_data_sram.u_sram.gen_bank\[0\].gen_512.u_macro/dout0[0]
 i_soc.i_data_sram.u_sram.gen_bank\[0\].gen_512.u_macro/dout0[10]
 i_soc.i_data_sram.u_sram.gen_bank\[0\].gen_512.u_macro/dout0[11]
 i_soc.i_data_sram.u_sram.gen_bank\[0\].gen_512.u_macro/dout0[12]
 i_soc.i_data_sram.u_sram.gen_bank\[0\].gen_512.u_macro/dout0[13]
 i_soc.i_data_sram.u_sram.gen_bank\[0\].gen_512.u_macro/dout0[14]
 i_soc.i_data_sram.u_sram.gen_bank\[0\].gen_512.u_macro/dout0[15]
 i_soc.i_data_sram.u_sram.gen_bank\[0\].gen_512.u_macro/dout0[16]
 i_soc.i_data_sram.u_sram.gen_bank\[0\].gen_512.u_macro/dout0[17]
 i_soc.i_data_sram.u_sram.gen_bank\[0\].gen_512.u_macro/dout0[18]
 i_soc.i_data_sram.u_sram.gen_bank\[0\].gen_512.u_macro/dout0[19]
 i_soc.i_data_sram.u_sram.gen_bank\[0\].gen_512.u_macro/dout0[1]
 i_soc.i_data_sram.u_sram.gen_bank\[0\].gen_512.u_macro/dout0[20]
 i_soc.i_data_sram.u_sram.gen_bank\[0\].gen_512.u_macro/dout0[21]
 i_soc.i_data_sram.u_sram.gen_bank\[0\].gen_512.u_macro/dout0[22]
 i_soc.i_data_sram.u_sram.gen_bank\[0\].gen_512.u_macro/dout0[23]
 i_soc.i_data_sram.u_sram.gen_bank\[0\].gen_512.u_macro/dout0[24]
 i_soc.i_data_sram.u_sram.gen_bank\[0\].gen_512.u_macro/dout0[25]
 i_soc.i_data_sram.u_sram.gen_bank\[0\].gen_512.u_macro/dout0[26]
 i_soc.i_data_sram.u_sram.gen_bank\[0\].gen_512.u_macro/dout0[27]
 i_soc.i_data_sram.u_sram.gen_bank\[0\].gen_512.u_macro/dout0[28]
 i_soc.i_data_sram.u_sram.gen_bank\[0\].gen_512.u_macro/dout0[29]
 i_soc.i_data_sram.u_sram.gen_bank\[0\].gen_512.u_macro/dout0[2]
 i_soc.i_data_sram.u_sram.gen_bank\[0\].gen_512.u_macro/dout0[30]
 i_soc.i_data_sram.u_sram.gen_bank\[0\].gen_512.u_macro/dout0[31]
 i_soc.i_data_sram.u_sram.gen_bank\[0\].gen_512.u_macro/dout0[3]
 i_soc.i_data_sram.u_sram.gen_bank\[0\].gen_512.u_macro/dout0[4]
 i_soc.i_data_sram.u_sram.gen_bank\[0\].gen_512.u_macro/dout0[5]
 i_soc.i_data_sram.u_sram.gen_bank\[0\].gen_512.u_macro/dout0[6]
 i_soc.i_data_sram.u_sram.gen_bank\[0\].gen_512.u_macro/dout0[7]
 i_soc.i_data_sram.u_sram.gen_bank\[0\].gen_512.u_macro/dout0[8]
 i_soc.i_data_sram.u_sram.gen_bank\[0\].gen_512.u_macro/dout0[9]
 i_soc.i_data_sram.u_sram.gen_bank\[0\].gen_512.u_macro_7972/HI
 i_soc.i_data_sram.u_sram.gen_bank\[1\].gen_512.u_macro/dout0[0]
 i_soc.i_data_sram.u_sram.gen_bank\[1\].gen_512.u_macro/dout0[10]
 i_soc.i_data_sram.u_sram.gen_bank\[1\].gen_512.u_macro/dout0[11]
 i_soc.i_data_sram.u_sram.gen_bank\[1\].gen_512.u_macro/dout0[12]
 i_soc.i_data_sram.u_sram.gen_bank\[1\].gen_512.u_macro/dout0[13]
 i_soc.i_data_sram.u_sram.gen_bank\[1\].gen_512.u_macro/dout0[14]
 i_soc.i_data_sram.u_sram.gen_bank\[1\].gen_512.u_macro/dout0[15]
 i_soc.i_data_sram.u_sram.gen_bank\[1\].gen_512.u_macro/dout0[16]
 i_soc.i_data_sram.u_sram.gen_bank\[1\].gen_512.u_macro/dout0[17]
 i_soc.i_data_sram.u_sram.gen_bank\[1\].gen_512.u_macro/dout0[18]
 i_soc.i_data_sram.u_sram.gen_bank\[1\].gen_512.u_macro/dout0[19]
 i_soc.i_data_sram.u_sram.gen_bank\[1\].gen_512.u_macro/dout0[1]
 i_soc.i_data_sram.u_sram.gen_bank\[1\].gen_512.u_macro/dout0[20]
 i_soc.i_data_sram.u_sram.gen_bank\[1\].gen_512.u_macro/dout0[21]
 i_soc.i_data_sram.u_sram.gen_bank\[1\].gen_512.u_macro/dout0[22]
 i_soc.i_data_sram.u_sram.gen_bank\[1\].gen_512.u_macro/dout0[23]
 i_soc.i_data_sram.u_sram.gen_bank\[1\].gen_512.u_macro/dout0[24]
 i_soc.i_data_sram.u_sram.gen_bank\[1\].gen_512.u_macro/dout0[25]
 i_soc.i_data_sram.u_sram.gen_bank\[1\].gen_512.u_macro/dout0[26]
 i_soc.i_data_sram.u_sram.gen_bank\[1\].gen_512.u_macro/dout0[27]
 i_soc.i_data_sram.u_sram.gen_bank\[1\].gen_512.u_macro/dout0[28]
 i_soc.i_data_sram.u_sram.gen_bank\[1\].gen_512.u_macro/dout0[29]
 i_soc.i_data_sram.u_sram.gen_bank\[1\].gen_512.u_macro/dout0[2]
 i_soc.i_data_sram.u_sram.gen_bank\[1\].gen_512.u_macro/dout0[30]
 i_soc.i_data_sram.u_sram.gen_bank\[1\].gen_512.u_macro/dout0[31]
 i_soc.i_data_sram.u_sram.gen_bank\[1\].gen_512.u_macro/dout0[3]
 i_soc.i_data_sram.u_sram.gen_bank\[1\].gen_512.u_macro/dout0[4]
 i_soc.i_data_sram.u_sram.gen_bank\[1\].gen_512.u_macro/dout0[5]
 i_soc.i_data_sram.u_sram.gen_bank\[1\].gen_512.u_macro/dout0[6]
 i_soc.i_data_sram.u_sram.gen_bank\[1\].gen_512.u_macro/dout0[7]
 i_soc.i_data_sram.u_sram.gen_bank\[1\].gen_512.u_macro/dout0[8]
 i_soc.i_data_sram.u_sram.gen_bank\[1\].gen_512.u_macro/dout0[9]
 i_soc.i_data_sram.u_sram.gen_bank\[1\].gen_512.u_macro_7973/HI
 i_soc.i_data_sram.u_sram.gen_bank\[2\].gen_512.u_macro/dout0[0]
 i_soc.i_data_sram.u_sram.gen_bank\[2\].gen_512.u_macro/dout0[10]
 i_soc.i_data_sram.u_sram.gen_bank\[2\].gen_512.u_macro/dout0[11]
 i_soc.i_data_sram.u_sram.gen_bank\[2\].gen_512.u_macro/dout0[12]
 i_soc.i_data_sram.u_sram.gen_bank\[2\].gen_512.u_macro/dout0[13]
 i_soc.i_data_sram.u_sram.gen_bank\[2\].gen_512.u_macro/dout0[14]
 i_soc.i_data_sram.u_sram.gen_bank\[2\].gen_512.u_macro/dout0[15]
 i_soc.i_data_sram.u_sram.gen_bank\[2\].gen_512.u_macro/dout0[16]
 i_soc.i_data_sram.u_sram.gen_bank\[2\].gen_512.u_macro/dout0[17]
 i_soc.i_data_sram.u_sram.gen_bank\[2\].gen_512.u_macro/dout0[18]
 i_soc.i_data_sram.u_sram.gen_bank\[2\].gen_512.u_macro/dout0[19]
 i_soc.i_data_sram.u_sram.gen_bank\[2\].gen_512.u_macro/dout0[1]
 i_soc.i_data_sram.u_sram.gen_bank\[2\].gen_512.u_macro/dout0[20]
 i_soc.i_data_sram.u_sram.gen_bank\[2\].gen_512.u_macro/dout0[21]
 i_soc.i_data_sram.u_sram.gen_bank\[2\].gen_512.u_macro/dout0[22]
 i_soc.i_data_sram.u_sram.gen_bank\[2\].gen_512.u_macro/dout0[23]
 i_soc.i_data_sram.u_sram.gen_bank\[2\].gen_512.u_macro/dout0[24]
 i_soc.i_data_sram.u_sram.gen_bank\[2\].gen_512.u_macro/dout0[25]
 i_soc.i_data_sram.u_sram.gen_bank\[2\].gen_512.u_macro/dout0[26]
 i_soc.i_data_sram.u_sram.gen_bank\[2\].gen_512.u_macro/dout0[27]
 i_soc.i_data_sram.u_sram.gen_bank\[2\].gen_512.u_macro/dout0[28]
 i_soc.i_data_sram.u_sram.gen_bank\[2\].gen_512.u_macro/dout0[29]
 i_soc.i_data_sram.u_sram.gen_bank\[2\].gen_512.u_macro/dout0[2]
 i_soc.i_data_sram.u_sram.gen_bank\[2\].gen_512.u_macro/dout0[30]
 i_soc.i_data_sram.u_sram.gen_bank\[2\].gen_512.u_macro/dout0[31]
 i_soc.i_data_sram.u_sram.gen_bank\[2\].gen_512.u_macro/dout0[3]
 i_soc.i_data_sram.u_sram.gen_bank\[2\].gen_512.u_macro/dout0[4]
 i_soc.i_data_sram.u_sram.gen_bank\[2\].gen_512.u_macro/dout0[5]
 i_soc.i_data_sram.u_sram.gen_bank\[2\].gen_512.u_macro/dout0[6]
 i_soc.i_data_sram.u_sram.gen_bank\[2\].gen_512.u_macro/dout0[7]
 i_soc.i_data_sram.u_sram.gen_bank\[2\].gen_512.u_macro/dout0[8]
 i_soc.i_data_sram.u_sram.gen_bank\[2\].gen_512.u_macro/dout0[9]
 i_soc.i_data_sram.u_sram.gen_bank\[2\].gen_512.u_macro_7974/HI
 i_soc.i_data_sram.u_sram.gen_bank\[3\].gen_512.u_macro/dout0[0]
 i_soc.i_data_sram.u_sram.gen_bank\[3\].gen_512.u_macro/dout0[10]
 i_soc.i_data_sram.u_sram.gen_bank\[3\].gen_512.u_macro/dout0[11]
 i_soc.i_data_sram.u_sram.gen_bank\[3\].gen_512.u_macro/dout0[12]
 i_soc.i_data_sram.u_sram.gen_bank\[3\].gen_512.u_macro/dout0[13]
 i_soc.i_data_sram.u_sram.gen_bank\[3\].gen_512.u_macro/dout0[14]
 i_soc.i_data_sram.u_sram.gen_bank\[3\].gen_512.u_macro/dout0[15]
 i_soc.i_data_sram.u_sram.gen_bank\[3\].gen_512.u_macro/dout0[16]
 i_soc.i_data_sram.u_sram.gen_bank\[3\].gen_512.u_macro/dout0[17]
 i_soc.i_data_sram.u_sram.gen_bank\[3\].gen_512.u_macro/dout0[18]
 i_soc.i_data_sram.u_sram.gen_bank\[3\].gen_512.u_macro/dout0[19]
 i_soc.i_data_sram.u_sram.gen_bank\[3\].gen_512.u_macro/dout0[1]
 i_soc.i_data_sram.u_sram.gen_bank\[3\].gen_512.u_macro/dout0[20]
 i_soc.i_data_sram.u_sram.gen_bank\[3\].gen_512.u_macro/dout0[21]
 i_soc.i_data_sram.u_sram.gen_bank\[3\].gen_512.u_macro/dout0[22]
 i_soc.i_data_sram.u_sram.gen_bank\[3\].gen_512.u_macro/dout0[23]
 i_soc.i_data_sram.u_sram.gen_bank\[3\].gen_512.u_macro/dout0[24]
 i_soc.i_data_sram.u_sram.gen_bank\[3\].gen_512.u_macro/dout0[25]
 i_soc.i_data_sram.u_sram.gen_bank\[3\].gen_512.u_macro/dout0[26]
 i_soc.i_data_sram.u_sram.gen_bank\[3\].gen_512.u_macro/dout0[27]
 i_soc.i_data_sram.u_sram.gen_bank\[3\].gen_512.u_macro/dout0[28]
 i_soc.i_data_sram.u_sram.gen_bank\[3\].gen_512.u_macro/dout0[29]
 i_soc.i_data_sram.u_sram.gen_bank\[3\].gen_512.u_macro/dout0[2]
 i_soc.i_data_sram.u_sram.gen_bank\[3\].gen_512.u_macro/dout0[30]
 i_soc.i_data_sram.u_sram.gen_bank\[3\].gen_512.u_macro/dout0[31]
 i_soc.i_data_sram.u_sram.gen_bank\[3\].gen_512.u_macro/dout0[3]
 i_soc.i_data_sram.u_sram.gen_bank\[3\].gen_512.u_macro/dout0[4]
 i_soc.i_data_sram.u_sram.gen_bank\[3\].gen_512.u_macro/dout0[5]
 i_soc.i_data_sram.u_sram.gen_bank\[3\].gen_512.u_macro/dout0[6]
 i_soc.i_data_sram.u_sram.gen_bank\[3\].gen_512.u_macro/dout0[7]
 i_soc.i_data_sram.u_sram.gen_bank\[3\].gen_512.u_macro/dout0[8]
 i_soc.i_data_sram.u_sram.gen_bank\[3\].gen_512.u_macro/dout0[9]
 i_soc.i_data_sram.u_sram.gen_bank\[3\].gen_512.u_macro_7975/HI
 i_soc.i_instr_sram.u_sram.gen_bank\[0\].gen_512.u_macro/dout0[0]
 i_soc.i_instr_sram.u_sram.gen_bank\[0\].gen_512.u_macro/dout0[10]
 i_soc.i_instr_sram.u_sram.gen_bank\[0\].gen_512.u_macro/dout0[11]
 i_soc.i_instr_sram.u_sram.gen_bank\[0\].gen_512.u_macro/dout0[12]
 i_soc.i_instr_sram.u_sram.gen_bank\[0\].gen_512.u_macro/dout0[13]
 i_soc.i_instr_sram.u_sram.gen_bank\[0\].gen_512.u_macro/dout0[14]
 i_soc.i_instr_sram.u_sram.gen_bank\[0\].gen_512.u_macro/dout0[15]
 i_soc.i_instr_sram.u_sram.gen_bank\[0\].gen_512.u_macro/dout0[16]
 i_soc.i_instr_sram.u_sram.gen_bank\[0\].gen_512.u_macro/dout0[17]
 i_soc.i_instr_sram.u_sram.gen_bank\[0\].gen_512.u_macro/dout0[18]
 i_soc.i_instr_sram.u_sram.gen_bank\[0\].gen_512.u_macro/dout0[19]
 i_soc.i_instr_sram.u_sram.gen_bank\[0\].gen_512.u_macro/dout0[1]
 i_soc.i_instr_sram.u_sram.gen_bank\[0\].gen_512.u_macro/dout0[20]
 i_soc.i_instr_sram.u_sram.gen_bank\[0\].gen_512.u_macro/dout0[21]
 i_soc.i_instr_sram.u_sram.gen_bank\[0\].gen_512.u_macro/dout0[22]
 i_soc.i_instr_sram.u_sram.gen_bank\[0\].gen_512.u_macro/dout0[23]
 i_soc.i_instr_sram.u_sram.gen_bank\[0\].gen_512.u_macro/dout0[24]
 i_soc.i_instr_sram.u_sram.gen_bank\[0\].gen_512.u_macro/dout0[25]
 i_soc.i_instr_sram.u_sram.gen_bank\[0\].gen_512.u_macro/dout0[26]
 i_soc.i_instr_sram.u_sram.gen_bank\[0\].gen_512.u_macro/dout0[27]
 i_soc.i_instr_sram.u_sram.gen_bank\[0\].gen_512.u_macro/dout0[28]
 i_soc.i_instr_sram.u_sram.gen_bank\[0\].gen_512.u_macro/dout0[29]
 i_soc.i_instr_sram.u_sram.gen_bank\[0\].gen_512.u_macro/dout0[2]
 i_soc.i_instr_sram.u_sram.gen_bank\[0\].gen_512.u_macro/dout0[30]
 i_soc.i_instr_sram.u_sram.gen_bank\[0\].gen_512.u_macro/dout0[31]
 i_soc.i_instr_sram.u_sram.gen_bank\[0\].gen_512.u_macro/dout0[3]
 i_soc.i_instr_sram.u_sram.gen_bank\[0\].gen_512.u_macro/dout0[4]
 i_soc.i_instr_sram.u_sram.gen_bank\[0\].gen_512.u_macro/dout0[5]
 i_soc.i_instr_sram.u_sram.gen_bank\[0\].gen_512.u_macro/dout0[6]
 i_soc.i_instr_sram.u_sram.gen_bank\[0\].gen_512.u_macro/dout0[7]
 i_soc.i_instr_sram.u_sram.gen_bank\[0\].gen_512.u_macro/dout0[8]
 i_soc.i_instr_sram.u_sram.gen_bank\[0\].gen_512.u_macro/dout0[9]
 i_soc.i_instr_sram.u_sram.gen_bank\[0\].gen_512.u_macro_7992/HI
 i_soc.i_instr_sram.u_sram.gen_bank\[1\].gen_512.u_macro/dout0[0]
 i_soc.i_instr_sram.u_sram.gen_bank\[1\].gen_512.u_macro/dout0[10]
 i_soc.i_instr_sram.u_sram.gen_bank\[1\].gen_512.u_macro/dout0[11]
 i_soc.i_instr_sram.u_sram.gen_bank\[1\].gen_512.u_macro/dout0[12]
 i_soc.i_instr_sram.u_sram.gen_bank\[1\].gen_512.u_macro/dout0[13]
 i_soc.i_instr_sram.u_sram.gen_bank\[1\].gen_512.u_macro/dout0[14]
 i_soc.i_instr_sram.u_sram.gen_bank\[1\].gen_512.u_macro/dout0[15]
 i_soc.i_instr_sram.u_sram.gen_bank\[1\].gen_512.u_macro/dout0[16]
 i_soc.i_instr_sram.u_sram.gen_bank\[1\].gen_512.u_macro/dout0[17]
 i_soc.i_instr_sram.u_sram.gen_bank\[1\].gen_512.u_macro/dout0[18]
 i_soc.i_instr_sram.u_sram.gen_bank\[1\].gen_512.u_macro/dout0[19]
 i_soc.i_instr_sram.u_sram.gen_bank\[1\].gen_512.u_macro/dout0[1]
 i_soc.i_instr_sram.u_sram.gen_bank\[1\].gen_512.u_macro/dout0[20]
 i_soc.i_instr_sram.u_sram.gen_bank\[1\].gen_512.u_macro/dout0[21]
 i_soc.i_instr_sram.u_sram.gen_bank\[1\].gen_512.u_macro/dout0[22]
 i_soc.i_instr_sram.u_sram.gen_bank\[1\].gen_512.u_macro/dout0[23]
 i_soc.i_instr_sram.u_sram.gen_bank\[1\].gen_512.u_macro/dout0[24]
 i_soc.i_instr_sram.u_sram.gen_bank\[1\].gen_512.u_macro/dout0[25]
 i_soc.i_instr_sram.u_sram.gen_bank\[1\].gen_512.u_macro/dout0[26]
 i_soc.i_instr_sram.u_sram.gen_bank\[1\].gen_512.u_macro/dout0[27]
 i_soc.i_instr_sram.u_sram.gen_bank\[1\].gen_512.u_macro/dout0[28]
 i_soc.i_instr_sram.u_sram.gen_bank\[1\].gen_512.u_macro/dout0[29]
 i_soc.i_instr_sram.u_sram.gen_bank\[1\].gen_512.u_macro/dout0[2]
 i_soc.i_instr_sram.u_sram.gen_bank\[1\].gen_512.u_macro/dout0[30]
 i_soc.i_instr_sram.u_sram.gen_bank\[1\].gen_512.u_macro/dout0[31]
 i_soc.i_instr_sram.u_sram.gen_bank\[1\].gen_512.u_macro/dout0[3]
 i_soc.i_instr_sram.u_sram.gen_bank\[1\].gen_512.u_macro/dout0[4]
 i_soc.i_instr_sram.u_sram.gen_bank\[1\].gen_512.u_macro/dout0[5]
 i_soc.i_instr_sram.u_sram.gen_bank\[1\].gen_512.u_macro/dout0[6]
 i_soc.i_instr_sram.u_sram.gen_bank\[1\].gen_512.u_macro/dout0[7]
 i_soc.i_instr_sram.u_sram.gen_bank\[1\].gen_512.u_macro/dout0[8]
 i_soc.i_instr_sram.u_sram.gen_bank\[1\].gen_512.u_macro/dout0[9]
 i_soc.i_instr_sram.u_sram.gen_bank\[1\].gen_512.u_macro_7993/HI
 i_soc.i_instr_sram.u_sram.gen_bank\[2\].gen_512.u_macro/dout0[0]
 i_soc.i_instr_sram.u_sram.gen_bank\[2\].gen_512.u_macro/dout0[10]
 i_soc.i_instr_sram.u_sram.gen_bank\[2\].gen_512.u_macro/dout0[11]
 i_soc.i_instr_sram.u_sram.gen_bank\[2\].gen_512.u_macro/dout0[12]
 i_soc.i_instr_sram.u_sram.gen_bank\[2\].gen_512.u_macro/dout0[13]
 i_soc.i_instr_sram.u_sram.gen_bank\[2\].gen_512.u_macro/dout0[14]
 i_soc.i_instr_sram.u_sram.gen_bank\[2\].gen_512.u_macro/dout0[15]
 i_soc.i_instr_sram.u_sram.gen_bank\[2\].gen_512.u_macro/dout0[16]
 i_soc.i_instr_sram.u_sram.gen_bank\[2\].gen_512.u_macro/dout0[17]
 i_soc.i_instr_sram.u_sram.gen_bank\[2\].gen_512.u_macro/dout0[18]
 i_soc.i_instr_sram.u_sram.gen_bank\[2\].gen_512.u_macro/dout0[19]
 i_soc.i_instr_sram.u_sram.gen_bank\[2\].gen_512.u_macro/dout0[1]
 i_soc.i_instr_sram.u_sram.gen_bank\[2\].gen_512.u_macro/dout0[20]
 i_soc.i_instr_sram.u_sram.gen_bank\[2\].gen_512.u_macro/dout0[21]
 i_soc.i_instr_sram.u_sram.gen_bank\[2\].gen_512.u_macro/dout0[22]
 i_soc.i_instr_sram.u_sram.gen_bank\[2\].gen_512.u_macro/dout0[23]
 i_soc.i_instr_sram.u_sram.gen_bank\[2\].gen_512.u_macro/dout0[24]
 i_soc.i_instr_sram.u_sram.gen_bank\[2\].gen_512.u_macro/dout0[25]
 i_soc.i_instr_sram.u_sram.gen_bank\[2\].gen_512.u_macro/dout0[26]
 i_soc.i_instr_sram.u_sram.gen_bank\[2\].gen_512.u_macro/dout0[27]
 i_soc.i_instr_sram.u_sram.gen_bank\[2\].gen_512.u_macro/dout0[28]
 i_soc.i_instr_sram.u_sram.gen_bank\[2\].gen_512.u_macro/dout0[29]
 i_soc.i_instr_sram.u_sram.gen_bank\[2\].gen_512.u_macro/dout0[2]
 i_soc.i_instr_sram.u_sram.gen_bank\[2\].gen_512.u_macro/dout0[30]
 i_soc.i_instr_sram.u_sram.gen_bank\[2\].gen_512.u_macro/dout0[31]
 i_soc.i_instr_sram.u_sram.gen_bank\[2\].gen_512.u_macro/dout0[3]
 i_soc.i_instr_sram.u_sram.gen_bank\[2\].gen_512.u_macro/dout0[4]
 i_soc.i_instr_sram.u_sram.gen_bank\[2\].gen_512.u_macro/dout0[5]
 i_soc.i_instr_sram.u_sram.gen_bank\[2\].gen_512.u_macro/dout0[6]
 i_soc.i_instr_sram.u_sram.gen_bank\[2\].gen_512.u_macro/dout0[7]
 i_soc.i_instr_sram.u_sram.gen_bank\[2\].gen_512.u_macro/dout0[8]
 i_soc.i_instr_sram.u_sram.gen_bank\[2\].gen_512.u_macro/dout0[9]
 i_soc.i_instr_sram.u_sram.gen_bank\[2\].gen_512.u_macro_7994/HI
 i_soc.i_instr_sram.u_sram.gen_bank\[3\].gen_512.u_macro/dout0[0]
 i_soc.i_instr_sram.u_sram.gen_bank\[3\].gen_512.u_macro/dout0[10]
 i_soc.i_instr_sram.u_sram.gen_bank\[3\].gen_512.u_macro/dout0[11]
 i_soc.i_instr_sram.u_sram.gen_bank\[3\].gen_512.u_macro/dout0[12]
 i_soc.i_instr_sram.u_sram.gen_bank\[3\].gen_512.u_macro/dout0[13]
 i_soc.i_instr_sram.u_sram.gen_bank\[3\].gen_512.u_macro/dout0[14]
 i_soc.i_instr_sram.u_sram.gen_bank\[3\].gen_512.u_macro/dout0[15]
 i_soc.i_instr_sram.u_sram.gen_bank\[3\].gen_512.u_macro/dout0[16]
 i_soc.i_instr_sram.u_sram.gen_bank\[3\].gen_512.u_macro/dout0[17]
 i_soc.i_instr_sram.u_sram.gen_bank\[3\].gen_512.u_macro/dout0[18]
 i_soc.i_instr_sram.u_sram.gen_bank\[3\].gen_512.u_macro/dout0[19]
 i_soc.i_instr_sram.u_sram.gen_bank\[3\].gen_512.u_macro/dout0[1]
 i_soc.i_instr_sram.u_sram.gen_bank\[3\].gen_512.u_macro/dout0[20]
 i_soc.i_instr_sram.u_sram.gen_bank\[3\].gen_512.u_macro/dout0[21]
 i_soc.i_instr_sram.u_sram.gen_bank\[3\].gen_512.u_macro/dout0[22]
 i_soc.i_instr_sram.u_sram.gen_bank\[3\].gen_512.u_macro/dout0[23]
 i_soc.i_instr_sram.u_sram.gen_bank\[3\].gen_512.u_macro/dout0[24]
 i_soc.i_instr_sram.u_sram.gen_bank\[3\].gen_512.u_macro/dout0[25]
 i_soc.i_instr_sram.u_sram.gen_bank\[3\].gen_512.u_macro/dout0[26]
 i_soc.i_instr_sram.u_sram.gen_bank\[3\].gen_512.u_macro/dout0[27]
 i_soc.i_instr_sram.u_sram.gen_bank\[3\].gen_512.u_macro/dout0[28]
 i_soc.i_instr_sram.u_sram.gen_bank\[3\].gen_512.u_macro/dout0[29]
 i_soc.i_instr_sram.u_sram.gen_bank\[3\].gen_512.u_macro/dout0[2]
 i_soc.i_instr_sram.u_sram.gen_bank\[3\].gen_512.u_macro/dout0[30]
 i_soc.i_instr_sram.u_sram.gen_bank\[3\].gen_512.u_macro/dout0[31]
 i_soc.i_instr_sram.u_sram.gen_bank\[3\].gen_512.u_macro/dout0[3]
 i_soc.i_instr_sram.u_sram.gen_bank\[3\].gen_512.u_macro/dout0[4]
 i_soc.i_instr_sram.u_sram.gen_bank\[3\].gen_512.u_macro/dout0[5]
 i_soc.i_instr_sram.u_sram.gen_bank\[3\].gen_512.u_macro/dout0[6]
 i_soc.i_instr_sram.u_sram.gen_bank\[3\].gen_512.u_macro/dout0[7]
 i_soc.i_instr_sram.u_sram.gen_bank\[3\].gen_512.u_macro/dout0[8]
 i_soc.i_instr_sram.u_sram.gen_bank\[3\].gen_512.u_macro/dout0[9]
 i_soc.i_instr_sram.u_sram.gen_bank\[3\].gen_512.u_macro_7995/HI
 i_soc.i_obi_axi_instr._086__7967/HI
 i_soc.i_obi_axi_instr._087__7960/HI
 i_soc.i_obi_axi_instr._090__7551/HI
 i_soc.i_obi_axi_instr._091__7552/HI
 i_soc.i_obi_axi_instr._093__7961/HI
 i_soc.i_obi_axi_instr._094__7968/HI
 i_soc.i_obi_axi_instr._099__7969/HI
 i_soc.i_obi_axi_instr._100__7962/HI
 i_soc.i_obi_axi_instr._100__7965/HI
 i_soc.i_obi_axi_instr._102__7966/HI
 i_soc.i_obi_axi_instr._103__7553/HI
 i_soc.i_obi_axi_instr._105__7963/HI
 i_soc.i_obi_axi_instr._105__7970/HI
 i_soc.i_obi_axi_instr._175__7964/HI
 i_soc.i_obi_axi_instr._175__7971/HI
 i_soc.i_periph_decoder._0439__7976/HI
 i_soc.i_periph_decoder._0444__7977/HI
 i_soc.i_periph_decoder._0448__7978/HI
 i_soc.i_periph_decoder._0453__7979/HI
 i_soc.i_periph_decoder._0457__7980/HI
 i_soc.i_periph_decoder._0462__7981/HI
 i_soc.i_periph_decoder._0466__7982/HI
 i_soc.i_periph_decoder._0471__7983/HI
 i_soc.i_periph_decoder._0475__7984/HI
 i_soc.i_periph_decoder._0480__7985/HI
 i_soc.i_periph_decoder._0485__7986/HI
 i_soc.i_periph_decoder._0491__7987/HI
 i_soc.i_periph_decoder._0496__7988/HI
 i_soc.i_periph_decoder._0500__7989/HI
 i_soc.i_periph_decoder._0505__7990/HI
 i_soc.i_periph_decoder._0510__7991/HI
 i_soc.i_uart_0.i_uart_rx._260__8059/LO
 i_soc.i_uart_1.i_uart_rx._260__8060/LO
Found 0 partially unannotated drivers.

===========================================================================
max slew violation count 6848
max fanout violation count 786
max cap violation count 266
============================================================================

===========================================================================
check_setup -verbose -unconstrained_endpoints -multiple_clock -no_clock -no_input_delay -loops -generated_clocks
===========================================================================
Warning: There are 35 input ports missing set_input_delay.
  gpio_in_i[0]
  gpio_in_i[10]
  gpio_in_i[11]
  gpio_in_i[12]
  gpio_in_i[13]
  gpio_in_i[14]
  gpio_in_i[15]
  gpio_in_i[16]
  gpio_in_i[17]
  gpio_in_i[18]
  gpio_in_i[19]
  gpio_in_i[1]
  gpio_in_i[20]
  gpio_in_i[21]
  gpio_in_i[22]
  gpio_in_i[23]
  gpio_in_i[24]
  gpio_in_i[25]
  gpio_in_i[26]
  gpio_in_i[27]
  gpio_in_i[28]
  gpio_in_i[29]
  gpio_in_i[2]
  gpio_in_i[30]
  gpio_in_i[31]
  gpio_in_i[3]
  gpio_in_i[4]
  gpio_in_i[5]
  gpio_in_i[6]
  gpio_in_i[7]
  gpio_in_i[8]
  gpio_in_i[9]
  rst_ni
  uart1_rxd_i
  uart_rxd_i
Warning: There are 18 unconstrained endpoints.
  i_soc.i_gpio._208_/D
  i_soc.i_gpio._209_/D
  i_soc.i_gpio._210_/D
  i_soc.i_gpio._211_/D
  i_soc.i_gpio._212_/D
  i_soc.i_gpio._213_/D
  i_soc.i_gpio._214_/D
  i_soc.i_gpio._215_/D
  i_soc.i_gpio._216_/D
  i_soc.i_gpio._217_/D
  i_soc.i_gpio._218_/D
  i_soc.i_gpio._219_/D
  i_soc.i_gpio._220_/D
  i_soc.i_gpio._221_/D
  i_soc.i_gpio._222_/D
  i_soc.i_gpio._223_/D
  i_soc.i_uart_0.i_uart_rx._415_/D
  i_soc.i_uart_1.i_uart_rx._415_/D
