
===========================================================================
report_checks -unconstrained
===========================================================================
======================= nom_tt_025C_1v80 Corner ===================================

Startpoint: i_soc.i_dm_top.i_dm_csrs._3330_
            (rising edge-triggered flip-flop clocked by clk)
Endpoint: i_soc.i_gpio._182_ (recovery check against rising-edge clock clk)
Path Group: asynchronous
Path Type: max

Fanout         Cap        Slew       Delay        Time   Description
---------------------------------------------------------------------------------------------
                                  0.000000    0.000000   clock clk (rise edge)
                                  0.000000    0.000000   clock source latency
     2    0.021244    0.000000    0.000000    0.000000 ^ clk_i (in)
                                                         clk_i (net)
                      0.002802    0.001401    0.001401 ^ wire8649/A (sky130_fd_sc_hd__buf_8)
     5    0.152491    0.242341    0.196725    0.198126 ^ wire8649/X (sky130_fd_sc_hd__buf_8)
                                                         net8648 (net)
                      0.242389    0.003174    0.201300 ^ delaybuf_42_clk/A (sky130_fd_sc_hd__clkbuf_16)
     3    0.024460    0.048734    0.193700    0.395000 ^ delaybuf_42_clk/X (sky130_fd_sc_hd__clkbuf_16)
                                                         delaynet_42_clk (net)
                      0.048921    0.002148    0.397148 ^ delaybuf_43_clk/A (sky130_fd_sc_hd__clkbuf_16)
     3    0.135011    0.139139    0.176063    0.573211 ^ delaybuf_43_clk/X (sky130_fd_sc_hd__clkbuf_16)
                                                         delaynet_43_clk (net)
                      0.199961    0.071796    0.645007 ^ delaybuf_44_clk/A (sky130_fd_sc_hd__clkbuf_16)
     3    0.032088    0.054536    0.187023    0.832031 ^ delaybuf_44_clk/X (sky130_fd_sc_hd__clkbuf_16)
                                                         delaynet_44_clk (net)
                      0.054844    0.003936    0.835967 ^ delaybuf_45_clk/A (sky130_fd_sc_hd__clkbuf_16)
     3    0.054318    0.073278    0.151530    0.987497 ^ delaybuf_45_clk/X (sky130_fd_sc_hd__clkbuf_16)
                                                         delaynet_45_clk (net)
                      0.076349    0.011547    0.999044 ^ delaybuf_46_clk/A (sky130_fd_sc_hd__clkbuf_16)
     3    0.042503    0.061763    0.152804    1.151848 ^ delaybuf_46_clk/X (sky130_fd_sc_hd__clkbuf_16)
                                                         delaynet_46_clk (net)
                      0.063324    0.007504    1.159353 ^ delaybuf_47_clk/A (sky130_fd_sc_hd__clkbuf_16)
     3    0.040541    0.059993    0.147112    1.306464 ^ delaybuf_47_clk/X (sky130_fd_sc_hd__clkbuf_16)
                                                         delaynet_47_clk (net)
                      0.061238    0.006625    1.313090 ^ delaybuf_48_clk/A (sky130_fd_sc_hd__clkbuf_16)
     3    0.044708    0.063911    0.149323    1.462413 ^ delaybuf_48_clk/X (sky130_fd_sc_hd__clkbuf_16)
                                                         delaynet_48_clk (net)
                      0.065107    0.006774    1.469187 ^ delaybuf_49_clk/A (sky130_fd_sc_hd__clkbuf_16)
     3    0.048170    0.067085    0.152883    1.622069 ^ delaybuf_49_clk/X (sky130_fd_sc_hd__clkbuf_16)
                                                         delaynet_49_clk (net)
                      0.068556    0.007698    1.629768 ^ delaybuf_50_clk/A (sky130_fd_sc_hd__clkbuf_16)
     3    0.046779    0.065792    0.153115    1.782882 ^ delaybuf_50_clk/X (sky130_fd_sc_hd__clkbuf_16)
                                                         delaynet_50_clk (net)
                      0.067325    0.007794    1.790677 ^ clkbuf_regs_0_clk/A (sky130_fd_sc_hd__clkbuf_16)
     1    0.009354    0.032795    0.123398    1.914075 ^ clkbuf_regs_0_clk/X (sky130_fd_sc_hd__clkbuf_16)
                                                         clk_i_regs (net)
                      0.032795    0.000340    1.914415 ^ clkbuf_0_clk_i_regs/A (sky130_fd_sc_hd__clkbuf_16)
     5    0.108328    0.122075    0.183703    2.098118 ^ clkbuf_0_clk_i_regs/X (sky130_fd_sc_hd__clkbuf_16)
                                                         clknet_0_clk_i_regs (net)
                      0.123681    0.011083    2.109200 ^ clkbuf_1_1_0_clk_i_regs/A (sky130_fd_sc_hd__clkbuf_8)
     5    0.090027    0.162588    0.232387    2.341587 ^ clkbuf_1_1_0_clk_i_regs/X (sky130_fd_sc_hd__clkbuf_8)
                                                         clknet_1_1_0_clk_i_regs (net)
                      0.167806    0.022936    2.364523 ^ clkbuf_2_2_0_clk_i_regs/A (sky130_fd_sc_hd__clkbuf_8)
     5    0.081574    0.148517    0.241845    2.606368 ^ clkbuf_2_2_0_clk_i_regs/X (sky130_fd_sc_hd__clkbuf_8)
                                                         clknet_2_2_0_clk_i_regs (net)
                      0.151442    0.016522    2.622890 ^ clkbuf_3_5_0_clk_i_regs/A (sky130_fd_sc_hd__clkbuf_8)
     9    0.102249    0.181604    0.264307    2.887197 ^ clkbuf_3_5_0_clk_i_regs/X (sky130_fd_sc_hd__clkbuf_8)
                                                         clknet_3_5_0_clk_i_regs (net)
                      0.181871    0.005741    2.892937 ^ clkbuf_5_20_0_clk_i_regs/A (sky130_fd_sc_hd__clkbuf_8)
     5    0.056409    0.109108    0.221507    3.114445 ^ clkbuf_5_20_0_clk_i_regs/X (sky130_fd_sc_hd__clkbuf_8)
                                                         clknet_5_20_0_clk_i_regs (net)
                      0.109714    0.006521    3.120966 ^ clkbuf_6_41__f_clk_i_regs/A (sky130_fd_sc_hd__clkbuf_16)
    17    0.093719    0.111118    0.200494    3.321460 ^ clkbuf_6_41__f_clk_i_regs/X (sky130_fd_sc_hd__clkbuf_16)
                                                         clknet_6_41__leaf_clk_i_regs (net)
                      0.112582    0.010151    3.331611 ^ clkbuf_leaf_105_clk_i_regs/A (sky130_fd_sc_hd__clkbuf_8)
     9    0.037881    0.078564    0.178778    3.510389 ^ clkbuf_leaf_105_clk_i_regs/X (sky130_fd_sc_hd__clkbuf_8)
                                                         clknet_leaf_105_clk_i_regs (net)
                      0.078573    0.000872    3.511261 ^ i_soc.i_dm_top.i_dm_csrs._3330_/CLK (sky130_fd_sc_hd__dfrtp_2)
    21    0.084779    0.219683    0.569543    4.080804 v i_soc.i_dm_top.i_dm_csrs._3330_/Q (sky130_fd_sc_hd__dfrtp_2)
                                                         i_soc.dm_ndmreset (net)
                      0.220139    0.008911    4.089715 v hold17126/A (sky130_fd_sc_hd__dlygate4sd3_1)
     7    0.049585    0.256692    0.830406    4.920120 v hold17126/X (sky130_fd_sc_hd__dlygate4sd3_1)
                                                         net17126 (net)
                      0.256705    0.002038    4.922158 v i_soc._372_/A_N (sky130_fd_sc_hd__and2b_2)
     5    0.067499    0.334127    0.512224    5.434382 ^ i_soc._372_/X (sky130_fd_sc_hd__and2b_2)
                                                         i_soc.i_ai_accel.rst_ni (net)
                      0.334392    0.005909    5.440291 ^ fanout4791/A (sky130_fd_sc_hd__clkdlybuf4s25_1)
    13    0.071826    0.714250    0.784825    6.225116 ^ fanout4791/X (sky130_fd_sc_hd__clkdlybuf4s25_1)
                                                         net4791 (net)
                      0.714252    0.000843    6.225959 ^ load_slew4797/A (sky130_fd_sc_hd__buf_6)
    11    0.069929    0.146589    0.274230    6.500189 ^ load_slew4797/X (sky130_fd_sc_hd__buf_6)
                                                         net4797 (net)
                      0.146712    0.003508    6.503697 ^ fanout4787/A (sky130_fd_sc_hd__clkdlybuf4s25_1)
     5    0.052810    0.528192    0.615628    7.119326 ^ fanout4787/X (sky130_fd_sc_hd__clkdlybuf4s25_1)
                                                         net4787 (net)
                      0.528194    0.000826    7.120152 ^ fanout4785/A (sky130_fd_sc_hd__clkdlybuf4s25_1)
    20    0.092458    0.916212    0.948947    8.069099 ^ fanout4785/X (sky130_fd_sc_hd__clkdlybuf4s25_1)
                                                         net4785 (net)
                      0.916260    0.005627    8.074727 ^ fanout4772/A (sky130_fd_sc_hd__clkdlybuf4s25_1)
    23    0.081461    0.805993    0.916554    8.991281 ^ fanout4772/X (sky130_fd_sc_hd__clkdlybuf4s25_1)
                                                         net4772 (net)
                      0.805997    0.003291    8.994572 ^ load_slew4774/A (sky130_fd_sc_hd__buf_6)
    25    0.085530    0.176283    0.297211    9.291782 ^ load_slew4774/X (sky130_fd_sc_hd__buf_6)
                                                         net4774 (net)
                      0.176432    0.004262    9.296045 ^ load_slew4773/A (sky130_fd_sc_hd__clkbuf_8)
    23    0.092043    0.164885    0.259722    9.555767 ^ load_slew4773/X (sky130_fd_sc_hd__clkbuf_8)
                                                         net4773 (net)
                      0.166074    0.011262    9.567029 ^ fanout4769/A (sky130_fd_sc_hd__clkdlybuf4s25_1)
     8    0.040310    0.405659    0.537286   10.104315 ^ fanout4769/X (sky130_fd_sc_hd__clkdlybuf4s25_1)
                                                         net4769 (net)
                      0.405663    0.002020   10.106335 ^ load_slew4770/A (sky130_fd_sc_hd__buf_6)
    27    0.089490    0.180560    0.271873   10.378208 ^ load_slew4770/X (sky130_fd_sc_hd__buf_6)
                                                         net4770 (net)
                      0.180780    0.004346   10.382554 ^ fanout4766/A (sky130_fd_sc_hd__clkdlybuf4s25_1)
    13    0.064669    0.644028    0.707014   11.089568 ^ fanout4766/X (sky130_fd_sc_hd__clkdlybuf4s25_1)
                                                         net4766 (net)
                      0.644028    0.001627   11.091195 ^ load_slew4768/A (sky130_fd_sc_hd__buf_4)
     8    0.040535    0.124852    0.294974   11.386168 ^ load_slew4768/X (sky130_fd_sc_hd__buf_4)
                                                         net4768 (net)
                      0.124906    0.002437   11.388606 ^ wire4767/A (sky130_fd_sc_hd__clkbuf_8)
    27    0.092413    0.165336    0.244924   11.633530 ^ wire4767/X (sky130_fd_sc_hd__clkbuf_8)
                                                         net4767 (net)
                      0.165571    0.005141   11.638671 ^ i_soc.i_gpio._182_/RESET_B (sky130_fd_sc_hd__dfrtp_2)
                                             11.638671   data arrival time

                                 20.000000   20.000000   clock clk (rise edge)
                                  0.000000   20.000000   clock source latency
     2    0.021244    0.000000    0.000000   20.000000 ^ clk_i (in)
                                                         clk_i (net)
                      0.002802    0.001402   20.001402 ^ wire8649/A (sky130_fd_sc_hd__buf_8)
     5    0.152491    0.242341    0.196724   20.198126 ^ wire8649/X (sky130_fd_sc_hd__buf_8)
                                                         net8648 (net)
                      0.242389    0.003174   20.201302 ^ delaybuf_42_clk/A (sky130_fd_sc_hd__clkbuf_16)
     3    0.024460    0.048734    0.193699   20.395000 ^ delaybuf_42_clk/X (sky130_fd_sc_hd__clkbuf_16)
                                                         delaynet_42_clk (net)
                      0.048921    0.002149   20.397150 ^ delaybuf_43_clk/A (sky130_fd_sc_hd__clkbuf_16)
     3    0.135011    0.139139    0.176062   20.573212 ^ delaybuf_43_clk/X (sky130_fd_sc_hd__clkbuf_16)
                                                         delaynet_43_clk (net)
                      0.199961    0.071797   20.645008 ^ delaybuf_44_clk/A (sky130_fd_sc_hd__clkbuf_16)
     3    0.032088    0.054536    0.187024   20.832031 ^ delaybuf_44_clk/X (sky130_fd_sc_hd__clkbuf_16)
                                                         delaynet_44_clk (net)
                      0.054844    0.003935   20.835966 ^ delaybuf_45_clk/A (sky130_fd_sc_hd__clkbuf_16)
     3    0.054318    0.073278    0.151530   20.987497 ^ delaybuf_45_clk/X (sky130_fd_sc_hd__clkbuf_16)
                                                         delaynet_45_clk (net)
                      0.076349    0.011548   20.999044 ^ delaybuf_46_clk/A (sky130_fd_sc_hd__clkbuf_16)
     3    0.042503    0.061763    0.152804   21.151850 ^ delaybuf_46_clk/X (sky130_fd_sc_hd__clkbuf_16)
                                                         delaynet_46_clk (net)
                      0.063324    0.007505   21.159353 ^ delaybuf_47_clk/A (sky130_fd_sc_hd__clkbuf_16)
     3    0.040541    0.059993    0.147111   21.306465 ^ delaybuf_47_clk/X (sky130_fd_sc_hd__clkbuf_16)
                                                         delaynet_47_clk (net)
                      0.061238    0.006626   21.313091 ^ delaybuf_48_clk/A (sky130_fd_sc_hd__clkbuf_16)
     3    0.044708    0.063911    0.149322   21.462414 ^ delaybuf_48_clk/X (sky130_fd_sc_hd__clkbuf_16)
                                                         delaynet_48_clk (net)
                      0.065107    0.006775   21.469189 ^ delaybuf_49_clk/A (sky130_fd_sc_hd__clkbuf_16)
     3    0.048170    0.067085    0.152882   21.622070 ^ delaybuf_49_clk/X (sky130_fd_sc_hd__clkbuf_16)
                                                         delaynet_49_clk (net)
                      0.068556    0.007697   21.629766 ^ delaybuf_50_clk/A (sky130_fd_sc_hd__clkbuf_16)
     3    0.046779    0.065792    0.153117   21.782885 ^ delaybuf_50_clk/X (sky130_fd_sc_hd__clkbuf_16)
                                                         delaynet_50_clk (net)
                      0.067325    0.007793   21.790676 ^ clkbuf_regs_0_clk/A (sky130_fd_sc_hd__clkbuf_16)
     1    0.009354    0.032795    0.123398   21.914074 ^ clkbuf_regs_0_clk/X (sky130_fd_sc_hd__clkbuf_16)
                                                         clk_i_regs (net)
                      0.032795    0.000341   21.914415 ^ clkbuf_0_clk_i_regs/A (sky130_fd_sc_hd__clkbuf_16)
     5    0.108328    0.122075    0.183702   22.098118 ^ clkbuf_0_clk_i_regs/X (sky130_fd_sc_hd__clkbuf_16)
                                                         clknet_0_clk_i_regs (net)
                      0.123681    0.011083   22.109200 ^ clkbuf_1_1_0_clk_i_regs/A (sky130_fd_sc_hd__clkbuf_8)
     5    0.090027    0.162588    0.232387   22.341587 ^ clkbuf_1_1_0_clk_i_regs/X (sky130_fd_sc_hd__clkbuf_8)
                                                         clknet_1_1_0_clk_i_regs (net)
                      0.167806    0.022936   22.364523 ^ clkbuf_2_2_0_clk_i_regs/A (sky130_fd_sc_hd__clkbuf_8)
     5    0.081574    0.148517    0.241846   22.606369 ^ clkbuf_2_2_0_clk_i_regs/X (sky130_fd_sc_hd__clkbuf_8)
                                                         clknet_2_2_0_clk_i_regs (net)
                      0.150995    0.015238   22.621607 ^ clkbuf_3_4_0_clk_i_regs/A (sky130_fd_sc_hd__clkbuf_8)
     9    0.108078    0.191134    0.270513   22.892118 ^ clkbuf_3_4_0_clk_i_regs/X (sky130_fd_sc_hd__clkbuf_8)
                                                         clknet_3_4_0_clk_i_regs (net)
                      0.191724    0.008656   22.900776 ^ clkbuf_5_18_0_clk_i_regs/A (sky130_fd_sc_hd__clkbuf_8)
     5    0.050159    0.098726    0.218394   23.119169 ^ clkbuf_5_18_0_clk_i_regs/X (sky130_fd_sc_hd__clkbuf_8)
                                                         clknet_5_18_0_clk_i_regs (net)
                      0.098841    0.003016   23.122187 ^ clkbuf_6_37__f_clk_i_regs/A (sky130_fd_sc_hd__clkbuf_16)
    19    0.096025    0.112430    0.201497   23.323683 ^ clkbuf_6_37__f_clk_i_regs/X (sky130_fd_sc_hd__clkbuf_16)
                                                         clknet_6_37__leaf_clk_i_regs (net)
                      0.112819    0.004929   23.328613 ^ clkbuf_leaf_158_clk_i_regs/A (sky130_fd_sc_hd__clkbuf_8)
    11    0.036696    0.076719    0.177559   23.506172 ^ clkbuf_leaf_158_clk_i_regs/X (sky130_fd_sc_hd__clkbuf_8)
                                                         clknet_leaf_158_clk_i_regs (net)
                      0.076731    0.000965   23.507137 ^ i_soc.i_gpio._182_/CLK (sky130_fd_sc_hd__dfrtp_2)
                                 -0.500000   23.007137   clock uncertainty
                                  0.000000   23.007137   clock reconvergence pessimism
                                  0.193140   23.200275   library recovery time
                                             23.200275   data required time
---------------------------------------------------------------------------------------------
                                             23.200275   data required time
                                            -11.638671   data arrival time
---------------------------------------------------------------------------------------------
                                             11.561605   slack (MET)


Startpoint: i_soc.i_instr_sram.u_sram.gen_bank[3].gen_512.u_macro
            (falling edge-triggered flip-flop clocked by clk)
Endpoint: i_soc.i_cpu.core_i.if_stage_i._855_
          (rising edge-triggered flip-flop clocked by clk)
Path Group: clk
Path Type: max

Fanout         Cap        Slew       Delay        Time   Description
---------------------------------------------------------------------------------------------
                                 10.000000   10.000000   clock clk (fall edge)
                                  0.000000   10.000000   clock source latency
     2    0.020540    0.000000    0.000000   10.000000 v clk_i (in)
                                                         clk_i (net)
                      0.002664    0.001332   10.001332 v wire8649/A (sky130_fd_sc_hd__buf_8)
     5    0.150889    0.102840    0.150211   10.151544 v wire8649/X (sky130_fd_sc_hd__buf_8)
                                                         net8648 (net)
                      0.170910    0.068239   10.219783 v wire8648/A (sky130_fd_sc_hd__buf_6)
     3    0.068910    0.069392    0.210085   10.429868 v wire8648/X (sky130_fd_sc_hd__buf_6)
                                                         net8647 (net)
                      0.078255    0.018984   10.448852 v wire8647/A (sky130_fd_sc_hd__buf_8)
     3    0.117429    0.086719    0.169671   10.618524 v wire8647/X (sky130_fd_sc_hd__buf_8)
                                                         net8646 (net)
                      0.131098    0.049058   10.667581 v wire8646/A (sky130_fd_sc_hd__buf_8)
     3    0.120956    0.089947    0.196066   10.863647 v wire8646/X (sky130_fd_sc_hd__buf_8)
                                                         net8645 (net)
                      0.133136    0.049215   10.912862 v wire8645/A (sky130_fd_sc_hd__buf_8)
     3    0.113235    0.085860    0.197084   11.109946 v wire8645/X (sky130_fd_sc_hd__buf_8)
                                                         net8644 (net)
                      0.122683    0.044091   11.154037 v clkbuf_0_clk_i/A (sky130_fd_sc_hd__clkbuf_16)
     5    0.054282    0.054468    0.201720   11.355757 v clkbuf_0_clk_i/X (sky130_fd_sc_hd__clkbuf_16)
                                                         clknet_0_clk_i (net)
                      0.056433    0.008020   11.363777 v clkbuf_1_1_0_clk_i/A (sky130_fd_sc_hd__clkbuf_8)
     3    0.093973    0.106386    0.209318   11.573094 v clkbuf_1_1_0_clk_i/X (sky130_fd_sc_hd__clkbuf_8)
                                                         clknet_1_1_0_clk_i (net)
                      0.107199    0.007464   11.580559 v clkbuf_1_1_1_clk_i/A (sky130_fd_sc_hd__clkbuf_8)
     5    0.087580    0.101165    0.224434   11.804993 v clkbuf_1_1_1_clk_i/X (sky130_fd_sc_hd__clkbuf_8)
                                                         clknet_1_1_1_clk_i (net)
                      0.106178    0.017558   11.822552 v clkbuf_2_2_0_clk_i/A (sky130_fd_sc_hd__clkbuf_8)
     3    0.089731    0.102205    0.230341   12.052893 v clkbuf_2_2_0_clk_i/X (sky130_fd_sc_hd__clkbuf_8)
                                                         clknet_2_2_0_clk_i (net)
                      0.102885    0.006279   12.059171 v clkbuf_2_2_1_clk_i/A (sky130_fd_sc_hd__clkbuf_8)
     5    0.139686    0.149895    0.263270   12.322441 v clkbuf_2_2_1_clk_i/X (sky130_fd_sc_hd__clkbuf_8)
                                                         clknet_2_2_1_clk_i (net)
                      0.150114    0.004775   12.327216 v delaybuf_15_clk/A (sky130_fd_sc_hd__clkbuf_16)
     3    0.043242    0.048379    0.209771   12.536987 v delaybuf_15_clk/X (sky130_fd_sc_hd__clkbuf_16)
                                                         delaynet_15_clk (net)
                      0.048618    0.002588   12.539575 v delaybuf_16_clk/A (sky130_fd_sc_hd__clkbuf_16)
     3    0.037563    0.044916    0.160153   12.699728 v delaybuf_16_clk/X (sky130_fd_sc_hd__clkbuf_16)
                                                         delaynet_16_clk (net)
                      0.044959    0.001682   12.701410 v delaybuf_17_clk/A (sky130_fd_sc_hd__clkbuf_16)
     3    0.032423    0.042441    0.155132   12.856542 v delaybuf_17_clk/X (sky130_fd_sc_hd__clkbuf_16)
                                                         delaynet_17_clk (net)
                      0.042728    0.003751   12.860292 v delaybuf_18_clk/A (sky130_fd_sc_hd__clkbuf_16)
     3    0.038307    0.045367    0.156771   13.017064 v delaybuf_18_clk/X (sky130_fd_sc_hd__clkbuf_16)
                                                         delaynet_18_clk (net)
                      0.046199    0.004774   13.021838 v delaybuf_19_clk/A (sky130_fd_sc_hd__clkbuf_16)
     3    0.029143    0.040813    0.153987   13.175825 v delaybuf_19_clk/X (sky130_fd_sc_hd__clkbuf_16)
                                                         delaynet_19_clk (net)
                      0.040958    0.003347   13.179172 v delaybuf_20_clk/A (sky130_fd_sc_hd__clkbuf_16)
     5    0.104128    0.086909    0.176015   13.355186 v delaybuf_20_clk/X (sky130_fd_sc_hd__clkbuf_16)
                                                         delaynet_20_clk (net)
                      0.107720    0.032060   13.387246 v wire8665/A (sky130_fd_sc_hd__buf_6)
     3    0.082513    0.079663    0.195127   13.582374 v wire8665/X (sky130_fd_sc_hd__buf_6)
                                                         net8664 (net)
                      0.080949    0.008031   13.590405 v delaybuf_14_clk/A (sky130_fd_sc_hd__clkbuf_16)
     5    0.135619    0.098474    0.221550   13.811954 v delaybuf_14_clk/X (sky130_fd_sc_hd__clkbuf_16)
                                                         delaynet_14_clk (net)
                      0.099261    0.006961   13.818915 v wire8664/A (sky130_fd_sc_hd__buf_8)
     5    0.225762    0.135503    0.192270   14.011186 v wire8664/X (sky130_fd_sc_hd__buf_8)
                                                         net8663 (net)
                      0.316228    0.144324   14.155509 v max_length8663/A (sky130_fd_sc_hd__buf_12)
     5    0.145494    0.088490    0.274580   14.430090 v max_length8663/X (sky130_fd_sc_hd__buf_12)
                                                         net8662 (net)
                      0.112329    0.034635   14.464725 v clkbuf_leaf_10_clk_i/A (sky130_fd_sc_hd__clkbuf_8)
     5    0.092513    0.105747    0.232307   14.697032 v clkbuf_leaf_10_clk_i/X (sky130_fd_sc_hd__clkbuf_8)
                                                         clknet_leaf_10_clk_i (net)
                      0.143862    0.011952   14.708983 v i_soc.i_instr_sram.u_sram.gen_bank[3].gen_512.u_macro/clk1 (sky130_sram_2kbyte_1rw1r_32x512_8)
     3    0.216537    0.116569    1.598683   16.307667 v i_soc.i_instr_sram.u_sram.gen_bank[3].gen_512.u_macro/dout1[17] (sky130_sram_2kbyte_1rw1r_32x512_8)
                                                         i_soc.i_instr_sram.u_sram.dout[17] (net)
                      0.087426    0.137678   16.445345 v wire5167/A (sky130_fd_sc_hd__buf_2)
     1    0.009583    0.038519    0.151271   16.596617 v wire5167/X (sky130_fd_sc_hd__buf_2)
                                                         net5167 (net)
                      0.038526    0.000522   16.597137 v i_soc.i_instr_sram.u_sram._31_/A3 (sky130_fd_sc_hd__mux4_2)
     3    0.186548    0.477971    0.885905   17.483044 v i_soc.i_instr_sram.u_sram._31_/X (sky130_fd_sc_hd__mux4_2)
                                                         i_soc.i_crossbar.instr_sram_mst.r_data[17] (net)
                      0.479809    0.023030   17.506073 v i_soc.i_crossbar._0352_/A0 (sky130_fd_sc_hd__mux2_4)
     3    0.035238    0.094650    0.500453   18.006527 v i_soc.i_crossbar._0352_/X (sky130_fd_sc_hd__mux2_4)
                                                         i_soc.i_crossbar._0088_ (net)
                      0.094684    0.001705   18.008232 v i_soc.i_crossbar._0353_/A0 (sky130_fd_sc_hd__mux2_1)
     1    0.002298    0.052204    0.289864   18.298096 v i_soc.i_crossbar._0353_/X (sky130_fd_sc_hd__mux2_1)
                                                         i_soc.cpu_instr_bus.r_data[17] (net)
                      0.052204    0.000068   18.298164 v hold10455/A (sky130_fd_sc_hd__dlygate4sd3_1)
     1    0.001897    0.048455    0.542775   18.840939 v hold10455/X (sky130_fd_sc_hd__dlygate4sd3_1)
                                                         net10455 (net)
                      0.048455    0.000052   18.840990 v i_soc.i_obi_axi_instr._444_/A (sky130_fd_sc_hd__buf_2)
     1    0.002703    0.023131    0.114682   18.955671 v i_soc.i_obi_axi_instr._444_/X (sky130_fd_sc_hd__buf_2)
                                                         i_soc.i_cpu.core_i.if_stage_i.instr_rdata_i[17] (net)
                      0.023131    0.000083   18.955755 v i_soc.i_cpu.core_i.if_stage_i.prefetch_buffer_i.instruction_obi_i._324_/A (sky130_fd_sc_hd__buf_2)
     3    0.010498    0.040756    0.125043   19.080797 v i_soc.i_cpu.core_i.if_stage_i.prefetch_buffer_i.instruction_obi_i._324_/X (sky130_fd_sc_hd__buf_2)
                                                         i_soc.i_cpu.core_i.if_stage_i.prefetch_buffer_i.fifo_i.data_i[17] (net)
                      0.040761    0.000478   19.081276 v i_soc.i_cpu.core_i.if_stage_i.prefetch_buffer_i._063_/A1 (sky130_fd_sc_hd__mux2_1)
     5    0.026403    0.156314    0.408939   19.490215 v i_soc.i_cpu.core_i.if_stage_i.prefetch_buffer_i._063_/X (sky130_fd_sc_hd__mux2_1)
                                                         i_soc.i_cpu.core_i.if_stage_i.aligner_i.fetch_rdata_i[17] (net)
                      0.156327    0.001560   19.491774 v i_soc.i_cpu.core_i.if_stage_i.aligner_i._415_/B (sky130_fd_sc_hd__nand2_2)
     4    0.016685    0.107669    0.155310   19.647085 ^ i_soc.i_cpu.core_i.if_stage_i.aligner_i._415_/Y (sky130_fd_sc_hd__nand2_2)
                                                         i_soc.i_cpu.core_i.if_stage_i.aligner_i._104_ (net)
                      0.107671    0.000597   19.647682 ^ i_soc.i_cpu.core_i.if_stage_i.aligner_i._438_/A2 (sky130_fd_sc_hd__o21ai_2)
     2    0.008802    0.054300    0.076914   19.724596 v i_soc.i_cpu.core_i.if_stage_i.aligner_i._438_/Y (sky130_fd_sc_hd__o21ai_2)
                                                         i_soc.i_cpu.core_i.if_stage_i.aligner_i._120_ (net)
                      0.054301    0.000316   19.724913 v max_cap745/A (sky130_fd_sc_hd__buf_4)
    27    0.087700    0.115547    0.217822   19.942734 v max_cap745/X (sky130_fd_sc_hd__buf_4)
                                                         net745 (net)
                      0.116320    0.007702   19.950436 v i_soc.i_cpu.core_i.if_stage_i.aligner_i._458_/B1 (sky130_fd_sc_hd__a221o_2)
    27    0.102282    0.276856    0.582970   20.533407 v i_soc.i_cpu.core_i.if_stage_i.aligner_i._458_/X (sky130_fd_sc_hd__a221o_2)
                                                         i_soc.i_cpu.core_i.if_stage_i.aligner_i.instr_aligned_o[11] (net)
                      0.278768    0.018394   20.551802 v i_soc.i_cpu.core_i.if_stage_i.compressed_decoder_i._217_/A (sky130_fd_sc_hd__or4_2)
     3    0.009985    0.126863    0.776744   21.328545 v i_soc.i_cpu.core_i.if_stage_i.compressed_decoder_i._217_/X (sky130_fd_sc_hd__or4_2)
                                                         i_soc.i_cpu.core_i.if_stage_i.compressed_decoder_i._006_ (net)
                      0.126863    0.000270   21.328815 v i_soc.i_cpu.core_i.if_stage_i.compressed_decoder_i._247_/D (sky130_fd_sc_hd__or4_2)
     1    0.004813    0.108508    0.570683   21.899498 v i_soc.i_cpu.core_i.if_stage_i.compressed_decoder_i._247_/X (sky130_fd_sc_hd__or4_2)
                                                         i_soc.i_cpu.core_i.if_stage_i.compressed_decoder_i._031_ (net)
                      0.108508    0.000179   21.899677 v i_soc.i_cpu.core_i.if_stage_i.compressed_decoder_i._248_/A3 (sky130_fd_sc_hd__a32o_2)
     1    0.003793    0.042120    0.285926   22.185604 v i_soc.i_cpu.core_i.if_stage_i.compressed_decoder_i._248_/X (sky130_fd_sc_hd__a32o_2)
                                                         i_soc.i_cpu.core_i.if_stage_i.compressed_decoder_i._032_ (net)
                      0.042120    0.000124   22.185728 v i_soc.i_cpu.core_i.if_stage_i.compressed_decoder_i._249_/C1 (sky130_fd_sc_hd__o211a_2)
     1    0.009069    0.056189    0.128583   22.314312 v i_soc.i_cpu.core_i.if_stage_i.compressed_decoder_i._249_/X (sky130_fd_sc_hd__o211a_2)
                                                         i_soc.i_cpu.core_i.if_stage_i.compressed_decoder_i._033_ (net)
                      0.056247    0.000398   22.314709 v i_soc.i_cpu.core_i.if_stage_i.compressed_decoder_i._254_/A2 (sky130_fd_sc_hd__o32a_2)
     1    0.008650    0.068164    0.385846   22.700556 v i_soc.i_cpu.core_i.if_stage_i.compressed_decoder_i._254_/X (sky130_fd_sc_hd__o32a_2)
                                                         i_soc.i_cpu.core_i.if_stage_i.compressed_decoder_i.instr_o[7] (net)
                      0.068166    0.000455   22.701010 v i_soc.i_cpu.core_i.if_stage_i._788_/A1 (sky130_fd_sc_hd__mux2_1)
     1    0.002265    0.052054    0.289962   22.990971 v i_soc.i_cpu.core_i.if_stage_i._788_/X (sky130_fd_sc_hd__mux2_1)
                                                         i_soc.i_cpu.core_i.if_stage_i._008_ (net)
                      0.052054    0.000066   22.991037 v i_soc.i_cpu.core_i.if_stage_i._855_/D (sky130_fd_sc_hd__dfrtp_2)
                                             22.991037   data arrival time

                                 20.000000   20.000000   clock clk (rise edge)
                                  0.000000   20.000000   clock source latency
     2    0.021244    0.000000    0.000000   20.000000 ^ clk_i (in)
                                                         clk_i (net)
                      0.002802    0.001402   20.001402 ^ wire8649/A (sky130_fd_sc_hd__buf_8)
     5    0.152491    0.242341    0.196724   20.198126 ^ wire8649/X (sky130_fd_sc_hd__buf_8)
                                                         net8648 (net)
                      0.279212    0.072060   20.270185 ^ wire8648/A (sky130_fd_sc_hd__buf_6)
     3    0.069657    0.144373    0.223912   20.494097 ^ wire8648/X (sky130_fd_sc_hd__buf_6)
                                                         net8647 (net)
                      0.148860    0.020057   20.514154 ^ wire8647/A (sky130_fd_sc_hd__buf_8)
     3    0.118176    0.192459    0.208138   20.722292 ^ wire8647/X (sky130_fd_sc_hd__buf_8)
                                                         net8646 (net)
                      0.216418    0.051713   20.774006 ^ wire8646/A (sky130_fd_sc_hd__buf_8)
     3    0.121703    0.198468    0.229631   21.003637 ^ wire8646/X (sky130_fd_sc_hd__buf_8)
                                                         net8645 (net)
                      0.221780    0.051955   21.055592 ^ wire8645/A (sky130_fd_sc_hd__buf_8)
     3    0.114315    0.188229    0.227937   21.283529 ^ wire8645/X (sky130_fd_sc_hd__buf_8)
                                                         net8644 (net)
                      0.208355    0.047296   21.330824 ^ clkbuf_0_clk_i/A (sky130_fd_sc_hd__clkbuf_16)
     5    0.055885    0.075790    0.206127   21.536951 ^ clkbuf_0_clk_i/X (sky130_fd_sc_hd__clkbuf_16)
                                                         clknet_0_clk_i (net)
                      0.077263    0.008255   21.545206 ^ clkbuf_1_1_0_clk_i/A (sky130_fd_sc_hd__clkbuf_8)
     3    0.094539    0.168751    0.230129   21.775333 ^ clkbuf_1_1_0_clk_i/X (sky130_fd_sc_hd__clkbuf_8)
                                                         clknet_1_1_0_clk_i (net)
                      0.169263    0.007557   21.782890 ^ clkbuf_1_1_1_clk_i/A (sky130_fd_sc_hd__clkbuf_8)
     5    0.089183    0.160868    0.251324   22.034216 ^ clkbuf_1_1_1_clk_i/X (sky130_fd_sc_hd__clkbuf_8)
                                                         clknet_1_1_1_clk_i (net)
                      0.164082    0.018025   22.052240 ^ clkbuf_2_2_0_clk_i/A (sky130_fd_sc_hd__clkbuf_8)
     3    0.090297    0.162038    0.256065   22.308306 ^ clkbuf_2_2_0_clk_i/X (sky130_fd_sc_hd__clkbuf_8)
                                                         clknet_2_2_0_clk_i (net)
                      0.162418    0.006368   22.314672 ^ clkbuf_2_2_1_clk_i/A (sky130_fd_sc_hd__clkbuf_8)
     5    0.141288    0.245748    0.313090   22.627764 ^ clkbuf_2_2_1_clk_i/X (sky130_fd_sc_hd__clkbuf_8)
                                                         clknet_2_2_1_clk_i (net)
                      0.246324    0.009717   22.637480 ^ wire8656/A (sky130_fd_sc_hd__buf_6)
     3    0.073310    0.151064    0.222002   22.859482 ^ wire8656/X (sky130_fd_sc_hd__buf_6)
                                                         net8655 (net)
                      0.154902    0.019064   22.878546 ^ clkbuf_leaf_6_clk_i/A (sky130_fd_sc_hd__clkbuf_8)
     7    0.040279    0.082760    0.195337   23.073883 ^ clkbuf_leaf_6_clk_i/X (sky130_fd_sc_hd__clkbuf_8)
                                                         clknet_leaf_6_clk_i (net)
                      0.082959    0.002730   23.076612 ^ i_soc.i_cpu.core_i.sleep_unit_i.core_clock_gate_i._0_/A (sky130_fd_sc_hd__buf_2)
     3    0.073240    0.355305    0.328669   23.405281 ^ i_soc.i_cpu.core_i.sleep_unit_i.core_clock_gate_i._0_/X (sky130_fd_sc_hd__buf_2)
                                                         i_soc.i_cpu.core_i.clk (net)
                      0.357636    0.023347   23.428629 ^ wire8650/A (sky130_fd_sc_hd__buf_6)
     3    0.084501    0.172975    0.250234   23.678862 ^ wire8650/X (sky130_fd_sc_hd__buf_6)
                                                         net8649 (net)
                      0.178495    0.024368   23.703230 ^ clkbuf_0_i_soc.i_cpu.core_i.clk/A (sky130_fd_sc_hd__clkbuf_16)
     9    0.134231    0.148275    0.248827   23.952057 ^ clkbuf_0_i_soc.i_cpu.core_i.clk/X (sky130_fd_sc_hd__clkbuf_16)
                                                         clknet_0_i_soc.i_cpu.core_i.clk (net)
                      0.150694    0.015000   23.967056 ^ clkbuf_2_3_0_i_soc.i_cpu.core_i.clk/A (sky130_fd_sc_hd__clkbuf_8)
     9    0.092269    0.166094    0.249017   24.216074 ^ clkbuf_2_3_0_i_soc.i_cpu.core_i.clk/X (sky130_fd_sc_hd__clkbuf_8)
                                                         clknet_2_3_0_i_soc.i_cpu.core_i.clk (net)
                      0.167770    0.013408   24.229481 ^ clkbuf_4_13_0_i_soc.i_cpu.core_i.clk/A (sky130_fd_sc_hd__clkbuf_8)
     5    0.047726    0.095193    0.206029   24.435511 ^ clkbuf_4_13_0_i_soc.i_cpu.core_i.clk/X (sky130_fd_sc_hd__clkbuf_8)
                                                         clknet_4_13_0_i_soc.i_cpu.core_i.clk (net)
                      0.095831    0.006212   24.441723 ^ clkbuf_5_26__f_i_soc.i_cpu.core_i.clk/A (sky130_fd_sc_hd__clkbuf_16)
    15    0.087849    0.104109    0.194889   24.636612 ^ clkbuf_5_26__f_i_soc.i_cpu.core_i.clk/X (sky130_fd_sc_hd__clkbuf_16)
                                                         clknet_5_26__leaf_i_soc.i_cpu.core_i.clk (net)
                      0.104457    0.004361   24.640972 ^ clkbuf_leaf_130_i_soc.i_cpu.core_i.clk/A (sky130_fd_sc_hd__clkbuf_8)
     9    0.039345    0.080844    0.177469   24.818441 ^ clkbuf_leaf_130_i_soc.i_cpu.core_i.clk/X (sky130_fd_sc_hd__clkbuf_8)
                                                         clknet_leaf_130_i_soc.i_cpu.core_i.clk (net)
                      0.080859    0.001105   24.819546 ^ i_soc.i_cpu.core_i.if_stage_i._855_/CLK (sky130_fd_sc_hd__dfrtp_2)
                                 -0.500000   24.319546   clock uncertainty
                                  0.000000   24.319546   clock reconvergence pessimism
                                 -0.110288   24.209257   library setup time
                                             24.209257   data required time
---------------------------------------------------------------------------------------------
                                             24.209257   data required time
                                            -22.991037   data arrival time
---------------------------------------------------------------------------------------------
                                              1.218220   slack (MET)


Startpoint: i_soc.i_dmi_jtag.i_dmi_jtag_tap._238_
            (rising edge-triggered flip-flop clocked by jtag_tck')
Endpoint: jtag_tdo_o (output port clocked by jtag_tck)
Path Group: jtag_tck
Path Type: max

Fanout         Cap        Slew       Delay        Time   Description
---------------------------------------------------------------------------------------------
                                 50.000000   50.000000   clock jtag_tck' (rise edge)
                                  0.000000   50.000000   clock source latency
     4    0.041043    0.000000    0.000000   50.000000 v jtag_tck_i (in)
                                                         jtag_tck_i (net)
                      0.004197    0.002100   50.002098 v delaybuf_1_jtag_tck/A (sky130_fd_sc_hd__clkbuf_16)
     3    0.018703    0.034371    0.127944   50.130043 v delaybuf_1_jtag_tck/X (sky130_fd_sc_hd__clkbuf_16)
                                                         delaynet_1_jtag_tck (net)
                      0.034393    0.001332   50.131374 v delaybuf_2_jtag_tck/A (sky130_fd_sc_hd__clkbuf_16)
     3    0.018755    0.034430    0.140947   50.272320 v delaybuf_2_jtag_tck/X (sky130_fd_sc_hd__clkbuf_16)
                                                         delaynet_2_jtag_tck (net)
                      0.034454    0.001364   50.273685 v clkbuf_regs_1_jtag_tck/A (sky130_fd_sc_hd__clkbuf_16)
     1    0.008365    0.028753    0.132871   50.406555 v clkbuf_regs_1_jtag_tck/X (sky130_fd_sc_hd__clkbuf_16)
                                                         jtag_tck_i_regs (net)
                      0.028754    0.000298   50.406857 v clkbuf_0_jtag_tck_i_regs/A (sky130_fd_sc_hd__clkbuf_16)
    17    0.069966    0.064114    0.166139   50.572994 v clkbuf_0_jtag_tck_i_regs/X (sky130_fd_sc_hd__clkbuf_16)
                                                         clknet_0_jtag_tck_i_regs (net)
                      0.064616    0.004526   50.577522 v clkbuf_3_3_0_jtag_tck_i_regs/A (sky130_fd_sc_hd__clkbuf_8)
    13    0.075444    0.088873    0.200039   50.777561 v clkbuf_3_3_0_jtag_tck_i_regs/X (sky130_fd_sc_hd__clkbuf_8)
                                                         clknet_3_3_0_jtag_tck_i_regs (net)
                      0.090212    0.008598   50.786156 v i_soc.i_dmi_jtag.i_dmi_jtag_tap.i_tck_inv._0__8644/A (sky130_fd_sc_hd__inv_2)
     1    0.001969    0.028944    0.051358   50.837517 ^ i_soc.i_dmi_jtag.i_dmi_jtag_tap.i_tck_inv._0__8644/Y (sky130_fd_sc_hd__inv_2)
                                                         net8643 (net)
                      0.028946    0.000039   50.837555 ^ i_soc.i_dmi_jtag.i_dmi_jtag_tap.i_dft_tck_mux._0_/A0 (sky130_fd_sc_hd__mux2_1)
     1    0.002057    0.037766    0.102904   50.940460 ^ i_soc.i_dmi_jtag.i_dmi_jtag_tap.i_dft_tck_mux._0_/X (sky130_fd_sc_hd__mux2_1)
                                                         i_soc.i_dmi_jtag.i_dmi_jtag_tap.i_dft_tck_mux.clk_o (net)
                      0.037766    0.000057   50.940514 ^ i_soc.i_dmi_jtag.i_dmi_jtag_tap._238_/CLK (sky130_fd_sc_hd__dfrtp_2)
     1    0.011127    0.074115    0.365667   51.306183 ^ i_soc.i_dmi_jtag.i_dmi_jtag_tap._238_/Q (sky130_fd_sc_hd__dfrtp_2)
                                                         net46 (net)
                      0.074117    0.000508   51.306690 ^ output46/A (sky130_fd_sc_hd__clkbuf_16)
     1    0.008295    0.031883    0.124917   51.431606 ^ output46/X (sky130_fd_sc_hd__clkbuf_16)
                                                         net3027 (net)
                      0.031883    0.000245   51.431850 ^ wire3027/A (sky130_fd_sc_hd__clkbuf_16)
     1    5.005718    5.109818    3.392191   54.824043 ^ wire3027/X (sky130_fd_sc_hd__clkbuf_16)
                                                         jtag_tdo_o (net)
                      5.147465    0.356543   55.180588 ^ jtag_tdo_o (out)
                                             55.180588   data arrival time

                                100.000000  100.000000   clock jtag_tck (rise edge)
                                  0.000000  100.000000   clock network delay (propagated)
                                 -0.500000   99.499992   clock uncertainty
                                  0.000000   99.499992   clock reconvergence pessimism
                                -20.000000   79.499992   output external delay
                                             79.499992   data required time
---------------------------------------------------------------------------------------------
                                             79.499992   data required time
                                            -55.180588   data arrival time
---------------------------------------------------------------------------------------------
                                             24.319407   slack (MET)




===========================================================================
report_checks --slack_max -0.01
============================================================================
======================= nom_tt_025C_1v80 Corner ===================================

No paths found.


===========================================================================
 report_check_types -max_slew -max_cap -max_fanout -violators
============================================================================
======================= nom_tt_025C_1v80 Corner ===================================

max slew

Pin                                        Limit        Slew       Slack
------------------------------------------------------------------------
gpio_out_o[7]                           1.000000    5.308923   -4.308923 (VIOLATED)
gpio_out_o[15]                          1.000000    5.299298   -4.299298 (VIOLATED)
gpio_out_o[10]                          1.000000    5.296640   -4.296640 (VIOLATED)
gpio_out_o[9]                           1.000000    5.296101   -4.296101 (VIOLATED)
gpio_out_o[13]                          1.000000    5.289203   -4.289202 (VIOLATED)
gpio_out_o[11]                          1.000000    5.286625   -4.286625 (VIOLATED)
gpio_out_o[12]                          1.000000    5.278883   -4.278883 (VIOLATED)
gpio_out_o[5]                           1.000000    5.273198   -4.273198 (VIOLATED)
gpio_out_o[1]                           1.000000    5.241050   -4.241050 (VIOLATED)
wire3398/X                              1.000000    5.231365   -4.231365 (VIOLATED)
gpio_out_o[6]                           1.000000    5.231299   -4.231299 (VIOLATED)
gpio_out_o[14]                          1.000000    5.227125   -4.227125 (VIOLATED)
gpio_out_o[8]                           1.000000    5.226380   -4.226380 (VIOLATED)
wire3405/X                              1.000000    5.224720   -4.224720 (VIOLATED)
wire3410/X                              1.000000    5.223143   -4.223143 (VIOLATED)
wire3396/X                              1.000000    5.222517   -4.222516 (VIOLATED)
wire3407/X                              1.000000    5.218365   -4.218365 (VIOLATED)
gpio_out_o[2]                           1.000000    5.216244   -4.216244 (VIOLATED)
wire3409/X                              1.000000    5.215688   -4.215687 (VIOLATED)
wire3408/X                              1.000000    5.210294   -4.210294 (VIOLATED)
wire3400/X                              1.000000    5.206841   -4.206841 (VIOLATED)
gpio_out_o[3]                           1.000000    5.203281   -4.203281 (VIOLATED)
i2c_scl_o                               1.000000    5.190702   -4.190701 (VIOLATED)
wire3404/X                              1.000000    5.184191   -4.184191 (VIOLATED)
gpio_out_o[4]                           1.000000    5.177317   -4.177317 (VIOLATED)
wire3399/X                              1.000000    5.176342   -4.176342 (VIOLATED)
wire3406/X                              1.000000    5.173295   -4.173294 (VIOLATED)
wire3397/X                              1.000000    5.172603   -4.172603 (VIOLATED)
uart_txd_o                              1.000000    5.172144   -4.172144 (VIOLATED)
wire3403/X                              1.000000    5.165576   -4.165576 (VIOLATED)
qspi_io_oe[3]                           1.000000    5.164886   -4.164886 (VIOLATED)
gpio_out_o[0]                           1.000000    5.163191   -4.163191 (VIOLATED)
i2c_sda_oe_o                            1.000000    5.159520   -4.159520 (VIOLATED)
uart1_txd_o                             1.000000    5.157261   -4.157261 (VIOLATED)
wire3402/X                              1.000000    5.155993   -4.155993 (VIOLATED)
qspi_io_oe[2]                           1.000000    5.152497   -4.152497 (VIOLATED)
jtag_tdo_o                              1.000000    5.147465   -4.147465 (VIOLATED)
qspi_io_o[2]                            1.000000    5.146176   -4.146176 (VIOLATED)
wire4803/X                              1.000000    5.145316   -4.145316 (VIOLATED)
qspi_cs_no                              1.000000    5.144538   -4.144538 (VIOLATED)
wire3401/X                              1.000000    5.136103   -4.136103 (VIOLATED)
wire4799/X                              1.000000    5.131660   -4.131660 (VIOLATED)
qspi_io_o[1]                            1.000000    5.130641   -4.130641 (VIOLATED)
wire3411/X                              1.000000    5.124900   -4.124900 (VIOLATED)
wire2733/X                              1.000000    5.123577   -4.123577 (VIOLATED)
qspi_io_o[3]                            1.000000    5.123377   -4.123377 (VIOLATED)
wire4802/X                              1.000000    5.121434   -4.121434 (VIOLATED)
qspi_io_oe[0]                           1.000000    5.118605   -4.118605 (VIOLATED)
qspi_sclk_o                             1.000000    5.118292   -4.118292 (VIOLATED)
wire4800/X                              1.000000    5.118073   -4.118072 (VIOLATED)
qspi_io_oe[1]                           1.000000    5.117685   -4.117685 (VIOLATED)
wire2607/X                              1.000000    5.114061   -4.114061 (VIOLATED)
wire3392/X                              1.000000    5.110657   -4.110657 (VIOLATED)
wire3027/X                              1.000000    5.109818   -4.109818 (VIOLATED)
wire3395/X                              1.000000    5.108911   -4.108910 (VIOLATED)
wire3393/X                              1.000000    5.098471   -4.098471 (VIOLATED)
wire3391/X                              1.000000    5.093172   -4.093172 (VIOLATED)
wire3026/X                              1.000000    5.088304   -4.088304 (VIOLATED)
wire2608/X                              1.000000    5.087631   -4.087631 (VIOLATED)
wire4801/X                              1.000000    5.087573   -4.087573 (VIOLATED)
qspi_io_o[0]                            1.000000    4.997032   -3.997032 (VIOLATED)
wire3394/X                              1.000000    4.987805   -3.987805 (VIOLATED)
i_soc.i_instr_sram.u_sram.gen_bank[2].gen_512.u_macro/din0[27]    1.000000    2.340232   -1.340232 (VIOLATED)
i_soc.i_instr_sram.u_sram.gen_bank[2].gen_512.u_macro/din0[16]    1.000000    2.307077   -1.307077 (VIOLATED)
i_soc.i_data_sram.u_sram.gen_bank[3].gen_512.u_macro/din0[17]    1.000000    2.278385   -1.278385 (VIOLATED)
i_soc.i_data_sram.u_sram.gen_bank[1].gen_512.u_macro/din0[17]    1.000000    2.253987   -1.253987 (VIOLATED)
i_soc.i_instr_sram.u_sram.gen_bank[2].gen_512.u_macro/din0[15]    1.000000    2.247941   -1.247941 (VIOLATED)
i_soc.i_data_sram.u_sram.gen_bank[3].gen_512.u_macro/din0[22]    1.000000    2.238057   -1.238057 (VIOLATED)
i_soc.i_data_sram.u_sram.gen_bank[3].gen_512.u_macro/din0[24]    1.000000    2.235049   -1.235048 (VIOLATED)
i_soc.i_instr_sram.u_sram.gen_bank[0].gen_512.u_macro/din0[27]    1.000000    2.229043   -1.229043 (VIOLATED)
i_soc.i_data_sram.u_sram.gen_bank[2].gen_512.u_macro/din0[23]    1.000000    2.220203   -1.220203 (VIOLATED)
i_soc.i_instr_sram.u_sram.gen_bank[2].gen_512.u_macro/din0[25]    1.000000    2.217958   -1.217958 (VIOLATED)
i_soc.i_data_sram.u_sram.gen_bank[3].gen_512.u_macro/din0[23]    1.000000    2.217496   -1.217496 (VIOLATED)
i_soc.i_data_sram.u_sram.gen_bank[2].gen_512.u_macro/din0[17]    1.000000    2.209273   -1.209273 (VIOLATED)
i_soc.i_instr_sram.u_sram.gen_bank[2].gen_512.u_macro/din0[20]    1.000000    2.206566   -1.206566 (VIOLATED)
i_soc.i_data_sram.u_sram.gen_bank[0].gen_512.u_macro/din0[17]    1.000000    2.204341   -1.204341 (VIOLATED)
i_soc.i_data_sram.u_sram.gen_bank[1].gen_512.u_macro/din0[23]    1.000000    2.199818   -1.199818 (VIOLATED)
i_soc.i_data_sram.u_sram.gen_bank[2].gen_512.u_macro/din0[22]    1.000000    2.197824   -1.197824 (VIOLATED)
i_soc.i_data_sram.u_sram.gen_bank[0].gen_512.u_macro/din0[23]    1.000000    2.193755   -1.193755 (VIOLATED)
i_soc.i_data_sram.u_sram.gen_bank[1].gen_512.u_macro/din0[22]    1.000000    2.187195   -1.187194 (VIOLATED)
i_soc.i_data_sram.u_sram.gen_bank[1].gen_512.u_macro/din0[24]    1.000000    2.184193   -1.184193 (VIOLATED)
i_soc.i_instr_sram.u_sram.gen_bank[0].gen_512.u_macro/din0[16]    1.000000    2.180172   -1.180173 (VIOLATED)
i_soc.i_data_sram.u_sram.gen_bank[3].gen_512.u_macro/din0[13]    1.000000    2.167621   -1.167621 (VIOLATED)
i_soc.i_data_sram.u_sram.gen_bank[3].gen_512.u_macro/din0[21]    1.000000    2.163050   -1.163050 (VIOLATED)
i_soc.i_instr_sram.u_sram.gen_bank[2].gen_512.u_macro/din0[7]    1.000000    2.162178   -1.162178 (VIOLATED)
i_soc.i_data_sram.u_sram.gen_bank[2].gen_512.u_macro/din0[21]    1.000000    2.153746   -1.153746 (VIOLATED)
i_soc.i_instr_sram.u_sram.gen_bank[3].gen_512.u_macro/din0[27]    1.000000    2.152096   -1.152096 (VIOLATED)
i_soc.i_instr_sram.u_sram.gen_bank[0].gen_512.u_macro/din0[25]    1.000000    2.149776   -1.149776 (VIOLATED)
i_soc.i_data_sram.u_sram.gen_bank[1].gen_512.u_macro/din0[21]    1.000000    2.146610   -1.146610 (VIOLATED)
i_soc.i_instr_sram.u_sram.gen_bank[2].gen_512.u_macro/din0[22]    1.000000    2.146518   -1.146518 (VIOLATED)
i_soc.i_data_sram.u_sram.gen_bank[0].gen_512.u_macro/din0[21]    1.000000    2.141906   -1.141906 (VIOLATED)
i_soc.i_data_sram.u_sram.gen_bank[2].gen_512.u_macro/din0[24]    1.000000    2.140244   -1.140244 (VIOLATED)
i_soc.i_instr_sram.u_sram.gen_bank[0].gen_512.u_macro/din0[15]    1.000000    2.133335   -1.133335 (VIOLATED)
i_soc.i_data_sram.u_sram.gen_bank[1].gen_512.u_macro/din0[13]    1.000000    2.129776   -1.129776 (VIOLATED)
i_soc.i_instr_sram.u_sram.gen_bank[3].gen_512.u_macro/din0[25]    1.000000    2.125387   -1.125387 (VIOLATED)
i_soc.i_instr_sram.u_sram.gen_bank[2].gen_512.u_macro/din0[30]    1.000000    2.125113   -1.125113 (VIOLATED)
i_soc.i_instr_sram.u_sram.gen_bank[2].gen_512.u_macro/din0[11]    1.000000    2.124308   -1.124308 (VIOLATED)
i_soc.i_data_sram.u_sram.gen_bank[3].gen_512.u_macro/din0[25]    1.000000    2.121036   -1.121036 (VIOLATED)
i_soc.i_instr_sram.u_sram.gen_bank[2].gen_512.u_macro/din0[14]    1.000000    2.118737   -1.118737 (VIOLATED)
i_soc.i_instr_sram.u_sram.gen_bank[0].gen_512.u_macro/din0[20]    1.000000    2.118652   -1.118652 (VIOLATED)
i_soc.i_instr_sram.u_sram.gen_bank[1].gen_512.u_macro/din0[27]    1.000000    2.098125   -1.098125 (VIOLATED)
i_soc.i_instr_sram.u_sram.gen_bank[0].gen_512.u_macro/din0[30]    1.000000    2.082533   -1.082533 (VIOLATED)
i_soc.i_data_sram.u_sram.gen_bank[2].gen_512.u_macro/din0[25]    1.000000    2.080512   -1.080512 (VIOLATED)
i_soc.i_data_sram.u_sram.gen_bank[3].gen_512.u_macro/din0[20]    1.000000    2.080019   -1.080018 (VIOLATED)
i_soc.i_data_sram.u_sram.gen_bank[0].gen_512.u_macro/din0[22]    1.000000    2.079317   -1.079317 (VIOLATED)
i_soc.i_instr_sram.u_sram.gen_bank[2].gen_512.u_macro/din0[10]    1.000000    2.073908   -1.073907 (VIOLATED)
i_soc.i_instr_sram.u_sram.gen_bank[0].gen_512.u_macro/din0[7]    1.000000    2.073574   -1.073574 (VIOLATED)
i_soc.i_data_sram.u_sram.gen_bank[0].gen_512.u_macro/din0[24]    1.000000    2.072995   -1.072995 (VIOLATED)
i_soc.i_data_sram.u_sram.gen_bank[1].gen_512.u_macro/din0[25]    1.000000    2.071985   -1.071985 (VIOLATED)
i_soc.i_instr_sram.u_sram.gen_bank[3].gen_512.u_macro/din0[30]    1.000000    2.071725   -1.071725 (VIOLATED)
i_soc.i_instr_sram.u_sram.gen_bank[2].gen_512.u_macro/din0[12]    1.000000    2.068489   -1.068489 (VIOLATED)
i_soc.i_instr_sram.u_sram.gen_bank[3].gen_512.u_macro/din0[16]    1.000000    2.061316   -1.061316 (VIOLATED)
i_soc.i_data_sram.u_sram.gen_bank[3].gen_512.u_macro/din0[8]    1.000000    2.057885   -1.057885 (VIOLATED)
i_soc.i_data_sram.u_sram.gen_bank[2].gen_512.u_macro/din0[13]    1.000000    2.053757   -1.053757 (VIOLATED)
i_soc.i_data_sram.u_sram.gen_bank[0].gen_512.u_macro/din0[13]    1.000000    2.051802   -1.051802 (VIOLATED)
i_soc.i_instr_sram.u_sram.gen_bank[1].gen_512.u_macro/din0[25]    1.000000    2.051594   -1.051594 (VIOLATED)
i_soc.i_instr_sram.u_sram.gen_bank[0].gen_512.u_macro/din0[11]    1.000000    2.051297   -1.051297 (VIOLATED)
i_soc.i_data_sram.u_sram.gen_bank[1].gen_512.u_macro/din0[20]    1.000000    2.047223   -1.047223 (VIOLATED)
i_soc.i_instr_sram.u_sram.gen_bank[2].gen_512.u_macro/din0[19]    1.000000    2.045977   -1.045977 (VIOLATED)
i_soc.i_data_sram.u_sram.gen_bank[3].gen_512.u_macro/din0[18]    1.000000    2.044595   -1.044595 (VIOLATED)
i_soc.i_data_sram.u_sram.gen_bank[3].gen_512.u_macro/din0[12]    1.000000    2.040495   -1.040495 (VIOLATED)
i_soc.i_data_sram.u_sram.gen_bank[3].gen_512.u_macro/din0[15]    1.000000    2.037593   -1.037593 (VIOLATED)
i_soc.i_data_sram.u_sram.gen_bank[3].gen_512.u_macro/din0[27]    1.000000    2.034750   -1.034750 (VIOLATED)
i_soc.i_instr_sram.u_sram.gen_bank[2].gen_512.u_macro/din0[4]    1.000000    2.034275   -1.034275 (VIOLATED)
i_soc.i_data_sram.u_sram.gen_bank[2].gen_512.u_macro/din0[12]    1.000000    2.032534   -1.032534 (VIOLATED)
i_soc.i_data_sram.u_sram.gen_bank[3].gen_512.u_macro/din0[16]    1.000000    2.032001   -1.032001 (VIOLATED)
i_soc.i_data_sram.u_sram.gen_bank[1].gen_512.u_macro/din0[12]    1.000000    2.028433   -1.028433 (VIOLATED)
i_soc.i_data_sram.u_sram.gen_bank[2].gen_512.u_macro/din0[27]    1.000000    2.028315   -1.028315 (VIOLATED)
i_soc.i_data_sram.u_sram.gen_bank[1].gen_512.u_macro/din0[15]    1.000000    2.026192   -1.026192 (VIOLATED)
i_soc.i_instr_sram.u_sram.gen_bank[0].gen_512.u_macro/din0[22]    1.000000    2.025891   -1.025891 (VIOLATED)
i_soc.i_instr_sram.u_sram.gen_bank[2].gen_512.u_macro/din0[21]    1.000000    2.025811   -1.025811 (VIOLATED)
i_soc.i_data_sram.u_sram.gen_bank[3].gen_512.u_macro/din0[29]    1.000000    2.024554   -1.024554 (VIOLATED)
i_soc.i_data_sram.u_sram.gen_bank[2].gen_512.u_macro/din0[15]    1.000000    2.024502   -1.024502 (VIOLATED)
i_soc.i_ai_accel.u_conv_out.gen_bank[0].gen_512.u_macro/csb0    1.000000    2.024164   -1.024164 (VIOLATED)
i_soc.i_data_sram.u_sram.gen_bank[0].gen_512.u_macro/din0[12]    1.000000    2.023618   -1.023618 (VIOLATED)
i_soc.i_data_sram.u_sram.gen_bank[1].gen_512.u_macro/din0[8]    1.000000    2.022640   -1.022640 (VIOLATED)
i_soc.i_data_sram.u_sram.gen_bank[3].gen_512.u_macro/din0[28]    1.000000    2.021951   -1.021952 (VIOLATED)
i_soc.i_instr_sram.u_sram.gen_bank[0].gen_512.u_macro/din0[14]    1.000000    2.021615   -1.021615 (VIOLATED)
i_soc.i_data_sram.u_sram.gen_bank[0].gen_512.u_macro/din0[15]    1.000000    2.019837   -1.019837 (VIOLATED)
i_soc.i_instr_sram.u_sram.gen_bank[1].gen_512.u_macro/din0[30]    1.000000    2.017602   -1.017602 (VIOLATED)
i_soc.i_data_sram.u_sram.gen_bank[3].gen_512.u_macro/din0[6]    1.000000    2.017300   -1.017300 (VIOLATED)
i_soc.i_data_sram.u_sram.gen_bank[1].gen_512.u_macro/din0[27]    1.000000    2.012637   -1.012637 (VIOLATED)
i_soc.i_data_sram.u_sram.gen_bank[3].gen_512.u_macro/din0[11]    1.000000    2.012236   -1.012236 (VIOLATED)
i_soc.i_instr_sram.u_sram.gen_bank[3].gen_512.u_macro/din0[15]    1.000000    2.012041   -1.012041 (VIOLATED)
i_soc.i_instr_sram.u_sram.gen_bank[2].gen_512.u_macro/din0[6]    1.000000    2.011177   -1.011177 (VIOLATED)
i_soc.i_data_sram.u_sram.gen_bank[1].gen_512.u_macro/din0[18]    1.000000    2.009372   -1.009372 (VIOLATED)
i_soc.i_data_sram.u_sram.gen_bank[0].gen_512.u_macro/din0[27]    1.000000    2.007648   -1.007648 (VIOLATED)
i_soc.i_instr_sram.u_sram.gen_bank[1].gen_512.u_macro/din0[16]    1.000000    2.006986   -1.006986 (VIOLATED)
i_soc.i_data_sram.u_sram.gen_bank[1].gen_512.u_macro/din0[29]    1.000000    2.005838   -1.005838 (VIOLATED)
i_soc.i_instr_sram.u_sram.gen_bank[3].gen_512.u_macro/din0[20]    1.000000    2.002094   -1.002094 (VIOLATED)
i_soc.i_data_sram.u_sram.gen_bank[1].gen_512.u_macro/din0[16]    1.000000    1.998926   -0.998926 (VIOLATED)
i_soc.i_instr_sram.u_sram.gen_bank[2].gen_512.u_macro/din0[3]    1.000000    1.993841   -0.993841 (VIOLATED)
i_soc.i_instr_sram.u_sram.gen_bank[0].gen_512.u_macro/din0[19]    1.000000    1.993398   -0.993398 (VIOLATED)
i_soc.i_data_sram.u_sram.gen_bank[2].gen_512.u_macro/din0[20]    1.000000    1.990549   -0.990549 (VIOLATED)
i_soc.i_instr_sram.u_sram.gen_bank[2].gen_512.u_macro/din0[5]    1.000000    1.988742   -0.988742 (VIOLATED)
i_soc.i_data_sram.u_sram.gen_bank[2].gen_512.u_macro/din0[28]    1.000000    1.986816   -0.986816 (VIOLATED)
i_soc.i_data_sram.u_sram.gen_bank[3].gen_512.u_macro/din0[30]    1.000000    1.984396   -0.984396 (VIOLATED)
i_soc.i_data_sram.u_sram.gen_bank[1].gen_512.u_macro/din0[6]    1.000000    1.983967   -0.983967 (VIOLATED)
i_soc.i_data_sram.u_sram.gen_bank[3].gen_512.u_macro/din0[26]    1.000000    1.982602   -0.982601 (VIOLATED)
i_soc.i_instr_sram.u_sram.gen_bank[0].gen_512.u_macro/din0[10]    1.000000    1.981442   -0.981442 (VIOLATED)
i_soc.i_data_sram.u_sram.gen_bank[0].gen_512.u_macro/din0[25]    1.000000    1.980281   -0.980281 (VIOLATED)
i_soc.i_data_sram.u_sram.gen_bank[1].gen_512.u_macro/din0[28]    1.000000    1.979578   -0.979578 (VIOLATED)
i_soc.i_data_sram.u_sram.gen_bank[2].gen_512.u_macro/din0[18]    1.000000    1.974083   -0.974083 (VIOLATED)
i_soc.i_data_sram.u_sram.gen_bank[1].gen_512.u_macro/din0[11]    1.000000    1.971740   -0.971740 (VIOLATED)
i_soc.i_data_sram.u_sram.gen_bank[0].gen_512.u_macro/din0[20]    1.000000    1.970232   -0.970232 (VIOLATED)
i_soc.i_instr_sram.u_sram.gen_bank[2].gen_512.u_macro/din0[28]    1.000000    1.966700   -0.966700 (VIOLATED)
i_soc.i_data_sram.u_sram.gen_bank[2].gen_512.u_macro/din0[30]    1.000000    1.965891   -0.965891 (VIOLATED)
i_soc.i_instr_sram.u_sram.gen_bank[0].gen_512.u_macro/din0[12]    1.000000    1.964934   -0.964934 (VIOLATED)
i_soc.i_data_sram.u_sram.gen_bank[2].gen_512.u_macro/din0[8]    1.000000    1.964915   -0.964915 (VIOLATED)
i_soc.i_data_sram.u_sram.gen_bank[2].gen_512.u_macro/din0[29]    1.000000    1.963756   -0.963756 (VIOLATED)
i_soc.i_instr_sram.u_sram.gen_bank[0].gen_512.u_macro/din0[4]    1.000000    1.960957   -0.960957 (VIOLATED)
i_soc.i_data_sram.u_sram.gen_bank[0].gen_512.u_macro/din0[8]    1.000000    1.960726   -0.960726 (VIOLATED)
i_soc.i_instr_sram.u_sram.gen_bank[1].gen_512.u_macro/din0[15]    1.000000    1.957641   -0.957641 (VIOLATED)
i_soc.i_data_sram.u_sram.gen_bank[2].gen_512.u_macro/din0[16]    1.000000    1.956308   -0.956308 (VIOLATED)
i_soc.i_data_sram.u_sram.gen_bank[0].gen_512.u_macro/din0[18]    1.000000    1.955905   -0.955905 (VIOLATED)
i_soc.i_instr_sram.u_sram.gen_bank[3].gen_512.u_macro/din0[7]    1.000000    1.953965   -0.953965 (VIOLATED)
i_soc.i_data_sram.u_sram.gen_bank[1].gen_512.u_macro/din0[30]    1.000000    1.951623   -0.951623 (VIOLATED)
i_soc.i_instr_sram.u_sram.gen_bank[1].gen_512.u_macro/din0[20]    1.000000    1.948134   -0.948134 (VIOLATED)
i_soc.i_instr_sram.u_sram.gen_bank[2].gen_512.u_macro/din0[26]    1.000000    1.947526   -0.947526 (VIOLATED)
i_soc.i_data_sram.u_sram.gen_bank[2].gen_512.u_macro/din0[26]    1.000000    1.942691   -0.942691 (VIOLATED)
i_soc.i_data_sram.u_sram.gen_bank[2].gen_512.u_macro/din0[31]    1.000000    1.942094   -0.942094 (VIOLATED)
i_soc.i_instr_sram.u_sram.gen_bank[0].gen_512.u_macro/din0[6]    1.000000    1.938856   -0.938856 (VIOLATED)
i_soc.i_data_sram.u_sram.gen_bank[3].gen_512.u_macro/din0[31]    1.000000    1.938430   -0.938430 (VIOLATED)
i_soc.i_data_sram.u_sram.gen_bank[0].gen_512.u_macro/din0[16]    1.000000    1.937634   -0.937634 (VIOLATED)
i_soc.i_instr_sram.u_sram.gen_bank[0].gen_512.u_macro/din0[21]    1.000000    1.931668   -0.931668 (VIOLATED)
i_soc.i_data_sram.u_sram.gen_bank[0].gen_512.u_macro/din0[30]    1.000000    1.930740   -0.930740 (VIOLATED)
i_soc.i_instr_sram.u_sram.gen_bank[0].gen_512.u_macro/din0[28]    1.000000    1.929890   -0.929890 (VIOLATED)
i_soc.i_ai_sram.u_sram.gen_bank[0].gen_512.u_macro/din0[22]    1.000000    1.929610   -0.929610 (VIOLATED)
i_soc.i_instr_sram.u_sram.gen_bank[3].gen_512.u_macro/din0[22]    1.000000    1.928035   -0.928035 (VIOLATED)
i_soc.i_instr_sram.u_sram.gen_bank[3].gen_512.u_macro/din0[19]    1.000000    1.927448   -0.927448 (VIOLATED)
i_soc.i_data_sram.u_sram.gen_bank[3].gen_512.u_macro/din0[0]    1.000000    1.926781   -0.926781 (VIOLATED)
i_soc.i_data_sram.u_sram.gen_bank[2].gen_512.u_macro/din0[6]    1.000000    1.925598   -0.925598 (VIOLATED)
i_soc.i_instr_sram.u_sram.gen_bank[1].gen_512.u_macro/din0[7]    1.000000    1.923235   -0.923235 (VIOLATED)
i_soc.i_data_sram.u_sram.gen_bank[2].gen_512.u_macro/din0[11]    1.000000    1.922547   -0.922547 (VIOLATED)
i_soc.i_data_sram.u_sram.gen_bank[1].gen_512.u_macro/din0[31]    1.000000    1.921245   -0.921245 (VIOLATED)
i_soc.i_instr_sram.u_sram.gen_bank[3].gen_512.u_macro/din0[11]    1.000000    1.919413   -0.919413 (VIOLATED)
i_soc.i_data_sram.u_sram.gen_bank[0].gen_512.u_macro/din0[6]    1.000000    1.918505   -0.918505 (VIOLATED)
i_soc.i_data_sram.u_sram.gen_bank[0].gen_512.u_macro/din0[31]    1.000000    1.916308   -0.916308 (VIOLATED)
i_soc.i_data_sram.u_sram.gen_bank[0].gen_512.u_macro/din0[11]    1.000000    1.914857   -0.914857 (VIOLATED)
i_soc.i_data_sram.u_sram.gen_bank[1].gen_512.u_macro/din0[26]    1.000000    1.914263   -0.914263 (VIOLATED)
i_soc.i_instr_sram.u_sram.gen_bank[3].gen_512.u_macro/din0[28]    1.000000    1.913968   -0.913968 (VIOLATED)
i_soc.i_data_sram.u_sram.gen_bank[3].gen_512.u_macro/din0[4]    1.000000    1.911382   -0.911382 (VIOLATED)
i_soc.i_instr_sram.u_sram.gen_bank[2].gen_512.u_macro/din0[2]    1.000000    1.910884   -0.910884 (VIOLATED)
i_soc.i_data_sram.u_sram.gen_bank[3].gen_512.u_macro/din0[19]    1.000000    1.907890   -0.907890 (VIOLATED)
i_soc.i_instr_sram.u_sram.gen_bank[0].gen_512.u_macro/din0[5]    1.000000    1.907434   -0.907434 (VIOLATED)
i_soc.i_data_sram.u_sram.gen_bank[3].gen_512.u_macro/din0[1]    1.000000    1.906842   -0.906842 (VIOLATED)
i_soc.i_instr_sram.u_sram.gen_bank[3].gen_512.u_macro/din0[14]    1.000000    1.906212   -0.906212 (VIOLATED)
i_soc.i_instr_sram.u_sram.gen_bank[0].gen_512.u_macro/din0[3]    1.000000    1.903978   -0.903978 (VIOLATED)
i_soc.i_instr_sram.u_sram.gen_bank[1].gen_512.u_macro/din0[19]    1.000000    1.901708   -0.901708 (VIOLATED)
i_soc.i_instr_sram.u_sram.gen_bank[0].gen_512.u_macro/din0[26]    1.000000    1.899937   -0.899937 (VIOLATED)
i_soc.i_instr_sram.u_sram.gen_bank[1].gen_512.u_macro/din0[28]    1.000000    1.896978   -0.896978 (VIOLATED)
i_soc.i_data_sram.u_sram.gen_bank[1].gen_512.u_macro/din0[0]    1.000000    1.896661   -0.896661 (VIOLATED)
i_soc.i_data_sram.u_sram.gen_bank[1].gen_512.u_macro/din0[1]    1.000000    1.894381   -0.894381 (VIOLATED)
i_soc.i_data_sram.u_sram.gen_bank[0].gen_512.u_macro/din0[29]    1.000000    1.892717   -0.892716 (VIOLATED)
i_soc.i_data_sram.u_sram.gen_bank[2].gen_512.u_macro/din0[1]    1.000000    1.892257   -0.892257 (VIOLATED)
i_soc.i_instr_sram.u_sram.gen_bank[3].gen_512.u_macro/din0[26]    1.000000    1.888906   -0.888906 (VIOLATED)
i_soc.i_data_sram.u_sram.gen_bank[0].gen_512.u_macro/din0[1]    1.000000    1.888268   -0.888268 (VIOLATED)
i_soc.i_instr_sram.u_sram.gen_bank[2].gen_512.u_macro/din0[24]    1.000000    1.884545   -0.884545 (VIOLATED)
i_soc.i_data_sram.u_sram.gen_bank[1].gen_512.u_macro/din0[4]    1.000000    1.882984   -0.882984 (VIOLATED)
i_soc.i_instr_sram.u_sram.gen_bank[1].gen_512.u_macro/din0[11]    1.000000    1.880557   -0.880557 (VIOLATED)
i_soc.i_data_sram.u_sram.gen_bank[3].gen_512.u_macro/din0[9]    1.000000    1.878899   -0.878899 (VIOLATED)
i_soc.i_data_sram.u_sram.gen_bank[1].gen_512.u_macro/din0[19]    1.000000    1.878842   -0.878842 (VIOLATED)
i_soc.i_instr_sram.u_sram.gen_bank[3].gen_512.u_macro/din0[24]    1.000000    1.873832   -0.873832 (VIOLATED)
i_soc.i_instr_sram.u_sram.gen_bank[1].gen_512.u_macro/din0[22]    1.000000    1.869597   -0.869597 (VIOLATED)
i_soc.i_data_sram.u_sram.gen_bank[0].gen_512.u_macro/din0[28]    1.000000    1.867551   -0.867551 (VIOLATED)
i_soc.i_instr_sram.u_sram.gen_bank[2].gen_512.u_macro/din0[18]    1.000000    1.866060   -0.866060 (VIOLATED)
i_soc.i_instr_sram.u_sram.gen_bank[1].gen_512.u_macro/din0[26]    1.000000    1.864146   -0.864146 (VIOLATED)
i_soc.i_instr_sram.u_sram.gen_bank[0].gen_512.u_macro/din0[24]    1.000000    1.863845   -0.863845 (VIOLATED)
i_soc.i_instr_sram.u_sram.gen_bank[3].gen_512.u_macro/din0[21]    1.000000    1.863505   -0.863505 (VIOLATED)
i_soc.i_instr_sram.u_sram.gen_bank[1].gen_512.u_macro/din0[14]    1.000000    1.858644   -0.858644 (VIOLATED)
i_soc.i_instr_sram.u_sram.gen_bank[3].gen_512.u_macro/din0[10]    1.000000    1.857669   -0.857670 (VIOLATED)
i_soc.i_instr_sram.u_sram.gen_bank[2].gen_512.u_macro/din0[8]    1.000000    1.855024   -0.855024 (VIOLATED)
i_soc.i_instr_sram.u_sram.gen_bank[3].gen_512.u_macro/din0[12]    1.000000    1.853766   -0.853766 (VIOLATED)
i_soc.i_data_sram.u_sram.gen_bank[3].gen_512.u_macro/din0[2]    1.000000    1.849897   -0.849897 (VIOLATED)
i_soc._374_/D                           1.000000    1.849496   -0.849496 (VIOLATED)
ANTENNA_i_soc._374__D/DIODE             1.000000    1.849468   -0.849468 (VIOLATED)
i_soc.i_data_sram.u_sram.gen_bank[2].gen_512.u_macro/din0[0]    1.000000    1.846482   -0.846482 (VIOLATED)
i_soc.i_instr_sram.u_sram.gen_bank[1].gen_512.u_macro/din0[21]    1.000000    1.846351   -0.846351 (VIOLATED)
i_soc.i_ai_sram.u_sram.gen_bank[0].gen_512.u_macro/din0[17]    1.000000    1.845600   -0.845600 (VIOLATED)
i_soc.i_instr_sram.u_sram.gen_bank[3].gen_512.u_macro/din0[4]    1.000000    1.845171   -0.845171 (VIOLATED)
i_soc.i_instr_sram.u_sram.gen_bank[1].gen_512.u_macro/din0[24]    1.000000    1.841328   -0.841328 (VIOLATED)
i_soc.i_data_sram.u_sram.gen_bank[2].gen_512.u_macro/din0[19]    1.000000    1.840972   -0.840972 (VIOLATED)
i_soc.i_data_sram.u_sram.gen_bank[0].gen_512.u_macro/din0[0]    1.000000    1.840947   -0.840947 (VIOLATED)
i_soc.i_instr_sram.u_sram.gen_bank[0].gen_512.u_macro/din0[2]    1.000000    1.839373   -0.839373 (VIOLATED)
i_soc.i_instr_sram.u_sram.gen_bank[2].gen_512.u_macro/din0[17]    1.000000    1.838455   -0.838455 (VIOLATED)
i_soc.i_instr_sram.u_sram.gen_bank[3].gen_512.u_macro/din0[18]    1.000000    1.838270   -0.838270 (VIOLATED)
i_soc.i_instr_sram.u_sram.gen_bank[2].gen_512.u_macro/din0[23]    1.000000    1.838117   -0.838117 (VIOLATED)
ANTENNA_hold9291_X/DIODE                1.000000    1.837645   -0.837645 (VIOLATED)
hold9291/X                              1.000000    1.837643   -0.837643 (VIOLATED)
i_soc.i_instr_sram.u_sram.gen_bank[2].gen_512.u_macro/din0[0]    1.000000    1.834866   -0.834866 (VIOLATED)
i_soc.i_instr_sram.u_sram.gen_bank[1].gen_512.u_macro/din0[4]    1.000000    1.834275   -0.834275 (VIOLATED)
i_soc.i_data_sram.u_sram.gen_bank[3].gen_512.u_macro/din0[10]    1.000000    1.830612   -0.830612 (VIOLATED)
i_soc.i_data_sram.u_sram.gen_bank[1].gen_512.u_macro/din0[9]    1.000000    1.830393   -0.830393 (VIOLATED)
i_soc.i_instr_sram.u_sram.gen_bank[0].gen_512.u_macro/din0[18]    1.000000    1.830071   -0.830071 (VIOLATED)
i_soc.i_data_sram.u_sram.gen_bank[3].gen_512.u_macro/din0[5]    1.000000    1.827949   -0.827949 (VIOLATED)
i_soc.i_instr_sram.u_sram.gen_bank[2].gen_512.u_macro/din0[31]    1.000000    1.827084   -0.827084 (VIOLATED)
i_soc.i_data_sram.u_sram.gen_bank[2].gen_512.u_macro/din0[4]    1.000000    1.824384   -0.824384 (VIOLATED)
i_soc.i_data_sram.u_sram.gen_bank[0].gen_512.u_macro/din0[19]    1.000000    1.823007   -0.823007 (VIOLATED)
i_soc.i_data_sram.u_sram.gen_bank[0].gen_512.u_macro/din0[4]    1.000000    1.822542   -0.822542 (VIOLATED)
i_soc.i_instr_sram.u_sram.gen_bank[3].gen_512.u_macro/din0[6]    1.000000    1.821544   -0.821544 (VIOLATED)
i_soc.i_data_sram.u_sram.gen_bank[1].gen_512.u_macro/din0[2]    1.000000    1.820966   -0.820966 (VIOLATED)
i_soc.i_instr_sram.u_sram.gen_bank[1].gen_512.u_macro/din0[18]    1.000000    1.820157   -0.820157 (VIOLATED)
i_soc.i_instr_sram.u_sram.gen_bank[2].gen_512.u_macro/din0[1]    1.000000    1.817579   -0.817579 (VIOLATED)
i_soc.i_data_sram.u_sram.gen_bank[3].gen_512.u_macro/din0[14]    1.000000    1.817330   -0.817330 (VIOLATED)
i_soc.i_data_sram.u_sram.gen_bank[1].gen_512.u_macro/din0[10]    1.000000    1.815299   -0.815299 (VIOLATED)
i_soc.i_data_sram.u_sram.gen_bank[1].gen_512.u_macro/din0[5]    1.000000    1.814422   -0.814422 (VIOLATED)
i_soc.i_data_sram.u_sram.gen_bank[2].gen_512.u_macro/din0[10]    1.000000    1.813762   -0.813762 (VIOLATED)
i_soc.i_data_sram.u_sram.gen_bank[2].gen_512.u_macro/din0[5]    1.000000    1.811831   -0.811831 (VIOLATED)
i_soc.i_instr_sram.u_sram.gen_bank[1].gen_512.u_macro/din0[10]    1.000000    1.811791   -0.811791 (VIOLATED)
i_soc.i_data_sram.u_sram.gen_bank[0].gen_512.u_macro/din0[26]    1.000000    1.811137   -0.811137 (VIOLATED)
i_soc.i_data_sram.u_sram.gen_bank[0].gen_512.u_macro/din0[10]    1.000000    1.808834   -0.808834 (VIOLATED)
i_soc.i_data_sram.u_sram.gen_bank[0].gen_512.u_macro/din0[5]    1.000000    1.808606   -0.808606 (VIOLATED)
i_soc.i_ai_sram.u_sram.gen_bank[4].gen_512.u_macro/din0[22]    1.000000    1.807626   -0.807626 (VIOLATED)
i_soc.i_data_sram.u_sram.gen_bank[2].gen_512.u_macro/din0[14]    1.000000    1.807538   -0.807538 (VIOLATED)
i_soc.i_data_sram.u_sram.gen_bank[3].gen_512.u_macro/din0[7]    1.000000    1.805367   -0.805367 (VIOLATED)
i_soc.i_instr_sram.u_sram.gen_bank[1].gen_512.u_macro/din0[12]    1.000000    1.804936   -0.804936 (VIOLATED)
i_soc.i_data_sram.u_sram.gen_bank[1].gen_512.u_macro/din0[14]    1.000000    1.800407   -0.800407 (VIOLATED)
i_soc.i_instr_sram.u_sram.gen_bank[1].gen_512.u_macro/din0[6]    1.000000    1.797694   -0.797694 (VIOLATED)
i_soc.i_instr_sram.u_sram.gen_bank[3].gen_512.u_macro/din0[17]    1.000000    1.797321   -0.797321 (VIOLATED)
i_soc.i_instr_sram.u_sram.gen_bank[0].gen_512.u_macro/din0[8]    1.000000    1.797296   -0.797296 (VIOLATED)
i_soc.i_data_sram.u_sram.gen_bank[0].gen_512.u_macro/din0[14]    1.000000    1.794274   -0.794274 (VIOLATED)
i_soc.i_instr_sram.u_sram.gen_bank[3].gen_512.u_macro/din0[5]    1.000000    1.793682   -0.793682 (VIOLATED)
i_soc.i_instr_sram.u_sram.gen_bank[0].gen_512.u_macro/din0[17]    1.000000    1.788998   -0.788998 (VIOLATED)
i_soc.i_data_sram.u_sram.gen_bank[3].gen_512.u_macro/din0[3]    1.000000    1.783728   -0.783728 (VIOLATED)
i_soc.i_instr_sram.u_sram.gen_bank[1].gen_512.u_macro/din0[17]    1.000000    1.780778   -0.780778 (VIOLATED)
i_soc.i_instr_sram.u_sram.gen_bank[3].gen_512.u_macro/din0[3]    1.000000    1.777835   -0.777835 (VIOLATED)
i_soc.i_data_sram.u_sram.gen_bank[1].gen_512.u_macro/din0[7]    1.000000    1.776405   -0.776405 (VIOLATED)
i_soc.i_data_sram.u_sram.gen_bank[1].gen_512.u_macro/din0[3]    1.000000    1.775492   -0.775492 (VIOLATED)
i_soc.i_data_sram.u_sram.gen_bank[2].gen_512.u_macro/din0[3]    1.000000    1.773684   -0.773684 (VIOLATED)
i_soc.i_instr_sram.u_sram.gen_bank[0].gen_512.u_macro/din0[31]    1.000000    1.772677   -0.772677 (VIOLATED)
i_soc.i_data_sram.u_sram.gen_bank[2].gen_512.u_macro/din0[2]    1.000000    1.771436   -0.771436 (VIOLATED)
i_soc.i_data_sram.u_sram.gen_bank[0].gen_512.u_macro/din0[3]    1.000000    1.771070   -0.771070 (VIOLATED)
i_soc.i_data_sram.u_sram.gen_bank[2].gen_512.u_macro/din0[9]    1.000000    1.767255   -0.767255 (VIOLATED)
i_soc.i_instr_sram.u_sram.gen_bank[0].gen_512.u_macro/din0[23]    1.000000    1.766930   -0.766930 (VIOLATED)
i_soc.i_instr_sram.u_sram.gen_bank[2].gen_512.u_macro/din0[9]    1.000000    1.765155   -0.765155 (VIOLATED)
i_soc.i_instr_sram.u_sram.gen_bank[1].gen_512.u_macro/din0[5]    1.000000    1.764118   -0.764118 (VIOLATED)
i_soc.i_instr_sram.u_sram.gen_bank[0].gen_512.u_macro/din0[1]    1.000000    1.763867   -0.763867 (VIOLATED)
i_soc.i_instr_sram.u_sram.gen_bank[0].gen_512.u_macro/din0[0]    1.000000    1.762256   -0.762256 (VIOLATED)
i_soc.i_data_sram.u_sram.gen_bank[0].gen_512.u_macro/din0[2]    1.000000    1.761974   -0.761974 (VIOLATED)
i_soc.i_ai_sram.u_sram.gen_bank[0].gen_512.u_macro/din0[23]    1.000000    1.760616   -0.760616 (VIOLATED)
i_soc.i_instr_sram.u_sram.gen_bank[3].gen_512.u_macro/din0[31]    1.000000    1.760425   -0.760425 (VIOLATED)
i_soc.i_ai_sram.u_sram.gen_bank[0].gen_512.u_macro/din0[24]    1.000000    1.756863   -0.756863 (VIOLATED)
i_soc.i_data_sram.u_sram.gen_bank[0].gen_512.u_macro/din0[9]    1.000000    1.756069   -0.756069 (VIOLATED)
ANTENNA_i_soc.i_instr_sram.u_sram.gen_bank[2].gen_512.u_macro_din0[27]/DIODE    1.000000    1.755139   -0.755139 (VIOLATED)
i_soc.i_ai_sram.u_sram.gen_bank[4].gen_512.u_macro/din0[17]    1.000000    1.753686   -0.753686 (VIOLATED)
i_soc.i_ai_sram.u_sram.gen_bank[2].gen_512.u_macro/din0[24]    1.000000    1.747130   -0.747130 (VIOLATED)
i_soc.i_qspi._11888_/A1                 1.000000    1.745984   -0.745984 (VIOLATED)
i_soc.i_qspi._11921_/A1                 1.000000    1.745983   -0.745983 (VIOLATED)
ANTENNA_i_soc.i_qspi._11921__A1/DIODE    1.000000    1.745979   -0.745979 (VIOLATED)
ANTENNA_i_soc.i_qspi._11721__A0/DIODE    1.000000    1.745976   -0.745976 (VIOLATED)
ANTENNA_i_soc.i_qspi._11888__A1/DIODE    1.000000    1.745975   -0.745975 (VIOLATED)
i_soc.i_qspi._11987_/A0                 1.000000    1.745975   -0.745975 (VIOLATED)
ANTENNA_i_soc.i_qspi._11987__A0/DIODE    1.000000    1.745959   -0.745959 (VIOLATED)
ANTENNA_i_soc.i_qspi._12020__A0/DIODE    1.000000    1.745953   -0.745953 (VIOLATED)
i_soc.i_qspi._12020_/A0                 1.000000    1.745952   -0.745952 (VIOLATED)
i_soc.i_qspi._12053_/A0                 1.000000    1.745948   -0.745948 (VIOLATED)
ANTENNA_i_soc.i_qspi._12053__A0/DIODE    1.000000    1.745947   -0.745947 (VIOLATED)
ANTENNA_i_soc.i_qspi._12119__A0/DIODE    1.000000    1.745932   -0.745932 (VIOLATED)
i_soc.i_qspi._11954_/A0                 1.000000    1.745925   -0.745925 (VIOLATED)
ANTENNA_i_soc.i_qspi._11954__A0/DIODE    1.000000    1.745922   -0.745922 (VIOLATED)
i_soc.i_qspi._12119_/A0                 1.000000    1.745913   -0.745913 (VIOLATED)
ANTENNA_i_soc.i_qspi._12086__A0/DIODE    1.000000    1.745888   -0.745888 (VIOLATED)
i_soc.i_qspi._12086_/A0                 1.000000    1.745888   -0.745888 (VIOLATED)
i_soc.i_qspi._11655_/A0                 1.000000    1.745887   -0.745887 (VIOLATED)
i_soc.i_qspi._11688_/A0                 1.000000    1.745887   -0.745887 (VIOLATED)
ANTENNA_i_soc.i_qspi._11688__A0/DIODE    1.000000    1.745886   -0.745886 (VIOLATED)
ANTENNA_i_soc.i_qspi._11655__A0/DIODE    1.000000    1.745879   -0.745879 (VIOLATED)
i_soc.i_qspi._11787_/A0                 1.000000    1.745868   -0.745868 (VIOLATED)
ANTENNA_i_soc.i_qspi._11787__A0/DIODE    1.000000    1.745861   -0.745861 (VIOLATED)
ANTENNA_i_soc.i_qspi._11754__A0/DIODE    1.000000    1.745853   -0.745853 (VIOLATED)
i_soc.i_qspi._11820_/A0                 1.000000    1.745846   -0.745846 (VIOLATED)
ANTENNA_i_soc.i_qspi._11820__A0/DIODE    1.000000    1.745843   -0.745843 (VIOLATED)
i_soc.i_qspi._11721_/A0                 1.000000    1.745842   -0.745842 (VIOLATED)
i_soc.i_qspi._11754_/A0                 1.000000    1.745837   -0.745837 (VIOLATED)
i_soc.i_qspi._11622_/A1                 1.000000    1.745760   -0.745760 (VIOLATED)
ANTENNA_i_soc.i_qspi._11622__A1/DIODE    1.000000    1.745759   -0.745759 (VIOLATED)
i_soc.i_qspi._11589_/A1                 1.000000    1.745756   -0.745756 (VIOLATED)
ANTENNA_i_soc.i_qspi._11589__A1/DIODE    1.000000    1.745716   -0.745716 (VIOLATED)
i_soc.i_instr_sram.u_sram.gen_bank[1].gen_512.u_macro/din0[3]    1.000000    1.745384   -0.745384 (VIOLATED)
ANTENNA_i_soc.i_qspi._12484__A1/DIODE    1.000000    1.745227   -0.745227 (VIOLATED)
i_soc.i_qspi._12484_/A1                 1.000000    1.745227   -0.745227 (VIOLATED)
i_soc.i_qspi._12451_/A1                 1.000000    1.745213   -0.745213 (VIOLATED)
ANTENNA_i_soc.i_qspi._12451__A1/DIODE    1.000000    1.745187   -0.745187 (VIOLATED)
ANTENNA_i_soc.i_qspi._12517__A0/DIODE    1.000000    1.745139   -0.745139 (VIOLATED)
i_soc.i_qspi._12517_/A0                 1.000000    1.745139   -0.745139 (VIOLATED)
ANTENNA_i_soc.i_qspi._12550__A0/DIODE    1.000000    1.745131   -0.745131 (VIOLATED)
i_soc.i_qspi._12550_/A0                 1.000000    1.745130   -0.745130 (VIOLATED)
ANTENNA_i_soc.i_qspi._12385__A0/DIODE    1.000000    1.745107   -0.745107 (VIOLATED)
i_soc.i_qspi._12385_/A0                 1.000000    1.745107   -0.745107 (VIOLATED)
ANTENNA_i_soc.i_qspi._12418__A0/DIODE    1.000000    1.745095   -0.745095 (VIOLATED)
i_soc.i_qspi._12418_/A0                 1.000000    1.745095   -0.745095 (VIOLATED)
i_soc.i_qspi._12352_/A0                 1.000000    1.745043   -0.745043 (VIOLATED)
ANTENNA_i_soc.i_qspi._12352__A0/DIODE    1.000000    1.745036   -0.745036 (VIOLATED)
i_soc.i_qspi._12319_/A0                 1.000000    1.745031   -0.745031 (VIOLATED)
ANTENNA_i_soc.i_qspi._12319__A0/DIODE    1.000000    1.744997   -0.744997 (VIOLATED)
i_soc.i_qspi._12253_/A0                 1.000000    1.744945   -0.744945 (VIOLATED)
i_soc.i_qspi._12286_/A0                 1.000000    1.744925   -0.744925 (VIOLATED)
ANTENNA_i_soc.i_qspi._12286__A0/DIODE    1.000000    1.744906   -0.744906 (VIOLATED)
ANTENNA_i_soc.i_qspi._12187__A1/DIODE    1.000000    1.744890   -0.744890 (VIOLATED)
ANTENNA_i_soc.i_qspi._12253__A0/DIODE    1.000000    1.744890   -0.744890 (VIOLATED)
i_soc.i_qspi._12187_/A1                 1.000000    1.744890   -0.744890 (VIOLATED)
ANTENNA_i_soc.i_qspi._12154__A1/DIODE    1.000000    1.744889   -0.744889 (VIOLATED)
i_soc.i_qspi._12154_/A1                 1.000000    1.744888   -0.744888 (VIOLATED)
ANTENNA_i_soc.i_qspi._12616__A0/DIODE    1.000000    1.744886   -0.744886 (VIOLATED)
i_soc.i_qspi._12616_/A0                 1.000000    1.744881   -0.744881 (VIOLATED)
ANTENNA_fanout1151_X/DIODE              1.000000    1.744875   -0.744875 (VIOLATED)
ANTENNA_i_soc.i_qspi._12649__A0/DIODE    1.000000    1.744875   -0.744875 (VIOLATED)
ANTENNA_i_soc.i_qspi._12682__A0/DIODE    1.000000    1.744875   -0.744875 (VIOLATED)
ANTENNA_i_soc.i_qspi._12715__A0/DIODE    1.000000    1.744875   -0.744875 (VIOLATED)
fanout1151/X                            1.000000    1.744875   -0.744875 (VIOLATED)
i_soc.i_qspi._12649_/A0                 1.000000    1.744875   -0.744875 (VIOLATED)
i_soc.i_qspi._12682_/A0                 1.000000    1.744875   -0.744875 (VIOLATED)
i_soc.i_qspi._12715_/A0                 1.000000    1.744875   -0.744875 (VIOLATED)
i_soc.i_instr_sram.u_sram.gen_bank[2].gen_512.u_macro/din0[29]    1.000000    1.731447   -0.731447 (VIOLATED)
i_soc.i_ai_sram.u_sram.gen_bank[0].gen_512.u_macro/din0[18]    1.000000    1.730959   -0.730959 (VIOLATED)
ANTENNA_i_soc.i_instr_sram.u_sram.gen_bank[2].gen_512.u_macro_din0[16]/DIODE    1.000000    1.730258   -0.730258 (VIOLATED)
i_soc.i_instr_sram.u_sram.gen_bank[1].gen_512.u_macro/din0[31]    1.000000    1.728480   -0.728480 (VIOLATED)
i_soc.i_data_sram.u_sram.gen_bank[2].gen_512.u_macro/din0[7]    1.000000    1.726958   -0.726958 (VIOLATED)
i_soc.i_ai_sram.u_sram.gen_bank[6].gen_512.u_macro/din0[24]    1.000000    1.726358   -0.726358 (VIOLATED)
i_soc.i_data_sram.u_sram.gen_bank[0].gen_512.u_macro/din0[7]    1.000000    1.720892   -0.720892 (VIOLATED)
i_soc.i_instr_sram.u_sram.gen_bank[3].gen_512.u_macro/din0[23]    1.000000    1.711839   -0.711839 (VIOLATED)
i_soc.i_instr_sram.u_sram.gen_bank[1].gen_512.u_macro/din0[23]    1.000000    1.710297   -0.710297 (VIOLATED)
i_soc.i_ai_sram.u_sram.gen_bank[0].gen_512.u_macro/din0[13]    1.000000    1.708897   -0.708897 (VIOLATED)
ANTENNA_i_soc.i_data_sram.u_sram.gen_bank[3].gen_512.u_macro_din0[17]/DIODE    1.000000    1.708758   -0.708758 (VIOLATED)
i_soc.i_instr_sram.u_sram.gen_bank[3].gen_512.u_macro/din0[2]    1.000000    1.702023   -0.702023 (VIOLATED)
i_soc.i_ai_sram.u_sram.gen_bank[2].gen_512.u_macro/din0[15]    1.000000    1.701537   -0.701537 (VIOLATED)
i_soc.i_ai_sram.u_sram.gen_bank[10].gen_512.u_macro/din0[24]    1.000000    1.696408   -0.696408 (VIOLATED)
i_soc.i_ai_sram.u_sram.gen_bank[0].gen_512.u_macro/din0[27]    1.000000    1.696063   -0.696063 (VIOLATED)
ANTENNA_i_soc.i_qspi._12840__A1/DIODE    1.000000    1.695376   -0.695376 (VIOLATED)
i_soc.i_qspi._12840_/A1                 1.000000    1.695376   -0.695376 (VIOLATED)
ANTENNA_i_soc.i_qspi._12807__A1/DIODE    1.000000    1.695375   -0.695375 (VIOLATED)
i_soc.i_qspi._10778_/A0                 1.000000    1.695374   -0.695374 (VIOLATED)
i_soc.i_qspi._10812_/A0                 1.000000    1.695373   -0.695373 (VIOLATED)
i_soc.i_qspi._12807_/A1                 1.000000    1.695373   -0.695373 (VIOLATED)
ANTENNA_i_soc.i_qspi._10778__A0/DIODE    1.000000    1.695371   -0.695371 (VIOLATED)
ANTENNA_i_soc.i_qspi._10812__A0/DIODE    1.000000    1.695365   -0.695365 (VIOLATED)
i_soc.i_qspi._10948_/A0                 1.000000    1.695366   -0.695366 (VIOLATED)
ANTENNA_i_soc.i_qspi._10846__A0/DIODE    1.000000    1.695364   -0.695364 (VIOLATED)
ANTENNA_i_soc.i_qspi._10948__A0/DIODE    1.000000    1.695364   -0.695364 (VIOLATED)
i_soc.i_qspi._10846_/A0                 1.000000    1.695364   -0.695364 (VIOLATED)
i_soc.i_qspi._10914_/A0                 1.000000    1.695355   -0.695355 (VIOLATED)
ANTENNA_i_soc.i_qspi._10914__A0/DIODE    1.000000    1.695352   -0.695352 (VIOLATED)
i_soc.i_qspi._10880_/A0                 1.000000    1.695350   -0.695350 (VIOLATED)
ANTENNA_i_soc.i_qspi._10880__A0/DIODE    1.000000    1.695346   -0.695346 (VIOLATED)
ANTENNA_i_soc.i_qspi._11481__A0/DIODE    1.000000    1.695337   -0.695337 (VIOLATED)
i_soc.i_qspi._11481_/A0                 1.000000    1.695322   -0.695322 (VIOLATED)
ANTENNA_i_soc.i_qspi._11116__A1/DIODE    1.000000    1.695300   -0.695300 (VIOLATED)
i_soc.i_qspi._11116_/A1                 1.000000    1.695286   -0.695285 (VIOLATED)
i_soc.i_qspi._10732_/A1                 1.000000    1.695274   -0.695275 (VIOLATED)
ANTENNA_i_soc.i_qspi._10732__A1/DIODE    1.000000    1.695273   -0.695273 (VIOLATED)
i_soc.i_qspi._12741_/A0                 1.000000    1.695246   -0.695246 (VIOLATED)
ANTENNA_i_soc.i_qspi._12741__A0/DIODE    1.000000    1.695245   -0.695245 (VIOLATED)
i_soc.i_qspi._12774_/A0                 1.000000    1.695245   -0.695245 (VIOLATED)
ANTENNA_i_soc.i_qspi._12774__A0/DIODE    1.000000    1.695240   -0.695240 (VIOLATED)
i_soc.i_qspi._12576_/A0                 1.000000    1.695236   -0.695236 (VIOLATED)
i_soc.i_qspi._12213_/A0                 1.000000    1.695235   -0.695235 (VIOLATED)
ANTENNA_i_soc.i_qspi._12576__A0/DIODE    1.000000    1.695230   -0.695230 (VIOLATED)
ANTENNA_i_soc.i_qspi._12213__A0/DIODE    1.000000    1.695219   -0.695219 (VIOLATED)
i_soc.i_qspi._11846_/A0                 1.000000    1.695188   -0.695188 (VIOLATED)
ANTENNA_i_soc.i_qspi._11846__A0/DIODE    1.000000    1.695157   -0.695157 (VIOLATED)
ANTENNA_i_soc.i_qspi._11149__A0/DIODE    1.000000    1.694954   -0.694954 (VIOLATED)
i_soc.i_qspi._11149_/A0                 1.000000    1.694954   -0.694954 (VIOLATED)
ANTENNA_i_soc.i_qspi._11215__A0/DIODE    1.000000    1.694953   -0.694953 (VIOLATED)
i_soc.i_qspi._11083_/A0                 1.000000    1.694953   -0.694953 (VIOLATED)
i_soc.i_qspi._11215_/A0                 1.000000    1.694953   -0.694953 (VIOLATED)
ANTENNA_i_soc.i_qspi._11083__A0/DIODE    1.000000    1.694951   -0.694951 (VIOLATED)
ANTENNA_i_soc.i_qspi._11182__A0/DIODE    1.000000    1.694951   -0.694951 (VIOLATED)
i_soc.i_qspi._11182_/A0                 1.000000    1.694952   -0.694952 (VIOLATED)
i_soc.i_qspi._10983_/A1                 1.000000    1.694950   -0.694950 (VIOLATED)
ANTENNA_i_soc.i_qspi._10983__A1/DIODE    1.000000    1.694943   -0.694943 (VIOLATED)
i_soc.i_qspi._11017_/A1                 1.000000    1.694933   -0.694933 (VIOLATED)
ANTENNA_i_soc.i_qspi._11017__A1/DIODE    1.000000    1.694932   -0.694932 (VIOLATED)
ANTENNA_i_soc.i_qspi._11415__A0/DIODE    1.000000    1.694926   -0.694926 (VIOLATED)
i_soc.i_qspi._11415_/A0                 1.000000    1.694920   -0.694920 (VIOLATED)
ANTENNA_i_soc.i_qspi._11283__A1/DIODE    1.000000    1.694907   -0.694907 (VIOLATED)
ANTENNA_i_soc.i_qspi._11448__A0/DIODE    1.000000    1.694907   -0.694907 (VIOLATED)
i_soc.i_qspi._11283_/A1                 1.000000    1.694907   -0.694907 (VIOLATED)
i_soc.i_qspi._11448_/A0                 1.000000    1.694904   -0.694904 (VIOLATED)
ANTENNA_i_soc.i_qspi._11514__A0/DIODE    1.000000    1.694897   -0.694897 (VIOLATED)
i_soc.i_qspi._11514_/A0                 1.000000    1.694898   -0.694898 (VIOLATED)
i_soc.i_qspi._11248_/A0                 1.000000    1.694890   -0.694890 (VIOLATED)
ANTENNA_i_soc.i_qspi._11050__A0/DIODE    1.000000    1.694888   -0.694888 (VIOLATED)
ANTENNA_i_soc.i_qspi._11248__A0/DIODE    1.000000    1.694889   -0.694889 (VIOLATED)
i_soc.i_qspi._11050_/A0                 1.000000    1.694888   -0.694888 (VIOLATED)
ANTENNA_i_soc.i_qspi._11547__A0/DIODE    1.000000    1.694887   -0.694887 (VIOLATED)
i_soc.i_qspi._11547_/A0                 1.000000    1.694887   -0.694887 (VIOLATED)
ANTENNA_i_soc.i_qspi._11382__A0/DIODE    1.000000    1.694869   -0.694869 (VIOLATED)
i_soc.i_qspi._11382_/A0                 1.000000    1.694866   -0.694866 (VIOLATED)
ANTENNA_i_soc.i_qspi._11349__A0/DIODE    1.000000    1.694863   -0.694863 (VIOLATED)
i_soc.i_qspi._11349_/A0                 1.000000    1.694863   -0.694863 (VIOLATED)
i_soc.i_qspi._11316_/A1                 1.000000    1.694827   -0.694827 (VIOLATED)
ANTENNA_fanout1176_X/DIODE              1.000000    1.694824   -0.694824 (VIOLATED)
ANTENNA_i_soc.i_qspi._11316__A1/DIODE    1.000000    1.694824   -0.694824 (VIOLATED)
fanout1176/X                            1.000000    1.694824   -0.694824 (VIOLATED)
ANTENNA_i_soc.i_data_sram.u_sram.gen_bank[1].gen_512.u_macro_din0[17]/DIODE    1.000000    1.690450   -0.690450 (VIOLATED)
i_soc.i_instr_sram.u_sram.gen_bank[0].gen_512.u_macro/din0[9]    1.000000    1.690326   -0.690326 (VIOLATED)
ANTENNA_i_soc.i_instr_sram.u_sram.gen_bank[2].gen_512.u_macro_din0[15]/DIODE    1.000000    1.685910   -0.685910 (VIOLATED)
i_soc.i_instr_sram.u_sram.gen_bank[3].gen_512.u_macro/din0[8]    1.000000    1.683918   -0.683918 (VIOLATED)
i_soc.i_instr_sram.u_sram.gen_bank[0].gen_512.u_macro/din0[29]    1.000000    1.680589   -0.680589 (VIOLATED)
i_soc.i_ai_accel._18042_/A2             1.000000    1.679278   -0.679279 (VIOLATED)
ANTENNA_i_soc.i_ai_accel._18042__A2/DIODE    1.000000    1.679275   -0.679275 (VIOLATED)
i_soc.i_ai_sram.u_sram.gen_bank[0].gen_512.u_macro/din0[25]    1.000000    1.679270   -0.679270 (VIOLATED)
ANTENNA_i_soc.i_data_sram.u_sram.gen_bank[3].gen_512.u_macro_din0[22]/DIODE    1.000000    1.678505   -0.678505 (VIOLATED)
i_soc.i_ai_accel._17429_/A2             1.000000    1.678352   -0.678352 (VIOLATED)
i_soc.i_ai_accel._17453_/A2             1.000000    1.678328   -0.678328 (VIOLATED)
i_soc.i_ai_accel._17424_/A2             1.000000    1.678279   -0.678279 (VIOLATED)
ANTENNA_i_soc.i_ai_accel._17424__A2/DIODE    1.000000    1.678278   -0.678278 (VIOLATED)
ANTENNA_i_soc.i_ai_accel._17429__A2/DIODE    1.000000    1.678277   -0.678277 (VIOLATED)
i_soc.i_ai_accel._17464_/A2             1.000000    1.678276   -0.678276 (VIOLATED)
ANTENNA_i_soc.i_ai_accel._17464__A2/DIODE    1.000000    1.678270   -0.678270 (VIOLATED)
ANTENNA_i_soc.i_ai_accel._11413__D/DIODE    1.000000    1.678224   -0.678224 (VIOLATED)
ANTENNA_i_soc.i_ai_accel._17283__A3/DIODE    1.000000    1.678225   -0.678225 (VIOLATED)
i_soc.i_ai_accel._11413_/D              1.000000    1.678225   -0.678225 (VIOLATED)
i_soc.i_ai_accel._17283_/A3             1.000000    1.678225   -0.678225 (VIOLATED)
ANTENNA_i_soc.i_ai_accel._17279__B/DIODE    1.000000    1.678224   -0.678224 (VIOLATED)
i_soc.i_ai_accel._17279_/B              1.000000    1.678224   -0.678224 (VIOLATED)
i_soc.i_ai_accel._11412_/B              1.000000    1.678221   -0.678221 (VIOLATED)
ANTENNA_i_soc.i_ai_accel._11412__B/DIODE    1.000000    1.678218   -0.678218 (VIOLATED)
ANTENNA_i_soc.i_ai_accel._17453__A2/DIODE    1.000000    1.678192   -0.678192 (VIOLATED)
ANTENNA_i_soc.i_ai_accel._17468__B1/DIODE    1.000000    1.678190   -0.678190 (VIOLATED)
i_soc.i_ai_accel._17468_/B1             1.000000    1.678188   -0.678188 (VIOLATED)
ANTENNA_i_soc.i_ai_accel._17437__A2/DIODE    1.000000    1.678181   -0.678181 (VIOLATED)
i_soc.i_ai_accel._17437_/A2             1.000000    1.678181   -0.678181 (VIOLATED)
i_soc.i_ai_accel._17415_/A2             1.000000    1.678179   -0.678179 (VIOLATED)
ANTENNA_i_soc.i_ai_accel._17415__A2/DIODE    1.000000    1.678174   -0.678174 (VIOLATED)
i_soc.i_ai_accel._17445_/A2             1.000000    1.678165   -0.678165 (VIOLATED)
ANTENNA_i_soc.i_ai_accel._17445__A2/DIODE    1.000000    1.678161   -0.678161 (VIOLATED)
ANTENNA_i_soc.i_ai_accel._11411__Y/DIODE    1.000000    1.678154   -0.678154 (VIOLATED)
i_soc.i_ai_accel._11411_/Y              1.000000    1.678154   -0.678154 (VIOLATED)
i_soc.i_instr_sram.u_sram.gen_bank[1].gen_512.u_macro/din0[2]    1.000000    1.677116   -0.677116 (VIOLATED)
i_soc.i_instr_sram.u_sram.gen_bank[3].gen_512.u_macro/din0[29]    1.000000    1.676693   -0.676693 (VIOLATED)
ANTENNA_i_soc.i_data_sram.u_sram.gen_bank[3].gen_512.u_macro_din0[24]/DIODE    1.000000    1.676244   -0.676244 (VIOLATED)
ANTENNA_i_soc.i_instr_sram.u_sram.gen_bank[0].gen_512.u_macro_din0[27]/DIODE    1.000000    1.669772   -0.669772 (VIOLATED)
i_soc.i_ai_sram.u_sram.gen_bank[4].gen_512.u_macro/din0[18]    1.000000    1.669280   -0.669280 (VIOLATED)
i_soc.i_ai_sram.u_sram._573_/B          1.000000    1.669133   -0.669133 (VIOLATED)
ANTENNA_i_soc.i_ai_sram.u_sram._573__B/DIODE    1.000000    1.669122   -0.669122 (VIOLATED)
ANTENNA_i_soc.i_data_sram.u_sram.gen_bank[2].gen_512.u_macro_din0[23]/DIODE    1.000000    1.665140   -0.665140 (VIOLATED)
i_soc.i_ai_sram.u_sram.gen_bank[0].gen_512.u_macro/din0[20]    1.000000    1.664571   -0.664571 (VIOLATED)
i_soc.i_instr_sram.u_sram.gen_bank[1].gen_512.u_macro/din0[8]    1.000000    1.663948   -0.663948 (VIOLATED)
ANTENNA_i_soc.i_instr_sram.u_sram.gen_bank[2].gen_512.u_macro_din0[25]/DIODE    1.000000    1.663433   -0.663433 (VIOLATED)
ANTENNA_i_soc.i_data_sram.u_sram.gen_bank[3].gen_512.u_macro_din0[23]/DIODE    1.000000    1.663124   -0.663124 (VIOLATED)
i_soc.i_instr_sram.u_sram.gen_bank[3].gen_512.u_macro/din0[0]    1.000000    1.661383   -0.661383 (VIOLATED)
i_soc.i_instr_sram.u_sram.gen_bank[1].gen_512.u_macro/din0[29]    1.000000    1.658409   -0.658409 (VIOLATED)
ANTENNA_i_soc.i_data_sram.u_sram.gen_bank[2].gen_512.u_macro_din0[17]/DIODE    1.000000    1.656952   -0.656952 (VIOLATED)
ANTENNA_i_soc.i_instr_sram.u_sram.gen_bank[2].gen_512.u_macro_din0[20]/DIODE    1.000000    1.654829   -0.654829 (VIOLATED)
ANTENNA_i_soc.i_data_sram.u_sram.gen_bank[0].gen_512.u_macro_din0[17]/DIODE    1.000000    1.653032   -0.653032 (VIOLATED)
i_soc.i_ai_sram.u_sram.gen_bank[4].gen_512.u_macro/din0[23]    1.000000    1.652934   -0.652934 (VIOLATED)
ANTENNA_i_soc.i_crossbar._1203__X/DIODE    1.000000    1.651533   -0.651533 (VIOLATED)
i_soc.i_crossbar._1203_/X               1.000000    1.651447   -0.651447 (VIOLATED)
i_soc.i_ai_sram.u_sram._540_/B          1.000000    1.651160   -0.651160 (VIOLATED)
ANTENNA_i_soc.i_ai_sram.u_sram._540__B/DIODE    1.000000    1.651122   -0.651122 (VIOLATED)
output32/A                              1.000000    1.650349   -0.650349 (VIOLATED)
ANTENNA_output32_A/DIODE                1.000000    1.650342   -0.650342 (VIOLATED)
ANTENNA_i_soc.i_data_sram.u_sram.gen_bank[1].gen_512.u_macro_din0[23]/DIODE    1.000000    1.649848   -0.649848 (VIOLATED)
ANTENNA_i_soc.i_data_sram.u_sram.gen_bank[2].gen_512.u_macro_din0[22]/DIODE    1.000000    1.648369   -0.648369 (VIOLATED)
ANTENNA__13__X/DIODE                    1.000000    1.647572   -0.647572 (VIOLATED)
_13_/X                                  1.000000    1.647564   -0.647564 (VIOLATED)
i_soc.i_qspi._11775_/A0                 1.000000    1.645787   -0.645787 (VIOLATED)
ANTENNA_i_soc.i_qspi._11775__A0/DIODE    1.000000    1.645784   -0.645784 (VIOLATED)
ANTENNA_i_soc.i_qspi._11808__A0/DIODE    1.000000    1.645783   -0.645783 (VIOLATED)
i_soc.i_qspi._11808_/A0                 1.000000    1.645784   -0.645784 (VIOLATED)
i_soc.i_qspi._11742_/A0                 1.000000    1.645782   -0.645782 (VIOLATED)
ANTENNA_i_soc.i_qspi._11709__A0/DIODE    1.000000    1.645775   -0.645775 (VIOLATED)
i_soc.i_qspi._11709_/A0                 1.000000    1.645774   -0.645774 (VIOLATED)
ANTENNA_i_soc.i_qspi._11742__A0/DIODE    1.000000    1.645768   -0.645768 (VIOLATED)
ANTENNA_i_soc.i_qspi._11610__A1/DIODE    1.000000    1.645765   -0.645765 (VIOLATED)
i_soc.i_qspi._11610_/A1                 1.000000    1.645765   -0.645765 (VIOLATED)
ANTENNA_i_soc.i_qspi._11577__A1/DIODE    1.000000    1.645760   -0.645760 (VIOLATED)
i_soc.i_qspi._11577_/A1                 1.000000    1.645760   -0.645760 (VIOLATED)
ANTENNA_i_soc.i_qspi._11676__A0/DIODE    1.000000    1.645702   -0.645702 (VIOLATED)
i_soc.i_qspi._11676_/A0                 1.000000    1.645689   -0.645689 (VIOLATED)
i_soc.i_qspi._11643_/A0                 1.000000    1.645679   -0.645679 (VIOLATED)
ANTENNA_i_soc.i_qspi._11643__A0/DIODE    1.000000    1.645676   -0.645676 (VIOLATED)
ANTENNA_i_soc.i_qspi._11909__A1/DIODE    1.000000    1.645661   -0.645661 (VIOLATED)
ANTENNA_i_soc.i_qspi._11975__A0/DIODE    1.000000    1.645628   -0.645628 (VIOLATED)
i_soc.i_qspi._11909_/A1                 1.000000    1.645586   -0.645586 (VIOLATED)
i_soc.i_qspi._11975_/A0                 1.000000    1.645567   -0.645567 (VIOLATED)
ANTENNA_i_soc.i_qspi._11942__A0/DIODE    1.000000    1.645549   -0.645549 (VIOLATED)
i_soc.i_qspi._11942_/A0                 1.000000    1.645534   -0.645534 (VIOLATED)
ANTENNA_i_soc.i_qspi._11876__A1/DIODE    1.000000    1.645529   -0.645529 (VIOLATED)
i_soc.i_qspi._11876_/A1                 1.000000    1.645527   -0.645527 (VIOLATED)
ANTENNA_i_soc.i_qspi._12074__A0/DIODE    1.000000    1.645493   -0.645493 (VIOLATED)
i_soc.i_qspi._12074_/A0                 1.000000    1.645477   -0.645477 (VIOLATED)
i_soc.i_qspi._12107_/A0                 1.000000    1.645477   -0.645477 (VIOLATED)
ANTENNA_i_soc.i_qspi._12107__A0/DIODE    1.000000    1.645475   -0.645475 (VIOLATED)
i_soc.i_qspi._12008_/A0                 1.000000    1.645449   -0.645449 (VIOLATED)
i_soc.i_qspi._12041_/A0                 1.000000    1.645435   -0.645435 (VIOLATED)
ANTENNA_i_soc.i_qspi._12008__A0/DIODE    1.000000    1.645401   -0.645401 (VIOLATED)
ANTENNA_i_soc.i_qspi._12041__A0/DIODE    1.000000    1.645387   -0.645387 (VIOLATED)
ANTENNA_i_soc.i_data_sram.u_sram.gen_bank[0].gen_512.u_macro_din0[23]/DIODE    1.000000    1.645315   -0.645315 (VIOLATED)
ANTENNA_i_soc.i_qspi._12670__A0/DIODE    1.000000    1.645058   -0.645058 (VIOLATED)
i_soc.i_qspi._12670_/A0                 1.000000    1.645058   -0.645058 (VIOLATED)
ANTENNA_i_soc.i_qspi._12703__A0/DIODE    1.000000    1.645056   -0.645056 (VIOLATED)
i_soc.i_qspi._12703_/A0                 1.000000    1.645057   -0.645057 (VIOLATED)
ANTENNA_i_soc.i_qspi._12538__A0/DIODE    1.000000    1.645053   -0.645053 (VIOLATED)
i_soc.i_qspi._12538_/A0                 1.000000    1.645053   -0.645053 (VIOLATED)
ANTENNA_i_soc.i_qspi._12505__A0/DIODE    1.000000    1.645036   -0.645036 (VIOLATED)
i_soc.i_qspi._12340_/A0                 1.000000    1.645036   -0.645036 (VIOLATED)
i_soc.i_qspi._12505_/A0                 1.000000    1.645036   -0.645036 (VIOLATED)
ANTENNA_i_soc.i_qspi._12340__A0/DIODE    1.000000    1.645035   -0.645035 (VIOLATED)
ANTENNA_i_soc.i_qspi._12307__A0/DIODE    1.000000    1.645032   -0.645032 (VIOLATED)
ANTENNA_i_soc.i_qspi._12406__A0/DIODE    1.000000    1.645032   -0.645032 (VIOLATED)
i_soc.i_qspi._12307_/A0                 1.000000    1.645032   -0.645032 (VIOLATED)
i_soc.i_qspi._12406_/A0                 1.000000    1.645031   -0.645031 (VIOLATED)
i_soc.i_qspi._12373_/A0                 1.000000    1.645030   -0.645030 (VIOLATED)
ANTENNA_i_soc.i_qspi._12373__A0/DIODE    1.000000    1.645029   -0.645029 (VIOLATED)
ANTENNA_i_soc.i_qspi._12274__A0/DIODE    1.000000    1.645020   -0.645020 (VIOLATED)
i_soc.i_qspi._12274_/A0                 1.000000    1.645017   -0.645017 (VIOLATED)
i_soc.i_qspi._12241_/A0                 1.000000    1.645005   -0.645005 (VIOLATED)
ANTENNA_i_soc.i_qspi._12142__A1/DIODE    1.000000    1.645003   -0.645003 (VIOLATED)
i_soc.i_qspi._12142_/A1                 1.000000    1.645003   -0.645003 (VIOLATED)
i_soc.i_qspi._12472_/A1                 1.000000    1.645003   -0.645003 (VIOLATED)
ANTENNA_i_soc.i_qspi._12175__A1/DIODE    1.000000    1.645001   -0.645001 (VIOLATED)
ANTENNA_i_soc.i_qspi._12241__A0/DIODE    1.000000    1.645000   -0.645000 (VIOLATED)
i_soc.i_qspi._12175_/A1                 1.000000    1.645000   -0.645000 (VIOLATED)
ANTENNA_i_soc.i_qspi._12472__A1/DIODE    1.000000    1.644985   -0.644985 (VIOLATED)
i_soc.i_qspi._12439_/A1                 1.000000    1.644945   -0.644945 (VIOLATED)
i_soc.i_ai_sram.u_sram.gen_bank[4].gen_512.u_macro/din0[24]    1.000000    1.644930   -0.644930 (VIOLATED)
ANTENNA_i_soc.i_qspi._12439__A1/DIODE    1.000000    1.644922   -0.644922 (VIOLATED)
ANTENNA_i_soc.i_qspi._12604__A0/DIODE    1.000000    1.644892   -0.644892 (VIOLATED)
ANTENNA_i_soc.i_qspi._12637__A0/DIODE    1.000000    1.644892   -0.644892 (VIOLATED)
i_soc.i_qspi._12604_/A0                 1.000000    1.644892   -0.644892 (VIOLATED)
i_soc.i_qspi._12637_/A0                 1.000000    1.644888   -0.644888 (VIOLATED)
ANTENNA_fanout1194_X/DIODE              1.000000    1.644883   -0.644883 (VIOLATED)
fanout1194/X                            1.000000    1.644883   -0.644883 (VIOLATED)
ANTENNA_i_soc.i_crossbar._1209__X/DIODE    1.000000    1.644828   -0.644828 (VIOLATED)
i_soc.i_crossbar._1209_/X               1.000000    1.644709   -0.644709 (VIOLATED)
ANTENNA_i_soc.i_data_sram.u_sram.gen_bank[1].gen_512.u_macro_din0[22]/DIODE    1.000000    1.640331   -0.640331 (VIOLATED)
i_soc.i_ai_sram.u_sram.gen_bank[0].gen_512.u_macro/din0[12]    1.000000    1.639565   -0.639565 (VIOLATED)
ANTENNA_i_soc.i_data_sram.u_sram.gen_bank[1].gen_512.u_macro_din0[24]/DIODE    1.000000    1.638078   -0.638079 (VIOLATED)
ANTENNA_i_soc.i_instr_sram.u_sram.gen_bank[0].gen_512.u_macro_din0[16]/DIODE    1.000000    1.636150   -0.636150 (VIOLATED)
ANTENNA_i_soc.i_ai_sram.u_sram._606__B/DIODE    1.000000    1.633623   -0.633623 (VIOLATED)
i_soc.i_ai_sram.u_sram._606_/B          1.000000    1.633622   -0.633622 (VIOLATED)
i_soc.i_instr_sram.u_sram.gen_bank[1].gen_512.u_macro/din0[0]    1.000000    1.630691   -0.630691 (VIOLATED)
i_soc.i_instr_sram.u_sram.gen_bank[3].gen_512.u_macro/din0[1]    1.000000    1.629135   -0.629135 (VIOLATED)
i_soc.i_ai_sram.u_sram._562_/B          1.000000    1.626793   -0.626793 (VIOLATED)
ANTENNA_i_soc.i_ai_sram.u_sram._562__B/DIODE    1.000000    1.626775   -0.626775 (VIOLATED)
ANTENNA_i_soc.i_data_sram.u_sram.gen_bank[3].gen_512.u_macro_din0[13]/DIODE    1.000000    1.625682   -0.625682 (VIOLATED)
ANTENNA_i_soc.i_data_sram.u_sram.gen_bank[3].gen_512.u_macro_din0[21]/DIODE    1.000000    1.622284   -0.622284 (VIOLATED)
ANTENNA_i_soc.i_instr_sram.u_sram.gen_bank[2].gen_512.u_macro_din0[7]/DIODE    1.000000    1.621590   -0.621590 (VIOLATED)
i_soc.i_ai_sram.u_sram.gen_bank[6].gen_512.u_macro/din0[15]    1.000000    1.621411   -0.621411 (VIOLATED)
i_soc.i_qspi._12140_/A1                 1.000000    1.619889   -0.619889 (VIOLATED)
ANTENNA_i_soc.i_qspi._12140__A1/DIODE    1.000000    1.619888   -0.619888 (VIOLATED)
ANTENNA_i_soc.i_qspi._12173__A1/DIODE    1.000000    1.619887   -0.619887 (VIOLATED)
i_soc.i_qspi._12173_/A1                 1.000000    1.619887   -0.619887 (VIOLATED)
i_soc.i_qspi._12404_/A0                 1.000000    1.619877   -0.619877 (VIOLATED)
ANTENNA_i_soc.i_qspi._12404__A0/DIODE    1.000000    1.619876   -0.619876 (VIOLATED)
ANTENNA_i_soc.i_qspi._12239__A0/DIODE    1.000000    1.619871   -0.619871 (VIOLATED)
i_soc.i_qspi._12239_/A0                 1.000000    1.619871   -0.619870 (VIOLATED)
ANTENNA_i_soc.i_qspi._12305__A0/DIODE    1.000000    1.619870   -0.619870 (VIOLATED)
i_soc.i_qspi._12272_/A0                 1.000000    1.619869   -0.619869 (VIOLATED)
ANTENNA_i_soc.i_qspi._12272__A0/DIODE    1.000000    1.619868   -0.619868 (VIOLATED)
i_soc.i_qspi._12305_/A0                 1.000000    1.619867   -0.619867 (VIOLATED)
i_soc.i_qspi._12371_/A0                 1.000000    1.619863   -0.619863 (VIOLATED)
i_soc.i_qspi._12338_/A0                 1.000000    1.619861   -0.619861 (VIOLATED)
ANTENNA_i_soc.i_qspi._12371__A0/DIODE    1.000000    1.619858   -0.619858 (VIOLATED)
ANTENNA_i_soc.i_qspi._12338__A0/DIODE    1.000000    1.619851   -0.619851 (VIOLATED)
ANTENNA_i_soc.i_qspi._12503__A0/DIODE    1.000000    1.619848   -0.619848 (VIOLATED)
i_soc.i_qspi._12503_/A0                 1.000000    1.619849   -0.619849 (VIOLATED)
ANTENNA_i_soc.i_qspi._12536__A0/DIODE    1.000000    1.619823   -0.619823 (VIOLATED)
i_soc.i_qspi._12536_/A0                 1.000000    1.619822   -0.619822 (VIOLATED)
i_soc.i_qspi._12470_/A1                 1.000000    1.619785   -0.619785 (VIOLATED)
ANTENNA_i_soc.i_qspi._12470__A1/DIODE    1.000000    1.619782   -0.619782 (VIOLATED)
i_soc.i_qspi._12437_/A1                 1.000000    1.619769   -0.619769 (VIOLATED)
ANTENNA_i_soc.i_qspi._12437__A1/DIODE    1.000000    1.619768   -0.619768 (VIOLATED)
ANTENNA_i_soc.i_qspi._11076__A0/DIODE    1.000000    1.619753   -0.619753 (VIOLATED)
i_soc.i_qspi._11076_/A0                 1.000000    1.619753   -0.619753 (VIOLATED)
i_soc.i_qspi._11043_/A0                 1.000000    1.619752   -0.619752 (VIOLATED)
ANTENNA_i_soc.i_qspi._11043__A0/DIODE    1.000000    1.619750   -0.619750 (VIOLATED)
ANTENNA_i_soc.i_qspi._11010__A1/DIODE    1.000000    1.619747   -0.619747 (VIOLATED)
ANTENNA_i_soc.i_qspi._12602__A0/DIODE    1.000000    1.619747   -0.619747 (VIOLATED)
i_soc.i_qspi._11010_/A1                 1.000000    1.619747   -0.619747 (VIOLATED)
i_soc.i_qspi._12602_/A0                 1.000000    1.619747   -0.619747 (VIOLATED)
ANTENNA_i_soc.i_qspi._12635__A0/DIODE    1.000000    1.619745   -0.619745 (VIOLATED)
ANTENNA_i_soc.i_qspi._12668__A0/DIODE    1.000000    1.619745   -0.619745 (VIOLATED)
i_soc.i_qspi._12668_/A0                 1.000000    1.619745   -0.619745 (VIOLATED)
i_soc.i_qspi._12701_/A0                 1.000000    1.619744   -0.619744 (VIOLATED)
i_soc.i_qspi._10976_/A1                 1.000000    1.619741   -0.619741 (VIOLATED)
ANTENNA_i_soc.i_qspi._10976__A1/DIODE    1.000000    1.619735   -0.619735 (VIOLATED)
i_soc.i_qspi._12635_/A0                 1.000000    1.619729   -0.619729 (VIOLATED)
ANTENNA_i_soc.i_qspi._11241__A0/DIODE    1.000000    1.619724   -0.619724 (VIOLATED)
i_soc.i_qspi._11208_/A0                 1.000000    1.619724   -0.619724 (VIOLATED)
i_soc.i_qspi._11241_/A0                 1.000000    1.619724   -0.619724 (VIOLATED)
ANTENNA_i_soc.i_qspi._11208__A0/DIODE    1.000000    1.619716   -0.619716 (VIOLATED)
ANTENNA_i_soc.i_qspi._12701__A0/DIODE    1.000000    1.619707   -0.619707 (VIOLATED)
i_soc.i_qspi._11175_/A0                 1.000000    1.619697   -0.619697 (VIOLATED)
ANTENNA_i_soc.i_qspi._11175__A0/DIODE    1.000000    1.619685   -0.619685 (VIOLATED)
i_soc.i_qspi._11142_/A0                 1.000000    1.619677   -0.619677 (VIOLATED)
ANTENNA_i_soc.i_qspi._11142__A0/DIODE    1.000000    1.619676   -0.619676 (VIOLATED)
ANTENNA_i_soc.i_qspi._11342__A0/DIODE    1.000000    1.619640   -0.619640 (VIOLATED)
ANTENNA_i_soc.i_qspi._11441__A0/DIODE    1.000000    1.619632   -0.619632 (VIOLATED)
i_soc.i_qspi._11441_/A0                 1.000000    1.619632   -0.619632 (VIOLATED)
i_soc.i_qspi._11408_/A0                 1.000000    1.619621   -0.619621 (VIOLATED)
ANTENNA_i_soc.i_qspi._11408__A0/DIODE    1.000000    1.619617   -0.619617 (VIOLATED)
i_soc.i_qspi._11540_/A0                 1.000000    1.619614   -0.619614 (VIOLATED)
ANTENNA_i_soc.i_qspi._11540__A0/DIODE    1.000000    1.619613   -0.619613 (VIOLATED)
i_soc.i_qspi._11342_/A0                 1.000000    1.619611   -0.619611 (VIOLATED)
ANTENNA_i_soc.i_qspi._11507__A0/DIODE    1.000000    1.619605   -0.619605 (VIOLATED)
i_soc.i_qspi._11309_/A1                 1.000000    1.619593   -0.619592 (VIOLATED)
i_soc.i_qspi._11375_/A0                 1.000000    1.619592   -0.619592 (VIOLATED)
i_soc.i_qspi._11507_/A0                 1.000000    1.619593   -0.619592 (VIOLATED)
ANTENNA_i_soc.i_qspi._11309__A1/DIODE    1.000000    1.619592   -0.619592 (VIOLATED)
ANTENNA_i_soc.i_qspi._11375__A0/DIODE    1.000000    1.619592   -0.619592 (VIOLATED)
ANTENNA_i_soc.i_qspi._11276__A1/DIODE    1.000000    1.619545   -0.619545 (VIOLATED)
i_soc.i_qspi._11276_/A1                 1.000000    1.619530   -0.619530 (VIOLATED)
ANTENNA_fanout1470_X/DIODE              1.000000    1.619521   -0.619521 (VIOLATED)
fanout1470/X                            1.000000    1.619519   -0.619519 (VIOLATED)
i_soc.i_ai_sram.u_sram.gen_bank[0].gen_512.u_macro/din0[7]    1.000000    1.616229   -0.616229 (VIOLATED)
ANTENNA_i_soc.i_data_sram.u_sram.gen_bank[2].gen_512.u_macro_din0[21]/DIODE    1.000000    1.615308   -0.615308 (VIOLATED)
i_soc.i_instr_sram.u_sram.gen_bank[3].gen_512.u_macro/din0[9]    1.000000    1.615118   -0.615118 (VIOLATED)
ANTENNA_i_soc.i_instr_sram.u_sram.gen_bank[3].gen_512.u_macro_din0[27]/DIODE    1.000000    1.614067   -0.614067 (VIOLATED)
ANTENNA_i_soc.i_instr_sram.u_sram.gen_bank[0].gen_512.u_macro_din0[25]/DIODE    1.000000    1.612255   -0.612255 (VIOLATED)
ANTENNA_i_soc.i_data_sram.u_sram.gen_bank[1].gen_512.u_macro_din0[21]/DIODE    1.000000    1.609956   -0.609956 (VIOLATED)
ANTENNA_i_soc.i_instr_sram.u_sram.gen_bank[2].gen_512.u_macro_din0[22]/DIODE    1.000000    1.609848   -0.609848 (VIOLATED)
ANTENNA_i_soc.i_data_sram.u_sram.gen_bank[0].gen_512.u_macro_din0[21]/DIODE    1.000000    1.606429   -0.606429 (VIOLATED)
ANTENNA_i_soc.i_crossbar._1207__X/DIODE    1.000000    1.606303   -0.606303 (VIOLATED)
i_soc.i_crossbar._1207_/X               1.000000    1.606247   -0.606247 (VIOLATED)
i_soc.i_instr_sram.u_sram.gen_bank[1].gen_512.u_macro/din0[1]    1.000000    1.605600   -0.605600 (VIOLATED)
i_soc.i_ai_sram.u_sram.gen_bank[0].gen_512.u_macro/din0[16]    1.000000    1.605514   -0.605514 (VIOLATED)
ANTENNA_i_soc.i_data_sram.u_sram.gen_bank[2].gen_512.u_macro_din0[24]/DIODE    1.000000    1.605196   -0.605196 (VIOLATED)
i_soc.i_ai_sram.u_sram.gen_bank[4].gen_512.u_macro/din0[13]    1.000000    1.603712   -0.603712 (VIOLATED)
i_soc.i_instr_sram.u_sram.gen_bank[1].gen_512.u_macro/din0[9]    1.000000    1.603453   -0.603453 (VIOLATED)
ANTENNA_i_soc.i_instr_sram.u_sram.gen_bank[0].gen_512.u_macro_din0[15]/DIODE    1.000000    1.599027   -0.599027 (VIOLATED)
ANTENNA_i_soc.i_qspi._10724__A1/DIODE    1.000000    1.598686   -0.598686 (VIOLATED)
i_soc.i_qspi._10724_/A1                 1.000000    1.598686   -0.598686 (VIOLATED)
ANTENNA_i_soc.i_qspi._11112__A1/DIODE    1.000000    1.598685   -0.598685 (VIOLATED)
i_soc.i_qspi._11112_/A1                 1.000000    1.598685   -0.598685 (VIOLATED)
ANTENNA_i_soc.i_qspi._11842__A0/DIODE    1.000000    1.598674   -0.598674 (VIOLATED)
ANTENNA_i_soc.i_qspi._11477__A0/DIODE    1.000000    1.598673   -0.598673 (VIOLATED)
i_soc.i_qspi._11477_/A0                 1.000000    1.598672   -0.598672 (VIOLATED)
i_soc.i_qspi._11842_/A0                 1.000000    1.598670   -0.598670 (VIOLATED)
ANTENNA_i_soc.i_qspi._10842__A0/DIODE    1.000000    1.598647   -0.598647 (VIOLATED)
i_soc.i_qspi._10842_/A0                 1.000000    1.598647   -0.598647 (VIOLATED)
ANTENNA_i_soc.i_qspi._10876__A0/DIODE    1.000000    1.598642   -0.598642 (VIOLATED)
ANTENNA_i_soc.i_qspi._10944__A0/DIODE    1.000000    1.598629   -0.598629 (VIOLATED)
i_soc.i_qspi._10876_/A0                 1.000000    1.598629   -0.598629 (VIOLATED)
ANTENNA_i_soc.i_qspi._10910__A0/DIODE    1.000000    1.598580   -0.598580 (VIOLATED)
i_soc.i_qspi._10944_/A0                 1.000000    1.598567   -0.598567 (VIOLATED)
i_soc.i_qspi._10910_/A0                 1.000000    1.598566   -0.598566 (VIOLATED)
i_soc.i_qspi._12803_/A1                 1.000000    1.598557   -0.598557 (VIOLATED)
ANTENNA_i_soc.i_qspi._12803__A1/DIODE    1.000000    1.598545   -0.598545 (VIOLATED)
i_soc.i_qspi._10808_/A0                 1.000000    1.598519   -0.598519 (VIOLATED)
ANTENNA_i_soc.i_qspi._10808__A0/DIODE    1.000000    1.598516   -0.598516 (VIOLATED)
ANTENNA_i_soc.i_qspi._10774__A0/DIODE    1.000000    1.598513   -0.598513 (VIOLATED)
i_soc.i_qspi._10774_/A0                 1.000000    1.598513   -0.598513 (VIOLATED)
i_soc.i_qspi._12836_/A1                 1.000000    1.598467   -0.598467 (VIOLATED)
ANTENNA_i_soc.i_qspi._12836__A1/DIODE    1.000000    1.598464   -0.598464 (VIOLATED)
i_soc.i_qspi._12770_/A0                 1.000000    1.598382   -0.598382 (VIOLATED)
i_soc.i_qspi._12737_/A0                 1.000000    1.598356   -0.598356 (VIOLATED)
ANTENNA_i_soc.i_qspi._12737__A0/DIODE    1.000000    1.598355   -0.598355 (VIOLATED)
ANTENNA_i_soc.i_qspi._12209__A0/DIODE    1.000000    1.598352   -0.598352 (VIOLATED)
i_soc.i_qspi._12209_/A0                 1.000000    1.598352   -0.598352 (VIOLATED)
ANTENNA_i_soc.i_qspi._12770__A0/DIODE    1.000000    1.598346   -0.598346 (VIOLATED)
i_soc.i_qspi._12572_/A0                 1.000000    1.598257   -0.598257 (VIOLATED)
ANTENNA_i_soc.i_qspi._12572__A0/DIODE    1.000000    1.598185   -0.598185 (VIOLATED)
ANTENNA_i_soc.i_qspi._11013__A1/DIODE    1.000000    1.597927   -0.597927 (VIOLATED)
i_soc.i_qspi._11013_/A1                 1.000000    1.597926   -0.597926 (VIOLATED)
ANTENNA_i_soc.i_qspi._11046__A0/DIODE    1.000000    1.597886   -0.597886 (VIOLATED)
i_soc.i_qspi._11046_/A0                 1.000000    1.597871   -0.597871 (VIOLATED)
i_soc.i_qspi._11079_/A0                 1.000000    1.597764   -0.597764 (VIOLATED)
ANTENNA_i_soc.i_qspi._11079__A0/DIODE    1.000000    1.597714   -0.597714 (VIOLATED)
i_soc.i_qspi._10979_/A1                 1.000000    1.597700   -0.597700 (VIOLATED)
ANTENNA_i_soc.i_qspi._10979__A1/DIODE    1.000000    1.597693   -0.597693 (VIOLATED)
i_soc.i_qspi._11211_/A0                 1.000000    1.597668   -0.597668 (VIOLATED)
i_soc.i_qspi._11244_/A0                 1.000000    1.597649   -0.597650 (VIOLATED)
ANTENNA_i_soc.i_qspi._11211__A0/DIODE    1.000000    1.597645   -0.597645 (VIOLATED)
ANTENNA_i_soc.i_qspi._11244__A0/DIODE    1.000000    1.597636   -0.597636 (VIOLATED)
ANTENNA_i_soc.i_qspi._11378__A0/DIODE    1.000000    1.597611   -0.597611 (VIOLATED)
i_soc.i_qspi._11378_/A0                 1.000000    1.597612   -0.597612 (VIOLATED)
i_soc.i_qspi._11345_/A0                 1.000000    1.597610   -0.597610 (VIOLATED)
ANTENNA_i_soc.i_qspi._11345__A0/DIODE    1.000000    1.597600   -0.597600 (VIOLATED)
i_soc.i_qspi._11145_/A0                 1.000000    1.597548   -0.597548 (VIOLATED)
ANTENNA_i_soc.i_qspi._11145__A0/DIODE    1.000000    1.597547   -0.597547 (VIOLATED)
ANTENNA_i_soc.i_qspi._11178__A0/DIODE    1.000000    1.597544   -0.597544 (VIOLATED)
i_soc.i_qspi._11178_/A0                 1.000000    1.597544   -0.597544 (VIOLATED)
i_soc.i_qspi._11312_/A1                 1.000000    1.597509   -0.597509 (VIOLATED)
ANTENNA_i_soc.i_qspi._11312__A1/DIODE    1.000000    1.597491   -0.597491 (VIOLATED)
i_soc.i_qspi._11510_/A0                 1.000000    1.597466   -0.597466 (VIOLATED)
ANTENNA_i_soc.i_qspi._11510__A0/DIODE    1.000000    1.597433   -0.597433 (VIOLATED)
ANTENNA_i_soc.i_qspi._11444__A0/DIODE    1.000000    1.597404   -0.597404 (VIOLATED)
i_soc.i_qspi._11279_/A1                 1.000000    1.597403   -0.597403 (VIOLATED)
i_soc.i_qspi._11444_/A0                 1.000000    1.597404   -0.597404 (VIOLATED)
ANTENNA_i_soc.i_qspi._11279__A1/DIODE    1.000000    1.597403   -0.597403 (VIOLATED)
ANTENNA_i_soc.i_qspi._11411__A0/DIODE    1.000000    1.597402   -0.597402 (VIOLATED)
i_soc.i_qspi._11411_/A0                 1.000000    1.597401   -0.597401 (VIOLATED)
i_soc.i_qspi._11543_/A0                 1.000000    1.597373   -0.597373 (VIOLATED)
ANTENNA_i_soc.i_qspi._11543__A0/DIODE    1.000000    1.597356   -0.597356 (VIOLATED)
ANTENNA_fanout1189_X/DIODE              1.000000    1.597343   -0.597343 (VIOLATED)
fanout1189/X                            1.000000    1.597335   -0.597335 (VIOLATED)
ANTENNA_i_soc.i_data_sram.u_sram.gen_bank[1].gen_512.u_macro_din0[13]/DIODE    1.000000    1.597265   -0.597265 (VIOLATED)
i_soc.i_ai_sram.u_sram.gen_bank[0].gen_512.u_macro/din0[10]    1.000000    1.595914   -0.595914 (VIOLATED)
ANTENNA_i_soc.i_instr_sram.u_sram.gen_bank[3].gen_512.u_macro_din0[25]/DIODE    1.000000    1.594029   -0.594029 (VIOLATED)
ANTENNA_i_soc.i_instr_sram.u_sram.gen_bank[2].gen_512.u_macro_din0[30]/DIODE    1.000000    1.593805   -0.593805 (VIOLATED)
ANTENNA_i_soc.i_ai_sram.u_sram._628__B/DIODE    1.000000    1.593475   -0.593475 (VIOLATED)
i_soc.i_ai_sram.u_sram._628_/B          1.000000    1.593475   -0.593476 (VIOLATED)
ANTENNA_i_soc.i_instr_sram.u_sram.gen_bank[2].gen_512.u_macro_din0[11]/DIODE    1.000000    1.593228   -0.593228 (VIOLATED)
ANTENNA_i_soc.i_data_sram.u_sram.gen_bank[3].gen_512.u_macro_din0[25]/DIODE    1.000000    1.590743   -0.590743 (VIOLATED)
i_soc.i_ai_sram.u_sram.gen_bank[1].gen_512.u_macro/din0[29]    1.000000    1.590555   -0.590555 (VIOLATED)
i_soc.i_ai_sram.u_sram._551_/B          1.000000    1.589166   -0.589166 (VIOLATED)
ANTENNA_i_soc.i_ai_sram.u_sram._551__B/DIODE    1.000000    1.589158   -0.589158 (VIOLATED)
ANTENNA_i_soc.i_instr_sram.u_sram.gen_bank[2].gen_512.u_macro_din0[14]/DIODE    1.000000    1.589004   -0.589004 (VIOLATED)
ANTENNA_i_soc.i_instr_sram.u_sram.gen_bank[0].gen_512.u_macro_din0[20]/DIODE    1.000000    1.588910   -0.588910 (VIOLATED)
ANTENNA_i_soc.i_ai_sram.u_sram._627__X/DIODE    1.000000    1.587392   -0.587392 (VIOLATED)
i_soc.i_ai_sram.u_sram._627_/X          1.000000    1.587370   -0.587370 (VIOLATED)
ANTENNA_i_soc.i_qspi._11746__A0/DIODE    1.000000    1.586306   -0.586306 (VIOLATED)
i_soc.i_qspi._11746_/A0                 1.000000    1.586306   -0.586306 (VIOLATED)
ANTENNA_i_soc.i_qspi._11713__A0/DIODE    1.000000    1.586305   -0.586305 (VIOLATED)
i_soc.i_qspi._11713_/A0                 1.000000    1.586305   -0.586305 (VIOLATED)
ANTENNA_i_soc.i_qspi._11779__A0/DIODE    1.000000    1.586302   -0.586302 (VIOLATED)
i_soc.i_qspi._11779_/A0                 1.000000    1.586302   -0.586302 (VIOLATED)
i_soc.i_qspi._11812_/A0                 1.000000    1.586300   -0.586300 (VIOLATED)
ANTENNA_i_soc.i_qspi._11812__A0/DIODE    1.000000    1.586293   -0.586293 (VIOLATED)
ANTENNA_i_soc.i_qspi._11581__A1/DIODE    1.000000    1.586280   -0.586280 (VIOLATED)
i_soc.i_qspi._11581_/A1                 1.000000    1.586280   -0.586280 (VIOLATED)
ANTENNA_i_soc.i_qspi._11614__A1/DIODE    1.000000    1.586274   -0.586274 (VIOLATED)
i_soc.i_qspi._11614_/A1                 1.000000    1.586269   -0.586269 (VIOLATED)
ANTENNA_i_soc.i_qspi._11647__A0/DIODE    1.000000    1.586254   -0.586254 (VIOLATED)
i_soc.i_qspi._11647_/A0                 1.000000    1.586253   -0.586253 (VIOLATED)
i_soc.i_qspi._11680_/A0                 1.000000    1.586239   -0.586239 (VIOLATED)
ANTENNA_i_soc.i_qspi._11680__A0/DIODE    1.000000    1.586225   -0.586225 (VIOLATED)
ANTENNA_i_soc.i_qspi._11571__A1/DIODE    1.000000    1.586168   -0.586168 (VIOLATED)
i_soc.i_qspi._11571_/A1                 1.000000    1.586169   -0.586169 (VIOLATED)
i_soc.i_qspi._12111_/A0                 1.000000    1.586165   -0.586165 (VIOLATED)
ANTENNA_i_soc.i_qspi._11670__A0/DIODE    1.000000    1.586159   -0.586159 (VIOLATED)
i_soc.i_qspi._11637_/A0                 1.000000    1.586155   -0.586155 (VIOLATED)
i_soc.i_qspi._11670_/A0                 1.000000    1.586155   -0.586155 (VIOLATED)
ANTENNA_i_soc.i_qspi._11637__A0/DIODE    1.000000    1.586154   -0.586154 (VIOLATED)
ANTENNA_i_soc.i_qspi._12101__A0/DIODE    1.000000    1.586152   -0.586152 (VIOLATED)
i_soc.i_qspi._11936_/A0                 1.000000    1.586153   -0.586153 (VIOLATED)
i_soc.i_qspi._12101_/A0                 1.000000    1.586153   -0.586153 (VIOLATED)
i_soc.i_qspi._11969_/A0                 1.000000    1.586152   -0.586152 (VIOLATED)
i_soc.i_qspi._12035_/A0                 1.000000    1.586152   -0.586152 (VIOLATED)
ANTENNA_i_soc.i_qspi._12035__A0/DIODE    1.000000    1.586150   -0.586150 (VIOLATED)
ANTENNA_i_soc.i_qspi._11936__A0/DIODE    1.000000    1.586147   -0.586147 (VIOLATED)
i_soc.i_qspi._12068_/A0                 1.000000    1.586147   -0.586147 (VIOLATED)
ANTENNA_i_soc.i_qspi._11969__A0/DIODE    1.000000    1.586143   -0.586143 (VIOLATED)
ANTENNA_i_soc.i_qspi._11604__A1/DIODE    1.000000    1.586143   -0.586142 (VIOLATED)
i_soc.i_qspi._11604_/A1                 1.000000    1.586143   -0.586143 (VIOLATED)
ANTENNA_i_soc.i_qspi._12111__A0/DIODE    1.000000    1.586138   -0.586138 (VIOLATED)
ANTENNA_i_soc.i_qspi._12068__A0/DIODE    1.000000    1.586134   -0.586134 (VIOLATED)
i_soc.i_qspi._12002_/A0                 1.000000    1.586126   -0.586126 (VIOLATED)
ANTENNA_i_soc.i_qspi._12002__A0/DIODE    1.000000    1.586122   -0.586121 (VIOLATED)
ANTENNA_i_soc.i_qspi._12078__A0/DIODE    1.000000    1.586106   -0.586106 (VIOLATED)
i_soc.i_qspi._12078_/A0                 1.000000    1.586107   -0.586107 (VIOLATED)
i_soc.i_qspi._11946_/A0                 1.000000    1.586092   -0.586092 (VIOLATED)
i_soc.i_qspi._11979_/A0                 1.000000    1.586092   -0.586092 (VIOLATED)
ANTENNA_i_soc.i_qspi._11946__A0/DIODE    1.000000    1.586091   -0.586091 (VIOLATED)
ANTENNA_i_soc.i_qspi._11979__A0/DIODE    1.000000    1.586091   -0.586091 (VIOLATED)
ANTENNA_i_soc.i_qspi._11913__A1/DIODE    1.000000    1.586089   -0.586089 (VIOLATED)
i_soc.i_qspi._11913_/A1                 1.000000    1.586087   -0.586087 (VIOLATED)
ANTENNA_i_soc.i_qspi._11870__A1/DIODE    1.000000    1.586078   -0.586078 (VIOLATED)
i_soc.i_qspi._11870_/A1                 1.000000    1.586079   -0.586079 (VIOLATED)
i_soc.i_qspi._11769_/A0                 1.000000    1.586072   -0.586072 (VIOLATED)
i_soc.i_qspi._11880_/A1                 1.000000    1.586061   -0.586061 (VIOLATED)
ANTENNA_i_soc.i_qspi._11769__A0/DIODE    1.000000    1.586059   -0.586059 (VIOLATED)
ANTENNA_i_soc.i_qspi._11880__A1/DIODE    1.000000    1.586043   -0.586043 (VIOLATED)
ANTENNA_i_soc.i_qspi._12012__A0/DIODE    1.000000    1.586037   -0.586037 (VIOLATED)
i_soc.i_qspi._12012_/A0                 1.000000    1.586036   -0.586036 (VIOLATED)
i_soc.i_qspi._12045_/A0                 1.000000    1.586012   -0.586012 (VIOLATED)
i_soc.i_qspi._11736_/A0                 1.000000    1.586002   -0.586002 (VIOLATED)
ANTENNA_i_soc.i_qspi._12045__A0/DIODE    1.000000    1.585995   -0.585995 (VIOLATED)
i_soc.i_qspi._11903_/A1                 1.000000    1.585975   -0.585975 (VIOLATED)
ANTENNA_i_soc.i_qspi._11903__A1/DIODE    1.000000    1.585974   -0.585974 (VIOLATED)
i_soc.i_qspi._11802_/A0                 1.000000    1.585972   -0.585972 (VIOLATED)
ANTENNA_i_soc.i_qspi._11802__A0/DIODE    1.000000    1.585968   -0.585968 (VIOLATED)
i_soc.i_qspi._11703_/A0                 1.000000    1.585966   -0.585966 (VIOLATED)
ANTENNA_i_soc.i_qspi._12344__A0/DIODE    1.000000    1.585943   -0.585943 (VIOLATED)
i_soc.i_qspi._12344_/A0                 1.000000    1.585943   -0.585943 (VIOLATED)
ANTENNA_i_soc.i_qspi._12311__A0/DIODE    1.000000    1.585942   -0.585942 (VIOLATED)
i_soc.i_qspi._12311_/A0                 1.000000    1.585941   -0.585941 (VIOLATED)
ANTENNA_i_soc.i_qspi._12410__A0/DIODE    1.000000    1.585940   -0.585940 (VIOLATED)
i_soc.i_qspi._12410_/A0                 1.000000    1.585940   -0.585940 (VIOLATED)
ANTENNA_i_soc.i_qspi._12377__A0/DIODE    1.000000    1.585939   -0.585939 (VIOLATED)
i_soc.i_qspi._12377_/A0                 1.000000    1.585937   -0.585937 (VIOLATED)
ANTENNA_i_soc.i_qspi._12146__A1/DIODE    1.000000    1.585934   -0.585934 (VIOLATED)
i_soc.i_qspi._12146_/A1                 1.000000    1.585934   -0.585934 (VIOLATED)
i_soc.i_qspi._12179_/A1                 1.000000    1.585931   -0.585931 (VIOLATED)
ANTENNA_i_soc.i_qspi._12179__A1/DIODE    1.000000    1.585929   -0.585929 (VIOLATED)
ANTENNA_i_soc.i_qspi._12278__A0/DIODE    1.000000    1.585926   -0.585926 (VIOLATED)
i_soc.i_qspi._12278_/A0                 1.000000    1.585926   -0.585926 (VIOLATED)
ANTENNA_i_soc.i_qspi._12245__A0/DIODE    1.000000    1.585925   -0.585925 (VIOLATED)
i_soc.i_qspi._12245_/A0                 1.000000    1.585925   -0.585925 (VIOLATED)
ANTENNA_i_soc.i_qspi._12509__A0/DIODE    1.000000    1.585917   -0.585917 (VIOLATED)
i_soc.i_qspi._12509_/A0                 1.000000    1.585917   -0.585917 (VIOLATED)
ANTENNA_i_soc.i_qspi._11703__A0/DIODE    1.000000    1.585915   -0.585915 (VIOLATED)
ANTENNA_i_soc.i_qspi._12542__A0/DIODE    1.000000    1.585911   -0.585911 (VIOLATED)
i_soc.i_qspi._12542_/A0                 1.000000    1.585912   -0.585912 (VIOLATED)
ANTENNA_i_soc.i_qspi._12674__A0/DIODE    1.000000    1.585909   -0.585909 (VIOLATED)
i_soc.i_qspi._12443_/A1                 1.000000    1.585903   -0.585903 (VIOLATED)
ANTENNA_i_soc.i_qspi._12443__A1/DIODE    1.000000    1.585897   -0.585897 (VIOLATED)
i_soc.i_qspi._12674_/A0                 1.000000    1.585895   -0.585895 (VIOLATED)
i_soc.i_qspi._12476_/A1                 1.000000    1.585887   -0.585887 (VIOLATED)
i_soc.i_qspi._12707_/A0                 1.000000    1.585886   -0.585886 (VIOLATED)
ANTENNA_i_soc.i_qspi._12476__A1/DIODE    1.000000    1.585882   -0.585882 (VIOLATED)
ANTENNA_i_soc.i_qspi._12707__A0/DIODE    1.000000    1.585882   -0.585882 (VIOLATED)
ANTENNA_i_soc.i_qspi._12608__A0/DIODE    1.000000    1.585879   -0.585879 (VIOLATED)
i_soc.i_qspi._12608_/A0                 1.000000    1.585879   -0.585879 (VIOLATED)
ANTENNA_i_soc.i_qspi._12641__A0/DIODE    1.000000    1.585876   -0.585876 (VIOLATED)
ANTENNA_fanout1181_X/DIODE              1.000000    1.585876   -0.585876 (VIOLATED)
i_soc.i_qspi._12641_/A0                 1.000000    1.585875   -0.585875 (VIOLATED)
fanout1181/X                            1.000000    1.585870   -0.585870 (VIOLATED)
ANTENNA_i_soc.i_qspi._11736__A0/DIODE    1.000000    1.585835   -0.585835 (VIOLATED)
ANTENNA_261/DIODE                       1.000000    1.585402   -0.585402 (VIOLATED)
i_soc.i_qspi._12499_/A0                 1.000000    1.585353   -0.585353 (VIOLATED)
ANTENNA_i_soc.i_qspi._12664__A0/DIODE    1.000000    1.585304   -0.585303 (VIOLATED)
ANTENNA_i_soc.i_qspi._12697__A0/DIODE    1.000000    1.585303   -0.585303 (VIOLATED)
i_soc.i_qspi._12697_/A0                 1.000000    1.585302   -0.585302 (VIOLATED)
ANTENNA_i_soc.i_qspi._12499__A0/DIODE    1.000000    1.585301   -0.585301 (VIOLATED)
i_soc.i_qspi._12664_/A0                 1.000000    1.585300   -0.585300 (VIOLATED)
i_soc.i_qspi._12433_/A1                 1.000000    1.585300   -0.585300 (VIOLATED)
ANTENNA_i_soc.i_qspi._12433__A1/DIODE    1.000000    1.585299   -0.585299 (VIOLATED)
i_soc.i_qspi._12466_/A1                 1.000000    1.585288   -0.585288 (VIOLATED)
ANTENNA_i_soc.i_qspi._12466__A1/DIODE    1.000000    1.585282   -0.585282 (VIOLATED)
i_soc.i_qspi._12532_/A0                 1.000000    1.585240   -0.585240 (VIOLATED)
ANTENNA_i_soc.i_qspi._12532__A0/DIODE    1.000000    1.585170   -0.585170 (VIOLATED)
i_soc.i_qspi._12631_/A0                 1.000000    1.585071   -0.585071 (VIOLATED)
ANTENNA_i_soc.i_qspi._12598__A0/DIODE    1.000000    1.585042   -0.585042 (VIOLATED)
i_soc.i_qspi._12598_/A0                 1.000000    1.585042   -0.585042 (VIOLATED)
ANTENNA_i_soc.i_qspi._12631__A0/DIODE    1.000000    1.585026   -0.585026 (VIOLATED)
i_soc.i_qspi._12301_/A0                 1.000000    1.585005   -0.585005 (VIOLATED)
ANTENNA_i_soc.i_qspi._12301__A0/DIODE    1.000000    1.584959   -0.584959 (VIOLATED)
ANTENNA_i_soc.i_qspi._12400__A0/DIODE    1.000000    1.584943   -0.584943 (VIOLATED)
i_soc.i_qspi._12367_/A0                 1.000000    1.584942   -0.584942 (VIOLATED)
i_soc.i_qspi._12400_/A0                 1.000000    1.584942   -0.584942 (VIOLATED)
ANTENNA_i_soc.i_qspi._12367__A0/DIODE    1.000000    1.584938   -0.584938 (VIOLATED)
i_soc.i_qspi._12334_/A0                 1.000000    1.584936   -0.584936 (VIOLATED)
ANTENNA_i_soc.i_qspi._12334__A0/DIODE    1.000000    1.584935   -0.584935 (VIOLATED)
i_soc.i_qspi._12235_/A0                 1.000000    1.584913   -0.584913 (VIOLATED)
ANTENNA_i_soc.i_qspi._12235__A0/DIODE    1.000000    1.584892   -0.584892 (VIOLATED)
i_soc.i_qspi._12268_/A0                 1.000000    1.584859   -0.584859 (VIOLATED)
ANTENNA_i_soc.i_qspi._12268__A0/DIODE    1.000000    1.584831   -0.584831 (VIOLATED)
ANTENNA_i_soc.i_qspi._12169__A1/DIODE    1.000000    1.584794   -0.584794 (VIOLATED)
i_soc.i_qspi._12169_/A1                 1.000000    1.584794   -0.584794 (VIOLATED)
ANTENNA_i_soc.i_qspi._12136__A1/DIODE    1.000000    1.584783   -0.584783 (VIOLATED)
i_soc.i_qspi._12136_/A1                 1.000000    1.584783   -0.584783 (VIOLATED)
ANTENNA_fanout1483_X/DIODE              1.000000    1.584772   -0.584771 (VIOLATED)
fanout1483/X                            1.000000    1.584772   -0.584771 (VIOLATED)
i_soc.i_ai_sram.u_sram._529_/B          1.000000    1.583973   -0.583973 (VIOLATED)
ANTENNA_i_soc.i_ai_sram.u_sram._529__B/DIODE    1.000000    1.583963   -0.583963 (VIOLATED)
ANTENNA_i_soc.i_ai_sram.u_sram._572__X/DIODE    1.000000    1.580883   -0.580883 (VIOLATED)
i_soc.i_ai_sram.u_sram._572_/X          1.000000    1.580866   -0.580866 (VIOLATED)
i_soc.i_ai_sram.u_sram.gen_bank[0].gen_512.u_macro/din0[11]    1.000000    1.577715   -0.577715 (VIOLATED)
i_soc.i_ai_sram.u_sram.gen_bank[4].gen_512.u_macro/din0[27]    1.000000    1.574327   -0.574327 (VIOLATED)
ANTENNA_i_soc.i_instr_sram.u_sram.gen_bank[1].gen_512.u_macro_din0[27]/DIODE    1.000000    1.573347   -0.573347 (VIOLATED)
ANTENNA_i_soc.i_crossbar._1631__X/DIODE    1.000000    1.573260   -0.573260 (VIOLATED)
i_soc.i_crossbar._1631_/X               1.000000    1.573239   -0.573239 (VIOLATED)
ANTENNA_i_soc.i_ai_sram.u_sram._639__B/DIODE    1.000000    1.571092   -0.571092 (VIOLATED)
i_soc.i_ai_sram.u_sram._639_/B          1.000000    1.571092   -0.571092 (VIOLATED)
i_soc.i_ai_sram.u_sram.gen_bank[4].gen_512.u_macro/din0[12]    1.000000    1.569921   -0.569921 (VIOLATED)
i_soc.i_qspi._10775_/A0                 1.000000    1.568808   -0.568808 (VIOLATED)
i_soc.i_qspi._10809_/A0                 1.000000    1.568806   -0.568806 (VIOLATED)
ANTENNA_i_soc.i_qspi._10809__A0/DIODE    1.000000    1.568804   -0.568804 (VIOLATED)
i_soc.i_qspi._12804_/A1                 1.000000    1.568803   -0.568803 (VIOLATED)
ANTENNA_i_soc.i_qspi._12804__A1/DIODE    1.000000    1.568798   -0.568798 (VIOLATED)
i_soc.i_qspi._10911_/A0                 1.000000    1.568798   -0.568798 (VIOLATED)
ANTENNA_i_soc.i_qspi._10775__A0/DIODE    1.000000    1.568795   -0.568795 (VIOLATED)
ANTENNA_i_soc.i_qspi._10911__A0/DIODE    1.000000    1.568792   -0.568792 (VIOLATED)
i_soc.i_qspi._10945_/A0                 1.000000    1.568784   -0.568784 (VIOLATED)
ANTENNA_i_soc.i_qspi._10945__A0/DIODE    1.000000    1.568783   -0.568783 (VIOLATED)
i_soc.i_qspi._12771_/A0                 1.000000    1.568781   -0.568781 (VIOLATED)
ANTENNA_i_soc.i_qspi._12771__A0/DIODE    1.000000    1.568779   -0.568779 (VIOLATED)
i_soc.i_qspi._12738_/A0                 1.000000    1.568752   -0.568752 (VIOLATED)
ANTENNA_i_soc.i_qspi._12738__A0/DIODE    1.000000    1.568709   -0.568709 (VIOLATED)
i_soc.i_qspi._12573_/A0                 1.000000    1.568670   -0.568670 (VIOLATED)
ANTENNA_i_soc.i_qspi._12573__A0/DIODE    1.000000    1.568663   -0.568663 (VIOLATED)
ANTENNA_i_soc.i_qspi._10726__A1/DIODE    1.000000    1.568633   -0.568633 (VIOLATED)
i_soc.i_qspi._10726_/A1                 1.000000    1.568630   -0.568630 (VIOLATED)
i_soc.i_qspi._11113_/A1                 1.000000    1.568627   -0.568627 (VIOLATED)
ANTENNA_i_soc.i_qspi._11113__A1/DIODE    1.000000    1.568620   -0.568620 (VIOLATED)
i_soc.i_qspi._10843_/A0                 1.000000    1.568605   -0.568605 (VIOLATED)
ANTENNA_i_soc.i_qspi._10843__A0/DIODE    1.000000    1.568604   -0.568604 (VIOLATED)
i_soc.i_qspi._12837_/A1                 1.000000    1.568604   -0.568604 (VIOLATED)
ANTENNA_i_soc.i_qspi._12837__A1/DIODE    1.000000    1.568603   -0.568603 (VIOLATED)
i_soc.i_qspi._10877_/A0                 1.000000    1.568600   -0.568600 (VIOLATED)
ANTENNA_i_soc.i_qspi._10877__A0/DIODE    1.000000    1.568593   -0.568593 (VIOLATED)
ANTENNA_i_soc.i_qspi._11843__A0/DIODE    1.000000    1.568593   -0.568593 (VIOLATED)
i_soc.i_qspi._11843_/A0                 1.000000    1.568590   -0.568590 (VIOLATED)
i_soc.i_qspi._12210_/A0                 1.000000    1.568574   -0.568574 (VIOLATED)
ANTENNA_i_soc.i_qspi._12210__A0/DIODE    1.000000    1.568571   -0.568571 (VIOLATED)
ANTENNA_i_soc.i_qspi._11478__A0/DIODE    1.000000    1.568559   -0.568559 (VIOLATED)
i_soc.i_qspi._11478_/A0                 1.000000    1.568543   -0.568543 (VIOLATED)
i_soc.i_qspi._11080_/A0                 1.000000    1.568479   -0.568479 (VIOLATED)
i_soc.i_qspi._11179_/A0                 1.000000    1.568472   -0.568472 (VIOLATED)
ANTENNA_i_soc.i_qspi._11080__A0/DIODE    1.000000    1.568469   -0.568469 (VIOLATED)
i_soc.i_qspi._11047_/A0                 1.000000    1.568421   -0.568421 (VIOLATED)
ANTENNA_i_soc.i_qspi._11047__A0/DIODE    1.000000    1.568363   -0.568363 (VIOLATED)
ANTENNA_i_soc.i_qspi._11212__A0/DIODE    1.000000    1.568319   -0.568319 (VIOLATED)
i_soc.i_qspi._11212_/A0                 1.000000    1.568296   -0.568296 (VIOLATED)
i_soc.i_qspi._11245_/A0                 1.000000    1.568252   -0.568252 (VIOLATED)
ANTENNA_i_soc.i_qspi._11245__A0/DIODE    1.000000    1.568201   -0.568201 (VIOLATED)
i_soc.i_qspi._11146_/A0                 1.000000    1.568179   -0.568179 (VIOLATED)
ANTENNA_i_soc.i_qspi._11179__A0/DIODE    1.000000    1.568178   -0.568178 (VIOLATED)
ANTENNA_i_soc.i_qspi._11146__A0/DIODE    1.000000    1.568177   -0.568177 (VIOLATED)
ANTENNA_i_soc.i_qspi._11014__A1/DIODE    1.000000    1.568174   -0.568174 (VIOLATED)
i_soc.i_qspi._11014_/A1                 1.000000    1.568174   -0.568174 (VIOLATED)
i_soc.i_qspi._10980_/A1                 1.000000    1.568151   -0.568151 (VIOLATED)
ANTENNA_i_soc.i_qspi._10980__A1/DIODE    1.000000    1.568123   -0.568123 (VIOLATED)
i_soc.i_qspi._11445_/A0                 1.000000    1.567992   -0.567992 (VIOLATED)
ANTENNA_i_soc.i_qspi._11445__A0/DIODE    1.000000    1.567971   -0.567971 (VIOLATED)
i_soc.i_qspi._11412_/A0                 1.000000    1.567947   -0.567947 (VIOLATED)
ANTENNA_i_soc.i_qspi._11412__A0/DIODE    1.000000    1.567934   -0.567934 (VIOLATED)
ANTENNA_i_soc.i_qspi._11346__A0/DIODE    1.000000    1.567922   -0.567922 (VIOLATED)
ANTENNA_i_soc.i_qspi._11511__A0/DIODE    1.000000    1.567918   -0.567918 (VIOLATED)
ANTENNA_i_soc.i_qspi._11544__A0/DIODE    1.000000    1.567918   -0.567918 (VIOLATED)
i_soc.i_qspi._11511_/A0                 1.000000    1.567918   -0.567918 (VIOLATED)
i_soc.i_qspi._11346_/A0                 1.000000    1.567917   -0.567918 (VIOLATED)
i_soc.i_qspi._11544_/A0                 1.000000    1.567918   -0.567918 (VIOLATED)
i_soc.i_qspi._11379_/A0                 1.000000    1.567917   -0.567917 (VIOLATED)
ANTENNA_i_soc.i_qspi._11379__A0/DIODE    1.000000    1.567904   -0.567904 (VIOLATED)
ANTENNA_i_soc.i_qspi._11280__A1/DIODE    1.000000    1.567889   -0.567889 (VIOLATED)
i_soc.i_qspi._11280_/A1                 1.000000    1.567890   -0.567890 (VIOLATED)
ANTENNA_i_soc.i_qspi._11313__A1/DIODE    1.000000    1.567888   -0.567888 (VIOLATED)
i_soc.i_qspi._11313_/A1                 1.000000    1.567888   -0.567888 (VIOLATED)
ANTENNA_fanout1186_X/DIODE              1.000000    1.567882   -0.567882 (VIOLATED)
fanout1186/X                            1.000000    1.567880   -0.567880 (VIOLATED)
i_soc.i_instr_sram.u_sram.gen_bank[2].gen_512.u_macro/din0[13]    1.000000    1.564978   -0.564978 (VIOLATED)
ANTENNA_i_soc.i_instr_sram.u_sram.gen_bank[0].gen_512.u_macro_din0[30]/DIODE    1.000000    1.561816   -0.561816 (VIOLATED)
ANTENNA_i_soc.i_ai_sram.u_sram._539__X/DIODE    1.000000    1.561067   -0.561067 (VIOLATED)
i_soc.i_ai_sram.u_sram._539_/X          1.000000    1.560991   -0.560991 (VIOLATED)
ANTENNA_i_soc.i_data_sram.u_sram.gen_bank[2].gen_512.u_macro_din0[25]/DIODE    1.000000    1.560338   -0.560338 (VIOLATED)
ANTENNA_i_soc.i_data_sram.u_sram.gen_bank[3].gen_512.u_macro_din0[20]/DIODE    1.000000    1.559976   -0.559976 (VIOLATED)
ANTENNA_i_soc.i_data_sram.u_sram.gen_bank[0].gen_512.u_macro_din0[22]/DIODE    1.000000    1.559486   -0.559486 (VIOLATED)
ANTENNA_i_soc.i_crossbar._1208__X/DIODE    1.000000    1.559385   -0.559385 (VIOLATED)
i_soc.i_crossbar._1208_/X               1.000000    1.559330   -0.559330 (VIOLATED)
ANTENNA_i_soc.i_instr_sram.u_sram.gen_bank[2].gen_512.u_macro_din0[10]/DIODE    1.000000    1.555383   -0.555383 (VIOLATED)
ANTENNA_i_soc.i_instr_sram.u_sram.gen_bank[0].gen_512.u_macro_din0[7]/DIODE    1.000000    1.555003   -0.555003 (VIOLATED)
ANTENNA_i_soc.i_data_sram.u_sram.gen_bank[0].gen_512.u_macro_din0[24]/DIODE    1.000000    1.554742   -0.554742 (VIOLATED)
i_soc.i_ai_sram.u_sram.gen_bank[0].gen_512.u_macro/din0[5]    1.000000    1.554263   -0.554263 (VIOLATED)
ANTENNA_i_soc.i_crossbar._1210__X/DIODE    1.000000    1.554235   -0.554235 (VIOLATED)
i_soc.i_qspi._12534_/A0                 1.000000    1.554208   -0.554208 (VIOLATED)
ANTENNA_i_soc.i_qspi._12534__A0/DIODE    1.000000    1.554207   -0.554207 (VIOLATED)
i_soc.i_qspi._12501_/A0                 1.000000    1.554204   -0.554204 (VIOLATED)
i_soc.i_qspi._12468_/A1                 1.000000    1.554203   -0.554203 (VIOLATED)
ANTENNA_i_soc.i_qspi._12468__A1/DIODE    1.000000    1.554201   -0.554201 (VIOLATED)
ANTENNA_i_soc.i_qspi._12501__A0/DIODE    1.000000    1.554202   -0.554202 (VIOLATED)
i_soc.i_qspi._12633_/A0                 1.000000    1.554197   -0.554197 (VIOLATED)
ANTENNA_i_soc.i_qspi._12303__A0/DIODE    1.000000    1.554196   -0.554196 (VIOLATED)
ANTENNA_i_soc.i_qspi._12633__A0/DIODE    1.000000    1.554196   -0.554196 (VIOLATED)
i_soc.i_qspi._12303_/A0                 1.000000    1.554196   -0.554196 (VIOLATED)
ANTENNA_i_soc.i_qspi._12699__A0/DIODE    1.000000    1.554195   -0.554195 (VIOLATED)
i_soc.i_qspi._12699_/A0                 1.000000    1.554195   -0.554195 (VIOLATED)
i_soc.i_qspi._12600_/A0                 1.000000    1.554194   -0.554194 (VIOLATED)
i_soc.i_qspi._12666_/A0                 1.000000    1.554193   -0.554193 (VIOLATED)
ANTENNA_i_soc.i_qspi._12600__A0/DIODE    1.000000    1.554193   -0.554193 (VIOLATED)
ANTENNA_i_soc.i_qspi._12666__A0/DIODE    1.000000    1.554191   -0.554191 (VIOLATED)
ANTENNA_i_soc.i_qspi._12336__A0/DIODE    1.000000    1.554189   -0.554189 (VIOLATED)
ANTENNA_i_soc.i_qspi._12435__A1/DIODE    1.000000    1.554181   -0.554181 (VIOLATED)
i_soc.i_qspi._12336_/A0                 1.000000    1.554179   -0.554179 (VIOLATED)
i_soc.i_qspi._12435_/A1                 1.000000    1.554173   -0.554173 (VIOLATED)
i_soc.i_qspi._12402_/A0                 1.000000    1.554169   -0.554169 (VIOLATED)
ANTENNA_i_soc.i_qspi._12402__A0/DIODE    1.000000    1.554167   -0.554167 (VIOLATED)
ANTENNA_i_soc.i_qspi._12369__A0/DIODE    1.000000    1.554153   -0.554153 (VIOLATED)
i_soc.i_qspi._12369_/A0                 1.000000    1.554154   -0.554154 (VIOLATED)
ANTENNA_i_soc.i_qspi._12270__A0/DIODE    1.000000    1.554142   -0.554142 (VIOLATED)
i_soc.i_qspi._12270_/A0                 1.000000    1.554142   -0.554142 (VIOLATED)
i_soc.i_crossbar._1210_/X               1.000000    1.554134   -0.554134 (VIOLATED)
ANTENNA_i_soc.i_qspi._12237__A0/DIODE    1.000000    1.554130   -0.554130 (VIOLATED)
i_soc.i_qspi._12237_/A0                 1.000000    1.554125   -0.554125 (VIOLATED)
ANTENNA_i_soc.i_qspi._12171__A1/DIODE    1.000000    1.554114   -0.554114 (VIOLATED)
i_soc.i_qspi._12171_/A1                 1.000000    1.554109   -0.554109 (VIOLATED)
ANTENNA_i_soc.i_qspi._12138__A1/DIODE    1.000000    1.554090   -0.554090 (VIOLATED)
i_soc.i_qspi._12138_/A1                 1.000000    1.554090   -0.554090 (VIOLATED)
ANTENNA_i_soc.i_qspi._11340__A0/DIODE    1.000000    1.554085   -0.554085 (VIOLATED)
i_soc.i_qspi._11505_/A0                 1.000000    1.554077   -0.554077 (VIOLATED)
ANTENNA_i_soc.i_qspi._11505__A0/DIODE    1.000000    1.554077   -0.554077 (VIOLATED)
i_soc.i_qspi._11340_/A0                 1.000000    1.554075   -0.554075 (VIOLATED)
i_soc.i_qspi._11373_/A0                 1.000000    1.554074   -0.554074 (VIOLATED)
ANTENNA_i_soc.i_qspi._11173__A0/DIODE    1.000000    1.554070   -0.554070 (VIOLATED)
i_soc.i_qspi._11173_/A0                 1.000000    1.554070   -0.554070 (VIOLATED)
ANTENNA_i_soc.i_qspi._11140__A0/DIODE    1.000000    1.554069   -0.554069 (VIOLATED)
i_soc.i_qspi._11140_/A0                 1.000000    1.554069   -0.554069 (VIOLATED)
ANTENNA_i_soc.i_qspi._11206__A0/DIODE    1.000000    1.554068   -0.554068 (VIOLATED)
ANTENNA_i_soc.i_qspi._11373__A0/DIODE    1.000000    1.554068   -0.554068 (VIOLATED)
i_soc.i_qspi._11206_/A0                 1.000000    1.554068   -0.554068 (VIOLATED)
ANTENNA_i_soc.i_qspi._11041__A0/DIODE    1.000000    1.554066   -0.554066 (VIOLATED)
ANTENNA_i_soc.i_qspi._11239__A0/DIODE    1.000000    1.554066   -0.554066 (VIOLATED)
i_soc.i_qspi._11041_/A0                 1.000000    1.554066   -0.554066 (VIOLATED)
i_soc.i_qspi._11239_/A0                 1.000000    1.554066   -0.554066 (VIOLATED)
ANTENNA_i_soc.i_qspi._11074__A0/DIODE    1.000000    1.554064   -0.554064 (VIOLATED)
i_soc.i_qspi._11074_/A0                 1.000000    1.554064   -0.554064 (VIOLATED)
i_soc.i_qspi._11008_/A1                 1.000000    1.554062   -0.554062 (VIOLATED)
i_soc.i_qspi._11307_/A1                 1.000000    1.554062   -0.554062 (VIOLATED)
ANTENNA_i_soc.i_qspi._10974__A1/DIODE    1.000000    1.554061   -0.554061 (VIOLATED)
ANTENNA_i_soc.i_qspi._11307__A1/DIODE    1.000000    1.554061   -0.554061 (VIOLATED)
i_soc.i_qspi._10974_/A1                 1.000000    1.554061   -0.554061 (VIOLATED)
ANTENNA_i_soc.i_qspi._11008__A1/DIODE    1.000000    1.554058   -0.554058 (VIOLATED)
ANTENNA_i_soc.i_qspi._11274__A1/DIODE    1.000000    1.554054   -0.554054 (VIOLATED)
i_soc.i_qspi._11274_/A1                 1.000000    1.554055   -0.554055 (VIOLATED)
i_soc.i_qspi._11439_/A0                 1.000000    1.554050   -0.554050 (VIOLATED)
i_soc.i_qspi._11538_/A0                 1.000000    1.554049   -0.554049 (VIOLATED)
ANTENNA_i_soc.i_qspi._11439__A0/DIODE    1.000000    1.554047   -0.554047 (VIOLATED)
ANTENNA_i_soc.i_qspi._11538__A0/DIODE    1.000000    1.554044   -0.554043 (VIOLATED)
i_soc.i_qspi._11406_/A0                 1.000000    1.554043   -0.554043 (VIOLATED)
ANTENNA_i_soc.i_qspi._11406__A0/DIODE    1.000000    1.554042   -0.554043 (VIOLATED)
ANTENNA_fanout1476_X/DIODE              1.000000    1.554038   -0.554038 (VIOLATED)
fanout1476/X                            1.000000    1.554036   -0.554036 (VIOLATED)
ANTENNA_i_soc.i_data_sram.u_sram.gen_bank[1].gen_512.u_macro_din0[25]/DIODE    1.000000    1.553900   -0.553900 (VIOLATED)
ANTENNA_i_soc.i_instr_sram.u_sram.gen_bank[3].gen_512.u_macro_din0[30]/DIODE    1.000000    1.553782   -0.553782 (VIOLATED)
i_soc.i_ai_sram.u_sram.gen_bank[4].gen_512.u_macro/din0[16]    1.000000    1.552859   -0.552859 (VIOLATED)
i_soc.i_ai_sram.u_sram.gen_bank[4].gen_512.u_macro/din0[25]    1.000000    1.552547   -0.552547 (VIOLATED)
ANTENNA_i_soc.i_instr_sram.u_sram.gen_bank[2].gen_512.u_macro_din0[12]/DIODE    1.000000    1.551371   -0.551371 (VIOLATED)
ANTENNA_i_soc.i_ai_sram.u_sram._605__X/DIODE    1.000000    1.548067   -0.548067 (VIOLATED)
i_soc.i_ai_sram.u_sram._605_/X          1.000000    1.548053   -0.548053 (VIOLATED)
ANTENNA_i_soc.i_instr_sram.u_sram.gen_bank[3].gen_512.u_macro_din0[16]/DIODE    1.000000    1.545965   -0.545965 (VIOLATED)
i_soc.i_ai_sram.u_sram.gen_bank[1].gen_512.u_macro/din0[31]    1.000000    1.545428   -0.545428 (VIOLATED)
ANTENNA_i_soc.i_data_sram.u_sram.gen_bank[3].gen_512.u_macro_din0[8]/DIODE    1.000000    1.543414   -0.543414 (VIOLATED)
i_soc.i_ai_sram.u_sram._463_/B          1.000000    1.542689   -0.542689 (VIOLATED)
ANTENNA_i_soc.i_ai_sram.u_sram._463__B/DIODE    1.000000    1.542672   -0.542672 (VIOLATED)
ANTENNA_i_soc.i_data_sram.u_sram.gen_bank[2].gen_512.u_macro_din0[13]/DIODE    1.000000    1.540317   -0.540317 (VIOLATED)
ANTENNA_i_soc.i_instr_sram.u_sram.gen_bank[1].gen_512.u_macro_din0[25]/DIODE    1.000000    1.538789   -0.538789 (VIOLATED)
ANTENNA_i_soc.i_crossbar._1629__X/DIODE    1.000000    1.538653   -0.538653 (VIOLATED)
i_soc.i_crossbar._1629_/X               1.000000    1.538629   -0.538629 (VIOLATED)
ANTENNA_i_soc.i_data_sram.u_sram.gen_bank[0].gen_512.u_macro_din0[13]/DIODE    1.000000    1.538560   -0.538560 (VIOLATED)
i_soc.i_instr_sram.u_sram.gen_bank[3].gen_512.u_macro/din0[13]    1.000000    1.538493   -0.538493 (VIOLATED)
ANTENNA_i_soc.i_instr_sram.u_sram.gen_bank[0].gen_512.u_macro_din0[11]/DIODE    1.000000    1.538455   -0.538455 (VIOLATED)
ANTENNA_i_soc.i_crossbar._1199__X/DIODE    1.000000    1.538441   -0.538441 (VIOLATED)
i_soc.i_crossbar._1199_/X               1.000000    1.538420   -0.538420 (VIOLATED)
output33/A                              1.000000    1.535575   -0.535575 (VIOLATED)
ANTENNA_output33_A/DIODE                1.000000    1.535558   -0.535558 (VIOLATED)
ANTENNA_i_soc.i_data_sram.u_sram.gen_bank[1].gen_512.u_macro_din0[20]/DIODE    1.000000    1.535363   -0.535363 (VIOLATED)
ANTENNA_i_soc.i_instr_sram.u_sram.gen_bank[2].gen_512.u_macro_din0[19]/DIODE    1.000000    1.534467   -0.534467 (VIOLATED)
i_soc.i_ai_sram.u_sram.gen_bank[0].gen_512.u_macro/din0[19]    1.000000    1.533872   -0.533872 (VIOLATED)
ANTENNA_i_soc.i_data_sram.u_sram.gen_bank[3].gen_512.u_macro_din0[18]/DIODE    1.000000    1.533409   -0.533409 (VIOLATED)
ANTENNA_i_soc.i_ai_sram.u_sram._561__X/DIODE    1.000000    1.533380   -0.533380 (VIOLATED)
i_soc.i_ai_sram.u_sram._561_/X          1.000000    1.533312   -0.533312 (VIOLATED)
i_soc.i_qspi._11768_/A0                 1.000000    1.532244   -0.532244 (VIOLATED)
i_soc.i_qspi._11801_/A0                 1.000000    1.532244   -0.532244 (VIOLATED)
ANTENNA_i_soc.i_qspi._11801__A0/DIODE    1.000000    1.532241   -0.532241 (VIOLATED)
ANTENNA_i_soc.i_qspi._11702__A0/DIODE    1.000000    1.532239   -0.532239 (VIOLATED)
i_soc.i_qspi._11702_/A0                 1.000000    1.532239   -0.532239 (VIOLATED)
i_soc.i_qspi._11735_/A0                 1.000000    1.532238   -0.532238 (VIOLATED)
ANTENNA_i_soc.i_qspi._11735__A0/DIODE    1.000000    1.532235   -0.532235 (VIOLATED)
ANTENNA_i_soc.i_qspi._11768__A0/DIODE    1.000000    1.532235   -0.532235 (VIOLATED)
i_soc.i_qspi._11636_/A0                 1.000000    1.532228   -0.532228 (VIOLATED)
ANTENNA_i_soc.i_qspi._12100__A0/DIODE    1.000000    1.532222   -0.532222 (VIOLATED)
i_soc.i_qspi._12100_/A0                 1.000000    1.532222   -0.532222 (VIOLATED)
i_soc.i_qspi._12001_/A0                 1.000000    1.532221   -0.532221 (VIOLATED)
i_soc.i_qspi._12034_/A0                 1.000000    1.532221   -0.532221 (VIOLATED)
ANTENNA_i_soc.i_qspi._12034__A0/DIODE    1.000000    1.532220   -0.532220 (VIOLATED)
ANTENNA_i_soc.i_qspi._12001__A0/DIODE    1.000000    1.532220   -0.532220 (VIOLATED)
i_soc.i_qspi._11669_/A0                 1.000000    1.532219   -0.532219 (VIOLATED)
i_soc.i_qspi._12067_/A0                 1.000000    1.532211   -0.532211 (VIOLATED)
i_soc.i_qspi._11935_/A0                 1.000000    1.532210   -0.532210 (VIOLATED)
ANTENNA_i_soc.i_qspi._12067__A0/DIODE    1.000000    1.532209   -0.532209 (VIOLATED)
ANTENNA_i_soc.i_qspi._11636__A0/DIODE    1.000000    1.532208   -0.532208 (VIOLATED)
ANTENNA_i_soc.i_qspi._11935__A0/DIODE    1.000000    1.532208   -0.532208 (VIOLATED)
ANTENNA_i_soc.i_qspi._11669__A0/DIODE    1.000000    1.532199   -0.532199 (VIOLATED)
i_soc.i_qspi._11968_/A0                 1.000000    1.532195   -0.532195 (VIOLATED)
i_soc.i_qspi._11570_/A1                 1.000000    1.532180   -0.532180 (VIOLATED)
ANTENNA_i_soc.i_qspi._11570__A1/DIODE    1.000000    1.532179   -0.532179 (VIOLATED)
ANTENNA_i_soc.i_qspi._11968__A0/DIODE    1.000000    1.532175   -0.532175 (VIOLATED)
i_soc.i_qspi._11603_/A1                 1.000000    1.532172   -0.532172 (VIOLATED)
ANTENNA_i_soc.i_qspi._11603__A1/DIODE    1.000000    1.532171   -0.532171 (VIOLATED)
ANTENNA_i_soc.i_qspi._11902__A1/DIODE    1.000000    1.532123   -0.532123 (VIOLATED)
i_soc.i_qspi._11902_/A1                 1.000000    1.532122   -0.532122 (VIOLATED)
ANTENNA_i_soc.i_qspi._11869__A1/DIODE    1.000000    1.532118   -0.532118 (VIOLATED)
i_soc.i_qspi._11869_/A1                 1.000000    1.532096   -0.532096 (VIOLATED)
ANTENNA_i_soc.i_qspi._12201__A0/DIODE    1.000000    1.532058   -0.532058 (VIOLATED)
i_soc.i_qspi._12201_/A0                 1.000000    1.532058   -0.532058 (VIOLATED)
ANTENNA_i_soc.i_qspi._12762__A0/DIODE    1.000000    1.532056   -0.532056 (VIOLATED)
ANTENNA_i_soc.i_qspi._12564__A0/DIODE    1.000000    1.532056   -0.532056 (VIOLATED)
i_soc.i_qspi._12762_/A0                 1.000000    1.532056   -0.532056 (VIOLATED)
i_soc.i_qspi._12564_/A0                 1.000000    1.532055   -0.532055 (VIOLATED)
i_soc.i_qspi._12729_/A0                 1.000000    1.532054   -0.532054 (VIOLATED)
ANTENNA_i_soc.i_qspi._12729__A0/DIODE    1.000000    1.532053   -0.532053 (VIOLATED)
ANTENNA_i_soc.i_qspi._11469__A0/DIODE    1.000000    1.532050   -0.532050 (VIOLATED)
i_soc.i_qspi._11469_/A0                 1.000000    1.532049   -0.532049 (VIOLATED)
i_soc.i_qspi._11834_/A0                 1.000000    1.532045   -0.532045 (VIOLATED)
ANTENNA_i_soc.i_qspi._11834__A0/DIODE    1.000000    1.532043   -0.532043 (VIOLATED)
i_soc.i_qspi._11104_/A1                 1.000000    1.532041   -0.532041 (VIOLATED)
ANTENNA_i_soc.i_qspi._11104__A1/DIODE    1.000000    1.532039   -0.532039 (VIOLATED)
i_soc.i_qspi._10708_/A1                 1.000000    1.532028   -0.532028 (VIOLATED)
ANTENNA_i_soc.i_qspi._10708__A1/DIODE    1.000000    1.532018   -0.532018 (VIOLATED)
ANTENNA_i_soc.i_qspi._10902__A0/DIODE    1.000000    1.531955   -0.531955 (VIOLATED)
i_soc.i_qspi._10902_/A0                 1.000000    1.531929   -0.531929 (VIOLATED)
i_soc.i_qspi._10936_/A0                 1.000000    1.531919   -0.531919 (VIOLATED)
ANTENNA_i_soc.i_qspi._10834__A0/DIODE    1.000000    1.531917   -0.531917 (VIOLATED)
ANTENNA_i_soc.i_qspi._10868__A0/DIODE    1.000000    1.531917   -0.531917 (VIOLATED)
i_soc.i_qspi._10834_/A0                 1.000000    1.531917   -0.531917 (VIOLATED)
i_soc.i_qspi._10868_/A0                 1.000000    1.531917   -0.531917 (VIOLATED)
ANTENNA_i_soc.i_qspi._10936__A0/DIODE    1.000000    1.531906   -0.531907 (VIOLATED)
ANTENNA_i_soc.i_qspi._12795__A1/DIODE    1.000000    1.531900   -0.531900 (VIOLATED)
ANTENNA_i_soc.i_qspi._12828__A1/DIODE    1.000000    1.531899   -0.531899 (VIOLATED)
i_soc.i_qspi._12795_/A1                 1.000000    1.531900   -0.531900 (VIOLATED)
i_soc.i_qspi._12828_/A1                 1.000000    1.531900   -0.531900 (VIOLATED)
ANTENNA_i_soc.i_qspi._10766__A0/DIODE    1.000000    1.531898   -0.531898 (VIOLATED)
i_soc.i_qspi._10766_/A0                 1.000000    1.531897   -0.531897 (VIOLATED)
ANTENNA_i_soc.i_qspi._10800__A0/DIODE    1.000000    1.531894   -0.531894 (VIOLATED)
i_soc.i_qspi._10800_/A0                 1.000000    1.531894   -0.531894 (VIOLATED)
ANTENNA_fanout1484_X/DIODE              1.000000    1.531887   -0.531887 (VIOLATED)
fanout1484/X                            1.000000    1.531887   -0.531887 (VIOLATED)
i_soc.i_ai_sram.u_sram.gen_bank[4].gen_512.u_macro/din0[20]    1.000000    1.531129   -0.531129 (VIOLATED)
i_soc.i_ai_sram.u_sram.gen_bank[0].gen_512.u_macro/din0[26]    1.000000    1.530600   -0.530600 (VIOLATED)
ANTENNA_i_soc.i_data_sram.u_sram.gen_bank[3].gen_512.u_macro_din0[12]/DIODE    1.000000    1.530358   -0.530358 (VIOLATED)
i_soc.i_instr_sram.u_sram.gen_bank[0].gen_512.u_macro/din0[13]    1.000000    1.530236   -0.530236 (VIOLATED)
ANTENNA_i_soc.i_data_sram.u_sram.gen_bank[3].gen_512.u_macro_din0[15]/DIODE    1.000000    1.528163   -0.528163 (VIOLATED)
i_soc.i_ai_sram.u_sram.gen_bank[0].gen_512.u_macro/din0[28]    1.000000    1.528032   -0.528032 (VIOLATED)
i_soc.i_ai_sram.u_sram.gen_bank[0].gen_512.u_macro/din0[15]    1.000000    1.527312   -0.527312 (VIOLATED)
i_soc.i_ai_sram.u_sram.gen_bank[0].gen_512.u_macro/din0[9]    1.000000    1.526896   -0.526896 (VIOLATED)
ANTENNA_i_soc.i_data_sram.u_sram.gen_bank[3].gen_512.u_macro_din0[27]/DIODE    1.000000    1.526046   -0.526046 (VIOLATED)
i_soc.i_ai_sram.u_sram._507_/B          1.000000    1.525955   -0.525955 (VIOLATED)
ANTENNA_i_soc.i_ai_sram.u_sram._507__B/DIODE    1.000000    1.525938   -0.525938 (VIOLATED)
ANTENNA_i_soc.i_instr_sram.u_sram.gen_bank[2].gen_512.u_macro_din0[4]/DIODE    1.000000    1.525668   -0.525668 (VIOLATED)
i_soc.i_ai_sram.u_sram.gen_bank[4].gen_512.u_macro/din0[10]    1.000000    1.525535   -0.525535 (VIOLATED)
i_soc.i_qspi._11159_/A0                 1.000000    1.525056   -0.525056 (VIOLATED)
ANTENNA_i_soc.i_qspi._11159__A0/DIODE    1.000000    1.525055   -0.525055 (VIOLATED)
ANTENNA_i_soc.i_qspi._11192__A0/DIODE    1.000000    1.525054   -0.525054 (VIOLATED)
i_soc.i_qspi._11192_/A0                 1.000000    1.525054   -0.525054 (VIOLATED)
i_soc.i_qspi._11258_/A0                 1.000000    1.525048   -0.525048 (VIOLATED)
ANTENNA_i_soc.i_qspi._11258__A0/DIODE    1.000000    1.525042   -0.525042 (VIOLATED)
i_soc.i_qspi._11225_/A0                 1.000000    1.525042   -0.525042 (VIOLATED)
ANTENNA_i_soc.i_qspi._11225__A0/DIODE    1.000000    1.525037   -0.525037 (VIOLATED)
i_soc.i_qspi._12619_/A0                 1.000000    1.525034   -0.525034 (VIOLATED)
i_soc.i_qspi._12652_/A0                 1.000000    1.525035   -0.525035 (VIOLATED)
ANTENNA_i_soc.i_qspi._12685__A0/DIODE    1.000000    1.525031   -0.525031 (VIOLATED)
i_soc.i_qspi._10993_/A1                 1.000000    1.525031   -0.525031 (VIOLATED)
ANTENNA_i_soc.i_qspi._10993__A1/DIODE    1.000000    1.525029   -0.525029 (VIOLATED)
i_soc.i_qspi._12685_/A0                 1.000000    1.525029   -0.525029 (VIOLATED)
i_soc.i_qspi._12718_/A0                 1.000000    1.525026   -0.525026 (VIOLATED)
ANTENNA_i_soc.i_qspi._12718__A0/DIODE    1.000000    1.525021   -0.525021 (VIOLATED)
ANTENNA_i_soc.i_qspi._11093__A0/DIODE    1.000000    1.525021   -0.525021 (VIOLATED)
i_soc.i_qspi._11093_/A0                 1.000000    1.525020   -0.525020 (VIOLATED)
ANTENNA_i_soc.i_qspi._11027__A1/DIODE    1.000000    1.525018   -0.525018 (VIOLATED)
ANTENNA_i_soc.i_qspi._11060__A0/DIODE    1.000000    1.525018   -0.525018 (VIOLATED)
ANTENNA_i_soc.i_qspi._12619__A0/DIODE    1.000000    1.525018   -0.525018 (VIOLATED)
ANTENNA_i_soc.i_qspi._12652__A0/DIODE    1.000000    1.525019   -0.525019 (VIOLATED)
i_soc.i_qspi._11027_/A1                 1.000000    1.525018   -0.525018 (VIOLATED)
i_soc.i_qspi._11060_/A0                 1.000000    1.525018   -0.525018 (VIOLATED)
ANTENNA_i_soc.i_qspi._12487__A1/DIODE    1.000000    1.525018   -0.525018 (VIOLATED)
i_soc.i_qspi._12487_/A1                 1.000000    1.525017   -0.525017 (VIOLATED)
i_soc.i_qspi._12454_/A1                 1.000000    1.525016   -0.525016 (VIOLATED)
i_soc.i_qspi._11425_/A0                 1.000000    1.525012   -0.525012 (VIOLATED)
ANTENNA_i_soc.i_qspi._11425__A0/DIODE    1.000000    1.525011   -0.525011 (VIOLATED)
ANTENNA_i_soc.i_qspi._12454__A1/DIODE    1.000000    1.525007   -0.525007 (VIOLATED)
i_soc.i_qspi._12520_/A0                 1.000000    1.525000   -0.525000 (VIOLATED)
ANTENNA_i_soc.i_qspi._12520__A0/DIODE    1.000000    1.524998   -0.524998 (VIOLATED)
ANTENNA_i_soc.i_qspi._11458__A0/DIODE    1.000000    1.524997   -0.524997 (VIOLATED)
i_soc.i_qspi._11458_/A0                 1.000000    1.524994   -0.524994 (VIOLATED)
i_soc.i_qspi._12553_/A0                 1.000000    1.524986   -0.524985 (VIOLATED)
ANTENNA_i_soc.i_qspi._12553__A0/DIODE    1.000000    1.524983   -0.524983 (VIOLATED)
ANTENNA_i_soc.i_qspi._12355__A0/DIODE    1.000000    1.524976   -0.524976 (VIOLATED)
i_soc.i_qspi._12355_/A0                 1.000000    1.524976   -0.524976 (VIOLATED)
i_soc.i_qspi._12322_/A0                 1.000000    1.524972   -0.524972 (VIOLATED)
ANTENNA_i_soc.i_qspi._11557__A0/DIODE    1.000000    1.524967   -0.524967 (VIOLATED)
ANTENNA_i_soc.i_qspi._12322__A0/DIODE    1.000000    1.524958   -0.524958 (VIOLATED)
i_soc.i_qspi._11557_/A0                 1.000000    1.524952   -0.524952 (VIOLATED)
i_soc.i_qspi._11524_/A0                 1.000000    1.524948   -0.524948 (VIOLATED)
i_soc.i_qspi._12256_/A0                 1.000000    1.524947   -0.524947 (VIOLATED)
ANTENNA_i_soc.i_qspi._12256__A0/DIODE    1.000000    1.524947   -0.524947 (VIOLATED)
i_soc.i_qspi._12289_/A0                 1.000000    1.524947   -0.524947 (VIOLATED)
ANTENNA_i_soc.i_qspi._12289__A0/DIODE    1.000000    1.524946   -0.524946 (VIOLATED)
i_soc.i_qspi._12190_/A1                 1.000000    1.524945   -0.524945 (VIOLATED)
ANTENNA_i_soc.i_qspi._12190__A1/DIODE    1.000000    1.524945   -0.524945 (VIOLATED)
ANTENNA_i_soc.i_qspi._12388__A0/DIODE    1.000000    1.524942   -0.524942 (VIOLATED)
i_soc.i_qspi._12388_/A0                 1.000000    1.524941   -0.524941 (VIOLATED)
i_soc.i_qspi._12157_/A1                 1.000000    1.524939   -0.524939 (VIOLATED)
ANTENNA_i_soc.i_qspi._12157__A1/DIODE    1.000000    1.524935   -0.524935 (VIOLATED)
ANTENNA_i_soc.i_qspi._11524__A0/DIODE    1.000000    1.524926   -0.524926 (VIOLATED)
i_soc.i_qspi._11359_/A0                 1.000000    1.524913   -0.524913 (VIOLATED)
ANTENNA_i_soc.i_qspi._12421__A0/DIODE    1.000000    1.524908   -0.524908 (VIOLATED)
i_soc.i_qspi._11392_/A0                 1.000000    1.524900   -0.524900 (VIOLATED)
i_soc.i_qspi._12421_/A0                 1.000000    1.524898   -0.524898 (VIOLATED)
ANTENNA_i_soc.i_qspi._11293__A1/DIODE    1.000000    1.524889   -0.524888 (VIOLATED)
ANTENNA_i_soc.i_qspi._11326__A1/DIODE    1.000000    1.524889   -0.524888 (VIOLATED)
i_soc.i_qspi._11293_/A1                 1.000000    1.524884   -0.524884 (VIOLATED)
ANTENNA_i_soc.i_qspi._11392__A0/DIODE    1.000000    1.524884   -0.524884 (VIOLATED)
ANTENNA_i_soc.i_qspi._11359__A0/DIODE    1.000000    1.524878   -0.524877 (VIOLATED)
i_soc.i_qspi._11326_/A1                 1.000000    1.524863   -0.524863 (VIOLATED)
ANTENNA_fanout1140_X/DIODE              1.000000    1.524859   -0.524859 (VIOLATED)
fanout1140/X                            1.000000    1.524855   -0.524855 (VIOLATED)
ANTENNA_i_soc.i_data_sram.u_sram.gen_bank[2].gen_512.u_macro_din0[12]/DIODE    1.000000    1.524405   -0.524405 (VIOLATED)
ANTENNA_i_soc.i_data_sram.u_sram.gen_bank[3].gen_512.u_macro_din0[16]/DIODE    1.000000    1.523933   -0.523933 (VIOLATED)
i_soc.i_ai_sram.u_sram._430_/B          1.000000    1.521631   -0.521631 (VIOLATED)
ANTENNA_i_soc.i_ai_sram.u_sram._430__B/DIODE    1.000000    1.521626   -0.521626 (VIOLATED)
ANTENNA_i_soc.i_data_sram.u_sram.gen_bank[1].gen_512.u_macro_din0[12]/DIODE    1.000000    1.521309   -0.521309 (VIOLATED)
ANTENNA_i_soc.i_data_sram.u_sram.gen_bank[2].gen_512.u_macro_din0[27]/DIODE    1.000000    1.521221   -0.521221 (VIOLATED)
i_soc.i_instr_sram.u_sram.gen_bank[1].gen_512.u_macro/din0[13]    1.000000    1.520896   -0.520896 (VIOLATED)
ANTENNA_i_soc.i_instr_sram.u_sram.gen_bank[0].gen_512.u_macro_din0[22]/DIODE    1.000000    1.520294   -0.520294 (VIOLATED)
i_soc.i_ai_sram.u_sram._502_/B          1.000000    1.520030   -0.520030 (VIOLATED)
ANTENNA_i_soc.i_ai_sram.u_sram._502__B/DIODE    1.000000    1.520022   -0.520022 (VIOLATED)
ANTENNA_i_soc.i_data_sram.u_sram.gen_bank[1].gen_512.u_macro_din0[15]/DIODE    1.000000    1.519626   -0.519626 (VIOLATED)
ANTENNA_i_soc.i_instr_sram.u_sram.gen_bank[2].gen_512.u_macro_din0[21]/DIODE    1.000000    1.519305   -0.519306 (VIOLATED)
i_soc.i_gpio._211_/D                    1.000000    1.518592   -0.518592 (VIOLATED)
ANTENNA_i_soc.i_gpio._211__D/DIODE      1.000000    1.518589   -0.518589 (VIOLATED)
ANTENNA_i_soc.i_data_sram.u_sram.gen_bank[3].gen_512.u_macro_din0[29]/DIODE    1.000000    1.518384   -0.518384 (VIOLATED)
ANTENNA_i_soc.i_data_sram.u_sram.gen_bank[2].gen_512.u_macro_din0[15]/DIODE    1.000000    1.518377   -0.518377 (VIOLATED)
ANTENNA_i_soc.i_ai_accel.u_conv_out.gen_bank[0].gen_512.u_macro_csb0/DIODE    1.000000    1.518112   -0.518112 (VIOLATED)
ANTENNA__14__X/DIODE                    1.000000    1.517736   -0.517736 (VIOLATED)
_14_/X                                  1.000000    1.517720   -0.517720 (VIOLATED)
ANTENNA_i_soc.i_data_sram.u_sram.gen_bank[0].gen_512.u_macro_din0[12]/DIODE    1.000000    1.517677   -0.517677 (VIOLATED)
ANTENNA_i_soc.i_crossbar._1198__X/DIODE    1.000000    1.517667   -0.517667 (VIOLATED)
i_soc.i_crossbar._1198_/X               1.000000    1.517643   -0.517643 (VIOLATED)
ANTENNA_i_soc.i_ai_accel._12792__Y/DIODE    1.000000    1.517447   -0.517447 (VIOLATED)
ANTENNA_i_soc.i_ai_accel._19541__A/DIODE    1.000000    1.517443   -0.517443 (VIOLATED)
ANTENNA_rebuffer8939_A/DIODE            1.000000    1.517443   -0.517443 (VIOLATED)
ANTENNA_i_soc.i_ai_accel._12794__B/DIODE    1.000000    1.517441   -0.517441 (VIOLATED)
ANTENNA_i_soc.i_instr_sram.u_sram.gen_bank[0].gen_512.u_macro_din0[14]/DIODE    1.000000    1.517441   -0.517441 (VIOLATED)
clone19940/Y                            1.000000    1.517439   -0.517439 (VIOLATED)
ANTENNA_i_soc.i_data_sram.u_sram.gen_bank[1].gen_512.u_macro_din0[8]/DIODE    1.000000    1.516923   -0.516923 (VIOLATED)
ANTENNA_i_soc.i_ai_sram.u_sram._429__X/DIODE    1.000000    1.516609   -0.516609 (VIOLATED)
i_soc.i_ai_sram.u_sram._429_/X          1.000000    1.516581   -0.516581 (VIOLATED)
ANTENNA_196/DIODE                       1.000000    1.516572   -0.516572 (VIOLATED)
ANTENNA_194/DIODE                       1.000000    1.516556   -0.516556 (VIOLATED)
ANTENNA_192/DIODE                       1.000000    1.516536   -0.516536 (VIOLATED)
ANTENNA_190/DIODE                       1.000000    1.516520   -0.516520 (VIOLATED)
ANTENNA_189/DIODE                       1.000000    1.516507   -0.516507 (VIOLATED)
ANTENNA_191/DIODE                       1.000000    1.516507   -0.516507 (VIOLATED)
ANTENNA_193/DIODE                       1.000000    1.516507   -0.516507 (VIOLATED)
ANTENNA_195/DIODE                       1.000000    1.516507   -0.516507 (VIOLATED)
ANTENNA_i_soc.i_data_sram.u_sram.gen_bank[3].gen_512.u_macro_din0[28]/DIODE    1.000000    1.516460   -0.516460 (VIOLATED)
ANTENNA_i_soc.i_ai_sram.u_sram._550__X/DIODE    1.000000    1.516438   -0.516438 (VIOLATED)
i_soc.i_ai_sram.u_sram._550_/X          1.000000    1.516387   -0.516388 (VIOLATED)
ANTENNA_i_soc.i_data_sram.u_sram.gen_bank[0].gen_512.u_macro_din0[15]/DIODE    1.000000    1.514874   -0.514874 (VIOLATED)
ANTENNA_i_soc.i_crossbar._1201__X/DIODE    1.000000    1.514834   -0.514834 (VIOLATED)
i_soc.i_crossbar._1201_/X               1.000000    1.514774   -0.514774 (VIOLATED)
ANTENNA_i_soc.i_instr_sram.u_sram.gen_bank[1].gen_512.u_macro_din0[30]/DIODE    1.000000    1.513303   -0.513303 (VIOLATED)
ANTENNA_i_soc.i_crossbar._1634__X/DIODE    1.000000    1.513141   -0.513141 (VIOLATED)
i_soc.i_crossbar._1634_/X               1.000000    1.513141   -0.513141 (VIOLATED)
ANTENNA_i_soc.i_data_sram.u_sram.gen_bank[3].gen_512.u_macro_din0[6]/DIODE    1.000000    1.512946   -0.512946 (VIOLATED)
ANTENNA_188/DIODE                       1.000000    1.511460   -0.511460 (VIOLATED)
ANTENNA_186/DIODE                       1.000000    1.511446   -0.511446 (VIOLATED)
ANTENNA_183/DIODE                       1.000000    1.511433   -0.511433 (VIOLATED)
ANTENNA_185/DIODE                       1.000000    1.511433   -0.511433 (VIOLATED)
ANTENNA_187/DIODE                       1.000000    1.511433   -0.511433 (VIOLATED)
ANTENNA_i_soc.i_ai_sram.u_sram._528__X/DIODE    1.000000    1.511433   -0.511433 (VIOLATED)
ANTENNA_184/DIODE                       1.000000    1.511412   -0.511412 (VIOLATED)
i_soc.i_ai_sram.u_sram._528_/X          1.000000    1.511356   -0.511356 (VIOLATED)
ANTENNA_i_soc.i_ai_sram.u_sram._623__B/DIODE    1.000000    1.510711   -0.510711 (VIOLATED)
i_soc.i_ai_sram.u_sram._623_/B          1.000000    1.510710   -0.510710 (VIOLATED)
i_soc.i_ai_sram.u_sram.gen_bank[4].gen_512.u_macro/din0[7]    1.000000    1.509771   -0.509771 (VIOLATED)
ANTENNA_i_soc.i_data_sram.u_sram.gen_bank[1].gen_512.u_macro_din0[27]/DIODE    1.000000    1.509461   -0.509461 (VIOLATED)
ANTENNA_i_soc.i_data_sram.u_sram.gen_bank[3].gen_512.u_macro_din0[11]/DIODE    1.000000    1.509145   -0.509145 (VIOLATED)
ANTENNA_i_soc.i_instr_sram.u_sram.gen_bank[3].gen_512.u_macro_din0[15]/DIODE    1.000000    1.508984   -0.508984 (VIOLATED)
ANTENNA_i_soc.i_instr_sram.u_sram.gen_bank[2].gen_512.u_macro_din0[6]/DIODE    1.000000    1.508387   -0.508387 (VIOLATED)
ANTENNA_i_soc.i_data_sram.u_sram.gen_bank[1].gen_512.u_macro_din0[18]/DIODE    1.000000    1.506986   -0.506986 (VIOLATED)
i_soc.i_ai_sram.u_sram._683_/B          1.000000    1.506111   -0.506111 (VIOLATED)
ANTENNA_i_soc.i_ai_sram.u_sram._683__B/DIODE    1.000000    1.506110   -0.506110 (VIOLATED)
ANTENNA_i_soc.i_data_sram.u_sram.gen_bank[0].gen_512.u_macro_din0[27]/DIODE    1.000000    1.505731   -0.505731 (VIOLATED)
ANTENNA_i_soc.i_crossbar._1213__X/DIODE    1.000000    1.505661   -0.505661 (VIOLATED)
i_soc.i_crossbar._1213_/X               1.000000    1.505638   -0.505638 (VIOLATED)
ANTENNA_i_soc.i_instr_sram.u_sram.gen_bank[1].gen_512.u_macro_din0[16]/DIODE    1.000000    1.505211   -0.505211 (VIOLATED)
ANTENNA_i_soc.i_crossbar._1620__X/DIODE    1.000000    1.505099   -0.505099 (VIOLATED)
i_soc.i_crossbar._1620_/X               1.000000    1.505080   -0.505080 (VIOLATED)
ANTENNA_i_soc.i_qspi._12023__A0/DIODE    1.000000    1.504769   -0.504769 (VIOLATED)
i_soc.i_qspi._12023_/A0                 1.000000    1.504769   -0.504769 (VIOLATED)
ANTENNA_i_soc.i_qspi._12056__A0/DIODE    1.000000    1.504769   -0.504769 (VIOLATED)
i_soc.i_qspi._12056_/A0                 1.000000    1.504768   -0.504768 (VIOLATED)
ANTENNA_i_soc.i_qspi._12122__A0/DIODE    1.000000    1.504767   -0.504767 (VIOLATED)
i_soc.i_qspi._12122_/A0                 1.000000    1.504766   -0.504766 (VIOLATED)
i_soc.i_qspi._11990_/A0                 1.000000    1.504756   -0.504756 (VIOLATED)
i_soc.i_qspi._12089_/A0                 1.000000    1.504755   -0.504755 (VIOLATED)
ANTENNA_i_soc.i_qspi._11990__A0/DIODE    1.000000    1.504754   -0.504754 (VIOLATED)
i_soc.i_qspi._11957_/A0                 1.000000    1.504753   -0.504753 (VIOLATED)
ANTENNA_i_soc.i_qspi._12089__A0/DIODE    1.000000    1.504752   -0.504752 (VIOLATED)
ANTENNA_i_soc.i_qspi._11957__A0/DIODE    1.000000    1.504750   -0.504750 (VIOLATED)
i_soc.i_qspi._11924_/A1                 1.000000    1.504749   -0.504749 (VIOLATED)
ANTENNA_i_soc.i_qspi._11924__A1/DIODE    1.000000    1.504745   -0.504744 (VIOLATED)
ANTENNA_i_soc.i_qspi._11891__A1/DIODE    1.000000    1.504730   -0.504730 (VIOLATED)
i_soc.i_qspi._11891_/A1                 1.000000    1.504721   -0.504721 (VIOLATED)
i_soc.i_qspi._11592_/A1                 1.000000    1.504678   -0.504679 (VIOLATED)
i_soc.i_qspi._11625_/A1                 1.000000    1.504649   -0.504649 (VIOLATED)
ANTENNA_i_soc.i_qspi._11625__A1/DIODE    1.000000    1.504646   -0.504646 (VIOLATED)
ANTENNA_i_soc.i_qspi._11592__A1/DIODE    1.000000    1.504641   -0.504641 (VIOLATED)
ANTENNA_i_soc.i_qspi._11757__A0/DIODE    1.000000    1.504600   -0.504600 (VIOLATED)
ANTENNA_i_soc.i_qspi._11724__A0/DIODE    1.000000    1.504546   -0.504546 (VIOLATED)
i_soc.i_qspi._11757_/A0                 1.000000    1.504523   -0.504523 (VIOLATED)
i_soc.i_qspi._11724_/A0                 1.000000    1.504522   -0.504522 (VIOLATED)
i_soc.i_qspi._11790_/A0                 1.000000    1.504488   -0.504488 (VIOLATED)
i_soc.i_qspi._11823_/A0                 1.000000    1.504488   -0.504488 (VIOLATED)
ANTENNA_i_soc.i_qspi._11823__A0/DIODE    1.000000    1.504479   -0.504479 (VIOLATED)
ANTENNA_i_soc.i_qspi._11790__A0/DIODE    1.000000    1.504476   -0.504476 (VIOLATED)
i_soc.i_qspi._11658_/A0                 1.000000    1.504444   -0.504444 (VIOLATED)
ANTENNA_i_soc.i_qspi._11658__A0/DIODE    1.000000    1.504410   -0.504410 (VIOLATED)
ANTENNA_i_soc.i_qspi._11691__A0/DIODE    1.000000    1.504380   -0.504380 (VIOLATED)
i_soc.i_qspi._11691_/A0                 1.000000    1.504378   -0.504378 (VIOLATED)
ANTENNA_i_soc.i_data_sram.u_sram.gen_bank[1].gen_512.u_macro_din0[29]/DIODE    1.000000    1.504296   -0.504296 (VIOLATED)
ANTENNA_i_soc.i_qspi._10752__A1/DIODE    1.000000    1.504231   -0.504231 (VIOLATED)
ANTENNA_i_soc.i_qspi._11126__A1/DIODE    1.000000    1.504231   -0.504231 (VIOLATED)
i_soc.i_qspi._10752_/A1                 1.000000    1.504231   -0.504231 (VIOLATED)
i_soc.i_qspi._11126_/A1                 1.000000    1.504217   -0.504217 (VIOLATED)
ANTENNA_i_soc.i_qspi._11491__A0/DIODE    1.000000    1.504165   -0.504165 (VIOLATED)
i_soc.i_qspi._11491_/A0                 1.000000    1.504129   -0.504129 (VIOLATED)
ANTENNA_i_soc.i_qspi._11856__A0/DIODE    1.000000    1.504123   -0.504123 (VIOLATED)
i_soc.i_qspi._11856_/A0                 1.000000    1.504123   -0.504123 (VIOLATED)
i_soc.i_qspi._12784_/A0                 1.000000    1.504109   -0.504109 (VIOLATED)
ANTENNA_i_soc.i_qspi._12784__A0/DIODE    1.000000    1.504105   -0.504105 (VIOLATED)
i_soc.i_qspi._12751_/A0                 1.000000    1.504089   -0.504089 (VIOLATED)
ANTENNA_i_soc.i_qspi._12751__A0/DIODE    1.000000    1.504082   -0.504082 (VIOLATED)
i_soc.i_qspi._12586_/A0                 1.000000    1.504079   -0.504079 (VIOLATED)
i_soc.i_qspi._12223_/A0                 1.000000    1.504072   -0.504072 (VIOLATED)
ANTENNA_i_soc.i_qspi._12586__A0/DIODE    1.000000    1.504064   -0.504064 (VIOLATED)
ANTENNA_i_soc.i_qspi._12223__A0/DIODE    1.000000    1.504045   -0.504045 (VIOLATED)
ANTENNA_i_soc.i_qspi._10856__A0/DIODE    1.000000    1.504025   -0.504025 (VIOLATED)
i_soc.i_qspi._10856_/A0                 1.000000    1.504025   -0.504025 (VIOLATED)
ANTENNA_i_soc.i_qspi._10890__A0/DIODE    1.000000    1.504024   -0.504024 (VIOLATED)
i_soc.i_qspi._10890_/A0                 1.000000    1.504023   -0.504023 (VIOLATED)
ANTENNA_i_soc.i_qspi._10924__A0/DIODE    1.000000    1.504023   -0.504023 (VIOLATED)
i_soc.i_qspi._10924_/A0                 1.000000    1.504023   -0.504023 (VIOLATED)
ANTENNA_i_soc.i_qspi._10958__A0/DIODE    1.000000    1.504022   -0.504022 (VIOLATED)
i_soc.i_qspi._10958_/A0                 1.000000    1.504023   -0.504023 (VIOLATED)
i_soc.i_qspi._10788_/A0                 1.000000    1.504020   -0.504020 (VIOLATED)
ANTENNA_i_soc.i_qspi._10788__A0/DIODE    1.000000    1.504018   -0.504018 (VIOLATED)
i_soc.i_qspi._10822_/A0                 1.000000    1.504018   -0.504018 (VIOLATED)
ANTENNA_i_soc.i_qspi._10822__A0/DIODE    1.000000    1.504007   -0.504007 (VIOLATED)
ANTENNA_fanout1139_X/DIODE              1.000000    1.503999   -0.503999 (VIOLATED)
ANTENNA_i_soc.i_qspi._12817__A1/DIODE    1.000000    1.503999   -0.503999 (VIOLATED)
i_soc.i_qspi._12817_/A1                 1.000000    1.503999   -0.503999 (VIOLATED)
i_soc.i_qspi._12850_/A1                 1.000000    1.503999   -0.503999 (VIOLATED)
ANTENNA_i_soc.i_qspi._12850__A1/DIODE    1.000000    1.503997   -0.503997 (VIOLATED)
fanout1139/X                            1.000000    1.503997   -0.503997 (VIOLATED)
i_soc.i_gpio._222_/D                    1.000000    1.503799   -0.503799 (VIOLATED)
ANTENNA_i_soc.i_gpio._222__D/DIODE      1.000000    1.503793   -0.503793 (VIOLATED)
ANTENNA_210/DIODE                       1.000000    1.502842   -0.502842 (VIOLATED)
ANTENNA_211/DIODE                       1.000000    1.502841   -0.502841 (VIOLATED)
ANTENNA_213/DIODE                       1.000000    1.502841   -0.502841 (VIOLATED)
ANTENNA_214/DIODE                       1.000000    1.502841   -0.502841 (VIOLATED)
ANTENNA_212/DIODE                       1.000000    1.502840   -0.502840 (VIOLATED)
ANTENNA_209/DIODE                       1.000000    1.502838   -0.502838 (VIOLATED)
ANTENNA_i_soc.i_ai_sram.u_sram._682__X/DIODE    1.000000    1.502833   -0.502833 (VIOLATED)
i_soc.i_ai_sram.u_sram._682_/X          1.000000    1.502808   -0.502808 (VIOLATED)
ANTENNA_i_soc.i_instr_sram.u_sram.gen_bank[3].gen_512.u_macro_din0[20]/DIODE    1.000000    1.501543   -0.501543 (VIOLATED)
ANTENNA_157/DIODE                       1.000000    1.499940   -0.499940 (VIOLATED)
ANTENNA_158/DIODE                       1.000000    1.499940   -0.499940 (VIOLATED)
ANTENNA_159/DIODE                       1.000000    1.499940   -0.499940 (VIOLATED)
ANTENNA_160/DIODE                       1.000000    1.499940   -0.499940 (VIOLATED)
ANTENNA_156/DIODE                       1.000000    1.499933   -0.499933 (VIOLATED)
ANTENNA_155/DIODE                       1.000000    1.499919   -0.499919 (VIOLATED)
ANTENNA_154/DIODE                       1.000000    1.499909   -0.499909 (VIOLATED)
ANTENNA_input6_X/DIODE                  1.000000    1.499863   -0.499863 (VIOLATED)
input6/X                                1.000000    1.499849   -0.499849 (VIOLATED)
ANTENNA_i_soc.i_data_sram.u_sram.gen_bank[1].gen_512.u_macro_din0[16]/DIODE    1.000000    1.499148   -0.499148 (VIOLATED)
i_soc.i_ai_sram.u_sram._667_/B          1.000000    1.496457   -0.496457 (VIOLATED)
ANTENNA_i_soc.i_ai_sram.u_sram._667__B/DIODE    1.000000    1.496430   -0.496430 (VIOLATED)
i_soc.i_ai_sram.u_sram.gen_bank[0].gen_512.u_macro/din0[30]    1.000000    1.495875   -0.495875 (VIOLATED)
ANTENNA_i_soc.i_instr_sram.u_sram.gen_bank[2].gen_512.u_macro_din0[3]/DIODE    1.000000    1.495337   -0.495337 (VIOLATED)
ANTENNA_i_soc.i_instr_sram.u_sram.gen_bank[0].gen_512.u_macro_din0[19]/DIODE    1.000000    1.494972   -0.494972 (VIOLATED)
i_soc.i_gpio._223_/D                    1.000000    1.494668   -0.494668 (VIOLATED)
ANTENNA_i_soc.i_gpio._223__D/DIODE      1.000000    1.494660   -0.494660 (VIOLATED)
ANTENNA_i_soc.i_data_sram.u_sram.gen_bank[2].gen_512.u_macro_din0[20]/DIODE    1.000000    1.492897   -0.492897 (VIOLATED)
i_soc.i_ai_sram.u_sram.gen_bank[4].gen_512.u_macro/din0[11]    1.000000    1.492199   -0.492199 (VIOLATED)
ANTENNA_i_soc.i_instr_sram.u_sram.gen_bank[2].gen_512.u_macro_din0[5]/DIODE    1.000000    1.491559   -0.491559 (VIOLATED)
ANTENNA_64/DIODE                        1.000000    1.490727   -0.490727 (VIOLATED)
ANTENNA_63/DIODE                        1.000000    1.490716   -0.490716 (VIOLATED)
ANTENNA_59/DIODE                        1.000000    1.490693   -0.490694 (VIOLATED)
ANTENNA_61/DIODE                        1.000000    1.490693   -0.490694 (VIOLATED)
ANTENNA_62/DIODE                        1.000000    1.490693   -0.490693 (VIOLATED)
ANTENNA_60/DIODE                        1.000000    1.490676   -0.490676 (VIOLATED)
ANTENNA_i_soc.i_ai_sram.u_sram._638__X/DIODE    1.000000    1.490659   -0.490659 (VIOLATED)
ANTENNA_58/DIODE                        1.000000    1.490627   -0.490627 (VIOLATED)
ANTENNA_57/DIODE                        1.000000    1.490566   -0.490566 (VIOLATED)
i_soc.i_ai_sram.u_sram._638_/X          1.000000    1.490470   -0.490470 (VIOLATED)
ANTENNA_i_soc.i_data_sram.u_sram.gen_bank[2].gen_512.u_macro_din0[28]/DIODE    1.000000    1.490073   -0.490073 (VIOLATED)
ANTENNA_input7_X/DIODE                  1.000000    1.488437   -0.488437 (VIOLATED)
input7/X                                1.000000    1.488430   -0.488430 (VIOLATED)
ANTENNA_i_soc.i_data_sram.u_sram.gen_bank[3].gen_512.u_macro_din0[30]/DIODE    1.000000    1.488275   -0.488275 (VIOLATED)
ANTENNA_i_soc.i_data_sram.u_sram.gen_bank[1].gen_512.u_macro_din0[6]/DIODE    1.000000    1.487916   -0.487916 (VIOLATED)
ANTENNA_i_soc.i_data_sram.u_sram.gen_bank[3].gen_512.u_macro_din0[26]/DIODE    1.000000    1.486913   -0.486913 (VIOLATED)
ANTENNA_i_soc.i_instr_sram.u_sram.gen_bank[0].gen_512.u_macro_din0[10]/DIODE    1.000000    1.485977   -0.485977 (VIOLATED)
ANTENNA_i_soc.i_data_sram.u_sram.gen_bank[0].gen_512.u_macro_din0[25]/DIODE    1.000000    1.485209   -0.485209 (VIOLATED)
ANTENNA_i_soc.i_crossbar._1211__X/DIODE    1.000000    1.485179   -0.485179 (VIOLATED)
i_soc.i_crossbar._1211_/X               1.000000    1.485133   -0.485133 (VIOLATED)
ANTENNA_i_soc.i_data_sram.u_sram.gen_bank[1].gen_512.u_macro_din0[28]/DIODE    1.000000    1.484579   -0.484579 (VIOLATED)
ANTENNA_i_soc.i_data_sram.u_sram.gen_bank[2].gen_512.u_macro_din0[18]/DIODE    1.000000    1.480567   -0.480567 (VIOLATED)
ANTENNA_i_soc.i_data_sram.u_sram.gen_bank[1].gen_512.u_macro_din0[11]/DIODE    1.000000    1.478749   -0.478749 (VIOLATED)
ANTENNA_i_soc.i_data_sram.u_sram.gen_bank[0].gen_512.u_macro_din0[20]/DIODE    1.000000    1.477449   -0.477449 (VIOLATED)
ANTENNA_i_soc.i_crossbar._1206__X/DIODE    1.000000    1.476983   -0.476983 (VIOLATED)
i_soc.i_crossbar._1206_/X               1.000000    1.476884   -0.476884 (VIOLATED)
ANTENNA_i_soc.i_instr_sram.u_sram.gen_bank[2].gen_512.u_macro_din0[28]/DIODE    1.000000    1.474999   -0.474999 (VIOLATED)
i_soc.i_ai_sram.u_sram.gen_bank[2].gen_512.u_macro/din0[29]    1.000000    1.474810   -0.474810 (VIOLATED)
ANTENNA_i_soc.i_data_sram.u_sram.gen_bank[2].gen_512.u_macro_din0[30]/DIODE    1.000000    1.474377   -0.474377 (VIOLATED)
ANTENNA_i_soc.i_instr_sram.u_sram.gen_bank[0].gen_512.u_macro_din0[12]/DIODE    1.000000    1.473971   -0.473971 (VIOLATED)
i_soc.i_ai_sram.u_sram.gen_bank[8].gen_512.u_macro/din0[18]    1.000000    1.473817   -0.473817 (VIOLATED)
i_soc.i_ai_sram.u_sram.gen_bank[3].gen_512.u_macro/din0[31]    1.000000    1.473698   -0.473698 (VIOLATED)
ANTENNA_i_soc.i_data_sram.u_sram.gen_bank[2].gen_512.u_macro_din0[8]/DIODE    1.000000    1.473686   -0.473686 (VIOLATED)
ANTENNA_i_soc.i_qspi._11738__A0/DIODE    1.000000    1.473669   -0.473669 (VIOLATED)
i_soc.i_qspi._11705_/A0                 1.000000    1.473668   -0.473668 (VIOLATED)
i_soc.i_qspi._11738_/A0                 1.000000    1.473668   -0.473668 (VIOLATED)
ANTENNA_i_soc.i_qspi._11705__A0/DIODE    1.000000    1.473665   -0.473665 (VIOLATED)
i_soc.i_qspi._11573_/A1                 1.000000    1.473661   -0.473661 (VIOLATED)
ANTENNA_i_soc.i_qspi._11971__A0/DIODE    1.000000    1.473659   -0.473659 (VIOLATED)
i_soc.i_qspi._11971_/A0                 1.000000    1.473660   -0.473659 (VIOLATED)
i_soc.i_qspi._11938_/A0                 1.000000    1.473658   -0.473658 (VIOLATED)
ANTENNA_i_soc.i_qspi._11573__A1/DIODE    1.000000    1.473654   -0.473654 (VIOLATED)
ANTENNA_i_soc.i_qspi._11938__A0/DIODE    1.000000    1.473654   -0.473654 (VIOLATED)
i_soc.i_qspi._11606_/A1                 1.000000    1.473647   -0.473647 (VIOLATED)
i_soc.i_qspi._11804_/A0                 1.000000    1.473647   -0.473647 (VIOLATED)
i_soc.i_qspi._11771_/A0                 1.000000    1.473647   -0.473647 (VIOLATED)
ANTENNA_i_soc.i_qspi._11639__A0/DIODE    1.000000    1.473645   -0.473645 (VIOLATED)
ANTENNA_i_soc.i_qspi._11771__A0/DIODE    1.000000    1.473645   -0.473645 (VIOLATED)
i_soc.i_qspi._11639_/A0                 1.000000    1.473644   -0.473644 (VIOLATED)
ANTENNA_i_soc.i_qspi._12004__A0/DIODE    1.000000    1.473643   -0.473643 (VIOLATED)
ANTENNA_i_soc.i_qspi._11804__A0/DIODE    1.000000    1.473640   -0.473640 (VIOLATED)
ANTENNA_i_soc.i_qspi._11672__A0/DIODE    1.000000    1.473639   -0.473639 (VIOLATED)
i_soc.i_qspi._11672_/A0                 1.000000    1.473637   -0.473637 (VIOLATED)
ANTENNA_i_soc.i_qspi._11606__A1/DIODE    1.000000    1.473636   -0.473636 (VIOLATED)
i_soc.i_qspi._12004_/A0                 1.000000    1.473636   -0.473636 (VIOLATED)
i_soc.i_qspi._12037_/A0                 1.000000    1.473632   -0.473632 (VIOLATED)
ANTENNA_i_soc.i_qspi._12037__A0/DIODE    1.000000    1.473624   -0.473624 (VIOLATED)
ANTENNA_i_soc.i_qspi._12103__A0/DIODE    1.000000    1.473616   -0.473616 (VIOLATED)
i_soc.i_qspi._12103_/A0                 1.000000    1.473614   -0.473614 (VIOLATED)
ANTENNA_i_soc.i_qspi._12070__A0/DIODE    1.000000    1.473587   -0.473587 (VIOLATED)
i_soc.i_qspi._12070_/A0                 1.000000    1.473588   -0.473588 (VIOLATED)
ANTENNA_i_soc.i_qspi._11905__A1/DIODE    1.000000    1.473535   -0.473535 (VIOLATED)
i_soc.i_qspi._11872_/A1                 1.000000    1.473514   -0.473514 (VIOLATED)
ANTENNA_i_soc.i_qspi._11872__A1/DIODE    1.000000    1.473512   -0.473512 (VIOLATED)
i_soc.i_qspi._11905_/A1                 1.000000    1.473495   -0.473495 (VIOLATED)
i_soc.i_qspi._11107_/A1                 1.000000    1.473482   -0.473481 (VIOLATED)
ANTENNA_i_soc.i_qspi._11107__A1/DIODE    1.000000    1.473480   -0.473480 (VIOLATED)
i_soc.i_qspi._10714_/A1                 1.000000    1.473480   -0.473480 (VIOLATED)
ANTENNA_i_soc.i_qspi._10714__A1/DIODE    1.000000    1.473479   -0.473479 (VIOLATED)
ANTENNA_i_soc.i_qspi._11472__A0/DIODE    1.000000    1.473478   -0.473478 (VIOLATED)
ANTENNA_i_soc.i_qspi._11837__A0/DIODE    1.000000    1.473477   -0.473477 (VIOLATED)
i_soc.i_qspi._11472_/A0                 1.000000    1.473477   -0.473477 (VIOLATED)
i_soc.i_qspi._11837_/A0                 1.000000    1.473476   -0.473476 (VIOLATED)
ANTENNA_i_soc.i_qspi._12567__A0/DIODE    1.000000    1.473417   -0.473417 (VIOLATED)
i_soc.i_qspi._12567_/A0                 1.000000    1.473360   -0.473360 (VIOLATED)
ANTENNA_i_soc.i_qspi._12732__A0/DIODE    1.000000    1.473322   -0.473322 (VIOLATED)
i_soc.i_qspi._12732_/A0                 1.000000    1.473311   -0.473311 (VIOLATED)
i_soc.i_qspi._12765_/A0                 1.000000    1.473311   -0.473311 (VIOLATED)
ANTENNA_i_soc.i_qspi._12765__A0/DIODE    1.000000    1.473309   -0.473309 (VIOLATED)
i_soc.i_qspi._12204_/A0                 1.000000    1.473308   -0.473308 (VIOLATED)
ANTENNA_i_soc.i_qspi._12204__A0/DIODE    1.000000    1.473272   -0.473272 (VIOLATED)
i_soc.i_qspi._10769_/A0                 1.000000    1.473238   -0.473238 (VIOLATED)
ANTENNA_i_soc.i_qspi._10769__A0/DIODE    1.000000    1.473231   -0.473231 (VIOLATED)
ANTENNA_i_soc.i_qspi._10803__A0/DIODE    1.000000    1.473229   -0.473229 (VIOLATED)
i_soc.i_qspi._10803_/A0                 1.000000    1.473229   -0.473229 (VIOLATED)
ANTENNA_i_soc.i_qspi._10837__A0/DIODE    1.000000    1.473223   -0.473223 (VIOLATED)
i_soc.i_qspi._10837_/A0                 1.000000    1.473223   -0.473223 (VIOLATED)
ANTENNA_i_soc.i_qspi._10871__A0/DIODE    1.000000    1.473223   -0.473223 (VIOLATED)
i_soc.i_qspi._10871_/A0                 1.000000    1.473223   -0.473223 (VIOLATED)
ANTENNA_i_soc.i_qspi._12831__A1/DIODE    1.000000    1.473221   -0.473221 (VIOLATED)
i_soc.i_qspi._10905_/A0                 1.000000    1.473222   -0.473222 (VIOLATED)
i_soc.i_qspi._12798_/A1                 1.000000    1.473221   -0.473221 (VIOLATED)
i_soc.i_qspi._12831_/A1                 1.000000    1.473221   -0.473221 (VIOLATED)
ANTENNA_i_soc.i_qspi._12798__A1/DIODE    1.000000    1.473221   -0.473221 (VIOLATED)
ANTENNA_i_soc.i_qspi._10939__A0/DIODE    1.000000    1.473214   -0.473214 (VIOLATED)
i_soc.i_qspi._10939_/A0                 1.000000    1.473214   -0.473214 (VIOLATED)
ANTENNA_fanout1475_X/DIODE              1.000000    1.473213   -0.473213 (VIOLATED)
ANTENNA_i_soc.i_qspi._10905__A0/DIODE    1.000000    1.473213   -0.473213 (VIOLATED)
fanout1475/X                            1.000000    1.473213   -0.473213 (VIOLATED)
output34/A                              1.000000    1.473140   -0.473140 (VIOLATED)
ANTENNA_output34_A/DIODE                1.000000    1.473123   -0.473123 (VIOLATED)
ANTENNA_i_soc.i_data_sram.u_sram.gen_bank[2].gen_512.u_macro_din0[29]/DIODE    1.000000    1.472786   -0.472786 (VIOLATED)
i_soc.i_gpio._217_/D                    1.000000    1.471431   -0.471431 (VIOLATED)
ANTENNA_i_soc.i_gpio._217__D/DIODE      1.000000    1.471409   -0.471409 (VIOLATED)
ANTENNA_3/DIODE                         1.000000    1.471369   -0.471369 (VIOLATED)
ANTENNA_5/DIODE                         1.000000    1.471369   -0.471369 (VIOLATED)
ANTENNA_4/DIODE                         1.000000    1.471368   -0.471368 (VIOLATED)
ANTENNA_6/DIODE                         1.000000    1.471368   -0.471368 (VIOLATED)
ANTENNA_7/DIODE                         1.000000    1.471369   -0.471369 (VIOLATED)
ANTENNA_8/DIODE                         1.000000    1.471369   -0.471369 (VIOLATED)
ANTENNA_i_soc.i_ai_sram.u_sram._462__X/DIODE    1.000000    1.471368   -0.471368 (VIOLATED)
i_soc.i_ai_sram.u_sram._462_/X          1.000000    1.471338   -0.471338 (VIOLATED)
i_soc.i_ai_sram.u_sram.gen_bank[8].gen_512.u_macro/din0[17]    1.000000    1.471024   -0.471024 (VIOLATED)
ANTENNA_i_soc.i_data_sram.u_sram.gen_bank[0].gen_512.u_macro_din0[8]/DIODE    1.000000    1.470543   -0.470543 (VIOLATED)
ANTENNA_i_soc.i_crossbar._1194__X/DIODE    1.000000    1.470541   -0.470541 (VIOLATED)
i_soc.i_crossbar._1194_/X               1.000000    1.470521   -0.470521 (VIOLATED)
ANTENNA_input10_X/DIODE                 1.000000    1.469926   -0.469926 (VIOLATED)
input10/X                               1.000000    1.469857   -0.469857 (VIOLATED)
i_soc.i_gpio._218_/D                    1.000000    1.469789   -0.469789 (VIOLATED)
ANTENNA_i_soc.i_gpio._218__D/DIODE      1.000000    1.469784   -0.469784 (VIOLATED)
ANTENNA_i_soc.i_instr_sram.u_sram.gen_bank[0].gen_512.u_macro_din0[4]/DIODE    1.000000    1.469768   -0.469768 (VIOLATED)
i_soc.i_ai_sram.u_sram.gen_bank[4].gen_512.u_macro/din0[28]    1.000000    1.469356   -0.469356 (VIOLATED)
i_soc.i_ai_sram.u_sram.gen_bank[0].gen_512.u_macro/din0[4]    1.000000    1.468685   -0.468685 (VIOLATED)
ANTENNA_i_soc.i_instr_sram.u_sram.gen_bank[1].gen_512.u_macro_din0[15]/DIODE    1.000000    1.468229   -0.468229 (VIOLATED)
ANTENNA_i_soc.i_crossbar._1619__X/DIODE    1.000000    1.468087   -0.468087 (VIOLATED)
i_soc.i_crossbar._1619_/X               1.000000    1.468087   -0.468087 (VIOLATED)
ANTENNA_i_soc.i_data_sram.u_sram.gen_bank[2].gen_512.u_macro_din0[16]/DIODE    1.000000    1.467214   -0.467214 (VIOLATED)
ANTENNA_input2_X/DIODE                  1.000000    1.466848   -0.466848 (VIOLATED)
input2/X                                1.000000    1.466841   -0.466841 (VIOLATED)
ANTENNA_i_soc.i_data_sram.u_sram.gen_bank[0].gen_512.u_macro_din0[18]/DIODE    1.000000    1.466800   -0.466800 (VIOLATED)
ANTENNA_i_soc.i_instr_sram.u_sram.gen_bank[3].gen_512.u_macro_din0[7]/DIODE    1.000000    1.465453   -0.465453 (VIOLATED)
ANTENNA_i_soc.i_crossbar._1204__X/DIODE    1.000000    1.465046   -0.465046 (VIOLATED)
i_soc.i_ai_sram.u_sram._672_/B          1.000000    1.464960   -0.464960 (VIOLATED)
ANTENNA_i_soc.i_ai_sram.u_sram._672__B/DIODE    1.000000    1.464957   -0.464958 (VIOLATED)
i_soc.i_crossbar._1204_/X               1.000000    1.464946   -0.464946 (VIOLATED)
ANTENNA_i_soc.i_data_sram.u_sram.gen_bank[1].gen_512.u_macro_din0[30]/DIODE    1.000000    1.463684   -0.463684 (VIOLATED)
ANTENNA_i_soc.i_instr_sram.u_sram.gen_bank[1].gen_512.u_macro_din0[20]/DIODE    1.000000    1.461097   -0.461097 (VIOLATED)
ANTENNA_i_soc.i_crossbar._1624__X/DIODE    1.000000    1.460904   -0.460904 (VIOLATED)
i_soc.i_ai_sram.u_sram.gen_bank[4].gen_512.u_macro/din0[26]    1.000000    1.460896   -0.460896 (VIOLATED)
i_soc.i_crossbar._1624_/X               1.000000    1.460885   -0.460885 (VIOLATED)
ANTENNA_i_soc.i_instr_sram.u_sram.gen_bank[2].gen_512.u_macro_din0[26]/DIODE    1.000000    1.460585   -0.460584 (VIOLATED)
i_soc.i_ai_sram.u_sram.gen_bank[4].gen_512.u_macro/din0[19]    1.000000    1.458821   -0.458821 (VIOLATED)
ANTENNA_i_soc.i_ai_sram.u_sram._501__X/DIODE    1.000000    1.458602   -0.458602 (VIOLATED)
i_soc.i_ai_sram.u_sram._501_/X          1.000000    1.458584   -0.458584 (VIOLATED)
ANTENNA_i_soc.i_data_sram.u_sram.gen_bank[2].gen_512.u_macro_din0[26]/DIODE    1.000000    1.456978   -0.456978 (VIOLATED)
ANTENNA_i_soc.i_data_sram.u_sram.gen_bank[2].gen_512.u_macro_din0[31]/DIODE    1.000000    1.456525   -0.456525 (VIOLATED)
i_soc.i_ai_sram.u_sram.gen_bank[4].gen_512.u_macro/din0[5]    1.000000    1.455336   -0.455336 (VIOLATED)
output31/A                              1.000000    1.454979   -0.454979 (VIOLATED)
ANTENNA_output31_A/DIODE                1.000000    1.454967   -0.454967 (VIOLATED)
ANTENNA_i_soc.i_data_sram.u_sram.gen_bank[3].gen_512.u_macro_din0[31]/DIODE    1.000000    1.453811   -0.453811 (VIOLATED)
i_soc.i_ai_sram.u_sram.gen_bank[10].gen_512.u_macro/din0[15]    1.000000    1.453476   -0.453476 (VIOLATED)
ANTENNA_i_soc.i_data_sram.u_sram.gen_bank[0].gen_512.u_macro_din0[16]/DIODE    1.000000    1.453098   -0.453098 (VIOLATED)
ANTENNA_i_soc.i_instr_sram.u_sram.gen_bank[0].gen_512.u_macro_din0[6]/DIODE    1.000000    1.452151   -0.452151 (VIOLATED)
ANTENNA_i_soc.i_ai_sram.u_sram._506__X/DIODE    1.000000    1.451770   -0.451770 (VIOLATED)
i_soc.i_ai_sram.u_sram._506_/X          1.000000    1.451703   -0.451703 (VIOLATED)
ANTENNA_i_soc.i_crossbar._1202__X/DIODE    1.000000    1.451512   -0.451512 (VIOLATED)
i_soc.i_crossbar._1202_/X               1.000000    1.451414   -0.451413 (VIOLATED)
ANTENNA__12__X/DIODE                    1.000000    1.450560   -0.450560 (VIOLATED)
_12_/X                                  1.000000    1.450553   -0.450553 (VIOLATED)
i_soc.i_ai_sram.u_sram.gen_bank[5].gen_512.u_macro/din0[29]    1.000000    1.450134   -0.450134 (VIOLATED)
ANTENNA_i_soc.i_instr_sram.u_sram.gen_bank[0].gen_512.u_macro_din0[21]/DIODE    1.000000    1.448677   -0.448677 (VIOLATED)
ANTENNA_i_soc.i_crossbar._1216__X/DIODE    1.000000    1.448060   -0.448060 (VIOLATED)
ANTENNA_i_soc.i_data_sram.u_sram.gen_bank[0].gen_512.u_macro_din0[30]/DIODE    1.000000    1.448053   -0.448052 (VIOLATED)
i_soc.i_crossbar._1216_/X               1.000000    1.448029   -0.448029 (VIOLATED)
ANTENNA_i_soc.i_instr_sram.u_sram.gen_bank[0].gen_512.u_macro_din0[28]/DIODE    1.000000    1.447382   -0.447382 (VIOLATED)
i_soc.i_ai_sram.u_sram.gen_bank[6].gen_512.u_macro/csb1    1.000000    1.447264   -0.447264 (VIOLATED)
ANTENNA_i_soc.i_ai_sram.u_sram.gen_bank[0].gen_512.u_macro_din0[22]/DIODE    1.000000    1.447003   -0.447003 (VIOLATED)
i_soc.i_ai_sram.u_sram.gen_bank[4].gen_512.u_macro/din0[15]    1.000000    1.446430   -0.446430 (VIOLATED)
ANTENNA_i_soc.i_instr_sram.u_sram.gen_bank[3].gen_512.u_macro_din0[22]/DIODE    1.000000    1.446026   -0.446026 (VIOLATED)
ANTENNA_i_soc.i_instr_sram.u_sram.gen_bank[3].gen_512.u_macro_din0[19]/DIODE    1.000000    1.445565   -0.445565 (VIOLATED)
ANTENNA_i_soc.i_data_sram.u_sram.gen_bank[3].gen_512.u_macro_din0[0]/DIODE    1.000000    1.445056   -0.445056 (VIOLATED)
ANTENNA_i_soc.i_data_sram.u_sram.gen_bank[2].gen_512.u_macro_din0[6]/DIODE    1.000000    1.444190   -0.444190 (VIOLATED)
ANTENNA__15__X/DIODE                    1.000000    1.444120   -0.444120 (VIOLATED)
_15_/X                                  1.000000    1.444113   -0.444113 (VIOLATED)
ANTENNA_i_soc.i_instr_sram.u_sram.gen_bank[1].gen_512.u_macro_din0[7]/DIODE    1.000000    1.442380   -0.442380 (VIOLATED)
ANTENNA_i_soc.i_crossbar._1611__X/DIODE    1.000000    1.442332   -0.442332 (VIOLATED)
i_soc.i_crossbar._1611_/X               1.000000    1.442314   -0.442314 (VIOLATED)
ANTENNA_i_soc.i_data_sram.u_sram.gen_bank[2].gen_512.u_macro_din0[11]/DIODE    1.000000    1.441909   -0.441909 (VIOLATED)
i_soc.i_ai_sram.u_sram.gen_bank[2].gen_512.u_macro/din0[20]    1.000000    1.441608   -0.441608 (VIOLATED)
i_soc.i_ai_sram.u_sram._485_/B          1.000000    1.441213   -0.441213 (VIOLATED)
ANTENNA_i_soc.i_ai_sram.u_sram._485__B/DIODE    1.000000    1.441209   -0.441209 (VIOLATED)
ANTENNA_i_soc.i_data_sram.u_sram.gen_bank[1].gen_512.u_macro_din0[31]/DIODE    1.000000    1.440918   -0.440918 (VIOLATED)
ANTENNA_i_soc.i_instr_sram.u_sram.gen_bank[3].gen_512.u_macro_din0[11]/DIODE    1.000000    1.439553   -0.439553 (VIOLATED)
ANTENNA_i_soc.i_crossbar._1192__X/DIODE    1.000000    1.438881   -0.438881 (VIOLATED)
ANTENNA_i_soc.i_data_sram.u_sram.gen_bank[0].gen_512.u_macro_din0[6]/DIODE    1.000000    1.438877   -0.438877 (VIOLATED)
i_soc.i_crossbar._1192_/X               1.000000    1.438853   -0.438853 (VIOLATED)
ANTENNA_i_soc.i_data_sram.u_sram.gen_bank[0].gen_512.u_macro_din0[31]/DIODE    1.000000    1.437185   -0.437185 (VIOLATED)
ANTENNA_i_soc.i_crossbar._1217__X/DIODE    1.000000    1.437110   -0.437110 (VIOLATED)
i_soc.i_crossbar._1217_/X               1.000000    1.437088   -0.437088 (VIOLATED)
i_soc.i_ai_arb._459_/A                  1.000000    1.436849   -0.436849 (VIOLATED)
ANTENNA_i_soc.i_ai_arb._459__A/DIODE    1.000000    1.436844   -0.436844 (VIOLATED)
ANTENNA_i_soc.i_ai_sram.u_sram._484__X/DIODE    1.000000    1.436731   -0.436731 (VIOLATED)
i_soc.i_ai_sram.u_sram._484_/X          1.000000    1.436656   -0.436656 (VIOLATED)
ANTENNA_i_soc.i_crossbar._1197__X/DIODE    1.000000    1.436516   -0.436516 (VIOLATED)
ANTENNA_i_soc.i_data_sram.u_sram.gen_bank[0].gen_512.u_macro_din0[11]/DIODE    1.000000    1.436214   -0.436214 (VIOLATED)
i_soc.i_crossbar._1197_/X               1.000000    1.436109   -0.436109 (VIOLATED)
i_soc.i_gpio._208_/D                    1.000000    1.436024   -0.436024 (VIOLATED)
ANTENNA_i_soc.i_gpio._208__D/DIODE      1.000000    1.436022   -0.436022 (VIOLATED)
ANTENNA_i_soc.i_data_sram.u_sram.gen_bank[1].gen_512.u_macro_din0[26]/DIODE    1.000000    1.435642   -0.435642 (VIOLATED)
ANTENNA_i_soc.i_instr_sram.u_sram.gen_bank[3].gen_512.u_macro_din0[28]/DIODE    1.000000    1.435468   -0.435468 (VIOLATED)
i_soc.i_ai_sram.u_sram._364_/A          1.000000    1.434722   -0.434722 (VIOLATED)
ANTENNA_i_soc.i_ai_sram.u_sram._364__A/DIODE    1.000000    1.434678   -0.434678 (VIOLATED)
i_soc.i_ai_sram.u_sram._372_/A          1.000000    1.434617   -0.434617 (VIOLATED)
output28/A                              1.000000    1.434606   -0.434606 (VIOLATED)
ANTENNA_i_soc.i_ai_sram.u_sram._372__A/DIODE    1.000000    1.434569   -0.434569 (VIOLATED)
ANTENNA_output28_A/DIODE                1.000000    1.434540   -0.434540 (VIOLATED)
i_soc.i_ai_arb._413_/A                  1.000000    1.434138   -0.434138 (VIOLATED)
ANTENNA_i_soc.i_ai_arb._413__A/DIODE    1.000000    1.434137   -0.434137 (VIOLATED)
ANTENNA_i_soc.i_data_sram.u_sram.gen_bank[3].gen_512.u_macro_din0[4]/DIODE    1.000000    1.433544   -0.433544 (VIOLATED)
ANTENNA_i_soc.i_instr_sram.u_sram.gen_bank[2].gen_512.u_macro_din0[2]/DIODE    1.000000    1.433120   -0.433120 (VIOLATED)
ANTENNA_14/DIODE                        1.000000    1.433039   -0.433039 (VIOLATED)
ANTENNA_12/DIODE                        1.000000    1.433022   -0.433022 (VIOLATED)
ANTENNA_10/DIODE                        1.000000    1.433007   -0.433007 (VIOLATED)
ANTENNA_i_soc.i_ai_sram.u_sram._622__X/DIODE    1.000000    1.432996   -0.432996 (VIOLATED)
ANTENNA_9/DIODE                         1.000000    1.432985   -0.432985 (VIOLATED)
ANTENNA_13/DIODE                        1.000000    1.432957   -0.432957 (VIOLATED)
ANTENNA_11/DIODE                        1.000000    1.432957   -0.432957 (VIOLATED)
i_soc.i_ai_sram.u_sram._622_/X          1.000000    1.432910   -0.432910 (VIOLATED)
ANTENNA_i_soc.i_ai_sram.u_sram._365__C/DIODE    1.000000    1.432907   -0.432907 (VIOLATED)
ANTENNA_i_soc.i_ai_sram.u_sram._367__B/DIODE    1.000000    1.432707   -0.432707 (VIOLATED)
i_soc.i_ai_sram.u_sram._365_/C          1.000000    1.432478   -0.432478 (VIOLATED)
ANTENNA_i_soc.i_ai_sram._81__Q/DIODE    1.000000    1.432417   -0.432417 (VIOLATED)
i_soc.i_ai_sram.u_sram._367_/B          1.000000    1.432409   -0.432409 (VIOLATED)
i_soc.i_ai_sram._81_/Q                  1.000000    1.432407   -0.432407 (VIOLATED)
ANTENNA_i_soc.i_data_sram.u_sram.gen_bank[3].gen_512.u_macro_din0[19]/DIODE    1.000000    1.430878   -0.430878 (VIOLATED)
i_soc.i_ai_sram.u_sram.gen_bank[2].gen_512.u_macro/din0[22]    1.000000    1.430250   -0.430250 (VIOLATED)
ANTENNA_i_soc.i_data_sram.u_sram.gen_bank[3].gen_512.u_macro_din0[1]/DIODE    1.000000    1.430118   -0.430118 (VIOLATED)
ANTENNA_i_soc.i_instr_sram.u_sram.gen_bank[3].gen_512.u_macro_din0[14]/DIODE    1.000000    1.429631   -0.429631 (VIOLATED)
i_soc.i_ai_sram.u_sram._575_/B1_N       1.000000    1.429482   -0.429482 (VIOLATED)
i_soc.i_ai_sram.u_sram._564_/B1_N       1.000000    1.429481   -0.429481 (VIOLATED)
ANTENNA_i_soc.i_ai_sram.u_sram._575__B1_N/DIODE    1.000000    1.429480   -0.429480 (VIOLATED)
ANTENNA_i_soc.i_ai_sram.u_sram._564__B1_N/DIODE    1.000000    1.429479   -0.429479 (VIOLATED)
i_soc.i_ai_sram.u_sram._571_/A1         1.000000    1.429473   -0.429473 (VIOLATED)
ANTENNA_i_soc.i_ai_sram.u_sram._571__A1/DIODE    1.000000    1.429465   -0.429465 (VIOLATED)
i_soc.i_ai_sram.u_sram._560_/A1         1.000000    1.429446   -0.429446 (VIOLATED)
ANTENNA_i_soc.i_ai_sram.u_sram._560__A1/DIODE    1.000000    1.429437   -0.429437 (VIOLATED)
i_soc.i_ai_sram.u_sram._553_/B1_N       1.000000    1.429427   -0.429427 (VIOLATED)
ANTENNA_i_soc.i_ai_sram.u_sram._553__B1_N/DIODE    1.000000    1.429425   -0.429426 (VIOLATED)
i_soc.i_ai_sram.u_sram._542_/B1_N       1.000000    1.429391   -0.429391 (VIOLATED)
i_soc.i_ai_sram.u_sram._549_/A1         1.000000    1.429383   -0.429383 (VIOLATED)
ANTENNA_i_soc.i_ai_sram.u_sram._549__A1/DIODE    1.000000    1.429380   -0.429380 (VIOLATED)
ANTENNA_i_soc.i_ai_sram.u_sram._542__B1_N/DIODE    1.000000    1.429376   -0.429376 (VIOLATED)
i_soc.i_ai_sram.u_sram._538_/A1         1.000000    1.429357   -0.429357 (VIOLATED)
i_soc.i_ai_sram.u_sram._531_/B1_N       1.000000    1.429342   -0.429342 (VIOLATED)
ANTENNA_i_soc.i_ai_sram.u_sram._531__B1_N/DIODE    1.000000    1.429322   -0.429322 (VIOLATED)
ANTENNA_i_soc.i_ai_sram.u_sram._538__A1/DIODE    1.000000    1.429307   -0.429307 (VIOLATED)
ANTENNA_i_soc.i_ai_sram.u_sram._520__B1_N/DIODE    1.000000    1.429289   -0.429289 (VIOLATED)
i_soc.i_ai_sram.u_sram._520_/B1_N       1.000000    1.429278   -0.429278 (VIOLATED)
i_soc.i_ai_sram.u_sram._527_/A1         1.000000    1.429263   -0.429263 (VIOLATED)
ANTENNA_i_soc.i_ai_sram.u_sram._527__A1/DIODE    1.000000    1.429258   -0.429258 (VIOLATED)
ANTENNA_i_soc.i_ai_sram.u_sram._509__B1_N/DIODE    1.000000    1.429240   -0.429240 (VIOLATED)
i_soc.i_ai_sram.u_sram._509_/B1_N       1.000000    1.429239   -0.429239 (VIOLATED)
i_soc.i_ai_sram.u_sram._516_/A1         1.000000    1.429237   -0.429237 (VIOLATED)
ANTENNA_i_soc.i_ai_sram.u_sram._516__A1/DIODE    1.000000    1.429233   -0.429233 (VIOLATED)
i_soc.i_ai_sram.u_sram._505_/A1         1.000000    1.429213   -0.429213 (VIOLATED)
ANTENNA_i_soc.i_ai_sram.u_sram._505__A1/DIODE    1.000000    1.429181   -0.429181 (VIOLATED)
i_soc.i_ai_sram.u_sram._504_/B1_N       1.000000    1.429162   -0.429162 (VIOLATED)
ANTENNA_i_soc.i_ai_sram.u_sram._504__B1_N/DIODE    1.000000    1.429161   -0.429161 (VIOLATED)
i_soc.i_ai_sram.u_sram._487_/B1_N       1.000000    1.429136   -0.429136 (VIOLATED)
ANTENNA_i_soc.i_ai_sram.u_sram._487__B1_N/DIODE    1.000000    1.429132   -0.429132 (VIOLATED)
i_soc.i_ai_sram.u_sram._494_/A1         1.000000    1.429115   -0.429115 (VIOLATED)
ANTENNA_i_soc.i_ai_sram.u_sram._494__A1/DIODE    1.000000    1.429095   -0.429095 (VIOLATED)
i_soc.i_ai_sram.u_sram._483_/A1         1.000000    1.429075   -0.429075 (VIOLATED)
ANTENNA_i_soc.i_ai_sram.u_sram._483__A1/DIODE    1.000000    1.429073   -0.429073 (VIOLATED)
i_soc.i_ai_sram.u_sram._476_/B1_N       1.000000    1.429048   -0.429048 (VIOLATED)
ANTENNA_i_soc.i_ai_sram.u_sram._476__B1_N/DIODE    1.000000    1.429047   -0.429047 (VIOLATED)
i_soc.i_ai_sram.u_sram._472_/A1         1.000000    1.429004   -0.429004 (VIOLATED)
ANTENNA_i_soc.i_ai_sram.u_sram._472__A1/DIODE    1.000000    1.428975   -0.428975 (VIOLATED)
i_soc.i_ai_sram.u_sram._461_/A1         1.000000    1.428936   -0.428936 (VIOLATED)
ANTENNA_i_soc.i_ai_sram.u_sram._465__B1_N/DIODE    1.000000    1.428935   -0.428935 (VIOLATED)
i_soc.i_ai_sram.u_sram._465_/B1_N       1.000000    1.428935   -0.428935 (VIOLATED)
i_soc.i_ai_sram.u_sram._460_/B1_N       1.000000    1.428934   -0.428934 (VIOLATED)
ANTENNA_i_soc.i_ai_sram.u_sram._461__A1/DIODE    1.000000    1.428918   -0.428918 (VIOLATED)
ANTENNA_i_soc.i_ai_sram.u_sram._460__B1_N/DIODE    1.000000    1.428917   -0.428917 (VIOLATED)
i_soc.i_ai_sram.u_sram._450_/A1         1.000000    1.428884   -0.428884 (VIOLATED)
ANTENNA_i_soc.i_ai_sram.u_sram._450__A1/DIODE    1.000000    1.428867   -0.428867 (VIOLATED)
ANTENNA_i_soc.i_ai_sram.u_sram._443__B1_N/DIODE    1.000000    1.428861   -0.428861 (VIOLATED)
i_soc.i_ai_sram.u_sram._443_/B1_N       1.000000    1.428862   -0.428862 (VIOLATED)
ANTENNA_i_soc.i_ai_sram.u_sram._417__A1/DIODE    1.000000    1.428836   -0.428836 (VIOLATED)
i_soc.i_ai_sram.u_sram._416_/B1_N       1.000000    1.428837   -0.428837 (VIOLATED)
i_soc.i_ai_sram.u_sram._417_/A1         1.000000    1.428836   -0.428836 (VIOLATED)
ANTENNA_i_soc.i_ai_sram.u_sram._416__B1_N/DIODE    1.000000    1.428836   -0.428836 (VIOLATED)
i_soc.i_ai_sram.u_sram._428_/A1         1.000000    1.428835   -0.428835 (VIOLATED)
i_soc.i_ai_sram.u_sram._421_/B1_N       1.000000    1.428834   -0.428834 (VIOLATED)
ANTENNA_fanout7322_X/DIODE              1.000000    1.428834   -0.428834 (VIOLATED)
ANTENNA_i_soc.i_ai_sram.u_sram._421__B1_N/DIODE    1.000000    1.428833   -0.428833 (VIOLATED)
ANTENNA_i_soc.i_ai_sram.u_sram._432__B1_N/DIODE    1.000000    1.428832   -0.428832 (VIOLATED)
ANTENNA_i_soc.i_ai_sram.u_sram._428__A1/DIODE    1.000000    1.428831   -0.428831 (VIOLATED)
i_soc.i_ai_sram.u_sram._432_/B1_N       1.000000    1.428831   -0.428831 (VIOLATED)
ANTENNA_i_soc.i_ai_sram.u_sram._439__A1/DIODE    1.000000    1.428831   -0.428831 (VIOLATED)
ANTENNA_i_soc.i_ai_sram.u_sram._762__A0/DIODE    1.000000    1.428831   -0.428831 (VIOLATED)
i_soc.i_ai_sram.u_sram._439_/A1         1.000000    1.428830   -0.428830 (VIOLATED)
ANTENNA_i_soc.i_instr_sram.u_sram.gen_bank[0].gen_512.u_macro_din0[3]/DIODE    1.000000    1.428830   -0.428830 (VIOLATED)
fanout7322/X                            1.000000    1.428828   -0.428828 (VIOLATED)
i_soc.i_ai_sram.u_sram._762_/A0         1.000000    1.428828   -0.428828 (VIOLATED)
wire994/A                               1.000000    1.428725   -0.428725 (VIOLATED)
ANTENNA_wire994_A/DIODE                 1.000000    1.428712   -0.428712 (VIOLATED)
ANTENNA_i_soc.i_instr_sram.u_sram.gen_bank[0].gen_512.u_macro_din0[5]/DIODE    1.000000    1.428042   -0.428042 (VIOLATED)
ANTENNA_208/DIODE                       1.000000    1.427099   -0.427099 (VIOLATED)
ANTENNA_207/DIODE                       1.000000    1.427084   -0.427084 (VIOLATED)
ANTENNA_204/DIODE                       1.000000    1.427057   -0.427057 (VIOLATED)
ANTENNA_206/DIODE                       1.000000    1.427057   -0.427057 (VIOLATED)
i_soc.i_ai_sram.u_sram.gen_bank[0].gen_512.u_macro/din0[3]    1.000000    1.427054   -0.427054 (VIOLATED)
ANTENNA_203/DIODE                       1.000000    1.427018   -0.427018 (VIOLATED)
ANTENNA_205/DIODE                       1.000000    1.427018   -0.427018 (VIOLATED)
ANTENNA_i_soc.i_ai_sram.u_sram._666__X/DIODE    1.000000    1.426977   -0.426977 (VIOLATED)
i_soc.i_ai_sram.u_sram._666_/X          1.000000    1.426927   -0.426927 (VIOLATED)
ANTENNA_i_soc.i_instr_sram.u_sram.gen_bank[1].gen_512.u_macro_din0[19]/DIODE    1.000000    1.426223   -0.426223 (VIOLATED)
ANTENNA_i_soc.i_crossbar._1623__X/DIODE    1.000000    1.426190   -0.426190 (VIOLATED)
i_soc.i_crossbar._1623_/X               1.000000    1.426190   -0.426190 (VIOLATED)
ANTENNA_i_soc.i_instr_sram.u_sram.gen_bank[0].gen_512.u_macro_din0[26]/DIODE    1.000000    1.424889   -0.424889 (VIOLATED)
output38/A                              1.000000    1.424352   -0.424352 (VIOLATED)
ANTENNA_output38_A/DIODE                1.000000    1.424347   -0.424347 (VIOLATED)
i_soc.i_ai_sram.u_sram.gen_bank[2].gen_512.u_macro/din0[18]    1.000000    1.423440   -0.423440 (VIOLATED)
ANTENNA_i_soc.i_ai_sram.u_sram._650__B/DIODE    1.000000    1.423430   -0.423430 (VIOLATED)
i_soc.i_ai_sram.u_sram._650_/B          1.000000    1.423430   -0.423430 (VIOLATED)
ANTENNA_i_soc.i_ai_sram.u_sram._584__B/DIODE    1.000000    1.423317   -0.423317 (VIOLATED)
i_soc.i_ai_sram.u_sram._584_/B          1.000000    1.423317   -0.423317 (VIOLATED)
i_soc.i_ai_sram.u_sram.gen_bank[4].gen_512.u_macro/din0[9]    1.000000    1.422647   -0.422647 (VIOLATED)
ANTENNA_i_soc.i_instr_sram.u_sram.gen_bank[1].gen_512.u_macro_din0[28]/DIODE    1.000000    1.422640   -0.422640 (VIOLATED)
i_soc.i_ai_sram.u_sram.gen_bank[0].gen_512.u_macro/din0[8]    1.000000    1.422563   -0.422563 (VIOLATED)
ANTENNA_i_soc.i_crossbar._1632__X/DIODE    1.000000    1.422515   -0.422515 (VIOLATED)
i_soc.i_crossbar._1632_/X               1.000000    1.422463   -0.422463 (VIOLATED)
ANTENNA_i_soc.i_data_sram.u_sram.gen_bank[1].gen_512.u_macro_din0[0]/DIODE    1.000000    1.422438   -0.422438 (VIOLATED)
i_soc.i_ai_sram.u_sram.gen_bank[8].gen_512.u_macro/din0[13]    1.000000    1.422089   -0.422089 (VIOLATED)
i_soc.i_cpu.core_i.ex_stage_i.mult_i._17118_/A1    1.000000    1.422033   -0.422033 (VIOLATED)
ANTENNA_i_soc.i_cpu.core_i.ex_stage_i.mult_i._17118__A1/DIODE    1.000000    1.422030   -0.422030 (VIOLATED)
i_soc.i_cpu.core_i.ex_stage_i.mult_i._17117_/A    1.000000    1.422030   -0.422030 (VIOLATED)
ANTENNA_i_soc.i_cpu.core_i.ex_stage_i.mult_i._17117__A/DIODE    1.000000    1.422027   -0.422027 (VIOLATED)
i_soc.i_cpu.core_i.ex_stage_i.mult_i._17361_/A1    1.000000    1.422010   -0.422010 (VIOLATED)
ANTENNA_i_soc.i_cpu.core_i.ex_stage_i.mult_i._17361__A1/DIODE    1.000000    1.421996   -0.421996 (VIOLATED)
ANTENNA_i_soc.i_cpu.core_i.ex_stage_i.mult_i._16803__A/DIODE    1.000000    1.421945   -0.421945 (VIOLATED)
i_soc.i_cpu.core_i.ex_stage_i.mult_i._16803_/A    1.000000    1.421944   -0.421944 (VIOLATED)
i_soc.i_cpu.core_i.ex_stage_i.mult_i._16804_/B2    1.000000    1.421942   -0.421942 (VIOLATED)
ANTENNA_i_soc.i_cpu.core_i.ex_stage_i.mult_i._16804__B2/DIODE    1.000000    1.421935   -0.421935 (VIOLATED)
i_soc.i_cpu.core_i.ex_stage_i.mult_i._16619_/A1    1.000000    1.421880   -0.421880 (VIOLATED)
ANTENNA_i_soc.i_cpu.core_i.ex_stage_i.mult_i._16619__A1/DIODE    1.000000    1.421878   -0.421878 (VIOLATED)
i_soc.i_cpu.core_i.ex_stage_i.mult_i._16618_/A    1.000000    1.421861   -0.421861 (VIOLATED)
ANTENNA_i_soc.i_cpu.core_i.ex_stage_i.mult_i._16618__A/DIODE    1.000000    1.421859   -0.421859 (VIOLATED)
i_soc.i_cpu.core_i.ex_stage_i.mult_i._18088_/D    1.000000    1.421318   -0.421318 (VIOLATED)
i_soc.i_cpu.core_i.ex_stage_i.mult_i._18089_/B1    1.000000    1.421311   -0.421311 (VIOLATED)
ANTENNA_i_soc.i_cpu.core_i.ex_stage_i.mult_i._18088__D/DIODE    1.000000    1.421294   -0.421294 (VIOLATED)
ANTENNA_i_soc.i_cpu.core_i.ex_stage_i.mult_i._18089__B1/DIODE    1.000000    1.421219   -0.421219 (VIOLATED)
i_soc.i_cpu.core_i.ex_stage_i.mult_i._17814_/B    1.000000    1.421134   -0.421133 (VIOLATED)
ANTENNA_i_soc.i_cpu.core_i.ex_stage_i.mult_i._17814__B/DIODE    1.000000    1.421124   -0.421124 (VIOLATED)
i_soc.i_cpu.core_i.ex_stage_i.mult_i._17815_/A2    1.000000    1.421119   -0.421119 (VIOLATED)
ANTENNA_i_soc.i_cpu.core_i.ex_stage_i.mult_i._17815__A2/DIODE    1.000000    1.421107   -0.421107 (VIOLATED)
ANTENNA_i_soc.i_cpu.core_i.ex_stage_i.mult_i._18752__D/DIODE    1.000000    1.421086   -0.421086 (VIOLATED)
i_soc.i_cpu.core_i.ex_stage_i.mult_i._18752_/D    1.000000    1.421086   -0.421086 (VIOLATED)
ANTENNA_i_soc.i_cpu.core_i.ex_stage_i.mult_i._18753__A2_N/DIODE    1.000000    1.421085   -0.421085 (VIOLATED)
i_soc.i_cpu.core_i.ex_stage_i.mult_i._18753_/A2_N    1.000000    1.421085   -0.421085 (VIOLATED)
i_soc.i_cpu.core_i.ex_stage_i.mult_i._18402_/C    1.000000    1.421079   -0.421079 (VIOLATED)
i_soc.i_cpu.core_i.ex_stage_i.mult_i._18403_/A2    1.000000    1.421078   -0.421078 (VIOLATED)
ANTENNA_i_soc.i_cpu.core_i.ex_stage_i.mult_i._18402__C/DIODE    1.000000    1.421077   -0.421077 (VIOLATED)
ANTENNA_i_soc.i_cpu.core_i.ex_stage_i.mult_i._18403__A2/DIODE    1.000000    1.421075   -0.421075 (VIOLATED)
ANTENNA_fanout4040_X/DIODE              1.000000    1.420828   -0.420828 (VIOLATED)
ANTENNA_i_soc.i_cpu.core_i.id_stage_i._3375__A0/DIODE    1.000000    1.420829   -0.420829 (VIOLATED)
i_soc.i_cpu.core_i.id_stage_i._3375_/A0    1.000000    1.420828   -0.420828 (VIOLATED)
fanout4040/X                            1.000000    1.420821   -0.420821 (VIOLATED)
ANTENNA_i_soc.i_data_sram.u_sram.gen_bank[1].gen_512.u_macro_din0[1]/DIODE    1.000000    1.420767   -0.420767 (VIOLATED)
ANTENNA_i_soc.i_crossbar._1215__X/DIODE    1.000000    1.419620   -0.419620 (VIOLATED)
ANTENNA_i_soc.i_data_sram.u_sram.gen_bank[0].gen_512.u_macro_din0[29]/DIODE    1.000000    1.419544   -0.419544 (VIOLATED)
i_soc.i_crossbar._1215_/X               1.000000    1.419516   -0.419516 (VIOLATED)
ANTENNA_i_soc.i_ai_sram.u_sram._649__X/DIODE    1.000000    1.419222   -0.419222 (VIOLATED)
i_soc.i_ai_sram.u_sram._649_/X          1.000000    1.419202   -0.419202 (VIOLATED)
ANTENNA_i_soc.i_data_sram.u_sram.gen_bank[2].gen_512.u_macro_din0[1]/DIODE    1.000000    1.419188   -0.419188 (VIOLATED)
ANTENNA_i_soc.i_instr_sram.u_sram.gen_bank[3].gen_512.u_macro_din0[26]/DIODE    1.000000    1.416670   -0.416670 (VIOLATED)
ANTENNA_i_soc.i_crossbar._1187__X/DIODE    1.000000    1.416208   -0.416208 (VIOLATED)
ANTENNA_i_soc.i_data_sram.u_sram.gen_bank[0].gen_512.u_macro_din0[1]/DIODE    1.000000    1.416199   -0.416199 (VIOLATED)
i_soc.i_crossbar._1187_/X               1.000000    1.416176   -0.416176 (VIOLATED)
ANTENNA_input16_X/DIODE                 1.000000    1.415932   -0.415932 (VIOLATED)
input16/X                               1.000000    1.415904   -0.415904 (VIOLATED)
ANTENNA__04__X/DIODE                    1.000000    1.415558   -0.415558 (VIOLATED)
_04_/X                                  1.000000    1.415551   -0.415551 (VIOLATED)
ANTENNA_i_soc.i_instr_sram.u_sram.gen_bank[2].gen_512.u_macro_din0[24]/DIODE    1.000000    1.413347   -0.413346 (VIOLATED)
ANTENNA_i_soc.i_data_sram.u_sram.gen_bank[1].gen_512.u_macro_din0[4]/DIODE    1.000000    1.412177   -0.412177 (VIOLATED)
output39/A                              1.000000    1.411561   -0.411561 (VIOLATED)
ANTENNA_output39_A/DIODE                1.000000    1.411535   -0.411535 (VIOLATED)
load_slew995/A                          1.000000    1.410924   -0.410924 (VIOLATED)
ANTENNA_load_slew995_A/DIODE            1.000000    1.410866   -0.410866 (VIOLATED)
ANTENNA_i_soc.i_instr_sram.u_sram.gen_bank[1].gen_512.u_macro_din0[11]/DIODE    1.000000    1.410222   -0.410222 (VIOLATED)
ANTENNA_i_soc.i_crossbar._1615__X/DIODE    1.000000    1.410216   -0.410216 (VIOLATED)
i_soc.i_crossbar._1615_/X               1.000000    1.410197   -0.410198 (VIOLATED)
ANTENNA_i_soc.i_data_sram.u_sram.gen_bank[3].gen_512.u_macro_din0[9]/DIODE    1.000000    1.409122   -0.409122 (VIOLATED)
ANTENNA_i_soc.i_data_sram.u_sram.gen_bank[1].gen_512.u_macro_din0[19]/DIODE    1.000000    1.409076   -0.409076 (VIOLATED)
i_soc.i_ai_sram.u_sram.gen_bank[2].gen_512.u_macro/din0[27]    1.000000    1.408966   -0.408966 (VIOLATED)
i_soc.i_ai_sram.u_sram.gen_bank[5].gen_512.u_macro/din0[31]    1.000000    1.407981   -0.407981 (VIOLATED)
i_soc.i_ai_sram.u_sram.gen_bank[1].gen_512.u_macro/din0[25]    1.000000    1.407835   -0.407835 (VIOLATED)
ANTENNA__05__X/DIODE                    1.000000    1.406977   -0.406977 (VIOLATED)
_05_/X                                  1.000000    1.406971   -0.406971 (VIOLATED)
ANTENNA_i_soc.i_instr_sram.u_sram.gen_bank[3].gen_512.u_macro_din0[24]/DIODE    1.000000    1.405377   -0.405377 (VIOLATED)
i_soc.i_ai_sram.u_sram.gen_bank[0].gen_512.u_macro/din0[1]    1.000000    1.404059   -0.404059 (VIOLATED)
i_soc.i_ai_sram.u_sram._419_/B          1.000000    1.403568   -0.403568 (VIOLATED)
ANTENNA_i_soc.i_ai_sram.u_sram._419__B/DIODE    1.000000    1.403564   -0.403564 (VIOLATED)
i_soc.i_gpio._209_/D                    1.000000    1.403494   -0.403494 (VIOLATED)
ANTENNA_i_soc.i_gpio._209__D/DIODE      1.000000    1.403494   -0.403494 (VIOLATED)
ANTENNA_i_soc.i_instr_sram.u_sram.gen_bank[1].gen_512.u_macro_din0[22]/DIODE    1.000000    1.402089   -0.402089 (VIOLATED)
output43/A                              1.000000    1.402061   -0.402061 (VIOLATED)
ANTENNA_i_soc.i_crossbar._1626__X/DIODE    1.000000    1.402040   -0.402040 (VIOLATED)
ANTENNA_output43_A/DIODE                1.000000    1.402038   -0.402038 (VIOLATED)
i_soc.i_crossbar._1626_/X               1.000000    1.402022   -0.402022 (VIOLATED)
ANTENNA_i_soc.i_data_sram.u_sram.gen_bank[0].gen_512.u_macro_din0[28]/DIODE    1.000000    1.400613   -0.400613 (VIOLATED)
ANTENNA_i_soc.i_crossbar._1214__X/DIODE    1.000000    1.400522   -0.400522 (VIOLATED)
i_soc.i_crossbar._1214_/X               1.000000    1.400503   -0.400503 (VIOLATED)
ANTENNA_input8_X/DIODE                  1.000000    1.400487   -0.400487 (VIOLATED)
input8/X                                1.000000    1.400480   -0.400480 (VIOLATED)
output35/A                              1.000000    1.400415   -0.400415 (VIOLATED)
ANTENNA_output35_A/DIODE                1.000000    1.400393   -0.400393 (VIOLATED)
ANTENNA_i_soc.i_ai_sram.u_sram._418__X/DIODE    1.000000    1.399598   -0.399598 (VIOLATED)
i_soc.i_ai_sram.u_sram._418_/X          1.000000    1.399598   -0.399598 (VIOLATED)
ANTENNA_i_soc.i_instr_sram.u_sram.gen_bank[2].gen_512.u_macro_din0[18]/DIODE    1.000000    1.399499   -0.399499 (VIOLATED)
i_soc.i_gpio._215_/D                    1.000000    1.399132   -0.399132 (VIOLATED)
ANTENNA_i_soc.i_gpio._215__D/DIODE      1.000000    1.399121   -0.399121 (VIOLATED)
ANTENNA_i_soc.i_instr_sram.u_sram.gen_bank[1].gen_512.u_macro_din0[26]/DIODE    1.000000    1.397973   -0.397973 (VIOLATED)
ANTENNA_i_soc.i_crossbar._1630__X/DIODE    1.000000    1.397853   -0.397853 (VIOLATED)
ANTENNA_i_soc.i_instr_sram.u_sram.gen_bank[0].gen_512.u_macro_din0[24]/DIODE    1.000000    1.397844   -0.397844 (VIOLATED)
i_soc.i_crossbar._1630_/X               1.000000    1.397832   -0.397832 (VIOLATED)
ANTENNA_i_soc.i_instr_sram.u_sram.gen_bank[3].gen_512.u_macro_din0[21]/DIODE    1.000000    1.397628   -0.397628 (VIOLATED)
ANTENNA__09__X/DIODE                    1.000000    1.397304   -0.397304 (VIOLATED)
_09_/X                                  1.000000    1.397297   -0.397297 (VIOLATED)
ANTENNA_164/DIODE                       1.000000    1.396894   -0.396894 (VIOLATED)
ANTENNA_165/DIODE                       1.000000    1.396894   -0.396894 (VIOLATED)
ANTENNA_161/DIODE                       1.000000    1.396893   -0.396893 (VIOLATED)
ANTENNA_162/DIODE                       1.000000    1.396892   -0.396892 (VIOLATED)
ANTENNA_163/DIODE                       1.000000    1.396892   -0.396892 (VIOLATED)
ANTENNA__00__X/DIODE                    1.000000    1.396884   -0.396884 (VIOLATED)
_00_/X                                  1.000000    1.396877   -0.396877 (VIOLATED)
ANTENNA__01__X/DIODE                    1.000000    1.396537   -0.396537 (VIOLATED)
_01_/X                                  1.000000    1.396530   -0.396530 (VIOLATED)
i_soc.i_ai_sram.u_sram.gen_bank[8].gen_512.u_macro/din0[22]    1.000000    1.396386   -0.396386 (VIOLATED)
i_soc.i_ai_sram.u_sram.gen_bank[4].gen_512.u_macro/din0[30]    1.000000    1.396074   -0.396074 (VIOLATED)
i_soc.i_ai_sram.u_sram.gen_bank[0].gen_512.u_macro/din0[6]    1.000000    1.395429   -0.395429 (VIOLATED)
ANTENNA_input14_X/DIODE                 1.000000    1.394425   -0.394425 (VIOLATED)
input14/X                               1.000000    1.394415   -0.394415 (VIOLATED)
ANTENNA_i_soc.i_instr_sram.u_sram.gen_bank[1].gen_512.u_macro_din0[14]/DIODE    1.000000    1.393880   -0.393880 (VIOLATED)
ANTENNA_i_soc.i_crossbar._1618__X/DIODE    1.000000    1.393819   -0.393819 (VIOLATED)
i_soc.i_crossbar._1618_/X               1.000000    1.393801   -0.393801 (VIOLATED)
ANTENNA_i_soc.i_instr_sram.u_sram.gen_bank[3].gen_512.u_macro_din0[10]/DIODE    1.000000    1.393224   -0.393224 (VIOLATED)
output41/A                              1.000000    1.391907   -0.391907 (VIOLATED)
ANTENNA_input1_X/DIODE                  1.000000    1.391902   -0.391902 (VIOLATED)
ANTENNA_output41_A/DIODE                1.000000    1.391899   -0.391899 (VIOLATED)
input1/X                                1.000000    1.391894   -0.391894 (VIOLATED)
output29/A                              1.000000    1.391588   -0.391588 (VIOLATED)
ANTENNA_output29_A/DIODE                1.000000    1.391569   -0.391569 (VIOLATED)
ANTENNA_i_soc.i_instr_sram.u_sram.gen_bank[2].gen_512.u_macro_din0[8]/DIODE    1.000000    1.391235   -0.391235 (VIOLATED)
ANTENNA_i_soc.i_instr_sram.u_sram.gen_bank[3].gen_512.u_macro_din0[12]/DIODE    1.000000    1.390297   -0.390297 (VIOLATED)
ANTENNA__07__X/DIODE                    1.000000    1.389025   -0.389025 (VIOLATED)
_07_/X                                  1.000000    1.389018   -0.389018 (VIOLATED)
ANTENNA_i_soc.i_data_sram.u_sram.gen_bank[3].gen_512.u_macro_din0[2]/DIODE    1.000000    1.387426   -0.387427 (VIOLATED)
ANTENNA__10__X/DIODE                    1.000000    1.387224   -0.387224 (VIOLATED)
_10_/X                                  1.000000    1.387200   -0.387200 (VIOLATED)
i_soc.i_ai_sram.u_sram.gen_bank[2].gen_512.u_macro/din0[8]    1.000000    1.386212   -0.386212 (VIOLATED)
ANTENNA_i_soc.i_data_sram.u_sram.gen_bank[2].gen_512.u_macro_din0[0]/DIODE    1.000000    1.384853   -0.384853 (VIOLATED)
ANTENNA_i_soc.i_instr_sram.u_sram.gen_bank[1].gen_512.u_macro_din0[21]/DIODE    1.000000    1.384567   -0.384567 (VIOLATED)
ANTENNA_i_soc.i_crossbar._1625__X/DIODE    1.000000    1.384474   -0.384474 (VIOLATED)
i_soc.i_crossbar._1625_/X               1.000000    1.384456   -0.384456 (VIOLATED)
ANTENNA_i_soc.i_ai_sram.u_sram.gen_bank[0].gen_512.u_macro_din0[17]/DIODE    1.000000    1.384037   -0.384037 (VIOLATED)
ANTENNA_i_soc.i_instr_sram.u_sram.gen_bank[3].gen_512.u_macro_din0[4]/DIODE    1.000000    1.383865   -0.383865 (VIOLATED)
i_soc.i_ai_sram.u_sram.gen_bank[8].gen_512.u_macro/din0[16]    1.000000    1.383355   -0.383355 (VIOLATED)
ANTENNA_i_soc.i_ai_sram.u_sram._363__X/DIODE    1.000000    1.383249   -0.383249 (VIOLATED)
i_soc.i_ai_sram.u_sram._363_/X          1.000000    1.383244   -0.383244 (VIOLATED)
ANTENNA_i_soc.i_instr_sram.u_sram.gen_bank[1].gen_512.u_macro_din0[24]/DIODE    1.000000    1.380913   -0.380913 (VIOLATED)
ANTENNA_i_soc.i_crossbar._1628__X/DIODE    1.000000    1.380782   -0.380783 (VIOLATED)
i_soc.i_crossbar._1628_/X               1.000000    1.380782   -0.380783 (VIOLATED)
ANTENNA_i_soc.i_crossbar._1186__X/DIODE    1.000000    1.380728   -0.380728 (VIOLATED)
ANTENNA_i_soc.i_data_sram.u_sram.gen_bank[2].gen_512.u_macro_din0[19]/DIODE    1.000000    1.380715   -0.380715 (VIOLATED)
ANTENNA_i_soc.i_data_sram.u_sram.gen_bank[0].gen_512.u_macro_din0[0]/DIODE    1.000000    1.380710   -0.380710 (VIOLATED)
i_soc.i_crossbar._1186_/X               1.000000    1.380710   -0.380710 (VIOLATED)
ANTENNA_i_soc.i_instr_sram.u_sram.gen_bank[0].gen_512.u_macro_din0[2]/DIODE    1.000000    1.379341   -0.379341 (VIOLATED)
ANTENNA_i_soc.i_instr_sram.u_sram.gen_bank[2].gen_512.u_macro_din0[17]/DIODE    1.000000    1.378788   -0.378788 (VIOLATED)
ANTENNA_i_soc.i_instr_sram.u_sram.gen_bank[3].gen_512.u_macro_din0[18]/DIODE    1.000000    1.378687   -0.378687 (VIOLATED)
ANTENNA_i_soc.i_instr_sram.u_sram.gen_bank[2].gen_512.u_macro_din0[23]/DIODE    1.000000    1.378527   -0.378527 (VIOLATED)
ANTENNA_i_soc.i_ai_sram.u_sram._671__X/DIODE    1.000000    1.376436   -0.376436 (VIOLATED)
i_soc.i_ai_sram.u_sram._671_/X          1.000000    1.376431   -0.376431 (VIOLATED)
i_soc.i_gpio._220_/D                    1.000000    1.376156   -0.376156 (VIOLATED)
ANTENNA_i_soc.i_gpio._220__D/DIODE      1.000000    1.376153   -0.376153 (VIOLATED)
ANTENNA_i_soc.i_instr_sram.u_sram.gen_bank[2].gen_512.u_macro_din0[0]/DIODE    1.000000    1.376117   -0.376117 (VIOLATED)
ANTENNA_i_soc.i_instr_sram.u_sram.gen_bank[1].gen_512.u_macro_din0[4]/DIODE    1.000000    1.375722   -0.375722 (VIOLATED)
ANTENNA_i_soc.i_crossbar._1608__X/DIODE    1.000000    1.375656   -0.375656 (VIOLATED)
i_soc.i_crossbar._1608_/X               1.000000    1.375638   -0.375638 (VIOLATED)
i_soc.i_ai_sram.u_sram.gen_bank[2].gen_512.u_macro/din0[28]    1.000000    1.375173   -0.375173 (VIOLATED)
output42/A                              1.000000    1.374722   -0.374722 (VIOLATED)
ANTENNA_output42_A/DIODE                1.000000    1.374676   -0.374676 (VIOLATED)
output37/A                              1.000000    1.374282   -0.374282 (VIOLATED)
ANTENNA_output37_A/DIODE                1.000000    1.374239   -0.374239 (VIOLATED)
i_soc.i_ai_sram.u_sram.gen_bank[2].gen_512.u_macro/din0[26]    1.000000    1.373155   -0.373155 (VIOLATED)
ANTENNA_i_soc.i_data_sram.u_sram.gen_bank[3].gen_512.u_macro_din0[10]/DIODE    1.000000    1.372943   -0.372943 (VIOLATED)
ANTENNA_i_soc.i_data_sram.u_sram.gen_bank[1].gen_512.u_macro_din0[9]/DIODE    1.000000    1.372663   -0.372663 (VIOLATED)
ANTENNA_i_soc.i_instr_sram.u_sram.gen_bank[0].gen_512.u_macro_din0[18]/DIODE    1.000000    1.372527   -0.372527 (VIOLATED)
i_soc.i_ai_accel._18463_/B2             1.000000    1.372336   -0.372336 (VIOLATED)
ANTENNA_i_soc.i_ai_accel._18463__B2/DIODE    1.000000    1.372334   -0.372334 (VIOLATED)
i_soc.i_ai_accel._17437_/A1             1.000000    1.372332   -0.372332 (VIOLATED)
ANTENNA_i_soc.i_ai_accel._17437__A1/DIODE    1.000000    1.372329   -0.372330 (VIOLATED)
i_soc.i_ai_sram.u_sram.gen_bank[13].gen_512.u_macro/din0[26]    1.000000    1.371884   -0.371884 (VIOLATED)
ANTENNA_i_soc.i_ai_accel.u_conv_out._34__X/DIODE    1.000000    1.371812   -0.371812 (VIOLATED)
i_soc.i_ai_accel.u_conv_out._34_/X      1.000000    1.371810   -0.371810 (VIOLATED)
ANTENNA_input4_X/DIODE                  1.000000    1.371780   -0.371780 (VIOLATED)
input4/X                                1.000000    1.371740   -0.371740 (VIOLATED)
ANTENNA_i_soc.i_data_sram.u_sram.gen_bank[3].gen_512.u_macro_din0[5]/DIODE    1.000000    1.370951   -0.370951 (VIOLATED)
ANTENNA_i_soc.i_instr_sram.u_sram.gen_bank[2].gen_512.u_macro_din0[31]/DIODE    1.000000    1.370284   -0.370284 (VIOLATED)
i_soc.i_ai_sram.u_sram.gen_bank[4].gen_512.u_macro/din0[4]    1.000000    1.370239   -0.370239 (VIOLATED)
ANTENNA_i_soc.i_data_sram.u_sram.gen_bank[2].gen_512.u_macro_din0[4]/DIODE    1.000000    1.368279   -0.368279 (VIOLATED)
i_soc.i_ai_sram.u_sram.gen_bank[6].gen_512.u_macro/din0[29]    1.000000    1.367684   -0.367684 (VIOLATED)
ANTENNA_i_soc.i_crossbar._1205__X/DIODE    1.000000    1.367180   -0.367180 (VIOLATED)
ANTENNA_i_soc.i_data_sram.u_sram.gen_bank[0].gen_512.u_macro_din0[19]/DIODE    1.000000    1.367177   -0.367177 (VIOLATED)
i_soc.i_crossbar._1205_/X               1.000000    1.367110   -0.367110 (VIOLATED)
ANTENNA_i_soc.i_data_sram.u_sram.gen_bank[0].gen_512.u_macro_din0[4]/DIODE    1.000000    1.366872   -0.366872 (VIOLATED)
ANTENNA_i_soc.i_crossbar._1190__X/DIODE    1.000000    1.366862   -0.366862 (VIOLATED)
i_soc.i_crossbar._1190_/X               1.000000    1.366844   -0.366844 (VIOLATED)
i_soc.i_ai_sram.u_sram.gen_bank[2].gen_512.u_macro/din0[2]    1.000000    1.366740   -0.366740 (VIOLATED)
ANTENNA_i_soc.i_instr_sram.u_sram.gen_bank[3].gen_512.u_macro_din0[6]/DIODE    1.000000    1.366138   -0.366138 (VIOLATED)
ANTENNA_i_soc.i_data_sram.u_sram.gen_bank[1].gen_512.u_macro_din0[2]/DIODE    1.000000    1.365664   -0.365664 (VIOLATED)
ANTENNA_i_soc.i_instr_sram.u_sram.gen_bank[1].gen_512.u_macro_din0[18]/DIODE    1.000000    1.365115   -0.365115 (VIOLATED)
ANTENNA_i_soc.i_crossbar._1622__X/DIODE    1.000000    1.365073   -0.365073 (VIOLATED)
i_soc.i_crossbar._1622_/X               1.000000    1.365053   -0.365053 (VIOLATED)
ANTENNA_i_soc.i_instr_sram.u_sram.gen_bank[2].gen_512.u_macro_din0[1]/DIODE    1.000000    1.363103   -0.363103 (VIOLATED)
ANTENNA_i_soc.i_data_sram.u_sram.gen_bank[3].gen_512.u_macro_din0[14]/DIODE    1.000000    1.362978   -0.362978 (VIOLATED)
ANTENNA__03__X/DIODE                    1.000000    1.361488   -0.361488 (VIOLATED)
_03_/X                                  1.000000    1.361482   -0.361482 (VIOLATED)
ANTENNA_i_soc.i_data_sram.u_sram.gen_bank[1].gen_512.u_macro_din0[10]/DIODE    1.000000    1.361455   -0.361455 (VIOLATED)
ANTENNA_i_soc.i_data_sram.u_sram.gen_bank[1].gen_512.u_macro_din0[5]/DIODE    1.000000    1.360798   -0.360798 (VIOLATED)
ANTENNA_i_soc.i_data_sram.u_sram.gen_bank[2].gen_512.u_macro_din0[10]/DIODE    1.000000    1.360323   -0.360323 (VIOLATED)
ANTENNA_i_soc.i_instr_sram.u_sram.gen_bank[1].gen_512.u_macro_din0[10]/DIODE    1.000000    1.358917   -0.358917 (VIOLATED)
ANTENNA_i_soc.i_data_sram.u_sram.gen_bank[2].gen_512.u_macro_din0[5]/DIODE    1.000000    1.358875   -0.358875 (VIOLATED)
ANTENNA_i_soc.i_crossbar._1614__X/DIODE    1.000000    1.358811   -0.358811 (VIOLATED)
i_soc.i_crossbar._1614_/X               1.000000    1.358793   -0.358793 (VIOLATED)
ANTENNA_i_soc.i_data_sram.u_sram.gen_bank[0].gen_512.u_macro_din0[26]/DIODE    1.000000    1.358316   -0.358316 (VIOLATED)
ANTENNA_i_soc.i_crossbar._1212__X/DIODE    1.000000    1.358251   -0.358251 (VIOLATED)
i_soc.i_crossbar._1212_/X               1.000000    1.358233   -0.358233 (VIOLATED)
i_soc.i_ai_sram.u_sram.gen_bank[2].gen_512.u_macro/din0[23]    1.000000    1.357914   -0.357914 (VIOLATED)
ANTENNA_i_soc.i_crossbar._1196__X/DIODE    1.000000    1.356763   -0.356763 (VIOLATED)
ANTENNA_i_soc.i_data_sram.u_sram.gen_bank[0].gen_512.u_macro_din0[10]/DIODE    1.000000    1.356709   -0.356709 (VIOLATED)
i_soc.i_crossbar._1196_/X               1.000000    1.356533   -0.356533 (VIOLATED)
ANTENNA_i_soc.i_crossbar._1191__X/DIODE    1.000000    1.356530   -0.356530 (VIOLATED)
ANTENNA_i_soc.i_data_sram.u_sram.gen_bank[0].gen_512.u_macro_din0[5]/DIODE    1.000000    1.356453   -0.356453 (VIOLATED)
i_soc.i_crossbar._1191_/X               1.000000    1.356432   -0.356432 (VIOLATED)
ANTENNA__08__X/DIODE                    1.000000    1.355934   -0.355934 (VIOLATED)
_08_/X                                  1.000000    1.355927   -0.355927 (VIOLATED)
ANTENNA_i_soc.i_data_sram.u_sram.gen_bank[2].gen_512.u_macro_din0[14]/DIODE    1.000000    1.355656   -0.355656 (VIOLATED)
ANTENNA_i_soc.i_ai_sram.u_sram.gen_bank[4].gen_512.u_macro_din0[22]/DIODE    1.000000    1.355512   -0.355513 (VIOLATED)
ANTENNA_i_soc.i_gpio._210__D/DIODE      1.000000    1.355103   -0.355103 (VIOLATED)
i_soc.i_gpio._210_/D                    1.000000    1.355083   -0.355083 (VIOLATED)
i_soc.i_ai_sram.u_sram._575_/A2         1.000000    1.354774   -0.354774 (VIOLATED)
ANTENNA_i_soc.i_ai_sram.u_sram._575__A2/DIODE    1.000000    1.354768   -0.354768 (VIOLATED)
ANTENNA_i_soc.i_data_sram.u_sram.gen_bank[3].gen_512.u_macro_din0[7]/DIODE    1.000000    1.354006   -0.354006 (VIOLATED)
ANTENNA_i_soc.i_instr_sram.u_sram.gen_bank[1].gen_512.u_macro_din0[12]/DIODE    1.000000    1.353655   -0.353655 (VIOLATED)
ANTENNA_i_soc.i_crossbar._1616__X/DIODE    1.000000    1.353609   -0.353609 (VIOLATED)
i_soc.i_crossbar._1616_/X               1.000000    1.353591   -0.353591 (VIOLATED)
i_soc.i_ai_sram.u_sram.gen_bank[13].gen_512.u_macro/din0[28]    1.000000    1.353533   -0.353533 (VIOLATED)
i_soc.i_ai_sram.u_sram.gen_bank[3].gen_512.u_macro/din0[22]    1.000000    1.352189   -0.352189 (VIOLATED)
ANTENNA_i_soc.i_data_sram.u_sram.gen_bank[1].gen_512.u_macro_din0[14]/DIODE    1.000000    1.350287   -0.350287 (VIOLATED)
i_soc.i_ai_sram.u_sram.gen_bank[6].gen_512.u_macro/din0[22]    1.000000    1.349506   -0.349506 (VIOLATED)
ANTENNA_i_soc.i_ai_sram.u_sram._694__B/DIODE    1.000000    1.349337   -0.349337 (VIOLATED)
i_soc.i_ai_sram.u_sram._694_/B          1.000000    1.349336   -0.349336 (VIOLATED)
ANTENNA_i_soc.i_ai_sram.u_sram._583__X/DIODE    1.000000    1.349103   -0.349103 (VIOLATED)
i_soc.i_ai_sram.u_sram._583_/X          1.000000    1.349056   -0.349056 (VIOLATED)
ANTENNA_i_soc.i_instr_sram.u_sram.gen_bank[1].gen_512.u_macro_din0[6]/DIODE    1.000000    1.348235   -0.348235 (VIOLATED)
ANTENNA_i_soc.i_crossbar._1610__X/DIODE    1.000000    1.348224   -0.348224 (VIOLATED)
i_soc.i_crossbar._1610_/X               1.000000    1.348206   -0.348206 (VIOLATED)
ANTENNA_i_soc.i_instr_sram.u_sram.gen_bank[3].gen_512.u_macro_din0[17]/DIODE    1.000000    1.347973   -0.347973 (VIOLATED)
i_soc.i_ai_sram.u_sram.gen_bank[8].gen_512.u_macro/din0[12]    1.000000    1.347772   -0.347772 (VIOLATED)
i_soc.i_ai_sram.u_sram.gen_bank[2].gen_512.u_macro/din0[21]    1.000000    1.347769   -0.347769 (VIOLATED)
i_soc.i_ai_sram.u_sram.gen_bank[3].gen_512.u_macro/din0[26]    1.000000    1.347634   -0.347634 (VIOLATED)
ANTENNA_i_soc.i_gpio._216__D/DIODE      1.000000    1.347540   -0.347540 (VIOLATED)
i_soc.i_gpio._216_/D                    1.000000    1.347538   -0.347538 (VIOLATED)
ANTENNA_i_soc.i_crossbar._1200__X/DIODE    1.000000    1.345729   -0.345729 (VIOLATED)
ANTENNA_i_soc.i_instr_sram.u_sram.gen_bank[0].gen_512.u_macro_din0[8]/DIODE    1.000000    1.345689   -0.345689 (VIOLATED)
ANTENNA_i_soc.i_data_sram.u_sram.gen_bank[0].gen_512.u_macro_din0[14]/DIODE    1.000000    1.345666   -0.345666 (VIOLATED)
i_soc.i_crossbar._1200_/X               1.000000    1.345636   -0.345636 (VIOLATED)
ANTENNA_i_soc.i_instr_sram.u_sram.gen_bank[3].gen_512.u_macro_din0[5]/DIODE    1.000000    1.345241   -0.345241 (VIOLATED)
i_soc.i_ai_sram.u_sram.gen_bank[3].gen_512.u_macro/din0[9]    1.000000    1.344764   -0.344764 (VIOLATED)
i_soc.i_ai_sram.u_sram.gen_bank[3].gen_512.u_macro/din0[17]    1.000000    1.344651   -0.344651 (VIOLATED)
i_soc.i_ai_sram.u_sram.gen_bank[4].gen_512.u_macro/din0[8]    1.000000    1.344389   -0.344389 (VIOLATED)
output40/A                              1.000000    1.343907   -0.343907 (VIOLATED)
i_soc.i_ai_accel._18027_/A2             1.000000    1.343855   -0.343855 (VIOLATED)
ANTENNA_i_soc.i_ai_accel._18027__A2/DIODE    1.000000    1.343846   -0.343846 (VIOLATED)
ANTENNA_output40_A/DIODE                1.000000    1.343831   -0.343831 (VIOLATED)
ANTENNA_i_soc.i_ai_accel._18059__A2/DIODE    1.000000    1.343767   -0.343767 (VIOLATED)
i_soc.i_ai_sram.u_sram.gen_bank[8].gen_512.u_macro/din0[10]    1.000000    1.343743   -0.343743 (VIOLATED)
i_soc.i_ai_accel._18059_/A2             1.000000    1.343697   -0.343697 (VIOLATED)
i_soc.i_ai_accel._18043_/B              1.000000    1.343608   -0.343608 (VIOLATED)
ANTENNA_i_soc.i_ai_accel._18043__B/DIODE    1.000000    1.343608   -0.343608 (VIOLATED)
i_soc.i_ai_sram.u_sram.gen_bank[6].gen_512.u_macro/din0[20]    1.000000    1.342894   -0.342894 (VIOLATED)
ANTENNA_input15_X/DIODE                 1.000000    1.342770   -0.342770 (VIOLATED)
input15/X                               1.000000    1.342738   -0.342738 (VIOLATED)
output30/A                              1.000000    1.342248   -0.342248 (VIOLATED)
ANTENNA_output30_A/DIODE                1.000000    1.342227   -0.342227 (VIOLATED)
ANTENNA_i_soc.i_instr_sram.u_sram.gen_bank[0].gen_512.u_macro_din0[17]/DIODE    1.000000    1.341725   -0.341725 (VIOLATED)
i_soc.i_ai_sram.u_sram._595_/B          1.000000    1.339899   -0.339899 (VIOLATED)
ANTENNA_i_soc.i_ai_sram.u_sram._595__B/DIODE    1.000000    1.339884   -0.339884 (VIOLATED)
i_soc.i_ai_sram.u_sram.gen_bank[1].gen_512.u_macro/din0[14]    1.000000    1.339142   -0.339142 (VIOLATED)
i_soc.i_ai_sram.u_sram.gen_bank[4].gen_512.u_macro/din0[1]    1.000000    1.338173   -0.338173 (VIOLATED)
i_soc.i_ai_sram.u_sram.gen_bank[8].gen_512.u_macro/din0[25]    1.000000    1.338170   -0.338170 (VIOLATED)
ANTENNA_i_soc.i_data_sram.u_sram.gen_bank[3].gen_512.u_macro_din0[3]/DIODE    1.000000    1.337798   -0.337798 (VIOLATED)
i_soc.i_ai_sram.u_sram.gen_bank[4].gen_512.u_macro/din0[6]    1.000000    1.337456   -0.337456 (VIOLATED)
i_soc.i_ai_accel._17470_/A2             1.000000    1.336989   -0.336989 (VIOLATED)
ANTENNA_i_soc.i_ai_accel._17470__A2/DIODE    1.000000    1.336987   -0.336987 (VIOLATED)
i_soc.i_ai_accel._17430_/B              1.000000    1.336986   -0.336986 (VIOLATED)
ANTENNA_i_soc.i_ai_accel._17430__B/DIODE    1.000000    1.336985   -0.336985 (VIOLATED)
i_soc.i_ai_accel._17465_/A2             1.000000    1.336982   -0.336982 (VIOLATED)
ANTENNA_i_soc.i_ai_accel._17465__A2/DIODE    1.000000    1.336980   -0.336980 (VIOLATED)
ANTENNA_i_soc.i_ai_accel._17446__A2/DIODE    1.000000    1.336978   -0.336978 (VIOLATED)
i_soc.i_ai_accel._17438_/B              1.000000    1.336978   -0.336978 (VIOLATED)
i_soc.i_ai_accel._17446_/A2             1.000000    1.336978   -0.336978 (VIOLATED)
ANTENNA_i_soc.i_ai_accel._17438__B/DIODE    1.000000    1.336972   -0.336972 (VIOLATED)
ANTENNA_i_soc.i_ai_accel._17454__B/DIODE    1.000000    1.336956   -0.336956 (VIOLATED)
ANTENNA_i_soc.i_ai_accel._17425__A2/DIODE    1.000000    1.336956   -0.336956 (VIOLATED)
i_soc.i_ai_accel._17425_/A2             1.000000    1.336956   -0.336956 (VIOLATED)
i_soc.i_ai_accel._17454_/B              1.000000    1.336956   -0.336956 (VIOLATED)
i_soc.i_ai_accel._17416_/B              1.000000    1.336952   -0.336952 (VIOLATED)
ANTENNA_i_soc.i_ai_accel._17416__B/DIODE    1.000000    1.336946   -0.336946 (VIOLATED)
ANTENNA_i_soc.i_ai_accel._17413__X/DIODE    1.000000    1.336945   -0.336945 (VIOLATED)
i_soc.i_ai_accel._17413_/X              1.000000    1.336937   -0.336937 (VIOLATED)
output58/A                              1.000000    1.336234   -0.336234 (VIOLATED)
ANTENNA_output58_A/DIODE                1.000000    1.336212   -0.336212 (VIOLATED)
i_soc.i_ai_sram.u_sram.gen_bank[8].gen_512.u_macro/din0[7]    1.000000    1.335804   -0.335804 (VIOLATED)
ANTENNA_i_soc.i_instr_sram.u_sram.gen_bank[1].gen_512.u_macro_din0[17]/DIODE    1.000000    1.335381   -0.335381 (VIOLATED)
ANTENNA_i_soc.i_crossbar._1621__X/DIODE    1.000000    1.335278   -0.335278 (VIOLATED)
i_soc.i_crossbar._1621_/X               1.000000    1.335258   -0.335258 (VIOLATED)
i_soc.i_ai_sram.u_sram.gen_bank[3].gen_512.u_macro/din0[23]    1.000000    1.333926   -0.333926 (VIOLATED)
ANTENNA_i_soc.i_instr_sram.u_sram.gen_bank[3].gen_512.u_macro_din0[3]/DIODE    1.000000    1.333354   -0.333354 (VIOLATED)
ANTENNA_i_soc.i_gpio._212__D/DIODE      1.000000    1.333001   -0.333001 (VIOLATED)
i_soc.i_gpio._212_/D                    1.000000    1.332982   -0.332982 (VIOLATED)
ANTENNA_i_soc.i_data_sram.u_sram.gen_bank[1].gen_512.u_macro_din0[7]/DIODE    1.000000    1.332192   -0.332192 (VIOLATED)
i_soc.i_ai_sram.u_sram._518_/B          1.000000    1.332142   -0.332142 (VIOLATED)
ANTENNA_i_soc.i_ai_sram.u_sram._518__B/DIODE    1.000000    1.332138   -0.332138 (VIOLATED)
i_soc.i_uart_0.i_uart_tx._293_/A1       1.000000    1.332098   -0.332098 (VIOLATED)
ANTENNA_i_soc.i_uart_0.i_uart_tx._293__A1/DIODE    1.000000    1.332013   -0.332013 (VIOLATED)
ANTENNA_i_soc.i_uart_0.i_uart_tx._328__Q/DIODE    1.000000    1.331973   -0.331973 (VIOLATED)
i_soc.i_uart_0.i_uart_tx._328_/Q        1.000000    1.331967   -0.331967 (VIOLATED)
i_soc.i_ai_sram.u_sram.gen_bank[13].gen_512.u_macro/din0[22]    1.000000    1.331736   -0.331736 (VIOLATED)
ANTENNA_i_soc.i_data_sram.u_sram.gen_bank[1].gen_512.u_macro_din0[3]/DIODE    1.000000    1.331602   -0.331602 (VIOLATED)
i_soc.i_ai_accel._18461_/B2             1.000000    1.331602   -0.331602 (VIOLATED)
ANTENNA_i_soc.i_ai_accel._18461__B2/DIODE    1.000000    1.331600   -0.331600 (VIOLATED)
i_soc.i_ai_accel._17424_/A1             1.000000    1.331599   -0.331599 (VIOLATED)
ANTENNA_i_soc.i_ai_accel._17424__A1/DIODE    1.000000    1.331596   -0.331596 (VIOLATED)
ANTENNA_i_soc.i_ai_accel.u_conv_out._32__X/DIODE    1.000000    1.331482   -0.331482 (VIOLATED)
i_soc.i_ai_accel.u_conv_out._32_/X      1.000000    1.331478   -0.331478 (VIOLATED)
i_soc.i_ai_sram.u_sram.gen_bank[2].gen_512.u_macro/din0[12]    1.000000    1.330752   -0.330753 (VIOLATED)
ANTENNA_i_soc.i_data_sram.u_sram.gen_bank[2].gen_512.u_macro_din0[3]/DIODE    1.000000    1.330257   -0.330257 (VIOLATED)
ANTENNA_i_soc.i_instr_sram.u_sram.gen_bank[0].gen_512.u_macro_din0[31]/DIODE    1.000000    1.329451   -0.329451 (VIOLATED)
i_soc.i_ai_sram.u_sram.gen_bank[4].gen_512.u_macro/din0[3]    1.000000    1.328733   -0.328733 (VIOLATED)
ANTENNA_i_soc.i_data_sram.u_sram.gen_bank[2].gen_512.u_macro_din0[2]/DIODE    1.000000    1.328566   -0.328566 (VIOLATED)
ANTENNA_i_soc.i_crossbar._1189__X/DIODE    1.000000    1.328331   -0.328331 (VIOLATED)
ANTENNA_i_soc.i_data_sram.u_sram.gen_bank[0].gen_512.u_macro_din0[3]/DIODE    1.000000    1.328303   -0.328303 (VIOLATED)
i_soc.i_crossbar._1189_/X               1.000000    1.328303   -0.328303 (VIOLATED)
output36/A                              1.000000    1.327580   -0.327580 (VIOLATED)
ANTENNA_output36_A/DIODE                1.000000    1.327556   -0.327556 (VIOLATED)
ANTENNA_i_soc.i_data_sram.u_sram.gen_bank[2].gen_512.u_macro_din0[9]/DIODE    1.000000    1.325429   -0.325429 (VIOLATED)
ANTENNA_i_soc.i_instr_sram.u_sram.gen_bank[0].gen_512.u_macro_din0[23]/DIODE    1.000000    1.324358   -0.324358 (VIOLATED)
ANTENNA_i_soc.i_instr_sram.u_sram.gen_bank[2].gen_512.u_macro_din0[9]/DIODE    1.000000    1.323830   -0.323830 (VIOLATED)
ANTENNA_i_soc.i_instr_sram.u_sram.gen_bank[1].gen_512.u_macro_din0[5]/DIODE    1.000000    1.322893   -0.322893 (VIOLATED)
ANTENNA_i_soc.i_crossbar._1609__X/DIODE    1.000000    1.322825   -0.322825 (VIOLATED)
i_soc.i_crossbar._1609_/X               1.000000    1.322808   -0.322808 (VIOLATED)
ANTENNA__06__X/DIODE                    1.000000    1.322411   -0.322411 (VIOLATED)
_06_/X                                  1.000000    1.322404   -0.322404 (VIOLATED)
ANTENNA_i_soc.i_ai_sram.u_sram._574__X/DIODE    1.000000    1.321987   -0.321987 (VIOLATED)
i_soc.i_ai_sram.u_sram._574_/X          1.000000    1.321973   -0.321973 (VIOLATED)
ANTENNA_i_soc.i_crossbar._1188__X/DIODE    1.000000    1.321478   -0.321478 (VIOLATED)
ANTENNA_i_soc.i_data_sram.u_sram.gen_bank[0].gen_512.u_macro_din0[2]/DIODE    1.000000    1.321479   -0.321479 (VIOLATED)
i_soc.i_crossbar._1188_/X               1.000000    1.321460   -0.321460 (VIOLATED)
ANTENNA_i_soc.i_instr_sram.u_sram.gen_bank[0].gen_512.u_macro_din0[1]/DIODE    1.000000    1.321340   -0.321340 (VIOLATED)
i_soc.i_ai_sram.u_sram._458_/B          1.000000    1.321069   -0.321069 (VIOLATED)
ANTENNA_i_soc.i_ai_sram.u_sram._458__B/DIODE    1.000000    1.321066   -0.321066 (VIOLATED)
ANTENNA_i_soc.i_instr_sram.u_sram.gen_bank[0].gen_512.u_macro_din0[0]/DIODE    1.000000    1.320575   -0.320574 (VIOLATED)
ANTENNA__11__X/DIODE                    1.000000    1.320351   -0.320351 (VIOLATED)
_11_/X                                  1.000000    1.320344   -0.320344 (VIOLATED)
ANTENNA_i_soc.i_instr_sram.u_sram.gen_bank[3].gen_512.u_macro_din0[31]/DIODE    1.000000    1.320327   -0.320327 (VIOLATED)
ANTENNA_i_soc.i_ai_sram.u_sram.gen_bank[0].gen_512.u_macro_din0[23]/DIODE    1.000000    1.320318   -0.320318 (VIOLATED)
i_soc.i_ai_sram.u_sram._564_/A2         1.000000    1.319648   -0.319648 (VIOLATED)
ANTENNA_i_soc.i_ai_sram.u_sram._564__A2/DIODE    1.000000    1.319646   -0.319646 (VIOLATED)
i_soc.i_timer._1345_/A2                 1.000000    1.318918   -0.318918 (VIOLATED)
ANTENNA_i_soc.i_timer._1345__A2/DIODE    1.000000    1.318913   -0.318913 (VIOLATED)
i_soc.i_timer._1370_/A2                 1.000000    1.318911   -0.318911 (VIOLATED)
ANTENNA_i_soc.i_timer._1370__A2/DIODE    1.000000    1.318907   -0.318907 (VIOLATED)
i_soc.i_timer._1352_/A2                 1.000000    1.318906   -0.318906 (VIOLATED)
ANTENNA_i_soc.i_timer._1352__A2/DIODE    1.000000    1.318893   -0.318893 (VIOLATED)
i_soc.i_timer._1328_/A2                 1.000000    1.318889   -0.318889 (VIOLATED)
ANTENNA_i_soc.i_timer._1328__A2/DIODE    1.000000    1.318887   -0.318886 (VIOLATED)
i_soc.i_timer._1340_/B1                 1.000000    1.318880   -0.318880 (VIOLATED)
ANTENNA_i_soc.i_timer._1340__B1/DIODE    1.000000    1.318877   -0.318877 (VIOLATED)
i_soc.i_timer._1332_/A2                 1.000000    1.318851   -0.318851 (VIOLATED)
ANTENNA_i_soc.i_timer._1332__A2/DIODE    1.000000    1.318849   -0.318849 (VIOLATED)
i_soc.i_timer._1356_/A2                 1.000000    1.318840   -0.318840 (VIOLATED)
ANTENNA_i_soc.i_timer._1356__A2/DIODE    1.000000    1.318816   -0.318816 (VIOLATED)
ANTENNA_i_soc.i_timer._1365__B1/DIODE    1.000000    1.318743   -0.318743 (VIOLATED)
i_soc.i_timer._1365_/B1                 1.000000    1.318718   -0.318718 (VIOLATED)
i_soc.i_timer._1376_/A2                 1.000000    1.318692   -0.318692 (VIOLATED)
ANTENNA_i_soc.i_timer._1376__A2/DIODE    1.000000    1.318690   -0.318690 (VIOLATED)
i_soc.i_timer._1381_/A2                 1.000000    1.318688   -0.318688 (VIOLATED)
ANTENNA_i_soc.i_timer._1381__A2/DIODE    1.000000    1.318685   -0.318685 (VIOLATED)
i_soc.i_timer._1390_/A2                 1.000000    1.318629   -0.318629 (VIOLATED)
ANTENNA_i_soc.i_timer._1390__A2/DIODE    1.000000    1.318596   -0.318596 (VIOLATED)
i_soc.i_timer._1424_/B1                 1.000000    1.318348   -0.318348 (VIOLATED)
ANTENNA_i_soc.i_timer._1424__B1/DIODE    1.000000    1.318346   -0.318346 (VIOLATED)
i_soc.i_timer._1429_/B1                 1.000000    1.318346   -0.318346 (VIOLATED)
ANTENNA_i_soc.i_timer._1429__B1/DIODE    1.000000    1.318345   -0.318345 (VIOLATED)
ANTENNA_i_soc.i_timer._1417__A2/DIODE    1.000000    1.318340   -0.318340 (VIOLATED)
i_soc.i_timer._1417_/A2                 1.000000    1.318339   -0.318339 (VIOLATED)
ANTENNA_i_soc.i_timer._1395__A2/DIODE    1.000000    1.318336   -0.318336 (VIOLATED)
i_soc.i_timer._1405_/A2                 1.000000    1.318331   -0.318331 (VIOLATED)
ANTENNA_i_soc.i_timer._1405__A2/DIODE    1.000000    1.318330   -0.318330 (VIOLATED)
i_soc.i_timer._1401_/A2                 1.000000    1.318317   -0.318317 (VIOLATED)
i_soc.i_timer._1395_/A2                 1.000000    1.318315   -0.318315 (VIOLATED)
ANTENNA_i_soc.i_timer._1401__A2/DIODE    1.000000    1.318311   -0.318311 (VIOLATED)
i_soc.i_timer._1413_/B1                 1.000000    1.318254   -0.318254 (VIOLATED)
ANTENNA_i_soc.i_timer._1413__B1/DIODE    1.000000    1.318250   -0.318250 (VIOLATED)
ANTENNA_fanout1463_X/DIODE              1.000000    1.318236   -0.318236 (VIOLATED)
fanout1463/X                            1.000000    1.318236   -0.318236 (VIOLATED)
i_soc.i_ai_sram.u_sram.gen_bank[2].gen_512.u_macro/din0[30]    1.000000    1.318117   -0.318117 (VIOLATED)
i_soc.i_gpio._219_/D                    1.000000    1.317915   -0.317915 (VIOLATED)
ANTENNA_i_soc.i_gpio._219__D/DIODE      1.000000    1.317893   -0.317893 (VIOLATED)
ANTENNA_i_soc.i_ai_sram.u_sram._457__X/DIODE    1.000000    1.317704   -0.317704 (VIOLATED)
i_soc.i_ai_sram.u_sram._457_/X          1.000000    1.317635   -0.317635 (VIOLATED)
ANTENNA_i_soc.i_ai_sram.u_sram.gen_bank[0].gen_512.u_macro_din0[24]/DIODE    1.000000    1.317350   -0.317350 (VIOLATED)
ANTENNA_i_soc.i_data_sram.u_sram.gen_bank[0].gen_512.u_macro_din0[9]/DIODE    1.000000    1.317054   -0.317054 (VIOLATED)
ANTENNA_i_soc.i_crossbar._1195__X/DIODE    1.000000    1.317038   -0.317038 (VIOLATED)
i_soc.i_crossbar._1195_/X               1.000000    1.316994   -0.316994 (VIOLATED)
ANTENNA_input9_X/DIODE                  1.000000    1.315917   -0.315917 (VIOLATED)
input9/X                                1.000000    1.315888   -0.315888 (VIOLATED)
ANTENNA_i_soc.i_ai_sram.u_sram.gen_bank[4].gen_512.u_macro_din0[17]/DIODE    1.000000    1.315114   -0.315114 (VIOLATED)
hold9291/A                              1.000000    1.314933   -0.314933 (VIOLATED)
ANTENNA_hold9291_A/DIODE                1.000000    1.314930   -0.314930 (VIOLATED)
ANTENNA_i_soc.i_gpio._214__D/DIODE      1.000000    1.314659   -0.314659 (VIOLATED)
i_soc.i_gpio._214_/D                    1.000000    1.314657   -0.314657 (VIOLATED)
i_soc.i_ai_sram.u_sram.gen_bank[2].gen_512.u_macro/din0[16]    1.000000    1.314578   -0.314578 (VIOLATED)
i_soc.i_ai_sram.u_sram.gen_bank[1].gen_512.u_macro/din0[11]    1.000000    1.313600   -0.313600 (VIOLATED)
i_soc.i_gpio._221_/D                    1.000000    1.312418   -0.312418 (VIOLATED)
ANTENNA_i_soc.i_gpio._221__D/DIODE      1.000000    1.312394   -0.312394 (VIOLATED)
i_soc.i_ai_sram.u_sram.gen_bank[2].gen_512.u_macro/din0[7]    1.000000    1.311754   -0.311754 (VIOLATED)
i_soc.i_ai_sram.u_sram.gen_bank[1].gen_512.u_macro/din0[19]    1.000000    1.310465   -0.310465 (VIOLATED)
ANTENNA_i_soc.i_ai_sram.u_sram.gen_bank[2].gen_512.u_macro_din0[24]/DIODE    1.000000    1.310350   -0.310350 (VIOLATED)
ANTENNA_hold19733_X/DIODE               1.000000    1.310124   -0.310124 (VIOLATED)
hold19733/X                             1.000000    1.310122   -0.310122 (VIOLATED)
load_slew996/A                          1.000000    1.309423   -0.309423 (VIOLATED)
ANTENNA_load_slew996_A/DIODE            1.000000    1.309366   -0.309366 (VIOLATED)
ANTENNA_input13_X/DIODE                 1.000000    1.308834   -0.308834 (VIOLATED)
i_soc.i_ai_sram.u_sram.gen_bank[6].gen_512.u_macro/din0[27]    1.000000    1.308822   -0.308822 (VIOLATED)
input13/X                               1.000000    1.308802   -0.308802 (VIOLATED)
i_soc.i_ai_sram.u_sram.gen_bank[6].gen_512.u_macro/din0[18]    1.000000    1.308701   -0.308701 (VIOLATED)
ANTENNA_i_soc.i_instr_sram.u_sram.gen_bank[1].gen_512.u_macro_din0[3]/DIODE    1.000000    1.308638   -0.308638 (VIOLATED)
ANTENNA_i_soc.i_crossbar._1607__X/DIODE    1.000000    1.308559   -0.308559 (VIOLATED)
i_soc.i_crossbar._1607_/X               1.000000    1.308559   -0.308559 (VIOLATED)
i_soc.i_ai_sram.u_sram.gen_bank[5].gen_512.u_macro/din0[25]    1.000000    1.308302   -0.308302 (VIOLATED)
i_soc.i_ai_sram.u_sram.gen_bank[3].gen_512.u_macro/din0[24]    1.000000    1.307207   -0.307207 (VIOLATED)
ANTENNA__02__X/DIODE                    1.000000    1.305287   -0.305287 (VIOLATED)
_02_/X                                  1.000000    1.305269   -0.305269 (VIOLATED)
i_soc.i_ai_sram.u_sram.gen_bank[8].gen_512.u_macro/din0[20]    1.000000    1.303749   -0.303749 (VIOLATED)
i_soc.i_ai_accel._18436_/B              1.000000    1.303706   -0.303706 (VIOLATED)
ANTENNA_i_soc.i_ai_accel._18436__B/DIODE    1.000000    1.303701   -0.303701 (VIOLATED)
i_soc.i_ai_accel._17425_/A1             1.000000    1.303602   -0.303601 (VIOLATED)
ANTENNA_i_soc.i_ai_accel._17425__A1/DIODE    1.000000    1.303581   -0.303581 (VIOLATED)
wire1241/A                              1.000000    1.301968   -0.301968 (VIOLATED)
ANTENNA_wire1241_A/DIODE                1.000000    1.301965   -0.301965 (VIOLATED)
wire1239/A                              1.000000    1.301842   -0.301842 (VIOLATED)
ANTENNA_wire1239_A/DIODE                1.000000    1.301841   -0.301841 (VIOLATED)
load_slew1242/A                         1.000000    1.301741   -0.301741 (VIOLATED)
ANTENNA_load_slew1242_A/DIODE           1.000000    1.301740   -0.301740 (VIOLATED)
ANTENNA_i_soc.i_crossbar._1222__X/DIODE    1.000000    1.301138   -0.301138 (VIOLATED)
ANTENNA_load_slew1240_A/DIODE           1.000000    1.301114   -0.301114 (VIOLATED)
load_slew1240/A                         1.000000    1.301109   -0.301109 (VIOLATED)
i_soc.i_crossbar._1222_/X               1.000000    1.301105   -0.301105 (VIOLATED)
ANTENNA_i_soc.i_ai_accel.u_conv_out._08__X/DIODE    1.000000    1.299844   -0.299844 (VIOLATED)
i_soc.i_ai_accel.u_conv_out._08_/X      1.000000    1.299819   -0.299819 (VIOLATED)
i_soc.i_ai_sram.u_sram.gen_bank[3].gen_512.u_macro/din0[20]    1.000000    1.299404   -0.299404 (VIOLATED)
wire1860/A                              1.000000    1.298643   -0.298643 (VIOLATED)
ANTENNA_wire1860_A/DIODE                1.000000    1.298633   -0.298633 (VIOLATED)
ANTENNA_i_soc.i_instr_sram.u_sram.gen_bank[2].gen_512.u_macro_din0[29]/DIODE    1.000000    1.298557   -0.298557 (VIOLATED)
ANTENNA_i_soc.i_ai_sram.u_sram.gen_bank[0].gen_512.u_macro_din0[18]/DIODE    1.000000    1.298056   -0.298056 (VIOLATED)
ANTENNA_input11_X/DIODE                 1.000000    1.297323   -0.297323 (VIOLATED)
input11/X                               1.000000    1.297312   -0.297312 (VIOLATED)
i_soc.i_ai_sram.u_sram.gen_bank[8].gen_512.u_macro/din0[23]    1.000000    1.296827   -0.296827 (VIOLATED)
i_soc.i_ai_sram.u_sram.gen_bank[7].gen_512.u_macro/din0[31]    1.000000    1.296680   -0.296680 (VIOLATED)
i_soc.i_ai_sram.u_sram.gen_bank[1].gen_512.u_macro/din0[24]    1.000000    1.296253   -0.296253 (VIOLATED)
ANTENNA_i_soc.i_instr_sram.u_sram.gen_bank[1].gen_512.u_macro_din0[31]/DIODE    1.000000    1.296079   -0.296079 (VIOLATED)
ANTENNA_i_soc.i_crossbar._1635__X/DIODE    1.000000    1.295928   -0.295928 (VIOLATED)
i_soc.i_crossbar._1635_/X               1.000000    1.295910   -0.295910 (VIOLATED)
ANTENNA_i_soc.i_data_sram.u_sram.gen_bank[2].gen_512.u_macro_din0[7]/DIODE    1.000000    1.295211   -0.295211 (VIOLATED)
ANTENNA_i_soc.i_ai_sram.u_sram.gen_bank[6].gen_512.u_macro_din0[24]/DIODE    1.000000    1.294649   -0.294649 (VIOLATED)
wire1858/A                              1.000000    1.294117   -0.294117 (VIOLATED)
ANTENNA_wire1858_A/DIODE                1.000000    1.294111   -0.294111 (VIOLATED)
i_soc.i_ai_sram.u_sram.gen_bank[6].gen_512.u_macro/din0[8]    1.000000    1.291874   -0.291874 (VIOLATED)
i_soc.i_ai_sram.u_sram._370_/B          1.000000    1.291802   -0.291802 (VIOLATED)
ANTENNA_i_soc.i_ai_sram.u_sram._370__B/DIODE    1.000000    1.291779   -0.291779 (VIOLATED)
i_soc.i_ai_sram.u_sram._402_/A          1.000000    1.291768   -0.291768 (VIOLATED)
ANTENNA_i_soc.i_ai_sram.u_sram._402__A/DIODE    1.000000    1.291734   -0.291734 (VIOLATED)
load_slew1861/A                         1.000000    1.291680   -0.291679 (VIOLATED)
ANTENNA_load_slew1861_A/DIODE           1.000000    1.291678   -0.291678 (VIOLATED)
ANTENNA_i_soc.i_crossbar._1193__X/DIODE    1.000000    1.290696   -0.290696 (VIOLATED)
ANTENNA_i_soc.i_data_sram.u_sram.gen_bank[0].gen_512.u_macro_din0[7]/DIODE    1.000000    1.290683   -0.290683 (VIOLATED)
i_soc.i_crossbar._1193_/X               1.000000    1.290641   -0.290641 (VIOLATED)
load_slew1859/A                         1.000000    1.290548   -0.290548 (VIOLATED)
ANTENNA_load_slew1859_A/DIODE           1.000000    1.290546   -0.290546 (VIOLATED)
ANTENNA_i_soc.i_ai_arb._242__A/DIODE    1.000000    1.290007   -0.290007 (VIOLATED)
i_soc.i_ai_arb._242_/A                  1.000000    1.290007   -0.290007 (VIOLATED)
ANTENNA_i_soc.i_ai_arb._250__A/DIODE    1.000000    1.290004   -0.290004 (VIOLATED)
i_soc.i_ai_arb._321_/S                  1.000000    1.290005   -0.290005 (VIOLATED)
i_soc.i_ai_arb._250_/A                  1.000000    1.290002   -0.290002 (VIOLATED)
ANTENNA_i_soc.i_ai_arb._321__S/DIODE    1.000000    1.290002   -0.290002 (VIOLATED)
i_soc.i_ai_arb._167_/A                  1.000000    1.290001   -0.290001 (VIOLATED)
ANTENNA_i_soc.i_ai_arb._167__A/DIODE    1.000000    1.289997   -0.289997 (VIOLATED)
ANTENNA_i_soc.i_crossbar._1220__X/DIODE    1.000000    1.289993   -0.289993 (VIOLATED)
ANTENNA_i_soc.i_ai_arb._165__A/DIODE    1.000000    1.289992   -0.289992 (VIOLATED)
i_soc.i_ai_arb._165_/A                  1.000000    1.289985   -0.289985 (VIOLATED)
i_soc.i_ai_arb._370_/A1                 1.000000    1.289970   -0.289970 (VIOLATED)
ANTENNA_i_soc.i_ai_arb._371__S/DIODE    1.000000    1.289969   -0.289970 (VIOLATED)
i_soc.i_ai_arb._371_/S                  1.000000    1.289969   -0.289970 (VIOLATED)
ANTENNA_i_soc.i_ai_arb._370__A1/DIODE    1.000000    1.289969   -0.289969 (VIOLATED)
i_soc.i_ai_arb._106_/A                  1.000000    1.289968   -0.289968 (VIOLATED)
ANTENNA_i_soc.i_ai_arb._106__A/DIODE    1.000000    1.289965   -0.289964 (VIOLATED)
ANTENNA_i_soc.i_ai_arb._108__A/DIODE    1.000000    1.289958   -0.289958 (VIOLATED)
i_soc.i_ai_arb._108_/A                  1.000000    1.289949   -0.289949 (VIOLATED)
i_soc.i_crossbar._1220_/X               1.000000    1.289948   -0.289948 (VIOLATED)
i_soc.i_ai_arb._292_/A                  1.000000    1.289901   -0.289901 (VIOLATED)
ANTENNA_i_soc.i_ai_arb._292__A/DIODE    1.000000    1.289863   -0.289863 (VIOLATED)
i_soc.i_ai_arb._294_/A                  1.000000    1.289818   -0.289818 (VIOLATED)
ANTENNA_i_soc.i_ai_arb._294__A/DIODE    1.000000    1.289818   -0.289818 (VIOLATED)
i_soc.i_ai_arb._300_/A                  1.000000    1.289765   -0.289765 (VIOLATED)
ANTENNA_i_soc.i_ai_arb._300__A/DIODE    1.000000    1.289748   -0.289748 (VIOLATED)
i_soc.i_ai_arb._224_/A                  1.000000    1.289724   -0.289724 (VIOLATED)
ANTENNA_i_soc.i_ai_arb._224__A/DIODE    1.000000    1.289711   -0.289711 (VIOLATED)
i_soc.i_ai_arb._302_/A                  1.000000    1.289691   -0.289691 (VIOLATED)
ANTENNA_i_soc.i_ai_arb._147__A/DIODE    1.000000    1.289688   -0.289688 (VIOLATED)
i_soc.i_ai_arb._147_/A                  1.000000    1.289688   -0.289688 (VIOLATED)
ANTENNA_i_soc.i_ai_arb._145__A/DIODE    1.000000    1.289687   -0.289687 (VIOLATED)
i_soc.i_ai_arb._145_/A                  1.000000    1.289687   -0.289687 (VIOLATED)
i_soc.i_ai_arb._163_/A                  1.000000    1.289685   -0.289685 (VIOLATED)
ANTENNA_i_soc.i_ai_arb._163__A/DIODE    1.000000    1.289685   -0.289685 (VIOLATED)
ANTENNA_i_soc.i_ai_arb._302__A/DIODE    1.000000    1.289684   -0.289684 (VIOLATED)
i_soc.i_ai_arb._319_/S                  1.000000    1.289684   -0.289684 (VIOLATED)
ANTENNA_i_soc.i_ai_arb._319__S/DIODE    1.000000    1.289680   -0.289681 (VIOLATED)
ANTENNA_i_soc.i_ai_arb._290__A/DIODE    1.000000    1.289680   -0.289680 (VIOLATED)
i_soc.i_ai_arb._290_/A                  1.000000    1.289680   -0.289680 (VIOLATED)
i_soc.i_ai_arb._104_/A                  1.000000    1.289679   -0.289679 (VIOLATED)
ANTENNA_i_soc.i_ai_arb._104__A/DIODE    1.000000    1.289678   -0.289678 (VIOLATED)
ANTENNA_i_soc.i_ai_arb._161__A/DIODE    1.000000    1.289675   -0.289675 (VIOLATED)
i_soc.i_ai_arb._161_/A                  1.000000    1.289675   -0.289675 (VIOLATED)
ANTENNA_i_soc.i_ai_arb._296__A/DIODE    1.000000    1.289674   -0.289674 (VIOLATED)
i_soc.i_ai_arb._296_/A                  1.000000    1.289674   -0.289674 (VIOLATED)
ANTENNA_fanout7537_X/DIODE              1.000000    1.289671   -0.289671 (VIOLATED)
fanout7537/X                            1.000000    1.289671   -0.289671 (VIOLATED)
i_soc.i_ai_accel._18462_/B2             1.000000    1.289061   -0.289061 (VIOLATED)
ANTENNA_i_soc.i_ai_accel._18462__B2/DIODE    1.000000    1.289059   -0.289059 (VIOLATED)
ANTENNA_i_soc.i_ai_accel._17429__A1/DIODE    1.000000    1.289055   -0.289054 (VIOLATED)
i_soc.i_ai_accel._17429_/A1             1.000000    1.289054   -0.289054 (VIOLATED)
ANTENNA_i_soc.i_ai_accel.u_conv_out._33__X/DIODE    1.000000    1.288806   -0.288806 (VIOLATED)
i_soc.i_ai_accel.u_conv_out._33_/X      1.000000    1.288804   -0.288804 (VIOLATED)
ANTENNA_i_soc.i_ai_sram.u_sram._563__X/DIODE    1.000000    1.284871   -0.284871 (VIOLATED)
i_soc.i_ai_sram.u_sram._563_/X          1.000000    1.284859   -0.284859 (VIOLATED)
ANTENNA_i_soc.i_instr_sram.u_sram.gen_bank[3].gen_512.u_macro_din0[23]/DIODE    1.000000    1.283875   -0.283874 (VIOLATED)
i_soc.i_ai_sram.u_sram.gen_bank[6].gen_512.u_macro/din0[28]    1.000000    1.283572   -0.283572 (VIOLATED)
ANTENNA_i_soc.i_instr_sram.u_sram.gen_bank[1].gen_512.u_macro_din0[23]/DIODE    1.000000    1.282521   -0.282521 (VIOLATED)
ANTENNA_i_soc.i_crossbar._1627__X/DIODE    1.000000    1.282406   -0.282406 (VIOLATED)
i_soc.i_crossbar._1627_/X               1.000000    1.282387   -0.282387 (VIOLATED)
i_soc.i_ai_sram.u_sram.gen_bank[0].gen_512.u_macro/addr1[1]    0.040000    0.322329   -0.282329 (VIOLATED)
wire1900/A                              1.000000    1.282063   -0.282063 (VIOLATED)
ANTENNA_wire1900_A/DIODE                1.000000    1.282063   -0.282063 (VIOLATED)
ANTENNA_i_soc.i_ai_accel._11312__Y/DIODE    1.000000    1.281866   -0.281866 (VIOLATED)
i_soc.i_ai_accel._11312_/Y              1.000000    1.281864   -0.281864 (VIOLATED)
ANTENNA_i_soc.i_ai_sram.u_sram.gen_bank[0].gen_512.u_macro_din0[13]/DIODE    1.000000    1.281622   -0.281622 (VIOLATED)
i_soc.i_ai_sram.u_sram.gen_bank[1].gen_512.u_macro/din0[28]    1.000000    1.281394   -0.281394 (VIOLATED)
i_soc.i_ai_sram.u_sram.gen_bank[1].gen_512.u_macro/din0[13]    1.000000    1.280837   -0.280837 (VIOLATED)
i_soc.i_ai_sram.u_sram.gen_bank[1].gen_512.u_macro/din0[21]    1.000000    1.278081   -0.278081 (VIOLATED)
i_soc.i_ai_sram.u_sram.gen_bank[2].gen_512.u_macro/din0[14]    1.000000    1.278073   -0.278073 (VIOLATED)
ANTENNA_i_soc.i_ai_sram.u_sram._517__X/DIODE    1.000000    1.276818   -0.276818 (VIOLATED)
i_soc.i_ai_sram.u_sram._517_/X          1.000000    1.276802   -0.276802 (VIOLATED)
i_soc.i_ai_sram.u_sram.gen_bank[1].gen_512.u_macro/din0[17]    1.000000    1.276529   -0.276529 (VIOLATED)
ANTENNA_i_soc.i_instr_sram.u_sram.gen_bank[3].gen_512.u_macro_din0[2]/DIODE    1.000000    1.276492   -0.276491 (VIOLATED)
ANTENNA_i_soc.i_ai_sram.u_sram.gen_bank[2].gen_512.u_macro_din0[15]/DIODE    1.000000    1.275994   -0.275994 (VIOLATED)
ANTENNA_i_soc.i_ai_sram.u_sram._693__X/DIODE    1.000000    1.275651   -0.275651 (VIOLATED)
i_soc.i_ai_sram.u_sram._693_/X          1.000000    1.275640   -0.275640 (VIOLATED)
wire1354/A                              1.000000    1.274219   -0.274219 (VIOLATED)
ANTENNA_wire1354_A/DIODE                1.000000    1.273979   -0.273979 (VIOLATED)
ANTENNA_i_soc.i_ai_sram.u_sram.gen_bank[10].gen_512.u_macro_din0[24]/DIODE    1.000000    1.272491   -0.272491 (VIOLATED)
i_soc.i_ai_sram.u_sram.gen_bank[6].gen_512.u_macro/din0[23]    1.000000    1.272346   -0.272346 (VIOLATED)
i_soc.i_crossbar._1051_/A               1.000000    1.272084   -0.272084 (VIOLATED)
ANTENNA_i_soc.i_crossbar._1051__A/DIODE    1.000000    1.272048   -0.272048 (VIOLATED)
ANTENNA_i_soc.i_ai_sram.u_sram.gen_bank[0].gen_512.u_macro_din0[27]/DIODE    1.000000    1.271891   -0.271891 (VIOLATED)
i_soc.i_ai_sram.u_sram.gen_bank[6].gen_512.u_macro/din0[26]    1.000000    1.271833   -0.271833 (VIOLATED)
ANTENNA_201/DIODE                       1.000000    1.270254   -0.270254 (VIOLATED)
ANTENNA_199/DIODE                       1.000000    1.270248   -0.270248 (VIOLATED)
ANTENNA_197/DIODE                       1.000000    1.270236   -0.270236 (VIOLATED)
ANTENNA_202/DIODE                       1.000000    1.270236   -0.270236 (VIOLATED)
ANTENNA_198/DIODE                       1.000000    1.270235   -0.270235 (VIOLATED)
ANTENNA_200/DIODE                       1.000000    1.270235   -0.270235 (VIOLATED)
ANTENNA_i_soc.i_ai_sram.u_sram._594__X/DIODE    1.000000    1.270225   -0.270225 (VIOLATED)
i_soc.i_ai_sram.u_sram._594_/X          1.000000    1.270209   -0.270209 (VIOLATED)
i_soc.i_ai_sram.u_sram.gen_bank[8].gen_512.u_macro/din0[11]    1.000000    1.268311   -0.268311 (VIOLATED)
i_soc.i_ai_sram.u_sram.gen_bank[3].gen_512.u_macro/din0[15]    1.000000    1.267132   -0.267132 (VIOLATED)
ANTENNA_i_soc.i_instr_sram.u_sram.gen_bank[0].gen_512.u_macro_din0[9]/DIODE    1.000000    1.266693   -0.266693 (VIOLATED)
i_soc.i_ai_sram.u_sram.gen_bank[3].gen_512.u_macro/din0[18]    1.000000    1.265651   -0.265651 (VIOLATED)
i_soc.i_ai_sram.u_sram.gen_bank[6].gen_512.u_macro/din0[21]    1.000000    1.265586   -0.265586 (VIOLATED)
i_soc.i_ai_sram.u_sram.gen_bank[3].gen_512.u_macro/din0[25]    1.000000    1.265568   -0.265568 (VIOLATED)
ANTENNA_153/DIODE                       1.000000    1.264492   -0.264492 (VIOLATED)
ANTENNA_152/DIODE                       1.000000    1.264393   -0.264393 (VIOLATED)
ANTENNA_151/DIODE                       1.000000    1.264378   -0.264378 (VIOLATED)
ANTENNA_150/DIODE                       1.000000    1.264365   -0.264365 (VIOLATED)
ANTENNA_149/DIODE                       1.000000    1.264352   -0.264352 (VIOLATED)
ANTENNA_148/DIODE                       1.000000    1.264340   -0.264340 (VIOLATED)
ANTENNA_147/DIODE                       1.000000    1.264330   -0.264330 (VIOLATED)
ANTENNA_input3_X/DIODE                  1.000000    1.264275   -0.264275 (VIOLATED)
input3/X                                1.000000    1.264268   -0.264268 (VIOLATED)
i_soc.i_ai_sram.u_sram.gen_bank[0].gen_512.u_macro/din0[21]    1.000000    1.264008   -0.264008 (VIOLATED)
i_soc.i_ai_sram.u_sram.gen_bank[13].gen_512.u_macro/din0[20]    1.000000    1.263313   -0.263313 (VIOLATED)
i_soc.i_ai_sram.u_sram.gen_bank[3].gen_512.u_macro/din0[21]    1.000000    1.262942   -0.262942 (VIOLATED)
ANTENNA_i_soc.i_instr_sram.u_sram.gen_bank[3].gen_512.u_macro_din0[8]/DIODE    1.000000    1.262917   -0.262917 (VIOLATED)
i_soc.i_ai_sram.u_sram.gen_bank[3].gen_512.u_macro/din0[29]    1.000000    1.262097   -0.262097 (VIOLATED)
ANTENNA_input5_X/DIODE                  1.000000    1.261560   -0.261560 (VIOLATED)
input5/X                                1.000000    1.261533   -0.261533 (VIOLATED)
i_soc.i_ai_sram.u_sram.gen_bank[8].gen_512.u_macro/din0[24]    1.000000    1.261527   -0.261527 (VIOLATED)
i_soc.i_ai_accel._18434_/B              1.000000    1.261449   -0.261449 (VIOLATED)
ANTENNA_i_soc.i_ai_accel._18434__B/DIODE    1.000000    1.261448   -0.261448 (VIOLATED)
ANTENNA_i_soc.i_ai_accel._17416__A/DIODE    1.000000    1.261369   -0.261369 (VIOLATED)
i_soc.i_ai_accel._17416_/A              1.000000    1.261363   -0.261363 (VIOLATED)
ANTENNA_i_soc.i_instr_sram.u_sram.gen_bank[0].gen_512.u_macro_din0[29]/DIODE    1.000000    1.260387   -0.260387 (VIOLATED)
i_soc.i_ai_sram.u_sram.gen_bank[2].gen_512.u_macro/din0[9]    1.000000    1.260273   -0.260273 (VIOLATED)
i_soc.i_ai_sram.u_sram.gen_bank[1].gen_512.u_macro/addr1[1]    0.040000    0.299945   -0.259945 (VIOLATED)
i_soc.i_ai_sram.u_sram.gen_bank[3].gen_512.u_macro/din0[16]    1.000000    1.259576   -0.259576 (VIOLATED)
i_soc.i_ai_sram.u_sram.gen_bank[8].gen_512.u_macro/din0[19]    1.000000    1.259556   -0.259556 (VIOLATED)
ANTENNA_i_soc.i_ai_sram.u_sram.gen_bank[0].gen_512.u_macro_din0[25]/DIODE    1.000000    1.259409   -0.259409 (VIOLATED)
i_soc.i_ai_sram.u_sram.gen_bank[7].gen_512.u_macro/din0[22]    1.000000    1.259320   -0.259320 (VIOLATED)
i_soc.i_ai_sram.u_sram.gen_bank[6].gen_512.u_macro/din0[2]    1.000000    1.258330   -0.258330 (VIOLATED)
i_soc.i_ai_sram.u_sram.gen_bank[7].gen_512.u_macro/din0[9]    1.000000    1.258270   -0.258270 (VIOLATED)
ANTENNA_i_soc.i_instr_sram.u_sram.gen_bank[1].gen_512.u_macro_din0[2]/DIODE    1.000000    1.257834   -0.257834 (VIOLATED)
ANTENNA_i_soc.i_crossbar._1606__X/DIODE    1.000000    1.257814   -0.257814 (VIOLATED)
i_soc.i_crossbar._1606_/X               1.000000    1.257798   -0.257798 (VIOLATED)
ANTENNA_i_soc.i_instr_sram.u_sram.gen_bank[3].gen_512.u_macro_din0[29]/DIODE    1.000000    1.257522   -0.257522 (VIOLATED)
wire1245/A                              1.000000    1.257336   -0.257336 (VIOLATED)
ANTENNA_wire1245_A/DIODE                1.000000    1.257327   -0.257327 (VIOLATED)
wire1587/A                              1.000000    1.256884   -0.256884 (VIOLATED)
ANTENNA_wire1587_A/DIODE                1.000000    1.256873   -0.256874 (VIOLATED)
i_soc.i_ai_sram.u_sram._404_/A          1.000000    1.256172   -0.256172 (VIOLATED)
ANTENNA_i_soc.i_ai_sram.u_sram._404__A/DIODE    1.000000    1.256139   -0.256139 (VIOLATED)
i_soc.i_ai_sram.u_sram._414_/B          1.000000    1.255204   -0.255204 (VIOLATED)
ANTENNA_i_soc.i_ai_sram.u_sram._414__B/DIODE    1.000000    1.255186   -0.255186 (VIOLATED)
ANTENNA_i_soc.i_ai_sram.u_sram._369__X/DIODE    1.000000    1.254776   -0.254776 (VIOLATED)
i_soc.i_ai_sram.u_sram._369_/X          1.000000    1.254771   -0.254771 (VIOLATED)
i_soc.i_ai_sram.u_sram.gen_bank[2].gen_512.u_macro/din0[13]    1.000000    1.254598   -0.254598 (VIOLATED)
i_soc.i_ai_sram.u_sram.gen_bank[1].gen_512.u_macro/din0[10]    1.000000    1.253957   -0.253957 (VIOLATED)
ANTENNA_i_soc.i_ai_accel.u_conv_out._07__X/DIODE    1.000000    1.253740   -0.253740 (VIOLATED)
i_soc.i_ai_accel.u_conv_out._07_/X      1.000000    1.253712   -0.253712 (VIOLATED)
wire1243/A                              1.000000    1.253664   -0.253664 (VIOLATED)
ANTENNA_wire1243_A/DIODE                1.000000    1.253658   -0.253658 (VIOLATED)
load_slew1246/A                         1.000000    1.251879   -0.251879 (VIOLATED)
ANTENNA_load_slew1246_A/DIODE           1.000000    1.251875   -0.251875 (VIOLATED)
ANTENNA_i_soc.i_ai_sram.u_sram.gen_bank[4].gen_512.u_macro_din0[18]/DIODE    1.000000    1.251851   -0.251851 (VIOLATED)
load_slew1244/A                         1.000000    1.251234   -0.251234 (VIOLATED)
ANTENNA_load_slew1244_A/DIODE           1.000000    1.251231   -0.251231 (VIOLATED)
i_soc.i_ai_sram.u_sram.gen_bank[2].gen_512.u_macro/din0[25]    1.000000    1.250908   -0.250908 (VIOLATED)
ANTENNA_i_soc.i_crossbar._1219__X/DIODE    1.000000    1.250276   -0.250276 (VIOLATED)
i_soc.i_crossbar._1219_/X               1.000000    1.250251   -0.250251 (VIOLATED)
i_soc.i_ai_sram.u_sram.gen_bank[7].gen_512.u_macro/din0[17]    1.000000    1.249794   -0.249794 (VIOLATED)
i_soc.i_ai_sram.u_sram.gen_bank[3].gen_512.u_macro/din0[19]    1.000000    1.249330   -0.249330 (VIOLATED)
ANTENNA_i_soc.i_ai_sram.u_sram.gen_bank[0].gen_512.u_macro_din0[20]/DIODE    1.000000    1.248227   -0.248227 (VIOLATED)
ANTENNA_i_soc.i_instr_sram.u_sram.gen_bank[1].gen_512.u_macro_din0[8]/DIODE    1.000000    1.247960   -0.247960 (VIOLATED)
ANTENNA_i_soc.i_crossbar._1612__X/DIODE    1.000000    1.247938   -0.247938 (VIOLATED)
i_soc.i_crossbar._1612_/X               1.000000    1.247921   -0.247921 (VIOLATED)
i_soc.i_ai_sram.u_sram.gen_bank[5].gen_512.u_macro/din0[14]    1.000000    1.247904   -0.247904 (VIOLATED)
i_soc.i_ai_sram.u_sram.gen_bank[0].gen_512.u_macro/din0[2]    1.000000    1.246566   -0.246566 (VIOLATED)
ANTENNA_i_soc.i_instr_sram.u_sram.gen_bank[3].gen_512.u_macro_din0[0]/DIODE    1.000000    1.246008   -0.246008 (VIOLATED)
ANTENNA_i_soc.i_instr_sram.u_sram.gen_bank[1].gen_512.u_macro_din0[29]/DIODE    1.000000    1.243773   -0.243773 (VIOLATED)
ANTENNA_i_soc.i_crossbar._1633__X/DIODE    1.000000    1.243752   -0.243752 (VIOLATED)
i_soc.i_crossbar._1633_/X               1.000000    1.243732   -0.243732 (VIOLATED)
i_soc.i_gpio._213_/D                    1.000000    1.243702   -0.243702 (VIOLATED)
ANTENNA_i_soc.i_gpio._213__D/DIODE      1.000000    1.243700   -0.243700 (VIOLATED)
i_soc.i_ai_sram.u_sram.gen_bank[8].gen_512.u_macro/din0[5]    1.000000    1.242581   -0.242581 (VIOLATED)
i_soc.i_ai_sram.u_sram.gen_bank[1].gen_512.u_macro/din0[20]    1.000000    1.242210   -0.242210 (VIOLATED)
i_soc.i_ai_sram.u_sram.gen_bank[13].gen_512.u_macro/din0[27]    1.000000    1.242120   -0.242120 (VIOLATED)
i_soc.i_ai_sram.u_sram.gen_bank[3].gen_512.u_macro/din0[10]    1.000000    1.241694   -0.241694 (VIOLATED)
ANTENNA_i_soc.i_ai_sram.u_sram.gen_bank[4].gen_512.u_macro_din0[23]/DIODE    1.000000    1.239582   -0.239582 (VIOLATED)
ANTENNA_wire1001_A/DIODE                1.000000    1.233446   -0.233446 (VIOLATED)
wire1001/A                              1.000000    1.233443   -0.233443 (VIOLATED)
ANTENNA_i_soc.i_ai_sram.u_sram.gen_bank[4].gen_512.u_macro_din0[24]/DIODE    1.000000    1.233395   -0.233395 (VIOLATED)
i_soc.i_ai_sram.u_sram.gen_bank[6].gen_512.u_macro/din0[12]    1.000000    1.233235   -0.233235 (VIOLATED)
ANTENNA_i_soc.i_ai_sram.u_sram._738__B/DIODE    1.000000    1.231544   -0.231544 (VIOLATED)
i_soc.i_ai_sram.u_sram._738_/B          1.000000    1.231543   -0.231543 (VIOLATED)
i_soc.i_ai_sram.u_sram.gen_bank[7].gen_512.u_macro/din0[26]    1.000000    1.231361   -0.231361 (VIOLATED)
load_slew1588/A                         1.000000    1.230907   -0.230907 (VIOLATED)
ANTENNA_load_slew1588_A/DIODE           1.000000    1.230897   -0.230897 (VIOLATED)
i_soc.i_ai_sram.u_sram.gen_bank[12].gen_512.u_macro/csb0    1.000000    1.230694   -0.230694 (VIOLATED)
i_soc.i_ai_sram.u_sram.gen_bank[1].gen_512.u_macro/din0[6]    1.000000    1.230183   -0.230183 (VIOLATED)
ANTENNA_i_soc.i_ai_sram.u_sram.gen_bank[0].gen_512.u_macro_din0[12]/DIODE    1.000000    1.229511   -0.229511 (VIOLATED)
i_soc.i_ai_sram.u_sram.gen_bank[13].gen_512.u_macro/din0[30]    1.000000    1.229431   -0.229431 (VIOLATED)
i_soc.i_ai_sram.u_sram.gen_bank[2].gen_512.u_macro/addr1[1]    0.040000    0.269160   -0.229160 (VIOLATED)
i_soc.i_instr_sram.u_sram.gen_bank[0].gen_512.u_macro/csb0    1.000000    1.228944   -0.228944 (VIOLATED)
clone20867/A1                           1.000000    1.228618   -0.228618 (VIOLATED)
ANTENNA_i_soc.i_cpu.core_i.id_stage_i._2528__A1/DIODE    1.000000    1.228606   -0.228606 (VIOLATED)
i_soc.i_cpu.core_i.id_stage_i._2528_/A1    1.000000    1.228606   -0.228606 (VIOLATED)
ANTENNA_i_soc.i_cpu.core_i.id_stage_i.register_file_i._4818__Y/DIODE    1.000000    1.228593   -0.228593 (VIOLATED)
i_soc.i_cpu.core_i.id_stage_i.register_file_i._4818_/Y    1.000000    1.228591   -0.228591 (VIOLATED)
i_soc.i_ai_sram.u_sram.gen_bank[8].gen_512.u_macro/din0[28]    1.000000    1.228066   -0.228066 (VIOLATED)
i_soc.i_ai_accel._18465_/B2             1.000000    1.225555   -0.225555 (VIOLATED)
i_soc.i_crossbar._1645_/A               1.000000    1.225554   -0.225554 (VIOLATED)
ANTENNA_i_soc.i_ai_accel._18465__B2/DIODE    1.000000    1.225552   -0.225552 (VIOLATED)
ANTENNA_i_soc.i_ai_accel._17453__A1/DIODE    1.000000    1.225537   -0.225537 (VIOLATED)
i_soc.i_ai_accel._17453_/A1             1.000000    1.225536   -0.225536 (VIOLATED)
i_soc.i_ai_sram.u_sram.gen_bank[0].gen_512.u_macro/din0[0]    1.000000    1.225449   -0.225449 (VIOLATED)
i_soc.i_ai_sram.u_sram.gen_bank[8].gen_512.u_macro/din0[15]    1.000000    1.224782   -0.224782 (VIOLATED)
ANTENNA_i_soc.i_crossbar._1645__A/DIODE    1.000000    1.224742   -0.224742 (VIOLATED)
ANTENNA_i_soc.i_instr_sram.u_sram.gen_bank[1].gen_512.u_macro_din0[0]/DIODE    1.000000    1.223074   -0.223074 (VIOLATED)
ANTENNA_i_soc.i_crossbar._1604__X/DIODE    1.000000    1.222991   -0.222991 (VIOLATED)
i_soc.i_crossbar._1604_/X               1.000000    1.222991   -0.222991 (VIOLATED)
ANTENNA_i_soc.i_ai_accel.u_conv_out._36__X/DIODE    1.000000    1.222429   -0.222429 (VIOLATED)
i_soc.i_ai_accel.u_conv_out._36_/X      1.000000    1.222421   -0.222421 (VIOLATED)
ANTENNA_i_soc.i_instr_sram.u_sram.gen_bank[3].gen_512.u_macro_din0[1]/DIODE    1.000000    1.221831   -0.221831 (VIOLATED)
i_soc.i_ai_sram.u_sram.gen_bank[8].gen_512.u_macro/din0[9]    1.000000    1.221698   -0.221698 (VIOLATED)
i_soc.i_ai_sram.u_sram.gen_bank[7].gen_512.u_macro/din0[23]    1.000000    1.220004   -0.220004 (VIOLATED)
i_soc.i_cpu.core_i.id_stage_i._2532_/A1    1.000000    1.219022   -0.219022 (VIOLATED)
ANTENNA_i_soc.i_cpu.core_i.id_stage_i._2532__A1/DIODE    1.000000    1.219020   -0.219020 (VIOLATED)
i_soc.i_cpu.core_i.id_stage_i._2527_/A1    1.000000    1.218978   -0.218978 (VIOLATED)
ANTENNA_i_soc.i_cpu.core_i.id_stage_i._2527__A1/DIODE    1.000000    1.218969   -0.218969 (VIOLATED)
i_soc.i_cpu.core_i.id_stage_i._2534_/A1    1.000000    1.218964   -0.218964 (VIOLATED)
ANTENNA_i_soc.i_cpu.core_i.id_stage_i._2534__A1/DIODE    1.000000    1.218958   -0.218958 (VIOLATED)
i_soc.i_cpu.core_i.id_stage_i.register_file_i._6843_/A    1.000000    1.218872   -0.218872 (VIOLATED)
ANTENNA_i_soc.i_cpu.core_i.id_stage_i.register_file_i._6843__A/DIODE    1.000000    1.218871   -0.218871 (VIOLATED)
ANTENNA_i_soc.i_cpu.core_i.id_stage_i.register_file_i._6775__A/DIODE    1.000000    1.218845   -0.218845 (VIOLATED)
i_soc.i_cpu.core_i.id_stage_i.register_file_i._6775_/A    1.000000    1.218834   -0.218834 (VIOLATED)
i_soc.i_cpu.core_i.id_stage_i.register_file_i._6707_/A1    1.000000    1.218795   -0.218795 (VIOLATED)
ANTENNA_i_soc.i_cpu.core_i.id_stage_i.register_file_i._6707__A1/DIODE    1.000000    1.218793   -0.218793 (VIOLATED)
max_cap612/A                            1.000000    1.218788   -0.218788 (VIOLATED)
ANTENNA_max_cap612_A/DIODE              1.000000    1.218788   -0.218788 (VIOLATED)
ANTENNA_i_soc.i_cpu.core_i.id_stage_i.register_file_i._6369__A1/DIODE    1.000000    1.218787   -0.218787 (VIOLATED)
i_soc.i_cpu.core_i.id_stage_i.register_file_i._6369_/A1    1.000000    1.218787   -0.218787 (VIOLATED)
ANTENNA_fanout610_X/DIODE               1.000000    1.218780   -0.218780 (VIOLATED)
fanout610/X                             1.000000    1.218780   -0.218780 (VIOLATED)
load_slew1002/A                         1.000000    1.218633   -0.218633 (VIOLATED)
ANTENNA_load_slew1002_A/DIODE           1.000000    1.218624   -0.218624 (VIOLATED)
i_soc.i_ai_sram.u_sram.gen_bank[1].gen_512.u_macro/din0[27]    1.000000    1.216480   -0.216480 (VIOLATED)
ANTENNA_i_soc.i_ai_sram.u_sram.gen_bank[6].gen_512.u_macro_din0[15]/DIODE    1.000000    1.215958   -0.215958 (VIOLATED)
i_soc.i_ai_sram.u_sram.gen_bank[2].gen_512.u_macro/din0[5]    1.000000    1.215382   -0.215382 (VIOLATED)
i_soc.i_ai_sram.u_sram._625_/A2         1.000000    1.215033   -0.215033 (VIOLATED)
ANTENNA_i_soc.i_ai_sram.u_sram._625__A2/DIODE    1.000000    1.215022   -0.215022 (VIOLATED)
ANTENNA_i_soc.i_ai_sram.u_sram._413__X/DIODE    1.000000    1.213980   -0.213980 (VIOLATED)
i_soc.i_ai_sram.u_sram._413_/X          1.000000    1.213961   -0.213961 (VIOLATED)
i_soc.i_ai_sram.u_sram.gen_bank[3].gen_512.u_macro/addr1[0]    0.040000    0.253370   -0.213370 (VIOLATED)
wire750/A                               1.000000    1.213161   -0.213161 (VIOLATED)
ANTENNA_wire750_A/DIODE                 1.000000    1.213148   -0.213148 (VIOLATED)
i_soc.i_ai_sram.u_sram.gen_bank[2].gen_512.u_macro/din0[31]    1.000000    1.212477   -0.212477 (VIOLATED)
i_soc.i_ai_sram.u_sram.gen_bank[1].gen_512.u_macro/addr1[7]    0.040000    0.252410   -0.212410 (VIOLATED)
i_soc.i_ai_sram.u_sram.gen_bank[3].gen_512.u_macro/addr1[7]    0.040000    0.252258   -0.212258 (VIOLATED)
ANTENNA_i_soc.i_ai_sram.u_sram.gen_bank[0].gen_512.u_macro_din0[7]/DIODE    1.000000    1.212127   -0.212127 (VIOLATED)
i_soc.i_ai_sram.u_sram.gen_bank[3].gen_512.u_macro/addr1[8]    0.040000    0.252012   -0.212012 (VIOLATED)
ANTENNA_i_soc.i_instr_sram.u_sram.gen_bank[3].gen_512.u_macro_din0[9]/DIODE    1.000000    1.211341   -0.211341 (VIOLATED)
i_soc.i_ai_sram.u_sram.gen_bank[5].gen_512.u_macro/din0[24]    1.000000    1.209936   -0.209936 (VIOLATED)
ANTENNA_i_soc.i_ai_sram.u_sram._749__B/DIODE    1.000000    1.208504   -0.208504 (VIOLATED)
i_soc.i_ai_sram.u_sram._749_/B          1.000000    1.208504   -0.208504 (VIOLATED)
i_soc.i_ai_sram.u_sram.gen_bank[2].gen_512.u_macro/din0[4]    1.000000    1.208397   -0.208397 (VIOLATED)
i_soc.i_ai_sram.u_sram.gen_bank[6].gen_512.u_macro/din0[16]    1.000000    1.208374   -0.208374 (VIOLATED)
i_soc.i_ai_sram.u_sram.gen_bank[4].gen_512.u_macro/din0[21]    1.000000    1.207945   -0.207945 (VIOLATED)
i_soc.i_ai_sram.u_sram.gen_bank[9].gen_512.u_macro/din0[29]    1.000000    1.207542   -0.207542 (VIOLATED)
i_soc.i_ai_sram.u_sram.gen_bank[2].gen_512.u_macro/addr1[7]    0.040000    0.247494   -0.207494 (VIOLATED)
i_soc.i_ai_sram.u_sram.gen_bank[2].gen_512.u_macro/din0[10]    1.000000    1.206472   -0.206472 (VIOLATED)
i_soc.i_ai_sram.u_sram.gen_bank[2].gen_512.u_macro/addr1[8]    0.040000    0.246330   -0.206330 (VIOLATED)
ANTENNA_i_soc.i_crossbar._0506__A0/DIODE    1.000000    1.205422   -0.205422 (VIOLATED)
i_soc.i_crossbar._0506_/A0              1.000000    1.205422   -0.205422 (VIOLATED)
ANTENNA_i_soc.i_data_sram._72__Q/DIODE    1.000000    1.204791   -0.204791 (VIOLATED)
i_soc.i_data_sram._72_/Q                1.000000    1.204776   -0.204776 (VIOLATED)
i_soc.i_ai_sram.u_sram.gen_bank[2].gen_512.u_macro/din0[19]    1.000000    1.204362   -0.204362 (VIOLATED)
ANTENNA_i_soc.i_ai_sram.u_sram._748__X/DIODE    1.000000    1.204328   -0.204328 (VIOLATED)
i_soc.i_ai_sram.u_sram._748_/X          1.000000    1.204328   -0.204328 (VIOLATED)
i_soc.i_ai_sram.u_sram.gen_bank[1].gen_512.u_macro/din0[9]    1.000000    1.204325   -0.204325 (VIOLATED)
ANTENNA_i_soc.i_instr_sram.u_sram.gen_bank[1].gen_512.u_macro_din0[1]/DIODE    1.000000    1.204110   -0.204110 (VIOLATED)
ANTENNA_i_soc.i_crossbar._1605__X/DIODE    1.000000    1.204037   -0.204037 (VIOLATED)
i_soc.i_crossbar._1605_/X               1.000000    1.204037   -0.204037 (VIOLATED)
ANTENNA_i_soc.i_ai_sram.u_sram.gen_bank[0].gen_512.u_macro_din0[16]/DIODE    1.000000    1.203975   -0.203975 (VIOLATED)
i_soc.i_ai_sram.u_sram.gen_bank[5].gen_512.u_macro/din0[11]    1.000000    1.203684   -0.203684 (VIOLATED)
i_soc.i_ai_sram.u_sram.gen_bank[6].gen_512.u_macro/din0[30]    1.000000    1.203592   -0.203592 (VIOLATED)
i_soc.i_ai_sram.u_sram.gen_bank[3].gen_512.u_macro/din0[13]    1.000000    1.202852   -0.202852 (VIOLATED)
ANTENNA_i_soc.i_ai_sram.u_sram.gen_bank[4].gen_512.u_macro_din0[13]/DIODE    1.000000    1.202717   -0.202717 (VIOLATED)
ANTENNA_i_soc.i_instr_sram.u_sram.gen_bank[1].gen_512.u_macro_din0[9]/DIODE    1.000000    1.202612   -0.202612 (VIOLATED)
ANTENNA_i_soc.i_crossbar._1613__X/DIODE    1.000000    1.202535   -0.202535 (VIOLATED)
i_soc.i_crossbar._1613_/X               1.000000    1.202521   -0.202521 (VIOLATED)
i_soc.i_ai_sram.u_sram.gen_bank[6].gen_512.u_macro/din0[7]    1.000000    1.200796   -0.200796 (VIOLATED)
i_soc.i_ai_accel._18041_/A1             1.000000    1.199869   -0.199869 (VIOLATED)
ANTENNA_i_soc.i_ai_accel._18041__A1/DIODE    1.000000    1.199864   -0.199864 (VIOLATED)
i_soc.i_ai_sram.u_sram.gen_bank[9].gen_512.u_macro/din0[31]    1.000000    1.199731   -0.199731 (VIOLATED)
i_soc.i_ai_sram.u_sram._374_/A          1.000000    1.198759   -0.198759 (VIOLATED)
ANTENNA_i_soc.i_ai_sram.u_sram._374__A/DIODE    1.000000    1.198758   -0.198758 (VIOLATED)
wire1295/A                              1.000000    1.198212   -0.198212 (VIOLATED)
ANTENNA_wire1295_A/DIODE                1.000000    1.198196   -0.198196 (VIOLATED)
i_soc.i_ai_sram.u_sram.gen_bank[8].gen_512.u_macro/din0[8]    1.000000    1.198187   -0.198187 (VIOLATED)
i_soc.i_ai_sram.u_sram.gen_bank[8].gen_512.u_macro/din0[26]    1.000000    1.197844   -0.197844 (VIOLATED)
i_soc.i_ai_sram.u_sram.gen_bank[7].gen_512.u_macro/din0[15]    1.000000    1.197045   -0.197045 (VIOLATED)
ANTENNA_i_soc.i_ai_sram.u_sram.gen_bank[0].gen_512.u_macro_din0[10]/DIODE    1.000000    1.196884   -0.196884 (VIOLATED)
i_soc.i_ai_sram.u_sram.gen_bank[1].gen_512.u_macro/addr1[8]    0.040000    0.236881   -0.196881 (VIOLATED)
i_soc.i_crossbar._1617_/A               1.000000    1.196749   -0.196749 (VIOLATED)
ANTENNA_i_soc.i_crossbar._1617__A/DIODE    1.000000    1.196739   -0.196739 (VIOLATED)
wire1585/A                              1.000000    1.196654   -0.196654 (VIOLATED)
ANTENNA_wire1585_A/DIODE                1.000000    1.196651   -0.196651 (VIOLATED)
ANTENNA_input12_X/DIODE                 1.000000    1.196297   -0.196297 (VIOLATED)
input12/X                               1.000000    1.196292   -0.196292 (VIOLATED)
ANTENNA_i_soc.i_ai_sram.u_sram._362__C/DIODE    1.000000    1.196232   -0.196232 (VIOLATED)
i_soc.i_ai_sram.u_sram._362_/C          1.000000    1.196172   -0.196172 (VIOLATED)
i_soc.i_ai_sram.u_sram._366_/A          1.000000    1.196132   -0.196132 (VIOLATED)
i_soc.i_ai_sram.u_sram._371_/B          1.000000    1.196109   -0.196109 (VIOLATED)
ANTENNA_i_soc.i_ai_sram.u_sram._371__B/DIODE    1.000000    1.196088   -0.196088 (VIOLATED)
ANTENNA_i_soc.i_ai_sram.u_sram._366__A/DIODE    1.000000    1.196085   -0.196085 (VIOLATED)
i_soc.i_crossbar._1199_/A               1.000000    1.194995   -0.194995 (VIOLATED)
ANTENNA_i_soc.i_crossbar._1199__A/DIODE    1.000000    1.194989   -0.194989 (VIOLATED)
i_soc.i_crossbar._0470_/A0              1.000000    1.194882   -0.194882 (VIOLATED)
ANTENNA_i_soc.i_crossbar._0470__A0/DIODE    1.000000    1.194878   -0.194878 (VIOLATED)
i_soc.i_ai_sram.u_sram._608_/A2         1.000000    1.194476   -0.194476 (VIOLATED)
ANTENNA_i_soc.i_ai_sram.u_sram._608__A2/DIODE    1.000000    1.194473   -0.194473 (VIOLATED)
i_soc.i_crossbar._1375_/A               1.000000    1.193783   -0.193783 (VIOLATED)
ANTENNA_i_soc.i_crossbar._1375__A/DIODE    1.000000    1.193717   -0.193716 (VIOLATED)
i_soc.i_crossbar._1793_/A               1.000000    1.192766   -0.192766 (VIOLATED)
ANTENNA_i_soc.i_crossbar._1793__A/DIODE    1.000000    1.192765   -0.192765 (VIOLATED)
i_soc.i_crossbar._0957_/A               1.000000    1.192718   -0.192718 (VIOLATED)
ANTENNA_i_soc.i_crossbar._0957__A/DIODE    1.000000    1.192716   -0.192716 (VIOLATED)
ANTENNA_i_soc.i_ai_sram.u_sram.gen_bank[1].gen_512.u_macro_din0[29]/DIODE    1.000000    1.192711   -0.192712 (VIOLATED)
ANTENNA_i_soc.i_obi_axi_data._156__X/DIODE    1.000000    1.192389   -0.192389 (VIOLATED)
wire271/A                               1.000000    1.192375   -0.192375 (VIOLATED)
ANTENNA_wire271_A/DIODE                 1.000000    1.192356   -0.192356 (VIOLATED)
i_soc.i_obi_axi_data._156_/X            1.000000    1.192335   -0.192335 (VIOLATED)
i_soc.i_ai_sram.u_sram.gen_bank[1].gen_512.u_macro/din0[16]    1.000000    1.191669   -0.191669 (VIOLATED)
i_soc.i_ai_sram.u_sram.gen_bank[5].gen_512.u_macro/din0[19]    1.000000    1.191273   -0.191273 (VIOLATED)
i_soc.i_ai_sram.u_sram.gen_bank[5].gen_512.u_macro/din0[17]    1.000000    1.189814   -0.189815 (VIOLATED)
ANTENNA_load_slew1586_A/DIODE           1.000000    1.189751   -0.189751 (VIOLATED)
load_slew1586/A                         1.000000    1.189722   -0.189722 (VIOLATED)
ANTENNA_i_soc.i_crossbar._1117__X/DIODE    1.000000    1.188978   -0.188978 (VIOLATED)
i_soc.i_crossbar._1117_/X               1.000000    1.188970   -0.188970 (VIOLATED)
ANTENNA_i_soc.i_ai_sram.u_sram._737__X/DIODE    1.000000    1.188924   -0.188924 (VIOLATED)
i_soc.i_ai_sram.u_sram._737_/X          1.000000    1.188924   -0.188924 (VIOLATED)
ANTENNA_21/DIODE                        1.000000    1.188890   -0.188890 (VIOLATED)
i_soc.i_uart_0.i_uart_rx._373_/B        1.000000    1.188890   -0.188890 (VIOLATED)
ANTENNA_i_soc.i_uart_0.i_uart_rx._373__B/DIODE    1.000000    1.188890   -0.188890 (VIOLATED)
ANTENNA_20/DIODE                        1.000000    1.188889   -0.188889 (VIOLATED)
wire944/A                               1.000000    1.188796   -0.188796 (VIOLATED)
ANTENNA_wire944_A/DIODE                 1.000000    1.188786   -0.188786 (VIOLATED)
i_soc.i_ai_sram.u_sram._711_/B          1.000000    1.188620   -0.188620 (VIOLATED)
ANTENNA_i_soc.i_ai_sram.u_sram._711__B/DIODE    1.000000    1.188618   -0.188618 (VIOLATED)
ANTENNA_i_soc.i_ai_sram.u_sram._624__X/DIODE    1.000000    1.188111   -0.188111 (VIOLATED)
i_soc.i_ai_sram.u_sram._520_/A2         1.000000    1.188107   -0.188108 (VIOLATED)
i_soc.i_ai_sram.u_sram._624_/X          1.000000    1.188100   -0.188100 (VIOLATED)
ANTENNA_i_soc.i_ai_sram.u_sram._520__A2/DIODE    1.000000    1.188088   -0.188088 (VIOLATED)
i_soc.i_ai_sram.u_sram.gen_bank[4].gen_512.u_macro/din0[2]    1.000000    1.186709   -0.186709 (VIOLATED)
i_soc.i_ai_sram.u_sram.gen_bank[0].gen_512.u_macro/din0[31]    1.000000    1.186514   -0.186514 (VIOLATED)
i_soc.i_ai_sram.u_sram.gen_bank[0].gen_512.u_macro/addr1[7]    0.040000    0.225246   -0.185246 (VIOLATED)
ANTENNA_i_soc.i_ai_sram.u_sram.gen_bank[0].gen_512.u_macro_din0[11]/DIODE    1.000000    1.183241   -0.183241 (VIOLATED)
i_soc.i_ai_sram.u_sram.gen_bank[7].gen_512.u_macro/din0[20]    1.000000    1.182988   -0.182988 (VIOLATED)
i_soc.i_ai_sram.u_sram.gen_bank[6].gen_512.u_macro/din0[14]    1.000000    1.182901   -0.182901 (VIOLATED)
i_soc.i_crossbar._0482_/A0              1.000000    1.182648   -0.182648 (VIOLATED)
ANTENNA_i_soc.i_crossbar._0482__A0/DIODE    1.000000    1.182645   -0.182645 (VIOLATED)
wire1583/A                              1.000000    1.182566   -0.182566 (VIOLATED)
ANTENNA_wire1583_A/DIODE                1.000000    1.182534   -0.182534 (VIOLATED)
ANTENNA_173/DIODE                       1.000000    1.182524   -0.182524 (VIOLATED)
ANTENNA_172/DIODE                       1.000000    1.182522   -0.182522 (VIOLATED)
ANTENNA_170/DIODE                       1.000000    1.182521   -0.182521 (VIOLATED)
ANTENNA_171/DIODE                       1.000000    1.182488   -0.182488 (VIOLATED)
i_soc.i_ai_sram.u_sram.gen_bank[0].gen_512.u_macro/addr1[8]    0.040000    0.222148   -0.182148 (VIOLATED)
wire942/A                               1.000000    1.181547   -0.181547 (VIOLATED)
ANTENNA_wire942_A/DIODE                 1.000000    1.181545   -0.181545 (VIOLATED)
i_soc.i_ai_sram.u_sram.gen_bank[8].gen_512.u_macro/din0[4]    1.000000    1.181391   -0.181391 (VIOLATED)
i_soc.i_ai_sram.u_sram._586_/A2         1.000000    1.181127   -0.181127 (VIOLATED)
ANTENNA_i_soc.i_ai_sram.u_sram._586__A2/DIODE    1.000000    1.181125   -0.181125 (VIOLATED)
ANTENNA_i_soc.i_ai_sram.u_sram.gen_bank[4].gen_512.u_macro_din0[27]/DIODE    1.000000    1.180677   -0.180677 (VIOLATED)
load_slew945/A                          1.000000    1.180642   -0.180643 (VIOLATED)
ANTENNA_load_slew945_A/DIODE            1.000000    1.180638   -0.180638 (VIOLATED)
i_soc.i_ai_sram.u_sram.gen_bank[1].gen_512.u_macro/din0[30]    1.000000    1.179936   -0.179936 (VIOLATED)
load_slew943/A                          1.000000    1.179771   -0.179771 (VIOLATED)
ANTENNA_load_slew943_A/DIODE            1.000000    1.179770   -0.179770 (VIOLATED)
ANTENNA_i_soc.i_crossbar._1221__X/DIODE    1.000000    1.179091   -0.179091 (VIOLATED)
i_soc.i_crossbar._1221_/X               1.000000    1.179066   -0.179066 (VIOLATED)
i_soc.i_ai_sram.u_sram.gen_bank[6].gen_512.u_macro/din0[13]    1.000000    1.178867   -0.178867 (VIOLATED)
i_soc.i_ai_sram.u_sram.gen_bank[5].gen_512.u_macro/din0[13]    1.000000    1.178150   -0.178150 (VIOLATED)
i_soc.i_ai_sram.u_sram.gen_bank[7].gen_512.u_macro/din0[29]    1.000000    1.177795   -0.177795 (VIOLATED)
ANTENNA_i_soc.i_ai_sram.u_sram.gen_bank[4].gen_512.u_macro_din0[12]/DIODE    1.000000    1.177290   -0.177290 (VIOLATED)
i_soc.i_ai_sram.u_sram.gen_bank[0].gen_512.u_macro/din0[14]    1.000000    1.176727   -0.176727 (VIOLATED)
i_soc.i_ai_sram.u_sram.gen_bank[7].gen_512.u_macro/din0[19]    1.000000    1.176424   -0.176424 (VIOLATED)
i_soc.i_crossbar._0809_/A               1.000000    1.176376   -0.176376 (VIOLATED)
ANTENNA_i_soc.i_crossbar._0809__A/DIODE    1.000000    1.176363   -0.176363 (VIOLATED)
load_slew272/A                          1.000000    1.175743   -0.175743 (VIOLATED)
ANTENNA_load_slew272_A/DIODE            1.000000    1.175736   -0.175736 (VIOLATED)
i_soc.i_ai_sram.u_sram.gen_bank[5].gen_512.u_macro/din0[28]    1.000000    1.175537   -0.175537 (VIOLATED)
ANTENNA_load_slew1296_A/DIODE           1.000000    1.174367   -0.174367 (VIOLATED)
ANTENNA_i_soc.i_instr_sram.u_sram.gen_bank[2].gen_512.u_macro_din0[13]/DIODE    1.000000    1.173708   -0.173708 (VIOLATED)
load_slew1296/A                         1.000000    1.173615   -0.173615 (VIOLATED)
i_soc.i_ai_sram.u_sram.gen_bank[8].gen_512.u_macro/din0[30]    1.000000    1.173516   -0.173516 (VIOLATED)
i_soc.i_ai_accel._17423_/A1             1.000000    1.173219   -0.173219 (VIOLATED)
ANTENNA_i_soc.i_ai_accel._17428__A1/DIODE    1.000000    1.173050   -0.173050 (VIOLATED)
i_soc.i_ai_accel._17463_/A1             1.000000    1.173004   -0.173004 (VIOLATED)
i_soc.i_ai_accel._17428_/A1             1.000000    1.173002   -0.173002 (VIOLATED)
ANTENNA_i_soc.i_ai_accel._17463__A1/DIODE    1.000000    1.172731   -0.172731 (VIOLATED)
ANTENNA_i_soc.i_ai_accel._17423__A1/DIODE    1.000000    1.172556   -0.172556 (VIOLATED)
ANTENNA_i_soc.i_data_sram._64__Q/DIODE    1.000000    1.171817   -0.171817 (VIOLATED)
i_soc.i_data_sram._64_/Q                1.000000    1.171802   -0.171802 (VIOLATED)
i_soc.i_ai_accel._17452_/A1             1.000000    1.171785   -0.171784 (VIOLATED)
ANTENNA_i_soc.i_ai_accel._17452__A1/DIODE    1.000000    1.171476   -0.171475 (VIOLATED)
i_soc.i_ai_accel._11411_/B              1.000000    1.171151   -0.171151 (VIOLATED)
i_soc.i_ai_sram.u_sram.gen_bank[6].gen_512.u_macro/din0[25]    1.000000    1.171106   -0.171106 (VIOLATED)
ANTENNA_i_soc.i_ai_accel._11411__B/DIODE    1.000000    1.171073   -0.171073 (VIOLATED)
i_soc.i_ai_accel._17414_/A1             1.000000    1.170832   -0.170832 (VIOLATED)
i_soc.i_ai_accel._17444_/B1             1.000000    1.170827   -0.170827 (VIOLATED)
ANTENNA_i_soc.i_ai_accel._17444__B1/DIODE    1.000000    1.170748   -0.170748 (VIOLATED)
i_soc.i_ai_sram.u_sram.gen_bank[7].gen_512.u_macro/din0[16]    1.000000    1.170736   -0.170736 (VIOLATED)
ANTENNA_i_soc.i_ai_accel._17414__A1/DIODE    1.000000    1.170565   -0.170565 (VIOLATED)
i_soc.i_ai_accel._17436_/A1             1.000000    1.170410   -0.170410 (VIOLATED)
i_soc.i_ai_accel.u_conv_out._39_/A1     1.000000    1.170102   -0.170102 (VIOLATED)
ANTENNA_i_soc.i_ai_accel.u_conv_out._39__A1/DIODE    1.000000    1.170102   -0.170102 (VIOLATED)
ANTENNA_i_soc.i_ai_accel._17436__A1/DIODE    1.000000    1.170009   -0.170009 (VIOLATED)
i_soc.i_ai_accel.u_conv_out._06_/A      1.000000    1.170003   -0.170003 (VIOLATED)
ANTENNA_i_soc.i_ai_accel.u_conv_out._06__A/DIODE    1.000000    1.169999   -0.169999 (VIOLATED)
ANTENNA_hold10516_X/DIODE               1.000000    1.169548   -0.169548 (VIOLATED)
hold10516/X                             1.000000    1.169548   -0.169548 (VIOLATED)
i_soc.i_ai_accel._17468_/A1             1.000000    1.169204   -0.169204 (VIOLATED)
i_soc.i_instr_sram.u_sram.gen_bank[3].gen_512.u_macro/addr1[3]    0.040000    0.209140   -0.169140 (VIOLATED)
ANTENNA_i_soc.i_ai_accel._17468__A1/DIODE    1.000000    1.169027   -0.169027 (VIOLATED)
ANTENNA_i_soc.i_data_sram._60__Q/DIODE    1.000000    1.168509   -0.168509 (VIOLATED)
i_soc.i_data_sram._60_/Q                1.000000    1.168503   -0.168503 (VIOLATED)
ANTENNA_i_soc.i_ai_sram.u_sram._607__X/DIODE    1.000000    1.168302   -0.168302 (VIOLATED)
i_soc.i_ai_sram.u_sram._607_/X          1.000000    1.168288   -0.168288 (VIOLATED)
i_soc.i_ai_sram.u_sram.gen_bank[6].gen_512.u_macro/din0[31]    1.000000    1.168238   -0.168238 (VIOLATED)
i_soc.i_ai_sram.u_sram.gen_bank[3].gen_512.u_macro/addr1[2]    0.040000    0.207940   -0.167940 (VIOLATED)
i_soc.i_crossbar._1477_/A               1.000000    1.167669   -0.167669 (VIOLATED)
ANTENNA_i_soc.i_crossbar._1477__A/DIODE    1.000000    1.167667   -0.167667 (VIOLATED)
ANTENNA_i_soc.i_ai_accel._11239__Y/DIODE    1.000000    1.167630   -0.167630 (VIOLATED)
ANTENNA_i_soc.i_ai_accel._17274__S/DIODE    1.000000    1.167630   -0.167630 (VIOLATED)
ANTENNA_i_soc.i_ai_accel._17276__B/DIODE    1.000000    1.167630   -0.167630 (VIOLATED)
i_soc.i_ai_accel._11239_/Y              1.000000    1.167630   -0.167630 (VIOLATED)
i_soc.i_ai_accel._17274_/S              1.000000    1.167630   -0.167630 (VIOLATED)
i_soc.i_ai_accel._17276_/B              1.000000    1.167630   -0.167630 (VIOLATED)
i_soc.i_ai_sram.u_sram.gen_bank[10].gen_512.u_macro/din0[27]    1.000000    1.167614   -0.167614 (VIOLATED)
i_soc.i_ai_sram.u_sram.gen_bank[8].gen_512.u_macro/din0[3]    1.000000    1.167557   -0.167557 (VIOLATED)
i_soc.i_ai_sram.u_sram._604_/A3         1.000000    1.167551   -0.167551 (VIOLATED)
ANTENNA_i_soc.i_ai_sram.u_sram._604__A3/DIODE    1.000000    1.167538   -0.167538 (VIOLATED)
i_soc.i_ai_sram.u_sram.gen_bank[3].gen_512.u_macro/din0[27]    1.000000    1.167456   -0.167456 (VIOLATED)
i_soc.i_crossbar._1411_/A               1.000000    1.167436   -0.167436 (VIOLATED)
ANTENNA_i_soc.i_crossbar._1411__A/DIODE    1.000000    1.167436   -0.167436 (VIOLATED)
ANTENNA_i_soc.i_obi_axi_instr._118__X/DIODE    1.000000    1.167382   -0.167382 (VIOLATED)
i_soc.i_obi_axi_instr._118_/X           1.000000    1.167376   -0.167376 (VIOLATED)
i_soc.i_ai_sram.u_sram._441_/B          1.000000    1.166668   -0.166668 (VIOLATED)
ANTENNA_i_soc.i_ai_sram.u_sram._441__B/DIODE    1.000000    1.166653   -0.166653 (VIOLATED)
i_soc.i_ai_sram.u_sram.gen_bank[1].gen_512.u_macro/addr1[4]    0.040000    0.206467   -0.166467 (VIOLATED)
load_slew751/A                          1.000000    1.166284   -0.166284 (VIOLATED)
ANTENNA_load_slew751_A/DIODE            1.000000    1.166224   -0.166224 (VIOLATED)
i_soc.i_data_sram.u_sram.gen_bank[2].gen_512.u_macro/addr0[6]    0.040000    0.206208   -0.166208 (VIOLATED)
ANTENNA_i_soc.i_ai_sram.u_sram.gen_bank[0].gen_512.u_macro_din0[5]/DIODE    1.000000    1.165618   -0.165618 (VIOLATED)
i_soc.i_data_sram.u_sram.gen_bank[2].gen_512.u_macro/addr0[2]    0.040000    0.205137   -0.165137 (VIOLATED)
i_soc.i_instr_sram.u_sram.gen_bank[3].gen_512.u_macro/addr1[5]    0.040000    0.204985   -0.164985 (VIOLATED)
load_slew1584/A                         1.000000    1.164970   -0.164970 (VIOLATED)
ANTENNA_load_slew1584_A/DIODE           1.000000    1.164940   -0.164940 (VIOLATED)
i_soc.i_ai_sram.u_sram.gen_bank[3].gen_512.u_macro/addr1[6]    0.040000    0.204804   -0.164804 (VIOLATED)
i_soc.i_ai_sram.u_sram.gen_bank[0].gen_512.u_macro/addr1[4]    0.040000    0.204701   -0.164701 (VIOLATED)
ANTENNA_i_soc.i_ai_sram.u_sram.gen_bank[4].gen_512.u_macro_din0[16]/DIODE    1.000000    1.164533   -0.164533 (VIOLATED)
i_soc.i_ai_sram.u_sram.gen_bank[8].gen_512.u_macro/csb0    1.000000    1.164479   -0.164479 (VIOLATED)
i_soc.i_ai_sram.u_sram.gen_bank[13].gen_512.u_macro/din0[31]    1.000000    1.164363   -0.164363 (VIOLATED)
ANTENNA_i_soc.i_ai_sram.u_sram.gen_bank[4].gen_512.u_macro_din0[25]/DIODE    1.000000    1.164334   -0.164334 (VIOLATED)
i_soc.i_ai_sram.u_sram._597_/A2         1.000000    1.164038   -0.164038 (VIOLATED)
ANTENNA_i_soc.i_ai_sram.u_sram._597__A2/DIODE    1.000000    1.164036   -0.164036 (VIOLATED)
wire1868/A                              1.000000    1.163972   -0.163972 (VIOLATED)
ANTENNA_wire1868_A/DIODE                1.000000    1.163939   -0.163939 (VIOLATED)
i_soc.i_ai_sram.u_sram.gen_bank[3].gen_512.u_macro/addr1[4]    0.040000    0.203851   -0.163851 (VIOLATED)
i_soc.i_instr_sram.u_sram.gen_bank[3].gen_512.u_macro/addr1[6]    0.040000    0.203635   -0.163635 (VIOLATED)
i_soc.i_ai_sram.u_sram.gen_bank[2].gen_512.u_macro/addr1[5]    0.040000    0.203618   -0.163618 (VIOLATED)
i_soc.i_data_sram.u_sram.gen_bank[2].gen_512.u_macro/addr0[4]    0.040000    0.203385   -0.163385 (VIOLATED)
ANTENNA_i_soc.i_ai_sram.u_sram._519__X/DIODE    1.000000    1.163132   -0.163132 (VIOLATED)
i_soc.i_ai_sram.u_sram._519_/X          1.000000    1.163070   -0.163070 (VIOLATED)
i_soc.i_data_sram.u_sram.gen_bank[2].gen_512.u_macro/addr1[2]    0.040000    0.202964   -0.162964 (VIOLATED)
i_soc.i_periph_decoder._1052_/A         1.000000    1.162206   -0.162206 (VIOLATED)
ANTENNA_i_soc.i_periph_decoder._1052__A/DIODE    1.000000    1.162204   -0.162204 (VIOLATED)
i_soc.i_periph_decoder._0552_/A         1.000000    1.162177   -0.162178 (VIOLATED)
ANTENNA_i_soc.i_periph_decoder._0552__A/DIODE    1.000000    1.162176   -0.162176 (VIOLATED)
i_soc.i_instr_sram.u_sram.gen_bank[3].gen_512.u_macro/addr1[4]    0.040000    0.202113   -0.162113 (VIOLATED)
i_soc.i_periph_decoder._0952_/A         1.000000    1.162080   -0.162080 (VIOLATED)
ANTENNA_i_soc.i_periph_decoder._0952__A/DIODE    1.000000    1.162079   -0.162079 (VIOLATED)
i_soc.i_periph_decoder._1152_/A         1.000000    1.161988   -0.161989 (VIOLATED)
ANTENNA_i_soc.i_periph_decoder._1152__A/DIODE    1.000000    1.161987   -0.161987 (VIOLATED)
i_soc.i_periph_decoder._0652_/A         1.000000    1.161952   -0.161952 (VIOLATED)
ANTENNA_i_soc.i_periph_decoder._0652__A/DIODE    1.000000    1.161951   -0.161951 (VIOLATED)
ANTENNA_i_soc.i_periph_decoder._0852__A/DIODE    1.000000    1.161918   -0.161918 (VIOLATED)
i_soc.i_periph_decoder._0852_/A         1.000000    1.161909   -0.161909 (VIOLATED)
i_soc.i_periph_decoder._0752_/A         1.000000    1.161894   -0.161894 (VIOLATED)
ANTENNA_i_soc.i_periph_decoder._0752__A/DIODE    1.000000    1.161888   -0.161888 (VIOLATED)
ANTENNA_i_soc.i_axi_lite_bridge._007__X/DIODE    1.000000    1.161791   -0.161791 (VIOLATED)
i_soc.i_axi_lite_bridge._007_/X         1.000000    1.161786   -0.161786 (VIOLATED)
i_soc.i_ai_sram.u_sram.gen_bank[2].gen_512.u_macro/din0[11]    1.000000    1.161725   -0.161725 (VIOLATED)
i_soc.i_ai_sram.u_sram.gen_bank[7].gen_512.u_macro/din0[18]    1.000000    1.161705   -0.161705 (VIOLATED)
i_soc.i_ai_sram.u_sram.gen_bank[3].gen_512.u_macro/din0[7]    1.000000    1.161475   -0.161475 (VIOLATED)
i_soc.i_ai_sram.u_sram.gen_bank[0].gen_512.u_macro/addr1[2]    0.040000    0.200865   -0.160865 (VIOLATED)
ANTENNA_i_soc.i_ai_sram.u_sram._361__X/DIODE    1.000000    1.160797   -0.160797 (VIOLATED)
i_soc.i_ai_sram.u_sram._361_/X          1.000000    1.160791   -0.160791 (VIOLATED)
i_soc.i_ai_sram.u_sram.gen_bank[7].gen_512.u_macro/din0[10]    1.000000    1.160786   -0.160786 (VIOLATED)
load_slew273/A                          1.000000    1.160743   -0.160743 (VIOLATED)
ANTENNA_load_slew273_A/DIODE            1.000000    1.160740   -0.160740 (VIOLATED)
i_soc.i_ai_sram.u_sram._531_/A2         1.000000    1.160718   -0.160718 (VIOLATED)
ANTENNA_i_soc.i_ai_sram.u_sram._531__A2/DIODE    1.000000    1.160690   -0.160690 (VIOLATED)
i_soc.i_instr_sram.u_sram.gen_bank[3].gen_512.u_macro/addr1[2]    0.040000    0.200673   -0.160673 (VIOLATED)
wire1643/A                              1.000000    1.160267   -0.160267 (VIOLATED)
ANTENNA_wire1643_A/DIODE                1.000000    1.160255   -0.160255 (VIOLATED)
i_soc.i_data_sram.u_sram.gen_bank[3].gen_512.u_macro/addr0[3]    0.040000    0.200197   -0.160197 (VIOLATED)
i_soc.i_ai_sram.u_sram.gen_bank[1].gen_512.u_macro/addr1[5]    0.040000    0.199851   -0.159851 (VIOLATED)
i_soc.i_ai_sram.u_sram.gen_bank[7].gen_512.u_macro/din0[24]    1.000000    1.159768   -0.159768 (VIOLATED)
i_soc.i_ai_sram.u_sram.gen_bank[2].gen_512.u_macro/din0[17]    1.000000    1.159693   -0.159693 (VIOLATED)
i_soc.i_ai_sram.u_sram.gen_bank[7].gen_512.u_macro/din0[25]    1.000000    1.159425   -0.159425 (VIOLATED)
i_soc.i_ai_sram.u_sram.gen_bank[0].gen_512.u_macro/addr0[3]    0.040000    0.199233   -0.159233 (VIOLATED)
i_soc.i_data_sram.u_sram.gen_bank[2].gen_512.u_macro/addr1[6]    0.040000    0.199098   -0.159098 (VIOLATED)
i_soc.i_cpu.core_i.id_stage_i._3369_/A1    1.000000    1.159059   -0.159059 (VIOLATED)
ANTENNA_242/DIODE                       1.000000    1.159055   -0.159055 (VIOLATED)
i_soc.i_ai_sram.u_sram.gen_bank[6].gen_512.u_macro/din0[9]    1.000000    1.159025   -0.159025 (VIOLATED)
ANTENNA_i_soc.i_cpu.core_i.id_stage_i._3369__A1/DIODE    1.000000    1.158986   -0.158986 (VIOLATED)
i_soc.i_data_sram.u_sram.gen_bank[2].gen_512.u_macro/addr1[3]    0.040000    0.198952   -0.158952 (VIOLATED)
i_soc.i_obi_axi_data._398_/A            1.000000    1.158923   -0.158923 (VIOLATED)
ANTENNA_i_soc.i_obi_axi_data._398__A/DIODE    1.000000    1.158921   -0.158921 (VIOLATED)
ANTENNA_i_soc.i_ai_sram.u_sram.gen_bank[1].gen_512.u_macro_din0[31]/DIODE    1.000000    1.158870   -0.158870 (VIOLATED)
i_soc.i_ai_sram.u_sram.gen_bank[1].gen_512.u_macro/addr0[8]    0.040000    0.198773   -0.158773 (VIOLATED)
i_soc.i_data_sram.u_sram.gen_bank[2].gen_512.u_macro/addr1[4]    0.040000    0.197911   -0.157911 (VIOLATED)
i_soc.i_crossbar._1227_/A               1.000000    1.157716   -0.157716 (VIOLATED)
ANTENNA_i_soc.i_crossbar._1227__A/DIODE    1.000000    1.157715   -0.157715 (VIOLATED)
wire274/A                               1.000000    1.157707   -0.157707 (VIOLATED)
ANTENNA_wire274_A/DIODE                 1.000000    1.157705   -0.157705 (VIOLATED)
ANTENNA_i_soc.i_obi_axi_data._110__X/DIODE    1.000000    1.157666   -0.157666 (VIOLATED)
i_soc.i_obi_axi_data._110_/X            1.000000    1.157639   -0.157639 (VIOLATED)
i_soc.i_ai_sram.u_sram.gen_bank[5].gen_512.u_macro/din0[21]    1.000000    1.157584   -0.157584 (VIOLATED)
i_soc.i_cpu.core_i.ex_stage_i.alu_i._4144_/B    1.000000    1.157537   -0.157537 (VIOLATED)
ANTENNA_i_soc.i_cpu.core_i.ex_stage_i.alu_i._4157__A2/DIODE    1.000000    1.157533   -0.157533 (VIOLATED)
i_soc.i_cpu.core_i.ex_stage_i.alu_i._4157_/A2    1.000000    1.157533   -0.157533 (VIOLATED)
ANTENNA_i_soc.i_cpu.core_i.ex_stage_i.alu_i._4144__B/DIODE    1.000000    1.157530   -0.157530 (VIOLATED)
i_soc.i_cpu.core_i.ex_stage_i.alu_i._5613_/B2    1.000000    1.157416   -0.157416 (VIOLATED)
ANTENNA_i_soc.i_cpu.core_i.ex_stage_i.alu_i._5613__B2/DIODE    1.000000    1.157384   -0.157384 (VIOLATED)
i_soc.i_cpu.core_i.ex_stage_i.alu_i._5607_/A1_N    1.000000    1.157303   -0.157304 (VIOLATED)
ANTENNA_i_soc.i_cpu.core_i.ex_stage_i.alu_i._5607__A1_N/DIODE    1.000000    1.157257   -0.157257 (VIOLATED)
i_soc.i_cpu.core_i.ex_stage_i.alu_i._5580_/B1    1.000000    1.157140   -0.157140 (VIOLATED)
ANTENNA_i_soc.i_crossbar._1476__X/DIODE    1.000000    1.157125   -0.157125 (VIOLATED)
i_soc.i_crossbar._1476_/X               1.000000    1.157107   -0.157107 (VIOLATED)
ANTENNA_i_soc.i_cpu.core_i.ex_stage_i.alu_i._5580__B1/DIODE    1.000000    1.157107   -0.157107 (VIOLATED)
i_soc.i_cpu.core_i.ex_stage_i.alu_i._5581_/A    1.000000    1.157099   -0.157099 (VIOLATED)
ANTENNA_i_soc.i_cpu.core_i.ex_stage_i.alu_i._5581__A/DIODE    1.000000    1.157092   -0.157092 (VIOLATED)
i_soc.i_ai_sram.u_sram._582_/A3         1.000000    1.157058   -0.157058 (VIOLATED)
ANTENNA_i_soc.i_ai_sram.u_sram._582__A3/DIODE    1.000000    1.157047   -0.157047 (VIOLATED)
i_soc.i_ai_sram.u_sram.gen_bank[8].gen_512.u_macro/din0[27]    1.000000    1.156994   -0.156994 (VIOLATED)
i_soc.i_ai_sram.u_sram.gen_bank[13].gen_512.u_macro/din0[23]    1.000000    1.156980   -0.156980 (VIOLATED)
i_soc.i_data_sram.u_sram.gen_bank[2].gen_512.u_macro/addr1[5]    0.040000    0.196913   -0.156913 (VIOLATED)
i_soc.i_ai_accel.u_conv_w_mem/addr0[0]    0.040000    0.196803   -0.156803 (VIOLATED)
i_soc.i_ai_sram.u_sram.gen_bank[3].gen_512.u_macro/addr1[3]    0.040000    0.196697   -0.156697 (VIOLATED)
i_soc.i_ai_sram.u_sram.gen_bank[1].gen_512.u_macro/addr1[3]    0.040000    0.196612   -0.156612 (VIOLATED)
i_soc.i_data_sram.u_sram.gen_bank[3].gen_512.u_macro/addr1[4]    0.040000    0.196565   -0.156565 (VIOLATED)
ANTENNA_i_soc.i_cpu.core_i.ex_stage_i.alu_i._4141__Y/DIODE    1.000000    1.156310   -0.156310 (VIOLATED)
i_soc.i_cpu.core_i.ex_stage_i.alu_i._4141_/Y    1.000000    1.156310   -0.156310 (VIOLATED)
i_soc.i_data_sram.u_sram.gen_bank[3].gen_512.u_macro/addr1[5]    0.040000    0.196271   -0.156271 (VIOLATED)
i_soc.i_ai_sram.u_sram.gen_bank[3].gen_512.u_macro/addr0[8]    0.040000    0.196177   -0.156177 (VIOLATED)
ANTENNA_i_soc.i_ai_sram.u_sram._603__X/DIODE    1.000000    1.156144   -0.156144 (VIOLATED)
i_soc.i_ai_sram.u_sram._603_/X          1.000000    1.156137   -0.156137 (VIOLATED)
i_soc.i_data_sram.u_sram.gen_bank[2].gen_512.u_macro/addr0[3]    0.040000    0.195387   -0.155387 (VIOLATED)
i_soc.i_ai_sram.u_sram.gen_bank[1].gen_512.u_macro/addr0[2]    0.040000    0.194901   -0.154901 (VIOLATED)
wire1331/A                              1.000000    1.154832   -0.154832 (VIOLATED)
ANTENNA_wire1331_A/DIODE                1.000000    1.154818   -0.154818 (VIOLATED)
i_soc.i_instr_sram.u_sram.gen_bank[2].gen_512.u_macro/addr0[5]    0.040000    0.194740   -0.154740 (VIOLATED)
i_soc.i_ai_sram.u_sram.gen_bank[0].gen_512.u_macro/addr0[8]    0.040000    0.194718   -0.154718 (VIOLATED)
ANTENNA_input27_X/DIODE                 1.000000    1.154705   -0.154705 (VIOLATED)
input27/X                               1.000000    1.154699   -0.154699 (VIOLATED)
i_soc.i_instr_sram.u_sram.gen_bank[3].gen_512.u_macro/addr0[4]    0.040000    0.194328   -0.154328 (VIOLATED)
i_soc.i_data_sram.u_sram.gen_bank[3].gen_512.u_macro/addr0[6]    0.040000    0.194101   -0.154101 (VIOLATED)
i_soc.i_data_sram.u_sram.gen_bank[2].gen_512.u_macro/addr0[5]    0.040000    0.194061   -0.154061 (VIOLATED)
i_soc.i_ai_sram.u_sram.gen_bank[2].gen_512.u_macro/addr1[2]    0.040000    0.194049   -0.154049 (VIOLATED)
i_soc.i_ai_sram.u_sram.gen_bank[0].gen_512.u_macro/addr0[4]    0.040000    0.194014   -0.154014 (VIOLATED)
i_soc.i_ai_sram.u_sram.gen_bank[8].gen_512.u_macro/din0[1]    1.000000    1.153873   -0.153873 (VIOLATED)
ANTENNA_i_soc.i_instr_sram.u_sram.gen_bank[3].gen_512.u_macro_din0[13]/DIODE    1.000000    1.153852   -0.153852 (VIOLATED)
i_soc.i_instr_sram.u_sram.gen_bank[3].gen_512.u_macro/addr0[6]    0.040000    0.193792   -0.153792 (VIOLATED)
load_slew997/A                          1.000000    1.153719   -0.153719 (VIOLATED)
ANTENNA_load_slew997_A/DIODE            1.000000    1.153370   -0.153370 (VIOLATED)
i_soc.i_data_sram.u_sram.gen_bank[2].gen_512.u_macro/addr0[7]    0.040000    0.193173   -0.153173 (VIOLATED)
ANTENNA_i_soc.i_ai_sram.u_sram._585__X/DIODE    1.000000    1.152932   -0.152932 (VIOLATED)
i_soc.i_ai_sram.u_sram._585_/X          1.000000    1.152877   -0.152877 (VIOLATED)
i_soc.i_ai_sram.u_sram.gen_bank[0].gen_512.u_macro/addr1[6]    0.040000    0.192578   -0.152578 (VIOLATED)
i_soc.i_ai_sram.u_sram.gen_bank[0].gen_512.u_macro/addr1[5]    0.040000    0.192566   -0.152566 (VIOLATED)
i_soc.i_data_sram.u_sram.gen_bank[3].gen_512.u_macro/addr0[5]    0.040000    0.192482   -0.152482 (VIOLATED)
i_soc.i_instr_sram.u_sram.gen_bank[3].gen_512.u_macro/addr0[8]    0.040000    0.192390   -0.152390 (VIOLATED)
i_soc.i_instr_sram.u_sram.gen_bank[3].gen_512.u_macro/addr0[3]    0.040000    0.192354   -0.152354 (VIOLATED)
i_soc.i_instr_sram.u_sram.gen_bank[2].gen_512.u_macro/addr0[4]    0.040000    0.191332   -0.151332 (VIOLATED)
i_soc.i_data_sram.u_sram.gen_bank[3].gen_512.u_macro/addr1[3]    0.040000    0.191139   -0.151139 (VIOLATED)
i_soc.i_ai_sram.u_sram.gen_bank[3].gen_512.u_macro/addr0[5]    0.040000    0.191033   -0.151033 (VIOLATED)
i_soc.i_ai_sram.u_sram.gen_bank[2].gen_512.u_macro/addr0[6]    0.040000    0.190730   -0.150730 (VIOLATED)
i_soc.i_ai_sram.u_sram.gen_bank[1].gen_512.u_macro/addr0[3]    0.040000    0.190715   -0.150715 (VIOLATED)
i_soc.i_ai_sram.u_sram.gen_bank[2].gen_512.u_macro/addr1[4]    0.040000    0.190672   -0.150672 (VIOLATED)
i_soc.i_ai_sram.u_sram.gen_bank[3].gen_512.u_macro/addr0[4]    0.040000    0.190623   -0.150623 (VIOLATED)
i_soc.i_instr_sram.u_sram.gen_bank[2].gen_512.u_macro/addr0[3]    0.040000    0.190536   -0.150536 (VIOLATED)
i_soc.i_ai_sram.u_sram.gen_bank[13].gen_512.u_macro/din0[18]    1.000000    1.150244   -0.150244 (VIOLATED)
ANTENNA_i_soc.i_ai_sram.u_sram.gen_bank[0].gen_512.u_macro_din0[19]/DIODE    1.000000    1.150207   -0.150207 (VIOLATED)
i_soc.i_ai_sram.u_sram.gen_bank[2].gen_512.u_macro/addr0[3]    0.040000    0.190170   -0.150170 (VIOLATED)
i_soc.i_ai_sram.u_sram.gen_bank[2].gen_512.u_macro/addr0[7]    0.040000    0.190124   -0.150124 (VIOLATED)
i_soc.i_data_sram.u_sram.gen_bank[3].gen_512.u_macro/addr0[7]    0.040000    0.190101   -0.150101 (VIOLATED)
i_soc.i_instr_sram.u_sram.gen_bank[3].gen_512.u_macro/addr0[5]    0.040000    0.190065   -0.150065 (VIOLATED)
i_soc.i_ai_sram.u_sram.gen_bank[3].gen_512.u_macro/din0[2]    1.000000    1.149891   -0.149891 (VIOLATED)
i_soc.i_ai_sram.u_sram.gen_bank[4].gen_512.u_macro/din0[0]    1.000000    1.149775   -0.149775 (VIOLATED)
i_soc.i_ai_sram.u_sram.gen_bank[0].gen_512.u_macro/addr0[5]    0.040000    0.189698   -0.149698 (VIOLATED)
i_soc.i_instr_sram.u_sram.gen_bank[2].gen_512.u_macro/addr0[2]    0.040000    0.189365   -0.149365 (VIOLATED)
i_soc.i_ai_sram.u_sram.gen_bank[0].gen_512.u_macro/din0[29]    1.000000    1.149268   -0.149268 (VIOLATED)
i_soc.i_ai_sram.u_sram.gen_bank[3].gen_512.u_macro/addr0[6]    0.040000    0.189201   -0.149201 (VIOLATED)
i_soc.i_ai_sram.u_sram.gen_bank[0].gen_512.u_macro/addr0[2]    0.040000    0.189192   -0.149192 (VIOLATED)
i_soc.i_data_sram.u_sram.gen_bank[3].gen_512.u_macro/addr1[6]    0.040000    0.188992   -0.148992 (VIOLATED)
i_soc.i_ai_sram.u_sram.gen_bank[3].gen_512.u_macro/addr0[7]    0.040000    0.188642   -0.148642 (VIOLATED)
i_soc.i_ai_sram.u_sram.gen_bank[1].gen_512.u_macro/din0[7]    1.000000    1.148641   -0.148641 (VIOLATED)
ANTENNA_i_soc.i_ai_sram.u_sram.gen_bank[4].gen_512.u_macro_din0[20]/DIODE    1.000000    1.148312   -0.148312 (VIOLATED)
i_soc.i_data_sram.u_sram.gen_bank[3].gen_512.u_macro/addr0[2]    0.040000    0.188176   -0.148176 (VIOLATED)
ANTENNA_i_soc.i_ai_sram.u_sram.gen_bank[0].gen_512.u_macro_din0[26]/DIODE    1.000000    1.147962   -0.147962 (VIOLATED)
i_soc.i_instr_sram.u_sram.gen_bank[3].gen_512.u_macro/addr0[7]    0.040000    0.187772   -0.147772 (VIOLATED)
i_soc.i_ai_sram.u_sram._509_/A2         1.000000    1.147711   -0.147711 (VIOLATED)
ANTENNA_i_soc.i_ai_sram.u_sram._509__A2/DIODE    1.000000    1.147680   -0.147680 (VIOLATED)
ANTENNA_i_soc.i_instr_sram.u_sram.gen_bank[0].gen_512.u_macro_din0[13]/DIODE    1.000000    1.147651   -0.147651 (VIOLATED)
i_soc.i_instr_sram.u_sram.gen_bank[3].gen_512.u_macro/addr0[2]    0.040000    0.187042   -0.147042 (VIOLATED)
i_soc.i_cpu.core_i.id_stage_i._3476_/B2    1.000000    1.147038   -0.147038 (VIOLATED)
ANTENNA_i_soc.i_cpu.core_i.id_stage_i._3476__B2/DIODE    1.000000    1.146546   -0.146546 (VIOLATED)
load_slew1869/A                         1.000000    1.146365   -0.146365 (VIOLATED)
ANTENNA_load_slew1869_A/DIODE           1.000000    1.146356   -0.146356 (VIOLATED)
i_soc.i_data_sram.u_sram.gen_bank[3].gen_512.u_macro/addr0[4]    0.040000    0.186338   -0.146338 (VIOLATED)
i_soc.i_ai_sram.u_sram.gen_bank[1].gen_512.u_macro/addr1[2]    0.040000    0.186052   -0.146052 (VIOLATED)
ANTENNA_i_soc.i_ai_sram.u_sram.gen_bank[0].gen_512.u_macro_din0[28]/DIODE    1.000000    1.145973   -0.145973 (VIOLATED)
i_soc.i_ai_sram.u_sram.gen_bank[3].gen_512.u_macro/addr0[2]    0.040000    0.185580   -0.145580 (VIOLATED)
i_soc.i_ai_sram.u_sram.gen_bank[5].gen_512.u_macro/din0[10]    1.000000    1.145425   -0.145425 (VIOLATED)
ANTENNA_i_soc.i_ai_sram.u_sram.gen_bank[0].gen_512.u_macro_din0[15]/DIODE    1.000000    1.145323   -0.145323 (VIOLATED)
ANTENNA_i_soc.i_ai_sram.u_sram.gen_bank[0].gen_512.u_macro_din0[9]/DIODE    1.000000    1.145111   -0.145111 (VIOLATED)
i_soc.i_data_sram.u_sram.gen_bank[3].gen_512.u_macro/addr0[8]    0.040000    0.184990   -0.144990 (VIOLATED)
i_soc.i_instr_sram.u_sram.gen_bank[2].gen_512.u_macro/addr0[7]    0.040000    0.184594   -0.144594 (VIOLATED)
i_soc.i_ai_sram.u_sram.gen_bank[2].gen_512.u_macro/addr1[6]    0.040000    0.184494   -0.144494 (VIOLATED)
i_soc.i_instr_sram.u_sram.gen_bank[2].gen_512.u_macro/addr1[5]    0.040000    0.184480   -0.144480 (VIOLATED)
i_soc.i_instr_sram.u_sram.gen_bank[2].gen_512.u_macro/addr1[2]    0.040000    0.184291   -0.144291 (VIOLATED)
ANTENNA_i_soc.i_ai_sram.u_sram.gen_bank[4].gen_512.u_macro_din0[10]/DIODE    1.000000    1.144056   -0.144056 (VIOLATED)
i_soc.i_instr_sram.u_sram.gen_bank[2].gen_512.u_macro/addr1[3]    0.040000    0.183831   -0.143831 (VIOLATED)
i_soc.i_instr_sram.u_sram.gen_bank[2].gen_512.u_macro/addr0[6]    0.040000    0.183786   -0.143786 (VIOLATED)
i_soc.i_ai_sram.u_sram.gen_bank[7].gen_512.u_macro/din0[21]    1.000000    1.143493   -0.143493 (VIOLATED)
i_soc.i_ai_sram.u_sram.gen_bank[3].gen_512.u_macro/addr0[3]    0.040000    0.183371   -0.143371 (VIOLATED)
i_soc.i_ai_sram.u_sram.gen_bank[1].gen_512.u_macro/addr0[7]    0.040000    0.183347   -0.143347 (VIOLATED)
i_soc.i_ai_sram.u_sram.gen_bank[1].gen_512.u_macro/addr0[6]    0.040000    0.183216   -0.143216 (VIOLATED)
i_soc.i_ai_accel.u_conv_out.gen_bank[0].gen_512.u_macro/csb1    1.000000    1.143021   -0.143020 (VIOLATED)
wire1619/A                              1.000000    1.142774   -0.142774 (VIOLATED)
ANTENNA_wire1619_A/DIODE                1.000000    1.142713   -0.142713 (VIOLATED)
i_soc.i_ai_sram.u_sram.gen_bank[2].gen_512.u_macro/addr0[4]    0.040000    0.182646   -0.142646 (VIOLATED)
ANTENNA_i_soc.i_ai_sram.u_sram._581__X/DIODE    1.000000    1.142598   -0.142598 (VIOLATED)
i_soc.i_ai_sram.u_sram._581_/X          1.000000    1.142576   -0.142576 (VIOLATED)
i_soc.i_ai_sram.u_sram.gen_bank[1].gen_512.u_macro/addr0[4]    0.040000    0.182408   -0.142408 (VIOLATED)
ANTENNA_i_soc.i_ai_sram.u_sram._669__A2/DIODE    1.000000    1.142191   -0.142191 (VIOLATED)
i_soc.i_ai_sram.u_sram._669_/A2         1.000000    1.142187   -0.142187 (VIOLATED)
i_soc.i_instr_sram.u_sram.gen_bank[2].gen_512.u_macro/addr1[4]    0.040000    0.182133   -0.142133 (VIOLATED)
i_soc.i_data_sram.u_sram.gen_bank[2].gen_512.u_macro/addr0[8]    0.040000    0.181753   -0.141753 (VIOLATED)
i_soc.i_ai_sram.u_sram.gen_bank[0].gen_512.u_macro/addr0[7]    0.040000    0.181463   -0.141463 (VIOLATED)
ANTENNA_i_soc.i_ai_sram.u_sram._710__X/DIODE    1.000000    1.141117   -0.141117 (VIOLATED)
i_soc.i_ai_sram.u_sram._710_/X          1.000000    1.141104   -0.141104 (VIOLATED)
i_soc.i_ai_sram.u_sram.gen_bank[3].gen_512.u_macro/din0[1]    1.000000    1.141077   -0.141077 (VIOLATED)
ANTENNA_i_soc.i_instr_sram.u_sram.gen_bank[1].gen_512.u_macro_din0[13]/DIODE    1.000000    1.140757   -0.140757 (VIOLATED)
i_soc.i_ai_sram.u_sram.gen_bank[1].gen_512.u_macro/addr1[6]    0.040000    0.180711   -0.140711 (VIOLATED)
ANTENNA_i_soc.i_crossbar._1617__X/DIODE    1.000000    1.140646   -0.140646 (VIOLATED)
i_soc.i_crossbar._1617_/X               1.000000    1.140629   -0.140629 (VIOLATED)
i_soc.i_data_sram.u_sram.gen_bank[3].gen_512.u_macro/addr1[2]    0.040000    0.180441   -0.140441 (VIOLATED)
i_soc.i_ai_sram.u_sram.gen_bank[0].gen_512.u_macro/addr1[3]    0.040000    0.180082   -0.140082 (VIOLATED)
i_soc.i_ai_sram.u_sram.gen_bank[2].gen_512.u_macro/addr0[8]    0.040000    0.179868   -0.139868 (VIOLATED)
i_soc.i_ai_sram.u_sram.gen_bank[5].gen_512.u_macro/din0[20]    1.000000    1.139825   -0.139825 (VIOLATED)
i_soc.i_ai_sram.u_sram.gen_bank[0].gen_512.u_macro/addr0[6]    0.040000    0.179546   -0.139546 (VIOLATED)
ANTENNA_i_soc.i_ai_accel.u_conv_out._03__Y/DIODE    1.000000    1.139516   -0.139516 (VIOLATED)
i_soc.i_ai_accel.u_conv_out._03_/Y      1.000000    1.139504   -0.139504 (VIOLATED)
i_soc.i_instr_sram.u_sram.gen_bank[2].gen_512.u_macro/addr0[8]    0.040000    0.179312   -0.139312 (VIOLATED)
clone20624/A1                           1.000000    1.139055   -0.139055 (VIOLATED)
clone20608/A1                           1.000000    1.139011   -0.139011 (VIOLATED)
i_soc.i_ai_sram.u_sram.gen_bank[6].gen_512.u_macro/din0[4]    1.000000    1.138774   -0.138774 (VIOLATED)
ANTENNA_i_soc.i_ai_sram.u_sram._596__X/DIODE    1.000000    1.138512   -0.138513 (VIOLATED)
i_soc.i_ai_sram.u_sram._596_/X          1.000000    1.138512   -0.138513 (VIOLATED)
i_soc.i_cpu.core_i.ex_stage_i.mult_i._14764_/A1    1.000000    1.138241   -0.138241 (VIOLATED)
i_soc.i_cpu.core_i.ex_stage_i.mult_i._14763_/A1    1.000000    1.138238   -0.138238 (VIOLATED)
ANTENNA_i_soc.i_cpu.core_i.ex_stage_i.mult_i._14764__A1/DIODE    1.000000    1.138233   -0.138233 (VIOLATED)
ANTENNA_i_soc.i_cpu.core_i.ex_stage_i.mult_i._14763__A1/DIODE    1.000000    1.138226   -0.138226 (VIOLATED)
i_soc.i_cpu.core_i.ex_stage_i.mult_i._15809_/B2    1.000000    1.138168   -0.138168 (VIOLATED)
ANTENNA_i_soc.i_cpu.core_i.ex_stage_i.mult_i._15809__B2/DIODE    1.000000    1.138167   -0.138167 (VIOLATED)
i_soc.i_cpu.core_i.ex_stage_i.mult_i._20245_/A1    1.000000    1.138141   -0.138141 (VIOLATED)
ANTENNA_i_soc.i_cpu.core_i.ex_stage_i.mult_i._20245__A1/DIODE    1.000000    1.138139   -0.138140 (VIOLATED)
i_soc.i_cpu.core_i.ex_stage_i.mult_i._14882_/A1    1.000000    1.138125   -0.138125 (VIOLATED)
ANTENNA_i_soc.i_cpu.core_i.ex_stage_i.mult_i._20246__A1/DIODE    1.000000    1.138110   -0.138110 (VIOLATED)
i_soc.i_cpu.core_i.ex_stage_i.mult_i._20246_/A1    1.000000    1.138096   -0.138096 (VIOLATED)
i_soc.i_cpu.core_i.ex_stage_i.mult_i._19588_/A    1.000000    1.138085   -0.138085 (VIOLATED)
ANTENNA_i_soc.i_cpu.core_i.ex_stage_i.mult_i._19588__A/DIODE    1.000000    1.138080   -0.138080 (VIOLATED)
i_soc.i_cpu.core_i.ex_stage_i.mult_i._20248_/A1    1.000000    1.138053   -0.138053 (VIOLATED)
ANTENNA_i_soc.i_cpu.core_i.ex_stage_i.mult_i._14882__A1/DIODE    1.000000    1.138015   -0.138015 (VIOLATED)
ANTENNA_i_soc.i_cpu.core_i.ex_stage_i.mult_i._20248__A1/DIODE    1.000000    1.138011   -0.138011 (VIOLATED)
i_soc.i_cpu.core_i.ex_stage_i.mult_i._19590_/A1    1.000000    1.137911   -0.137911 (VIOLATED)
i_soc.i_ai_sram.u_sram.gen_bank[2].gen_512.u_macro/addr0[5]    0.040000    0.177900   -0.137900 (VIOLATED)
ANTENNA_i_soc.i_cpu.core_i.ex_stage_i.mult_i._19590__A1/DIODE    1.000000    1.137900   -0.137900 (VIOLATED)
i_soc.i_cpu.core_i.ex_stage_i.mult_i._19589_/A    1.000000    1.137895   -0.137895 (VIOLATED)
ANTENNA_i_soc.i_cpu.core_i.ex_stage_i.mult_i._19589__A/DIODE    1.000000    1.137848   -0.137848 (VIOLATED)
ANTENNA_i_soc.i_cpu.core_i.ex_stage_i.mult_i._19192__A/DIODE    1.000000    1.137696   -0.137696 (VIOLATED)
i_soc.i_cpu.core_i.ex_stage_i.mult_i._19192_/A    1.000000    1.137605   -0.137605 (VIOLATED)
ANTENNA_i_soc.i_cpu.core_i.ex_stage_i.mult_i._19193__A1/DIODE    1.000000    1.137523   -0.137523 (VIOLATED)
i_soc.i_cpu.core_i.ex_stage_i.mult_i._19193_/A1    1.000000    1.137493   -0.137493 (VIOLATED)
i_soc.i_ai_sram.u_sram.gen_bank[6].gen_512.u_macro/din0[10]    1.000000    1.137301   -0.137301 (VIOLATED)
ANTENNA_i_soc.i_cpu.core_i.ex_stage_i.mult_i._18773__A/DIODE    1.000000    1.137249   -0.137249 (VIOLATED)
i_soc.i_cpu.core_i.ex_stage_i.mult_i._18774_/A1    1.000000    1.137169   -0.137168 (VIOLATED)
ANTENNA_i_soc.i_cpu.core_i.ex_stage_i.mult_i._18774__A1/DIODE    1.000000    1.137165   -0.137165 (VIOLATED)
i_soc.i_cpu.core_i.ex_stage_i.mult_i._18773_/A    1.000000    1.137143   -0.137143 (VIOLATED)
i_soc.i_ai_sram.u_sram.gen_bank[6].gen_512.u_macro/din0[5]    1.000000    1.137131   -0.137131 (VIOLATED)
ANTENNA_i_soc.i_cpu.core_i.ex_stage_i.alu_i._4359__Y/DIODE    1.000000    1.137084   -0.137084 (VIOLATED)
ANTENNA_i_soc.i_cpu.core_i.ex_stage_i.alu_i._4589__A3/DIODE    1.000000    1.137081   -0.137081 (VIOLATED)
ANTENNA_i_soc.i_cpu.core_i.ex_stage_i.alu_i._4608__A2/DIODE    1.000000    1.137081   -0.137081 (VIOLATED)
ANTENNA_i_soc.i_cpu.core_i.ex_stage_i.alu_i._4360__B/DIODE    1.000000    1.137079   -0.137079 (VIOLATED)
clone20689/Y                            1.000000    1.137077   -0.137077 (VIOLATED)
i_soc.i_ai_sram.u_sram.gen_bank[3].gen_512.u_macro/din0[5]    1.000000    1.136998   -0.136998 (VIOLATED)
i_soc.i_instr_sram.u_sram.gen_bank[2].gen_512.u_macro/addr1[6]    0.040000    0.176987   -0.136987 (VIOLATED)
i_soc.i_cpu.core_i.ex_stage_i.mult_i._18414_/A    1.000000    1.136767   -0.136767 (VIOLATED)
i_soc.i_cpu.core_i.ex_stage_i.mult_i._18415_/A1    1.000000    1.136743   -0.136743 (VIOLATED)
ANTENNA_i_soc.i_cpu.core_i.ex_stage_i.mult_i._18415__A1/DIODE    1.000000    1.136738   -0.136738 (VIOLATED)
ANTENNA_i_soc.i_cpu.core_i.ex_stage_i.mult_i._18414__A/DIODE    1.000000    1.136722   -0.136722 (VIOLATED)
i_soc.i_cpu.core_i.ex_stage_i.mult_i._17513_/A    1.000000    1.136352   -0.136352 (VIOLATED)
i_soc.i_cpu.core_i.ex_stage_i.mult_i._17514_/A1    1.000000    1.136352   -0.136352 (VIOLATED)
ANTENNA_i_soc.i_cpu.core_i.ex_stage_i.mult_i._17513__A/DIODE    1.000000    1.136351   -0.136351 (VIOLATED)
ANTENNA_i_soc.i_cpu.core_i.ex_stage_i.mult_i._17514__A1/DIODE    1.000000    1.136349   -0.136349 (VIOLATED)
i_soc.i_cpu.core_i.ex_stage_i.mult_i._17800_/A1    1.000000    1.136304   -0.136304 (VIOLATED)
i_soc.i_cpu.core_i.ex_stage_i.mult_i._17799_/A    1.000000    1.136302   -0.136302 (VIOLATED)
ANTENNA_i_soc.i_cpu.core_i.ex_stage_i.mult_i._17799__A/DIODE    1.000000    1.136300   -0.136300 (VIOLATED)
ANTENNA_i_soc.i_cpu.core_i.ex_stage_i.mult_i._17800__A1/DIODE    1.000000    1.136299   -0.136299 (VIOLATED)
ANTENNA_i_soc.i_cpu.core_i.ex_stage_i.mult_i._18098__A/DIODE    1.000000    1.136292   -0.136292 (VIOLATED)
i_soc.i_cpu.core_i.ex_stage_i.mult_i._18098_/A    1.000000    1.136257   -0.136257 (VIOLATED)
i_soc.i_cpu.core_i.ex_stage_i.mult_i._18097_/A1    1.000000    1.136132   -0.136132 (VIOLATED)
i_soc.i_qspi._14847_/A1                 1.000000    1.136103   -0.136103 (VIOLATED)
ANTENNA_i_soc.i_qspi._14847__A1/DIODE    1.000000    1.136100   -0.136100 (VIOLATED)
ANTENNA_i_soc.i_cpu.core_i.ex_stage_i.mult_i._18097__A1/DIODE    1.000000    1.136057   -0.136057 (VIOLATED)
i_soc.i_ai_sram.u_sram.gen_bank[1].gen_512.u_macro/din0[12]    1.000000    1.135955   -0.135955 (VIOLATED)
i_soc.i_ai_accel.u_input_mem/addr0[7]    0.040000    0.175412   -0.135412 (VIOLATED)
wire4994/A                              1.000000    1.135410   -0.135410 (VIOLATED)
ANTENNA_wire4994_A/DIODE                1.000000    1.135408   -0.135408 (VIOLATED)
ANTENNA_fanout4989_A/DIODE              1.000000    1.135383   -0.135383 (VIOLATED)
fanout4989/A                            1.000000    1.135382   -0.135382 (VIOLATED)
ANTENNA_fanout4992_X/DIODE              1.000000    1.135381   -0.135381 (VIOLATED)
fanout4992/X                            1.000000    1.135379   -0.135379 (VIOLATED)
ANTENNA_i_soc.i_cpu.core_i.id_stage_i._3430__A0/DIODE    1.000000    1.135364   -0.135364 (VIOLATED)
i_soc.i_cpu.core_i.id_stage_i._3430_/A0    1.000000    1.135331   -0.135331 (VIOLATED)
ANTENNA_i_soc.i_cpu.core_i.id_stage_i._3886__Q/DIODE    1.000000    1.135265   -0.135265 (VIOLATED)
i_soc.i_cpu.core_i.id_stage_i._3886_/Q    1.000000    1.135203   -0.135203 (VIOLATED)
i_soc.i_data_sram.u_sram.gen_bank[2].gen_512.u_macro/addr1[8]    0.040000    0.174800   -0.134800 (VIOLATED)
i_soc.i_ai_sram.u_sram.gen_bank[2].gen_512.u_macro/addr0[2]    0.040000    0.174656   -0.134656 (VIOLATED)
load_slew1003/A                         1.000000    1.134122   -0.134122 (VIOLATED)
ANTENNA_load_slew1003_A/DIODE           1.000000    1.134062   -0.134062 (VIOLATED)
i_soc.i_ai_sram.u_sram.gen_bank[2].gen_512.u_macro/din0[6]    1.000000    1.133656   -0.133656 (VIOLATED)
i_soc.i_data_sram.u_sram.gen_bank[2].gen_512.u_macro/addr1[7]    0.040000    0.173520   -0.133520 (VIOLATED)
i_soc.i_ai_sram.u_sram.gen_bank[3].gen_512.u_macro/addr1[5]    0.040000    0.173341   -0.133341 (VIOLATED)
i_soc.i_data_sram.u_sram.gen_bank[3].gen_512.u_macro/addr0[1]    0.040000    0.172964   -0.132964 (VIOLATED)
i_soc.i_ai_sram.u_sram.gen_bank[2].gen_512.u_macro/addr1[3]    0.040000    0.172940   -0.132940 (VIOLATED)
i_soc.i_data_sram.u_sram.gen_bank[3].gen_512.u_macro/addr1[8]    0.040000    0.172557   -0.132557 (VIOLATED)
i_soc.i_ai_accel.u_input_mem/addr0[5]    0.040000    0.172222   -0.132222 (VIOLATED)
wire1007/A                              1.000000    1.132126   -0.132126 (VIOLATED)
ANTENNA_wire1007_A/DIODE                1.000000    1.132060   -0.132060 (VIOLATED)
ANTENNA_i_soc.i_ai_sram.u_sram.gen_bank[4].gen_512.u_macro_din0[7]/DIODE    1.000000    1.132022   -0.132022 (VIOLATED)
i_soc.i_ai_sram.u_sram.gen_bank[6].gen_512.u_macro/din0[19]    1.000000    1.131998   -0.131998 (VIOLATED)
i_soc.i_instr_sram.u_sram.gen_bank[2].gen_512.u_macro/addr1[7]    0.040000    0.171588   -0.131588 (VIOLATED)
i_soc.i_data_sram.u_sram.gen_bank[3].gen_512.u_macro/addr1[7]    0.040000    0.171555   -0.131555 (VIOLATED)
i_soc.i_ai_accel.u_input_mem/addr0[4]    0.040000    0.171308   -0.131308 (VIOLATED)
i_soc.i_ai_accel.u_input_mem/addr0[6]    0.040000    0.171235   -0.131235 (VIOLATED)
i_soc.i_instr_sram.u_sram.gen_bank[3].gen_512.u_macro/addr1[8]    0.040000    0.171130   -0.131130 (VIOLATED)
wire1612/A                              1.000000    1.130974   -0.130974 (VIOLATED)
ANTENNA_wire1612_A/DIODE                1.000000    1.130960   -0.130960 (VIOLATED)
i_soc.i_ai_sram.u_sram._615_/A3         1.000000    1.130935   -0.130935 (VIOLATED)
ANTENNA_i_soc.i_ai_sram.u_sram._615__A3/DIODE    1.000000    1.130932   -0.130932 (VIOLATED)
ANTENNA_i_soc.i_ai_sram.u_sram._530__X/DIODE    1.000000    1.130048   -0.130048 (VIOLATED)
i_soc.i_ai_sram.u_sram._530_/X          1.000000    1.130033   -0.130033 (VIOLATED)
i_soc.i_ai_sram.u_sram.gen_bank[1].gen_512.u_macro/addr0[5]    0.040000    0.169708   -0.129708 (VIOLATED)
i_soc.i_instr_sram.u_sram.gen_bank[3].gen_512.u_macro/addr1[7]    0.040000    0.169005   -0.129005 (VIOLATED)
i_soc.i_instr_sram.u_sram.gen_bank[2].gen_512.u_macro/addr1[8]    0.040000    0.168932   -0.128932 (VIOLATED)
i_soc.i_ai_accel.u_input_mem/addr0[3]    0.040000    0.168433   -0.128433 (VIOLATED)
i_soc.i_instr_sram.u_sram.gen_bank[3].gen_512.u_macro/wmask0[2]    0.040000    0.167531   -0.127531 (VIOLATED)
i_soc.i_ai_sram.u_sram.gen_bank[3].gen_512.u_macro/din0[8]    1.000000    1.127379   -0.127379 (VIOLATED)
i_soc.i_crossbar._0476_/A0              1.000000    1.126753   -0.126753 (VIOLATED)
ANTENNA_i_soc.i_crossbar._0476__A0/DIODE    1.000000    1.126743   -0.126743 (VIOLATED)
load_slew1332/A                         1.000000    1.126403   -0.126403 (VIOLATED)
ANTENNA_load_slew1332_A/DIODE           1.000000    1.126348   -0.126348 (VIOLATED)
i_soc.i_data_sram.u_sram.gen_bank[2].gen_512.u_macro/wmask0[0]    0.040000    0.166190   -0.126190 (VIOLATED)
i_soc.i_data_sram.u_sram.gen_bank[3].gen_512.u_macro/wmask0[1]    0.040000    0.166153   -0.126153 (VIOLATED)
i_soc.i_ai_sram.u_sram.gen_bank[5].gen_512.u_macro/din0[6]    1.000000    1.126034   -0.126035 (VIOLATED)
i_soc.i_cpu.core_i.id_stage_i.register_file_i._6510_/B    1.000000    1.125746   -0.125746 (VIOLATED)
ANTENNA_i_soc.i_cpu.core_i.id_stage_i.register_file_i._6510__B/DIODE    1.000000    1.125745   -0.125745 (VIOLATED)
i_soc.i_data_sram.u_sram.gen_bank[2].gen_512.u_macro/wmask0[3]    0.040000    0.165738   -0.125738 (VIOLATED)
i_soc.i_cpu.core_i.id_stage_i.register_file_i._6516_/B    1.000000    1.125737   -0.125737 (VIOLATED)
ANTENNA_i_soc.i_cpu.core_i.id_stage_i.register_file_i._6516__B/DIODE    1.000000    1.125730   -0.125730 (VIOLATED)
ANTENNA_i_soc.i_cpu.core_i.id_stage_i.register_file_i._6501__B/DIODE    1.000000    1.125694   -0.125694 (VIOLATED)
i_soc.i_cpu.core_i.id_stage_i.register_file_i._6501_/B    1.000000    1.125687   -0.125687 (VIOLATED)
i_soc.i_cpu.core_i.id_stage_i.register_file_i._6524_/B    1.000000    1.125646   -0.125646 (VIOLATED)
ANTENNA_i_soc.i_cpu.core_i.id_stage_i.register_file_i._6524__B/DIODE    1.000000    1.125630   -0.125630 (VIOLATED)
i_soc.i_cpu.core_i.id_stage_i.register_file_i._6514_/B    1.000000    1.125598   -0.125598 (VIOLATED)
ANTENNA_i_soc.i_cpu.core_i.id_stage_i.register_file_i._6514__B/DIODE    1.000000    1.125596   -0.125596 (VIOLATED)
i_soc.i_cpu.core_i.id_stage_i.register_file_i._6522_/B    1.000000    1.125574   -0.125574 (VIOLATED)
ANTENNA_i_soc.i_cpu.core_i.id_stage_i.register_file_i._6522__B/DIODE    1.000000    1.125572   -0.125572 (VIOLATED)
ANTENNA_i_soc.i_cpu.core_i.id_stage_i.register_file_i._6530__B/DIODE    1.000000    1.125371   -0.125371 (VIOLATED)
i_soc.i_cpu.core_i.id_stage_i.register_file_i._6530_/B    1.000000    1.125371   -0.125371 (VIOLATED)
i_soc.i_cpu.core_i.id_stage_i.register_file_i._6526_/B    1.000000    1.125364   -0.125364 (VIOLATED)
ANTENNA_i_soc.i_cpu.core_i.id_stage_i.register_file_i._6526__B/DIODE    1.000000    1.125363   -0.125363 (VIOLATED)
i_soc.i_cpu.core_i.id_stage_i.register_file_i._6518_/B    1.000000    1.125263   -0.125263 (VIOLATED)
ANTENNA_i_soc.i_cpu.core_i.id_stage_i.register_file_i._6518__B/DIODE    1.000000    1.125258   -0.125258 (VIOLATED)
i_soc.i_ai_accel.u_input_mem/addr0[0]    0.040000    0.165217   -0.125217 (VIOLATED)
i_soc.i_cpu.core_i.id_stage_i.register_file_i._6528_/B    1.000000    1.125063   -0.125063 (VIOLATED)
ANTENNA_i_soc.i_cpu.core_i.id_stage_i.register_file_i._6528__B/DIODE    1.000000    1.125044   -0.125044 (VIOLATED)
i_soc.i_data_sram.u_sram.gen_bank[2].gen_512.u_macro/wmask0[1]    0.040000    0.165028   -0.125028 (VIOLATED)
ANTENNA_i_soc.i_cpu.core_i.id_stage_i.register_file_i._6506__B/DIODE    1.000000    1.124968   -0.124968 (VIOLATED)
i_soc.i_cpu.core_i.id_stage_i.register_file_i._6506_/B    1.000000    1.124968   -0.124968 (VIOLATED)
ANTENNA_max_cap2382_A/DIODE             1.000000    1.124952   -0.124952 (VIOLATED)
max_cap2382/A                           1.000000    1.124952   -0.124952 (VIOLATED)
ANTENNA_fanout2380_X/DIODE              1.000000    1.124949   -0.124949 (VIOLATED)
fanout2380/X                            1.000000    1.124949   -0.124949 (VIOLATED)
i_soc.i_data_sram.u_sram.gen_bank[3].gen_512.u_macro/wmask0[3]    0.040000    0.164902   -0.124902 (VIOLATED)
i_soc.i_data_sram.u_sram.gen_bank[2].gen_512.u_macro/wmask0[2]    0.040000    0.164866   -0.124866 (VIOLATED)
i_soc.i_data_sram.u_sram.gen_bank[2].gen_512.u_macro/addr0[1]    0.040000    0.164742   -0.124742 (VIOLATED)
i_soc.i_ai_accel._18026_/A1             1.000000    1.124711   -0.124711 (VIOLATED)
wire1257/A                              1.000000    1.124690   -0.124690 (VIOLATED)
ANTENNA_i_soc.i_ai_accel._18058__A1/DIODE    1.000000    1.124689   -0.124689 (VIOLATED)
ANTENNA_i_soc.i_ai_accel._18026__A1/DIODE    1.000000    1.124661   -0.124661 (VIOLATED)
ANTENNA_wire1257_A/DIODE                1.000000    1.124661   -0.124661 (VIOLATED)
i_soc.i_ai_accel._18058_/A1             1.000000    1.124654   -0.124654 (VIOLATED)
ANTENNA_i_soc.i_ai_accel._18041__B2/DIODE    1.000000    1.124596   -0.124596 (VIOLATED)
i_soc.i_ai_accel._18041_/B2             1.000000    1.124563   -0.124563 (VIOLATED)
i_soc.i_data_sram.u_sram.gen_bank[3].gen_512.u_macro/wmask0[0]    0.040000    0.164546   -0.124546 (VIOLATED)
i_soc.i_data_sram.u_sram.gen_bank[3].gen_512.u_macro/wmask0[2]    0.040000    0.164412   -0.124412 (VIOLATED)
i_soc.i_ai_sram.u_sram.gen_bank[8].gen_512.u_macro/din0[6]    1.000000    1.124294   -0.124294 (VIOLATED)
i_soc.i_instr_sram.u_sram.gen_bank[3].gen_512.u_macro/addr0[0]    0.040000    0.163527   -0.123527 (VIOLATED)
i_soc.i_data_sram.u_sram.gen_bank[0].gen_512.u_macro/addr1[8]    0.040000    0.163506   -0.123506 (VIOLATED)
i_soc.i_data_sram.u_sram.gen_bank[1].gen_512.u_macro/addr0[1]    0.040000    0.163418   -0.123418 (VIOLATED)
i_soc.i_instr_sram.u_sram.gen_bank[3].gen_512.u_macro/addr0[1]    0.040000    0.163304   -0.123304 (VIOLATED)
i_soc.i_ai_sram.u_sram.gen_bank[4].gen_512.u_macro/din0[14]    1.000000    1.123238   -0.123238 (VIOLATED)
i_soc.i_instr_sram.u_sram.gen_bank[3].gen_512.u_macro/wmask0[0]    0.040000    0.162901   -0.122901 (VIOLATED)
i_soc.i_cpu.core_i.id_stage_i.register_file_i._7231_/C    1.000000    1.122865   -0.122865 (VIOLATED)
ANTENNA_i_soc.i_cpu.core_i.id_stage_i.register_file_i._7231__C/DIODE    1.000000    1.122857   -0.122857 (VIOLATED)
ANTENNA_i_soc.i_cpu.core_i.id_stage_i.register_file_i._7217__C/DIODE    1.000000    1.122847   -0.122847 (VIOLATED)
i_soc.i_cpu.core_i.id_stage_i.register_file_i._7217_/C    1.000000    1.122844   -0.122844 (VIOLATED)
i_soc.i_cpu.core_i.id_stage_i.register_file_i._7230_/A3    1.000000    1.122817   -0.122817 (VIOLATED)
ANTENNA_i_soc.i_cpu.core_i.id_stage_i.register_file_i._7230__A3/DIODE    1.000000    1.122811   -0.122811 (VIOLATED)
ANTENNA_i_soc.i_cpu.core_i.id_stage_i.register_file_i._7233__C/DIODE    1.000000    1.122675   -0.122675 (VIOLATED)
i_soc.i_data_sram.u_sram.gen_bank[2].gen_512.u_macro/addr0[0]    0.040000    0.162624   -0.122624 (VIOLATED)
i_soc.i_cpu.core_i.id_stage_i.register_file_i._7233_/C    1.000000    1.122607   -0.122607 (VIOLATED)
i_soc.i_ai_accel._17184_/A0             1.000000    1.122568   -0.122568 (VIOLATED)
ANTENNA_i_soc.i_ai_accel._17184__A0/DIODE    1.000000    1.122566   -0.122566 (VIOLATED)
ANTENNA_i_soc.i_cpu.core_i.id_stage_i.register_file_i._7225__C/DIODE    1.000000    1.122490   -0.122490 (VIOLATED)
i_soc.i_cpu.core_i.id_stage_i.register_file_i._7225_/C    1.000000    1.122463   -0.122463 (VIOLATED)
i_soc.i_instr_sram.u_sram.gen_bank[3].gen_512.u_macro/wmask0[1]    0.040000    0.162437   -0.122437 (VIOLATED)
i_soc.i_data_sram.u_sram.gen_bank[3].gen_512.u_macro/addr0[0]    0.040000    0.162412   -0.122412 (VIOLATED)
ANTENNA_i_soc.i_cpu.core_i.id_stage_i.register_file_i._7219__C/DIODE    1.000000    1.122411   -0.122411 (VIOLATED)
i_soc.i_cpu.core_i.id_stage_i.register_file_i._7219_/C    1.000000    1.122355   -0.122355 (VIOLATED)
load_slew1297/A                         1.000000    1.122353   -0.122353 (VIOLATED)
ANTENNA_load_slew1297_A/DIODE           1.000000    1.122337   -0.122336 (VIOLATED)
i_soc.i_cpu.core_i.id_stage_i._2826_/A1    1.000000    1.122217   -0.122217 (VIOLATED)
ANTENNA_i_soc.i_cpu.core_i.id_stage_i._2826__A1/DIODE    1.000000    1.122217   -0.122217 (VIOLATED)
ANTENNA_i_soc.i_cpu.core_i.id_stage_i.register_file_i._5304__Y/DIODE    1.000000    1.122198   -0.122198 (VIOLATED)
i_soc.i_cpu.core_i.id_stage_i.register_file_i._5304_/Y    1.000000    1.122198   -0.122198 (VIOLATED)
ANTENNA_i_soc.i_cpu.core_i.id_stage_i.register_file_i._7222__A3/DIODE    1.000000    1.122191   -0.122191 (VIOLATED)
i_soc.i_cpu.core_i.id_stage_i.register_file_i._7222_/A3    1.000000    1.122186   -0.122186 (VIOLATED)
wire7624/A                              1.000000    1.122147   -0.122147 (VIOLATED)
ANTENNA_wire7624_A/DIODE                1.000000    1.122146   -0.122146 (VIOLATED)
ANTENNA_hold10685_X/DIODE               1.000000    1.122145   -0.122145 (VIOLATED)
hold10685/X                             1.000000    1.122145   -0.122145 (VIOLATED)
i_soc.i_cpu.core_i.id_stage_i.register_file_i._7224_/A3    1.000000    1.122130   -0.122130 (VIOLATED)
ANTENNA_i_soc.i_cpu.core_i.id_stage_i.register_file_i._7224__A3/DIODE    1.000000    1.122129   -0.122129 (VIOLATED)
ANTENNA_i_soc.i_ai_sram.u_sram.gen_bank[0].gen_512.u_macro_din0[30]/DIODE    1.000000    1.121872   -0.121872 (VIOLATED)
i_soc.i_cpu.core_i.id_stage_i.register_file_i._7214_/A3    1.000000    1.121863   -0.121863 (VIOLATED)
ANTENNA_i_soc.i_cpu.core_i.id_stage_i.register_file_i._7214__A3/DIODE    1.000000    1.121862   -0.121862 (VIOLATED)
i_soc.i_instr_sram.u_sram.gen_bank[2].gen_512.u_macro/addr0[0]    0.040000    0.161850   -0.121850 (VIOLATED)
i_soc.i_instr_sram.u_sram.gen_bank[3].gen_512.u_macro/wmask0[3]    0.040000    0.161849   -0.121849 (VIOLATED)
wire7374/A                              1.000000    1.121715   -0.121715 (VIOLATED)
i_soc.i_cpu.core_i.id_stage_i.register_file_i._7238_/A3    1.000000    1.121700   -0.121700 (VIOLATED)
ANTENNA_i_soc.i_cpu.core_i.id_stage_i.register_file_i._7238__A3/DIODE    1.000000    1.121697   -0.121697 (VIOLATED)
ANTENNA_wire7374_A/DIODE                1.000000    1.121631   -0.121631 (VIOLATED)
i_soc.i_cpu.core_i.id_stage_i.register_file_i._7215_/C    1.000000    1.121536   -0.121536 (VIOLATED)
ANTENNA_i_soc.i_cpu.core_i.id_stage_i.register_file_i._7215__C/DIODE    1.000000    1.121535   -0.121535 (VIOLATED)
i_soc.i_cpu.core_i.id_stage_i.register_file_i._7210_/A3    1.000000    1.121416   -0.121416 (VIOLATED)
ANTENNA_i_soc.i_cpu.core_i.id_stage_i.register_file_i._7210__A3/DIODE    1.000000    1.121413   -0.121413 (VIOLATED)
ANTENNA_i_soc.i_cpu.core_i.id_stage_i.register_file_i._7184__A3/DIODE    1.000000    1.121354   -0.121353 (VIOLATED)
i_soc.i_cpu.core_i.id_stage_i.register_file_i._7184_/A3    1.000000    1.121345   -0.121345 (VIOLATED)
i_soc.i_ai_sram.u_sram._652_/A2         1.000000    1.121199   -0.121198 (VIOLATED)
ANTENNA_i_soc.i_ai_sram.u_sram._652__A2/DIODE    1.000000    1.121196   -0.121196 (VIOLATED)
i_soc.i_instr_sram.u_sram.gen_bank[2].gen_512.u_macro/addr0[1]    0.040000    0.161090   -0.121090 (VIOLATED)
i_soc.i_cpu.core_i.id_stage_i.register_file_i._7240_/A3    1.000000    1.120824   -0.120824 (VIOLATED)
ANTENNA_i_soc.i_cpu.core_i.id_stage_i.register_file_i._7240__A3/DIODE    1.000000    1.120821   -0.120821 (VIOLATED)
load_slew2360/A                         1.000000    1.120732   -0.120732 (VIOLATED)
ANTENNA_load_slew2360_A/DIODE           1.000000    1.120727   -0.120727 (VIOLATED)
i_soc.i_ai_sram.u_sram.gen_bank[13].gen_512.u_macro/addr1[7]    0.040000    0.160606   -0.120606 (VIOLATED)
i_soc.i_cpu.core_i.id_stage_i.register_file_i._7211_/C    1.000000    1.120604   -0.120604 (VIOLATED)
ANTENNA_i_soc.i_cpu.core_i.id_stage_i.register_file_i._7211__C/DIODE    1.000000    1.120458   -0.120458 (VIOLATED)
ANTENNA_i_soc.i_cpu.core_i.id_stage_i.register_file_i._7176__Y/DIODE    1.000000    1.120266   -0.120266 (VIOLATED)
ANTENNA_i_soc.i_cpu.core_i.id_stage_i.register_file_i._7227__C/DIODE    1.000000    1.120257   -0.120257 (VIOLATED)
ANTENNA_i_soc.i_cpu.core_i.id_stage_i.register_file_i._7242__A3/DIODE    1.000000    1.120257   -0.120257 (VIOLATED)
i_soc.i_cpu.core_i.id_stage_i.register_file_i._7176_/Y    1.000000    1.120257   -0.120257 (VIOLATED)
i_soc.i_cpu.core_i.id_stage_i.register_file_i._7227_/C    1.000000    1.120257   -0.120257 (VIOLATED)
i_soc.i_cpu.core_i.id_stage_i.register_file_i._7242_/A3    1.000000    1.120257   -0.120257 (VIOLATED)
i_soc.i_instr_sram.u_sram.gen_bank[2].gen_512.u_macro/wmask0[3]    0.040000    0.160215   -0.120215 (VIOLATED)
i_soc.i_instr_sram.u_sram.gen_bank[2].gen_512.u_macro/wmask0[0]    0.040000    0.160198   -0.120198 (VIOLATED)
i_soc.i_instr_sram.u_sram.gen_bank[2].gen_512.u_macro/wmask0[1]    0.040000    0.160068   -0.120068 (VIOLATED)
load_slew1620/A                         1.000000    1.119968   -0.119968 (VIOLATED)
ANTENNA_load_slew1620_A/DIODE           1.000000    1.119914   -0.119914 (VIOLATED)
ANTENNA_i_soc.i_ai_sram.u_sram._440__X/DIODE    1.000000    1.119647   -0.119647 (VIOLATED)
i_soc.i_ai_sram.u_sram._440_/X          1.000000    1.119626   -0.119626 (VIOLATED)
ANTENNA_i_soc.i_ai_sram.u_sram._614__X/DIODE    1.000000    1.119610   -0.119610 (VIOLATED)
i_soc.i_ai_sram.u_sram._614_/X          1.000000    1.119604   -0.119604 (VIOLATED)
ANTENNA_i_soc.i_ai_sram.u_sram.gen_bank[4].gen_512.u_macro_din0[11]/DIODE    1.000000    1.118947   -0.118947 (VIOLATED)
ANTENNA_i_soc.i_ai_sram.u_sram._668__X/DIODE    1.000000    1.118877   -0.118877 (VIOLATED)
i_soc.i_ai_sram.u_sram._668_/X          1.000000    1.118821   -0.118821 (VIOLATED)
i_soc.i_data_sram.u_sram.gen_bank[0].gen_512.u_macro/wmask0[3]    0.040000    0.158762   -0.118762 (VIOLATED)
i_soc.i_data_sram.u_sram.gen_bank[1].gen_512.u_macro/wmask0[1]    0.040000    0.158672   -0.118672 (VIOLATED)
i_soc.i_ai_sram.u_sram._542_/A2         1.000000    1.118614   -0.118614 (VIOLATED)
ANTENNA_i_soc.i_cpu.core_i.id_stage_i._3334__A/DIODE    1.000000    1.118611   -0.118611 (VIOLATED)
i_soc.i_ai_accel.u_conv_w_mem/addr1[7]    0.040000    0.158590   -0.118590 (VIOLATED)
ANTENNA_i_soc.i_ai_sram.u_sram._542__A2/DIODE    1.000000    1.118587   -0.118587 (VIOLATED)
i_soc.i_ai_accel.u_conv_w_mem/csb1      1.000000    1.118386   -0.118386 (VIOLATED)
i_soc.i_data_sram.u_sram.gen_bank[1].gen_512.u_macro/addr1[8]    0.040000    0.158245   -0.118245 (VIOLATED)
i_soc.i_instr_sram.u_sram.gen_bank[2].gen_512.u_macro/wmask0[2]    0.040000    0.157967   -0.117967 (VIOLATED)
i_soc.i_cpu.core_i.id_stage_i._3334_/A    1.000000    1.117803   -0.117803 (VIOLATED)
i_soc.i_instr_sram.u_sram.gen_bank[1].gen_512.u_macro/addr1[7]    0.040000    0.157769   -0.117769 (VIOLATED)
wire1288/A                              1.000000    1.117745   -0.117745 (VIOLATED)
ANTENNA_wire1288_A/DIODE                1.000000    1.117733   -0.117733 (VIOLATED)
i_soc.i_ai_sram.u_sram.gen_bank[1].gen_512.u_macro/din0[5]    1.000000    1.117270   -0.117270 (VIOLATED)
i_soc.i_data_sram.u_sram.gen_bank[0].gen_512.u_macro/addr1[7]    0.040000    0.157152   -0.117152 (VIOLATED)
i_soc.i_instr_sram.u_sram.gen_bank[0].gen_512.u_macro/addr1[8]    0.040000    0.157146   -0.117146 (VIOLATED)
i_soc.i_ai_accel.u_conv_w_mem/addr1[6]    0.040000    0.157043   -0.117043 (VIOLATED)
i_soc.i_instr_sram.u_sram.gen_bank[0].gen_512.u_macro/addr1[7]    0.040000    0.156956   -0.116956 (VIOLATED)
i_soc.i_data_sram.u_sram.gen_bank[1].gen_512.u_macro/addr1[7]    0.040000    0.156670   -0.116670 (VIOLATED)
i_soc.i_data_sram.u_sram.gen_bank[0].gen_512.u_macro/wmask0[0]    0.040000    0.156539   -0.116539 (VIOLATED)
i_soc.i_instr_sram.u_sram.gen_bank[1].gen_512.u_macro/addr1[8]    0.040000    0.156366   -0.116366 (VIOLATED)
i_soc.i_data_sram.u_sram.gen_bank[0].gen_512.u_macro/wmask0[1]    0.040000    0.156244   -0.116244 (VIOLATED)
i_soc.i_ai_sram.u_sram.gen_bank[0].gen_512.u_macro/addr0[1]    0.040000    0.156037   -0.116037 (VIOLATED)
i_soc.i_ai_sram.u_sram.gen_bank[5].gen_512.u_macro/addr1[7]    0.040000    0.155791   -0.115791 (VIOLATED)
i_soc.i_cpu.core_i.id_stage_i._3101_/B2    1.000000    1.115652   -0.115652 (VIOLATED)
i_soc.i_ai_sram.u_sram.gen_bank[9].gen_512.u_macro/addr1[7]    0.040000    0.155612   -0.115612 (VIOLATED)
i_soc.i_data_sram.u_sram.gen_bank[0].gen_512.u_macro/addr0[3]    0.040000    0.155399   -0.115399 (VIOLATED)
i_soc.i_data_sram.u_sram.gen_bank[0].gen_512.u_macro/addr0[4]    0.040000    0.155382   -0.115382 (VIOLATED)
i_soc.i_ai_sram.u_sram.gen_bank[14].gen_512.u_macro/addr0[1]    0.040000    0.155263   -0.115264 (VIOLATED)
i_soc.i_ai_sram.u_sram.gen_bank[0].gen_512.u_macro/wmask0[2]    0.040000    0.155203   -0.115203 (VIOLATED)
i_soc.i_ai_sram.u_sram.gen_bank[10].gen_512.u_macro/addr0[1]    0.040000    0.155004   -0.115004 (VIOLATED)
i_soc.i_ai_sram.u_sram.gen_bank[5].gen_512.u_macro/addr1[1]    0.040000    0.154888   -0.114888 (VIOLATED)
i_soc.i_ai_sram.u_sram.gen_bank[4].gen_512.u_macro/wmask0[2]    0.040000    0.154858   -0.114858 (VIOLATED)
i_soc.i_ai_sram.u_sram.gen_bank[7].gen_512.u_macro/addr1[8]    0.040000    0.154783   -0.114783 (VIOLATED)
i_soc.i_data_sram.u_sram.gen_bank[1].gen_512.u_macro/wmask0[0]    0.040000    0.154776   -0.114776 (VIOLATED)
ANTENNA_i_soc.i_ai_sram.u_sram._508__X/DIODE    1.000000    1.114776   -0.114776 (VIOLATED)
i_soc.i_ai_sram.u_sram.gen_bank[12].gen_512.u_macro/addr1[7]    0.040000    0.154757   -0.114757 (VIOLATED)
i_soc.i_data_sram.u_sram.gen_bank[1].gen_512.u_macro/wmask0[3]    0.040000    0.154756   -0.114756 (VIOLATED)
i_soc.i_ai_sram.u_sram._508_/X          1.000000    1.114737   -0.114737 (VIOLATED)
i_soc.i_data_sram.u_sram.gen_bank[0].gen_512.u_macro/addr0[1]    0.040000    0.154636   -0.114636 (VIOLATED)
i_soc.i_ai_sram.u_sram.gen_bank[11].gen_512.u_macro/addr1[8]    0.040000    0.154549   -0.114549 (VIOLATED)
i_soc.i_instr_sram.u_sram.gen_bank[0].gen_512.u_macro/addr0[1]    0.040000    0.154435   -0.114435 (VIOLATED)
i_soc.i_data_sram.u_sram.gen_bank[0].gen_512.u_macro/wmask0[2]    0.040000    0.154230   -0.114230 (VIOLATED)
ANTENNA_i_soc.i_data_sram._62__Q/DIODE    1.000000    1.114228   -0.114228 (VIOLATED)
i_soc.i_data_sram._62_/Q                1.000000    1.114209   -0.114209 (VIOLATED)
ANTENNA_i_soc.i_cpu.core_i.id_stage_i._3101__B2/DIODE    1.000000    1.114130   -0.114130 (VIOLATED)
i_soc.i_instr_sram.u_sram.gen_bank[1].gen_512.u_macro/addr1[6]    0.040000    0.154034   -0.114034 (VIOLATED)
i_soc.i_ai_sram.u_sram.gen_bank[6].gen_512.u_macro/addr1[8]    0.040000    0.154031   -0.114031 (VIOLATED)
i_soc.i_data_sram.u_sram.gen_bank[0].gen_512.u_macro/addr0[6]    0.040000    0.153973   -0.113973 (VIOLATED)
i_soc.i_data_sram.u_sram.gen_bank[1].gen_512.u_macro/wmask0[2]    0.040000    0.153901   -0.113901 (VIOLATED)
i_soc.i_ai_sram.u_sram.gen_bank[10].gen_512.u_macro/wmask0[3]    0.040000    0.153850   -0.113850 (VIOLATED)
wire1261/A                              1.000000    1.113780   -0.113780 (VIOLATED)
ANTENNA_wire1261_A/DIODE                1.000000    1.113748   -0.113748 (VIOLATED)
i_soc.i_ai_sram.u_sram.gen_bank[10].gen_512.u_macro/addr1[7]    0.040000    0.153730   -0.113730 (VIOLATED)
i_soc.i_ai_sram.u_sram.gen_bank[3].gen_512.u_macro/addr0[1]    0.040000    0.153726   -0.113726 (VIOLATED)
i_soc.i_data_sram.u_sram.gen_bank[1].gen_512.u_macro/addr0[3]    0.040000    0.153713   -0.113713 (VIOLATED)
i_soc.i_data_sram.u_sram.gen_bank[0].gen_512.u_macro/addr0[7]    0.040000    0.153646   -0.113646 (VIOLATED)
i_soc.i_data_sram.u_sram.gen_bank[0].gen_512.u_macro/addr0[8]    0.040000    0.153359   -0.113359 (VIOLATED)
i_soc.i_ai_sram.u_sram.gen_bank[7].gen_512.u_macro/addr1[7]    0.040000    0.153303   -0.113303 (VIOLATED)
i_soc.i_data_sram.u_sram.gen_bank[0].gen_512.u_macro/addr0[2]    0.040000    0.153072   -0.113072 (VIOLATED)
i_soc.i_instr_sram.u_sram.gen_bank[0].gen_512.u_macro/addr0[0]    0.040000    0.153044   -0.113044 (VIOLATED)
i_soc.i_ai_accel.u_input_mem/addr0[8]    0.040000    0.152817   -0.112817 (VIOLATED)
i_soc.i_ai_sram.u_sram.gen_bank[0].gen_512.u_macro/wmask0[1]    0.040000    0.152634   -0.112634 (VIOLATED)
i_soc.i_ai_sram.u_sram.gen_bank[10].gen_512.u_macro/addr1[8]    0.040000    0.152631   -0.112631 (VIOLATED)
i_soc.i_ai_sram.u_sram.gen_bank[14].gen_512.u_macro/wmask0[3]    0.040000    0.152597   -0.112597 (VIOLATED)
i_soc.i_data_sram.u_sram.gen_bank[0].gen_512.u_macro/addr0[5]    0.040000    0.152484   -0.112484 (VIOLATED)
i_soc.i_data_sram.u_sram.gen_bank[1].gen_512.u_macro/addr1[2]    0.040000    0.152439   -0.112439 (VIOLATED)
i_soc.i_ai_sram.u_sram.gen_bank[4].gen_512.u_macro/addr0[1]    0.040000    0.152436   -0.112436 (VIOLATED)
i_soc.i_ai_accel.u_input_mem/addr1[1]    0.040000    0.152349   -0.112349 (VIOLATED)
i_soc.i_ai_sram.u_sram.gen_bank[13].gen_512.u_macro/addr1[8]    0.040000    0.152284   -0.112284 (VIOLATED)
i_soc.i_data_sram.u_sram.gen_bank[0].gen_512.u_macro/addr0[0]    0.040000    0.152266   -0.112266 (VIOLATED)
i_soc.i_crossbar._0485_/A0              1.000000    1.112196   -0.112196 (VIOLATED)
ANTENNA_i_soc.i_crossbar._0485__A0/DIODE    1.000000    1.112185   -0.112185 (VIOLATED)
i_soc.i_ai_sram.u_sram.gen_bank[0].gen_512.u_macro/addr0[0]    0.040000    0.152100   -0.112100 (VIOLATED)
i_soc.i_data_sram.u_sram.gen_bank[1].gen_512.u_macro/addr0[0]    0.040000    0.152072   -0.112072 (VIOLATED)
i_soc.i_ai_sram.u_sram.gen_bank[11].gen_512.u_macro/addr1[7]    0.040000    0.152026   -0.112026 (VIOLATED)
i_soc.i_ai_accel.u_conv_w_mem/addr1[4]    0.040000    0.151862   -0.111862 (VIOLATED)
i_soc.i_ai_sram.u_sram.gen_bank[10].gen_512.u_macro/addr1[6]    0.040000    0.151839   -0.111839 (VIOLATED)
i_soc.i_data_sram.u_sram.gen_bank[2].gen_512.u_macro/addr1[0]    0.040000    0.151838   -0.111838 (VIOLATED)
i_soc.i_ai_accel.u_input_mem/addr0[2]    0.040000    0.151824   -0.111824 (VIOLATED)
i_soc.i_ai_sram.u_sram.gen_bank[10].gen_512.u_macro/addr1[4]    0.040000    0.151543   -0.111543 (VIOLATED)
i_soc.i_data_sram.u_sram.gen_bank[0].gen_512.u_macro/addr1[5]    0.040000    0.151507   -0.111507 (VIOLATED)
i_soc.i_ai_sram.u_sram.gen_bank[6].gen_512.u_macro/addr0[5]    0.040000    0.151446   -0.111446 (VIOLATED)
i_soc.i_ai_sram.u_sram.gen_bank[10].gen_512.u_macro/addr0[7]    0.040000    0.151421   -0.111421 (VIOLATED)
i_soc.i_ai_sram.u_sram.gen_bank[3].gen_512.u_macro/wmask0[0]    0.040000    0.151334   -0.111334 (VIOLATED)
i_soc.i_data_sram.u_sram.gen_bank[1].gen_512.u_macro/addr0[5]    0.040000    0.151296   -0.111296 (VIOLATED)
i_soc.i_ai_sram.u_sram.gen_bank[5].gen_512.u_macro/din0[9]    1.000000    1.111193   -0.111193 (VIOLATED)
i_soc.i_data_sram.u_sram.gen_bank[0].gen_512.u_macro/addr1[0]    0.040000    0.151187   -0.111187 (VIOLATED)
i_soc.i_ai_sram.u_sram.gen_bank[7].gen_512.u_macro/addr1[2]    0.040000    0.151171   -0.111171 (VIOLATED)
i_soc.i_ai_accel.u_conv_w_mem/addr0[2]    0.040000    0.151097   -0.111097 (VIOLATED)
i_soc.i_ai_sram.u_sram.gen_bank[3].gen_512.u_macro/addr0[0]    0.040000    0.151080   -0.111080 (VIOLATED)
i_soc.i_ai_sram.u_sram.gen_bank[4].gen_512.u_macro/wmask0[1]    0.040000    0.151073   -0.111073 (VIOLATED)
i_soc.i_ai_sram.u_sram.gen_bank[10].gen_512.u_macro/din0[20]    1.000000    1.111038   -0.111038 (VIOLATED)
i_soc.i_ai_sram.u_sram.gen_bank[3].gen_512.u_macro/wmask0[1]    0.040000    0.151012   -0.111012 (VIOLATED)
i_soc.i_ai_sram.u_sram.gen_bank[14].gen_512.u_macro/addr0[8]    0.040000    0.151009   -0.111009 (VIOLATED)
i_soc.i_cpu.core_i.id_stage_i.register_file_i._6545_/B1    1.000000    1.110959   -0.110959 (VIOLATED)
ANTENNA_i_soc.i_cpu.core_i.id_stage_i.register_file_i._6545__B1/DIODE    1.000000    1.110957   -0.110957 (VIOLATED)
i_soc.i_ai_sram.u_sram.gen_bank[0].gen_512.u_macro/wmask0[3]    0.040000    0.150951   -0.110951 (VIOLATED)
ANTENNA_i_soc.i_cpu.core_i.id_stage_i.register_file_i._6547__B1/DIODE    1.000000    1.110933   -0.110933 (VIOLATED)
i_soc.i_cpu.core_i.id_stage_i.register_file_i._6547_/B1    1.000000    1.110932   -0.110932 (VIOLATED)
i_soc.i_instr_sram.u_sram.gen_bank[0].gen_512.u_macro/wmask0[1]    0.040000    0.150926   -0.110926 (VIOLATED)
i_soc.i_ai_sram.u_sram.gen_bank[6].gen_512.u_macro/addr1[7]    0.040000    0.150893   -0.110893 (VIOLATED)
i_soc.i_data_sram.u_sram.gen_bank[0].gen_512.u_macro/addr1[6]    0.040000    0.150879   -0.110879 (VIOLATED)
i_soc.i_instr_sram.u_sram.gen_bank[1].gen_512.u_macro/addr1[4]    0.040000    0.150871   -0.110871 (VIOLATED)
ANTENNA_i_soc.i_cpu.core_i.id_stage_i.register_file_i._6537__B1/DIODE    1.000000    1.110863   -0.110863 (VIOLATED)
i_soc.i_cpu.core_i.id_stage_i.register_file_i._6541_/B1    1.000000    1.110855   -0.110855 (VIOLATED)
ANTENNA_i_soc.i_cpu.core_i.id_stage_i.register_file_i._6541__B1/DIODE    1.000000    1.110848   -0.110848 (VIOLATED)
i_soc.i_cpu.core_i.id_stage_i.register_file_i._6543_/B1    1.000000    1.110838   -0.110838 (VIOLATED)
ANTENNA_i_soc.i_cpu.core_i.id_stage_i.register_file_i._6543__B1/DIODE    1.000000    1.110827   -0.110827 (VIOLATED)
i_soc.i_cpu.core_i.id_stage_i.register_file_i._6537_/B1    1.000000    1.110824   -0.110824 (VIOLATED)
i_soc.i_cpu.core_i.id_stage_i.register_file_i._6549_/B1    1.000000    1.110816   -0.110816 (VIOLATED)
ANTENNA_i_soc.i_cpu.core_i.id_stage_i.register_file_i._6549__B1/DIODE    1.000000    1.110800   -0.110800 (VIOLATED)
i_soc.i_instr_sram.u_sram.gen_bank[0].gen_512.u_macro/wmask0[0]    0.040000    0.150767   -0.110767 (VIOLATED)
i_soc.i_ai_sram.u_sram.gen_bank[7].gen_512.u_macro/addr1[3]    0.040000    0.150757   -0.110757 (VIOLATED)
ANTENNA_i_soc.i_cpu.core_i.id_stage_i.register_file_i._6557__B1/DIODE    1.000000    1.110744   -0.110744 (VIOLATED)
i_soc.i_cpu.core_i.id_stage_i.register_file_i._6557_/B1    1.000000    1.110734   -0.110734 (VIOLATED)
i_soc.i_ai_sram.u_sram.gen_bank[2].gen_512.u_macro/wmask0[1]    0.040000    0.150664   -0.110664 (VIOLATED)
i_soc.i_data_sram.u_sram.gen_bank[0].gen_512.u_macro/addr1[2]    0.040000    0.150586   -0.110586 (VIOLATED)
i_soc.i_ai_sram.u_sram.gen_bank[0].gen_512.u_macro/wmask0[0]    0.040000    0.150564   -0.110564 (VIOLATED)
i_soc.i_ai_sram.u_sram.gen_bank[2].gen_512.u_macro/wmask0[2]    0.040000    0.150562   -0.110562 (VIOLATED)
i_soc.i_instr_sram.u_sram.gen_bank[0].gen_512.u_macro/wmask0[2]    0.040000    0.150492   -0.110492 (VIOLATED)
i_soc.i_ai_sram.u_sram.gen_bank[8].gen_512.u_macro/addr0[1]    0.040000    0.150484   -0.110484 (VIOLATED)
i_soc.i_ai_sram.u_sram.gen_bank[7].gen_512.u_macro/addr1[6]    0.040000    0.150404   -0.110404 (VIOLATED)
i_soc.i_cpu.core_i.id_stage_i.register_file_i._6555_/B1    1.000000    1.110402   -0.110402 (VIOLATED)
ANTENNA_i_soc.i_cpu.core_i.id_stage_i.register_file_i._6555__B1/DIODE    1.000000    1.110399   -0.110399 (VIOLATED)
i_soc.i_data_sram.u_sram.gen_bank[0].gen_512.u_macro/addr1[4]    0.040000    0.150365   -0.110365 (VIOLATED)
i_soc.i_ai_sram.u_sram.gen_bank[14].gen_512.u_macro/addr0[0]    0.040000    0.150349   -0.110349 (VIOLATED)
i_soc.i_cpu.core_i.id_stage_i.register_file_i._6565_/B1    1.000000    1.110335   -0.110335 (VIOLATED)
i_soc.i_cpu.core_i.id_stage_i.register_file_i._6553_/B1    1.000000    1.110333   -0.110333 (VIOLATED)
ANTENNA_i_soc.i_cpu.core_i.id_stage_i.register_file_i._6553__B1/DIODE    1.000000    1.110332   -0.110332 (VIOLATED)
ANTENNA_i_soc.i_cpu.core_i.id_stage_i.register_file_i._6565__B1/DIODE    1.000000    1.110332   -0.110332 (VIOLATED)
i_soc.i_ai_sram.u_sram.gen_bank[4].gen_512.u_macro/addr0[0]    0.040000    0.150319   -0.110319 (VIOLATED)
load_slew1644/A                         1.000000    1.110285   -0.110285 (VIOLATED)
i_soc.i_cpu.core_i.id_stage_i.register_file_i._6551_/B1    1.000000    1.110274   -0.110274 (VIOLATED)
ANTENNA_load_slew1644_A/DIODE           1.000000    1.110274   -0.110274 (VIOLATED)
ANTENNA_i_soc.i_cpu.core_i.id_stage_i.register_file_i._6551__B1/DIODE    1.000000    1.110266   -0.110266 (VIOLATED)
i_soc.i_ai_sram.u_sram.gen_bank[10].gen_512.u_macro/addr0[5]    0.040000    0.150237   -0.110237 (VIOLATED)
i_soc.i_instr_sram.u_sram.gen_bank[3].gen_512.u_macro/addr1[1]    0.040000    0.150231   -0.110231 (VIOLATED)
i_soc.i_ai_sram.u_sram.gen_bank[14].gen_512.u_macro/addr1[2]    0.040000    0.150130   -0.110130 (VIOLATED)
i_soc.i_ai_sram.u_sram.gen_bank[5].gen_512.u_macro/addr1[8]    0.040000    0.150124   -0.110124 (VIOLATED)
i_soc.i_ai_sram.u_sram.gen_bank[3].gen_512.u_macro/wmask0[2]    0.040000    0.150111   -0.110111 (VIOLATED)
i_soc.i_data_sram.u_sram.gen_bank[1].gen_512.u_macro/addr0[2]    0.040000    0.150078   -0.110078 (VIOLATED)
i_soc.i_ai_sram.u_sram.gen_bank[14].gen_512.u_macro/addr0[4]    0.040000    0.150011   -0.110011 (VIOLATED)
i_soc.i_data_sram.u_sram.gen_bank[1].gen_512.u_macro/addr0[4]    0.040000    0.149998   -0.109998 (VIOLATED)
i_soc.i_instr_sram.u_sram.gen_bank[1].gen_512.u_macro/wmask0[2]    0.040000    0.149981   -0.109981 (VIOLATED)
i_soc.i_cpu.core_i.id_stage_i.register_file_i._6563_/B1    1.000000    1.109951   -0.109951 (VIOLATED)
ANTENNA_i_soc.i_cpu.core_i.id_stage_i.register_file_i._6563__B1/DIODE    1.000000    1.109951   -0.109950 (VIOLATED)
i_soc.i_cpu.core_i.id_stage_i.register_file_i._6539_/B1    1.000000    1.109946   -0.109946 (VIOLATED)
ANTENNA_i_soc.i_cpu.core_i.id_stage_i.register_file_i._6539__B1/DIODE    1.000000    1.109938   -0.109938 (VIOLATED)
i_soc.i_ai_sram.u_sram.gen_bank[6].gen_512.u_macro/addr1[2]    0.040000    0.149902   -0.109902 (VIOLATED)
i_soc.i_ai_sram.u_sram.gen_bank[14].gen_512.u_macro/addr1[3]    0.040000    0.149892   -0.109892 (VIOLATED)
i_soc.i_ai_sram.u_sram.gen_bank[14].gen_512.u_macro/addr1[8]    0.040000    0.149868   -0.109868 (VIOLATED)
i_soc.i_ai_accel.u_input_mem/addr1[5]    0.040000    0.149850   -0.109850 (VIOLATED)
i_soc.i_ai_sram.u_sram.gen_bank[4].gen_512.u_macro/addr1[2]    0.040000    0.149814   -0.109814 (VIOLATED)
i_soc.i_instr_sram.u_sram.gen_bank[1].gen_512.u_macro/addr1[3]    0.040000    0.149804   -0.109804 (VIOLATED)
i_soc.i_cpu.core_i.id_stage_i.register_file_i._6561_/B1    1.000000    1.109753   -0.109753 (VIOLATED)
ANTENNA_i_soc.i_cpu.core_i.id_stage_i.register_file_i._6561__B1/DIODE    1.000000    1.109752   -0.109752 (VIOLATED)
ANTENNA_i_soc.i_cpu.core_i.id_stage_i.register_file_i._6502__Y/DIODE    1.000000    1.109746   -0.109746 (VIOLATED)
ANTENNA_load_slew2183_A/DIODE           1.000000    1.109745   -0.109745 (VIOLATED)
load_slew2183/A                         1.000000    1.109745   -0.109745 (VIOLATED)
i_soc.i_cpu.core_i.id_stage_i.register_file_i._6502_/Y    1.000000    1.109733   -0.109733 (VIOLATED)
i_soc.i_ai_sram.u_sram.gen_bank[3].gen_512.u_macro/din0[12]    1.000000    1.109692   -0.109692 (VIOLATED)
i_soc.i_ai_sram.u_sram.gen_bank[9].gen_512.u_macro/addr1[8]    0.040000    0.149693   -0.109693 (VIOLATED)
i_soc.i_ai_sram.u_sram.gen_bank[5].gen_512.u_macro/addr1[2]    0.040000    0.149662   -0.109662 (VIOLATED)
i_soc.i_ai_sram.u_sram.gen_bank[6].gen_512.u_macro/addr1[3]    0.040000    0.149617   -0.109617 (VIOLATED)
i_soc.i_ai_sram.u_sram.gen_bank[12].gen_512.u_macro/addr1[8]    0.040000    0.149606   -0.109606 (VIOLATED)
i_soc.i_data_sram.u_sram.gen_bank[2].gen_512.u_macro/addr1[1]    0.040000    0.149571   -0.109571 (VIOLATED)
i_soc.i_instr_sram.u_sram.gen_bank[1].gen_512.u_macro/wmask0[0]    0.040000    0.149543   -0.109543 (VIOLATED)
i_soc.i_instr_sram.u_sram.gen_bank[1].gen_512.u_macro/addr0[1]    0.040000    0.149534   -0.109534 (VIOLATED)
i_soc.i_data_sram.u_sram.gen_bank[3].gen_512.u_macro/addr1[0]    0.040000    0.149525   -0.109525 (VIOLATED)
i_soc.i_ai_sram.u_sram.gen_bank[4].gen_512.u_macro/addr0[3]    0.040000    0.149488   -0.109488 (VIOLATED)
i_soc.i_instr_sram.u_sram.gen_bank[2].gen_512.u_macro/addr1[1]    0.040000    0.149488   -0.109488 (VIOLATED)
i_soc.i_instr_sram.u_sram.gen_bank[1].gen_512.u_macro/addr0[7]    0.040000    0.149474   -0.109474 (VIOLATED)
i_soc.i_crossbar._1293_/A               1.000000    1.109438   -0.109438 (VIOLATED)
ANTENNA_i_soc.i_crossbar._1293__A/DIODE    1.000000    1.109437   -0.109437 (VIOLATED)
i_soc.i_ai_sram.u_sram.gen_bank[14].gen_512.u_macro/addr0[7]    0.040000    0.149430   -0.109430 (VIOLATED)
i_soc.i_ai_sram.u_sram._571_/A3         1.000000    1.109423   -0.109423 (VIOLATED)
i_soc.i_ai_sram.u_sram.gen_bank[8].gen_512.u_macro/wmask0[2]    0.040000    0.149421   -0.109421 (VIOLATED)
ANTENNA_i_soc.i_ai_sram.u_sram._571__A3/DIODE    1.000000    1.109413   -0.109413 (VIOLATED)
i_soc.i_ai_sram.u_sram.gen_bank[8].gen_512.u_macro/wmask0[1]    0.040000    0.149369   -0.109369 (VIOLATED)
i_soc.i_ai_sram.u_sram.gen_bank[8].gen_512.u_macro/addr0[5]    0.040000    0.149358   -0.109358 (VIOLATED)
i_soc.i_ai_accel.u_conv_w_mem/addr1[3]    0.040000    0.149347   -0.109347 (VIOLATED)
i_soc.i_data_sram.u_sram.gen_bank[0].gen_512.u_macro/addr1[1]    0.040000    0.149342   -0.109342 (VIOLATED)
i_soc.i_ai_sram.u_sram.gen_bank[2].gen_512.u_macro/wmask0[0]    0.040000    0.149342   -0.109342 (VIOLATED)
i_soc.i_ai_sram.u_sram.gen_bank[11].gen_512.u_macro/addr1[6]    0.040000    0.149305   -0.109305 (VIOLATED)
i_soc.i_ai_sram.u_sram.gen_bank[12].gen_512.u_macro/addr1[4]    0.040000    0.149293   -0.109293 (VIOLATED)
i_soc.i_ai_sram.u_sram.gen_bank[2].gen_512.u_macro/addr0[0]    0.040000    0.149281   -0.109281 (VIOLATED)
i_soc.i_crossbar._1535_/A               1.000000    1.109247   -0.109247 (VIOLATED)
ANTENNA_i_soc.i_crossbar._1535__A/DIODE    1.000000    1.109232   -0.109232 (VIOLATED)
i_soc.i_ai_sram.u_sram.gen_bank[10].gen_512.u_macro/wmask0[2]    0.040000    0.149222   -0.109222 (VIOLATED)
i_soc.i_ai_sram.u_sram.gen_bank[4].gen_512.u_macro/addr1[3]    0.040000    0.149200   -0.109200 (VIOLATED)
i_soc.i_ai_sram.u_sram.gen_bank[1].gen_512.u_macro/addr0[0]    0.040000    0.149168   -0.109168 (VIOLATED)
i_soc.i_ai_sram.u_sram.gen_bank[4].gen_512.u_macro/wmask0[0]    0.040000    0.149167   -0.109167 (VIOLATED)
i_soc.i_instr_sram.u_sram.gen_bank[1].gen_512.u_macro/addr1[5]    0.040000    0.149126   -0.109126 (VIOLATED)
i_soc.i_ai_sram.u_sram.gen_bank[7].gen_512.u_macro/addr0[1]    0.040000    0.149097   -0.109097 (VIOLATED)
i_soc.i_ai_sram.u_sram.gen_bank[10].gen_512.u_macro/din0[22]    1.000000    1.109066   -0.109067 (VIOLATED)
i_soc.i_ai_sram.u_sram.gen_bank[7].gen_512.u_macro/addr1[4]    0.040000    0.149036   -0.109036 (VIOLATED)
i_soc.i_ai_sram.u_sram.gen_bank[14].gen_512.u_macro/addr0[5]    0.040000    0.149033   -0.109033 (VIOLATED)
i_soc.i_ai_sram.u_sram.gen_bank[10].gen_512.u_macro/addr1[2]    0.040000    0.148931   -0.108931 (VIOLATED)
wire7662/A                              1.000000    1.108915   -0.108915 (VIOLATED)
i_soc.i_ai_sram.u_sram.gen_bank[14].gen_512.u_macro/addr1[7]    0.040000    0.148877   -0.108877 (VIOLATED)
i_soc.i_data_sram.u_sram.gen_bank[0].gen_512.u_macro/addr1[3]    0.040000    0.148875   -0.108875 (VIOLATED)
ANTENNA_wire7662_A/DIODE                1.000000    1.108871   -0.108871 (VIOLATED)
i_soc.i_ai_sram.u_sram.gen_bank[2].gen_512.u_macro/addr0[1]    0.040000    0.148861   -0.108861 (VIOLATED)
i_soc.i_ai_sram.u_sram.gen_bank[4].gen_512.u_macro/addr1[5]    0.040000    0.148831   -0.108831 (VIOLATED)
i_soc.i_ai_sram.u_sram.gen_bank[7].gen_512.u_macro/wmask0[0]    0.040000    0.148802   -0.108802 (VIOLATED)
i_soc.i_instr_sram.u_sram.gen_bank[2].gen_512.u_macro/addr1[0]    0.040000    0.148799   -0.108799 (VIOLATED)
i_soc.i_instr_sram.u_sram.gen_bank[1].gen_512.u_macro/addr1[1]    0.040000    0.148798   -0.108798 (VIOLATED)
i_soc.i_data_sram.u_sram.gen_bank[1].gen_512.u_macro/addr0[6]    0.040000    0.148788   -0.108788 (VIOLATED)
i_soc.i_instr_sram.u_sram.gen_bank[0].gen_512.u_macro/addr0[7]    0.040000    0.148762   -0.108762 (VIOLATED)
i_soc.i_ai_sram.u_sram.gen_bank[8].gen_512.u_macro/addr0[8]    0.040000    0.148752   -0.108752 (VIOLATED)
i_soc.i_ai_sram.u_sram.gen_bank[8].gen_512.u_macro/addr1[6]    0.040000    0.148711   -0.108711 (VIOLATED)
i_soc.i_ai_sram.u_sram.gen_bank[6].gen_512.u_macro/addr1[1]    0.040000    0.148706   -0.108706 (VIOLATED)
i_soc.i_ai_sram.u_sram.gen_bank[8].gen_512.u_macro/addr0[0]    0.040000    0.148698   -0.108698 (VIOLATED)
i_soc.i_ai_sram.u_sram.gen_bank[10].gen_512.u_macro/addr1[3]    0.040000    0.148696   -0.108696 (VIOLATED)
i_soc.i_instr_sram.u_sram.gen_bank[0].gen_512.u_macro/addr1[6]    0.040000    0.148664   -0.108664 (VIOLATED)
i_soc.i_ai_sram.u_sram._722_/B          1.000000    1.108660   -0.108660 (VIOLATED)
ANTENNA_i_soc.i_ai_sram.u_sram._722__B/DIODE    1.000000    1.108659   -0.108659 (VIOLATED)
i_soc.i_ai_sram.u_sram.gen_bank[6].gen_512.u_macro/addr0[3]    0.040000    0.148638   -0.108638 (VIOLATED)
i_soc.i_data_sram.u_sram.gen_bank[1].gen_512.u_macro/addr0[7]    0.040000    0.148633   -0.108633 (VIOLATED)
i_soc.i_ai_sram.u_sram.gen_bank[4].gen_512.u_macro/addr1[6]    0.040000    0.148618   -0.108618 (VIOLATED)
wire854/A                               1.000000    1.108617   -0.108617 (VIOLATED)
i_soc.i_ai_sram.u_sram.gen_bank[5].gen_512.u_macro/addr1[6]    0.040000    0.148614   -0.108614 (VIOLATED)
i_soc.i_ai_sram.u_sram.gen_bank[7].gen_512.u_macro/addr0[0]    0.040000    0.148601   -0.108601 (VIOLATED)
ANTENNA_wire854_A/DIODE                 1.000000    1.108581   -0.108581 (VIOLATED)
i_soc.i_ai_sram.u_sram.gen_bank[10].gen_512.u_macro/addr0[4]    0.040000    0.148557   -0.108557 (VIOLATED)
i_soc.i_ai_sram.u_sram.gen_bank[4].gen_512.u_macro/addr0[8]    0.040000    0.148550   -0.108550 (VIOLATED)
i_soc.i_ai_sram.u_sram.gen_bank[4].gen_512.u_macro/addr0[4]    0.040000    0.148543   -0.108543 (VIOLATED)
i_soc.i_ai_accel.u_conv_out.gen_bank[1].gen_512.u_macro/addr1[8]    0.040000    0.148512   -0.108512 (VIOLATED)
i_soc.i_crossbar._1117_/A               1.000000    1.108504   -0.108504 (VIOLATED)
i_soc.i_instr_sram.u_sram.gen_bank[3].gen_512.u_macro/addr1[0]    0.040000    0.148496   -0.108496 (VIOLATED)
ANTENNA_i_soc.i_crossbar._1117__A/DIODE    1.000000    1.108490   -0.108490 (VIOLATED)
i_soc.i_ai_sram.u_sram._659_/A3         1.000000    1.108468   -0.108468 (VIOLATED)
ANTENNA_i_soc.i_ai_sram.u_sram._659__A3/DIODE    1.000000    1.108466   -0.108466 (VIOLATED)
i_soc.i_ai_sram.u_sram.gen_bank[9].gen_512.u_macro/addr0[4]    0.040000    0.148459   -0.108459 (VIOLATED)
i_soc.i_ai_sram.u_sram.gen_bank[9].gen_512.u_macro/addr1[6]    0.040000    0.148369   -0.108369 (VIOLATED)
i_soc.i_instr_sram.u_sram.gen_bank[0].gen_512.u_macro/addr1[4]    0.040000    0.148363   -0.108363 (VIOLATED)
i_soc.i_ai_sram.u_sram.gen_bank[1].gen_512.u_macro/din0[22]    1.000000    1.108326   -0.108326 (VIOLATED)
i_soc.i_ai_sram.u_sram.gen_bank[11].gen_512.u_macro/addr1[4]    0.040000    0.148310   -0.108310 (VIOLATED)
i_soc.i_ai_sram.u_sram.gen_bank[6].gen_512.u_macro/wmask0[1]    0.040000    0.148272   -0.108272 (VIOLATED)
i_soc.i_instr_sram.u_sram.gen_bank[0].gen_512.u_macro/addr0[2]    0.040000    0.148268   -0.108268 (VIOLATED)
i_soc.i_ai_sram.u_sram.gen_bank[12].gen_512.u_macro/addr1[6]    0.040000    0.148235   -0.108235 (VIOLATED)
i_soc.i_instr_sram.u_sram.gen_bank[1].gen_512.u_macro/addr0[0]    0.040000    0.148228   -0.108228 (VIOLATED)
i_soc.i_ai_sram.u_sram.gen_bank[10].gen_512.u_macro/addr0[6]    0.040000    0.148223   -0.108223 (VIOLATED)
i_soc.i_ai_accel.u_input_mem/csb1       1.000000    1.108207   -0.108207 (VIOLATED)
i_soc.i_instr_sram.u_sram.gen_bank[0].gen_512.u_macro/addr1[3]    0.040000    0.148207   -0.108207 (VIOLATED)
i_soc.i_ai_sram.u_sram.gen_bank[14].gen_512.u_macro/wmask0[1]    0.040000    0.148200   -0.108200 (VIOLATED)
i_soc.i_ai_sram.u_sram.gen_bank[8].gen_512.u_macro/addr1[5]    0.040000    0.148195   -0.108195 (VIOLATED)
i_soc.i_instr_sram.u_sram.gen_bank[0].gen_512.u_macro/wmask0[3]    0.040000    0.148181   -0.108181 (VIOLATED)
i_soc.i_cpu.core_i.id_stage_i._2941_/B2    1.000000    1.108140   -0.108140 (VIOLATED)
i_soc.i_ai_sram.u_sram.gen_bank[4].gen_512.u_macro/addr1[7]    0.040000    0.148081   -0.108081 (VIOLATED)
i_soc.i_ai_sram.u_sram.gen_bank[10].gen_512.u_macro/wmask0[0]    0.040000    0.148076   -0.108076 (VIOLATED)
i_soc.i_ai_sram.u_sram.gen_bank[10].gen_512.u_macro/addr0[3]    0.040000    0.148057   -0.108057 (VIOLATED)
i_soc.i_ai_sram.u_sram.gen_bank[1].gen_512.u_macro/wmask0[0]    0.040000    0.148050   -0.108050 (VIOLATED)
i_soc.i_ai_sram.u_sram.gen_bank[10].gen_512.u_macro/addr1[5]    0.040000    0.148040   -0.108040 (VIOLATED)
i_soc.i_instr_sram.u_sram.gen_bank[1].gen_512.u_macro/wmask0[3]    0.040000    0.148037   -0.108037 (VIOLATED)
i_soc.i_ai_sram.u_sram.gen_bank[7].gen_512.u_macro/wmask0[1]    0.040000    0.148033   -0.108033 (VIOLATED)
i_soc.i_ai_sram.u_sram.gen_bank[7].gen_512.u_macro/addr1[5]    0.040000    0.148027   -0.108027 (VIOLATED)
ANTENNA_i_soc.i_ai_sram.u_sram._658__X/DIODE    1.000000    1.108007   -0.108007 (VIOLATED)
i_soc.i_ai_sram.u_sram.gen_bank[3].gen_512.u_macro/wmask0[3]    0.040000    0.148005   -0.108005 (VIOLATED)
load_slew1008/A                         1.000000    1.108003   -0.108003 (VIOLATED)
i_soc.i_ai_sram.u_sram._658_/X          1.000000    1.108000   -0.108000 (VIOLATED)
i_soc.i_ai_sram.u_sram.gen_bank[1].gen_512.u_macro/addr0[1]    0.040000    0.147994   -0.107994 (VIOLATED)
i_soc.i_ai_sram.u_sram.gen_bank[8].gen_512.u_macro/addr0[6]    0.040000    0.147990   -0.107990 (VIOLATED)
i_soc.i_ai_sram.u_sram.gen_bank[6].gen_512.u_macro/addr1[6]    0.040000    0.147979   -0.107979 (VIOLATED)
ANTENNA_load_slew1008_A/DIODE           1.000000    1.107946   -0.107946 (VIOLATED)
i_soc.i_ai_sram.u_sram.gen_bank[14].gen_512.u_macro/wmask0[0]    0.040000    0.147875   -0.107875 (VIOLATED)
i_soc.i_ai_sram.u_sram.gen_bank[6].gen_512.u_macro/addr0[8]    0.040000    0.147860   -0.107860 (VIOLATED)
i_soc.i_ai_sram.u_sram.gen_bank[10].gen_512.u_macro/wmask0[1]    0.040000    0.147817   -0.107817 (VIOLATED)
i_soc.i_ai_sram.u_sram.gen_bank[11].gen_512.u_macro/addr0[1]    0.040000    0.147799   -0.107799 (VIOLATED)
i_soc.i_ai_sram.u_sram.gen_bank[14].gen_512.u_macro/addr1[5]    0.040000    0.147797   -0.107797 (VIOLATED)
i_soc.i_instr_sram.u_sram.gen_bank[0].gen_512.u_macro/addr1[5]    0.040000    0.147785   -0.107785 (VIOLATED)
i_soc.i_instr_sram.u_sram.gen_bank[1].gen_512.u_macro/addr1[2]    0.040000    0.147766   -0.107766 (VIOLATED)
i_soc.i_ai_sram.u_sram.gen_bank[8].gen_512.u_macro/wmask0[0]    0.040000    0.147716   -0.107716 (VIOLATED)
i_soc.i_ai_sram.u_sram.gen_bank[9].gen_512.u_macro/addr1[4]    0.040000    0.147682   -0.107682 (VIOLATED)
i_soc.i_ai_sram.u_sram.gen_bank[8].gen_512.u_macro/addr0[4]    0.040000    0.147662   -0.107662 (VIOLATED)
i_soc.i_ai_sram.u_sram.gen_bank[4].gen_512.u_macro/addr0[6]    0.040000    0.147613   -0.107613 (VIOLATED)
i_soc.i_ai_sram.u_sram.gen_bank[8].gen_512.u_macro/addr1[4]    0.040000    0.147586   -0.107586 (VIOLATED)
i_soc.i_instr_sram.u_sram.gen_bank[0].gen_512.u_macro/addr1[2]    0.040000    0.147568   -0.107568 (VIOLATED)
i_soc.i_ai_sram.u_sram.gen_bank[8].gen_512.u_macro/addr1[7]    0.040000    0.147557   -0.107557 (VIOLATED)
i_soc.i_ai_sram.u_sram.gen_bank[5].gen_512.u_macro/addr1[4]    0.040000    0.147554   -0.107554 (VIOLATED)
i_soc.i_data_sram.u_sram.gen_bank[1].gen_512.u_macro/addr1[0]    0.040000    0.147473   -0.107473 (VIOLATED)
i_soc.i_ai_sram.u_sram.gen_bank[4].gen_512.u_macro/addr0[7]    0.040000    0.147449   -0.107449 (VIOLATED)
i_soc.i_ai_sram.u_sram.gen_bank[14].gen_512.u_macro/addr0[3]    0.040000    0.147431   -0.107431 (VIOLATED)
i_soc.i_instr_sram.u_sram.gen_bank[0].gen_512.u_macro/addr0[3]    0.040000    0.147418   -0.107418 (VIOLATED)
i_soc.i_ai_sram.u_sram.gen_bank[4].gen_512.u_macro/addr1[4]    0.040000    0.147394   -0.107394 (VIOLATED)
i_soc.i_instr_sram.u_sram.gen_bank[0].gen_512.u_macro/addr0[4]    0.040000    0.147388   -0.107388 (VIOLATED)
i_soc.i_ai_sram.u_sram.gen_bank[2].gen_512.u_macro/wmask0[3]    0.040000    0.147375   -0.107375 (VIOLATED)
i_soc.i_ai_sram.u_sram.gen_bank[10].gen_512.u_macro/addr0[8]    0.040000    0.147373   -0.107373 (VIOLATED)
i_soc.i_data_sram.u_sram.gen_bank[3].gen_512.u_macro/addr1[1]    0.040000    0.147370   -0.107370 (VIOLATED)
i_soc.i_ai_sram.u_sram.gen_bank[11].gen_512.u_macro/wmask0[0]    0.040000    0.147344   -0.107344 (VIOLATED)
i_soc.i_ai_sram.u_sram.gen_bank[14].gen_512.u_macro/addr0[6]    0.040000    0.147275   -0.107275 (VIOLATED)
i_soc.i_ai_accel.u_conv_out.gen_bank[1].gen_512.u_macro/addr1[7]    0.040000    0.147253   -0.107253 (VIOLATED)
i_soc.i_data_sram.u_sram.gen_bank[1].gen_512.u_macro/addr0[8]    0.040000    0.147245   -0.107245 (VIOLATED)
i_soc.i_instr_sram.u_sram.gen_bank[1].gen_512.u_macro/addr1[0]    0.040000    0.147213   -0.107213 (VIOLATED)
i_soc.i_ai_sram.u_sram.gen_bank[8].gen_512.u_macro/addr0[2]    0.040000    0.147197   -0.107197 (VIOLATED)
ANTENNA_i_soc.i_ai_accel._17428__B1/DIODE    1.000000    1.107195   -0.107195 (VIOLATED)
i_soc.i_ai_sram.u_sram.gen_bank[6].gen_512.u_macro/addr0[2]    0.040000    0.147168   -0.107168 (VIOLATED)
ANTENNA_i_soc.i_cpu.core_i.id_stage_i._2941__B2/DIODE    1.000000    1.107137   -0.107137 (VIOLATED)
i_soc.i_ai_sram.u_sram.gen_bank[12].gen_512.u_macro/addr0[2]    0.040000    0.147131   -0.107131 (VIOLATED)
i_soc.i_ai_sram.u_sram.gen_bank[8].gen_512.u_macro/addr0[3]    0.040000    0.147127   -0.107127 (VIOLATED)
i_soc.i_ai_sram.u_sram.gen_bank[1].gen_512.u_macro/wmask0[2]    0.040000    0.147101   -0.107101 (VIOLATED)
i_soc.i_ai_sram.u_sram.gen_bank[13].gen_512.u_macro/addr0[0]    0.040000    0.147090   -0.107090 (VIOLATED)
i_soc.i_ai_sram.u_sram.gen_bank[4].gen_512.u_macro/wmask0[3]    0.040000    0.147082   -0.107082 (VIOLATED)
i_soc.i_ai_sram.u_sram.gen_bank[6].gen_512.u_macro/addr1[4]    0.040000    0.147065   -0.107065 (VIOLATED)
i_soc.i_ai_sram.u_sram.gen_bank[9].gen_512.u_macro/addr1[2]    0.040000    0.147039   -0.107039 (VIOLATED)
i_soc.i_instr_sram.u_sram.gen_bank[1].gen_512.u_macro/wmask0[1]    0.040000    0.147028   -0.107028 (VIOLATED)
i_soc.i_ai_accel._17428_/B1             1.000000    1.107011   -0.107011 (VIOLATED)
i_soc.i_ai_sram.u_sram.gen_bank[8].gen_512.u_macro/addr1[2]    0.040000    0.147002   -0.107002 (VIOLATED)
i_soc.i_ai_sram.u_sram.gen_bank[4].gen_512.u_macro/addr1[8]    0.040000    0.146985   -0.106985 (VIOLATED)
i_soc.i_ai_sram.u_sram.gen_bank[7].gen_512.u_macro/addr0[7]    0.040000    0.146982   -0.106982 (VIOLATED)
i_soc.i_ai_sram.u_sram.gen_bank[6].gen_512.u_macro/addr0[6]    0.040000    0.146959   -0.106959 (VIOLATED)
i_soc.i_ai_sram.u_sram.gen_bank[11].gen_512.u_macro/addr0[0]    0.040000    0.146954   -0.106954 (VIOLATED)
i_soc.i_ai_sram.u_sram.gen_bank[8].gen_512.u_macro/addr1[8]    0.040000    0.146890   -0.106890 (VIOLATED)
i_soc.i_ai_accel._17423_/B1             1.000000    1.106838   -0.106838 (VIOLATED)
i_soc.i_ai_sram.u_sram.gen_bank[4].gen_512.u_macro/addr0[2]    0.040000    0.146826   -0.106826 (VIOLATED)
i_soc.i_ai_sram.u_sram.gen_bank[6].gen_512.u_macro/addr0[0]    0.040000    0.146820   -0.106820 (VIOLATED)
ANTENNA_i_soc.i_ai_accel._17423__B1/DIODE    1.000000    1.106810   -0.106810 (VIOLATED)
i_soc.i_ai_sram.u_sram.gen_bank[13].gen_512.u_macro/addr0[1]    0.040000    0.146792   -0.106792 (VIOLATED)
i_soc.i_ai_sram.u_sram.gen_bank[11].gen_512.u_macro/addr1[3]    0.040000    0.146791   -0.106791 (VIOLATED)
i_soc.i_ai_sram.u_sram.gen_bank[1].gen_512.u_macro/wmask0[1]    0.040000    0.146789   -0.106789 (VIOLATED)
i_soc.i_ai_sram.u_sram.gen_bank[11].gen_512.u_macro/addr1[2]    0.040000    0.146784   -0.106784 (VIOLATED)
i_soc.i_ai_sram.u_sram.gen_bank[14].gen_512.u_macro/addr1[4]    0.040000    0.146777   -0.106777 (VIOLATED)
i_soc.i_ai_sram.u_sram.gen_bank[5].gen_512.u_macro/wmask0[0]    0.040000    0.146740   -0.106740 (VIOLATED)
ANTENNA_i_soc.i_ai_accel._17463__B1/DIODE    1.000000    1.106731   -0.106731 (VIOLATED)
i_soc.i_ai_sram.u_sram.gen_bank[6].gen_512.u_macro/addr0[7]    0.040000    0.146703   -0.106703 (VIOLATED)
i_soc.i_ai_sram.u_sram.gen_bank[10].gen_512.u_macro/addr0[2]    0.040000    0.146693   -0.106693 (VIOLATED)
i_soc.i_ai_sram.u_sram.gen_bank[6].gen_512.u_macro/addr1[5]    0.040000    0.146686   -0.106686 (VIOLATED)
i_soc.i_ai_sram.u_sram.gen_bank[7].gen_512.u_macro/addr0[4]    0.040000    0.146682   -0.106682 (VIOLATED)
i_soc.i_ai_sram.u_sram.gen_bank[7].gen_512.u_macro/addr0[8]    0.040000    0.146670   -0.106670 (VIOLATED)
i_soc.i_ai_sram.u_sram.gen_bank[14].gen_512.u_macro/addr1[0]    0.040000    0.146670   -0.106670 (VIOLATED)
i_soc.i_ai_sram.u_sram.gen_bank[1].gen_512.u_macro/wmask0[3]    0.040000    0.146661   -0.106661 (VIOLATED)
i_soc.i_ai_accel._17463_/B1             1.000000    1.106546   -0.106546 (VIOLATED)
i_soc.i_ai_sram.u_sram.gen_bank[5].gen_512.u_macro/addr0[0]    0.040000    0.146543   -0.106543 (VIOLATED)
i_soc.i_instr_sram.u_sram.gen_bank[0].gen_512.u_macro/addr1[1]    0.040000    0.146521   -0.106521 (VIOLATED)
i_soc.i_ai_accel._17452_/B1             1.000000    1.106498   -0.106498 (VIOLATED)
i_soc.i_ai_sram.u_sram.gen_bank[14].gen_512.u_macro/addr1[6]    0.040000    0.146482   -0.106482 (VIOLATED)
i_soc.i_ai_sram.u_sram.gen_bank[10].gen_512.u_macro/addr0[0]    0.040000    0.146470   -0.106470 (VIOLATED)
i_soc.i_ai_sram.u_sram.gen_bank[11].gen_512.u_macro/wmask0[1]    0.040000    0.146459   -0.106459 (VIOLATED)
i_soc.i_ai_sram.u_sram.gen_bank[4].gen_512.u_macro/addr0[5]    0.040000    0.146457   -0.106457 (VIOLATED)
i_soc.i_ai_accel.u_input_mem/addr1[6]    0.040000    0.146452   -0.106452 (VIOLATED)
ANTENNA_i_soc.i_ai_accel._17452__B1/DIODE    1.000000    1.106441   -0.106441 (VIOLATED)
i_soc.i_ai_accel._11411_/A              1.000000    1.106406   -0.106406 (VIOLATED)
i_soc.i_ai_sram.u_sram.gen_bank[13].gen_512.u_macro/wmask0[1]    0.040000    0.146393   -0.106393 (VIOLATED)
i_soc.i_crossbar._1711_/A               1.000000    1.106321   -0.106321 (VIOLATED)
ANTENNA_i_soc.i_crossbar._1711__A/DIODE    1.000000    1.106319   -0.106319 (VIOLATED)
i_soc.i_ai_sram.u_sram.gen_bank[11].gen_512.u_macro/addr1[5]    0.040000    0.146309   -0.106309 (VIOLATED)
i_soc.i_ai_sram.u_sram.gen_bank[13].gen_512.u_macro/wmask0[0]    0.040000    0.146277   -0.106277 (VIOLATED)
ANTENNA_i_soc.i_ai_accel._11411__A/DIODE    1.000000    1.106253   -0.106253 (VIOLATED)
i_soc.i_ai_sram.u_sram.gen_bank[8].gen_512.u_macro/addr1[1]    0.040000    0.146248   -0.106248 (VIOLATED)
i_soc.i_ai_sram.u_sram.gen_bank[13].gen_512.u_macro/wmask0[2]    0.040000    0.146228   -0.106228 (VIOLATED)
i_soc.i_ai_sram.u_sram.gen_bank[5].gen_512.u_macro/addr1[5]    0.040000    0.146221   -0.106221 (VIOLATED)
i_soc.i_ai_accel.u_conv_w_mem/addr1[5]    0.040000    0.146201   -0.106201 (VIOLATED)
i_soc.i_instr_sram.u_sram.gen_bank[0].gen_512.u_macro/addr0[6]    0.040000    0.146182   -0.106182 (VIOLATED)
i_soc.i_data_sram.u_sram.gen_bank[1].gen_512.u_macro/addr1[4]    0.040000    0.146172   -0.106172 (VIOLATED)
i_soc.i_instr_sram.u_sram.gen_bank[1].gen_512.u_macro/addr0[3]    0.040000    0.146144   -0.106144 (VIOLATED)
wire252/A                               1.000000    1.106136   -0.106136 (VIOLATED)
ANTENNA_i_soc.i_ai_accel._17444__A1/DIODE    1.000000    1.106128   -0.106128 (VIOLATED)
i_soc.i_instr_sram.u_sram.gen_bank[1].gen_512.u_macro/addr0[4]    0.040000    0.146109   -0.106109 (VIOLATED)
ANTENNA_wire252_A/DIODE                 1.000000    1.106105   -0.106105 (VIOLATED)
i_soc.i_ai_sram.u_sram.gen_bank[9].gen_512.u_macro/wmask0[0]    0.040000    0.146103   -0.106103 (VIOLATED)
i_soc.i_ai_sram.u_sram.gen_bank[8].gen_512.u_macro/addr1[3]    0.040000    0.146094   -0.106094 (VIOLATED)
i_soc.i_data_sram.u_sram.gen_bank[1].gen_512.u_macro/addr1[1]    0.040000    0.146090   -0.106090 (VIOLATED)
ANTENNA_load_slew1613_A/DIODE           1.000000    1.106081   -0.106081 (VIOLATED)
i_soc.i_ai_accel._17444_/A1             1.000000    1.106080   -0.106080 (VIOLATED)
i_soc.i_ai_sram.u_sram.gen_bank[12].gen_512.u_macro/addr0[6]    0.040000    0.146071   -0.106071 (VIOLATED)
i_soc.i_ai_sram.u_sram.gen_bank[12].gen_512.u_macro/addr0[4]    0.040000    0.146062   -0.106062 (VIOLATED)
i_soc.i_ai_sram.u_sram.gen_bank[5].gen_512.u_macro/addr0[8]    0.040000    0.146042   -0.106042 (VIOLATED)
i_soc.i_ai_sram.u_sram.gen_bank[6].gen_512.u_macro/wmask0[0]    0.040000    0.146040   -0.106040 (VIOLATED)
i_soc.i_ai_sram.u_sram.gen_bank[14].gen_512.u_macro/addr1[1]    0.040000    0.145999   -0.105999 (VIOLATED)
i_soc.i_ai_sram.u_sram.gen_bank[4].gen_512.u_macro/addr1[1]    0.040000    0.145991   -0.105991 (VIOLATED)
i_soc.i_ai_accel.u_input_mem/addr1[0]    0.040000    0.145988   -0.105988 (VIOLATED)
i_soc.i_ai_sram.u_sram.gen_bank[8].gen_512.u_macro/addr0[7]    0.040000    0.145973   -0.105973 (VIOLATED)
i_soc.i_ai_sram.u_sram.gen_bank[8].gen_512.u_macro/wmask0[3]    0.040000    0.145969   -0.105969 (VIOLATED)
ANTENNA_i_soc.i_ai_sram.u_sram.gen_bank[2].gen_512.u_macro_din0[29]/DIODE    1.000000    1.105953   -0.105953 (VIOLATED)
i_soc.i_ai_sram.u_sram.gen_bank[5].gen_512.u_macro/addr0[1]    0.040000    0.145952   -0.105952 (VIOLATED)
i_soc.i_ai_sram.u_sram.gen_bank[4].gen_512.u_macro/addr1[0]    0.040000    0.145950   -0.105950 (VIOLATED)
i_soc.i_ai_sram.u_sram.gen_bank[12].gen_512.u_macro/addr0[8]    0.040000    0.145943   -0.105943 (VIOLATED)
i_soc.i_ai_sram.u_sram.gen_bank[6].gen_512.u_macro/addr0[4]    0.040000    0.145927   -0.105927 (VIOLATED)
i_soc.i_instr_sram.u_sram.gen_bank[0].gen_512.u_macro/addr0[5]    0.040000    0.145922   -0.105922 (VIOLATED)
wire1283/A                              1.000000    1.105918   -0.105918 (VIOLATED)
i_soc.i_ai_sram.u_sram.gen_bank[13].gen_512.u_macro/wmask0[3]    0.040000    0.145894   -0.105894 (VIOLATED)
i_soc.i_ai_sram.u_sram.gen_bank[14].gen_512.u_macro/wmask0[2]    0.040000    0.145868   -0.105868 (VIOLATED)
i_soc.i_ai_sram.u_sram.gen_bank[5].gen_512.u_macro/addr1[3]    0.040000    0.145859   -0.105859 (VIOLATED)
ANTENNA_wire1283_A/DIODE                1.000000    1.105852   -0.105852 (VIOLATED)
i_soc.i_ai_sram.u_sram.gen_bank[9].gen_512.u_macro/addr0[5]    0.040000    0.145849   -0.105849 (VIOLATED)
i_soc.i_ai_sram.u_sram.gen_bank[7].gen_512.u_macro/addr0[2]    0.040000    0.145805   -0.105805 (VIOLATED)
i_soc.i_data_sram.u_sram.gen_bank[1].gen_512.u_macro/addr1[5]    0.040000    0.145787   -0.105787 (VIOLATED)
i_soc.i_ai_accel.u_input_mem/addr1[8]    0.040000    0.145772   -0.105771 (VIOLATED)
ANTENNA_i_soc.i_ai_accel._17275__A/DIODE    1.000000    1.105758   -0.105758 (VIOLATED)
i_soc.i_ai_accel._17275_/A              1.000000    1.105741   -0.105741 (VIOLATED)
i_soc.i_ai_sram.u_sram.gen_bank[6].gen_512.u_macro/wmask0[3]    0.040000    0.145731   -0.105731 (VIOLATED)
ANTENNA_i_soc.i_ai_accel._11238__Y/DIODE    1.000000    1.105720   -0.105720 (VIOLATED)
i_soc.i_ai_accel._11238_/Y              1.000000    1.105714   -0.105714 (VIOLATED)
i_soc.i_ai_sram.u_sram.gen_bank[12].gen_512.u_macro/addr1[5]    0.040000    0.145633   -0.105633 (VIOLATED)
i_soc.i_instr_sram.u_sram.gen_bank[0].gen_512.u_macro/addr0[8]    0.040000    0.145561   -0.105561 (VIOLATED)
i_soc.i_ai_sram.u_sram.gen_bank[13].gen_512.u_macro/addr1[1]    0.040000    0.145553   -0.105553 (VIOLATED)
i_soc.i_ai_sram.u_sram.gen_bank[14].gen_512.u_macro/addr0[2]    0.040000    0.145530   -0.105530 (VIOLATED)
i_soc.i_ai_sram.u_sram.gen_bank[5].gen_512.u_macro/addr0[4]    0.040000    0.145491   -0.105491 (VIOLATED)
i_soc.i_ai_sram.u_sram.gen_bank[9].gen_512.u_macro/addr1[5]    0.040000    0.145477   -0.105477 (VIOLATED)
i_soc.i_instr_sram.u_sram.gen_bank[1].gen_512.u_macro/addr0[6]    0.040000    0.145471   -0.105471 (VIOLATED)
i_soc.i_instr_sram.u_sram.gen_bank[0].gen_512.u_macro/addr1[0]    0.040000    0.145466   -0.105466 (VIOLATED)
i_soc.i_ai_sram.u_sram.gen_bank[7].gen_512.u_macro/din0[13]    1.000000    1.105445   -0.105445 (VIOLATED)
i_soc.i_ai_sram.u_sram.gen_bank[9].gen_512.u_macro/addr0[1]    0.040000    0.145444   -0.105444 (VIOLATED)
i_soc.i_ai_sram.u_sram.gen_bank[8].gen_512.u_macro/addr1[0]    0.040000    0.145423   -0.105423 (VIOLATED)
i_soc.i_ai_sram.u_sram.gen_bank[5].gen_512.u_macro/addr0[3]    0.040000    0.145382   -0.105382 (VIOLATED)
load_slew1613/A                         1.000000    1.105373   -0.105373 (VIOLATED)
i_soc.i_ai_sram.u_sram.gen_bank[13].gen_512.u_macro/addr1[0]    0.040000    0.145358   -0.105358 (VIOLATED)
i_soc.i_ai_sram.u_sram.gen_bank[3].gen_512.u_macro/din0[14]    1.000000    1.105319   -0.105319 (VIOLATED)
i_soc.i_ai_sram.u_sram.gen_bank[9].gen_512.u_macro/addr0[8]    0.040000    0.145312   -0.105312 (VIOLATED)
i_soc.i_ai_sram.u_sram.gen_bank[5].gen_512.u_macro/addr1[0]    0.040000    0.145285   -0.105285 (VIOLATED)
i_soc.i_ai_sram.u_sram.gen_bank[6].gen_512.u_macro/addr0[1]    0.040000    0.145265   -0.105265 (VIOLATED)
i_soc.i_ai_sram.u_sram.gen_bank[5].gen_512.u_macro/addr0[6]    0.040000    0.145193   -0.105193 (VIOLATED)
ANTENNA_i_soc.i_ai_sram.u_sram.gen_bank[8].gen_512.u_macro_din0[18]/DIODE    1.000000    1.105192   -0.105192 (VIOLATED)
i_soc.i_ai_sram.u_sram.gen_bank[5].gen_512.u_macro/addr0[7]    0.040000    0.145189   -0.105189 (VIOLATED)
i_soc.i_ai_accel.u_conv_out.gen_bank[0].gen_512.u_macro/addr0[2]    0.040000    0.145184   -0.105184 (VIOLATED)
i_soc.i_ai_sram.u_sram.gen_bank[6].gen_512.u_macro/wmask0[2]    0.040000    0.145165   -0.105165 (VIOLATED)
i_soc.i_ai_sram.u_sram.gen_bank[7].gen_512.u_macro/addr0[3]    0.040000    0.145091   -0.105091 (VIOLATED)
i_soc.i_data_sram.u_sram.gen_bank[1].gen_512.u_macro/addr1[3]    0.040000    0.145088   -0.105088 (VIOLATED)
i_soc.i_ai_sram.u_sram.gen_bank[9].gen_512.u_macro/addr0[2]    0.040000    0.145065   -0.105065 (VIOLATED)
i_soc.i_ai_sram.u_sram.gen_bank[5].gen_512.u_macro/wmask0[3]    0.040000    0.145060   -0.105060 (VIOLATED)
i_soc.i_ai_sram.u_sram.gen_bank[13].gen_512.u_macro/addr1[3]    0.040000    0.145025   -0.105025 (VIOLATED)
i_soc.i_ai_sram.u_sram.gen_bank[12].gen_512.u_macro/addr0[3]    0.040000    0.145018   -0.105018 (VIOLATED)
i_soc.i_ai_sram.u_sram.gen_bank[9].gen_512.u_macro/wmask0[3]    0.040000    0.145004   -0.105004 (VIOLATED)
ANTENNA_i_soc.i_ai_sram.u_sram.gen_bank[3].gen_512.u_macro_din0[31]/DIODE    1.000000    1.104981   -0.104981 (VIOLATED)
i_soc.i_ai_sram.u_sram.gen_bank[12].gen_512.u_macro/addr1[2]    0.040000    0.144964   -0.104964 (VIOLATED)
i_soc.i_instr_sram.u_sram.gen_bank[1].gen_512.u_macro/addr0[2]    0.040000    0.144934   -0.104934 (VIOLATED)
i_soc.i_ai_sram.u_sram.gen_bank[7].gen_512.u_macro/addr0[6]    0.040000    0.144923   -0.104923 (VIOLATED)
i_soc.i_ai_sram.u_sram.gen_bank[9].gen_512.u_macro/addr0[3]    0.040000    0.144806   -0.104806 (VIOLATED)
i_soc.i_ai_sram.u_sram.gen_bank[5].gen_512.u_macro/addr0[2]    0.040000    0.144800   -0.104800 (VIOLATED)
i_soc.i_ai_sram.u_sram.gen_bank[13].gen_512.u_macro/addr1[2]    0.040000    0.144772   -0.104772 (VIOLATED)
i_soc.i_ai_sram.u_sram.gen_bank[7].gen_512.u_macro/wmask0[2]    0.040000    0.144755   -0.104755 (VIOLATED)
i_soc.i_ai_sram.u_sram.gen_bank[5].gen_512.u_macro/wmask0[2]    0.040000    0.144723   -0.104723 (VIOLATED)
i_soc.i_ai_sram.u_sram.gen_bank[11].gen_512.u_macro/addr0[5]    0.040000    0.144704   -0.104704 (VIOLATED)
i_soc.i_ai_sram.u_sram.gen_bank[9].gen_512.u_macro/wmask0[2]    0.040000    0.144681   -0.104681 (VIOLATED)
i_soc.i_ai_sram.u_sram.gen_bank[9].gen_512.u_macro/addr1[0]    0.040000    0.144675   -0.104675 (VIOLATED)
i_soc.i_ai_accel.u_input_mem/addr1[4]    0.040000    0.144665   -0.104665 (VIOLATED)
i_soc.i_ai_sram.u_sram.gen_bank[7].gen_512.u_macro/addr1[0]    0.040000    0.144648   -0.104648 (VIOLATED)
i_soc.i_data_sram.u_sram.gen_bank[1].gen_512.u_macro/addr1[6]    0.040000    0.144633   -0.104633 (VIOLATED)
i_soc.i_ai_sram.u_sram.gen_bank[13].gen_512.u_macro/addr0[8]    0.040000    0.144560   -0.104560 (VIOLATED)
i_soc.i_ai_accel.u_conv_out.gen_bank[0].gen_512.u_macro/addr1[0]    0.040000    0.144536   -0.104536 (VIOLATED)
i_soc.i_ai_sram.u_sram.gen_bank[7].gen_512.u_macro/addr0[5]    0.040000    0.144504   -0.104504 (VIOLATED)
i_soc.i_instr_sram.u_sram.gen_bank[1].gen_512.u_macro/addr0[5]    0.040000    0.144489   -0.104489 (VIOLATED)
i_soc.i_ai_accel.u_conv_out.gen_bank[1].gen_512.u_macro/wmask0[2]    0.040000    0.144476   -0.104476 (VIOLATED)
i_soc.i_ai_accel.u_conv_out.gen_bank[1].gen_512.u_macro/addr1[1]    0.040000    0.144467   -0.104467 (VIOLATED)
i_soc.i_ai_sram.u_sram.gen_bank[9].gen_512.u_macro/addr0[0]    0.040000    0.144429   -0.104429 (VIOLATED)
i_soc.i_ai_sram.u_sram.gen_bank[5].gen_512.u_macro/wmask0[1]    0.040000    0.144379   -0.104379 (VIOLATED)
i_soc.i_ai_sram.u_sram.gen_bank[11].gen_512.u_macro/addr0[8]    0.040000    0.144348   -0.104348 (VIOLATED)
i_soc.i_ai_sram.u_sram.gen_bank[9].gen_512.u_macro/wmask0[1]    0.040000    0.144307   -0.104308 (VIOLATED)
i_soc.i_ai_sram.u_sram.gen_bank[9].gen_512.u_macro/addr0[7]    0.040000    0.144284   -0.104284 (VIOLATED)
i_soc.i_ai_sram.u_sram.gen_bank[5].gen_512.u_macro/din0[27]    1.000000    1.104257   -0.104257 (VIOLATED)
i_soc.i_ai_sram.u_sram.gen_bank[9].gen_512.u_macro/addr0[6]    0.040000    0.144221   -0.104221 (VIOLATED)
i_soc.i_ai_sram.u_sram.gen_bank[10].gen_512.u_macro/addr1[0]    0.040000    0.144213   -0.104213 (VIOLATED)
i_soc.i_ai_sram.u_sram.gen_bank[9].gen_512.u_macro/addr1[1]    0.040000    0.144188   -0.104188 (VIOLATED)
i_soc.i_ai_sram.u_sram.gen_bank[12].gen_512.u_macro/addr1[1]    0.040000    0.144157   -0.104157 (VIOLATED)
i_soc.i_ai_accel.u_input_mem/addr1[2]    0.040000    0.144149   -0.104149 (VIOLATED)
i_soc.i_ai_sram.u_sram.gen_bank[10].gen_512.u_macro/addr1[1]    0.040000    0.144064   -0.104064 (VIOLATED)
i_soc.i_ai_sram.u_sram.gen_bank[13].gen_512.u_macro/addr1[5]    0.040000    0.144054   -0.104054 (VIOLATED)
i_soc.i_ai_sram.u_sram.gen_bank[11].gen_512.u_macro/addr0[7]    0.040000    0.144002   -0.104002 (VIOLATED)
load_slew1258/A                         1.000000    1.103993   -0.103993 (VIOLATED)
ANTENNA_load_slew1258_A/DIODE           1.000000    1.103966   -0.103966 (VIOLATED)
i_soc.i_ai_sram.u_sram.gen_bank[12].gen_512.u_macro/addr1[0]    0.040000    0.143959   -0.103959 (VIOLATED)
i_soc.i_ai_sram.u_sram.gen_bank[6].gen_512.u_macro/addr1[0]    0.040000    0.143904   -0.103904 (VIOLATED)
i_soc.i_ai_sram.u_sram.gen_bank[11].gen_512.u_macro/addr1[0]    0.040000    0.143860   -0.103860 (VIOLATED)
i_soc.i_ai_sram.u_sram.gen_bank[9].gen_512.u_macro/addr1[3]    0.040000    0.143854   -0.103854 (VIOLATED)
i_soc.i_ai_accel.u_conv_out.gen_bank[1].gen_512.u_macro/addr1[0]    0.040000    0.143837   -0.103837 (VIOLATED)
i_soc.i_ai_accel.u_input_mem/addr1[7]    0.040000    0.143834   -0.103834 (VIOLATED)
i_soc.i_ai_accel.u_conv_out.gen_bank[1].gen_512.u_macro/addr0[8]    0.040000    0.143827   -0.103827 (VIOLATED)
i_soc.i_ai_accel.u_conv_out.gen_bank[0].gen_512.u_macro/addr1[1]    0.040000    0.143741   -0.103741 (VIOLATED)
i_soc.i_ai_sram.u_sram.gen_bank[12].gen_512.u_macro/addr0[5]    0.040000    0.143720   -0.103720 (VIOLATED)
i_soc.i_ai_sram.u_sram.gen_bank[12].gen_512.u_macro/addr1[3]    0.040000    0.143481   -0.103481 (VIOLATED)
i_soc.i_ai_accel.u_conv_w_mem/addr1[0]    0.040000    0.143430   -0.103430 (VIOLATED)
i_soc.i_ai_sram.u_sram.gen_bank[5].gen_512.u_macro/addr0[5]    0.040000    0.143412   -0.103412 (VIOLATED)
i_soc.i_ai_sram.u_sram.gen_bank[11].gen_512.u_macro/addr0[2]    0.040000    0.143393   -0.103393 (VIOLATED)
i_soc.i_ai_sram.u_sram.gen_bank[11].gen_512.u_macro/wmask0[2]    0.040000    0.143318   -0.103318 (VIOLATED)
i_soc.i_instr_sram.u_sram.gen_bank[1].gen_512.u_macro/addr0[8]    0.040000    0.143316   -0.103316 (VIOLATED)
i_soc.i_ai_sram.u_sram.gen_bank[11].gen_512.u_macro/addr0[4]    0.040000    0.143236   -0.103236 (VIOLATED)
i_soc.i_ai_accel.u_conv_out.gen_bank[1].gen_512.u_macro/addr0[6]    0.040000    0.143198   -0.103198 (VIOLATED)
i_soc.i_ai_accel.u_conv_out.gen_bank[1].gen_512.u_macro/addr0[3]    0.040000    0.143151   -0.103151 (VIOLATED)
i_soc.i_ai_sram.u_sram.gen_bank[12].gen_512.u_macro/addr0[7]    0.040000    0.143102   -0.103102 (VIOLATED)
ANTENNA_i_soc.i_ai_sram.u_sram.gen_bank[8].gen_512.u_macro_din0[17]/DIODE    1.000000    1.103095   -0.103095 (VIOLATED)
i_soc.i_ai_accel.u_conv_out.gen_bank[1].gen_512.u_macro/addr0[4]    0.040000    0.143072   -0.103072 (VIOLATED)
i_soc.i_ai_sram.u_sram.gen_bank[7].gen_512.u_macro/addr1[1]    0.040000    0.143060   -0.103060 (VIOLATED)
i_soc.i_ai_accel.u_conv_out.gen_bank[1].gen_512.u_macro/addr0[2]    0.040000    0.143057   -0.103057 (VIOLATED)
i_soc.i_ai_sram.u_sram.gen_bank[12].gen_512.u_macro/addr0[1]    0.040000    0.143056   -0.103056 (VIOLATED)
i_soc.i_ai_sram.u_sram.gen_bank[2].gen_512.u_macro/din0[3]    1.000000    1.102953   -0.102953 (VIOLATED)
i_soc.i_ai_accel.u_conv_w_mem/addr0[4]    0.040000    0.142921   -0.102921 (VIOLATED)
i_soc.i_ai_accel.u_conv_out.gen_bank[1].gen_512.u_macro/wmask0[0]    0.040000    0.142893   -0.102893 (VIOLATED)
i_soc.i_ai_sram.u_sram.gen_bank[7].gen_512.u_macro/wmask0[3]    0.040000    0.142779   -0.102779 (VIOLATED)
i_soc.i_ai_sram.u_sram.gen_bank[12].gen_512.u_macro/wmask0[1]    0.040000    0.142768   -0.102768 (VIOLATED)
i_soc.i_ai_accel.u_conv_out.gen_bank[1].gen_512.u_macro/addr0[7]    0.040000    0.142739   -0.102739 (VIOLATED)
i_soc.i_ai_accel.u_conv_out.gen_bank[0].gen_512.u_macro/addr1[2]    0.040000    0.142736   -0.102736 (VIOLATED)
i_soc.i_ai_sram.u_sram.gen_bank[13].gen_512.u_macro/addr1[6]    0.040000    0.142706   -0.102706 (VIOLATED)
i_soc.i_crossbar._1536_/A               1.000000    1.102606   -0.102606 (VIOLATED)
ANTENNA_i_soc.i_crossbar._1536__A/DIODE    1.000000    1.102585   -0.102585 (VIOLATED)
i_soc.i_ai_sram.u_sram.gen_bank[12].gen_512.u_macro/wmask0[2]    0.040000    0.142563   -0.102563 (VIOLATED)
i_soc.i_ai_sram.u_sram.gen_bank[11].gen_512.u_macro/addr1[1]    0.040000    0.142545   -0.102545 (VIOLATED)
i_soc.i_ai_sram.u_sram.gen_bank[11].gen_512.u_macro/addr0[3]    0.040000    0.142538   -0.102538 (VIOLATED)
i_soc.i_ai_sram.u_sram.gen_bank[13].gen_512.u_macro/addr0[2]    0.040000    0.142433   -0.102433 (VIOLATED)
i_soc.i_crossbar._1118_/A               1.000000    1.102414   -0.102414 (VIOLATED)
ANTENNA_i_soc.i_crossbar._1118__A/DIODE    1.000000    1.102395   -0.102395 (VIOLATED)
i_soc.i_ai_sram.u_sram.gen_bank[13].gen_512.u_macro/addr1[4]    0.040000    0.142391   -0.102391 (VIOLATED)
i_soc.i_ai_accel.u_conv_w_mem/addr1[2]    0.040000    0.142365   -0.102365 (VIOLATED)
i_soc.i_ai_sram.u_sram.gen_bank[12].gen_512.u_macro/wmask0[0]    0.040000    0.142227   -0.102227 (VIOLATED)
i_soc.i_ai_accel.u_conv_out.gen_bank[0].gen_512.u_macro/addr1[6]    0.040000    0.142154   -0.102154 (VIOLATED)
i_soc.i_ai_sram.u_sram.gen_bank[1].gen_512.u_macro/din0[2]    1.000000    1.102137   -0.102137 (VIOLATED)
i_soc.i_ai_accel.u_conv_out.gen_bank[1].gen_512.u_macro/addr1[6]    0.040000    0.142114   -0.102114 (VIOLATED)
i_soc.i_ai_accel.u_conv_out.gen_bank[1].gen_512.u_macro/addr1[2]    0.040000    0.141988   -0.101988 (VIOLATED)
i_soc.i_ai_sram.u_sram.gen_bank[11].gen_512.u_macro/addr0[6]    0.040000    0.141946   -0.101946 (VIOLATED)
ANTENNA_i_soc.i_ai_sram.u_sram.gen_bank[4].gen_512.u_macro_din0[28]/DIODE    1.000000    1.101921   -0.101921 (VIOLATED)
i_soc.i_ai_sram.u_sram.gen_bank[11].gen_512.u_macro/wmask0[3]    0.040000    0.141915   -0.101915 (VIOLATED)
i_soc.i_ai_accel.u_conv_out.gen_bank[0].gen_512.u_macro/addr0[5]    0.040000    0.141908   -0.101908 (VIOLATED)
i_soc.i_cpu.core_i.id_stage_i._2884_/B2    1.000000    1.101834   -0.101834 (VIOLATED)
i_soc.i_ai_accel.u_input_mem/addr1[3]    0.040000    0.141809   -0.101809 (VIOLATED)
i_soc.i_ai_sram.u_sram.gen_bank[12].gen_512.u_macro/wmask0[3]    0.040000    0.141799   -0.101799 (VIOLATED)
ANTENNA_i_soc.i_cpu.core_i.id_stage_i._2884__B2/DIODE    1.000000    1.101692   -0.101692 (VIOLATED)
i_soc.i_ai_sram.u_sram.gen_bank[13].gen_512.u_macro/addr0[4]    0.040000    0.141663   -0.101663 (VIOLATED)
i_soc.i_ai_accel.u_conv_out.gen_bank[1].gen_512.u_macro/addr1[5]    0.040000    0.141636   -0.101636 (VIOLATED)
i_soc.i_ai_accel.u_conv_out.gen_bank[0].gen_512.u_macro/addr1[5]    0.040000    0.141596   -0.101596 (VIOLATED)
i_soc.i_ai_sram.u_sram.gen_bank[13].gen_512.u_macro/addr0[3]    0.040000    0.141553   -0.101553 (VIOLATED)
ANTENNA_i_soc.i_ai_sram.u_sram._570__X/DIODE    1.000000    1.101551   -0.101551 (VIOLATED)
i_soc.i_ai_sram.u_sram._570_/X          1.000000    1.101546   -0.101546 (VIOLATED)
i_soc.i_ai_sram.u_sram.gen_bank[12].gen_512.u_macro/addr0[0]    0.040000    0.141505   -0.101505 (VIOLATED)
i_soc.i_ai_accel.u_conv_out.gen_bank[0].gen_512.u_macro/addr1[4]    0.040000    0.141501   -0.101501 (VIOLATED)
i_soc.i_ai_sram.u_sram.gen_bank[13].gen_512.u_macro/addr0[7]    0.040000    0.141488   -0.101488 (VIOLATED)
i_soc.i_ai_accel.u_conv_out.gen_bank[1].gen_512.u_macro/addr1[4]    0.040000    0.141480   -0.101480 (VIOLATED)
i_soc.i_ai_sram.u_sram.gen_bank[10].gen_512.u_macro/din0[29]    1.000000    1.101454   -0.101454 (VIOLATED)
i_soc.i_ai_accel.u_conv_out.gen_bank[1].gen_512.u_macro/addr0[5]    0.040000    0.141360   -0.101360 (VIOLATED)
ANTENNA_i_soc.i_ai_sram.u_sram.gen_bank[0].gen_512.u_macro_din0[4]/DIODE    1.000000    1.101351   -0.101351 (VIOLATED)
i_soc.i_ai_sram.u_sram.gen_bank[13].gen_512.u_macro/addr0[6]    0.040000    0.141218   -0.101218 (VIOLATED)
i_soc.i_ai_sram.u_sram.gen_bank[1].gen_512.u_macro/addr1[0]    0.040000    0.140879   -0.100879 (VIOLATED)
i_soc.i_ai_accel.u_conv_w_mem/addr1[1]    0.040000    0.140870   -0.100870 (VIOLATED)
i_soc.i_ai_accel.u_conv_out.gen_bank[1].gen_512.u_macro/wmask0[1]    0.040000    0.140761   -0.100761 (VIOLATED)
i_soc.i_ai_sram.u_sram.gen_bank[13].gen_512.u_macro/addr0[5]    0.040000    0.140465   -0.100465 (VIOLATED)
ANTENNA_i_soc.i_ai_sram.u_sram._651__X/DIODE    1.000000    1.100358   -0.100358 (VIOLATED)
i_soc.i_ai_sram.u_sram._651_/X          1.000000    1.100346   -0.100346 (VIOLATED)
i_soc.i_ai_accel.u_conv_w_mem/addr0[5]    0.040000    0.140113   -0.100113 (VIOLATED)
i_soc.i_ai_accel.u_conv_out.gen_bank[0].gen_512.u_macro/wmask0[3]    0.040000    0.140012   -0.100012 (VIOLATED)
i_soc.i_ai_accel.u_conv_out.gen_bank[1].gen_512.u_macro/wmask0[3]    0.040000    0.139893   -0.099893 (VIOLATED)
i_soc.i_ai_accel.u_conv_w_mem/addr0[7]    0.040000    0.139881   -0.099881 (VIOLATED)
i_soc.i_ai_accel.u_conv_out.gen_bank[1].gen_512.u_macro/addr0[0]    0.040000    0.139862   -0.099862 (VIOLATED)
i_soc.i_ai_accel.u_conv_out.gen_bank[0].gen_512.u_macro/addr0[0]    0.040000    0.139794   -0.099794 (VIOLATED)
i_soc.i_ai_accel.u_conv_out.gen_bank[0].gen_512.u_macro/addr1[3]    0.040000    0.139779   -0.099779 (VIOLATED)
i_soc.i_ai_accel.u_conv_out.gen_bank[1].gen_512.u_macro/addr1[3]    0.040000    0.139714   -0.099714 (VIOLATED)
i_soc.i_cpu.core_i.id_stage_i.register_file_i._6443_/B1    1.000000    1.099698   -0.099698 (VIOLATED)
ANTENNA_i_soc.i_cpu.core_i.id_stage_i.register_file_i._6443__B1/DIODE    1.000000    1.099693   -0.099693 (VIOLATED)
i_soc.i_cpu.core_i.id_stage_i.register_file_i._6449_/B1    1.000000    1.099685   -0.099685 (VIOLATED)
ANTENNA_i_soc.i_cpu.core_i.id_stage_i.register_file_i._6449__B1/DIODE    1.000000    1.099679   -0.099679 (VIOLATED)
i_soc.i_ai_sram.u_sram._560_/A3         1.000000    1.099677   -0.099677 (VIOLATED)
ANTENNA_i_soc.i_ai_sram.u_sram._560__A3/DIODE    1.000000    1.099667   -0.099667 (VIOLATED)
i_soc.i_cpu.core_i.id_stage_i.register_file_i._6435_/B1    1.000000    1.099647   -0.099647 (VIOLATED)
ANTENNA_i_soc.i_cpu.core_i.id_stage_i.register_file_i._6435__B1/DIODE    1.000000    1.099624   -0.099624 (VIOLATED)
i_soc.i_ai_accel.u_conv_w_mem/addr0[6]    0.040000    0.139599   -0.099599 (VIOLATED)
i_soc.i_cpu.core_i.id_stage_i.register_file_i._6457_/B1    1.000000    1.099567   -0.099567 (VIOLATED)
ANTENNA_i_soc.i_cpu.core_i.id_stage_i.register_file_i._6457__B1/DIODE    1.000000    1.099533   -0.099533 (VIOLATED)
i_soc.i_cpu.core_i.id_stage_i.register_file_i._6447_/B1    1.000000    1.099529   -0.099529 (VIOLATED)
ANTENNA_i_soc.i_cpu.core_i.id_stage_i.register_file_i._6447__B1/DIODE    1.000000    1.099526   -0.099526 (VIOLATED)
ANTENNA_i_soc.i_cpu.core_i.id_stage_i.register_file_i._6455__B1/DIODE    1.000000    1.099519   -0.099519 (VIOLATED)
i_soc.i_cpu.core_i.id_stage_i.register_file_i._6455_/B1    1.000000    1.099508   -0.099508 (VIOLATED)
i_soc.i_crossbar._1294_/A               1.000000    1.099499   -0.099499 (VIOLATED)
ANTENNA_i_soc.i_crossbar._1294__A/DIODE    1.000000    1.099481   -0.099481 (VIOLATED)
i_soc.i_ai_sram.u_sram.gen_bank[0].gen_512.u_macro/addr1[0]    0.040000    0.139376   -0.099376 (VIOLATED)
i_soc.i_cpu.core_i.id_stage_i.register_file_i._6437_/B1    1.000000    1.099337   -0.099337 (VIOLATED)
ANTENNA_i_soc.i_cpu.core_i.id_stage_i.register_file_i._6437__B1/DIODE    1.000000    1.099335   -0.099335 (VIOLATED)
i_soc.i_qspi._13603_/A1                 1.000000    1.099306   -0.099306 (VIOLATED)
ANTENNA_i_soc.i_qspi._13603__A1/DIODE    1.000000    1.099303   -0.099303 (VIOLATED)
i_soc.i_qspi._12866_/A1                 1.000000    1.099303   -0.099303 (VIOLATED)
i_soc.i_cpu.core_i.id_stage_i.register_file_i._6441_/B1    1.000000    1.099303   -0.099303 (VIOLATED)
ANTENNA_i_soc.i_cpu.core_i.id_stage_i.register_file_i._6441__B1/DIODE    1.000000    1.099302   -0.099302 (VIOLATED)
ANTENNA_i_soc.i_qspi._12866__A1/DIODE    1.000000    1.099298   -0.099298 (VIOLATED)
i_soc.i_qspi._13967_/A1                 1.000000    1.099294   -0.099294 (VIOLATED)
ANTENNA_i_soc.i_qspi._13967__A1/DIODE    1.000000    1.099289   -0.099289 (VIOLATED)
i_soc.i_qspi._14894_/A1                 1.000000    1.099288   -0.099288 (VIOLATED)
ANTENNA_i_soc.i_qspi._14894__A1/DIODE    1.000000    1.099282   -0.099282 (VIOLATED)
i_soc.i_qspi._14696_/A1                 1.000000    1.099277   -0.099277 (VIOLATED)
ANTENNA_i_soc.i_qspi._14696__A1/DIODE    1.000000    1.099275   -0.099275 (VIOLATED)
i_soc.i_ai_accel.u_conv_w_mem/addr0[3]    0.040000    0.139273   -0.099273 (VIOLATED)
wire5080/A                              1.000000    1.099268   -0.099268 (VIOLATED)
i_soc.i_qspi._14861_/A1                 1.000000    1.099264   -0.099264 (VIOLATED)
ANTENNA_i_soc.i_qspi._14861__A1/DIODE    1.000000    1.099260   -0.099260 (VIOLATED)
i_soc.i_cpu.core_i.id_stage_i.register_file_i._6453_/B1    1.000000    1.099258   -0.099258 (VIOLATED)
ANTENNA_i_soc.i_cpu.core_i.id_stage_i.register_file_i._6453__B1/DIODE    1.000000    1.099256   -0.099256 (VIOLATED)
ANTENNA_wire5080_A/DIODE                1.000000    1.099246   -0.099246 (VIOLATED)
i_soc.i_qspi._14332_/A1                 1.000000    1.099239   -0.099239 (VIOLATED)
ANTENNA_i_soc.i_qspi._14332__A1/DIODE    1.000000    1.099219   -0.099219 (VIOLATED)
i_soc.i_cpu.core_i.id_stage_i.register_file_i._6465_/B1    1.000000    1.099192   -0.099192 (VIOLATED)
i_soc.i_cpu.core_i.id_stage_i.register_file_i._6445_/B1    1.000000    1.099189   -0.099189 (VIOLATED)
ANTENNA_i_soc.i_cpu.core_i.id_stage_i.register_file_i._6465__B1/DIODE    1.000000    1.099187   -0.099187 (VIOLATED)
ANTENNA_i_soc.i_cpu.core_i.id_stage_i.register_file_i._6445__B1/DIODE    1.000000    1.099181   -0.099181 (VIOLATED)
i_soc.i_cpu.core_i.id_stage_i.register_file_i._6495_/B1    1.000000    1.099149   -0.099149 (VIOLATED)
ANTENNA_i_soc.i_cpu.core_i.id_stage_i.register_file_i._6495__B1/DIODE    1.000000    1.099147   -0.099147 (VIOLATED)
i_soc.i_cpu.core_i.id_stage_i.register_file_i._6473_/B1    1.000000    1.099135   -0.099135 (VIOLATED)
i_soc.i_cpu.core_i.id_stage_i.register_file_i._6459_/B1    1.000000    1.099132   -0.099132 (VIOLATED)
ANTENNA_i_soc.i_cpu.core_i.id_stage_i.register_file_i._6459__B1/DIODE    1.000000    1.099130   -0.099130 (VIOLATED)
ANTENNA_i_soc.i_cpu.core_i.id_stage_i.register_file_i._6473__B1/DIODE    1.000000    1.099127   -0.099127 (VIOLATED)
i_soc.i_cpu.core_i.id_stage_i.register_file_i._6471_/B1    1.000000    1.099126   -0.099126 (VIOLATED)
ANTENNA_i_soc.i_cpu.core_i.id_stage_i.register_file_i._6471__B1/DIODE    1.000000    1.099123   -0.099123 (VIOLATED)
i_soc.i_cpu.core_i.id_stage_i.register_file_i._6475_/B1    1.000000    1.099120   -0.099120 (VIOLATED)
ANTENNA_i_soc.i_cpu.core_i.id_stage_i.register_file_i._6475__B1/DIODE    1.000000    1.099118   -0.099118 (VIOLATED)
i_soc.i_cpu.core_i.id_stage_i.register_file_i._6481_/B1    1.000000    1.099061   -0.099061 (VIOLATED)
ANTENNA_i_soc.i_cpu.core_i.id_stage_i.register_file_i._6481__B1/DIODE    1.000000    1.099059   -0.099059 (VIOLATED)
i_soc.i_cpu.core_i.id_stage_i.register_file_i._6485_/B1    1.000000    1.099059   -0.099059 (VIOLATED)
ANTENNA_i_soc.i_cpu.core_i.id_stage_i.register_file_i._6485__B1/DIODE    1.000000    1.099057   -0.099057 (VIOLATED)
i_soc.i_cpu.core_i.id_stage_i.register_file_i._6497_/B1    1.000000    1.099040   -0.099040 (VIOLATED)
ANTENNA_i_soc.i_cpu.core_i.id_stage_i.register_file_i._6497__B1/DIODE    1.000000    1.099038   -0.099038 (VIOLATED)
i_soc.i_cpu.core_i.id_stage_i.register_file_i._6489_/B1    1.000000    1.099019   -0.099019 (VIOLATED)
ANTENNA_i_soc.i_cpu.core_i.id_stage_i.register_file_i._6489__B1/DIODE    1.000000    1.099015   -0.099015 (VIOLATED)
ANTENNA_i_soc.i_data_sram._65__Q/DIODE    1.000000    1.099009   -0.099009 (VIOLATED)
i_soc.i_cpu.core_i.id_stage_i.register_file_i._6483_/B1    1.000000    1.099008   -0.099008 (VIOLATED)
ANTENNA_i_soc.i_cpu.core_i.id_stage_i.register_file_i._6483__B1/DIODE    1.000000    1.099007   -0.099007 (VIOLATED)
i_soc.i_qspi._12936_/A1                 1.000000    1.098998   -0.098998 (VIOLATED)
i_soc.i_qspi._14927_/A1                 1.000000    1.098991   -0.098991 (VIOLATED)
ANTENNA_i_soc.i_qspi._14927__A1/DIODE    1.000000    1.098990   -0.098990 (VIOLATED)
i_soc.i_data_sram._65_/Q                1.000000    1.098988   -0.098988 (VIOLATED)
ANTENNA_i_soc.i_qspi._12936__A1/DIODE    1.000000    1.098986   -0.098986 (VIOLATED)
i_soc.i_cpu.core_i.id_stage_i.register_file_i._6469_/B1    1.000000    1.098977   -0.098977 (VIOLATED)
ANTENNA_i_soc.i_cpu.core_i.id_stage_i.register_file_i._6469__B1/DIODE    1.000000    1.098973   -0.098973 (VIOLATED)
i_soc.i_qspi._14960_/A1                 1.000000    1.098971   -0.098971 (VIOLATED)
ANTENNA_i_soc.i_qspi._14960__A1/DIODE    1.000000    1.098967   -0.098967 (VIOLATED)
i_soc.i_qspi._12902_/A1                 1.000000    1.098952   -0.098952 (VIOLATED)
ANTENNA_i_soc.i_qspi._12902__A1/DIODE    1.000000    1.098951   -0.098951 (VIOLATED)
ANTENNA_i_soc.i_qspi._12970__A1/DIODE    1.000000    1.098950   -0.098950 (VIOLATED)
i_soc.i_qspi._12970_/A1                 1.000000    1.098950   -0.098950 (VIOLATED)
ANTENNA_i_soc.i_qspi._13038__A1/DIODE    1.000000    1.098949   -0.098949 (VIOLATED)
i_soc.i_qspi._13038_/A1                 1.000000    1.098949   -0.098949 (VIOLATED)
i_soc.i_qspi._13004_/A1                 1.000000    1.098938   -0.098938 (VIOLATED)
ANTENNA_i_soc.i_qspi._13004__A1/DIODE    1.000000    1.098932   -0.098932 (VIOLATED)
i_soc.i_cpu.core_i.id_stage_i.register_file_i._6491_/B1    1.000000    1.098924   -0.098924 (VIOLATED)
i_soc.i_qspi._13072_/A1                 1.000000    1.098912   -0.098912 (VIOLATED)
ANTENNA_i_soc.i_qspi._13072__A1/DIODE    1.000000    1.098912   -0.098912 (VIOLATED)
ANTENNA_i_soc.i_cpu.core_i.id_stage_i.register_file_i._6491__B1/DIODE    1.000000    1.098886   -0.098886 (VIOLATED)
i_soc.i_cpu.core_i.id_stage_i.register_file_i._6487_/B1    1.000000    1.098884   -0.098884 (VIOLATED)
ANTENNA_fanout5079_X/DIODE              1.000000    1.098882   -0.098882 (VIOLATED)
ANTENNA_i_soc.i_qspi._15075__A0/DIODE    1.000000    1.098882   -0.098882 (VIOLATED)
fanout5079/X                            1.000000    1.098882   -0.098882 (VIOLATED)
i_soc.i_qspi._15075_/A0                 1.000000    1.098882   -0.098882 (VIOLATED)
ANTENNA_i_soc.i_cpu.core_i.id_stage_i.register_file_i._6487__B1/DIODE    1.000000    1.098880   -0.098880 (VIOLATED)
i_soc.i_cpu.core_i.id_stage_i.register_file_i._6451_/B1    1.000000    1.098839   -0.098839 (VIOLATED)
ANTENNA_i_soc.i_cpu.core_i.id_stage_i.register_file_i._6451__B1/DIODE    1.000000    1.098838   -0.098838 (VIOLATED)
ANTENNA_i_soc.i_cpu.core_i.id_stage_i.register_file_i._6479__B1/DIODE    1.000000    1.098835   -0.098835 (VIOLATED)
i_soc.i_cpu.core_i.id_stage_i.register_file_i._6479_/B1    1.000000    1.098782   -0.098782 (VIOLATED)
ANTENNA_i_soc.i_cpu.core_i.id_stage_i.register_file_i._6463__B1/DIODE    1.000000    1.098746   -0.098746 (VIOLATED)
i_soc.i_cpu.core_i.id_stage_i.register_file_i._6463_/B1    1.000000    1.098745   -0.098745 (VIOLATED)
i_soc.i_crossbar._0875_/A               1.000000    1.098670   -0.098670 (VIOLATED)
ANTENNA_i_soc.i_crossbar._0875__A/DIODE    1.000000    1.098670   -0.098670 (VIOLATED)
i_soc.i_cpu.core_i.id_stage_i.register_file_i._6477_/B1    1.000000    1.098646   -0.098646 (VIOLATED)
ANTENNA_i_soc.i_cpu.core_i.id_stage_i.register_file_i._6477__B1/DIODE    1.000000    1.098639   -0.098639 (VIOLATED)
i_soc.i_ai_sram.u_sram._553_/A2         1.000000    1.098469   -0.098469 (VIOLATED)
ANTENNA_i_soc.i_ai_sram.u_sram._553__A2/DIODE    1.000000    1.098449   -0.098449 (VIOLATED)
i_soc.i_cpu.core_i.id_stage_i.register_file_i._6461_/B1    1.000000    1.098277   -0.098277 (VIOLATED)
ANTENNA_i_soc.i_cpu.core_i.id_stage_i.register_file_i._6461__B1/DIODE    1.000000    1.098231   -0.098231 (VIOLATED)
ANTENNA_i_soc.i_cpu.core_i.id_stage_i.register_file_i._6493__B1/DIODE    1.000000    1.098106   -0.098106 (VIOLATED)
i_soc.i_cpu.core_i.id_stage_i.register_file_i._6439_/B1    1.000000    1.098081   -0.098081 (VIOLATED)
ANTENNA_i_soc.i_cpu.core_i.id_stage_i.register_file_i._6439__B1/DIODE    1.000000    1.098077   -0.098077 (VIOLATED)
i_soc.i_cpu.core_i.id_stage_i.register_file_i._6493_/B1    1.000000    1.098043   -0.098043 (VIOLATED)
i_soc.i_cpu.core_i.id_stage_i.register_file_i._6467_/B1    1.000000    1.098034   -0.098034 (VIOLATED)
ANTENNA_i_soc.i_cpu.core_i.id_stage_i.register_file_i._6467__B1/DIODE    1.000000    1.098031   -0.098031 (VIOLATED)
ANTENNA_i_soc.i_cpu.core_i.id_stage_i.register_file_i._6434__X/DIODE    1.000000    1.097959   -0.097959 (VIOLATED)
i_soc.i_cpu.core_i.id_stage_i.register_file_i._6434_/X    1.000000    1.097915   -0.097915 (VIOLATED)
i_soc.i_ai_sram.u_sram.gen_bank[2].gen_512.u_macro/addr1[0]    0.040000    0.137537   -0.097537 (VIOLATED)
i_soc.i_cpu.core_i.id_stage_i.register_file_i._7546_/A2    1.000000    1.096850   -0.096850 (VIOLATED)
ANTENNA_i_soc.i_cpu.core_i.id_stage_i.register_file_i._7546__A2/DIODE    1.000000    1.096849   -0.096849 (VIOLATED)
i_soc.i_cpu.core_i.id_stage_i.register_file_i._7538_/A2    1.000000    1.096843   -0.096843 (VIOLATED)
ANTENNA_i_soc.i_cpu.core_i.id_stage_i.register_file_i._7538__A2/DIODE    1.000000    1.096843   -0.096843 (VIOLATED)
ANTENNA_i_soc.i_obi_axi_data._398__X/DIODE    1.000000    1.096832   -0.096832 (VIOLATED)
i_soc.i_cpu.core_i.id_stage_i.register_file_i._7552_/A2    1.000000    1.096812   -0.096812 (VIOLATED)
ANTENNA_i_soc.i_cpu.core_i.id_stage_i.register_file_i._7552__A2/DIODE    1.000000    1.096811   -0.096811 (VIOLATED)
i_soc.i_obi_axi_data._398_/X            1.000000    1.096808   -0.096808 (VIOLATED)
i_soc.i_cpu.core_i.id_stage_i.register_file_i._7532_/A2    1.000000    1.096789   -0.096789 (VIOLATED)
ANTENNA_i_soc.i_cpu.core_i.id_stage_i.register_file_i._7532__A2/DIODE    1.000000    1.096779   -0.096779 (VIOLATED)
ANTENNA_load_slew2350_A/DIODE           1.000000    1.096720   -0.096720 (VIOLATED)
load_slew2350/A                         1.000000    1.096715   -0.096715 (VIOLATED)
i_soc.i_cpu.core_i.id_stage_i.register_file_i._7548_/A2    1.000000    1.096712   -0.096712 (VIOLATED)
ANTENNA_i_soc.i_cpu.core_i.id_stage_i.register_file_i._7548__A2/DIODE    1.000000    1.096712   -0.096712 (VIOLATED)
wire2349/A                              1.000000    1.096708   -0.096708 (VIOLATED)
ANTENNA_wire2349_A/DIODE                1.000000    1.096708   -0.096708 (VIOLATED)
i_soc.i_cpu.core_i.id_stage_i.register_file_i._7582_/A2    1.000000    1.096706   -0.096706 (VIOLATED)
ANTENNA_i_soc.i_cpu.core_i.id_stage_i.register_file_i._7582__A2/DIODE    1.000000    1.096705   -0.096705 (VIOLATED)
i_soc.i_cpu.core_i.id_stage_i.register_file_i._7526_/A2    1.000000    1.096702   -0.096702 (VIOLATED)
ANTENNA_i_soc.i_cpu.core_i.id_stage_i.register_file_i._7526__A2/DIODE    1.000000    1.096701   -0.096701 (VIOLATED)
i_soc.i_cpu.core_i.id_stage_i.register_file_i._7554_/A2    1.000000    1.096696   -0.096696 (VIOLATED)
ANTENNA_i_soc.i_cpu.core_i.id_stage_i.register_file_i._7554__A2/DIODE    1.000000    1.096696   -0.096696 (VIOLATED)
ANTENNA_fanout2348_X/DIODE              1.000000    1.096693   -0.096693 (VIOLATED)
fanout2348/X                            1.000000    1.096693   -0.096693 (VIOLATED)
i_soc.i_ai_sram.u_sram.gen_bank[6].gen_512.u_macro/din0[11]    1.000000    1.096414   -0.096414 (VIOLATED)
i_soc.i_ai_sram.u_sram.gen_bank[5].gen_512.u_macro/din0[16]    1.000000    1.095768   -0.095768 (VIOLATED)
i_soc.i_ai_sram.u_sram.gen_bank[3].gen_512.u_macro/addr1[1]    0.040000    0.135639   -0.095639 (VIOLATED)
ANTENNA_i_soc.i_ai_sram.u_sram.gen_bank[4].gen_512.u_macro_din0[26]/DIODE    1.000000    1.095574   -0.095574 (VIOLATED)
i_soc.i_ai_sram.u_sram._637_/A3         1.000000    1.094390   -0.094390 (VIOLATED)
ANTENNA_i_soc.i_ai_sram.u_sram._637__A3/DIODE    1.000000    1.094385   -0.094385 (VIOLATED)
i_soc.i_ai_accel.u_conv_w_mem/addr0[1]    0.040000    0.134355   -0.094355 (VIOLATED)
i_soc.i_ai_accel.u_conv_out.gen_bank[1].gen_512.u_macro/addr0[1]    0.040000    0.133988   -0.093988 (VIOLATED)
ANTENNA_i_soc.i_ai_sram.u_sram.gen_bank[4].gen_512.u_macro_din0[19]/DIODE    1.000000    1.093966   -0.093966 (VIOLATED)
wire1005/A                              1.000000    1.093856   -0.093856 (VIOLATED)
ANTENNA_wire1005_A/DIODE                1.000000    1.093601   -0.093601 (VIOLATED)
ANTENNA_i_soc.i_ai_sram.u_sram._636__X/DIODE    1.000000    1.092981   -0.092981 (VIOLATED)
i_soc.i_ai_sram.u_sram._636_/X          1.000000    1.092958   -0.092958 (VIOLATED)
wire515/A                               1.000000    1.092721   -0.092721 (VIOLATED)
ANTENNA_wire515_A/DIODE                 1.000000    1.092712   -0.092712 (VIOLATED)
i_soc.i_cpu.core_i.id_stage_i.register_file_i._7143_/A    1.000000    1.092599   -0.092599 (VIOLATED)
ANTENNA_i_soc.i_cpu.core_i.id_stage_i.register_file_i._7143__A/DIODE    1.000000    1.092544   -0.092544 (VIOLATED)
i_soc.i_cpu.core_i.id_stage_i.register_file_i._7211_/A    1.000000    1.092510   -0.092510 (VIOLATED)
ANTENNA_i_soc.i_cpu.core_i.id_stage_i.register_file_i._7211__A/DIODE    1.000000    1.092490   -0.092490 (VIOLATED)
i_soc.i_cpu.core_i.id_stage_i.register_file_i._7075_/A    1.000000    1.092466   -0.092466 (VIOLATED)
ANTENNA_i_soc.i_cpu.core_i.id_stage_i.register_file_i._7075__A/DIODE    1.000000    1.092461   -0.092461 (VIOLATED)
output44/A                              1.000000    1.092401   -0.092401 (VIOLATED)
i_soc.i_cpu.core_i.id_stage_i.register_file_i._7007_/A1    1.000000    1.092400   -0.092400 (VIOLATED)
ANTENNA_i_soc.i_cpu.core_i.id_stage_i.register_file_i._7007__A1/DIODE    1.000000    1.092369   -0.092369 (VIOLATED)
load_slew516/A                          1.000000    1.092368   -0.092368 (VIOLATED)
i_soc.i_ai_sram.u_sram._626_/A3         1.000000    1.092366   -0.092366 (VIOLATED)
ANTENNA_load_slew516_A/DIODE            1.000000    1.092365   -0.092365 (VIOLATED)
ANTENNA_i_soc.i_ai_sram.u_sram._626__A3/DIODE    1.000000    1.092361   -0.092361 (VIOLATED)
ANTENNA_output44_A/DIODE                1.000000    1.092361   -0.092361 (VIOLATED)
ANTENNA_i_soc.i_cpu.core_i.id_stage_i.register_file_i._6535__A1/DIODE    1.000000    1.092252   -0.092252 (VIOLATED)
ANTENNA_i_soc.i_cpu.core_i.id_stage_i.register_file_i._6873__A/DIODE    1.000000    1.092247   -0.092247 (VIOLATED)
i_soc.i_cpu.core_i.id_stage_i.register_file_i._6873_/A    1.000000    1.092246   -0.092246 (VIOLATED)
i_soc.i_cpu.core_i.id_stage_i.register_file_i._6603_/A1    1.000000    1.092241   -0.092241 (VIOLATED)
i_soc.i_cpu.core_i.id_stage_i.register_file_i._6535_/A1    1.000000    1.092240   -0.092240 (VIOLATED)
ANTENNA_i_soc.i_cpu.core_i.id_stage_i.register_file_i._6603__A1/DIODE    1.000000    1.092239   -0.092239 (VIOLATED)
ANTENNA_i_soc.i_ai_sram.u_sram._559__X/DIODE    1.000000    1.092211   -0.092211 (VIOLATED)
i_soc.i_cpu.core_i.id_stage_i.register_file_i._6467_/B2    1.000000    1.092202   -0.092202 (VIOLATED)
i_soc.i_ai_sram.u_sram._559_/X          1.000000    1.092201   -0.092201 (VIOLATED)
ANTENNA_i_soc.i_cpu.core_i.id_stage_i.register_file_i._6467__B2/DIODE    1.000000    1.092200   -0.092200 (VIOLATED)
ANTENNA_i_soc.i_cpu.core_i.id_stage_i.register_file_i._6399__A1/DIODE    1.000000    1.092150   -0.092150 (VIOLATED)
i_soc.i_cpu.core_i.id_stage_i.register_file_i._6399_/A1    1.000000    1.092135   -0.092135 (VIOLATED)
i_soc.i_cpu.core_i.id_stage_i.register_file_i._6941_/A    1.000000    1.092107   -0.092107 (VIOLATED)
ANTENNA_i_soc.i_cpu.core_i.id_stage_i.register_file_i._6941__A/DIODE    1.000000    1.092107   -0.092107 (VIOLATED)
i_soc.i_cpu.core_i.id_stage_i.register_file_i._6805_/A    1.000000    1.092105   -0.092105 (VIOLATED)
ANTENNA_i_soc.i_cpu.core_i.id_stage_i.register_file_i._6805__A/DIODE    1.000000    1.092104   -0.092104 (VIOLATED)
ANTENNA_i_soc.i_cpu.core_i.id_stage_i.register_file_i._6737__A1/DIODE    1.000000    1.092094   -0.092094 (VIOLATED)
i_soc.i_cpu.core_i.id_stage_i.register_file_i._6737_/A1    1.000000    1.092086   -0.092086 (VIOLATED)
ANTENNA_fanout514_X/DIODE               1.000000    1.092078   -0.092078 (VIOLATED)
fanout514/X                             1.000000    1.092078   -0.092078 (VIOLATED)
load_slew1262/A                         1.000000    1.091804   -0.091804 (VIOLATED)
i_soc.i_ai_sram.u_sram.gen_bank[2].gen_512.u_macro/din0[0]    1.000000    1.091789   -0.091789 (VIOLATED)
ANTENNA_load_slew1262_A/DIODE           1.000000    1.091774   -0.091774 (VIOLATED)
load_slew1289/A                         1.000000    1.091773   -0.091773 (VIOLATED)
ANTENNA_load_slew1289_A/DIODE           1.000000    1.091720   -0.091720 (VIOLATED)
ANTENNA_i_soc.i_ai_sram.u_sram.gen_bank[4].gen_512.u_macro_din0[5]/DIODE    1.000000    1.091354   -0.091354 (VIOLATED)
i_soc.i_ai_sram.u_sram.gen_bank[4].gen_512.u_macro/din0[31]    1.000000    1.091153   -0.091153 (VIOLATED)
load_slew863/A                          1.000000    1.090572   -0.090572 (VIOLATED)
load_slew855/A                          1.000000    1.090560   -0.090560 (VIOLATED)
ANTENNA_load_slew863_A/DIODE            1.000000    1.090550   -0.090550 (VIOLATED)
ANTENNA_load_slew855_A/DIODE            1.000000    1.090545   -0.090545 (VIOLATED)
wire639/A                               1.000000    1.090371   -0.090370 (VIOLATED)
ANTENNA_wire639_A/DIODE                 1.000000    1.090232   -0.090232 (VIOLATED)
ANTENNA_i_soc.i_ai_sram.u_sram.gen_bank[10].gen_512.u_macro_din0[15]/DIODE    1.000000    1.089796   -0.089796 (VIOLATED)
ANTENNA_i_soc.i_ai_sram.u_sram._541__X/DIODE    1.000000    1.089649   -0.089649 (VIOLATED)
i_soc.i_ai_sram.u_sram._541_/X          1.000000    1.089611   -0.089611 (VIOLATED)
i_soc.i_ai_sram.u_sram.gen_bank[10].gen_512.u_macro/din0[23]    1.000000    1.089171   -0.089171 (VIOLATED)
wire7644/A                              1.000000    1.088741   -0.088741 (VIOLATED)
ANTENNA_wire7644_A/DIODE                1.000000    1.088725   -0.088725 (VIOLATED)
i_soc.i_ai_sram.u_sram.gen_bank[10].gen_512.u_macro/din0[28]    1.000000    1.088720   -0.088720 (VIOLATED)
i_soc.i_ai_sram.u_sram.gen_bank[13].gen_512.u_macro/din0[19]    1.000000    1.088135   -0.088135 (VIOLATED)
ANTENNA_i_soc.i_ai_sram.u_sram.gen_bank[5].gen_512.u_macro_din0[29]/DIODE    1.000000    1.087523   -0.087523 (VIOLATED)
i_soc.i_crossbar._0326_/A0              1.000000    1.087471   -0.087470 (VIOLATED)
ANTENNA_i_soc.i_crossbar._0326__A0/DIODE    1.000000    1.087469   -0.087469 (VIOLATED)
wire240/A                               1.000000    1.086760   -0.086760 (VIOLATED)
ANTENNA_hold19317_X/DIODE               1.000000    1.086758   -0.086758 (VIOLATED)
hold19317/X                             1.000000    1.086756   -0.086756 (VIOLATED)
ANTENNA_wire240_A/DIODE                 1.000000    1.086755   -0.086755 (VIOLATED)
i_soc.i_cpu.core_i.load_store_unit_i._0934_/A    1.000000    1.086669   -0.086669 (VIOLATED)
ANTENNA_i_soc.i_cpu.core_i.load_store_unit_i._0932__A/DIODE    1.000000    1.086657   -0.086657 (VIOLATED)
ANTENNA_i_soc.i_cpu.core_i.load_store_unit_i._0934__A/DIODE    1.000000    1.086655   -0.086655 (VIOLATED)
i_soc.i_cpu.core_i.load_store_unit_i._0932_/A    1.000000    1.086654   -0.086654 (VIOLATED)
i_soc.i_cpu.core_i.load_store_unit_i._0933_/A    1.000000    1.086650   -0.086650 (VIOLATED)
ANTENNA_i_soc.i_cpu.core_i.load_store_unit_i._0933__A/DIODE    1.000000    1.086604   -0.086604 (VIOLATED)
ANTENNA_i_soc.i_instr_sram.u_sram._18__X/DIODE    1.000000    1.086474   -0.086474 (VIOLATED)
i_soc.i_instr_sram.u_sram._18_/X        1.000000    1.086463   -0.086463 (VIOLATED)
i_soc.i_cpu.core_i.ex_stage_i.alu_i.alu_div_i._1331_/A0    1.000000    1.086297   -0.086297 (VIOLATED)
ANTENNA_i_soc.i_cpu.core_i.ex_stage_i.alu_i.alu_div_i._1331__A0/DIODE    1.000000    1.086294   -0.086294 (VIOLATED)
ANTENNA_i_soc.i_cpu.core_i.ex_stage_i.alu_i._3803__A1/DIODE    1.000000    1.086144   -0.086144 (VIOLATED)
i_soc.i_cpu.core_i.ex_stage_i.alu_i._3803_/A1    1.000000    1.086099   -0.086099 (VIOLATED)
i_soc.i_ai_sram.u_sram._593_/A3         1.000000    1.086079   -0.086079 (VIOLATED)
ANTENNA_i_soc.i_ai_sram.u_sram._593__A3/DIODE    1.000000    1.086061   -0.086061 (VIOLATED)
ANTENNA_i_soc.i_ai_sram._65__Q/DIODE    1.000000    1.085522   -0.085522 (VIOLATED)
i_soc.i_ai_sram._65_/Q                  1.000000    1.085516   -0.085516 (VIOLATED)
ANTENNA_i_soc.i_ai_sram.u_sram.gen_bank[6].gen_512.u_macro_csb1/DIODE    1.000000    1.085441   -0.085441 (VIOLATED)
i_soc.i_cpu.core_i.id_stage_i._3133_/A1    1.000000    1.084872   -0.084872 (VIOLATED)
i_soc.i_cpu.core_i.id_stage_i.decoder_i._360_/B    1.000000    1.084869   -0.084869 (VIOLATED)
ANTENNA_i_soc.i_cpu.core_i.id_stage_i.decoder_i._360__B/DIODE    1.000000    1.084864   -0.084864 (VIOLATED)
i_soc.i_cpu.core_i.id_stage_i._2984_/A1    1.000000    1.084862   -0.084862 (VIOLATED)
ANTENNA_i_soc.i_cpu.core_i.id_stage_i._3133__A1/DIODE    1.000000    1.084861   -0.084861 (VIOLATED)
ANTENNA_i_soc.i_cpu.core_i.id_stage_i._2984__A1/DIODE    1.000000    1.084858   -0.084858 (VIOLATED)
i_soc.i_cpu.core_i.id_stage_i._2985_/A1    1.000000    1.084851   -0.084851 (VIOLATED)
ANTENNA_i_soc.i_cpu.core_i.id_stage_i._2985__A1/DIODE    1.000000    1.084842   -0.084842 (VIOLATED)
i_soc.i_cpu.core_i.id_stage_i.decoder_i._333_/B    1.000000    1.084815   -0.084815 (VIOLATED)
ANTENNA_i_soc.i_cpu.core_i.id_stage_i.decoder_i._333__B/DIODE    1.000000    1.084792   -0.084792 (VIOLATED)
ANTENNA_i_soc.i_ai_sram.u_sram.gen_bank[4].gen_512.u_macro_din0[15]/DIODE    1.000000    1.084673   -0.084673 (VIOLATED)
ANTENNA_i_soc.i_cpu.core_i.id_stage_i.decoder_i._401__A/DIODE    1.000000    1.084631   -0.084631 (VIOLATED)
i_soc.i_cpu.core_i.id_stage_i.decoder_i._401_/A    1.000000    1.084603   -0.084603 (VIOLATED)
ANTENNA_i_soc.i_cpu.core_i.id_stage_i.decoder_i._403__B/DIODE    1.000000    1.084543   -0.084543 (VIOLATED)
i_soc.i_cpu.core_i.id_stage_i.decoder_i._402_/A    1.000000    1.084520   -0.084520 (VIOLATED)
ANTENNA_i_soc.i_cpu.core_i.id_stage_i.decoder_i._402__A/DIODE    1.000000    1.084505   -0.084505 (VIOLATED)
i_soc.i_cpu.core_i.id_stage_i.decoder_i._403_/B    1.000000    1.084437   -0.084437 (VIOLATED)
load_slew253/A                          1.000000    1.084283   -0.084283 (VIOLATED)
ANTENNA_load_slew253_A/DIODE            1.000000    1.084255   -0.084255 (VIOLATED)
ANTENNA_i_soc.i_cpu.core_i.id_stage_i.decoder_i._497__A1_N/DIODE    1.000000    1.084108   -0.084108 (VIOLATED)
i_soc.i_cpu.core_i.id_stage_i.decoder_i._497_/A1_N    1.000000    1.084108   -0.084108 (VIOLATED)
ANTENNA_i_soc.i_crossbar._1712__A/DIODE    1.000000    1.084108   -0.084108 (VIOLATED)
i_soc.i_cpu.core_i.id_stage_i.decoder_i._499_/A    1.000000    1.084091   -0.084091 (VIOLATED)
ANTENNA_i_soc.i_cpu.core_i.id_stage_i.decoder_i._499__A/DIODE    1.000000    1.084091   -0.084091 (VIOLATED)
ANTENNA_i_soc.i_cpu.core_i.id_stage_i._2090__A/DIODE    1.000000    1.084038   -0.084038 (VIOLATED)
i_soc.i_cpu.core_i.id_stage_i._2091_/A    1.000000    1.084003   -0.084003 (VIOLATED)
ANTENNA_i_soc.i_cpu.core_i.id_stage_i._2091__A/DIODE    1.000000    1.083997   -0.083997 (VIOLATED)
i_soc.i_cpu.core_i.id_stage_i._2090_/A    1.000000    1.083934   -0.083934 (VIOLATED)
i_soc.i_crossbar._1712_/A               1.000000    1.083751   -0.083751 (VIOLATED)
ANTENNA_i_soc.i_ai_sram.u_sram._552__X/DIODE    1.000000    1.083601   -0.083601 (VIOLATED)
i_soc.i_ai_sram.u_sram._552_/X          1.000000    1.083590   -0.083590 (VIOLATED)
i_soc.i_cpu.core_i.id_stage_i._2084_/A    1.000000    1.083553   -0.083553 (VIOLATED)
ANTENNA_i_soc.i_cpu.core_i.id_stage_i._2084__A/DIODE    1.000000    1.083530   -0.083530 (VIOLATED)
i_soc.i_cpu.core_i.id_stage_i._2083_/A    1.000000    1.083449   -0.083449 (VIOLATED)
ANTENNA_i_soc.i_cpu.core_i.id_stage_i._2083__A/DIODE    1.000000    1.083347   -0.083347 (VIOLATED)
ANTENNA_i_soc.i_crossbar._0332__A0/DIODE    1.000000    1.083009   -0.083009 (VIOLATED)
i_soc.i_crossbar._0332_/A0              1.000000    1.083009   -0.083009 (VIOLATED)
i_soc.i_ai_sram.u_sram._474_/B          1.000000    1.082734   -0.082734 (VIOLATED)
ANTENNA_i_soc.i_ai_sram.u_sram._474__B/DIODE    1.000000    1.082718   -0.082718 (VIOLATED)
ANTENNA_i_soc.i_ai_accel._18803__B/DIODE    1.000000    1.081894   -0.081894 (VIOLATED)
i_soc.i_ai_accel._18803_/B              1.000000    1.081894   -0.081894 (VIOLATED)
i_soc.i_ai_accel._19145_/A2             1.000000    1.081893   -0.081893 (VIOLATED)
ANTENNA_i_soc.i_ai_accel._19145__A2/DIODE    1.000000    1.081892   -0.081892 (VIOLATED)
ANTENNA_i_soc.i_instr_sram.u_sram._21__X/DIODE    1.000000    1.081881   -0.081881 (VIOLATED)
i_soc.i_instr_sram.u_sram._21_/X        1.000000    1.081870   -0.081870 (VIOLATED)
wire1362/A                              1.000000    1.081702   -0.081702 (VIOLATED)
ANTENNA_i_soc.i_ai_arb._160__X/DIODE    1.000000    1.081656   -0.081656 (VIOLATED)
i_soc.i_ai_accel._19345_/A1             1.000000    1.081619   -0.081618 (VIOLATED)
i_soc.i_ai_arb._160_/X                  1.000000    1.081618   -0.081618 (VIOLATED)
i_soc.i_cpu.core_i.id_stage_i._1948_/A0    1.000000    1.081603   -0.081603 (VIOLATED)
ANTENNA_i_soc.i_cpu.core_i.id_stage_i._1948__A0/DIODE    1.000000    1.081599   -0.081599 (VIOLATED)
ANTENNA_i_soc.i_ai_accel._19345__A1/DIODE    1.000000    1.081583   -0.081584 (VIOLATED)
i_soc.i_ai_sram.u_sram.gen_bank[10].gen_512.u_macro/din0[26]    1.000000    1.081519   -0.081519 (VIOLATED)
i_soc.i_ai_accel._12485_/A3             1.000000    1.081484   -0.081484 (VIOLATED)
i_soc.i_ai_accel._20251_/A1             1.000000    1.081478   -0.081478 (VIOLATED)
i_soc.i_ai_accel._20013_/A              1.000000    1.081476   -0.081476 (VIOLATED)
ANTENNA_i_soc.i_ai_accel._20013__A/DIODE    1.000000    1.081476   -0.081476 (VIOLATED)
ANTENNA_i_soc.i_ai_accel._12485__A3/DIODE    1.000000    1.081474   -0.081474 (VIOLATED)
ANTENNA_i_soc.i_ai_accel._20251__A1/DIODE    1.000000    1.081471   -0.081471 (VIOLATED)
ANTENNA_wire1362_A/DIODE                1.000000    1.081443   -0.081443 (VIOLATED)
i_soc.i_cpu.core_i.ex_stage_i.alu_i._3371_/A1    1.000000    1.081402   -0.081402 (VIOLATED)
i_soc.i_ai_accel._19795_/A1             1.000000    1.081352   -0.081352 (VIOLATED)
ANTENNA_i_soc.i_ai_accel._19795__A1/DIODE    1.000000    1.081350   -0.081350 (VIOLATED)
i_soc.i_ai_accel._19341_/B              1.000000    1.081338   -0.081338 (VIOLATED)
ANTENNA_i_soc.i_ai_accel._19341__B/DIODE    1.000000    1.081330   -0.081330 (VIOLATED)
i_soc.i_ai_accel._19911_/A1             1.000000    1.081247   -0.081247 (VIOLATED)
ANTENNA_i_soc.i_ai_accel._19911__A1/DIODE    1.000000    1.081235   -0.081235 (VIOLATED)
i_soc.i_ai_accel._19446_/A              1.000000    1.081132   -0.081132 (VIOLATED)
ANTENNA_i_soc.i_ai_accel._19446__A/DIODE    1.000000    1.081111   -0.081111 (VIOLATED)
ANTENNA_i_soc.i_ai_sram.u_sram.gen_bank[2].gen_512.u_macro_din0[20]/DIODE    1.000000    1.081063   -0.081063 (VIOLATED)
wire7627/A                              1.000000    1.081035   -0.081035 (VIOLATED)
ANTENNA_wire7627_A/DIODE                1.000000    1.081030   -0.081030 (VIOLATED)
ANTENNA_i_soc.i_cpu.core_i.ex_stage_i.alu_i._3371__A1/DIODE    1.000000    1.081030   -0.081030 (VIOLATED)
i_soc.i_ai_accel._17183_/A0             1.000000    1.080921   -0.080921 (VIOLATED)
ANTENNA_i_soc.i_ai_accel._17183__A0/DIODE    1.000000    1.080921   -0.080921 (VIOLATED)
i_soc.i_cpu.core_i.ex_stage_i.alu_i._3370_/B1    1.000000    1.080576   -0.080576 (VIOLATED)
ANTENNA_hold10682_X/DIODE               1.000000    1.080486   -0.080486 (VIOLATED)
hold10682/X                             1.000000    1.080486   -0.080486 (VIOLATED)
load_slew1621/A                         1.000000    1.080451   -0.080452 (VIOLATED)
ANTENNA_i_soc.i_cpu.core_i.ex_stage_i.alu_i._3370__B1/DIODE    1.000000    1.080426   -0.080426 (VIOLATED)
ANTENNA_load_slew1621_A/DIODE           1.000000    1.080397   -0.080397 (VIOLATED)
ANTENNA_i_soc.i_cpu.core_i.ex_stage_i.alu_i._5715__A0/DIODE    1.000000    1.080300   -0.080300 (VIOLATED)
i_soc.i_cpu.core_i.ex_stage_i.alu_i._5715_/A0    1.000000    1.080293   -0.080293 (VIOLATED)
ANTENNA_i_soc.i_cpu.core_i.id_stage_i.decoder_i._334__B/DIODE    1.000000    1.080142   -0.080142 (VIOLATED)
i_soc.i_cpu.core_i.id_stage_i.decoder_i._334_/B    1.000000    1.080140   -0.080140 (VIOLATED)
i_soc.i_ai_accel._15926_/A              1.000000    1.080122   -0.080122 (VIOLATED)
ANTENNA_i_soc.i_ai_accel._15926__A/DIODE    1.000000    1.080117   -0.080117 (VIOLATED)
i_soc.i_cpu.core_i.id_stage_i.decoder_i._325_/D    1.000000    1.080104   -0.080104 (VIOLATED)
i_soc.i_ai_accel._21882_/A1             1.000000    1.080103   -0.080103 (VIOLATED)
ANTENNA_i_soc.i_ai_accel._21594__A/DIODE    1.000000    1.080103   -0.080103 (VIOLATED)
i_soc.i_ai_accel._21594_/A              1.000000    1.080103   -0.080103 (VIOLATED)
ANTENNA_i_soc.i_ai_accel._21882__A1/DIODE    1.000000    1.080099   -0.080099 (VIOLATED)
ANTENNA_i_soc.i_cpu.core_i.id_stage_i.decoder_i._325__D/DIODE    1.000000    1.080096   -0.080096 (VIOLATED)
i_soc.i_cpu.core_i.id_stage_i.decoder_i._327_/A_N    1.000000    1.080089   -0.080089 (VIOLATED)
ANTENNA_i_soc.i_cpu.core_i.id_stage_i.decoder_i._327__A_N/DIODE    1.000000    1.080089   -0.080089 (VIOLATED)
i_soc.i_ai_accel._21494_/A              1.000000    1.080075   -0.080075 (VIOLATED)
ANTENNA_i_soc.i_ai_accel._21494__A/DIODE    1.000000    1.080073   -0.080073 (VIOLATED)
i_soc.i_cpu.core_i.id_stage_i.decoder_i._323_/D    1.000000    1.080066   -0.080066 (VIOLATED)
ANTENNA_i_soc.i_cpu.core_i.id_stage_i.decoder_i._323__D/DIODE    1.000000    1.080061   -0.080061 (VIOLATED)
i_soc.i_ai_accel._21050_/A              1.000000    1.080022   -0.080022 (VIOLATED)
i_soc.i_cpu.core_i.id_stage_i._3319_/A    1.000000    1.080010   -0.080010 (VIOLATED)
ANTENNA_i_soc.i_ai_accel._21050__A/DIODE    1.000000    1.079996   -0.079995 (VIOLATED)
i_soc.i_ai_sram.u_sram.gen_bank[2].gen_512.u_macro/din0[1]    1.000000    1.079937   -0.079938 (VIOLATED)
ANTENNA_i_soc.i_ai_accel._21180__A1/DIODE    1.000000    1.079911   -0.079911 (VIOLATED)
i_soc.i_ai_accel._21180_/A1             1.000000    1.079906   -0.079906 (VIOLATED)
ANTENNA_i_soc.i_ai_accel._12484__X/DIODE    1.000000    1.079633   -0.079633 (VIOLATED)
i_soc.i_ai_accel._12484_/X              1.000000    1.079624   -0.079624 (VIOLATED)
i_soc.i_ai_accel.u_conv_out.gen_bank[0].gen_512.u_macro/addr1[7]    0.040000    0.119562   -0.079562 (VIOLATED)
i_soc.i_cpu.core_i.id_stage_i._3192_/A1    1.000000    1.079402   -0.079402 (VIOLATED)
ANTENNA_i_soc.i_cpu.core_i.id_stage_i._3192__A1/DIODE    1.000000    1.079401   -0.079401 (VIOLATED)
i_soc.i_cpu.core_i.if_stage_i._529_/B2    1.000000    1.079400   -0.079400 (VIOLATED)
ANTENNA_i_soc.i_cpu.core_i.if_stage_i._529__B2/DIODE    1.000000    1.079399   -0.079399 (VIOLATED)
ANTENNA_i_soc.i_ai_sram.u_sram._621__X/DIODE    1.000000    1.079385   -0.079385 (VIOLATED)
i_soc.i_ai_sram.u_sram._621_/X          1.000000    1.079364   -0.079364 (VIOLATED)
i_soc.i_cpu.core_i.if_stage_i._811_/A0    1.000000    1.079319   -0.079319 (VIOLATED)
ANTENNA_i_soc.i_cpu.core_i.if_stage_i._811__A0/DIODE    1.000000    1.079319   -0.079319 (VIOLATED)
ANTENNA_i_soc.i_cpu.core_i.if_stage_i._878__Q/DIODE    1.000000    1.079310   -0.079310 (VIOLATED)
ANTENNA_i_soc.i_cpu.core_i.id_stage_i._2096__Y/DIODE    1.000000    1.079309   -0.079309 (VIOLATED)
i_soc.i_cpu.core_i.if_stage_i._878_/Q    1.000000    1.079304   -0.079304 (VIOLATED)
i_soc.i_cpu.core_i.id_stage_i._2096_/Y    1.000000    1.079304   -0.079304 (VIOLATED)
fanout4206/A                            1.000000    1.079092   -0.079092 (VIOLATED)
ANTENNA_fanout4206_A/DIODE              1.000000    1.079092   -0.079092 (VIOLATED)
i_soc.i_ai_accel.u_conv_out.gen_bank[0].gen_512.u_macro/addr1[8]    0.040000    0.119063   -0.079063 (VIOLATED)
ANTENNA_i_soc.i_cpu.core_i.id_stage_i._3319__A/DIODE    1.000000    1.079031   -0.079031 (VIOLATED)
i_soc.i_cpu.core_i.ex_stage_i.alu_i._3377_/A    1.000000    1.077935   -0.077935 (VIOLATED)
load_slew1284/A                         1.000000    1.077267   -0.077267 (VIOLATED)
ANTENNA_load_slew1284_A/DIODE           1.000000    1.077210   -0.077210 (VIOLATED)
ANTENNA_i_soc.i_cpu.core_i.ex_stage_i.alu_i._3377__A/DIODE    1.000000    1.077160   -0.077160 (VIOLATED)
i_soc.i_cpu.core_i.id_stage_i._2501_/A1    1.000000    1.076509   -0.076509 (VIOLATED)
ANTENNA_i_soc.i_cpu.core_i.id_stage_i._2501__A1/DIODE    1.000000    1.076507   -0.076507 (VIOLATED)
i_soc.i_cpu.core_i.id_stage_i._2520_/A1    1.000000    1.076501   -0.076501 (VIOLATED)
ANTENNA_i_soc.i_cpu.core_i.id_stage_i._2520__A1/DIODE    1.000000    1.076498   -0.076498 (VIOLATED)
i_soc.i_ai_sram.u_sram.gen_bank[6].gen_512.u_macro/din0[6]    1.000000    1.076468   -0.076468 (VIOLATED)
i_soc.i_cpu.core_i.id_stage_i._2505_/A1    1.000000    1.076434   -0.076434 (VIOLATED)
ANTENNA_i_soc.i_cpu.core_i.id_stage_i._2505__A1/DIODE    1.000000    1.076427   -0.076427 (VIOLATED)
i_soc.i_cpu.core_i.id_stage_i.register_file_i._6842_/A1    1.000000    1.076374   -0.076374 (VIOLATED)
ANTENNA_i_soc.i_cpu.core_i.id_stage_i.register_file_i._6842__A1/DIODE    1.000000    1.076369   -0.076369 (VIOLATED)
ANTENNA_fanout613_X/DIODE               1.000000    1.076366   -0.076366 (VIOLATED)
ANTENNA_max_cap615_A/DIODE              1.000000    1.076366   -0.076366 (VIOLATED)
fanout613/X                             1.000000    1.076366   -0.076366 (VIOLATED)
max_cap615/A                            1.000000    1.076366   -0.076366 (VIOLATED)
wire1313/A                              1.000000    1.076336   -0.076336 (VIOLATED)
ANTENNA_wire1313_A/DIODE                1.000000    1.076322   -0.076322 (VIOLATED)
load_slew1333/A                         1.000000    1.075964   -0.075964 (VIOLATED)
ANTENNA_load_slew1333_A/DIODE           1.000000    1.075909   -0.075909 (VIOLATED)
i_soc.i_cpu.core_i.ex_stage_i.alu_i._6495_/A1    1.000000    1.075542   -0.075542 (VIOLATED)
i_soc.i_ai_sram.u_sram.gen_bank[10].gen_512.u_macro/din0[21]    1.000000    1.075467   -0.075467 (VIOLATED)
ANTENNA_i_soc.i_cpu.core_i.ex_stage_i.alu_i._6495__A1/DIODE    1.000000    1.075186   -0.075186 (VIOLATED)
i_soc.i_ai_accel._17121_/A1             1.000000    1.075076   -0.075076 (VIOLATED)
ANTENNA_i_soc.i_ai_accel._17121__A1/DIODE    1.000000    1.075074   -0.075074 (VIOLATED)
ANTENNA_i_soc.i_cpu.core_i.ex_stage_i.alu_i._6496__B2/DIODE    1.000000    1.074434   -0.074434 (VIOLATED)
i_soc.i_cpu.core_i.ex_stage_i.alu_i._6496_/B2    1.000000    1.074226   -0.074226 (VIOLATED)
i_soc.i_ai_sram.u_sram.gen_bank[10].gen_512.u_macro/din0[8]    1.000000    1.074163   -0.074163 (VIOLATED)
wire5008/A                              1.000000    1.073651   -0.073651 (VIOLATED)
i_soc.i_qspi._13982_/A1                 1.000000    1.073646   -0.073646 (VIOLATED)
ANTENNA_i_soc.i_qspi._13982__A1/DIODE    1.000000    1.073646   -0.073646 (VIOLATED)
ANTENNA_wire5008_A/DIODE                1.000000    1.073644   -0.073644 (VIOLATED)
i_soc.i_qspi._14909_/A1                 1.000000    1.073642   -0.073642 (VIOLATED)
ANTENNA_i_soc.i_qspi._14909__A1/DIODE    1.000000    1.073641   -0.073641 (VIOLATED)
i_soc.i_qspi._14711_/A1                 1.000000    1.073639   -0.073639 (VIOLATED)
ANTENNA_i_soc.i_qspi._14711__A1/DIODE    1.000000    1.073638   -0.073638 (VIOLATED)
i_soc.i_qspi._13254_/A1                 1.000000    1.073622   -0.073622 (VIOLATED)
ANTENNA_i_soc.i_qspi._13254__A1/DIODE    1.000000    1.073615   -0.073615 (VIOLATED)
i_soc.i_crossbar._0876_/A               1.000000    1.073435   -0.073435 (VIOLATED)
ANTENNA_i_soc.i_crossbar._0876__A/DIODE    1.000000    1.073431   -0.073431 (VIOLATED)
i_soc.i_qspi._12985_/A1                 1.000000    1.073390   -0.073391 (VIOLATED)
ANTENNA_i_soc.i_qspi._12985__A1/DIODE    1.000000    1.073390   -0.073390 (VIOLATED)
ANTENNA_i_soc.i_qspi._12917__A1/DIODE    1.000000    1.073388   -0.073388 (VIOLATED)
i_soc.i_qspi._13053_/A1                 1.000000    1.073386   -0.073386 (VIOLATED)
i_soc.i_qspi._12917_/A1                 1.000000    1.073384   -0.073384 (VIOLATED)
ANTENNA_i_soc.i_qspi._13053__A1/DIODE    1.000000    1.073376   -0.073376 (VIOLATED)
i_soc.i_qspi._14942_/A1                 1.000000    1.073368   -0.073368 (VIOLATED)
i_soc.i_qspi._12951_/A1                 1.000000    1.073342   -0.073342 (VIOLATED)
ANTENNA_i_soc.i_qspi._12951__A1/DIODE    1.000000    1.073342   -0.073342 (VIOLATED)
ANTENNA_i_soc.i_qspi._14942__A1/DIODE    1.000000    1.073335   -0.073335 (VIOLATED)
ANTENNA_i_soc.i_cpu.core_i.ex_stage_i.alu_i._6500__A/DIODE    1.000000    1.073200   -0.073200 (VIOLATED)
ANTENNA_i_soc.i_qspi._13019__A1/DIODE    1.000000    1.073190   -0.073190 (VIOLATED)
i_soc.i_ai_accel._11322_/A              1.000000    1.073173   -0.073173 (VIOLATED)
i_soc.i_ai_accel._11331_/A              1.000000    1.073172   -0.073172 (VIOLATED)
ANTENNA_i_soc.i_ai_accel._11331__A/DIODE    1.000000    1.073170   -0.073170 (VIOLATED)
ANTENNA_i_soc.i_ai_accel._11322__A/DIODE    1.000000    1.073168   -0.073168 (VIOLATED)
ANTENNA_i_soc.i_ai_accel._11440__A/DIODE    1.000000    1.073145   -0.073145 (VIOLATED)
i_soc.i_crossbar._0322_/A0              1.000000    1.073144   -0.073144 (VIOLATED)
ANTENNA_i_soc.i_crossbar._0322__A0/DIODE    1.000000    1.073144   -0.073144 (VIOLATED)
i_soc.i_ai_accel._11440_/A              1.000000    1.073142   -0.073142 (VIOLATED)
i_soc.i_ai_accel._17086_/B1             1.000000    1.073110   -0.073110 (VIOLATED)
ANTENNA_i_soc.i_ai_accel._17086__B1/DIODE    1.000000    1.073110   -0.073110 (VIOLATED)
i_soc.i_ai_accel._17084_/A              1.000000    1.073107   -0.073107 (VIOLATED)
ANTENNA_i_soc.i_ai_accel._17084__A/DIODE    1.000000    1.073107   -0.073107 (VIOLATED)
ANTENNA_i_soc.i_ai_accel._23013__Q/DIODE    1.000000    1.073098   -0.073098 (VIOLATED)
i_soc.i_ai_accel._23013_/Q              1.000000    1.073088   -0.073088 (VIOLATED)
i_soc.i_qspi._13019_/A1                 1.000000    1.073051   -0.073051 (VIOLATED)
i_soc.i_qspi._13087_/A1                 1.000000    1.072984   -0.072984 (VIOLATED)
i_soc.i_cpu.core_i.ex_stage_i.alu_i._6500_/A    1.000000    1.072954   -0.072954 (VIOLATED)
ANTENNA_i_soc.i_qspi._13087__A1/DIODE    1.000000    1.072928   -0.072928 (VIOLATED)
i_soc.i_cpu.core_i.ex_stage_i.alu_i._6483_/A0    1.000000    1.072878   -0.072878 (VIOLATED)
i_soc.i_cpu.core_i.id_stage_i._2022_/B    1.000000    1.072863   -0.072863 (VIOLATED)
ANTENNA_i_soc.i_cpu.core_i.id_stage_i._2022__B/DIODE    1.000000    1.072859   -0.072859 (VIOLATED)
i_soc.i_cpu.core_i.id_stage_i._2034_/B2    1.000000    1.072851   -0.072851 (VIOLATED)
ANTENNA_i_soc.i_cpu.core_i.ex_stage_i.alu_i._6483__A0/DIODE    1.000000    1.072835   -0.072835 (VIOLATED)
i_soc.i_cpu.core_i.id_stage_i._2023_/B    1.000000    1.072816   -0.072816 (VIOLATED)
ANTENNA_i_soc.i_cpu.core_i.id_stage_i._2034__B2/DIODE    1.000000    1.072811   -0.072811 (VIOLATED)
ANTENNA_i_soc.i_cpu.core_i.id_stage_i._2023__B/DIODE    1.000000    1.072775   -0.072775 (VIOLATED)
ANTENNA_i_soc.i_ai_sram.u_sram.gen_bank[2].gen_512.u_macro_din0[22]/DIODE    1.000000    1.072731   -0.072731 (VIOLATED)
i_soc.i_ai_sram.u_sram.gen_bank[1].gen_512.u_macro/din0[18]    1.000000    1.072699   -0.072699 (VIOLATED)
i_soc.i_cpu.core_i.id_stage_i._2016_/A    1.000000    1.072430   -0.072430 (VIOLATED)
ANTENNA_i_soc.i_cpu.core_i.id_stage_i._2016__A/DIODE    1.000000    1.072390   -0.072390 (VIOLATED)
i_soc.i_cpu.core_i.id_stage_i._2015_/A    1.000000    1.072320   -0.072319 (VIOLATED)
ANTENNA_i_soc.i_cpu.core_i.id_stage_i._2015__A/DIODE    1.000000    1.072308   -0.072308 (VIOLATED)
ANTENNA_fanout5007_X/DIODE              1.000000    1.072272   -0.072272 (VIOLATED)
ANTENNA_i_soc.i_qspi._15090__A0/DIODE    1.000000    1.072266   -0.072266 (VIOLATED)
fanout5007/X                            1.000000    1.072265   -0.072265 (VIOLATED)
i_soc.i_qspi._15090_/A0                 1.000000    1.072265   -0.072265 (VIOLATED)
i_soc.i_ai_sram.u_sram.gen_bank[7].gen_512.u_macro/din0[27]    1.000000    1.072192   -0.072192 (VIOLATED)
ANTENNA_i_soc.i_cpu.core_i.ex_stage_i.alu_i._3619__A1/DIODE    1.000000    1.072127   -0.072127 (VIOLATED)
ANTENNA_i_soc.i_instr_sram.u_sram._16__X/DIODE    1.000000    1.072017   -0.072017 (VIOLATED)
ANTENNA_i_soc.i_cpu.core_i.id_stage_i._2047__A1/DIODE    1.000000    1.072011   -0.072012 (VIOLATED)
i_soc.i_instr_sram.u_sram._16_/X        1.000000    1.072001   -0.072001 (VIOLATED)
i_soc.i_cpu.core_i.ex_stage_i.alu_i._3619_/A1    1.000000    1.071950   -0.071950 (VIOLATED)
i_soc.i_cpu.core_i.ex_stage_i.alu_i._3617_/A0    1.000000    1.071890   -0.071890 (VIOLATED)
i_soc.i_cpu.core_i.id_stage_i._2047_/A1    1.000000    1.071832   -0.071832 (VIOLATED)
ANTENNA_i_soc.i_cpu.core_i.ex_stage_i.alu_i._3617__A0/DIODE    1.000000    1.071793   -0.071793 (VIOLATED)
ANTENNA_i_soc.i_obi_axi_data._399__X/DIODE    1.000000    1.071761   -0.071761 (VIOLATED)
i_soc.i_obi_axi_data._399_/X            1.000000    1.071735   -0.071735 (VIOLATED)
i_soc.i_cpu.core_i.id_stage_i.decoder_i._396_/A    1.000000    1.071656   -0.071656 (VIOLATED)
ANTENNA_i_soc.i_cpu.core_i.id_stage_i.decoder_i._396__A/DIODE    1.000000    1.071643   -0.071643 (VIOLATED)
ANTENNA_i_soc.i_cpu.core_i.id_stage_i.decoder_i._403__A/DIODE    1.000000    1.071633   -0.071633 (VIOLATED)
ANTENNA_i_soc.i_cpu.core_i.id_stage_i._3741__Q/DIODE    1.000000    1.071621   -0.071621 (VIOLATED)
i_soc.i_cpu.core_i.id_stage_i._3138_/A1    1.000000    1.071618   -0.071618 (VIOLATED)
ANTENNA_i_soc.i_cpu.core_i.id_stage_i._3138__A1/DIODE    1.000000    1.071618   -0.071618 (VIOLATED)
i_soc.i_cpu.core_i.id_stage_i._3741_/Q    1.000000    1.071612   -0.071612 (VIOLATED)
wire3580/A                              1.000000    1.071599   -0.071599 (VIOLATED)
i_soc.i_dm_top.i_dm_mem._1042_/A2       1.000000    1.071598   -0.071598 (VIOLATED)
ANTENNA_wire3580_A/DIODE                1.000000    1.071597   -0.071597 (VIOLATED)
ANTENNA_i_soc.i_dm_top.i_dm_mem._1042__A2/DIODE    1.000000    1.071596   -0.071596 (VIOLATED)
i_soc.i_dm_top.i_dm_mem._1002_/A2       1.000000    1.071585   -0.071585 (VIOLATED)
ANTENNA_i_soc.i_dm_top.i_dm_mem._1002__A2/DIODE    1.000000    1.071584   -0.071584 (VIOLATED)
i_soc.i_dm_top.i_dm_mem._1082_/A2       1.000000    1.071575   -0.071575 (VIOLATED)
ANTENNA_i_soc.i_dm_top.i_dm_mem._1082__A2/DIODE    1.000000    1.071573   -0.071573 (VIOLATED)
i_soc.i_dm_top.i_dm_mem._1070_/A2       1.000000    1.071572   -0.071572 (VIOLATED)
ANTENNA_i_soc.i_dm_top.i_dm_mem._1070__A2/DIODE    1.000000    1.071571   -0.071572 (VIOLATED)
i_soc.i_dm_top.i_dm_mem._1011_/A2       1.000000    1.071566   -0.071566 (VIOLATED)
ANTENNA_i_soc.i_dm_top.i_dm_mem._1011__A2/DIODE    1.000000    1.071565   -0.071565 (VIOLATED)
i_soc.i_dm_top.i_dm_mem._1058_/A2       1.000000    1.071564   -0.071564 (VIOLATED)
ANTENNA_i_soc.i_dm_top.i_dm_mem._1058__A2/DIODE    1.000000    1.071556   -0.071556 (VIOLATED)
i_soc.i_dm_top.i_dm_mem._0975_/A2       1.000000    1.071534   -0.071534 (VIOLATED)
ANTENNA_i_soc.i_dm_top.i_dm_mem._0975__A2/DIODE    1.000000    1.071533   -0.071533 (VIOLATED)
i_soc.i_dm_top.i_dm_mem._1050_/A2       1.000000    1.071532   -0.071532 (VIOLATED)
ANTENNA_i_soc.i_dm_top.i_dm_mem._1050__A2/DIODE    1.000000    1.071526   -0.071526 (VIOLATED)
ANTENNA_fanout3579_X/DIODE              1.000000    1.071497   -0.071497 (VIOLATED)
ANTENNA_i_soc.i_dm_top.i_dm_mem._0970__A2/DIODE    1.000000    1.071497   -0.071497 (VIOLATED)
i_soc.i_dm_top.i_dm_mem._0970_/A2       1.000000    1.071497   -0.071497 (VIOLATED)
fanout3579/X                            1.000000    1.071496   -0.071495 (VIOLATED)
i_soc.i_ai_accel.u_conv_out.gen_bank[0].gen_512.u_macro/wmask0[2]    0.040000    0.111173   -0.071173 (VIOLATED)
i_soc.i_cpu.core_i.id_stage_i.decoder_i._409_/A    1.000000    1.071080   -0.071080 (VIOLATED)
i_soc.i_cpu.core_i.id_stage_i.decoder_i._403_/A    1.000000    1.071078   -0.071078 (VIOLATED)
ANTENNA_i_soc.i_cpu.core_i.id_stage_i.decoder_i._409__A/DIODE    1.000000    1.070865   -0.070865 (VIOLATED)
i_soc.i_cpu.core_i.id_stage_i.decoder_i._455_/A    1.000000    1.070602   -0.070602 (VIOLATED)
ANTENNA_i_soc.i_cpu.core_i.id_stage_i.decoder_i._455__A/DIODE    1.000000    1.070599   -0.070599 (VIOLATED)
i_soc.i_ai_sram.u_sram.gen_bank[7].gen_512.u_macro/din0[2]    1.000000    1.070279   -0.070279 (VIOLATED)
ANTENNA_i_soc.i_ai_sram.u_sram.gen_bank[0].gen_512.u_macro_din0[3]/DIODE    1.000000    1.070206   -0.070206 (VIOLATED)
ANTENNA_i_soc.i_ai_sram.u_sram._721__X/DIODE    1.000000    1.069964   -0.069964 (VIOLATED)
i_soc.i_ai_sram.u_sram._721_/X          1.000000    1.069964   -0.069964 (VIOLATED)
ANTENNA_i_soc.i_ai_sram.u_sram._387__X/DIODE    1.000000    1.069052   -0.069052 (VIOLATED)
i_soc.i_ai_sram.u_sram._387_/X          1.000000    1.069047   -0.069047 (VIOLATED)
i_soc.i_cpu.core_i.id_stage_i._2604_/B    1.000000    1.069042   -0.069042 (VIOLATED)
ANTENNA_i_soc.i_cpu.core_i.id_stage_i._2604__B/DIODE    1.000000    1.069041   -0.069041 (VIOLATED)
ANTENNA_i_soc.i_cpu.core_i.id_stage_i._2648__B/DIODE    1.000000    1.069036   -0.069036 (VIOLATED)
i_soc.i_cpu.core_i.id_stage_i._2648_/B    1.000000    1.069032   -0.069032 (VIOLATED)
i_soc.i_cpu.core_i.id_stage_i._2538_/B    1.000000    1.069030   -0.069030 (VIOLATED)
ANTENNA_i_soc.i_cpu.core_i.id_stage_i._2538__B/DIODE    1.000000    1.069025   -0.069025 (VIOLATED)
i_soc.i_cpu.core_i.id_stage_i._2584_/B    1.000000    1.069024   -0.069024 (VIOLATED)
ANTENNA_i_soc.i_cpu.core_i.id_stage_i._2584__B/DIODE    1.000000    1.069014   -0.069014 (VIOLATED)
ANTENNA_i_soc.i_cpu.core_i.id_stage_i._2630__B/DIODE    1.000000    1.068978   -0.068978 (VIOLATED)
i_soc.i_cpu.core_i.id_stage_i._2630_/B    1.000000    1.068965   -0.068965 (VIOLATED)
i_soc.i_cpu.core_i.id_stage_i._2573_/B    1.000000    1.068952   -0.068952 (VIOLATED)
i_soc.i_cpu.core_i.id_stage_i._2531_/B    1.000000    1.068952   -0.068952 (VIOLATED)
ANTENNA_i_soc.i_cpu.core_i.id_stage_i._2573__B/DIODE    1.000000    1.068950   -0.068950 (VIOLATED)
ANTENNA_i_soc.i_cpu.core_i.id_stage_i._2531__B/DIODE    1.000000    1.068925   -0.068925 (VIOLATED)
i_soc.i_cpu.core_i.id_stage_i._2500_/B    1.000000    1.068879   -0.068879 (VIOLATED)
ANTENNA_i_soc.i_cpu.core_i.id_stage_i._2500__B/DIODE    1.000000    1.068878   -0.068878 (VIOLATED)
i_soc.i_cpu.core_i.id_stage_i._2617_/B    1.000000    1.068877   -0.068877 (VIOLATED)
ANTENNA_i_soc.i_cpu.core_i.id_stage_i._2617__B/DIODE    1.000000    1.068874   -0.068874 (VIOLATED)
i_soc.i_cpu.core_i.id_stage_i.decoder_i._420_/A1    1.000000    1.068865   -0.068865 (VIOLATED)
i_soc.i_ai_sram.u_sram.gen_bank[1].gen_512.u_macro/din0[26]    1.000000    1.068828   -0.068828 (VIOLATED)
ANTENNA_i_soc.i_cpu.core_i.id_stage_i._2562__B/DIODE    1.000000    1.068799   -0.068799 (VIOLATED)
i_soc.i_cpu.core_i.id_stage_i._2562_/B    1.000000    1.068787   -0.068787 (VIOLATED)
i_soc.i_cpu.core_i.id_stage_i._2639_/B    1.000000    1.068775   -0.068775 (VIOLATED)
ANTENNA_i_soc.i_cpu.core_i.id_stage_i._2639__B/DIODE    1.000000    1.068771   -0.068771 (VIOLATED)
load_slew1280/A                         1.000000    1.068770   -0.068770 (VIOLATED)
ANTENNA_load_slew1280_A/DIODE           1.000000    1.068769   -0.068769 (VIOLATED)
i_soc.i_cpu.core_i.id_stage_i._2673_/B    1.000000    1.068769   -0.068769 (VIOLATED)
ANTENNA_i_soc.i_cpu.core_i.id_stage_i._2596__B/DIODE    1.000000    1.068769   -0.068769 (VIOLATED)
i_soc.i_cpu.core_i.id_stage_i._2549_/B    1.000000    1.068768   -0.068768 (VIOLATED)
ANTENNA_i_soc.i_cpu.core_i.id_stage_i._2673__B/DIODE    1.000000    1.068768   -0.068768 (VIOLATED)
ANTENNA_i_soc.i_cpu.core_i.id_stage_i._2661__B/DIODE    1.000000    1.068765   -0.068765 (VIOLATED)
i_soc.i_cpu.core_i.id_stage_i._2661_/B    1.000000    1.068764   -0.068764 (VIOLATED)
ANTENNA_i_soc.i_cpu.core_i.id_stage_i._2549__B/DIODE    1.000000    1.068754   -0.068754 (VIOLATED)
i_soc.i_cpu.core_i.id_stage_i._2596_/B    1.000000    1.068748   -0.068748 (VIOLATED)
ANTENNA_fanout1279_X/DIODE              1.000000    1.068746   -0.068746 (VIOLATED)
fanout1279/X                            1.000000    1.068743   -0.068743 (VIOLATED)
i_soc.i_ai_accel.u_conv_out.gen_bank[0].gen_512.u_macro/wmask0[0]    0.040000    0.108437   -0.068437 (VIOLATED)
ANTENNA_i_soc.i_ai_sram.u_sram.gen_bank[2].gen_512.u_macro_din0[18]/DIODE    1.000000    1.067428   -0.067428 (VIOLATED)
load_slew241/A                          1.000000    1.067318   -0.067318 (VIOLATED)
ANTENNA_load_slew241_A/DIODE            1.000000    1.067305   -0.067305 (VIOLATED)
ANTENNA_i_soc.i_cpu.core_i.id_stage_i.decoder_i._420__A1/DIODE    1.000000    1.066990   -0.066990 (VIOLATED)
ANTENNA_i_soc.i_ai_sram.u_sram.gen_bank[4].gen_512.u_macro_din0[9]/DIODE    1.000000    1.066929   -0.066929 (VIOLATED)
ANTENNA_i_soc.i_ai_sram.u_sram.gen_bank[0].gen_512.u_macro_din0[8]/DIODE    1.000000    1.066858   -0.066858 (VIOLATED)
ANTENNA_i_soc.i_ai_sram.u_sram.gen_bank[8].gen_512.u_macro_din0[13]/DIODE    1.000000    1.066468   -0.066468 (VIOLATED)
wire1581/A                              1.000000    1.065933   -0.065933 (VIOLATED)
ANTENNA_wire1581_A/DIODE                1.000000    1.065932   -0.065932 (VIOLATED)
load_slew1582/A                         1.000000    1.065808   -0.065808 (VIOLATED)
ANTENNA_load_slew1582_A/DIODE           1.000000    1.065808   -0.065808 (VIOLATED)
ANTENNA_i_soc.i_crossbar._1118__X/DIODE    1.000000    1.065805   -0.065805 (VIOLATED)
i_soc.i_crossbar._1118_/X               1.000000    1.065790   -0.065790 (VIOLATED)
i_soc.i_ai_sram.u_sram.gen_bank[6].gen_512.u_macro/din0[17]    1.000000    1.065662   -0.065662 (VIOLATED)
wire7641/A                              1.000000    1.065652   -0.065652 (VIOLATED)
wire1265/A                              1.000000    1.065646   -0.065646 (VIOLATED)
ANTENNA_wire7641_A/DIODE                1.000000    1.065645   -0.065645 (VIOLATED)
ANTENNA_wire1265_A/DIODE                1.000000    1.065639   -0.065639 (VIOLATED)
i_soc.i_ai_sram.u_sram._727_/B          1.000000    1.064957   -0.064957 (VIOLATED)
ANTENNA_i_soc.i_ai_sram.u_sram._727__B/DIODE    1.000000    1.064942   -0.064942 (VIOLATED)
i_soc.i_ai_sram.u_sram.gen_bank[1].gen_512.u_macro/din0[4]    1.000000    1.064203   -0.064203 (VIOLATED)
wire983/A                               1.000000    1.063998   -0.063997 (VIOLATED)
ANTENNA_wire983_A/DIODE                 1.000000    1.063930   -0.063930 (VIOLATED)
ANTENNA_hold12180_X/DIODE               1.000000    1.063681   -0.063681 (VIOLATED)
hold12180/X                             1.000000    1.063681   -0.063681 (VIOLATED)
i_soc.i_ai_sram.u_sram.gen_bank[1].gen_512.u_macro/csb0    1.000000    1.063516   -0.063516 (VIOLATED)
i_soc.i_ai_sram.u_sram.gen_bank[5].gen_512.u_macro/din0[30]    1.000000    1.063235   -0.063235 (VIOLATED)
i_soc.i_ai_accel.u_conv_out.gen_bank[0].gen_512.u_macro/wmask0[1]    0.040000    0.102581   -0.062581 (VIOLATED)
i_soc.i_cpu.core_i.cs_registers_i._3710_/A1    1.000000    1.062343   -0.062343 (VIOLATED)
ANTENNA_i_soc.i_cpu.core_i.cs_registers_i._3710__A1/DIODE    1.000000    1.062339   -0.062339 (VIOLATED)
i_soc.i_cpu.core_i.cs_registers_i._2505_/A0    1.000000    1.062267   -0.062267 (VIOLATED)
ANTENNA_i_soc.i_cpu.core_i.cs_registers_i._2505__A0/DIODE    1.000000    1.062267   -0.062267 (VIOLATED)
i_soc.i_cpu.core_i.cs_registers_i._2529_/A0    1.000000    1.062138   -0.062138 (VIOLATED)
ANTENNA_i_soc.i_cpu.core_i.cs_registers_i._2529__A0/DIODE    1.000000    1.062137   -0.062138 (VIOLATED)
i_soc.i_cpu.core_i.cs_registers_i._2676_/A0    1.000000    1.062137   -0.062137 (VIOLATED)
ANTENNA_i_soc.i_cpu.core_i.cs_registers_i._2676__A0/DIODE    1.000000    1.062137   -0.062137 (VIOLATED)
i_soc.i_cpu.core_i.cs_registers_i._2837_/A0    1.000000    1.062107   -0.062107 (VIOLATED)
ANTENNA_i_soc.i_cpu.core_i.cs_registers_i._2837__A0/DIODE    1.000000    1.062105   -0.062105 (VIOLATED)
ANTENNA_i_soc.i_cpu.core_i.cs_registers_i._2804__A0/DIODE    1.000000    1.062103   -0.062103 (VIOLATED)
i_soc.i_cpu.core_i.cs_registers_i._2804_/A0    1.000000    1.062103   -0.062103 (VIOLATED)
i_soc.i_cpu.core_i.cs_registers_i._3852_/A0    1.000000    1.062064   -0.062064 (VIOLATED)
ANTENNA_i_soc.i_cpu.core_i.cs_registers_i._3852__A0/DIODE    1.000000    1.062058   -0.062058 (VIOLATED)
i_soc.i_cpu.core_i.cs_registers_i._2872_/A1    1.000000    1.062058   -0.062058 (VIOLATED)
ANTENNA_i_soc.i_cpu.core_i.cs_registers_i._2872__A1/DIODE    1.000000    1.062058   -0.062058 (VIOLATED)
i_soc.i_cpu.core_i.cs_registers_i._3818_/A0    1.000000    1.062042   -0.062042 (VIOLATED)
ANTENNA_i_soc.i_cpu.core_i.cs_registers_i._3818__A0/DIODE    1.000000    1.062041   -0.062041 (VIOLATED)
i_soc.i_cpu.core_i.cs_registers_i._3099_/A1    1.000000    1.061836   -0.061836 (VIOLATED)
ANTENNA_i_soc.i_cpu.core_i.cs_registers_i._3099__A1/DIODE    1.000000    1.061835   -0.061835 (VIOLATED)
ANTENNA_i_soc.i_cpu.core_i.cs_registers_i._3407__A1/DIODE    1.000000    1.061829   -0.061829 (VIOLATED)
i_soc.i_cpu.core_i.cs_registers_i._3407_/A1    1.000000    1.061828   -0.061828 (VIOLATED)
i_soc.i_cpu.core_i.id_stage_i.register_file_i._7334_/A2    1.000000    1.061819   -0.061819 (VIOLATED)
ANTENNA_i_soc.i_cpu.core_i.id_stage_i.register_file_i._7334__A2/DIODE    1.000000    1.061818   -0.061818 (VIOLATED)
i_soc.i_cpu.core_i.id_stage_i.register_file_i._7336_/A2    1.000000    1.061805   -0.061805 (VIOLATED)
ANTENNA_i_soc.i_cpu.core_i.id_stage_i.register_file_i._7336__A2/DIODE    1.000000    1.061803   -0.061803 (VIOLATED)
load_slew2522/A                         1.000000    1.061784   -0.061784 (VIOLATED)
ANTENNA_load_slew2522_A/DIODE           1.000000    1.061782   -0.061782 (VIOLATED)
ANTENNA_i_soc.i_cpu.core_i.cs_registers_i._2952__A1/DIODE    1.000000    1.061768   -0.061768 (VIOLATED)
i_soc.i_cpu.core_i.cs_registers_i._2952_/A1    1.000000    1.061762   -0.061762 (VIOLATED)
i_soc.i_cpu.core_i.cs_registers_i._3257_/B2    1.000000    1.061744   -0.061744 (VIOLATED)
ANTENNA_i_soc.i_cpu.core_i.cs_registers_i._3257__B2/DIODE    1.000000    1.061744   -0.061744 (VIOLATED)
i_soc.i_cpu.core_i.id_stage_i.register_file_i._7344_/A2    1.000000    1.061742   -0.061742 (VIOLATED)
ANTENNA_i_soc.i_cpu.core_i.id_stage_i.register_file_i._7344__A2/DIODE    1.000000    1.061737   -0.061737 (VIOLATED)
i_soc.i_cpu.core_i.id_stage_i.register_file_i._7348_/A2    1.000000    1.061735   -0.061735 (VIOLATED)
ANTENNA_i_soc.i_cpu.core_i.id_stage_i.register_file_i._7348__A2/DIODE    1.000000    1.061735   -0.061735 (VIOLATED)
i_soc.i_cpu.core_i.id_stage_i.register_file_i._7322_/A2    1.000000    1.061731   -0.061731 (VIOLATED)
ANTENNA_i_soc.i_cpu.core_i.id_stage_i.register_file_i._7322__A2/DIODE    1.000000    1.061729   -0.061729 (VIOLATED)
i_soc.i_cpu.core_i.id_stage_i.register_file_i._7329_/A2    1.000000    1.061729   -0.061729 (VIOLATED)
ANTENNA_i_soc.i_cpu.core_i.id_stage_i.register_file_i._7329__A2/DIODE    1.000000    1.061728   -0.061728 (VIOLATED)
wire2521/A                              1.000000    1.061723   -0.061723 (VIOLATED)
ANTENNA_wire2521_A/DIODE                1.000000    1.061722   -0.061722 (VIOLATED)
ANTENNA_i_soc.i_cpu.core_i.id_stage_i.register_file_i._7379__A2/DIODE    1.000000    1.061721   -0.061721 (VIOLATED)
i_soc.i_cpu.core_i.id_stage_i.register_file_i._7379_/A2    1.000000    1.061721   -0.061721 (VIOLATED)
i_soc.i_cpu.core_i.cs_registers_i._3569_/A    1.000000    1.061714   -0.061714 (VIOLATED)
i_soc.i_cpu.core_i.id_stage_i.register_file_i._7350_/A2    1.000000    1.061712   -0.061712 (VIOLATED)
ANTENNA_i_soc.i_cpu.core_i.cs_registers_i._3569__A/DIODE    1.000000    1.061711   -0.061711 (VIOLATED)
ANTENNA_i_soc.i_cpu.core_i.id_stage_i.register_file_i._7350__A2/DIODE    1.000000    1.061710   -0.061710 (VIOLATED)
ANTENNA_fanout2520_X/DIODE              1.000000    1.061708   -0.061708 (VIOLATED)
fanout2520/X                            1.000000    1.061708   -0.061708 (VIOLATED)
ANTENNA_i_soc.i_cpu.core_i.cs_registers_i._2504__X/DIODE    1.000000    1.061682   -0.061682 (VIOLATED)
i_soc.i_cpu.core_i.cs_registers_i._2504_/X    1.000000    1.061676   -0.061676 (VIOLATED)
wire256/A                               1.000000    1.061524   -0.061524 (VIOLATED)
ANTENNA_wire256_A/DIODE                 1.000000    1.061494   -0.061494 (VIOLATED)
i_soc.i_ai_sram.u_sram.gen_bank[7].gen_512.u_macro/din0[1]    1.000000    1.061247   -0.061247 (VIOLATED)
i_soc.i_cpu.core_i.id_stage_i._3248_/A2    1.000000    1.061119   -0.061119 (VIOLATED)
ANTENNA_i_soc.i_cpu.core_i.id_stage_i._3248__A2/DIODE    1.000000    1.061107   -0.061107 (VIOLATED)
i_soc.i_cpu.core_i.id_stage_i._3179_/B    1.000000    1.061096   -0.061096 (VIOLATED)
ANTENNA_i_soc.i_cpu.core_i.id_stage_i._3179__B/DIODE    1.000000    1.061090   -0.061090 (VIOLATED)
i_soc.i_cpu.core_i.id_stage_i._3260_/A2    1.000000    1.061067   -0.061067 (VIOLATED)
ANTENNA_i_soc.i_cpu.core_i.id_stage_i._3260__A2/DIODE    1.000000    1.061059   -0.061059 (VIOLATED)
i_soc.i_cpu.core_i.id_stage_i._3240_/A2    1.000000    1.061057   -0.061057 (VIOLATED)
ANTENNA_i_soc.i_cpu.core_i.id_stage_i._3240__A2/DIODE    1.000000    1.061055   -0.061055 (VIOLATED)
ANTENNA_i_soc.i_cpu.core_i.id_stage_i._3268__A2/DIODE    1.000000    1.061048   -0.061048 (VIOLATED)
i_soc.i_cpu.core_i.id_stage_i._3185_/A2    1.000000    1.061046   -0.061046 (VIOLATED)
i_soc.i_cpu.core_i.id_stage_i._3268_/A2    1.000000    1.061031   -0.061031 (VIOLATED)
ANTENNA_i_soc.i_cpu.core_i.id_stage_i._3185__A2/DIODE    1.000000    1.060925   -0.060924 (VIOLATED)
ANTENNA_i_soc.i_cpu.core_i.id_stage_i._3264__A2/DIODE    1.000000    1.060798   -0.060798 (VIOLATED)
i_soc.i_cpu.core_i.id_stage_i._3264_/A2    1.000000    1.060795   -0.060795 (VIOLATED)
ANTENNA_i_soc.i_cpu.core_i.id_stage_i._3257__A2/DIODE    1.000000    1.060690   -0.060690 (VIOLATED)
ANTENNA_i_soc.i_cpu.core_i.id_stage_i._3276__A2/DIODE    1.000000    1.060689   -0.060689 (VIOLATED)
i_soc.i_cpu.core_i.id_stage_i._3276_/A2    1.000000    1.060637   -0.060637 (VIOLATED)
i_soc.i_cpu.core_i.id_stage_i._3272_/A2    1.000000    1.060591   -0.060591 (VIOLATED)
ANTENNA_i_soc.i_cpu.core_i.id_stage_i._3272__A2/DIODE    1.000000    1.060588   -0.060588 (VIOLATED)
i_soc.i_cpu.core_i.id_stage_i._3244_/A2    1.000000    1.060575   -0.060575 (VIOLATED)
i_soc.i_cpu.core_i.id_stage_i._3257_/A2    1.000000    1.060570   -0.060570 (VIOLATED)
ANTENNA_i_soc.i_cpu.core_i.id_stage_i._3244__A2/DIODE    1.000000    1.060566   -0.060566 (VIOLATED)
i_soc.i_cpu.core_i.id_stage_i._3252_/A2    1.000000    1.060558   -0.060558 (VIOLATED)
ANTENNA_i_soc.i_cpu.core_i.id_stage_i._3252__A2/DIODE    1.000000    1.060539   -0.060539 (VIOLATED)
i_soc.i_cpu.core_i.id_stage_i._3288_/A2    1.000000    1.060526   -0.060526 (VIOLATED)
ANTENNA_i_soc.i_cpu.core_i.id_stage_i._3288__A2/DIODE    1.000000    1.060524   -0.060524 (VIOLATED)
i_soc.i_cpu.core_i.id_stage_i._3221_/A2    1.000000    1.060453   -0.060453 (VIOLATED)
ANTENNA_i_soc.i_cpu.core_i.id_stage_i._3233__A2/DIODE    1.000000    1.060452   -0.060452 (VIOLATED)
i_soc.i_cpu.core_i.id_stage_i._3233_/A2    1.000000    1.060418   -0.060418 (VIOLATED)
ANTENNA_i_soc.i_cpu.core_i.id_stage_i._3221__A2/DIODE    1.000000    1.060417   -0.060417 (VIOLATED)
i_soc.i_cpu.core_i.id_stage_i._3280_/A2    1.000000    1.060307   -0.060307 (VIOLATED)
ANTENNA_i_soc.i_cpu.core_i.id_stage_i._3280__A2/DIODE    1.000000    1.060301   -0.060301 (VIOLATED)
i_soc.i_cpu.core_i.id_stage_i._3236_/A2    1.000000    1.060278   -0.060278 (VIOLATED)
ANTENNA_i_soc.i_cpu.core_i.id_stage_i._3236__A2/DIODE    1.000000    1.060257   -0.060257 (VIOLATED)
i_soc.i_cpu.core_i.id_stage_i._3228_/A2    1.000000    1.060184   -0.060184 (VIOLATED)
ANTENNA_i_soc.i_cpu.core_i.id_stage_i._3228__A2/DIODE    1.000000    1.060183   -0.060183 (VIOLATED)
ANTENNA_i_soc.i_cpu.core_i.id_stage_i._3152__B/DIODE    1.000000    1.060010   -0.060010 (VIOLATED)
i_soc.i_ai_sram.u_sram.gen_bank[4].gen_512.u_macro/din0[29]    1.000000    1.060010   -0.060010 (VIOLATED)
i_soc.i_cpu.core_i.id_stage_i._3152_/B    1.000000    1.059926   -0.059926 (VIOLATED)
i_soc.i_ai_sram.u_sram.gen_bank[10].gen_512.u_macro/din0[2]    1.000000    1.059644   -0.059645 (VIOLATED)
i_soc.i_cpu.core_i.id_stage_i._3209_/A2    1.000000    1.059618   -0.059618 (VIOLATED)
ANTENNA_i_soc.i_cpu.core_i.id_stage_i._3209__A2/DIODE    1.000000    1.059604   -0.059604 (VIOLATED)
i_soc.i_ai_accel._17185_/A0             1.000000    1.059540   -0.059540 (VIOLATED)
ANTENNA_i_soc.i_ai_accel._17185__A0/DIODE    1.000000    1.059540   -0.059540 (VIOLATED)
wire7621/A                              1.000000    1.059540   -0.059540 (VIOLATED)
ANTENNA_hold10683_X/DIODE               1.000000    1.059540   -0.059540 (VIOLATED)
ANTENNA_wire7621_A/DIODE                1.000000    1.059540   -0.059540 (VIOLATED)
hold10683/X                             1.000000    1.059540   -0.059540 (VIOLATED)
i_soc.i_cpu.core_i.id_stage_i.decoder_i._335_/B    1.000000    1.059408   -0.059408 (VIOLATED)
ANTENNA_i_soc.i_cpu.core_i.id_stage_i.decoder_i._335__B/DIODE    1.000000    1.059408   -0.059408 (VIOLATED)
ANTENNA_i_soc.i_cpu.core_i.id_stage_i._3191__A2/DIODE    1.000000    1.059283   -0.059283 (VIOLATED)
i_soc.i_cpu.core_i.id_stage_i._3191_/A2    1.000000    1.059158   -0.059158 (VIOLATED)
i_soc.i_cpu.core_i.id_stage_i.decoder_i._364_/B    1.000000    1.058913   -0.058913 (VIOLATED)
ANTENNA_i_soc.i_cpu.core_i.id_stage_i.decoder_i._364__B/DIODE    1.000000    1.058909   -0.058909 (VIOLATED)
ANTENNA_i_soc.i_ai_sram.u_sram._592__X/DIODE    1.000000    1.058856   -0.058856 (VIOLATED)
i_soc.i_ai_sram.u_sram._592_/X          1.000000    1.058851   -0.058851 (VIOLATED)
i_soc.i_cpu.core_i.id_stage_i.decoder_i._362_/B    1.000000    1.058768   -0.058768 (VIOLATED)
ANTENNA_i_soc.i_cpu.core_i.id_stage_i.decoder_i._362__B/DIODE    1.000000    1.058761   -0.058761 (VIOLATED)
ANTENNA_i_soc.i_cpu.core_i.id_stage_i.decoder_i._356__B/DIODE    1.000000    1.058568   -0.058568 (VIOLATED)
i_soc.i_cpu.core_i.id_stage_i.decoder_i._356_/B    1.000000    1.058564   -0.058564 (VIOLATED)
i_soc.i_cpu.core_i.id_stage_i.decoder_i._338_/C_N    1.000000    1.058558   -0.058558 (VIOLATED)
ANTENNA_i_soc.i_cpu.core_i.id_stage_i.decoder_i._338__C_N/DIODE    1.000000    1.058557   -0.058557 (VIOLATED)
i_soc.i_cpu.core_i.id_stage_i._3197_/A2    1.000000    1.058459   -0.058459 (VIOLATED)
ANTENNA_i_soc.i_cpu.core_i.id_stage_i._3197__A2/DIODE    1.000000    1.058449   -0.058449 (VIOLATED)
ANTENNA_i_soc.i_cpu.core_i.id_stage_i._3168__A2/DIODE    1.000000    1.057383   -0.057383 (VIOLATED)
i_soc.i_cpu.core_i.id_stage_i._3168_/A2    1.000000    1.057369   -0.057369 (VIOLATED)
i_soc.i_ai_sram.u_sram.gen_bank[7].gen_512.u_macro/din0[7]    1.000000    1.057268   -0.057268 (VIOLATED)
i_soc.i_cpu.core_i.id_stage_i._3154_/A2    1.000000    1.057221   -0.057221 (VIOLATED)
i_soc.i_cpu.core_i.id_stage_i._3284_/A2    1.000000    1.057181   -0.057181 (VIOLATED)
ANTENNA_i_soc.i_cpu.core_i.id_stage_i._3284__A2/DIODE    1.000000    1.057176   -0.057176 (VIOLATED)
i_soc.i_cpu.core_i.id_stage_i._3156_/A2    1.000000    1.057171   -0.057171 (VIOLATED)
ANTENNA_i_soc.i_cpu.core_i.id_stage_i._3156__A2/DIODE    1.000000    1.057166   -0.057166 (VIOLATED)
i_soc.i_cpu.core_i.id_stage_i._3162_/A2    1.000000    1.057163   -0.057163 (VIOLATED)
ANTENNA_i_soc.i_cpu.core_i.id_stage_i._3154__A2/DIODE    1.000000    1.057097   -0.057097 (VIOLATED)
ANTENNA_i_soc.i_cpu.core_i.id_stage_i._3165__A2/DIODE    1.000000    1.057075   -0.057075 (VIOLATED)
ANTENNA_i_soc.i_cpu.core_i.id_stage_i._3162__A2/DIODE    1.000000    1.057030   -0.057030 (VIOLATED)
i_soc.i_cpu.core_i.id_stage_i._3165_/A2    1.000000    1.057009   -0.057010 (VIOLATED)
i_soc.i_cpu.core_i.id_stage_i._3160_/A2    1.000000    1.056924   -0.056924 (VIOLATED)
i_soc.i_cpu.core_i.id_stage_i.decoder_i._305_/C    1.000000    1.056905   -0.056905 (VIOLATED)
ANTENNA_i_soc.i_cpu.core_i.id_stage_i.decoder_i._305__C/DIODE    1.000000    1.056904   -0.056904 (VIOLATED)
ANTENNA_i_soc.i_cpu.core_i.id_stage_i._3160__A2/DIODE    1.000000    1.056859   -0.056859 (VIOLATED)
ANTENNA_i_soc.i_ai_sram.u_sram.gen_bank[2].gen_512.u_macro_din0[27]/DIODE    1.000000    1.056678   -0.056678 (VIOLATED)
ANTENNA_i_soc.i_cpu.core_i.id_stage_i._3150__X/DIODE    1.000000    1.056589   -0.056589 (VIOLATED)
i_soc.i_cpu.core_i.id_stage_i._3150_/X    1.000000    1.056575   -0.056575 (VIOLATED)
i_soc.i_ai_sram.u_sram.gen_bank[10].gen_512.u_macro/din0[18]    1.000000    1.056151   -0.056151 (VIOLATED)
ANTENNA_i_soc.i_crossbar._0328__A0/DIODE    1.000000    1.055935   -0.055935 (VIOLATED)
i_soc.i_crossbar._0328_/A0              1.000000    1.055935   -0.055935 (VIOLATED)
ANTENNA_i_soc.i_ai_sram.u_sram.gen_bank[5].gen_512.u_macro_din0[31]/DIODE    1.000000    1.055917   -0.055917 (VIOLATED)
ANTENNA_i_soc.i_ai_sram.u_sram.gen_bank[1].gen_512.u_macro_din0[25]/DIODE    1.000000    1.055833   -0.055833 (VIOLATED)
i_soc.i_ai_sram.u_sram.gen_bank[7].gen_512.u_macro/din0[5]    1.000000    1.055543   -0.055543 (VIOLATED)
load_slew1314/A                         1.000000    1.055341   -0.055341 (VIOLATED)
ANTENNA_i_soc.i_cpu.core_i.id_stage_i.decoder_i._290__A2/DIODE    1.000000    1.055315   -0.055316 (VIOLATED)
ANTENNA_load_slew1314_A/DIODE           1.000000    1.055286   -0.055286 (VIOLATED)
i_soc.i_cpu.core_i.id_stage_i.decoder_i._290_/A2    1.000000    1.055234   -0.055234 (VIOLATED)
i_soc.i_ai_sram.u_sram._549_/A3         1.000000    1.055040   -0.055040 (VIOLATED)
ANTENNA_i_soc.i_ai_sram.u_sram._549__A3/DIODE    1.000000    1.055029   -0.055029 (VIOLATED)
ANTENNA_i_soc.i_instr_sram.u_sram._19__X/DIODE    1.000000    1.054977   -0.054977 (VIOLATED)
i_soc.i_instr_sram.u_sram._19_/X        1.000000    1.054966   -0.054966 (VIOLATED)
ANTENNA_i_soc.i_cpu.core_i.id_stage_i.decoder_i._273__A_N/DIODE    1.000000    1.054366   -0.054366 (VIOLATED)
wire1253/A                              1.000000    1.054202   -0.054202 (VIOLATED)
ANTENNA_wire1253_A/DIODE                1.000000    1.054189   -0.054189 (VIOLATED)
i_soc.i_cpu.core_i.id_stage_i.decoder_i._273_/A_N    1.000000    1.053989   -0.053989 (VIOLATED)
i_soc.i_ai_accel.u_conv_out.gen_bank[0].gen_512.u_macro/addr0[1]    0.040000    0.093983   -0.053983 (VIOLATED)
ANTENNA_i_soc.i_ai_sram.u_sram._473__X/DIODE    1.000000    1.053931   -0.053932 (VIOLATED)
i_soc.i_ai_sram.u_sram._473_/X          1.000000    1.053915   -0.053915 (VIOLATED)
i_soc.i_cpu.core_i.id_stage_i.decoder_i._268_/B    1.000000    1.053596   -0.053596 (VIOLATED)
ANTENNA_i_soc.i_cpu.core_i.id_stage_i.decoder_i._268__B/DIODE    1.000000    1.053272   -0.053272 (VIOLATED)
ANTENNA_i_soc.i_ai_sram.u_sram.gen_bank[0].gen_512.u_macro_din0[1]/DIODE    1.000000    1.052957   -0.052957 (VIOLATED)
i_soc.i_cpu.core_i.id_stage_i.decoder_i._280_/A    1.000000    1.052432   -0.052432 (VIOLATED)
ANTENNA_i_soc.i_cpu.core_i.id_stage_i.decoder_i._280__A/DIODE    1.000000    1.052429   -0.052429 (VIOLATED)
i_soc.i_ai_accel.u_conv_out.gen_bank[0].gen_512.u_macro/addr0[3]    0.040000    0.091897   -0.051897 (VIOLATED)
i_soc.i_cpu.core_i.id_stage_i.decoder_i._265_/B    1.000000    1.051755   -0.051755 (VIOLATED)
ANTENNA_i_soc.i_cpu.core_i.id_stage_i.decoder_i._265__B/DIODE    1.000000    1.051755   -0.051755 (VIOLATED)
wire260/A                               1.000000    1.051692   -0.051692 (VIOLATED)
i_soc.i_cpu.core_i.if_stage_i._806_/A0    1.000000    1.051683   -0.051683 (VIOLATED)
ANTENNA_i_soc.i_cpu.core_i.if_stage_i._806__A0/DIODE    1.000000    1.051682   -0.051682 (VIOLATED)
ANTENNA_wire260_A/DIODE                 1.000000    1.051680   -0.051680 (VIOLATED)
ANTENNA_i_soc.i_cpu.core_i.if_stage_i._873__Q/DIODE    1.000000    1.051623   -0.051623 (VIOLATED)
i_soc.i_cpu.core_i.if_stage_i._873_/Q    1.000000    1.051558   -0.051559 (VIOLATED)
i_soc.i_ai_accel.u_conv_out.gen_bank[0].gen_512.u_macro/addr0[6]    0.040000    0.091308   -0.051308 (VIOLATED)
i_soc.i_ai_accel.u_conv_out.gen_bank[0].gen_512.u_macro/addr0[8]    0.040000    0.090868   -0.050868 (VIOLATED)
ANTENNA_i_soc.i_ai_sram.u_sram.gen_bank[8].gen_512.u_macro_din0[22]/DIODE    1.000000    1.050029   -0.050029 (VIOLATED)
i_soc.i_qspi._13559_/A1                 1.000000    1.049459   -0.049459 (VIOLATED)
i_soc.i_qspi._13526_/A1                 1.000000    1.049458   -0.049458 (VIOLATED)
ANTENNA_i_soc.i_qspi._13559__A1/DIODE    1.000000    1.049456   -0.049456 (VIOLATED)
ANTENNA_i_soc.i_qspi._13526__A1/DIODE    1.000000    1.049456   -0.049456 (VIOLATED)
i_soc.i_qspi._13394_/A1                 1.000000    1.049455   -0.049455 (VIOLATED)
i_soc.i_qspi._13427_/A1                 1.000000    1.049453   -0.049454 (VIOLATED)
ANTENNA_i_soc.i_qspi._13394__A1/DIODE    1.000000    1.049453   -0.049453 (VIOLATED)
ANTENNA_i_soc.i_qspi._13427__A1/DIODE    1.000000    1.049446   -0.049446 (VIOLATED)
ANTENNA_i_soc.i_qspi._13460__A1/DIODE    1.000000    1.049430   -0.049430 (VIOLATED)
i_soc.i_qspi._13460_/A1                 1.000000    1.049415   -0.049415 (VIOLATED)
i_soc.i_qspi._13493_/A1                 1.000000    1.049402   -0.049402 (VIOLATED)
ANTENNA_i_soc.i_qspi._13493__A1/DIODE    1.000000    1.049377   -0.049377 (VIOLATED)
i_soc.i_qspi._13658_/A1                 1.000000    1.049318   -0.049318 (VIOLATED)
i_soc.i_qspi._13625_/A1                 1.000000    1.049302   -0.049301 (VIOLATED)
ANTENNA_i_soc.i_qspi._13625__A1/DIODE    1.000000    1.049298   -0.049298 (VIOLATED)
ANTENNA_i_soc.i_qspi._13658__A1/DIODE    1.000000    1.049290   -0.049290 (VIOLATED)
i_soc.i_qspi._13061_/A1                 1.000000    1.048925   -0.048925 (VIOLATED)
i_soc.i_ai_accel.u_conv_out.gen_bank[0].gen_512.u_macro/addr0[7]    0.040000    0.088882   -0.048882 (VIOLATED)
ANTENNA_i_soc.i_qspi._13061__A1/DIODE    1.000000    1.048868   -0.048868 (VIOLATED)
i_soc.i_qspi._13027_/A1                 1.000000    1.048819   -0.048819 (VIOLATED)
ANTENNA_i_soc.i_qspi._13027__A1/DIODE    1.000000    1.048818   -0.048819 (VIOLATED)
i_soc.i_qspi._12891_/A1                 1.000000    1.048808   -0.048808 (VIOLATED)
ANTENNA_i_soc.i_qspi._12891__A1/DIODE    1.000000    1.048808   -0.048808 (VIOLATED)
i_soc.i_qspi._12925_/A1                 1.000000    1.048751   -0.048751 (VIOLATED)
i_soc.i_ai_sram.u_sram.gen_bank[1].gen_512.u_macro/din0[8]    1.000000    1.048718   -0.048718 (VIOLATED)
ANTENNA_i_soc.i_qspi._12925__A1/DIODE    1.000000    1.048698   -0.048698 (VIOLATED)
i_soc.i_qspi._14949_/A1                 1.000000    1.048611   -0.048611 (VIOLATED)
ANTENNA_i_soc.i_qspi._14949__A1/DIODE    1.000000    1.048591   -0.048591 (VIOLATED)
i_soc.i_qspi._14916_/A1                 1.000000    1.048586   -0.048586 (VIOLATED)
ANTENNA_i_soc.i_qspi._14916__A1/DIODE    1.000000    1.048586   -0.048586 (VIOLATED)
i_soc.i_qspi._12993_/A1                 1.000000    1.048553   -0.048553 (VIOLATED)
ANTENNA_i_soc.i_qspi._12993__A1/DIODE    1.000000    1.048549   -0.048549 (VIOLATED)
i_soc.i_qspi._12959_/A1                 1.000000    1.048531   -0.048531 (VIOLATED)
ANTENNA_i_soc.i_qspi._12959__A1/DIODE    1.000000    1.048528   -0.048528 (VIOLATED)
ANTENNA_i_soc.i_qspi._15064__A0/DIODE    1.000000    1.048513   -0.048513 (VIOLATED)
i_soc.i_qspi._15064_/A0                 1.000000    1.048510   -0.048510 (VIOLATED)
ANTENNA_fanout5130_X/DIODE              1.000000    1.048508   -0.048508 (VIOLATED)
fanout5130/X                            1.000000    1.048506   -0.048506 (VIOLATED)
i_soc.i_ai_sram.u_sram.gen_bank[5].gen_512.u_macro/din0[7]    1.000000    1.048233   -0.048233 (VIOLATED)
i_soc.i_cpu.core_i.ex_stage_i.alu_i.alu_div_i._1341_/A0    1.000000    1.048203   -0.048203 (VIOLATED)
ANTENNA_i_soc.i_cpu.core_i.ex_stage_i.alu_i.alu_div_i._1341__A0/DIODE    1.000000    1.048187   -0.048187 (VIOLATED)
i_soc.i_cpu.core_i.ex_stage_i.alu_i.alu_div_i._0968_/B    1.000000    1.048147   -0.048147 (VIOLATED)
load_slew984/A                          1.000000    1.048105   -0.048105 (VIOLATED)
ANTENNA_i_soc.i_cpu.core_i.ex_stage_i.alu_i.alu_div_i._0968__B/DIODE    1.000000    1.048086   -0.048086 (VIOLATED)
i_soc.i_cpu.core_i.ex_stage_i.alu_i.alu_div_i._0969_/B    1.000000    1.048059   -0.048059 (VIOLATED)
ANTENNA_i_soc.i_cpu.core_i.ex_stage_i.alu_i.alu_div_i._0969__B/DIODE    1.000000    1.048052   -0.048052 (VIOLATED)
ANTENNA_load_slew984_A/DIODE            1.000000    1.048048   -0.048048 (VIOLATED)
i_soc.i_ai_accel.u_conv_out.gen_bank[0].gen_512.u_macro/addr0[4]    0.040000    0.087986   -0.047986 (VIOLATED)
i_soc.i_cpu.core_i.ex_stage_i.alu_i._3814_/A1    1.000000    1.047598   -0.047598 (VIOLATED)
ANTENNA_i_soc.i_cpu.core_i.ex_stage_i.alu_i._3814__A1/DIODE    1.000000    1.047575   -0.047575 (VIOLATED)
i_soc.i_periph_decoder._1219_/A         1.000000    1.047177   -0.047177 (VIOLATED)
ANTENNA_i_soc.i_periph_decoder._1219__A/DIODE    1.000000    1.047172   -0.047172 (VIOLATED)
i_soc.i_periph_decoder._0719_/A         1.000000    1.047171   -0.047171 (VIOLATED)
ANTENNA_i_soc.i_periph_decoder._0719__A/DIODE    1.000000    1.047166   -0.047166 (VIOLATED)
ANTENNA_i_soc.i_ai_sram.u_sram.gen_bank[4].gen_512.u_macro_din0[30]/DIODE    1.000000    1.046933   -0.046933 (VIOLATED)
i_soc.i_periph_decoder._0819_/A         1.000000    1.046860   -0.046860 (VIOLATED)
ANTENNA_i_soc.i_periph_decoder._0819__A/DIODE    1.000000    1.046856   -0.046856 (VIOLATED)
i_soc.i_cpu.core_i.load_store_unit_i._0940_/A    1.000000    1.046831   -0.046831 (VIOLATED)
ANTENNA_i_soc.i_cpu.core_i.load_store_unit_i._0940__A/DIODE    1.000000    1.046813   -0.046813 (VIOLATED)
i_soc.i_periph_decoder._1019_/A         1.000000    1.046789   -0.046789 (VIOLATED)
ANTENNA_i_soc.i_periph_decoder._1019__A/DIODE    1.000000    1.046785   -0.046785 (VIOLATED)
ANTENNA_i_soc.i_ai_sram.u_sram.gen_bank[0].gen_512.u_macro_din0[6]/DIODE    1.000000    1.046442   -0.046442 (VIOLATED)
i_soc.i_periph_decoder._0919_/A         1.000000    1.046318   -0.046318 (VIOLATED)
ANTENNA_i_soc.i_periph_decoder._0919__A/DIODE    1.000000    1.046317   -0.046317 (VIOLATED)
i_soc.i_periph_decoder._0619_/A         1.000000    1.045808   -0.045808 (VIOLATED)
ANTENNA_i_soc.i_periph_decoder._0619__A/DIODE    1.000000    1.045808   -0.045808 (VIOLATED)
i_soc.i_periph_decoder._1119_/A         1.000000    1.045324   -0.045324 (VIOLATED)
ANTENNA_i_soc.i_periph_decoder._1119__A/DIODE    1.000000    1.045324   -0.045324 (VIOLATED)
load_slew1254/A                         1.000000    1.045220   -0.045219 (VIOLATED)
ANTENNA_i_soc.i_ai_sram.u_sram._548__X/DIODE    1.000000    1.045208   -0.045208 (VIOLATED)
i_soc.i_ai_sram.u_sram._548_/X          1.000000    1.045203   -0.045203 (VIOLATED)
ANTENNA_load_slew1254_A/DIODE           1.000000    1.045031   -0.045031 (VIOLATED)
ANTENNA_i_soc.i_cpu.core_i.ex_stage_i.alu_i._3340__B/DIODE    1.000000    1.044868   -0.044868 (VIOLATED)
ANTENNA_i_soc.i_ai_sram.u_sram._360__Y/DIODE    1.000000    1.044866   -0.044866 (VIOLATED)
fanout4203/A                            1.000000    1.044856   -0.044856 (VIOLATED)
ANTENNA_fanout4203_A/DIODE              1.000000    1.044856   -0.044856 (VIOLATED)
i_soc.i_ai_sram.u_sram._360_/Y          1.000000    1.044848   -0.044848 (VIOLATED)
i_soc.i_cpu.core_i.ex_stage_i.alu_i._3340_/B    1.000000    1.044755   -0.044755 (VIOLATED)
i_soc.i_cpu.core_i.ex_stage_i.alu_i._4470_/A2    1.000000    1.044726   -0.044726 (VIOLATED)
ANTENNA_i_soc.i_cpu.core_i.ex_stage_i.alu_i._4152__B/DIODE    1.000000    1.044726   -0.044726 (VIOLATED)
ANTENNA_i_soc.i_cpu.core_i.ex_stage_i.alu_i._4470__A2/DIODE    1.000000    1.044721   -0.044721 (VIOLATED)
i_soc.i_cpu.core_i.ex_stage_i.alu_i._4152_/B    1.000000    1.044720   -0.044720 (VIOLATED)
i_soc.i_cpu.core_i.ex_stage_i.alu_i._5523_/A1    1.000000    1.044688   -0.044688 (VIOLATED)
ANTENNA_i_soc.i_cpu.core_i.ex_stage_i.alu_i._5523__A1/DIODE    1.000000    1.044680   -0.044680 (VIOLATED)
i_soc.i_cpu.core_i.ex_stage_i.alu_i._3371_/B1    1.000000    1.044662   -0.044662 (VIOLATED)
ANTENNA_i_soc.i_axi_lite_bridge._078__X/DIODE    1.000000    1.044651   -0.044651 (VIOLATED)
i_soc.i_cpu.core_i.ex_stage_i.alu_i._4150_/A    1.000000    1.044643   -0.044643 (VIOLATED)
i_soc.i_axi_lite_bridge._078_/X         1.000000    1.044628   -0.044628 (VIOLATED)
ANTENNA_i_soc.i_cpu.core_i.ex_stage_i.alu_i._4150__A/DIODE    1.000000    1.044625   -0.044625 (VIOLATED)
ANTENNA_i_soc.i_cpu.core_i.ex_stage_i.alu_i._3371__B1/DIODE    1.000000    1.044582   -0.044582 (VIOLATED)
i_soc.i_cpu.core_i.ex_stage_i.alu_i._5483_/B1    1.000000    1.044574   -0.044574 (VIOLATED)
ANTENNA_i_soc.i_cpu.core_i.ex_stage_i.alu_i._5483__B1/DIODE    1.000000    1.044546   -0.044546 (VIOLATED)
i_soc.i_cpu.core_i.ex_stage_i.alu_i._3341_/B    1.000000    1.044486   -0.044486 (VIOLATED)
ANTENNA_i_soc.i_cpu.core_i.ex_stage_i.alu_i._3341__B/DIODE    1.000000    1.044470   -0.044470 (VIOLATED)
ANTENNA_i_soc.i_cpu.core_i.ex_stage_i.alu_i._4149__Y/DIODE    1.000000    1.044440   -0.044440 (VIOLATED)
i_soc.i_cpu.core_i.ex_stage_i.alu_i._4149_/Y    1.000000    1.044436   -0.044436 (VIOLATED)
i_soc.i_ai_accel.u_input_mem/addr0[1]    0.040000    0.084358   -0.044358 (VIOLATED)
wire1957/A                              1.000000    1.043311   -0.043311 (VIOLATED)
ANTENNA_wire1957_A/DIODE                1.000000    1.043308   -0.043308 (VIOLATED)
i_soc.i_cpu.core_i.ex_stage_i.alu_i._6523_/A1    1.000000    1.042716   -0.042715 (VIOLATED)
ANTENNA_i_soc.i_cpu.core_i.ex_stage_i.alu_i._6523__A1/DIODE    1.000000    1.042709   -0.042709 (VIOLATED)
i_soc.i_cpu.core_i.ex_stage_i.alu_i._6524_/B2    1.000000    1.042707   -0.042707 (VIOLATED)
ANTENNA_i_soc.i_cpu.core_i.ex_stage_i.alu_i._6524__B2/DIODE    1.000000    1.042704   -0.042705 (VIOLATED)
load_slew1266/A                         1.000000    1.042685   -0.042685 (VIOLATED)
ANTENNA_load_slew1266_A/DIODE           1.000000    1.042655   -0.042655 (VIOLATED)
wire243/A                               1.000000    1.042589   -0.042589 (VIOLATED)
ANTENNA_wire243_A/DIODE                 1.000000    1.042588   -0.042588 (VIOLATED)
i_soc.i_cpu.core_i.ex_stage_i.alu_i._6528_/A1    1.000000    1.042573   -0.042573 (VIOLATED)
ANTENNA_load_slew242_A/DIODE            1.000000    1.042374   -0.042374 (VIOLATED)
load_slew242/A                          1.000000    1.042366   -0.042366 (VIOLATED)
ANTENNA_i_soc.i_crossbar._1475__X/DIODE    1.000000    1.042287   -0.042287 (VIOLATED)
i_soc.i_crossbar._1475_/X               1.000000    1.042287   -0.042287 (VIOLATED)
ANTENNA_i_soc.i_cpu.core_i.ex_stage_i.alu_i._6528__A1/DIODE    1.000000    1.042187   -0.042187 (VIOLATED)
ANTENNA_i_soc.i_cpu.core_i.ex_stage_i.alu_i._6510__A1/DIODE    1.000000    1.041805   -0.041805 (VIOLATED)
i_soc.i_cpu.core_i.ex_stage_i.alu_i._6510_/A1    1.000000    1.041795   -0.041795 (VIOLATED)
i_soc.i_cpu.core_i.ex_stage_i.alu_i._4300_/A1    1.000000    1.041610   -0.041610 (VIOLATED)
ANTENNA_i_soc.i_cpu.core_i.ex_stage_i.alu_i._4300__A1/DIODE    1.000000    1.041609   -0.041609 (VIOLATED)
ANTENNA_i_soc.i_cpu.core_i.ex_stage_i.alu_i._4298__A0/DIODE    1.000000    1.041574   -0.041574 (VIOLATED)
i_soc.i_cpu.core_i.ex_stage_i.alu_i._4298_/A0    1.000000    1.041563   -0.041563 (VIOLATED)
wire1019/A                              1.000000    1.041487   -0.041486 (VIOLATED)
ANTENNA_wire1019_A/DIODE                1.000000    1.041427   -0.041427 (VIOLATED)
i_soc.i_cpu.core_i.id_stage_i._2775_/A1    1.000000    1.041273   -0.041273 (VIOLATED)
ANTENNA_i_soc.i_cpu.core_i.id_stage_i._2775__A1/DIODE    1.000000    1.041260   -0.041260 (VIOLATED)
i_soc.i_cpu.core_i.id_stage_i._2829_/B2    1.000000    1.041253   -0.041253 (VIOLATED)
i_soc.i_cpu.core_i.id_stage_i._2731_/B2    1.000000    1.041249   -0.041249 (VIOLATED)
ANTENNA_i_soc.i_cpu.core_i.id_stage_i._2829__B2/DIODE    1.000000    1.041247   -0.041247 (VIOLATED)
ANTENNA_i_soc.i_cpu.core_i.id_stage_i._2731__B2/DIODE    1.000000    1.041240   -0.041240 (VIOLATED)
i_soc.i_cpu.core_i.id_stage_i._2807_/B2    1.000000    1.041205   -0.041205 (VIOLATED)
ANTENNA_i_soc.i_cpu.core_i.id_stage_i._2807__B2/DIODE    1.000000    1.041174   -0.041174 (VIOLATED)
i_soc.i_cpu.core_i.id_stage_i._2752_/B2    1.000000    1.041156   -0.041156 (VIOLATED)
ANTENNA_i_soc.i_cpu.core_i.id_stage_i._2752__B2/DIODE    1.000000    1.041152   -0.041153 (VIOLATED)
i_soc.i_cpu.core_i.id_stage_i._3147_/B2    1.000000    1.041125   -0.041125 (VIOLATED)
i_soc.i_cpu.core_i.id_stage_i._2818_/B2    1.000000    1.041112   -0.041112 (VIOLATED)
i_soc.i_cpu.core_i.ex_stage_i.alu_i._5757_/A0    1.000000    1.041081   -0.041081 (VIOLATED)
ANTENNA_i_soc.i_cpu.core_i.ex_stage_i.alu_i._5757__A0/DIODE    1.000000    1.041080   -0.041080 (VIOLATED)
ANTENNA_i_soc.i_cpu.core_i.id_stage_i._2818__B2/DIODE    1.000000    1.041057   -0.041057 (VIOLATED)
ANTENNA_i_soc.i_cpu.core_i.id_stage_i._3147__B2/DIODE    1.000000    1.041049   -0.041049 (VIOLATED)
ANTENNA_i_soc.i_cpu.core_i.id_stage_i._3742__Q/DIODE    1.000000    1.041018   -0.041018 (VIOLATED)
i_soc.i_cpu.core_i.id_stage_i._3742_/Q    1.000000    1.041012   -0.041012 (VIOLATED)
i_soc.i_cpu.core_i.id_stage_i._2795_/B2    1.000000    1.040948   -0.040948 (VIOLATED)
ANTENNA_i_soc.i_cpu.core_i.id_stage_i._2795__B2/DIODE    1.000000    1.040945   -0.040945 (VIOLATED)
i_soc.i_cpu.core_i.id_stage_i._2784_/B2    1.000000    1.040933   -0.040933 (VIOLATED)
ANTENNA_i_soc.i_cpu.core_i.id_stage_i._2784__B2/DIODE    1.000000    1.040930   -0.040930 (VIOLATED)
i_soc.i_cpu.core_i.id_stage_i._2720_/B2    1.000000    1.040828   -0.040828 (VIOLATED)
i_soc.i_cpu.core_i.id_stage_i._2840_/B2    1.000000    1.040748   -0.040748 (VIOLATED)
ANTENNA_i_soc.i_cpu.core_i.id_stage_i._2840__B2/DIODE    1.000000    1.040742   -0.040742 (VIOLATED)
ANTENNA_i_soc.i_cpu.core_i.id_stage_i._2720__B2/DIODE    1.000000    1.040725   -0.040725 (VIOLATED)
i_soc.i_cpu.core_i.id_stage_i._2763_/B2    1.000000    1.040722   -0.040722 (VIOLATED)
ANTENNA_i_soc.i_cpu.core_i.id_stage_i._2763__B2/DIODE    1.000000    1.040699   -0.040699 (VIOLATED)
i_soc.i_cpu.core_i.id_stage_i._2743_/A2    1.000000    1.040563   -0.040563 (VIOLATED)
ANTENNA_i_soc.i_cpu.core_i.id_stage_i._2743__A1/DIODE    1.000000    1.040538   -0.040538 (VIOLATED)
ANTENNA_i_soc.i_cpu.core_i.id_stage_i._2710__B2/DIODE    1.000000    1.040517   -0.040517 (VIOLATED)
i_soc.i_cpu.core_i.id_stage_i._2710_/B2    1.000000    1.040502   -0.040502 (VIOLATED)
i_soc.i_cpu.core_i.id_stage_i._2698_/B2    1.000000    1.040427   -0.040427 (VIOLATED)
i_soc.i_cpu.core_i.id_stage_i._2863_/B2    1.000000    1.040420   -0.040420 (VIOLATED)
ANTENNA_i_soc.i_cpu.core_i.id_stage_i._2698__B2/DIODE    1.000000    1.040420   -0.040420 (VIOLATED)
ANTENNA_i_soc.i_cpu.core_i.id_stage_i._2863__B2/DIODE    1.000000    1.040409   -0.040409 (VIOLATED)
i_soc.i_cpu.core_i.id_stage_i._2687_/B2    1.000000    1.040394   -0.040394 (VIOLATED)
ANTENNA_i_soc.i_cpu.core_i.id_stage_i._2666__A1/DIODE    1.000000    1.040388   -0.040388 (VIOLATED)
i_soc.i_cpu.core_i.id_stage_i._2666_/A1    1.000000    1.040386   -0.040386 (VIOLATED)
ANTENNA_i_soc.i_cpu.core_i.id_stage_i._2687__B2/DIODE    1.000000    1.040374   -0.040374 (VIOLATED)
i_soc.i_cpu.core_i.id_stage_i._2632_/B2    1.000000    1.040334   -0.040334 (VIOLATED)
ANTENNA_i_soc.i_cpu.core_i.id_stage_i._2632__B2/DIODE    1.000000    1.040291   -0.040291 (VIOLATED)
i_soc.i_cpu.core_i.id_stage_i._2644_/B2    1.000000    1.040192   -0.040192 (VIOLATED)
i_soc.i_cpu.core_i.load_store_unit_i._0871_/A    1.000000    1.040150   -0.040150 (VIOLATED)
ANTENNA_i_soc.i_cpu.core_i.load_store_unit_i._0871__A/DIODE    1.000000    1.040142   -0.040142 (VIOLATED)
i_soc.i_cpu.core_i.load_store_unit_i._0872_/A    1.000000    1.040127   -0.040127 (VIOLATED)
ANTENNA_i_soc.i_cpu.core_i.id_stage_i._2644__B2/DIODE    1.000000    1.040082   -0.040082 (VIOLATED)
ANTENNA_i_soc.i_cpu.core_i.load_store_unit_i._0872__A/DIODE    1.000000    1.040063   -0.040063 (VIOLATED)
i_soc.i_ai_sram.u_sram.gen_bank[9].gen_512.u_macro/din0[14]    1.000000    1.039987   -0.039987 (VIOLATED)
i_soc.i_i2c._0746_/A1                   1.000000    1.039977   -0.039977 (VIOLATED)
ANTENNA_i_soc.i_i2c._0746__A1/DIODE     1.000000    1.039976   -0.039976 (VIOLATED)
ANTENNA_i_soc.i_i2c._0980__Q/DIODE      1.000000    1.039958   -0.039958 (VIOLATED)
i_soc.i_i2c._0980_/Q                    1.000000    1.039953   -0.039953 (VIOLATED)
i_soc.i_cpu.core_i.id_stage_i._2610_/B2    1.000000    1.039871   -0.039871 (VIOLATED)
ANTENNA_i_soc.i_cpu.core_i.id_stage_i._2610__B2/DIODE    1.000000    1.039700   -0.039700 (VIOLATED)
ANTENNA_i_soc.i_ai_sram.u_sram.gen_bank[2].gen_512.u_macro_din0[8]/DIODE    1.000000    1.039597   -0.039597 (VIOLATED)
i_soc.i_cpu.core_i.id_stage_i._2613_/S    1.000000    1.039509   -0.039509 (VIOLATED)
load_slew1961/A                         1.000000    1.039508   -0.039508 (VIOLATED)
ANTENNA_load_slew1961_A/DIODE           1.000000    1.039499   -0.039499 (VIOLATED)
ANTENNA_i_soc.i_cpu.core_i.id_stage_i._2613__S/DIODE    1.000000    1.039493   -0.039493 (VIOLATED)
i_soc.i_cpu.core_i.id_stage_i._2657_/S    1.000000    1.039488   -0.039488 (VIOLATED)
ANTENNA_i_soc.i_cpu.core_i.id_stage_i._2657__S/DIODE    1.000000    1.039482   -0.039482 (VIOLATED)
i_soc.i_cpu.core_i.id_stage_i._2679_/S    1.000000    1.039477   -0.039477 (VIOLATED)
i_soc.i_cpu.core_i.id_stage_i._2602_/S    1.000000    1.039465   -0.039465 (VIOLATED)
i_soc.i_cpu.core_i.id_stage_i._2591_/S    1.000000    1.039464   -0.039464 (VIOLATED)
ANTENNA_i_soc.i_cpu.core_i.id_stage_i._2602__S/DIODE    1.000000    1.039463   -0.039463 (VIOLATED)
i_soc.i_cpu.core_i.ex_stage_i.alu_i.alu_div_i._1237_/A0    1.000000    1.039462   -0.039462 (VIOLATED)
ANTENNA_i_soc.i_cpu.core_i.ex_stage_i.alu_i.alu_div_i._1237__A0/DIODE    1.000000    1.039458   -0.039458 (VIOLATED)
ANTENNA_i_soc.i_cpu.core_i.id_stage_i._2679__S/DIODE    1.000000    1.039457   -0.039457 (VIOLATED)
ANTENNA_i_soc.i_cpu.core_i.id_stage_i._2591__S/DIODE    1.000000    1.039456   -0.039456 (VIOLATED)
i_soc.i_cpu.core_i.id_stage_i._2580_/S    1.000000    1.039408   -0.039408 (VIOLATED)
ANTENNA_i_soc.i_cpu.core_i.id_stage_i._2580__S/DIODE    1.000000    1.039403   -0.039403 (VIOLATED)
i_soc.i_cpu.core_i.id_stage_i._2624_/S    1.000000    1.039336   -0.039336 (VIOLATED)
ANTENNA_i_soc.i_cpu.core_i.id_stage_i._2624__S/DIODE    1.000000    1.039296   -0.039296 (VIOLATED)
i_soc.i_cpu.core_i.id_stage_i._2578_/A1    1.000000    1.039279   -0.039279 (VIOLATED)
ANTENNA_i_soc.i_cpu.core_i.id_stage_i._2578__A1/DIODE    1.000000    1.039278   -0.039278 (VIOLATED)
i_soc.i_cpu.core_i.id_stage_i._2854_/S    1.000000    1.039217   -0.039217 (VIOLATED)
ANTENNA_i_soc.i_cpu.core_i.id_stage_i._2854__S/DIODE    1.000000    1.039138   -0.039138 (VIOLATED)
i_soc.i_cpu.core_i.id_stage_i._2536_/S    1.000000    1.039089   -0.039089 (VIOLATED)
ANTENNA_i_soc.i_cpu.core_i.id_stage_i._2536__S/DIODE    1.000000    1.039066   -0.039066 (VIOLATED)
i_soc.i_cpu.core_i.id_stage_i._2525_/S    1.000000    1.039024   -0.039024 (VIOLATED)
ANTENNA_i_soc.i_cpu.core_i.id_stage_i._2525__S/DIODE    1.000000    1.039022   -0.039022 (VIOLATED)
i_soc.i_cpu.core_i.id_stage_i._2622_/A1    1.000000    1.039011   -0.039011 (VIOLATED)
i_soc.i_cpu.core_i.id_stage_i._2547_/S    1.000000    1.038988   -0.038987 (VIOLATED)
ANTENNA_i_soc.i_cpu.core_i.id_stage_i._2547__S/DIODE    1.000000    1.038970   -0.038970 (VIOLATED)
ANTENNA_fanout1959_X/DIODE              1.000000    1.038957   -0.038957 (VIOLATED)
fanout1959/X                            1.000000    1.038955   -0.038955 (VIOLATED)
ANTENNA_i_soc.i_cpu.core_i.id_stage_i._2622__A1/DIODE    1.000000    1.038930   -0.038930 (VIOLATED)
ANTENNA_i_soc.i_cpu.core_i.id_stage_i._2515__B2/DIODE    1.000000    1.038718   -0.038718 (VIOLATED)
i_soc.i_cpu.core_i.id_stage_i._2850_/B2    1.000000    1.038692   -0.038692 (VIOLATED)
ANTENNA_i_soc.i_cpu.core_i.id_stage_i._2850__B2/DIODE    1.000000    1.038692   -0.038692 (VIOLATED)
i_soc.i_cpu.core_i.ex_stage_i.alu_i._3270_/A    1.000000    1.038624   -0.038624 (VIOLATED)
i_soc.i_cpu.core_i.id_stage_i._2515_/B2    1.000000    1.038594   -0.038594 (VIOLATED)
ANTENNA_i_soc.i_cpu.core_i.ex_stage_i.alu_i._3270__A/DIODE    1.000000    1.038458   -0.038458 (VIOLATED)
ANTENNA_i_soc.i_cpu.core_i.id_stage_i._2542__B2/DIODE    1.000000    1.038451   -0.038451 (VIOLATED)
load_slew257/A                          1.000000    1.038416   -0.038416 (VIOLATED)
ANTENNA_load_slew257_A/DIODE            1.000000    1.038388   -0.038388 (VIOLATED)
i_soc.i_cpu.core_i.id_stage_i._2542_/B2    1.000000    1.038344   -0.038344 (VIOLATED)
i_soc.i_cpu.core_i.id_stage_i._2530_/A1    1.000000    1.038331   -0.038331 (VIOLATED)
i_soc.i_cpu.core_i.ex_stage_i.mult_i._21293_/B1    1.000000    1.038329   -0.038329 (VIOLATED)
ANTENNA_i_soc.i_cpu.core_i.id_stage_i._2530__A1/DIODE    1.000000    1.038329   -0.038329 (VIOLATED)
wire1251/A                              1.000000    1.038319   -0.038319 (VIOLATED)
ANTENNA_wire1251_A/DIODE                1.000000    1.038318   -0.038318 (VIOLATED)
ANTENNA_i_soc.i_cpu.core_i.ex_stage_i.mult_i._21293__B1/DIODE    1.000000    1.038305   -0.038305 (VIOLATED)
wire1866/A                              1.000000    1.038223   -0.038223 (VIOLATED)
ANTENNA_wire1866_A/DIODE                1.000000    1.038221   -0.038221 (VIOLATED)
i_soc.i_cpu.core_i.ex_stage_i.mult_i._20129_/A    1.000000    1.038167   -0.038167 (VIOLATED)
ANTENNA_i_soc.i_cpu.core_i.ex_stage_i.mult_i._20129__A/DIODE    1.000000    1.038166   -0.038166 (VIOLATED)
ANTENNA_i_soc.i_cpu.core_i.id_stage_i._2566__B2/DIODE    1.000000    1.038114   -0.038114 (VIOLATED)
i_soc.i_cpu.core_i.id_stage_i._2566_/B2    1.000000    1.038109   -0.038109 (VIOLATED)
i_soc.i_cpu.core_i.ex_stage_i.mult_i._20458_/A1    1.000000    1.038098   -0.038098 (VIOLATED)
ANTENNA_i_soc.i_cpu.core_i.ex_stage_i.mult_i._20458__A1/DIODE    1.000000    1.038096   -0.038096 (VIOLATED)
load_slew1252/A                         1.000000    1.037973   -0.037973 (VIOLATED)
ANTENNA_load_slew1252_A/DIODE           1.000000    1.037972   -0.037972 (VIOLATED)
load_slew1867/A                         1.000000    1.037972   -0.037972 (VIOLATED)
ANTENNA_load_slew1867_A/DIODE           1.000000    1.037972   -0.037972 (VIOLATED)
ANTENNA_i_soc.i_crossbar._1120__X/DIODE    1.000000    1.037972   -0.037972 (VIOLATED)
i_soc.i_crossbar._1120_/X               1.000000    1.037953   -0.037953 (VIOLATED)
ANTENNA_i_soc.i_cpu.core_i.ex_stage_i.mult_i._20141__A1/DIODE    1.000000    1.037950   -0.037950 (VIOLATED)
ANTENNA_i_soc.i_crossbar._1052__X/DIODE    1.000000    1.037949   -0.037949 (VIOLATED)
i_soc.i_crossbar._1052_/X               1.000000    1.037938   -0.037938 (VIOLATED)
i_soc.i_cpu.core_i.ex_stage_i.mult_i._20141_/A1    1.000000    1.037930   -0.037930 (VIOLATED)
ANTENNA_i_soc.i_cpu.core_i.id_stage_i._2553__B2/DIODE    1.000000    1.037927   -0.037927 (VIOLATED)
i_soc.i_cpu.core_i.id_stage_i._2553_/B2    1.000000    1.037894   -0.037894 (VIOLATED)
ANTENNA_i_soc.i_cpu.core_i.id_stage_i._2508__X/DIODE    1.000000    1.037855   -0.037855 (VIOLATED)
i_soc.i_cpu.core_i.id_stage_i._2508_/X    1.000000    1.037851   -0.037851 (VIOLATED)
ANTENNA_i_soc.i_cpu.core_i.ex_stage_i.mult_i._19664__A/DIODE    1.000000    1.037820   -0.037820 (VIOLATED)
i_soc.i_cpu.core_i.ex_stage_i.mult_i._19664_/A    1.000000    1.037743   -0.037743 (VIOLATED)
ANTENNA_i_soc.i_ai_sram.u_sram.gen_bank[8].gen_512.u_macro_din0[16]/DIODE    1.000000    1.037348   -0.037348 (VIOLATED)
ANTENNA_i_soc.i_cpu.core_i.ex_stage_i.mult_i._19464__C/DIODE    1.000000    1.036897   -0.036897 (VIOLATED)
i_soc.i_cpu.core_i.ex_stage_i.mult_i._19464_/C    1.000000    1.036771   -0.036771 (VIOLATED)
ANTENNA_i_soc.i_cpu.core_i.ex_stage_i.mult_i._19465__A1_N/DIODE    1.000000    1.036747   -0.036747 (VIOLATED)
i_soc.i_ai_sram.u_sram.gen_bank[1].gen_512.u_macro/din0[15]    1.000000    1.036589   -0.036589 (VIOLATED)
i_soc.i_cpu.core_i.ex_stage_i.mult_i._19465_/A1_N    1.000000    1.036561   -0.036561 (VIOLATED)
i_soc.i_cpu.core_i.ex_stage_i.mult_i._18677_/A    1.000000    1.036484   -0.036484 (VIOLATED)
ANTENNA_i_soc.i_cpu.core_i.ex_stage_i.mult_i._18677__A/DIODE    1.000000    1.036477   -0.036477 (VIOLATED)
i_soc.i_cpu.core_i.ex_stage_i.mult_i._19096_/A1    1.000000    1.036452   -0.036452 (VIOLATED)
ANTENNA_i_soc.i_cpu.core_i.ex_stage_i.mult_i._19096__A1/DIODE    1.000000    1.036444   -0.036444 (VIOLATED)
i_soc.i_ai_sram.u_sram.gen_bank[7].gen_512.u_macro/din0[14]    1.000000    1.036414   -0.036414 (VIOLATED)
i_soc.i_ai_sram.u_sram.gen_bank[13].gen_512.u_macro/din0[21]    1.000000    1.036325   -0.036325 (VIOLATED)
ANTENNA_i_soc.i_cpu.core_i.ex_stage_i.mult_i._19089__A/DIODE    1.000000    1.036293   -0.036293 (VIOLATED)
i_soc.i_cpu.core_i.ex_stage_i.mult_i._19089_/A    1.000000    1.036265   -0.036265 (VIOLATED)
load_slew5071/A                         1.000000    1.035984   -0.035984 (VIOLATED)
ANTENNA_i_soc.i_qspi._13241__A1/DIODE    1.000000    1.035983   -0.035983 (VIOLATED)
i_soc.i_qspi._13241_/A1                 1.000000    1.035983   -0.035983 (VIOLATED)
ANTENNA_load_slew5071_A/DIODE           1.000000    1.035981   -0.035981 (VIOLATED)
i_soc.i_qspi._13969_/A1                 1.000000    1.035972   -0.035972 (VIOLATED)
ANTENNA_i_soc.i_qspi._13969__A1/DIODE    1.000000    1.035968   -0.035968 (VIOLATED)
i_soc.i_qspi._14896_/A1                 1.000000    1.035965   -0.035965 (VIOLATED)
ANTENNA_i_soc.i_qspi._14896__A1/DIODE    1.000000    1.035964   -0.035964 (VIOLATED)
i_soc.i_qspi._14698_/A1                 1.000000    1.035962   -0.035962 (VIOLATED)
ANTENNA_i_soc.i_qspi._14698__A1/DIODE    1.000000    1.035960   -0.035960 (VIOLATED)
i_soc.i_qspi._14334_/A1                 1.000000    1.035934   -0.035934 (VIOLATED)
ANTENNA_i_soc.i_qspi._14334__A1/DIODE    1.000000    1.035931   -0.035931 (VIOLATED)
i_soc.i_qspi._14863_/A1                 1.000000    1.035899   -0.035899 (VIOLATED)
ANTENNA_i_soc.i_qspi._14863__A1/DIODE    1.000000    1.035874   -0.035874 (VIOLATED)
ANTENNA_272/DIODE                       1.000000    1.035678   -0.035678 (VIOLATED)
i_soc.i_qspi._12938_/A1                 1.000000    1.035640   -0.035639 (VIOLATED)
ANTENNA_i_soc.i_qspi._12938__A1/DIODE    1.000000    1.035617   -0.035618 (VIOLATED)
i_soc.i_qspi._14962_/A1                 1.000000    1.035569   -0.035569 (VIOLATED)
ANTENNA_i_soc.i_qspi._14962__A1/DIODE    1.000000    1.035568   -0.035568 (VIOLATED)
ANTENNA_i_soc.i_qspi._13006__A1/DIODE    1.000000    1.035527   -0.035527 (VIOLATED)
i_soc.i_qspi._13006_/A1                 1.000000    1.035498   -0.035498 (VIOLATED)
i_soc.i_qspi._13074_/A1                 1.000000    1.035448   -0.035448 (VIOLATED)
ANTENNA_i_soc.i_qspi._13074__A1/DIODE    1.000000    1.035409   -0.035409 (VIOLATED)
i_soc.i_qspi._14929_/A1                 1.000000    1.035322   -0.035322 (VIOLATED)
ANTENNA_i_soc.i_qspi._14929__A1/DIODE    1.000000    1.035293   -0.035293 (VIOLATED)
i_soc.i_qspi._12904_/A1                 1.000000    1.035251   -0.035251 (VIOLATED)
ANTENNA_i_soc.i_qspi._12904__A1/DIODE    1.000000    1.035246   -0.035246 (VIOLATED)
i_soc.i_qspi._13040_/A1                 1.000000    1.035222   -0.035222 (VIOLATED)
ANTENNA_i_soc.i_qspi._13040__A1/DIODE    1.000000    1.035221   -0.035221 (VIOLATED)
i_soc.i_qspi._12972_/A1                 1.000000    1.035188   -0.035188 (VIOLATED)
ANTENNA_i_soc.i_qspi._12972__A1/DIODE    1.000000    1.035184   -0.035184 (VIOLATED)
load_slew261/A                          1.000000    1.035167   -0.035167 (VIOLATED)
i_soc.i_ai_sram.u_sram.gen_bank[1].gen_512.u_macro/din0[1]    1.000000    1.035157   -0.035157 (VIOLATED)
i_soc.i_qspi._15077_/A0                 1.000000    1.035142   -0.035142 (VIOLATED)
ANTENNA_load_slew261_A/DIODE            1.000000    1.035139   -0.035139 (VIOLATED)
ANTENNA_i_soc.i_qspi._15077__A0/DIODE    1.000000    1.035138   -0.035138 (VIOLATED)
ANTENNA_fanout5070_X/DIODE              1.000000    1.035138   -0.035138 (VIOLATED)
fanout5070/X                            1.000000    1.035135   -0.035135 (VIOLATED)
i_soc.i_cpu.core_i.ex_stage_i.alu_i._5729_/A0    1.000000    1.034943   -0.034943 (VIOLATED)
ANTENNA_i_soc.i_cpu.core_i.ex_stage_i.alu_i._5729__A0/DIODE    1.000000    1.034936   -0.034936 (VIOLATED)
load_slew1614/A                         1.000000    1.034872   -0.034872 (VIOLATED)
ANTENNA_i_soc.i_cpu.core_i.ex_stage_i.mult_i._18682__A1/DIODE    1.000000    1.034821   -0.034821 (VIOLATED)
i_soc.i_cpu.core_i.ex_stage_i.alu_i._6256_/B2    1.000000    1.034701   -0.034701 (VIOLATED)
i_soc.i_cpu.core_i.id_stage_i.register_file_i._4984_/C1    1.000000    1.034649   -0.034649 (VIOLATED)
ANTENNA_i_soc.i_cpu.core_i.id_stage_i.register_file_i._4984__C1/DIODE    1.000000    1.034645   -0.034645 (VIOLATED)
i_soc.i_cpu.core_i.id_stage_i.register_file_i._4912_/A    1.000000    1.034634   -0.034634 (VIOLATED)
i_soc.i_cpu.core_i.ex_stage_i.mult_i._18682_/A1    1.000000    1.034630   -0.034630 (VIOLATED)
ANTENNA_i_soc.i_cpu.core_i.id_stage_i.register_file_i._4912__A/DIODE    1.000000    1.034629   -0.034629 (VIOLATED)
i_soc.i_cpu.core_i.id_stage_i.register_file_i._4808_/A1    1.000000    1.034611   -0.034611 (VIOLATED)
ANTENNA_i_soc.i_cpu.core_i.id_stage_i.register_file_i._4808__A1/DIODE    1.000000    1.034609   -0.034609 (VIOLATED)
ANTENNA_i_soc.i_cpu.core_i.ex_stage_i.alu_i._6256__B2/DIODE    1.000000    1.034568   -0.034568 (VIOLATED)
wire1955/A                              1.000000    1.034560   -0.034560 (VIOLATED)
ANTENNA_wire1955_A/DIODE                1.000000    1.034559   -0.034559 (VIOLATED)
i_soc.i_cpu.core_i.ex_stage_i.alu_i._3406_/A    1.000000    1.034553   -0.034553 (VIOLATED)
ANTENNA_i_soc.i_cpu.core_i.ex_stage_i.alu_i._3406__A/DIODE    1.000000    1.034545   -0.034545 (VIOLATED)
ANTENNA_i_soc.i_cpu.core_i.id_stage_i.register_file_i._4843__C1/DIODE    1.000000    1.034535   -0.034535 (VIOLATED)
i_soc.i_cpu.core_i.id_stage_i.register_file_i._4843_/C1    1.000000    1.034511   -0.034511 (VIOLATED)
i_soc.i_cpu.core_i.id_stage_i.register_file_i._4969_/C1    1.000000    1.034509   -0.034509 (VIOLATED)
ANTENNA_i_soc.i_cpu.core_i.id_stage_i.register_file_i._4969__C1/DIODE    1.000000    1.034507   -0.034507 (VIOLATED)
i_soc.i_cpu.core_i.id_stage_i.register_file_i._5002_/C1    1.000000    1.034501   -0.034501 (VIOLATED)
ANTENNA_i_soc.i_cpu.core_i.id_stage_i.register_file_i._5002__C1/DIODE    1.000000    1.034499   -0.034499 (VIOLATED)
fanout3648/A                            1.000000    1.034473   -0.034473 (VIOLATED)
ANTENNA_fanout3648_A/DIODE              1.000000    1.034471   -0.034471 (VIOLATED)
i_soc.i_cpu.core_i.id_stage_i.register_file_i._5023_/C1    1.000000    1.034416   -0.034416 (VIOLATED)
ANTENNA_i_soc.i_cpu.core_i.id_stage_i.register_file_i._5023__C1/DIODE    1.000000    1.034413   -0.034413 (VIOLATED)
load_slew1958/A                         1.000000    1.034412   -0.034412 (VIOLATED)
ANTENNA_load_slew1958_A/DIODE           1.000000    1.034404   -0.034404 (VIOLATED)
i_soc.i_cpu.core_i.id_stage_i.register_file_i._5041_/C1    1.000000    1.034401   -0.034401 (VIOLATED)
ANTENNA_i_soc.i_cpu.core_i.id_stage_i.register_file_i._5041__C1/DIODE    1.000000    1.034389   -0.034389 (VIOLATED)
i_soc.i_cpu.core_i.id_stage_i.decoder_i._317_/A_N    1.000000    1.034369   -0.034369 (VIOLATED)
ANTENNA_i_soc.i_cpu.core_i.id_stage_i.decoder_i._317__A_N/DIODE    1.000000    1.034369   -0.034369 (VIOLATED)
i_soc.i_cpu.core_i.id_stage_i.decoder_i._313_/D    1.000000    1.034364   -0.034364 (VIOLATED)
ANTENNA_i_soc.i_cpu.core_i.id_stage_i.decoder_i._313__D/DIODE    1.000000    1.034359   -0.034359 (VIOLATED)
i_soc.i_cpu.core_i.id_stage_i.decoder_i._350_/A2    1.000000    1.034350   -0.034350 (VIOLATED)
ANTENNA_i_soc.i_cpu.core_i.id_stage_i.decoder_i._350__A2/DIODE    1.000000    1.034347   -0.034347 (VIOLATED)
i_soc.i_cpu.core_i.id_stage_i.decoder_i._329_/B    1.000000    1.034306   -0.034306 (VIOLATED)
ANTENNA_i_soc.i_cpu.core_i.id_stage_i.decoder_i._329__B/DIODE    1.000000    1.034293   -0.034293 (VIOLATED)
fanout3652/A                            1.000000    1.034248   -0.034248 (VIOLATED)
ANTENNA_fanout3652_A/DIODE              1.000000    1.034241   -0.034241 (VIOLATED)
i_soc.i_crossbar._0320_/A0              1.000000    1.034203   -0.034203 (VIOLATED)
ANTENNA_i_soc.i_crossbar._0320__A0/DIODE    1.000000    1.034202   -0.034202 (VIOLATED)
i_soc.i_cpu.core_i.ex_stage_i.alu_i._3662_/D    1.000000    1.034136   -0.034136 (VIOLATED)
i_soc.i_ai_sram.u_sram.gen_bank[7].gen_512.u_macro/din0[8]    1.000000    1.034134   -0.034134 (VIOLATED)
i_soc.i_cpu.core_i.if_stage_i._804_/A0    1.000000    1.034075   -0.034075 (VIOLATED)
ANTENNA_i_soc.i_cpu.core_i.if_stage_i._804__A0/DIODE    1.000000    1.034070   -0.034071 (VIOLATED)
ANTENNA_i_soc.i_cpu.core_i.if_stage_i._871__Q/DIODE    1.000000    1.034040   -0.034040 (VIOLATED)
i_soc.i_cpu.core_i.if_stage_i._871_/Q    1.000000    1.034035   -0.034035 (VIOLATED)
i_soc.i_qspi._16148_/A1                 1.000000    1.034015   -0.034015 (VIOLATED)
ANTENNA_i_soc.i_qspi._16148__A1/DIODE    1.000000    1.034011   -0.034011 (VIOLATED)
ANTENNA_i_soc.i_cpu.core_i.ex_stage_i.alu_i._3662__D/DIODE    1.000000    1.034004   -0.034004 (VIOLATED)
i_soc.i_qspi._16302_/A1                 1.000000    1.033951   -0.033951 (VIOLATED)
ANTENNA_i_soc.i_qspi._16302__A1/DIODE    1.000000    1.033938   -0.033938 (VIOLATED)
ANTENNA_i_soc.i_cpu.core_i.ex_stage_i.mult_i._18337__A/DIODE    1.000000    1.033908   -0.033908 (VIOLATED)
i_soc.i_ai_sram.u_sram.gen_bank[9].gen_512.u_macro/din0[25]    1.000000    1.033747   -0.033747 (VIOLATED)
i_soc.i_qspi._16790_/A1                 1.000000    1.033726   -0.033726 (VIOLATED)
ANTENNA_i_soc.i_qspi._16790__A1/DIODE    1.000000    1.033726   -0.033725 (VIOLATED)
load_slew3521/A                         1.000000    1.033721   -0.033721 (VIOLATED)
ANTENNA_load_slew3521_A/DIODE           1.000000    1.033720   -0.033720 (VIOLATED)
i_soc.i_qspi._16794_/A1                 1.000000    1.033703   -0.033703 (VIOLATED)
ANTENNA_i_soc.i_qspi._16794__A1/DIODE    1.000000    1.033696   -0.033696 (VIOLATED)
i_soc.i_qspi._16796_/B2                 1.000000    1.033691   -0.033691 (VIOLATED)
ANTENNA_i_soc.i_cpu.core_i.ex_stage_i.alu_i._6248__A0/DIODE    1.000000    1.033690   -0.033690 (VIOLATED)
i_soc.i_cpu.core_i.ex_stage_i.alu_i._6248_/A0    1.000000    1.033690   -0.033690 (VIOLATED)
ANTENNA_i_soc.i_qspi._16796__B2/DIODE    1.000000    1.033689   -0.033689 (VIOLATED)
i_soc.i_qspi._16767_/A1                 1.000000    1.033665   -0.033665 (VIOLATED)
ANTENNA_i_soc.i_qspi._16767__A1/DIODE    1.000000    1.033663   -0.033663 (VIOLATED)
wire1347/A                              1.000000    1.033660   -0.033660 (VIOLATED)
load_slew3542/A                         1.000000    1.033656   -0.033656 (VIOLATED)
ANTENNA_load_slew3542_A/DIODE           1.000000    1.033654   -0.033654 (VIOLATED)
i_soc.i_qspi._15922_/C1                 1.000000    1.033650   -0.033650 (VIOLATED)
ANTENNA_i_soc.i_qspi._15922__C1/DIODE    1.000000    1.033650   -0.033650 (VIOLATED)
ANTENNA_i_soc.i_qspi._15926__B2/DIODE    1.000000    1.033637   -0.033637 (VIOLATED)
i_soc.i_qspi._15926_/B2                 1.000000    1.033630   -0.033630 (VIOLATED)
ANTENNA_i_soc.i_qspi._15929__B2/DIODE    1.000000    1.033622   -0.033622 (VIOLATED)
i_soc.i_qspi._15929_/B2                 1.000000    1.033622   -0.033622 (VIOLATED)
i_soc.i_qspi._15933_/A1                 1.000000    1.033620   -0.033620 (VIOLATED)
ANTENNA_i_soc.i_qspi._15933__A1/DIODE    1.000000    1.033617   -0.033617 (VIOLATED)
i_soc.i_qspi._15919_/A1                 1.000000    1.033614   -0.033614 (VIOLATED)
ANTENNA_i_soc.i_qspi._15919__A1/DIODE    1.000000    1.033612   -0.033612 (VIOLATED)
fanout3516/A                            1.000000    1.033603   -0.033603 (VIOLATED)
ANTENNA_fanout3516_A/DIODE              1.000000    1.033603   -0.033603 (VIOLATED)
ANTENNA_fanout3520_X/DIODE              1.000000    1.033603   -0.033603 (VIOLATED)
fanout3520/X                            1.000000    1.033599   -0.033599 (VIOLATED)
i_soc.i_qspi._15465_/A1                 1.000000    1.033593   -0.033593 (VIOLATED)
ANTENNA_i_soc.i_qspi._15465__A1/DIODE    1.000000    1.033593   -0.033593 (VIOLATED)
i_soc.i_cpu.core_i.ex_stage_i.mult_i._18337_/A    1.000000    1.033590   -0.033590 (VIOLATED)
ANTENNA_wire1347_A/DIODE                1.000000    1.033400   -0.033400 (VIOLATED)
i_soc.i_qspi._15656_/A1                 1.000000    1.033373   -0.033373 (VIOLATED)
ANTENNA_i_soc.i_qspi._15656__A1/DIODE    1.000000    1.033373   -0.033373 (VIOLATED)
ANTENNA_fanout3539_X/DIODE              1.000000    1.033367   -0.033367 (VIOLATED)
fanout3539/X                            1.000000    1.033364   -0.033364 (VIOLATED)
ANTENNA_load_slew1614_A/DIODE           1.000000    1.033240   -0.033240 (VIOLATED)
ANTENNA_i_soc.i_instr_sram.u_sram._15__X/DIODE    1.000000    1.033126   -0.033126 (VIOLATED)
i_soc.i_instr_sram.u_sram._15_/X        1.000000    1.033115   -0.033115 (VIOLATED)
i_soc.i_ai_sram.u_sram._516_/A3         1.000000    1.032822   -0.032822 (VIOLATED)
ANTENNA_i_soc.i_ai_sram.u_sram._516__A3/DIODE    1.000000    1.032822   -0.032822 (VIOLATED)
i_soc.i_ai_sram.u_sram._538_/A3         1.000000    1.032374   -0.032374 (VIOLATED)
ANTENNA_i_soc.i_ai_sram.u_sram._538__A3/DIODE    1.000000    1.032372   -0.032372 (VIOLATED)
i_soc.i_cpu.core_i.ex_stage_i.mult_i._18035_/B    1.000000    1.032301   -0.032301 (VIOLATED)
wire1255/A                              1.000000    1.032284   -0.032284 (VIOLATED)
ANTENNA_wire1255_A/DIODE                1.000000    1.032282   -0.032282 (VIOLATED)
ANTENNA_i_soc.i_cpu.core_i.ex_stage_i.mult_i._18035__B/DIODE    1.000000    1.032135   -0.032135 (VIOLATED)
ANTENNA_load_slew1256_A/DIODE           1.000000    1.031998   -0.031998 (VIOLATED)
load_slew1256/A                         1.000000    1.031980   -0.031980 (VIOLATED)
ANTENNA_i_soc.i_crossbar._1119__X/DIODE    1.000000    1.031967   -0.031967 (VIOLATED)
i_soc.i_crossbar._1119_/X               1.000000    1.031930   -0.031930 (VIOLATED)
i_soc.i_cpu.core_i.ex_stage_i.mult_i._18034_/B2    1.000000    1.031806   -0.031806 (VIOLATED)
i_soc.i_ai_sram.u_sram.gen_bank[11].gen_512.u_macro/din0[9]    1.000000    1.031603   -0.031603 (VIOLATED)
i_soc.i_cpu.core_i.ex_stage_i.alu_i._4189_/B    1.000000    1.031551   -0.031551 (VIOLATED)
ANTENNA_i_soc.i_cpu.core_i.ex_stage_i.alu_i._4189__B/DIODE    1.000000    1.031547   -0.031547 (VIOLATED)
i_soc.i_cpu.core_i.ex_stage_i.alu_i._4188_/A    1.000000    1.031539   -0.031539 (VIOLATED)
ANTENNA_i_soc.i_cpu.core_i.ex_stage_i.alu_i._4188__A/DIODE    1.000000    1.031535   -0.031535 (VIOLATED)
i_soc.i_cpu.core_i.ex_stage_i.alu_i._5922_/B2    1.000000    1.031479   -0.031479 (VIOLATED)
ANTENNA_i_soc.i_cpu.core_i.ex_stage_i.alu_i._5922__B2/DIODE    1.000000    1.031477   -0.031477 (VIOLATED)
i_soc.i_cpu.core_i.ex_stage_i.alu_i._5905_/B1    1.000000    1.031461   -0.031461 (VIOLATED)
ANTENNA_i_soc.i_cpu.core_i.ex_stage_i.alu_i._5905__B1/DIODE    1.000000    1.031461   -0.031461 (VIOLATED)
ANTENNA_i_soc.i_cpu.core_i.ex_stage_i.mult_i._18034__B2/DIODE    1.000000    1.031354   -0.031354 (VIOLATED)
ANTENNA_i_soc.i_cpu.core_i.ex_stage_i.alu_i._4187__Y/DIODE    1.000000    1.031268   -0.031268 (VIOLATED)
i_soc.i_cpu.core_i.ex_stage_i.alu_i._4187_/Y    1.000000    1.031268   -0.031268 (VIOLATED)
ANTENNA_i_soc.i_ai_sram.u_sram.gen_bank[2].gen_512.u_macro_din0[28]/DIODE    1.000000    1.031224   -0.031224 (VIOLATED)
i_soc.i_ai_sram.u_sram.gen_bank[5].gen_512.u_macro/din0[22]    1.000000    1.031168   -0.031168 (VIOLATED)
i_soc.i_ai_sram.u_sram.gen_bank[6].gen_512.u_macro/din0[3]    1.000000    1.030759   -0.030759 (VIOLATED)
ANTENNA_i_soc.i_cpu.core_i.id_stage_i._3733__Q/DIODE    1.000000    1.030670   -0.030670 (VIOLATED)
ANTENNA_i_soc.i_cpu.core_i.id_stage_i._3087__A1/DIODE    1.000000    1.030651   -0.030651 (VIOLATED)
i_soc.i_cpu.core_i.id_stage_i._3087_/A1    1.000000    1.030651   -0.030651 (VIOLATED)
i_soc.i_cpu.core_i.id_stage_i._3733_/Q    1.000000    1.030651   -0.030651 (VIOLATED)
i_soc.i_ai_sram.u_sram.gen_bank[5].gen_512.u_macro/din0[12]    1.000000    1.030532   -0.030532 (VIOLATED)
i_soc.i_cpu.core_i.ex_stage_i.mult_i._15228_/A0    1.000000    1.030469   -0.030469 (VIOLATED)
ANTENNA_i_soc.i_cpu.core_i.ex_stage_i.mult_i._15228__A0/DIODE    1.000000    1.030466   -0.030466 (VIOLATED)
ANTENNA_i_soc.i_cpu.core_i.ex_stage_i.mult_i._14877__A0/DIODE    1.000000    1.030465   -0.030465 (VIOLATED)
i_soc.i_cpu.core_i.ex_stage_i.mult_i._14877_/A0    1.000000    1.030463   -0.030463 (VIOLATED)
i_soc.i_crossbar._0497_/A0              1.000000    1.030386   -0.030386 (VIOLATED)
ANTENNA_i_soc.i_crossbar._0497__A0/DIODE    1.000000    1.030373   -0.030373 (VIOLATED)
i_soc.i_cpu.core_i.ex_stage_i.mult_i._17765_/A    1.000000    1.030230   -0.030230 (VIOLATED)
ANTENNA_i_soc.i_cpu.core_i.ex_stage_i.mult_i._17765__A/DIODE    1.000000    1.030213   -0.030213 (VIOLATED)
i_soc.i_ai_sram.u_sram.gen_bank[11].gen_512.u_macro/din0[22]    1.000000    1.029865   -0.029865 (VIOLATED)
ANTENNA_load_slew1956_A/DIODE           1.000000    1.029724   -0.029724 (VIOLATED)
i_soc.i_dm_top.i_dm_csrs._1789_/A2      1.000000    1.029721   -0.029721 (VIOLATED)
ANTENNA_i_soc.i_dm_top.i_dm_csrs._1789__A2/DIODE    1.000000    1.029718   -0.029718 (VIOLATED)
i_soc.i_dm_top.i_dm_csrs._1780_/A2      1.000000    1.029698   -0.029698 (VIOLATED)
ANTENNA_i_soc.i_dm_top.i_dm_csrs._1780__A2/DIODE    1.000000    1.029695   -0.029695 (VIOLATED)
i_soc.i_dm_top.i_dm_csrs._1754_/A2      1.000000    1.029686   -0.029686 (VIOLATED)
ANTENNA_i_soc.i_dm_top.i_dm_csrs._1754__A2/DIODE    1.000000    1.029684   -0.029684 (VIOLATED)
ANTENNA_i_soc.i_ai_sram.u_sram.gen_bank[2].gen_512.u_macro_din0[26]/DIODE    1.000000    1.029677   -0.029677 (VIOLATED)
i_soc.i_dm_top.i_dm_csrs._1763_/A2      1.000000    1.029669   -0.029669 (VIOLATED)
ANTENNA_i_soc.i_dm_top.i_dm_csrs._1763__A2/DIODE    1.000000    1.029658   -0.029658 (VIOLATED)
i_soc.i_dm_top.i_dm_csrs._1741_/A2      1.000000    1.029613   -0.029613 (VIOLATED)
ANTENNA_i_soc.i_dm_top.i_dm_csrs._1741__A2/DIODE    1.000000    1.029609   -0.029609 (VIOLATED)
i_soc.i_dm_top.i_dm_csrs._1586_/A2      1.000000    1.029589   -0.029589 (VIOLATED)
load_slew1956/A                         1.000000    1.029589   -0.029589 (VIOLATED)
ANTENNA_i_soc.i_dm_top.i_dm_csrs._1586__A2/DIODE    1.000000    1.029587   -0.029587 (VIOLATED)
ANTENNA_i_soc.i_dm_top.i_dm_csrs._1492__B/DIODE    1.000000    1.029580   -0.029580 (VIOLATED)
i_soc.i_dm_top.i_dm_csrs._1492_/B       1.000000    1.029579   -0.029579 (VIOLATED)
i_soc.i_dm_top.i_dm_csrs._1491_/B       1.000000    1.029576   -0.029576 (VIOLATED)
i_soc.i_dm_top.i_dm_csrs._1534_/B       1.000000    1.029571   -0.029571 (VIOLATED)
ANTENNA_i_soc.i_dm_top.i_dm_csrs._1534__B/DIODE    1.000000    1.029570   -0.029570 (VIOLATED)
ANTENNA_i_soc.i_dm_top.i_dm_csrs._1491__B/DIODE    1.000000    1.029567   -0.029567 (VIOLATED)
ANTENNA_i_soc.i_dm_top.i_dm_csrs._1522__B/DIODE    1.000000    1.029549   -0.029549 (VIOLATED)
i_soc.i_dm_top.i_dm_csrs._1522_/B       1.000000    1.029540   -0.029540 (VIOLATED)
i_soc.i_cpu.core_i.id_stage_i.register_file_i._4449_/C1    1.000000    1.029498   -0.029498 (VIOLATED)
i_soc.i_cpu.core_i.id_stage_i.register_file_i._4745_/C1    1.000000    1.029498   -0.029498 (VIOLATED)
ANTENNA_i_soc.i_cpu.core_i.id_stage_i.register_file_i._4745__C1/DIODE    1.000000    1.029497   -0.029497 (VIOLATED)
ANTENNA_i_soc.i_cpu.core_i.id_stage_i.register_file_i._4449__C1/DIODE    1.000000    1.029497   -0.029497 (VIOLATED)
ANTENNA_load_slew3144_A/DIODE           1.000000    1.029494   -0.029494 (VIOLATED)
i_soc.i_cpu.core_i.id_stage_i.register_file_i._4055_/A1    1.000000    1.029481   -0.029481 (VIOLATED)
ANTENNA_i_soc.i_crossbar._1050__X/DIODE    1.000000    1.029480   -0.029480 (VIOLATED)
load_slew3144/A                         1.000000    1.029475   -0.029475 (VIOLATED)
i_soc.i_dm_top.i_dm_csrs._1543_/A2      1.000000    1.029475   -0.029475 (VIOLATED)
ANTENNA_i_soc.i_dm_top.i_dm_csrs._1543__A2/DIODE    1.000000    1.029475   -0.029475 (VIOLATED)
ANTENNA_i_soc.i_cpu.core_i.id_stage_i.register_file_i._4055__A1/DIODE    1.000000    1.029475   -0.029475 (VIOLATED)
i_soc.i_cpu.core_i.id_stage_i.register_file_i._4375_/C1    1.000000    1.029451   -0.029451 (VIOLATED)
ANTENNA_i_soc.i_cpu.core_i.id_stage_i.register_file_i._4375__C1/DIODE    1.000000    1.029450   -0.029450 (VIOLATED)
i_soc.i_dm_top.i_dm_csrs._1570_/A2      1.000000    1.029444   -0.029444 (VIOLATED)
i_soc.i_cpu.core_i.id_stage_i.register_file_i._4155_/A1    1.000000    1.029443   -0.029443 (VIOLATED)
i_soc.i_cpu.core_i.ex_stage_i.mult_i._18533_/A1    1.000000    1.029443   -0.029443 (VIOLATED)
ANTENNA_i_soc.i_cpu.core_i.ex_stage_i.mult_i._18532__A/DIODE    1.000000    1.029442   -0.029442 (VIOLATED)
ANTENNA_i_soc.i_cpu.core_i.id_stage_i.register_file_i._4155__A1/DIODE    1.000000    1.029442   -0.029442 (VIOLATED)
i_soc.i_cpu.core_i.ex_stage_i.mult_i._18532_/A    1.000000    1.029441   -0.029441 (VIOLATED)
ANTENNA_fanout3142_X/DIODE              1.000000    1.029441   -0.029441 (VIOLATED)
ANTENNA_i_soc.i_dm_top.i_dm_csrs._1570__A2/DIODE    1.000000    1.029441   -0.029441 (VIOLATED)
fanout3142/X                            1.000000    1.029439   -0.029439 (VIOLATED)
i_soc.i_cpu.core_i.id_stage_i.register_file_i._4127_/C1    1.000000    1.029438   -0.029438 (VIOLATED)
ANTENNA_i_soc.i_cpu.core_i.id_stage_i.register_file_i._4127__C1/DIODE    1.000000    1.029437   -0.029437 (VIOLATED)
i_soc.i_cpu.core_i.id_stage_i.register_file_i._4250_/C1    1.000000    1.029437   -0.029437 (VIOLATED)
ANTENNA_i_soc.i_cpu.core_i.id_stage_i.register_file_i._4250__C1/DIODE    1.000000    1.029434   -0.029434 (VIOLATED)
wire1342/A                              1.000000    1.029432   -0.029432 (VIOLATED)
ANTENNA_i_soc.i_cpu.core_i.ex_stage_i.mult_i._18533__A1/DIODE    1.000000    1.029430   -0.029430 (VIOLATED)
i_soc.i_cpu.core_i.id_stage_i.register_file_i._4029_/C1    1.000000    1.029423   -0.029423 (VIOLATED)
ANTENNA_i_soc.i_cpu.core_i.id_stage_i.register_file_i._4029__C1/DIODE    1.000000    1.029423   -0.029422 (VIOLATED)
i_soc.i_cpu.core_i.ex_stage_i.mult_i._18903_/B2    1.000000    1.029418   -0.029418 (VIOLATED)
i_soc.i_crossbar._0464_/A0              1.000000    1.029417   -0.029417 (VIOLATED)
i_soc.i_cpu.core_i.ex_stage_i.mult_i._19270_/A1    1.000000    1.029417   -0.029417 (VIOLATED)
ANTENNA_i_soc.i_cpu.core_i.ex_stage_i.mult_i._18903__B2/DIODE    1.000000    1.029415   -0.029415 (VIOLATED)
load_slew3790/A                         1.000000    1.029410   -0.029410 (VIOLATED)
ANTENNA_load_slew3790_A/DIODE           1.000000    1.029408   -0.029407 (VIOLATED)
ANTENNA_i_soc.i_cpu.core_i.id_stage_i.register_file_i._4227__C1/DIODE    1.000000    1.029407   -0.029407 (VIOLATED)
ANTENNA_i_soc.i_crossbar._0464__A0/DIODE    1.000000    1.029407   -0.029407 (VIOLATED)
i_soc.i_crossbar._1050_/X               1.000000    1.029405   -0.029405 (VIOLATED)
i_soc.i_cpu.core_i.id_stage_i.register_file_i._4227_/C1    1.000000    1.029404   -0.029404 (VIOLATED)
ANTENNA_fanout3789_X/DIODE              1.000000    1.029402   -0.029402 (VIOLATED)
ANTENNA_i_soc.i_cpu.core_i.ex_stage_i.mult_i._19270__A1/DIODE    1.000000    1.029398   -0.029398 (VIOLATED)
fanout3789/X                            1.000000    1.029397   -0.029397 (VIOLATED)
i_soc.i_cpu.core_i.ex_stage_i.mult_i._17937_/A    1.000000    1.029370   -0.029370 (VIOLATED)
ANTENNA_i_soc.i_cpu.core_i.ex_stage_i.mult_i._17937__A/DIODE    1.000000    1.029342   -0.029342 (VIOLATED)
i_soc.i_cpu.core_i.ex_stage_i.mult_i._17674_/A    1.000000    1.029308   -0.029308 (VIOLATED)
i_soc.i_ai_sram.u_sram.gen_bank[8].gen_512.u_macro/din0[2]    1.000000    1.029301   -0.029301 (VIOLATED)
ANTENNA_i_soc.i_cpu.core_i.ex_stage_i.mult_i._17674__A/DIODE    1.000000    1.029298   -0.029298 (VIOLATED)
i_soc.i_cpu.core_i.ex_stage_i.mult_i._17156_/A    1.000000    1.029290   -0.029290 (VIOLATED)
ANTENNA_i_soc.i_cpu.core_i.ex_stage_i.mult_i._17156__A/DIODE    1.000000    1.029290   -0.029290 (VIOLATED)
i_soc.i_cpu.core_i.ex_stage_i.mult_i._17421_/A    1.000000    1.029289   -0.029289 (VIOLATED)
ANTENNA_i_soc.i_cpu.core_i.ex_stage_i.mult_i._17421__A/DIODE    1.000000    1.029261   -0.029261 (VIOLATED)
ANTENNA_wire1342_A/DIODE                1.000000    1.029173   -0.029173 (VIOLATED)
i_soc.i_cpu.core_i.ex_stage_i.mult_i._15231_/B    1.000000    1.029127   -0.029127 (VIOLATED)
ANTENNA_i_soc.i_cpu.core_i.ex_stage_i.mult_i._15231__B/DIODE    1.000000    1.029106   -0.029106 (VIOLATED)
i_soc.i_cpu.core_i.ex_stage_i.mult_i._15363_/A    1.000000    1.029028   -0.029028 (VIOLATED)
ANTENNA_i_soc.i_cpu.core_i.ex_stage_i.mult_i._15363__A/DIODE    1.000000    1.028996   -0.028996 (VIOLATED)
i_soc.i_cpu.core_i.ex_stage_i.mult_i._15434_/A    1.000000    1.028976   -0.028976 (VIOLATED)
ANTENNA_i_soc.i_cpu.core_i.ex_stage_i.mult_i._15434__A/DIODE    1.000000    1.028975   -0.028975 (VIOLATED)
ANTENNA_i_soc.i_cpu.core_i.ex_stage_i.mult_i._14757__Y/DIODE    1.000000    1.028924   -0.028924 (VIOLATED)
i_soc.i_cpu.core_i.ex_stage_i.mult_i._14757_/Y    1.000000    1.028924   -0.028924 (VIOLATED)
load_slew1020/A                         1.000000    1.028870   -0.028870 (VIOLATED)
ANTENNA_load_slew1020_A/DIODE           1.000000    1.028267   -0.028267 (VIOLATED)
i_soc.i_ai_sram.u_sram.gen_bank[5].gen_512.u_macro/din0[5]    1.000000    1.028138   -0.028138 (VIOLATED)
ANTENNA_i_soc.i_cpu.core_i.ex_stage_i.alu_i._6488__A/DIODE    1.000000    1.027536   -0.027536 (VIOLATED)
i_soc.i_cpu.core_i.ex_stage_i.alu_i._6488_/A    1.000000    1.027536   -0.027536 (VIOLATED)
i_soc.i_cpu.core_i.ex_stage_i.alu_i._6490_/C1    1.000000    1.027534   -0.027534 (VIOLATED)
ANTENNA_i_soc.i_cpu.core_i.ex_stage_i.alu_i._6490__C1/DIODE    1.000000    1.027533   -0.027533 (VIOLATED)
ANTENNA_i_soc.i_ai_sram.u_sram.gen_bank[13].gen_512.u_macro_din0[26]/DIODE    1.000000    1.027526   -0.027526 (VIOLATED)
ANTENNA_i_soc.i_cpu.core_i.ex_stage_i.alu_i._6436__C1/DIODE    1.000000    1.027514   -0.027514 (VIOLATED)
ANTENNA_i_soc.i_ai_sram.u_sram.gen_bank[4].gen_512.u_macro_din0[4]/DIODE    1.000000    1.027500   -0.027500 (VIOLATED)
i_soc.i_cpu.core_i.ex_stage_i.alu_i._6436_/C1    1.000000    1.027500   -0.027500 (VIOLATED)
i_soc.i_cpu.core_i.ex_stage_i.alu_i._6520_/S    1.000000    1.027449   -0.027449 (VIOLATED)
ANTENNA_i_soc.i_cpu.core_i.ex_stage_i.alu_i._6520__S/DIODE    1.000000    1.027447   -0.027446 (VIOLATED)
i_soc.i_cpu.core_i.ex_stage_i.alu_i._6354_/S    1.000000    1.027399   -0.027399 (VIOLATED)
ANTENNA_i_soc.i_cpu.core_i.ex_stage_i.alu_i._6354__S/DIODE    1.000000    1.027399   -0.027399 (VIOLATED)
i_soc.i_cpu.core_i.ex_stage_i.alu_i._6357_/A1    1.000000    1.027395   -0.027395 (VIOLATED)
ANTENNA_i_soc.i_cpu.core_i.ex_stage_i.alu_i._6357__A1/DIODE    1.000000    1.027393   -0.027393 (VIOLATED)
i_soc.i_cpu.core_i.ex_stage_i.alu_i._6465_/C1    1.000000    1.027382   -0.027382 (VIOLATED)
ANTENNA_i_soc.i_cpu.core_i.ex_stage_i.alu_i._6465__C1/DIODE    1.000000    1.027379   -0.027379 (VIOLATED)
i_soc.i_cpu.core_i.ex_stage_i.alu_i._6330_/A    1.000000    1.027313   -0.027313 (VIOLATED)
ANTENNA_i_soc.i_cpu.core_i.ex_stage_i.alu_i._6330__A/DIODE    1.000000    1.027313   -0.027313 (VIOLATED)
ANTENNA_i_soc.i_cpu.core_i.ex_stage_i.alu_i._6319__Y/DIODE    1.000000    1.027255   -0.027255 (VIOLATED)
i_soc.i_cpu.core_i.ex_stage_i.alu_i._6319_/Y    1.000000    1.027255   -0.027255 (VIOLATED)
ANTENNA_i_soc.i_cpu.core_i.id_stage_i._3871__Q/DIODE    1.000000    1.027121   -0.027121 (VIOLATED)
i_soc.i_cpu.core_i.id_stage_i._3415_/A0    1.000000    1.027117   -0.027117 (VIOLATED)
ANTENNA_i_soc.i_cpu.core_i.id_stage_i._3415__A0/DIODE    1.000000    1.027117   -0.027117 (VIOLATED)
i_soc.i_cpu.core_i.id_stage_i._3871_/Q    1.000000    1.027103   -0.027103 (VIOLATED)
i_soc.i_crossbar._0324_/A0              1.000000    1.026815   -0.026815 (VIOLATED)
ANTENNA_i_soc.i_crossbar._0324__A0/DIODE    1.000000    1.026814   -0.026814 (VIOLATED)
i_soc.i_cpu.core_i.ex_stage_i.mult_i._12522_/A1    1.000000    1.026803   -0.026803 (VIOLATED)
i_soc.i_cpu.core_i.ex_stage_i.mult_i._12523_/A1    1.000000    1.026768   -0.026768 (VIOLATED)
ANTENNA_i_soc.i_cpu.core_i.ex_stage_i.mult_i._12522__A1/DIODE    1.000000    1.026765   -0.026765 (VIOLATED)
ANTENNA_i_soc.i_cpu.core_i.ex_stage_i.mult_i._12523__A1/DIODE    1.000000    1.026733   -0.026733 (VIOLATED)
i_soc.i_ai_sram.u_sram._527_/A3         1.000000    1.026665   -0.026665 (VIOLATED)
ANTENNA_i_soc.i_ai_sram.u_sram._527__A3/DIODE    1.000000    1.026663   -0.026663 (VIOLATED)
i_soc.i_crossbar._1120_/A               1.000000    1.026392   -0.026392 (VIOLATED)
ANTENNA_i_soc.i_crossbar._1120__A/DIODE    1.000000    1.026387   -0.026387 (VIOLATED)
i_soc.i_crossbar._1538_/A               1.000000    1.026367   -0.026367 (VIOLATED)
ANTENNA_i_soc.i_crossbar._1538__A/DIODE    1.000000    1.026361   -0.026361 (VIOLATED)
ANTENNA_i_soc.i_ai_sram.u_sram._526__X/DIODE    1.000000    1.026275   -0.026275 (VIOLATED)
i_soc.i_ai_sram.u_sram._526_/X          1.000000    1.026270   -0.026270 (VIOLATED)
ANTENNA_i_soc.i_crossbar._1296__A/DIODE    1.000000    1.025988   -0.025988 (VIOLATED)
i_soc.i_crossbar._1296_/A               1.000000    1.025938   -0.025938 (VIOLATED)
ANTENNA_i_soc.i_ai_sram.u_sram._726__X/DIODE    1.000000    1.025745   -0.025745 (VIOLATED)
i_soc.i_ai_sram.u_sram._726_/X          1.000000    1.025707   -0.025707 (VIOLATED)
ANTENNA_i_soc.i_ai_sram.u_sram.gen_bank[6].gen_512.u_macro_din0[29]/DIODE    1.000000    1.025648   -0.025648 (VIOLATED)
load_slew1348/A                         1.000000    1.025264   -0.025264 (VIOLATED)
ANTENNA_i_soc.i_instr_sram.u_sram._17__X/DIODE    1.000000    1.025117   -0.025117 (VIOLATED)
i_soc.i_instr_sram.u_sram._17_/X        1.000000    1.025098   -0.025098 (VIOLATED)
ANTENNA_i_soc.i_ai_sram.u_sram.gen_bank[2].gen_512.u_macro_din0[2]/DIODE    1.000000    1.024974   -0.024974 (VIOLATED)
wire1367/A                              1.000000    1.024899   -0.024899 (VIOLATED)
ANTENNA_wire1367_A/DIODE                1.000000    1.024662   -0.024662 (VIOLATED)
i_soc.i_cpu.core_i.id_stage_i.register_file_i._6678_/B1    1.000000    1.024557   -0.024557 (VIOLATED)
i_soc.i_crossbar._0878_/A               1.000000    1.024552   -0.024551 (VIOLATED)
ANTENNA_i_soc.i_crossbar._0878__A/DIODE    1.000000    1.024551   -0.024551 (VIOLATED)
ANTENNA_i_soc.i_cpu.core_i.id_stage_i.register_file_i._6678__B1/DIODE    1.000000    1.024549   -0.024548 (VIOLATED)
i_soc.i_cpu.core_i.ex_stage_i.mult_i._22883_/A1    1.000000    1.024528   -0.024528 (VIOLATED)
ANTENNA_i_soc.i_cpu.core_i.ex_stage_i.mult_i._22883__A1/DIODE    1.000000    1.024520   -0.024520 (VIOLATED)
ANTENNA_i_soc.i_obi_axi_data._401__X/DIODE    1.000000    1.024519   -0.024519 (VIOLATED)
i_soc.i_obi_axi_data._401_/X            1.000000    1.024512   -0.024512 (VIOLATED)
ANTENNA_i_soc.i_cpu.core_i.id_stage_i.register_file_i._6688__B1/DIODE    1.000000    1.024493   -0.024493 (VIOLATED)
i_soc.i_cpu.core_i.id_stage_i.register_file_i._6688_/B1    1.000000    1.024477   -0.024477 (VIOLATED)
ANTENNA_i_soc.i_cpu.core_i.id_stage_i.register_file_i._6666__B1/DIODE    1.000000    1.024452   -0.024452 (VIOLATED)
i_soc.i_cpu.core_i.id_stage_i.register_file_i._6666_/B1    1.000000    1.024451   -0.024451 (VIOLATED)
i_soc.i_cpu.core_i.id_stage_i.register_file_i._6648_/B1    1.000000    1.024451   -0.024451 (VIOLATED)
ANTENNA_i_soc.i_cpu.core_i.id_stage_i.register_file_i._6648__B1/DIODE    1.000000    1.024447   -0.024447 (VIOLATED)
ANTENNA_i_soc.i_cpu.core_i.ex_stage_i.mult_i._23043__A1/DIODE    1.000000    1.024446   -0.024446 (VIOLATED)
i_soc.i_cpu.core_i.ex_stage_i.mult_i._23043_/A1    1.000000    1.024419   -0.024419 (VIOLATED)
i_soc.i_cpu.core_i.id_stage_i.register_file_i._6664_/B1    1.000000    1.024413   -0.024413 (VIOLATED)
ANTENNA_i_soc.i_cpu.core_i.id_stage_i.register_file_i._6664__B1/DIODE    1.000000    1.024408   -0.024408 (VIOLATED)
i_soc.i_cpu.core_i.id_stage_i.register_file_i._6676_/B1    1.000000    1.024365   -0.024365 (VIOLATED)
ANTENNA_i_soc.i_cpu.core_i.id_stage_i.register_file_i._6676__B1/DIODE    1.000000    1.024319   -0.024319 (VIOLATED)
i_soc.i_cpu.core_i.id_stage_i.register_file_i._6694_/B1    1.000000    1.024251   -0.024251 (VIOLATED)
ANTENNA_i_soc.i_cpu.core_i.id_stage_i.register_file_i._6694__B1/DIODE    1.000000    1.024233   -0.024233 (VIOLATED)
i_soc.i_ai_sram.u_sram.gen_bank[7].gen_512.u_macro/din0[12]    1.000000    1.024146   -0.024146 (VIOLATED)
i_soc.i_cpu.core_i.ex_stage_i.mult_i._23041_/A    1.000000    1.024140   -0.024140 (VIOLATED)
ANTENNA_i_soc.i_cpu.core_i.ex_stage_i.mult_i._23041__A/DIODE    1.000000    1.024120   -0.024120 (VIOLATED)
i_soc.i_cpu.core_i.id_stage_i.register_file_i._6670_/B1    1.000000    1.024111   -0.024111 (VIOLATED)
ANTENNA_i_soc.i_cpu.core_i.id_stage_i.register_file_i._6670__B1/DIODE    1.000000    1.024106   -0.024106 (VIOLATED)
i_soc.i_cpu.core_i.id_stage_i.register_file_i._6680_/B1    1.000000    1.024091   -0.024091 (VIOLATED)
ANTENNA_i_soc.i_cpu.core_i.id_stage_i.register_file_i._6680__B1/DIODE    1.000000    1.024083   -0.024083 (VIOLATED)
i_soc.i_cpu.core_i.id_stage_i.register_file_i._6692_/B1    1.000000    1.024014   -0.024014 (VIOLATED)
i_soc.i_qspi._13620_/A1                 1.000000    1.024009   -0.024009 (VIOLATED)
ANTENNA_i_soc.i_cpu.core_i.id_stage_i.register_file_i._6692__B1/DIODE    1.000000    1.024009   -0.024008 (VIOLATED)
load_slew5000/A                         1.000000    1.024005   -0.024005 (VIOLATED)
ANTENNA_load_slew5000_A/DIODE           1.000000    1.023995   -0.023995 (VIOLATED)
i_soc.i_qspi._12883_/A1                 1.000000    1.023989   -0.023989 (VIOLATED)
ANTENNA_i_soc.i_qspi._13620__A1/DIODE    1.000000    1.023989   -0.023989 (VIOLATED)
ANTENNA_i_soc.i_qspi._12883__A1/DIODE    1.000000    1.023985   -0.023985 (VIOLATED)
i_soc.i_qspi._14878_/A1                 1.000000    1.023971   -0.023971 (VIOLATED)
i_soc.i_cpu.core_i.id_stage_i.register_file_i._6684_/B1    1.000000    1.023956   -0.023956 (VIOLATED)
ANTENNA_i_soc.i_qspi._14878__A1/DIODE    1.000000    1.023952   -0.023952 (VIOLATED)
ANTENNA_i_soc.i_cpu.core_i.ex_stage_i.mult_i._20638__A1/DIODE    1.000000    1.023937   -0.023937 (VIOLATED)
i_soc.i_cpu.core_i.ex_stage_i.mult_i._20638_/A1    1.000000    1.023936   -0.023936 (VIOLATED)
i_soc.i_qspi._14349_/A1                 1.000000    1.023934   -0.023934 (VIOLATED)
ANTENNA_i_soc.i_qspi._14349__A1/DIODE    1.000000    1.023928   -0.023928 (VIOLATED)
ANTENNA_i_soc.i_cpu.core_i.id_stage_i.register_file_i._6684__B1/DIODE    1.000000    1.023885   -0.023885 (VIOLATED)
i_soc.i_qspi._14713_/A1                 1.000000    1.023878   -0.023878 (VIOLATED)
i_soc.i_cpu.core_i.id_stage_i.register_file_i._6682_/B1    1.000000    1.023877   -0.023877 (VIOLATED)
ANTENNA_i_soc.i_cpu.core_i.id_stage_i.register_file_i._6682__B1/DIODE    1.000000    1.023877   -0.023877 (VIOLATED)
i_soc.i_cpu.core_i.id_stage_i.register_file_i._6672_/B1    1.000000    1.023840   -0.023840 (VIOLATED)
ANTENNA_i_soc.i_qspi._14713__A1/DIODE    1.000000    1.023831   -0.023831 (VIOLATED)
ANTENNA_i_soc.i_cpu.core_i.id_stage_i.register_file_i._6672__B1/DIODE    1.000000    1.023819   -0.023819 (VIOLATED)
i_soc.i_cpu.core_i.ex_stage_i.mult_i._20637_/B1    1.000000    1.023793   -0.023793 (VIOLATED)
ANTENNA_i_soc.i_cpu.core_i.ex_stage_i.mult_i._20637__B1/DIODE    1.000000    1.023791   -0.023791 (VIOLATED)
i_soc.i_qspi._14911_/A1                 1.000000    1.023782   -0.023782 (VIOLATED)
i_soc.i_cpu.core_i.id_stage_i.register_file_i._6700_/B1    1.000000    1.023777   -0.023777 (VIOLATED)
ANTENNA_i_soc.i_qspi._14911__A1/DIODE    1.000000    1.023776   -0.023776 (VIOLATED)
ANTENNA_i_soc.i_cpu.core_i.id_stage_i.register_file_i._6700__B1/DIODE    1.000000    1.023775   -0.023775 (VIOLATED)
i_soc.i_qspi._13089_/A1                 1.000000    1.023614   -0.023614 (VIOLATED)
ANTENNA_i_soc.i_qspi._13089__A1/DIODE    1.000000    1.023614   -0.023614 (VIOLATED)
i_soc.i_ai_sram.u_sram.gen_bank[10].gen_512.u_macro/din0[30]    1.000000    1.023613   -0.023613 (VIOLATED)
ANTENNA_i_soc.i_qspi._13021__A1/DIODE    1.000000    1.023611   -0.023611 (VIOLATED)
i_soc.i_qspi._13021_/A1                 1.000000    1.023611   -0.023611 (VIOLATED)
i_soc.i_qspi._14977_/A1                 1.000000    1.023583   -0.023583 (VIOLATED)
ANTENNA_i_soc.i_qspi._14977__A1/DIODE    1.000000    1.023518   -0.023518 (VIOLATED)
i_soc.i_qspi._12953_/A1                 1.000000    1.023479   -0.023479 (VIOLATED)
ANTENNA_i_soc.i_qspi._12953__A1/DIODE    1.000000    1.023436   -0.023436 (VIOLATED)
i_soc.i_qspi._14944_/A1                 1.000000    1.023226   -0.023226 (VIOLATED)
ANTENNA_i_soc.i_qspi._14944__A1/DIODE    1.000000    1.023218   -0.023218 (VIOLATED)
i_soc.i_ai_sram.u_sram.gen_bank[10].gen_512.u_macro/din0[31]    1.000000    1.023210   -0.023210 (VIOLATED)
i_soc.i_qspi._12987_/A1                 1.000000    1.023162   -0.023162 (VIOLATED)
i_soc.i_cpu.core_i.id_stage_i.register_file_i._6690_/B1    1.000000    1.023126   -0.023126 (VIOLATED)
ANTENNA_i_soc.i_qspi._12987__A1/DIODE    1.000000    1.023108   -0.023108 (VIOLATED)
i_soc.i_qspi._12919_/A1                 1.000000    1.023085   -0.023085 (VIOLATED)
ANTENNA_i_soc.i_qspi._12919__A1/DIODE    1.000000    1.023084   -0.023084 (VIOLATED)
i_soc.i_qspi._13055_/A1                 1.000000    1.023082   -0.023082 (VIOLATED)
ANTENNA_i_soc.i_qspi._13055__A1/DIODE    1.000000    1.023080   -0.023080 (VIOLATED)
load_slew5084/A                         1.000000    1.023078   -0.023078 (VIOLATED)
i_soc.i_qspi._13602_/A1                 1.000000    1.023074   -0.023074 (VIOLATED)
ANTENNA_load_slew5084_A/DIODE           1.000000    1.023074   -0.023074 (VIOLATED)
ANTENNA_i_soc.i_qspi._13602__A1/DIODE    1.000000    1.023073   -0.023073 (VIOLATED)
i_soc.i_qspi._12865_/A1                 1.000000    1.023070   -0.023070 (VIOLATED)
ANTENNA_i_soc.i_qspi._12865__A1/DIODE    1.000000    1.023067   -0.023067 (VIOLATED)
i_soc.i_qspi._13966_/A1                 1.000000    1.023053   -0.023053 (VIOLATED)
ANTENNA_i_soc.i_qspi._13966__A1/DIODE    1.000000    1.023048   -0.023048 (VIOLATED)
ANTENNA_i_soc.i_cpu.core_i.id_stage_i.register_file_i._6696__B1/DIODE    1.000000    1.023045   -0.023045 (VIOLATED)
ANTENNA_i_soc.i_cpu.core_i.id_stage_i.register_file_i._6690__B1/DIODE    1.000000    1.023043   -0.023043 (VIOLATED)
i_soc.i_qspi._13238_/A1                 1.000000    1.023029   -0.023029 (VIOLATED)
ANTENNA_i_soc.i_qspi._13238__A1/DIODE    1.000000    1.023013   -0.023013 (VIOLATED)
i_soc.i_qspi._14860_/A1                 1.000000    1.023013   -0.023013 (VIOLATED)
ANTENNA_i_soc.i_qspi._14860__A1/DIODE    1.000000    1.023010   -0.023010 (VIOLATED)
i_soc.i_qspi._14331_/A1                 1.000000    1.023007   -0.023007 (VIOLATED)
ANTENNA_i_soc.i_qspi._14331__A1/DIODE    1.000000    1.023003   -0.023003 (VIOLATED)
ANTENNA_i_soc.i_qspi._14893__A1/DIODE    1.000000    1.022999   -0.022999 (VIOLATED)
i_soc.i_qspi._14893_/A1                 1.000000    1.022999   -0.022999 (VIOLATED)
i_soc.i_qspi._14695_/A1                 1.000000    1.022954   -0.022954 (VIOLATED)
ANTENNA_fanout4999_X/DIODE              1.000000    1.022951   -0.022951 (VIOLATED)
ANTENNA_i_soc.i_qspi._15092__A0/DIODE    1.000000    1.022951   -0.022951 (VIOLATED)
fanout4999/X                            1.000000    1.022949   -0.022949 (VIOLATED)
i_soc.i_qspi._15092_/A0                 1.000000    1.022949   -0.022949 (VIOLATED)
ANTENNA_i_soc.i_qspi._14695__A1/DIODE    1.000000    1.022931   -0.022931 (VIOLATED)
i_soc.i_cpu.core_i.id_stage_i.register_file_i._6696_/B1    1.000000    1.022927   -0.022927 (VIOLATED)
i_soc.i_qspi._13071_/A1                 1.000000    1.022813   -0.022813 (VIOLATED)
ANTENNA_load_slew1348_A/DIODE           1.000000    1.022790   -0.022790 (VIOLATED)
ANTENNA_i_soc.i_qspi._13071__A1/DIODE    1.000000    1.022790   -0.022790 (VIOLATED)
i_soc.i_qspi._13003_/A1                 1.000000    1.022756   -0.022756 (VIOLATED)
ANTENNA_i_soc.i_qspi._13003__A1/DIODE    1.000000    1.022756   -0.022756 (VIOLATED)
i_soc.i_qspi._12901_/A1                 1.000000    1.022733   -0.022733 (VIOLATED)
ANTENNA_i_soc.i_qspi._12901__A1/DIODE    1.000000    1.022727   -0.022727 (VIOLATED)
i_soc.i_qspi._12935_/A1                 1.000000    1.022717   -0.022716 (VIOLATED)
ANTENNA_i_soc.i_qspi._12935__A1/DIODE    1.000000    1.022716   -0.022716 (VIOLATED)
i_soc.i_qspi._14959_/A1                 1.000000    1.022715   -0.022715 (VIOLATED)
i_soc.i_qspi._13037_/A1                 1.000000    1.022713   -0.022713 (VIOLATED)
ANTENNA_i_soc.i_qspi._14959__A1/DIODE    1.000000    1.022712   -0.022712 (VIOLATED)
ANTENNA_i_soc.i_qspi._13037__A1/DIODE    1.000000    1.022712   -0.022712 (VIOLATED)
i_soc.i_qspi._14926_/A1                 1.000000    1.022707   -0.022707 (VIOLATED)
ANTENNA_i_soc.i_qspi._14926__A1/DIODE    1.000000    1.022704   -0.022704 (VIOLATED)
ANTENNA_i_soc.i_qspi._12969__A1/DIODE    1.000000    1.022696   -0.022696 (VIOLATED)
i_soc.i_qspi._12969_/A1                 1.000000    1.022692   -0.022692 (VIOLATED)
ANTENNA_i_soc.i_qspi._15074__A0/DIODE    1.000000    1.022620   -0.022620 (VIOLATED)
i_soc.i_cpu.core_i.ex_stage_i.mult_i._20619_/A1    1.000000    1.022617   -0.022617 (VIOLATED)
i_soc.i_qspi._15074_/A0                 1.000000    1.022615   -0.022615 (VIOLATED)
ANTENNA_fanout5083_X/DIODE              1.000000    1.022611   -0.022611 (VIOLATED)
fanout5083/X                            1.000000    1.022610   -0.022610 (VIOLATED)
i_soc.i_cpu.core_i.id_stage_i.register_file_i._6646_/B1    1.000000    1.022600   -0.022600 (VIOLATED)
i_soc.i_cpu.core_i.id_stage_i.register_file_i._6652_/B1    1.000000    1.022592   -0.022592 (VIOLATED)
ANTENNA_i_soc.i_cpu.core_i.id_stage_i.register_file_i._6646__B1/DIODE    1.000000    1.022588   -0.022588 (VIOLATED)
ANTENNA_i_soc.i_cpu.core_i.id_stage_i.register_file_i._6652__B1/DIODE    1.000000    1.022585   -0.022585 (VIOLATED)
i_soc.i_cpu.core_i.id_stage_i.register_file_i._6644_/B1    1.000000    1.022580   -0.022580 (VIOLATED)
ANTENNA_i_soc.i_cpu.core_i.id_stage_i.register_file_i._6644__B1/DIODE    1.000000    1.022571   -0.022571 (VIOLATED)
i_soc.i_cpu.core_i.id_stage_i.register_file_i._6660_/B1    1.000000    1.022503   -0.022503 (VIOLATED)
ANTENNA_i_soc.i_cpu.core_i.id_stage_i.register_file_i._6660__B1/DIODE    1.000000    1.022498   -0.022498 (VIOLATED)
ANTENNA_i_soc.i_cpu.core_i.id_stage_i.register_file_i._6686__B1/DIODE    1.000000    1.022447   -0.022447 (VIOLATED)
i_soc.i_cpu.core_i.id_stage_i.register_file_i._6686_/B1    1.000000    1.022442   -0.022442 (VIOLATED)
ANTENNA_i_soc.i_cpu.core_i.ex_stage_i.mult_i._20619__A1/DIODE    1.000000    1.022398   -0.022398 (VIOLATED)
i_soc.i_cpu.core_i.id_stage_i.register_file_i._6640_/B1    1.000000    1.022394   -0.022394 (VIOLATED)
ANTENNA_i_soc.i_cpu.core_i.id_stage_i.register_file_i._6640__B1/DIODE    1.000000    1.022385   -0.022385 (VIOLATED)
ANTENNA_i_soc.i_cpu.core_i.id_stage_i.register_file_i._6662__B1/DIODE    1.000000    1.022227   -0.022227 (VIOLATED)
i_soc.i_cpu.core_i.id_stage_i.register_file_i._6662_/B1    1.000000    1.022181   -0.022181 (VIOLATED)
i_soc.i_cpu.core_i.id_stage_i.register_file_i._6658_/B1    1.000000    1.022124   -0.022124 (VIOLATED)
ANTENNA_i_soc.i_cpu.core_i.id_stage_i.register_file_i._6658__B1/DIODE    1.000000    1.022119   -0.022119 (VIOLATED)
i_soc.i_cpu.core_i.id_stage_i.register_file_i._6674_/B1    1.000000    1.022038   -0.022038 (VIOLATED)
ANTENNA_i_soc.i_cpu.core_i.id_stage_i.register_file_i._6674__B1/DIODE    1.000000    1.022031   -0.022031 (VIOLATED)
ANTENNA_i_soc.i_cpu.core_i.id_stage_i.register_file_i._6638__B1/DIODE    1.000000    1.021996   -0.021996 (VIOLATED)
i_soc.i_cpu.core_i.id_stage_i.register_file_i._6638_/B1    1.000000    1.021995   -0.021995 (VIOLATED)
i_soc.i_cpu.core_i.id_stage_i.register_file_i._6650_/B1    1.000000    1.021991   -0.021991 (VIOLATED)
ANTENNA_i_soc.i_cpu.core_i.id_stage_i.register_file_i._6650__B1/DIODE    1.000000    1.021988   -0.021988 (VIOLATED)
ANTENNA_i_soc.i_cpu.core_i.ex_stage_i.mult_i._20618__A/DIODE    1.000000    1.021796   -0.021796 (VIOLATED)
i_soc.i_ai_accel._11466_/B              1.000000    1.021692   -0.021692 (VIOLATED)
ANTENNA_i_soc.i_ai_accel._11466__B/DIODE    1.000000    1.021664   -0.021664 (VIOLATED)
i_soc.i_ai_accel._16930_/A              1.000000    1.021642   -0.021642 (VIOLATED)
ANTENNA_i_soc.i_ai_accel._16930__A/DIODE    1.000000    1.021589   -0.021589 (VIOLATED)
i_soc.i_cpu.core_i.ex_stage_i.mult_i._20618_/A    1.000000    1.021568   -0.021568 (VIOLATED)
i_soc.i_cpu.core_i.id_stage_i.register_file_i._6698_/B1    1.000000    1.021522   -0.021522 (VIOLATED)
ANTENNA_i_soc.i_cpu.core_i.id_stage_i.register_file_i._6698__B1/DIODE    1.000000    1.021517   -0.021517 (VIOLATED)
i_soc.i_cpu.core_i.id_stage_i.register_file_i._6642_/B1    1.000000    1.021512   -0.021512 (VIOLATED)
ANTENNA_i_soc.i_cpu.core_i.id_stage_i.register_file_i._6642__B1/DIODE    1.000000    1.021507   -0.021507 (VIOLATED)
i_soc.i_cpu.core_i.ex_stage_i.mult_i._16476_/A1    1.000000    1.021456   -0.021456 (VIOLATED)
i_soc.i_cpu.core_i.ex_stage_i.mult_i._16430_/A    1.000000    1.021448   -0.021449 (VIOLATED)
ANTENNA_i_soc.i_cpu.core_i.ex_stage_i.mult_i._16476__A1/DIODE    1.000000    1.021448   -0.021448 (VIOLATED)
ANTENNA_i_soc.i_cpu.core_i.ex_stage_i.mult_i._16430__A/DIODE    1.000000    1.021446   -0.021446 (VIOLATED)
ANTENNA_i_soc.i_ai_accel._16931__A/DIODE    1.000000    1.021446   -0.021446 (VIOLATED)
i_soc.i_cpu.core_i.id_stage_i.register_file_i._6126_/B    1.000000    1.021435   -0.021435 (VIOLATED)
ANTENNA_i_soc.i_cpu.core_i.id_stage_i.register_file_i._6126__B/DIODE    1.000000    1.021432   -0.021432 (VIOLATED)
i_soc.i_cpu.core_i.id_stage_i.register_file_i._6138_/B    1.000000    1.021405   -0.021405 (VIOLATED)
ANTENNA_i_soc.i_cpu.core_i.id_stage_i.register_file_i._6138__B/DIODE    1.000000    1.021403   -0.021403 (VIOLATED)
i_soc.i_ai_accel._16931_/A              1.000000    1.021384   -0.021384 (VIOLATED)
i_soc.i_cpu.core_i.id_stage_i.register_file_i._6146_/B    1.000000    1.021382   -0.021382 (VIOLATED)
ANTENNA_i_soc.i_cpu.core_i.id_stage_i.register_file_i._6146__B/DIODE    1.000000    1.021366   -0.021366 (VIOLATED)
i_soc.i_cpu.core_i.id_stage_i.register_file_i._6132_/B    1.000000    1.021359   -0.021359 (VIOLATED)
ANTENNA_i_soc.i_cpu.core_i.id_stage_i.register_file_i._6132__B/DIODE    1.000000    1.021358   -0.021358 (VIOLATED)
i_soc.i_cpu.core_i.ex_stage_i.mult_i._18751_/B1    1.000000    1.021353   -0.021353 (VIOLATED)
ANTENNA_i_soc.i_cpu.core_i.ex_stage_i.mult_i._18751__B1/DIODE    1.000000    1.021351   -0.021351 (VIOLATED)
ANTENNA_i_soc.i_cpu.core_i.id_stage_i.register_file_i._6142__B/DIODE    1.000000    1.021344   -0.021344 (VIOLATED)
i_soc.i_cpu.core_i.id_stage_i.register_file_i._6656_/B1    1.000000    1.021344   -0.021344 (VIOLATED)
ANTENNA_i_soc.i_cpu.core_i.ex_stage_i.mult_i._18750__B/DIODE    1.000000    1.021342   -0.021342 (VIOLATED)
ANTENNA_i_soc.i_cpu.core_i.id_stage_i.register_file_i._6656__B1/DIODE    1.000000    1.021341   -0.021341 (VIOLATED)
i_soc.i_cpu.core_i.id_stage_i.register_file_i._6142_/B    1.000000    1.021340   -0.021339 (VIOLATED)
i_soc.i_cpu.core_i.ex_stage_i.mult_i._18750_/B    1.000000    1.021336   -0.021336 (VIOLATED)
ANTENNA_i_soc.i_cpu.core_i.id_stage_i.register_file_i._6130__B/DIODE    1.000000    1.021320   -0.021320 (VIOLATED)
i_soc.i_cpu.core_i.id_stage_i.register_file_i._6130_/B    1.000000    1.021309   -0.021309 (VIOLATED)
ANTENNA_i_soc.i_cpu.core_i.ex_stage_i.mult_i._18758__A2/DIODE    1.000000    1.021303   -0.021303 (VIOLATED)
i_soc.i_cpu.core_i.ex_stage_i.mult_i._18758_/A2    1.000000    1.021294   -0.021294 (VIOLATED)
ANTENNA_i_soc.i_cpu.core_i.ex_stage_i.mult_i._18399__B/DIODE    1.000000    1.021257   -0.021257 (VIOLATED)
i_soc.i_cpu.core_i.ex_stage_i.mult_i._18399_/B    1.000000    1.021249   -0.021249 (VIOLATED)
i_soc.i_cpu.core_i.id_stage_i.register_file_i._6654_/B1    1.000000    1.021152   -0.021152 (VIOLATED)
ANTENNA_i_soc.i_cpu.core_i.id_stage_i.register_file_i._6654__B1/DIODE    1.000000    1.021107   -0.021107 (VIOLATED)
i_soc.i_cpu.core_i.id_stage_i.register_file_i._6668_/B1    1.000000    1.021053   -0.021053 (VIOLATED)
ANTENNA_i_soc.i_cpu.core_i.id_stage_i.register_file_i._6668__B1/DIODE    1.000000    1.021052   -0.021052 (VIOLATED)
ANTENNA_i_soc.i_cpu.core_i.ex_stage_i.mult_i._17524__B/DIODE    1.000000    1.020944   -0.020943 (VIOLATED)
ANTENNA_max_cap4046_A/DIODE             1.000000    1.020942   -0.020942 (VIOLATED)
max_cap4046/A                           1.000000    1.020927   -0.020927 (VIOLATED)
i_soc.i_cpu.core_i.ex_stage_i.mult_i._17524_/B    1.000000    1.020909   -0.020909 (VIOLATED)
i_soc.i_cpu.core_i.ex_stage_i.mult_i._17525_/A2    1.000000    1.020898   -0.020898 (VIOLATED)
i_soc.i_cpu.core_i.id_stage_i.register_file_i._6140_/B    1.000000    1.020881   -0.020881 (VIOLATED)
load_slew2551/A                         1.000000    1.020874   -0.020874 (VIOLATED)
ANTENNA_i_soc.i_cpu.core_i.ex_stage_i.mult_i._17525__A2/DIODE    1.000000    1.020866   -0.020866 (VIOLATED)
ANTENNA_load_slew2551_A/DIODE           1.000000    1.020844   -0.020844 (VIOLATED)
ANTENNA_i_soc.i_cpu.core_i.id_stage_i.register_file_i._6140__B/DIODE    1.000000    1.020803   -0.020803 (VIOLATED)
i_soc.i_cpu.core_i.id_stage_i._3374_/A0    1.000000    1.020748   -0.020748 (VIOLATED)
ANTENNA_i_soc.i_cpu.core_i.id_stage_i.register_file_i._6637__X/DIODE    1.000000    1.020741   -0.020741 (VIOLATED)
ANTENNA_i_soc.i_cpu.core_i.id_stage_i._3374__A0/DIODE    1.000000    1.020728   -0.020728 (VIOLATED)
ANTENNA_fanout4045_X/DIODE              1.000000    1.020722   -0.020722 (VIOLATED)
fanout4045/X                            1.000000    1.020722   -0.020722 (VIOLATED)
i_soc.i_cpu.core_i.id_stage_i.register_file_i._6637_/X    1.000000    1.020699   -0.020699 (VIOLATED)
max_cap2553/A                           1.000000    1.020699   -0.020699 (VIOLATED)
i_soc.i_cpu.core_i.id_stage_i.register_file_i._6128_/B    1.000000    1.020699   -0.020699 (VIOLATED)
ANTENNA_fanout2550_X/DIODE              1.000000    1.020699   -0.020699 (VIOLATED)
ANTENNA_i_soc.i_cpu.core_i.id_stage_i.register_file_i._6128__B/DIODE    1.000000    1.020699   -0.020699 (VIOLATED)
ANTENNA_max_cap2553_A/DIODE             1.000000    1.020697   -0.020697 (VIOLATED)
fanout2550/X                            1.000000    1.020697   -0.020697 (VIOLATED)
i_soc.i_qspi._16416_/S1                 1.000000    1.020551   -0.020551 (VIOLATED)
i_soc.i_qspi._16697_/S1                 1.000000    1.020551   -0.020551 (VIOLATED)
ANTENNA_i_soc.i_qspi._16697__S1/DIODE    1.000000    1.020550   -0.020550 (VIOLATED)
ANTENNA_i_soc.i_qspi._16416__S1/DIODE    1.000000    1.020549   -0.020549 (VIOLATED)
i_soc.i_qspi._16698_/S1                 1.000000    1.020547   -0.020547 (VIOLATED)
i_soc.i_qspi._16097_/S1                 1.000000    1.020543   -0.020543 (VIOLATED)
ANTENNA_i_soc.i_qspi._16698__S1/DIODE    1.000000    1.020541   -0.020541 (VIOLATED)
ANTENNA_i_soc.i_qspi._16097__S1/DIODE    1.000000    1.020537   -0.020537 (VIOLATED)
i_soc.i_qspi._16486_/B                  1.000000    1.020528   -0.020528 (VIOLATED)
ANTENNA_i_soc.i_qspi._16486__B/DIODE    1.000000    1.020527   -0.020527 (VIOLATED)
load_slew4890/A                         1.000000    1.020509   -0.020508 (VIOLATED)
ANTENNA_load_slew4890_A/DIODE           1.000000    1.020507   -0.020507 (VIOLATED)
ANTENNA_i_soc.i_qspi._16233__S1/DIODE    1.000000    1.020504   -0.020504 (VIOLATED)
i_soc.i_qspi._16616_/S1                 1.000000    1.020500   -0.020500 (VIOLATED)
i_soc.i_qspi._16233_/S1                 1.000000    1.020497   -0.020497 (VIOLATED)
i_soc.i_qspi._15715_/S1                 1.000000    1.020484   -0.020484 (VIOLATED)
ANTENNA_i_soc.i_qspi._16616__S1/DIODE    1.000000    1.020484   -0.020484 (VIOLATED)
ANTENNA_i_soc.i_qspi._15715__S1/DIODE    1.000000    1.020482   -0.020482 (VIOLATED)
ANTENNA_i_soc.i_qspi._16054__S1/DIODE    1.000000    1.020467   -0.020467 (VIOLATED)
i_soc.i_qspi._16054_/S1                 1.000000    1.020465   -0.020465 (VIOLATED)
i_soc.i_qspi._16055_/S1                 1.000000    1.020423   -0.020423 (VIOLATED)
ANTENNA_fanout4888_X/DIODE              1.000000    1.020414   -0.020414 (VIOLATED)
ANTENNA_i_soc.i_qspi._16055__S1/DIODE    1.000000    1.020414   -0.020414 (VIOLATED)
fanout4888/X                            1.000000    1.020414   -0.020414 (VIOLATED)
i_soc.i_crossbar._0338_/A0              1.000000    1.020205   -0.020205 (VIOLATED)
ANTENNA_i_soc.i_crossbar._0338__A0/DIODE    1.000000    1.020205   -0.020205 (VIOLATED)
ANTENNA_i_soc.i_data_sram._58__Q/DIODE    1.000000    1.020069   -0.020069 (VIOLATED)
i_soc.i_data_sram._58_/Q                1.000000    1.020064   -0.020064 (VIOLATED)
ANTENNA_i_soc.i_crossbar._0461__A0/DIODE    1.000000    1.019829   -0.019829 (VIOLATED)
i_soc.i_crossbar._0461_/A0              1.000000    1.019828   -0.019828 (VIOLATED)
wire1878/A                              1.000000    1.019515   -0.019515 (VIOLATED)
ANTENNA_wire1878_A/DIODE                1.000000    1.019491   -0.019491 (VIOLATED)
wire1259/A                              1.000000    1.019461   -0.019461 (VIOLATED)
ANTENNA_wire1259_A/DIODE                1.000000    1.019460   -0.019460 (VIOLATED)
i_soc.i_ai_sram.u_sram._476_/A2         1.000000    1.019454   -0.019454 (VIOLATED)
ANTENNA_i_soc.i_ai_sram.u_sram._476__A2/DIODE    1.000000    1.019432   -0.019432 (VIOLATED)
i_soc.i_ai_sram.u_sram.gen_bank[10].gen_512.u_macro/din0[13]    1.000000    1.019425   -0.019425 (VIOLATED)
wire4764/A                              1.000000    1.019352   -0.019352 (VIOLATED)
ANTENNA_wire4764_A/DIODE                1.000000    1.019352   -0.019352 (VIOLATED)
ANTENNA_fanout4760_A/DIODE              1.000000    1.019337   -0.019337 (VIOLATED)
wire4765/A                              1.000000    1.019336   -0.019336 (VIOLATED)
ANTENNA_wire4765_A/DIODE                1.000000    1.019336   -0.019336 (VIOLATED)
fanout4760/A                            1.000000    1.019334   -0.019334 (VIOLATED)
fanout4737/A                            1.000000    1.019311   -0.019311 (VIOLATED)
ANTENNA_fanout4737_A/DIODE              1.000000    1.019311   -0.019311 (VIOLATED)
fanout4750/A                            1.000000    1.019307   -0.019307 (VIOLATED)
ANTENNA_fanout4750_A/DIODE              1.000000    1.019307   -0.019307 (VIOLATED)
ANTENNA_fanout4763_X/DIODE              1.000000    1.019306   -0.019306 (VIOLATED)
fanout4763/X                            1.000000    1.019303   -0.019303 (VIOLATED)
i_soc.i_crossbar._0488_/A0              1.000000    1.019034   -0.019034 (VIOLATED)
i_soc.i_cpu.core_i.ex_stage_i._111_/B1    1.000000    1.019028   -0.019028 (VIOLATED)
i_soc.i_cpu.core_i.ex_stage_i._101_/B1    1.000000    1.019022   -0.019022 (VIOLATED)
ANTENNA_i_soc.i_cpu.core_i.ex_stage_i._111__B1/DIODE    1.000000    1.019018   -0.019018 (VIOLATED)
ANTENNA_i_soc.i_crossbar._0488__A0/DIODE    1.000000    1.019018   -0.019018 (VIOLATED)
ANTENNA_i_soc.i_cpu.core_i.ex_stage_i._101__B1/DIODE    1.000000    1.019010   -0.019010 (VIOLATED)
ANTENNA_i_soc.i_instr_sram.u_sram._24__X/DIODE    1.000000    1.019003   -0.019003 (VIOLATED)
i_soc.i_instr_sram.u_sram._24_/X        1.000000    1.018997   -0.018997 (VIOLATED)
ANTENNA_i_soc.i_cpu.core_i.ex_stage_i._105__B1/DIODE    1.000000    1.018952   -0.018952 (VIOLATED)
i_soc.i_cpu.core_i.ex_stage_i._105_/B1    1.000000    1.018947   -0.018947 (VIOLATED)
i_soc.i_cpu.core_i.ex_stage_i._099_/B1    1.000000    1.018946   -0.018946 (VIOLATED)
ANTENNA_i_soc.i_cpu.core_i.ex_stage_i._099__B1/DIODE    1.000000    1.018942   -0.018942 (VIOLATED)
ANTENNA_i_soc.i_cpu.core_i.ex_stage_i._103__B1/DIODE    1.000000    1.018878   -0.018877 (VIOLATED)
i_soc.i_cpu.core_i.ex_stage_i._103_/B1    1.000000    1.018875   -0.018875 (VIOLATED)
i_soc.i_cpu.core_i.ex_stage_i._107_/B1    1.000000    1.018863   -0.018863 (VIOLATED)
ANTENNA_i_soc.i_cpu.core_i.ex_stage_i._107__B1/DIODE    1.000000    1.018809   -0.018809 (VIOLATED)
i_soc.i_cpu.core_i.ex_stage_i._093_/B1    1.000000    1.018754   -0.018754 (VIOLATED)
ANTENNA_i_soc.i_cpu.core_i.ex_stage_i._093__B1/DIODE    1.000000    1.018742   -0.018742 (VIOLATED)
ANTENNA_i_soc.i_cpu.core_i.ex_stage_i._089__B1/DIODE    1.000000    1.018705   -0.018705 (VIOLATED)
i_soc.i_cpu.core_i.ex_stage_i._089_/B1    1.000000    1.018702   -0.018702 (VIOLATED)
i_soc.i_cpu.core_i.ex_stage_i._085_/B1    1.000000    1.018624   -0.018624 (VIOLATED)
ANTENNA_i_soc.i_cpu.core_i.ex_stage_i._085__B1/DIODE    1.000000    1.018616   -0.018616 (VIOLATED)
i_soc.i_cpu.core_i.ex_stage_i._095_/B1    1.000000    1.018613   -0.018613 (VIOLATED)
ANTENNA_i_soc.i_cpu.core_i.ex_stage_i._113__B1/DIODE    1.000000    1.018613   -0.018613 (VIOLATED)
i_soc.i_cpu.core_i.ex_stage_i._087_/B1    1.000000    1.018613   -0.018612 (VIOLATED)
ANTENNA_i_soc.i_cpu.core_i.ex_stage_i._095__B1/DIODE    1.000000    1.018606   -0.018606 (VIOLATED)
ANTENNA_i_soc.i_cpu.core_i.ex_stage_i._087__B1/DIODE    1.000000    1.018605   -0.018605 (VIOLATED)
i_soc.i_cpu.core_i.ex_stage_i._113_/B1    1.000000    1.018601   -0.018601 (VIOLATED)
i_soc.i_cpu.core_i.ex_stage_i._075_/B1    1.000000    1.018584   -0.018584 (VIOLATED)
i_soc.i_ai_sram.u_sram._377_/B          1.000000    1.018577   -0.018577 (VIOLATED)
ANTENNA_i_soc.i_cpu.core_i.ex_stage_i._075__B1/DIODE    1.000000    1.018551   -0.018551 (VIOLATED)
ANTENNA_i_soc.i_ai_sram.u_sram._377__B/DIODE    1.000000    1.018547   -0.018547 (VIOLATED)
i_soc.i_cpu.core_i.ex_stage_i.mult_i._20612_/A    1.000000    1.018546   -0.018546 (VIOLATED)
i_soc.i_cpu.core_i.ex_stage_i.mult_i._20828_/B2    1.000000    1.018525   -0.018526 (VIOLATED)
i_soc.i_ai_sram.u_sram._381_/A          1.000000    1.018510   -0.018510 (VIOLATED)
i_soc.i_ai_sram.u_sram._630_/A2         1.000000    1.018501   -0.018501 (VIOLATED)
ANTENNA_i_soc.i_ai_sram.u_sram._630__A2/DIODE    1.000000    1.018499   -0.018499 (VIOLATED)
ANTENNA_i_soc.i_ai_sram.u_sram._381__A/DIODE    1.000000    1.018480   -0.018480 (VIOLATED)
ANTENNA_i_soc.i_cpu.core_i.ex_stage_i.mult_i._20612__A/DIODE    1.000000    1.018461   -0.018461 (VIOLATED)
ANTENNA_i_soc.i_ai_sram.u_sram.gen_bank[2].gen_512.u_macro_din0[23]/DIODE    1.000000    1.018435   -0.018435 (VIOLATED)
i_soc.i_cpu.core_i.ex_stage_i._079_/B1    1.000000    1.018434   -0.018434 (VIOLATED)
i_soc.i_cpu.core_i.ex_stage_i._097_/B1    1.000000    1.018393   -0.018393 (VIOLATED)
ANTENNA_i_soc.i_cpu.core_i.ex_stage_i._097__B1/DIODE    1.000000    1.018307   -0.018307 (VIOLATED)
ANTENNA_i_soc.i_cpu.core_i.ex_stage_i.mult_i._20828__B2/DIODE    1.000000    1.018185   -0.018185 (VIOLATED)
ANTENNA_i_soc.i_cpu.core_i.ex_stage_i._079__B1/DIODE    1.000000    1.018180   -0.018180 (VIOLATED)
i_soc.i_cpu.core_i.ex_stage_i._109_/B1    1.000000    1.018021   -0.018021 (VIOLATED)
i_soc.i_cpu.core_i.ex_stage_i._071_/B1    1.000000    1.018015   -0.018015 (VIOLATED)
ANTENNA_i_soc.i_cpu.core_i.ex_stage_i._109__B1/DIODE    1.000000    1.018013   -0.018013 (VIOLATED)
ANTENNA_i_soc.i_cpu.core_i.ex_stage_i._071__B1/DIODE    1.000000    1.017845   -0.017845 (VIOLATED)
i_soc.i_cpu.core_i.ex_stage_i._091_/B1    1.000000    1.017730   -0.017729 (VIOLATED)
i_soc.i_cpu.core_i.ex_stage_i._081_/B1    1.000000    1.017727   -0.017727 (VIOLATED)
ANTENNA_i_soc.i_cpu.core_i.ex_stage_i._091__B1/DIODE    1.000000    1.017725   -0.017725 (VIOLATED)
ANTENNA_i_soc.i_cpu.core_i.ex_stage_i._081__B1/DIODE    1.000000    1.017708   -0.017708 (VIOLATED)
ANTENNA_i_soc.i_cpu.core_i.ex_stage_i._069__B1/DIODE    1.000000    1.017685   -0.017685 (VIOLATED)
load_slew1009/A                         1.000000    1.017683   -0.017683 (VIOLATED)
ANTENNA_i_soc.i_cpu.core_i.ex_stage_i._073__B1/DIODE    1.000000    1.017676   -0.017676 (VIOLATED)
i_soc.i_cpu.core_i.ex_stage_i._073_/B1    1.000000    1.017675   -0.017675 (VIOLATED)
ANTENNA_load_slew1009_A/DIODE           1.000000    1.017626   -0.017626 (VIOLATED)
i_soc.i_cpu.core_i.ex_stage_i._069_/B1    1.000000    1.017622   -0.017622 (VIOLATED)
i_soc.i_cpu.core_i.ex_stage_i._077_/B1    1.000000    1.017568   -0.017568 (VIOLATED)
ANTENNA_i_soc.i_cpu.core_i.ex_stage_i._077__B1/DIODE    1.000000    1.017560   -0.017560 (VIOLATED)
i_soc.i_cpu.core_i.id_stage_i._3525_/A0    1.000000    1.017487   -0.017487 (VIOLATED)
ANTENNA_i_soc.i_cpu.core_i.id_stage_i._3525__A0/DIODE    1.000000    1.017487   -0.017487 (VIOLATED)
i_soc.i_periph_decoder._0816_/A         1.000000    1.017477   -0.017477 (VIOLATED)
ANTENNA_i_soc.i_periph_decoder._0816__A/DIODE    1.000000    1.017474   -0.017474 (VIOLATED)
ANTENNA_i_soc.i_cpu.core_i.id_stage_i._3976__Q/DIODE    1.000000    1.017468   -0.017468 (VIOLATED)
fanout3888/A                            1.000000    1.017467   -0.017467 (VIOLATED)
ANTENNA_fanout3888_A/DIODE              1.000000    1.017467   -0.017467 (VIOLATED)
i_soc.i_cpu.core_i.id_stage_i._3976_/Q    1.000000    1.017460   -0.017460 (VIOLATED)
ANTENNA_i_soc.i_data_sram._69__Q/DIODE    1.000000    1.017403   -0.017403 (VIOLATED)
i_soc.i_data_sram._69_/Q                1.000000    1.017373   -0.017373 (VIOLATED)
i_soc.i_periph_decoder._0916_/A         1.000000    1.017350   -0.017350 (VIOLATED)
ANTENNA_i_soc.i_periph_decoder._0916__A/DIODE    1.000000    1.017348   -0.017348 (VIOLATED)
load_slew752/A                          1.000000    1.017345   -0.017345 (VIOLATED)
ANTENNA_load_slew752_A/DIODE            1.000000    1.017284   -0.017284 (VIOLATED)
i_soc.i_cpu.core_i.ex_stage_i._083_/B1    1.000000    1.017186   -0.017186 (VIOLATED)
i_soc.i_ai_sram.u_sram.gen_bank[6].gen_512.u_macro/din0[0]    1.000000    1.017153   -0.017153 (VIOLATED)
ANTENNA_i_soc.i_cpu.core_i.ex_stage_i._083__B1/DIODE    1.000000    1.017028   -0.017028 (VIOLATED)
ANTENNA_i_soc.i_data_sram._57__Q/DIODE    1.000000    1.016942   -0.016942 (VIOLATED)
i_soc.i_data_sram._57_/Q                1.000000    1.016925   -0.016924 (VIOLATED)
i_soc.i_periph_decoder._0616_/A         1.000000    1.016836   -0.016836 (VIOLATED)
ANTENNA_i_soc.i_periph_decoder._0616__A/DIODE    1.000000    1.016833   -0.016833 (VIOLATED)
i_soc.i_cpu.core_i.ex_stage_i._061_/B1    1.000000    1.016804   -0.016804 (VIOLATED)
ANTENNA_i_soc.i_cpu.core_i.ex_stage_i._061__B1/DIODE    1.000000    1.016799   -0.016799 (VIOLATED)
i_soc.i_cpu.core_i.ex_stage_i._051_/B1    1.000000    1.016575   -0.016575 (VIOLATED)
ANTENNA_i_soc.i_cpu.core_i.ex_stage_i._051__B1/DIODE    1.000000    1.016439   -0.016439 (VIOLATED)
load_slew1315/A                         1.000000    1.016395   -0.016395 (VIOLATED)
ANTENNA_load_slew1315_A/DIODE           1.000000    1.016340   -0.016340 (VIOLATED)
i_soc.i_ai_accel._17180_/A2             1.000000    1.016340   -0.016340 (VIOLATED)
ANTENNA_i_soc.i_ai_accel._17180__A2/DIODE    1.000000    1.016334   -0.016334 (VIOLATED)
i_soc.i_periph_decoder._1216_/A         1.000000    1.016266   -0.016266 (VIOLATED)
ANTENNA_i_soc.i_periph_decoder._1216__A/DIODE    1.000000    1.016264   -0.016264 (VIOLATED)
i_soc.i_periph_decoder._0716_/A         1.000000    1.016253   -0.016253 (VIOLATED)
ANTENNA_i_soc.i_periph_decoder._0716__A/DIODE    1.000000    1.016252   -0.016252 (VIOLATED)
i_soc.i_cpu.core_i.ex_stage_i._059_/B1    1.000000    1.016239   -0.016239 (VIOLATED)
ANTENNA_i_soc.i_cpu.core_i.ex_stage_i._059__B1/DIODE    1.000000    1.016236   -0.016236 (VIOLATED)
i_soc.i_cpu.core_i.ex_stage_i._053_/B1    1.000000    1.016217   -0.016217 (VIOLATED)
i_soc.i_periph_decoder._1116_/A         1.000000    1.016176   -0.016176 (VIOLATED)
ANTENNA_i_soc.i_periph_decoder._1116__A/DIODE    1.000000    1.016173   -0.016174 (VIOLATED)
i_soc.i_periph_decoder._1016_/A         1.000000    1.016123   -0.016123 (VIOLATED)
ANTENNA_i_soc.i_periph_decoder._1016__A/DIODE    1.000000    1.016122   -0.016122 (VIOLATED)
ANTENNA_i_soc.i_cpu.core_i.ex_stage_i._053__B1/DIODE    1.000000    1.016040   -0.016041 (VIOLATED)
ANTENNA_i_soc.i_axi_lite_bridge._075__X/DIODE    1.000000    1.015982   -0.015982 (VIOLATED)
i_soc.i_axi_lite_bridge._075_/X         1.000000    1.015976   -0.015976 (VIOLATED)
i_soc.i_cpu.core_i.ex_stage_i._055_/B1    1.000000    1.015915   -0.015915 (VIOLATED)
ANTENNA_i_soc.i_cpu.core_i.ex_stage_i._055__B1/DIODE    1.000000    1.015819   -0.015819 (VIOLATED)
i_soc.i_ai_sram.u_sram._443_/A2         1.000000    1.015500   -0.015500 (VIOLATED)
ANTENNA_i_soc.i_ai_sram.u_sram._443__A2/DIODE    1.000000    1.015475   -0.015475 (VIOLATED)
i_soc.i_cpu.core_i.ex_stage_i._057_/B1    1.000000    1.015431   -0.015431 (VIOLATED)
ANTENNA_i_soc.i_cpu.core_i.ex_stage_i._057__B1/DIODE    1.000000    1.015430   -0.015430 (VIOLATED)
i_soc.i_cpu.core_i.ex_stage_i._065_/B1    1.000000    1.015430   -0.015430 (VIOLATED)
ANTENNA_i_soc.i_cpu.core_i.ex_stage_i._067__B1/DIODE    1.000000    1.015429   -0.015429 (VIOLATED)
i_soc.i_cpu.core_i.ex_stage_i._067_/B1    1.000000    1.015427   -0.015427 (VIOLATED)
ANTENNA_i_soc.i_cpu.core_i.ex_stage_i._065__B1/DIODE    1.000000    1.015416   -0.015416 (VIOLATED)
i_soc.i_cpu.core_i.ex_stage_i._063_/B1    1.000000    1.015400   -0.015400 (VIOLATED)
ANTENNA_i_soc.i_cpu.core_i.ex_stage_i._050__X/DIODE    1.000000    1.015387   -0.015387 (VIOLATED)
ANTENNA_i_soc.i_cpu.core_i.ex_stage_i._063__B1/DIODE    1.000000    1.015387   -0.015387 (VIOLATED)
i_soc.i_cpu.core_i.ex_stage_i._050_/X    1.000000    1.015376   -0.015376 (VIOLATED)
ANTENNA_hold18196_X/DIODE               1.000000    1.014727   -0.014727 (VIOLATED)
hold18196/X                             1.000000    1.014727   -0.014727 (VIOLATED)
ANTENNA_i_soc.i_ai_accel._11451__A/DIODE    1.000000    1.014452   -0.014452 (VIOLATED)
i_soc.i_ai_accel._11451_/A              1.000000    1.014452   -0.014452 (VIOLATED)
ANTENNA_i_soc.i_ai_sram.u_sram.gen_bank[3].gen_512.u_macro_din0[22]/DIODE    1.000000    1.014092   -0.014092 (VIOLATED)
ANTENNA_i_soc.i_ai_sram.u_sram.gen_bank[13].gen_512.u_macro_din0[28]/DIODE    1.000000    1.013504   -0.013504 (VIOLATED)
i_soc.i_ai_sram.u_sram._460_/A2         1.000000    1.013426   -0.013426 (VIOLATED)
ANTENNA_i_soc.i_ai_sram.u_sram._460__A2/DIODE    1.000000    1.013402   -0.013403 (VIOLATED)
ANTENNA_i_soc.i_ai_sram.u_sram._537__X/DIODE    1.000000    1.012973   -0.012973 (VIOLATED)
i_soc.i_ai_sram.u_sram._537_/X          1.000000    1.012969   -0.012969 (VIOLATED)
i_soc.i_ai_sram.u_sram.gen_bank[8].gen_512.u_macro/din0[21]    1.000000    1.012687   -0.012687 (VIOLATED)
load_slew1290/A                         1.000000    1.012479   -0.012479 (VIOLATED)
ANTENNA_load_slew1290_A/DIODE           1.000000    1.012426   -0.012426 (VIOLATED)
wire1306/A                              1.000000    1.012231   -0.012231 (VIOLATED)
ANTENNA_wire1306_A/DIODE                1.000000    1.012219   -0.012219 (VIOLATED)
ANTENNA_i_soc.i_ai_sram.u_sram.gen_bank[6].gen_512.u_macro_din0[22]/DIODE    1.000000    1.012020   -0.012020 (VIOLATED)
i_soc.i_ai_sram.u_sram.gen_bank[6].gen_512.u_macro/din0[1]    1.000000    1.011945   -0.011945 (VIOLATED)
wire1607/A                              1.000000    1.011477   -0.011477 (VIOLATED)
ANTENNA_wire1607_A/DIODE                1.000000    1.011461   -0.011461 (VIOLATED)
wire1663/A                              1.000000    1.011127   -0.011127 (VIOLATED)
ANTENNA_wire1663_A/DIODE                1.000000    1.011108   -0.011108 (VIOLATED)
ANTENNA_i_soc.i_ai_sram.u_sram.gen_bank[2].gen_512.u_macro_din0[21]/DIODE    1.000000    1.010789   -0.010789 (VIOLATED)
ANTENNA_i_soc.i_ai_sram.u_sram.gen_bank[3].gen_512.u_macro_din0[26]/DIODE    1.000000    1.010679   -0.010679 (VIOLATED)
ANTENNA_i_soc.i_ai_sram.u_sram.gen_bank[8].gen_512.u_macro_din0[12]/DIODE    1.000000    1.010654   -0.010654 (VIOLATED)
ANTENNA_i_soc.i_ai_sram.u_sram._515__X/DIODE    1.000000    1.010613   -0.010613 (VIOLATED)
i_soc.i_ai_sram.u_sram._515_/X          1.000000    1.010607   -0.010608 (VIOLATED)
load_slew1343/A                         1.000000    1.010509   -0.010509 (VIOLATED)
i_soc.i_cpu.core_i.ex_stage_i.mult_i._23384_/A1    1.000000    1.010117   -0.010117 (VIOLATED)
ANTENNA_i_soc.i_cpu.core_i.ex_stage_i.mult_i._23384__A1/DIODE    1.000000    1.010110   -0.010110 (VIOLATED)
i_soc.i_cpu.core_i.ex_stage_i.mult_i._23385_/A    1.000000    1.010106   -0.010106 (VIOLATED)
ANTENNA_i_soc.i_cpu.core_i.ex_stage_i.mult_i._23385__A/DIODE    1.000000    1.010084   -0.010084 (VIOLATED)
ANTENNA_i_soc.i_cpu.core_i.ex_stage_i.mult_i._23557__B/DIODE    1.000000    1.009791   -0.009791 (VIOLATED)
i_soc.i_cpu.core_i.ex_stage_i.mult_i._23558_/B2    1.000000    1.009788   -0.009788 (VIOLATED)
i_soc.i_cpu.core_i.ex_stage_i.mult_i._23557_/B    1.000000    1.009783   -0.009783 (VIOLATED)
ANTENNA_i_soc.i_cpu.core_i.ex_stage_i.mult_i._23558__B2/DIODE    1.000000    1.009772   -0.009772 (VIOLATED)
i_soc.i_ai_accel._13152_/B              1.000000    1.009334   -0.009334 (VIOLATED)
i_soc.i_ai_accel._13153_/A2             1.000000    1.009322   -0.009322 (VIOLATED)
ANTENNA_i_soc.i_ai_accel._13152__B/DIODE    1.000000    1.009316   -0.009316 (VIOLATED)
ANTENNA_i_soc.i_ai_accel._13153__A2/DIODE    1.000000    1.009313   -0.009313 (VIOLATED)
i_soc.i_qspi._15548_/B1                 1.000000    1.009238   -0.009238 (VIOLATED)
ANTENNA_i_soc.i_ai_accel._13179__A2_N/DIODE    1.000000    1.009238   -0.009238 (VIOLATED)
ANTENNA_i_soc.i_qspi._15548__B1/DIODE    1.000000    1.009235   -0.009235 (VIOLATED)
i_soc.i_qspi._15545_/A2                 1.000000    1.009227   -0.009227 (VIOLATED)
ANTENNA_i_soc.i_qspi._15545__A2/DIODE    1.000000    1.009225   -0.009225 (VIOLATED)
i_soc.i_ai_accel._13179_/A2_N           1.000000    1.009223   -0.009223 (VIOLATED)
i_soc.i_qspi._16269_/B1                 1.000000    1.009219   -0.009219 (VIOLATED)
ANTENNA_i_soc.i_qspi._16269__B1/DIODE    1.000000    1.009219   -0.009219 (VIOLATED)
load_slew3064/A                         1.000000    1.009218   -0.009218 (VIOLATED)
ANTENNA_load_slew3064_A/DIODE           1.000000    1.009215   -0.009215 (VIOLATED)
i_soc.i_qspi._15541_/B1                 1.000000    1.009202   -0.009202 (VIOLATED)
i_soc.i_qspi._15882_/A2                 1.000000    1.009197   -0.009197 (VIOLATED)
ANTENNA_i_soc.i_qspi._15882__A2/DIODE    1.000000    1.009196   -0.009196 (VIOLATED)
ANTENNA_i_soc.i_qspi._15541__B1/DIODE    1.000000    1.009196   -0.009196 (VIOLATED)
i_soc.i_qspi._15885_/B1                 1.000000    1.009157   -0.009157 (VIOLATED)
ANTENNA_i_soc.i_qspi._15885__B1/DIODE    1.000000    1.009133   -0.009132 (VIOLATED)
i_soc.i_qspi._15878_/B1                 1.000000    1.009080   -0.009080 (VIOLATED)
ANTENNA_i_soc.i_qspi._15878__B1/DIODE    1.000000    1.009049   -0.009049 (VIOLATED)
i_soc.i_ai_accel._12988_/A1             1.000000    1.009024   -0.009024 (VIOLATED)
ANTENNA_i_soc.i_ai_accel._12988__A1/DIODE    1.000000    1.009015   -0.009015 (VIOLATED)
ANTENNA_i_soc.i_cpu.core_i.ex_stage_i.mult_i._23741__B/DIODE    1.000000    1.008988   -0.008988 (VIOLATED)
i_soc.i_ai_accel._17327_/A2             1.000000    1.008973   -0.008973 (VIOLATED)
ANTENNA_i_soc.i_ai_accel._17327__A2/DIODE    1.000000    1.008962   -0.008962 (VIOLATED)
wire1301/A                              1.000000    1.008961   -0.008961 (VIOLATED)
ANTENNA_i_soc.i_ai_accel._12523__A/DIODE    1.000000    1.008957   -0.008957 (VIOLATED)
i_soc.i_ai_accel._12523_/A              1.000000    1.008956   -0.008956 (VIOLATED)
i_soc.i_ai_accel._12986_/A1_N           1.000000    1.008955   -0.008955 (VIOLATED)
ANTENNA_i_soc.i_ai_accel._12986__A1_N/DIODE    1.000000    1.008946   -0.008946 (VIOLATED)
ANTENNA_wire1301_A/DIODE                1.000000    1.008940   -0.008940 (VIOLATED)
ANTENNA_i_soc.i_ai_accel._11449__Y/DIODE    1.000000    1.008898   -0.008898 (VIOLATED)
i_soc.i_ai_accel._11460_/A3             1.000000    1.008888   -0.008888 (VIOLATED)
ANTENNA_i_soc.i_ai_accel._11460__A3/DIODE    1.000000    1.008888   -0.008888 (VIOLATED)
i_soc.i_ai_accel._11449_/Y              1.000000    1.008882   -0.008882 (VIOLATED)
i_soc.i_cpu.core_i.ex_stage_i.mult_i._23741_/B    1.000000    1.008882   -0.008882 (VIOLATED)
i_soc.i_qspi._15772_/B1                 1.000000    1.008873   -0.008873 (VIOLATED)
ANTENNA_i_soc.i_qspi._15772__B1/DIODE    1.000000    1.008865   -0.008865 (VIOLATED)
i_soc.i_cpu.core_i.ex_stage_i.mult_i._23742_/B2    1.000000    1.008805   -0.008805 (VIOLATED)
ANTENNA_i_soc.i_cpu.core_i.ex_stage_i.mult_i._23742__B2/DIODE    1.000000    1.008804   -0.008804 (VIOLATED)
fanout3057/A                            1.000000    1.008790   -0.008790 (VIOLATED)
ANTENNA_fanout3057_A/DIODE              1.000000    1.008787   -0.008787 (VIOLATED)
fanout3061/A                            1.000000    1.008785   -0.008785 (VIOLATED)
ANTENNA_fanout3061_A/DIODE              1.000000    1.008785   -0.008785 (VIOLATED)
ANTENNA_fanout3063_X/DIODE              1.000000    1.008784   -0.008784 (VIOLATED)
fanout3063/X                            1.000000    1.008780   -0.008780 (VIOLATED)
i_soc.i_ai_accel._12539_/B2             1.000000    1.008744   -0.008744 (VIOLATED)
ANTENNA_i_soc.i_ai_accel._12539__B2/DIODE    1.000000    1.008723   -0.008723 (VIOLATED)
ANTENNA_i_soc.i_ai_accel._12569__B2/DIODE    1.000000    1.008616   -0.008616 (VIOLATED)
i_soc.i_ai_accel._12569_/B2             1.000000    1.008593   -0.008593 (VIOLATED)
ANTENNA_i_soc.i_ai_sram.u_sram.gen_bank[3].gen_512.u_macro_din0[9]/DIODE    1.000000    1.008540   -0.008540 (VIOLATED)
i_soc.i_ai_accel._14094_/A              1.000000    1.008540   -0.008540 (VIOLATED)
ANTENNA_i_soc.i_ai_accel._14094__A/DIODE    1.000000    1.008531   -0.008531 (VIOLATED)
ANTENNA_i_soc.i_cpu.core_i.ex_stage_i.mult_i._23911__B/DIODE    1.000000    1.008518   -0.008518 (VIOLATED)
i_soc.i_cpu.core_i.ex_stage_i.alu_i._3389_/A    1.000000    1.008509   -0.008509 (VIOLATED)
ANTENNA_i_soc.i_cpu.core_i.ex_stage_i.alu_i._3389__A/DIODE    1.000000    1.008479   -0.008479 (VIOLATED)
ANTENNA_i_soc.i_ai_sram.u_sram.gen_bank[3].gen_512.u_macro_din0[17]/DIODE    1.000000    1.008430   -0.008430 (VIOLATED)
load_slew1260/A                         1.000000    1.008368   -0.008368 (VIOLATED)
i_soc.i_cpu.core_i.ex_stage_i.alu_i._4932_/A1    1.000000    1.008361   -0.008361 (VIOLATED)
ANTENNA_load_slew1260_A/DIODE           1.000000    1.008358   -0.008359 (VIOLATED)
ANTENNA_i_soc.i_cpu.core_i.ex_stage_i.alu_i._4932__A1/DIODE    1.000000    1.008358   -0.008358 (VIOLATED)
ANTENNA_i_soc.i_cpu.core_i.ex_stage_i.alu_i._5006__C1/DIODE    1.000000    1.008354   -0.008354 (VIOLATED)
i_soc.i_cpu.core_i.ex_stage_i.mult_i._23911_/B    1.000000    1.008308   -0.008308 (VIOLATED)
ANTENNA_i_soc.i_crossbar._1058__X/DIODE    1.000000    1.008302   -0.008302 (VIOLATED)
i_soc.i_cpu.core_i.ex_stage_i.alu_i._5006_/C1    1.000000    1.008287   -0.008287 (VIOLATED)
i_soc.i_cpu.core_i.ex_stage_i.mult_i._23909_/B2    1.000000    1.008284   -0.008284 (VIOLATED)
ANTENNA_load_slew1343_A/DIODE           1.000000    1.008243   -0.008243 (VIOLATED)
ANTENNA_i_soc.i_ai_sram.u_sram.gen_bank[4].gen_512.u_macro_din0[8]/DIODE    1.000000    1.008234   -0.008234 (VIOLATED)
i_soc.i_crossbar._1058_/X               1.000000    1.008231   -0.008231 (VIOLATED)
i_soc.i_cpu.core_i.ex_stage_i.alu_i._5068_/A1    1.000000    1.008171   -0.008171 (VIOLATED)
ANTENNA_i_soc.i_cpu.core_i.ex_stage_i.mult_i._23909__B2/DIODE    1.000000    1.008171   -0.008171 (VIOLATED)
ANTENNA_i_soc.i_cpu.core_i.ex_stage_i.alu_i._5068__A1/DIODE    1.000000    1.008155   -0.008155 (VIOLATED)
ANTENNA_i_soc.i_cpu.core_i.ex_stage_i.alu_i._3300__A/DIODE    1.000000    1.008128   -0.008128 (VIOLATED)
i_soc.i_cpu.core_i.ex_stage_i.alu_i._5114_/A1    1.000000    1.008120   -0.008120 (VIOLATED)
ANTENNA_i_soc.i_cpu.core_i.ex_stage_i.alu_i._5114__A1/DIODE    1.000000    1.008111   -0.008111 (VIOLATED)
i_soc.i_cpu.core_i.ex_stage_i.alu_i._3300_/A    1.000000    1.008087   -0.008087 (VIOLATED)
ANTENNA_i_soc.i_ai_accel._12822__A1/DIODE    1.000000    1.008079   -0.008079 (VIOLATED)
i_soc.i_cpu.core_i.ex_stage_i.alu_i._5134_/A1    1.000000    1.008050   -0.008050 (VIOLATED)
ANTENNA_i_soc.i_cpu.core_i.ex_stage_i.alu_i._5134__A1/DIODE    1.000000    1.008039   -0.008039 (VIOLATED)
ANTENNA_i_soc.i_cpu.core_i.ex_stage_i.alu_i._4636__B2/DIODE    1.000000    1.008008   -0.008008 (VIOLATED)
i_soc.i_cpu.core_i.ex_stage_i.alu_i._5093_/A    1.000000    1.007997   -0.007997 (VIOLATED)
i_soc.i_ai_accel._12822_/A1             1.000000    1.007968   -0.007968 (VIOLATED)
ANTENNA_i_soc.i_cpu.core_i.ex_stage_i.alu_i._5093__A/DIODE    1.000000    1.007951   -0.007951 (VIOLATED)
i_soc.i_cpu.core_i.ex_stage_i.mult_i._24136_/B2    1.000000    1.007942   -0.007942 (VIOLATED)
ANTENNA_i_soc.i_cpu.core_i.ex_stage_i.mult_i._24136__B2/DIODE    1.000000    1.007930   -0.007930 (VIOLATED)
i_soc.i_cpu.core_i.ex_stage_i.alu_i._4636_/B2    1.000000    1.007928   -0.007928 (VIOLATED)
i_soc.i_cpu.core_i.ex_stage_i.alu_i._3481_/A    1.000000    1.007865   -0.007865 (VIOLATED)
i_soc.i_cpu.core_i.ex_stage_i.mult_i._24138_/B    1.000000    1.007857   -0.007857 (VIOLATED)
ANTENNA_i_soc.i_cpu.core_i.ex_stage_i.alu_i._3481__A/DIODE    1.000000    1.007856   -0.007856 (VIOLATED)
ANTENNA_i_soc.i_cpu.core_i.ex_stage_i.mult_i._24138__B/DIODE    1.000000    1.007814   -0.007814 (VIOLATED)
i_soc.i_ai_accel._12710_/A              1.000000    1.007713   -0.007713 (VIOLATED)
ANTENNA_i_soc.i_ai_sram.u_sram.gen_bank[8].gen_512.u_macro_din0[10]/DIODE    1.000000    1.007636   -0.007636 (VIOLATED)
ANTENNA_i_soc.i_ai_accel._12710__A/DIODE    1.000000    1.007558   -0.007558 (VIOLATED)
i_soc.i_cpu.core_i.id_stage_i._2620_/A1    1.000000    1.007476   -0.007476 (VIOLATED)
ANTENNA_i_soc.i_cpu.core_i.id_stage_i._2620__A1/DIODE    1.000000    1.007471   -0.007471 (VIOLATED)
wire566/A                               1.000000    1.007432   -0.007432 (VIOLATED)
ANTENNA_wire566_A/DIODE                 1.000000    1.007431   -0.007431 (VIOLATED)
i_soc.i_cpu.core_i.id_stage_i.register_file_i._6792_/A1    1.000000    1.007399   -0.007399 (VIOLATED)
ANTENNA_i_soc.i_cpu.core_i.id_stage_i.register_file_i._6792__A1/DIODE    1.000000    1.007390   -0.007390 (VIOLATED)
i_soc.i_cpu.core_i.id_stage_i.register_file_i._6723_/A1    1.000000    1.007367   -0.007367 (VIOLATED)
i_soc.i_ai_accel._12821_/A              1.000000    1.007353   -0.007353 (VIOLATED)
ANTENNA_i_soc.i_cpu.core_i.id_stage_i.register_file_i._6723__A1/DIODE    1.000000    1.007345   -0.007345 (VIOLATED)
ANTENNA_i_soc.i_ai_accel._12821__A/DIODE    1.000000    1.007344   -0.007344 (VIOLATED)
i_soc.i_cpu.core_i.id_stage_i.register_file_i._6521_/A1    1.000000    1.007300   -0.007300 (VIOLATED)
ANTENNA_i_soc.i_cpu.core_i.id_stage_i.register_file_i._6521__A1/DIODE    1.000000    1.007299   -0.007299 (VIOLATED)
i_soc.i_cpu.core_i.id_stage_i.register_file_i._6589_/A1    1.000000    1.007262   -0.007262 (VIOLATED)
ANTENNA_i_soc.i_cpu.core_i.id_stage_i.register_file_i._6589__A1/DIODE    1.000000    1.007262   -0.007262 (VIOLATED)
ANTENNA_i_soc.i_cpu.core_i.id_stage_i.register_file_i._6453__B2/DIODE    1.000000    1.007261   -0.007261 (VIOLATED)
i_soc.i_cpu.core_i.id_stage_i.register_file_i._6453_/B2    1.000000    1.007261   -0.007261 (VIOLATED)
i_soc.i_cpu.core_i.id_stage_i.register_file_i._6385_/A1    1.000000    1.007247   -0.007247 (VIOLATED)
ANTENNA_i_soc.i_cpu.core_i.id_stage_i.register_file_i._6385__A1/DIODE    1.000000    1.007246   -0.007246 (VIOLATED)
ANTENNA_fanout564_X/DIODE               1.000000    1.007236   -0.007236 (VIOLATED)
fanout564/X                             1.000000    1.007236   -0.007236 (VIOLATED)
ANTENNA_i_soc.i_cpu.core_i.ex_stage_i.mult_i._24326__B/DIODE    1.000000    1.007119   -0.007119 (VIOLATED)
i_soc.i_cpu.core_i.ex_stage_i.alu_i._3479_/A1    1.000000    1.007087   -0.007087 (VIOLATED)
ANTENNA_i_soc.i_cpu.core_i.ex_stage_i.alu_i._3479__A1/DIODE    1.000000    1.007080   -0.007080 (VIOLATED)
ANTENNA_i_soc.i_ai_sram.u_sram.gen_bank[6].gen_512.u_macro_din0[20]/DIODE    1.000000    1.007021   -0.007021 (VIOLATED)
i_soc.i_cpu.core_i.ex_stage_i.mult_i._24326_/B    1.000000    1.006876   -0.006876 (VIOLATED)
i_soc.i_cpu.core_i.ex_stage_i.alu_i._6082_/A1    1.000000    1.006800   -0.006800 (VIOLATED)
ANTENNA_i_soc.i_cpu.core_i.ex_stage_i.alu_i._6082__A1/DIODE    1.000000    1.006790   -0.006790 (VIOLATED)
i_soc.i_cpu.core_i.ex_stage_i.alu_i._6081_/A1    1.000000    1.006782   -0.006782 (VIOLATED)
ANTENNA_i_soc.i_cpu.core_i.ex_stage_i.alu_i._6081__A1/DIODE    1.000000    1.006781   -0.006781 (VIOLATED)
i_soc.i_cpu.core_i.ex_stage_i.mult_i._24324_/B2    1.000000    1.006622   -0.006622 (VIOLATED)
ANTENNA_i_soc.i_cpu.core_i.ex_stage_i.mult_i._24324__B2/DIODE    1.000000    1.006614   -0.006614 (VIOLATED)
i_soc.i_cpu.core_i.id_stage_i.register_file_i._7581_/A    1.000000    1.006434   -0.006434 (VIOLATED)
ANTENNA_i_soc.i_cpu.core_i.id_stage_i.register_file_i._7581__A/DIODE    1.000000    1.006431   -0.006431 (VIOLATED)
i_soc.i_cpu.core_i.id_stage_i.register_file_i._7513_/A    1.000000    1.006422   -0.006422 (VIOLATED)
ANTENNA_i_soc.i_cpu.core_i.id_stage_i.register_file_i._7513__A/DIODE    1.000000    1.006419   -0.006419 (VIOLATED)
ANTENNA_load_slew470_A/DIODE            1.000000    1.006388   -0.006388 (VIOLATED)
load_slew470/A                          1.000000    1.006383   -0.006383 (VIOLATED)
i_soc.i_cpu.core_i.id_stage_i.register_file_i._7240_/A1    1.000000    1.006380   -0.006380 (VIOLATED)
ANTENNA_i_soc.i_cpu.core_i.id_stage_i.register_file_i._7240__A1/DIODE    1.000000    1.006377   -0.006377 (VIOLATED)
i_soc.i_cpu.core_i.id_stage_i.register_file_i._7171_/A    1.000000    1.006364   -0.006364 (VIOLATED)
ANTENNA_i_soc.i_cpu.core_i.id_stage_i.register_file_i._7171__A/DIODE    1.000000    1.006361   -0.006361 (VIOLATED)
ANTENNA_i_soc.i_cpu.core_i.id_stage_i.register_file_i._7103__A/DIODE    1.000000    1.006352   -0.006352 (VIOLATED)
i_soc.i_cpu.core_i.id_stage_i.register_file_i._7103_/A    1.000000    1.006352   -0.006352 (VIOLATED)
i_soc.i_cpu.core_i.id_stage_i.register_file_i._7035_/A1    1.000000    1.006320   -0.006320 (VIOLATED)
ANTENNA_i_soc.i_cpu.core_i.id_stage_i.register_file_i._7035__A1/DIODE    1.000000    1.006320   -0.006320 (VIOLATED)
ANTENNA_i_soc.i_cpu.core_i.id_stage_i.register_file_i._6901__A/DIODE    1.000000    1.006036   -0.006036 (VIOLATED)
i_soc.i_cpu.core_i.id_stage_i.register_file_i._6901_/A    1.000000    1.006036   -0.006036 (VIOLATED)
i_soc.i_cpu.core_i.id_stage_i.register_file_i._6969_/A    1.000000    1.006015   -0.006015 (VIOLATED)
i_soc.i_crossbar._1537_/A               1.000000    1.006002   -0.006002 (VIOLATED)
ANTENNA_i_soc.i_cpu.core_i.id_stage_i.register_file_i._6969__A/DIODE    1.000000    1.005988   -0.005988 (VIOLATED)
ANTENNA_i_soc.i_crossbar._1537__A/DIODE    1.000000    1.005985   -0.005986 (VIOLATED)
i_soc.i_cpu.core_i.id_stage_i.register_file_i._6834_/A1    1.000000    1.005959   -0.005959 (VIOLATED)
ANTENNA_i_soc.i_cpu.core_i.id_stage_i.register_file_i._6834__A1/DIODE    1.000000    1.005956   -0.005956 (VIOLATED)
i_soc.i_cpu.core_i.ex_stage_i.mult_i._24682_/B    1.000000    1.005938   -0.005938 (VIOLATED)
ANTENNA_i_soc.i_cpu.core_i.ex_stage_i.mult_i._24682__B/DIODE    1.000000    1.005938   -0.005938 (VIOLATED)
max_cap471/A                            1.000000    1.005936   -0.005936 (VIOLATED)
ANTENNA_max_cap471_A/DIODE              1.000000    1.005936   -0.005936 (VIOLATED)
i_soc.i_cpu.core_i.id_stage_i.register_file_i._6765_/A1    1.000000    1.005931   -0.005931 (VIOLATED)
ANTENNA_i_soc.i_cpu.core_i.id_stage_i.register_file_i._6765__A1/DIODE    1.000000    1.005931   -0.005931 (VIOLATED)
ANTENNA_fanout469_X/DIODE               1.000000    1.005928   -0.005928 (VIOLATED)
fanout469/X                             1.000000    1.005928   -0.005928 (VIOLATED)
i_soc.i_cpu.core_i.ex_stage_i.mult_i._24681_/B2    1.000000    1.005908   -0.005908 (VIOLATED)
ANTENNA_i_soc.i_cpu.core_i.ex_stage_i.mult_i._24681__B2/DIODE    1.000000    1.005836   -0.005836 (VIOLATED)
i_soc.i_crossbar._1119_/A               1.000000    1.005770   -0.005770 (VIOLATED)
ANTENNA_i_soc.i_crossbar._1119__A/DIODE    1.000000    1.005746   -0.005746 (VIOLATED)
ANTENNA_i_soc.i_cpu.core_i.ex_stage_i.mult_i._24755__B2/DIODE    1.000000    1.005576   -0.005576 (VIOLATED)
i_soc.i_cpu.core_i.ex_stage_i.mult_i._24755_/B2    1.000000    1.005544   -0.005544 (VIOLATED)
i_soc.i_cpu.core_i.ex_stage_i.mult_i._24756_/B    1.000000    1.005507   -0.005507 (VIOLATED)
i_soc.i_ai_sram.u_sram.gen_bank[11].gen_512.u_macro/din0[17]    1.000000    1.005452   -0.005452 (VIOLATED)
i_soc.i_cpu.core_i.ex_stage_i.mult_i._12566_/A    1.000000    1.005352   -0.005352 (VIOLATED)
ANTENNA_i_soc.i_cpu.core_i.ex_stage_i.mult_i._12566__A/DIODE    1.000000    1.005351   -0.005351 (VIOLATED)
ANTENNA_i_soc.i_cpu.core_i.ex_stage_i.mult_i._24756__B/DIODE    1.000000    1.005135   -0.005135 (VIOLATED)
wire255/A                               1.000000    1.004957   -0.004957 (VIOLATED)
ANTENNA_wire255_A/DIODE                 1.000000    1.004956   -0.004955 (VIOLATED)
load_slew254/A                          1.000000    1.004831   -0.004831 (VIOLATED)
ANTENNA_load_slew254_A/DIODE            1.000000    1.004830   -0.004830 (VIOLATED)
ANTENNA_i_soc.i_crossbar._1471__X/DIODE    1.000000    1.004807   -0.004807 (VIOLATED)
i_soc.i_crossbar._1471_/X               1.000000    1.004793   -0.004793 (VIOLATED)
i_soc.i_ai_accel._20828_/B2             1.000000    1.004673   -0.004673 (VIOLATED)
ANTENNA_i_soc.i_ai_accel._20828__B2/DIODE    1.000000    1.004670   -0.004670 (VIOLATED)
fanout2720/A                            1.000000    1.004640   -0.004640 (VIOLATED)
ANTENNA_fanout2720_A/DIODE              1.000000    1.004636   -0.004636 (VIOLATED)
ANTENNA_i_soc.i_cpu.core_i.id_stage_i._3299__A1/DIODE    1.000000    1.004562   -0.004562 (VIOLATED)
i_soc.i_cpu.core_i.id_stage_i._3299_/A1    1.000000    1.004561   -0.004561 (VIOLATED)
ANTENNA_i_soc.i_cpu.core_i.id_stage_i._3782__Q/DIODE    1.000000    1.004547   -0.004547 (VIOLATED)
i_soc.i_cpu.core_i.id_stage_i._3782_/Q    1.000000    1.004539   -0.004539 (VIOLATED)
ANTENNA_i_soc.i_cpu.core_i.ex_stage_i.alu_i._4376__B2/DIODE    1.000000    1.004484   -0.004484 (VIOLATED)
i_soc.i_cpu.core_i.ex_stage_i.alu_i._4376_/B2    1.000000    1.004483   -0.004483 (VIOLATED)
ANTENNA_i_soc.i_cpu.core_i.ex_stage_i.alu_i._4399__B1/DIODE    1.000000    1.004475   -0.004475 (VIOLATED)
i_soc.i_cpu.core_i.ex_stage_i.alu_i._4399_/B1    1.000000    1.004473   -0.004473 (VIOLATED)
ANTENNA_i_soc.i_ai_accel._11465__Y/DIODE    1.000000    1.004472   -0.004472 (VIOLATED)
i_soc.i_ai_accel._11465_/Y              1.000000    1.004452   -0.004452 (VIOLATED)
i_soc.i_cpu.core_i.ex_stage_i.alu_i._4375_/B1    1.000000    1.004443   -0.004443 (VIOLATED)
ANTENNA_i_soc.i_cpu.core_i.ex_stage_i.alu_i._4375__B1/DIODE    1.000000    1.004440   -0.004440 (VIOLATED)
ANTENNA_i_soc.i_cpu.core_i.ex_stage_i.alu_i._4371__B2/DIODE    1.000000    1.004430   -0.004430 (VIOLATED)
i_soc.i_cpu.core_i.ex_stage_i.alu_i._4371_/B2    1.000000    1.004417   -0.004417 (VIOLATED)
ANTENNA_i_soc.i_ai_accel._12491__X/DIODE    1.000000    1.004403   -0.004403 (VIOLATED)
i_soc.i_ai_sram.u_sram.gen_bank[10].gen_512.u_macro/din0[14]    1.000000    1.004398   -0.004398 (VIOLATED)
i_soc.i_ai_accel._12491_/X              1.000000    1.004382   -0.004382 (VIOLATED)
ANTENNA_i_soc.i_cpu.core_i.ex_stage_i.alu_i._4349__A2/DIODE    1.000000    1.004321   -0.004321 (VIOLATED)
i_soc.i_cpu.core_i.ex_stage_i.alu_i._4349_/A2    1.000000    1.004303   -0.004303 (VIOLATED)
ANTENNA_i_soc.i_ai_sram.u_sram.gen_bank[1].gen_512.u_macro_din0[14]/DIODE    1.000000    1.004296   -0.004296 (VIOLATED)
i_soc.i_cpu.core_i.ex_stage_i.alu_i._4314_/A2    1.000000    1.004236   -0.004236 (VIOLATED)
ANTENNA_i_soc.i_cpu.core_i.ex_stage_i.alu_i._4314__A2/DIODE    1.000000    1.004235   -0.004235 (VIOLATED)
i_soc.i_cpu.core_i.ex_stage_i.alu_i._4339_/A2    1.000000    1.004227   -0.004227 (VIOLATED)
ANTENNA_i_soc.i_cpu.core_i.ex_stage_i.alu_i._4339__A2/DIODE    1.000000    1.004222   -0.004222 (VIOLATED)
ANTENNA_fanout2437_X/DIODE              1.000000    1.004043   -0.004043 (VIOLATED)
ANTENNA_i_soc.i_cpu.core_i.ex_stage_i.alu_i._4345__A2/DIODE    1.000000    1.004043   -0.004043 (VIOLATED)
ANTENNA_max_cap2438_A/DIODE             1.000000    1.004043   -0.004043 (VIOLATED)
max_cap2438/A                           1.000000    1.004041   -0.004041 (VIOLATED)
fanout2437/X                            1.000000    1.004040   -0.004040 (VIOLATED)
i_soc.i_cpu.core_i.ex_stage_i.alu_i._4345_/A2    1.000000    1.004040   -0.004040 (VIOLATED)
wire1025/A                              1.000000    1.004017   -0.004017 (VIOLATED)
ANTENNA_wire1025_A/DIODE                1.000000    1.003998   -0.003998 (VIOLATED)
i_soc.i_ai_sram.u_sram.gen_bank[11].gen_512.u_macro/din0[23]    1.000000    1.003764   -0.003764 (VIOLATED)
ANTENNA_i_soc.i_ai_sram.u_sram.gen_bank[4].gen_512.u_macro_din0[1]/DIODE    1.000000    1.003582   -0.003582 (VIOLATED)
ANTENNA_i_soc.i_ai_sram.u_sram.gen_bank[8].gen_512.u_macro_din0[25]/DIODE    1.000000    1.003558   -0.003558 (VIOLATED)
i_soc.i_ai_sram.u_sram._385_/A          1.000000    1.003351   -0.003351 (VIOLATED)
ANTENNA_i_soc.i_ai_sram.u_sram._385__A/DIODE    1.000000    1.003331   -0.003331 (VIOLATED)
ANTENNA_i_soc.i_ai_sram.u_sram.gen_bank[4].gen_512.u_macro_din0[6]/DIODE    1.000000    1.002943   -0.002943 (VIOLATED)
i_soc.i_qspi._14339_/A1                 1.000000    1.002739   -0.002739 (VIOLATED)
i_soc.i_qspi._14868_/A1                 1.000000    1.002736   -0.002736 (VIOLATED)
ANTENNA_i_soc.i_qspi._14339__A1/DIODE    1.000000    1.002735   -0.002735 (VIOLATED)
wire5046/A                              1.000000    1.002735   -0.002735 (VIOLATED)
ANTENNA_i_soc.i_qspi._14868__A1/DIODE    1.000000    1.002733   -0.002733 (VIOLATED)
ANTENNA_wire5046_A/DIODE                1.000000    1.002729   -0.002729 (VIOLATED)
i_soc.i_qspi._14901_/A1                 1.000000    1.002718   -0.002718 (VIOLATED)
ANTENNA_i_soc.i_qspi._14901__A1/DIODE    1.000000    1.002718   -0.002718 (VIOLATED)
i_soc.i_qspi._14703_/A1                 1.000000    1.002658   -0.002658 (VIOLATED)
ANTENNA_i_soc.i_qspi._14703__A1/DIODE    1.000000    1.002620   -0.002620 (VIOLATED)
i_soc.i_qspi._13011_/A1                 1.000000    1.002560   -0.002560 (VIOLATED)
ANTENNA_i_soc.i_qspi._13011__A1/DIODE    1.000000    1.002560   -0.002560 (VIOLATED)
ANTENNA_i_soc.i_qspi._13079__A1/DIODE    1.000000    1.002556   -0.002556 (VIOLATED)
i_soc.i_qspi._13079_/A1                 1.000000    1.002555   -0.002555 (VIOLATED)
i_soc.i_crossbar._1295_/A               1.000000    1.002499   -0.002499 (VIOLATED)
i_soc.i_qspi._12943_/A1                 1.000000    1.002495   -0.002495 (VIOLATED)
ANTENNA_i_soc.i_crossbar._1295__A/DIODE    1.000000    1.002485   -0.002485 (VIOLATED)
ANTENNA_i_soc.i_qspi._12943__A1/DIODE    1.000000    1.002437   -0.002437 (VIOLATED)
i_soc.i_qspi._14934_/A1                 1.000000    1.002392   -0.002392 (VIOLATED)
i_soc.i_qspi._13045_/A1                 1.000000    1.002384   -0.002384 (VIOLATED)
ANTENNA_i_soc.i_qspi._13045__A1/DIODE    1.000000    1.002384   -0.002384 (VIOLATED)
i_soc.i_qspi._12977_/A1                 1.000000    1.002381   -0.002381 (VIOLATED)
ANTENNA_i_soc.i_qspi._12977__A1/DIODE    1.000000    1.002380   -0.002380 (VIOLATED)
ANTENNA_i_soc.i_qspi._12909__A1/DIODE    1.000000    1.002370   -0.002370 (VIOLATED)
i_soc.i_qspi._12909_/A1                 1.000000    1.002365   -0.002365 (VIOLATED)
ANTENNA_i_soc.i_qspi._14934__A1/DIODE    1.000000    1.002363   -0.002363 (VIOLATED)
i_soc.i_ai_sram.u_sram._389_/A          1.000000    1.002300   -0.002300 (VIOLATED)
ANTENNA_i_soc.i_ai_sram.u_sram._389__A/DIODE    1.000000    1.002299   -0.002299 (VIOLATED)
ANTENNA_i_soc.i_ai_sram.u_sram._376__X/DIODE    1.000000    1.002289   -0.002289 (VIOLATED)
i_soc.i_ai_sram.u_sram._376_/X          1.000000    1.002285   -0.002285 (VIOLATED)
i_soc.i_cpu.core_i.id_stage_i.register_file_i._4290_/C1    1.000000    1.002134   -0.002134 (VIOLATED)
i_soc.i_qspi._10456_/A1                 1.000000    1.002133   -0.002133 (VIOLATED)
ANTENNA_i_soc.i_cpu.core_i.id_stage_i.register_file_i._4290__C1/DIODE    1.000000    1.002132   -0.002132 (VIOLATED)
ANTENNA_i_soc.i_qspi._10456__A1/DIODE    1.000000    1.002129   -0.002129 (VIOLATED)
i_soc.i_cpu.core_i.id_stage_i.register_file_i._4042_/C1    1.000000    1.002125   -0.002125 (VIOLATED)
i_soc.i_qspi._10621_/A1                 1.000000    1.002125   -0.002125 (VIOLATED)
ANTENNA_i_soc.i_cpu.core_i.id_stage_i.register_file_i._4042__C1/DIODE    1.000000    1.002121   -0.002121 (VIOLATED)
ANTENNA_i_soc.i_qspi._10621__A1/DIODE    1.000000    1.002121   -0.002121 (VIOLATED)
i_soc.i_cpu.core_i.id_stage_i.register_file_i._4313_/C1    1.000000    1.002114   -0.002114 (VIOLATED)
ANTENNA_i_soc.i_cpu.core_i.id_stage_i.register_file_i._4313__C1/DIODE    1.000000    1.002111   -0.002111 (VIOLATED)
i_soc.i_cpu.core_i.id_stage_i.register_file_i._4263_/C1    1.000000    1.002087   -0.002087 (VIOLATED)
i_soc.i_qspi._10184_/C1                 1.000000    1.002078   -0.002078 (VIOLATED)
ANTENNA_i_soc.i_cpu.core_i.id_stage_i.register_file_i._4263__C1/DIODE    1.000000    1.002076   -0.002076 (VIOLATED)
ANTENNA_i_soc.i_qspi._10184__C1/DIODE    1.000000    1.002075   -0.002075 (VIOLATED)
ANTENNA_wire2020_A/DIODE                1.000000    1.002063   -0.002063 (VIOLATED)
i_soc.i_qspi._10624_/C1                 1.000000    1.002062   -0.002062 (VIOLATED)
wire2020/A                              1.000000    1.002059   -0.002059 (VIOLATED)
ANTENNA_i_soc.i_qspi._10624__C1/DIODE    1.000000    1.002048   -0.002048 (VIOLATED)
i_soc.i_cpu.core_i.id_stage_i.register_file_i._4167_/C1    1.000000    1.002045   -0.002045 (VIOLATED)
ANTENNA_i_soc.i_cpu.core_i.id_stage_i.register_file_i._4167__C1/DIODE    1.000000    1.002044   -0.002044 (VIOLATED)
i_soc.i_cpu.core_i.id_stage_i.register_file_i._4017_/B1    1.000000    1.002040   -0.002040 (VIOLATED)
ANTENNA_i_soc.i_cpu.core_i.id_stage_i.register_file_i._4017__B1/DIODE    1.000000    1.002040   -0.002040 (VIOLATED)
ANTENNA_i_soc.i_qspi._10181__A1/DIODE    1.000000    1.002025   -0.002025 (VIOLATED)
i_soc.i_qspi._10181_/A1                 1.000000    1.002015   -0.002015 (VIOLATED)
i_soc.i_cpu.core_i.id_stage_i.register_file_i._4387_/A1    1.000000    1.001958   -0.001958 (VIOLATED)
ANTENNA_i_soc.i_cpu.core_i.id_stage_i.register_file_i._4387__A1/DIODE    1.000000    1.001957   -0.001957 (VIOLATED)
wire3767/A                              1.000000    1.001957   -0.001957 (VIOLATED)
i_soc.i_periph_decoder._0618_/A         1.000000    1.001955   -0.001955 (VIOLATED)
ANTENNA_wire3767_A/DIODE                1.000000    1.001954   -0.001954 (VIOLATED)
ANTENNA_i_soc.i_periph_decoder._0618__A/DIODE    1.000000    1.001951   -0.001951 (VIOLATED)
ANTENNA_i_soc.i_cpu.core_i.id_stage_i.register_file_i._4213__B1/DIODE    1.000000    1.001951   -0.001951 (VIOLATED)
i_soc.i_cpu.core_i.id_stage_i.register_file_i._4213_/B1    1.000000    1.001951   -0.001951 (VIOLATED)
ANTENNA_fanout3764_X/DIODE              1.000000    1.001950   -0.001950 (VIOLATED)
fanout3764/X                            1.000000    1.001948   -0.001948 (VIOLATED)
i_soc.i_qspi._09802_/C1                 1.000000    1.001935   -0.001935 (VIOLATED)
ANTENNA_i_soc.i_qspi._09802__C1/DIODE    1.000000    1.001933   -0.001933 (VIOLATED)
ANTENNA_i_soc.i_qspi._15082__A0/DIODE    1.000000    1.001899   -0.001898 (VIOLATED)
i_soc.i_qspi._15082_/A0                 1.000000    1.001899   -0.001898 (VIOLATED)
ANTENNA_fanout5045_X/DIODE              1.000000    1.001898   -0.001898 (VIOLATED)
fanout5045/X                            1.000000    1.001896   -0.001896 (VIOLATED)
i_soc.i_periph_decoder._1218_/A         1.000000    1.001849   -0.001849 (VIOLATED)
ANTENNA_i_soc.i_periph_decoder._1218__A/DIODE    1.000000    1.001848   -0.001848 (VIOLATED)
i_soc.i_qspi._09796_/A1                 1.000000    1.001841   -0.001841 (VIOLATED)
ANTENNA_i_soc.i_qspi._09796__A1/DIODE    1.000000    1.001838   -0.001838 (VIOLATED)
i_soc.i_periph_decoder._0718_/A         1.000000    1.001823   -0.001823 (VIOLATED)
ANTENNA_i_soc.i_periph_decoder._0718__A/DIODE    1.000000    1.001820   -0.001820 (VIOLATED)
i_soc.i_periph_decoder._1118_/A         1.000000    1.001776   -0.001776 (VIOLATED)
ANTENNA_i_soc.i_periph_decoder._1118__A/DIODE    1.000000    1.001771   -0.001771 (VIOLATED)
i_soc.i_qspi._09634_/C1                 1.000000    1.001749   -0.001749 (VIOLATED)
ANTENNA_i_soc.i_qspi._09634__C1/DIODE    1.000000    1.001748   -0.001748 (VIOLATED)
ANTENNA_i_soc.i_ai_sram.u_sram.gen_bank[8].gen_512.u_macro_din0[7]/DIODE    1.000000    1.001682   -0.001682 (VIOLATED)
i_soc.i_cpu.core_i.id_stage_i._3538_/A0    1.000000    1.001655   -0.001655 (VIOLATED)
i_soc.i_periph_decoder._0818_/A         1.000000    1.001635   -0.001635 (VIOLATED)
ANTENNA_i_soc.i_periph_decoder._0818__A/DIODE    1.000000    1.001634   -0.001634 (VIOLATED)
ANTENNA_i_soc.i_cpu.core_i.id_stage_i._3538__A0/DIODE    1.000000    1.001540   -0.001540 (VIOLATED)
i_soc.i_ai_sram.u_sram.gen_bank[5].gen_512.u_macro/din0[2]    1.000000    1.001530   -0.001530 (VIOLATED)
i_soc.i_periph_decoder._0918_/A         1.000000    1.001523   -0.001523 (VIOLATED)
ANTENNA_i_soc.i_periph_decoder._0918__A/DIODE    1.000000    1.001520   -0.001520 (VIOLATED)
ANTENNA_fanout2018_X/DIODE              1.000000    1.001471   -0.001471 (VIOLATED)
ANTENNA_fanout2008_A/DIODE              1.000000    1.001470   -0.001470 (VIOLATED)
fanout2008/A                            1.000000    1.001470   -0.001470 (VIOLATED)
fanout2018/X                            1.000000    1.001470   -0.001470 (VIOLATED)
ANTENNA_i_soc.i_ai_sram.u_sram._475__X/DIODE    1.000000    1.001439   -0.001439 (VIOLATED)
i_soc.i_ai_sram.u_sram._475_/X          1.000000    1.001430   -0.001430 (VIOLATED)
i_soc.i_cpu.core_i.ex_stage_i.mult_i._23453_/A1    1.000000    1.001423   -0.001423 (VIOLATED)
ANTENNA_i_soc.i_cpu.core_i.ex_stage_i.mult_i._23453__A1/DIODE    1.000000    1.001422   -0.001422 (VIOLATED)
i_soc.i_cpu.core_i.ex_stage_i.mult_i._23452_/B1    1.000000    1.001422   -0.001422 (VIOLATED)
ANTENNA_i_soc.i_cpu.core_i.ex_stage_i.mult_i._23452__B1/DIODE    1.000000    1.001422   -0.001422 (VIOLATED)
ANTENNA_i_soc.i_cpu.core_i.id_stage_i._3989__Q/DIODE    1.000000    1.001405   -0.001405 (VIOLATED)
i_soc.i_cpu.core_i.id_stage_i._3989_/Q    1.000000    1.001399   -0.001399 (VIOLATED)
i_soc.i_periph_decoder._1018_/A         1.000000    1.001341   -0.001341 (VIOLATED)
ANTENNA_i_soc.i_periph_decoder._1018__A/DIODE    1.000000    1.001338   -0.001338 (VIOLATED)
i_soc.i_ai_sram.u_sram._504_/A2         1.000000    1.001168   -0.001168 (VIOLATED)
ANTENNA_i_soc.i_ai_sram.u_sram._504__A2/DIODE    1.000000    1.001144   -0.001144 (VIOLATED)
i_soc.i_ai_sram.u_sram.gen_bank[10].gen_512.u_macro/din0[7]    1.000000    1.000688   -0.000688 (VIOLATED)
ANTENNA_i_soc.i_axi_lite_bridge._077__X/DIODE    1.000000    1.000541   -0.000541 (VIOLATED)
i_soc.i_axi_lite_bridge._077_/X         1.000000    1.000519   -0.000519 (VIOLATED)
ANTENNA_i_soc.i_ai_sram.u_sram.gen_bank[3].gen_512.u_macro_din0[23]/DIODE    1.000000    1.000152   -0.000152 (VIOLATED)

max fanout

Pin                                   Limit Fanout  Slack
---------------------------------------------------------
fanout1483/X                             32     66    -34 (VIOLATED)
fanout1139/X                             32     65    -33 (VIOLATED)
fanout1140/X                             32     65    -33 (VIOLATED)
fanout1151/X                             32     65    -33 (VIOLATED)
fanout1176/X                             32     65    -33 (VIOLATED)
fanout1181/X                             32     65    -33 (VIOLATED)
fanout1186/X                             32     65    -33 (VIOLATED)
fanout1189/X                             32     65    -33 (VIOLATED)
fanout1194/X                             32     65    -33 (VIOLATED)
fanout1470/X                             32     65    -33 (VIOLATED)
fanout1475/X                             32     65    -33 (VIOLATED)
fanout1476/X                             32     65    -33 (VIOLATED)
fanout1484/X                             32     65    -33 (VIOLATED)
fanout7322/X                             32     65    -33 (VIOLATED)
i_soc.i_ai_accel._11656_/Y               32     65    -33 (VIOLATED)
i_soc.i_ai_accel._11689_/X               32     65    -33 (VIOLATED)
i_soc.i_ai_accel._11854_/Y               32     65    -33 (VIOLATED)
i_soc.i_ai_accel._11954_/X               32     65    -33 (VIOLATED)
i_soc.i_ai_accel._11987_/X               32     65    -33 (VIOLATED)
i_soc.i_cpu.core_i.cs_registers_i._2519_/Y     32     65    -33 (VIOLATED)
i_soc.i_cpu.core_i.cs_registers_i._2673_/Y     32     65    -33 (VIOLATED)
i_soc.i_cpu.core_i.cs_registers_i._2802_/Y     32     65    -33 (VIOLATED)
i_soc.i_cpu.core_i.cs_registers_i._2835_/Y     32     65    -33 (VIOLATED)
i_soc.i_cpu.core_i.cs_registers_i._3816_/Y     32     65    -33 (VIOLATED)
i_soc.i_cpu.core_i.ex_stage_i._050_/X     32     65    -33 (VIOLATED)
i_soc.i_cpu.core_i.id_stage_i.register_file_i._5948_/Y     32     65    -33 (VIOLATED)
i_soc.i_cpu.core_i.id_stage_i.register_file_i._6019_/Y     32     65    -33 (VIOLATED)
i_soc.i_cpu.core_i.id_stage_i.register_file_i._6434_/X     32     65    -33 (VIOLATED)
i_soc.i_cpu.core_i.id_stage_i.register_file_i._6637_/X     32     65    -33 (VIOLATED)
i_soc.i_cpu.core_i.id_stage_i.register_file_i._7111_/Y     32     65    -33 (VIOLATED)
i_soc.i_cpu.core_i.id_stage_i.register_file_i._7179_/Y     32     65    -33 (VIOLATED)
i_soc.i_cpu.core_i.id_stage_i.register_file_i._7385_/X     32     65    -33 (VIOLATED)
i_soc.i_cpu.core_i.id_stage_i.register_file_i._7588_/Y     32     65    -33 (VIOLATED)
i_soc.i_dm_top.i_dm_csrs._1491_/X        32     65    -33 (VIOLATED)
i_soc.i_i2c._0618_/X                     32     65    -33 (VIOLATED)
i_soc.i_periph_decoder._0650_/X          32     65    -33 (VIOLATED)
i_soc.i_qspi._10756_/Y                   32     65    -33 (VIOLATED)
i_soc.i_qspi._10858_/Y                   32     65    -33 (VIOLATED)
i_soc.i_qspi._10892_/Y                   32     65    -33 (VIOLATED)
i_soc.i_qspi._10926_/Y                   32     65    -33 (VIOLATED)
i_soc.i_qspi._11127_/Y                   32     65    -33 (VIOLATED)
i_soc.i_qspi._12752_/Y                   32     65    -33 (VIOLATED)
i_soc.i_qspi._14254_/X                   32     65    -33 (VIOLATED)
i_soc.i_qspi._14287_/X                   32     65    -33 (VIOLATED)
i_soc.i_qspi._15122_/X                   32     65    -33 (VIOLATED)
i_soc.i_uart_0._462_/X                   32     65    -33 (VIOLATED)
wire3019/X                               32     65    -33 (VIOLATED)
wire3021/X                               32     65    -33 (VIOLATED)
wire332/X                                32     65    -33 (VIOLATED)
wire692/X                                32     65    -33 (VIOLATED)
wire694/X                                32     65    -33 (VIOLATED)
wire716/X                                32     65    -33 (VIOLATED)
wire717/X                                32     65    -33 (VIOLATED)
i_soc.i_cpu.core_i.ex_stage_i.alu_i._5388_/X     32     63    -31 (VIOLATED)
max_cap4200/X                            32     63    -31 (VIOLATED)
i_soc.i_cpu.core_i.if_stage_i._873_/Q     32     62    -30 (VIOLATED)
max_cap5521/X                            32     62    -30 (VIOLATED)
i_soc.i_axi_dm_slave._434_/Q             32     61    -29 (VIOLATED)
max_cap708/X                             32     61    -29 (VIOLATED)
max_cap726/X                             32     61    -29 (VIOLATED)
wire3320/X                               32     61    -29 (VIOLATED)
max_cap4056/X                            32     60    -28 (VIOLATED)
i_soc.i_cpu.core_i.id_stage_i._3150_/X     32     59    -27 (VIOLATED)
i_soc.i_timer._0843_/Y                   32     59    -27 (VIOLATED)
i_soc.i_uart_1._0823_/X                  32     59    -27 (VIOLATED)
load_slew3358/X                          32     59    -27 (VIOLATED)
max_cap3866/X                            32     59    -27 (VIOLATED)
max_cap533/X                             32     59    -27 (VIOLATED)
max_cap583/X                             32     59    -27 (VIOLATED)
max_cap670/X                             32     59    -27 (VIOLATED)
max_cap671/X                             32     59    -27 (VIOLATED)
max_cap672/X                             32     59    -27 (VIOLATED)
wire4122/X                               32     59    -27 (VIOLATED)
i_soc.i_cpu.core_i.ex_stage_i.mult_i._15357_/X     32     57    -25 (VIOLATED)
i_soc.i_cpu.core_i.ex_stage_i.mult_i._22095_/X     32     57    -25 (VIOLATED)
i_soc.i_cpu.core_i.id_stage_i._2508_/X     32     57    -25 (VIOLATED)
i_soc.i_dmi_jtag._253_/X                 32     57    -25 (VIOLATED)
max_cap1719/X                            32     57    -25 (VIOLATED)
max_cap5502/X                            32     57    -25 (VIOLATED)
max_cap718/X                             32     57    -25 (VIOLATED)
wire2864/X                               32     57    -25 (VIOLATED)
load_slew4788/X                          32     56    -24 (VIOLATED)
i_soc.i_ai_accel._22923_/Q               32     55    -23 (VIOLATED)
i_soc.i_cpu.core_i.ex_stage_i.alu_i._3389_/Y     32     55    -23 (VIOLATED)
i_soc.i_cpu.core_i.ex_stage_i.mult_i._15141_/X     32     55    -23 (VIOLATED)
i_soc.i_cpu.core_i.if_stage_i.prefetch_buffer_i.instruction_obi_i._305_/Q     32     55    -23 (VIOLATED)
i_soc.i_dm_top.i_dm_mem.gen_rom_snd_scratch.i_debug_rom._236_/Q     32     55    -23 (VIOLATED)
load_slew686/X                           32     55    -23 (VIOLATED)
max_cap1844/X                            32     55    -23 (VIOLATED)
max_cap1962/X                            32     55    -23 (VIOLATED)
max_cap2895/X                            32     55    -23 (VIOLATED)
max_cap3865/X                            32     55    -23 (VIOLATED)
max_cap4121/X                            32     55    -23 (VIOLATED)
max_cap5522/X                            32     55    -23 (VIOLATED)
max_cap681/X                             32     55    -23 (VIOLATED)
max_cap682/X                             32     55    -23 (VIOLATED)
max_cap683/X                             32     55    -23 (VIOLATED)
max_cap685/X                             32     55    -23 (VIOLATED)
max_cap693/X                             32     55    -23 (VIOLATED)
max_cap696/X                             32     55    -23 (VIOLATED)
max_cap697/X                             32     55    -23 (VIOLATED)
max_cap719/X                             32     55    -23 (VIOLATED)
wire2939/X                               32     55    -23 (VIOLATED)
i_soc.i_cpu.core_i.ex_stage_i.alu_i._4523_/X     32     53    -21 (VIOLATED)
i_soc.i_cpu.core_i.ex_stage_i.mult_i._16762_/X     32     53    -21 (VIOLATED)
i_soc.i_periph_decoder._0295_/X          32     53    -21 (VIOLATED)
max_cap1717/X                            32     53    -21 (VIOLATED)
max_cap3554/X                            32     53    -21 (VIOLATED)
max_cap684/X                             32     53    -21 (VIOLATED)
max_cap695/X                             32     53    -21 (VIOLATED)
max_cap703/X                             32     53    -21 (VIOLATED)
max_cap706/X                             32     53    -21 (VIOLATED)
max_cap739/X                             32     53    -21 (VIOLATED)
wire2918/X                               32     53    -21 (VIOLATED)
wire3864/X                               32     53    -21 (VIOLATED)
i_soc.i_dmi_jtag._394_/X                 32     51    -19 (VIOLATED)
i_soc.i_dmi_jtag._397_/X                 32     51    -19 (VIOLATED)
i_soc.i_i2c._0864_/Q                     32     51    -19 (VIOLATED)
i_soc.i_periph_decoder._0290_/X          32     51    -19 (VIOLATED)
i_soc.i_periph_decoder._0292_/X          32     51    -19 (VIOLATED)
max_cap197/X                             32     51    -19 (VIOLATED)
max_cap2343/X                            32     51    -19 (VIOLATED)
max_cap2345/X                            32     51    -19 (VIOLATED)
max_cap2504/X                            32     51    -19 (VIOLATED)
max_cap3023/X                            32     51    -19 (VIOLATED)
max_cap3127/X                            32     51    -19 (VIOLATED)
max_cap319/X                             32     51    -19 (VIOLATED)
max_cap675/X                             32     51    -19 (VIOLATED)
max_cap968/X                             32     51    -19 (VIOLATED)
wire3962/X                               32     51    -19 (VIOLATED)
wire4070/X                               32     51    -19 (VIOLATED)
wire4313/X                               32     51    -19 (VIOLATED)
wire437/X                                32     51    -19 (VIOLATED)
clkbuf_6_15__f_clk_i_regs/X              32     49    -17 (VIOLATED)
i_soc.i_ai_accel._22472_/Q               32     49    -17 (VIOLATED)
i_soc.i_cpu.core_i.ex_stage_i.alu_i._3315_/Y     32     49    -17 (VIOLATED)
i_soc.i_cpu.core_i.ex_stage_i.mult_i._14782_/X     32     49    -17 (VIOLATED)
i_soc.i_cpu.core_i.id_stage_i._3886_/Q     32     49    -17 (VIOLATED)
i_soc.i_i2c._0865_/Q                     32     49    -17 (VIOLATED)
i_soc.i_uart_0._337_/X                   32     49    -17 (VIOLATED)
load_slew4789/X                          32     49    -17 (VIOLATED)
load_slew7324/X                          32     49    -17 (VIOLATED)
max_cap1817/X                            32     49    -17 (VIOLATED)
max_cap2184/X                            32     49    -17 (VIOLATED)
max_cap2397/X                            32     49    -17 (VIOLATED)
max_cap2402/X                            32     49    -17 (VIOLATED)
max_cap2566/X                            32     49    -17 (VIOLATED)
max_cap2675/X                            32     49    -17 (VIOLATED)
max_cap2697/X                            32     49    -17 (VIOLATED)
max_cap2894/X                            32     49    -17 (VIOLATED)
max_cap3301/X                            32     49    -17 (VIOLATED)
max_cap625/X                             32     49    -17 (VIOLATED)
max_cap673/X                             32     49    -17 (VIOLATED)
max_cap705/X                             32     49    -17 (VIOLATED)
wire1812/X                               32     49    -17 (VIOLATED)
wire1899/X                               32     49    -17 (VIOLATED)
wire3551/X                               32     49    -17 (VIOLATED)
i_soc.i_cpu.core_i.id_stage_i._2946_/Y     32     48    -16 (VIOLATED)
i_soc.i_cpu.core_i.ex_stage_i.alu_i._5225_/Y     32     47    -15 (VIOLATED)
i_soc.i_cpu.core_i.ex_stage_i.mult_i._14787_/X     32     47    -15 (VIOLATED)
i_soc.i_cpu.core_i.ex_stage_i.mult_i._14846_/X     32     47    -15 (VIOLATED)
i_soc.i_dm_top.i_dm_csrs._1540_/X        32     47    -15 (VIOLATED)
i_soc.i_qspi._21306_/Q                   32     47    -15 (VIOLATED)
i_soc.i_timer._0868_/Y                   32     47    -15 (VIOLATED)
load_slew1793/X                          32     47    -15 (VIOLATED)
load_slew1810/X                          32     47    -15 (VIOLATED)
max_cap180/X                             32     47    -15 (VIOLATED)
max_cap1841/X                            32     47    -15 (VIOLATED)
max_cap1963/X                            32     47    -15 (VIOLATED)
max_cap2344/X                            32     47    -15 (VIOLATED)
max_cap2346/X                            32     47    -15 (VIOLATED)
max_cap2407/X                            32     47    -15 (VIOLATED)
max_cap2511/X                            32     47    -15 (VIOLATED)
max_cap2674/X                            32     47    -15 (VIOLATED)
max_cap3112/X                            32     47    -15 (VIOLATED)
max_cap3152/X                            32     47    -15 (VIOLATED)
max_cap3300/X                            32     47    -15 (VIOLATED)
max_cap669/X                             32     47    -15 (VIOLATED)
max_cap674/X                             32     47    -15 (VIOLATED)
max_cap676/X                             32     47    -15 (VIOLATED)
max_cap687/X                             32     47    -15 (VIOLATED)
max_cap707/X                             32     47    -15 (VIOLATED)
max_cap746/X                             32     47    -15 (VIOLATED)
max_cap904/X                             32     47    -15 (VIOLATED)
max_cap905/X                             32     47    -15 (VIOLATED)
max_cap961/X                             32     47    -15 (VIOLATED)
wire2766/X                               32     47    -15 (VIOLATED)
clkbuf_6_11__f_clk_i_regs/X              32     45    -13 (VIOLATED)
clkbuf_6_29__f_clk_i_regs/X              32     45    -13 (VIOLATED)
fanout7537/X                             32     45    -13 (VIOLATED)
i_soc.i_cpu.core_i.ex_stage_i.mult_i._12424_/Y     32     45    -13 (VIOLATED)
i_soc.i_cpu.core_i.ex_stage_i.mult_i._14753_/X     32     45    -13 (VIOLATED)
i_soc.i_cpu.core_i.ex_stage_i.mult_i._14851_/X     32     45    -13 (VIOLATED)
i_soc.i_cpu.core_i.id_stage_i._3872_/Q     32     45    -13 (VIOLATED)
i_soc.i_cpu.core_i.id_stage_i._3880_/Q     32     45    -13 (VIOLATED)
i_soc.i_cpu.core_i.id_stage_i.controller_i._519_/Q     32     45    -13 (VIOLATED)
i_soc.i_cpu.core_i.if_stage_i.aligner_i._912_/Q     32     45    -13 (VIOLATED)
i_soc.i_cpu.core_i.if_stage_i.compressed_decoder_i._181_/Y     32     45    -13 (VIOLATED)
i_soc.i_dm_top.i_dm_mem.gen_rom_snd_scratch.i_debug_rom._235_/Q     32     45    -13 (VIOLATED)
i_soc.i_qspi._21124_/Q                   32     45    -13 (VIOLATED)
i_soc.i_uart_0._271_/Y                   32     45    -13 (VIOLATED)
load_slew1787/X                          32     45    -13 (VIOLATED)
load_slew1795/X                          32     45    -13 (VIOLATED)
load_slew347/X                           32     45    -13 (VIOLATED)
load_slew7328/X                          32     45    -13 (VIOLATED)
load_slew7536/X                          32     45    -13 (VIOLATED)
load_slew7695/X                          32     45    -13 (VIOLATED)
max_cap2222/X                            32     45    -13 (VIOLATED)
max_cap2425/X                            32     45    -13 (VIOLATED)
max_cap2573/X                            32     45    -13 (VIOLATED)
max_cap2688/X                            32     45    -13 (VIOLATED)
max_cap328/X                             32     45    -13 (VIOLATED)
max_cap330/X                             32     45    -13 (VIOLATED)
max_cap3304/X                            32     45    -13 (VIOLATED)
max_cap331/X                             32     45    -13 (VIOLATED)
max_cap3451/X                            32     45    -13 (VIOLATED)
max_cap346/X                             32     45    -13 (VIOLATED)
max_cap3862/X                            32     45    -13 (VIOLATED)
max_cap3968/X                            32     45    -13 (VIOLATED)
max_cap4065/X                            32     45    -13 (VIOLATED)
max_cap4069/X                            32     45    -13 (VIOLATED)
max_cap4256/X                            32     45    -13 (VIOLATED)
max_cap428/X                             32     45    -13 (VIOLATED)
max_cap627/X                             32     45    -13 (VIOLATED)
max_cap702/X                             32     45    -13 (VIOLATED)
max_cap704/X                             32     45    -13 (VIOLATED)
max_cap715/X                             32     45    -13 (VIOLATED)
max_cap735/X                             32     45    -13 (VIOLATED)
max_cap740/X                             32     45    -13 (VIOLATED)
max_cap7533/X                            32     45    -13 (VIOLATED)
wire300/X                                32     45    -13 (VIOLATED)
wire3860/X                               32     45    -13 (VIOLATED)
wire4119/X                               32     45    -13 (VIOLATED)
wire5021/X                               32     45    -13 (VIOLATED)
wire5048/X                               32     45    -13 (VIOLATED)
wire5116/X                               32     45    -13 (VIOLATED)
wire5122/X                               32     45    -13 (VIOLATED)
i_soc.i_cpu.core_i.id_stage_i._3889_/Q     32     44    -12 (VIOLATED)
i_soc.i_cpu.core_i.cs_registers_i._2918_/X     32     43    -11 (VIOLATED)
i_soc.i_cpu.core_i.ex_stage_i.mult_i._14758_/X     32     43    -11 (VIOLATED)
i_soc.i_cpu.core_i.ex_stage_i.mult_i._14987_/X     32     43    -11 (VIOLATED)
i_soc.i_cpu.core_i.id_stage_i._3802_/Q     32     43    -11 (VIOLATED)
i_soc.i_cpu.core_i.id_stage_i._3863_/Q     32     43    -11 (VIOLATED)
i_soc.i_cpu.core_i.id_stage_i._3881_/Q     32     43    -11 (VIOLATED)
i_soc.i_cpu.core_i.id_stage_i._3888_/Q     32     43    -11 (VIOLATED)
i_soc.i_cpu.core_i.id_stage_i.register_file_i._6838_/Y     32     43    -11 (VIOLATED)
i_soc.i_cpu.core_i.if_stage_i.aligner_i._485_/X     32     43    -11 (VIOLATED)
i_soc.i_dm_top.i_dm_mem._0720_/X         32     43    -11 (VIOLATED)
i_soc.i_qspi._08545_/Y                   32     43    -11 (VIOLATED)
i_soc.i_qspi._21145_/Q                   32     43    -11 (VIOLATED)
i_soc.i_timer._0869_/X                   32     43    -11 (VIOLATED)
i_soc.i_timer._1434_/X                   32     43    -11 (VIOLATED)
load_slew1148/X                          32     43    -11 (VIOLATED)
load_slew1167/X                          32     43    -11 (VIOLATED)
load_slew2444/X                          32     43    -11 (VIOLATED)
load_slew438/X                           32     43    -11 (VIOLATED)
load_slew5034/X                          32     43    -11 (VIOLATED)
load_slew5060/X                          32     43    -11 (VIOLATED)
load_slew960/X                           32     43    -11 (VIOLATED)
max_cap1842/X                            32     43    -11 (VIOLATED)
max_cap2396/X                            32     43    -11 (VIOLATED)
max_cap2732/X                            32     43    -11 (VIOLATED)
max_cap2735/X                            32     43    -11 (VIOLATED)
max_cap3104/X                            32     43    -11 (VIOLATED)
max_cap398/X                             32     43    -11 (VIOLATED)
max_cap4133/X                            32     43    -11 (VIOLATED)
max_cap713/X                             32     43    -11 (VIOLATED)
wire1799/X                               32     43    -11 (VIOLATED)
wire366/X                                32     43    -11 (VIOLATED)
wire3966/X                               32     43    -11 (VIOLATED)
wire4055/X                               32     43    -11 (VIOLATED)
wire5107/X                               32     43    -11 (VIOLATED)
load_slew1816/X                          32     42    -10 (VIOLATED)
clkbuf_6_20__f_clk_i_regs/X              32     41     -9 (VIOLATED)
clkbuf_6_28__f_clk_i_regs/X              32     41     -9 (VIOLATED)
clkbuf_6_57__f_clk_i_regs/X              32     41     -9 (VIOLATED)
i_soc.i_ai_accel._22471_/Q               32     41     -9 (VIOLATED)
i_soc.i_cpu.core_i.id_stage_i._3005_/X     32     41     -9 (VIOLATED)
i_soc.i_cpu.core_i.id_stage_i._3801_/Q     32     41     -9 (VIOLATED)
i_soc.i_cpu.core_i.id_stage_i._3805_/Q     32     41     -9 (VIOLATED)
i_soc.i_cpu.core_i.id_stage_i._3862_/Q     32     41     -9 (VIOLATED)
i_soc.i_cpu.core_i.id_stage_i._3865_/Q     32     41     -9 (VIOLATED)
i_soc.i_cpu.core_i.id_stage_i._3870_/Q     32     41     -9 (VIOLATED)
i_soc.i_cpu.core_i.id_stage_i._3873_/Q     32     41     -9 (VIOLATED)
i_soc.i_cpu.core_i.id_stage_i._3878_/Q     32     41     -9 (VIOLATED)
i_soc.i_cpu.core_i.id_stage_i._3989_/Q     32     41     -9 (VIOLATED)
i_soc.i_cpu.core_i.id_stage_i.register_file_i._6773_/Y     32     41     -9 (VIOLATED)
i_soc.i_cpu.core_i.if_stage_i._878_/Q     32     41     -9 (VIOLATED)
i_soc.i_cpu.core_i.if_stage_i.aligner_i._407_/X     32     41     -9 (VIOLATED)
i_soc.i_cpu.core_i.if_stage_i.aligner_i._464_/X     32     41     -9 (VIOLATED)
i_soc.i_cpu.core_i.if_stage_i.aligner_i._466_/X     32     41     -9 (VIOLATED)
i_soc.i_cpu.core_i.if_stage_i.compressed_decoder_i._180_/X     32     41     -9 (VIOLATED)
i_soc.i_cpu.core_i.load_store_unit_i._0532_/Y     32     41     -9 (VIOLATED)
i_soc.i_crossbar._0985_/X                32     41     -9 (VIOLATED)
i_soc.i_dm_top.i_dm_csrs._2740_/Y        32     41     -9 (VIOLATED)
i_soc.i_periph_decoder._0301_/X          32     41     -9 (VIOLATED)
i_soc.i_qspi._21304_/Q                   32     41     -9 (VIOLATED)
i_soc.i_uart_0._618_/Q                   32     41     -9 (VIOLATED)
i_soc.i_uart_1._1275_/X                  32     41     -9 (VIOLATED)
load_slew1142/X                          32     41     -9 (VIOLATED)
load_slew1171/X                          32     41     -9 (VIOLATED)
load_slew144/X                           32     41     -9 (VIOLATED)
load_slew1474/X                          32     41     -9 (VIOLATED)
load_slew2778/X                          32     41     -9 (VIOLATED)
load_slew2993/X                          32     41     -9 (VIOLATED)
load_slew3343/X                          32     41     -9 (VIOLATED)
load_slew4314/X                          32     41     -9 (VIOLATED)
load_slew5004/X                          32     41     -9 (VIOLATED)
load_slew5010/X                          32     41     -9 (VIOLATED)
load_slew5032/X                          32     41     -9 (VIOLATED)
load_slew5042/X                          32     41     -9 (VIOLATED)
load_slew5098/X                          32     41     -9 (VIOLATED)
load_slew5104/X                          32     41     -9 (VIOLATED)
load_slew5114/X                          32     41     -9 (VIOLATED)
load_slew5129/X                          32     41     -9 (VIOLATED)
max_cap185/X                             32     41     -9 (VIOLATED)
max_cap186/X                             32     41     -9 (VIOLATED)
max_cap2353/X                            32     41     -9 (VIOLATED)
max_cap2357/X                            32     41     -9 (VIOLATED)
max_cap2363/X                            32     41     -9 (VIOLATED)
max_cap2367/X                            32     41     -9 (VIOLATED)
max_cap2403/X                            32     41     -9 (VIOLATED)
max_cap2505/X                            32     41     -9 (VIOLATED)
max_cap2714/X                            32     41     -9 (VIOLATED)
max_cap2896/X                            32     41     -9 (VIOLATED)
max_cap2911/X                            32     41     -9 (VIOLATED)
max_cap2920/X                            32     41     -9 (VIOLATED)
max_cap3219/X                            32     41     -9 (VIOLATED)
max_cap333/X                             32     41     -9 (VIOLATED)
max_cap394/X                             32     41     -9 (VIOLATED)
max_cap714/X                             32     41     -9 (VIOLATED)
max_cap725/X                             32     41     -9 (VIOLATED)
max_cap736/X                             32     41     -9 (VIOLATED)
max_cap959/X                             32     41     -9 (VIOLATED)
wire1150/X                               32     41     -9 (VIOLATED)
wire1180/X                               32     41     -9 (VIOLATED)
wire1465/X                               32     41     -9 (VIOLATED)
wire1691/X                               32     41     -9 (VIOLATED)
wire1778/X                               32     41     -9 (VIOLATED)
wire2473/X                               32     41     -9 (VIOLATED)
wire2486/X                               32     41     -9 (VIOLATED)
wire2901/X                               32     41     -9 (VIOLATED)
wire2903/X                               32     41     -9 (VIOLATED)
wire2996/X                               32     41     -9 (VIOLATED)
wire3961/X                               32     41     -9 (VIOLATED)
wire3978/X                               32     41     -9 (VIOLATED)
wire4054/X                               32     41     -9 (VIOLATED)
wire5008/X                               32     41     -9 (VIOLATED)
wire5025/X                               32     41     -9 (VIOLATED)
wire5046/X                               32     41     -9 (VIOLATED)
load_slew1163/X                          32     40     -8 (VIOLATED)
clkbuf_6_14__f_clk_i_regs/X              32     39     -7 (VIOLATED)
clkbuf_6_19__f_clk_i_regs/X              32     39     -7 (VIOLATED)
clkbuf_6_21__f_clk_i_regs/X              32     39     -7 (VIOLATED)
clkbuf_6_25__f_clk_i_regs/X              32     39     -7 (VIOLATED)
i_soc.i_ai_accel._11290_/Y               32     39     -7 (VIOLATED)
i_soc.i_cpu.core_i.ex_stage_i.alu_i._3314_/Y     32     39     -7 (VIOLATED)
i_soc.i_cpu.core_i.ex_stage_i.alu_i.alu_div_i._0753_/X     32     39     -7 (VIOLATED)
i_soc.i_cpu.core_i.ex_stage_i.mult_i._12637_/X     32     39     -7 (VIOLATED)
i_soc.i_cpu.core_i.ex_stage_i.mult_i._15410_/X     32     39     -7 (VIOLATED)
i_soc.i_cpu.core_i.id_stage_i._3867_/Q     32     39     -7 (VIOLATED)
i_soc.i_cpu.core_i.load_store_unit_i._1046_/Y     32     39     -7 (VIOLATED)
i_soc.i_crossbar._0984_/X                32     39     -7 (VIOLATED)
i_soc.i_dm_top.i_dm_mem._0717_/Y         32     39     -7 (VIOLATED)
i_soc.i_dm_top.i_dm_mem.gen_rom_snd_scratch.i_debug_rom._234_/Q     32     39     -7 (VIOLATED)
load_slew1146/X                          32     39     -7 (VIOLATED)
load_slew1165/X                          32     39     -7 (VIOLATED)
load_slew1173/X                          32     39     -7 (VIOLATED)
load_slew1185/X                          32     39     -7 (VIOLATED)
load_slew123/X                           32     39     -7 (VIOLATED)
load_slew1723/X                          32     39     -7 (VIOLATED)
load_slew1725/X                          32     39     -7 (VIOLATED)
load_slew1727/X                          32     39     -7 (VIOLATED)
load_slew1728/X                          32     39     -7 (VIOLATED)
load_slew1780/X                          32     39     -7 (VIOLATED)
load_slew1781/X                          32     39     -7 (VIOLATED)
load_slew1782/X                          32     39     -7 (VIOLATED)
load_slew2362/X                          32     39     -7 (VIOLATED)
load_slew2600/X                          32     39     -7 (VIOLATED)
load_slew2752/X                          32     39     -7 (VIOLATED)
load_slew2779/X                          32     39     -7 (VIOLATED)
load_slew2898/X                          32     39     -7 (VIOLATED)
load_slew341/X                           32     39     -7 (VIOLATED)
load_slew4719/X                          32     39     -7 (VIOLATED)
load_slew5065/X                          32     39     -7 (VIOLATED)
load_slew5068/X                          32     39     -7 (VIOLATED)
load_slew5078/X                          32     39     -7 (VIOLATED)
load_slew5100/X                          32     39     -7 (VIOLATED)
load_slew5102/X                          32     39     -7 (VIOLATED)
load_slew5120/X                          32     39     -7 (VIOLATED)
load_slew568/X                           32     39     -7 (VIOLATED)
max_cap2226/X                            32     39     -7 (VIOLATED)
max_cap2359/X                            32     39     -7 (VIOLATED)
max_cap2474/X                            32     39     -7 (VIOLATED)
max_cap2475/X                            32     39     -7 (VIOLATED)
max_cap264/X                             32     39     -7 (VIOLATED)
max_cap279/X                             32     39     -7 (VIOLATED)
max_cap2884/X                            32     39     -7 (VIOLATED)
max_cap2889/X                            32     39     -7 (VIOLATED)
max_cap2900/X                            32     39     -7 (VIOLATED)
max_cap2912/X                            32     39     -7 (VIOLATED)
max_cap2937/X                            32     39     -7 (VIOLATED)
max_cap2994/X                            32     39     -7 (VIOLATED)
max_cap301/X                             32     39     -7 (VIOLATED)
max_cap3020/X                            32     39     -7 (VIOLATED)
max_cap3025/X                            32     39     -7 (VIOLATED)
max_cap3105/X                            32     39     -7 (VIOLATED)
max_cap321/X                             32     39     -7 (VIOLATED)
max_cap3302/X                            32     39     -7 (VIOLATED)
max_cap338/X                             32     39     -7 (VIOLATED)
max_cap3858/X                            32     39     -7 (VIOLATED)
max_cap3861/X                            32     39     -7 (VIOLATED)
max_cap3963/X                            32     39     -7 (VIOLATED)
max_cap3969/X                            32     39     -7 (VIOLATED)
max_cap3980/X                            32     39     -7 (VIOLATED)
max_cap4120/X                            32     39     -7 (VIOLATED)
max_cap5510/X                            32     39     -7 (VIOLATED)
wire1490/X                               32     39     -7 (VIOLATED)
wire1692/X                               32     39     -7 (VIOLATED)
wire1693/X                               32     39     -7 (VIOLATED)
wire1702/X                               32     39     -7 (VIOLATED)
wire1843/X                               32     39     -7 (VIOLATED)
wire3330/X                               32     39     -7 (VIOLATED)
wire3986/X                               32     39     -7 (VIOLATED)
wire4124/X                               32     39     -7 (VIOLATED)
wire5023/X                               32     39     -7 (VIOLATED)
wire546/X                                32     39     -7 (VIOLATED)
wire588/X                                32     39     -7 (VIOLATED)
wire966/X                                32     39     -7 (VIOLATED)
clkbuf_6_18__f_clk_i_regs/X              32     37     -5 (VIOLATED)
clkbuf_6_53__f_clk_i_regs/X              32     37     -5 (VIOLATED)
fanout1463/X                             32     37     -5 (VIOLATED)
fanout5083/X                             32     37     -5 (VIOLATED)
i_soc.i_cpu.core_i.cs_registers_i._2436_/X     32     37     -5 (VIOLATED)
i_soc.i_cpu.core_i.ex_stage_i.alu_i._3307_/Y     32     37     -5 (VIOLATED)
i_soc.i_cpu.core_i.ex_stage_i.alu_i._4622_/X     32     37     -5 (VIOLATED)
i_soc.i_cpu.core_i.ex_stage_i.alu_i._4628_/Y     32     37     -5 (VIOLATED)
i_soc.i_cpu.core_i.ex_stage_i.alu_i._5425_/X     32     37     -5 (VIOLATED)
i_soc.i_cpu.core_i.ex_stage_i.alu_i.alu_div_i._1572_/Q     32     37     -5 (VIOLATED)
i_soc.i_cpu.core_i.ex_stage_i.mult_i._12640_/X     32     37     -5 (VIOLATED)
i_soc.i_cpu.core_i.id_stage_i._3861_/Q     32     37     -5 (VIOLATED)
i_soc.i_cpu.core_i.id_stage_i._3864_/Q     32     37     -5 (VIOLATED)
i_soc.i_cpu.core_i.id_stage_i._3871_/Q     32     37     -5 (VIOLATED)
i_soc.i_cpu.core_i.id_stage_i._3876_/Q     32     37     -5 (VIOLATED)
i_soc.i_cpu.core_i.id_stage_i._3879_/Q     32     37     -5 (VIOLATED)
i_soc.i_cpu.core_i.id_stage_i._3990_/Q     32     37     -5 (VIOLATED)
i_soc.i_cpu.core_i.id_stage_i.register_file_i._6908_/Y     32     37     -5 (VIOLATED)
i_soc.i_cpu.core_i.id_stage_i.register_file_i._7176_/Y     32     37     -5 (VIOLATED)
i_soc.i_cpu.core_i.if_stage_i.aligner_i._467_/Y     32     37     -5 (VIOLATED)
i_soc.i_dm_top.i_dm_mem._0732_/Y         32     37     -5 (VIOLATED)
i_soc.i_dmi_jtag._448_/Y                 32     37     -5 (VIOLATED)
i_soc.i_periph_decoder._0298_/X          32     37     -5 (VIOLATED)
i_soc.i_uart_0.i_uart_tx._161_/X         32     37     -5 (VIOLATED)
i_soc.i_uart_0.i_uart_tx._179_/X         32     37     -5 (VIOLATED)
i_soc.i_uart_1._0825_/X                  32     37     -5 (VIOLATED)
i_soc.i_uart_1._0829_/X                  32     37     -5 (VIOLATED)
i_soc.i_uart_1._1164_/Y                  32     37     -5 (VIOLATED)
i_soc.i_uart_1.i_uart_tx._161_/X         32     37     -5 (VIOLATED)
i_soc.i_uart_1.i_uart_tx._179_/X         32     37     -5 (VIOLATED)
load_slew1144/X                          32     37     -5 (VIOLATED)
load_slew1157/X                          32     37     -5 (VIOLATED)
load_slew1169/X                          32     37     -5 (VIOLATED)
load_slew1175/X                          32     37     -5 (VIOLATED)
load_slew1188/X                          32     37     -5 (VIOLATED)
load_slew1482/X                          32     37     -5 (VIOLATED)
load_slew1488/X                          32     37     -5 (VIOLATED)
load_slew1722/X                          32     37     -5 (VIOLATED)
load_slew1724/X                          32     37     -5 (VIOLATED)
load_slew1726/X                          32     37     -5 (VIOLATED)
load_slew1729/X                          32     37     -5 (VIOLATED)
load_slew1732/X                          32     37     -5 (VIOLATED)
load_slew1737/X                          32     37     -5 (VIOLATED)
load_slew1768/X                          32     37     -5 (VIOLATED)
load_slew1777/X                          32     37     -5 (VIOLATED)
load_slew1779/X                          32     37     -5 (VIOLATED)
load_slew1803/X                          32     37     -5 (VIOLATED)
load_slew1974/X                          32     37     -5 (VIOLATED)
load_slew2352/X                          32     37     -5 (VIOLATED)
load_slew2909/X                          32     37     -5 (VIOLATED)
load_slew3323/X                          32     37     -5 (VIOLATED)
load_slew402/X                           32     37     -5 (VIOLATED)
load_slew4985/X                          32     37     -5 (VIOLATED)
load_slew4988/X                          32     37     -5 (VIOLATED)
load_slew4990/X                          32     37     -5 (VIOLATED)
load_slew5002/X                          32     37     -5 (VIOLATED)
load_slew5030/X                          32     37     -5 (VIOLATED)
load_slew5036/X                          32     37     -5 (VIOLATED)
load_slew5050/X                          32     37     -5 (VIOLATED)
load_slew5062/X                          32     37     -5 (VIOLATED)
load_slew5073/X                          32     37     -5 (VIOLATED)
load_slew5075/X                          32     37     -5 (VIOLATED)
load_slew5082/X                          32     37     -5 (VIOLATED)
load_slew5091/X                          32     37     -5 (VIOLATED)
load_slew5093/X                          32     37     -5 (VIOLATED)
load_slew5112/X                          32     37     -5 (VIOLATED)
load_slew5124/X                          32     37     -5 (VIOLATED)
load_slew5126/X                          32     37     -5 (VIOLATED)
load_slew608/X                           32     37     -5 (VIOLATED)
max_cap1161/X                            32     37     -5 (VIOLATED)
max_cap1193/X                            32     37     -5 (VIOLATED)
max_cap1272/X                            32     37     -5 (VIOLATED)
max_cap1748/X                            32     37     -5 (VIOLATED)
max_cap1791/X                            32     37     -5 (VIOLATED)
max_cap214/X                             32     37     -5 (VIOLATED)
max_cap2189/X                            32     37     -5 (VIOLATED)
max_cap2205/X                            32     37     -5 (VIOLATED)
max_cap2347/X                            32     37     -5 (VIOLATED)
max_cap2358/X                            32     37     -5 (VIOLATED)
max_cap2361/X                            32     37     -5 (VIOLATED)
max_cap2368/X                            32     37     -5 (VIOLATED)
max_cap2406/X                            32     37     -5 (VIOLATED)
max_cap2699/X                            32     37     -5 (VIOLATED)
max_cap2701/X                            32     37     -5 (VIOLATED)
max_cap2712/X                            32     37     -5 (VIOLATED)
max_cap2742/X                            32     37     -5 (VIOLATED)
max_cap2869/X                            32     37     -5 (VIOLATED)
max_cap2879/X                            32     37     -5 (VIOLATED)
max_cap2891/X                            32     37     -5 (VIOLATED)
max_cap2902/X                            32     37     -5 (VIOLATED)
max_cap2905/X                            32     37     -5 (VIOLATED)
max_cap2917/X                            32     37     -5 (VIOLATED)
max_cap2938/X                            32     37     -5 (VIOLATED)
max_cap2950/X                            32     37     -5 (VIOLATED)
max_cap3321/X                            32     37     -5 (VIOLATED)
max_cap3859/X                            32     37     -5 (VIOLATED)
max_cap3970/X                            32     37     -5 (VIOLATED)
max_cap3981/X                            32     37     -5 (VIOLATED)
max_cap4102/X                            32     37     -5 (VIOLATED)
max_cap730/X                             32     37     -5 (VIOLATED)
wire1738/X                               32     37     -5 (VIOLATED)
wire1740/X                               32     37     -5 (VIOLATED)
wire1783/X                               32     37     -5 (VIOLATED)
wire2209/X                               32     37     -5 (VIOLATED)
wire2776/X                               32     37     -5 (VIOLATED)
wire2777/X                               32     37     -5 (VIOLATED)
wire3377/X                               32     37     -5 (VIOLATED)
wire3872/X                               32     37     -5 (VIOLATED)
wire5055/X                               32     37     -5 (VIOLATED)
i_soc.i_axi_dm_slave._227_/Y             32     36     -4 (VIOLATED)
clkbuf_6_10__f_clk_i_regs/X              32     35     -3 (VIOLATED)
clkbuf_6_4__f_clk_i_regs/X               32     35     -3 (VIOLATED)
fanout1152/X                             32     35     -3 (VIOLATED)
fanout1158/X                             32     35     -3 (VIOLATED)
fanout1177/X                             32     35     -3 (VIOLATED)
fanout1468/X                             32     35     -3 (VIOLATED)
fanout1471/X                             32     35     -3 (VIOLATED)
fanout1479/X                             32     35     -3 (VIOLATED)
fanout1784/X                             32     35     -3 (VIOLATED)
fanout1796/X                             32     35     -3 (VIOLATED)
fanout1800/X                             32     35     -3 (VIOLATED)
fanout1804/X                             32     35     -3 (VIOLATED)
fanout2906/X                             32     35     -3 (VIOLATED)
fanout4997/X                             32     35     -3 (VIOLATED)
fanout5005/X                             32     35     -3 (VIOLATED)
fanout5043/X                             32     35     -3 (VIOLATED)
fanout5057/X                             32     35     -3 (VIOLATED)
fanout5079/X                             32     35     -3 (VIOLATED)
fanout5085/X                             32     35     -3 (VIOLATED)
fanout5130/X                             32     35     -3 (VIOLATED)
i_soc.i_ai_accel._11260_/Y               32     35     -3 (VIOLATED)
i_soc.i_ai_accel._11429_/X               32     35     -3 (VIOLATED)
i_soc.i_ai_accel._23233_/Q               32     35     -3 (VIOLATED)
i_soc.i_ai_accel._23436_/Q               32     35     -3 (VIOLATED)
i_soc.i_cpu.core_i.cs_registers_i._1966_/X     32     35     -3 (VIOLATED)
i_soc.i_cpu.core_i.cs_registers_i._2442_/X     32     35     -3 (VIOLATED)
i_soc.i_cpu.core_i.cs_registers_i._2508_/X     32     35     -3 (VIOLATED)
i_soc.i_cpu.core_i.ex_stage_i.alu_i._4616_/X     32     35     -3 (VIOLATED)
i_soc.i_cpu.core_i.ex_stage_i.alu_i._5329_/Y     32     35     -3 (VIOLATED)
i_soc.i_cpu.core_i.ex_stage_i.alu_i._5447_/X     32     35     -3 (VIOLATED)
i_soc.i_cpu.core_i.ex_stage_i.alu_i._5468_/Y     32     35     -3 (VIOLATED)
i_soc.i_cpu.core_i.ex_stage_i.alu_i.alu_div_i._1570_/Q     32     35     -3 (VIOLATED)
i_soc.i_cpu.core_i.ex_stage_i.mult_i._12487_/X     32     35     -3 (VIOLATED)
i_soc.i_cpu.core_i.ex_stage_i.mult_i._12704_/X     32     35     -3 (VIOLATED)
i_soc.i_cpu.core_i.ex_stage_i.mult_i._17879_/Y     32     35     -3 (VIOLATED)
i_soc.i_cpu.core_i.ex_stage_i.mult_i._18277_/X     32     35     -3 (VIOLATED)
i_soc.i_cpu.core_i.id_stage_i._2490_/Y     32     35     -3 (VIOLATED)
i_soc.i_cpu.core_i.id_stage_i._2504_/Y     32     35     -3 (VIOLATED)
i_soc.i_cpu.core_i.id_stage_i._2992_/X     32     35     -3 (VIOLATED)
i_soc.i_cpu.core_i.id_stage_i._2995_/X     32     35     -3 (VIOLATED)
i_soc.i_cpu.core_i.id_stage_i._3800_/Q     32     35     -3 (VIOLATED)
i_soc.i_cpu.core_i.id_stage_i._3860_/Q     32     35     -3 (VIOLATED)
i_soc.i_cpu.core_i.id_stage_i._3866_/Q     32     35     -3 (VIOLATED)
i_soc.i_cpu.core_i.id_stage_i._3887_/Q     32     35     -3 (VIOLATED)
i_soc.i_cpu.core_i.id_stage_i.register_file_i._6568_/X     32     35     -3 (VIOLATED)
i_soc.i_cpu.core_i.if_stage_i._420_/X     32     35     -3 (VIOLATED)
i_soc.i_cpu.core_i.load_store_unit_i._0543_/X     32     35     -3 (VIOLATED)
i_soc.i_cpu.core_i.load_store_unit_i._0966_/Y     32     35     -3 (VIOLATED)
i_soc.i_dm_top.i_dm_mem.gen_rom_snd_scratch.i_debug_rom._233_/Q     32     35     -3 (VIOLATED)
i_soc.i_gpio._091_/X                     32     35     -3 (VIOLATED)
i_soc.i_qspi._08511_/Y                   32     35     -3 (VIOLATED)
i_soc.i_qspi._10682_/X                   32     35     -3 (VIOLATED)
i_soc.i_qspi._13889_/Y                   32     35     -3 (VIOLATED)
i_soc.i_qspi._21321_/Q                   32     35     -3 (VIOLATED)
i_soc.i_timer._1061_/X                   32     35     -3 (VIOLATED)
i_soc.i_uart_0._269_/X                   32     35     -3 (VIOLATED)
load_slew108/X                           32     35     -3 (VIOLATED)
load_slew114/X                           32     35     -3 (VIOLATED)
load_slew1183/X                          32     35     -3 (VIOLATED)
load_slew1280/X                          32     35     -3 (VIOLATED)
load_slew1467/X                          32     35     -3 (VIOLATED)
load_slew1486/X                          32     35     -3 (VIOLATED)
load_slew1718/X                          32     35     -3 (VIOLATED)
load_slew1735/X                          32     35     -3 (VIOLATED)
load_slew1739/X                          32     35     -3 (VIOLATED)
load_slew1741/X                          32     35     -3 (VIOLATED)
load_slew1789/X                          32     35     -3 (VIOLATED)
load_slew2730/X                          32     35     -3 (VIOLATED)
load_slew3115/X                          32     35     -3 (VIOLATED)
load_slew3122/X                          32     35     -3 (VIOLATED)
load_slew4993/X                          32     35     -3 (VIOLATED)
load_slew4996/X                          32     35     -3 (VIOLATED)
load_slew5000/X                          32     35     -3 (VIOLATED)
load_slew5012/X                          32     35     -3 (VIOLATED)
load_slew5015/X                          32     35     -3 (VIOLATED)
load_slew5018/X                          32     35     -3 (VIOLATED)
load_slew5052/X                          32     35     -3 (VIOLATED)
load_slew5071/X                          32     35     -3 (VIOLATED)
load_slew5088/X                          32     35     -3 (VIOLATED)
load_slew5095/X                          32     35     -3 (VIOLATED)
load_slew5118/X                          32     35     -3 (VIOLATED)
load_slew529/X                           32     35     -3 (VIOLATED)
load_slew7326/X                          32     35     -3 (VIOLATED)
max_cap1191/X                            32     35     -3 (VIOLATED)
max_cap1478/X                            32     35     -3 (VIOLATED)
max_cap1742/X                            32     35     -3 (VIOLATED)
max_cap2173/X                            32     35     -3 (VIOLATED)
max_cap2351/X                            32     35     -3 (VIOLATED)
max_cap2371/X                            32     35     -3 (VIOLATED)
max_cap2448/X                            32     35     -3 (VIOLATED)
max_cap2458/X                            32     35     -3 (VIOLATED)
max_cap2464/X                            32     35     -3 (VIOLATED)
max_cap2572/X                            32     35     -3 (VIOLATED)
max_cap2695/X                            32     35     -3 (VIOLATED)
max_cap2704/X                            32     35     -3 (VIOLATED)
max_cap2711/X                            32     35     -3 (VIOLATED)
max_cap2731/X                            32     35     -3 (VIOLATED)
max_cap2893/X                            32     35     -3 (VIOLATED)
max_cap2934/X                            32     35     -3 (VIOLATED)
max_cap3022/X                            32     35     -3 (VIOLATED)
max_cap327/X                             32     35     -3 (VIOLATED)
max_cap3863/X                            32     35     -3 (VIOLATED)
max_cap3930/X                            32     35     -3 (VIOLATED)
max_cap3967/X                            32     35     -3 (VIOLATED)
max_cap3972/X                            32     35     -3 (VIOLATED)
max_cap3975/X                            32     35     -3 (VIOLATED)
max_cap3982/X                            32     35     -3 (VIOLATED)
max_cap3983/X                            32     35     -3 (VIOLATED)
max_cap407/X                             32     35     -3 (VIOLATED)
max_cap5528/X                            32     35     -3 (VIOLATED)
max_cap626/X                             32     35     -3 (VIOLATED)
max_cap724/X                             32     35     -3 (VIOLATED)
max_cap729/X                             32     35     -3 (VIOLATED)
wire1155/X                               32     35     -3 (VIOLATED)
wire1703/X                               32     35     -3 (VIOLATED)
wire1731/X                               32     35     -3 (VIOLATED)
wire2866/X                               32     35     -3 (VIOLATED)
wire2927/X                               32     35     -3 (VIOLATED)
wire3875/X                               32     35     -3 (VIOLATED)
wire3985/X                               32     35     -3 (VIOLATED)
wire4080/X                               32     35     -3 (VIOLATED)
wire4100/X                               32     35     -3 (VIOLATED)
wire4207/X                               32     35     -3 (VIOLATED)
wire4765/X                               32     35     -3 (VIOLATED)
wire5028/X                               32     35     -3 (VIOLATED)
wire5039/X                               32     35     -3 (VIOLATED)
fanout5070/X                             32     34     -2 (VIOLATED)
max_cap3976/X                            32     34     -2 (VIOLATED)
max_cap967/X                             32     34     -2 (VIOLATED)
wire3979/X                               32     34     -2 (VIOLATED)
clkbuf_6_12__f_clk_i_regs/X              32     33        (VIOLATED)
clkbuf_6_22__f_clk_i_regs/X              32     33        (VIOLATED)
clkbuf_6_23__f_clk_i_regs/X              32     33        (VIOLATED)
clkbuf_6_26__f_clk_i_regs/X              32     33        (VIOLATED)
clkbuf_6_5__f_clk_i_regs/X               32     33        (VIOLATED)
fanout1154/X                             32     33        (VIOLATED)
fanout1190/X                             32     33        (VIOLATED)
fanout1279/X                             32     33        (VIOLATED)
fanout1477/X                             32     33        (VIOLATED)
fanout1485/X                             32     33        (VIOLATED)
fanout1788/X                             32     33        (VIOLATED)
fanout1806/X                             32     33        (VIOLATED)
fanout2760/X                             32     33        (VIOLATED)
fanout4040/X                             32     33        (VIOLATED)
fanout4995/X                             32     33        (VIOLATED)
fanout4999/X                             32     33        (VIOLATED)
fanout5117/X                             32     33        (VIOLATED)
fanout7325/X                             32     33        (VIOLATED)
i_soc.i_ai_accel._11788_/Y               32     33        (VIOLATED)
i_soc.i_ai_accel._11821_/Y               32     33        (VIOLATED)
i_soc.i_ai_accel._12484_/X               32     33        (VIOLATED)
i_soc.i_ai_accel._13332_/Y               32     33        (VIOLATED)
i_soc.i_ai_accel._23187_/Q               32     33        (VIOLATED)
i_soc.i_ai_accel._23192_/Q               32     33        (VIOLATED)
i_soc.i_ai_accel._23193_/Q               32     33        (VIOLATED)
i_soc.i_ai_accel._23232_/Q               32     33        (VIOLATED)
i_soc.i_ai_accel._23444_/Q               32     33        (VIOLATED)
i_soc.i_ai_accel._23445_/Q               32     33        (VIOLATED)
i_soc.i_ai_accel._23448_/Q               32     33        (VIOLATED)
i_soc.i_cpu.core_i.cs_registers_i._2439_/X     32     33        (VIOLATED)
i_soc.i_cpu.core_i.cs_registers_i._2870_/X     32     33        (VIOLATED)
i_soc.i_cpu.core_i.cs_registers_i._3212_/Y     32     33        (VIOLATED)
i_soc.i_cpu.core_i.cs_registers_i._3521_/X     32     33        (VIOLATED)
i_soc.i_cpu.core_i.cs_registers_i._3849_/Y     32     33        (VIOLATED)
i_soc.i_cpu.core_i.ex_stage_i.alu_i._3306_/Y     32     33        (VIOLATED)
i_soc.i_cpu.core_i.ex_stage_i.alu_i._5411_/X     32     33        (VIOLATED)
i_soc.i_cpu.core_i.ex_stage_i.alu_i._6087_/X     32     33        (VIOLATED)
i_soc.i_cpu.core_i.ex_stage_i.mult_i._12995_/Y     32     33        (VIOLATED)
i_soc.i_cpu.core_i.ex_stage_i.mult_i._13009_/Y     32     33        (VIOLATED)
i_soc.i_cpu.core_i.ex_stage_i.mult_i._14744_/Y     32     33        (VIOLATED)
i_soc.i_cpu.core_i.id_stage_i._3677_/Q     32     33        (VIOLATED)
i_soc.i_cpu.core_i.id_stage_i._3741_/Q     32     33        (VIOLATED)
i_soc.i_cpu.core_i.id_stage_i._3742_/Q     32     33        (VIOLATED)
i_soc.i_cpu.core_i.id_stage_i._3835_/Q     32     33        (VIOLATED)
i_soc.i_cpu.core_i.id_stage_i._3882_/Q     32     33        (VIOLATED)
i_soc.i_cpu.core_i.id_stage_i.register_file_i._5943_/X     32     33        (VIOLATED)
i_soc.i_cpu.core_i.id_stage_i.register_file_i._6770_/Y     32     33        (VIOLATED)
i_soc.i_cpu.core_i.id_stage_i.register_file_i._7518_/Y     32     33        (VIOLATED)
i_soc.i_cpu.core_i.id_stage_i.register_file_i._7521_/Y     32     33        (VIOLATED)
i_soc.i_cpu.core_i.if_stage_i._908_/Q     32     33        (VIOLATED)
i_soc.i_cpu.core_i.if_stage_i.aligner_i._460_/X     32     33        (VIOLATED)
i_soc.i_cpu.core_i.load_store_unit_i._0657_/X     32     33        (VIOLATED)
i_soc.i_crossbar._0309_/Y                32     33        (VIOLATED)
i_soc.i_dm_top.i_dm_mem._0730_/Y         32     33        (VIOLATED)
i_soc.i_dmi_jtag._254_/X                 32     33        (VIOLATED)
i_soc.i_gpio._092_/Y                     32     33        (VIOLATED)
i_soc.i_gpio._142_/X                     32     33        (VIOLATED)
i_soc.i_i2c._0430_/Y                     32     33        (VIOLATED)
i_soc.i_qspi._11061_/X                   32     33        (VIOLATED)
i_soc.i_qspi._11226_/Y                   32     33        (VIOLATED)
i_soc.i_qspi._13691_/Y                   32     33        (VIOLATED)
i_soc.i_qspi._13757_/Y                   32     33        (VIOLATED)
i_soc.i_qspi._14386_/Y                   32     33        (VIOLATED)
i_soc.i_uart_1._1156_/Y                  32     33        (VIOLATED)
i_soc.i_uart_1._1384_/X                  32     33        (VIOLATED)
load_slew1153/X                          32     33        (VIOLATED)
load_slew1178/X                          32     33        (VIOLATED)
load_slew1472/X                          32     33        (VIOLATED)
load_slew151/X                           32     33        (VIOLATED)
load_slew164/X                           32     33        (VIOLATED)
load_slew1690/X                          32     33        (VIOLATED)
load_slew1698/X                          32     33        (VIOLATED)
load_slew1705/X                          32     33        (VIOLATED)
load_slew1707/X                          32     33        (VIOLATED)
load_slew1762/X                          32     33        (VIOLATED)
load_slew1766/X                          32     33        (VIOLATED)
load_slew1767/X                          32     33        (VIOLATED)
load_slew1785/X                          32     33        (VIOLATED)
load_slew1797/X                          32     33        (VIOLATED)
load_slew1814/X                          32     33        (VIOLATED)
load_slew2062/X                          32     33        (VIOLATED)
load_slew2204/X                          32     33        (VIOLATED)
load_slew2228/X                          32     33        (VIOLATED)
load_slew2492/X                          32     33        (VIOLATED)
load_slew2498/X                          32     33        (VIOLATED)
load_slew2623/X                          32     33        (VIOLATED)
load_slew2758/X                          32     33        (VIOLATED)
load_slew2762/X                          32     33        (VIOLATED)
load_slew2876/X                          32     33        (VIOLATED)
load_slew4204/X                          32     33        (VIOLATED)
load_slew473/X                           32     33        (VIOLATED)
load_slew4971/X                          32     33        (VIOLATED)
load_slew4998/X                          32     33        (VIOLATED)
load_slew5006/X                          32     33        (VIOLATED)
load_slew502/X                           32     33        (VIOLATED)
load_slew5044/X                          32     33        (VIOLATED)
load_slew5058/X                          32     33        (VIOLATED)
load_slew5086/X                          32     33        (VIOLATED)
load_slew543/X                           32     33        (VIOLATED)
load_slew5547/X                          32     33        (VIOLATED)
load_slew561/X                           32     33        (VIOLATED)
load_slew594/X                           32     33        (VIOLATED)
load_slew661/X                           32     33        (VIOLATED)
load_slew690/X                           32     33        (VIOLATED)
load_slew731/X                           32     33        (VIOLATED)
load_slew733/X                           32     33        (VIOLATED)
load_slew81/X                            32     33        (VIOLATED)
load_slew920/X                           32     33        (VIOLATED)
load_slew96/X                            32     33        (VIOLATED)
max_cap1159/X                            32     33        (VIOLATED)
max_cap117/X                             32     33        (VIOLATED)
max_cap1281/X                            32     33        (VIOLATED)
max_cap1469/X                            32     33        (VIOLATED)
max_cap1730/X                            32     33        (VIOLATED)
max_cap1733/X                            32     33        (VIOLATED)
max_cap1805/X                            32     33        (VIOLATED)
max_cap195/X                             32     33        (VIOLATED)
max_cap2181/X                            32     33        (VIOLATED)
max_cap2220/X                            32     33        (VIOLATED)
max_cap2227/X                            32     33        (VIOLATED)
max_cap2423/X                            32     33        (VIOLATED)
max_cap2441/X                            32     33        (VIOLATED)
max_cap2443/X                            32     33        (VIOLATED)
max_cap2692/X                            32     33        (VIOLATED)
max_cap2700/X                            32     33        (VIOLATED)
max_cap2702/X                            32     33        (VIOLATED)
max_cap2753/X                            32     33        (VIOLATED)
max_cap2944/X                            32     33        (VIOLATED)
max_cap2945/X                            32     33        (VIOLATED)
max_cap2949/X                            32     33        (VIOLATED)
max_cap322/X                             32     33        (VIOLATED)
max_cap3632/X                            32     33        (VIOLATED)
max_cap3977/X                            32     33        (VIOLATED)
max_cap3987/X                            32     33        (VIOLATED)
max_cap5109/X                            32     33        (VIOLATED)
max_cap5133/X                            32     33        (VIOLATED)
max_cap5544/X                            32     33        (VIOLATED)
max_cap657/X                             32     33        (VIOLATED)
max_cap744/X                             32     33        (VIOLATED)
max_cap958/X                             32     33        (VIOLATED)
wire1480/X                               32     33        (VIOLATED)
wire1715/X                               32     33        (VIOLATED)
wire1764/X                               32     33        (VIOLATED)
wire1775/X                               32     33        (VIOLATED)
wire178/X                                32     33        (VIOLATED)
wire1801/X                               32     33        (VIOLATED)
wire196/X                                32     33        (VIOLATED)
wire2185/X                               32     33        (VIOLATED)
wire2232/X                               32     33        (VIOLATED)
wire2364/X                               32     33        (VIOLATED)
wire2663/X                               32     33        (VIOLATED)
wire2907/X                               32     33        (VIOLATED)
wire3129/X                               32     33        (VIOLATED)
wire3359/X                               32     33        (VIOLATED)
wire3368/X                               32     33        (VIOLATED)
wire3634/X                               32     33        (VIOLATED)
wire3924/X                               32     33        (VIOLATED)
wire3971/X                               32     33        (VIOLATED)
wire4214/X                               32     33        (VIOLATED)
wire490/X                                32     33        (VIOLATED)
wire5080/X                               32     33        (VIOLATED)
wire512/X                                32     33        (VIOLATED)
wire5132/X                               32     33        (VIOLATED)
wire5529/X                               32     33        (VIOLATED)
wire614/X                                32     33        (VIOLATED)
wire7337/X                               32     33        (VIOLATED)
wire7791/X                               32     33        (VIOLATED)
wire963/X                                32     33        (VIOLATED)

max capacitance

Pin                                        Limit         Cap       Slack
------------------------------------------------------------------------
wire3404/X                              1.531687    5.011191   -3.479504 (VIOLATED)
wire3398/X                              1.531687    5.009917   -3.478230 (VIOLATED)
wire3410/X                              1.531687    5.009796   -3.478109 (VIOLATED)
wire3395/X                              1.531687    5.009721   -3.478034 (VIOLATED)
wire3403/X                              1.531687    5.009414   -3.477727 (VIOLATED)
wire3409/X                              1.531687    5.009064   -3.477377 (VIOLATED)
wire3400/X                              1.531687    5.008949   -3.477262 (VIOLATED)
wire3407/X                              1.531687    5.008911   -3.477224 (VIOLATED)
wire3391/X                              1.531687    5.008842   -3.477155 (VIOLATED)
wire3396/X                              1.531687    5.008784   -3.477097 (VIOLATED)
wire3399/X                              1.531687    5.008749   -3.477062 (VIOLATED)
wire3402/X                              1.531687    5.008723   -3.477036 (VIOLATED)
wire3405/X                              1.531687    5.008190   -3.476503 (VIOLATED)
wire3408/X                              1.531687    5.008098   -3.476411 (VIOLATED)
wire3406/X                              1.531687    5.007858   -3.476171 (VIOLATED)
wire3397/X                              1.531687    5.007795   -3.476108 (VIOLATED)
wire3392/X                              1.531687    5.007769   -3.476081 (VIOLATED)
wire3394/X                              1.531687    5.007742   -3.476055 (VIOLATED)
wire2733/X                              1.531687    5.007642   -3.475955 (VIOLATED)
wire3026/X                              1.531687    5.007558   -3.475871 (VIOLATED)
wire2607/X                              1.531687    5.007497   -3.475810 (VIOLATED)
wire2608/X                              1.531687    5.007168   -3.475481 (VIOLATED)
wire3401/X                              1.531687    5.006917   -3.475230 (VIOLATED)
wire4803/X                              1.531687    5.006462   -3.474774 (VIOLATED)
wire3393/X                              1.531687    5.006363   -3.474676 (VIOLATED)
wire4801/X                              1.531687    5.006308   -3.474620 (VIOLATED)
wire4799/X                              1.531687    5.006248   -3.474560 (VIOLATED)
wire4800/X                              1.531687    5.005974   -3.474287 (VIOLATED)
wire3411/X                              1.531687    5.005900   -3.474213 (VIOLATED)
wire3027/X                              1.531687    5.005718   -3.474031 (VIOLATED)
wire4802/X                              1.531687    5.005718   -3.474030 (VIOLATED)
i_soc.i_instr_sram.u_sram.gen_bank[3].gen_512.u_macro/dout1[17]    0.027560    0.216783   -0.189223 (VIOLATED)
i_soc.i_data_sram.u_sram.gen_bank[2].gen_512.u_macro/dout1[13]    0.027560    0.213616   -0.186056 (VIOLATED)
i_soc.i_instr_sram.u_sram.gen_bank[3].gen_512.u_macro/dout1[19]    0.027560    0.210454   -0.182894 (VIOLATED)
i_soc.i_data_sram.u_sram.gen_bank[2].gen_512.u_macro/dout1[11]    0.027560    0.205543   -0.177983 (VIOLATED)
i_soc.i_instr_sram.u_sram.gen_bank[3].gen_512.u_macro/dout1[20]    0.027560    0.205289   -0.177729 (VIOLATED)
i_soc.i_data_sram.u_sram.gen_bank[2].gen_512.u_macro/dout1[18]    0.027560    0.203406   -0.175846 (VIOLATED)
i_soc.i_data_sram.u_sram.gen_bank[2].gen_512.u_macro/dout1[14]    0.027560    0.200758   -0.173198 (VIOLATED)
i_soc.i_instr_sram.u_sram.gen_bank[3].gen_512.u_macro/dout1[15]    0.027560    0.200706   -0.173146 (VIOLATED)
i_soc.i_instr_sram.u_sram.gen_bank[3].gen_512.u_macro/dout1[13]    0.027560    0.197748   -0.170188 (VIOLATED)
i_soc.i_data_sram.u_sram.gen_bank[2].gen_512.u_macro/dout1[12]    0.027560    0.195465   -0.167905 (VIOLATED)
i_soc.i_instr_sram.u_sram.gen_bank[3].gen_512.u_macro/dout1[10]    0.027560    0.195355   -0.167795 (VIOLATED)
i_soc.i_instr_sram.u_sram.gen_bank[3].gen_512.u_macro/dout1[21]    0.027560    0.192799   -0.165239 (VIOLATED)
i_soc.i_instr_sram.u_sram.gen_bank[3].gen_512.u_macro/dout1[14]    0.027560    0.191153   -0.163593 (VIOLATED)
i_soc.i_data_sram.u_sram.gen_bank[2].gen_512.u_macro/dout1[20]    0.027560    0.187351   -0.159791 (VIOLATED)
i_soc.i_data_sram.u_sram.gen_bank[2].gen_512.u_macro/dout1[16]    0.027560    0.186481   -0.158921 (VIOLATED)
i_soc.i_data_sram.u_sram.gen_bank[2].gen_512.u_macro/dout1[17]    0.027560    0.185611   -0.158051 (VIOLATED)
i_soc.i_data_sram.u_sram.gen_bank[2].gen_512.u_macro/dout1[9]    0.027560    0.184731   -0.157171 (VIOLATED)
i_soc.i_data_sram.u_sram.gen_bank[2].gen_512.u_macro/dout1[21]    0.027560    0.182588   -0.155028 (VIOLATED)
i_soc.i_instr_sram.u_sram.gen_bank[3].gen_512.u_macro/dout1[25]    0.027560    0.182332   -0.154772 (VIOLATED)
i_soc.i_data_sram.u_sram.gen_bank[2].gen_512.u_macro/dout1[8]    0.027560    0.182143   -0.154583 (VIOLATED)
i_soc.i_instr_sram.u_sram.gen_bank[3].gen_512.u_macro/dout1[18]    0.027560    0.179025   -0.151465 (VIOLATED)
i_soc.i_instr_sram.u_sram.gen_bank[3].gen_512.u_macro/dout1[23]    0.027560    0.176073   -0.148513 (VIOLATED)
i_soc.i_instr_sram.u_sram.gen_bank[3].gen_512.u_macro/dout1[26]    0.027560    0.175631   -0.148071 (VIOLATED)
i_soc.i_instr_sram.u_sram.gen_bank[3].gen_512.u_macro/dout1[8]    0.027560    0.175191   -0.147631 (VIOLATED)
i_soc.i_instr_sram.u_sram.gen_bank[3].gen_512.u_macro/dout1[6]    0.027560    0.174681   -0.147121 (VIOLATED)
i_soc.i_instr_sram.u_sram.gen_bank[3].gen_512.u_macro/dout1[9]    0.027560    0.173654   -0.146094 (VIOLATED)
i_soc.i_data_sram.u_sram.gen_bank[2].gen_512.u_macro/dout1[7]    0.027560    0.173300   -0.145740 (VIOLATED)
i_soc.i_data_sram.u_sram.gen_bank[2].gen_512.u_macro/dout1[15]    0.027560    0.171833   -0.144273 (VIOLATED)
i_soc.i_data_sram.u_sram.gen_bank[2].gen_512.u_macro/dout1[19]    0.027560    0.171404   -0.143844 (VIOLATED)
i_soc.i_instr_sram.u_sram.gen_bank[3].gen_512.u_macro/dout1[16]    0.027560    0.170829   -0.143269 (VIOLATED)
i_soc.i_data_sram.u_sram.gen_bank[2].gen_512.u_macro/dout1[22]    0.027560    0.169759   -0.142199 (VIOLATED)
i_soc.i_data_sram.u_sram.gen_bank[2].gen_512.u_macro/dout1[6]    0.027560    0.169208   -0.141648 (VIOLATED)
i_soc.i_instr_sram.u_sram.gen_bank[3].gen_512.u_macro/dout1[22]    0.027560    0.167775   -0.140215 (VIOLATED)
i_soc.i_instr_sram.u_sram.gen_bank[3].gen_512.u_macro/dout1[12]    0.027560    0.167125   -0.139565 (VIOLATED)
i_soc.i_instr_sram.u_sram.gen_bank[3].gen_512.u_macro/dout1[24]    0.027560    0.166647   -0.139087 (VIOLATED)
i_soc.i_instr_sram.u_sram.gen_bank[3].gen_512.u_macro/dout1[11]    0.027560    0.165054   -0.137494 (VIOLATED)
i_soc.i_data_sram.u_sram.gen_bank[2].gen_512.u_macro/dout1[23]    0.027560    0.163400   -0.135840 (VIOLATED)
i_soc.i_data_sram.u_sram.gen_bank[2].gen_512.u_macro/dout1[25]    0.027560    0.161663   -0.134103 (VIOLATED)
i_soc.i_data_sram.u_sram.gen_bank[2].gen_512.u_macro/dout1[26]    0.027560    0.154493   -0.126933 (VIOLATED)
i_soc.i_instr_sram.u_sram.gen_bank[3].gen_512.u_macro/dout1[7]    0.027560    0.149412   -0.121852 (VIOLATED)
i_soc.i_instr_sram.u_sram.gen_bank[3].gen_512.u_macro/dout1[27]    0.027560    0.148960   -0.121400 (VIOLATED)
i_soc.i_instr_sram.u_sram.gen_bank[3].gen_512.u_macro/dout1[5]    0.027560    0.145552   -0.117992 (VIOLATED)
i_soc.i_data_sram.u_sram.gen_bank[2].gen_512.u_macro/dout1[24]    0.027560    0.133649   -0.106089 (VIOLATED)
i_soc.i_data_sram.u_sram.gen_bank[2].gen_512.u_macro/dout1[4]    0.027560    0.092507   -0.064947 (VIOLATED)
i_soc.i_instr_sram.u_sram.gen_bank[3].gen_512.u_macro/dout1[30]    0.027560    0.089595   -0.062035 (VIOLATED)
i_soc.i_data_sram.u_sram.gen_bank[2].gen_512.u_macro/dout1[5]    0.027560    0.084837   -0.057277 (VIOLATED)
i_soc.i_crossbar._1203_/X               0.561228    0.613934   -0.052706 (VIOLATED)
i_soc.i_instr_sram.u_sram.gen_bank[3].gen_512.u_macro/dout1[3]    0.027560    0.079856   -0.052296 (VIOLATED)
i_soc.i_data_sram.u_sram.gen_bank[3].gen_512.u_macro/dout1[10]    0.027560    0.079777   -0.052217 (VIOLATED)
i_soc.i_data_sram.u_sram.gen_bank[2].gen_512.u_macro/dout1[1]    0.027560    0.079456   -0.051896 (VIOLATED)
i_soc.i_crossbar._1209_/X               0.561228    0.612286   -0.051058 (VIOLATED)
i_soc.i_data_sram.u_sram.gen_bank[3].gen_512.u_macro/dout1[7]    0.027560    0.077779   -0.050219 (VIOLATED)
i_soc.i_data_sram.u_sram.gen_bank[2].gen_512.u_macro/dout1[28]    0.027560    0.076448   -0.048888 (VIOLATED)
i_soc.i_data_sram.u_sram.gen_bank[3].gen_512.u_macro/dout1[8]    0.027560    0.076399   -0.048839 (VIOLATED)
i_soc.i_instr_sram.u_sram.gen_bank[3].gen_512.u_macro/dout1[4]    0.027560    0.075747   -0.048187 (VIOLATED)
i_soc.i_data_sram.u_sram.gen_bank[2].gen_512.u_macro/dout1[3]    0.027560    0.075213   -0.047653 (VIOLATED)
i_soc.i_instr_sram.u_sram.gen_bank[3].gen_512.u_macro/dout1[29]    0.027560    0.074884   -0.047324 (VIOLATED)
i_soc.i_data_sram.u_sram.gen_bank[2].gen_512.u_macro/dout1[2]    0.027560    0.074666   -0.047106 (VIOLATED)
i_soc.i_data_sram.u_sram.gen_bank[2].gen_512.u_macro/dout1[27]    0.027560    0.074661   -0.047101 (VIOLATED)
i_soc.i_data_sram.u_sram.gen_bank[3].gen_512.u_macro/dout1[5]    0.027560    0.074122   -0.046562 (VIOLATED)
i_soc.i_instr_sram.u_sram.gen_bank[3].gen_512.u_macro/dout1[31]    0.027560    0.072391   -0.044831 (VIOLATED)
i_soc.i_instr_sram.u_sram.gen_bank[3].gen_512.u_macro/dout1[1]    0.027560    0.071253   -0.043693 (VIOLATED)
i_soc.i_data_sram.u_sram.gen_bank[2].gen_512.u_macro/dout1[30]    0.027560    0.068983   -0.041423 (VIOLATED)
i_soc.i_instr_sram.u_sram.gen_bank[3].gen_512.u_macro/dout1[0]    0.027560    0.068423   -0.040863 (VIOLATED)
i_soc.i_data_sram.u_sram.gen_bank[3].gen_512.u_macro/dout1[9]    0.027560    0.067985   -0.040425 (VIOLATED)
i_soc.i_data_sram.u_sram.gen_bank[3].gen_512.u_macro/dout1[2]    0.027560    0.066235   -0.038675 (VIOLATED)
i_soc.i_crossbar._1207_/X               0.561228    0.598764   -0.037536 (VIOLATED)
i_soc.i_data_sram.u_sram.gen_bank[2].gen_512.u_macro/dout1[0]    0.027560    0.064568   -0.037008 (VIOLATED)
hold9291/X                              0.154734    0.190698   -0.035964 (VIOLATED)
i_soc.i_ai_sram.u_sram.gen_bank[1].gen_512.u_macro/dout1[1]    0.027560    0.063349   -0.035789 (VIOLATED)
i_soc.i_data_sram.u_sram.gen_bank[3].gen_512.u_macro/dout1[3]    0.027560    0.062661   -0.035101 (VIOLATED)
i_soc.i_data_sram.u_sram.gen_bank[3].gen_512.u_macro/dout1[4]    0.027560    0.062516   -0.034956 (VIOLATED)
i_soc.i_ai_accel._11411_/Y              0.251780    0.286728   -0.034948 (VIOLATED)
i_soc.i_data_sram.u_sram.gen_bank[3].gen_512.u_macro/dout1[6]    0.027560    0.062112   -0.034552 (VIOLATED)
i_soc.i_instr_sram.u_sram.gen_bank[3].gen_512.u_macro/dout1[2]    0.027560    0.060763   -0.033203 (VIOLATED)
i_soc.i_instr_sram.u_sram.gen_bank[3].gen_512.u_macro/dout1[28]    0.027560    0.059850   -0.032290 (VIOLATED)
_13_/X                                  0.315867    0.347672   -0.031805 (VIOLATED)
i_soc.i_data_sram.u_sram.gen_bank[2].gen_512.u_macro/dout1[29]    0.027560    0.058012   -0.030452 (VIOLATED)
i_soc.i_data_sram.u_sram.gen_bank[3].gen_512.u_macro/dout1[0]    0.027560    0.056592   -0.029032 (VIOLATED)
i_soc.i_data_sram.u_sram.gen_bank[2].gen_512.u_macro/dout1[31]    0.027560    0.054953   -0.027393 (VIOLATED)
i_soc.i_crossbar._1631_/X               0.561228    0.586248   -0.025020 (VIOLATED)
i_soc.i_data_sram.u_sram.gen_bank[3].gen_512.u_macro/dout1[1]    0.027560    0.052394   -0.024834 (VIOLATED)
fanout1151/X                            0.151987    0.176720   -0.024733 (VIOLATED)
i_soc.i_ai_sram.u_sram.gen_bank[11].gen_512.u_macro/dout1[3]    0.027560    0.049365   -0.021805 (VIOLATED)
i_soc.i_data_sram.u_sram.gen_bank[3].gen_512.u_macro/dout1[15]    0.027560    0.047558   -0.019998 (VIOLATED)
fanout1176/X                            0.151987    0.171776   -0.019789 (VIOLATED)
i_soc.i_crossbar._1208_/X               0.561228    0.578972   -0.017744 (VIOLATED)
i_soc.i_data_sram.u_sram.gen_bank[3].gen_512.u_macro/dout1[14]    0.027560    0.044981   -0.017421 (VIOLATED)
i_soc.i_ai_sram.u_sram._627_/X          0.301218    0.318334   -0.017116 (VIOLATED)
i_soc.i_data_sram.u_sram.gen_bank[1].gen_512.u_macro/dout1[1]    0.027560    0.044442   -0.016882 (VIOLATED)
i_soc.i_data_sram.u_sram.gen_bank[3].gen_512.u_macro/dout1[17]    0.027560    0.044027   -0.016467 (VIOLATED)
i_soc.i_crossbar._1210_/X               0.561228    0.576755   -0.015527 (VIOLATED)
i_soc.i_ai_accel.u_input_mem/dout1[0]    0.027560    0.042443   -0.014883 (VIOLATED)
i_soc.i_ai_sram.u_sram.gen_bank[4].gen_512.u_macro/dout1[21]    0.027560    0.042406   -0.014846 (VIOLATED)
fanout1194/X                            0.151987    0.166586   -0.014599 (VIOLATED)
i_soc.i_ai_sram.u_sram.gen_bank[0].gen_512.u_macro/dout1[0]    0.027560    0.041530   -0.013970 (VIOLATED)
i_soc.i_data_sram.u_sram.gen_bank[1].gen_512.u_macro/dout1[0]    0.027560    0.041169   -0.013609 (VIOLATED)
i_soc.i_ai_sram.u_sram._572_/X          0.301218    0.314796   -0.013578 (VIOLATED)
i_soc.i_ai_sram.u_sram.gen_bank[0].gen_512.u_macro/dout1[16]    0.027560    0.041105   -0.013545 (VIOLATED)
i_soc.i_ai_sram.u_sram.gen_bank[4].gen_512.u_macro/dout1[19]    0.027560    0.040726   -0.013166 (VIOLATED)
i_soc.i_ai_sram.u_sram.gen_bank[4].gen_512.u_macro/dout1[18]    0.027560    0.040707   -0.013147 (VIOLATED)
i_soc.i_data_sram.u_sram.gen_bank[3].gen_512.u_macro/dout1[16]    0.027560    0.040673   -0.013113 (VIOLATED)
i_soc.i_ai_sram.u_sram.gen_bank[0].gen_512.u_macro/dout1[20]    0.027560    0.040495   -0.012935 (VIOLATED)
i_soc.i_ai_sram.u_sram.gen_bank[0].gen_512.u_macro/dout1[14]    0.027560    0.040288   -0.012728 (VIOLATED)
i_soc.i_ai_sram.u_sram.gen_bank[4].gen_512.u_macro/dout1[25]    0.027560    0.040149   -0.012589 (VIOLATED)
i_soc.i_crossbar._1199_/X               0.561228    0.573805   -0.012577 (VIOLATED)
i_soc.i_ai_sram.u_sram.gen_bank[4].gen_512.u_macro/dout1[22]    0.027560    0.040087   -0.012527 (VIOLATED)
i_soc.i_ai_sram.u_sram.gen_bank[4].gen_512.u_macro/dout1[15]    0.027560    0.040024   -0.012464 (VIOLATED)
i_soc.i_ai_sram.u_sram.gen_bank[0].gen_512.u_macro/dout1[4]    0.027560    0.039988   -0.012428 (VIOLATED)
i_soc.i_ai_sram.u_sram.gen_bank[4].gen_512.u_macro/dout1[28]    0.027560    0.039964   -0.012404 (VIOLATED)
i_soc.i_ai_sram.u_sram.gen_bank[0].gen_512.u_macro/dout1[15]    0.027560    0.039939   -0.012379 (VIOLATED)
i_soc.i_ai_sram.u_sram.gen_bank[4].gen_512.u_macro/dout1[20]    0.027560    0.039914   -0.012354 (VIOLATED)
i_soc.i_data_sram.u_sram.gen_bank[3].gen_512.u_macro/dout1[21]    0.027560    0.039877   -0.012317 (VIOLATED)
i_soc.i_ai_sram.u_sram.gen_bank[0].gen_512.u_macro/dout1[18]    0.027560    0.039821   -0.012261 (VIOLATED)
i_soc.i_data_sram.u_sram.gen_bank[3].gen_512.u_macro/dout1[13]    0.027560    0.039747   -0.012187 (VIOLATED)
i_soc.i_ai_sram.u_sram.gen_bank[0].gen_512.u_macro/dout1[25]    0.027560    0.039710   -0.012150 (VIOLATED)
i_soc.i_ai_sram.u_sram.gen_bank[0].gen_512.u_macro/dout1[8]    0.027560    0.039639   -0.012079 (VIOLATED)
fanout1470/X                            0.151987    0.163935   -0.011948 (VIOLATED)
i_soc.i_ai_sram.u_sram.gen_bank[4].gen_512.u_macro/dout1[23]    0.027560    0.039493   -0.011933 (VIOLATED)
i_soc.i_ai_sram.u_sram.gen_bank[0].gen_512.u_macro/dout1[28]    0.027560    0.039221   -0.011661 (VIOLATED)
i_soc.i_ai_sram.u_sram.gen_bank[0].gen_512.u_macro/dout1[19]    0.027560    0.039105   -0.011545 (VIOLATED)
i_soc.i_ai_sram.u_sram.gen_bank[0].gen_512.u_macro/dout1[21]    0.027560    0.039057   -0.011497 (VIOLATED)
i_soc.i_ai_sram.u_sram.gen_bank[0].gen_512.u_macro/dout1[27]    0.027560    0.038913   -0.011353 (VIOLATED)
i_soc.i_data_sram.u_sram.gen_bank[3].gen_512.u_macro/dout1[18]    0.027560    0.038773   -0.011213 (VIOLATED)
i_soc.i_ai_sram.u_sram.gen_bank[4].gen_512.u_macro/dout1[9]    0.027560    0.038686   -0.011126 (VIOLATED)
i_soc.i_ai_sram.u_sram.gen_bank[0].gen_512.u_macro/dout1[30]    0.027560    0.038486   -0.010926 (VIOLATED)
i_soc.i_ai_sram.u_sram.gen_bank[0].gen_512.u_macro/dout1[22]    0.027560    0.038445   -0.010885 (VIOLATED)
i_soc.i_ai_sram.u_sram.gen_bank[4].gen_512.u_macro/dout1[4]    0.027560    0.038430   -0.010870 (VIOLATED)
i_soc.i_ai_sram.u_sram.gen_bank[0].gen_512.u_macro/dout1[17]    0.027560    0.038416   -0.010856 (VIOLATED)
i_soc.i_ai_sram.u_sram.gen_bank[0].gen_512.u_macro/dout1[23]    0.027560    0.038334   -0.010774 (VIOLATED)
i_soc.i_ai_sram.u_sram.gen_bank[4].gen_512.u_macro/dout1[12]    0.027560    0.038272   -0.010712 (VIOLATED)
fanout1189/X                            0.151987    0.162396   -0.010409 (VIOLATED)
i_soc.i_ai_sram.u_sram.gen_bank[4].gen_512.u_macro/dout1[26]    0.027560    0.037926   -0.010366 (VIOLATED)
i_soc.i_ai_sram.u_sram.gen_bank[4].gen_512.u_macro/dout1[17]    0.027560    0.037710   -0.010150 (VIOLATED)
i_soc.i_data_sram.u_sram.gen_bank[3].gen_512.u_macro/dout1[24]    0.027560    0.037708   -0.010148 (VIOLATED)
i_soc.i_ai_accel.u_input_mem/dout1[31]    0.027560    0.037667   -0.010107 (VIOLATED)
i_soc.i_ai_sram.u_sram.gen_bank[4].gen_512.u_macro/dout1[16]    0.027560    0.037542   -0.009982 (VIOLATED)
i_soc.i_crossbar._1629_/X               0.561228    0.571171   -0.009943 (VIOLATED)
i_soc.i_ai_sram.u_sram.gen_bank[4].gen_512.u_macro/dout1[11]    0.027560    0.037452   -0.009892 (VIOLATED)
i_soc.i_instr_sram.u_sram.gen_bank[2].gen_512.u_macro/dout1[18]    0.027560    0.037329   -0.009769 (VIOLATED)
i_soc.i_data_sram.u_sram.gen_bank[3].gen_512.u_macro/dout1[12]    0.027560    0.037294   -0.009734 (VIOLATED)
i_soc.i_ai_sram.u_sram.gen_bank[0].gen_512.u_macro/dout1[26]    0.027560    0.037272   -0.009712 (VIOLATED)
i_soc.i_ai_sram.u_sram.gen_bank[0].gen_512.u_macro/dout1[9]    0.027560    0.037240   -0.009680 (VIOLATED)
i_soc.i_ai_sram.u_sram.gen_bank[4].gen_512.u_macro/dout1[1]    0.027560    0.037071   -0.009511 (VIOLATED)
fanout1483/X                            0.151987    0.161421   -0.009434 (VIOLATED)
i_soc.i_ai_sram.u_sram.gen_bank[4].gen_512.u_macro/dout1[27]    0.027560    0.036872   -0.009312 (VIOLATED)
i_soc.i_ai_sram.u_sram._539_/X          0.301218    0.310461   -0.009242 (VIOLATED)
i_soc.i_data_sram.u_sram.gen_bank[3].gen_512.u_macro/dout1[11]    0.027560    0.036786   -0.009226 (VIOLATED)
i_soc.i_ai_sram.u_sram.gen_bank[4].gen_512.u_macro/dout1[31]    0.027560    0.036757   -0.009197 (VIOLATED)
i_soc.i_ai_sram.u_sram.gen_bank[0].gen_512.u_macro/dout1[12]    0.027560    0.036751   -0.009191 (VIOLATED)
i_soc.i_ai_sram.u_sram.gen_bank[0].gen_512.u_macro/dout1[24]    0.027560    0.036549   -0.008989 (VIOLATED)
i_soc.i_ai_sram.u_sram.gen_bank[4].gen_512.u_macro/dout1[14]    0.027560    0.036540   -0.008980 (VIOLATED)
i_soc.i_ai_sram.u_sram.gen_bank[4].gen_512.u_macro/dout1[30]    0.027560    0.036463   -0.008903 (VIOLATED)
fanout1181/X                            0.151987    0.160789   -0.008802 (VIOLATED)
i_soc.i_ai_sram.u_sram.gen_bank[4].gen_512.u_macro/dout1[3]    0.027560    0.036354   -0.008794 (VIOLATED)
i_soc.i_ai_accel.u_conv_w_mem/dout1[18]    0.027560    0.036269   -0.008709 (VIOLATED)
i_soc.i_ai_sram.u_sram.gen_bank[4].gen_512.u_macro/dout1[13]    0.027560    0.036242   -0.008682 (VIOLATED)
i_soc.i_ai_sram.u_sram.gen_bank[0].gen_512.u_macro/dout1[7]    0.027560    0.036086   -0.008526 (VIOLATED)
i_soc.i_data_sram.u_sram.gen_bank[3].gen_512.u_macro/dout1[26]    0.027560    0.036048   -0.008488 (VIOLATED)
i_soc.i_ai_sram.u_sram.gen_bank[4].gen_512.u_macro/dout1[5]    0.027560    0.035825   -0.008265 (VIOLATED)
i_soc.i_ai_sram.u_sram.gen_bank[0].gen_512.u_macro/dout1[11]    0.027560    0.035422   -0.007862 (VIOLATED)
i_soc.i_ai_sram.u_sram.gen_bank[4].gen_512.u_macro/dout1[7]    0.027560    0.035383   -0.007823 (VIOLATED)
i_soc.i_ai_sram.u_sram.gen_bank[0].gen_512.u_macro/dout1[5]    0.027560    0.035375   -0.007815 (VIOLATED)
i_soc.i_data_sram.u_sram.gen_bank[3].gen_512.u_macro/dout1[20]    0.027560    0.035313   -0.007753 (VIOLATED)
i_soc.i_data_sram.u_sram.gen_bank[3].gen_512.u_macro/dout1[25]    0.027560    0.034871   -0.007311 (VIOLATED)
i_soc.i_ai_sram.u_sram.gen_bank[0].gen_512.u_macro/dout1[3]    0.027560    0.034767   -0.007207 (VIOLATED)
i_soc.i_ai_sram.u_sram._605_/X          0.301218    0.308315   -0.007097 (VIOLATED)
fanout1186/X                            0.151987    0.158776   -0.006789 (VIOLATED)
i_soc.i_ai_sram.u_sram.gen_bank[4].gen_512.u_macro/dout1[0]    0.027560    0.034134   -0.006574 (VIOLATED)
i_soc.i_ai_sram.u_sram.gen_bank[0].gen_512.u_macro/dout1[6]    0.027560    0.034010   -0.006450 (VIOLATED)
i_soc.i_ai_sram.u_sram.gen_bank[4].gen_512.u_macro/dout1[6]    0.027560    0.033871   -0.006311 (VIOLATED)
i_soc.i_ai_sram.u_sram.gen_bank[4].gen_512.u_macro/dout1[10]    0.027560    0.033520   -0.005960 (VIOLATED)
fanout1476/X                            0.151987    0.157280   -0.005293 (VIOLATED)
i_soc.i_ai_sram.u_sram.gen_bank[4].gen_512.u_macro/dout1[29]    0.027560    0.032719   -0.005159 (VIOLATED)
i_soc.i_crossbar._1198_/X               0.561228    0.566362   -0.005134 (VIOLATED)
i_soc.i_ai_sram.u_sram.gen_bank[0].gen_512.u_macro/dout1[13]    0.027560    0.032436   -0.004876 (VIOLATED)
i_soc.i_ai_sram.u_sram.gen_bank[4].gen_512.u_macro/dout1[2]    0.027560    0.032139   -0.004579 (VIOLATED)
i_soc.i_ai_sram.u_sram.gen_bank[4].gen_512.u_macro/dout1[8]    0.027560    0.031819   -0.004259 (VIOLATED)
i_soc.i_crossbar._1201_/X               0.561228    0.565336   -0.004108 (VIOLATED)
i_soc.i_ai_sram.u_sram.gen_bank[0].gen_512.u_macro/dout1[10]    0.027560    0.031517   -0.003957 (VIOLATED)
i_soc.i_ai_sram.u_sram._561_/X          0.301218    0.305085   -0.003867 (VIOLATED)
i_soc.i_ai_accel.u_input_mem/dout1[1]    0.027560    0.030843   -0.003283 (VIOLATED)
i_soc.i_ai_sram.u_sram._429_/X          0.301218    0.304323   -0.003105 (VIOLATED)
i_soc.i_ai_sram.u_sram.gen_bank[0].gen_512.u_macro/dout1[29]    0.027560    0.030589   -0.003029 (VIOLATED)
fanout1484/X                            0.151987    0.154980   -0.002993 (VIOLATED)
i_soc.i_ai_sram.u_sram.gen_bank[0].gen_512.u_macro/dout1[1]    0.027560    0.030307   -0.002747 (VIOLATED)
i_soc.i_ai_accel.u_input_mem/dout1[9]    0.027560    0.030144   -0.002584 (VIOLATED)
i_soc.i_ai_sram.u_sram.gen_bank[0].gen_512.u_macro/dout1[31]    0.027560    0.029898   -0.002338 (VIOLATED)
i_soc.i_ai_accel.u_conv_w_mem/dout1[25]    0.027560    0.029845   -0.002285 (VIOLATED)
fanout1140/X                            0.151987    0.154233   -0.002246 (VIOLATED)
i_soc.i_ai_sram.u_sram.gen_bank[0].gen_512.u_macro/dout1[2]    0.027560    0.029632   -0.002072 (VIOLATED)
i_soc.i_data_sram.u_sram.gen_bank[3].gen_512.u_macro/dout1[29]    0.027560    0.029302   -0.001742 (VIOLATED)
i_soc.i_ai_accel.u_input_mem/dout1[7]    0.027560    0.029052   -0.001492 (VIOLATED)
i_soc.i_crossbar._1620_/X               0.561228    0.562688   -0.001460 (VIOLATED)
clone19940/Y                            0.049448    0.050868   -0.001420 (VIOLATED)
i_soc.i_ai_sram.u_sram._550_/X          0.301218    0.302575   -0.001356 (VIOLATED)
_14_/X                                  0.315867    0.317214   -0.001347 (VIOLATED)
i_soc.i_ai_sram.u_sram.gen_bank[4].gen_512.u_macro/dout1[24]    0.027560    0.028777   -0.001217 (VIOLATED)
i_soc.i_data_sram.u_sram.gen_bank[3].gen_512.u_macro/dout1[27]    0.027560    0.028543   -0.000983 (VIOLATED)
i_soc.i_ai_accel.u_input_mem/dout1[12]    0.027560    0.028287   -0.000727 (VIOLATED)
i_soc.i_ai_sram.u_sram._682_/X          0.301218    0.301834   -0.000616 (VIOLATED)
i_soc.i_data_sram.u_sram.gen_bank[3].gen_512.u_macro/dout1[19]    0.027560    0.027674   -0.000114 (VIOLATED)
i_soc.i_ai_sram.u_sram._528_/X          0.301218    0.301319   -0.000101 (VIOLATED)
fanout1139/X                            0.151987    0.152003   -0.000016 (VIOLATED)



===========================================================================
report_parasitic_annotation -report_unannotated
============================================================================
Found 2734 unannotated drivers.
 gpio_in_i[16]
 gpio_in_i[17]
 gpio_in_i[18]
 gpio_in_i[19]
 gpio_in_i[20]
 gpio_in_i[21]
 gpio_in_i[22]
 gpio_in_i[23]
 gpio_in_i[24]
 gpio_in_i[25]
 gpio_in_i[26]
 gpio_in_i[27]
 gpio_in_i[28]
 gpio_in_i[29]
 gpio_in_i[30]
 gpio_in_i[31]
 _16__8107/HI
 _17__8108/HI
 _18__8109/HI
 _19__8110/HI
 _20__8111/HI
 _21__8112/HI
 _22__8113/HI
 _23__8114/HI
 _24__8115/HI
 _25__8116/HI
 _26__8117/HI
 _27__8118/HI
 _28__8119/HI
 _29__8120/HI
 _30__8121/HI
 _31__8122/HI
 clkload0/Y
 clkload1/Y
 clkload10/Y
 clkload100/X
 clkload1000/X
 clkload1001/Y
 clkload101/X
 clkload102/X
 clkload103/X
 clkload104/X
 clkload105/Y
 clkload106/X
 clkload107/Y
 clkload108/X
 clkload109/X
 clkload11/Y
 clkload110/X
 clkload111/X
 clkload112/Y
 clkload113/Y
 clkload114/Y
 clkload115/Y
 clkload116/X
 clkload117/X
 clkload118/X
 clkload119/Y
 clkload12/X
 clkload120/Y
 clkload121/Y
 clkload122/Y
 clkload123/X
 clkload124/Y
 clkload125/Y
 clkload126/X
 clkload127/X
 clkload128/X
 clkload129/X
 clkload13/Y
 clkload130/X
 clkload131/X
 clkload132/Y
 clkload133/X
 clkload134/Y
 clkload135/X
 clkload136/X
 clkload137/X
 clkload138/X
 clkload139/X
 clkload14/Y
 clkload140/Y
 clkload141/X
 clkload142/Y
 clkload143/X
 clkload144/X
 clkload145/X
 clkload146/Y
 clkload147/Y
 clkload148/X
 clkload149/X
 clkload15/Y
 clkload150/X
 clkload151/X
 clkload152/X
 clkload153/X
 clkload154/X
 clkload155/X
 clkload156/Y
 clkload157/X
 clkload158/X
 clkload159/Y
 clkload16/Y
 clkload160/X
 clkload161/X
 clkload162/X
 clkload163/X
 clkload164/Y
 clkload165/X
 clkload166/X
 clkload167/X
 clkload168/X
 clkload169/Y
 clkload17/X
 clkload170/X
 clkload171/X
 clkload172/X
 clkload173/X
 clkload174/Y
 clkload175/X
 clkload176/X
 clkload177/X
 clkload178/Y
 clkload179/Y
 clkload18/X
 clkload180/X
 clkload181/X
 clkload182/X
 clkload183/X
 clkload184/Y
 clkload185/Y
 clkload186/X
 clkload187/Y
 clkload188/Y
 clkload189/X
 clkload19/Y
 clkload190/X
 clkload191/X
 clkload192/X
 clkload193/X
 clkload194/X
 clkload195/X
 clkload196/X
 clkload197/X
 clkload198/X
 clkload199/Y
 clkload2/Y
 clkload20/Y
 clkload200/Y
 clkload201/X
 clkload202/Y
 clkload203/Y
 clkload204/X
 clkload205/X
 clkload206/Y
 clkload207/X
 clkload208/X
 clkload209/X
 clkload21/Y
 clkload210/Y
 clkload211/X
 clkload212/X
 clkload213/X
 clkload214/Y
 clkload215/X
 clkload216/X
 clkload217/X
 clkload218/X
 clkload219/X
 clkload22/Y
 clkload220/X
 clkload221/Y
 clkload222/X
 clkload223/X
 clkload224/X
 clkload225/X
 clkload226/X
 clkload227/X
 clkload228/X
 clkload229/X
 clkload23/X
 clkload230/X
 clkload231/X
 clkload232/X
 clkload233/X
 clkload234/X
 clkload235/X
 clkload236/X
 clkload237/Y
 clkload238/X
 clkload239/X
 clkload24/Y
 clkload240/X
 clkload241/Y
 clkload242/X
 clkload243/X
 clkload244/X
 clkload245/X
 clkload246/X
 clkload247/X
 clkload248/Y
 clkload249/X
 clkload25/Y
 clkload250/X
 clkload251/X
 clkload252/X
 clkload253/X
 clkload254/X
 clkload255/X
 clkload256/X
 clkload257/Y
 clkload258/X
 clkload259/X
 clkload26/Y
 clkload260/X
 clkload261/Y
 clkload262/X
 clkload263/X
 clkload264/Y
 clkload265/X
 clkload266/Y
 clkload267/Y
 clkload268/X
 clkload269/Y
 clkload27/X
 clkload270/X
 clkload271/X
 clkload272/Y
 clkload273/X
 clkload274/Y
 clkload275/X
 clkload276/X
 clkload277/Y
 clkload278/X
 clkload279/X
 clkload28/X
 clkload280/X
 clkload281/X
 clkload282/X
 clkload283/Y
 clkload284/X
 clkload285/X
 clkload286/X
 clkload287/X
 clkload288/X
 clkload289/X
 clkload29/Y
 clkload290/X
 clkload291/X
 clkload292/X
 clkload293/X
 clkload294/X
 clkload295/X
 clkload296/X
 clkload297/Y
 clkload298/X
 clkload299/X
 clkload3/Y
 clkload30/Y
 clkload300/Y
 clkload301/Y
 clkload302/X
 clkload303/X
 clkload304/X
 clkload305/X
 clkload306/Y
 clkload307/X
 clkload308/Y
 clkload309/X
 clkload31/Y
 clkload310/X
 clkload311/X
 clkload312/X
 clkload313/X
 clkload314/X
 clkload315/X
 clkload316/X
 clkload317/X
 clkload318/X
 clkload319/X
 clkload32/Y
 clkload320/X
 clkload321/Y
 clkload322/X
 clkload323/X
 clkload324/X
 clkload325/X
 clkload326/X
 clkload327/X
 clkload328/X
 clkload329/X
 clkload33/Y
 clkload330/X
 clkload331/Y
 clkload332/Y
 clkload333/X
 clkload334/X
 clkload335/X
 clkload336/X
 clkload337/X
 clkload338/X
 clkload339/X
 clkload34/Y
 clkload340/X
 clkload341/X
 clkload342/X
 clkload343/X
 clkload344/X
 clkload345/X
 clkload346/Y
 clkload347/X
 clkload348/X
 clkload349/X
 clkload35/X
 clkload350/X
 clkload351/X
 clkload352/Y
 clkload353/Y
 clkload354/X
 clkload355/Y
 clkload356/X
 clkload357/X
 clkload358/X
 clkload359/X
 clkload36/X
 clkload360/X
 clkload361/X
 clkload362/X
 clkload363/X
 clkload364/X
 clkload365/X
 clkload366/X
 clkload367/Y
 clkload368/Y
 clkload369/X
 clkload37/X
 clkload370/X
 clkload371/X
 clkload372/X
 clkload373/X
 clkload374/X
 clkload375/X
 clkload376/Y
 clkload377/X
 clkload378/X
 clkload379/X
 clkload38/X
 clkload380/X
 clkload381/X
 clkload382/X
 clkload383/X
 clkload384/X
 clkload385/X
 clkload386/X
 clkload387/X
 clkload388/Y
 clkload389/X
 clkload39/X
 clkload390/X
 clkload391/X
 clkload392/X
 clkload393/Y
 clkload394/X
 clkload395/X
 clkload396/X
 clkload397/X
 clkload398/X
 clkload399/X
 clkload4/Y
 clkload40/Y
 clkload400/X
 clkload401/X
 clkload402/X
 clkload403/X
 clkload404/X
 clkload405/X
 clkload406/X
 clkload407/X
 clkload408/X
 clkload409/X
 clkload41/Y
 clkload410/Y
 clkload411/X
 clkload412/X
 clkload413/Y
 clkload414/X
 clkload415/Y
 clkload416/X
 clkload417/Y
 clkload418/Y
 clkload419/Y
 clkload42/Y
 clkload420/Y
 clkload421/X
 clkload422/X
 clkload423/X
 clkload424/X
 clkload425/Y
 clkload426/X
 clkload427/X
 clkload428/Y
 clkload429/X
 clkload43/Y
 clkload430/X
 clkload431/Y
 clkload432/Y
 clkload433/Y
 clkload434/X
 clkload435/Y
 clkload436/X
 clkload437/X
 clkload438/X
 clkload439/X
 clkload44/X
 clkload440/X
 clkload441/X
 clkload442/X
 clkload443/X
 clkload444/X
 clkload445/X
 clkload446/X
 clkload447/X
 clkload448/X
 clkload449/X
 clkload45/X
 clkload450/X
 clkload451/X
 clkload452/X
 clkload453/Y
 clkload454/Y
 clkload455/Y
 clkload456/X
 clkload457/Y
 clkload458/X
 clkload459/Y
 clkload46/X
 clkload460/X
 clkload461/X
 clkload462/Y
 clkload463/X
 clkload464/X
 clkload465/X
 clkload466/X
 clkload467/X
 clkload468/Y
 clkload469/X
 clkload47/X
 clkload470/X
 clkload471/X
 clkload472/X
 clkload473/X
 clkload474/Y
 clkload475/X
 clkload476/X
 clkload477/Y
 clkload478/X
 clkload479/X
 clkload48/Y
 clkload480/Y
 clkload481/Y
 clkload482/Y
 clkload483/Y
 clkload484/X
 clkload485/X
 clkload486/Y
 clkload487/Y
 clkload488/Y
 clkload489/X
 clkload49/X
 clkload490/X
 clkload491/Y
 clkload492/Y
 clkload493/X
 clkload494/X
 clkload495/X
 clkload496/X
 clkload497/X
 clkload498/X
 clkload499/Y
 clkload5/Y
 clkload50/X
 clkload500/X
 clkload501/Y
 clkload502/Y
 clkload503/X
 clkload504/Y
 clkload505/X
 clkload506/Y
 clkload507/X
 clkload508/Y
 clkload509/X
 clkload51/Y
 clkload510/X
 clkload511/X
 clkload512/X
 clkload513/X
 clkload514/X
 clkload515/X
 clkload516/Y
 clkload517/Y
 clkload518/X
 clkload519/Y
 clkload52/X
 clkload520/X
 clkload521/X
 clkload522/X
 clkload523/X
 clkload524/Y
 clkload525/Y
 clkload526/X
 clkload527/Y
 clkload528/X
 clkload529/X
 clkload53/X
 clkload530/X
 clkload531/X
 clkload532/X
 clkload533/X
 clkload534/X
 clkload535/X
 clkload536/X
 clkload537/Y
 clkload538/X
 clkload539/Y
 clkload54/X
 clkload540/Y
 clkload541/Y
 clkload542/Y
 clkload543/X
 clkload544/Y
 clkload545/Y
 clkload546/Y
 clkload547/X
 clkload548/Y
 clkload549/X
 clkload55/Y
 clkload550/X
 clkload551/X
 clkload552/X
 clkload553/X
 clkload554/X
 clkload555/Y
 clkload556/Y
 clkload557/X
 clkload558/Y
 clkload559/X
 clkload56/X
 clkload560/X
 clkload561/X
 clkload562/X
 clkload563/X
 clkload564/X
 clkload565/X
 clkload566/X
 clkload567/X
 clkload568/X
 clkload569/X
 clkload57/X
 clkload570/X
 clkload571/Y
 clkload572/X
 clkload573/X
 clkload574/X
 clkload575/X
 clkload576/X
 clkload577/X
 clkload578/X
 clkload579/X
 clkload58/X
 clkload580/Y
 clkload581/Y
 clkload582/X
 clkload583/X
 clkload584/X
 clkload585/X
 clkload586/X
 clkload587/X
 clkload588/X
 clkload589/X
 clkload59/X
 clkload590/X
 clkload591/X
 clkload592/X
 clkload593/Y
 clkload594/X
 clkload595/Y
 clkload596/X
 clkload597/X
 clkload598/X
 clkload599/X
 clkload6/Y
 clkload60/X
 clkload600/X
 clkload601/Y
 clkload602/Y
 clkload603/X
 clkload604/Y
 clkload605/X
 clkload606/X
 clkload607/X
 clkload608/Y
 clkload609/Y
 clkload61/Y
 clkload610/X
 clkload611/X
 clkload612/X
 clkload613/X
 clkload614/X
 clkload615/X
 clkload616/X
 clkload617/X
 clkload618/X
 clkload619/X
 clkload62/Y
 clkload620/X
 clkload621/X
 clkload622/X
 clkload623/Y
 clkload624/X
 clkload625/Y
 clkload626/X
 clkload627/X
 clkload628/X
 clkload629/X
 clkload63/Y
 clkload630/X
 clkload631/X
 clkload632/X
 clkload633/Y
 clkload634/X
 clkload635/X
 clkload636/X
 clkload637/X
 clkload638/X
 clkload639/X
 clkload64/Y
 clkload640/X
 clkload641/Y
 clkload642/X
 clkload643/X
 clkload644/X
 clkload645/X
 clkload646/X
 clkload647/Y
 clkload648/X
 clkload649/X
 clkload65/Y
 clkload650/X
 clkload651/X
 clkload652/X
 clkload653/X
 clkload654/X
 clkload655/X
 clkload656/X
 clkload657/X
 clkload658/X
 clkload659/X
 clkload66/Y
 clkload660/X
 clkload661/Y
 clkload662/X
 clkload663/X
 clkload664/X
 clkload665/X
 clkload666/X
 clkload667/X
 clkload668/X
 clkload669/X
 clkload67/X
 clkload670/X
 clkload671/X
 clkload672/X
 clkload673/X
 clkload674/X
 clkload675/X
 clkload676/X
 clkload677/X
 clkload678/X
 clkload679/X
 clkload68/X
 clkload680/X
 clkload681/X
 clkload682/Y
 clkload683/Y
 clkload684/Y
 clkload685/Y
 clkload686/Y
 clkload687/X
 clkload688/X
 clkload689/X
 clkload69/X
 clkload690/X
 clkload691/X
 clkload692/Y
 clkload693/X
 clkload694/X
 clkload695/X
 clkload696/Y
 clkload697/Y
 clkload698/X
 clkload699/X
 clkload7/Y
 clkload70/X
 clkload700/X
 clkload701/X
 clkload702/Y
 clkload703/X
 clkload704/X
 clkload705/X
 clkload706/X
 clkload707/X
 clkload708/Y
 clkload709/X
 clkload71/Y
 clkload710/X
 clkload711/Y
 clkload712/X
 clkload713/X
 clkload714/X
 clkload715/X
 clkload716/X
 clkload717/Y
 clkload718/X
 clkload719/X
 clkload72/Y
 clkload720/X
 clkload721/X
 clkload722/Y
 clkload723/X
 clkload724/Y
 clkload725/X
 clkload726/Y
 clkload727/Y
 clkload728/Y
 clkload729/Y
 clkload73/X
 clkload730/Y
 clkload731/Y
 clkload732/Y
 clkload733/Y
 clkload734/Y
 clkload735/Y
 clkload736/Y
 clkload737/X
 clkload738/Y
 clkload739/Y
 clkload74/X
 clkload740/X
 clkload741/X
 clkload742/X
 clkload743/Y
 clkload744/X
 clkload745/X
 clkload746/Y
 clkload747/X
 clkload748/Y
 clkload749/Y
 clkload75/Y
 clkload750/Y
 clkload751/X
 clkload752/X
 clkload753/Y
 clkload754/Y
 clkload755/Y
 clkload756/X
 clkload757/X
 clkload758/X
 clkload759/Y
 clkload76/Y
 clkload760/X
 clkload761/X
 clkload762/Y
 clkload763/Y
 clkload764/X
 clkload765/X
 clkload766/X
 clkload767/X
 clkload768/Y
 clkload769/X
 clkload77/Y
 clkload770/Y
 clkload771/Y
 clkload772/Y
 clkload773/X
 clkload774/X
 clkload775/X
 clkload776/X
 clkload777/X
 clkload778/Y
 clkload779/Y
 clkload78/Y
 clkload780/X
 clkload781/X
 clkload782/X
 clkload783/X
 clkload784/X
 clkload785/X
 clkload786/Y
 clkload787/Y
 clkload788/X
 clkload789/Y
 clkload79/Y
 clkload790/X
 clkload791/Y
 clkload792/Y
 clkload793/X
 clkload794/X
 clkload795/X
 clkload796/X
 clkload797/X
 clkload798/X
 clkload799/X
 clkload8/Y
 clkload80/Y
 clkload800/X
 clkload801/Y
 clkload802/X
 clkload803/Y
 clkload804/X
 clkload805/X
 clkload806/X
 clkload807/X
 clkload808/X
 clkload809/Y
 clkload81/Y
 clkload810/X
 clkload811/X
 clkload812/X
 clkload813/X
 clkload814/Y
 clkload815/X
 clkload816/Y
 clkload817/X
 clkload818/X
 clkload819/X
 clkload82/Y
 clkload820/X
 clkload821/X
 clkload822/X
 clkload823/X
 clkload824/X
 clkload825/X
 clkload826/X
 clkload827/X
 clkload828/X
 clkload829/X
 clkload83/Y
 clkload830/X
 clkload831/X
 clkload832/X
 clkload833/X
 clkload834/X
 clkload835/X
 clkload836/X
 clkload837/X
 clkload838/Y
 clkload839/X
 clkload84/Y
 clkload840/Y
 clkload841/X
 clkload842/Y
 clkload843/X
 clkload844/X
 clkload845/X
 clkload846/X
 clkload847/X
 clkload848/X
 clkload849/X
 clkload85/X
 clkload850/X
 clkload851/X
 clkload852/X
 clkload853/X
 clkload854/X
 clkload855/Y
 clkload856/X
 clkload857/Y
 clkload858/Y
 clkload859/X
 clkload86/X
 clkload860/X
 clkload861/X
 clkload862/X
 clkload863/X
 clkload864/X
 clkload865/Y
 clkload866/X
 clkload867/Y
 clkload868/X
 clkload869/Y
 clkload87/X
 clkload870/X
 clkload871/Y
 clkload872/X
 clkload873/X
 clkload874/X
 clkload875/X
 clkload876/Y
 clkload877/X
 clkload878/Y
 clkload879/Y
 clkload88/Y
 clkload880/X
 clkload881/X
 clkload882/Y
 clkload883/Y
 clkload884/Y
 clkload885/X
 clkload886/Y
 clkload887/X
 clkload888/X
 clkload889/X
 clkload89/X
 clkload890/Y
 clkload891/X
 clkload892/X
 clkload893/X
 clkload894/X
 clkload895/Y
 clkload896/X
 clkload897/Y
 clkload898/Y
 clkload899/X
 clkload9/X
 clkload90/Y
 clkload900/X
 clkload901/X
 clkload902/X
 clkload903/X
 clkload904/Y
 clkload905/X
 clkload906/Y
 clkload907/X
 clkload908/X
 clkload909/X
 clkload91/Y
 clkload910/X
 clkload911/X
 clkload912/X
 clkload913/X
 clkload914/X
 clkload915/Y
 clkload916/X
 clkload917/X
 clkload918/X
 clkload919/X
 clkload92/Y
 clkload920/Y
 clkload921/Y
 clkload922/Y
 clkload923/X
 clkload924/Y
 clkload925/X
 clkload926/X
 clkload927/Y
 clkload928/X
 clkload929/X
 clkload93/Y
 clkload930/X
 clkload931/X
 clkload932/X
 clkload933/X
 clkload934/Y
 clkload935/Y
 clkload936/Y
 clkload937/Y
 clkload938/X
 clkload939/X
 clkload94/Y
 clkload940/Y
 clkload941/X
 clkload942/X
 clkload943/X
 clkload944/X
 clkload945/X
 clkload946/Y
 clkload947/Y
 clkload948/Y
 clkload949/X
 clkload95/X
 clkload950/Y
 clkload951/X
 clkload952/Y
 clkload953/X
 clkload954/Y
 clkload955/Y
 clkload956/X
 clkload957/X
 clkload958/X
 clkload959/X
 clkload96/X
 clkload960/X
 clkload961/Y
 clkload962/Y
 clkload963/X
 clkload964/X
 clkload965/X
 clkload966/Y
 clkload967/Y
 clkload968/Y
 clkload969/Y
 clkload97/X
 clkload970/Y
 clkload971/Y
 clkload972/Y
 clkload973/Y
 clkload974/Y
 clkload975/Y
 clkload976/X
 clkload977/X
 clkload978/X
 clkload979/X
 clkload98/X
 clkload980/X
 clkload981/X
 clkload982/X
 clkload983/X
 clkload984/Y
 clkload985/Y
 clkload986/X
 clkload987/X
 clkload988/X
 clkload989/X
 clkload99/X
 clkload990/X
 clkload991/X
 clkload992/Y
 clkload993/X
 clkload994/Y
 clkload995/X
 clkload996/X
 clkload997/Y
 clkload998/X
 clkload999/X
 i_soc.i_ai_accel.u_conv_out.gen_bank\[0\].gen_512.u_macro/dout0[0]
 i_soc.i_ai_accel.u_conv_out.gen_bank\[0\].gen_512.u_macro/dout0[10]
 i_soc.i_ai_accel.u_conv_out.gen_bank\[0\].gen_512.u_macro/dout0[11]
 i_soc.i_ai_accel.u_conv_out.gen_bank\[0\].gen_512.u_macro/dout0[12]
 i_soc.i_ai_accel.u_conv_out.gen_bank\[0\].gen_512.u_macro/dout0[13]
 i_soc.i_ai_accel.u_conv_out.gen_bank\[0\].gen_512.u_macro/dout0[14]
 i_soc.i_ai_accel.u_conv_out.gen_bank\[0\].gen_512.u_macro/dout0[15]
 i_soc.i_ai_accel.u_conv_out.gen_bank\[0\].gen_512.u_macro/dout0[16]
 i_soc.i_ai_accel.u_conv_out.gen_bank\[0\].gen_512.u_macro/dout0[17]
 i_soc.i_ai_accel.u_conv_out.gen_bank\[0\].gen_512.u_macro/dout0[18]
 i_soc.i_ai_accel.u_conv_out.gen_bank\[0\].gen_512.u_macro/dout0[19]
 i_soc.i_ai_accel.u_conv_out.gen_bank\[0\].gen_512.u_macro/dout0[1]
 i_soc.i_ai_accel.u_conv_out.gen_bank\[0\].gen_512.u_macro/dout0[20]
 i_soc.i_ai_accel.u_conv_out.gen_bank\[0\].gen_512.u_macro/dout0[21]
 i_soc.i_ai_accel.u_conv_out.gen_bank\[0\].gen_512.u_macro/dout0[22]
 i_soc.i_ai_accel.u_conv_out.gen_bank\[0\].gen_512.u_macro/dout0[23]
 i_soc.i_ai_accel.u_conv_out.gen_bank\[0\].gen_512.u_macro/dout0[24]
 i_soc.i_ai_accel.u_conv_out.gen_bank\[0\].gen_512.u_macro/dout0[25]
 i_soc.i_ai_accel.u_conv_out.gen_bank\[0\].gen_512.u_macro/dout0[26]
 i_soc.i_ai_accel.u_conv_out.gen_bank\[0\].gen_512.u_macro/dout0[27]
 i_soc.i_ai_accel.u_conv_out.gen_bank\[0\].gen_512.u_macro/dout0[28]
 i_soc.i_ai_accel.u_conv_out.gen_bank\[0\].gen_512.u_macro/dout0[29]
 i_soc.i_ai_accel.u_conv_out.gen_bank\[0\].gen_512.u_macro/dout0[2]
 i_soc.i_ai_accel.u_conv_out.gen_bank\[0\].gen_512.u_macro/dout0[30]
 i_soc.i_ai_accel.u_conv_out.gen_bank\[0\].gen_512.u_macro/dout0[31]
 i_soc.i_ai_accel.u_conv_out.gen_bank\[0\].gen_512.u_macro/dout0[3]
 i_soc.i_ai_accel.u_conv_out.gen_bank\[0\].gen_512.u_macro/dout0[4]
 i_soc.i_ai_accel.u_conv_out.gen_bank\[0\].gen_512.u_macro/dout0[5]
 i_soc.i_ai_accel.u_conv_out.gen_bank\[0\].gen_512.u_macro/dout0[6]
 i_soc.i_ai_accel.u_conv_out.gen_bank\[0\].gen_512.u_macro/dout0[7]
 i_soc.i_ai_accel.u_conv_out.gen_bank\[0\].gen_512.u_macro/dout0[8]
 i_soc.i_ai_accel.u_conv_out.gen_bank\[0\].gen_512.u_macro/dout0[9]
 i_soc.i_ai_accel.u_conv_out.gen_bank\[0\].gen_512.u_macro_8125/HI
 i_soc.i_ai_accel.u_conv_out.gen_bank\[1\].gen_512.u_macro/dout0[0]
 i_soc.i_ai_accel.u_conv_out.gen_bank\[1\].gen_512.u_macro/dout0[10]
 i_soc.i_ai_accel.u_conv_out.gen_bank\[1\].gen_512.u_macro/dout0[11]
 i_soc.i_ai_accel.u_conv_out.gen_bank\[1\].gen_512.u_macro/dout0[12]
 i_soc.i_ai_accel.u_conv_out.gen_bank\[1\].gen_512.u_macro/dout0[13]
 i_soc.i_ai_accel.u_conv_out.gen_bank\[1\].gen_512.u_macro/dout0[14]
 i_soc.i_ai_accel.u_conv_out.gen_bank\[1\].gen_512.u_macro/dout0[15]
 i_soc.i_ai_accel.u_conv_out.gen_bank\[1\].gen_512.u_macro/dout0[16]
 i_soc.i_ai_accel.u_conv_out.gen_bank\[1\].gen_512.u_macro/dout0[17]
 i_soc.i_ai_accel.u_conv_out.gen_bank\[1\].gen_512.u_macro/dout0[18]
 i_soc.i_ai_accel.u_conv_out.gen_bank\[1\].gen_512.u_macro/dout0[19]
 i_soc.i_ai_accel.u_conv_out.gen_bank\[1\].gen_512.u_macro/dout0[1]
 i_soc.i_ai_accel.u_conv_out.gen_bank\[1\].gen_512.u_macro/dout0[20]
 i_soc.i_ai_accel.u_conv_out.gen_bank\[1\].gen_512.u_macro/dout0[21]
 i_soc.i_ai_accel.u_conv_out.gen_bank\[1\].gen_512.u_macro/dout0[22]
 i_soc.i_ai_accel.u_conv_out.gen_bank\[1\].gen_512.u_macro/dout0[23]
 i_soc.i_ai_accel.u_conv_out.gen_bank\[1\].gen_512.u_macro/dout0[24]
 i_soc.i_ai_accel.u_conv_out.gen_bank\[1\].gen_512.u_macro/dout0[25]
 i_soc.i_ai_accel.u_conv_out.gen_bank\[1\].gen_512.u_macro/dout0[26]
 i_soc.i_ai_accel.u_conv_out.gen_bank\[1\].gen_512.u_macro/dout0[27]
 i_soc.i_ai_accel.u_conv_out.gen_bank\[1\].gen_512.u_macro/dout0[28]
 i_soc.i_ai_accel.u_conv_out.gen_bank\[1\].gen_512.u_macro/dout0[29]
 i_soc.i_ai_accel.u_conv_out.gen_bank\[1\].gen_512.u_macro/dout0[2]
 i_soc.i_ai_accel.u_conv_out.gen_bank\[1\].gen_512.u_macro/dout0[30]
 i_soc.i_ai_accel.u_conv_out.gen_bank\[1\].gen_512.u_macro/dout0[31]
 i_soc.i_ai_accel.u_conv_out.gen_bank\[1\].gen_512.u_macro/dout0[3]
 i_soc.i_ai_accel.u_conv_out.gen_bank\[1\].gen_512.u_macro/dout0[4]
 i_soc.i_ai_accel.u_conv_out.gen_bank\[1\].gen_512.u_macro/dout0[5]
 i_soc.i_ai_accel.u_conv_out.gen_bank\[1\].gen_512.u_macro/dout0[6]
 i_soc.i_ai_accel.u_conv_out.gen_bank\[1\].gen_512.u_macro/dout0[7]
 i_soc.i_ai_accel.u_conv_out.gen_bank\[1\].gen_512.u_macro/dout0[8]
 i_soc.i_ai_accel.u_conv_out.gen_bank\[1\].gen_512.u_macro/dout0[9]
 i_soc.i_ai_accel.u_conv_out.gen_bank\[1\].gen_512.u_macro_8126/HI
 i_soc.i_ai_accel.u_conv_w_mem/dout0[0]
 i_soc.i_ai_accel.u_conv_w_mem/dout0[10]
 i_soc.i_ai_accel.u_conv_w_mem/dout0[11]
 i_soc.i_ai_accel.u_conv_w_mem/dout0[12]
 i_soc.i_ai_accel.u_conv_w_mem/dout0[13]
 i_soc.i_ai_accel.u_conv_w_mem/dout0[14]
 i_soc.i_ai_accel.u_conv_w_mem/dout0[15]
 i_soc.i_ai_accel.u_conv_w_mem/dout0[16]
 i_soc.i_ai_accel.u_conv_w_mem/dout0[17]
 i_soc.i_ai_accel.u_conv_w_mem/dout0[18]
 i_soc.i_ai_accel.u_conv_w_mem/dout0[19]
 i_soc.i_ai_accel.u_conv_w_mem/dout0[1]
 i_soc.i_ai_accel.u_conv_w_mem/dout0[20]
 i_soc.i_ai_accel.u_conv_w_mem/dout0[21]
 i_soc.i_ai_accel.u_conv_w_mem/dout0[22]
 i_soc.i_ai_accel.u_conv_w_mem/dout0[23]
 i_soc.i_ai_accel.u_conv_w_mem/dout0[24]
 i_soc.i_ai_accel.u_conv_w_mem/dout0[25]
 i_soc.i_ai_accel.u_conv_w_mem/dout0[26]
 i_soc.i_ai_accel.u_conv_w_mem/dout0[27]
 i_soc.i_ai_accel.u_conv_w_mem/dout0[28]
 i_soc.i_ai_accel.u_conv_w_mem/dout0[29]
 i_soc.i_ai_accel.u_conv_w_mem/dout0[2]
 i_soc.i_ai_accel.u_conv_w_mem/dout0[30]
 i_soc.i_ai_accel.u_conv_w_mem/dout0[31]
 i_soc.i_ai_accel.u_conv_w_mem/dout0[3]
 i_soc.i_ai_accel.u_conv_w_mem/dout0[4]
 i_soc.i_ai_accel.u_conv_w_mem/dout0[5]
 i_soc.i_ai_accel.u_conv_w_mem/dout0[6]
 i_soc.i_ai_accel.u_conv_w_mem/dout0[7]
 i_soc.i_ai_accel.u_conv_w_mem/dout0[8]
 i_soc.i_ai_accel.u_conv_w_mem/dout0[9]
 i_soc.i_ai_accel.u_conv_w_mem_8123/HI
 i_soc.i_ai_accel.u_conv_w_mem_8584/LO
 i_soc.i_ai_accel.u_conv_w_mem_8585/LO
 i_soc.i_ai_accel.u_conv_w_mem_8586/LO
 i_soc.i_ai_accel.u_conv_w_mem_8587/LO
 i_soc.i_ai_accel.u_input_mem/dout0[0]
 i_soc.i_ai_accel.u_input_mem/dout0[10]
 i_soc.i_ai_accel.u_input_mem/dout0[11]
 i_soc.i_ai_accel.u_input_mem/dout0[12]
 i_soc.i_ai_accel.u_input_mem/dout0[13]
 i_soc.i_ai_accel.u_input_mem/dout0[14]
 i_soc.i_ai_accel.u_input_mem/dout0[15]
 i_soc.i_ai_accel.u_input_mem/dout0[16]
 i_soc.i_ai_accel.u_input_mem/dout0[17]
 i_soc.i_ai_accel.u_input_mem/dout0[18]
 i_soc.i_ai_accel.u_input_mem/dout0[19]
 i_soc.i_ai_accel.u_input_mem/dout0[1]
 i_soc.i_ai_accel.u_input_mem/dout0[20]
 i_soc.i_ai_accel.u_input_mem/dout0[21]
 i_soc.i_ai_accel.u_input_mem/dout0[22]
 i_soc.i_ai_accel.u_input_mem/dout0[23]
 i_soc.i_ai_accel.u_input_mem/dout0[24]
 i_soc.i_ai_accel.u_input_mem/dout0[25]
 i_soc.i_ai_accel.u_input_mem/dout0[26]
 i_soc.i_ai_accel.u_input_mem/dout0[27]
 i_soc.i_ai_accel.u_input_mem/dout0[28]
 i_soc.i_ai_accel.u_input_mem/dout0[29]
 i_soc.i_ai_accel.u_input_mem/dout0[2]
 i_soc.i_ai_accel.u_input_mem/dout0[30]
 i_soc.i_ai_accel.u_input_mem/dout0[31]
 i_soc.i_ai_accel.u_input_mem/dout0[3]
 i_soc.i_ai_accel.u_input_mem/dout0[4]
 i_soc.i_ai_accel.u_input_mem/dout0[5]
 i_soc.i_ai_accel.u_input_mem/dout0[6]
 i_soc.i_ai_accel.u_input_mem/dout0[7]
 i_soc.i_ai_accel.u_input_mem/dout0[8]
 i_soc.i_ai_accel.u_input_mem/dout0[9]
 i_soc.i_ai_accel.u_input_mem_8124/HI
 i_soc.i_ai_accel.u_input_mem_8588/LO
 i_soc.i_ai_accel.u_input_mem_8589/LO
 i_soc.i_ai_accel.u_input_mem_8590/LO
 i_soc.i_ai_accel.u_input_mem_8591/LO
 i_soc.i_ai_arb._290__8592/LO
 i_soc.i_ai_arb._292__8593/LO
 i_soc.i_ai_arb._294__8594/LO
 i_soc.i_ai_arb._296__8595/LO
 i_soc.i_ai_sram.u_sram.gen_bank\[0\].gen_512.u_macro/dout0[0]
 i_soc.i_ai_sram.u_sram.gen_bank\[0\].gen_512.u_macro/dout0[10]
 i_soc.i_ai_sram.u_sram.gen_bank\[0\].gen_512.u_macro/dout0[11]
 i_soc.i_ai_sram.u_sram.gen_bank\[0\].gen_512.u_macro/dout0[12]
 i_soc.i_ai_sram.u_sram.gen_bank\[0\].gen_512.u_macro/dout0[13]
 i_soc.i_ai_sram.u_sram.gen_bank\[0\].gen_512.u_macro/dout0[14]
 i_soc.i_ai_sram.u_sram.gen_bank\[0\].gen_512.u_macro/dout0[15]
 i_soc.i_ai_sram.u_sram.gen_bank\[0\].gen_512.u_macro/dout0[16]
 i_soc.i_ai_sram.u_sram.gen_bank\[0\].gen_512.u_macro/dout0[17]
 i_soc.i_ai_sram.u_sram.gen_bank\[0\].gen_512.u_macro/dout0[18]
 i_soc.i_ai_sram.u_sram.gen_bank\[0\].gen_512.u_macro/dout0[19]
 i_soc.i_ai_sram.u_sram.gen_bank\[0\].gen_512.u_macro/dout0[1]
 i_soc.i_ai_sram.u_sram.gen_bank\[0\].gen_512.u_macro/dout0[20]
 i_soc.i_ai_sram.u_sram.gen_bank\[0\].gen_512.u_macro/dout0[21]
 i_soc.i_ai_sram.u_sram.gen_bank\[0\].gen_512.u_macro/dout0[22]
 i_soc.i_ai_sram.u_sram.gen_bank\[0\].gen_512.u_macro/dout0[23]
 i_soc.i_ai_sram.u_sram.gen_bank\[0\].gen_512.u_macro/dout0[24]
 i_soc.i_ai_sram.u_sram.gen_bank\[0\].gen_512.u_macro/dout0[25]
 i_soc.i_ai_sram.u_sram.gen_bank\[0\].gen_512.u_macro/dout0[26]
 i_soc.i_ai_sram.u_sram.gen_bank\[0\].gen_512.u_macro/dout0[27]
 i_soc.i_ai_sram.u_sram.gen_bank\[0\].gen_512.u_macro/dout0[28]
 i_soc.i_ai_sram.u_sram.gen_bank\[0\].gen_512.u_macro/dout0[29]
 i_soc.i_ai_sram.u_sram.gen_bank\[0\].gen_512.u_macro/dout0[2]
 i_soc.i_ai_sram.u_sram.gen_bank\[0\].gen_512.u_macro/dout0[30]
 i_soc.i_ai_sram.u_sram.gen_bank\[0\].gen_512.u_macro/dout0[31]
 i_soc.i_ai_sram.u_sram.gen_bank\[0\].gen_512.u_macro/dout0[3]
 i_soc.i_ai_sram.u_sram.gen_bank\[0\].gen_512.u_macro/dout0[4]
 i_soc.i_ai_sram.u_sram.gen_bank\[0\].gen_512.u_macro/dout0[5]
 i_soc.i_ai_sram.u_sram.gen_bank\[0\].gen_512.u_macro/dout0[6]
 i_soc.i_ai_sram.u_sram.gen_bank\[0\].gen_512.u_macro/dout0[7]
 i_soc.i_ai_sram.u_sram.gen_bank\[0\].gen_512.u_macro/dout0[8]
 i_soc.i_ai_sram.u_sram.gen_bank\[0\].gen_512.u_macro/dout0[9]
 i_soc.i_ai_sram.u_sram.gen_bank\[0\].gen_512.u_macro_8127/HI
 i_soc.i_ai_sram.u_sram.gen_bank\[10\].gen_512.u_macro/dout0[0]
 i_soc.i_ai_sram.u_sram.gen_bank\[10\].gen_512.u_macro/dout0[10]
 i_soc.i_ai_sram.u_sram.gen_bank\[10\].gen_512.u_macro/dout0[11]
 i_soc.i_ai_sram.u_sram.gen_bank\[10\].gen_512.u_macro/dout0[12]
 i_soc.i_ai_sram.u_sram.gen_bank\[10\].gen_512.u_macro/dout0[13]
 i_soc.i_ai_sram.u_sram.gen_bank\[10\].gen_512.u_macro/dout0[14]
 i_soc.i_ai_sram.u_sram.gen_bank\[10\].gen_512.u_macro/dout0[15]
 i_soc.i_ai_sram.u_sram.gen_bank\[10\].gen_512.u_macro/dout0[16]
 i_soc.i_ai_sram.u_sram.gen_bank\[10\].gen_512.u_macro/dout0[17]
 i_soc.i_ai_sram.u_sram.gen_bank\[10\].gen_512.u_macro/dout0[18]
 i_soc.i_ai_sram.u_sram.gen_bank\[10\].gen_512.u_macro/dout0[19]
 i_soc.i_ai_sram.u_sram.gen_bank\[10\].gen_512.u_macro/dout0[1]
 i_soc.i_ai_sram.u_sram.gen_bank\[10\].gen_512.u_macro/dout0[20]
 i_soc.i_ai_sram.u_sram.gen_bank\[10\].gen_512.u_macro/dout0[21]
 i_soc.i_ai_sram.u_sram.gen_bank\[10\].gen_512.u_macro/dout0[22]
 i_soc.i_ai_sram.u_sram.gen_bank\[10\].gen_512.u_macro/dout0[23]
 i_soc.i_ai_sram.u_sram.gen_bank\[10\].gen_512.u_macro/dout0[24]
 i_soc.i_ai_sram.u_sram.gen_bank\[10\].gen_512.u_macro/dout0[25]
 i_soc.i_ai_sram.u_sram.gen_bank\[10\].gen_512.u_macro/dout0[26]
 i_soc.i_ai_sram.u_sram.gen_bank\[10\].gen_512.u_macro/dout0[27]
 i_soc.i_ai_sram.u_sram.gen_bank\[10\].gen_512.u_macro/dout0[28]
 i_soc.i_ai_sram.u_sram.gen_bank\[10\].gen_512.u_macro/dout0[29]
 i_soc.i_ai_sram.u_sram.gen_bank\[10\].gen_512.u_macro/dout0[2]
 i_soc.i_ai_sram.u_sram.gen_bank\[10\].gen_512.u_macro/dout0[30]
 i_soc.i_ai_sram.u_sram.gen_bank\[10\].gen_512.u_macro/dout0[31]
 i_soc.i_ai_sram.u_sram.gen_bank\[10\].gen_512.u_macro/dout0[3]
 i_soc.i_ai_sram.u_sram.gen_bank\[10\].gen_512.u_macro/dout0[4]
 i_soc.i_ai_sram.u_sram.gen_bank\[10\].gen_512.u_macro/dout0[5]
 i_soc.i_ai_sram.u_sram.gen_bank\[10\].gen_512.u_macro/dout0[6]
 i_soc.i_ai_sram.u_sram.gen_bank\[10\].gen_512.u_macro/dout0[7]
 i_soc.i_ai_sram.u_sram.gen_bank\[10\].gen_512.u_macro/dout0[8]
 i_soc.i_ai_sram.u_sram.gen_bank\[10\].gen_512.u_macro/dout0[9]
 i_soc.i_ai_sram.u_sram.gen_bank\[10\].gen_512.u_macro_8128/HI
 i_soc.i_ai_sram.u_sram.gen_bank\[11\].gen_512.u_macro/dout0[0]
 i_soc.i_ai_sram.u_sram.gen_bank\[11\].gen_512.u_macro/dout0[10]
 i_soc.i_ai_sram.u_sram.gen_bank\[11\].gen_512.u_macro/dout0[11]
 i_soc.i_ai_sram.u_sram.gen_bank\[11\].gen_512.u_macro/dout0[12]
 i_soc.i_ai_sram.u_sram.gen_bank\[11\].gen_512.u_macro/dout0[13]
 i_soc.i_ai_sram.u_sram.gen_bank\[11\].gen_512.u_macro/dout0[14]
 i_soc.i_ai_sram.u_sram.gen_bank\[11\].gen_512.u_macro/dout0[15]
 i_soc.i_ai_sram.u_sram.gen_bank\[11\].gen_512.u_macro/dout0[16]
 i_soc.i_ai_sram.u_sram.gen_bank\[11\].gen_512.u_macro/dout0[17]
 i_soc.i_ai_sram.u_sram.gen_bank\[11\].gen_512.u_macro/dout0[18]
 i_soc.i_ai_sram.u_sram.gen_bank\[11\].gen_512.u_macro/dout0[19]
 i_soc.i_ai_sram.u_sram.gen_bank\[11\].gen_512.u_macro/dout0[1]
 i_soc.i_ai_sram.u_sram.gen_bank\[11\].gen_512.u_macro/dout0[20]
 i_soc.i_ai_sram.u_sram.gen_bank\[11\].gen_512.u_macro/dout0[21]
 i_soc.i_ai_sram.u_sram.gen_bank\[11\].gen_512.u_macro/dout0[22]
 i_soc.i_ai_sram.u_sram.gen_bank\[11\].gen_512.u_macro/dout0[23]
 i_soc.i_ai_sram.u_sram.gen_bank\[11\].gen_512.u_macro/dout0[24]
 i_soc.i_ai_sram.u_sram.gen_bank\[11\].gen_512.u_macro/dout0[25]
 i_soc.i_ai_sram.u_sram.gen_bank\[11\].gen_512.u_macro/dout0[26]
 i_soc.i_ai_sram.u_sram.gen_bank\[11\].gen_512.u_macro/dout0[27]
 i_soc.i_ai_sram.u_sram.gen_bank\[11\].gen_512.u_macro/dout0[28]
 i_soc.i_ai_sram.u_sram.gen_bank\[11\].gen_512.u_macro/dout0[29]
 i_soc.i_ai_sram.u_sram.gen_bank\[11\].gen_512.u_macro/dout0[2]
 i_soc.i_ai_sram.u_sram.gen_bank\[11\].gen_512.u_macro/dout0[30]
 i_soc.i_ai_sram.u_sram.gen_bank\[11\].gen_512.u_macro/dout0[31]
 i_soc.i_ai_sram.u_sram.gen_bank\[11\].gen_512.u_macro/dout0[3]
 i_soc.i_ai_sram.u_sram.gen_bank\[11\].gen_512.u_macro/dout0[4]
 i_soc.i_ai_sram.u_sram.gen_bank\[11\].gen_512.u_macro/dout0[5]
 i_soc.i_ai_sram.u_sram.gen_bank\[11\].gen_512.u_macro/dout0[6]
 i_soc.i_ai_sram.u_sram.gen_bank\[11\].gen_512.u_macro/dout0[7]
 i_soc.i_ai_sram.u_sram.gen_bank\[11\].gen_512.u_macro/dout0[8]
 i_soc.i_ai_sram.u_sram.gen_bank\[11\].gen_512.u_macro/dout0[9]
 i_soc.i_ai_sram.u_sram.gen_bank\[11\].gen_512.u_macro_8129/HI
 i_soc.i_ai_sram.u_sram.gen_bank\[12\].gen_512.u_macro/dout0[0]
 i_soc.i_ai_sram.u_sram.gen_bank\[12\].gen_512.u_macro/dout0[10]
 i_soc.i_ai_sram.u_sram.gen_bank\[12\].gen_512.u_macro/dout0[11]
 i_soc.i_ai_sram.u_sram.gen_bank\[12\].gen_512.u_macro/dout0[12]
 i_soc.i_ai_sram.u_sram.gen_bank\[12\].gen_512.u_macro/dout0[13]
 i_soc.i_ai_sram.u_sram.gen_bank\[12\].gen_512.u_macro/dout0[14]
 i_soc.i_ai_sram.u_sram.gen_bank\[12\].gen_512.u_macro/dout0[15]
 i_soc.i_ai_sram.u_sram.gen_bank\[12\].gen_512.u_macro/dout0[16]
 i_soc.i_ai_sram.u_sram.gen_bank\[12\].gen_512.u_macro/dout0[17]
 i_soc.i_ai_sram.u_sram.gen_bank\[12\].gen_512.u_macro/dout0[18]
 i_soc.i_ai_sram.u_sram.gen_bank\[12\].gen_512.u_macro/dout0[19]
 i_soc.i_ai_sram.u_sram.gen_bank\[12\].gen_512.u_macro/dout0[1]
 i_soc.i_ai_sram.u_sram.gen_bank\[12\].gen_512.u_macro/dout0[20]
 i_soc.i_ai_sram.u_sram.gen_bank\[12\].gen_512.u_macro/dout0[21]
 i_soc.i_ai_sram.u_sram.gen_bank\[12\].gen_512.u_macro/dout0[22]
 i_soc.i_ai_sram.u_sram.gen_bank\[12\].gen_512.u_macro/dout0[23]
 i_soc.i_ai_sram.u_sram.gen_bank\[12\].gen_512.u_macro/dout0[24]
 i_soc.i_ai_sram.u_sram.gen_bank\[12\].gen_512.u_macro/dout0[25]
 i_soc.i_ai_sram.u_sram.gen_bank\[12\].gen_512.u_macro/dout0[26]
 i_soc.i_ai_sram.u_sram.gen_bank\[12\].gen_512.u_macro/dout0[27]
 i_soc.i_ai_sram.u_sram.gen_bank\[12\].gen_512.u_macro/dout0[28]
 i_soc.i_ai_sram.u_sram.gen_bank\[12\].gen_512.u_macro/dout0[29]
 i_soc.i_ai_sram.u_sram.gen_bank\[12\].gen_512.u_macro/dout0[2]
 i_soc.i_ai_sram.u_sram.gen_bank\[12\].gen_512.u_macro/dout0[30]
 i_soc.i_ai_sram.u_sram.gen_bank\[12\].gen_512.u_macro/dout0[31]
 i_soc.i_ai_sram.u_sram.gen_bank\[12\].gen_512.u_macro/dout0[3]
 i_soc.i_ai_sram.u_sram.gen_bank\[12\].gen_512.u_macro/dout0[4]
 i_soc.i_ai_sram.u_sram.gen_bank\[12\].gen_512.u_macro/dout0[5]
 i_soc.i_ai_sram.u_sram.gen_bank\[12\].gen_512.u_macro/dout0[6]
 i_soc.i_ai_sram.u_sram.gen_bank\[12\].gen_512.u_macro/dout0[7]
 i_soc.i_ai_sram.u_sram.gen_bank\[12\].gen_512.u_macro/dout0[8]
 i_soc.i_ai_sram.u_sram.gen_bank\[12\].gen_512.u_macro/dout0[9]
 i_soc.i_ai_sram.u_sram.gen_bank\[12\].gen_512.u_macro_8130/HI
 i_soc.i_ai_sram.u_sram.gen_bank\[13\].gen_512.u_macro/dout0[0]
 i_soc.i_ai_sram.u_sram.gen_bank\[13\].gen_512.u_macro/dout0[10]
 i_soc.i_ai_sram.u_sram.gen_bank\[13\].gen_512.u_macro/dout0[11]
 i_soc.i_ai_sram.u_sram.gen_bank\[13\].gen_512.u_macro/dout0[12]
 i_soc.i_ai_sram.u_sram.gen_bank\[13\].gen_512.u_macro/dout0[13]
 i_soc.i_ai_sram.u_sram.gen_bank\[13\].gen_512.u_macro/dout0[14]
 i_soc.i_ai_sram.u_sram.gen_bank\[13\].gen_512.u_macro/dout0[15]
 i_soc.i_ai_sram.u_sram.gen_bank\[13\].gen_512.u_macro/dout0[16]
 i_soc.i_ai_sram.u_sram.gen_bank\[13\].gen_512.u_macro/dout0[17]
 i_soc.i_ai_sram.u_sram.gen_bank\[13\].gen_512.u_macro/dout0[18]
 i_soc.i_ai_sram.u_sram.gen_bank\[13\].gen_512.u_macro/dout0[19]
 i_soc.i_ai_sram.u_sram.gen_bank\[13\].gen_512.u_macro/dout0[1]
 i_soc.i_ai_sram.u_sram.gen_bank\[13\].gen_512.u_macro/dout0[20]
 i_soc.i_ai_sram.u_sram.gen_bank\[13\].gen_512.u_macro/dout0[21]
 i_soc.i_ai_sram.u_sram.gen_bank\[13\].gen_512.u_macro/dout0[22]
 i_soc.i_ai_sram.u_sram.gen_bank\[13\].gen_512.u_macro/dout0[23]
 i_soc.i_ai_sram.u_sram.gen_bank\[13\].gen_512.u_macro/dout0[24]
 i_soc.i_ai_sram.u_sram.gen_bank\[13\].gen_512.u_macro/dout0[25]
 i_soc.i_ai_sram.u_sram.gen_bank\[13\].gen_512.u_macro/dout0[26]
 i_soc.i_ai_sram.u_sram.gen_bank\[13\].gen_512.u_macro/dout0[27]
 i_soc.i_ai_sram.u_sram.gen_bank\[13\].gen_512.u_macro/dout0[28]
 i_soc.i_ai_sram.u_sram.gen_bank\[13\].gen_512.u_macro/dout0[29]
 i_soc.i_ai_sram.u_sram.gen_bank\[13\].gen_512.u_macro/dout0[2]
 i_soc.i_ai_sram.u_sram.gen_bank\[13\].gen_512.u_macro/dout0[30]
 i_soc.i_ai_sram.u_sram.gen_bank\[13\].gen_512.u_macro/dout0[31]
 i_soc.i_ai_sram.u_sram.gen_bank\[13\].gen_512.u_macro/dout0[3]
 i_soc.i_ai_sram.u_sram.gen_bank\[13\].gen_512.u_macro/dout0[4]
 i_soc.i_ai_sram.u_sram.gen_bank\[13\].gen_512.u_macro/dout0[5]
 i_soc.i_ai_sram.u_sram.gen_bank\[13\].gen_512.u_macro/dout0[6]
 i_soc.i_ai_sram.u_sram.gen_bank\[13\].gen_512.u_macro/dout0[7]
 i_soc.i_ai_sram.u_sram.gen_bank\[13\].gen_512.u_macro/dout0[8]
 i_soc.i_ai_sram.u_sram.gen_bank\[13\].gen_512.u_macro/dout0[9]
 i_soc.i_ai_sram.u_sram.gen_bank\[13\].gen_512.u_macro_8131/HI
 i_soc.i_ai_sram.u_sram.gen_bank\[14\].gen_512.u_macro/dout0[0]
 i_soc.i_ai_sram.u_sram.gen_bank\[14\].gen_512.u_macro/dout0[10]
 i_soc.i_ai_sram.u_sram.gen_bank\[14\].gen_512.u_macro/dout0[11]
 i_soc.i_ai_sram.u_sram.gen_bank\[14\].gen_512.u_macro/dout0[12]
 i_soc.i_ai_sram.u_sram.gen_bank\[14\].gen_512.u_macro/dout0[13]
 i_soc.i_ai_sram.u_sram.gen_bank\[14\].gen_512.u_macro/dout0[14]
 i_soc.i_ai_sram.u_sram.gen_bank\[14\].gen_512.u_macro/dout0[15]
 i_soc.i_ai_sram.u_sram.gen_bank\[14\].gen_512.u_macro/dout0[16]
 i_soc.i_ai_sram.u_sram.gen_bank\[14\].gen_512.u_macro/dout0[17]
 i_soc.i_ai_sram.u_sram.gen_bank\[14\].gen_512.u_macro/dout0[18]
 i_soc.i_ai_sram.u_sram.gen_bank\[14\].gen_512.u_macro/dout0[19]
 i_soc.i_ai_sram.u_sram.gen_bank\[14\].gen_512.u_macro/dout0[1]
 i_soc.i_ai_sram.u_sram.gen_bank\[14\].gen_512.u_macro/dout0[20]
 i_soc.i_ai_sram.u_sram.gen_bank\[14\].gen_512.u_macro/dout0[21]
 i_soc.i_ai_sram.u_sram.gen_bank\[14\].gen_512.u_macro/dout0[22]
 i_soc.i_ai_sram.u_sram.gen_bank\[14\].gen_512.u_macro/dout0[23]
 i_soc.i_ai_sram.u_sram.gen_bank\[14\].gen_512.u_macro/dout0[24]
 i_soc.i_ai_sram.u_sram.gen_bank\[14\].gen_512.u_macro/dout0[25]
 i_soc.i_ai_sram.u_sram.gen_bank\[14\].gen_512.u_macro/dout0[26]
 i_soc.i_ai_sram.u_sram.gen_bank\[14\].gen_512.u_macro/dout0[27]
 i_soc.i_ai_sram.u_sram.gen_bank\[14\].gen_512.u_macro/dout0[28]
 i_soc.i_ai_sram.u_sram.gen_bank\[14\].gen_512.u_macro/dout0[29]
 i_soc.i_ai_sram.u_sram.gen_bank\[14\].gen_512.u_macro/dout0[2]
 i_soc.i_ai_sram.u_sram.gen_bank\[14\].gen_512.u_macro/dout0[30]
 i_soc.i_ai_sram.u_sram.gen_bank\[14\].gen_512.u_macro/dout0[31]
 i_soc.i_ai_sram.u_sram.gen_bank\[14\].gen_512.u_macro/dout0[3]
 i_soc.i_ai_sram.u_sram.gen_bank\[14\].gen_512.u_macro/dout0[4]
 i_soc.i_ai_sram.u_sram.gen_bank\[14\].gen_512.u_macro/dout0[5]
 i_soc.i_ai_sram.u_sram.gen_bank\[14\].gen_512.u_macro/dout0[6]
 i_soc.i_ai_sram.u_sram.gen_bank\[14\].gen_512.u_macro/dout0[7]
 i_soc.i_ai_sram.u_sram.gen_bank\[14\].gen_512.u_macro/dout0[8]
 i_soc.i_ai_sram.u_sram.gen_bank\[14\].gen_512.u_macro/dout0[9]
 i_soc.i_ai_sram.u_sram.gen_bank\[14\].gen_512.u_macro_8132/HI
 i_soc.i_ai_sram.u_sram.gen_bank\[1\].gen_512.u_macro/dout0[0]
 i_soc.i_ai_sram.u_sram.gen_bank\[1\].gen_512.u_macro/dout0[10]
 i_soc.i_ai_sram.u_sram.gen_bank\[1\].gen_512.u_macro/dout0[11]
 i_soc.i_ai_sram.u_sram.gen_bank\[1\].gen_512.u_macro/dout0[12]
 i_soc.i_ai_sram.u_sram.gen_bank\[1\].gen_512.u_macro/dout0[13]
 i_soc.i_ai_sram.u_sram.gen_bank\[1\].gen_512.u_macro/dout0[14]
 i_soc.i_ai_sram.u_sram.gen_bank\[1\].gen_512.u_macro/dout0[15]
 i_soc.i_ai_sram.u_sram.gen_bank\[1\].gen_512.u_macro/dout0[16]
 i_soc.i_ai_sram.u_sram.gen_bank\[1\].gen_512.u_macro/dout0[17]
 i_soc.i_ai_sram.u_sram.gen_bank\[1\].gen_512.u_macro/dout0[18]
 i_soc.i_ai_sram.u_sram.gen_bank\[1\].gen_512.u_macro/dout0[19]
 i_soc.i_ai_sram.u_sram.gen_bank\[1\].gen_512.u_macro/dout0[1]
 i_soc.i_ai_sram.u_sram.gen_bank\[1\].gen_512.u_macro/dout0[20]
 i_soc.i_ai_sram.u_sram.gen_bank\[1\].gen_512.u_macro/dout0[21]
 i_soc.i_ai_sram.u_sram.gen_bank\[1\].gen_512.u_macro/dout0[22]
 i_soc.i_ai_sram.u_sram.gen_bank\[1\].gen_512.u_macro/dout0[23]
 i_soc.i_ai_sram.u_sram.gen_bank\[1\].gen_512.u_macro/dout0[24]
 i_soc.i_ai_sram.u_sram.gen_bank\[1\].gen_512.u_macro/dout0[25]
 i_soc.i_ai_sram.u_sram.gen_bank\[1\].gen_512.u_macro/dout0[26]
 i_soc.i_ai_sram.u_sram.gen_bank\[1\].gen_512.u_macro/dout0[27]
 i_soc.i_ai_sram.u_sram.gen_bank\[1\].gen_512.u_macro/dout0[28]
 i_soc.i_ai_sram.u_sram.gen_bank\[1\].gen_512.u_macro/dout0[29]
 i_soc.i_ai_sram.u_sram.gen_bank\[1\].gen_512.u_macro/dout0[2]
 i_soc.i_ai_sram.u_sram.gen_bank\[1\].gen_512.u_macro/dout0[30]
 i_soc.i_ai_sram.u_sram.gen_bank\[1\].gen_512.u_macro/dout0[31]
 i_soc.i_ai_sram.u_sram.gen_bank\[1\].gen_512.u_macro/dout0[3]
 i_soc.i_ai_sram.u_sram.gen_bank\[1\].gen_512.u_macro/dout0[4]
 i_soc.i_ai_sram.u_sram.gen_bank\[1\].gen_512.u_macro/dout0[5]
 i_soc.i_ai_sram.u_sram.gen_bank\[1\].gen_512.u_macro/dout0[6]
 i_soc.i_ai_sram.u_sram.gen_bank\[1\].gen_512.u_macro/dout0[7]
 i_soc.i_ai_sram.u_sram.gen_bank\[1\].gen_512.u_macro/dout0[8]
 i_soc.i_ai_sram.u_sram.gen_bank\[1\].gen_512.u_macro/dout0[9]
 i_soc.i_ai_sram.u_sram.gen_bank\[1\].gen_512.u_macro_8133/HI
 i_soc.i_ai_sram.u_sram.gen_bank\[2\].gen_512.u_macro/dout0[0]
 i_soc.i_ai_sram.u_sram.gen_bank\[2\].gen_512.u_macro/dout0[10]
 i_soc.i_ai_sram.u_sram.gen_bank\[2\].gen_512.u_macro/dout0[11]
 i_soc.i_ai_sram.u_sram.gen_bank\[2\].gen_512.u_macro/dout0[12]
 i_soc.i_ai_sram.u_sram.gen_bank\[2\].gen_512.u_macro/dout0[13]
 i_soc.i_ai_sram.u_sram.gen_bank\[2\].gen_512.u_macro/dout0[14]
 i_soc.i_ai_sram.u_sram.gen_bank\[2\].gen_512.u_macro/dout0[15]
 i_soc.i_ai_sram.u_sram.gen_bank\[2\].gen_512.u_macro/dout0[16]
 i_soc.i_ai_sram.u_sram.gen_bank\[2\].gen_512.u_macro/dout0[17]
 i_soc.i_ai_sram.u_sram.gen_bank\[2\].gen_512.u_macro/dout0[18]
 i_soc.i_ai_sram.u_sram.gen_bank\[2\].gen_512.u_macro/dout0[19]
 i_soc.i_ai_sram.u_sram.gen_bank\[2\].gen_512.u_macro/dout0[1]
 i_soc.i_ai_sram.u_sram.gen_bank\[2\].gen_512.u_macro/dout0[20]
 i_soc.i_ai_sram.u_sram.gen_bank\[2\].gen_512.u_macro/dout0[21]
 i_soc.i_ai_sram.u_sram.gen_bank\[2\].gen_512.u_macro/dout0[22]
 i_soc.i_ai_sram.u_sram.gen_bank\[2\].gen_512.u_macro/dout0[23]
 i_soc.i_ai_sram.u_sram.gen_bank\[2\].gen_512.u_macro/dout0[24]
 i_soc.i_ai_sram.u_sram.gen_bank\[2\].gen_512.u_macro/dout0[25]
 i_soc.i_ai_sram.u_sram.gen_bank\[2\].gen_512.u_macro/dout0[26]
 i_soc.i_ai_sram.u_sram.gen_bank\[2\].gen_512.u_macro/dout0[27]
 i_soc.i_ai_sram.u_sram.gen_bank\[2\].gen_512.u_macro/dout0[28]
 i_soc.i_ai_sram.u_sram.gen_bank\[2\].gen_512.u_macro/dout0[29]
 i_soc.i_ai_sram.u_sram.gen_bank\[2\].gen_512.u_macro/dout0[2]
 i_soc.i_ai_sram.u_sram.gen_bank\[2\].gen_512.u_macro/dout0[30]
 i_soc.i_ai_sram.u_sram.gen_bank\[2\].gen_512.u_macro/dout0[31]
 i_soc.i_ai_sram.u_sram.gen_bank\[2\].gen_512.u_macro/dout0[3]
 i_soc.i_ai_sram.u_sram.gen_bank\[2\].gen_512.u_macro/dout0[4]
 i_soc.i_ai_sram.u_sram.gen_bank\[2\].gen_512.u_macro/dout0[5]
 i_soc.i_ai_sram.u_sram.gen_bank\[2\].gen_512.u_macro/dout0[6]
 i_soc.i_ai_sram.u_sram.gen_bank\[2\].gen_512.u_macro/dout0[7]
 i_soc.i_ai_sram.u_sram.gen_bank\[2\].gen_512.u_macro/dout0[8]
 i_soc.i_ai_sram.u_sram.gen_bank\[2\].gen_512.u_macro/dout0[9]
 i_soc.i_ai_sram.u_sram.gen_bank\[2\].gen_512.u_macro_8134/HI
 i_soc.i_ai_sram.u_sram.gen_bank\[3\].gen_512.u_macro/dout0[0]
 i_soc.i_ai_sram.u_sram.gen_bank\[3\].gen_512.u_macro/dout0[10]
 i_soc.i_ai_sram.u_sram.gen_bank\[3\].gen_512.u_macro/dout0[11]
 i_soc.i_ai_sram.u_sram.gen_bank\[3\].gen_512.u_macro/dout0[12]
 i_soc.i_ai_sram.u_sram.gen_bank\[3\].gen_512.u_macro/dout0[13]
 i_soc.i_ai_sram.u_sram.gen_bank\[3\].gen_512.u_macro/dout0[14]
 i_soc.i_ai_sram.u_sram.gen_bank\[3\].gen_512.u_macro/dout0[15]
 i_soc.i_ai_sram.u_sram.gen_bank\[3\].gen_512.u_macro/dout0[16]
 i_soc.i_ai_sram.u_sram.gen_bank\[3\].gen_512.u_macro/dout0[17]
 i_soc.i_ai_sram.u_sram.gen_bank\[3\].gen_512.u_macro/dout0[18]
 i_soc.i_ai_sram.u_sram.gen_bank\[3\].gen_512.u_macro/dout0[19]
 i_soc.i_ai_sram.u_sram.gen_bank\[3\].gen_512.u_macro/dout0[1]
 i_soc.i_ai_sram.u_sram.gen_bank\[3\].gen_512.u_macro/dout0[20]
 i_soc.i_ai_sram.u_sram.gen_bank\[3\].gen_512.u_macro/dout0[21]
 i_soc.i_ai_sram.u_sram.gen_bank\[3\].gen_512.u_macro/dout0[22]
 i_soc.i_ai_sram.u_sram.gen_bank\[3\].gen_512.u_macro/dout0[23]
 i_soc.i_ai_sram.u_sram.gen_bank\[3\].gen_512.u_macro/dout0[24]
 i_soc.i_ai_sram.u_sram.gen_bank\[3\].gen_512.u_macro/dout0[25]
 i_soc.i_ai_sram.u_sram.gen_bank\[3\].gen_512.u_macro/dout0[26]
 i_soc.i_ai_sram.u_sram.gen_bank\[3\].gen_512.u_macro/dout0[27]
 i_soc.i_ai_sram.u_sram.gen_bank\[3\].gen_512.u_macro/dout0[28]
 i_soc.i_ai_sram.u_sram.gen_bank\[3\].gen_512.u_macro/dout0[29]
 i_soc.i_ai_sram.u_sram.gen_bank\[3\].gen_512.u_macro/dout0[2]
 i_soc.i_ai_sram.u_sram.gen_bank\[3\].gen_512.u_macro/dout0[30]
 i_soc.i_ai_sram.u_sram.gen_bank\[3\].gen_512.u_macro/dout0[31]
 i_soc.i_ai_sram.u_sram.gen_bank\[3\].gen_512.u_macro/dout0[3]
 i_soc.i_ai_sram.u_sram.gen_bank\[3\].gen_512.u_macro/dout0[4]
 i_soc.i_ai_sram.u_sram.gen_bank\[3\].gen_512.u_macro/dout0[5]
 i_soc.i_ai_sram.u_sram.gen_bank\[3\].gen_512.u_macro/dout0[6]
 i_soc.i_ai_sram.u_sram.gen_bank\[3\].gen_512.u_macro/dout0[7]
 i_soc.i_ai_sram.u_sram.gen_bank\[3\].gen_512.u_macro/dout0[8]
 i_soc.i_ai_sram.u_sram.gen_bank\[3\].gen_512.u_macro/dout0[9]
 i_soc.i_ai_sram.u_sram.gen_bank\[3\].gen_512.u_macro_8135/HI
 i_soc.i_ai_sram.u_sram.gen_bank\[4\].gen_512.u_macro/dout0[0]
 i_soc.i_ai_sram.u_sram.gen_bank\[4\].gen_512.u_macro/dout0[10]
 i_soc.i_ai_sram.u_sram.gen_bank\[4\].gen_512.u_macro/dout0[11]
 i_soc.i_ai_sram.u_sram.gen_bank\[4\].gen_512.u_macro/dout0[12]
 i_soc.i_ai_sram.u_sram.gen_bank\[4\].gen_512.u_macro/dout0[13]
 i_soc.i_ai_sram.u_sram.gen_bank\[4\].gen_512.u_macro/dout0[14]
 i_soc.i_ai_sram.u_sram.gen_bank\[4\].gen_512.u_macro/dout0[15]
 i_soc.i_ai_sram.u_sram.gen_bank\[4\].gen_512.u_macro/dout0[16]
 i_soc.i_ai_sram.u_sram.gen_bank\[4\].gen_512.u_macro/dout0[17]
 i_soc.i_ai_sram.u_sram.gen_bank\[4\].gen_512.u_macro/dout0[18]
 i_soc.i_ai_sram.u_sram.gen_bank\[4\].gen_512.u_macro/dout0[19]
 i_soc.i_ai_sram.u_sram.gen_bank\[4\].gen_512.u_macro/dout0[1]
 i_soc.i_ai_sram.u_sram.gen_bank\[4\].gen_512.u_macro/dout0[20]
 i_soc.i_ai_sram.u_sram.gen_bank\[4\].gen_512.u_macro/dout0[21]
 i_soc.i_ai_sram.u_sram.gen_bank\[4\].gen_512.u_macro/dout0[22]
 i_soc.i_ai_sram.u_sram.gen_bank\[4\].gen_512.u_macro/dout0[23]
 i_soc.i_ai_sram.u_sram.gen_bank\[4\].gen_512.u_macro/dout0[24]
 i_soc.i_ai_sram.u_sram.gen_bank\[4\].gen_512.u_macro/dout0[25]
 i_soc.i_ai_sram.u_sram.gen_bank\[4\].gen_512.u_macro/dout0[26]
 i_soc.i_ai_sram.u_sram.gen_bank\[4\].gen_512.u_macro/dout0[27]
 i_soc.i_ai_sram.u_sram.gen_bank\[4\].gen_512.u_macro/dout0[28]
 i_soc.i_ai_sram.u_sram.gen_bank\[4\].gen_512.u_macro/dout0[29]
 i_soc.i_ai_sram.u_sram.gen_bank\[4\].gen_512.u_macro/dout0[2]
 i_soc.i_ai_sram.u_sram.gen_bank\[4\].gen_512.u_macro/dout0[30]
 i_soc.i_ai_sram.u_sram.gen_bank\[4\].gen_512.u_macro/dout0[31]
 i_soc.i_ai_sram.u_sram.gen_bank\[4\].gen_512.u_macro/dout0[3]
 i_soc.i_ai_sram.u_sram.gen_bank\[4\].gen_512.u_macro/dout0[4]
 i_soc.i_ai_sram.u_sram.gen_bank\[4\].gen_512.u_macro/dout0[5]
 i_soc.i_ai_sram.u_sram.gen_bank\[4\].gen_512.u_macro/dout0[6]
 i_soc.i_ai_sram.u_sram.gen_bank\[4\].gen_512.u_macro/dout0[7]
 i_soc.i_ai_sram.u_sram.gen_bank\[4\].gen_512.u_macro/dout0[8]
 i_soc.i_ai_sram.u_sram.gen_bank\[4\].gen_512.u_macro/dout0[9]
 i_soc.i_ai_sram.u_sram.gen_bank\[4\].gen_512.u_macro_8136/HI
 i_soc.i_ai_sram.u_sram.gen_bank\[5\].gen_512.u_macro/dout0[0]
 i_soc.i_ai_sram.u_sram.gen_bank\[5\].gen_512.u_macro/dout0[10]
 i_soc.i_ai_sram.u_sram.gen_bank\[5\].gen_512.u_macro/dout0[11]
 i_soc.i_ai_sram.u_sram.gen_bank\[5\].gen_512.u_macro/dout0[12]
 i_soc.i_ai_sram.u_sram.gen_bank\[5\].gen_512.u_macro/dout0[13]
 i_soc.i_ai_sram.u_sram.gen_bank\[5\].gen_512.u_macro/dout0[14]
 i_soc.i_ai_sram.u_sram.gen_bank\[5\].gen_512.u_macro/dout0[15]
 i_soc.i_ai_sram.u_sram.gen_bank\[5\].gen_512.u_macro/dout0[16]
 i_soc.i_ai_sram.u_sram.gen_bank\[5\].gen_512.u_macro/dout0[17]
 i_soc.i_ai_sram.u_sram.gen_bank\[5\].gen_512.u_macro/dout0[18]
 i_soc.i_ai_sram.u_sram.gen_bank\[5\].gen_512.u_macro/dout0[19]
 i_soc.i_ai_sram.u_sram.gen_bank\[5\].gen_512.u_macro/dout0[1]
 i_soc.i_ai_sram.u_sram.gen_bank\[5\].gen_512.u_macro/dout0[20]
 i_soc.i_ai_sram.u_sram.gen_bank\[5\].gen_512.u_macro/dout0[21]
 i_soc.i_ai_sram.u_sram.gen_bank\[5\].gen_512.u_macro/dout0[22]
 i_soc.i_ai_sram.u_sram.gen_bank\[5\].gen_512.u_macro/dout0[23]
 i_soc.i_ai_sram.u_sram.gen_bank\[5\].gen_512.u_macro/dout0[24]
 i_soc.i_ai_sram.u_sram.gen_bank\[5\].gen_512.u_macro/dout0[25]
 i_soc.i_ai_sram.u_sram.gen_bank\[5\].gen_512.u_macro/dout0[26]
 i_soc.i_ai_sram.u_sram.gen_bank\[5\].gen_512.u_macro/dout0[27]
 i_soc.i_ai_sram.u_sram.gen_bank\[5\].gen_512.u_macro/dout0[28]
 i_soc.i_ai_sram.u_sram.gen_bank\[5\].gen_512.u_macro/dout0[29]
 i_soc.i_ai_sram.u_sram.gen_bank\[5\].gen_512.u_macro/dout0[2]
 i_soc.i_ai_sram.u_sram.gen_bank\[5\].gen_512.u_macro/dout0[30]
 i_soc.i_ai_sram.u_sram.gen_bank\[5\].gen_512.u_macro/dout0[31]
 i_soc.i_ai_sram.u_sram.gen_bank\[5\].gen_512.u_macro/dout0[3]
 i_soc.i_ai_sram.u_sram.gen_bank\[5\].gen_512.u_macro/dout0[4]
 i_soc.i_ai_sram.u_sram.gen_bank\[5\].gen_512.u_macro/dout0[5]
 i_soc.i_ai_sram.u_sram.gen_bank\[5\].gen_512.u_macro/dout0[6]
 i_soc.i_ai_sram.u_sram.gen_bank\[5\].gen_512.u_macro/dout0[7]
 i_soc.i_ai_sram.u_sram.gen_bank\[5\].gen_512.u_macro/dout0[8]
 i_soc.i_ai_sram.u_sram.gen_bank\[5\].gen_512.u_macro/dout0[9]
 i_soc.i_ai_sram.u_sram.gen_bank\[5\].gen_512.u_macro_8137/HI
 i_soc.i_ai_sram.u_sram.gen_bank\[6\].gen_512.u_macro/dout0[0]
 i_soc.i_ai_sram.u_sram.gen_bank\[6\].gen_512.u_macro/dout0[10]
 i_soc.i_ai_sram.u_sram.gen_bank\[6\].gen_512.u_macro/dout0[11]
 i_soc.i_ai_sram.u_sram.gen_bank\[6\].gen_512.u_macro/dout0[12]
 i_soc.i_ai_sram.u_sram.gen_bank\[6\].gen_512.u_macro/dout0[13]
 i_soc.i_ai_sram.u_sram.gen_bank\[6\].gen_512.u_macro/dout0[14]
 i_soc.i_ai_sram.u_sram.gen_bank\[6\].gen_512.u_macro/dout0[15]
 i_soc.i_ai_sram.u_sram.gen_bank\[6\].gen_512.u_macro/dout0[16]
 i_soc.i_ai_sram.u_sram.gen_bank\[6\].gen_512.u_macro/dout0[17]
 i_soc.i_ai_sram.u_sram.gen_bank\[6\].gen_512.u_macro/dout0[18]
 i_soc.i_ai_sram.u_sram.gen_bank\[6\].gen_512.u_macro/dout0[19]
 i_soc.i_ai_sram.u_sram.gen_bank\[6\].gen_512.u_macro/dout0[1]
 i_soc.i_ai_sram.u_sram.gen_bank\[6\].gen_512.u_macro/dout0[20]
 i_soc.i_ai_sram.u_sram.gen_bank\[6\].gen_512.u_macro/dout0[21]
 i_soc.i_ai_sram.u_sram.gen_bank\[6\].gen_512.u_macro/dout0[22]
 i_soc.i_ai_sram.u_sram.gen_bank\[6\].gen_512.u_macro/dout0[23]
 i_soc.i_ai_sram.u_sram.gen_bank\[6\].gen_512.u_macro/dout0[24]
 i_soc.i_ai_sram.u_sram.gen_bank\[6\].gen_512.u_macro/dout0[25]
 i_soc.i_ai_sram.u_sram.gen_bank\[6\].gen_512.u_macro/dout0[26]
 i_soc.i_ai_sram.u_sram.gen_bank\[6\].gen_512.u_macro/dout0[27]
 i_soc.i_ai_sram.u_sram.gen_bank\[6\].gen_512.u_macro/dout0[28]
 i_soc.i_ai_sram.u_sram.gen_bank\[6\].gen_512.u_macro/dout0[29]
 i_soc.i_ai_sram.u_sram.gen_bank\[6\].gen_512.u_macro/dout0[2]
 i_soc.i_ai_sram.u_sram.gen_bank\[6\].gen_512.u_macro/dout0[30]
 i_soc.i_ai_sram.u_sram.gen_bank\[6\].gen_512.u_macro/dout0[31]
 i_soc.i_ai_sram.u_sram.gen_bank\[6\].gen_512.u_macro/dout0[3]
 i_soc.i_ai_sram.u_sram.gen_bank\[6\].gen_512.u_macro/dout0[4]
 i_soc.i_ai_sram.u_sram.gen_bank\[6\].gen_512.u_macro/dout0[5]
 i_soc.i_ai_sram.u_sram.gen_bank\[6\].gen_512.u_macro/dout0[6]
 i_soc.i_ai_sram.u_sram.gen_bank\[6\].gen_512.u_macro/dout0[7]
 i_soc.i_ai_sram.u_sram.gen_bank\[6\].gen_512.u_macro/dout0[8]
 i_soc.i_ai_sram.u_sram.gen_bank\[6\].gen_512.u_macro/dout0[9]
 i_soc.i_ai_sram.u_sram.gen_bank\[6\].gen_512.u_macro_8138/HI
 i_soc.i_ai_sram.u_sram.gen_bank\[7\].gen_512.u_macro/dout0[0]
 i_soc.i_ai_sram.u_sram.gen_bank\[7\].gen_512.u_macro/dout0[10]
 i_soc.i_ai_sram.u_sram.gen_bank\[7\].gen_512.u_macro/dout0[11]
 i_soc.i_ai_sram.u_sram.gen_bank\[7\].gen_512.u_macro/dout0[12]
 i_soc.i_ai_sram.u_sram.gen_bank\[7\].gen_512.u_macro/dout0[13]
 i_soc.i_ai_sram.u_sram.gen_bank\[7\].gen_512.u_macro/dout0[14]
 i_soc.i_ai_sram.u_sram.gen_bank\[7\].gen_512.u_macro/dout0[15]
 i_soc.i_ai_sram.u_sram.gen_bank\[7\].gen_512.u_macro/dout0[16]
 i_soc.i_ai_sram.u_sram.gen_bank\[7\].gen_512.u_macro/dout0[17]
 i_soc.i_ai_sram.u_sram.gen_bank\[7\].gen_512.u_macro/dout0[18]
 i_soc.i_ai_sram.u_sram.gen_bank\[7\].gen_512.u_macro/dout0[19]
 i_soc.i_ai_sram.u_sram.gen_bank\[7\].gen_512.u_macro/dout0[1]
 i_soc.i_ai_sram.u_sram.gen_bank\[7\].gen_512.u_macro/dout0[20]
 i_soc.i_ai_sram.u_sram.gen_bank\[7\].gen_512.u_macro/dout0[21]
 i_soc.i_ai_sram.u_sram.gen_bank\[7\].gen_512.u_macro/dout0[22]
 i_soc.i_ai_sram.u_sram.gen_bank\[7\].gen_512.u_macro/dout0[23]
 i_soc.i_ai_sram.u_sram.gen_bank\[7\].gen_512.u_macro/dout0[24]
 i_soc.i_ai_sram.u_sram.gen_bank\[7\].gen_512.u_macro/dout0[25]
 i_soc.i_ai_sram.u_sram.gen_bank\[7\].gen_512.u_macro/dout0[26]
 i_soc.i_ai_sram.u_sram.gen_bank\[7\].gen_512.u_macro/dout0[27]
 i_soc.i_ai_sram.u_sram.gen_bank\[7\].gen_512.u_macro/dout0[28]
 i_soc.i_ai_sram.u_sram.gen_bank\[7\].gen_512.u_macro/dout0[29]
 i_soc.i_ai_sram.u_sram.gen_bank\[7\].gen_512.u_macro/dout0[2]
 i_soc.i_ai_sram.u_sram.gen_bank\[7\].gen_512.u_macro/dout0[30]
 i_soc.i_ai_sram.u_sram.gen_bank\[7\].gen_512.u_macro/dout0[31]
 i_soc.i_ai_sram.u_sram.gen_bank\[7\].gen_512.u_macro/dout0[3]
 i_soc.i_ai_sram.u_sram.gen_bank\[7\].gen_512.u_macro/dout0[4]
 i_soc.i_ai_sram.u_sram.gen_bank\[7\].gen_512.u_macro/dout0[5]
 i_soc.i_ai_sram.u_sram.gen_bank\[7\].gen_512.u_macro/dout0[6]
 i_soc.i_ai_sram.u_sram.gen_bank\[7\].gen_512.u_macro/dout0[7]
 i_soc.i_ai_sram.u_sram.gen_bank\[7\].gen_512.u_macro/dout0[8]
 i_soc.i_ai_sram.u_sram.gen_bank\[7\].gen_512.u_macro/dout0[9]
 i_soc.i_ai_sram.u_sram.gen_bank\[7\].gen_512.u_macro_8139/HI
 i_soc.i_ai_sram.u_sram.gen_bank\[8\].gen_512.u_macro/dout0[0]
 i_soc.i_ai_sram.u_sram.gen_bank\[8\].gen_512.u_macro/dout0[10]
 i_soc.i_ai_sram.u_sram.gen_bank\[8\].gen_512.u_macro/dout0[11]
 i_soc.i_ai_sram.u_sram.gen_bank\[8\].gen_512.u_macro/dout0[12]
 i_soc.i_ai_sram.u_sram.gen_bank\[8\].gen_512.u_macro/dout0[13]
 i_soc.i_ai_sram.u_sram.gen_bank\[8\].gen_512.u_macro/dout0[14]
 i_soc.i_ai_sram.u_sram.gen_bank\[8\].gen_512.u_macro/dout0[15]
 i_soc.i_ai_sram.u_sram.gen_bank\[8\].gen_512.u_macro/dout0[16]
 i_soc.i_ai_sram.u_sram.gen_bank\[8\].gen_512.u_macro/dout0[17]
 i_soc.i_ai_sram.u_sram.gen_bank\[8\].gen_512.u_macro/dout0[18]
 i_soc.i_ai_sram.u_sram.gen_bank\[8\].gen_512.u_macro/dout0[19]
 i_soc.i_ai_sram.u_sram.gen_bank\[8\].gen_512.u_macro/dout0[1]
 i_soc.i_ai_sram.u_sram.gen_bank\[8\].gen_512.u_macro/dout0[20]
 i_soc.i_ai_sram.u_sram.gen_bank\[8\].gen_512.u_macro/dout0[21]
 i_soc.i_ai_sram.u_sram.gen_bank\[8\].gen_512.u_macro/dout0[22]
 i_soc.i_ai_sram.u_sram.gen_bank\[8\].gen_512.u_macro/dout0[23]
 i_soc.i_ai_sram.u_sram.gen_bank\[8\].gen_512.u_macro/dout0[24]
 i_soc.i_ai_sram.u_sram.gen_bank\[8\].gen_512.u_macro/dout0[25]
 i_soc.i_ai_sram.u_sram.gen_bank\[8\].gen_512.u_macro/dout0[26]
 i_soc.i_ai_sram.u_sram.gen_bank\[8\].gen_512.u_macro/dout0[27]
 i_soc.i_ai_sram.u_sram.gen_bank\[8\].gen_512.u_macro/dout0[28]
 i_soc.i_ai_sram.u_sram.gen_bank\[8\].gen_512.u_macro/dout0[29]
 i_soc.i_ai_sram.u_sram.gen_bank\[8\].gen_512.u_macro/dout0[2]
 i_soc.i_ai_sram.u_sram.gen_bank\[8\].gen_512.u_macro/dout0[30]
 i_soc.i_ai_sram.u_sram.gen_bank\[8\].gen_512.u_macro/dout0[31]
 i_soc.i_ai_sram.u_sram.gen_bank\[8\].gen_512.u_macro/dout0[3]
 i_soc.i_ai_sram.u_sram.gen_bank\[8\].gen_512.u_macro/dout0[4]
 i_soc.i_ai_sram.u_sram.gen_bank\[8\].gen_512.u_macro/dout0[5]
 i_soc.i_ai_sram.u_sram.gen_bank\[8\].gen_512.u_macro/dout0[6]
 i_soc.i_ai_sram.u_sram.gen_bank\[8\].gen_512.u_macro/dout0[7]
 i_soc.i_ai_sram.u_sram.gen_bank\[8\].gen_512.u_macro/dout0[8]
 i_soc.i_ai_sram.u_sram.gen_bank\[8\].gen_512.u_macro/dout0[9]
 i_soc.i_ai_sram.u_sram.gen_bank\[8\].gen_512.u_macro_8140/HI
 i_soc.i_ai_sram.u_sram.gen_bank\[9\].gen_512.u_macro/dout0[0]
 i_soc.i_ai_sram.u_sram.gen_bank\[9\].gen_512.u_macro/dout0[10]
 i_soc.i_ai_sram.u_sram.gen_bank\[9\].gen_512.u_macro/dout0[11]
 i_soc.i_ai_sram.u_sram.gen_bank\[9\].gen_512.u_macro/dout0[12]
 i_soc.i_ai_sram.u_sram.gen_bank\[9\].gen_512.u_macro/dout0[13]
 i_soc.i_ai_sram.u_sram.gen_bank\[9\].gen_512.u_macro/dout0[14]
 i_soc.i_ai_sram.u_sram.gen_bank\[9\].gen_512.u_macro/dout0[15]
 i_soc.i_ai_sram.u_sram.gen_bank\[9\].gen_512.u_macro/dout0[16]
 i_soc.i_ai_sram.u_sram.gen_bank\[9\].gen_512.u_macro/dout0[17]
 i_soc.i_ai_sram.u_sram.gen_bank\[9\].gen_512.u_macro/dout0[18]
 i_soc.i_ai_sram.u_sram.gen_bank\[9\].gen_512.u_macro/dout0[19]
 i_soc.i_ai_sram.u_sram.gen_bank\[9\].gen_512.u_macro/dout0[1]
 i_soc.i_ai_sram.u_sram.gen_bank\[9\].gen_512.u_macro/dout0[20]
 i_soc.i_ai_sram.u_sram.gen_bank\[9\].gen_512.u_macro/dout0[21]
 i_soc.i_ai_sram.u_sram.gen_bank\[9\].gen_512.u_macro/dout0[22]
 i_soc.i_ai_sram.u_sram.gen_bank\[9\].gen_512.u_macro/dout0[23]
 i_soc.i_ai_sram.u_sram.gen_bank\[9\].gen_512.u_macro/dout0[24]
 i_soc.i_ai_sram.u_sram.gen_bank\[9\].gen_512.u_macro/dout0[25]
 i_soc.i_ai_sram.u_sram.gen_bank\[9\].gen_512.u_macro/dout0[26]
 i_soc.i_ai_sram.u_sram.gen_bank\[9\].gen_512.u_macro/dout0[27]
 i_soc.i_ai_sram.u_sram.gen_bank\[9\].gen_512.u_macro/dout0[28]
 i_soc.i_ai_sram.u_sram.gen_bank\[9\].gen_512.u_macro/dout0[29]
 i_soc.i_ai_sram.u_sram.gen_bank\[9\].gen_512.u_macro/dout0[2]
 i_soc.i_ai_sram.u_sram.gen_bank\[9\].gen_512.u_macro/dout0[30]
 i_soc.i_ai_sram.u_sram.gen_bank\[9\].gen_512.u_macro/dout0[31]
 i_soc.i_ai_sram.u_sram.gen_bank\[9\].gen_512.u_macro/dout0[3]
 i_soc.i_ai_sram.u_sram.gen_bank\[9\].gen_512.u_macro/dout0[4]
 i_soc.i_ai_sram.u_sram.gen_bank\[9\].gen_512.u_macro/dout0[5]
 i_soc.i_ai_sram.u_sram.gen_bank\[9\].gen_512.u_macro/dout0[6]
 i_soc.i_ai_sram.u_sram.gen_bank\[9\].gen_512.u_macro/dout0[7]
 i_soc.i_ai_sram.u_sram.gen_bank\[9\].gen_512.u_macro/dout0[8]
 i_soc.i_ai_sram.u_sram.gen_bank\[9\].gen_512.u_macro/dout0[9]
 i_soc.i_ai_sram.u_sram.gen_bank\[9\].gen_512.u_macro_8141/HI
 i_soc.i_cpu.core_i._08__8172/HI
 i_soc.i_cpu.core_i._09__8173/HI
 i_soc.i_cpu.core_i._10__8174/HI
 i_soc.i_cpu.core_i._11__8175/HI
 i_soc.i_cpu.core_i._12__8176/HI
 i_soc.i_cpu.core_i._13__8208/HI
 i_soc.i_cpu.core_i._13__8213/HI
 i_soc.i_cpu.core_i._14__8209/HI
 i_soc.i_cpu.core_i._14__8214/HI
 i_soc.i_cpu.core_i._15__8210/HI
 i_soc.i_cpu.core_i._15__8215/HI
 i_soc.i_cpu.core_i._16__8211/HI
 i_soc.i_cpu.core_i._16__8216/HI
 i_soc.i_cpu.core_i._17__8212/HI
 i_soc.i_cpu.core_i._17__8217/HI
 i_soc.i_cpu.core_i.cs_registers_i._1955__7877/HI
 i_soc.i_cpu.core_i.cs_registers_i._1968__8489/HI
 i_soc.i_cpu.core_i.cs_registers_i._1977__7878/HI
 i_soc.i_cpu.core_i.cs_registers_i._1978__8490/HI
 i_soc.i_cpu.core_i.cs_registers_i._1996__8491/HI
 i_soc.i_cpu.core_i.cs_registers_i._1997__7879/HI
 i_soc.i_cpu.core_i.cs_registers_i._2012__7880/HI
 i_soc.i_cpu.core_i.cs_registers_i._2026__7881/HI
 i_soc.i_cpu.core_i.cs_registers_i._2027__8492/HI
 i_soc.i_cpu.core_i.cs_registers_i._2042__7882/HI
 i_soc.i_cpu.core_i.cs_registers_i._2044__8493/HI
 i_soc.i_cpu.core_i.cs_registers_i._2055__7883/HI
 i_soc.i_cpu.core_i.cs_registers_i._2056__8494/HI
 i_soc.i_cpu.core_i.cs_registers_i._2068__7884/HI
 i_soc.i_cpu.core_i.cs_registers_i._2078__7885/HI
 i_soc.i_cpu.core_i.cs_registers_i._2078__8495/HI
 i_soc.i_cpu.core_i.cs_registers_i._2092__7886/HI
 i_soc.i_cpu.core_i.cs_registers_i._2096__8496/HI
 i_soc.i_cpu.core_i.cs_registers_i._2104__7887/HI
 i_soc.i_cpu.core_i.cs_registers_i._2105__8497/HI
 i_soc.i_cpu.core_i.cs_registers_i._2121__7888/HI
 i_soc.i_cpu.core_i.cs_registers_i._2130__8498/HI
 i_soc.i_cpu.core_i.cs_registers_i._2134__7889/HI
 i_soc.i_cpu.core_i.cs_registers_i._2142__8499/HI
 i_soc.i_cpu.core_i.cs_registers_i._2145__7890/HI
 i_soc.i_cpu.core_i.cs_registers_i._2155__8500/HI
 i_soc.i_cpu.core_i.cs_registers_i._2157__7891/HI
 i_soc.i_cpu.core_i.cs_registers_i._2171__8501/HI
 i_soc.i_cpu.core_i.cs_registers_i._2172__7892/HI
 i_soc.i_cpu.core_i.cs_registers_i._2183__7893/HI
 i_soc.i_cpu.core_i.cs_registers_i._2197__7894/HI
 i_soc.i_cpu.core_i.cs_registers_i._2211__7895/HI
 i_soc.i_cpu.core_i.cs_registers_i._2221__7896/HI
 i_soc.i_cpu.core_i.cs_registers_i._2232__7897/HI
 i_soc.i_cpu.core_i.cs_registers_i._2247__7898/HI
 i_soc.i_cpu.core_i.cs_registers_i._2260__7899/HI
 i_soc.i_cpu.core_i.cs_registers_i._2271__7900/HI
 i_soc.i_cpu.core_i.cs_registers_i._2283__7901/HI
 i_soc.i_cpu.core_i.cs_registers_i._2298__7902/HI
 i_soc.i_cpu.core_i.cs_registers_i._2311__7903/HI
 i_soc.i_cpu.core_i.cs_registers_i._2325__7904/HI
 i_soc.i_cpu.core_i.cs_registers_i._2337__7905/HI
 i_soc.i_cpu.core_i.cs_registers_i._2349__7906/HI
 i_soc.i_cpu.core_i.cs_registers_i._2360__7907/HI
 i_soc.i_cpu.core_i.cs_registers_i._2373__7908/HI
 i_soc.i_cpu.core_i.cs_registers_i._2739__7954/HI
 i_soc.i_cpu.core_i.cs_registers_i._2742__7955/HI
 i_soc.i_cpu.core_i.cs_registers_i._2744__7956/HI
 i_soc.i_cpu.core_i.cs_registers_i._2746__7957/HI
 i_soc.i_cpu.core_i.cs_registers_i._2748__7958/HI
 i_soc.i_cpu.core_i.cs_registers_i._2750__7959/HI
 i_soc.i_cpu.core_i.cs_registers_i._2752__7960/HI
 i_soc.i_cpu.core_i.cs_registers_i._2754__7961/HI
 i_soc.i_cpu.core_i.cs_registers_i._2756__8575/LO
 i_soc.i_cpu.core_i.cs_registers_i._2758__7962/HI
 i_soc.i_cpu.core_i.cs_registers_i._2760__7963/HI
 i_soc.i_cpu.core_i.cs_registers_i._2762__7964/HI
 i_soc.i_cpu.core_i.cs_registers_i._2764__7965/HI
 i_soc.i_cpu.core_i.cs_registers_i._2766__7966/HI
 i_soc.i_cpu.core_i.cs_registers_i._2768__7967/HI
 i_soc.i_cpu.core_i.cs_registers_i._2770__7968/HI
 i_soc.i_cpu.core_i.cs_registers_i._2772__7969/HI
 i_soc.i_cpu.core_i.cs_registers_i._2774__7970/HI
 i_soc.i_cpu.core_i.cs_registers_i._2776__7971/HI
 i_soc.i_cpu.core_i.cs_registers_i._2778__7972/HI
 i_soc.i_cpu.core_i.cs_registers_i._2780__7973/HI
 i_soc.i_cpu.core_i.cs_registers_i._2782__7974/HI
 i_soc.i_cpu.core_i.cs_registers_i._2784__7975/HI
 i_soc.i_cpu.core_i.cs_registers_i._2786__7976/HI
 i_soc.i_cpu.core_i.ex_stage_i._115__8142/HI
 i_soc.i_cpu.core_i.id_stage_i._1917__8423/HI
 i_soc.i_cpu.core_i.id_stage_i._1919__8416/HI
 i_soc.i_cpu.core_i.id_stage_i._1927__8464/HI
 i_soc.i_cpu.core_i.id_stage_i._1928__8438/HI
 i_soc.i_cpu.core_i.id_stage_i._1930__8242/HI
 i_soc.i_cpu.core_i.id_stage_i._1935__8621/LO
 i_soc.i_cpu.core_i.id_stage_i._1935__8628/LO
 i_soc.i_cpu.core_i.id_stage_i._1936__8629/LO
 i_soc.i_cpu.core_i.id_stage_i._1938__8622/LO
 i_soc.i_cpu.core_i.id_stage_i._1940__8630/LO
 i_soc.i_cpu.core_i.id_stage_i._1942__8623/LO
 i_soc.i_cpu.core_i.id_stage_i._1944__8631/LO
 i_soc.i_cpu.core_i.id_stage_i._1946__8624/LO
 i_soc.i_cpu.core_i.id_stage_i._1948__8632/LO
 i_soc.i_cpu.core_i.id_stage_i._1950__8625/LO
 i_soc.i_cpu.core_i.id_stage_i._1952__8633/LO
 i_soc.i_cpu.core_i.id_stage_i._1954__8626/LO
 i_soc.i_cpu.core_i.id_stage_i._1956__8435/HI
 i_soc.i_cpu.core_i.id_stage_i._1956__8627/LO
 i_soc.i_cpu.core_i.id_stage_i._1956__8634/LO
 i_soc.i_cpu.core_i.id_stage_i._2387__8424/HI
 i_soc.i_cpu.core_i.id_stage_i._2391__8425/HI
 i_soc.i_cpu.core_i.id_stage_i._2393__8417/HI
 i_soc.i_cpu.core_i.id_stage_i._2402__8418/HI
 i_soc.i_cpu.core_i.id_stage_i._2420__8419/HI
 i_soc.i_cpu.core_i.id_stage_i._2425__8426/HI
 i_soc.i_cpu.core_i.id_stage_i._2446__8420/HI
 i_soc.i_cpu.core_i.id_stage_i._2455__8427/HI
 i_soc.i_cpu.core_i.id_stage_i._2478__8635/LO
 i_soc.i_cpu.core_i.id_stage_i._2479__8636/LO
 i_soc.i_cpu.core_i.id_stage_i._2480__8637/LO
 i_soc.i_cpu.core_i.id_stage_i._2481__8638/LO
 i_soc.i_cpu.core_i.id_stage_i._2482__8639/LO
 i_soc.i_cpu.core_i.id_stage_i._2483__8421/HI
 i_soc.i_cpu.core_i.id_stage_i._2483__8436/HI
 i_soc.i_cpu.core_i.id_stage_i._2483__8640/LO
 i_soc.i_cpu.core_i.id_stage_i._2494__8407/HI
 i_soc.i_cpu.core_i.id_stage_i._2495__8409/HI
 i_soc.i_cpu.core_i.id_stage_i._2496__8363/HI
 i_soc.i_cpu.core_i.id_stage_i._2507__8364/HI
 i_soc.i_cpu.core_i.id_stage_i._2510__8365/HI
 i_soc.i_cpu.core_i.id_stage_i._2513__8366/HI
 i_soc.i_cpu.core_i.id_stage_i._2867__8367/HI
 i_soc.i_cpu.core_i.id_stage_i._2868__8398/HI
 i_soc.i_cpu.core_i.id_stage_i._2868__8402/HI
 i_soc.i_cpu.core_i.id_stage_i._2871__8403/HI
 i_soc.i_cpu.core_i.id_stage_i._2872__8399/HI
 i_soc.i_cpu.core_i.id_stage_i._2872__8404/HI
 i_soc.i_cpu.core_i.id_stage_i._2877__8400/HI
 i_soc.i_cpu.core_i.id_stage_i._2877__8405/HI
 i_soc.i_cpu.core_i.id_stage_i._2881__8401/HI
 i_soc.i_cpu.core_i.id_stage_i._2881__8406/HI
 i_soc.i_cpu.core_i.id_stage_i._2886__8368/HI
 i_soc.i_cpu.core_i.id_stage_i._2887__8369/HI
 i_soc.i_cpu.core_i.id_stage_i._2888__8370/HI
 i_soc.i_cpu.core_i.id_stage_i._2893__8375/HI
 i_soc.i_cpu.core_i.id_stage_i._2893__8378/HI
 i_soc.i_cpu.core_i.id_stage_i._2894__8376/HI
 i_soc.i_cpu.core_i.id_stage_i._2894__8379/HI
 i_soc.i_cpu.core_i.id_stage_i._2943__8371/HI
 i_soc.i_cpu.core_i.id_stage_i._2944__8372/HI
 i_soc.i_cpu.core_i.id_stage_i._2970__8465/HI
 i_soc.i_cpu.core_i.id_stage_i._2979__8466/HI
 i_soc.i_cpu.core_i.id_stage_i._2980__8467/HI
 i_soc.i_cpu.core_i.id_stage_i._2989__8468/HI
 i_soc.i_cpu.core_i.id_stage_i._2990__8469/HI
 i_soc.i_cpu.core_i.id_stage_i._3000__8470/HI
 i_soc.i_cpu.core_i.id_stage_i._3012__8471/HI
 i_soc.i_cpu.core_i.id_stage_i._3021__8472/HI
 i_soc.i_cpu.core_i.id_stage_i._3022__8473/HI
 i_soc.i_cpu.core_i.id_stage_i._3030__8474/HI
 i_soc.i_cpu.core_i.id_stage_i._3039__8475/HI
 i_soc.i_cpu.core_i.id_stage_i._3046__8476/HI
 i_soc.i_cpu.core_i.id_stage_i._3053__8477/HI
 i_soc.i_cpu.core_i.id_stage_i._3060__8478/HI
 i_soc.i_cpu.core_i.id_stage_i._3073__8479/HI
 i_soc.i_cpu.core_i.id_stage_i._3085__8480/HI
 i_soc.i_cpu.core_i.id_stage_i._3099__8481/HI
 i_soc.i_cpu.core_i.id_stage_i._3118__8482/HI
 i_soc.i_cpu.core_i.id_stage_i._3125__8483/HI
 i_soc.i_cpu.core_i.id_stage_i._3131__8484/HI
 i_soc.i_cpu.core_i.id_stage_i._3137__8485/HI
 i_soc.i_cpu.core_i.id_stage_i._3143__8486/HI
 i_soc.i_cpu.core_i.id_stage_i._3144__8373/HI
 i_soc.i_cpu.core_i.id_stage_i._3181__8439/HI
 i_soc.i_cpu.core_i.id_stage_i._3189__8440/HI
 i_soc.i_cpu.core_i.id_stage_i._3193__8441/HI
 i_soc.i_cpu.core_i.id_stage_i._3201__8442/HI
 i_soc.i_cpu.core_i.id_stage_i._3207__8443/HI
 i_soc.i_cpu.core_i.id_stage_i._3213__8444/HI
 i_soc.i_cpu.core_i.id_stage_i._3219__8445/HI
 i_soc.i_cpu.core_i.id_stage_i._3224__8446/HI
 i_soc.i_cpu.core_i.id_stage_i._3226__8447/HI
 i_soc.i_cpu.core_i.id_stage_i._3228__8448/HI
 i_soc.i_cpu.core_i.id_stage_i._3233__8449/HI
 i_soc.i_cpu.core_i.id_stage_i._3236__8450/HI
 i_soc.i_cpu.core_i.id_stage_i._3240__8451/HI
 i_soc.i_cpu.core_i.id_stage_i._3244__8452/HI
 i_soc.i_cpu.core_i.id_stage_i._3248__8453/HI
 i_soc.i_cpu.core_i.id_stage_i._3252__8454/HI
 i_soc.i_cpu.core_i.id_stage_i._3257__8455/HI
 i_soc.i_cpu.core_i.id_stage_i._3266__8456/HI
 i_soc.i_cpu.core_i.id_stage_i._3270__8457/HI
 i_soc.i_cpu.core_i.id_stage_i._3274__8458/HI
 i_soc.i_cpu.core_i.id_stage_i._3278__8459/HI
 i_soc.i_cpu.core_i.id_stage_i._3282__8460/HI
 i_soc.i_cpu.core_i.id_stage_i._3286__8461/HI
 i_soc.i_cpu.core_i.id_stage_i._3298__8374/HI
 i_soc.i_cpu.core_i.id_stage_i._3299__8377/HI
 i_soc.i_cpu.core_i.id_stage_i._3300__8380/HI
 i_soc.i_cpu.core_i.id_stage_i._3301__8381/HI
 i_soc.i_cpu.core_i.id_stage_i._3304__8383/HI
 i_soc.i_cpu.core_i.id_stage_i._3318__8604/LO
 i_soc.i_cpu.core_i.id_stage_i._3321__8384/HI
 i_soc.i_cpu.core_i.id_stage_i._3321__8605/LO
 i_soc.i_cpu.core_i.id_stage_i._3322__8385/HI
 i_soc.i_cpu.core_i.id_stage_i._3322__8606/LO
 i_soc.i_cpu.core_i.id_stage_i._3324__8607/LO
 i_soc.i_cpu.core_i.id_stage_i._3325__8386/HI
 i_soc.i_cpu.core_i.id_stage_i._3325__8608/LO
 i_soc.i_cpu.core_i.id_stage_i._3327__8609/LO
 i_soc.i_cpu.core_i.id_stage_i._3329__8387/HI
 i_soc.i_cpu.core_i.id_stage_i._3329__8610/LO
 i_soc.i_cpu.core_i.id_stage_i._3332__8388/HI
 i_soc.i_cpu.core_i.id_stage_i._3332__8611/LO
 i_soc.i_cpu.core_i.id_stage_i._3334__8617/LO
 i_soc.i_cpu.core_i.id_stage_i._3335__8389/HI
 i_soc.i_cpu.core_i.id_stage_i._3335__8618/LO
 i_soc.i_cpu.core_i.id_stage_i._3336__8390/HI
 i_soc.i_cpu.core_i.id_stage_i._3337__8391/HI
 i_soc.i_cpu.core_i.id_stage_i._3337__8619/LO
 i_soc.i_cpu.core_i.id_stage_i._3338__8612/LO
 i_soc.i_cpu.core_i.id_stage_i._3341__8613/LO
 i_soc.i_cpu.core_i.id_stage_i._3344__8614/LO
 i_soc.i_cpu.core_i.id_stage_i._3347__8615/LO
 i_soc.i_cpu.core_i.id_stage_i._3350__8616/LO
 i_soc.i_cpu.core_i.id_stage_i._3358__8395/HI
 i_soc.i_cpu.core_i.id_stage_i._3359__8396/HI
 i_soc.i_cpu.core_i.id_stage_i._3362__8397/HI
 i_soc.i_cpu.core_i.id_stage_i._3368__8410/HI
 i_soc.i_cpu.core_i.id_stage_i._3468__8411/HI
 i_soc.i_cpu.core_i.id_stage_i._3469__8412/HI
 i_soc.i_cpu.core_i.id_stage_i._3475__8413/HI
 i_soc.i_cpu.core_i.id_stage_i._3481__8408/HI
 i_soc.i_cpu.core_i.id_stage_i._3605__8462/HI
 i_soc.i_cpu.core_i.id_stage_i._3610__8463/HI
 i_soc.i_cpu.core_i.id_stage_i._3616__8414/HI
 i_soc.i_cpu.core_i.id_stage_i._3619__8415/HI
 i_soc.i_cpu.core_i.id_stage_i._3656__8620/LO
 i_soc.i_cpu.core_i.id_stage_i._3672__8437/HI
 i_soc.i_cpu.core_i.id_stage_i.controller_i._221__8143/HI
 i_soc.i_cpu.core_i.id_stage_i.controller_i._227__8382/HI
 i_soc.i_cpu.core_i.id_stage_i.controller_i._243__8596/LO
 i_soc.i_cpu.core_i.id_stage_i.controller_i._243__8600/LO
 i_soc.i_cpu.core_i.id_stage_i.controller_i._244__8158/HI
 i_soc.i_cpu.core_i.id_stage_i.controller_i._244__8597/LO
 i_soc.i_cpu.core_i.id_stage_i.controller_i._244__8601/LO
 i_soc.i_cpu.core_i.id_stage_i.controller_i._245__8598/LO
 i_soc.i_cpu.core_i.id_stage_i.controller_i._245__8602/LO
 i_soc.i_cpu.core_i.id_stage_i.controller_i._247__8392/HI
 i_soc.i_cpu.core_i.id_stage_i.controller_i._249__8503/HI
 i_soc.i_cpu.core_i.id_stage_i.controller_i._256__8144/HI
 i_soc.i_cpu.core_i.id_stage_i.controller_i._256__8504/HI
 i_soc.i_cpu.core_i.id_stage_i.controller_i._257__8145/HI
 i_soc.i_cpu.core_i.id_stage_i.controller_i._257__8505/HI
 i_soc.i_cpu.core_i.id_stage_i.controller_i._271__8487/HI
 i_soc.i_cpu.core_i.id_stage_i.controller_i._275__8243/HI
 i_soc.i_cpu.core_i.id_stage_i.controller_i._275__8244/HI
 i_soc.i_cpu.core_i.id_stage_i.controller_i._308__8146/HI
 i_soc.i_cpu.core_i.id_stage_i.controller_i._309__8147/HI
 i_soc.i_cpu.core_i.id_stage_i.controller_i._312__8148/HI
 i_soc.i_cpu.core_i.id_stage_i.controller_i._313__8149/HI
 i_soc.i_cpu.core_i.id_stage_i.controller_i._313__8506/HI
 i_soc.i_cpu.core_i.id_stage_i.controller_i._317__8393/HI
 i_soc.i_cpu.core_i.id_stage_i.controller_i._320__8488/HI
 i_soc.i_cpu.core_i.id_stage_i.controller_i._323__8150/HI
 i_soc.i_cpu.core_i.id_stage_i.controller_i._323__8507/HI
 i_soc.i_cpu.core_i.id_stage_i.controller_i._338__8394/HI
 i_soc.i_cpu.core_i.id_stage_i.controller_i._348__8151/HI
 i_soc.i_cpu.core_i.id_stage_i.controller_i._348__8508/HI
 i_soc.i_cpu.core_i.id_stage_i.controller_i._350__8509/HI
 i_soc.i_cpu.core_i.id_stage_i.controller_i._368__8152/HI
 i_soc.i_cpu.core_i.id_stage_i.controller_i._391__8153/HI
 i_soc.i_cpu.core_i.id_stage_i.controller_i._391__8510/HI
 i_soc.i_cpu.core_i.id_stage_i.controller_i._394__8154/HI
 i_soc.i_cpu.core_i.id_stage_i.controller_i._394__8511/HI
 i_soc.i_cpu.core_i.id_stage_i.controller_i._396__8512/HI
 i_soc.i_cpu.core_i.id_stage_i.controller_i._408__8155/HI
 i_soc.i_cpu.core_i.id_stage_i.controller_i._408__8513/HI
 i_soc.i_cpu.core_i.id_stage_i.controller_i._416__8514/HI
 i_soc.i_cpu.core_i.id_stage_i.controller_i._437__8515/HI
 i_soc.i_cpu.core_i.id_stage_i.controller_i._518__8156/HI
 i_soc.i_cpu.core_i.id_stage_i.controller_i._528__8245/HI
 i_soc.i_cpu.core_i.id_stage_i.controller_i._529__8246/HI
 i_soc.i_cpu.core_i.id_stage_i.controller_i._530__8247/HI
 i_soc.i_cpu.core_i.id_stage_i.controller_i._531__8248/HI
 i_soc.i_cpu.core_i.id_stage_i.controller_i._532__8249/HI
 i_soc.i_cpu.core_i.id_stage_i.controller_i._533__8250/HI
 i_soc.i_cpu.core_i.id_stage_i.controller_i._534__8251/HI
 i_soc.i_cpu.core_i.id_stage_i.controller_i._535__8252/HI
 i_soc.i_cpu.core_i.id_stage_i.controller_i._536__8253/HI
 i_soc.i_cpu.core_i.id_stage_i.controller_i._537__8254/HI
 i_soc.i_cpu.core_i.id_stage_i.controller_i._538__8255/HI
 i_soc.i_cpu.core_i.id_stage_i.controller_i._539__8256/HI
 i_soc.i_cpu.core_i.id_stage_i.controller_i._540__8257/HI
 i_soc.i_cpu.core_i.id_stage_i.controller_i._541__8258/HI
 i_soc.i_cpu.core_i.id_stage_i.controller_i._542__8259/HI
 i_soc.i_cpu.core_i.id_stage_i.controller_i._543__8260/HI
 i_soc.i_cpu.core_i.id_stage_i.controller_i._544__8261/HI
 i_soc.i_cpu.core_i.id_stage_i.controller_i._545__8262/HI
 i_soc.i_cpu.core_i.id_stage_i.controller_i._546__8263/HI
 i_soc.i_cpu.core_i.id_stage_i.controller_i._547__8264/HI
 i_soc.i_cpu.core_i.id_stage_i.controller_i._548__8265/HI
 i_soc.i_cpu.core_i.id_stage_i.controller_i._549__8266/HI
 i_soc.i_cpu.core_i.id_stage_i.controller_i._550__8267/HI
 i_soc.i_cpu.core_i.id_stage_i.controller_i._551__8268/HI
 i_soc.i_cpu.core_i.id_stage_i.controller_i._552__8269/HI
 i_soc.i_cpu.core_i.id_stage_i.controller_i._553__8270/HI
 i_soc.i_cpu.core_i.id_stage_i.controller_i._554__8271/HI
 i_soc.i_cpu.core_i.id_stage_i.controller_i._555__8272/HI
 i_soc.i_cpu.core_i.id_stage_i.controller_i._556__8273/HI
 i_soc.i_cpu.core_i.id_stage_i.controller_i._557__8274/HI
 i_soc.i_cpu.core_i.id_stage_i.controller_i._558__8275/HI
 i_soc.i_cpu.core_i.id_stage_i.controller_i._559__8276/HI
 i_soc.i_cpu.core_i.id_stage_i.decoder_i._248__8603/LO
 i_soc.i_cpu.core_i.id_stage_i.decoder_i._249__8599/LO
 i_soc.i_cpu.core_i.id_stage_i.int_controller_i._053__7940/HI
 i_soc.i_cpu.core_i.id_stage_i.int_controller_i._053__7942/HI
 i_soc.i_cpu.core_i.id_stage_i.int_controller_i._054__7912/HI
 i_soc.i_cpu.core_i.id_stage_i.int_controller_i._054__7936/HI
 i_soc.i_cpu.core_i.id_stage_i.int_controller_i._055__7932/HI
 i_soc.i_cpu.core_i.id_stage_i.int_controller_i._055__7934/HI
 i_soc.i_cpu.core_i.id_stage_i.int_controller_i._056__7919/HI
 i_soc.i_cpu.core_i.id_stage_i.int_controller_i._056__7938/HI
 i_soc.i_cpu.core_i.id_stage_i.int_controller_i._056__8165/HI
 i_soc.i_cpu.core_i.id_stage_i.int_controller_i._057__7914/HI
 i_soc.i_cpu.core_i.id_stage_i.int_controller_i._057__7924/HI
 i_soc.i_cpu.core_i.id_stage_i.int_controller_i._057__8162/HI
 i_soc.i_cpu.core_i.id_stage_i.int_controller_i._057__8168/HI
 i_soc.i_cpu.core_i.id_stage_i.int_controller_i._058__7915/HI
 i_soc.i_cpu.core_i.id_stage_i.int_controller_i._058__7917/HI
 i_soc.i_cpu.core_i.id_stage_i.int_controller_i._058__8163/HI
 i_soc.i_cpu.core_i.id_stage_i.int_controller_i._059__7916/HI
 i_soc.i_cpu.core_i.id_stage_i.int_controller_i._059__7946/HI
 i_soc.i_cpu.core_i.id_stage_i.int_controller_i._059__8164/HI
 i_soc.i_cpu.core_i.id_stage_i.int_controller_i._060__7910/HI
 i_soc.i_cpu.core_i.id_stage_i.int_controller_i._060__8160/HI
 i_soc.i_cpu.core_i.id_stage_i.int_controller_i._062__7927/HI
 i_soc.i_cpu.core_i.id_stage_i.int_controller_i._062__8171/HI
 i_soc.i_cpu.core_i.id_stage_i.int_controller_i._063__7911/HI
 i_soc.i_cpu.core_i.id_stage_i.int_controller_i._063__7948/HI
 i_soc.i_cpu.core_i.id_stage_i.int_controller_i._063__8161/HI
 i_soc.i_cpu.core_i.id_stage_i.int_controller_i._064__7921/HI
 i_soc.i_cpu.core_i.id_stage_i.int_controller_i._064__7944/HI
 i_soc.i_cpu.core_i.id_stage_i.int_controller_i._064__8167/HI
 i_soc.i_cpu.core_i.id_stage_i.int_controller_i._065__7926/HI
 i_soc.i_cpu.core_i.id_stage_i.int_controller_i._065__7952/HI
 i_soc.i_cpu.core_i.id_stage_i.int_controller_i._065__8170/HI
 i_soc.i_cpu.core_i.id_stage_i.int_controller_i._066__7922/HI
 i_soc.i_cpu.core_i.id_stage_i.int_controller_i._066__7930/HI
 i_soc.i_cpu.core_i.id_stage_i.int_controller_i._067__7920/HI
 i_soc.i_cpu.core_i.id_stage_i.int_controller_i._067__7950/HI
 i_soc.i_cpu.core_i.id_stage_i.int_controller_i._067__8166/HI
 i_soc.i_cpu.core_i.id_stage_i.int_controller_i._068__7909/HI
 i_soc.i_cpu.core_i.id_stage_i.int_controller_i._068__7925/HI
 i_soc.i_cpu.core_i.id_stage_i.int_controller_i._068__8159/HI
 i_soc.i_cpu.core_i.id_stage_i.int_controller_i._068__8169/HI
 i_soc.i_cpu.core_i.id_stage_i.int_controller_i._069__7928/HI
 i_soc.i_cpu.core_i.id_stage_i.int_controller_i._113__7913/HI
 i_soc.i_cpu.core_i.id_stage_i.int_controller_i._114__7918/HI
 i_soc.i_cpu.core_i.id_stage_i.int_controller_i._115__7923/HI
 i_soc.i_cpu.core_i.id_stage_i.int_controller_i._119__7929/HI
 i_soc.i_cpu.core_i.id_stage_i.int_controller_i._120__7931/HI
 i_soc.i_cpu.core_i.id_stage_i.int_controller_i._121__7933/HI
 i_soc.i_cpu.core_i.id_stage_i.int_controller_i._122__7935/HI
 i_soc.i_cpu.core_i.id_stage_i.int_controller_i._123__7937/HI
 i_soc.i_cpu.core_i.id_stage_i.int_controller_i._124__7939/HI
 i_soc.i_cpu.core_i.id_stage_i.int_controller_i._125__7941/HI
 i_soc.i_cpu.core_i.id_stage_i.int_controller_i._126__7943/HI
 i_soc.i_cpu.core_i.id_stage_i.int_controller_i._127__7945/HI
 i_soc.i_cpu.core_i.id_stage_i.int_controller_i._128__7947/HI
 i_soc.i_cpu.core_i.id_stage_i.int_controller_i._129__7949/HI
 i_soc.i_cpu.core_i.id_stage_i.int_controller_i._130__7951/HI
 i_soc.i_cpu.core_i.id_stage_i.int_controller_i._131__7953/HI
 i_soc.i_cpu.core_i.id_stage_i.int_controller_i._132__8157/HI
 i_soc.i_cpu.core_i.id_stage_i.register_file_i._3981__8422/HI
 i_soc.i_cpu.core_i.id_stage_i.register_file_i._3985__8428/HI
 i_soc.i_cpu.core_i.id_stage_i.register_file_i._4818__8429/HI
 i_soc.i_cpu.core_i.id_stage_i.register_file_i._4926__8430/HI
 i_soc.i_cpu.core_i.id_stage_i.register_file_i._5070__8431/HI
 i_soc.i_cpu.core_i.id_stage_i.register_file_i._5304__8432/HI
 i_soc.i_cpu.core_i.id_stage_i.register_file_i._5340__8433/HI
 i_soc.i_cpu.core_i.id_stage_i.register_file_i._5358__8434/HI
 i_soc.i_cpu.core_i.if_stage_i._414__8352/HI
 i_soc.i_cpu.core_i.if_stage_i._419__8353/HI
 i_soc.i_cpu.core_i.if_stage_i._421__8354/HI
 i_soc.i_cpu.core_i.if_stage_i._422__8355/HI
 i_soc.i_cpu.core_i.if_stage_i._423__8356/HI
 i_soc.i_cpu.core_i.if_stage_i._424__8357/HI
 i_soc.i_cpu.core_i.if_stage_i._426__8358/HI
 i_soc.i_cpu.core_i.if_stage_i._428__8177/HI
 i_soc.i_cpu.core_i.if_stage_i._431__8359/HI
 i_soc.i_cpu.core_i.if_stage_i._432__8361/HI
 i_soc.i_cpu.core_i.if_stage_i._433__8362/HI
 i_soc.i_cpu.core_i.if_stage_i._435__8277/HI
 i_soc.i_cpu.core_i.if_stage_i._437__8278/HI
 i_soc.i_cpu.core_i.if_stage_i._438__8279/HI
 i_soc.i_cpu.core_i.if_stage_i._440__7822/HI
 i_soc.i_cpu.core_i.if_stage_i._440__7849/HI
 i_soc.i_cpu.core_i.if_stage_i._441__8360/HI
 i_soc.i_cpu.core_i.if_stage_i._447__8178/HI
 i_soc.i_cpu.core_i.if_stage_i._449__7792/HI
 i_soc.i_cpu.core_i.if_stage_i._452__7823/HI
 i_soc.i_cpu.core_i.if_stage_i._452__7850/HI
 i_soc.i_cpu.core_i.if_stage_i._456__8179/HI
 i_soc.i_cpu.core_i.if_stage_i._459__7793/HI
 i_soc.i_cpu.core_i.if_stage_i._464__7794/HI
 i_soc.i_cpu.core_i.if_stage_i._467__7851/HI
 i_soc.i_cpu.core_i.if_stage_i._467__8569/LO
 i_soc.i_cpu.core_i.if_stage_i._468__8180/HI
 i_soc.i_cpu.core_i.if_stage_i._473__7824/HI
 i_soc.i_cpu.core_i.if_stage_i._473__7852/HI
 i_soc.i_cpu.core_i.if_stage_i._478__8181/HI
 i_soc.i_cpu.core_i.if_stage_i._480__7795/HI
 i_soc.i_cpu.core_i.if_stage_i._483__7796/HI
 i_soc.i_cpu.core_i.if_stage_i._486__7825/HI
 i_soc.i_cpu.core_i.if_stage_i._486__7853/HI
 i_soc.i_cpu.core_i.if_stage_i._487__8182/HI
 i_soc.i_cpu.core_i.if_stage_i._491__7826/HI
 i_soc.i_cpu.core_i.if_stage_i._491__7854/HI
 i_soc.i_cpu.core_i.if_stage_i._495__8183/HI
 i_soc.i_cpu.core_i.if_stage_i._499__7797/HI
 i_soc.i_cpu.core_i.if_stage_i._502__8218/HI
 i_soc.i_cpu.core_i.if_stage_i._504__7827/HI
 i_soc.i_cpu.core_i.if_stage_i._504__7855/HI
 i_soc.i_cpu.core_i.if_stage_i._506__8184/HI
 i_soc.i_cpu.core_i.if_stage_i._509__7798/HI
 i_soc.i_cpu.core_i.if_stage_i._514__8219/HI
 i_soc.i_cpu.core_i.if_stage_i._516__7828/HI
 i_soc.i_cpu.core_i.if_stage_i._516__7856/HI
 i_soc.i_cpu.core_i.if_stage_i._521__8185/HI
 i_soc.i_cpu.core_i.if_stage_i._522__7799/HI
 i_soc.i_cpu.core_i.if_stage_i._526__8220/HI
 i_soc.i_cpu.core_i.if_stage_i._528__7829/HI
 i_soc.i_cpu.core_i.if_stage_i._528__7857/HI
 i_soc.i_cpu.core_i.if_stage_i._531__8186/HI
 i_soc.i_cpu.core_i.if_stage_i._533__7800/HI
 i_soc.i_cpu.core_i.if_stage_i._536__8221/HI
 i_soc.i_cpu.core_i.if_stage_i._538__8570/LO
 i_soc.i_cpu.core_i.if_stage_i._538__8572/LO
 i_soc.i_cpu.core_i.if_stage_i._542__8187/HI
 i_soc.i_cpu.core_i.if_stage_i._544__7801/HI
 i_soc.i_cpu.core_i.if_stage_i._545__7802/HI
 i_soc.i_cpu.core_i.if_stage_i._549__8222/HI
 i_soc.i_cpu.core_i.if_stage_i._551__7830/HI
 i_soc.i_cpu.core_i.if_stage_i._551__7858/HI
 i_soc.i_cpu.core_i.if_stage_i._552__8188/HI
 i_soc.i_cpu.core_i.if_stage_i._560__8189/HI
 i_soc.i_cpu.core_i.if_stage_i._561__8223/HI
 i_soc.i_cpu.core_i.if_stage_i._563__7831/HI
 i_soc.i_cpu.core_i.if_stage_i._563__7859/HI
 i_soc.i_cpu.core_i.if_stage_i._568__7803/HI
 i_soc.i_cpu.core_i.if_stage_i._569__7804/HI
 i_soc.i_cpu.core_i.if_stage_i._572__8224/HI
 i_soc.i_cpu.core_i.if_stage_i._574__7832/HI
 i_soc.i_cpu.core_i.if_stage_i._574__7860/HI
 i_soc.i_cpu.core_i.if_stage_i._576__8190/HI
 i_soc.i_cpu.core_i.if_stage_i._584__8225/HI
 i_soc.i_cpu.core_i.if_stage_i._586__7833/HI
 i_soc.i_cpu.core_i.if_stage_i._586__7861/HI
 i_soc.i_cpu.core_i.if_stage_i._588__8191/HI
 i_soc.i_cpu.core_i.if_stage_i._592__7805/HI
 i_soc.i_cpu.core_i.if_stage_i._596__8226/HI
 i_soc.i_cpu.core_i.if_stage_i._598__7834/HI
 i_soc.i_cpu.core_i.if_stage_i._598__7862/HI
 i_soc.i_cpu.core_i.if_stage_i._601__8192/HI
 i_soc.i_cpu.core_i.if_stage_i._603__7806/HI
 i_soc.i_cpu.core_i.if_stage_i._607__8227/HI
 i_soc.i_cpu.core_i.if_stage_i._609__7835/HI
 i_soc.i_cpu.core_i.if_stage_i._609__7863/HI
 i_soc.i_cpu.core_i.if_stage_i._613__8193/HI
 i_soc.i_cpu.core_i.if_stage_i._615__7807/HI
 i_soc.i_cpu.core_i.if_stage_i._618__8228/HI
 i_soc.i_cpu.core_i.if_stage_i._620__8571/LO
 i_soc.i_cpu.core_i.if_stage_i._620__8573/LO
 i_soc.i_cpu.core_i.if_stage_i._621__8194/HI
 i_soc.i_cpu.core_i.if_stage_i._625__7808/HI
 i_soc.i_cpu.core_i.if_stage_i._629__8229/HI
 i_soc.i_cpu.core_i.if_stage_i._631__7836/HI
 i_soc.i_cpu.core_i.if_stage_i._631__7864/HI
 i_soc.i_cpu.core_i.if_stage_i._633__8195/HI
 i_soc.i_cpu.core_i.if_stage_i._637__7809/HI
 i_soc.i_cpu.core_i.if_stage_i._641__8230/HI
 i_soc.i_cpu.core_i.if_stage_i._643__7837/HI
 i_soc.i_cpu.core_i.if_stage_i._643__7865/HI
 i_soc.i_cpu.core_i.if_stage_i._646__8196/HI
 i_soc.i_cpu.core_i.if_stage_i._649__7810/HI
 i_soc.i_cpu.core_i.if_stage_i._653__8231/HI
 i_soc.i_cpu.core_i.if_stage_i._655__7838/HI
 i_soc.i_cpu.core_i.if_stage_i._655__7866/HI
 i_soc.i_cpu.core_i.if_stage_i._660__8197/HI
 i_soc.i_cpu.core_i.if_stage_i._661__7811/HI
 i_soc.i_cpu.core_i.if_stage_i._665__8232/HI
 i_soc.i_cpu.core_i.if_stage_i._667__7839/HI
 i_soc.i_cpu.core_i.if_stage_i._667__7867/HI
 i_soc.i_cpu.core_i.if_stage_i._670__8198/HI
 i_soc.i_cpu.core_i.if_stage_i._673__7812/HI
 i_soc.i_cpu.core_i.if_stage_i._677__8233/HI
 i_soc.i_cpu.core_i.if_stage_i._679__7840/HI
 i_soc.i_cpu.core_i.if_stage_i._679__7868/HI
 i_soc.i_cpu.core_i.if_stage_i._681__8199/HI
 i_soc.i_cpu.core_i.if_stage_i._685__7813/HI
 i_soc.i_cpu.core_i.if_stage_i._689__8234/HI
 i_soc.i_cpu.core_i.if_stage_i._691__7841/HI
 i_soc.i_cpu.core_i.if_stage_i._691__7869/HI
 i_soc.i_cpu.core_i.if_stage_i._696__8200/HI
 i_soc.i_cpu.core_i.if_stage_i._697__7814/HI
 i_soc.i_cpu.core_i.if_stage_i._703__8235/HI
 i_soc.i_cpu.core_i.if_stage_i._705__7842/HI
 i_soc.i_cpu.core_i.if_stage_i._705__7870/HI
 i_soc.i_cpu.core_i.if_stage_i._710__8201/HI
 i_soc.i_cpu.core_i.if_stage_i._711__7815/HI
 i_soc.i_cpu.core_i.if_stage_i._714__8236/HI
 i_soc.i_cpu.core_i.if_stage_i._716__7843/HI
 i_soc.i_cpu.core_i.if_stage_i._716__7871/HI
 i_soc.i_cpu.core_i.if_stage_i._717__8202/HI
 i_soc.i_cpu.core_i.if_stage_i._721__7816/HI
 i_soc.i_cpu.core_i.if_stage_i._724__8237/HI
 i_soc.i_cpu.core_i.if_stage_i._726__7844/HI
 i_soc.i_cpu.core_i.if_stage_i._726__7872/HI
 i_soc.i_cpu.core_i.if_stage_i._730__8203/HI
 i_soc.i_cpu.core_i.if_stage_i._732__7817/HI
 i_soc.i_cpu.core_i.if_stage_i._736__8238/HI
 i_soc.i_cpu.core_i.if_stage_i._738__7845/HI
 i_soc.i_cpu.core_i.if_stage_i._738__7873/HI
 i_soc.i_cpu.core_i.if_stage_i._741__8204/HI
 i_soc.i_cpu.core_i.if_stage_i._744__7818/HI
 i_soc.i_cpu.core_i.if_stage_i._748__8239/HI
 i_soc.i_cpu.core_i.if_stage_i._750__7846/HI
 i_soc.i_cpu.core_i.if_stage_i._750__7874/HI
 i_soc.i_cpu.core_i.if_stage_i._751__8205/HI
 i_soc.i_cpu.core_i.if_stage_i._756__7819/HI
 i_soc.i_cpu.core_i.if_stage_i._760__8240/HI
 i_soc.i_cpu.core_i.if_stage_i._762__7847/HI
 i_soc.i_cpu.core_i.if_stage_i._762__7875/HI
 i_soc.i_cpu.core_i.if_stage_i._764__8206/HI
 i_soc.i_cpu.core_i.if_stage_i._767__7820/HI
 i_soc.i_cpu.core_i.if_stage_i._771__8241/HI
 i_soc.i_cpu.core_i.if_stage_i._773__7848/HI
 i_soc.i_cpu.core_i.if_stage_i._773__7876/HI
 i_soc.i_cpu.core_i.if_stage_i._775__8207/HI
 i_soc.i_cpu.core_i.if_stage_i._778__7821/HI
 i_soc.i_cpu.core_i.if_stage_i.aligner_i._487__8280/HI
 i_soc.i_cpu.core_i.if_stage_i.aligner_i._492__8281/HI
 i_soc.i_cpu.core_i.if_stage_i.aligner_i._498__8282/HI
 i_soc.i_cpu.core_i.if_stage_i.aligner_i._507__8283/HI
 i_soc.i_cpu.core_i.if_stage_i.aligner_i._517__8284/HI
 i_soc.i_cpu.core_i.if_stage_i.aligner_i._524__8285/HI
 i_soc.i_cpu.core_i.if_stage_i.aligner_i._534__8286/HI
 i_soc.i_cpu.core_i.if_stage_i.aligner_i._547__8287/HI
 i_soc.i_cpu.core_i.if_stage_i.aligner_i._556__8288/HI
 i_soc.i_cpu.core_i.if_stage_i.aligner_i._565__8289/HI
 i_soc.i_cpu.core_i.if_stage_i.aligner_i._576__8290/HI
 i_soc.i_cpu.core_i.if_stage_i.aligner_i._583__8291/HI
 i_soc.i_cpu.core_i.if_stage_i.aligner_i._593__8292/HI
 i_soc.i_cpu.core_i.if_stage_i.aligner_i._602__8293/HI
 i_soc.i_cpu.core_i.if_stage_i.aligner_i._611__8294/HI
 i_soc.i_cpu.core_i.if_stage_i.aligner_i._619__8295/HI
 i_soc.i_cpu.core_i.if_stage_i.aligner_i._629__8296/HI
 i_soc.i_cpu.core_i.if_stage_i.aligner_i._639__8297/HI
 i_soc.i_cpu.core_i.if_stage_i.aligner_i._648__8298/HI
 i_soc.i_cpu.core_i.if_stage_i.aligner_i._658__8299/HI
 i_soc.i_cpu.core_i.if_stage_i.aligner_i._669__8300/HI
 i_soc.i_cpu.core_i.if_stage_i.aligner_i._676__8301/HI
 i_soc.i_cpu.core_i.if_stage_i.aligner_i._688__8302/HI
 i_soc.i_cpu.core_i.if_stage_i.aligner_i._697__8303/HI
 i_soc.i_cpu.core_i.if_stage_i.aligner_i._709__8304/HI
 i_soc.i_cpu.core_i.if_stage_i.aligner_i._717__8305/HI
 i_soc.i_cpu.core_i.if_stage_i.aligner_i._726__8306/HI
 i_soc.i_cpu.core_i.if_stage_i.aligner_i._736__8307/HI
 i_soc.i_cpu.core_i.if_stage_i.aligner_i._745__8308/HI
 i_soc.i_cpu.core_i.if_stage_i.aligner_i._755__8309/HI
 i_soc.i_cpu.core_i.if_stage_i.aligner_i._763__8310/HI
 i_soc.i_cpu.core_i.if_stage_i.aligner_i._768__8311/HI
 i_soc.i_cpu.core_i.if_stage_i.aligner_i._774__8312/HI
 i_soc.i_cpu.core_i.if_stage_i.aligner_i._775__8502/HI
 i_soc.i_cpu.core_i.if_stage_i.aligner_i._810__8313/HI
 i_soc.i_cpu.core_i.if_stage_i.prefetch_buffer_i.fifo_i._121__8518/HI
 i_soc.i_cpu.core_i.if_stage_i.prefetch_buffer_i.fifo_i._122__8519/HI
 i_soc.i_cpu.core_i.if_stage_i.prefetch_buffer_i.fifo_i._123__8520/HI
 i_soc.i_cpu.core_i.if_stage_i.prefetch_buffer_i.instruction_obi_i._122__8516/HI
 i_soc.i_cpu.core_i.if_stage_i.prefetch_buffer_i.instruction_obi_i._123__8517/HI
 i_soc.i_cpu.core_i.if_stage_i.prefetch_buffer_i.prefetch_controller_i._199__8314/HI
 i_soc.i_cpu.core_i.if_stage_i.prefetch_buffer_i.prefetch_controller_i._203__8315/HI
 i_soc.i_cpu.core_i.if_stage_i.prefetch_buffer_i.prefetch_controller_i._217__8316/HI
 i_soc.i_cpu.core_i.if_stage_i.prefetch_buffer_i.prefetch_controller_i._218__8317/HI
 i_soc.i_cpu.core_i.if_stage_i.prefetch_buffer_i.prefetch_controller_i._221__8318/HI
 i_soc.i_cpu.core_i.if_stage_i.prefetch_buffer_i.prefetch_controller_i._223__8319/HI
 i_soc.i_cpu.core_i.if_stage_i.prefetch_buffer_i.prefetch_controller_i._226__8320/HI
 i_soc.i_cpu.core_i.if_stage_i.prefetch_buffer_i.prefetch_controller_i._227__8321/HI
 i_soc.i_cpu.core_i.if_stage_i.prefetch_buffer_i.prefetch_controller_i._231__8322/HI
 i_soc.i_cpu.core_i.if_stage_i.prefetch_buffer_i.prefetch_controller_i._232__8323/HI
 i_soc.i_cpu.core_i.if_stage_i.prefetch_buffer_i.prefetch_controller_i._235__8324/HI
 i_soc.i_cpu.core_i.if_stage_i.prefetch_buffer_i.prefetch_controller_i._236__8325/HI
 i_soc.i_cpu.core_i.if_stage_i.prefetch_buffer_i.prefetch_controller_i._241__8326/HI
 i_soc.i_cpu.core_i.if_stage_i.prefetch_buffer_i.prefetch_controller_i._246__8327/HI
 i_soc.i_cpu.core_i.if_stage_i.prefetch_buffer_i.prefetch_controller_i._251__8328/HI
 i_soc.i_cpu.core_i.if_stage_i.prefetch_buffer_i.prefetch_controller_i._256__8329/HI
 i_soc.i_cpu.core_i.if_stage_i.prefetch_buffer_i.prefetch_controller_i._262__8330/HI
 i_soc.i_cpu.core_i.if_stage_i.prefetch_buffer_i.prefetch_controller_i._266__8331/HI
 i_soc.i_cpu.core_i.if_stage_i.prefetch_buffer_i.prefetch_controller_i._271__8332/HI
 i_soc.i_cpu.core_i.if_stage_i.prefetch_buffer_i.prefetch_controller_i._272__8333/HI
 i_soc.i_cpu.core_i.if_stage_i.prefetch_buffer_i.prefetch_controller_i._277__8334/HI
 i_soc.i_cpu.core_i.if_stage_i.prefetch_buffer_i.prefetch_controller_i._282__8335/HI
 i_soc.i_cpu.core_i.if_stage_i.prefetch_buffer_i.prefetch_controller_i._283__8336/HI
 i_soc.i_cpu.core_i.if_stage_i.prefetch_buffer_i.prefetch_controller_i._288__8337/HI
 i_soc.i_cpu.core_i.if_stage_i.prefetch_buffer_i.prefetch_controller_i._299__8338/HI
 i_soc.i_cpu.core_i.if_stage_i.prefetch_buffer_i.prefetch_controller_i._302__8339/HI
 i_soc.i_cpu.core_i.if_stage_i.prefetch_buffer_i.prefetch_controller_i._303__8340/HI
 i_soc.i_cpu.core_i.if_stage_i.prefetch_buffer_i.prefetch_controller_i._308__8341/HI
 i_soc.i_cpu.core_i.if_stage_i.prefetch_buffer_i.prefetch_controller_i._309__8342/HI
 i_soc.i_cpu.core_i.if_stage_i.prefetch_buffer_i.prefetch_controller_i._315__8343/HI
 i_soc.i_cpu.core_i.if_stage_i.prefetch_buffer_i.prefetch_controller_i._327__8344/HI
 i_soc.i_cpu.core_i.if_stage_i.prefetch_buffer_i.prefetch_controller_i._334__8345/HI
 i_soc.i_cpu.core_i.if_stage_i.prefetch_buffer_i.prefetch_controller_i._341__8346/HI
 i_soc.i_cpu.core_i.if_stage_i.prefetch_buffer_i.prefetch_controller_i._353__8347/HI
 i_soc.i_cpu.core_i.if_stage_i.prefetch_buffer_i.prefetch_controller_i._360__8348/HI
 i_soc.i_cpu.core_i.if_stage_i.prefetch_buffer_i.prefetch_controller_i._372__8349/HI
 i_soc.i_cpu.core_i.if_stage_i.prefetch_buffer_i.prefetch_controller_i._376__8350/HI
 i_soc.i_cpu.core_i.if_stage_i.prefetch_buffer_i.prefetch_controller_i._394__8351/HI
 i_soc.i_cpu.core_i.sleep_unit_i._4__8574/LO
 i_soc.i_data_sram.u_sram.gen_bank\[0\].gen_512.u_macro/dout0[0]
 i_soc.i_data_sram.u_sram.gen_bank\[0\].gen_512.u_macro/dout0[10]
 i_soc.i_data_sram.u_sram.gen_bank\[0\].gen_512.u_macro/dout0[11]
 i_soc.i_data_sram.u_sram.gen_bank\[0\].gen_512.u_macro/dout0[12]
 i_soc.i_data_sram.u_sram.gen_bank\[0\].gen_512.u_macro/dout0[13]
 i_soc.i_data_sram.u_sram.gen_bank\[0\].gen_512.u_macro/dout0[14]
 i_soc.i_data_sram.u_sram.gen_bank\[0\].gen_512.u_macro/dout0[15]
 i_soc.i_data_sram.u_sram.gen_bank\[0\].gen_512.u_macro/dout0[16]
 i_soc.i_data_sram.u_sram.gen_bank\[0\].gen_512.u_macro/dout0[17]
 i_soc.i_data_sram.u_sram.gen_bank\[0\].gen_512.u_macro/dout0[18]
 i_soc.i_data_sram.u_sram.gen_bank\[0\].gen_512.u_macro/dout0[19]
 i_soc.i_data_sram.u_sram.gen_bank\[0\].gen_512.u_macro/dout0[1]
 i_soc.i_data_sram.u_sram.gen_bank\[0\].gen_512.u_macro/dout0[20]
 i_soc.i_data_sram.u_sram.gen_bank\[0\].gen_512.u_macro/dout0[21]
 i_soc.i_data_sram.u_sram.gen_bank\[0\].gen_512.u_macro/dout0[22]
 i_soc.i_data_sram.u_sram.gen_bank\[0\].gen_512.u_macro/dout0[23]
 i_soc.i_data_sram.u_sram.gen_bank\[0\].gen_512.u_macro/dout0[24]
 i_soc.i_data_sram.u_sram.gen_bank\[0\].gen_512.u_macro/dout0[25]
 i_soc.i_data_sram.u_sram.gen_bank\[0\].gen_512.u_macro/dout0[26]
 i_soc.i_data_sram.u_sram.gen_bank\[0\].gen_512.u_macro/dout0[27]
 i_soc.i_data_sram.u_sram.gen_bank\[0\].gen_512.u_macro/dout0[28]
 i_soc.i_data_sram.u_sram.gen_bank\[0\].gen_512.u_macro/dout0[29]
 i_soc.i_data_sram.u_sram.gen_bank\[0\].gen_512.u_macro/dout0[2]
 i_soc.i_data_sram.u_sram.gen_bank\[0\].gen_512.u_macro/dout0[30]
 i_soc.i_data_sram.u_sram.gen_bank\[0\].gen_512.u_macro/dout0[31]
 i_soc.i_data_sram.u_sram.gen_bank\[0\].gen_512.u_macro/dout0[3]
 i_soc.i_data_sram.u_sram.gen_bank\[0\].gen_512.u_macro/dout0[4]
 i_soc.i_data_sram.u_sram.gen_bank\[0\].gen_512.u_macro/dout0[5]
 i_soc.i_data_sram.u_sram.gen_bank\[0\].gen_512.u_macro/dout0[6]
 i_soc.i_data_sram.u_sram.gen_bank\[0\].gen_512.u_macro/dout0[7]
 i_soc.i_data_sram.u_sram.gen_bank\[0\].gen_512.u_macro/dout0[8]
 i_soc.i_data_sram.u_sram.gen_bank\[0\].gen_512.u_macro/dout0[9]
 i_soc.i_data_sram.u_sram.gen_bank\[0\].gen_512.u_macro_8533/HI
 i_soc.i_data_sram.u_sram.gen_bank\[1\].gen_512.u_macro/dout0[0]
 i_soc.i_data_sram.u_sram.gen_bank\[1\].gen_512.u_macro/dout0[10]
 i_soc.i_data_sram.u_sram.gen_bank\[1\].gen_512.u_macro/dout0[11]
 i_soc.i_data_sram.u_sram.gen_bank\[1\].gen_512.u_macro/dout0[12]
 i_soc.i_data_sram.u_sram.gen_bank\[1\].gen_512.u_macro/dout0[13]
 i_soc.i_data_sram.u_sram.gen_bank\[1\].gen_512.u_macro/dout0[14]
 i_soc.i_data_sram.u_sram.gen_bank\[1\].gen_512.u_macro/dout0[15]
 i_soc.i_data_sram.u_sram.gen_bank\[1\].gen_512.u_macro/dout0[16]
 i_soc.i_data_sram.u_sram.gen_bank\[1\].gen_512.u_macro/dout0[17]
 i_soc.i_data_sram.u_sram.gen_bank\[1\].gen_512.u_macro/dout0[18]
 i_soc.i_data_sram.u_sram.gen_bank\[1\].gen_512.u_macro/dout0[19]
 i_soc.i_data_sram.u_sram.gen_bank\[1\].gen_512.u_macro/dout0[1]
 i_soc.i_data_sram.u_sram.gen_bank\[1\].gen_512.u_macro/dout0[20]
 i_soc.i_data_sram.u_sram.gen_bank\[1\].gen_512.u_macro/dout0[21]
 i_soc.i_data_sram.u_sram.gen_bank\[1\].gen_512.u_macro/dout0[22]
 i_soc.i_data_sram.u_sram.gen_bank\[1\].gen_512.u_macro/dout0[23]
 i_soc.i_data_sram.u_sram.gen_bank\[1\].gen_512.u_macro/dout0[24]
 i_soc.i_data_sram.u_sram.gen_bank\[1\].gen_512.u_macro/dout0[25]
 i_soc.i_data_sram.u_sram.gen_bank\[1\].gen_512.u_macro/dout0[26]
 i_soc.i_data_sram.u_sram.gen_bank\[1\].gen_512.u_macro/dout0[27]
 i_soc.i_data_sram.u_sram.gen_bank\[1\].gen_512.u_macro/dout0[28]
 i_soc.i_data_sram.u_sram.gen_bank\[1\].gen_512.u_macro/dout0[29]
 i_soc.i_data_sram.u_sram.gen_bank\[1\].gen_512.u_macro/dout0[2]
 i_soc.i_data_sram.u_sram.gen_bank\[1\].gen_512.u_macro/dout0[30]
 i_soc.i_data_sram.u_sram.gen_bank\[1\].gen_512.u_macro/dout0[31]
 i_soc.i_data_sram.u_sram.gen_bank\[1\].gen_512.u_macro/dout0[3]
 i_soc.i_data_sram.u_sram.gen_bank\[1\].gen_512.u_macro/dout0[4]
 i_soc.i_data_sram.u_sram.gen_bank\[1\].gen_512.u_macro/dout0[5]
 i_soc.i_data_sram.u_sram.gen_bank\[1\].gen_512.u_macro/dout0[6]
 i_soc.i_data_sram.u_sram.gen_bank\[1\].gen_512.u_macro/dout0[7]
 i_soc.i_data_sram.u_sram.gen_bank\[1\].gen_512.u_macro/dout0[8]
 i_soc.i_data_sram.u_sram.gen_bank\[1\].gen_512.u_macro/dout0[9]
 i_soc.i_data_sram.u_sram.gen_bank\[1\].gen_512.u_macro_8534/HI
 i_soc.i_data_sram.u_sram.gen_bank\[2\].gen_512.u_macro/dout0[0]
 i_soc.i_data_sram.u_sram.gen_bank\[2\].gen_512.u_macro/dout0[10]
 i_soc.i_data_sram.u_sram.gen_bank\[2\].gen_512.u_macro/dout0[11]
 i_soc.i_data_sram.u_sram.gen_bank\[2\].gen_512.u_macro/dout0[12]
 i_soc.i_data_sram.u_sram.gen_bank\[2\].gen_512.u_macro/dout0[13]
 i_soc.i_data_sram.u_sram.gen_bank\[2\].gen_512.u_macro/dout0[14]
 i_soc.i_data_sram.u_sram.gen_bank\[2\].gen_512.u_macro/dout0[15]
 i_soc.i_data_sram.u_sram.gen_bank\[2\].gen_512.u_macro/dout0[16]
 i_soc.i_data_sram.u_sram.gen_bank\[2\].gen_512.u_macro/dout0[17]
 i_soc.i_data_sram.u_sram.gen_bank\[2\].gen_512.u_macro/dout0[18]
 i_soc.i_data_sram.u_sram.gen_bank\[2\].gen_512.u_macro/dout0[19]
 i_soc.i_data_sram.u_sram.gen_bank\[2\].gen_512.u_macro/dout0[1]
 i_soc.i_data_sram.u_sram.gen_bank\[2\].gen_512.u_macro/dout0[20]
 i_soc.i_data_sram.u_sram.gen_bank\[2\].gen_512.u_macro/dout0[21]
 i_soc.i_data_sram.u_sram.gen_bank\[2\].gen_512.u_macro/dout0[22]
 i_soc.i_data_sram.u_sram.gen_bank\[2\].gen_512.u_macro/dout0[23]
 i_soc.i_data_sram.u_sram.gen_bank\[2\].gen_512.u_macro/dout0[24]
 i_soc.i_data_sram.u_sram.gen_bank\[2\].gen_512.u_macro/dout0[25]
 i_soc.i_data_sram.u_sram.gen_bank\[2\].gen_512.u_macro/dout0[26]
 i_soc.i_data_sram.u_sram.gen_bank\[2\].gen_512.u_macro/dout0[27]
 i_soc.i_data_sram.u_sram.gen_bank\[2\].gen_512.u_macro/dout0[28]
 i_soc.i_data_sram.u_sram.gen_bank\[2\].gen_512.u_macro/dout0[29]
 i_soc.i_data_sram.u_sram.gen_bank\[2\].gen_512.u_macro/dout0[2]
 i_soc.i_data_sram.u_sram.gen_bank\[2\].gen_512.u_macro/dout0[30]
 i_soc.i_data_sram.u_sram.gen_bank\[2\].gen_512.u_macro/dout0[31]
 i_soc.i_data_sram.u_sram.gen_bank\[2\].gen_512.u_macro/dout0[3]
 i_soc.i_data_sram.u_sram.gen_bank\[2\].gen_512.u_macro/dout0[4]
 i_soc.i_data_sram.u_sram.gen_bank\[2\].gen_512.u_macro/dout0[5]
 i_soc.i_data_sram.u_sram.gen_bank\[2\].gen_512.u_macro/dout0[6]
 i_soc.i_data_sram.u_sram.gen_bank\[2\].gen_512.u_macro/dout0[7]
 i_soc.i_data_sram.u_sram.gen_bank\[2\].gen_512.u_macro/dout0[8]
 i_soc.i_data_sram.u_sram.gen_bank\[2\].gen_512.u_macro/dout0[9]
 i_soc.i_data_sram.u_sram.gen_bank\[2\].gen_512.u_macro_8535/HI
 i_soc.i_data_sram.u_sram.gen_bank\[3\].gen_512.u_macro/dout0[0]
 i_soc.i_data_sram.u_sram.gen_bank\[3\].gen_512.u_macro/dout0[10]
 i_soc.i_data_sram.u_sram.gen_bank\[3\].gen_512.u_macro/dout0[11]
 i_soc.i_data_sram.u_sram.gen_bank\[3\].gen_512.u_macro/dout0[12]
 i_soc.i_data_sram.u_sram.gen_bank\[3\].gen_512.u_macro/dout0[13]
 i_soc.i_data_sram.u_sram.gen_bank\[3\].gen_512.u_macro/dout0[14]
 i_soc.i_data_sram.u_sram.gen_bank\[3\].gen_512.u_macro/dout0[15]
 i_soc.i_data_sram.u_sram.gen_bank\[3\].gen_512.u_macro/dout0[16]
 i_soc.i_data_sram.u_sram.gen_bank\[3\].gen_512.u_macro/dout0[17]
 i_soc.i_data_sram.u_sram.gen_bank\[3\].gen_512.u_macro/dout0[18]
 i_soc.i_data_sram.u_sram.gen_bank\[3\].gen_512.u_macro/dout0[19]
 i_soc.i_data_sram.u_sram.gen_bank\[3\].gen_512.u_macro/dout0[1]
 i_soc.i_data_sram.u_sram.gen_bank\[3\].gen_512.u_macro/dout0[20]
 i_soc.i_data_sram.u_sram.gen_bank\[3\].gen_512.u_macro/dout0[21]
 i_soc.i_data_sram.u_sram.gen_bank\[3\].gen_512.u_macro/dout0[22]
 i_soc.i_data_sram.u_sram.gen_bank\[3\].gen_512.u_macro/dout0[23]
 i_soc.i_data_sram.u_sram.gen_bank\[3\].gen_512.u_macro/dout0[24]
 i_soc.i_data_sram.u_sram.gen_bank\[3\].gen_512.u_macro/dout0[25]
 i_soc.i_data_sram.u_sram.gen_bank\[3\].gen_512.u_macro/dout0[26]
 i_soc.i_data_sram.u_sram.gen_bank\[3\].gen_512.u_macro/dout0[27]
 i_soc.i_data_sram.u_sram.gen_bank\[3\].gen_512.u_macro/dout0[28]
 i_soc.i_data_sram.u_sram.gen_bank\[3\].gen_512.u_macro/dout0[29]
 i_soc.i_data_sram.u_sram.gen_bank\[3\].gen_512.u_macro/dout0[2]
 i_soc.i_data_sram.u_sram.gen_bank\[3\].gen_512.u_macro/dout0[30]
 i_soc.i_data_sram.u_sram.gen_bank\[3\].gen_512.u_macro/dout0[31]
 i_soc.i_data_sram.u_sram.gen_bank\[3\].gen_512.u_macro/dout0[3]
 i_soc.i_data_sram.u_sram.gen_bank\[3\].gen_512.u_macro/dout0[4]
 i_soc.i_data_sram.u_sram.gen_bank\[3\].gen_512.u_macro/dout0[5]
 i_soc.i_data_sram.u_sram.gen_bank\[3\].gen_512.u_macro/dout0[6]
 i_soc.i_data_sram.u_sram.gen_bank\[3\].gen_512.u_macro/dout0[7]
 i_soc.i_data_sram.u_sram.gen_bank\[3\].gen_512.u_macro/dout0[8]
 i_soc.i_data_sram.u_sram.gen_bank\[3\].gen_512.u_macro/dout0[9]
 i_soc.i_data_sram.u_sram.gen_bank\[3\].gen_512.u_macro_8536/HI
 i_soc.i_dm_top.i_dm_csrs._1541__8067/HI
 i_soc.i_dm_top.i_dm_csrs._1558__7977/HI
 i_soc.i_dm_top.i_dm_csrs._1571__7978/HI
 i_soc.i_dm_top.i_dm_csrs._1574__8068/HI
 i_soc.i_dm_top.i_dm_csrs._1577__7979/HI
 i_soc.i_dm_top.i_dm_csrs._1584__8069/HI
 i_soc.i_dm_top.i_dm_csrs._1594__7980/HI
 i_soc.i_dm_top.i_dm_csrs._1597__8070/HI
 i_soc.i_dm_top.i_dm_csrs._1607__7981/HI
 i_soc.i_dm_top.i_dm_csrs._1607__8071/HI
 i_soc.i_dm_top.i_dm_csrs._1618__7982/HI
 i_soc.i_dm_top.i_dm_csrs._1619__8072/HI
 i_soc.i_dm_top.i_dm_csrs._1631__7983/HI
 i_soc.i_dm_top.i_dm_csrs._1632__8073/HI
 i_soc.i_dm_top.i_dm_csrs._1635__8576/LO
 i_soc.i_dm_top.i_dm_csrs._1644__8074/HI
 i_soc.i_dm_top.i_dm_csrs._1648__8075/HI
 i_soc.i_dm_top.i_dm_csrs._1649__8577/LO
 i_soc.i_dm_top.i_dm_csrs._1650__8099/HI
 i_soc.i_dm_top.i_dm_csrs._1660__8076/HI
 i_soc.i_dm_top.i_dm_csrs._1660__8578/LO
 i_soc.i_dm_top.i_dm_csrs._1672__8100/HI
 i_soc.i_dm_top.i_dm_csrs._1673__8077/HI
 i_soc.i_dm_top.i_dm_csrs._1682__7984/HI
 i_soc.i_dm_top.i_dm_csrs._1692__7985/HI
 i_soc.i_dm_top.i_dm_csrs._1695__8078/HI
 i_soc.i_dm_top.i_dm_csrs._1704__7986/HI
 i_soc.i_dm_top.i_dm_csrs._1704__8101/HI
 i_soc.i_dm_top.i_dm_csrs._1705__8079/HI
 i_soc.i_dm_top.i_dm_csrs._1718__8579/LO
 i_soc.i_dm_top.i_dm_csrs._1719__8080/HI
 i_soc.i_dm_top.i_dm_csrs._1719__8102/HI
 i_soc.i_dm_top.i_dm_csrs._1728__7987/HI
 i_soc.i_dm_top.i_dm_csrs._1729__8081/HI
 i_soc.i_dm_top.i_dm_csrs._1739__8082/HI
 i_soc.i_dm_top.i_dm_csrs._1741__7988/HI
 i_soc.i_dm_top.i_dm_csrs._1752__8580/LO
 i_soc.i_dm_top.i_dm_csrs._1754__8083/HI
 i_soc.i_dm_top.i_dm_csrs._1762__8084/HI
 i_soc.i_dm_top.i_dm_csrs._1765__7989/HI
 i_soc.i_dm_top.i_dm_csrs._1776__7990/HI
 i_soc.i_dm_top.i_dm_csrs._1780__8085/HI
 i_soc.i_dm_top.i_dm_csrs._1789__7991/HI
 i_soc.i_dm_top.i_dm_csrs._1790__8086/HI
 i_soc.i_dm_top.i_dm_csrs._1795__7992/HI
 i_soc.i_dm_top.i_dm_csrs._1803__8087/HI
 i_soc.i_dm_top.i_dm_csrs._1808__8088/HI
 i_soc.i_dm_top.i_dm_csrs._1816__8581/LO
 i_soc.i_dm_top.i_dm_csrs._1825__7993/HI
 i_soc.i_dm_top.i_dm_csrs._1828__8089/HI
 i_soc.i_dm_top.i_dm_csrs._1837__7994/HI
 i_soc.i_dm_top.i_dm_csrs._1837__8090/HI
 i_soc.i_dm_top.i_dm_csrs._1850__7995/HI
 i_soc.i_dm_top.i_dm_csrs._1851__8091/HI
 i_soc.i_dm_top.i_dm_csrs._1860__8092/HI
 i_soc.i_dm_top.i_dm_csrs._1863__7996/HI
 i_soc.i_dm_top.i_dm_csrs._1872__8093/HI
 i_soc.i_dm_top.i_dm_csrs._1874__7997/HI
 i_soc.i_dm_top.i_dm_csrs._1885__7998/HI
 i_soc.i_dm_top.i_dm_csrs._1888__8094/HI
 i_soc.i_dm_top.i_dm_csrs._1897__8095/HI
 i_soc.i_dm_top.i_dm_csrs._1898__7999/HI
 i_soc.i_dm_top.i_dm_csrs._1909__8096/HI
 i_soc.i_dm_top.i_dm_csrs._1911__8000/HI
 i_soc.i_dm_top.i_dm_csrs._1921__8001/HI
 i_soc.i_dm_top.i_dm_csrs._1923__8097/HI
 i_soc.i_dm_top.i_dm_csrs._1932__8098/HI
 i_soc.i_dm_top.i_dm_csrs._1933__8002/HI
 i_soc.i_dm_top.i_dm_mem._0537__8537/HI
 i_soc.i_dm_top.i_dm_mem._0574__8538/HI
 i_soc.i_dm_top.i_dm_mem._0582__8539/HI
 i_soc.i_dm_top.i_dm_mem._0590__8540/HI
 i_soc.i_dm_top.i_dm_mem._0606__8543/HI
 i_soc.i_dm_top.i_dm_mem._0608__8542/HI
 i_soc.i_dm_top.i_dm_mem._0608__8544/HI
 i_soc.i_dm_top.i_dm_mem._0736__8541/HI
 i_soc.i_dm_top.i_dm_sba._198__8003/HI
 i_soc.i_dm_top.i_dm_sba._199__8583/LO
 i_soc.i_dm_top.i_dm_sba._390__8028/HI
 i_soc.i_dm_top.i_dm_sba._390__8044/HI
 i_soc.i_dm_top.i_dm_sba._391__8004/HI
 i_soc.i_dm_top.i_dm_sba._391__8012/HI
 i_soc.i_dm_top.i_dm_sba._393__8030/HI
 i_soc.i_dm_top.i_dm_sba._393__8047/HI
 i_soc.i_dm_top.i_dm_sba._394__8005/HI
 i_soc.i_dm_top.i_dm_sba._394__8014/HI
 i_soc.i_dm_top.i_dm_sba._396__8032/HI
 i_soc.i_dm_top.i_dm_sba._396__8050/HI
 i_soc.i_dm_top.i_dm_sba._397__8006/HI
 i_soc.i_dm_top.i_dm_sba._397__8016/HI
 i_soc.i_dm_top.i_dm_sba._399__8034/HI
 i_soc.i_dm_top.i_dm_sba._399__8053/HI
 i_soc.i_dm_top.i_dm_sba._400__8007/HI
 i_soc.i_dm_top.i_dm_sba._400__8018/HI
 i_soc.i_dm_top.i_dm_sba._402__8036/HI
 i_soc.i_dm_top.i_dm_sba._402__8056/HI
 i_soc.i_dm_top.i_dm_sba._403__8008/HI
 i_soc.i_dm_top.i_dm_sba._403__8020/HI
 i_soc.i_dm_top.i_dm_sba._405__8038/HI
 i_soc.i_dm_top.i_dm_sba._405__8059/HI
 i_soc.i_dm_top.i_dm_sba._406__8009/HI
 i_soc.i_dm_top.i_dm_sba._406__8022/HI
 i_soc.i_dm_top.i_dm_sba._408__8040/HI
 i_soc.i_dm_top.i_dm_sba._408__8061/HI
 i_soc.i_dm_top.i_dm_sba._409__8010/HI
 i_soc.i_dm_top.i_dm_sba._409__8024/HI
 i_soc.i_dm_top.i_dm_sba._411__8042/HI
 i_soc.i_dm_top.i_dm_sba._411__8064/HI
 i_soc.i_dm_top.i_dm_sba._412__8011/HI
 i_soc.i_dm_top.i_dm_sba._412__8026/HI
 i_soc.i_dm_top.i_dm_sba._414__8013/HI
 i_soc.i_dm_top.i_dm_sba._414__8029/HI
 i_soc.i_dm_top.i_dm_sba._415__8045/HI
 i_soc.i_dm_top.i_dm_sba._416__8015/HI
 i_soc.i_dm_top.i_dm_sba._416__8031/HI
 i_soc.i_dm_top.i_dm_sba._417__8048/HI
 i_soc.i_dm_top.i_dm_sba._418__8017/HI
 i_soc.i_dm_top.i_dm_sba._418__8033/HI
 i_soc.i_dm_top.i_dm_sba._419__8051/HI
 i_soc.i_dm_top.i_dm_sba._420__8019/HI
 i_soc.i_dm_top.i_dm_sba._420__8035/HI
 i_soc.i_dm_top.i_dm_sba._421__8054/HI
 i_soc.i_dm_top.i_dm_sba._422__8021/HI
 i_soc.i_dm_top.i_dm_sba._422__8037/HI
 i_soc.i_dm_top.i_dm_sba._423__8057/HI
 i_soc.i_dm_top.i_dm_sba._424__8060/HI
 i_soc.i_dm_top.i_dm_sba._425__8023/HI
 i_soc.i_dm_top.i_dm_sba._425__8039/HI
 i_soc.i_dm_top.i_dm_sba._427__8025/HI
 i_soc.i_dm_top.i_dm_sba._427__8041/HI
 i_soc.i_dm_top.i_dm_sba._428__8062/HI
 i_soc.i_dm_top.i_dm_sba._429__8027/HI
 i_soc.i_dm_top.i_dm_sba._429__8043/HI
 i_soc.i_dm_top.i_dm_sba._430__8065/HI
 i_soc.i_dm_top.i_dm_sba._439__8046/HI
 i_soc.i_dm_top.i_dm_sba._440__8049/HI
 i_soc.i_dm_top.i_dm_sba._441__8052/HI
 i_soc.i_dm_top.i_dm_sba._442__8055/HI
 i_soc.i_dm_top.i_dm_sba._443__8058/HI
 i_soc.i_dm_top.i_dm_sba._445__8063/HI
 i_soc.i_dm_top.i_dm_sba._446__8066/HI
 i_soc.i_dm_top.i_dm_sba._451__8582/LO
 i_soc.i_dmi_jtag.i_dmi_cdc.i_cdc_req.i_cdc_reset_ctrlr.i_cdc_reset_ctrlr_half_b._31__8545/HI
 i_soc.i_dmi_jtag.i_dmi_cdc.i_cdc_req.i_cdc_reset_ctrlr.i_cdc_reset_ctrlr_half_b._45__8546/HI
 i_soc.i_dmi_jtag.i_dmi_cdc.i_cdc_resp._3__8641/LO
 i_soc.i_dmi_jtag.i_dmi_cdc.i_cdc_resp.i_cdc_reset_ctrlr.i_cdc_reset_ctrlr_half_a._31__8547/HI
 i_soc.i_dmi_jtag.i_dmi_cdc.i_cdc_resp.i_cdc_reset_ctrlr.i_cdc_reset_ctrlr_half_a._45__8548/HI
 i_soc.i_dmi_jtag.i_dmi_jtag_tap.i_dft_tck_mux._0__8103/HI
 i_soc.i_instr_sram.u_sram.gen_bank\[0\].gen_512.u_macro/dout0[0]
 i_soc.i_instr_sram.u_sram.gen_bank\[0\].gen_512.u_macro/dout0[10]
 i_soc.i_instr_sram.u_sram.gen_bank\[0\].gen_512.u_macro/dout0[11]
 i_soc.i_instr_sram.u_sram.gen_bank\[0\].gen_512.u_macro/dout0[12]
 i_soc.i_instr_sram.u_sram.gen_bank\[0\].gen_512.u_macro/dout0[13]
 i_soc.i_instr_sram.u_sram.gen_bank\[0\].gen_512.u_macro/dout0[14]
 i_soc.i_instr_sram.u_sram.gen_bank\[0\].gen_512.u_macro/dout0[15]
 i_soc.i_instr_sram.u_sram.gen_bank\[0\].gen_512.u_macro/dout0[16]
 i_soc.i_instr_sram.u_sram.gen_bank\[0\].gen_512.u_macro/dout0[17]
 i_soc.i_instr_sram.u_sram.gen_bank\[0\].gen_512.u_macro/dout0[18]
 i_soc.i_instr_sram.u_sram.gen_bank\[0\].gen_512.u_macro/dout0[19]
 i_soc.i_instr_sram.u_sram.gen_bank\[0\].gen_512.u_macro/dout0[1]
 i_soc.i_instr_sram.u_sram.gen_bank\[0\].gen_512.u_macro/dout0[20]
 i_soc.i_instr_sram.u_sram.gen_bank\[0\].gen_512.u_macro/dout0[21]
 i_soc.i_instr_sram.u_sram.gen_bank\[0\].gen_512.u_macro/dout0[22]
 i_soc.i_instr_sram.u_sram.gen_bank\[0\].gen_512.u_macro/dout0[23]
 i_soc.i_instr_sram.u_sram.gen_bank\[0\].gen_512.u_macro/dout0[24]
 i_soc.i_instr_sram.u_sram.gen_bank\[0\].gen_512.u_macro/dout0[25]
 i_soc.i_instr_sram.u_sram.gen_bank\[0\].gen_512.u_macro/dout0[26]
 i_soc.i_instr_sram.u_sram.gen_bank\[0\].gen_512.u_macro/dout0[27]
 i_soc.i_instr_sram.u_sram.gen_bank\[0\].gen_512.u_macro/dout0[28]
 i_soc.i_instr_sram.u_sram.gen_bank\[0\].gen_512.u_macro/dout0[29]
 i_soc.i_instr_sram.u_sram.gen_bank\[0\].gen_512.u_macro/dout0[2]
 i_soc.i_instr_sram.u_sram.gen_bank\[0\].gen_512.u_macro/dout0[30]
 i_soc.i_instr_sram.u_sram.gen_bank\[0\].gen_512.u_macro/dout0[31]
 i_soc.i_instr_sram.u_sram.gen_bank\[0\].gen_512.u_macro/dout0[3]
 i_soc.i_instr_sram.u_sram.gen_bank\[0\].gen_512.u_macro/dout0[4]
 i_soc.i_instr_sram.u_sram.gen_bank\[0\].gen_512.u_macro/dout0[5]
 i_soc.i_instr_sram.u_sram.gen_bank\[0\].gen_512.u_macro/dout0[6]
 i_soc.i_instr_sram.u_sram.gen_bank\[0\].gen_512.u_macro/dout0[7]
 i_soc.i_instr_sram.u_sram.gen_bank\[0\].gen_512.u_macro/dout0[8]
 i_soc.i_instr_sram.u_sram.gen_bank\[0\].gen_512.u_macro/dout0[9]
 i_soc.i_instr_sram.u_sram.gen_bank\[0\].gen_512.u_macro_8565/HI
 i_soc.i_instr_sram.u_sram.gen_bank\[1\].gen_512.u_macro/dout0[0]
 i_soc.i_instr_sram.u_sram.gen_bank\[1\].gen_512.u_macro/dout0[10]
 i_soc.i_instr_sram.u_sram.gen_bank\[1\].gen_512.u_macro/dout0[11]
 i_soc.i_instr_sram.u_sram.gen_bank\[1\].gen_512.u_macro/dout0[12]
 i_soc.i_instr_sram.u_sram.gen_bank\[1\].gen_512.u_macro/dout0[13]
 i_soc.i_instr_sram.u_sram.gen_bank\[1\].gen_512.u_macro/dout0[14]
 i_soc.i_instr_sram.u_sram.gen_bank\[1\].gen_512.u_macro/dout0[15]
 i_soc.i_instr_sram.u_sram.gen_bank\[1\].gen_512.u_macro/dout0[16]
 i_soc.i_instr_sram.u_sram.gen_bank\[1\].gen_512.u_macro/dout0[17]
 i_soc.i_instr_sram.u_sram.gen_bank\[1\].gen_512.u_macro/dout0[18]
 i_soc.i_instr_sram.u_sram.gen_bank\[1\].gen_512.u_macro/dout0[19]
 i_soc.i_instr_sram.u_sram.gen_bank\[1\].gen_512.u_macro/dout0[1]
 i_soc.i_instr_sram.u_sram.gen_bank\[1\].gen_512.u_macro/dout0[20]
 i_soc.i_instr_sram.u_sram.gen_bank\[1\].gen_512.u_macro/dout0[21]
 i_soc.i_instr_sram.u_sram.gen_bank\[1\].gen_512.u_macro/dout0[22]
 i_soc.i_instr_sram.u_sram.gen_bank\[1\].gen_512.u_macro/dout0[23]
 i_soc.i_instr_sram.u_sram.gen_bank\[1\].gen_512.u_macro/dout0[24]
 i_soc.i_instr_sram.u_sram.gen_bank\[1\].gen_512.u_macro/dout0[25]
 i_soc.i_instr_sram.u_sram.gen_bank\[1\].gen_512.u_macro/dout0[26]
 i_soc.i_instr_sram.u_sram.gen_bank\[1\].gen_512.u_macro/dout0[27]
 i_soc.i_instr_sram.u_sram.gen_bank\[1\].gen_512.u_macro/dout0[28]
 i_soc.i_instr_sram.u_sram.gen_bank\[1\].gen_512.u_macro/dout0[29]
 i_soc.i_instr_sram.u_sram.gen_bank\[1\].gen_512.u_macro/dout0[2]
 i_soc.i_instr_sram.u_sram.gen_bank\[1\].gen_512.u_macro/dout0[30]
 i_soc.i_instr_sram.u_sram.gen_bank\[1\].gen_512.u_macro/dout0[31]
 i_soc.i_instr_sram.u_sram.gen_bank\[1\].gen_512.u_macro/dout0[3]
 i_soc.i_instr_sram.u_sram.gen_bank\[1\].gen_512.u_macro/dout0[4]
 i_soc.i_instr_sram.u_sram.gen_bank\[1\].gen_512.u_macro/dout0[5]
 i_soc.i_instr_sram.u_sram.gen_bank\[1\].gen_512.u_macro/dout0[6]
 i_soc.i_instr_sram.u_sram.gen_bank\[1\].gen_512.u_macro/dout0[7]
 i_soc.i_instr_sram.u_sram.gen_bank\[1\].gen_512.u_macro/dout0[8]
 i_soc.i_instr_sram.u_sram.gen_bank\[1\].gen_512.u_macro/dout0[9]
 i_soc.i_instr_sram.u_sram.gen_bank\[1\].gen_512.u_macro_8566/HI
 i_soc.i_instr_sram.u_sram.gen_bank\[2\].gen_512.u_macro/dout0[0]
 i_soc.i_instr_sram.u_sram.gen_bank\[2\].gen_512.u_macro/dout0[10]
 i_soc.i_instr_sram.u_sram.gen_bank\[2\].gen_512.u_macro/dout0[11]
 i_soc.i_instr_sram.u_sram.gen_bank\[2\].gen_512.u_macro/dout0[12]
 i_soc.i_instr_sram.u_sram.gen_bank\[2\].gen_512.u_macro/dout0[13]
 i_soc.i_instr_sram.u_sram.gen_bank\[2\].gen_512.u_macro/dout0[14]
 i_soc.i_instr_sram.u_sram.gen_bank\[2\].gen_512.u_macro/dout0[15]
 i_soc.i_instr_sram.u_sram.gen_bank\[2\].gen_512.u_macro/dout0[16]
 i_soc.i_instr_sram.u_sram.gen_bank\[2\].gen_512.u_macro/dout0[17]
 i_soc.i_instr_sram.u_sram.gen_bank\[2\].gen_512.u_macro/dout0[18]
 i_soc.i_instr_sram.u_sram.gen_bank\[2\].gen_512.u_macro/dout0[19]
 i_soc.i_instr_sram.u_sram.gen_bank\[2\].gen_512.u_macro/dout0[1]
 i_soc.i_instr_sram.u_sram.gen_bank\[2\].gen_512.u_macro/dout0[20]
 i_soc.i_instr_sram.u_sram.gen_bank\[2\].gen_512.u_macro/dout0[21]
 i_soc.i_instr_sram.u_sram.gen_bank\[2\].gen_512.u_macro/dout0[22]
 i_soc.i_instr_sram.u_sram.gen_bank\[2\].gen_512.u_macro/dout0[23]
 i_soc.i_instr_sram.u_sram.gen_bank\[2\].gen_512.u_macro/dout0[24]
 i_soc.i_instr_sram.u_sram.gen_bank\[2\].gen_512.u_macro/dout0[25]
 i_soc.i_instr_sram.u_sram.gen_bank\[2\].gen_512.u_macro/dout0[26]
 i_soc.i_instr_sram.u_sram.gen_bank\[2\].gen_512.u_macro/dout0[27]
 i_soc.i_instr_sram.u_sram.gen_bank\[2\].gen_512.u_macro/dout0[28]
 i_soc.i_instr_sram.u_sram.gen_bank\[2\].gen_512.u_macro/dout0[29]
 i_soc.i_instr_sram.u_sram.gen_bank\[2\].gen_512.u_macro/dout0[2]
 i_soc.i_instr_sram.u_sram.gen_bank\[2\].gen_512.u_macro/dout0[30]
 i_soc.i_instr_sram.u_sram.gen_bank\[2\].gen_512.u_macro/dout0[31]
 i_soc.i_instr_sram.u_sram.gen_bank\[2\].gen_512.u_macro/dout0[3]
 i_soc.i_instr_sram.u_sram.gen_bank\[2\].gen_512.u_macro/dout0[4]
 i_soc.i_instr_sram.u_sram.gen_bank\[2\].gen_512.u_macro/dout0[5]
 i_soc.i_instr_sram.u_sram.gen_bank\[2\].gen_512.u_macro/dout0[6]
 i_soc.i_instr_sram.u_sram.gen_bank\[2\].gen_512.u_macro/dout0[7]
 i_soc.i_instr_sram.u_sram.gen_bank\[2\].gen_512.u_macro/dout0[8]
 i_soc.i_instr_sram.u_sram.gen_bank\[2\].gen_512.u_macro/dout0[9]
 i_soc.i_instr_sram.u_sram.gen_bank\[2\].gen_512.u_macro_8567/HI
 i_soc.i_instr_sram.u_sram.gen_bank\[3\].gen_512.u_macro/dout0[0]
 i_soc.i_instr_sram.u_sram.gen_bank\[3\].gen_512.u_macro/dout0[10]
 i_soc.i_instr_sram.u_sram.gen_bank\[3\].gen_512.u_macro/dout0[11]
 i_soc.i_instr_sram.u_sram.gen_bank\[3\].gen_512.u_macro/dout0[12]
 i_soc.i_instr_sram.u_sram.gen_bank\[3\].gen_512.u_macro/dout0[13]
 i_soc.i_instr_sram.u_sram.gen_bank\[3\].gen_512.u_macro/dout0[14]
 i_soc.i_instr_sram.u_sram.gen_bank\[3\].gen_512.u_macro/dout0[15]
 i_soc.i_instr_sram.u_sram.gen_bank\[3\].gen_512.u_macro/dout0[16]
 i_soc.i_instr_sram.u_sram.gen_bank\[3\].gen_512.u_macro/dout0[17]
 i_soc.i_instr_sram.u_sram.gen_bank\[3\].gen_512.u_macro/dout0[18]
 i_soc.i_instr_sram.u_sram.gen_bank\[3\].gen_512.u_macro/dout0[19]
 i_soc.i_instr_sram.u_sram.gen_bank\[3\].gen_512.u_macro/dout0[1]
 i_soc.i_instr_sram.u_sram.gen_bank\[3\].gen_512.u_macro/dout0[20]
 i_soc.i_instr_sram.u_sram.gen_bank\[3\].gen_512.u_macro/dout0[21]
 i_soc.i_instr_sram.u_sram.gen_bank\[3\].gen_512.u_macro/dout0[22]
 i_soc.i_instr_sram.u_sram.gen_bank\[3\].gen_512.u_macro/dout0[23]
 i_soc.i_instr_sram.u_sram.gen_bank\[3\].gen_512.u_macro/dout0[24]
 i_soc.i_instr_sram.u_sram.gen_bank\[3\].gen_512.u_macro/dout0[25]
 i_soc.i_instr_sram.u_sram.gen_bank\[3\].gen_512.u_macro/dout0[26]
 i_soc.i_instr_sram.u_sram.gen_bank\[3\].gen_512.u_macro/dout0[27]
 i_soc.i_instr_sram.u_sram.gen_bank\[3\].gen_512.u_macro/dout0[28]
 i_soc.i_instr_sram.u_sram.gen_bank\[3\].gen_512.u_macro/dout0[29]
 i_soc.i_instr_sram.u_sram.gen_bank\[3\].gen_512.u_macro/dout0[2]
 i_soc.i_instr_sram.u_sram.gen_bank\[3\].gen_512.u_macro/dout0[30]
 i_soc.i_instr_sram.u_sram.gen_bank\[3\].gen_512.u_macro/dout0[31]
 i_soc.i_instr_sram.u_sram.gen_bank\[3\].gen_512.u_macro/dout0[3]
 i_soc.i_instr_sram.u_sram.gen_bank\[3\].gen_512.u_macro/dout0[4]
 i_soc.i_instr_sram.u_sram.gen_bank\[3\].gen_512.u_macro/dout0[5]
 i_soc.i_instr_sram.u_sram.gen_bank\[3\].gen_512.u_macro/dout0[6]
 i_soc.i_instr_sram.u_sram.gen_bank\[3\].gen_512.u_macro/dout0[7]
 i_soc.i_instr_sram.u_sram.gen_bank\[3\].gen_512.u_macro/dout0[8]
 i_soc.i_instr_sram.u_sram.gen_bank\[3\].gen_512.u_macro/dout0[9]
 i_soc.i_instr_sram.u_sram.gen_bank\[3\].gen_512.u_macro_8568/HI
 i_soc.i_obi_axi_instr._086__8528/HI
 i_soc.i_obi_axi_instr._087__8521/HI
 i_soc.i_obi_axi_instr._090__8104/HI
 i_soc.i_obi_axi_instr._091__8105/HI
 i_soc.i_obi_axi_instr._093__8522/HI
 i_soc.i_obi_axi_instr._094__8529/HI
 i_soc.i_obi_axi_instr._099__8530/HI
 i_soc.i_obi_axi_instr._100__8523/HI
 i_soc.i_obi_axi_instr._100__8526/HI
 i_soc.i_obi_axi_instr._102__8527/HI
 i_soc.i_obi_axi_instr._103__8106/HI
 i_soc.i_obi_axi_instr._105__8524/HI
 i_soc.i_obi_axi_instr._105__8531/HI
 i_soc.i_obi_axi_instr._175__8525/HI
 i_soc.i_obi_axi_instr._175__8532/HI
 i_soc.i_periph_decoder._0439__8549/HI
 i_soc.i_periph_decoder._0444__8550/HI
 i_soc.i_periph_decoder._0448__8551/HI
 i_soc.i_periph_decoder._0453__8552/HI
 i_soc.i_periph_decoder._0457__8553/HI
 i_soc.i_periph_decoder._0462__8554/HI
 i_soc.i_periph_decoder._0466__8555/HI
 i_soc.i_periph_decoder._0471__8556/HI
 i_soc.i_periph_decoder._0475__8557/HI
 i_soc.i_periph_decoder._0480__8558/HI
 i_soc.i_periph_decoder._0485__8559/HI
 i_soc.i_periph_decoder._0491__8560/HI
 i_soc.i_periph_decoder._0496__8561/HI
 i_soc.i_periph_decoder._0500__8562/HI
 i_soc.i_periph_decoder._0505__8563/HI
 i_soc.i_periph_decoder._0510__8564/HI
 i_soc.i_uart_0.i_uart_rx._261__8642/LO
 i_soc.i_uart_1.i_uart_rx._261__8643/LO
Found 0 partially unannotated drivers.

===========================================================================
max slew violation count 5681
max fanout violation count 837
max cap violation count 235
============================================================================

===========================================================================
check_setup -verbose -unconstrained_endpoints -multiple_clock -no_clock -no_input_delay -loops -generated_clocks
===========================================================================
Warning: There are 36 input ports missing set_input_delay.
  gpio_in_i[0]
  gpio_in_i[10]
  gpio_in_i[11]
  gpio_in_i[12]
  gpio_in_i[13]
  gpio_in_i[14]
  gpio_in_i[15]
  gpio_in_i[16]
  gpio_in_i[17]
  gpio_in_i[18]
  gpio_in_i[19]
  gpio_in_i[1]
  gpio_in_i[20]
  gpio_in_i[21]
  gpio_in_i[22]
  gpio_in_i[23]
  gpio_in_i[24]
  gpio_in_i[25]
  gpio_in_i[26]
  gpio_in_i[27]
  gpio_in_i[28]
  gpio_in_i[29]
  gpio_in_i[2]
  gpio_in_i[30]
  gpio_in_i[31]
  gpio_in_i[3]
  gpio_in_i[4]
  gpio_in_i[5]
  gpio_in_i[6]
  gpio_in_i[7]
  gpio_in_i[8]
  gpio_in_i[9]
  jtag_trst_ni
  rst_ni
  uart1_rxd_i
  uart_rxd_i
Warning: There are 16 unconstrained endpoints.
  i_soc.i_gpio._208_/D
  i_soc.i_gpio._209_/D
  i_soc.i_gpio._210_/D
  i_soc.i_gpio._211_/D
  i_soc.i_gpio._212_/D
  i_soc.i_gpio._213_/D
  i_soc.i_gpio._214_/D
  i_soc.i_gpio._215_/D
  i_soc.i_gpio._216_/D
  i_soc.i_gpio._217_/D
  i_soc.i_gpio._218_/D
  i_soc.i_gpio._219_/D
  i_soc.i_gpio._220_/D
  i_soc.i_gpio._221_/D
  i_soc.i_gpio._222_/D
  i_soc.i_gpio._223_/D
