
===========================================================================
Violator List
============================================================================
[setup reg-reg] i_soc.i_cpu.core_i.id_stage_i._3802_/Q -> i_soc.i_cpu.core_i.id_stage_i._3715_/D : -9.878834
[setup reg-reg] i_soc.i_cpu.core_i.id_stage_i._3802_/Q -> i_soc.i_cpu.core_i.id_stage_i._3969_/D : -9.877258
[setup reg-reg] i_soc.i_cpu.core_i.id_stage_i._3802_/Q -> i_soc.i_cpu.core_i.id_stage_i._3727_/D : -9.770715
[setup reg-reg] i_soc.i_cpu.core_i.id_stage_i._3802_/Q -> i_soc.i_cpu.core_i.id_stage_i._4001_/D : -9.749934
[setup reg-reg] i_soc.i_cpu.core_i.id_stage_i._3802_/Q -> i_soc.i_cpu.core_i.id_stage_i._3967_/D : -9.742552
[setup reg-reg] i_soc.i_cpu.core_i.id_stage_i._3802_/Q -> i_soc.i_cpu.core_i.id_stage_i._3713_/D : -9.731892
[setup reg-reg] i_soc.i_cpu.core_i.id_stage_i._3802_/Q -> i_soc.i_cpu.core_i.id_stage_i._3981_/D : -9.711329
[setup reg-reg] i_soc.i_cpu.core_i.id_stage_i._3802_/Q -> i_soc.i_cpu.core_i.id_stage_i._3683_/D : -9.587937
[setup reg-reg] i_soc.i_cpu.core_i.id_stage_i._3802_/Q -> i_soc.i_cpu.core_i.id_stage_i._3731_/D : -9.556612
[setup reg-reg] i_soc.i_cpu.core_i.id_stage_i._3802_/Q -> i_soc.i_cpu.core_i.id_stage_i._3985_/D : -9.435939
[setup reg-reg] i_soc.i_cpu.core_i.id_stage_i._3802_/Q -> i_soc.i_cpu.core_i.id_stage_i._3747_/D : -9.407909
[setup reg-reg] i_soc.i_cpu.core_i.id_stage_i._3802_/Q -> i_soc.i_cpu.core_i.id_stage_i._3999_/D : -9.391109
[setup reg-reg] i_soc.i_cpu.core_i.id_stage_i._3802_/Q -> i_soc.i_cpu.core_i.id_stage_i._3695_/D : -9.184114
[setup reg-reg] i_soc.i_cpu.core_i.id_stage_i._3802_/Q -> i_soc.i_cpu.core_i.id_stage_i._3975_/D : -9.132306
[setup reg-reg] i_soc.i_cpu.core_i.id_stage_i._3802_/Q -> i_soc.i_cpu.core_i.id_stage_i._3745_/D : -9.088256
[setup reg-reg] i_soc.i_cpu.core_i.id_stage_i._3802_/Q -> i_soc.i_cpu.core_i.id_stage_i._4013_/D : -9.045822
[setup reg-reg] i_soc.i_cpu.core_i.id_stage_i._3802_/Q -> i_soc.i_cpu.core_i.id_stage_i._3937_/D : -9.032503
[setup reg-reg] i_soc.i_cpu.core_i.id_stage_i._3802_/Q -> i_soc.i_cpu.core_i.id_stage_i._3689_/D : -9.001142
[setup reg-reg] i_soc.i_cpu.core_i.id_stage_i._3802_/Q -> i_soc.i_cpu.core_i.id_stage_i._3749_/D : -8.947554
[setup reg-reg] i_soc.i_cpu.core_i.id_stage_i._3802_/Q -> i_soc.i_cpu.core_i.id_stage_i._3982_/D : -8.932846
[setup reg-reg] i_soc.i_cpu.core_i.id_stage_i._3802_/Q -> i_soc.i_cpu.core_i.id_stage_i._4017_/D : -8.931648
[setup reg-reg] i_soc.i_cpu.core_i.id_stage_i._3802_/Q -> i_soc.i_cpu.core_i.id_stage_i._3729_/D : -8.891335
[setup reg-reg] i_soc.i_cpu.core_i.id_stage_i._3802_/Q -> i_soc.i_cpu.core_i.id_stage_i._3721_/D : -8.875072
[setup reg-reg] i_soc.i_cpu.core_i.id_stage_i._3802_/Q -> i_soc.i_cpu.core_i.id_stage_i._3728_/D : -8.868742
[setup reg-reg] i_soc.i_cpu.core_i.id_stage_i._3802_/Q -> i_soc.i_cpu.core_i.id_stage_i._3983_/D : -8.839552
[setup reg-reg] i_soc.i_cpu.core_i.id_stage_i._3802_/Q -> i_soc.i_cpu.core_i.id_stage_i._3719_/D : -8.825584
[setup reg-reg] i_soc.i_cpu.core_i.id_stage_i._3802_/Q -> i_soc.i_cpu.core_i.id_stage_i._3681_/D : -8.815272
[setup reg-reg] i_soc.i_cpu.core_i.id_stage_i._3802_/Q -> i_soc.i_cpu.core_i.id_stage_i._3973_/D : -8.811620
[setup reg-reg] i_soc.i_cpu.core_i.id_stage_i._3802_/Q -> i_soc.i_cpu.core_i.id_stage_i._3759_/D : -8.750469
[setup reg-reg] i_soc.i_cpu.core_i.id_stage_i._3802_/Q -> i_soc.i_cpu.core_i.id_stage_i._3979_/D : -8.743795
[setup reg-reg] i_soc.i_cpu.core_i.id_stage_i._3802_/Q -> i_soc.i_cpu.core_i.id_stage_i._3714_/D : -8.734878
[setup reg-reg] i_soc.i_cpu.core_i.id_stage_i._3802_/Q -> i_soc.i_cpu.core_i.id_stage_i._3980_/D : -8.705140
[setup reg-reg] i_soc.i_cpu.core_i.id_stage_i._3802_/Q -> i_soc.i_cpu.core_i.id_stage_i._3753_/D : -8.690234
[setup reg-reg] i_soc.i_ai_accel._23118_/Q -> i_soc.i_ai_accel._22922_/D : -8.687287
[setup reg-reg] i_soc.i_cpu.core_i.id_stage_i._3802_/Q -> i_soc.i_cpu.core_i.id_stage_i._3968_/D : -8.686484
[setup reg-reg] i_soc.i_cpu.core_i.id_stage_i._3802_/Q -> i_soc.i_cpu.core_i.id_stage_i._4007_/D : -8.657200
[setup reg-reg] i_soc.i_cpu.core_i.id_stage_i._3802_/Q -> i_soc.i_cpu.core_i.id_stage_i._3717_/D : -8.642162
[setup reg-reg] i_soc.i_cpu.core_i.id_stage_i._3802_/Q -> i_soc.i_cpu.core_i.id_stage_i._3763_/D : -8.633460
[setup reg-reg] i_soc.i_cpu.core_i.id_stage_i._3802_/Q -> i_soc.i_cpu.core_i.id_stage_i._3949_/D : -8.624492
[setup reg-reg] i_soc.i_cpu.core_i.id_stage_i._3802_/Q -> i_soc.i_cpu.core_i.id_stage_i._3996_/D : -8.621090
[setup reg-reg] i_soc.i_cpu.core_i.id_stage_i._3802_/Q -> i_soc.i_cpu.core_i.id_stage_i._3702_/D : -8.618006
[setup reg-reg] i_soc.i_cpu.core_i.id_stage_i._3802_/Q -> i_soc.i_cpu.core_i.id_stage_i._4015_/D : -8.615495
[setup reg-reg] i_soc.i_cpu.core_i.id_stage_i._3802_/Q -> i_soc.i_cpu.core_i.id_stage_i.register_file_i._8118_/D : -8.603068
[setup reg-reg] i_soc.i_cpu.core_i.id_stage_i._3802_/Q -> i_soc.i_cpu.core_i.id_stage_i.register_file_i._8054_/D : -8.596514
[setup reg-reg] i_soc.i_cpu.core_i.id_stage_i._3802_/Q -> i_soc.i_cpu.core_i.id_stage_i._4003_/D : -8.576918
[setup reg-reg] i_soc.i_cpu.core_i.id_stage_i._3802_/Q -> i_soc.i_cpu.core_i.id_stage_i._4014_/D : -8.566585
[setup reg-reg] i_soc.i_cpu.core_i.id_stage_i._3802_/Q -> i_soc.i_cpu.core_i.id_stage_i._3933_/D : -8.565655
[setup reg-reg] i_soc.i_cpu.core_i.id_stage_i._3802_/Q -> i_soc.i_cpu.core_i.id_stage_i._3730_/D : -8.559806
[setup reg-reg] i_soc.i_cpu.core_i.id_stage_i._3802_/Q -> i_soc.i_cpu.core_i.id_stage_i.register_file_i._8726_/D : -8.536910
[setup reg-reg] i_soc.i_cpu.core_i.id_stage_i._3802_/Q -> i_soc.i_cpu.core_i.id_stage_i._3997_/D : -8.535794
[setup reg-reg] i_soc.i_cpu.core_i.id_stage_i._3802_/Q -> i_soc.i_cpu.core_i.id_stage_i.register_file_i._8822_/D : -8.533125
[setup reg-reg] i_soc.i_cpu.core_i.id_stage_i._3802_/Q -> i_soc.i_cpu.core_i.id_stage_i.register_file_i._8214_/D : -8.520686
[setup reg-reg] i_soc.i_cpu.core_i.id_stage_i._3802_/Q -> i_soc.i_cpu.core_i.id_stage_i._3712_/D : -8.513931
[setup reg-reg] i_soc.i_cpu.core_i.id_stage_i._3802_/Q -> i_soc.i_cpu.core_i.id_stage_i._4012_/D : -8.510107
[setup reg-reg] i_soc.i_cpu.core_i.id_stage_i._3802_/Q -> i_soc.i_cpu.core_i.id_stage_i._3943_/D : -8.507741
[setup reg-reg] i_soc.i_cpu.core_i.id_stage_i._3802_/Q -> i_soc.i_cpu.core_i.id_stage_i._3966_/D : -8.502268
[setup reg-reg] i_soc.i_ai_accel._23118_/Q -> i_soc.i_ai_accel._22920_/D : -8.493597
[setup reg-reg] i_soc.i_cpu.core_i.id_stage_i._3802_/Q -> i_soc.i_cpu.core_i.id_stage_i._3732_/D : -8.485430
[setup reg-reg] i_soc.i_cpu.core_i.id_stage_i._3802_/Q -> i_soc.i_cpu.core_i.id_stage_i._3698_/D : -8.469861
[setup reg-reg] i_soc.i_cpu.core_i.id_stage_i._3802_/Q -> i_soc.i_cpu.core_i.id_stage_i._3945_/D : -8.469513
[setup reg-reg] i_soc.i_cpu.core_i.id_stage_i._3802_/Q -> i_soc.i_cpu.core_i.id_stage_i._3733_/D : -8.454944
[setup reg-reg] i_soc.i_cpu.core_i.id_stage_i._3802_/Q -> i_soc.i_cpu.core_i.id_stage_i._3697_/D : -8.451185
[setup reg-reg] i_soc.i_cpu.core_i.id_stage_i._3802_/Q -> i_soc.i_cpu.core_i.id_stage_i._3699_/D : -8.447650
[setup reg-reg] i_soc.i_cpu.core_i.id_stage_i._3802_/Q -> i_soc.i_cpu.core_i.id_stage_i._3758_/D : -8.434749
[setup reg-reg] i_soc.i_cpu.core_i.id_stage_i._3802_/Q -> i_soc.i_cpu.core_i.id_stage_i._3726_/D : -8.432021
[setup reg-reg] i_soc.i_cpu.core_i.id_stage_i._3802_/Q -> i_soc.i_cpu.core_i.id_stage_i._3971_/D : -8.430952
[setup reg-reg] i_soc.i_cpu.core_i.id_stage_i._3802_/Q -> i_soc.i_cpu.core_i.id_stage_i.register_file_i._8086_/D : -8.426463
[setup reg-reg] i_soc.i_cpu.core_i.id_stage_i._3802_/Q -> i_soc.i_cpu.core_i.id_stage_i._3723_/D : -8.424053
[setup reg-reg] i_soc.i_cpu.core_i.id_stage_i._3802_/Q -> i_soc.i_cpu.core_i.id_stage_i._3984_/D : -8.420779
[setup reg-reg] i_soc.i_cpu.core_i.id_stage_i._3802_/Q -> i_soc.i_cpu.core_i.id_stage_i._3950_/D : -8.419101
[setup reg-reg] i_soc.i_cpu.core_i.id_stage_i._3802_/Q -> i_soc.i_cpu.core_i.id_stage_i._3989_/D : -8.418477
[setup reg-reg] i_soc.i_cpu.core_i.id_stage_i._3802_/Q -> i_soc.i_cpu.core_i.id_stage_i._3977_/D : -8.395940
[setup reg-reg] i_soc.i_cpu.core_i.id_stage_i._3802_/Q -> i_soc.i_cpu.core_i.id_stage_i.register_file_i._8374_/D : -8.395038
[setup reg-reg] i_soc.i_cpu.core_i.id_stage_i._3802_/Q -> i_soc.i_cpu.core_i.id_stage_i._4000_/D : -8.381181
[setup reg-reg] i_soc.i_ai_accel._23118_/Q -> i_soc.i_ai_accel._22921_/D : -8.371833
[setup reg-reg] i_soc.i_cpu.core_i.id_stage_i._3802_/Q -> i_soc.i_cpu.core_i.id_stage_i._3761_/D : -8.369739
[setup reg-reg] i_soc.i_cpu.core_i.id_stage_i._3802_/Q -> i_soc.i_cpu.core_i.id_stage_i._3940_/D : -8.361450
[setup reg-reg] i_soc.i_cpu.core_i.id_stage_i._3802_/Q -> i_soc.i_cpu.core_i.id_stage_i.register_file_i._8124_/D : -8.349173
[setup reg-reg] i_soc.i_cpu.core_i.id_stage_i._3802_/Q -> i_soc.i_cpu.core_i.id_stage_i.register_file_i._8732_/D : -8.347692
[setup reg-reg] i_soc.i_cpu.core_i.id_stage_i._3802_/Q -> i_soc.i_cpu.core_i.id_stage_i._3734_/D : -8.346936
[setup reg-reg] i_soc.i_cpu.core_i.id_stage_i._3802_/Q -> i_soc.i_cpu.core_i.id_stage_i._3987_/D : -8.329944
[setup reg-reg] i_soc.i_cpu.core_i.id_stage_i._3802_/Q -> i_soc.i_cpu.core_i.id_stage_i.register_file_i._8060_/D : -8.328661
[setup reg-reg] i_soc.i_cpu.core_i.id_stage_i._3802_/Q -> i_soc.i_cpu.core_i.id_stage_i._3725_/D : -8.322966
[setup reg-reg] i_soc.i_cpu.core_i.id_stage_i._3802_/Q -> i_soc.i_cpu.core_i.id_stage_i.register_file_i._8092_/D : -8.319156
[setup reg-reg] i_soc.i_cpu.core_i.id_stage_i._3802_/Q -> i_soc.i_cpu.core_i.id_stage_i._3986_/D : -8.307966
[setup reg-reg] i_soc.i_cpu.core_i.id_stage_i._3802_/Q -> i_soc.i_cpu.core_i.id_stage_i._4002_/D : -8.307664
[setup reg-reg] i_soc.i_cpu.core_i.id_stage_i._3802_/Q -> i_soc.i_cpu.core_i.id_stage_i._3998_/D : -8.307398
[setup reg-reg] i_soc.i_instr_sram.u_sram.gen_bank[3].gen_512.u_macro/dout1[17] -> i_soc.i_cpu.core_i.if_stage_i._855_/D : -8.302893
[setup reg-reg] i_soc.i_cpu.core_i.id_stage_i._3802_/Q -> i_soc.i_cpu.core_i.id_stage_i._3743_/D : -8.298333
[setup reg-reg] i_soc.i_cpu.core_i.id_stage_i._3802_/Q -> i_soc.i_cpu.core_i.id_stage_i.register_file_i._8066_/D : -8.296164
[setup reg-reg] i_soc.i_cpu.core_i.id_stage_i._3802_/Q -> i_soc.i_cpu.core_i.id_stage_i._4019_/D : -8.292464
[setup reg-reg] i_soc.i_cpu.core_i.id_stage_i._3802_/Q -> i_soc.i_cpu.core_i.id_stage_i.register_file_i._8182_/D : -8.289535
[setup reg-reg] i_soc.i_cpu.core_i.id_stage_i._3802_/Q -> i_soc.i_cpu.core_i.id_stage_i.register_file_i._8098_/D : -8.289057
[setup reg-reg] i_soc.i_cpu.core_i.id_stage_i._3802_/Q -> i_soc.i_cpu.core_i.id_stage_i.register_file_i._8130_/D : -8.288256
[setup reg-reg] i_soc.i_cpu.core_i.id_stage_i._3802_/Q -> i_soc.i_cpu.core_i.id_stage_i._3935_/D : -8.283653
[setup reg-reg] i_soc.i_cpu.core_i.id_stage_i._3802_/Q -> i_soc.i_cpu.core_i.id_stage_i.register_file_i._8150_/D : -8.282605
[setup reg-reg] i_soc.i_ai_accel._23118_/Q -> i_soc.i_ai_accel._22919_/D : -8.279150
[setup reg-reg] i_soc.i_cpu.core_i.id_stage_i._3802_/Q -> i_soc.i_cpu.core_i.id_stage_i._3735_/D : -8.276629
[setup reg-reg] i_soc.i_cpu.core_i.id_stage_i._3802_/Q -> i_soc.i_cpu.core_i.id_stage_i._3744_/D : -8.272466
[setup reg-reg] i_soc.i_cpu.core_i.id_stage_i._3802_/Q -> i_soc.i_cpu.core_i.id_stage_i._4006_/D : -8.270555
[setup reg-reg] i_soc.i_cpu.core_i.id_stage_i._3802_/Q -> i_soc.i_cpu.core_i.id_stage_i.register_file_i._8220_/D : -8.267449
[setup reg-reg] i_soc.i_cpu.core_i.id_stage_i._3802_/Q -> i_soc.i_cpu.core_i.id_stage_i._3760_/D : -8.264481
[setup reg-reg] i_soc.i_cpu.core_i.id_stage_i._3802_/Q -> i_soc.i_cpu.core_i.id_stage_i.register_file_i._8738_/D : -8.263099
[setup reg-reg] i_soc.i_cpu.core_i.id_stage_i._3802_/Q -> i_soc.i_cpu.core_i.id_stage_i._3755_/D : -8.261307
[setup reg-reg] i_soc.i_cpu.core_i.id_stage_i._3802_/Q -> i_soc.i_cpu.core_i.id_stage_i.register_file_i._8982_/D : -8.258605
[setup reg-reg] i_soc.i_cpu.core_i.id_stage_i._3802_/Q -> i_soc.i_cpu.core_i.id_stage_i.register_file_i._9014_/D : -8.256431
[setup reg-reg] i_soc.i_cpu.core_i.id_stage_i._3802_/Q -> i_soc.i_cpu.core_i.id_stage_i.register_file_i._8834_/D : -8.243863
[setup reg-reg] i_soc.i_cpu.core_i.id_stage_i._3802_/Q -> i_soc.i_cpu.core_i.id_stage_i._3947_/D : -8.242879
[setup reg-reg] i_soc.i_cpu.core_i.id_stage_i._3802_/Q -> i_soc.i_cpu.core_i.id_stage_i._3737_/D : -8.227390
[setup reg-reg] i_soc.i_cpu.core_i.id_stage_i._3802_/Q -> i_soc.i_cpu.core_i.id_stage_i.register_file_i._8854_/D : -8.224742
[setup reg-reg] i_soc.i_cpu.core_i.id_stage_i._3802_/Q -> i_soc.i_cpu.core_i.id_stage_i._3742_/D : -8.222886
[setup reg-reg] i_soc.i_cpu.core_i.id_stage_i._3802_/Q -> i_soc.i_cpu.core_i.id_stage_i._3720_/D : -8.218614
[setup reg-reg] i_soc.i_cpu.core_i.id_stage_i._3802_/Q -> i_soc.i_cpu.core_i.id_stage_i._3978_/D : -8.216095
[setup reg-reg] i_soc.i_cpu.core_i.id_stage_i._3802_/Q -> i_soc.i_cpu.core_i.id_stage_i.register_file_i._8950_/D : -8.212787
[setup reg-reg] i_soc.i_cpu.core_i.id_stage_i._3802_/Q -> i_soc.i_cpu.core_i.id_stage_i.register_file_i._8886_/D : -8.211769
[setup reg-reg] i_soc.i_cpu.core_i.id_stage_i._3802_/Q -> i_soc.i_cpu.core_i.id_stage_i.register_file_i._8918_/D : -8.211320
[setup reg-reg] i_soc.i_cpu.core_i.id_stage_i._3802_/Q -> i_soc.i_cpu.core_i.id_stage_i.register_file_i._8380_/D : -8.200359
[setup reg-reg] i_soc.i_cpu.core_i.id_stage_i._3802_/Q -> i_soc.i_cpu.core_i.id_stage_i.register_file_i._8828_/D : -8.197859
[setup reg-reg] i_soc.i_cpu.core_i.id_stage_i._3802_/Q -> i_soc.i_cpu.core_i.id_stage_i._3964_/D : -8.195999
[setup reg-reg] i_soc.i_cpu.core_i.id_stage_i._3802_/Q -> i_soc.i_cpu.core_i.id_stage_i._3746_/D : -8.195398
[setup reg-reg] i_soc.i_cpu.core_i.id_stage_i._3802_/Q -> i_soc.i_cpu.core_i.id_stage_i._4009_/D : -8.195274
[setup reg-reg] i_soc.i_cpu.core_i.id_stage_i._3802_/Q -> i_soc.i_cpu.core_i.id_stage_i._3724_/D : -8.190737
[setup reg-reg] i_soc.i_cpu.core_i.id_stage_i._3802_/Q -> i_soc.i_cpu.core_i.id_stage_i._3752_/D : -8.185561
[setup reg-reg] i_soc.i_cpu.core_i.id_stage_i._3802_/Q -> i_soc.i_cpu.core_i.id_stage_i._3700_/D : -8.184501
[setup reg-reg] i_soc.i_cpu.core_i.id_stage_i._3802_/Q -> i_soc.i_cpu.core_i.id_stage_i._3988_/D : -8.180403
[setup reg-reg] i_soc.i_cpu.core_i.id_stage_i._3802_/Q -> i_soc.i_cpu.core_i.id_stage_i._3995_/D : -8.178775
[setup reg-reg] i_soc.i_cpu.core_i.id_stage_i._3802_/Q -> i_soc.i_cpu.core_i.id_stage_i._3956_/D : -8.177485
[setup reg-reg] i_soc.i_cpu.core_i.id_stage_i._3802_/Q -> i_soc.i_cpu.core_i.id_stage_i._4018_/D : -8.177363
[setup reg-reg] i_soc.i_cpu.core_i.id_stage_i._3802_/Q -> i_soc.i_cpu.core_i.id_stage_i._3711_/D : -8.169823
[setup reg-reg] i_soc.i_cpu.core_i.id_stage_i._3802_/Q -> i_soc.i_cpu.core_i.id_stage_i._3765_/D : -8.166553
[setup reg-reg] i_soc.i_cpu.core_i.id_stage_i._3802_/Q -> i_soc.i_cpu.core_i.id_stage_i._3960_/D : -8.164743
[setup reg-reg] i_soc.i_cpu.core_i.id_stage_i._3802_/Q -> i_soc.i_cpu.core_i.id_stage_i._3948_/D : -8.146159
[setup reg-reg] i_soc.i_cpu.core_i.id_stage_i._3802_/Q -> i_soc.i_cpu.core_i.id_stage_i._3718_/D : -8.143620
[setup reg-reg] i_soc.i_cpu.core_i.id_stage_i._3802_/Q -> i_soc.i_cpu.core_i.id_stage_i._3991_/D : -8.139019
[setup reg-reg] i_soc.i_cpu.core_i.id_stage_i._3802_/Q -> i_soc.i_cpu.core_i.id_stage_i._4023_/D : -8.126901
[setup reg-reg] i_soc.i_cpu.core_i.id_stage_i._3802_/Q -> i_soc.i_cpu.core_i.id_stage_i._3938_/D : -8.115560
[setup reg-reg] i_soc.i_cpu.core_i.id_stage_i._3802_/Q -> i_soc.i_cpu.core_i.id_stage_i._3993_/D : -8.114810
[setup reg-reg] i_soc.i_cpu.core_i.id_stage_i._3802_/Q -> i_soc.i_cpu.core_i.id_stage_i._4008_/D : -8.114241
[setup reg-reg] i_soc.i_cpu.core_i.id_stage_i._3802_/Q -> i_soc.i_cpu.core_i.id_stage_i._3687_/D : -8.095892
[setup reg-reg] i_soc.i_cpu.core_i.id_stage_i._3802_/Q -> i_soc.i_cpu.core_i.id_stage_i._3974_/D : -8.095496
[setup reg-reg] i_soc.i_cpu.core_i.id_stage_i._3802_/Q -> i_soc.i_cpu.core_i.id_stage_i._3955_/D : -8.089107
[setup reg-reg] i_soc.i_cpu.core_i.id_stage_i._3802_/Q -> i_soc.i_cpu.core_i.id_stage_i.register_file_i._8226_/D : -8.081504
[setup reg-reg] i_soc.i_cpu.core_i.id_stage_i._3802_/Q -> i_soc.i_cpu.core_i.id_stage_i._3703_/D : -8.079964
[setup reg-reg] i_soc.i_cpu.core_i.id_stage_i._3802_/Q -> i_soc.i_cpu.core_i.id_stage_i._3992_/D : -8.067899
[setup reg-reg] i_soc.i_cpu.core_i.id_stage_i._3802_/Q -> i_soc.i_cpu.core_i.id_stage_i._3751_/D : -8.067499
[setup reg-reg] i_soc.i_cpu.core_i.id_stage_i._3802_/Q -> i_soc.i_cpu.core_i.id_stage_i.register_file_i._8386_/D : -8.066380
[setup reg-reg] i_soc.i_cpu.core_i.id_stage_i._3802_/Q -> i_soc.i_cpu.core_i.id_stage_i._4004_/D : -8.064845
[setup reg-reg] i_soc.i_cpu.core_i.id_stage_i._3802_/Q -> i_soc.i_cpu.core_i.id_stage_i.register_file_i._8734_/D : -8.054660
[setup reg-reg] i_soc.i_cpu.core_i.id_stage_i._3802_/Q -> i_soc.i_cpu.core_i.id_stage_i.register_file_i._8956_/D : -8.050863
[setup reg-reg] i_soc.i_cpu.core_i.id_stage_i._3802_/Q -> i_soc.i_cpu.core_i.id_stage_i.register_file_i._8892_/D : -8.044010
[setup reg-reg] i_soc.i_cpu.core_i.id_stage_i._3802_/Q -> i_soc.i_cpu.core_i.id_stage_i.register_file_i._8188_/D : -8.041996
[setup reg-reg] i_soc.i_cpu.core_i.id_stage_i._3802_/Q -> i_soc.i_cpu.core_i.id_stage_i.register_file_i._8830_/D : -8.039606
[setup reg-reg] i_soc.i_cpu.core_i.id_stage_i._3802_/Q -> i_soc.i_cpu.core_i.id_stage_i.register_file_i._8924_/D : -8.038302
[setup reg-reg] i_soc.i_cpu.core_i.id_stage_i._3802_/Q -> i_soc.i_cpu.core_i.id_stage_i.register_file_i._8860_/D : -8.037237
[setup reg-reg] i_soc.i_cpu.core_i.id_stage_i._3802_/Q -> i_soc.i_cpu.core_i.id_stage_i.register_file_i._8062_/D : -8.032273
[setup reg-reg] i_soc.i_cpu.core_i.id_stage_i._3802_/Q -> i_soc.i_cpu.core_i.id_stage_i.register_file_i._8156_/D : -8.029318
[setup reg-reg] i_soc.i_cpu.core_i.id_stage_i._3802_/Q -> i_soc.i_cpu.core_i.id_stage_i._3959_/D : -8.028847
[setup reg-reg] i_soc.i_cpu.core_i.id_stage_i._3802_/Q -> i_soc.i_cpu.core_i.id_stage_i._3741_/D : -8.027619
[setup reg-reg] i_soc.i_cpu.core_i.id_stage_i._3802_/Q -> i_soc.i_cpu.core_i.id_stage_i.register_file_i._8694_/D : -8.025420
[setup reg-reg] i_soc.i_cpu.core_i.id_stage_i._3802_/Q -> i_soc.i_cpu.core_i.id_stage_i._3965_/D : -8.017274
[setup reg-reg] i_soc.i_cpu.core_i.id_stage_i._3802_/Q -> i_soc.i_cpu.core_i.id_stage_i._3994_/D : -8.015857
[setup reg-reg] i_soc.i_cpu.core_i.id_stage_i._3802_/Q -> i_soc.i_cpu.core_i.id_stage_i._4010_/D : -8.015356
[setup reg-reg] i_soc.i_cpu.core_i.id_stage_i._3802_/Q -> i_soc.i_cpu.core_i.id_stage_i._3952_/D : -8.013732
[setup reg-reg] i_soc.i_cpu.core_i.id_stage_i._3802_/Q -> i_soc.i_cpu.core_i.id_stage_i.register_file_i._8126_/D : -8.011887
[setup reg-reg] i_soc.i_cpu.core_i.id_stage_i._3802_/Q -> i_soc.i_cpu.core_i.id_stage_i._3939_/D : -8.010352
[setup reg-reg] i_soc.i_cpu.core_i.id_stage_i._3802_/Q -> i_soc.i_cpu.core_i.id_stage_i._3757_/D : -8.006951
[setup reg-reg] i_soc.i_cpu.core_i.id_stage_i._3802_/Q -> i_soc.i_cpu.core_i.id_stage_i._3748_/D : -8.003886
[setup reg-reg] i_soc.i_cpu.core_i.id_stage_i._3802_/Q -> i_soc.i_cpu.core_i.id_stage_i._3750_/D : -8.002337
[setup reg-reg] i_soc.i_cpu.core_i.id_stage_i._3802_/Q -> i_soc.i_cpu.core_i.id_stage_i._3739_/D : -8.000761
[setup reg-reg] i_soc.i_cpu.core_i.id_stage_i._3802_/Q -> i_soc.i_cpu.core_i.id_stage_i._3740_/D : -7.995142
[setup reg-reg] i_soc.i_cpu.core_i.id_stage_i._3802_/Q -> i_soc.i_cpu.core_i.id_stage_i._4025_/D : -7.986515
[setup reg-reg] i_soc.i_cpu.core_i.id_stage_i._3802_/Q -> i_soc.i_cpu.core_i.id_stage_i._3951_/D : -7.985144
[setup reg-reg] i_soc.i_cpu.core_i.id_stage_i._3802_/Q -> i_soc.i_cpu.core_i.id_stage_i.register_file_i._8194_/D : -7.975892
[setup reg-reg] i_soc.i_cpu.core_i.id_stage_i._3802_/Q -> i_soc.i_cpu.core_i.id_stage_i.register_file_i._8162_/D : -7.975206
[setup reg-reg] i_soc.i_cpu.core_i.id_stage_i._3802_/Q -> i_soc.i_cpu.core_i.id_stage_i._4005_/D : -7.969691
[setup reg-reg] i_soc.i_cpu.core_i.id_stage_i._3802_/Q -> i_soc.i_cpu.core_i.id_stage_i._3738_/D : -7.966943
[setup reg-reg] i_soc.i_cpu.core_i.id_stage_i._3802_/Q -> i_soc.i_cpu.core_i.id_stage_i.register_file_i._8095_/D : -7.966250
[setup reg-reg] i_soc.i_cpu.core_i.id_stage_i._3802_/Q -> i_soc.i_cpu.core_i.id_stage_i.register_file_i._8063_/D : -7.962328
[setup reg-reg] i_soc.i_cpu.core_i.id_stage_i._3802_/Q -> i_soc.i_cpu.core_i.id_stage_i._3946_/D : -7.959733
[setup reg-reg] i_soc.i_cpu.core_i.id_stage_i._3802_/Q -> i_soc.i_cpu.core_i.id_stage_i._3754_/D : -7.959203
[setup reg-reg] i_soc.i_cpu.core_i.id_stage_i._3802_/Q -> i_soc.i_cpu.core_i.id_stage_i._3756_/D : -7.959146
[setup reg-reg] i_soc.i_cpu.core_i.id_stage_i._3802_/Q -> i_soc.i_cpu.core_i.id_stage_i.register_file_i._8930_/D : -7.954432
[setup reg-reg] i_soc.i_cpu.core_i.id_stage_i._3802_/Q -> i_soc.i_cpu.core_i.id_stage_i._3941_/D : -7.952677
[setup reg-reg] i_soc.i_cpu.core_i.id_stage_i._3802_/Q -> i_soc.i_cpu.core_i.id_stage_i.register_file_i._8371_/D : -7.944536
[setup reg-reg] i_soc.i_cpu.core_i.id_stage_i._3802_/Q -> i_soc.i_cpu.core_i.id_stage_i._3764_/D : -7.937592
[setup reg-reg] i_soc.i_cpu.core_i.id_stage_i._3802_/Q -> i_soc.i_cpu.core_i.id_stage_i._3972_/D : -7.935958
[setup reg-reg] i_soc.i_cpu.core_i.id_stage_i._3802_/Q -> i_soc.i_cpu.core_i.id_stage_i.register_file_i._8051_/D : -7.935524
[setup reg-reg] i_soc.i_cpu.core_i.id_stage_i._3802_/Q -> i_soc.i_cpu.core_i.id_stage_i.register_file_i._8662_/D : -7.933942
[setup reg-reg] i_soc.i_ai_accel._23118_/Q -> i_soc.i_ai_accel._22918_/D : -7.933322
[setup reg-reg] i_soc.i_cpu.core_i.id_stage_i._3802_/Q -> i_soc.i_cpu.core_i.id_stage_i._4020_/D : -7.930858
[setup reg-reg] i_soc.i_cpu.core_i.id_stage_i._3802_/Q -> i_soc.i_cpu.core_i.id_stage_i._4026_/D : -7.930367
[setup reg-reg] i_soc.i_cpu.core_i.id_stage_i._3802_/Q -> i_soc.i_cpu.core_i.id_stage_i._4022_/D : -7.929066
[setup reg-reg] i_soc.i_cpu.core_i.id_stage_i._3802_/Q -> i_soc.i_cpu.core_i.id_stage_i.register_file_i._8723_/D : -7.928924
[setup reg-reg] i_soc.i_cpu.core_i.id_stage_i._3802_/Q -> i_soc.i_cpu.core_i.id_stage_i.register_file_i._8222_/D : -7.927172
[setup reg-reg] i_soc.i_cpu.core_i.id_stage_i._3802_/Q -> i_soc.i_cpu.core_i.id_stage_i.register_file_i._8728_/D : -7.927163
[setup reg-reg] i_soc.i_cpu.core_i.id_stage_i._3802_/Q -> i_soc.i_cpu.core_i.id_stage_i._3736_/D : -7.925092
[setup reg-reg] i_soc.i_cpu.core_i.id_stage_i._3802_/Q -> i_soc.i_cpu.core_i.id_stage_i.register_file_i._8115_/D : -7.922131
[setup reg-reg] i_soc.i_cpu.core_i.id_stage_i._3802_/Q -> i_soc.i_cpu.core_i.id_stage_i.register_file_i._8056_/D : -7.921483
[setup reg-reg] i_soc.i_cpu.core_i.id_stage_i._3802_/Q -> i_soc.i_cpu.core_i.id_stage_i._3970_/D : -7.920367
[setup reg-reg] i_soc.i_cpu.core_i.id_stage_i._3802_/Q -> i_soc.i_cpu.core_i.id_stage_i.register_file_i._8127_/D : -7.918385
[setup reg-reg] i_soc.i_cpu.core_i.id_stage_i._3802_/Q -> i_soc.i_cpu.core_i.id_stage_i._4011_/D : -7.916095
[setup reg-reg] i_soc.i_cpu.core_i.id_stage_i._3802_/Q -> i_soc.i_cpu.core_i.id_stage_i.register_file_i._8382_/D : -7.914585
[setup reg-reg] i_soc.i_cpu.core_i.id_stage_i._3802_/Q -> i_soc.i_cpu.core_i.id_stage_i._3766_/D : -7.910993
[setup reg-reg] i_soc.i_cpu.core_i.id_stage_i._3802_/Q -> i_soc.i_cpu.core_i.id_stage_i.register_file_i._8994_/D : -7.904749
[setup reg-reg] i_soc.i_cpu.core_i.id_stage_i._3802_/Q -> i_soc.i_cpu.core_i.id_stage_i.register_file_i._9026_/D : -7.903044
[setup reg-reg] i_soc.i_cpu.core_i.id_stage_i._3802_/Q -> i_soc.i_cpu.core_i.id_stage_i.register_file_i._8898_/D : -7.900374
[setup reg-reg] i_soc.i_cpu.core_i.id_stage_i._3802_/Q -> i_soc.i_cpu.core_i.id_stage_i.register_file_i._8735_/D : -7.900354
[setup reg-reg] i_soc.i_cpu.core_i.id_stage_i._3802_/Q -> i_soc.i_cpu.core_i.id_stage_i.register_file_i._8962_/D : -7.897168
[setup reg-reg] i_soc.i_cpu.core_i.id_stage_i._3802_/Q -> i_soc.i_cpu.core_i.id_stage_i.register_file_i._8729_/D : -7.897153
[setup reg-reg] i_soc.i_cpu.core_i.id_stage_i._3802_/Q -> i_soc.i_cpu.core_i.id_stage_i._4016_/D : -7.896173
[setup reg-reg] i_soc.i_cpu.core_i.id_stage_i._3802_/Q -> i_soc.i_cpu.core_i.id_stage_i.register_file_i._8866_/D : -7.894663
[setup reg-reg] i_soc.i_cpu.core_i.id_stage_i._3802_/Q -> i_soc.i_cpu.core_i.id_stage_i.register_file_i._8094_/D : -7.893311
[setup reg-reg] i_soc.i_cpu.core_i.id_stage_i._3802_/Q -> i_soc.i_cpu.core_i.id_stage_i._3716_/D : -7.892860
[setup reg-reg] i_soc.i_cpu.core_i.id_stage_i._3802_/Q -> i_soc.i_cpu.core_i.id_stage_i.register_file_i._8121_/D : -7.891327
[setup reg-reg] i_soc.i_cpu.core_i.id_stage_i._3802_/Q -> i_soc.i_cpu.core_i.id_stage_i.register_file_i._8057_/D : -7.890643
[setup reg-reg] i_soc.i_cpu.core_i.id_stage_i._3802_/Q -> i_soc.i_cpu.core_i.id_stage_i.register_file_i._8223_/D : -7.890431
[setup reg-reg] i_soc.i_cpu.core_i.id_stage_i._3802_/Q -> i_soc.i_cpu.core_i.id_stage_i._3953_/D : -7.886262
[setup reg-reg] i_soc.i_cpu.core_i.id_stage_i._3802_/Q -> i_soc.i_cpu.core_i.id_stage_i.register_file_i._8089_/D : -7.884420
[setup reg-reg] i_soc.i_cpu.core_i.id_stage_i._3802_/Q -> i_soc.i_cpu.core_i.id_stage_i.register_file_i._8120_/D : -7.877253
[setup reg-reg] i_soc.i_cpu.core_i.id_stage_i._3802_/Q -> i_soc.i_cpu.core_i.id_stage_i.register_file_i._8630_/D : -7.874869
[setup reg-reg] i_soc.i_cpu.core_i.id_stage_i._3802_/Q -> i_soc.i_cpu.core_i.id_stage_i.register_file_i._8598_/D : -7.874407
[setup reg-reg] i_soc.i_cpu.core_i.id_stage_i._3802_/Q -> i_soc.i_cpu.core_i.id_stage_i.register_file_i._8824_/D : -7.872560
[setup reg-reg] i_soc.i_cpu.core_i.id_stage_i._3802_/Q -> i_soc.i_cpu.core_i.id_stage_i.register_file_i._8566_/D : -7.869184
[setup reg-reg] i_soc.i_cpu.core_i.id_stage_i._3802_/Q -> i_soc.i_cpu.core_i.id_stage_i.register_file_i._8733_/D : -7.859821
[setup reg-reg] i_soc.i_cpu.core_i.id_stage_i._3802_/Q -> i_soc.i_cpu.core_i.id_stage_i.register_file_i._8061_/D : -7.858171
[setup reg-reg] i_soc.i_cpu.core_i.id_stage_i._3802_/Q -> i_soc.i_cpu.core_i.id_stage_i.register_file_i._8829_/D : -7.857624
[setup reg-reg] i_soc.i_cpu.core_i.id_stage_i._3802_/Q -> i_soc.i_cpu.core_i.id_stage_i.register_file_i._8211_/D : -7.856130
[setup reg-reg] i_soc.i_cpu.core_i.id_stage_i._3802_/Q -> i_soc.i_cpu.core_i.id_stage_i._3772_/D : -7.841310
[setup reg-reg] i_soc.i_cpu.core_i.id_stage_i._3802_/Q -> i_soc.i_cpu.core_i.id_stage_i.register_file_i._8216_/D : -7.835096
[setup reg-reg] i_soc.i_cpu.core_i.id_stage_i._3802_/Q -> i_soc.i_cpu.core_i.id_stage_i.register_file_i._8217_/D : -7.830368
[setup reg-reg] i_soc.i_cpu.core_i.id_stage_i._3802_/Q -> i_soc.i_cpu.core_i.id_stage_i.register_file_i._8125_/D : -7.825989
[setup reg-reg] i_soc.i_cpu.core_i.id_stage_i._3802_/Q -> i_soc.i_cpu.core_i.id_stage_i._3934_/D : -7.825273
[setup reg-reg] i_soc.i_cpu.core_i.id_stage_i._3802_/Q -> i_soc.i_cpu.core_i.id_stage_i._3954_/D : -7.822079
[setup reg-reg] i_soc.i_instr_sram.u_sram.gen_bank[3].gen_512.u_macro/dout1[17] -> i_soc.i_cpu.core_i.if_stage_i._850_/D : -7.820774
[setup reg-reg] i_soc.i_cpu.core_i.id_stage_i._3802_/Q -> i_soc.i_cpu.core_i.id_stage_i._3722_/D : -7.814654
[setup reg-reg] i_soc.i_cpu.core_i.id_stage_i._3802_/Q -> i_soc.i_cpu.core_i.id_stage_i._3769_/D : -7.814162
[setup reg-reg] i_soc.i_cpu.core_i.id_stage_i._3802_/Q -> i_soc.i_cpu.core_i.id_stage_i._3961_/D : -7.803020
[setup reg-reg] i_soc.i_cpu.core_i.id_stage_i._3802_/Q -> i_soc.i_cpu.core_i.id_stage_i._3767_/D : -7.802322
[setup reg-reg] i_soc.i_cpu.core_i.id_stage_i._3802_/Q -> i_soc.i_cpu.core_i.id_stage_i._3774_/D : -7.799520
[setup reg-reg] i_soc.i_cpu.core_i.id_stage_i._3802_/Q -> i_soc.i_cpu.core_i.id_stage_i.register_file_i._8819_/D : -7.797958
[setup reg-reg] i_soc.i_cpu.core_i.id_stage_i._3802_/Q -> i_soc.i_cpu.core_i.id_stage_i._3692_/D : -7.797000
[setup reg-reg] i_soc.i_cpu.core_i.id_stage_i._3802_/Q -> i_soc.i_cpu.core_i.id_stage_i.register_file_i._8128_/D : -7.788071
[setup reg-reg] i_soc.i_cpu.core_i.id_stage_i._3802_/Q -> i_soc.i_cpu.core_i.id_stage_i.register_file_i._8083_/D : -7.786334
[setup reg-reg] i_soc.i_cpu.core_i.id_stage_i._3802_/Q -> i_soc.i_cpu.core_i.id_stage_i.register_file_i._8221_/D : -7.782815
[setup reg-reg] i_soc.i_cpu.core_i.id_stage_i._3802_/Q -> i_soc.i_cpu.core_i.id_stage_i.register_file_i._8818_/D : -7.778482
[setup reg-reg] i_soc.i_cpu.core_i.id_stage_i._3802_/Q -> i_soc.i_cpu.core_i.id_stage_i.register_file_i._8064_/D : -7.775860
[setup reg-reg] i_soc.i_cpu.core_i.id_stage_i._3802_/Q -> i_soc.i_cpu.core_i.id_stage_i.register_file_i._8088_/D : -7.772331
[setup reg-reg] i_soc.i_cpu.core_i.id_stage_i._3802_/Q -> i_soc.i_cpu.core_i.id_stage_i.register_file_i._8722_/D : -7.772292
[setup reg-reg] i_soc.i_cpu.core_i.id_stage_i._3802_/Q -> i_soc.i_cpu.core_i.id_stage_i.register_file_i._8736_/D : -7.765506
[setup reg-reg] i_soc.i_cpu.core_i.id_stage_i._3802_/Q -> i_soc.i_cpu.core_i.id_stage_i._4027_/D : -7.760976
[setup reg-reg] i_soc.i_cpu.core_i.id_stage_i._3802_/Q -> i_soc.i_cpu.core_i.id_stage_i._3990_/D : -7.757955
[setup reg-reg] i_soc.i_cpu.core_i.id_stage_i._3802_/Q -> i_soc.i_cpu.core_i.id_stage_i._4028_/D : -7.756050
[setup reg-reg] i_soc.i_cpu.core_i.id_stage_i._3802_/Q -> i_soc.i_cpu.core_i.id_stage_i.register_file_i._8831_/D : -7.754443
[setup reg-reg] i_soc.i_cpu.core_i.id_stage_i._3802_/Q -> i_soc.i_cpu.core_i.id_stage_i._3944_/D : -7.753897
[setup reg-reg] i_soc.i_cpu.core_i.id_stage_i._3802_/Q -> i_soc.i_cpu.core_i.id_stage_i.register_file_i._8210_/D : -7.749432
[setup reg-reg] i_soc.i_cpu.core_i.id_stage_i._3802_/Q -> i_soc.i_cpu.core_i.id_stage_i.register_file_i._8383_/D : -7.749343
[setup reg-reg] i_soc.i_cpu.core_i.id_stage_i._3802_/Q -> i_soc.i_cpu.core_i.id_stage_i.register_file_i._8376_/D : -7.748044
[setup reg-reg] i_soc.i_cpu.core_i.id_stage_i._3802_/Q -> i_soc.i_cpu.core_i.id_stage_i._3679_/D : -7.746403
[setup reg-reg] i_soc.i_cpu.core_i.id_stage_i._3802_/Q -> i_soc.i_cpu.core_i.id_stage_i.register_file_i._8958_/D : -7.745248
[setup reg-reg] i_soc.i_cpu.core_i.id_stage_i._3802_/Q -> i_soc.i_cpu.core_i.id_stage_i.register_file_i._8825_/D : -7.744134
[setup reg-reg] i_soc.i_cpu.core_i.id_stage_i._3802_/Q -> i_soc.i_cpu.core_i.id_stage_i.register_file_i._8636_/D : -7.743202
[setup reg-reg] i_soc.i_cpu.core_i.id_stage_i._3802_/Q -> i_soc.i_cpu.core_i.id_stage_i.register_file_i._8862_/D : -7.738399
[setup reg-reg] i_soc.i_cpu.core_i.id_stage_i._3802_/Q -> i_soc.i_cpu.core_i.id_stage_i.register_file_i._8894_/D : -7.738175
[setup reg-reg] i_soc.i_cpu.core_i.id_stage_i._3802_/Q -> i_soc.i_cpu.core_i.id_stage_i.register_file_i._8926_/D : -7.737713
[setup reg-reg] i_soc.i_cpu.core_i.id_stage_i._3802_/Q -> i_soc.i_cpu.core_i.id_stage_i.register_file_i._8990_/D : -7.727705
[setup reg-reg] i_soc.i_cpu.core_i.id_stage_i._3802_/Q -> i_soc.i_cpu.core_i.id_stage_i._3680_/D : -7.727046
[setup reg-reg] i_soc.i_cpu.core_i.id_stage_i._3802_/Q -> i_soc.i_cpu.core_i.id_stage_i.register_file_i._8381_/D : -7.725666
[setup reg-reg] i_soc.i_cpu.core_i.id_stage_i._3802_/Q -> i_soc.i_cpu.core_i.id_stage_i.register_file_i._9022_/D : -7.719640
[setup reg-reg] i_soc.i_cpu.core_i.id_stage_i._3802_/Q -> i_soc.i_cpu.core_i.id_stage_i._4021_/D : -7.717843
[setup reg-reg] i_soc.i_cpu.core_i.id_stage_i._3802_/Q -> i_soc.i_cpu.core_i.id_stage_i.register_file_i._8377_/D : -7.714487
[setup reg-reg] i_soc.i_cpu.core_i.id_stage_i._3802_/Q -> i_soc.i_cpu.core_i.id_stage_i.register_file_i._8792_/D : -7.714490
[setup reg-reg] i_soc.i_cpu.core_i.id_stage_i._3802_/Q -> i_soc.i_cpu.core_i.id_stage_i._3707_/D : -7.713588
[setup reg-reg] i_soc.i_cpu.core_i.id_stage_i._3802_/Q -> i_soc.i_cpu.core_i.id_stage_i.register_file_i._8093_/D : -7.712966
[setup reg-reg] i_soc.i_cpu.core_i.id_stage_i._3802_/Q -> i_soc.i_cpu.core_i.id_stage_i.register_file_i._8760_/D : -7.709307
[setup reg-reg] i_soc.i_cpu.core_i.id_stage_i._3802_/Q -> i_soc.i_cpu.core_i.id_stage_i.register_file_i._8534_/D : -7.705651
[setup reg-reg] i_soc.i_cpu.core_i.id_stage_i._3802_/Q -> i_soc.i_cpu.core_i.id_stage_i.register_file_i._8696_/D : -7.704911
[setup reg-reg] i_soc.i_cpu.core_i.id_stage_i._3802_/Q -> i_soc.i_cpu.core_i.id_stage_i.register_file_i._8158_/D : -7.702122
[setup reg-reg] i_soc.i_cpu.core_i.id_stage_i._3802_/Q -> i_soc.i_cpu.core_i.id_stage_i.register_file_i._8190_/D : -7.698541
[setup reg-reg] i_soc.i_cpu.core_i.id_stage_i._3802_/Q -> i_soc.i_cpu.core_i.id_stage_i.register_file_i._8224_/D : -7.697798
[setup reg-reg] i_soc.i_cpu.core_i.id_stage_i._3802_/Q -> i_soc.i_cpu.core_i.id_stage_i._3976_/D : -7.697610
[setup reg-reg] i_soc.i_cpu.core_i.id_stage_i._3802_/Q -> i_soc.i_cpu.core_i.id_stage_i._4024_/D : -7.694466
[setup reg-reg] i_soc.i_ai_accel._23118_/Q -> i_soc.i_ai_accel._22917_/D : -7.691174
[setup reg-reg] i_soc.i_cpu.core_i.id_stage_i._3802_/Q -> i_soc.i_cpu.core_i.id_stage_i._3771_/D : -7.684525
[setup reg-reg] i_soc.i_cpu.core_i.id_stage_i._3802_/Q -> i_soc.i_cpu.core_i.id_stage_i.register_file_i._8444_/D : -7.678923
[setup reg-reg] i_soc.i_cpu.core_i.id_stage_i._3802_/Q -> i_soc.i_cpu.core_i.id_stage_i._3942_/D : -7.678582
[setup reg-reg] i_soc.i_cpu.core_i.id_stage_i._3802_/Q -> i_soc.i_cpu.core_i.id_stage_i.register_file_i._8252_/D : -7.675580
[setup reg-reg] i_soc.i_cpu.core_i.id_stage_i._3802_/Q -> i_soc.i_cpu.core_i.id_stage_i._3688_/D : -7.670965
[setup reg-reg] i_soc.i_cpu.core_i.id_stage_i._3802_/Q -> i_soc.i_cpu.core_i.id_stage_i.register_file_i._9023_/D : -7.662912
[setup reg-reg] i_soc.i_cpu.core_i.id_stage_i._3802_/Q -> i_soc.i_cpu.core_i.id_stage_i._3957_/D : -7.655979
[setup reg-reg] i_soc.i_cpu.core_i.id_stage_i._3802_/Q -> i_soc.i_cpu.core_i.id_stage_i._3696_/D : -7.655626
[setup reg-reg] i_soc.i_cpu.core_i.id_stage_i._3802_/Q -> i_soc.i_cpu.core_i.id_stage_i.register_file_i._8316_/D : -7.653823
[setup reg-reg] i_soc.i_cpu.core_i.id_stage_i._3802_/Q -> i_soc.i_cpu.core_i.id_stage_i.register_file_i._8191_/D : -7.653577
[setup reg-reg] i_soc.i_cpu.core_i.id_stage_i._3802_/Q -> i_soc.i_cpu.core_i.id_stage_i._3768_/D : -7.645719
[setup reg-reg] i_soc.i_instr_sram.u_sram.gen_bank[3].gen_512.u_macro/dout1[17] -> i_soc.i_cpu.core_i.if_stage_i._858_/D : -7.643989
[setup reg-reg] i_soc.i_cpu.core_i.id_stage_i._3802_/Q -> i_soc.i_cpu.core_i.id_stage_i.register_file_i._8284_/D : -7.641674
[setup reg-reg] i_soc.i_cpu.core_i.id_stage_i._3802_/Q -> i_soc.i_cpu.core_i.id_stage_i.register_file_i._8370_/D : -7.638619
[setup reg-reg] i_soc.i_cpu.core_i.id_stage_i._3802_/Q -> i_soc.i_cpu.core_i.id_stage_i.register_file_i._8348_/D : -7.637987
[setup reg-reg] i_soc.i_cpu.core_i.id_stage_i._3802_/Q -> i_soc.i_cpu.core_i.id_stage_i.register_file_i._8915_/D : -7.632734
[setup reg-reg] i_soc.i_cpu.core_i.id_stage_i._3802_/Q -> i_soc.i_cpu.core_i.id_stage_i.register_file_i._8384_/D : -7.629632
[setup reg-reg] i_soc.i_cpu.core_i.id_stage_i._3802_/Q -> i_soc.i_cpu.core_i.id_stage_i.register_file_i._8991_/D : -7.627849
[setup reg-reg] i_soc.i_cpu.core_i.id_stage_i._3802_/Q -> i_soc.i_cpu.core_i.id_stage_i.register_file_i._8947_/D : -7.626895
[setup reg-reg] i_soc.i_cpu.core_i.id_stage_i._3802_/Q -> i_soc.i_cpu.core_i.id_stage_i.register_file_i._8883_/D : -7.626039
[setup reg-reg] i_soc.i_cpu.core_i.id_stage_i._3802_/Q -> i_soc.i_cpu.core_i.id_stage_i.register_file_i._9011_/D : -7.620910
[setup reg-reg] i_soc.i_cpu.core_i.id_stage_i._3802_/Q -> i_soc.i_cpu.core_i.id_stage_i._3770_/D : -7.620893
[setup reg-reg] i_soc.i_cpu.core_i.id_stage_i._3802_/Q -> i_soc.i_cpu.core_i.id_stage_i.register_file_i._8091_/D : -7.619678
[setup reg-reg] i_soc.i_cpu.core_i.id_stage_i._3802_/Q -> i_soc.i_cpu.core_i.id_stage_i.register_file_i._8832_/D : -7.617805
[setup reg-reg] i_soc.i_cpu.core_i.id_stage_i._3802_/Q -> i_soc.i_cpu.core_i.id_stage_i.register_file_i._8851_/D : -7.616375
[setup reg-reg] i_soc.i_cpu.core_i.id_stage_i._3802_/Q -> i_soc.i_cpu.core_i.id_stage_i.register_file_i._8562_/D : -7.615840
[setup reg-reg] i_soc.i_cpu.core_i.id_stage_i._3802_/Q -> i_soc.i_cpu.core_i.id_stage_i._3773_/D : -7.614963
[setup reg-reg] i_soc.i_cpu.core_i.id_stage_i._3802_/Q -> i_soc.i_cpu.core_i.id_stage_i.register_file_i._8731_/D : -7.614088
[setup reg-reg] i_soc.i_cpu.core_i.id_stage_i._3802_/Q -> i_soc.i_cpu.core_i.id_stage_i.register_file_i._8059_/D : -7.614025
[setup reg-reg] i_soc.i_cpu.core_i.id_stage_i._3802_/Q -> i_soc.i_cpu.core_i.id_stage_i.register_file_i._8626_/D : -7.613494
[setup reg-reg] i_soc.i_cpu.core_i.id_stage_i._3802_/Q -> i_soc.i_cpu.core_i.id_stage_i.register_file_i._8258_/D : -7.611727
[setup reg-reg] i_soc.i_cpu.core_i.id_stage_i._3802_/Q -> i_soc.i_cpu.core_i.id_stage_i.register_file_i._8594_/D : -7.611073
[setup reg-reg] i_soc.i_cpu.core_i.id_stage_i._3802_/Q -> i_soc.i_cpu.core_i.id_stage_i.register_file_i._8096_/D : -7.608586
[setup reg-reg] i_soc.i_cpu.core_i.id_stage_i._3802_/Q -> i_soc.i_cpu.core_i.id_stage_i.register_file_i._8856_/D : -7.608083
[setup reg-reg] i_soc.i_cpu.core_i.id_stage_i._3802_/Q -> i_soc.i_cpu.core_i.id_stage_i.register_file_i._8920_/D : -7.607207
[setup reg-reg] i_soc.i_cpu.core_i.id_stage_i._3802_/Q -> i_soc.i_cpu.core_i.id_stage_i.register_file_i._8888_/D : -7.606930
[setup reg-reg] i_soc.i_cpu.core_i.id_stage_i._3802_/Q -> i_soc.i_cpu.core_i.id_stage_i.register_file_i._8952_/D : -7.606625
[setup reg-reg] i_soc.i_cpu.core_i.id_stage_i._3802_/Q -> i_soc.i_cpu.core_i.id_stage_i.register_file_i._8322_/D : -7.606115
[setup reg-reg] i_soc.i_cpu.core_i.id_stage_i._3802_/Q -> i_soc.i_cpu.core_i.id_stage_i.register_file_i._8123_/D : -7.605063
[setup reg-reg] i_soc.i_cpu.core_i.id_stage_i._3802_/Q -> i_soc.i_cpu.core_i.id_stage_i.register_file_i._8185_/D : -7.603373
[setup reg-reg] i_soc.i_cpu.core_i.id_stage_i._3802_/Q -> i_soc.i_cpu.core_i.id_stage_i.register_file_i._8959_/D : -7.602443
[setup reg-reg] i_soc.i_cpu.core_i.id_stage_i._3802_/Q -> i_soc.i_cpu.core_i.id_stage_i.register_file_i._8863_/D : -7.601399
[setup reg-reg] i_soc.i_cpu.core_i.id_stage_i._3802_/Q -> i_soc.i_cpu.core_i.id_stage_i.register_file_i._8153_/D : -7.601181
[setup reg-reg] i_soc.i_cpu.core_i.id_stage_i._3802_/Q -> i_soc.i_cpu.core_i.id_stage_i.register_file_i._8290_/D : -7.600880
[setup reg-reg] i_soc.i_cpu.core_i.id_stage_i._3802_/Q -> i_soc.i_cpu.core_i.id_stage_i.register_file_i._8184_/D : -7.600327
[setup reg-reg] i_soc.i_cpu.core_i.id_stage_i._3802_/Q -> i_soc.i_cpu.core_i.id_stage_i.register_file_i._8159_/D : -7.600243
[setup reg-reg] i_soc.i_cpu.core_i.id_stage_i._3802_/Q -> i_soc.i_cpu.core_i.id_stage_i.register_file_i._8927_/D : -7.599118
[setup reg-reg] i_soc.i_cpu.core_i.id_stage_i._3802_/Q -> i_soc.i_cpu.core_i.id_stage_i.register_file_i._8152_/D : -7.598212
[setup reg-reg] i_soc.i_cpu.core_i.id_stage_i._3802_/Q -> i_soc.i_cpu.core_i.id_stage_i.register_file_i._8604_/D : -7.596054
[setup reg-reg] i_soc.i_cpu.core_i.id_stage_i._3802_/Q -> i_soc.i_cpu.core_i.id_stage_i.register_file_i._8179_/D : -7.592394
[setup reg-reg] i_soc.i_cpu.core_i.id_stage_i._3802_/Q -> i_soc.i_cpu.core_i.id_stage_i._3762_/D : -7.588140
[setup reg-reg] i_soc.i_cpu.core_i.id_stage_i._3802_/Q -> i_soc.i_cpu.core_i.id_stage_i.register_file_i._8979_/D : -7.587589
[setup reg-reg] i_soc.i_cpu.core_i.id_stage_i._3802_/Q -> i_soc.i_cpu.core_i.id_stage_i.register_file_i._8857_/D : -7.586929
[setup reg-reg] i_soc.i_cpu.core_i.id_stage_i._3829_/Q -> i_soc.i_cpu.core_i.id_stage_i._3708_/D : -7.586451
[setup reg-reg] i_soc.i_cpu.core_i.id_stage_i._3802_/Q -> i_soc.i_cpu.core_i.id_stage_i.register_file_i._8147_/D : -7.586145
[setup reg-reg] i_soc.i_cpu.core_i.id_stage_i._3802_/Q -> i_soc.i_cpu.core_i.id_stage_i.register_file_i._9017_/D : -7.583628
[setup reg-reg] i_soc.i_cpu.core_i.id_stage_i._3802_/Q -> i_soc.i_cpu.core_i.id_stage_i.register_file_i._8668_/D : -7.581763
[setup reg-reg] i_soc.i_cpu.core_i.id_stage_i._3802_/Q -> i_soc.i_cpu.core_i.id_stage_i._3936_/D : -7.577457
[setup reg-reg] i_soc.i_cpu.core_i.id_stage_i._3802_/Q -> i_soc.i_cpu.core_i.id_stage_i.register_file_i._8895_/D : -7.577299
[setup reg-reg] i_soc.i_cpu.core_i.id_stage_i._3802_/Q -> i_soc.i_cpu.core_i.id_stage_i.register_file_i._8142_/D : -7.575501
[setup reg-reg] i_soc.i_cpu.core_i.id_stage_i._3802_/Q -> i_soc.i_cpu.core_i.id_stage_i._3710_/D : -7.575123
[setup reg-reg] i_soc.i_cpu.core_i.id_stage_i._3802_/Q -> i_soc.i_cpu.core_i.id_stage_i.register_file_i._8985_/D : -7.574890
[setup reg-reg] i_soc.i_cpu.core_i.id_stage_i._3802_/Q -> i_soc.i_cpu.core_i.id_stage_i._3686_/D : -7.567110
[setup reg-reg] i_soc.i_cpu.core_i.id_stage_i._3802_/Q -> i_soc.i_cpu.core_i.id_stage_i.register_file_i._8320_/D : -7.561084
[setup reg-reg] i_soc.i_cpu.core_i.id_stage_i._3802_/Q -> i_soc.i_cpu.core_i.id_stage_i.register_file_i._8256_/D : -7.555516
[setup reg-reg] i_soc.i_cpu.core_i.id_stage_i._3802_/Q -> i_soc.i_cpu.core_i.id_stage_i.register_file_i._8352_/D : -7.553631
[setup reg-reg] i_soc.i_cpu.core_i.id_stage_i._3802_/Q -> i_soc.i_cpu.core_i.id_stage_i.register_file_i._8354_/D : -7.552462
[setup reg-reg] i_soc.i_cpu.core_i.id_stage_i._3802_/Q -> i_soc.i_cpu.core_i.id_stage_i.register_file_i._8502_/D : -7.550613
[setup reg-reg] i_soc.i_cpu.core_i.id_stage_i._3802_/Q -> i_soc.i_cpu.core_i.id_stage_i.register_file_i._8310_/D : -7.550329
[setup reg-reg] i_soc.i_cpu.core_i.id_stage_i._3802_/Q -> i_soc.i_cpu.core_i.id_stage_i.register_file_i._8219_/D : -7.548508
[setup reg-reg] i_soc.i_cpu.core_i.id_stage_i._3802_/Q -> i_soc.i_cpu.core_i.id_stage_i.register_file_i._8861_/D : -7.548487
[setup reg-reg] i_soc.i_cpu.core_i.id_stage_i._3802_/Q -> i_soc.i_cpu.core_i.id_stage_i.register_file_i._8989_/D : -7.547728
[setup reg-reg] i_soc.i_cpu.core_i.id_stage_i._3802_/Q -> i_soc.i_cpu.core_i.id_stage_i.register_file_i._8288_/D : -7.546886
[setup reg-reg] i_soc.i_cpu.core_i.id_stage_i._3802_/Q -> i_soc.i_cpu.core_i.id_stage_i.register_file_i._8846_/D : -7.546598
[setup reg-reg] i_soc.i_cpu.core_i.id_stage_i._3802_/Q -> i_soc.i_cpu.core_i.id_stage_i.register_file_i._8740_/D : -7.543962
[setup reg-reg] i_soc.i_cpu.core_i.id_stage_i._3802_/Q -> i_soc.i_cpu.core_i.id_stage_i.register_file_i._8957_/D : -7.543111
[setup reg-reg] i_soc.i_cpu.core_i.id_stage_i._3802_/Q -> i_soc.i_cpu.core_i.id_stage_i.register_file_i._9021_/D : -7.542997
[setup reg-reg] i_soc.i_cpu.core_i.id_stage_i._3802_/Q -> i_soc.i_cpu.core_i.id_stage_i.register_file_i._8480_/D : -7.542472
[setup reg-reg] i_soc.i_cpu.core_i.id_stage_i._3802_/Q -> i_soc.i_cpu.core_i.id_stage_i.register_file_i._8925_/D : -7.541772
[setup reg-reg] i_soc.i_cpu.core_i.id_stage_i._3802_/Q -> i_soc.i_cpu.core_i.id_stage_i.register_file_i._8068_/D : -7.541559
[setup reg-reg] i_soc.i_cpu.core_i.id_stage_i._3802_/Q -> i_soc.i_cpu.core_i.id_stage_i.register_file_i._8278_/D : -7.541005
[setup reg-reg] i_soc.i_cpu.core_i.id_stage_i._3802_/Q -> i_soc.i_cpu.core_i.id_stage_i.register_file_i._8893_/D : -7.539949
[setup reg-reg] i_soc.i_cpu.core_i.id_stage_i._3802_/Q -> i_soc.i_cpu.core_i.id_stage_i.register_file_i._8476_/D : -7.538809
[setup reg-reg] i_soc.i_cpu.core_i.id_stage_i._3802_/Q -> i_soc.i_cpu.core_i.id_stage_i.register_file_i._8572_/D : -7.537844
[setup reg-reg] i_soc.i_cpu.core_i.id_stage_i._3802_/Q -> i_soc.i_cpu.core_i.id_stage_i.register_file_i._8342_/D : -7.536347
[setup reg-reg] i_soc.i_cpu.core_i.id_stage_i._3802_/Q -> i_soc.i_cpu.core_i.id_stage_i.register_file_i._8438_/D : -7.535864
[setup reg-reg] i_soc.i_cpu.core_i.id_stage_i._3802_/Q -> i_soc.i_cpu.core_i.id_stage_i.register_file_i._8889_/D : -7.535432
[setup reg-reg] i_soc.i_cpu.core_i.id_stage_i._3802_/Q -> i_soc.i_cpu.core_i.id_stage_i.register_file_i._8246_/D : -7.528760
[setup reg-reg] i_soc.i_cpu.core_i.id_stage_i._3802_/Q -> i_soc.i_cpu.core_i.id_stage_i.register_file_i._8953_/D : -7.527802
[setup reg-reg] i_soc.i_cpu.core_i.id_stage_i._3802_/Q -> i_soc.i_cpu.core_i.id_stage_i.register_file_i._8508_/D : -7.527721
[setup reg-reg] i_soc.i_cpu.core_i.id_stage_i._3802_/Q -> i_soc.i_cpu.core_i.id_stage_i.register_file_i._8750_/D : -7.523859
[setup reg-reg] i_soc.i_cpu.core_i.id_stage_i._3802_/Q -> i_soc.i_cpu.core_i.id_stage_i.register_file_i._8921_/D : -7.523198
[setup reg-reg] i_soc.i_cpu.core_i.id_stage_i._3802_/Q -> i_soc.i_cpu.core_i.id_stage_i._3694_/D : -7.517209
[setup reg-reg] i_soc.i_cpu.core_i.id_stage_i._3802_/Q -> i_soc.i_cpu.core_i.id_stage_i.register_file_i._8157_/D : -7.511535
[setup reg-reg] i_soc.i_cpu.core_i.id_stage_i._3802_/Q -> i_soc.i_cpu.core_i.id_stage_i.register_file_i._8189_/D : -7.510936
[setup reg-reg] i_soc.i_cpu.core_i.id_stage_i._3802_/Q -> i_soc.i_cpu.core_i.id_stage_i.register_file_i._8238_/D : -7.507229
[setup reg-reg] i_soc.i_cpu.core_i.id_stage_i._3802_/Q -> i_soc.i_cpu.core_i.id_stage_i._3693_/D : -7.504900
[setup reg-reg] i_soc.i_cpu.core_i.id_stage_i._3802_/Q -> i_soc.i_cpu.core_i.id_stage_i.register_file_i._8836_/D : -7.504870
[setup reg-reg] i_soc.i_cpu.core_i.id_stage_i._3802_/Q -> i_soc.i_cpu.core_i.id_stage_i.register_file_i._8178_/D : -7.504309
[setup reg-reg] i_soc.i_cpu.core_i.id_stage_i._3802_/Q -> i_soc.i_cpu.core_i.id_stage_i.register_file_i._8638_/D : -7.503314
[setup reg-reg] i_soc.i_cpu.core_i.id_stage_i._3802_/Q -> i_soc.i_cpu.core_i.id_stage_i._3706_/D : -7.501935
[setup reg-reg] i_soc.i_cpu.core_i.id_stage_i._3802_/Q -> i_soc.i_cpu.core_i.id_stage_i.register_file_i._8578_/D : -7.499177
[setup reg-reg] i_soc.i_cpu.core_i.id_stage_i._3802_/Q -> i_soc.i_cpu.core_i.id_stage_i.register_file_i._8610_/D : -7.499123
[setup reg-reg] i_soc.i_cpu.core_i.id_stage_i._3802_/Q -> i_soc.i_cpu.core_i.id_stage_i.register_file_i._8725_/D : -7.496459
[setup reg-reg] i_soc.i_cpu.core_i.id_stage_i._3802_/Q -> i_soc.i_cpu.core_i.id_stage_i.register_file_i._8642_/D : -7.491698
[setup reg-reg] i_soc.i_cpu.core_i.id_stage_i._3802_/Q -> i_soc.i_cpu.core_i.id_stage_i.register_file_i._8450_/D : -7.478111
[setup reg-reg] i_soc.i_cpu.core_i.id_stage_i._3802_/Q -> i_soc.i_cpu.core_i.id_stage_i.register_file_i._8145_/D : -7.477928
[setup reg-reg] i_soc.i_cpu.core_i.id_stage_i._3802_/Q -> i_soc.i_cpu.core_i.id_stage_i.register_file_i._8081_/D : -7.477148
[setup reg-reg] i_soc.i_cpu.core_i.id_stage_i._3802_/Q -> i_soc.i_cpu.core_i.id_stage_i.register_file_i._8514_/D : -7.476183
[setup reg-reg] i_soc.i_cpu.core_i.id_stage_i._3802_/Q -> i_soc.i_cpu.core_i.id_stage_i.register_file_i._8446_/D : -7.473119
[setup reg-reg] i_soc.i_cpu.core_i.id_stage_i._3802_/Q -> i_soc.i_cpu.core_i.id_stage_i.register_file_i._8672_/D : -7.471822
[setup reg-reg] i_soc.i_cpu.core_i.id_stage_i._3802_/Q -> i_soc.i_cpu.core_i.id_stage_i._3958_/D : -7.471712
[setup reg-reg] i_soc.i_cpu.core_i.id_stage_i._3802_/Q -> i_soc.i_cpu.core_i.id_stage_i.register_file_i._8192_/D : -7.471305
[setup reg-reg] i_soc.i_cpu.core_i.id_stage_i._3802_/Q -> i_soc.i_cpu.core_i.id_stage_i.register_file_i._8379_/D : -7.469231
[setup reg-reg] i_soc.i_cpu.core_i.id_stage_i._3802_/Q -> i_soc.i_cpu.core_i.id_stage_i.register_file_i._8827_/D : -7.469126
[setup reg-reg] i_soc.i_cpu.core_i.id_stage_i._3802_/Q -> i_soc.i_cpu.core_i.id_stage_i.register_file_i._9024_/D : -7.467956
[setup reg-reg] i_soc.i_cpu.core_i.id_stage_i._3802_/Q -> i_soc.i_cpu.core_i.id_stage_i.register_file_i._8160_/D : -7.467282
[setup reg-reg] i_soc.i_cpu.core_i.id_stage_i._3802_/Q -> i_soc.i_cpu.core_i.id_stage_i.register_file_i._8228_/D : -7.466216
[setup reg-reg] i_soc.i_cpu.core_i.id_stage_i._3712_/Q -> i_soc.i_axi_dm_slave._518_/D : -7.465492
[setup reg-reg] i_soc.i_cpu.core_i.id_stage_i._3802_/Q -> i_soc.i_cpu.core_i.id_stage_i.register_file_i._8992_/D : -7.465321
[setup reg-reg] i_soc.i_cpu.core_i.id_stage_i._3802_/Q -> i_soc.i_cpu.core_i.id_stage_i.register_file_i._8078_/D : -7.464736
[setup reg-reg] i_soc.i_cpu.core_i.id_stage_i._3802_/Q -> i_soc.i_cpu.core_i.id_stage_i.register_file_i._8946_/D : -7.464735
[setup reg-reg] i_soc.i_cpu.core_i.id_stage_i._3802_/Q -> i_soc.i_cpu.core_i.id_stage_i.register_file_i._8670_/D : -7.463415
[setup reg-reg] i_soc.i_cpu.core_i.id_stage_i._3802_/Q -> i_soc.i_cpu.core_i.id_stage_i.register_file_i._8882_/D : -7.462939
[setup reg-reg] i_soc.i_cpu.core_i.id_stage_i._3802_/Q -> i_soc.i_cpu.core_i.id_stage_i.register_file_i._8914_/D : -7.462845
[setup reg-reg] i_soc.i_cpu.core_i.id_stage_i._3712_/Q -> i_soc.i_axi_dm_slave._490_/D : -7.460981
[setup reg-reg] i_soc.i_instr_sram.u_sram.gen_bank[3].gen_512.u_macro/dout1[17] -> i_soc.i_cpu.core_i.if_stage_i._859_/D : -7.458720
[setup reg-reg] i_soc.i_cpu.core_i.id_stage_i._3712_/Q -> i_soc.i_axi_dm_slave._512_/D : -7.458246
[setup reg-reg] i_soc.i_cpu.core_i.id_stage_i._3802_/Q -> i_soc.i_cpu.core_i.id_stage_i._3704_/D : -7.458175
[setup reg-reg] i_soc.i_cpu.core_i.id_stage_i._3802_/Q -> i_soc.i_cpu.core_i.id_stage_i.register_file_i._8753_/D : -7.457363
[setup reg-reg] i_soc.i_cpu.core_i.id_stage_i._3802_/Q -> i_soc.i_cpu.core_i.id_stage_i.register_file_i._8850_/D : -7.457045
[setup reg-reg] i_soc.i_cpu.core_i.id_stage_i._3712_/Q -> i_soc.i_axi_dm_slave._491_/D : -7.456725
[setup reg-reg] i_soc.i_cpu.core_i.id_stage_i._3802_/Q -> i_soc.i_cpu.core_i.id_stage_i.register_file_i._8896_/D : -7.455922
[setup reg-reg] i_soc.i_cpu.core_i.id_stage_i._3802_/Q -> i_soc.i_cpu.core_i.id_stage_i.register_file_i._8928_/D : -7.455457
[setup reg-reg] i_soc.i_cpu.core_i.id_stage_i._3802_/Q -> i_soc.i_cpu.core_i.id_stage_i.register_file_i._8286_/D : -7.454381
[setup reg-reg] i_soc.i_cpu.core_i.id_stage_i._3802_/Q -> i_soc.i_cpu.core_i.id_stage_i.register_file_i._8960_/D : -7.449789
[setup reg-reg] i_soc.i_cpu.core_i.id_stage_i._3802_/Q -> i_soc.i_cpu.core_i.id_stage_i.register_file_i._8108_/D : -7.448915
[setup reg-reg] i_soc.i_cpu.core_i.id_stage_i._3802_/Q -> i_soc.i_cpu.core_i.id_stage_i.register_file_i._8085_/D : -7.448733
[setup reg-reg] i_soc.i_cpu.core_i.id_stage_i._3712_/Q -> i_soc.i_axi_dm_slave._516_/D : -7.448229
[setup reg-reg] i_soc.i_cpu.core_i.id_stage_i._3712_/Q -> i_soc.i_axi_dm_slave._493_/D : -7.447906
[setup reg-reg] i_soc.i_cpu.core_i.id_stage_i._3802_/Q -> i_soc.i_cpu.core_i.id_stage_i.register_file_i._8146_/D : -7.447381
[setup reg-reg] i_soc.i_cpu.core_i.id_stage_i._3802_/Q -> i_soc.i_cpu.core_i.id_stage_i.register_file_i._8530_/D : -7.445284
[setup reg-reg] i_soc.i_cpu.core_i.id_stage_i._3802_/Q -> i_soc.i_cpu.core_i.id_stage_i.register_file_i._8864_/D : -7.445273
[setup reg-reg] i_soc.i_cpu.core_i.id_stage_i._3802_/Q -> i_soc.i_cpu.core_i.id_stage_i.register_file_i._8053_/D : -7.444269
[setup reg-reg] i_soc.i_cpu.core_i.id_stage_i._3802_/Q -> i_soc.i_cpu.core_i.id_stage_i.register_file_i._8674_/D : -7.433506
[setup reg-reg] i_soc.i_cpu.core_i.id_stage_i._3802_/Q -> i_soc.i_cpu.core_i.id_stage_i.register_file_i._8138_/D : -7.432767
[setup reg-reg] i_soc.i_cpu.core_i.id_stage_i._3802_/Q -> i_soc.i_cpu.core_i.id_stage_i.register_file_i._8110_/D : -7.432659
[setup reg-reg] i_soc.i_cpu.core_i.id_stage_i._3802_/Q -> i_soc.i_cpu.core_i.id_stage_i.register_file_i._8540_/D : -7.425000
[setup reg-reg] i_soc.i_cpu.core_i.id_stage_i._3802_/Q -> i_soc.i_cpu.core_i.id_stage_i.register_file_i._8826_/D : -7.423408
[setup reg-reg] i_soc.i_cpu.core_i.id_stage_i._3802_/Q -> i_soc.i_cpu.core_i.id_stage_i.register_file_i._8132_/D : -7.423198
[setup reg-reg] i_soc.i_cpu.core_i.id_stage_i._3802_/Q -> i_soc.i_cpu.core_i.id_stage_i.register_file_i._8448_/D : -7.421353
[setup reg-reg] i_soc.i_cpu.core_i.id_stage_i._3712_/Q -> i_soc.i_axi_dm_slave._514_/D : -7.419128
[setup reg-reg] i_soc.i_cpu.core_i.id_stage_i._3802_/Q -> i_soc.i_cpu.core_i.id_stage_i._3701_/D : -7.418640
[setup reg-reg] i_soc.i_cpu.core_i.id_stage_i._3712_/Q -> i_soc.i_axi_dm_slave._494_/D : -7.416622
[setup reg-reg] i_soc.i_cpu.core_i.id_stage_i._3802_/Q -> i_soc.i_cpu.core_i.id_stage_i.register_file_i._8632_/D : -7.416152
[setup reg-reg] i_soc.i_cpu.core_i.id_stage_i._3802_/Q -> i_soc.i_cpu.core_i.id_stage_i.register_file_i._8574_/D : -7.415455
[setup reg-reg] i_soc.i_cpu.core_i.id_stage_i._3802_/Q -> i_soc.i_cpu.core_i.id_stage_i._3690_/D : -7.414684
[setup reg-reg] i_soc.i_cpu.core_i.id_stage_i._3712_/Q -> i_soc.i_axi_dm_slave._515_/D : -7.412261
[setup reg-reg] i_soc.i_cpu.core_i.id_stage_i._3712_/Q -> i_soc.i_axi_dm_slave._513_/D : -7.411362
[setup reg-reg] i_soc.i_cpu.core_i.id_stage_i._3712_/Q -> i_soc.i_axi_dm_slave._517_/D : -7.410796
[setup reg-reg] i_soc.i_cpu.core_i.id_stage_i._3802_/Q -> i_soc.i_cpu.core_i.id_stage_i.register_file_i._8100_/D : -7.407474
[setup reg-reg] i_soc.i_cpu.core_i.id_stage_i._3802_/Q -> i_soc.i_cpu.core_i.id_stage_i.register_file_i._8058_/D : -7.406079
[setup reg-reg] i_soc.i_cpu.core_i.id_stage_i._3802_/Q -> i_soc.i_cpu.core_i.id_stage_i.register_file_i._8241_/D : -7.405893
[setup reg-reg] i_soc.i_cpu.core_i.id_stage_i._3802_/Q -> i_soc.i_cpu.core_i.id_stage_i.register_file_i._8378_/D : -7.405094
[setup reg-reg] i_soc.i_cpu.core_i.id_stage_i._3802_/Q -> i_soc.i_cpu.core_i.id_stage_i.register_file_i._8512_/D : -7.405037
[setup reg-reg] i_soc.i_cpu.core_i.id_stage_i._3712_/Q -> i_soc.i_axi_dm_slave._511_/D : -7.404186
[setup reg-reg] i_soc.i_cpu.core_i.id_stage_i._3802_/Q -> i_soc.i_cpu.core_i.id_stage_i._3691_/D : -7.403127
[setup reg-reg] i_soc.i_cpu.core_i.id_stage_i._3802_/Q -> i_soc.i_cpu.core_i.id_stage_i.register_file_i._8090_/D : -7.402470
[setup reg-reg] i_soc.i_cpu.core_i.id_stage_i._3712_/Q -> i_soc.i_axi_dm_slave._492_/D : -7.401527
[setup reg-reg] i_soc.i_cpu.core_i.id_stage_i._3802_/Q -> i_soc.i_cpu.core_i.id_stage_i.register_file_i._8482_/D : -7.401234
[setup reg-reg] i_soc.i_cpu.core_i.id_stage_i._3802_/Q -> i_soc.i_cpu.core_i.id_stage_i.register_file_i._8470_/D : -7.399868
[setup reg-reg] i_soc.i_cpu.core_i.id_stage_i._3802_/Q -> i_soc.i_cpu.core_i.id_stage_i.register_file_i._8730_/D : -7.394382
[setup reg-reg] i_soc.i_cpu.core_i.id_stage_i._3802_/Q -> i_soc.i_cpu.core_i.id_stage_i.register_file_i._8213_/D : -7.392613
[setup reg-reg] i_soc.i_cpu.core_i.id_stage_i._3802_/Q -> i_soc.i_cpu.core_i.id_stage_i.register_file_i._8698_/D : -7.383267
[setup reg-reg] i_soc.i_cpu.core_i.id_stage_i._3802_/Q -> i_soc.i_cpu.core_i.id_stage_i.register_file_i._8576_/D : -7.381822
[setup reg-reg] i_soc.i_cpu.core_i.id_stage_i._3829_/Q -> i_soc.i_cpu.core_i.id_stage_i._3962_/D : -7.380805
[setup reg-reg] i_soc.i_cpu.core_i.id_stage_i._3802_/Q -> i_soc.i_cpu.core_i.id_stage_i.register_file_i._8798_/D : -7.380036
[setup reg-reg] i_soc.i_cpu.core_i.id_stage_i._3802_/Q -> i_soc.i_cpu.core_i.id_stage_i.register_file_i._8082_/D : -7.379683
[setup reg-reg] i_soc.i_cpu.core_i.id_stage_i._3802_/Q -> i_soc.i_cpu.core_i.id_stage_i.register_file_i._8606_/D : -7.379626
[setup reg-reg] i_soc.i_cpu.core_i.id_stage_i._3802_/Q -> i_soc.i_cpu.core_i.id_stage_i.register_file_i._8746_/D : -7.379425
[setup reg-reg] i_soc.i_cpu.core_i.id_stage_i._3802_/Q -> i_soc.i_cpu.core_i.id_stage_i.register_file_i._8702_/D : -7.377542
[setup reg-reg] i_soc.i_cpu.core_i.id_stage_i._3802_/Q -> i_soc.i_cpu.core_i.id_stage_i.register_file_i._8766_/D : -7.374761
[setup reg-reg] i_soc.i_cpu.core_i.id_stage_i._3802_/Q -> i_soc.i_cpu.core_i.id_stage_i.register_file_i._8136_/D : -7.373761
[setup reg-reg] i_soc.i_cpu.core_i.id_stage_i._3802_/Q -> i_soc.i_cpu.core_i.id_stage_i.register_file_i._8398_/D : -7.369927
[setup reg-reg] i_soc.i_cpu.core_i.id_stage_i._3802_/Q -> i_soc.i_cpu.core_i.id_stage_i.register_file_i._8754_/D : -7.368712
[setup reg-reg] i_soc.i_cpu.core_i.id_stage_i._3802_/Q -> i_soc.i_cpu.core_i.id_stage_i.register_file_i._8114_/D : -7.368227
[setup reg-reg] i_soc.i_cpu.core_i.id_stage_i._3802_/Q -> i_soc.i_cpu.core_i.id_stage_i.register_file_i._8744_/D : -7.367687
[setup reg-reg] i_soc.i_cpu.core_i.id_stage_i._3802_/Q -> i_soc.i_cpu.core_i.id_stage_i.register_file_i._8821_/D : -7.365660
[setup reg-reg] i_soc.i_cpu.core_i.id_stage_i._3802_/Q -> i_soc.i_cpu.core_i.id_stage_i.register_file_i._8412_/D : -7.365415
[setup reg-reg] i_soc.i_cpu.core_i.id_stage_i._3802_/Q -> i_soc.i_cpu.core_i.id_stage_i.register_file_i._8840_/D : -7.364667
[setup reg-reg] i_soc.i_cpu.core_i.id_stage_i._3802_/Q -> i_soc.i_cpu.core_i.id_stage_i.register_file_i._8104_/D : -7.364438
[setup reg-reg] i_soc.i_cpu.core_i.id_stage_i._3802_/Q -> i_soc.i_cpu.core_i.id_stage_i.register_file_i._8074_/D : -7.364369
[setup reg-reg] i_soc.i_cpu.core_i.id_stage_i._3802_/Q -> i_soc.i_cpu.core_i.id_stage_i.register_file_i._8690_/D : -7.364094
[setup reg-reg] i_soc.i_cpu.core_i.id_stage_i._3802_/Q -> i_soc.i_cpu.core_i.id_stage_i._3684_/D : -7.358089
[setup reg-reg] i_soc.i_cpu.core_i.id_stage_i._3802_/Q -> i_soc.i_cpu.core_i.id_stage_i.register_file_i._8122_/D : -7.357996
[setup reg-reg] i_soc.i_cpu.core_i.id_stage_i._3802_/Q -> i_soc.i_cpu.core_i.id_stage_i.register_file_i._8072_/D : -7.355066
[setup reg-reg] i_soc.i_cpu.core_i.id_stage_i._3802_/Q -> i_soc.i_cpu.core_i.id_stage_i.register_file_i._8388_/D : -7.355000
[setup reg-reg] i_soc.i_cpu.core_i.id_stage_i._3802_/Q -> i_soc.i_cpu.core_i.id_stage_i._3705_/D : -7.350860
[setup reg-reg] i_soc.i_instr_sram.u_sram.gen_bank[3].gen_512.u_macro/dout1[17] -> i_soc.i_cpu.core_i.if_stage_i._848_/D : -7.349883
[setup reg-reg] i_soc.i_instr_sram.u_sram.gen_bank[3].gen_512.u_macro/dout1[17] -> i_soc.i_cpu.core_i.if_stage_i._849_/D : -7.346584
[setup reg-reg] i_soc.i_cpu.core_i.id_stage_i._3802_/Q -> i_soc.i_cpu.core_i.id_stage_i.register_file_i._8724_/D : -7.345309
[setup reg-reg] i_soc.i_instr_sram.u_sram.gen_bank[3].gen_512.u_macro/dout1[17] -> i_soc.i_cpu.core_i.if_stage_i._853_/D : -7.345143
[setup reg-reg] i_soc.i_cpu.core_i.id_stage_i._3802_/Q -> i_soc.i_cpu.core_i.id_stage_i.register_file_i._8113_/D : -7.339363
[setup reg-reg] i_soc.i_cpu.core_i.id_stage_i._3802_/Q -> i_soc.i_cpu.core_i.id_stage_i.register_file_i._8116_/D : -7.333007
[setup reg-reg] i_soc.i_cpu.core_i.id_stage_i._4030_/Q -> i_soc.i_cpu.core_i.id_stage_i._3709_/D : -7.332807
[setup reg-reg] i_soc.i_cpu.core_i.id_stage_i._3802_/Q -> i_soc.i_cpu.core_i.id_stage_i.register_file_i._8050_/D : -7.331828
[setup reg-reg] i_soc.i_cpu.core_i.id_stage_i._3802_/Q -> i_soc.i_cpu.core_i.id_stage_i.register_file_i._8511_/D : -7.331412
[setup reg-reg] i_soc.i_cpu.core_i.id_stage_i._3802_/Q -> i_soc.i_cpu.core_i.id_stage_i.register_file_i._8479_/D : -7.331110
[setup reg-reg] i_soc.i_cpu.core_i.id_stage_i._3802_/Q -> i_soc.i_cpu.core_i.id_stage_i.register_file_i._8546_/D : -7.329593
[setup reg-reg] i_soc.i_cpu.core_i.id_stage_i._3802_/Q -> i_soc.i_cpu.core_i.id_stage_i.register_file_i._8401_/D : -7.327216
[setup reg-reg] i_soc.i_cpu.core_i.id_stage_i._3802_/Q -> i_soc.i_cpu.core_i.id_stage_i.register_file_i._8052_/D : -7.326758
[setup reg-reg] i_soc.i_cpu.core_i.id_stage_i._3802_/Q -> i_soc.i_cpu.core_i.id_stage_i.register_file_i._8633_/D : -7.326033
[setup reg-reg] i_soc.i_cpu.core_i.id_stage_i._3802_/Q -> i_soc.i_cpu.core_i.id_stage_i.register_file_i._8071_/D : -7.325632
[setup reg-reg] i_soc.i_cpu.core_i.id_stage_i._3802_/Q -> i_soc.i_cpu.core_i.id_stage_i.register_file_i._8280_/D : -7.322919
[setup reg-reg] i_soc.i_cpu.core_i.id_stage_i._3802_/Q -> i_soc.i_cpu.core_i.id_stage_i.register_file_i._8849_/D : -7.322017
[setup reg-reg] i_soc.i_cpu.core_i.id_stage_i._3802_/Q -> i_soc.i_cpu.core_i.id_stage_i.register_file_i._8103_/D : -7.318974
[setup reg-reg] i_soc.i_cpu.core_i.id_stage_i._3802_/Q -> i_soc.i_cpu.core_i.id_stage_i.register_file_i._8218_/D : -7.317372
[setup reg-reg] i_soc.i_cpu.core_i.id_stage_i._3802_/Q -> i_soc.i_cpu.core_i.id_stage_i.register_file_i._8135_/D : -7.316420
[setup reg-reg] i_soc.i_cpu.core_i.id_stage_i._3802_/Q -> i_soc.i_cpu.core_i.id_stage_i.register_file_i._8748_/D : -7.316184
[setup reg-reg] i_soc.i_cpu.core_i.id_stage_i._3802_/Q -> i_soc.i_cpu.core_i.id_stage_i.register_file_i._8312_/D : -7.315912
[setup reg-reg] i_soc.i_cpu.core_i.id_stage_i._3712_/Q -> i_soc.i_axi_dm_slave._497_/D : -7.313123
[setup reg-reg] i_soc.i_cpu.core_i.id_stage_i._3802_/Q -> i_soc.i_cpu.core_i.id_stage_i.register_file_i._8248_/D : -7.308366
[setup reg-reg] i_soc.i_cpu.core_i.id_stage_i._3712_/Q -> i_soc.i_axi_dm_slave._489_/D : -7.307609
[setup reg-reg] i_soc.i_cpu.core_i.id_stage_i._3712_/Q -> i_soc.i_axi_dm_slave._496_/D : -7.307229
[setup reg-reg] i_soc.i_cpu.core_i.id_stage_i._3712_/Q -> i_soc.i_axi_dm_slave._502_/D : -7.306936
[setup reg-reg] i_soc.i_cpu.core_i.id_stage_i._3802_/Q -> i_soc.i_cpu.core_i.id_stage_i.register_file_i._8373_/D : -7.304314
[setup reg-reg] i_soc.i_cpu.core_i.id_stage_i._3802_/Q -> i_soc.i_cpu.core_i.id_stage_i.register_file_i._8344_/D : -7.304254
[setup reg-reg] i_soc.i_cpu.core_i.id_stage_i._3712_/Q -> i_soc.i_axi_dm_slave._488_/D : -7.303836
[setup reg-reg] i_soc.i_cpu.core_i.id_stage_i._3802_/Q -> i_soc.i_cpu.core_i.id_stage_i.register_file_i._8076_/D : -7.300983
[setup reg-reg] i_soc.i_cpu.core_i.id_stage_i._3802_/Q -> i_soc.i_cpu.core_i.id_stage_i._3685_/D : -7.300512
[setup reg-reg] i_soc.i_cpu.core_i.id_stage_i._3802_/Q -> i_soc.i_cpu.core_i.id_stage_i.register_file_i._8418_/D : -7.299860
[setup reg-reg] i_soc.i_cpu.core_i.id_stage_i._3802_/Q -> i_soc.i_cpu.core_i.id_stage_i.register_file_i._8891_/D : -7.296265
[setup reg-reg] i_soc.i_cpu.core_i.id_stage_i._3802_/Q -> i_soc.i_cpu.core_i.id_stage_i.register_file_i._8955_/D : -7.293578
[setup reg-reg] i_soc.i_cpu.core_i.id_stage_i._3802_/Q -> i_soc.i_cpu.core_i.id_stage_i.register_file_i._8155_/D : -7.293015
[setup reg-reg] i_soc.i_cpu.core_i.id_stage_i._3802_/Q -> i_soc.i_cpu.core_i.id_stage_i.register_file_i._8923_/D : -7.291231
[setup reg-reg] i_soc.i_cpu.core_i.id_stage_i._3802_/Q -> i_soc.i_cpu.core_i.id_stage_i.register_file_i._8859_/D : -7.291203
[setup reg-reg] i_soc.i_cpu.core_i.id_stage_i._3802_/Q -> i_soc.i_cpu.core_i.id_stage_i.register_file_i._8232_/D : -7.290906
[setup reg-reg] i_soc.i_cpu.core_i.id_stage_i._3802_/Q -> i_soc.i_cpu.core_i.id_stage_i.register_file_i._8772_/D : -7.290220
[setup reg-reg] i_soc.i_cpu.core_i.id_stage_i._3802_/Q -> i_soc.i_cpu.core_i.id_stage_i.register_file_i._9019_/D : -7.289554
[setup reg-reg] i_soc.i_cpu.core_i.id_stage_i._3802_/Q -> i_soc.i_cpu.core_i.id_stage_i._3682_/D : -7.283976
[setup reg-reg] i_soc.i_cpu.core_i.id_stage_i._3802_/Q -> i_soc.i_cpu.core_i.id_stage_i.register_file_i._8140_/D : -7.283632
[setup reg-reg] i_soc.i_cpu.core_i.id_stage_i._3802_/Q -> i_soc.i_cpu.core_i.id_stage_i.register_file_i._8804_/D : -7.283161
[setup reg-reg] i_soc.i_cpu.core_i.id_stage_i._3802_/Q -> i_soc.i_cpu.core_i.id_stage_i.register_file_i._8600_/D : -7.282854
[setup reg-reg] i_soc.i_cpu.core_i.id_stage_i._3802_/Q -> i_soc.i_cpu.core_i.id_stage_i.register_file_i._8666_/D : -7.282521
[setup reg-reg] i_soc.i_cpu.core_i.id_stage_i._3802_/Q -> i_soc.i_cpu.core_i.id_stage_i.register_file_i._8187_/D : -7.282346
[setup reg-reg] i_soc.i_cpu.core_i.id_stage_i._3712_/Q -> i_soc.i_axi_dm_slave._442_/D : -7.282168
[setup reg-reg] i_soc.i_cpu.core_i.id_stage_i._3802_/Q -> i_soc.i_cpu.core_i.id_stage_i.register_file_i._8319_/D : -7.282161
[setup reg-reg] i_soc.i_cpu.core_i.id_stage_i._3802_/Q -> i_soc.i_cpu.core_i.id_stage_i.register_file_i._8568_/D : -7.278090
[setup reg-reg] i_soc.i_cpu.core_i.id_stage_i._3802_/Q -> i_soc.i_cpu.core_i.id_stage_i.register_file_i._8987_/D : -7.276444
[setup reg-reg] i_soc.i_cpu.core_i.id_stage_i._3712_/Q -> i_soc.i_axi_dm_slave._464_/D : -7.276073
[setup reg-reg] i_soc.i_cpu.core_i.id_stage_i._3802_/Q -> i_soc.i_cpu.core_i.id_stage_i.register_file_i._8755_/D : -7.271309
[setup reg-reg] i_soc.i_cpu.core_i.id_stage_i._3802_/Q -> i_soc.i_cpu.core_i.id_stage_i.register_file_i._8234_/D : -7.270947
[setup reg-reg] i_soc.i_cpu.core_i.id_stage_i._3802_/Q -> i_soc.i_cpu.core_i.id_stage_i.register_file_i._8703_/D : -7.266364
[setup reg-reg] i_soc.i_cpu.core_i.id_stage_i._3802_/Q -> i_soc.i_cpu.core_i.id_stage_i.register_file_i._8787_/D : -7.264468
[setup reg-reg] i_soc.i_cpu.core_i.id_stage_i._3712_/Q -> i_soc.i_axi_dm_slave._509_/D : -7.264449
[setup reg-reg] i_soc.i_cpu.core_i.id_stage_i._3712_/Q -> i_soc.i_axi_dm_slave._487_/D : -7.261962
[setup reg-reg] i_soc.i_cpu.core_i.id_stage_i._3802_/Q -> i_soc.i_cpu.core_i.id_stage_i.register_file_i._9038_/D : -7.261068
[setup reg-reg] i_soc.i_cpu.core_i.id_stage_i._3802_/Q -> i_soc.i_cpu.core_i.id_stage_i.register_file_i._8212_/D : -7.260649
[setup reg-reg] i_soc.i_cpu.core_i.id_stage_i._3802_/Q -> i_soc.i_cpu.core_i.id_stage_i.register_file_i._8701_/D : -7.259743
[setup reg-reg] i_soc.i_cpu.core_i.id_stage_i._3802_/Q -> i_soc.i_cpu.core_i.id_stage_i.register_file_i._8659_/D : -7.258619
[setup reg-reg] i_soc.i_cpu.core_i.id_stage_i._3802_/Q -> i_soc.i_cpu.core_i.id_stage_i.register_file_i._8737_/D : -7.258521
[setup reg-reg] i_soc.i_cpu.core_i.id_stage_i._3802_/Q -> i_soc.i_cpu.core_i.id_stage_i.register_file_i._8664_/D : -7.258018
[setup reg-reg] i_soc.i_cpu.core_i.id_stage_i._3802_/Q -> i_soc.i_cpu.core_i.id_stage_i.register_file_i._8174_/D : -7.257409
[setup reg-reg] i_soc.i_cpu.core_i.id_stage_i._3802_/Q -> i_soc.i_cpu.core_i.id_stage_i.register_file_i._8542_/D : -7.257120
[setup reg-reg] i_soc.i_cpu.core_i.id_stage_i._3802_/Q -> i_soc.i_cpu.core_i.id_stage_i.register_file_i._8974_/D : -7.256953
[setup reg-reg] i_soc.i_cpu.core_i.id_stage_i._3802_/Q -> i_soc.i_cpu.core_i.id_stage_i.register_file_i._9006_/D : -7.256701
[setup reg-reg] i_soc.i_cpu.core_i.id_stage_i._3802_/Q -> i_soc.i_cpu.core_i.id_stage_i.register_file_i._8206_/D : -7.255171
[setup reg-reg] i_soc.i_cpu.core_i.id_stage_i._3802_/Q -> i_soc.i_cpu.core_i.id_stage_i.register_file_i._8942_/D : -7.254510
[setup reg-reg] i_soc.i_cpu.core_i.id_stage_i._3802_/Q -> i_soc.i_cpu.core_i.id_stage_i.register_file_i._8117_/D : -7.251526
[setup reg-reg] i_soc.i_cpu.core_i.id_stage_i._3712_/Q -> i_soc.i_axi_dm_slave._510_/D : -7.251261
[setup reg-reg] i_soc.i_cpu.core_i.id_stage_i._3802_/Q -> i_soc.i_cpu.core_i.id_stage_i._3963_/D : -7.251204
[setup reg-reg] i_soc.i_cpu.core_i.id_stage_i._3712_/Q -> i_soc.i_axi_dm_slave._503_/D : -7.249071
[setup reg-reg] i_soc.i_cpu.core_i.id_stage_i._3712_/Q -> i_soc.i_axi_dm_slave._506_/D : -7.248449
[setup reg-reg] i_soc.i_cpu.core_i.id_stage_i._3802_/Q -> i_soc.i_cpu.core_i.id_stage_i.register_file_i._8231_/D : -7.246982
[setup reg-reg] i_soc.i_cpu.core_i.id_stage_i._3712_/Q -> i_soc.i_axi_dm_slave._463_/D : -7.246213
[setup reg-reg] i_soc.i_cpu.core_i.id_stage_i._3802_/Q -> i_soc.i_cpu.core_i.id_stage_i.register_file_i._8285_/D : -7.242923
[setup reg-reg] i_soc.i_cpu.core_i.id_stage_i._3802_/Q -> i_soc.i_cpu.core_i.id_stage_i.register_file_i._8762_/D : -7.241680
[setup reg-reg] i_soc.i_cpu.core_i.id_stage_i._3712_/Q -> i_soc.i_axi_dm_slave._500_/D : -7.241582
[setup reg-reg] i_soc.i_cpu.core_i.id_stage_i._3802_/Q -> i_soc.i_cpu.core_i.id_stage_i.register_file_i._8794_/D : -7.241527
[setup reg-reg] i_soc.i_cpu.core_i.id_stage_i._3712_/Q -> i_soc.i_axi_dm_slave._501_/D : -7.240704
[setup reg-reg] i_soc.i_cpu.core_i.id_stage_i._3802_/Q -> i_soc.i_cpu.core_i.id_stage_i.register_file_i._8351_/D : -7.239024
[setup reg-reg] i_soc.i_cpu.core_i.id_stage_i._3802_/Q -> i_soc.i_cpu.core_i.id_stage_i.register_file_i._8287_/D : -7.238267
[setup reg-reg] i_soc.i_cpu.core_i.id_stage_i._3712_/Q -> i_soc.i_axi_dm_slave._499_/D : -7.238075
[setup reg-reg] i_soc.i_cpu.core_i.id_stage_i._3802_/Q -> i_soc.i_cpu.core_i.id_stage_i.register_file_i._9028_/D : -7.237995
[setup reg-reg] i_soc.i_cpu.core_i.id_stage_i._3802_/Q -> i_soc.i_cpu.core_i.id_stage_i.register_file_i._8416_/D : -7.237468
[setup reg-reg] i_soc.i_cpu.core_i.id_stage_i._3802_/Q -> i_soc.i_cpu.core_i.id_stage_i.register_file_i._8394_/D : -7.236926
[setup reg-reg] i_soc.i_cpu.core_i.id_stage_i._3802_/Q -> i_soc.i_cpu.core_i.id_stage_i.register_file_i._8255_/D : -7.236777
[setup reg-reg] i_soc.i_cpu.core_i.id_stage_i._3802_/Q -> i_soc.i_cpu.core_i.id_stage_i.register_file_i._8996_/D : -7.232601
[setup reg-reg] i_soc.i_cpu.core_i.id_stage_i._3802_/Q -> i_soc.i_cpu.core_i.id_stage_i.register_file_i._8665_/D : -7.231483
[setup reg-reg] i_soc.i_cpu.core_i.id_stage_i._3802_/Q -> i_soc.i_cpu.core_i.id_stage_i.register_file_i._8786_/D : -7.230894
[setup reg-reg] i_soc.i_cpu.core_i.id_stage_i._3802_/Q -> i_soc.i_cpu.core_i.id_stage_i.register_file_i._8349_/D : -7.230346
[setup reg-reg] i_soc.i_cpu.core_i.id_stage_i._3712_/Q -> i_soc.i_axi_dm_slave._495_/D : -7.229856
[setup reg-reg] i_soc.i_cpu.core_i.id_stage_i._3802_/Q -> i_soc.i_cpu.core_i.id_stage_i.register_file_i._8842_/D : -7.228671
[setup reg-reg] i_soc.i_cpu.core_i.id_stage_i._3802_/Q -> i_soc.i_cpu.core_i.id_stage_i.register_file_i._8253_/D : -7.225804
[setup reg-reg] i_soc.i_cpu.core_i.id_stage_i._3712_/Q -> i_soc.i_axi_dm_slave._437_/D : -7.221720
[setup reg-reg] i_soc.i_cpu.core_i.id_stage_i._3802_/Q -> i_soc.i_cpu.core_i.id_stage_i.register_file_i._8106_/D : -7.219118
[setup reg-reg] i_soc.i_cpu.core_i.id_stage_i._3712_/Q -> i_soc.i_axi_dm_slave._508_/D : -7.218752
[setup reg-reg] i_soc.i_cpu.core_i.id_stage_i._3802_/Q -> i_soc.i_cpu.core_i.id_stage_i.register_file_i._8743_/D : -7.218704
[setup reg-reg] i_soc.i_cpu.core_i.id_stage_i._3802_/Q -> i_soc.i_cpu.core_i.id_stage_i.register_file_i._8595_/D : -7.218262
[setup reg-reg] i_soc.i_cpu.core_i.id_stage_i._3802_/Q -> i_soc.i_cpu.core_i.id_stage_i.register_file_i._8658_/D : -7.218228
[setup reg-reg] i_soc.i_cpu.core_i.id_stage_i._3802_/Q -> i_soc.i_cpu.core_i.id_stage_i.register_file_i._8839_/D : -7.217731
[setup reg-reg] i_soc.i_cpu.core_i.id_stage_i._3802_/Q -> i_soc.i_cpu.core_i.id_stage_i.register_file_i._8236_/D : -7.217709
[setup reg-reg] i_soc.i_cpu.core_i.id_stage_i._3802_/Q -> i_soc.i_cpu.core_i.id_stage_i.register_file_i._8392_/D : -7.217471
[setup reg-reg] i_soc.i_cpu.core_i.id_stage_i._3802_/Q -> i_soc.i_cpu.core_i.id_stage_i.register_file_i._8544_/D : -7.216926
[setup reg-reg] i_soc.i_cpu.core_i.id_stage_i._3802_/Q -> i_soc.i_cpu.core_i.id_stage_i.register_file_i._8406_/D : -7.214919
[setup reg-reg] i_soc.i_cpu.core_i.id_stage_i._3802_/Q -> i_soc.i_cpu.core_i.id_stage_i.register_file_i._8602_/D : -7.214865
[setup reg-reg] i_soc.i_cpu.core_i.id_stage_i._3712_/Q -> i_soc.i_axi_dm_slave._505_/D : -7.213732
[setup reg-reg] i_soc.i_cpu.core_i.id_stage_i._3712_/Q -> i_soc.i_axi_dm_slave._504_/D : -7.213503
[setup reg-reg] i_soc.i_cpu.core_i.id_stage_i._3802_/Q -> i_soc.i_cpu.core_i.id_stage_i.register_file_i._8764_/D : -7.212579
[setup reg-reg] i_soc.i_cpu.core_i.id_stage_i._3712_/Q -> i_soc.i_axi_dm_slave._507_/D : -7.210348
[setup reg-reg] i_soc.i_cpu.core_i.id_stage_i._3802_/Q -> i_soc.i_cpu.core_i.id_stage_i.register_file_i._8563_/D : -7.208200
[setup reg-reg] i_soc.i_cpu.core_i.id_stage_i._3802_/Q -> i_soc.i_cpu.core_i.id_stage_i.register_file_i._8910_/D : -7.207584
[setup reg-reg] i_soc.i_cpu.core_i.id_stage_i._3802_/Q -> i_soc.i_cpu.core_i.id_stage_i.register_file_i._8317_/D : -7.206186
[setup reg-reg] i_soc.i_cpu.core_i.id_stage_i._3802_/Q -> i_soc.i_cpu.core_i.id_stage_i.register_file_i._8065_/D : -7.204808
[setup reg-reg] i_soc.i_cpu.core_i.id_stage_i._3802_/Q -> i_soc.i_cpu.core_i.id_stage_i.register_file_i._8440_/D : -7.199445
[setup reg-reg] i_soc.i_cpu.core_i.id_stage_i._3802_/Q -> i_soc.i_cpu.core_i.id_stage_i.register_file_i._8878_/D : -7.198964
[setup reg-reg] i_soc.i_cpu.core_i.id_stage_i._3802_/Q -> i_soc.i_cpu.core_i.id_stage_i.register_file_i._8504_/D : -7.197341
[setup reg-reg] i_soc.i_cpu.core_i.id_stage_i._3802_/Q -> i_soc.i_cpu.core_i.id_stage_i.register_file_i._8097_/D : -7.193958
[setup reg-reg] i_soc.i_cpu.core_i.id_stage_i._3802_/Q -> i_soc.i_cpu.core_i.id_stage_i.register_file_i._8084_/D : -7.193899
[setup reg-reg] i_soc.i_cpu.core_i.id_stage_i._3802_/Q -> i_soc.i_cpu.core_i.id_stage_i.register_file_i._8055_/D : -7.191680
[setup reg-reg] i_soc.i_cpu.core_i.id_stage_i._3802_/Q -> i_soc.i_cpu.core_i.id_stage_i.register_file_i._8447_/D : -7.191332
[setup reg-reg] i_soc.i_cpu.core_i.id_stage_i._3802_/Q -> i_soc.i_cpu.core_i.id_stage_i.register_file_i._8885_/D : -7.191071
[setup reg-reg] i_soc.i_cpu.core_i.id_stage_i._3711_/Q -> i_soc.i_boot_rom._479_/D : -7.190844
[setup reg-reg] i_soc.i_cpu.core_i.id_stage_i._3802_/Q -> i_soc.i_cpu.core_i.id_stage_i.register_file_i._8900_/D : -7.188758
[setup reg-reg] i_soc.i_cpu.core_i.id_stage_i._3802_/Q -> i_soc.i_cpu.core_i.id_stage_i.register_file_i._8949_/D : -7.187559
[setup reg-reg] i_soc.i_cpu.core_i.id_stage_i._3802_/Q -> i_soc.i_cpu.core_i.id_stage_i.register_file_i._8569_/D : -7.186151
[setup reg-reg] i_soc.i_cpu.core_i.id_stage_i._3802_/Q -> i_soc.i_cpu.core_i.id_stage_i.register_file_i._8575_/D : -7.186104
[setup reg-reg] i_soc.i_cpu.core_i.id_stage_i._3802_/Q -> i_soc.i_cpu.core_i.id_stage_i.register_file_i._8932_/D : -7.185669
[setup reg-reg] i_soc.i_cpu.core_i.id_stage_i._3802_/Q -> i_soc.i_cpu.core_i.id_stage_i.register_file_i._8964_/D : -7.185630
[setup reg-reg] i_soc.i_cpu.core_i.id_stage_i._3802_/Q -> i_soc.i_cpu.core_i.id_stage_i.register_file_i._8396_/D : -7.185572
[setup reg-reg] i_soc.i_cpu.core_i.id_stage_i._3802_/Q -> i_soc.i_cpu.core_i.id_stage_i.register_file_i._8372_/D : -7.184648
[setup reg-reg] i_soc.i_cpu.core_i.id_stage_i._3802_/Q -> i_soc.i_cpu.core_i.id_stage_i.register_file_i._8853_/D : -7.184566
[setup reg-reg] i_soc.i_cpu.core_i.id_stage_i._3802_/Q -> i_soc.i_cpu.core_i.id_stage_i.register_file_i._8868_/D : -7.184037
[setup reg-reg] i_soc.i_cpu.core_i.id_stage_i._3802_/Q -> i_soc.i_cpu.core_i.id_stage_i.register_file_i._8601_/D : -7.183664
[setup reg-reg] i_soc.i_cpu.core_i.id_stage_i._3802_/Q -> i_soc.i_cpu.core_i.id_stage_i.register_file_i._8697_/D : -7.183321
[setup reg-reg] i_soc.i_cpu.core_i.id_stage_i._3802_/Q -> i_soc.i_cpu.core_i.id_stage_i.register_file_i._8727_/D : -7.182408
[setup reg-reg] i_soc.i_cpu.core_i.id_stage_i._3802_/Q -> i_soc.i_cpu.core_i.id_stage_i.register_file_i._8119_/D : -7.182306
[setup reg-reg] i_soc.i_cpu.core_i.id_stage_i._3802_/Q -> i_soc.i_cpu.core_i.id_stage_i.register_file_i._8844_/D : -7.177723
[setup reg-reg] i_soc.i_instr_sram.u_sram.gen_bank[3].gen_512.u_macro/dout1[17] -> i_soc.i_cpu.core_i.if_stage_i._874_/D : -7.177134
[setup reg-reg] i_soc.i_cpu.core_i.id_stage_i._3802_/Q -> i_soc.i_cpu.core_i.id_stage_i.register_file_i._8820_/D : -7.175887
[setup reg-reg] i_soc.i_cpu.core_i.id_stage_i._3802_/Q -> i_soc.i_cpu.core_i.id_stage_i.register_file_i._8769_/D : -7.172082
[setup reg-reg] i_soc.i_cpu.core_i.id_stage_i._3802_/Q -> i_soc.i_cpu.core_i.id_stage_i.register_file_i._8177_/D : -7.167096
[setup reg-reg] i_soc.i_cpu.core_i.id_stage_i._3802_/Q -> i_soc.i_cpu.core_i.id_stage_i.register_file_i._9041_/D : -7.166376
[setup reg-reg] i_soc.i_cpu.core_i.id_stage_i._3712_/Q -> i_soc.i_axi_dm_slave._498_/D : -7.165778
[setup reg-reg] i_soc.i_cpu.core_i.id_stage_i._3802_/Q -> i_soc.i_cpu.core_i.id_stage_i.register_file_i._9009_/D : -7.165678
[setup reg-reg] i_soc.i_cpu.core_i.id_stage_i._3802_/Q -> i_soc.i_cpu.core_i.id_stage_i.register_file_i._8149_/D : -7.163959
[setup reg-reg] i_soc.i_cpu.core_i.id_stage_i._3802_/Q -> i_soc.i_cpu.core_i.id_stage_i.register_file_i._8714_/D : -7.163735
[setup reg-reg] i_soc.i_cpu.core_i.id_stage_i._3802_/Q -> i_soc.i_cpu.core_i.id_stage_i.register_file_i._8209_/D : -7.162433
[setup reg-reg] i_soc.i_cpu.core_i.id_stage_i._3802_/Q -> i_soc.i_cpu.core_i.id_stage_i.register_file_i._8671_/D : -7.161774
[setup reg-reg] i_soc.i_cpu.core_i.id_stage_i._3802_/Q -> i_soc.i_cpu.core_i.id_stage_i.register_file_i._8181_/D : -7.161573
[setup reg-reg] i_soc.i_cpu.core_i.id_stage_i._3802_/Q -> i_soc.i_cpu.core_i.id_stage_i.register_file_i._8640_/D : -7.161289
[setup reg-reg] i_soc.i_instr_sram.u_sram.gen_bank[3].gen_512.u_macro/dout1[17] -> i_soc.i_cpu.core_i.if_stage_i._860_/D : -7.160226
[setup reg-reg] i_soc.i_cpu.core_i.id_stage_i._3802_/Q -> i_soc.i_cpu.core_i.id_stage_i.register_file_i._8981_/D : -7.160140
[setup reg-reg] i_soc.i_cpu.core_i.id_stage_i._3802_/Q -> i_soc.i_cpu.core_i.id_stage_i.register_file_i._8913_/D : -7.158795
[setup reg-reg] i_soc.i_cpu.core_i.id_stage_i._3802_/Q -> i_soc.i_cpu.core_i.id_stage_i.register_file_i._8977_/D : -7.150939
[setup reg-reg] i_soc.i_cpu.core_i.id_stage_i._3802_/Q -> i_soc.i_cpu.core_i.id_stage_i.register_file_i._8945_/D : -7.149477
[setup reg-reg] i_soc.i_cpu.core_i.id_stage_i._3802_/Q -> i_soc.i_cpu.core_i.id_stage_i.register_file_i._8639_/D : -7.147275
[setup reg-reg] i_soc.i_cpu.core_i.id_stage_i._3802_/Q -> i_soc.i_cpu.core_i.id_stage_i.register_file_i._8881_/D : -7.142266
[setup reg-reg] i_soc.i_cpu.core_i.id_stage_i._3802_/Q -> i_soc.i_cpu.core_i.id_stage_i.register_file_i._9013_/D : -7.137825
[setup reg-reg] i_soc.i_cpu.core_i.id_stage_i._3802_/Q -> i_soc.i_cpu.core_i.id_stage_i.register_file_i._8917_/D : -7.137040
[setup reg-reg] i_soc.i_cpu.core_i.id_stage_i._3802_/Q -> i_soc.i_cpu.core_i.id_stage_i.register_file_i._8129_/D : -7.136430
[setup reg-reg] i_soc.i_cpu.core_i.id_stage_i._3802_/Q -> i_soc.i_cpu.core_i.id_stage_i.register_file_i._8414_/D : -7.136242
[setup reg-reg] i_soc.i_cpu.core_i.id_stage_i._3802_/Q -> i_soc.i_cpu.core_i.id_stage_i.register_file_i._9036_/D : -7.131483
[setup reg-reg] i_soc.i_cpu.core_i.id_stage_i._3802_/Q -> i_soc.i_cpu.core_i.id_stage_i.register_file_i._8705_/D : -7.129989
[setup reg-reg] i_soc.i_cpu.core_i.id_stage_i._3802_/Q -> i_soc.i_cpu.core_i.id_stage_i.register_file_i._8607_/D : -7.129186
[setup reg-reg] i_soc.i_cpu.core_i.id_stage_i._3802_/Q -> i_soc.i_cpu.core_i.id_stage_i.register_file_i._9004_/D : -7.128897
[setup reg-reg] i_soc.i_cpu.core_i.id_stage_i._3802_/Q -> i_soc.i_cpu.core_i.id_stage_i.register_file_i._8596_/D : -7.119724
[setup reg-reg] i_soc.i_cpu.core_i.id_stage_i._3802_/Q -> i_soc.i_cpu.core_i.id_stage_i.register_file_i._8385_/D : -7.118001
[setup reg-reg] i_soc.i_cpu.core_i.id_stage_i._3802_/Q -> i_soc.i_cpu.core_i.id_stage_i.register_file_i._8172_/D : -7.115213
[setup reg-reg] i_soc.i_instr_sram.u_sram.gen_bank[3].gen_512.u_macro/dout1[17] -> i_soc.i_cpu.core_i.if_stage_i._856_/D : -7.114324
[setup reg-reg] i_soc.i_cpu.core_i.id_stage_i._3802_/Q -> i_soc.i_cpu.core_i.id_stage_i.register_file_i._8225_/D : -7.109492
[setup reg-reg] i_soc.i_cpu.core_i.id_stage_i._3802_/Q -> i_soc.i_cpu.core_i.id_stage_i.register_file_i._8536_/D : -7.108739
[setup reg-reg] i_soc.i_cpu.core_i.id_stage_i._3802_/Q -> i_soc.i_cpu.core_i.id_stage_i.register_file_i._8204_/D : -7.107737
[setup reg-reg] i_soc.i_cpu.core_i.id_stage_i._3802_/Q -> i_soc.i_cpu.core_i.id_stage_i.register_file_i._8609_/D : -7.107623
[setup reg-reg] i_soc.i_cpu.core_i.id_stage_i._3802_/Q -> i_soc.i_cpu.core_i.id_stage_i.register_file_i._8801_/D : -7.107282
[setup reg-reg] i_soc.i_cpu.core_i.id_stage_i._3802_/Q -> i_soc.i_cpu.core_i.id_stage_i.register_file_i._9018_/D : -7.107096
[setup reg-reg] i_soc.i_cpu.core_i.id_stage_i._3802_/Q -> i_soc.i_cpu.core_i.id_stage_i.register_file_i._8605_/D : -7.106447
[setup reg-reg] i_soc.i_cpu.core_i.id_stage_i._3802_/Q -> i_soc.i_cpu.core_i.id_stage_i.register_file_i._8669_/D : -7.105685
[setup reg-reg] i_soc.i_cpu.core_i.id_stage_i._3802_/Q -> i_soc.i_cpu.core_i.id_stage_i.register_file_i._8573_/D : -7.104072
[setup reg-reg] i_soc.i_cpu.core_i.id_stage_i._3802_/Q -> i_soc.i_cpu.core_i.id_stage_i.register_file_i._8637_/D : -7.101928
[setup reg-reg] i_soc.i_cpu.core_i.id_stage_i._3802_/Q -> i_soc.i_cpu.core_i.id_stage_i.register_file_i._8215_/D : -7.101580
[setup reg-reg] i_soc.i_cpu.core_i.id_stage_i._3802_/Q -> i_soc.i_cpu.core_i.id_stage_i.register_file_i._8954_/D : -7.101070
[setup reg-reg] i_soc.i_cpu.core_i.id_stage_i._3802_/Q -> i_soc.i_cpu.core_i.id_stage_i.register_file_i._8890_/D : -7.098340
[setup reg-reg] i_soc.i_cpu.core_i.id_stage_i._3802_/Q -> i_soc.i_cpu.core_i.id_stage_i.register_file_i._8986_/D : -7.095176
[setup reg-reg] i_soc.i_cpu.core_i.id_stage_i._3802_/Q -> i_soc.i_cpu.core_i.id_stage_i.register_file_i._8922_/D : -7.094863
[setup reg-reg] i_soc.i_cpu.core_i.id_stage_i._3802_/Q -> i_soc.i_cpu.core_i.id_stage_i.register_file_i._8186_/D : -7.094798
[setup reg-reg] i_soc.i_cpu.core_i.id_stage_i._3802_/Q -> i_soc.i_cpu.core_i.id_stage_i.register_file_i._8858_/D : -7.091792
[setup reg-reg] i_soc.i_cpu.core_i.id_stage_i._3802_/Q -> i_soc.i_cpu.core_i.id_stage_i.register_file_i._8852_/D : -7.091451
[setup reg-reg] i_soc.i_cpu.core_i.id_stage_i._3802_/Q -> i_soc.i_cpu.core_i.id_stage_i.register_file_i._8154_/D : -7.089655
[setup reg-reg] i_soc.i_cpu.core_i.id_stage_i._3802_/Q -> i_soc.i_cpu.core_i.id_stage_i.register_file_i._8445_/D : -7.087922
[setup reg-reg] i_soc.i_cpu.core_i.id_stage_i._3802_/Q -> i_soc.i_cpu.core_i.id_stage_i.register_file_i._8838_/D : -7.085715
[setup reg-reg] i_soc.i_cpu.core_i.id_stage_i._3802_/Q -> i_soc.i_cpu.core_i.id_stage_i.register_file_i._8796_/D : -7.082456
[setup reg-reg] i_soc.i_cpu.core_i.id_stage_i._3802_/Q -> i_soc.i_cpu.core_i.id_stage_i.register_file_i._8509_/D : -7.082289
[setup reg-reg] i_soc.i_cpu.core_i.id_stage_i._3802_/Q -> i_soc.i_cpu.core_i.id_stage_i.register_file_i._8916_/D : -7.080940
[setup reg-reg] i_soc.i_cpu.core_i.id_stage_i._3802_/Q -> i_soc.i_cpu.core_i.id_stage_i.register_file_i._8134_/D : -7.080893
[setup reg-reg] i_soc.i_cpu.core_i.id_stage_i._3802_/Q -> i_soc.i_cpu.core_i.id_stage_i.register_file_i._8164_/D : -7.080503
[setup reg-reg] i_soc.i_cpu.core_i.id_stage_i._3802_/Q -> i_soc.i_cpu.core_i.id_stage_i.register_file_i._8070_/D : -7.079832
[setup reg-reg] i_soc.i_cpu.core_i.id_stage_i._3802_/Q -> i_soc.i_cpu.core_i.id_stage_i.register_file_i._8699_/D : -7.078598
[setup reg-reg] i_soc.i_cpu.core_i.id_stage_i._3802_/Q -> i_soc.i_cpu.core_i.id_stage_i.register_file_i._8391_/D : -7.077626
[setup reg-reg] i_soc.i_cpu.core_i.id_stage_i._3802_/Q -> i_soc.i_cpu.core_i.id_stage_i.register_file_i._8112_/D : -7.077189
[setup reg-reg] i_soc.i_cpu.core_i.id_stage_i._3802_/Q -> i_soc.i_cpu.core_i.id_stage_i.register_file_i._8196_/D : -7.076430
[setup reg-reg] i_soc.i_cpu.core_i.id_stage_i._3802_/Q -> i_soc.i_cpu.core_i.id_stage_i.register_file_i._8742_/D : -7.075610
[setup reg-reg] i_soc.i_cpu.core_i.id_stage_i._3802_/Q -> i_soc.i_cpu.core_i.id_stage_i.register_file_i._8080_/D : -7.075171
[setup reg-reg] i_soc.i_cpu.core_i.id_stage_i._3802_/Q -> i_soc.i_cpu.core_i.id_stage_i.register_file_i._8200_/D : -7.070232
[setup reg-reg] i_soc.i_cpu.core_i.id_stage_i._3802_/Q -> i_soc.i_cpu.core_i.id_stage_i.register_file_i._8700_/D : -7.070122
[setup reg-reg] i_soc.i_cpu.core_i.id_stage_i._3802_/Q -> i_soc.i_cpu.core_i.id_stage_i.register_file_i._9032_/D : -7.069270
[setup reg-reg] i_soc.i_cpu.core_i.id_stage_i._3802_/Q -> i_soc.i_cpu.core_i.id_stage_i.register_file_i._8904_/D : -7.066998
[setup reg-reg] i_soc.i_cpu.core_i.id_stage_i._3802_/Q -> i_soc.i_cpu.core_i.id_stage_i.register_file_i._8390_/D : -7.066614
[setup reg-reg] i_soc.i_cpu.core_i.id_stage_i._3802_/Q -> i_soc.i_cpu.core_i.id_stage_i.register_file_i._9000_/D : -7.066151
[setup reg-reg] i_soc.i_cpu.core_i.id_stage_i._3802_/Q -> i_soc.i_cpu.core_i.id_stage_i.register_file_i._8968_/D : -7.061415
[setup reg-reg] i_soc.i_cpu.core_i.id_stage_i._3802_/Q -> i_soc.i_cpu.core_i.id_stage_i.register_file_i._8872_/D : -7.058173
[setup reg-reg] i_soc.i_cpu.core_i.id_stage_i._3802_/Q -> i_soc.i_cpu.core_i.id_stage_i.register_file_i._8906_/D : -7.057750
[setup reg-reg] i_soc.i_cpu.core_i.id_stage_i._3802_/Q -> i_soc.i_cpu.core_i.id_stage_i.register_file_i._8168_/D : -7.055624
[setup reg-reg] i_soc.i_cpu.core_i.id_stage_i._3802_/Q -> i_soc.i_cpu.core_i.id_stage_i.register_file_i._8936_/D : -7.054689
[setup reg-reg] i_soc.i_cpu.core_i.id_stage_i._3802_/Q -> i_soc.i_cpu.core_i.id_stage_i.register_file_i._8683_/D : -7.054435
[setup reg-reg] i_soc.i_cpu.core_i.id_stage_i._3802_/Q -> i_soc.i_cpu.core_i.id_stage_i.register_file_i._8938_/D : -7.052943
[setup reg-reg] i_soc.i_cpu.core_i.id_stage_i._3802_/Q -> i_soc.i_cpu.core_i.id_stage_i.register_file_i._9034_/D : -7.052400
[setup reg-reg] i_soc.i_cpu.core_i.id_stage_i._3802_/Q -> i_soc.i_cpu.core_i.id_stage_i.register_file_i._8843_/D : -7.051496
[setup reg-reg] i_soc.i_cpu.core_i.id_stage_i._3802_/Q -> i_soc.i_cpu.core_i.id_stage_i.register_file_i._8874_/D : -7.051373
[setup reg-reg] i_soc.i_cpu.core_i.id_stage_i._3802_/Q -> i_soc.i_cpu.core_i.id_stage_i.register_file_i._9002_/D : -7.050879
[setup reg-reg] i_soc.i_cpu.core_i.id_stage_i._3802_/Q -> i_soc.i_cpu.core_i.id_stage_i.register_file_i._8970_/D : -7.049314
[setup reg-reg] i_soc.i_cpu.core_i.id_stage_i._3802_/Q -> i_soc.i_cpu.core_i.id_stage_i.register_file_i._8087_/D : -7.048547
[setup reg-reg] i_soc.i_cpu.core_i.id_stage_i._3802_/Q -> i_soc.i_cpu.core_i.id_stage_i.register_file_i._8704_/D : -7.046296
[setup reg-reg] i_soc.i_cpu.core_i.id_stage_i._3802_/Q -> i_soc.i_cpu.core_i.id_stage_i.register_file_i._8143_/D : -7.044845
[setup reg-reg] i_soc.i_cpu.core_i.id_stage_i._3802_/Q -> i_soc.i_cpu.core_i.id_stage_i.register_file_i._8079_/D : -7.044785
[setup reg-reg] i_soc.i_cpu.core_i.id_stage_i._3802_/Q -> i_soc.i_cpu.core_i.id_stage_i.register_file_i._8833_/D : -7.044653
[setup reg-reg] i_soc.i_cpu.core_i.id_stage_i._3802_/Q -> i_soc.i_cpu.core_i.id_stage_i.register_file_i._8531_/D : -7.044102
[setup reg-reg] i_soc.i_cpu.core_i.id_stage_i._3802_/Q -> i_soc.i_cpu.core_i.id_stage_i.register_file_i._8202_/D : -7.041983
[setup reg-reg] i_soc.i_cpu.core_i.id_stage_i._3802_/Q -> i_soc.i_cpu.core_i.id_stage_i.register_file_i._8170_/D : -7.041742
[setup reg-reg] i_soc.i_cpu.core_i.id_stage_i._3802_/Q -> i_soc.i_cpu.core_i.id_stage_i.register_file_i._8715_/D : -7.039397
[setup reg-reg] i_soc.i_cpu.core_i.id_stage_i._3802_/Q -> i_soc.i_cpu.core_i.id_stage_i.register_file_i._8133_/D : -7.034604
[setup reg-reg] i_soc.i_cpu.core_i.id_stage_i._3802_/Q -> i_soc.i_cpu.core_i.id_stage_i.register_file_i._8823_/D : -7.034547
[setup reg-reg] i_soc.i_cpu.core_i.id_stage_i._3802_/Q -> i_soc.i_cpu.core_i.id_stage_i.register_file_i._8239_/D : -7.032146
[setup reg-reg] i_soc.i_cpu.core_i.id_stage_i._3802_/Q -> i_soc.i_cpu.core_i.id_stage_i.register_file_i._8747_/D : -7.030572
[setup reg-reg] i_soc.i_cpu.core_i.id_stage_i._3802_/Q -> i_soc.i_cpu.core_i.id_stage_i.register_file_i._8635_/D : -7.030371
[setup reg-reg] i_soc.i_cpu.core_i.id_stage_i._3802_/Q -> i_soc.i_cpu.core_i.id_stage_i.register_file_i._8751_/D : -7.028936
[setup reg-reg] i_soc.i_cpu.core_i.id_stage_i._3802_/Q -> i_soc.i_cpu.core_i.id_stage_i.register_file_i._8180_/D : -7.026947
[setup reg-reg] i_soc.i_cpu.core_i.id_stage_i._3802_/Q -> i_soc.i_cpu.core_i.id_stage_i.register_file_i._8948_/D : -7.026424
[setup reg-reg] i_soc.i_cpu.core_i.id_stage_i._3802_/Q -> i_soc.i_cpu.core_i.id_stage_i.register_file_i._8148_/D : -7.024593
[setup reg-reg] i_soc.i_cpu.core_i.id_stage_i._3802_/Q -> i_soc.i_cpu.core_i.id_stage_i.register_file_i._8408_/D : -7.024282
[setup reg-reg] i_soc.i_cpu.core_i.id_stage_i._3802_/Q -> i_soc.i_cpu.core_i.id_stage_i.register_file_i._8102_/D : -7.022076
[setup reg-reg] i_soc.i_cpu.core_i.id_stage_i._3802_/Q -> i_soc.i_cpu.core_i.id_stage_i.register_file_i._8884_/D : -7.019734
[setup reg-reg] i_soc.i_cpu.core_i.id_stage_i._3802_/Q -> i_soc.i_cpu.core_i.id_stage_i.register_file_i._8543_/D : -7.017256
[setup reg-reg] i_soc.i_cpu.core_i.id_stage_i._3802_/Q -> i_soc.i_cpu.core_i.id_stage_i.register_file_i._9031_/D : -7.009760
[setup reg-reg] i_soc.i_cpu.core_i.id_stage_i._3802_/Q -> i_soc.i_cpu.core_i.id_stage_i.register_file_i._9012_/D : -7.008467
[setup reg-reg] i_soc.i_cpu.core_i.id_stage_i._3802_/Q -> i_soc.i_cpu.core_i.id_stage_i.register_file_i._8167_/D : -7.006497
[setup reg-reg] i_soc.i_cpu.core_i.id_stage_i._3802_/Q -> i_soc.i_cpu.core_i.id_stage_i.register_file_i._8980_/D : -7.006069
[setup reg-reg] i_soc.i_cpu.core_i.id_stage_i._3802_/Q -> i_soc.i_cpu.core_i.id_stage_i.register_file_i._8999_/D : -7.005515
[setup reg-reg] i_soc.i_cpu.core_i.id_stage_i._3802_/Q -> i_soc.i_cpu.core_i.id_stage_i.register_file_i._8415_/D : -7.005086
[setup reg-reg] i_soc.i_cpu.core_i.id_stage_i._3802_/Q -> i_soc.i_cpu.core_i.id_stage_i.register_file_i._8199_/D : -7.004055
[setup reg-reg] i_soc.i_cpu.core_i.id_stage_i._3802_/Q -> i_soc.i_cpu.core_i.id_stage_i.register_file_i._8608_/D : -7.000670
[setup reg-reg] i_soc.i_cpu.core_i.id_stage_i._3802_/Q -> i_soc.i_cpu.core_i.id_stage_i.register_file_i._8706_/D : -6.999928
[setup reg-reg] i_soc.i_cpu.core_i.id_stage_i._3802_/Q -> i_soc.i_cpu.core_i.id_stage_i.register_file_i._8144_/D : -6.998216
[setup reg-reg] i_soc.i_ai_accel._23118_/Q -> i_soc.i_ai_accel._22916_/D : -6.996800
[setup reg-reg] i_soc.i_cpu.core_i.id_stage_i._3802_/Q -> i_soc.i_cpu.core_i.id_stage_i.register_file_i._8375_/D : -6.993093
[setup reg-reg] i_soc.i_cpu.core_i.id_stage_i._3802_/Q -> i_soc.i_cpu.core_i.id_stage_i.register_file_i._8350_/D : -6.992162
[setup reg-reg] i_soc.i_cpu.core_i.id_stage_i._3802_/Q -> i_soc.i_cpu.core_i.id_stage_i.register_file_i._8230_/D : -6.990330
[setup reg-reg] i_soc.i_cpu.core_i.id_stage_i._3802_/Q -> i_soc.i_cpu.core_i.id_stage_i.register_file_i._8240_/D : -6.984062
[setup reg-reg] i_soc.i_ai_accel._23118_/Q -> i_soc.i_ai_accel._22915_/D : -6.982573
[setup reg-reg] i_soc.i_cpu.core_i.id_stage_i._3802_/Q -> i_soc.i_cpu.core_i.id_stage_i.register_file_i._8315_/D : -6.977407
[setup reg-reg] i_soc.i_cpu.core_i.id_stage_i._3802_/Q -> i_soc.i_cpu.core_i.id_stage_i.register_file_i._8318_/D : -6.975363
[setup reg-reg] i_soc.i_cpu.core_i.id_stage_i._3802_/Q -> i_soc.i_cpu.core_i.id_stage_i.register_file_i._8537_/D : -6.974935
[setup reg-reg] i_soc.i_cpu.core_i.id_stage_i._3802_/Q -> i_soc.i_cpu.core_i.id_stage_i.register_file_i._8667_/D : -6.974103
[setup reg-reg] i_soc.i_cpu.core_i.id_stage_i._3802_/Q -> i_soc.i_cpu.core_i.id_stage_i.register_file_i._8443_/D : -6.973561
[setup reg-reg] i_soc.i_cpu.core_i.id_stage_i._3802_/Q -> i_soc.i_cpu.core_i.id_stage_i.register_file_i._8908_/D : -6.972206
[setup reg-reg] i_soc.i_cpu.core_i.id_stage_i._3802_/Q -> i_soc.i_cpu.core_i.id_stage_i.register_file_i._8347_/D : -6.972084
[setup reg-reg] i_soc.i_cpu.core_i.id_stage_i._3802_/Q -> i_soc.i_cpu.core_i.id_stage_i.register_file_i._8972_/D : -6.970746
[setup reg-reg] i_soc.i_cpu.core_i.id_stage_i._3802_/Q -> i_soc.i_cpu.core_i.id_stage_i.register_file_i._8940_/D : -6.968883
[setup reg-reg] i_soc.i_cpu.core_i.id_stage_i._3802_/Q -> i_soc.i_cpu.core_i.id_stage_i.register_file_i._8254_/D : -6.967525
[setup reg-reg] i_soc.i_cpu.core_i.id_stage_i._3802_/Q -> i_soc.i_cpu.core_i.id_stage_i.register_file_i._8752_/D : -6.966211
[setup reg-reg] i_soc.i_cpu.core_i.id_stage_i._3802_/Q -> i_soc.i_cpu.core_i.id_stage_i.register_file_i._8251_/D : -6.964399
[setup reg-reg] i_soc.i_cpu.core_i.id_stage_i._3802_/Q -> i_soc.i_cpu.core_i.id_stage_i.register_file_i._8283_/D : -6.960908
[setup reg-reg] i_soc.i_cpu.core_i.id_stage_i._3802_/Q -> i_soc.i_cpu.core_i.id_stage_i.register_file_i._8243_/D : -6.960820
[setup reg-reg] i_soc.i_cpu.core_i.id_stage_i._3802_/Q -> i_soc.i_cpu.core_i.id_stage_i.register_file_i._8876_/D : -6.959248
[setup reg-reg] i_soc.i_cpu.core_i.id_stage_i._3802_/Q -> i_soc.i_cpu.core_i.id_stage_i.register_file_i._8741_/D : -6.953128
[setup reg-reg] i_soc.i_cpu.core_i.id_stage_i._3802_/Q -> i_soc.i_cpu.core_i.id_stage_i.register_file_i._8462_/D : -6.952249
[setup reg-reg] i_soc.i_cpu.core_i.id_stage_i._3802_/Q -> i_soc.i_cpu.core_i.id_stage_i.register_file_i._8302_/D : -6.951563
[setup reg-reg] i_soc.i_cpu.core_i.id_stage_i._3802_/Q -> i_soc.i_cpu.core_i.id_stage_i.register_file_i._9020_/D : -6.949965
[setup reg-reg] i_soc.i_cpu.core_i.id_stage_i._3802_/Q -> i_soc.i_cpu.core_i.id_stage_i.register_file_i._8988_/D : -6.948863
[setup reg-reg] i_soc.i_cpu.core_i.id_stage_i._3802_/Q -> i_soc.i_cpu.core_i.id_stage_i.register_file_i._8075_/D : -6.946955
[setup reg-reg] i_soc.i_cpu.core_i.id_stage_i._3802_/Q -> i_soc.i_cpu.core_i.id_stage_i.register_file_i._8229_/D : -6.944081
[setup reg-reg] i_soc.i_cpu.core_i.id_stage_i._3802_/Q -> i_soc.i_cpu.core_i.id_stage_i.register_file_i._8541_/D : -6.941404
[setup reg-reg] i_soc.i_cpu.core_i.id_stage_i._3711_/Q -> i_soc.i_boot_rom._475_/D : -6.932945
[setup reg-reg] i_soc.i_cpu.core_i.id_stage_i._3802_/Q -> i_soc.i_cpu.core_i.id_stage_i.register_file_i._8275_/D : -6.931828
[setup reg-reg] i_soc.i_instr_sram.u_sram.gen_bank[3].gen_512.u_macro/dout1[17] -> i_soc.i_cpu.core_i.if_stage_i._847_/D : -6.928422
[setup reg-reg] i_soc.i_cpu.core_i.id_stage_i._3802_/Q -> i_soc.i_cpu.core_i.id_stage_i.register_file_i._8603_/D : -6.928177
[setup reg-reg] i_soc.i_cpu.core_i.id_stage_i._3802_/Q -> i_soc.i_cpu.core_i.id_stage_i.register_file_i._8069_/D : -6.927957
[setup reg-reg] i_soc.i_cpu.core_i.id_stage_i._3802_/Q -> i_soc.i_cpu.core_i.id_stage_i.register_file_i._8571_/D : -6.926637
[setup reg-reg] i_soc.i_cpu.core_i.id_stage_i._3802_/Q -> i_soc.i_cpu.core_i.id_stage_i.register_file_i._8708_/D : -6.926588
[setup reg-reg] i_soc.i_cpu.core_i.id_stage_i._3802_/Q -> i_soc.i_cpu.core_i.id_stage_i.register_file_i._8897_/D : -6.925128
[setup reg-reg] i_soc.i_cpu.core_i.id_stage_i._3802_/Q -> i_soc.i_cpu.core_i.id_stage_i.register_file_i._8307_/D : -6.924117
[setup reg-reg] i_soc.i_cpu.core_i.id_stage_i._3802_/Q -> i_soc.i_cpu.core_i.id_stage_i.register_file_i._8111_/D : -6.921294
[setup reg-reg] i_soc.i_cpu.core_i.id_stage_i._3802_/Q -> i_soc.i_cpu.core_i.id_stage_i.register_file_i._8339_/D : -6.920798
[setup reg-reg] i_soc.i_cpu.core_i.id_stage_i._3802_/Q -> i_soc.i_cpu.core_i.id_stage_i.register_file_i._8413_/D : -6.919978
[setup reg-reg] i_soc.i_cpu.core_i.id_stage_i._3802_/Q -> i_soc.i_cpu.core_i.id_stage_i.register_file_i._8141_/D : -6.909421
[setup reg-reg] i_soc.i_cpu.core_i.id_stage_i._3802_/Q -> i_soc.i_cpu.core_i.id_stage_i.register_file_i._8795_/D : -6.908815
[setup reg-reg] i_soc.i_cpu.core_i.id_stage_i._3802_/Q -> i_soc.i_cpu.core_i.id_stage_i.register_file_i._8779_/D : -6.905529
[setup reg-reg] i_soc.i_cpu.core_i.id_stage_i._3802_/Q -> i_soc.i_cpu.core_i.id_stage_i.register_file_i._8654_/D : -6.903575
[setup reg-reg] i_soc.i_cpu.core_i.id_stage_i._3802_/Q -> i_soc.i_cpu.core_i.id_stage_i.register_file_i._8903_/D : -6.902914
[setup reg-reg] i_soc.i_cpu.core_i.id_stage_i._3802_/Q -> i_soc.i_cpu.core_i.id_stage_i.register_file_i._8260_/D : -6.902637
[setup reg-reg] i_soc.i_cpu.core_i.id_stage_i._3802_/Q -> i_soc.i_cpu.core_i.id_stage_i.register_file_i._8693_/D : -6.901863
[setup reg-reg] i_soc.i_cpu.core_i.id_stage_i._3802_/Q -> i_soc.i_cpu.core_i.id_stage_i.register_file_i._8399_/D : -6.899802
[setup reg-reg] i_soc.i_cpu.core_i.id_stage_i._3802_/Q -> i_soc.i_cpu.core_i.id_stage_i.register_file_i._8565_/D : -6.896768
[setup reg-reg] i_soc.i_cpu.core_i.id_stage_i._3802_/Q -> i_soc.i_cpu.core_i.id_stage_i.register_file_i._8935_/D : -6.896665
[setup reg-reg] i_soc.i_cpu.core_i.id_stage_i._3802_/Q -> i_soc.i_cpu.core_i.id_stage_i.register_file_i._8356_/D : -6.895730
[setup reg-reg] i_soc.i_cpu.core_i.id_stage_i._3802_/Q -> i_soc.i_cpu.core_i.id_stage_i.register_file_i._8270_/D : -6.894746
[setup reg-reg] i_soc.i_cpu.core_i.id_stage_i._3802_/Q -> i_soc.i_cpu.core_i.id_stage_i.register_file_i._8268_/D : -6.891471
[setup reg-reg] i_soc.i_cpu.core_i.id_stage_i._3802_/Q -> i_soc.i_cpu.core_i.id_stage_i.register_file_i._8292_/D : -6.889719
[setup reg-reg] i_soc.i_cpu.core_i.id_stage_i._3802_/Q -> i_soc.i_cpu.core_i.id_stage_i.register_file_i._8107_/D : -6.889447
[setup reg-reg] i_soc.i_cpu.core_i.id_stage_i._3711_/Q -> i_soc.i_boot_rom._483_/D : -6.888973
[setup reg-reg] i_soc.i_cpu.core_i.id_stage_i._3802_/Q -> i_soc.i_cpu.core_i.id_stage_i.register_file_i._8332_/D : -6.888625
[setup reg-reg] i_soc.i_cpu.core_i.id_stage_i._3802_/Q -> i_soc.i_cpu.core_i.id_stage_i.register_file_i._8395_/D : -6.884559
[setup reg-reg] i_soc.i_cpu.core_i.id_stage_i._3802_/Q -> i_soc.i_cpu.core_i.id_stage_i.register_file_i._8273_/D : -6.882633
[setup reg-reg] i_soc.i_cpu.core_i.id_stage_i._3802_/Q -> i_soc.i_cpu.core_i.id_stage_i.register_file_i._8437_/D : -6.882576
[setup reg-reg] i_soc.i_cpu.core_i.id_stage_i._3712_/Q -> i_soc.i_axi_dm_slave._466_/D : -6.878013
[setup reg-reg] i_soc.i_cpu.core_i.id_stage_i._3802_/Q -> i_soc.i_cpu.core_i.id_stage_i.register_file_i._8334_/D : -6.877480
[setup reg-reg] i_soc.i_cpu.core_i.id_stage_i._3802_/Q -> i_soc.i_cpu.core_i.id_stage_i.register_file_i._8763_/D : -6.876439
[setup reg-reg] i_soc.i_cpu.core_i.id_stage_i._3802_/Q -> i_soc.i_cpu.core_i.id_stage_i.register_file_i._8993_/D : -6.876359
[setup reg-reg] i_soc.i_cpu.core_i.id_stage_i._3802_/Q -> i_soc.i_cpu.core_i.id_stage_i.register_file_i._8749_/D : -6.875777
[setup reg-reg] i_soc.i_instr_sram.u_sram.gen_bank[3].gen_512.u_macro/dout1[17] -> i_soc.i_cpu.core_i.if_stage_i._869_/D : -6.873922
[setup reg-reg] i_soc.i_cpu.core_i.id_stage_i._3802_/Q -> i_soc.i_cpu.core_i.id_stage_i.register_file_i._8865_/D : -6.872337
[setup reg-reg] i_soc.i_cpu.core_i.id_stage_i._3802_/Q -> i_soc.i_cpu.core_i.id_stage_i.register_file_i._8845_/D : -6.872266
[setup reg-reg] i_soc.i_cpu.core_i.id_stage_i._3802_/Q -> i_soc.i_cpu.core_i.id_stage_i.register_file_i._9025_/D : -6.871934
[setup reg-reg] i_soc.i_cpu.core_i.id_stage_i._3802_/Q -> i_soc.i_cpu.core_i.id_stage_i.register_file_i._8929_/D : -6.871334
[setup reg-reg] i_soc.i_cpu.core_i.id_stage_i._3802_/Q -> i_soc.i_cpu.core_i.id_stage_i.register_file_i._8366_/D : -6.870798
[setup reg-reg] i_soc.i_cpu.core_i.id_stage_i._3802_/Q -> i_soc.i_cpu.core_i.id_stage_i.register_file_i._8919_/D : -6.870184
[setup reg-reg] i_soc.i_cpu.core_i.id_stage_i._3802_/Q -> i_soc.i_cpu.core_i.id_stage_i.register_file_i._8306_/D : -6.868748
[setup reg-reg] i_soc.i_cpu.core_i.id_stage_i._3802_/Q -> i_soc.i_cpu.core_i.id_stage_i.register_file_i._8151_/D : -6.868632
[setup reg-reg] i_soc.i_cpu.core_i.id_stage_i._3802_/Q -> i_soc.i_cpu.core_i.id_stage_i.register_file_i._8961_/D : -6.868575
[setup reg-reg] i_soc.i_cpu.core_i.id_stage_i._3802_/Q -> i_soc.i_cpu.core_i.id_stage_i.register_file_i._8077_/D : -6.866953
[setup reg-reg] i_soc.i_cpu.core_i.id_stage_i._3802_/Q -> i_soc.i_cpu.core_i.id_stage_i.register_file_i._8193_/D : -6.865147
[setup reg-reg] i_soc.i_cpu.core_i.id_stage_i._3802_/Q -> i_soc.i_cpu.core_i.id_stage_i.register_file_i._8161_/D : -6.864722
[setup reg-reg] i_soc.i_cpu.core_i.id_stage_i._3711_/Q -> i_soc.i_boot_rom._474_/D : -6.864699
[setup reg-reg] i_soc.i_cpu.core_i.id_stage_i._3802_/Q -> i_soc.i_cpu.core_i.id_stage_i.register_file_i._8183_/D : -6.862973
[setup reg-reg] i_soc.i_cpu.core_i.id_stage_i._3802_/Q -> i_soc.i_cpu.core_i.id_stage_i.register_file_i._8338_/D : -6.860024
[setup reg-reg] i_soc.i_cpu.core_i.id_stage_i._3802_/Q -> i_soc.i_cpu.core_i.id_stage_i.register_file_i._8983_/D : -6.856837
[setup reg-reg] i_soc.i_cpu.core_i.id_stage_i._3802_/Q -> i_soc.i_cpu.core_i.id_stage_i.register_file_i._8324_/D : -6.855134
[setup reg-reg] i_soc.i_cpu.core_i.id_stage_i._3802_/Q -> i_soc.i_cpu.core_i.id_stage_i.register_file_i._8967_/D : -6.855038
[setup reg-reg] i_soc.i_instr_sram.u_sram.gen_bank[3].gen_512.u_macro/dout1[17] -> i_soc.i_cpu.core_i.if_stage_i._857_/D : -6.853681
[setup reg-reg] i_soc.i_cpu.core_i.id_stage_i._3802_/Q -> i_soc.i_cpu.core_i.id_stage_i.register_file_i._8800_/D : -6.852977
[setup reg-reg] i_soc.i_cpu.core_i.id_stage_i._3802_/Q -> i_soc.i_cpu.core_i.id_stage_i.register_file_i._8242_/D : -6.852844
[setup reg-reg] i_soc.i_cpu.core_i.id_stage_i._3802_/Q -> i_soc.i_cpu.core_i.id_stage_i.register_file_i._8274_/D : -6.851892
[setup reg-reg] i_soc.i_cpu.core_i.id_stage_i._3802_/Q -> i_soc.i_cpu.core_i.id_stage_i.register_file_i._8855_/D : -6.849733
[setup reg-reg] i_soc.i_cpu.core_i.id_stage_i._3802_/Q -> i_soc.i_cpu.core_i.id_stage_i.register_file_i._8871_/D : -6.849016
[setup reg-reg] i_soc.i_cpu.core_i.id_stage_i._3802_/Q -> i_soc.i_cpu.core_i.id_stage_i.register_file_i._8768_/D : -6.848312
[setup reg-reg] i_soc.i_cpu.core_i.id_stage_i._3802_/Q -> i_soc.i_cpu.core_i.id_stage_i.register_file_i._9015_/D : -6.845886
[setup reg-reg] i_soc.i_cpu.core_i.id_stage_i._3802_/Q -> i_soc.i_cpu.core_i.id_stage_i.register_file_i._8400_/D : -6.844474
[setup reg-reg] i_soc.i_cpu.core_i.id_stage_i._3802_/Q -> i_soc.i_cpu.core_i.id_stage_i.register_file_i._8848_/D : -6.842949
[setup reg-reg] i_soc.i_cpu.core_i.id_stage_i._3802_/Q -> i_soc.i_cpu.core_i.id_stage_i.register_file_i._8067_/D : -6.842173
[setup reg-reg] i_soc.i_cpu.core_i.id_stage_i._3802_/Q -> i_soc.i_cpu.core_i.id_stage_i.register_file_i._8634_/D : -6.839287
[setup reg-reg] i_soc.i_cpu.core_i.id_stage_i._3802_/Q -> i_soc.i_cpu.core_i.id_stage_i.register_file_i._8249_/D : -6.838583
[setup reg-reg] i_soc.i_cpu.core_i.id_stage_i._3802_/Q -> i_soc.i_cpu.core_i.id_stage_i.register_file_i._8099_/D : -6.837382
[setup reg-reg] i_soc.i_cpu.core_i.id_stage_i._3802_/Q -> i_soc.i_cpu.core_i.id_stage_i.register_file_i._8466_/D : -6.834796
[setup reg-reg] i_soc.i_cpu.core_i.id_stage_i._3802_/Q -> i_soc.i_cpu.core_i.id_stage_i.register_file_i._8441_/D : -6.834080
[setup reg-reg] i_soc.i_cpu.core_i.id_stage_i._3802_/Q -> i_soc.i_cpu.core_i.id_stage_i.register_file_i._8676_/D : -6.833549
[setup reg-reg] i_soc.i_instr_sram.u_sram.gen_bank[3].gen_512.u_macro/dout1[17] -> i_soc.i_cpu.core_i.if_stage_i._868_/D : -6.831787
[setup reg-reg] i_soc.i_cpu.core_i.id_stage_i._3802_/Q -> i_soc.i_cpu.core_i.id_stage_i.register_file_i._8137_/D : -6.830520
[setup reg-reg] i_soc.i_cpu.core_i.id_stage_i._3802_/Q -> i_soc.i_cpu.core_i.id_stage_i.register_file_i._8281_/D : -6.828261
[setup reg-reg] i_soc.i_instr_sram.u_sram.gen_bank[3].gen_512.u_macro/dout1[17] -> i_soc.i_cpu.core_i.if_stage_i._871_/D : -6.827847
[setup reg-reg] i_soc.i_cpu.core_i.id_stage_i._3802_/Q -> i_soc.i_cpu.core_i.id_stage_i.register_file_i._8313_/D : -6.826133
[setup reg-reg] i_soc.i_cpu.core_i.id_stage_i._3802_/Q -> i_soc.i_cpu.core_i.id_stage_i.register_file_i._8101_/D : -6.823797
[setup reg-reg] i_soc.i_cpu.core_i.id_stage_i._3802_/Q -> i_soc.i_cpu.core_i.id_stage_i.register_file_i._8622_/D : -6.820155
[setup reg-reg] i_soc.i_cpu.core_i.id_stage_i._3802_/Q -> i_soc.i_cpu.core_i.id_stage_i.register_file_i._8345_/D : -6.818839
[setup reg-reg] i_soc.i_cpu.core_i.id_stage_i._3802_/Q -> i_soc.i_cpu.core_i.id_stage_i.register_file_i._8847_/D : -6.816875
[setup reg-reg] i_soc.i_cpu.core_i.id_stage_i._3802_/Q -> i_soc.i_cpu.core_i.id_stage_i.register_file_i._8887_/D : -6.816785
[setup reg-reg] i_soc.i_cpu.core_i.id_stage_i._3802_/Q -> i_soc.i_cpu.core_i.id_stage_i.register_file_i._8951_/D : -6.816521
[setup reg-reg] i_soc.i_cpu.core_i.id_stage_i._3802_/Q -> i_soc.i_cpu.core_i.id_stage_i.register_file_i._8198_/D : -6.816246
[setup reg-reg] i_soc.i_cpu.core_i.id_stage_i._3802_/Q -> i_soc.i_cpu.core_i.id_stage_i.register_file_i._8166_/D : -6.815068
[setup reg-reg] i_soc.i_cpu.core_i.id_stage_i._3802_/Q -> i_soc.i_cpu.core_i.id_stage_i.register_file_i._8346_/D : -6.811553
[setup reg-reg] i_soc.i_cpu.core_i.id_stage_i._3802_/Q -> i_soc.i_cpu.core_i.id_stage_i.register_file_i._8109_/D : -6.809465
[setup reg-reg] i_soc.i_cpu.core_i.id_stage_i._3802_/Q -> i_soc.i_cpu.core_i.id_stage_i.register_file_i._8661_/D : -6.808380
[setup reg-reg] i_soc.i_cpu.core_i.id_stage_i._3802_/Q -> i_soc.i_cpu.core_i.id_stage_i.register_file_i._8745_/D : -6.804289
[setup reg-reg] i_soc.i_cpu.core_i.id_stage_i._3802_/Q -> i_soc.i_cpu.core_i.id_stage_i.register_file_i._8314_/D : -6.803464
[setup reg-reg] i_soc.i_cpu.core_i.id_stage_i._3802_/Q -> i_soc.i_cpu.core_i.id_stage_i.register_file_i._8237_/D : -6.802944
[setup reg-reg] i_soc.i_cpu.core_i.id_stage_i._3712_/Q -> i_soc.i_axi_dm_slave._465_/D : -6.802795
[setup reg-reg] i_soc.i_cpu.core_i.id_stage_i._3712_/Q -> i_soc.i_axi_dm_slave._441_/D : -6.802397
[setup reg-reg] i_soc.i_cpu.core_i.id_stage_i._3802_/Q -> i_soc.i_cpu.core_i.id_stage_i.register_file_i._8389_/D : -6.799273
[setup reg-reg] i_soc.i_instr_sram.u_sram.gen_bank[3].gen_512.u_macro/dout1[17] -> i_soc.i_cpu.core_i.if_stage_i._862_/D : -6.799077
[setup reg-reg] i_soc.i_cpu.core_i.id_stage_i._3802_/Q -> i_soc.i_cpu.core_i.id_stage_i.register_file_i._8811_/D : -6.797626
[setup reg-reg] i_soc.i_cpu.core_i.id_stage_i._3802_/Q -> i_soc.i_cpu.core_i.id_stage_i.register_file_i._8250_/D : -6.796212
[setup reg-reg] i_soc.i_cpu.core_i.id_stage_i._3802_/Q -> i_soc.i_cpu.core_i.id_stage_i.register_file_i._8263_/D : -6.795381
[setup reg-reg] i_soc.i_cpu.core_i.id_stage_i._3802_/Q -> i_soc.i_cpu.core_i.id_stage_i.register_file_i._8131_/D : -6.795180
[setup reg-reg] i_soc.i_cpu.core_i.id_stage_i._3802_/Q -> i_soc.i_cpu.core_i.id_stage_i.register_file_i._8657_/D : -6.792640
[setup reg-reg] i_soc.i_cpu.core_i.id_stage_i._3802_/Q -> i_soc.i_cpu.core_i.id_stage_i.register_file_i._8327_/D : -6.791293
[setup reg-reg] i_soc.i_cpu.core_i.id_stage_i._3802_/Q -> i_soc.i_cpu.core_i.id_stage_i.register_file_i._8282_/D : -6.791090
[setup reg-reg] i_soc.i_cpu.core_i.id_stage_i._3802_/Q -> i_soc.i_cpu.core_i.id_stage_i.register_file_i._8682_/D : -6.791094
[setup reg-reg] i_soc.i_cpu.core_i.id_stage_i._3802_/Q -> i_soc.i_cpu.core_i.id_stage_i.register_file_i._8435_/D : -6.790691
[setup reg-reg] i_soc.i_cpu.core_i.id_stage_i._3802_/Q -> i_soc.i_cpu.core_i.id_stage_i.register_file_i._8467_/D : -6.790474
[setup reg-reg] i_soc.i_cpu.core_i.id_stage_i._3802_/Q -> i_soc.i_cpu.core_i.id_stage_i.register_file_i._8837_/D : -6.789700
[setup reg-reg] i_soc.i_cpu.core_i.id_stage_i._3802_/Q -> i_soc.i_cpu.core_i.id_stage_i.register_file_i._8689_/D : -6.786699
[setup reg-reg] i_soc.i_cpu.core_i.id_stage_i._3802_/Q -> i_soc.i_cpu.core_i.id_stage_i.register_file_i._8227_/D : -6.784434
[setup reg-reg] i_soc.i_cpu.core_i.id_stage_i._3802_/Q -> i_soc.i_cpu.core_i.id_stage_i.register_file_i._8593_/D : -6.784287
[setup reg-reg] i_soc.i_cpu.core_i.id_stage_i._3802_/Q -> i_soc.i_cpu.core_i.id_stage_i.register_file_i._8442_/D : -6.783928
[setup reg-reg] i_soc.i_cpu.core_i.id_stage_i._3802_/Q -> i_soc.i_cpu.core_i.id_stage_i.register_file_i._8580_/D : -6.782289
[setup reg-reg] i_soc.i_cpu.core_i.id_stage_i._3802_/Q -> i_soc.i_cpu.core_i.id_stage_i.register_file_i._8612_/D : -6.779683
[setup reg-reg] i_soc.i_cpu.core_i.id_stage_i._3712_/Q -> i_soc.i_axi_dm_slave._520_/D : -6.779297
[setup reg-reg] i_soc.i_cpu.core_i.id_stage_i._3802_/Q -> i_soc.i_cpu.core_i.id_stage_i.register_file_i._8362_/D : -6.779202
[setup reg-reg] i_soc.i_cpu.core_i.id_stage_i._3802_/Q -> i_soc.i_cpu.core_i.id_stage_i.register_file_i._8499_/D : -6.776352
[setup reg-reg] i_soc.i_instr_sram.u_sram.gen_bank[3].gen_512.u_macro/dout1[17] -> i_soc.i_cpu.core_i.if_stage_i._866_/D : -6.776102
[setup reg-reg] i_soc.i_cpu.core_i.id_stage_i._3802_/Q -> i_soc.i_cpu.core_i.id_stage_i.register_file_i._8648_/D : -6.775414
[setup reg-reg] i_soc.i_cpu.core_i.id_stage_i._3802_/Q -> i_soc.i_cpu.core_i.id_stage_i.register_file_i._8644_/D : -6.774313
[setup reg-reg] i_soc.i_cpu.core_i.id_stage_i._3802_/Q -> i_soc.i_cpu.core_i.id_stage_i.register_file_i._8301_/D : -6.773983
[setup reg-reg] i_soc.i_cpu.core_i.id_stage_i._3802_/Q -> i_soc.i_cpu.core_i.id_stage_i.register_file_i._8359_/D : -6.773835
[setup reg-reg] i_soc.i_cpu.core_i.id_stage_i._3802_/Q -> i_soc.i_cpu.core_i.id_stage_i.register_file_i._8365_/D : -6.772893
[setup reg-reg] i_soc.i_cpu.core_i.id_stage_i._3712_/Q -> i_soc.i_axi_dm_slave._435_/D : -6.772716
[setup reg-reg] i_soc.i_cpu.core_i.id_stage_i._3802_/Q -> i_soc.i_cpu.core_i.id_stage_i.register_file_i._8721_/D : -6.768088
[setup reg-reg] i_soc.i_cpu.core_i.id_stage_i._3802_/Q -> i_soc.i_cpu.core_i.id_stage_i.register_file_i._8680_/D : -6.767669
[setup reg-reg] i_soc.i_cpu.core_i.id_stage_i._3802_/Q -> i_soc.i_cpu.core_i.id_stage_i.register_file_i._8266_/D : -6.765905
[setup reg-reg] i_soc.i_cpu.core_i.id_stage_i._3802_/Q -> i_soc.i_cpu.core_i.id_stage_i.register_file_i._8629_/D : -6.764022
[setup reg-reg] i_soc.i_cpu.core_i.id_stage_i._3802_/Q -> i_soc.i_cpu.core_i.id_stage_i.register_file_i._8073_/D : -6.760727
[setup reg-reg] i_soc.i_cpu.core_i.id_stage_i._3802_/Q -> i_soc.i_cpu.core_i.id_stage_i.register_file_i._8590_/D : -6.759862
[setup reg-reg] i_soc.i_cpu.core_i.id_stage_i._3802_/Q -> i_soc.i_cpu.core_i.id_stage_i.register_file_i._8269_/D : -6.759209
[setup reg-reg] i_soc.i_cpu.core_i.id_stage_i._3802_/Q -> i_soc.i_cpu.core_i.id_stage_i.register_file_i._8330_/D : -6.758667
[setup reg-reg] i_soc.i_cpu.core_i.id_stage_i._3712_/Q -> i_soc.i_axi_dm_slave._433_/D : -6.758118
[setup reg-reg] i_soc.i_cpu.core_i.id_stage_i._3802_/Q -> i_soc.i_cpu.core_i.id_stage_i.register_file_i._8684_/D : -6.755729
[setup reg-reg] i_soc.i_cpu.core_i.id_stage_i._3802_/Q -> i_soc.i_cpu.core_i.id_stage_i.register_file_i._8208_/D : -6.754984
[setup reg-reg] i_soc.i_cpu.core_i.id_stage_i._3712_/Q -> i_soc.i_axi_dm_slave._436_/D : -6.754391
[setup reg-reg] i_soc.i_cpu.core_i.id_stage_i._3802_/Q -> i_soc.i_cpu.core_i.id_stage_i.register_file_i._8976_/D : -6.753490
[setup reg-reg] i_soc.i_cpu.core_i.id_stage_i._3712_/Q -> i_soc.i_axi_dm_slave._440_/D : -6.753219
[setup reg-reg] i_soc.i_cpu.core_i.id_stage_i._3802_/Q -> i_soc.i_cpu.core_i.id_stage_i.register_file_i._8550_/D : -6.752927
[setup reg-reg] i_soc.i_cpu.core_i.id_stage_i._3802_/Q -> i_soc.i_cpu.core_i.id_stage_i.register_file_i._8627_/D : -6.752743
[setup reg-reg] i_soc.i_cpu.core_i.id_stage_i._3802_/Q -> i_soc.i_cpu.core_i.id_stage_i.register_file_i._8295_/D : -6.751767
[setup reg-reg] i_soc.i_cpu.core_i.id_stage_i._3802_/Q -> i_soc.i_cpu.core_i.id_stage_i.register_file_i._8369_/D : -6.750432
[setup reg-reg] i_soc.i_instr_sram.u_sram.gen_bank[3].gen_512.u_macro/dout1[17] -> i_soc.i_cpu.core_i.if_stage_i._872_/D : -6.750241
[setup reg-reg] i_soc.i_cpu.core_i.id_stage_i._3802_/Q -> i_soc.i_cpu.core_i.id_stage_i.register_file_i._8337_/D : -6.749456
[setup reg-reg] i_soc.i_cpu.core_i.id_stage_i._3802_/Q -> i_soc.i_cpu.core_i.id_stage_i.register_file_i._8465_/D : -6.745156
[setup reg-reg] i_soc.i_cpu.core_i.id_stage_i._3802_/Q -> i_soc.i_cpu.core_i.id_stage_i.register_file_i._8870_/D : -6.744919
[setup reg-reg] i_soc.i_cpu.core_i.id_stage_i._3802_/Q -> i_soc.i_cpu.core_i.id_stage_i.register_file_i._8524_/D : -6.742566
[setup reg-reg] i_soc.i_cpu.core_i.id_stage_i._3802_/Q -> i_soc.i_cpu.core_i.id_stage_i.register_file_i._8497_/D : -6.740008
[setup reg-reg] i_soc.i_cpu.core_i.id_stage_i._3802_/Q -> i_soc.i_cpu.core_i.id_stage_i.register_file_i._8934_/D : -6.738835
[setup reg-reg] i_soc.i_cpu.core_i.id_stage_i._3802_/Q -> i_soc.i_cpu.core_i.id_stage_i.register_file_i._8902_/D : -6.737919
[setup reg-reg] i_soc.i_cpu.core_i.id_stage_i._3802_/Q -> i_soc.i_cpu.core_i.id_stage_i.register_file_i._8207_/D : -6.737723
[setup reg-reg] i_soc.i_cpu.core_i.id_stage_i._3802_/Q -> i_soc.i_cpu.core_i.id_stage_i.register_file_i._9007_/D : -6.736952
[setup reg-reg] i_soc.i_cpu.core_i.id_stage_i._3802_/Q -> i_soc.i_cpu.core_i.id_stage_i.register_file_i._8971_/D : -6.734883
[setup reg-reg] i_soc.i_cpu.core_i.id_stage_i._3802_/Q -> i_soc.i_cpu.core_i.id_stage_i.register_file_i._8105_/D : -6.734432
[setup reg-reg] i_soc.i_cpu.core_i.id_stage_i._3802_/Q -> i_soc.i_cpu.core_i.id_stage_i.register_file_i._8526_/D : -6.733453
[setup reg-reg] i_soc.i_cpu.core_i.id_stage_i._3802_/Q -> i_soc.i_cpu.core_i.id_stage_i.register_file_i._8679_/D : -6.733382
[setup reg-reg] i_soc.i_cpu.core_i.id_stage_i._3802_/Q -> i_soc.i_cpu.core_i.id_stage_i.register_file_i._9039_/D : -6.733236
[setup reg-reg] i_soc.i_cpu.core_i.id_stage_i._3802_/Q -> i_soc.i_cpu.core_i.id_stage_i.register_file_i._8333_/D : -6.732954
[setup reg-reg] i_soc.i_cpu.core_i.id_stage_i._3802_/Q -> i_soc.i_cpu.core_i.id_stage_i.register_file_i._8461_/D : -6.731746
[setup reg-reg] i_soc.i_instr_sram.u_sram.gen_bank[3].gen_512.u_macro/dout1[17] -> i_soc.i_cpu.core_i.if_stage_i._876_/D : -6.730716
[setup reg-reg] i_soc.i_cpu.core_i.id_stage_i._3802_/Q -> i_soc.i_cpu.core_i.id_stage_i.register_file_i._8879_/D : -6.730430
[setup reg-reg] i_soc.i_cpu.core_i.id_stage_i._3802_/Q -> i_soc.i_cpu.core_i.id_stage_i.register_file_i._8912_/D : -6.729771
[setup reg-reg] i_soc.i_cpu.core_i.id_stage_i._3802_/Q -> i_soc.i_cpu.core_i.id_stage_i.register_file_i._8364_/D : -6.726019
[setup reg-reg] i_soc.i_cpu.core_i.id_stage_i._3802_/Q -> i_soc.i_cpu.core_i.id_stage_i.register_file_i._8539_/D : -6.725909
[setup reg-reg] i_soc.i_cpu.core_i.id_stage_i._3802_/Q -> i_soc.i_cpu.core_i.id_stage_i.register_file_i._8494_/D : -6.725435
[setup reg-reg] i_soc.i_instr_sram.u_sram.gen_bank[3].gen_512.u_macro/dout1[17] -> i_soc.i_cpu.core_i.if_stage_i._873_/D : -6.725033
[setup reg-reg] i_soc.i_cpu.core_i.id_stage_i._3802_/Q -> i_soc.i_cpu.core_i.id_stage_i.register_file_i._8233_/D : -6.724214
[setup reg-reg] i_soc.i_cpu.core_i.id_stage_i._3802_/Q -> i_soc.i_cpu.core_i.id_stage_i.register_file_i._8597_/D : -6.723026
[setup reg-reg] i_soc.i_cpu.core_i.id_stage_i._3802_/Q -> i_soc.i_cpu.core_i.id_stage_i.register_file_i._8641_/D : -6.722182
[setup reg-reg] i_soc.i_cpu.core_i.id_stage_i._3802_/Q -> i_soc.i_cpu.core_i.id_stage_i.register_file_i._8835_/D : -6.719636
[setup reg-reg] i_soc.i_cpu.core_i.id_stage_i._3802_/Q -> i_soc.i_cpu.core_i.id_stage_i.register_file_i._8739_/D : -6.718193
[setup reg-reg] i_soc.i_cpu.core_i.id_stage_i._3802_/Q -> i_soc.i_cpu.core_i.id_stage_i.register_file_i._8911_/D : -6.717642
[setup reg-reg] i_soc.i_cpu.core_i.id_stage_i._3802_/Q -> i_soc.i_cpu.core_i.id_stage_i.register_file_i._8298_/D : -6.716679
[setup reg-reg] i_soc.i_cpu.core_i.id_stage_i._3802_/Q -> i_soc.i_cpu.core_i.id_stage_i.register_file_i._8175_/D : -6.716400
[setup reg-reg] i_soc.i_cpu.core_i.id_stage_i._3802_/Q -> i_soc.i_cpu.core_i.id_stage_i.register_file_i._8943_/D : -6.716137
[setup reg-reg] i_soc.i_cpu.core_i.id_stage_i._3802_/Q -> i_soc.i_cpu.core_i.id_stage_i.register_file_i._8472_/D : -6.715517
[setup reg-reg] i_soc.i_cpu.core_i.id_stage_i._3802_/Q -> i_soc.i_cpu.core_i.id_stage_i.register_file_i._8469_/D : -6.714077
[setup reg-reg] i_soc.i_cpu.core_i.id_stage_i._3802_/Q -> i_soc.i_cpu.core_i.id_stage_i.register_file_i._8460_/D : -6.711698
[setup reg-reg] i_soc.i_cpu.core_i.id_stage_i._3802_/Q -> i_soc.i_cpu.core_i.id_stage_i.register_file_i._8998_/D : -6.711662
[setup reg-reg] i_soc.i_instr_sram.u_sram.gen_bank[3].gen_512.u_macro/dout1[17] -> i_soc.i_cpu.core_i.if_stage_i._865_/D : -6.711501
[setup reg-reg] i_soc.i_cpu.core_i.id_stage_i._3802_/Q -> i_soc.i_cpu.core_i.id_stage_i.register_file_i._8975_/D : -6.711302
[setup reg-reg] i_soc.i_cpu.core_i.id_stage_i._3802_/Q -> i_soc.i_cpu.core_i.id_stage_i.register_file_i._8570_/D : -6.710803
[setup reg-reg] i_soc.i_cpu.core_i.id_stage_i._3802_/Q -> i_soc.i_cpu.core_i.id_stage_i.register_file_i._9003_/D : -6.709517
[setup reg-reg] i_soc.i_cpu.core_i.id_stage_i._3802_/Q -> i_soc.i_cpu.core_i.id_stage_i.register_file_i._8300_/D : -6.708724
[setup reg-reg] i_soc.i_cpu.core_i.id_stage_i._3802_/Q -> i_soc.i_cpu.core_i.id_stage_i.register_file_i._8966_/D : -6.707396
[setup reg-reg] i_soc.i_cpu.core_i.id_stage_i._3802_/Q -> i_soc.i_cpu.core_i.id_stage_i.register_file_i._9030_/D : -6.707309
[setup reg-reg] i_soc.i_cpu.core_i.id_stage_i._3711_/Q -> i_soc.i_boot_rom._489_/D : -6.705953
[setup reg-reg] i_soc.i_cpu.core_i.id_stage_i._3802_/Q -> i_soc.i_cpu.core_i.id_stage_i.register_file_i._8197_/D : -6.704436
[setup reg-reg] i_soc.i_cpu.core_i.id_stage_i._3802_/Q -> i_soc.i_cpu.core_i.id_stage_i.register_file_i._8434_/D : -6.701931
[setup reg-reg] i_soc.i_cpu.core_i.id_stage_i._3802_/Q -> i_soc.i_cpu.core_i.id_stage_i.register_file_i._8165_/D : -6.701179
[setup reg-reg] i_soc.i_cpu.core_i.id_stage_i._3802_/Q -> i_soc.i_cpu.core_i.id_stage_i.register_file_i._8305_/D : -6.700574
[setup reg-reg] i_soc.i_cpu.core_i.id_stage_i._3712_/Q -> i_soc.i_axi_dm_slave._431_/D : -6.700511
[setup reg-reg] i_soc.i_cpu.core_i.id_stage_i._3802_/Q -> i_soc.i_cpu.core_i.id_stage_i.register_file_i._8498_/D : -6.700432
[setup reg-reg] i_soc.i_cpu.core_i.id_stage_i._3802_/Q -> i_soc.i_cpu.core_i.id_stage_i.register_file_i._8387_/D : -6.700276
[setup reg-reg] i_soc.i_cpu.core_i.id_stage_i._3802_/Q -> i_soc.i_cpu.core_i.id_stage_i.register_file_i._8588_/D : -6.697081
[setup reg-reg] i_soc.i_cpu.core_i.id_stage_i._3802_/Q -> i_soc.i_cpu.core_i.id_stage_i.register_file_i._8620_/D : -6.696215
[setup reg-reg] i_soc.i_cpu.core_i.id_stage_i._3712_/Q -> i_soc.i_axi_dm_slave._432_/D : -6.695602
[setup reg-reg] i_soc.i_cpu.core_i.id_stage_i._3802_/Q -> i_soc.i_cpu.core_i.id_stage_i.register_file_i._8623_/D : -6.693053
[setup reg-reg] i_soc.i_cpu.core_i.id_stage_i._3712_/Q -> i_soc.i_axi_dm_slave._439_/D : -6.689753
[setup reg-reg] i_soc.i_cpu.core_i.id_stage_i._3802_/Q -> i_soc.i_cpu.core_i.id_stage_i.register_file_i._8176_/D : -6.689387
[setup reg-reg] i_soc.i_cpu.core_i.id_stage_i._3802_/Q -> i_soc.i_cpu.core_i.id_stage_i.register_file_i._8452_/D : -6.688220
[setup reg-reg] i_soc.i_cpu.core_i.id_stage_i._3802_/Q -> i_soc.i_cpu.core_i.id_stage_i.register_file_i._8652_/D : -6.687719
[setup reg-reg] i_soc.i_cpu.core_i.id_stage_i._3802_/Q -> i_soc.i_cpu.core_i.id_stage_i.register_file_i._8944_/D : -6.686484
[setup reg-reg] i_soc.i_instr_sram.u_sram.gen_bank[3].gen_512.u_macro/dout1[17] -> i_soc.i_cpu.core_i.if_stage_i._875_/D : -6.684362
[setup reg-reg] i_soc.i_cpu.core_i.id_stage_i._3802_/Q -> i_soc.i_cpu.core_i.id_stage_i.register_file_i._8761_/D : -6.680244
[setup reg-reg] i_soc.i_cpu.core_i.id_stage_i._3802_/Q -> i_soc.i_cpu.core_i.id_stage_i.register_file_i._8613_/D : -6.679681
[setup reg-reg] i_soc.i_cpu.core_i.id_stage_i._3802_/Q -> i_soc.i_cpu.core_i.id_stage_i.register_file_i._8880_/D : -6.679224
[setup reg-reg] i_soc.i_cpu.core_i.id_stage_i._3802_/Q -> i_soc.i_cpu.core_i.id_stage_i.register_file_i._8505_/D : -6.676557
[setup reg-reg] i_soc.i_cpu.core_i.id_stage_i._3802_/Q -> i_soc.i_cpu.core_i.id_stage_i.register_file_i._8907_/D : -6.673256
[setup reg-reg] i_soc.i_cpu.core_i.id_stage_i._3802_/Q -> i_soc.i_cpu.core_i.id_stage_i.register_file_i._8397_/D : -6.672936
[setup reg-reg] i_soc.i_cpu.core_i.id_stage_i._3802_/Q -> i_soc.i_cpu.core_i.id_stage_i.register_file_i._8939_/D : -6.672830
[setup reg-reg] i_soc.i_cpu.core_i.id_stage_i._3802_/Q -> i_soc.i_cpu.core_i.id_stage_i.register_file_i._8933_/D : -6.672355
[setup reg-reg] i_soc.i_cpu.core_i.id_stage_i._3802_/Q -> i_soc.i_cpu.core_i.id_stage_i.register_file_i._8473_/D : -6.672213
[setup reg-reg] i_soc.i_cpu.core_i.id_stage_i._3802_/Q -> i_soc.i_cpu.core_i.id_stage_i.register_file_i._8645_/D : -6.670305
[setup reg-reg] i_soc.i_cpu.core_i.id_stage_i._3802_/Q -> i_soc.i_cpu.core_i.id_stage_i.register_file_i._8875_/D : -6.669364
[setup reg-reg] i_soc.i_cpu.core_i.id_stage_i._3802_/Q -> i_soc.i_cpu.core_i.id_stage_i.register_file_i._8793_/D : -6.664058
[setup reg-reg] i_soc.i_cpu.core_i.id_stage_i._3802_/Q -> i_soc.i_cpu.core_i.id_stage_i.register_file_i._8841_/D : -6.661774
[setup reg-reg] i_soc.i_cpu.core_i.id_stage_i._3802_/Q -> i_soc.i_cpu.core_i.id_stage_i.register_file_i._8487_/D : -6.659814
[setup reg-reg] i_soc.i_cpu.core_i.id_stage_i._3802_/Q -> i_soc.i_cpu.core_i.id_stage_i.register_file_i._8997_/D : -6.657656
[setup reg-reg] i_soc.i_cpu.core_i.id_stage_i._3802_/Q -> i_soc.i_cpu.core_i.id_stage_i.register_file_i._9008_/D : -6.655808
[setup reg-reg] i_soc.i_cpu.core_i.id_stage_i._3802_/Q -> i_soc.i_cpu.core_i.id_stage_i.register_file_i._9040_/D : -6.653606
[setup reg-reg] i_soc.i_cpu.core_i.id_stage_i._3802_/Q -> i_soc.i_cpu.core_i.id_stage_i.register_file_i._8393_/D : -6.653011
[setup reg-reg] i_soc.i_cpu.core_i.id_stage_i._3802_/Q -> i_soc.i_cpu.core_i.id_stage_i.register_file_i._9029_/D : -6.652998
[setup reg-reg] i_soc.i_instr_sram.u_sram.gen_bank[3].gen_512.u_macro/dout1[17] -> i_soc.i_cpu.core_i.if_stage_i._867_/D : -6.650806
[setup reg-reg] i_soc.i_cpu.core_i.id_stage_i._3802_/Q -> i_soc.i_cpu.core_i.id_stage_i.register_file_i._8558_/D : -6.650517
[setup reg-reg] i_soc.i_cpu.core_i.if_stage_i._865_/Q -> i_soc.i_boot_rom._484_/D : -6.645422
[setup reg-reg] i_soc.i_cpu.core_i.id_stage_i._3802_/Q -> i_soc.i_cpu.core_i.id_stage_i.register_file_i._8618_/D : -6.645421
[setup reg-reg] i_soc.i_cpu.core_i.id_stage_i._3802_/Q -> i_soc.i_cpu.core_i.id_stage_i.register_file_i._8139_/D : -6.644660
[setup reg-reg] i_soc.i_cpu.core_i.id_stage_i._3802_/Q -> i_soc.i_cpu.core_i.id_stage_i.register_file_i._8650_/D : -6.643870
[setup reg-reg] i_soc.i_instr_sram.u_sram.gen_bank[3].gen_512.u_macro/dout1[17] -> i_soc.i_cpu.core_i.if_stage_i._863_/D : -6.642809
[setup reg-reg] i_soc.i_cpu.core_i.id_stage_i._3802_/Q -> i_soc.i_cpu.core_i.id_stage_i.register_file_i._8586_/D : -6.636798
[setup reg-reg] i_soc.i_cpu.core_i.id_stage_i._3802_/Q -> i_soc.i_cpu.core_i.id_stage_i.register_file_i._8411_/D : -6.635727
[setup reg-reg] i_soc.i_cpu.core_i.id_stage_i._3802_/Q -> i_soc.i_cpu.core_i.id_stage_i.register_file_i._8625_/D : -6.634757
[setup reg-reg] i_soc.i_cpu.core_i.id_stage_i._3802_/Q -> i_soc.i_cpu.core_i.id_stage_i.register_file_i._8628_/D : -6.633130
[setup reg-reg] i_soc.i_cpu.core_i.id_stage_i._3802_/Q -> i_soc.i_cpu.core_i.id_stage_i.register_file_i._8716_/D : -6.631886
[setup reg-reg] i_soc.i_cpu.core_i.id_stage_i._3802_/Q -> i_soc.i_cpu.core_i.id_stage_i.register_file_i._8403_/D : -6.629747
[setup reg-reg] i_soc.i_cpu.core_i.id_stage_i._3802_/Q -> i_soc.i_cpu.core_i.id_stage_i.register_file_i._8901_/D : -6.629721
[setup reg-reg] i_soc.i_instr_sram.u_sram.gen_bank[3].gen_512.u_macro/dout1[17] -> i_soc.i_cpu.core_i.if_stage_i._864_/D : -6.629433
[setup reg-reg] i_soc.i_cpu.core_i.id_stage_i._3802_/Q -> i_soc.i_cpu.core_i.id_stage_i.register_file_i._8692_/D : -6.628629
[setup reg-reg] i_soc.i_cpu.core_i.id_stage_i._3802_/Q -> i_soc.i_cpu.core_i.id_stage_i.register_file_i._9035_/D : -6.625790
[setup reg-reg] i_soc.i_cpu.core_i.id_stage_i._3802_/Q -> i_soc.i_cpu.core_i.id_stage_i.register_file_i._8584_/D : -6.624953
[setup reg-reg] i_soc.i_cpu.core_i.id_stage_i._3802_/Q -> i_soc.i_cpu.core_i.id_stage_i.register_file_i._8712_/D : -6.624253
[setup reg-reg] i_soc.i_cpu.core_i.id_stage_i._3802_/Q -> i_soc.i_cpu.core_i.id_stage_i.register_file_i._8455_/D : -6.620651
[setup reg-reg] i_soc.i_cpu.core_i.id_stage_i._3802_/Q -> i_soc.i_cpu.core_i.id_stage_i.register_file_i._8869_/D : -6.618169
[setup reg-reg] i_soc.i_cpu.core_i.id_stage_i._3711_/Q -> i_soc.i_boot_rom._494_/D : -6.617899
[setup reg-reg] i_soc.i_cpu.core_i.id_stage_i._3802_/Q -> i_soc.i_cpu.core_i.id_stage_i.register_file_i._8660_/D : -6.613011
[setup reg-reg] i_soc.i_cpu.core_i.id_stage_i._3802_/Q -> i_soc.i_cpu.core_i.id_stage_i.register_file_i._8965_/D : -6.612894
[setup reg-reg] i_soc.i_cpu.core_i.id_stage_i._3802_/Q -> i_soc.i_cpu.core_i.id_stage_i.register_file_i._8264_/D : -6.612441
[setup reg-reg] i_soc.i_cpu.core_i.id_stage_i._3802_/Q -> i_soc.i_cpu.core_i.id_stage_i.register_file_i._8548_/D : -6.610346
[setup reg-reg] i_soc.i_instr_sram.u_sram.gen_bank[3].gen_512.u_macro/dout1[17] -> i_soc.i_cpu.core_i.if_stage_i._852_/D : -6.604280
[setup reg-reg] i_soc.i_cpu.core_i.id_stage_i._3802_/Q -> i_soc.i_cpu.core_i.id_stage_i.register_file_i._8458_/D : -6.603273
[setup reg-reg] i_soc.i_cpu.core_i.id_stage_i._3802_/Q -> i_soc.i_cpu.core_i.id_stage_i.register_file_i._8522_/D : -6.601656
[setup reg-reg] i_soc.i_cpu.core_i.id_stage_i._3802_/Q -> i_soc.i_cpu.core_i.id_stage_i.register_file_i._8490_/D : -6.600606
[setup reg-reg] i_soc.i_cpu.core_i.id_stage_i._3802_/Q -> i_soc.i_cpu.core_i.id_stage_i.register_file_i._8616_/D : -6.600358
[setup reg-reg] i_soc.i_cpu.core_i.id_stage_i._3802_/Q -> i_soc.i_cpu.core_i.id_stage_i.register_file_i._8296_/D : -6.597814
[setup reg-reg] i_soc.i_cpu.core_i.id_stage_i._3802_/Q -> i_soc.i_cpu.core_i.id_stage_i.register_file_i._8691_/D : -6.596640
[setup reg-reg] i_soc.i_cpu.core_i.id_stage_i._3802_/Q -> i_soc.i_cpu.core_i.id_stage_i.register_file_i._8492_/D : -6.595723
[setup reg-reg] i_soc.i_cpu.core_i.id_stage_i._3802_/Q -> i_soc.i_cpu.core_i.id_stage_i.register_file_i._8529_/D : -6.586799
[setup reg-reg] i_soc.i_cpu.core_i.id_stage_i._3802_/Q -> i_soc.i_cpu.core_i.id_stage_i.register_file_i._8783_/D : -6.585978
[setup reg-reg] i_soc.i_cpu.core_i.id_stage_i._3802_/Q -> i_soc.i_cpu.core_i.id_stage_i.register_file_i._8909_/D : -6.584985
[setup reg-reg] i_soc.i_cpu.core_i.id_stage_i._3802_/Q -> i_soc.i_cpu.core_i.id_stage_i.register_file_i._8173_/D : -6.579653
[setup reg-reg] i_soc.i_cpu.core_i.id_stage_i._3802_/Q -> i_soc.i_cpu.core_i.id_stage_i.register_file_i._8577_/D : -6.578821
[setup reg-reg] i_soc.i_ai_accel._23118_/Q -> i_soc.i_ai_accel._22914_/D : -6.577111
[setup reg-reg] i_soc.i_cpu.core_i.id_stage_i._3802_/Q -> i_soc.i_cpu.core_i.id_stage_i.register_file_i._8525_/D : -6.576469
[setup reg-reg] i_soc.i_cpu.core_i.id_stage_i._3802_/Q -> i_soc.i_cpu.core_i.id_stage_i.register_file_i._8430_/D : -6.572590
[setup reg-reg] i_soc.i_cpu.core_i.id_stage_i._3802_/Q -> i_soc.i_cpu.core_i.id_stage_i.register_file_i._8493_/D : -6.570805
[setup reg-reg] i_soc.i_cpu.core_i.id_stage_i._3802_/Q -> i_soc.i_cpu.core_i.id_stage_i.register_file_i._8477_/D : -6.570374
[setup reg-reg] i_soc.i_cpu.core_i.id_stage_i._3802_/Q -> i_soc.i_cpu.core_i.id_stage_i.register_file_i._8685_/D : -6.568831
[setup reg-reg] i_soc.i_cpu.core_i.id_stage_i._3802_/Q -> i_soc.i_cpu.core_i.id_stage_i.register_file_i._8205_/D : -6.567415
[setup reg-reg] i_soc.i_cpu.core_i.id_stage_i._3802_/Q -> i_soc.i_cpu.core_i.id_stage_i.register_file_i._8533_/D : -6.559933
[setup reg-reg] i_soc.i_cpu.core_i.id_stage_i._3802_/Q -> i_soc.i_cpu.core_i.id_stage_i.register_file_i._8656_/D : -6.557924
[setup reg-reg] i_soc.i_cpu.core_i.id_stage_i._3802_/Q -> i_soc.i_cpu.core_i.id_stage_i.register_file_i._8688_/D : -6.557144
[setup reg-reg] i_soc.i_cpu.core_i.id_stage_i._3712_/Q -> i_soc.i_axi_dm_slave._434_/D : -6.555777
[setup reg-reg] i_soc.i_cpu.core_i.id_stage_i._3802_/Q -> i_soc.i_cpu.core_i.id_stage_i.register_file_i._8651_/D : -6.554789
[setup reg-reg] i_soc.i_cpu.core_i.id_stage_i._3802_/Q -> i_soc.i_cpu.core_i.id_stage_i.register_file_i._8195_/D : -6.551698
[setup reg-reg] i_soc.i_cpu.core_i.id_stage_i._3802_/Q -> i_soc.i_cpu.core_i.id_stage_i.register_file_i._8711_/D : -6.551227
[setup reg-reg] i_soc.i_cpu.core_i.id_stage_i._3802_/Q -> i_soc.i_cpu.core_i.id_stage_i.register_file_i._8163_/D : -6.550968
[setup reg-reg] i_soc.i_cpu.core_i.id_stage_i._3802_/Q -> i_soc.i_cpu.core_i.id_stage_i.register_file_i._8941_/D : -6.546532
[setup reg-reg] i_soc.i_cpu.core_i.id_stage_i._3802_/Q -> i_soc.i_cpu.core_i.id_stage_i.register_file_i._8877_/D : -6.545701
[setup reg-reg] i_soc.i_cpu.core_i.id_stage_i._3802_/Q -> i_soc.i_cpu.core_i.id_stage_i.register_file_i._8235_/D : -6.544866
[setup reg-reg] i_soc.i_cpu.core_i.id_stage_i._3802_/Q -> i_soc.i_cpu.core_i.id_stage_i.register_file_i._8973_/D : -6.542521
[setup reg-reg] i_soc.i_cpu.core_i.id_stage_i._3802_/Q -> i_soc.i_cpu.core_i.id_stage_i.register_file_i._8360_/D : -6.540242
[setup reg-reg] i_soc.i_cpu.core_i.id_stage_i._3802_/Q -> i_soc.i_cpu.core_i.id_stage_i.register_file_i._8420_/D : -6.540205
[setup reg-reg] i_soc.i_cpu.core_i.id_stage_i._3802_/Q -> i_soc.i_cpu.core_i.id_stage_i.register_file_i._8402_/D : -6.537791
[setup reg-reg] i_soc.i_cpu.core_i.id_stage_i._3802_/Q -> i_soc.i_cpu.core_i.id_stage_i.register_file_i._8710_/D : -6.537692
[setup reg-reg] i_soc.i_cpu.core_i.id_stage_i._3802_/Q -> i_soc.i_cpu.core_i.id_stage_i.register_file_i._8464_/D : -6.533739
[setup reg-reg] i_soc.i_cpu.core_i.id_stage_i._3802_/Q -> i_soc.i_cpu.core_i.id_stage_i.register_file_i._8328_/D : -6.531318
[setup reg-reg] i_soc.i_cpu.core_i.id_stage_i._3712_/Q -> i_soc.i_axi_dm_slave._481_/D : -6.529634
[setup reg-reg] i_soc.i_cpu.core_i.id_stage_i._3712_/Q -> i_soc.i_axi_dm_slave._438_/D : -6.529387
[setup reg-reg] i_soc.i_cpu.core_i.id_stage_i._3802_/Q -> i_soc.i_cpu.core_i.id_stage_i.register_file_i._9027_/D : -6.525331
[setup reg-reg] i_soc.i_cpu.core_i.id_stage_i._3802_/Q -> i_soc.i_cpu.core_i.id_stage_i.register_file_i._8538_/D : -6.524440
[setup reg-reg] i_soc.i_cpu.core_i.id_stage_i._3802_/Q -> i_soc.i_cpu.core_i.id_stage_i.register_file_i._8687_/D : -6.523330
[setup reg-reg] i_soc.i_cpu.core_i.id_stage_i._3802_/Q -> i_soc.i_cpu.core_i.id_stage_i.register_file_i._8336_/D : -6.520063
[setup reg-reg] i_soc.i_cpu.core_i.id_stage_i._3802_/Q -> i_soc.i_cpu.core_i.id_stage_i.register_file_i._8765_/D : -6.517097
[setup reg-reg] i_soc.i_cpu.core_i.id_stage_i._3802_/Q -> i_soc.i_cpu.core_i.id_stage_i.register_file_i._8673_/D : -6.513881
[setup reg-reg] i_soc.i_cpu.core_i.id_stage_i._3802_/Q -> i_soc.i_cpu.core_i.id_stage_i.register_file_i._8797_/D : -6.510696
[setup reg-reg] i_soc.i_cpu.core_i.id_stage_i._3711_/Q -> i_soc.i_boot_rom._473_/D : -6.508767
[setup reg-reg] i_soc.i_cpu.core_i.id_stage_i._3802_/Q -> i_soc.i_cpu.core_i.id_stage_i.register_file_i._8759_/D : -6.507181
[setup reg-reg] i_soc.i_cpu.core_i.id_stage_i._3711_/Q -> i_soc.i_boot_rom._501_/D : -6.506406
[setup reg-reg] i_soc.i_cpu.core_i.id_stage_i._3711_/Q -> i_soc.i_boot_rom._486_/D : -6.504829
[setup reg-reg] i_soc.i_cpu.core_i.id_stage_i._3802_/Q -> i_soc.i_cpu.core_i.id_stage_i.register_file_i._8631_/D : -6.501715
[setup reg-reg] i_soc.i_cpu.core_i.id_stage_i._3802_/Q -> i_soc.i_cpu.core_i.id_stage_i.register_file_i._8201_/D : -6.500473
[setup reg-reg] i_soc.i_cpu.core_i.id_stage_i._3802_/Q -> i_soc.i_cpu.core_i.id_stage_i.register_file_i._8271_/D : -6.498793
[setup reg-reg] i_soc.i_cpu.core_i.id_stage_i._3802_/Q -> i_soc.i_cpu.core_i.id_stage_i.register_file_i._8599_/D : -6.498713
[setup reg-reg] i_soc.i_cpu.core_i.id_stage_i._3802_/Q -> i_soc.i_cpu.core_i.id_stage_i.register_file_i._8409_/D : -6.498669
[setup reg-reg] i_soc.i_cpu.core_i.id_stage_i._3802_/Q -> i_soc.i_cpu.core_i.id_stage_i.register_file_i._8410_/D : -6.496695
[setup reg-reg] i_soc.i_cpu.core_i.id_stage_i._3802_/Q -> i_soc.i_cpu.core_i.id_stage_i.register_file_i._8169_/D : -6.495260
[setup reg-reg] i_soc.i_cpu.core_i.id_stage_i._3802_/Q -> i_soc.i_cpu.core_i.id_stage_i.register_file_i._8564_/D : -6.491931
[setup reg-reg] i_soc.i_cpu.core_i.id_stage_i._3802_/Q -> i_soc.i_cpu.core_i.id_stage_i.register_file_i._9037_/D : -6.491192
[setup reg-reg] i_soc.i_cpu.core_i.id_stage_i._3802_/Q -> i_soc.i_cpu.core_i.id_stage_i.register_file_i._9005_/D : -6.490073
[setup reg-reg] i_soc.i_cpu.core_i.id_stage_i._3802_/Q -> i_soc.i_cpu.core_i.id_stage_i.register_file_i._9033_/D : -6.485543
[setup reg-reg] i_soc.i_cpu.core_i.id_stage_i._3802_/Q -> i_soc.i_cpu.core_i.id_stage_i.register_file_i._8463_/D : -6.485397
[setup reg-reg] i_soc.i_cpu.core_i.id_stage_i._3802_/Q -> i_soc.i_cpu.core_i.id_stage_i.register_file_i._8937_/D : -6.485277
[setup reg-reg] i_soc.i_cpu.core_i.id_stage_i._3802_/Q -> i_soc.i_cpu.core_i.id_stage_i.register_file_i._8969_/D : -6.481852
[setup reg-reg] i_soc.i_cpu.core_i.id_stage_i._3802_/Q -> i_soc.i_cpu.core_i.id_stage_i.register_file_i._8655_/D : -6.481408
[setup reg-reg] i_soc.i_cpu.core_i.id_stage_i._3802_/Q -> i_soc.i_cpu.core_i.id_stage_i.register_file_i._9016_/D : -6.480844
[setup reg-reg] i_soc.i_cpu.core_i.id_stage_i._3802_/Q -> i_soc.i_cpu.core_i.id_stage_i.register_file_i._8519_/D : -6.480097
[setup reg-reg] i_soc.i_cpu.core_i.id_stage_i._3711_/Q -> i_soc.i_boot_rom._481_/D : -6.477729
[setup reg-reg] i_soc.i_cpu.core_i.id_stage_i._3802_/Q -> i_soc.i_cpu.core_i.id_stage_i.register_file_i._8561_/D : -6.476345
[setup reg-reg] i_soc.i_cpu.core_i.id_stage_i._3802_/Q -> i_soc.i_cpu.core_i.id_stage_i.register_file_i._8756_/D : -6.475691
[setup reg-reg] i_soc.i_cpu.core_i.id_stage_i._3802_/Q -> i_soc.i_cpu.core_i.id_stage_i.register_file_i._8459_/D : -6.475297
[setup reg-reg] i_soc.i_cpu.core_i.id_stage_i._3802_/Q -> i_soc.i_cpu.core_i.id_stage_i.register_file_i._8554_/D : -6.475118
[setup reg-reg] i_soc.i_cpu.core_i.id_stage_i._3802_/Q -> i_soc.i_cpu.core_i.id_stage_i.register_file_i._8788_/D : -6.474798
[setup reg-reg] i_soc.i_cpu.core_i.id_stage_i._3802_/Q -> i_soc.i_cpu.core_i.id_stage_i.register_file_i._8719_/D : -6.474528
[setup reg-reg] i_soc.i_cpu.core_i.id_stage_i._3802_/Q -> i_soc.i_cpu.core_i.id_stage_i.register_file_i._8873_/D : -6.473965
[setup reg-reg] i_soc.i_cpu.core_i.id_stage_i._3802_/Q -> i_soc.i_cpu.core_i.id_stage_i.register_file_i._8905_/D : -6.473774
[setup reg-reg] i_soc.i_cpu.core_i.id_stage_i._3802_/Q -> i_soc.i_cpu.core_i.id_stage_i.register_file_i._8984_/D : -6.472868
[setup reg-reg] i_soc.i_cpu.core_i.id_stage_i._3802_/Q -> i_soc.i_cpu.core_i.id_stage_i.register_file_i._8303_/D : -6.471204
[setup reg-reg] i_soc.i_cpu.core_i.id_stage_i._3802_/Q -> i_soc.i_cpu.core_i.id_stage_i.register_file_i._8646_/D : -6.467696
[setup reg-reg] i_soc.i_cpu.core_i.id_stage_i._3802_/Q -> i_soc.i_cpu.core_i.id_stage_i.register_file_i._8582_/D : -6.463479
[setup reg-reg] i_soc.i_cpu.core_i.id_stage_i._3802_/Q -> i_soc.i_cpu.core_i.id_stage_i.register_file_i._8589_/D : -6.460026
[setup reg-reg] i_soc.i_cpu.core_i.id_stage_i._3802_/Q -> i_soc.i_cpu.core_i.id_stage_i.register_file_i._8614_/D : -6.459495
[setup reg-reg] i_soc.i_cpu.core_i.id_stage_i._3802_/Q -> i_soc.i_cpu.core_i.id_stage_i.register_file_i._8567_/D : -6.458557
[setup reg-reg] i_soc.i_cpu.core_i.id_stage_i._3802_/Q -> i_soc.i_cpu.core_i.id_stage_i.register_file_i._8343_/D : -6.455734
[setup reg-reg] i_soc.i_cpu.core_i.id_stage_i._3802_/Q -> i_soc.i_cpu.core_i.id_stage_i.register_file_i._8678_/D : -6.454878
[setup reg-reg] i_soc.i_cpu.core_i.id_stage_i._3802_/Q -> i_soc.i_cpu.core_i.id_stage_i.register_file_i._8367_/D : -6.452537
[setup reg-reg] i_soc.i_cpu.core_i.id_stage_i._3802_/Q -> i_soc.i_cpu.core_i.id_stage_i.register_file_i._8335_/D : -6.447559
[setup reg-reg] i_soc.i_cpu.core_i.id_stage_i._3802_/Q -> i_soc.i_cpu.core_i.id_stage_i.register_file_i._8931_/D : -6.446024
[setup reg-reg] i_soc.i_cpu.core_i.id_stage_i._3802_/Q -> i_soc.i_cpu.core_i.id_stage_i.register_file_i._8247_/D : -6.445529
[setup reg-reg] i_soc.i_cpu.core_i.id_stage_i._3802_/Q -> i_soc.i_cpu.core_i.id_stage_i.register_file_i._8799_/D : -6.445191
[setup reg-reg] i_soc.i_cpu.core_i.id_stage_i._3802_/Q -> i_soc.i_cpu.core_i.id_stage_i.register_file_i._8767_/D : -6.443110
[setup reg-reg] i_soc.i_cpu.core_i.id_stage_i._3802_/Q -> i_soc.i_cpu.core_i.id_stage_i.register_file_i._8331_/D : -6.442809
[setup reg-reg] i_soc.i_cpu.core_i.id_stage_i._3802_/Q -> i_soc.i_cpu.core_i.id_stage_i.register_file_i._8995_/D : -6.442275
[setup reg-reg] i_soc.i_instr_sram.u_sram.gen_bank[3].gen_512.u_macro/dout1[17] -> i_soc.i_cpu.core_i.if_stage_i._870_/D : -6.442011
[setup reg-reg] i_soc.i_cpu.core_i.id_stage_i._3802_/Q -> i_soc.i_cpu.core_i.id_stage_i.register_file_i._8867_/D : -6.441958
[setup reg-reg] i_soc.i_cpu.core_i.id_stage_i._3802_/Q -> i_soc.i_cpu.core_i.id_stage_i.register_file_i._8963_/D : -6.441964
[setup reg-reg] i_soc.i_cpu.core_i.id_stage_i._3802_/Q -> i_soc.i_cpu.core_i.id_stage_i.register_file_i._8279_/D : -6.438443
[setup reg-reg] i_soc.i_cpu.core_i.id_stage_i._3802_/Q -> i_soc.i_cpu.core_i.id_stage_i.register_file_i._8311_/D : -6.437796
[setup reg-reg] i_soc.i_cpu.core_i.id_stage_i._3802_/Q -> i_soc.i_cpu.core_i.id_stage_i.register_file_i._8899_/D : -6.437320
[setup reg-reg] i_soc.i_cpu.core_i.id_stage_i._3802_/Q -> i_soc.i_cpu.core_i.id_stage_i.register_file_i._8720_/D : -6.428520
[setup reg-reg] i_soc.i_cpu.core_i.id_stage_i._3802_/Q -> i_soc.i_cpu.core_i.id_stage_i.register_file_i._8433_/D : -6.427298
[setup reg-reg] i_soc.i_cpu.core_i.id_stage_i._3711_/Q -> i_soc.i_boot_rom._492_/D : -6.425030
[setup reg-reg] i_soc.i_cpu.core_i.id_stage_i._3802_/Q -> i_soc.i_cpu.core_i.id_stage_i.register_file_i._8663_/D : -6.423990
[setup reg-reg] i_soc.i_cpu.core_i.id_stage_i._3802_/Q -> i_soc.i_cpu.core_i.id_stage_i.register_file_i._8299_/D : -6.423769
[setup reg-reg] i_soc.i_cpu.core_i.id_stage_i._3711_/Q -> i_soc.i_boot_rom._482_/D : -6.423123
[setup reg-reg] i_soc.i_cpu.core_i.id_stage_i._3711_/Q -> i_soc.i_boot_rom._476_/D : -6.421802
[setup reg-reg] i_soc.i_cpu.core_i.id_stage_i._3802_/Q -> i_soc.i_cpu.core_i.id_stage_i.register_file_i._8363_/D : -6.420272
[setup reg-reg] i_soc.i_cpu.core_i.id_stage_i._3802_/Q -> i_soc.i_cpu.core_i.id_stage_i.register_file_i._8428_/D : -6.419549
[setup reg-reg] i_soc.i_cpu.core_i.id_stage_i._3802_/Q -> i_soc.i_cpu.core_i.id_stage_i.register_file_i._8429_/D : -6.419011
[setup reg-reg] i_soc.i_cpu.core_i.id_stage_i._3802_/Q -> i_soc.i_cpu.core_i.id_stage_i.register_file_i._8267_/D : -6.418542
[setup reg-reg] i_soc.i_cpu.core_i.id_stage_i._3802_/Q -> i_soc.i_cpu.core_i.id_stage_i.register_file_i._9001_/D : -6.418503
[setup reg-reg] i_soc.i_cpu.core_i.id_stage_i._3711_/Q -> i_soc.i_boot_rom._477_/D : -6.417125
[setup reg-reg] i_soc.i_cpu.core_i.id_stage_i._3802_/Q -> i_soc.i_cpu.core_i.id_stage_i.register_file_i._8426_/D : -6.413423
[setup reg-reg] i_soc.i_cpu.core_i.id_stage_i._3802_/Q -> i_soc.i_cpu.core_i.id_stage_i.register_file_i._8624_/D : -6.412382
[setup reg-reg] i_soc.i_cpu.core_i.id_stage_i._3802_/Q -> i_soc.i_cpu.core_i.id_stage_i.register_file_i._8592_/D : -6.411438
[setup reg-reg] i_soc.i_cpu.core_i.id_stage_i._3711_/Q -> i_soc.i_boot_rom._478_/D : -6.409214
[setup reg-reg] i_soc.i_cpu.core_i.id_stage_i._3802_/Q -> i_soc.i_cpu.core_i.id_stage_i.register_file_i._8695_/D : -6.408961
[setup reg-reg] i_soc.i_cpu.core_i.id_stage_i._3802_/Q -> i_soc.i_cpu.core_i.id_stage_i.register_file_i._8717_/D : -6.408277
[setup reg-reg] i_soc.i_cpu.core_i.id_stage_i._3802_/Q -> i_soc.i_cpu.core_i.id_stage_i.register_file_i._8686_/D : -6.402866
[setup reg-reg] i_soc.i_cpu.core_i.id_stage_i._3802_/Q -> i_soc.i_cpu.core_i.id_stage_i.register_file_i._8806_/D : -6.402212
[setup reg-reg] i_soc.i_cpu.core_i.id_stage_i._3802_/Q -> i_soc.i_cpu.core_i.id_stage_i.register_file_i._8774_/D : -6.401502
[setup reg-reg] i_soc.i_cpu.core_i.id_stage_i._3802_/Q -> i_soc.i_cpu.core_i.id_stage_i.register_file_i._8545_/D : -6.400878
[setup reg-reg] i_soc.i_cpu.core_i.id_stage_i._3802_/Q -> i_soc.i_cpu.core_i.id_stage_i.register_file_i._8245_/D : -6.400859
[setup reg-reg] i_soc.i_cpu.core_i.id_stage_i._3802_/Q -> i_soc.i_cpu.core_i.id_stage_i.register_file_i._8815_/D : -6.400807
[setup reg-reg] i_soc.i_cpu.core_i.id_stage_i._3802_/Q -> i_soc.i_cpu.core_i.id_stage_i.register_file_i._8456_/D : -6.398734
[setup reg-reg] i_soc.i_cpu.core_i.id_stage_i._3802_/Q -> i_soc.i_cpu.core_i.id_stage_i.register_file_i._8791_/D : -6.397393
[setup reg-reg] i_soc.i_cpu.core_i.id_stage_i._3802_/Q -> i_soc.i_cpu.core_i.id_stage_i.register_file_i._8171_/D : -6.392698
[setup reg-reg] i_soc.i_cpu.core_i.id_stage_i._3802_/Q -> i_soc.i_cpu.core_i.id_stage_i.register_file_i._8277_/D : -6.389059
[setup reg-reg] i_soc.i_cpu.core_i.id_stage_i._3802_/Q -> i_soc.i_cpu.core_i.id_stage_i.register_file_i._8520_/D : -6.388804
[setup reg-reg] i_soc.i_cpu.core_i.id_stage_i._3802_/Q -> i_soc.i_cpu.core_i.id_stage_i.register_file_i._8488_/D : -6.387477
[setup reg-reg] i_soc.i_cpu.core_i.id_stage_i._3802_/Q -> i_soc.i_cpu.core_i.id_stage_i.register_file_i._8528_/D : -6.384435
[setup reg-reg] i_soc.i_cpu.core_i.id_stage_i._3802_/Q -> i_soc.i_cpu.core_i.id_stage_i.register_file_i._8496_/D : -6.384347
[setup reg-reg] i_soc.i_cpu.core_i.id_stage_i._3802_/Q -> i_soc.i_cpu.core_i.id_stage_i.register_file_i._8587_/D : -6.383497
[setup reg-reg] i_soc.i_cpu.core_i.id_stage_i._3802_/Q -> i_soc.i_cpu.core_i.id_stage_i.register_file_i._8718_/D : -6.383061
[setup reg-reg] i_soc.i_cpu.core_i.id_stage_i._3802_/Q -> i_soc.i_cpu.core_i.id_stage_i.register_file_i._8619_/D : -6.381720
[setup reg-reg] i_soc.i_cpu.core_i.id_stage_i._3802_/Q -> i_soc.i_cpu.core_i.id_stage_i.register_file_i._9010_/D : -6.368460
[setup reg-reg] i_soc.i_cpu.core_i.id_stage_i._3802_/Q -> i_soc.i_cpu.core_i.id_stage_i.register_file_i._8527_/D : -6.366674
[setup reg-reg] i_soc.i_cpu.core_i.id_stage_i._3802_/Q -> i_soc.i_cpu.core_i.id_stage_i.register_file_i._8341_/D : -6.358537
[setup reg-reg] i_soc.i_cpu.core_i.id_stage_i._3802_/Q -> i_soc.i_cpu.core_i.id_stage_i.register_file_i._8495_/D : -6.350341
[setup reg-reg] i_soc.i_cpu.core_i.id_stage_i._3802_/Q -> i_soc.i_cpu.core_i.id_stage_i.register_file_i._8591_/D : -6.348861
[setup reg-reg] i_soc.i_cpu.core_i.if_stage_i._865_/Q -> i_soc.i_boot_rom._493_/D : -6.345362
[setup reg-reg] i_soc.i_cpu.core_i.if_stage_i._865_/Q -> i_soc.i_boot_rom._490_/D : -6.343454
[setup reg-reg] i_soc.i_cpu.core_i.id_stage_i._3802_/Q -> i_soc.i_cpu.core_i.id_stage_i.register_file_i._8309_/D : -6.343326
[setup reg-reg] i_soc.i_cpu.core_i.id_stage_i._3802_/Q -> i_soc.i_cpu.core_i.id_stage_i.register_file_i._8643_/D : -6.341500
[setup reg-reg] i_soc.i_cpu.core_i.if_stage_i._865_/Q -> i_soc.i_boot_rom._485_/D : -6.340425
[setup reg-reg] i_soc.i_cpu.core_i.id_stage_i._3802_/Q -> i_soc.i_cpu.core_i.id_stage_i.register_file_i._8776_/D : -6.334478
[setup reg-reg] i_soc.i_cpu.core_i.id_stage_i._3802_/Q -> i_soc.i_cpu.core_i.id_stage_i.register_file_i._8978_/D : -6.334110
[setup reg-reg] i_soc.i_cpu.core_i.id_stage_i._3802_/Q -> i_soc.i_cpu.core_i.id_stage_i.register_file_i._8681_/D : -6.333865
[setup reg-reg] i_soc.i_cpu.core_i.id_stage_i._3802_/Q -> i_soc.i_cpu.core_i.id_stage_i.register_file_i._8709_/D : -6.331842
[setup reg-reg] i_soc.i_cpu.core_i.id_stage_i._3802_/Q -> i_soc.i_cpu.core_i.id_stage_i.register_file_i._8782_/D : -6.326344
[setup reg-reg] i_soc.i_cpu.core_i.id_stage_i._3802_/Q -> i_soc.i_cpu.core_i.id_stage_i.register_file_i._8653_/D : -6.326298
[setup reg-reg] i_soc.i_instr_sram.u_sram.gen_bank[3].gen_512.u_macro/dout1[17] -> i_soc.i_cpu.core_i.if_stage_i._854_/D : -6.325637
[setup reg-reg] i_soc.i_cpu.core_i.id_stage_i._3802_/Q -> i_soc.i_cpu.core_i.id_stage_i.register_file_i._8814_/D : -6.319900
[setup reg-reg] i_soc.i_cpu.core_i.id_stage_i._3802_/Q -> i_soc.i_cpu.core_i.id_stage_i.register_file_i._8423_/D : -6.318986
[setup reg-reg] i_soc.i_cpu.core_i.id_stage_i._3802_/Q -> i_soc.i_cpu.core_i.id_stage_i.register_file_i._8203_/D : -6.318301
[setup reg-reg] i_soc.i_cpu.core_i.id_stage_i._3802_/Q -> i_soc.i_cpu.core_i.id_stage_i.register_file_i._8532_/D : -6.317896
[setup reg-reg] i_soc.i_cpu.core_i.id_stage_i._3802_/Q -> i_soc.i_cpu.core_i.id_stage_i.register_file_i._8510_/D : -6.312172
[setup reg-reg] i_soc.i_cpu.core_i.id_stage_i._3802_/Q -> i_soc.i_cpu.core_i.id_stage_i.register_file_i._8478_/D : -6.306717
[setup reg-reg] i_soc.i_cpu.core_i.id_stage_i._3802_/Q -> i_soc.i_cpu.core_i.id_stage_i.register_file_i._8785_/D : -6.298295
[setup reg-reg] i_soc.i_cpu.core_i.id_stage_i._3802_/Q -> i_soc.i_cpu.core_i.id_stage_i.register_file_i._8471_/D : -6.289582
[setup reg-reg] i_soc.i_cpu.core_i.id_stage_i._3802_/Q -> i_soc.i_cpu.core_i.id_stage_i.register_file_i._8439_/D : -6.282095
[setup reg-reg] i_soc.i_cpu.core_i.id_stage_i._3802_/Q -> i_soc.i_cpu.core_i.id_stage_i.register_file_i._8780_/D : -6.277551
[setup reg-reg] i_soc.i_cpu.core_i.id_stage_i._3802_/Q -> i_soc.i_cpu.core_i.id_stage_i.register_file_i._8621_/D : -6.273059
[setup reg-reg] i_soc.i_cpu.core_i.id_stage_i._3802_/Q -> i_soc.i_cpu.core_i.id_stage_i.register_file_i._8810_/D : -6.272911
[setup reg-reg] i_soc.i_cpu.core_i.id_stage_i._3802_/Q -> i_soc.i_cpu.core_i.id_stage_i.register_file_i._8778_/D : -6.268488
[setup reg-reg] i_soc.i_cpu.core_i.id_stage_i._3802_/Q -> i_soc.i_cpu.core_i.id_stage_i.register_file_i._8506_/D : -6.257341
[setup reg-reg] i_soc.i_cpu.core_i.id_stage_i._3802_/Q -> i_soc.i_cpu.core_i.id_stage_i.register_file_i._8474_/D : -6.251277
[setup reg-reg] i_soc.i_cpu.core_i.id_stage_i._3802_/Q -> i_soc.i_cpu.core_i.id_stage_i.register_file_i._8813_/D : -6.247902
[setup reg-reg] i_soc.i_cpu.core_i.id_stage_i._3802_/Q -> i_soc.i_cpu.core_i.id_stage_i.register_file_i._8647_/D : -6.245440
[setup reg-reg] i_soc.i_cpu.core_i.id_stage_i._3802_/Q -> i_soc.i_cpu.core_i.id_stage_i.register_file_i._8555_/D : -6.242907
[setup reg-reg] i_soc.i_ai_accel._23329_/Q -> i_soc.i_ai_accel._23381_/D : -6.238899
[setup reg-reg] i_soc.i_cpu.core_i.id_stage_i._3802_/Q -> i_soc.i_cpu.core_i.id_stage_i.register_file_i._8560_/D : -6.238688
[setup reg-reg] i_soc.i_cpu.core_i.if_stage_i._865_/Q -> i_soc.i_boot_rom._491_/D : -6.231774
[setup reg-reg] i_soc.i_cpu.core_i.id_stage_i._3711_/Q -> i_soc.i_boot_rom._488_/D : -6.231600
[setup reg-reg] i_soc.i_cpu.core_i.id_stage_i._3802_/Q -> i_soc.i_cpu.core_i.id_stage_i.register_file_i._8424_/D : -6.231481
[setup reg-reg] i_soc.i_cpu.core_i.id_stage_i._3802_/Q -> i_soc.i_cpu.core_i.id_stage_i.register_file_i._8677_/D : -6.230236
[setup reg-reg] i_soc.i_cpu.core_i.id_stage_i._3802_/Q -> i_soc.i_cpu.core_i.id_stage_i.register_file_i._8585_/D : -6.230162
[setup reg-reg] i_soc.i_cpu.core_i.if_stage_i._865_/Q -> i_soc.i_boot_rom._497_/D : -6.229904
[setup reg-reg] i_soc.i_cpu.core_i.id_stage_i._3802_/Q -> i_soc.i_cpu.core_i.id_stage_i.register_file_i._8784_/D : -6.228183
[setup reg-reg] i_soc.i_cpu.core_i.id_stage_i._3802_/Q -> i_soc.i_cpu.core_i.id_stage_i.register_file_i._8649_/D : -6.225307
[setup reg-reg] i_soc.i_cpu.core_i.id_stage_i._3802_/Q -> i_soc.i_cpu.core_i.id_stage_i.register_file_i._8816_/D : -6.220489
[setup reg-reg] i_soc.i_cpu.core_i.id_stage_i._3802_/Q -> i_soc.i_cpu.core_i.id_stage_i.register_file_i._8308_/D : -6.208972
[setup reg-reg] i_soc.i_cpu.core_i.id_stage_i._3802_/Q -> i_soc.i_cpu.core_i.id_stage_i.register_file_i._8781_/D : -6.208838
[setup reg-reg] i_soc.i_cpu.core_i.id_stage_i._3802_/Q -> i_soc.i_cpu.core_i.id_stage_i.register_file_i._8817_/D : -6.207302
[setup reg-reg] i_soc.i_cpu.core_i.id_stage_i._3802_/Q -> i_soc.i_cpu.core_i.id_stage_i.register_file_i._8675_/D : -6.203339
[setup reg-reg] i_soc.i_cpu.core_i.id_stage_i._3802_/Q -> i_soc.i_cpu.core_i.id_stage_i.register_file_i._8340_/D : -6.202960
[setup reg-reg] i_soc.i_cpu.core_i.id_stage_i._3802_/Q -> i_soc.i_cpu.core_i.id_stage_i.register_file_i._8808_/D : -6.200635
[setup reg-reg] i_soc.i_cpu.core_i.id_stage_i._3802_/Q -> i_soc.i_cpu.core_i.id_stage_i.register_file_i._8501_/D : -6.194091
[setup reg-reg] i_soc.i_cpu.core_i.id_stage_i._3802_/Q -> i_soc.i_cpu.core_i.id_stage_i.register_file_i._8579_/D : -6.193856
[setup reg-reg] i_soc.i_cpu.core_i.id_stage_i._3802_/Q -> i_soc.i_cpu.core_i.id_stage_i.register_file_i._8272_/D : -6.191904
[setup reg-reg] i_soc.i_cpu.core_i.id_stage_i._3802_/Q -> i_soc.i_cpu.core_i.id_stage_i.register_file_i._8368_/D : -6.187364
[setup reg-reg] i_soc.i_cpu.core_i.id_stage_i._3802_/Q -> i_soc.i_cpu.core_i.id_stage_i.register_file_i._8475_/D : -6.186611
[setup reg-reg] i_soc.i_cpu.core_i.id_stage_i._3802_/Q -> i_soc.i_cpu.core_i.id_stage_i.register_file_i._8304_/D : -6.184886
[setup reg-reg] i_soc.i_cpu.core_i.id_stage_i._3802_/Q -> i_soc.i_cpu.core_i.id_stage_i.register_file_i._8507_/D : -6.184443
[setup reg-reg] i_soc.i_cpu.core_i.id_stage_i._3802_/Q -> i_soc.i_cpu.core_i.id_stage_i.register_file_i._8617_/D : -6.183310
[setup reg-reg] i_soc.i_cpu.core_i.id_stage_i._3802_/Q -> i_soc.i_cpu.core_i.id_stage_i.register_file_i._8431_/D : -6.183189
[setup reg-reg] i_soc.i_cpu.core_i.id_stage_i._3802_/Q -> i_soc.i_cpu.core_i.id_stage_i.register_file_i._8559_/D : -6.180560
[setup reg-reg] i_soc.i_cpu.core_i.id_stage_i._3802_/Q -> i_soc.i_cpu.core_i.id_stage_i.register_file_i._8611_/D : -6.179812
[setup reg-reg] i_soc.i_cpu.core_i.id_stage_i._3802_/Q -> i_soc.i_cpu.core_i.id_stage_i.register_file_i._8276_/D : -6.175380
[setup reg-reg] i_soc.i_cpu.core_i.id_stage_i._3802_/Q -> i_soc.i_cpu.core_i.id_stage_i.register_file_i._8713_/D : -6.171933
[setup reg-reg] i_soc.i_instr_sram.u_sram.gen_bank[3].gen_512.u_macro/dout1[17] -> i_soc.i_cpu.core_i.if_stage_i._877_/D : -6.171032
[setup reg-reg] i_soc.i_cpu.core_i.id_stage_i._3711_/Q -> i_soc.i_boot_rom._496_/D : -6.170591
[setup reg-reg] i_soc.i_cpu.core_i.id_stage_i._3711_/Q -> i_soc.i_boot_rom._480_/D : -6.169987
[setup reg-reg] i_soc.i_cpu.core_i.id_stage_i._3802_/Q -> i_soc.i_cpu.core_i.id_stage_i.register_file_i._8244_/D : -6.166430
[setup reg-reg] i_soc.i_cpu.core_i.id_stage_i._3802_/Q -> i_soc.i_cpu.core_i.id_stage_i.register_file_i._8809_/D : -6.166300
[setup reg-reg] i_soc.i_cpu.core_i.id_stage_i._3802_/Q -> i_soc.i_cpu.core_i.id_stage_i.register_file_i._8517_/D : -6.165635
[setup reg-reg] i_soc.i_cpu.core_i.id_stage_i._3802_/Q -> i_soc.i_cpu.core_i.id_stage_i.register_file_i._8777_/D : -6.162315
[setup reg-reg] i_soc.i_cpu.core_i.id_stage_i._3802_/Q -> i_soc.i_cpu.core_i.id_stage_i.register_file_i._8262_/D : -6.159706
[setup reg-reg] i_soc.i_cpu.core_i.id_stage_i._3802_/Q -> i_soc.i_cpu.core_i.id_stage_i.register_file_i._8803_/D : -6.156890
[setup reg-reg] i_soc.i_cpu.core_i.id_stage_i._3802_/Q -> i_soc.i_cpu.core_i.id_stage_i.register_file_i._8453_/D : -6.156334
[setup reg-reg] i_soc.i_cpu.core_i.id_stage_i._3802_/Q -> i_soc.i_cpu.core_i.id_stage_i.register_file_i._8294_/D : -6.150743
[setup reg-reg] i_soc.i_cpu.core_i.id_stage_i._3802_/Q -> i_soc.i_cpu.core_i.id_stage_i.register_file_i._8812_/D : -6.143807
[setup reg-reg] i_soc.i_cpu.core_i.id_stage_i._3711_/Q -> i_soc.i_boot_rom._487_/D : -6.139777
[setup reg-reg] i_soc.i_cpu.core_i.id_stage_i._3802_/Q -> i_soc.i_cpu.core_i.id_stage_i.register_file_i._8757_/D : -6.139008
[setup reg-reg] i_soc.i_cpu.core_i.id_stage_i._3712_/Q -> i_soc.i_axi_dm_slave._519_/D : -6.138693
[setup reg-reg] i_soc.i_cpu.core_i.id_stage_i._3802_/Q -> i_soc.i_cpu.core_i.id_stage_i.register_file_i._8326_/D : -6.137364
[setup reg-reg] i_soc.i_cpu.core_i.id_stage_i._3802_/Q -> i_soc.i_cpu.core_i.id_stage_i.register_file_i._8789_/D : -6.135004
[setup reg-reg] i_soc.i_instr_sram.u_sram.gen_bank[3].gen_512.u_macro/dout1[17] -> i_soc.i_cpu.core_i.if_stage_i._861_/D : -6.133702
[setup reg-reg] i_soc.i_ai_accel._23120_/Q -> i_soc.i_ai_accel._23382_/D : -6.130316
[setup reg-reg] i_soc.i_cpu.core_i.id_stage_i._3802_/Q -> i_soc.i_cpu.core_i.id_stage_i.register_file_i._8581_/D : -6.129634
[setup reg-reg] i_soc.i_ai_accel._23120_/Q -> i_soc.i_ai_accel._23383_/D : -6.128547
[setup reg-reg] i_soc.i_cpu.core_i.id_stage_i._3802_/Q -> i_soc.i_cpu.core_i.id_stage_i.register_file_i._8557_/D : -6.123546
[setup reg-reg] i_soc.i_cpu.core_i.id_stage_i._3802_/Q -> i_soc.i_cpu.core_i.id_stage_i.register_file_i._8485_/D : -6.121530
[setup reg-reg] i_soc.i_cpu.core_i.id_stage_i._3802_/Q -> i_soc.i_cpu.core_i.id_stage_i.register_file_i._8407_/D : -6.118672
[setup reg-reg] i_soc.i_instr_sram.u_sram.gen_bank[3].gen_512.u_macro/dout1[17] -> i_soc.i_cpu.core_i.if_stage_i._878_/D : -6.116656
[setup reg-reg] i_soc.i_cpu.core_i.id_stage_i._3802_/Q -> i_soc.i_cpu.core_i.id_stage_i.register_file_i._8427_/D : -6.112830
[setup reg-reg] i_soc.i_instr_sram.u_sram.gen_bank[3].gen_512.u_macro/dout1[17] -> i_soc.i_cpu.core_i.if_stage_i._879_/D : -6.107548
[setup reg-reg] i_soc.i_cpu.core_i.id_stage_i._3802_/Q -> i_soc.i_cpu.core_i.id_stage_i.register_file_i._8358_/D : -6.104062
[setup reg-reg] i_soc.i_cpu.core_i.id_stage_i._3802_/Q -> i_soc.i_cpu.core_i.id_stage_i.register_file_i._8583_/D : -6.100709
[setup reg-reg] i_soc.i_ai_accel._23118_/Q -> i_soc.i_ai_accel._22913_/D : -6.100320
[setup reg-reg] i_soc.i_cpu.core_i.id_stage_i._3802_/Q -> i_soc.i_cpu.core_i.id_stage_i.register_file_i._8615_/D : -6.093844
[setup reg-reg] i_soc.i_cpu.core_i.id_stage_i._3802_/Q -> i_soc.i_cpu.core_i.id_stage_i.register_file_i._8405_/D : -6.088549
[setup reg-reg] i_soc.i_cpu.core_i.id_stage_i._3802_/Q -> i_soc.i_cpu.core_i.id_stage_i.register_file_i._8503_/D : -6.082654
[setup reg-reg] i_soc.i_ai_accel._23329_/Q -> i_soc.i_ai_accel._23380_/D : -6.064470
[setup reg-reg] i_soc.i_cpu.core_i.id_stage_i._3802_/Q -> i_soc.i_cpu.core_i.id_stage_i.register_file_i._8556_/D : -6.063072
[setup reg-reg] i_soc.i_cpu.core_i.id_stage_i._3802_/Q -> i_soc.i_cpu.core_i.id_stage_i.register_file_i._8289_/D : -6.059853
[setup reg-reg] i_soc.i_cpu.core_i.id_stage_i._3802_/Q -> i_soc.i_cpu.core_i.id_stage_i.register_file_i._8321_/D : -6.049579
[setup reg-reg] i_soc.i_cpu.core_i.id_stage_i._3802_/Q -> i_soc.i_cpu.core_i.id_stage_i.register_file_i._8436_/D : -6.031648
[setup reg-reg] i_soc.i_cpu.core_i.if_stage_i._865_/Q -> i_soc.i_boot_rom._495_/D : -6.031192
[setup reg-reg] i_soc.i_cpu.core_i.id_stage_i._3802_/Q -> i_soc.i_cpu.core_i.id_stage_i.register_file_i._8553_/D : -6.030275
[setup reg-reg] i_soc.i_cpu.core_i.id_stage_i._3802_/Q -> i_soc.i_cpu.core_i.id_stage_i.register_file_i._8547_/D : -6.013870
[setup reg-reg] i_soc.i_cpu.core_i.id_stage_i._3802_/Q -> i_soc.i_cpu.core_i.id_stage_i.register_file_i._8552_/D : -6.012409
[setup reg-reg] i_soc.i_cpu.core_i.id_stage_i._3802_/Q -> i_soc.i_cpu.core_i.id_stage_i.register_file_i._8773_/D : -5.996198
[setup reg-reg] i_soc.i_cpu.core_i.id_stage_i._3802_/Q -> i_soc.i_cpu.core_i.id_stage_i.register_file_i._8521_/D : -5.989696
[setup reg-reg] i_soc.i_cpu.core_i.id_stage_i._3802_/Q -> i_soc.i_cpu.core_i.id_stage_i.register_file_i._8805_/D : -5.988579
[setup reg-reg] i_soc.i_cpu.core_i.id_stage_i._3802_/Q -> i_soc.i_cpu.core_i.id_stage_i.register_file_i._8449_/D : -5.978478
[setup reg-reg] i_soc.i_cpu.core_i.id_stage_i._3802_/Q -> i_soc.i_cpu.core_i.id_stage_i.register_file_i._8758_/D : -5.960869
[setup reg-reg] i_soc.i_cpu.core_i.id_stage_i._3802_/Q -> i_soc.i_cpu.core_i.id_stage_i.register_file_i._8265_/D : -5.959987
[setup reg-reg] i_soc.i_cpu.core_i.id_stage_i._3802_/Q -> i_soc.i_cpu.core_i.id_stage_i.register_file_i._8549_/D : -5.958304
[setup reg-reg] i_soc.i_cpu.core_i.id_stage_i._3802_/Q -> i_soc.i_cpu.core_i.id_stage_i.register_file_i._8297_/D : -5.955304
[setup reg-reg] i_soc.i_cpu.core_i.id_stage_i._3802_/Q -> i_soc.i_cpu.core_i.id_stage_i.register_file_i._8551_/D : -5.950193
[setup reg-reg] i_soc.i_cpu.core_i.id_stage_i._3802_/Q -> i_soc.i_cpu.core_i.id_stage_i.register_file_i._8329_/D : -5.948351
[setup reg-reg] i_soc.i_cpu.core_i.id_stage_i._3802_/Q -> i_soc.i_cpu.core_i.id_stage_i.register_file_i._8535_/D : -5.947825
[setup reg-reg] i_soc.i_cpu.core_i.id_stage_i._3802_/Q -> i_soc.i_cpu.core_i.id_stage_i.register_file_i._8790_/D : -5.940496
[setup reg-reg] i_soc.i_cpu.core_i.id_stage_i._3802_/Q -> i_soc.i_cpu.core_i.id_stage_i.register_file_i._8259_/D : -5.935680
[setup reg-reg] i_soc.i_cpu.core_i.id_stage_i._3802_/Q -> i_soc.i_cpu.core_i.id_stage_i.register_file_i._8291_/D : -5.934742
[setup reg-reg] i_soc.i_cpu.core_i.if_stage_i._865_/Q -> i_soc.i_boot_rom._498_/D : -5.934556
[setup reg-reg] i_soc.i_cpu.core_i.if_stage_i._865_/Q -> i_soc.i_boot_rom._499_/D : -5.933147
[setup reg-reg] i_soc.i_cpu.core_i.if_stage_i._865_/Q -> i_soc.i_boot_rom._500_/D : -5.931717
[setup reg-reg] i_soc.i_cpu.core_i.id_stage_i._3802_/Q -> i_soc.i_cpu.core_i.id_stage_i.register_file_i._8355_/D : -5.927563
[setup reg-reg] i_soc.i_cpu.core_i.id_stage_i._3802_/Q -> i_soc.i_cpu.core_i.id_stage_i.register_file_i._8361_/D : -5.922951
[setup reg-reg] i_soc.i_cpu.core_i.id_stage_i._3802_/Q -> i_soc.i_cpu.core_i.id_stage_i.register_file_i._8457_/D : -5.919873
[setup reg-reg] i_soc.i_cpu.core_i.id_stage_i._3802_/Q -> i_soc.i_cpu.core_i.id_stage_i.register_file_i._8323_/D : -5.909842
[setup reg-reg] i_soc.i_cpu.core_i.id_stage_i._3802_/Q -> i_soc.i_cpu.core_i.id_stage_i.register_file_i._8523_/D : -5.895917
[setup reg-reg] i_soc.i_cpu.core_i.id_stage_i._3802_/Q -> i_soc.i_cpu.core_i.id_stage_i.register_file_i._8491_/D : -5.892097
[setup reg-reg] i_soc.i_cpu.core_i.id_stage_i._3802_/Q -> i_soc.i_cpu.core_i.id_stage_i.register_file_i._8432_/D : -5.882795
[setup reg-reg] i_soc.i_cpu.core_i.id_stage_i._3802_/Q -> i_soc.i_cpu.core_i.id_stage_i.register_file_i._8451_/D : -5.875716
[setup reg-reg] i_soc.i_cpu.core_i.id_stage_i._3802_/Q -> i_soc.i_cpu.core_i.id_stage_i.register_file_i._8404_/D : -5.866056
[setup reg-reg] i_soc.i_cpu.core_i.id_stage_i._3802_/Q -> i_soc.i_cpu.core_i.id_stage_i.register_file_i._8515_/D : -5.861352
[setup reg-reg] i_soc.i_cpu.core_i.id_stage_i._3802_/Q -> i_soc.i_cpu.core_i.id_stage_i.register_file_i._8802_/D : -5.857784
[setup reg-reg] i_soc.i_cpu.core_i.id_stage_i._3802_/Q -> i_soc.i_cpu.core_i.id_stage_i.register_file_i._8771_/D : -5.856251
[setup reg-reg] i_soc.i_cpu.core_i.id_stage_i._3802_/Q -> i_soc.i_cpu.core_i.id_stage_i.register_file_i._8707_/D : -5.852071
[setup reg-reg] i_soc.i_cpu.core_i.id_stage_i._3802_/Q -> i_soc.i_cpu.core_i.id_stage_i.register_file_i._8489_/D : -5.849108
[setup reg-reg] i_soc.i_cpu.core_i.id_stage_i._3802_/Q -> i_soc.i_cpu.core_i.id_stage_i.register_file_i._8325_/D : -5.835711
[setup reg-reg] i_soc.i_ai_accel._23118_/Q -> i_soc.i_ai_accel._22912_/D : -5.831263
[setup reg-reg] i_soc.i_cpu.core_i.id_stage_i._3802_/Q -> i_soc.i_cpu.core_i.id_stage_i.register_file_i._8417_/D : -5.819262
[setup reg-reg] i_soc.i_cpu.core_i.id_stage_i._3802_/Q -> i_soc.i_cpu.core_i.id_stage_i.register_file_i._8513_/D : -5.811789
[setup reg-reg] i_soc.i_cpu.core_i.id_stage_i._3802_/Q -> i_soc.i_cpu.core_i.id_stage_i.register_file_i._8422_/D : -5.807820
[setup reg-reg] i_soc.i_cpu.core_i.id_stage_i._3802_/Q -> i_soc.i_cpu.core_i.id_stage_i.register_file_i._8293_/D : -5.802839
[setup reg-reg] i_soc.i_cpu.core_i.id_stage_i._3802_/Q -> i_soc.i_cpu.core_i.id_stage_i.register_file_i._8261_/D : -5.802095
[setup reg-reg] i_soc.i_cpu.core_i.id_stage_i._3802_/Q -> i_soc.i_cpu.core_i.id_stage_i.register_file_i._8357_/D : -5.793513
[setup reg-reg] i_soc.i_cpu.core_i.id_stage_i._3802_/Q -> i_soc.i_cpu.core_i.id_stage_i.register_file_i._8454_/D : -5.788239
[setup reg-reg] i_soc.i_cpu.core_i.id_stage_i._3802_/Q -> i_soc.i_cpu.core_i.id_stage_i.register_file_i._8770_/D : -5.778769
[setup reg-reg] i_soc.i_instr_sram.u_sram.gen_bank[3].gen_512.u_macro/dout1[17] -> i_soc.i_cpu.core_i.if_stage_i._909_/D : -5.777689
[setup reg-reg] i_soc.i_ai_accel._23329_/Q -> i_soc.i_ai_accel._23379_/D : -5.770559
[setup reg-reg] i_soc.i_instr_sram.u_sram.gen_bank[3].gen_512.u_macro/dout1[17] -> i_soc.i_cpu.core_i.if_stage_i._911_/D : -5.766376
[setup reg-reg] i_soc.i_instr_sram.u_sram.gen_bank[3].gen_512.u_macro/dout1[17] -> i_soc.i_cpu.core_i.if_stage_i._910_/D : -5.764322
[setup reg-reg] i_soc.i_instr_sram.u_sram.gen_bank[3].gen_512.u_macro/dout1[17] -> i_soc.i_cpu.core_i.if_stage_i._902_/D : -5.759622
[setup reg-reg] i_soc.i_instr_sram.u_sram.gen_bank[3].gen_512.u_macro/dout1[17] -> i_soc.i_cpu.core_i.if_stage_i._900_/D : -5.753828
[setup reg-reg] i_soc.i_instr_sram.u_sram.gen_bank[3].gen_512.u_macro/dout1[17] -> i_soc.i_cpu.core_i.if_stage_i._907_/D : -5.748277
[setup reg-reg] i_soc.i_instr_sram.u_sram.gen_bank[3].gen_512.u_macro/dout1[17] -> i_soc.i_cpu.core_i.if_stage_i._908_/D : -5.745267
[setup reg-reg] i_soc.i_instr_sram.u_sram.gen_bank[3].gen_512.u_macro/dout1[17] -> i_soc.i_cpu.core_i.if_stage_i._906_/D : -5.744884
[setup reg-reg] i_soc.i_instr_sram.u_sram.gen_bank[3].gen_512.u_macro/dout1[17] -> i_soc.i_cpu.core_i.if_stage_i._901_/D : -5.743880
[setup reg-reg] i_soc.i_cpu.core_i.id_stage_i._3802_/Q -> i_soc.i_cpu.core_i.id_stage_i.register_file_i._8483_/D : -5.728220
[setup reg-reg] i_soc.i_cpu.core_i.id_stage_i._3802_/Q -> i_soc.i_cpu.core_i.id_stage_i.register_file_i._8353_/D : -5.719615
[setup reg-reg] i_soc.i_cpu.core_i.id_stage_i._3802_/Q -> i_soc.i_cpu.core_i.id_stage_i.register_file_i._8257_/D : -5.717354
[setup reg-reg] i_soc.i_cpu.core_i.if_stage_i._865_/Q -> i_soc.i_boot_rom._472_/D : -5.711195
[setup reg-reg] i_soc.i_instr_sram.u_sram.gen_bank[3].gen_512.u_macro/dout1[17] -> i_soc.i_cpu.core_i.if_stage_i._905_/D : -5.684054
[setup reg-reg] i_soc.i_instr_sram.u_sram.gen_bank[3].gen_512.u_macro/dout1[17] -> i_soc.i_cpu.core_i.if_stage_i._903_/D : -5.683178
[setup reg-reg] i_soc.i_instr_sram.u_sram.gen_bank[3].gen_512.u_macro/dout1[17] -> i_soc.i_cpu.core_i.if_stage_i._904_/D : -5.678954
[setup reg-reg] i_soc.i_cpu.core_i.id_stage_i._3802_/Q -> i_soc.i_cpu.core_i.id_stage_i.register_file_i._8481_/D : -5.676293
[setup reg-reg] i_soc.i_cpu.core_i.id_stage_i._3802_/Q -> i_soc.i_cpu.core_i.id_stage_i.register_file_i._8425_/D : -5.614006
[setup reg-reg] i_soc.i_cpu.core_i.id_stage_i._3802_/Q -> i_soc.i_cpu.core_i.id_stage_i.register_file_i._8419_/D : -5.606205
[setup reg-reg] i_soc.i_cpu.core_i.id_stage_i._3802_/Q -> i_soc.i_cpu.core_i.id_stage_i.register_file_i._8486_/D : -5.564991
[setup reg-reg] i_soc.i_cpu.core_i.id_stage_i._3802_/Q -> i_soc.i_cpu.core_i.id_stage_i.register_file_i._8518_/D : -5.563930
[setup reg-reg] i_soc.i_cpu.core_i.id_stage_i._3802_/Q -> i_soc.i_cpu.core_i.id_stage_i.register_file_i._8516_/D : -5.547193
[setup reg-reg] i_soc.i_cpu.core_i.id_stage_i._3802_/Q -> i_soc.i_cpu.core_i.id_stage_i.register_file_i._8468_/D : -5.546632
[setup reg-reg] i_soc.i_cpu.core_i.id_stage_i._3802_/Q -> i_soc.i_cpu.core_i.id_stage_i.register_file_i._8484_/D : -5.544708
[setup reg-reg] i_soc.i_cpu.core_i.id_stage_i._3802_/Q -> i_soc.i_cpu.core_i.id_stage_i.register_file_i._8421_/D : -5.507252
[setup reg-reg] i_soc.i_cpu.core_i.if_stage_i._865_/Q -> i_soc.i_instr_sram.u_sram._49_/D : -5.497576
[setup reg-reg] i_soc.i_cpu.core_i.if_stage_i._865_/Q -> i_soc.i_instr_sram.u_sram._48_/D : -5.496958
[setup reg-reg] i_soc.i_cpu.core_i.id_stage_i._3802_/Q -> i_soc.i_cpu.core_i.id_stage_i.register_file_i._8807_/D : -5.486518
[setup reg-reg] i_soc.i_cpu.core_i.id_stage_i._3802_/Q -> i_soc.i_cpu.core_i.id_stage_i.register_file_i._8775_/D : -5.485444
[setup reg-reg] i_soc.i_cpu.core_i.id_stage_i._3802_/Q -> i_soc.i_cpu.core_i.id_stage_i.register_file_i._8500_/D : -5.459020
[setup reg-reg] i_soc.i_ai_accel._23329_/Q -> i_soc.i_ai_accel._23378_/D : -5.421732
[setup reg-reg] i_soc.i_instr_sram.u_sram.gen_bank[3].gen_512.u_macro/dout1[17] -> i_soc.i_cpu.core_i.if_stage_i._851_/D : -5.354984
[setup reg-reg] i_soc.i_instr_sram.u_sram.gen_bank[3].gen_512.u_macro/dout1[17] -> i_soc.i_cpu.core_i.if_stage_i._897_/D : -5.338677
[setup reg-reg] i_soc.i_instr_sram.u_sram.gen_bank[3].gen_512.u_macro/dout1[17] -> i_soc.i_cpu.core_i.if_stage_i._899_/D : -5.338636
[setup reg-reg] i_soc.i_cpu.core_i.if_stage_i._865_/Q -> i_soc.i_crossbar._0562_/D : -5.332901
[setup reg-reg] i_soc.i_instr_sram.u_sram.gen_bank[3].gen_512.u_macro/dout1[17] -> i_soc.i_cpu.core_i.if_stage_i._898_/D : -5.324706
[setup reg-reg] i_soc.i_instr_sram.u_sram.gen_bank[3].gen_512.u_macro/dout1[17] -> i_soc.i_cpu.core_i.if_stage_i._894_/D : -5.319007
[setup reg-reg] i_soc.i_instr_sram.u_sram.gen_bank[3].gen_512.u_macro/dout1[17] -> i_soc.i_cpu.core_i.if_stage_i._896_/D : -5.314384
[setup reg-reg] i_soc.i_instr_sram.u_sram.gen_bank[3].gen_512.u_macro/dout1[17] -> i_soc.i_cpu.core_i.if_stage_i._895_/D : -5.313837
[setup reg-reg] i_soc.i_cpu.core_i.if_stage_i._865_/Q -> i_soc.i_obi_axi_instr._317_/D : -5.288765
[setup reg-reg] i_soc.i_ai_accel._23329_/Q -> i_soc.i_ai_accel._23377_/D : -5.249494
[setup reg-reg] i_soc.i_ai_accel._23118_/Q -> i_soc.i_ai_accel._22910_/D : -5.066179
[setup reg-reg] i_soc.i_instr_sram.u_sram.gen_bank[3].gen_512.u_macro/dout1[17] -> i_soc.i_cpu.core_i.if_stage_i._893_/D : -5.024493
[setup reg-reg] i_soc.i_cpu.core_i.if_stage_i._865_/Q -> i_soc.i_obi_axi_instr._313_/D : -5.002159
[setup reg-reg] i_soc.i_ai_accel._23120_/Q -> i_soc.i_ai_accel._23375_/D : -4.995139
[setup reg-reg] i_soc.i_instr_sram.u_sram.gen_bank[3].gen_512.u_macro/dout1[1] -> i_soc.i_cpu.core_i.if_stage_i.aligner_i._835_/D : -4.975693
[setup reg-reg] i_soc.i_ai_accel._23118_/Q -> i_soc.i_ai_accel._22908_/D : -4.970968
[setup reg-reg] i_soc.i_ai_accel._23329_/Q -> i_soc.i_ai_accel._23376_/D : -4.955023
[setup reg-reg] i_soc.i_instr_sram.u_sram.gen_bank[3].gen_512.u_macro/dout1[17] -> i_soc.i_cpu.core_i.if_stage_i._913_/D : -4.916599
[setup reg-reg] i_soc.i_instr_sram.u_sram.gen_bank[3].gen_512.u_macro/dout1[17] -> i_soc.i_cpu.core_i.if_stage_i._891_/D : -4.914288
[setup reg-reg] i_soc.i_instr_sram.u_sram.gen_bank[3].gen_512.u_macro/dout1[17] -> i_soc.i_cpu.core_i.if_stage_i._912_/D : -4.904889
[setup reg-reg] i_soc.i_cpu.core_i.if_stage_i._865_/Q -> i_soc.i_cpu.core_i.if_stage_i.prefetch_buffer_i.instruction_obi_i._241_/D : -4.904056
[setup reg-reg] i_soc.i_cpu.core_i.if_stage_i._865_/Q -> i_soc.i_cpu.core_i.if_stage_i.prefetch_buffer_i.instruction_obi_i._231_/D : -4.903404
[setup reg-reg] i_soc.i_cpu.core_i.if_stage_i._865_/Q -> i_soc.i_cpu.core_i.if_stage_i.prefetch_buffer_i.instruction_obi_i._235_/D : -4.897171
[setup reg-reg] i_soc.i_cpu.core_i.if_stage_i._865_/Q -> i_soc.i_cpu.core_i.if_stage_i.prefetch_buffer_i.instruction_obi_i._232_/D : -4.895942
[setup reg-reg] i_soc.i_cpu.core_i.if_stage_i._865_/Q -> i_soc.i_cpu.core_i.if_stage_i.prefetch_buffer_i.instruction_obi_i._234_/D : -4.891799
[setup reg-reg] i_soc.i_instr_sram.u_sram.gen_bank[3].gen_512.u_macro/dout1[17] -> i_soc.i_cpu.core_i.if_stage_i._892_/D : -4.891739
[setup reg-reg] i_soc.i_instr_sram.u_sram.gen_bank[3].gen_512.u_macro/dout1[1] -> i_soc.i_cpu.core_i.if_stage_i.aligner_i._832_/D : -4.891300
[setup reg-reg] i_soc.i_instr_sram.u_sram.gen_bank[3].gen_512.u_macro/dout1[17] -> i_soc.i_cpu.core_i.if_stage_i._883_/D : -4.890615
[setup reg-reg] i_soc.i_instr_sram.u_sram.gen_bank[3].gen_512.u_macro/dout1[1] -> i_soc.i_cpu.core_i.if_stage_i.aligner_i._829_/D : -4.885875
[setup reg-reg] i_soc.i_cpu.core_i.if_stage_i._865_/Q -> i_soc.i_cpu.core_i.if_stage_i.prefetch_buffer_i.instruction_obi_i._246_/D : -4.884978
[setup reg-reg] i_soc.i_cpu.core_i.if_stage_i._865_/Q -> i_soc.i_cpu.core_i.if_stage_i.prefetch_buffer_i.instruction_obi_i._237_/D : -4.881823
[setup reg-reg] i_soc.i_cpu.core_i.if_stage_i._865_/Q -> i_soc.i_cpu.core_i.if_stage_i.prefetch_buffer_i.instruction_obi_i._238_/D : -4.880709
[setup reg-reg] i_soc.i_instr_sram.u_sram.gen_bank[3].gen_512.u_macro/dout1[1] -> i_soc.i_cpu.core_i.if_stage_i.aligner_i._836_/D : -4.873466
[setup reg-reg] i_soc.i_cpu.core_i.if_stage_i._865_/Q -> i_soc.i_cpu.core_i.if_stage_i.prefetch_buffer_i.instruction_obi_i._230_/D : -4.868399
[setup reg-reg] i_soc.i_cpu.core_i.if_stage_i._865_/Q -> i_soc.i_cpu.core_i.if_stage_i.prefetch_buffer_i.instruction_obi_i._236_/D : -4.867639
[setup reg-reg] i_soc.i_cpu.core_i.if_stage_i._865_/Q -> i_soc.i_cpu.core_i.if_stage_i.prefetch_buffer_i.instruction_obi_i._240_/D : -4.863619
[setup reg-reg] i_soc.i_cpu.core_i.if_stage_i._865_/Q -> i_soc.i_cpu.core_i.if_stage_i.prefetch_buffer_i.instruction_obi_i._247_/D : -4.863230
[setup reg-reg] i_soc.i_cpu.core_i.if_stage_i._865_/Q -> i_soc.i_cpu.core_i.if_stage_i.prefetch_buffer_i.instruction_obi_i._239_/D : -4.862006
[setup reg-reg] i_soc.i_cpu.core_i.if_stage_i._865_/Q -> i_soc.i_instr_sram.u_sram.gen_bank[0].gen_512.u_macro/csb1 : -4.858778
[setup reg-reg] i_soc.i_cpu.core_i.if_stage_i._865_/Q -> i_soc.i_cpu.core_i.if_stage_i.prefetch_buffer_i.instruction_obi_i._242_/D : -4.857215
[setup reg-reg] i_soc.i_cpu.core_i.if_stage_i._865_/Q -> i_soc.i_crossbar._0563_/D : -4.856194
[setup reg-reg] i_soc.i_cpu.core_i.if_stage_i._865_/Q -> i_soc.i_cpu.core_i.if_stage_i.prefetch_buffer_i.instruction_obi_i._233_/D : -4.849793
[setup reg-reg] i_soc.i_cpu.core_i.if_stage_i._865_/Q -> i_soc.i_cpu.core_i.if_stage_i.prefetch_buffer_i.instruction_obi_i._245_/D : -4.845390
[setup reg-reg] i_soc.i_cpu.core_i.if_stage_i._865_/Q -> i_soc.i_cpu.core_i.if_stage_i.prefetch_buffer_i.instruction_obi_i._248_/D : -4.826450
[setup reg-reg] i_soc.i_ai_accel._23118_/Q -> i_soc.i_ai_accel._22911_/D : -4.822379
[setup reg-reg] i_soc.i_cpu.core_i.if_stage_i._865_/Q -> i_soc.i_cpu.core_i.if_stage_i.prefetch_buffer_i.instruction_obi_i._258_/D : -4.820810
[setup reg-reg] i_soc.i_cpu.core_i.if_stage_i._865_/Q -> i_soc.i_cpu.core_i.if_stage_i.prefetch_buffer_i.instruction_obi_i._249_/D : -4.820542
[setup reg-reg] i_soc.i_cpu.core_i.if_stage_i._865_/Q -> i_soc.i_cpu.core_i.if_stage_i.prefetch_buffer_i.instruction_obi_i._244_/D : -4.802635
[setup reg-reg] i_soc.i_instr_sram.u_sram.gen_bank[3].gen_512.u_macro/dout1[1] -> i_soc.i_cpu.core_i.if_stage_i.aligner_i._828_/D : -4.801452
[setup reg-reg] i_soc.i_cpu.core_i.if_stage_i._865_/Q -> i_soc.i_cpu.core_i.if_stage_i.prefetch_buffer_i.instruction_obi_i._260_/D : -4.773016
[setup reg-reg] i_soc.i_cpu.core_i.if_stage_i._865_/Q -> i_soc.i_cpu.core_i.if_stage_i.prefetch_buffer_i.instruction_obi_i._261_/D : -4.768943
[setup reg-reg] i_soc.i_instr_sram.u_sram.gen_bank[3].gen_512.u_macro/dout1[1] -> i_soc.i_cpu.core_i.if_stage_i.aligner_i._831_/D : -4.731349
[setup reg-reg] i_soc.i_cpu.core_i.id_stage_i._3711_/Q -> i_soc.i_instr_sram.u_sram.gen_bank[2].gen_512.u_macro/csb1 : -4.729195
[setup reg-reg] i_soc.i_instr_sram.u_sram.gen_bank[3].gen_512.u_macro/dout1[1] -> i_soc.i_cpu.core_i.if_stage_i.aligner_i._830_/D : -4.705063
[setup reg-reg] i_soc.i_ai_accel._23120_/Q -> i_soc.i_ai_accel._23374_/D : -4.692559
[setup reg-reg] i_soc.i_cpu.core_i.if_stage_i._865_/Q -> i_soc.i_cpu.core_i.if_stage_i.prefetch_buffer_i.instruction_obi_i._243_/D : -4.653860
[setup reg-reg] i_soc.i_cpu.core_i.if_stage_i._865_/Q -> i_soc.i_instr_sram._35_/D : -4.627989
[setup reg-reg] i_soc.i_instr_sram.u_sram.gen_bank[3].gen_512.u_macro/dout1[17] -> i_soc.i_cpu.core_i.if_stage_i._886_/D : -4.601830
[setup reg-reg] i_soc.i_instr_sram.u_sram.gen_bank[3].gen_512.u_macro/dout1[17] -> i_soc.i_cpu.core_i.if_stage_i._885_/D : -4.591149
[setup reg-reg] i_soc.i_instr_sram.u_sram.gen_bank[3].gen_512.u_macro/dout1[17] -> i_soc.i_cpu.core_i.if_stage_i._888_/D : -4.561047
[setup reg-reg] i_soc.i_instr_sram.u_sram.gen_bank[3].gen_512.u_macro/dout1[17] -> i_soc.i_cpu.core_i.if_stage_i._887_/D : -4.555942
[setup reg-reg] i_soc.i_instr_sram.u_sram.gen_bank[3].gen_512.u_macro/dout1[17] -> i_soc.i_cpu.core_i.if_stage_i._884_/D : -4.548349
[setup reg-reg] i_soc.i_instr_sram.u_sram.gen_bank[3].gen_512.u_macro/dout1[17] -> i_soc.i_cpu.core_i.if_stage_i._889_/D : -4.547225
[setup reg-reg] i_soc.i_ai_accel._23118_/Q -> i_soc.i_ai_accel._22909_/D : -4.538443
[setup reg-reg] i_soc.i_instr_sram.u_sram.gen_bank[3].gen_512.u_macro/dout1[17] -> i_soc.i_cpu.core_i.if_stage_i._881_/D : -4.531256
[setup reg-reg] i_soc.i_cpu.core_i.if_stage_i._865_/Q -> i_soc.i_cpu.core_i.if_stage_i.prefetch_buffer_i.instruction_obi_i._259_/D : -4.501292
[setup reg-reg] i_soc.i_instr_sram.u_sram.gen_bank[3].gen_512.u_macro/dout1[17] -> i_soc.i_cpu.core_i.if_stage_i._890_/D : -4.464477
[setup reg-reg] i_soc.i_instr_sram.u_sram.gen_bank[3].gen_512.u_macro/dout1[1] -> i_soc.i_cpu.core_i.if_stage_i.aligner_i._842_/D : -4.399642
[setup reg-reg] i_soc.i_ai_accel._23120_/Q -> i_soc.i_ai_accel._23372_/D : -4.337613
[setup reg-reg] i_soc.i_ai_accel._23120_/Q -> i_soc.i_ai_accel._23371_/D : -4.320221
[setup reg-reg] i_soc.i_ai_accel._23120_/Q -> i_soc.i_ai_accel._23373_/D : -4.318642
[setup reg-reg] i_soc.i_cpu.core_i.id_stage_i._3711_/Q -> i_soc.i_instr_sram.u_sram.gen_bank[2].gen_512.u_macro/addr1[3] : -4.200423
[setup reg-reg] i_soc.i_instr_sram.u_sram.gen_bank[3].gen_512.u_macro/dout1[1] -> i_soc.i_cpu.core_i.if_stage_i.aligner_i._834_/D : -4.179521
[setup reg-reg] i_soc.i_ai_accel._22472_/Q -> i_soc.i_ai_accel._22876_/D : -4.170032
[setup reg-reg] i_soc.i_ai_accel._22472_/Q -> i_soc.i_ai_accel._22860_/D : -4.160464
[setup reg-reg] i_soc.i_cpu.core_i.id_stage_i._3711_/Q -> i_soc.i_instr_sram.u_sram.gen_bank[0].gen_512.u_macro/addr1[3] : -4.138622
[setup reg-reg] i_soc.i_instr_sram.u_sram.gen_bank[3].gen_512.u_macro/dout1[1] -> i_soc.i_cpu.core_i.if_stage_i.aligner_i._837_/D : -4.126919
[setup reg-reg] i_soc.i_cpu.core_i.if_stage_i._865_/Q -> i_soc.i_instr_sram.u_sram.gen_bank[3].gen_512.u_macro/csb1 : -4.092969
[setup reg-reg] i_soc.i_ai_accel._23118_/Q -> i_soc.i_ai_accel._22907_/D : -4.085148
[setup reg-reg] i_soc.i_ai_accel._23120_/Q -> i_soc.i_ai_accel._23369_/D : -4.050831
[setup reg-reg] i_soc.i_instr_sram.u_sram.gen_bank[3].gen_512.u_macro/dout1[1] -> i_soc.i_cpu.core_i.if_stage_i.aligner_i._833_/D : -4.042597
[setup reg-reg] i_soc.i_instr_sram.u_sram.gen_bank[3].gen_512.u_macro/dout1[17] -> i_soc.i_cpu.core_i.if_stage_i.aligner_i._838_/D : -4.025409
[setup reg-reg] i_soc.i_instr_sram.u_sram.gen_bank[3].gen_512.u_macro/dout1[17] -> i_soc.i_cpu.core_i.if_stage_i.aligner_i._852_/D : -4.003610
[setup reg-reg] i_soc.i_instr_sram.u_sram.gen_bank[3].gen_512.u_macro/dout1[17] -> i_soc.i_cpu.core_i.if_stage_i.aligner_i._856_/D : -3.993302
[setup reg-reg] i_soc.i_instr_sram.u_sram.gen_bank[3].gen_512.u_macro/dout1[17] -> i_soc.i_cpu.core_i.if_stage_i.aligner_i._854_/D : -3.989962
[setup reg-reg] i_soc.i_instr_sram.u_sram.gen_bank[3].gen_512.u_macro/dout1[1] -> i_soc.i_cpu.core_i.if_stage_i.aligner_i._839_/D : -3.983932
[setup reg-reg] i_soc.i_instr_sram.u_sram.gen_bank[3].gen_512.u_macro/dout1[1] -> i_soc.i_cpu.core_i.if_stage_i.aligner_i._844_/D : -3.981000
[setup reg-reg] i_soc.i_instr_sram.u_sram.gen_bank[3].gen_512.u_macro/dout1[17] -> i_soc.i_cpu.core_i.if_stage_i.aligner_i._855_/D : -3.980208
[setup reg-reg] i_soc.i_cpu.core_i.id_stage_i._3711_/Q -> i_soc.i_instr_sram.u_sram.gen_bank[2].gen_512.u_macro/addr1[7] : -3.979210
[setup reg-reg] i_soc.i_instr_sram.u_sram.gen_bank[3].gen_512.u_macro/dout1[17] -> i_soc.i_cpu.core_i.if_stage_i.aligner_i._840_/D : -3.976620
[setup reg-reg] i_soc.i_instr_sram.u_sram.gen_bank[3].gen_512.u_macro/dout1[17] -> i_soc.i_cpu.core_i.if_stage_i.aligner_i._843_/D : -3.973469
[setup reg-reg] i_soc.i_instr_sram.u_sram.gen_bank[3].gen_512.u_macro/dout1[17] -> i_soc.i_cpu.core_i.if_stage_i.aligner_i._853_/D : -3.970767
[setup reg-reg] i_soc.i_instr_sram.u_sram.gen_bank[3].gen_512.u_macro/dout1[17] -> i_soc.i_cpu.core_i.if_stage_i.aligner_i._850_/D : -3.966278
[setup reg-reg] i_soc.i_instr_sram.u_sram.gen_bank[3].gen_512.u_macro/dout1[17] -> i_soc.i_cpu.core_i.if_stage_i.aligner_i._849_/D : -3.963248
[setup reg-reg] i_soc.i_instr_sram.u_sram.gen_bank[3].gen_512.u_macro/dout1[17] -> i_soc.i_cpu.core_i.if_stage_i.aligner_i._851_/D : -3.956595
[setup reg-reg] i_soc.i_instr_sram.u_sram.gen_bank[3].gen_512.u_macro/dout1[17] -> i_soc.i_cpu.core_i.if_stage_i.aligner_i._848_/D : -3.954036
[setup reg-reg] i_soc.i_instr_sram.u_sram.gen_bank[3].gen_512.u_macro/dout1[17] -> i_soc.i_cpu.core_i.if_stage_i.aligner_i._841_/D : -3.951998
[setup reg-reg] i_soc.i_instr_sram.u_sram.gen_bank[3].gen_512.u_macro/dout1[17] -> i_soc.i_cpu.core_i.if_stage_i.aligner_i._845_/D : -3.930042
[setup reg-reg] i_soc.i_cpu.core_i.id_stage_i._3711_/Q -> i_soc.i_instr_sram.u_sram.gen_bank[0].gen_512.u_macro/addr1[7] : -3.928483
[setup reg-reg] i_soc.i_instr_sram.u_sram.gen_bank[3].gen_512.u_macro/dout1[17] -> i_soc.i_cpu.core_i.if_stage_i.aligner_i._846_/D : -3.927999
[setup reg-reg] i_soc.i_instr_sram.u_sram.gen_bank[3].gen_512.u_macro/dout1[17] -> i_soc.i_cpu.core_i.if_stage_i.aligner_i._847_/D : -3.925258
[setup reg-reg] i_soc.i_instr_sram.u_sram.gen_bank[3].gen_512.u_macro/dout1[1] -> i_soc.i_cpu.core_i.if_stage_i.aligner_i._859_/D : -3.900874
[setup reg-reg] i_soc.i_cpu.core_i.id_stage_i._3778_/Q -> i_soc.i_cpu.core_i.ex_stage_i.alu_i.alu_div_i._1496_/D : -3.833248
[setup reg-reg] i_soc.i_instr_sram.u_sram.gen_bank[3].gen_512.u_macro/dout1[17] -> i_soc.i_cpu.core_i.if_stage_i.aligner_i._857_/D : -3.831307
[setup reg-reg] i_soc.i_ai_accel._23120_/Q -> i_soc.i_ai_accel._23370_/D : -3.761652
[setup reg-reg] i_soc.i_cpu.core_i.id_stage_i._3711_/Q -> i_soc.i_instr_sram.u_sram.gen_bank[2].gen_512.u_macro/addr1[6] : -3.674888
[setup reg-reg] i_soc.i_ai_accel._22472_/Q -> i_soc.i_ai_accel._22880_/D : -3.663773
[setup reg-reg] i_soc.i_ai_accel._22472_/Q -> i_soc.i_ai_accel._22890_/D : -3.663443
[setup reg-reg] i_soc.i_ai_accel._22472_/Q -> i_soc.i_ai_accel._22882_/D : -3.654874
[setup reg-reg] i_soc.i_ai_accel._22472_/Q -> i_soc.i_ai_accel._22874_/D : -3.651259
[setup reg-reg] i_soc.i_ai_accel._22472_/Q -> i_soc.i_ai_accel._22887_/D : -3.647680
[setup reg-reg] i_soc.i_ai_accel._22472_/Q -> i_soc.i_ai_accel._22871_/D : -3.645195
[setup reg-reg] i_soc.i_ai_accel._22472_/Q -> i_soc.i_ai_accel._22866_/D : -3.644525
[setup reg-reg] i_soc.i_ai_accel._22472_/Q -> i_soc.i_ai_accel._22879_/D : -3.644099
[setup reg-reg] i_soc.i_ai_accel._23118_/Q -> i_soc.i_ai_accel._22906_/D : -3.641232
[setup reg-reg] i_soc.i_cpu.core_i.id_stage_i._3711_/Q -> i_soc.i_instr_sram.u_sram.gen_bank[0].gen_512.u_macro/addr1[6] : -3.632840
[setup reg-reg] i_soc.i_ai_accel._22472_/Q -> i_soc.i_ai_accel._22886_/D : -3.583027
[setup reg-reg] i_soc.i_ai_accel._22472_/Q -> i_soc.i_ai_accel._22878_/D : -3.579734
[setup reg-reg] i_soc.i_ai_accel._22472_/Q -> i_soc.i_ai_accel._22885_/D : -3.540766
[setup reg-reg] i_soc.i_ai_accel._22472_/Q -> i_soc.i_ai_accel._22877_/D : -3.537322
[setup reg-reg] i_soc.i_cpu.core_i.id_stage_i._3711_/Q -> i_soc.i_instr_sram.u_sram.gen_bank[2].gen_512.u_macro/addr1[5] : -3.520057
[setup reg-reg] i_soc.i_ai_accel._22472_/Q -> i_soc.i_ai_accel._22888_/D : -3.506708
[setup reg-reg] i_soc.i_ai_accel._22472_/Q -> i_soc.i_ai_accel._22872_/D : -3.496069
[setup reg-reg] i_soc.i_ai_accel._22472_/Q -> i_soc.i_ai_accel._22884_/D : -3.495549
[setup reg-reg] i_soc.i_ai_accel._22472_/Q -> i_soc.i_ai_accel._22864_/D : -3.494462
[setup reg-reg] i_soc.i_cpu.core_i.id_stage_i._3711_/Q -> i_soc.i_instr_sram.u_sram.gen_bank[0].gen_512.u_macro/addr1[5] : -3.478507
[setup reg-reg] i_soc.i_ai_accel._22472_/Q -> i_soc.i_ai_accel._22863_/D : -3.475197
[setup reg-reg] i_soc.i_cpu.core_i.if_stage_i._865_/Q -> i_soc.i_boot_rom._471_/D : -3.452744
[setup reg-reg] i_soc.i_cpu.core_i.if_stage_i._865_/Q -> i_soc.i_instr_sram.u_sram.gen_bank[1].gen_512.u_macro/csb1 : -3.445972
[setup reg-reg] i_soc.i_instr_sram.u_sram.gen_bank[3].gen_512.u_macro/dout1[1] -> i_soc.i_cpu.core_i.if_stage_i.aligner_i._858_/D : -3.424585
[setup reg-reg] i_soc.i_ai_accel._22472_/Q -> i_soc.i_ai_accel._22862_/D : -3.407719
[setup reg-reg] i_soc.i_ai_accel._22472_/Q -> i_soc.i_ai_accel._22870_/D : -3.407601
[setup reg-reg] i_soc.i_ai_accel._23120_/Q -> i_soc.i_ai_accel._23367_/D : -3.397801
[setup reg-reg] i_soc.i_cpu.core_i.id_stage_i._3778_/Q -> i_soc.i_cpu.core_i.ex_stage_i.alu_i.alu_div_i._1492_/D : -3.372614
[setup reg-reg] i_soc.i_ai_accel._22472_/Q -> i_soc.i_ai_accel._22861_/D : -3.366505
[setup reg-reg] i_soc.i_ai_accel._22472_/Q -> i_soc.i_ai_accel._22869_/D : -3.365237
[setup reg-reg] i_soc.i_ai_accel._22472_/Q -> i_soc.i_ai_accel._22889_/D : -3.363242
[setup reg-reg] i_soc.i_ai_accel._22472_/Q -> i_soc.i_ai_accel._22881_/D : -3.352264
[setup reg-reg] i_soc.i_ai_accel._22472_/Q -> i_soc.i_ai_accel._22873_/D : -3.349099
[setup reg-reg] i_soc.i_cpu.core_i.id_stage_i._3711_/Q -> i_soc.i_instr_sram.u_sram.gen_bank[2].gen_512.u_macro/addr1[4] : -3.345100
[setup reg-reg] i_soc.i_ai_accel._22472_/Q -> i_soc.i_ai_accel._22865_/D : -3.342519
[setup reg-reg] i_soc.i_cpu.core_i.id_stage_i._3778_/Q -> i_soc.i_cpu.core_i.ex_stage_i.alu_i.alu_div_i._1494_/D : -3.331479
[setup reg-reg] i_soc.i_ai_accel._22472_/Q -> i_soc.i_ai_accel._22868_/D : -3.331204
[setup reg-reg] i_soc.i_ai_accel._23120_/Q -> i_soc.i_ai_accel._23368_/D : -3.309630
[setup reg-reg] i_soc.i_cpu.core_i.id_stage_i._3711_/Q -> i_soc.i_instr_sram.u_sram.gen_bank[0].gen_512.u_macro/addr1[4] : -3.291335
[setup reg-reg] i_soc.i_cpu.core_i.id_stage_i._3778_/Q -> i_soc.i_cpu.core_i.ex_stage_i.alu_i.alu_div_i._1491_/D : -3.223617
[setup reg-reg] i_soc.i_cpu.core_i.if_stage_i._865_/Q -> i_soc.i_cpu.core_i.if_stage_i.prefetch_buffer_i.instruction_obi_i._305_/D : -3.195849
[setup reg-reg] i_soc.i_instr_sram.u_sram.gen_bank[3].gen_512.u_macro/dout1[17] -> i_soc.i_cpu.core_i.if_stage_i._882_/D : -3.186083
[setup reg-reg] i_soc.i_cpu.core_i.id_stage_i._3778_/Q -> i_soc.i_cpu.core_i.ex_stage_i.alu_i.alu_div_i._1495_/D : -3.149777
[setup reg-reg] i_soc.i_cpu.core_i.id_stage_i._3711_/Q -> i_soc.i_cpu.core_i.if_stage_i.prefetch_buffer_i.fifo_i._244_/D : -3.064031
[setup reg-reg] i_soc.i_cpu.core_i.id_stage_i._3711_/Q -> i_soc.i_cpu.core_i.if_stage_i.prefetch_buffer_i.fifo_i._255_/D : -3.063111
[setup reg-reg] i_soc.i_cpu.core_i.id_stage_i._3711_/Q -> i_soc.i_instr_sram.u_sram.gen_bank[2].gen_512.u_macro/addr1[2] : -3.062798
[setup reg-reg] i_soc.i_cpu.core_i.id_stage_i._3711_/Q -> i_soc.i_cpu.core_i.if_stage_i.prefetch_buffer_i.fifo_i._263_/D : -3.060949
[setup reg-reg] i_soc.i_cpu.core_i.id_stage_i._3711_/Q -> i_soc.i_cpu.core_i.if_stage_i.prefetch_buffer_i.fifo_i._249_/D : -3.059013
[setup reg-reg] i_soc.i_cpu.core_i.id_stage_i._3711_/Q -> i_soc.i_cpu.core_i.if_stage_i.prefetch_buffer_i.fifo_i._252_/D : -3.051154
[setup reg-reg] i_soc.i_cpu.core_i.id_stage_i._3711_/Q -> i_soc.i_cpu.core_i.if_stage_i.prefetch_buffer_i.fifo_i._253_/D : -3.050170
[setup reg-reg] i_soc.i_cpu.core_i.id_stage_i._3711_/Q -> i_soc.i_cpu.core_i.if_stage_i.prefetch_buffer_i.fifo_i._251_/D : -3.049836
[setup reg-reg] i_soc.i_cpu.core_i.id_stage_i._3711_/Q -> i_soc.i_cpu.core_i.if_stage_i.prefetch_buffer_i.fifo_i._271_/D : -3.048500
[setup reg-reg] i_soc.i_ai_accel._22472_/Q -> i_soc.i_ai_accel._22883_/D : -3.001185
[setup reg-reg] i_soc.i_ai_accel._22472_/Q -> i_soc.i_ai_accel._22875_/D : -2.999928
[setup reg-reg] i_soc.i_cpu.core_i.id_stage_i._3711_/Q -> i_soc.i_instr_sram.u_sram.gen_bank[0].gen_512.u_macro/addr1[2] : -2.998014
[setup reg-reg] i_soc.i_ai_accel._22472_/Q -> i_soc.i_ai_accel._22859_/D : -2.996860
[setup reg-reg] i_soc.i_ai_accel._22472_/Q -> i_soc.i_ai_accel._22867_/D : -2.996181
[setup reg-reg] i_soc.i_cpu.core_i.id_stage_i._3778_/Q -> i_soc.i_cpu.core_i.ex_stage_i.alu_i.alu_div_i._1490_/D : -2.953861
[setup reg-reg] i_soc.i_cpu.core_i.id_stage_i._3711_/Q -> i_soc.i_instr_sram.u_sram.gen_bank[2].gen_512.u_macro/addr1[8] : -2.927358
[setup reg-reg] i_soc.i_cpu.core_i.id_stage_i._3778_/Q -> i_soc.i_cpu.core_i.ex_stage_i.alu_i.alu_div_i._1493_/D : -2.916652
[setup reg-reg] i_soc.i_instr_sram.u_sram.gen_bank[3].gen_512.u_macro/dout1[17] -> i_soc.i_cpu.core_i.if_stage_i.aligner_i._910_/D : -2.891653
[setup reg-reg] i_soc.i_cpu.core_i.id_stage_i._3711_/Q -> i_soc.i_instr_sram.u_sram.gen_bank[0].gen_512.u_macro/addr1[8] : -2.877606
[setup reg-reg] i_soc.i_cpu.core_i.id_stage_i._3721_/Q -> i_soc.i_cpu.core_i.cs_registers_i._4266_/D : -2.770259
[setup reg-reg] i_soc.i_cpu.core_i.id_stage_i._3711_/Q -> i_soc.i_cpu.core_i.if_stage_i.prefetch_buffer_i.fifo_i._254_/D : -2.721709
[setup reg-reg] i_soc.i_ai_accel._23118_/Q -> i_soc.i_ai_accel._22905_/D : -2.719251
[setup reg-reg] i_soc.i_cpu.core_i.id_stage_i._3711_/Q -> i_soc.i_cpu.core_i.if_stage_i.prefetch_buffer_i.fifo_i._259_/D : -2.696350
[setup reg-reg] i_soc.i_cpu.core_i.id_stage_i._3711_/Q -> i_soc.i_cpu.core_i.if_stage_i.prefetch_buffer_i.fifo_i._260_/D : -2.691394
[setup reg-reg] i_soc.i_cpu.core_i.id_stage_i._3711_/Q -> i_soc.i_cpu.core_i.if_stage_i.prefetch_buffer_i.fifo_i._269_/D : -2.689699
[setup reg-reg] i_soc.i_cpu.core_i.id_stage_i._3711_/Q -> i_soc.i_cpu.core_i.if_stage_i.prefetch_buffer_i.fifo_i._209_/D : -2.685047
[setup reg-reg] i_soc.i_cpu.core_i.id_stage_i._3711_/Q -> i_soc.i_obi_axi_instr._256_/D : -2.683056
[setup reg-reg] i_soc.i_cpu.core_i.id_stage_i._3711_/Q -> i_soc.i_cpu.core_i.if_stage_i.prefetch_buffer_i.fifo_i._248_/D : -2.681135
[setup reg-reg] i_soc.i_cpu.core_i.id_stage_i._3711_/Q -> i_soc.i_cpu.core_i.if_stage_i.prefetch_buffer_i.fifo_i._268_/D : -2.661143
[setup reg-reg] i_soc.i_cpu.core_i.id_stage_i._3711_/Q -> i_soc.i_obi_axi_instr._254_/D : -2.654438
[setup reg-reg] i_soc.i_cpu.core_i.id_stage_i._3711_/Q -> i_soc.i_instr_sram.u_sram.gen_bank[2].gen_512.u_macro/addr1[1] : -2.625523
[setup reg-reg] i_soc.i_cpu.core_i.id_stage_i._3711_/Q -> i_soc.i_instr_sram.u_sram.gen_bank[0].gen_512.u_macro/addr1[1] : -2.600825
[setup reg-out] i_soc.i_qspi._21302_/Q -> qspi_io_oe[0] : -2.583861
[setup reg-reg] i_soc.i_cpu.core_i.id_stage_i._3711_/Q -> i_soc.i_instr_sram.u_sram.gen_bank[2].gen_512.u_macro/addr1[0] : -2.533625
[setup reg-reg] i_soc.i_cpu.core_i.id_stage_i._3721_/Q -> i_soc.i_cpu.core_i.id_stage_i._3674_/D : -2.519556
[setup reg-reg] i_soc.i_cpu.core_i.id_stage_i._3711_/Q -> i_soc.i_instr_sram.u_sram.gen_bank[0].gen_512.u_macro/addr1[0] : -2.510431
[setup reg-reg] i_soc.i_cpu.core_i.id_stage_i._3711_/Q -> i_soc.i_obi_axi_instr._255_/D : -2.506845
[setup reg-reg] i_soc.i_instr_sram.u_sram.gen_bank[3].gen_512.u_macro/dout1[17] -> i_soc.i_cpu.core_i.if_stage_i.aligner_i._912_/D : -2.498949
[setup reg-reg] i_soc.i_instr_sram.u_sram.gen_bank[3].gen_512.u_macro/dout1[17] -> i_soc.i_cpu.core_i.if_stage_i._880_/D : -2.494996
[setup reg-reg] i_soc.i_cpu.core_i.id_stage_i._3711_/Q -> i_soc.i_obi_axi_instr._252_/D : -2.486493
[setup reg-reg] i_soc.i_cpu.core_i.id_stage_i._3711_/Q -> i_soc.i_obi_axi_instr._253_/D : -2.462750
[setup reg-reg] i_soc.i_cpu.core_i.id_stage_i._3711_/Q -> i_soc.i_obi_axi_instr._246_/D : -2.462459
[setup reg-reg] i_soc.i_cpu.core_i.id_stage_i._3711_/Q -> i_soc.i_obi_axi_instr._251_/D : -2.427839
[setup reg-reg] i_soc.i_cpu.core_i.id_stage_i._3711_/Q -> i_soc.i_obi_axi_instr._247_/D : -2.419647
[setup reg-reg] i_soc.i_cpu.core_i.id_stage_i._3711_/Q -> i_soc.i_obi_axi_instr._249_/D : -2.416016
[setup reg-reg] i_soc.i_cpu.core_i.id_stage_i._3711_/Q -> i_soc.i_obi_axi_instr._250_/D : -2.413364
[setup reg-reg] i_soc.i_cpu.core_i.id_stage_i._3711_/Q -> i_soc.i_obi_axi_instr._248_/D : -2.412355
[setup reg-out] i_soc.i_gpio._195_/Q -> gpio_out_o[13] : -2.382124
[setup reg-reg] i_soc.i_cpu.core_i.id_stage_i._3711_/Q -> i_soc.i_obi_axi_instr._245_/D : -2.359632
[setup reg-reg] i_soc.i_ai_accel._23118_/Q -> i_soc.i_ai_accel._22904_/D : -2.357886
[setup reg-reg] i_soc.i_cpu.core_i.id_stage_i._3711_/Q -> i_soc.i_instr_sram.u_sram.gen_bank[3].gen_512.u_macro/addr1[3] : -2.274254
[setup reg-reg] i_soc.i_cpu.core_i.id_stage_i._3721_/Q -> i_soc.i_cpu.core_i.cs_registers_i._4259_/D : -2.269584
[setup reg-reg] i_soc.i_cpu.core_i.id_stage_i._3721_/Q -> i_soc.i_cpu.core_i.cs_registers_i._4261_/D : -2.268605
[setup reg-reg] i_soc.i_cpu.core_i.id_stage_i._3721_/Q -> i_soc.i_cpu.core_i.cs_registers_i._4263_/D : -2.263212
[setup reg-reg] i_soc.i_cpu.core_i.id_stage_i._3721_/Q -> i_soc.i_cpu.core_i.cs_registers_i._4252_/D : -2.252849
[setup reg-reg] i_soc.i_cpu.core_i.id_stage_i._3721_/Q -> i_soc.i_cpu.core_i.cs_registers_i._4254_/D : -2.249610
[setup reg-out] i_soc.i_qspi._21306_/Q -> qspi_io_oe[2] : -2.248600
[setup reg-reg] i_soc.i_cpu.core_i.id_stage_i._3721_/Q -> i_soc.i_cpu.core_i.cs_registers_i._4256_/D : -2.247916
[setup reg-reg] i_soc.i_ai_accel._23118_/Q -> i_soc.i_ai_accel._22900_/D : -2.233531
[setup reg-reg] i_soc.i_cpu.core_i.id_stage_i._3711_/Q -> i_soc.i_cpu.core_i.if_stage_i.prefetch_buffer_i.fifo_i._245_/D : -2.231758
[setup reg-reg] i_soc.i_ai_accel._23118_/Q -> i_soc.i_ai_accel._22903_/D : -2.227527
[setup reg-reg] i_soc.i_cpu.core_i.id_stage_i._3721_/Q -> i_soc.i_cpu.core_i.cs_registers_i._4260_/D : -2.223770
[setup reg-reg] i_soc.i_cpu.core_i.id_stage_i._3721_/Q -> i_soc.i_cpu.core_i.cs_registers_i._4258_/D : -2.222354
[setup reg-reg] i_soc.i_cpu.core_i.id_stage_i._3711_/Q -> i_soc.i_instr_sram.u_sram.gen_bank[1].gen_512.u_macro/addr1[3] : -2.217867
[setup reg-reg] i_soc.i_cpu.core_i.id_stage_i._3721_/Q -> i_soc.i_cpu.core_i.cs_registers_i._4255_/D : -2.213613
[setup reg-reg] i_soc.i_cpu.core_i.id_stage_i._3721_/Q -> i_soc.i_cpu.core_i.cs_registers_i._4251_/D : -2.203871
[setup reg-reg] i_soc.i_cpu.core_i.id_stage_i._3711_/Q -> i_soc.i_cpu.core_i.if_stage_i.prefetch_buffer_i.fifo_i._247_/D : -2.200428
[setup reg-reg] i_soc.i_cpu.core_i.id_stage_i._3711_/Q -> i_soc.i_cpu.core_i.if_stage_i.prefetch_buffer_i.fifo_i._243_/D : -2.197568
[setup reg-reg] i_soc.i_cpu.core_i.id_stage_i._3711_/Q -> i_soc.i_cpu.core_i.if_stage_i.prefetch_buffer_i.fifo_i._246_/D : -2.195174
[setup reg-reg] i_soc.i_instr_sram.u_sram.gen_bank[3].gen_512.u_macro/dout1[6] -> i_soc.i_cpu.core_i.if_stage_i.prefetch_buffer_i.fifo_i._216_/D : -2.193586
[setup reg-reg] i_soc.i_cpu.core_i.id_stage_i._3711_/Q -> i_soc.i_cpu.core_i.if_stage_i.prefetch_buffer_i.fifo_i._265_/D : -2.191767
[setup reg-reg] i_soc.i_cpu.core_i.id_stage_i._3711_/Q -> i_soc.i_cpu.core_i.if_stage_i.prefetch_buffer_i.fifo_i._261_/D : -2.191644
[setup reg-reg] i_soc.i_cpu.core_i.id_stage_i._3711_/Q -> i_soc.i_cpu.core_i.if_stage_i.prefetch_buffer_i.fifo_i._267_/D : -2.191621
[setup reg-reg] i_soc.i_cpu.core_i.id_stage_i._3711_/Q -> i_soc.i_cpu.core_i.if_stage_i.prefetch_buffer_i.fifo_i._242_/D : -2.172493
[setup reg-reg] i_soc.i_instr_sram.u_sram.gen_bank[3].gen_512.u_macro/dout1[26] -> i_soc.i_cpu.core_i.if_stage_i.prefetch_buffer_i.fifo_i._236_/D : -2.162755
[setup reg-out] i_soc.i_gpio._196_/Q -> gpio_out_o[14] : -2.159937
[setup reg-reg] i_soc.i_dm_top.i_dm_csrs._3330_/Q -> i_soc.i_qspi._17566_/D : -2.157069
[setup reg-reg] i_soc.i_dm_top.i_dm_csrs._3330_/Q -> i_soc.i_qspi._17563_/D : -2.152231
[setup reg-reg] i_soc.i_cpu.core_i.id_stage_i._3721_/Q -> i_soc.i_cpu.core_i.id_stage_i._3677_/D : -2.140565
[setup reg-reg] i_soc.i_dm_top.i_dm_csrs._3330_/Q -> i_soc.i_qspi._17574_/D : -2.137817
[setup reg-out] i_soc.i_qspi._21306_/Q -> qspi_io_oe[1] : -2.137681
[setup reg-reg] i_soc.i_cpu.core_i.id_stage_i._3711_/Q -> i_soc.i_cpu.core_i.if_stage_i.prefetch_buffer_i.fifo_i._266_/D : -2.136469
[setup reg-reg] i_soc.i_dm_top.i_dm_csrs._3330_/Q -> i_soc.i_qspi._17576_/D : -2.135009
[setup reg-reg] i_soc.i_dm_top.i_dm_csrs._3330_/Q -> i_soc.i_qspi._17559_/D : -2.132593
[setup reg-reg] i_soc.i_dm_top.i_dm_csrs._3330_/Q -> i_soc.i_qspi._17557_/D : -2.129738
[setup reg-reg] i_soc.i_dm_top.i_dm_csrs._3330_/Q -> i_soc.i_qspi._17560_/D : -2.127841
[setup reg-reg] i_soc.i_cpu.core_i.id_stage_i._3721_/Q -> i_soc.i_cpu.core_i.cs_registers_i._4300_/D : -2.125121
[setup reg-reg] i_soc.i_dm_top.i_dm_csrs._3330_/Q -> i_soc.i_qspi._17564_/D : -2.124766
[setup reg-reg] i_soc.i_cpu.core_i.id_stage_i._3778_/Q -> i_soc.i_cpu.core_i.ex_stage_i.alu_i.alu_div_i._1489_/D : -2.123677
[setup reg-reg] i_soc.i_cpu.core_i.id_stage_i._3711_/Q -> i_soc.i_instr_sram.u_sram.gen_bank[3].gen_512.u_macro/addr1[7] : -2.116748
[setup reg-out] i_soc.i_qspi._21306_/Q -> qspi_io_oe[3] : -2.116045
[setup reg-reg] i_soc.i_ai_accel._23118_/Q -> i_soc.i_ai_accel._22902_/D : -2.114886
[setup reg-reg] i_soc.i_instr_sram.u_sram.gen_bank[3].gen_512.u_macro/dout1[24] -> i_soc.i_cpu.core_i.if_stage_i.prefetch_buffer_i.fifo_i._234_/D : -2.108333
[setup reg-reg] i_soc.i_cpu.core_i.id_stage_i._3711_/Q -> i_soc.i_instr_sram.u_sram.gen_bank[1].gen_512.u_macro/addr1[7] : -2.105036
[setup reg-reg] i_soc.i_cpu.core_i.id_stage_i._3711_/Q -> i_soc.i_obi_axi_instr._257_/D : -2.088200
[setup reg-reg] i_soc.i_cpu.core_i.id_stage_i._3711_/Q -> i_soc.i_obi_axi_instr._259_/D : -2.087960
[setup reg-reg] i_soc.i_cpu.core_i.id_stage_i._3721_/Q -> i_soc.i_cpu.core_i.id_stage_i._3926_/D : -2.075980
[setup reg-reg] i_soc.i_ai_accel._23120_/Q -> i_soc.i_ai_accel._23366_/D : -2.073977
[setup reg-reg] i_soc.i_cpu.core_i.if_stage_i._865_/Q -> i_soc.i_obi_axi_instr._273_/D : -2.066967
[setup reg-out] i_soc.i_gpio._197_/Q -> gpio_out_o[15] : -2.062399
[setup reg-reg] i_soc.i_ai_accel._23118_/Q -> i_soc.i_ai_accel._22901_/D : -2.061469
[setup reg-reg] i_soc.i_instr_sram.u_sram.gen_bank[3].gen_512.u_macro/dout1[5] -> i_soc.i_cpu.core_i.if_stage_i.prefetch_buffer_i.fifo_i._215_/D : -2.059114
[setup reg-reg] i_soc.i_cpu.core_i.id_stage_i._3711_/Q -> i_soc.i_obi_axi_instr._274_/D : -2.057863
[setup reg-reg] i_soc.i_cpu.core_i.id_stage_i._3711_/Q -> i_soc.i_cpu.core_i.if_stage_i.prefetch_buffer_i.fifo_i._212_/D : -2.044146
[setup reg-reg] i_soc.i_cpu.core_i.id_stage_i._3711_/Q -> i_soc.i_cpu.core_i.if_stage_i.prefetch_buffer_i.fifo_i._230_/D : -2.038091
[setup reg-reg] i_soc.i_cpu.core_i.id_stage_i._3712_/Q -> i_soc.i_obi_axi_instr._258_/D : -2.036258
[setup reg-reg] i_soc.i_cpu.core_i.id_stage_i._3711_/Q -> i_soc.i_cpu.core_i.if_stage_i.prefetch_buffer_i.fifo_i._214_/D : -2.034572
[setup reg-reg] i_soc.i_cpu.core_i.id_stage_i._3711_/Q -> i_soc.i_cpu.core_i.if_stage_i.prefetch_buffer_i.fifo_i._233_/D : -2.027942
[setup reg-reg] i_soc.i_cpu.core_i.if_stage_i._865_/Q -> i_soc.i_obi_axi_instr._276_/D : -2.025418
[setup reg-reg] i_soc.i_cpu.core_i.id_stage_i._3711_/Q -> i_soc.i_cpu.core_i.if_stage_i.prefetch_buffer_i.fifo_i._231_/D : -2.022466
[setup reg-out] i_soc.i_gpio._194_/Q -> gpio_out_o[12] : -2.015956
[setup reg-reg] i_soc.i_cpu.core_i.id_stage_i._3711_/Q -> i_soc.i_obi_axi_instr._262_/D : -2.010362
[setup reg-reg] i_soc.i_cpu.core_i.id_stage_i._3711_/Q -> i_soc.i_obi_axi_instr._275_/D : -2.008816
[setup reg-reg] i_soc.i_cpu.core_i.id_stage_i._3711_/Q -> i_soc.i_obi_axi_instr._260_/D : -2.006022
[setup reg-reg] i_soc.i_cpu.core_i.id_stage_i._3711_/Q -> i_soc.i_obi_axi_instr._263_/D : -2.005375
[setup reg-reg] i_soc.i_cpu.core_i.id_stage_i._3711_/Q -> i_soc.i_obi_axi_instr._261_/D : -2.004018
[setup reg-reg] i_soc.i_cpu.core_i.id_stage_i._3711_/Q -> i_soc.i_obi_axi_instr._264_/D : -2.000865
[setup reg-reg] i_soc.i_cpu.core_i.id_stage_i._3711_/Q -> i_soc.i_cpu.core_i.if_stage_i.prefetch_buffer_i.fifo_i._225_/D : -1.998188
[setup reg-reg] i_soc.i_dm_top.i_dm_csrs._3330_/Q -> i_soc.i_qspi._17577_/D : -1.992387
[setup reg-reg] i_soc.i_dm_top.i_dm_csrs._3330_/Q -> i_soc.i_qspi._18691_/D : -1.969458
[setup reg-reg] i_soc.i_cpu.core_i.id_stage_i._3721_/Q -> i_soc.i_cpu.core_i.id_stage_i._4038_/D : -1.960356
[setup reg-reg] i_soc.i_cpu.core_i.id_stage_i._3721_/Q -> i_soc.i_cpu.core_i.id_stage_i._4040_/D : -1.956762
[setup reg-reg] i_soc.i_cpu.core_i.id_stage_i._3721_/Q -> i_soc.i_cpu.core_i.id_stage_i._4035_/D : -1.953755
[setup reg-reg] i_soc.i_cpu.core_i.id_stage_i._3721_/Q -> i_soc.i_cpu.core_i.id_stage_i._4043_/D : -1.946855
[setup reg-reg] i_soc.i_cpu.core_i.id_stage_i._3721_/Q -> i_soc.i_cpu.core_i.id_stage_i._4039_/D : -1.942897
[setup reg-reg] i_soc.i_cpu.core_i.id_stage_i._3721_/Q -> i_soc.i_cpu.core_i.id_stage_i._4037_/D : -1.941794
[setup reg-reg] i_soc.i_dm_top.i_dm_csrs._3330_/Q -> i_soc.i_qspi._18695_/D : -1.938577
[setup reg-reg] i_soc.i_cpu.core_i.id_stage_i._3721_/Q -> i_soc.i_cpu.core_i.id_stage_i._3804_/D : -1.938037
[setup reg-reg] i_soc.i_cpu.core_i.id_stage_i._3721_/Q -> i_soc.i_cpu.core_i.id_stage_i._3805_/D : -1.934783
[setup reg-reg] i_soc.i_dm_top.i_dm_csrs._3330_/Q -> i_soc.i_qspi._18692_/D : -1.931230
[setup reg-reg] i_soc.i_dm_top.i_dm_csrs._3330_/Q -> i_soc.i_qspi._18652_/D : -1.927893
[setup reg-reg] i_soc.i_cpu.core_i.id_stage_i._3721_/Q -> i_soc.i_cpu.core_i.id_stage_i._3678_/D : -1.921974
[setup reg-reg] i_soc.i_cpu.core_i.id_stage_i._3721_/Q -> i_soc.i_cpu.core_i.id_stage_i._3808_/D : -1.921929
[setup reg-reg] i_soc.i_cpu.core_i.id_stage_i._3721_/Q -> i_soc.i_cpu.core_i.id_stage_i._3807_/D : -1.921675
[setup reg-reg] i_soc.i_cpu.core_i.id_stage_i._3721_/Q -> i_soc.i_cpu.core_i.id_stage_i._3806_/D : -1.918394
[setup reg-reg] i_soc.i_dm_top.i_dm_csrs._3330_/Q -> i_soc.i_qspi._17582_/D : -1.909697
[setup reg-reg] i_soc.i_dm_top.i_dm_csrs._3330_/Q -> i_soc.i_qspi._18698_/D : -1.907857
[setup reg-reg] i_soc.i_dm_top.i_dm_csrs._3330_/Q -> i_soc.i_qspi._18649_/D : -1.906276
[setup reg-reg] i_soc.i_dm_top.i_dm_csrs._3330_/Q -> i_soc.i_qspi._18658_/D : -1.905431
[setup reg-reg] i_soc.i_cpu.core_i.id_stage_i._3721_/Q -> i_soc.i_cpu.core_i.id_stage_i._4042_/D : -1.902539
[setup reg-reg] i_soc.i_cpu.core_i.id_stage_i._3711_/Q -> i_soc.i_instr_sram.u_sram.gen_bank[3].gen_512.u_macro/addr1[6] : -1.900444
[setup reg-reg] i_soc.i_cpu.core_i.id_stage_i._3721_/Q -> i_soc.i_cpu.core_i.id_stage_i._4041_/D : -1.898094
[setup reg-reg] i_soc.i_dm_top.i_dm_csrs._3330_/Q -> i_soc.i_qspi._18656_/D : -1.896464
[setup reg-reg] i_soc.i_dm_top.i_dm_csrs._3330_/Q -> i_soc.i_qspi._18647_/D : -1.895517
[setup reg-reg] i_soc.i_dm_top.i_dm_csrs._3330_/Q -> i_soc.i_qspi._18654_/D : -1.893225
[setup reg-reg] i_soc.i_ai_accel._23120_/Q -> i_soc.i_ai_accel._23365_/D : -1.885987
[setup reg-reg] i_soc.i_instr_sram.u_sram.gen_bank[3].gen_512.u_macro/dout1[26] -> i_soc.i_cpu.core_i.if_stage_i.aligner_i._904_/D : -1.855197
[setup reg-reg] i_soc.i_cpu.core_i.id_stage_i._3721_/Q -> i_soc.i_cpu.core_i.id_stage_i._4065_/D : -1.854302
[setup reg-reg] i_soc.i_cpu.core_i.id_stage_i._3711_/Q -> i_soc.i_instr_sram.u_sram.gen_bank[1].gen_512.u_macro/addr1[6] : -1.853959
[setup reg-reg] i_soc.i_instr_sram.u_sram.gen_bank[3].gen_512.u_macro/dout1[17] -> i_soc.i_cpu.core_i.if_stage_i.prefetch_buffer_i.fifo_i._227_/D : -1.850779
[setup reg-reg] i_soc.i_cpu.core_i.id_stage_i._3721_/Q -> i_soc.i_cpu.core_i.id_stage_i._4052_/D : -1.850511
[setup reg-reg] i_soc.i_cpu.core_i.id_stage_i._3721_/Q -> i_soc.i_cpu.core_i.id_stage_i._4064_/D : -1.846415
[setup reg-reg] i_soc.i_cpu.core_i.id_stage_i._3721_/Q -> i_soc.i_cpu.core_i.id_stage_i._4062_/D : -1.842237
[setup reg-reg] i_soc.i_cpu.core_i.id_stage_i._3721_/Q -> i_soc.i_cpu.core_i.id_stage_i._4063_/D : -1.840293
[setup reg-reg] i_soc.i_cpu.core_i.id_stage_i._3721_/Q -> i_soc.i_cpu.core_i.id_stage_i._4066_/D : -1.839473
[setup reg-reg] i_soc.i_cpu.core_i.id_stage_i._3721_/Q -> i_soc.i_cpu.core_i.id_stage_i._4061_/D : -1.830713
[setup reg-reg] i_soc.i_cpu.core_i.id_stage_i._3721_/Q -> i_soc.i_cpu.core_i.id_stage_i._4059_/D : -1.829871
[setup reg-out] i_soc.i_gpio._183_/Q -> gpio_out_o[1] : -1.829034
[setup reg-reg] i_soc.i_cpu.core_i.id_stage_i._3721_/Q -> i_soc.i_cpu.core_i.id_stage_i._4036_/D : -1.823844
[setup reg-reg] i_soc.i_cpu.core_i.id_stage_i._3721_/Q -> i_soc.i_cpu.core_i.id_stage_i._4051_/D : -1.822839
[setup reg-reg] i_soc.i_cpu.core_i.id_stage_i._3721_/Q -> i_soc.i_cpu.core_i.id_stage_i._4048_/D : -1.819053
[setup reg-reg] i_soc.i_instr_sram.u_sram.gen_bank[3].gen_512.u_macro/dout1[19] -> i_soc.i_cpu.core_i.if_stage_i.aligner_i._897_/D : -1.817254
[setup reg-reg] i_soc.i_cpu.core_i.id_stage_i._3721_/Q -> i_soc.i_cpu.core_i.id_stage_i._4057_/D : -1.816577
[setup reg-reg] i_soc.i_cpu.core_i.id_stage_i._3721_/Q -> i_soc.i_cpu.core_i.id_stage_i._4045_/D : -1.815057
[setup reg-reg] i_soc.i_cpu.core_i.id_stage_i._3721_/Q -> i_soc.i_cpu.core_i.id_stage_i._4044_/D : -1.814641
[setup reg-reg] i_soc.i_cpu.core_i.id_stage_i._3721_/Q -> i_soc.i_cpu.core_i.id_stage_i._4058_/D : -1.811188
[setup reg-reg] i_soc.i_cpu.core_i.id_stage_i._3721_/Q -> i_soc.i_cpu.core_i.id_stage_i._4055_/D : -1.810685
[setup reg-reg] i_soc.i_cpu.core_i.id_stage_i._3721_/Q -> i_soc.i_cpu.core_i.id_stage_i._4053_/D : -1.810490
[setup reg-reg] i_soc.i_cpu.core_i.id_stage_i._3721_/Q -> i_soc.i_cpu.core_i.id_stage_i._4056_/D : -1.810371
[setup reg-reg] i_soc.i_cpu.core_i.id_stage_i._3721_/Q -> i_soc.i_cpu.core_i.id_stage_i._4049_/D : -1.809667
[setup reg-reg] i_soc.i_dm_top.i_dm_csrs._3330_/Q -> i_soc.i_qspi._17524_/D : -1.808287
[setup reg-reg] i_soc.i_cpu.core_i.id_stage_i._3721_/Q -> i_soc.i_cpu.core_i.id_stage_i._4054_/D : -1.806866
[setup reg-reg] i_soc.i_cpu.core_i.id_stage_i._3721_/Q -> i_soc.i_cpu.core_i.id_stage_i._4060_/D : -1.805226
[setup reg-out] i_soc.i_gpio._191_/Q -> gpio_out_o[9] : -1.804440
[setup reg-reg] i_soc.i_dm_top.i_dm_csrs._3330_/Q -> i_soc.i_qspi._18699_/D : -1.803174
[setup reg-reg] i_soc.i_dm_top.i_dm_csrs._3330_/Q -> i_soc.i_qspi._18683_/D : -1.800075
[setup reg-reg] i_soc.i_cpu.core_i.id_stage_i._3778_/Q -> i_soc.i_cpu.core_i.ex_stage_i.alu_i.alu_div_i._1488_/D : -1.795954
[setup reg-reg] i_soc.i_dm_top.i_dm_csrs._3330_/Q -> i_soc.i_qspi._18701_/D : -1.790230
[setup reg-reg] i_soc.i_dm_top.i_dm_csrs._3330_/Q -> i_soc.i_qspi._18702_/D : -1.789767
[setup reg-reg] i_soc.i_dm_top.i_dm_csrs._3330_/Q -> i_soc.i_qspi._18673_/D : -1.789735
[setup reg-reg] i_soc.i_dm_top.i_dm_csrs._3330_/Q -> i_soc.i_qspi._18689_/D : -1.788820
[setup reg-reg] i_soc.i_dm_top.i_dm_csrs._3330_/Q -> i_soc.i_qspi._18697_/D : -1.786638
[setup reg-reg] i_soc.i_instr_sram.u_sram.gen_bank[3].gen_512.u_macro/dout1[24] -> i_soc.i_cpu.core_i.if_stage_i.aligner_i._902_/D : -1.784388
[setup reg-reg] i_soc.i_dm_top.i_dm_csrs._3330_/Q -> i_soc.i_qspi._18662_/D : -1.781732
[setup reg-reg] i_soc.i_dm_top.i_dm_csrs._3330_/Q -> i_soc.i_qspi._18693_/D : -1.779890
[setup reg-reg] i_soc.i_dm_top.i_dm_csrs._3330_/Q -> i_soc.i_qspi._18668_/D : -1.778316
[setup reg-reg] i_soc.i_cpu.core_i.id_stage_i._3802_/Q -> i_soc.i_cpu.core_i.ex_stage_i.alu_i.alu_div_i._1509_/D : -1.774840
[setup reg-reg] i_soc.i_dm_top.i_dm_csrs._3330_/Q -> i_soc.i_qspi._17580_/D : -1.772982
[setup reg-reg] i_soc.i_dm_top.i_dm_csrs._3330_/Q -> i_soc.i_qspi._18670_/D : -1.771026
[setup reg-reg] i_soc.i_instr_sram.u_sram.gen_bank[3].gen_512.u_macro/dout1[20] -> i_soc.i_cpu.core_i.if_stage_i.aligner_i._898_/D : -1.769241
[setup reg-out] i_soc.i_gpio._192_/Q -> gpio_out_o[10] : -1.768787
[setup reg-reg] i_soc.i_dm_top.i_dm_csrs._3330_/Q -> i_soc.i_qspi._18648_/D : -1.768438
[setup reg-reg] i_soc.i_dm_top.i_dm_csrs._3330_/Q -> i_soc.i_qspi._17534_/D : -1.767521
[setup reg-reg] i_soc.i_dm_top.i_dm_csrs._3330_/Q -> i_soc.i_qspi._17548_/D : -1.766240
[setup reg-reg] i_soc.i_dm_top.i_dm_csrs._3330_/Q -> i_soc.i_qspi._17539_/D : -1.765169
[setup reg-reg] i_soc.i_dm_top.i_dm_csrs._3330_/Q -> i_soc.i_qspi._17555_/D : -1.763501
[setup reg-reg] i_soc.i_dm_top.i_dm_csrs._3330_/Q -> i_soc.i_qspi._17573_/D : -1.761640
[setup reg-reg] i_soc.i_dm_top.i_dm_csrs._3330_/Q -> i_soc.i_qspi._17527_/D : -1.761578
[setup reg-reg] i_soc.i_dm_top.i_dm_csrs._3330_/Q -> i_soc.i_qspi._17544_/D : -1.760084
[setup reg-reg] i_soc.i_dm_top.i_dm_csrs._3330_/Q -> i_soc.i_qspi._17541_/D : -1.759270
[setup reg-reg] i_soc.i_dm_top.i_dm_csrs._3330_/Q -> i_soc.i_qspi._17531_/D : -1.758668
[setup reg-reg] i_soc.i_dm_top.i_dm_csrs._3330_/Q -> i_soc.i_qspi._17561_/D : -1.755378
[setup reg-reg] i_soc.i_dm_top.i_dm_csrs._3330_/Q -> i_soc.i_qspi._18641_/D : -1.755341
[setup reg-reg] i_soc.i_dm_top.i_dm_csrs._3330_/Q -> i_soc.i_qspi._17532_/D : -1.754877
[setup reg-reg] i_soc.i_dm_top.i_dm_csrs._3330_/Q -> i_soc.i_qspi._17571_/D : -1.754476
[setup reg-reg] i_soc.i_dm_top.i_dm_csrs._3330_/Q -> i_soc.i_qspi._17529_/D : -1.754414
[setup reg-reg] i_soc.i_dm_top.i_dm_csrs._3330_/Q -> i_soc.i_qspi._17556_/D : -1.754145
[setup reg-out] i_soc.i_gpio._189_/Q -> gpio_out_o[7] : -1.751784
[setup reg-reg] i_soc.i_dm_top.i_dm_csrs._3330_/Q -> i_soc.i_qspi._17525_/D : -1.751030
[setup reg-reg] i_soc.i_cpu.core_i.id_stage_i._3721_/Q -> i_soc.i_qspi._21260_/D : -1.751022
[setup reg-reg] i_soc.i_cpu.core_i.id_stage_i._3711_/Q -> i_soc.i_instr_sram.u_sram.gen_bank[3].gen_512.u_macro/addr1[5] : -1.748854
[setup reg-out] i_soc.i_gpio._187_/Q -> gpio_out_o[5] : -1.742003
[setup reg-reg] i_soc.i_instr_sram.u_sram.gen_bank[3].gen_512.u_macro/dout1[22] -> i_soc.i_cpu.core_i.if_stage_i.aligner_i._900_/D : -1.740201
[setup reg-reg] i_soc.i_dm_top.i_dm_csrs._3330_/Q -> i_soc.i_qspi._17860_/D : -1.737742
[setup reg-reg] i_soc.i_cpu.core_i.id_stage_i._3721_/Q -> i_soc.i_qspi._21275_/D : -1.722530
[setup reg-reg] i_soc.i_dm_top.i_dm_csrs._3330_/Q -> i_soc.i_qspi._17863_/D : -1.721551
[setup reg-reg] i_soc.i_cpu.core_i.id_stage_i._3721_/Q -> i_soc.i_cpu.core_i.cs_registers_i._4257_/D : -1.716520
[setup reg-reg] i_soc.i_cpu.core_i.id_stage_i._3721_/Q -> i_soc.i_cpu.core_i.cs_registers_i._4253_/D : -1.715202
[setup reg-reg] i_soc.i_cpu.core_i.id_stage_i._3721_/Q -> i_soc.i_cpu.core_i.id_stage_i._3803_/D : -1.714987
[setup reg-reg] i_soc.i_cpu.core_i.id_stage_i._3721_/Q -> i_soc.i_cpu.core_i.cs_registers_i._4262_/D : -1.709585
[setup reg-out] i_soc.i_gpio._193_/Q -> gpio_out_o[11] : -1.709277
[setup reg-reg] i_soc.i_instr_sram.u_sram.gen_bank[3].gen_512.u_macro/dout1[17] -> i_soc.i_cpu.core_i.if_stage_i.aligner_i._895_/D : -1.706610
[setup reg-reg] i_soc.i_cpu.core_i.id_stage_i._3721_/Q -> i_soc.i_cpu.core_i.id_stage_i._3802_/D : -1.701130
[setup reg-reg] i_soc.i_dm_top.i_dm_csrs._3330_/Q -> i_soc.i_qspi._17856_/D : -1.700030
[setup reg-reg] i_soc.i_dm_top.i_dm_csrs._3330_/Q -> i_soc.i_qspi._17834_/D : -1.698727
[setup reg-reg] i_soc.i_cpu.core_i.id_stage_i._3711_/Q -> i_soc.i_instr_sram.u_sram.gen_bank[1].gen_512.u_macro/addr1[5] : -1.698645
[setup reg-reg] i_soc.i_dm_top.i_dm_csrs._3330_/Q -> i_soc.i_qspi._17815_/D : -1.697794
[setup reg-out] i_soc.i_gpio._185_/Q -> gpio_out_o[3] : -1.697154
[setup reg-reg] i_soc.i_cpu.core_i.id_stage_i._3721_/Q -> i_soc.i_cpu.core_i.cs_registers_i._4239_/D : -1.693271
[setup reg-reg] i_soc.i_dm_top.i_dm_csrs._3330_/Q -> i_soc.i_qspi._17827_/D : -1.691406
[setup reg-out] i_soc.i_gpio._188_/Q -> gpio_out_o[6] : -1.685087
[setup reg-reg] i_soc.i_dm_top.i_dm_csrs._3330_/Q -> i_soc.i_qspi._18410_/D : -1.683633
[setup reg-reg] i_soc.i_cpu.core_i.id_stage_i._3721_/Q -> i_soc.i_cpu.core_i.cs_registers_i._4244_/D : -1.683532
[setup reg-reg] i_soc.i_dm_top.i_dm_csrs._3330_/Q -> i_soc.i_qspi._17828_/D : -1.682972
[setup reg-reg] i_soc.i_cpu.core_i.id_stage_i._3721_/Q -> i_soc.i_cpu.core_i.cs_registers_i._4264_/D : -1.682347
[setup reg-reg] i_soc.i_dm_top.i_dm_csrs._3330_/Q -> i_soc.i_qspi._18404_/D : -1.681682
[setup reg-out] i_soc.i_i2c._0980_/Q -> i2c_scl_o : -1.680824
[setup reg-reg] i_soc.i_dm_top.i_dm_csrs._3330_/Q -> i_soc.i_qspi._17819_/D : -1.680116
[setup reg-reg] i_soc.i_cpu.core_i.id_stage_i._3721_/Q -> i_soc.i_cpu.core_i.cs_registers_i._4241_/D : -1.680048
[setup reg-reg] i_soc.i_dm_top.i_dm_csrs._3330_/Q -> i_soc.i_qspi._18407_/D : -1.679910
[setup reg-reg] i_soc.i_dm_top.i_dm_csrs._3330_/Q -> i_soc.i_qspi._18403_/D : -1.675694
[setup reg-out] i_soc.i_gpio._190_/Q -> gpio_out_o[8] : -1.674867
[setup reg-reg] i_soc.i_dm_top.i_dm_csrs._3330_/Q -> i_soc.i_qspi._18409_/D : -1.664176
[setup reg-reg] i_soc.i_cpu.core_i.id_stage_i._3721_/Q -> i_soc.i_cpu.core_i.id_stage_i._4029_/D : -1.659348
[setup reg-reg] i_soc.i_cpu.core_i.id_stage_i._3721_/Q -> i_soc.i_cpu.core_i.cs_registers_i._4237_/D : -1.654678
[setup reg-reg] i_soc.i_cpu.core_i.id_stage_i._3721_/Q -> i_soc.i_cpu.core_i.id_stage_i._3799_/D : -1.652030
[setup reg-reg] i_soc.i_dm_top.i_dm_csrs._3330_/Q -> i_soc.i_qspi._17835_/D : -1.646180
[setup reg-out] i_soc.i_gpio._184_/Q -> gpio_out_o[2] : -1.644629
[setup reg-reg] i_soc.i_cpu.core_i.id_stage_i._3721_/Q -> i_soc.i_cpu.core_i.cs_registers_i._4243_/D : -1.642020
[setup reg-reg] i_soc.i_dm_top.i_dm_csrs._3330_/Q -> i_soc.i_qspi._17824_/D : -1.636447
[setup reg-reg] i_soc.i_dm_top.i_dm_csrs._3330_/Q -> i_soc.i_qspi._19000_/D : -1.636073
[setup reg-reg] i_soc.i_dm_top.i_dm_csrs._3330_/Q -> i_soc.i_qspi._17851_/D : -1.634220
[setup reg-reg] i_soc.i_dm_top.i_dm_csrs._3330_/Q -> i_soc.i_qspi._18117_/D : -1.634170
[setup reg-reg] i_soc.i_dm_top.i_dm_csrs._3330_/Q -> i_soc.i_qspi._17845_/D : -1.634072
[setup reg-reg] i_soc.i_dm_top.i_dm_csrs._3330_/Q -> i_soc.i_qspi._18113_/D : -1.632017
[setup reg-reg] i_soc.i_dm_top.i_dm_csrs._3330_/Q -> i_soc.i_qspi._18116_/D : -1.628301
[setup reg-reg] i_soc.i_instr_sram.u_sram.gen_bank[3].gen_512.u_macro/dout1[9] -> i_soc.i_cpu.core_i.if_stage_i.prefetch_buffer_i.fifo_i._219_/D : -1.626685
[setup reg-reg] i_soc.i_dm_top.i_dm_csrs._3330_/Q -> i_soc.i_qspi._17869_/D : -1.625027
[setup reg-reg] i_soc.i_dm_top.i_dm_csrs._3330_/Q -> i_soc.i_qspi._18115_/D : -1.624965
[setup reg-reg] i_soc.i_cpu.core_i.id_stage_i._3721_/Q -> i_soc.i_cpu.core_i.cs_registers_i._4265_/D : -1.619162
[setup reg-reg] i_soc.i_dm_top.i_dm_csrs._3330_/Q -> i_soc.i_qspi._17858_/D : -1.618275
[setup reg-reg] i_soc.i_cpu.core_i.id_stage_i._3721_/Q -> i_soc.i_cpu.core_i.cs_registers_i._4308_/D : -1.617705
[setup reg-reg] i_soc.i_dm_top.i_dm_csrs._3330_/Q -> i_soc.i_qspi._18122_/D : -1.616838
[setup reg-reg] i_soc.i_dm_top.i_dm_csrs._3330_/Q -> i_soc.i_qspi._17870_/D : -1.615369
[setup reg-reg] i_soc.i_dm_top.i_dm_csrs._3330_/Q -> i_soc.i_qspi._18103_/D : -1.614190
[setup reg-reg] i_soc.i_dm_top.i_dm_csrs._3330_/Q -> i_soc.i_qspi._17868_/D : -1.610459
[setup reg-reg] i_soc.i_cpu.core_i.id_stage_i._3802_/Q -> i_soc.i_cpu.core_i.ex_stage_i.alu_i.alu_div_i._1527_/D : -1.605688
[setup reg-reg] i_soc.i_dm_top.i_dm_csrs._3330_/Q -> i_soc.i_qspi._18147_/D : -1.600800
[setup reg-reg] i_soc.i_dm_top.i_dm_csrs._3330_/Q -> i_soc.i_qspi._18148_/D : -1.600142
[setup reg-reg] i_soc.i_dm_top.i_dm_csrs._3330_/Q -> i_soc.i_qspi._18145_/D : -1.598039
[setup reg-reg] i_soc.i_dm_top.i_dm_csrs._3330_/Q -> i_soc.i_qspi._18413_/D : -1.595710
[setup reg-reg] i_soc.i_dm_top.i_dm_csrs._3330_/Q -> i_soc.i_qspi._17038_/D : -1.593653
[setup reg-reg] i_soc.i_dm_top.i_dm_csrs._3330_/Q -> i_soc.i_qspi._18154_/D : -1.592545
[setup reg-reg] i_soc.i_dm_top.i_dm_csrs._3330_/Q -> i_soc.i_qspi._17392_/D : -1.591378
[setup reg-reg] i_soc.i_cpu.core_i.id_stage_i._3711_/Q -> i_soc.i_cpu.core_i.if_stage_i.prefetch_buffer_i.fifo_i._210_/D : -1.590214
[setup reg-reg] i_soc.i_cpu.core_i.id_stage_i._3721_/Q -> i_soc.i_cpu.core_i.id_stage_i._4031_/D : -1.587074
[setup reg-reg] i_soc.i_dm_top.i_dm_csrs._3330_/Q -> i_soc.i_qspi._19035_/D : -1.585134
[setup reg-reg] i_soc.i_dm_top.i_dm_csrs._3330_/Q -> i_soc.i_qspi._17375_/D : -1.585132
[setup reg-reg] i_soc.i_dm_top.i_dm_csrs._3330_/Q -> i_soc.i_qspi._17385_/D : -1.584338
[setup reg-reg] i_soc.i_dm_top.i_dm_csrs._3330_/Q -> i_soc.i_qspi._17362_/D : -1.583723
[setup reg-reg] i_soc.i_dm_top.i_dm_csrs._3330_/Q -> i_soc.i_qspi._18135_/D : -1.583032
[setup reg-reg] i_soc.i_dm_top.i_dm_csrs._3330_/Q -> i_soc.i_qspi._18385_/D : -1.582842
[setup reg-reg] i_soc.i_dm_top.i_dm_csrs._3330_/Q -> i_soc.i_qspi._17035_/D : -1.582007
[setup reg-reg] i_soc.i_dm_top.i_dm_csrs._3330_/Q -> i_soc.i_qspi._17837_/D : -1.581451
[setup reg-reg] i_soc.i_dm_top.i_dm_csrs._3330_/Q -> i_soc.i_qspi._17376_/D : -1.581238
[setup reg-reg] i_soc.i_dm_top.i_dm_csrs._3330_/Q -> i_soc.i_qspi._18400_/D : -1.580283
[setup reg-reg] i_soc.i_dm_top.i_dm_csrs._3330_/Q -> i_soc.i_qspi._17370_/D : -1.579895
[setup reg-reg] i_soc.i_dm_top.i_dm_csrs._3330_/Q -> i_soc.i_qspi._17390_/D : -1.577119
[setup reg-out] i_soc.i_gpio._186_/Q -> gpio_out_o[4] : -1.576665
[setup reg-reg] i_soc.i_dm_top.i_dm_csrs._3330_/Q -> i_soc.i_qspi._18119_/D : -1.576371
[setup reg-reg] i_soc.i_dm_top.i_dm_csrs._3330_/Q -> i_soc.i_qspi._17391_/D : -1.575609
[setup reg-reg] i_soc.i_dm_top.i_dm_csrs._3330_/Q -> i_soc.i_qspi._18414_/D : -1.575351
[setup reg-reg] i_soc.i_dm_top.i_dm_csrs._3330_/Q -> i_soc.i_qspi._19028_/D : -1.574460
[setup reg-out] i_soc.i_gpio._182_/Q -> gpio_out_o[0] : -1.573668
[setup reg-reg] i_soc.i_dm_top.i_dm_csrs._3330_/Q -> i_soc.i_qspi._17817_/D : -1.572408
[setup reg-reg] i_soc.i_cpu.core_i.id_stage_i._3711_/Q -> i_soc.i_cpu.core_i.if_stage_i.prefetch_buffer_i.fifo_i._239_/D : -1.572373
[setup reg-reg] i_soc.i_cpu.core_i.id_stage_i._3721_/Q -> i_soc.i_cpu.core_i.id_stage_i._4079_/D : -1.571834
[setup reg-reg] i_soc.i_dm_top.i_dm_csrs._3330_/Q -> i_soc.i_qspi._17867_/D : -1.568196
[setup reg-reg] i_soc.i_dm_top.i_dm_csrs._3330_/Q -> i_soc.i_qspi._17387_/D : -1.567983
[setup reg-reg] i_soc.i_cpu.core_i.id_stage_i._3711_/Q -> i_soc.i_cpu.core_i.if_stage_i.prefetch_buffer_i.fifo_i._226_/D : -1.567848
[setup reg-reg] i_soc.i_dm_top.i_dm_csrs._3330_/Q -> i_soc.i_qspi._18401_/D : -1.567662
[setup reg-reg] i_soc.i_dm_top.i_dm_csrs._3330_/Q -> i_soc.i_qspi._17857_/D : -1.567242
[setup reg-reg] i_soc.i_cpu.core_i.id_stage_i._3711_/Q -> i_soc.i_cpu.core_i.if_stage_i.prefetch_buffer_i.fifo_i._250_/D : -1.567031
[setup reg-reg] i_soc.i_dm_top.i_dm_csrs._3330_/Q -> i_soc.i_qspi._17826_/D : -1.566745
[setup reg-reg] i_soc.i_dm_top.i_dm_csrs._3330_/Q -> i_soc.i_qspi._18395_/D : -1.566699
[setup reg-reg] i_soc.i_dm_top.i_dm_csrs._3330_/Q -> i_soc.i_qspi._18405_/D : -1.565935
[setup reg-reg] i_soc.i_dm_top.i_dm_csrs._3330_/Q -> i_soc.i_qspi._17032_/D : -1.565152
[setup reg-reg] i_soc.i_dm_top.i_dm_csrs._3330_/Q -> i_soc.i_qspi._18411_/D : -1.564789
[setup reg-reg] i_soc.i_cpu.core_i.id_stage_i._3721_/Q -> i_soc.i_cpu.core_i.cs_registers_i._4236_/D : -1.563203
[setup reg-reg] i_soc.i_dm_top.i_dm_csrs._3330_/Q -> i_soc.i_qspi._17861_/D : -1.562951
[setup reg-reg] i_soc.i_dm_top.i_dm_csrs._3330_/Q -> i_soc.i_qspi._17865_/D : -1.561938
[setup reg-reg] i_soc.i_dm_top.i_dm_csrs._3330_/Q -> i_soc.i_qspi._19052_/D : -1.559886
[setup reg-reg] i_soc.i_cpu.core_i.id_stage_i._3721_/Q -> i_soc.i_cpu.core_i.id_stage_i._4030_/D : -1.559785
[setup reg-reg] i_soc.i_dm_top.i_dm_csrs._3330_/Q -> i_soc.i_qspi._17013_/D : -1.559098
[setup reg-reg] i_soc.i_dm_top.i_dm_csrs._3330_/Q -> i_soc.i_qspi._17384_/D : -1.558695
[setup reg-reg] i_soc.i_dm_top.i_dm_csrs._3330_/Q -> i_soc.i_qspi._17537_/D : -1.557961
[setup reg-reg] i_soc.i_dm_top.i_dm_csrs._3330_/Q -> i_soc.i_qspi._17365_/D : -1.556733
[setup reg-reg] i_soc.i_dm_top.i_dm_csrs._3330_/Q -> i_soc.i_qspi._18151_/D : -1.553955
[setup reg-reg] i_soc.i_dm_top.i_dm_csrs._3330_/Q -> i_soc.i_qspi._17364_/D : -1.552809
[setup reg-reg] i_soc.i_cpu.core_i.id_stage_i._3711_/Q -> i_soc.i_cpu.core_i.if_stage_i.prefetch_buffer_i.fifo_i._264_/D : -1.551465
[setup reg-reg] i_soc.i_dm_top.i_dm_csrs._3330_/Q -> i_soc.i_qspi._19044_/D : -1.551259
[setup reg-reg] i_soc.i_cpu.core_i.id_stage_i._3711_/Q -> i_soc.i_cpu.core_i.if_stage_i.prefetch_buffer_i.fifo_i._262_/D : -1.545001
[setup reg-reg] i_soc.i_dm_top.i_dm_csrs._3330_/Q -> i_soc.i_qspi._18996_/D : -1.544905
[setup reg-reg] i_soc.i_dm_top.i_dm_csrs._3330_/Q -> i_soc.i_qspi._17024_/D : -1.542874
[setup reg-reg] i_soc.i_dm_top.i_dm_csrs._3330_/Q -> i_soc.i_qspi._17031_/D : -1.541874
[setup reg-reg] i_soc.i_dm_top.i_dm_csrs._3330_/Q -> i_soc.i_qspi._17569_/D : -1.541796
[setup reg-reg] i_soc.i_dm_top.i_dm_csrs._3330_/Q -> i_soc.i_qspi._19003_/D : -1.541261
[setup reg-reg] i_soc.i_cpu.core_i.id_stage_i._3711_/Q -> i_soc.i_cpu.core_i.if_stage_i.prefetch_buffer_i.fifo_i._256_/D : -1.540554
[setup reg-reg] i_soc.i_dm_top.i_dm_csrs._3330_/Q -> i_soc.i_qspi._17568_/D : -1.538069
[setup reg-reg] i_soc.i_cpu.core_i.id_stage_i._3721_/Q -> i_soc.i_cpu.core_i.cs_registers_i._4242_/D : -1.535169
[setup reg-reg] i_soc.i_cpu.core_i.id_stage_i._3721_/Q -> i_soc.i_cpu.core_i.id_stage_i._3675_/D : -1.534343
[setup reg-reg] i_soc.i_dm_top.i_dm_csrs._3330_/Q -> i_soc.i_qspi._18114_/D : -1.534133
[setup reg-reg] i_soc.i_dm_top.i_dm_csrs._3330_/Q -> i_soc.i_qspi._17383_/D : -1.533314
[setup reg-reg] i_soc.i_dm_top.i_dm_csrs._3330_/Q -> i_soc.i_qspi._17389_/D : -1.533140
[setup reg-reg] i_soc.i_dm_top.i_dm_csrs._3330_/Q -> i_soc.i_qspi._17040_/D : -1.532396
[setup reg-reg] i_soc.i_cpu.core_i.id_stage_i._3721_/Q -> i_soc.i_cpu.core_i.cs_registers_i._4240_/D : -1.530488
[setup reg-reg] i_soc.i_dm_top.i_dm_csrs._3330_/Q -> i_soc.i_qspi._17033_/D : -1.529640
[setup reg-reg] i_soc.i_dm_top.i_dm_csrs._3330_/Q -> i_soc.i_qspi._18097_/D : -1.528749
[setup reg-reg] i_soc.i_dm_top.i_dm_csrs._3330_/Q -> i_soc.i_qspi._17825_/D : -1.527640
[setup reg-reg] i_soc.i_dm_top.i_dm_csrs._3330_/Q -> i_soc.i_qspi._17575_/D : -1.527029
[setup reg-reg] i_soc.i_dm_top.i_dm_csrs._3330_/Q -> i_soc.i_qspi._17543_/D : -1.526201
[setup reg-reg] i_soc.i_dm_top.i_dm_csrs._3330_/Q -> i_soc.i_qspi._17018_/D : -1.524997
[setup reg-reg] i_soc.i_dm_top.i_dm_csrs._3330_/Q -> i_soc.i_qspi._19043_/D : -1.524445
[setup reg-reg] i_soc.i_cpu.core_i.id_stage_i._3721_/Q -> i_soc.i_cpu.core_i.cs_registers_i._4238_/D : -1.523146
[setup reg-reg] i_soc.i_dm_top.i_dm_csrs._3330_/Q -> i_soc.i_qspi._17010_/D : -1.523034
[setup reg-reg] i_soc.i_dm_top.i_dm_csrs._3330_/Q -> i_soc.i_qspi._18105_/D : -1.522352
[setup reg-reg] i_soc.i_dm_top.i_dm_csrs._3330_/Q -> i_soc.i_qspi._17039_/D : -1.522258
[setup reg-reg] i_soc.i_dm_top.i_dm_csrs._3330_/Q -> i_soc.i_qspi._17570_/D : -1.521762
[setup reg-reg] i_soc.i_dm_top.i_dm_csrs._3330_/Q -> i_soc.i_qspi._18108_/D : -1.519751
[setup reg-reg] i_soc.i_dm_top.i_dm_csrs._3330_/Q -> i_soc.i_qspi._18149_/D : -1.519457
[setup reg-reg] i_soc.i_dm_top.i_dm_csrs._3330_/Q -> i_soc.i_qspi._19046_/D : -1.518906
[setup reg-reg] i_soc.i_dm_top.i_dm_csrs._3330_/Q -> i_soc.i_qspi._19038_/D : -1.518096
[setup reg-reg] i_soc.i_dm_top.i_dm_csrs._3330_/Q -> i_soc.i_qspi._19045_/D : -1.517949
[setup reg-reg] i_soc.i_dm_top.i_dm_csrs._3330_/Q -> i_soc.i_qspi._19032_/D : -1.517890
[setup reg-reg] i_soc.i_dm_top.i_dm_csrs._3330_/Q -> i_soc.i_qspi._17583_/D : -1.516320
[setup reg-reg] i_soc.i_dm_top.i_dm_csrs._3330_/Q -> i_soc.i_qspi._18688_/D : -1.515526
[setup reg-reg] i_soc.i_dm_top.i_dm_csrs._3330_/Q -> i_soc.i_qspi._17831_/D : -1.515415
[setup reg-reg] i_soc.i_dm_top.i_dm_csrs._3330_/Q -> i_soc.i_qspi._17829_/D : -1.515360
[setup reg-reg] i_soc.i_dm_top.i_dm_csrs._3330_/Q -> i_soc.i_qspi._18101_/D : -1.515298
[setup reg-reg] i_soc.i_dm_top.i_dm_csrs._3330_/Q -> i_soc.i_qspi._19033_/D : -1.514263
[setup reg-reg] i_soc.i_dm_top.i_dm_csrs._3330_/Q -> i_soc.i_qspi._18684_/D : -1.512566
[setup reg-reg] i_soc.i_dm_top.i_dm_csrs._3330_/Q -> i_soc.i_qspi._18104_/D : -1.511985
[setup reg-reg] i_soc.i_dm_top.i_dm_csrs._3330_/Q -> i_soc.i_qspi._17019_/D : -1.511410
[setup reg-reg] i_soc.i_dm_top.i_dm_csrs._3330_/Q -> i_soc.i_qspi._17373_/D : -1.511083
[setup reg-reg] i_soc.i_dm_top.i_dm_csrs._3330_/Q -> i_soc.i_qspi._18146_/D : -1.510340
[setup reg-reg] i_soc.i_dm_top.i_dm_csrs._3330_/Q -> i_soc.i_qspi._17030_/D : -1.508498
[setup reg-reg] i_soc.i_dm_top.i_dm_csrs._3330_/Q -> i_soc.i_qspi._19031_/D : -1.507161
[setup reg-reg] i_soc.i_dm_top.i_dm_csrs._3330_/Q -> i_soc.i_qspi._17833_/D : -1.506633
[setup reg-reg] i_soc.i_dm_top.i_dm_csrs._3330_/Q -> i_soc.i_qspi._17382_/D : -1.505475
[setup reg-reg] i_soc.i_dm_top.i_dm_csrs._3330_/Q -> i_soc.i_qspi._18129_/D : -1.505191
[setup reg-reg] i_soc.i_dm_top.i_dm_csrs._3330_/Q -> i_soc.i_qspi._17012_/D : -1.504745
[setup reg-reg] i_soc.i_dm_top.i_dm_csrs._3330_/Q -> i_soc.i_qspi._18690_/D : -1.502576
[setup reg-reg] i_soc.i_dm_top.i_dm_csrs._3330_/Q -> i_soc.i_qspi._18679_/D : -1.499020
[setup reg-reg] i_soc.i_cpu.core_i.id_stage_i._3721_/Q -> i_soc.i_cpu.core_i.id_stage_i._3801_/D : -1.496584
[setup reg-reg] i_soc.i_dm_top.i_dm_csrs._3330_/Q -> i_soc.i_qspi._17371_/D : -1.496311
[setup reg-reg] i_soc.i_dm_top.i_dm_csrs._3330_/Q -> i_soc.i_qspi._19036_/D : -1.495558
[setup reg-reg] i_soc.i_dm_top.i_dm_csrs._3330_/Q -> i_soc.i_qspi._18136_/D : -1.493929
[setup reg-reg] i_soc.i_cpu.core_i.id_stage_i._3721_/Q -> i_soc.i_cpu.core_i.id_stage_i._3800_/D : -1.493071
[setup reg-reg] i_soc.i_dm_top.i_dm_csrs._3330_/Q -> i_soc.i_qspi._17363_/D : -1.492682
[setup reg-reg] i_soc.i_dm_top.i_dm_csrs._3330_/Q -> i_soc.i_qspi._19006_/D : -1.492035
[setup reg-reg] i_soc.i_dm_top.i_dm_csrs._3330_/Q -> i_soc.i_qspi._18133_/D : -1.491706
[setup reg-reg] i_soc.i_dm_top.i_dm_csrs._3330_/Q -> i_soc.i_qspi._17036_/D : -1.491445
[setup reg-reg] i_soc.i_dm_top.i_dm_csrs._3330_/Q -> i_soc.i_qspi._19011_/D : -1.491129
[setup reg-reg] i_soc.i_dm_top.i_dm_csrs._3330_/Q -> i_soc.i_qspi._19001_/D : -1.490946
[setup reg-reg] i_soc.i_dm_top.i_dm_csrs._3330_/Q -> i_soc.i_qspi._17547_/D : -1.490889
[setup reg-reg] i_soc.i_dm_top.i_dm_csrs._3330_/Q -> i_soc.i_qspi._17011_/D : -1.490680
[setup reg-reg] i_soc.i_dm_top.i_dm_csrs._3330_/Q -> i_soc.i_qspi._18681_/D : -1.488324
[setup reg-reg] i_soc.i_dm_top.i_dm_csrs._3330_/Q -> i_soc.i_qspi._19014_/D : -1.487978
[setup reg-reg] i_soc.i_cpu.core_i.id_stage_i._3721_/Q -> i_soc.i_cpu.core_i.cs_registers_i._4290_/D : -1.487402
[setup reg-reg] i_soc.i_dm_top.i_dm_csrs._3330_/Q -> i_soc.i_qspi._19013_/D : -1.487393
[setup reg-reg] i_soc.i_dm_top.i_dm_csrs._3330_/Q -> i_soc.i_qspi._17579_/D : -1.485235
[setup reg-reg] i_soc.i_cpu.core_i.id_stage_i._3721_/Q -> i_soc.i_cpu.core_i.id_stage_i._3782_/D : -1.484663
[setup reg-reg] i_soc.i_dm_top.i_dm_csrs._3330_/Q -> i_soc.i_qspi._18140_/D : -1.484356
[setup reg-reg] i_soc.i_dm_top.i_dm_csrs._3330_/Q -> i_soc.i_qspi._17388_/D : -1.482841
[setup reg-reg] i_soc.i_dm_top.i_dm_csrs._3330_/Q -> i_soc.i_qspi._18137_/D : -1.482578
[setup reg-reg] i_soc.i_dm_top.i_dm_csrs._3330_/Q -> i_soc.i_qspi._19004_/D : -1.479528
[setup reg-reg] i_soc.i_dm_top.i_dm_csrs._3330_/Q -> i_soc.i_qspi._18999_/D : -1.477618
[setup reg-reg] i_soc.i_dm_top.i_dm_csrs._3330_/Q -> i_soc.i_qspi._17037_/D : -1.473962
[setup reg-reg] i_soc.i_cpu.core_i.id_stage_i._3721_/Q -> i_soc.i_cpu.core_i.cs_registers_i._4295_/D : -1.473751
[setup reg-reg] i_soc.i_dm_top.i_dm_csrs._3330_/Q -> i_soc.i_qspi._17023_/D : -1.473381
[setup reg-reg] i_soc.i_dm_top.i_dm_csrs._3330_/Q -> i_soc.i_qspi._17025_/D : -1.472172
[setup reg-reg] i_soc.i_dm_top.i_dm_csrs._3330_/Q -> i_soc.i_qspi._19012_/D : -1.471840
[setup reg-reg] i_soc.i_cpu.core_i.id_stage_i._3721_/Q -> i_soc.i_cpu.core_i.cs_registers_i._4297_/D : -1.470907
[setup reg-reg] i_soc.i_dm_top.i_dm_csrs._3330_/Q -> i_soc.i_qspi._18659_/D : -1.470298
[setup reg-reg] i_soc.i_dm_top.i_dm_csrs._3330_/Q -> i_soc.i_qspi._18370_/D : -1.468679
[setup reg-reg] i_soc.i_dm_top.i_dm_csrs._3330_/Q -> i_soc.i_qspi._17377_/D : -1.467466
[setup reg-reg] i_soc.i_instr_sram.u_sram.gen_bank[3].gen_512.u_macro/dout1[21] -> i_soc.i_cpu.core_i.if_stage_i.aligner_i._899_/D : -1.467248
[setup reg-reg] i_soc.i_cpu.core_i.id_stage_i._3721_/Q -> i_soc.i_cpu.core_i.cs_registers_i._4288_/D : -1.463521
[setup reg-reg] i_soc.i_cpu.core_i.id_stage_i._3721_/Q -> i_soc.i_cpu.core_i.id_stage_i._3824_/D : -1.459782
[setup reg-reg] i_soc.i_cpu.core_i.id_stage_i._3711_/Q -> i_soc.i_instr_sram.u_sram.gen_bank[3].gen_512.u_macro/addr1[4] : -1.452145
[setup reg-reg] i_soc.i_cpu.core_i.id_stage_i._3721_/Q -> i_soc.i_cpu.core_i.cs_registers_i._4293_/D : -1.450344
[setup reg-reg] i_soc.i_dm_top.i_dm_csrs._3330_/Q -> i_soc.i_qspi._17021_/D : -1.446962
[setup reg-reg] i_soc.i_dm_top.i_dm_csrs._3330_/Q -> i_soc.i_qspi._17009_/D : -1.445628
[setup reg-reg] i_soc.i_dm_top.i_dm_csrs._3330_/Q -> i_soc.i_qspi._18371_/D : -1.440647
[setup reg-reg] i_soc.i_cpu.core_i.id_stage_i._3721_/Q -> i_soc.i_cpu.core_i.id_stage_i._4046_/D : -1.438279
[setup reg-reg] i_soc.i_dm_top.i_dm_csrs._3330_/Q -> i_soc.i_qspi._18378_/D : -1.436067
[setup reg-reg] i_soc.i_cpu.core_i.id_stage_i._3721_/Q -> i_soc.i_cpu.core_i.cs_registers_i._4294_/D : -1.432257
[setup reg-reg] i_soc.i_cpu.core_i.id_stage_i._3721_/Q -> i_soc.i_cpu.core_i.cs_registers_i._4292_/D : -1.428854
[setup reg-reg] i_soc.i_dm_top.i_dm_csrs._3330_/Q -> i_soc.i_qspi._18660_/D : -1.428592
[setup reg-reg] i_soc.i_dm_top.i_dm_csrs._3330_/Q -> i_soc.i_qspi._17020_/D : -1.427605
[setup reg-reg] i_soc.i_dm_top.i_dm_csrs._3330_/Q -> i_soc.i_qspi._18676_/D : -1.425958
[setup reg-reg] i_soc.i_dm_top.i_dm_csrs._3330_/Q -> i_soc.i_qspi._18375_/D : -1.425565
[setup reg-reg] i_soc.i_ai_accel._23120_/Q -> i_soc.i_ai_accel._23364_/D : -1.425493
[setup reg-reg] i_soc.i_dm_top.i_dm_csrs._3330_/Q -> i_soc.i_qspi._18377_/D : -1.424088
[setup reg-reg] i_soc.i_dm_top.i_dm_csrs._3330_/Q -> i_soc.i_qspi._19008_/D : -1.423775
[setup reg-reg] i_soc.i_dm_top.i_dm_csrs._3330_/Q -> i_soc.i_qspi._19024_/D : -1.421670
[setup reg-reg] i_soc.i_dm_top.i_dm_csrs._3330_/Q -> i_soc.i_qspi._18372_/D : -1.421181
[setup reg-reg] i_soc.i_dm_top.i_dm_csrs._3330_/Q -> i_soc.i_qspi._19005_/D : -1.420206
[setup reg-reg] i_soc.i_cpu.core_i.id_stage_i._3721_/Q -> i_soc.i_cpu.core_i.cs_registers_i._4285_/D : -1.420132
[setup reg-reg] i_soc.i_dm_top.i_dm_csrs._3330_/Q -> i_soc.i_qspi._18663_/D : -1.418629
[setup reg-reg] i_soc.i_dm_top.i_dm_csrs._3330_/Q -> i_soc.i_qspi._18696_/D : -1.417906
[setup reg-reg] i_soc.i_dm_top.i_dm_csrs._3330_/Q -> i_soc.i_qspi._19015_/D : -1.415877
[setup reg-reg] i_soc.i_dm_top.i_dm_csrs._3330_/Q -> i_soc.i_qspi._18666_/D : -1.415506
[setup reg-reg] i_soc.i_cpu.core_i.id_stage_i._3721_/Q -> i_soc.i_cpu.core_i.cs_registers_i._4289_/D : -1.414996
[setup reg-reg] i_soc.i_dm_top.i_dm_csrs._3330_/Q -> i_soc.i_qspi._17372_/D : -1.414005
[setup reg-reg] i_soc.i_dm_top.i_dm_csrs._3330_/Q -> i_soc.i_qspi._19007_/D : -1.411921
[setup reg-reg] i_soc.i_dm_top.i_dm_csrs._3330_/Q -> i_soc.i_qspi._17848_/D : -1.411904
[setup reg-reg] i_soc.i_dm_top.i_dm_csrs._3330_/Q -> i_soc.i_qspi._18994_/D : -1.411086
[setup reg-reg] i_soc.i_dm_top.i_dm_csrs._3330_/Q -> i_soc.i_qspi._17862_/D : -1.410042
[setup reg-reg] i_soc.i_dm_top.i_dm_csrs._3330_/Q -> i_soc.i_qspi._19023_/D : -1.408717
[setup reg-reg] i_soc.i_dm_top.i_dm_csrs._3330_/Q -> i_soc.i_qspi._18995_/D : -1.407020
[setup reg-reg] i_soc.i_dm_top.i_dm_csrs._3330_/Q -> i_soc.i_qspi._19002_/D : -1.405082
[setup reg-reg] i_soc.i_dm_top.i_dm_csrs._3330_/Q -> i_soc.i_qspi._19010_/D : -1.403784
[setup reg-reg] i_soc.i_dm_top.i_dm_csrs._3330_/Q -> i_soc.i_qspi._18993_/D : -1.402038
[setup reg-reg] i_soc.i_dm_top.i_dm_csrs._3330_/Q -> i_soc.i_qspi._19021_/D : -1.400974
[setup reg-reg] i_soc.i_cpu.core_i.id_stage_i._3711_/Q -> i_soc.i_instr_sram.u_sram.gen_bank[1].gen_512.u_macro/addr1[4] : -1.397460
[setup reg-reg] i_soc.i_dm_top.i_dm_csrs._3330_/Q -> i_soc.i_qspi._18694_/D : -1.396860
[setup reg-reg] i_soc.i_dm_top.i_dm_csrs._3330_/Q -> i_soc.i_qspi._18671_/D : -1.394746
[setup reg-reg] i_soc.i_dm_top.i_dm_csrs._3330_/Q -> i_soc.i_qspi._18383_/D : -1.391912
[setup reg-reg] i_soc.i_dm_top.i_dm_csrs._3330_/Q -> i_soc.i_qspi._18998_/D : -1.388063
[setup reg-reg] i_soc.i_dm_top.i_dm_csrs._3330_/Q -> i_soc.i_qspi._18686_/D : -1.387681
[setup reg-reg] i_soc.i_dm_top.i_dm_csrs._3330_/Q -> i_soc.i_qspi._18664_/D : -1.379874
[setup reg-reg] i_soc.i_cpu.core_i.id_stage_i._3778_/Q -> i_soc.i_cpu.core_i.ex_stage_i.alu_i.alu_div_i._1487_/D : -1.375046
[setup reg-reg] i_soc.i_dm_top.i_dm_csrs._3330_/Q -> i_soc.i_qspi._18700_/D : -1.374170
[setup reg-reg] i_soc.i_dm_top.i_dm_csrs._3330_/Q -> i_soc.i_qspi._17578_/D : -1.369498
[setup reg-reg] i_soc.i_dm_top.i_dm_csrs._3330_/Q -> i_soc.i_qspi._17361_/D : -1.368779
[setup reg-reg] i_soc.i_dm_top.i_dm_csrs._3330_/Q -> i_soc.i_qspi._18680_/D : -1.365578
[setup reg-reg] i_soc.i_dm_top.i_dm_csrs._3330_/Q -> i_soc.i_qspi._18644_/D : -1.363947
[setup reg-reg] i_soc.i_dm_top.i_dm_csrs._3330_/Q -> i_soc.i_qspi._17366_/D : -1.361791
[setup reg-reg] i_soc.i_cpu.core_i.id_stage_i._3721_/Q -> i_soc.i_cpu.core_i.id_stage_i._3783_/D : -1.361467
[setup reg-reg] i_soc.i_cpu.core_i.id_stage_i._3802_/Q -> i_soc.i_cpu.core_i.ex_stage_i.alu_i.alu_div_i._1516_/D : -1.352420
[setup reg-reg] i_soc.i_dm_top.i_dm_csrs._3330_/Q -> i_soc.i_qspi._18381_/D : -1.339808
[setup reg-reg] i_soc.i_dm_top.i_dm_csrs._3330_/Q -> i_soc.i_qspi._17816_/D : -1.339439
[setup reg-reg] i_soc.i_dm_top.i_dm_csrs._3330_/Q -> i_soc.i_qspi._17822_/D : -1.338536
[setup reg-reg] i_soc.i_dm_top.i_dm_csrs._3330_/Q -> i_soc.i_qspi._17847_/D : -1.333467
[setup reg-reg] i_soc.i_dm_top.i_dm_csrs._3330_/Q -> i_soc.i_qspi._18382_/D : -1.333318
[setup reg-reg] i_soc.i_dm_top.i_dm_csrs._3330_/Q -> i_soc.i_qspi._17866_/D : -1.332225
[setup reg-reg] i_soc.i_dm_top.i_dm_csrs._3330_/Q -> i_soc.i_qspi._17572_/D : -1.330831
[setup reg-reg] i_soc.i_dm_top.i_dm_csrs._3330_/Q -> i_soc.i_qspi._18353_/D : -1.330591
[setup reg-reg] i_soc.i_dm_top.i_dm_csrs._3330_/Q -> i_soc.i_qspi._18357_/D : -1.329230
[setup reg-reg] i_soc.i_dm_top.i_dm_csrs._3330_/Q -> i_soc.i_qspi._17859_/D : -1.322304
[setup reg-reg] i_soc.i_cpu.core_i.id_stage_i._3721_/Q -> i_soc.i_cpu.core_i.id_stage_i._4047_/D : -1.319824
[setup reg-reg] i_soc.i_dm_top.i_dm_csrs._3330_/Q -> i_soc.i_qspi._17830_/D : -1.319297
[setup reg-reg] i_soc.i_dm_top.i_dm_csrs._3330_/Q -> i_soc.i_qspi._18369_/D : -1.319254
[setup reg-reg] i_soc.i_dm_top.i_dm_csrs._3330_/Q -> i_soc.i_qspi._19029_/D : -1.317130
[setup reg-reg] i_soc.i_dm_top.i_dm_csrs._3330_/Q -> i_soc.i_qspi._18379_/D : -1.316957
[setup reg-reg] i_soc.i_dm_top.i_dm_csrs._3330_/Q -> i_soc.i_qspi._18363_/D : -1.315723
[setup reg-reg] i_soc.i_dm_top.i_dm_csrs._3330_/Q -> i_soc.i_qspi._18667_/D : -1.315110
[setup reg-reg] i_soc.i_dm_top.i_dm_csrs._3330_/Q -> i_soc.i_qspi._18373_/D : -1.315085
[setup reg-reg] i_soc.i_dm_top.i_dm_csrs._3330_/Q -> i_soc.i_qspi._18368_/D : -1.314872
[setup reg-reg] i_soc.i_cpu.core_i.id_stage_i._3721_/Q -> i_soc.i_cpu.core_i.id_stage_i._4050_/D : -1.312939
[setup reg-reg] i_soc.i_dm_top.i_dm_csrs._3330_/Q -> i_soc.i_qspi._18657_/D : -1.312392
[setup reg-reg] i_soc.i_dm_top.i_dm_csrs._3330_/Q -> i_soc.i_qspi._18651_/D : -1.305118
[setup reg-reg] i_soc.i_dm_top.i_dm_csrs._3330_/Q -> i_soc.i_qspi._18110_/D : -1.301260
[setup reg-reg] i_soc.i_dm_top.i_dm_csrs._3330_/Q -> i_soc.i_qspi._17811_/D : -1.300704
[setup reg-reg] i_soc.i_dm_top.i_dm_csrs._3330_/Q -> i_soc.i_qspi._18661_/D : -1.299005
[setup reg-reg] i_soc.i_dm_top.i_dm_csrs._3330_/Q -> i_soc.i_qspi._18669_/D : -1.297693
[setup reg-reg] i_soc.i_dm_top.i_dm_csrs._3330_/Q -> i_soc.i_qspi._18665_/D : -1.294374
[setup reg-reg] i_soc.i_dm_top.i_dm_csrs._3330_/Q -> i_soc.i_qspi._17014_/D : -1.294231
[setup reg-reg] i_soc.i_dm_top.i_dm_csrs._3330_/Q -> i_soc.i_qspi._18997_/D : -1.289967
[setup reg-reg] i_soc.i_dm_top.i_dm_csrs._3330_/Q -> i_soc.i_qspi._18142_/D : -1.286860
[setup reg-reg] i_soc.i_dm_top.i_dm_csrs._3330_/Q -> i_soc.i_qspi._18118_/D : -1.280025
[setup reg-reg] i_soc.i_dm_top.i_dm_csrs._3330_/Q -> i_soc.i_qspi._18099_/D : -1.273929
[setup reg-reg] i_soc.i_dm_top.i_dm_csrs._3330_/Q -> i_soc.i_qspi._17546_/D : -1.271857
[setup reg-out] i_soc.i_qspi._21291_/Q -> qspi_io_o[0] : -1.261076
[setup reg-reg] i_soc.i_dm_top.i_dm_csrs._3330_/Q -> i_soc.i_qspi._18150_/D : -1.258608
[setup reg-reg] i_soc.i_dm_top.i_dm_csrs._3330_/Q -> i_soc.i_qspi._18402_/D : -1.257632
[setup reg-reg] i_soc.i_dm_top.i_dm_csrs._3330_/Q -> i_soc.i_qspi._18391_/D : -1.254838
[setup reg-reg] i_soc.i_dm_top.i_dm_csrs._3330_/Q -> i_soc.i_qspi._18393_/D : -1.254028
[setup reg-reg] i_soc.i_dm_top.i_dm_csrs._3330_/Q -> i_soc.i_qspi._18396_/D : -1.248713
[setup reg-reg] i_soc.i_dm_top.i_dm_csrs._3330_/Q -> i_soc.i_qspi._18412_/D : -1.247596
[setup reg-reg] i_soc.i_dm_top.i_dm_csrs._3330_/Q -> i_soc.i_qspi._18131_/D : -1.244951
[setup reg-reg] i_soc.i_dm_top.i_dm_csrs._3330_/Q -> i_soc.i_qspi._17540_/D : -1.233319
[setup reg-reg] i_soc.i_dm_top.i_dm_csrs._3330_/Q -> i_soc.i_qspi._17849_/D : -1.232845
[setup reg-reg] i_soc.i_ai_accel._23120_/Q -> i_soc.i_ai_accel._23363_/D : -1.229925
[setup reg-reg] i_soc.i_dm_top.i_dm_csrs._3330_/Q -> i_soc.i_qspi._17841_/D : -1.221718
[setup reg-reg] i_soc.i_dm_top.i_dm_csrs._3330_/Q -> i_soc.i_qspi._18703_/D : -1.218337
[setup reg-reg] i_soc.i_dm_top.i_dm_csrs._3330_/Q -> i_soc.i_qspi._17523_/D : -1.218075
[setup reg-reg] i_soc.i_dm_top.i_dm_csrs._3330_/Q -> i_soc.i_qspi._18677_/D : -1.215371
[setup reg-reg] i_soc.i_instr_sram.u_sram.gen_bank[3].gen_512.u_macro/dout1[8] -> i_soc.i_cpu.core_i.if_stage_i.prefetch_buffer_i.fifo_i._218_/D : -1.215197
[setup reg-reg] i_soc.i_dm_top.i_dm_csrs._3330_/Q -> i_soc.i_qspi._17854_/D : -1.208784
[setup reg-reg] i_soc.i_dm_top.i_dm_csrs._3330_/Q -> i_soc.i_qspi._17542_/D : -1.208708
[setup reg-reg] i_soc.i_cpu.core_i.id_stage_i._3778_/Q -> i_soc.i_cpu.core_i.ex_stage_i.alu_i.alu_div_i._1486_/D : -1.202606
[setup reg-reg] i_soc.i_dm_top.i_dm_csrs._3330_/Q -> i_soc.i_qspi._17528_/D : -1.200437
[setup reg-reg] i_soc.i_dm_top.i_dm_csrs._3330_/Q -> i_soc.i_qspi._17852_/D : -1.200395
[setup reg-reg] i_soc.i_cpu.core_i.id_stage_i._3721_/Q -> i_soc.i_cpu.core_i.cs_registers_i._4304_/D : -1.197641
[setup reg-reg] i_soc.i_cpu.core_i.id_stage_i._3721_/Q -> i_soc.i_cpu.core_i.cs_registers_i._4303_/D : -1.196632
[setup reg-reg] i_soc.i_cpu.core_i.id_stage_i._3721_/Q -> i_soc.i_cpu.core_i.cs_registers_i._4306_/D : -1.196620
[setup reg-out] i_soc.i_qspi._21292_/Q -> qspi_io_o[1] : -1.196375
[setup reg-reg] i_soc.i_dm_top.i_dm_csrs._3330_/Q -> i_soc.i_qspi._18415_/D : -1.195227
[setup reg-reg] i_soc.i_cpu.core_i.id_stage_i._3778_/Q -> i_soc.i_cpu.core_i.ex_stage_i.alu_i.alu_div_i._1484_/D : -1.191543
[setup reg-reg] i_soc.i_dm_top.i_dm_csrs._3330_/Q -> i_soc.i_qspi._18392_/D : -1.191237
[setup reg-reg] i_soc.i_cpu.core_i.id_stage_i._3721_/Q -> i_soc.i_cpu.core_i.cs_registers_i._4305_/D : -1.190198
[setup reg-reg] i_soc.i_dm_top.i_dm_csrs._3330_/Q -> i_soc.i_qspi._18388_/D : -1.188859
[setup reg-reg] i_soc.i_dm_top.i_dm_csrs._3330_/Q -> i_soc.i_qspi._19054_/D : -1.183990
[setup reg-reg] i_soc.i_cpu.core_i.id_stage_i._3721_/Q -> i_soc.i_cpu.core_i.cs_registers_i._4273_/D : -1.180226
[setup reg-reg] i_soc.i_dm_top.i_dm_csrs._3330_/Q -> i_soc.i_qspi._18107_/D : -1.179954
[setup reg-reg] i_soc.i_cpu.core_i.id_stage_i._3721_/Q -> i_soc.i_cpu.core_i.cs_registers_i._4278_/D : -1.179695
[setup reg-reg] i_soc.i_cpu.core_i.id_stage_i._3721_/Q -> i_soc.i_cpu.core_i.cs_registers_i._4275_/D : -1.177275
[setup reg-reg] i_soc.i_cpu.core_i.id_stage_i._3721_/Q -> i_soc.i_cpu.core_i.cs_registers_i._4282_/D : -1.176936
[setup reg-reg] i_soc.i_dm_top.i_dm_csrs._3330_/Q -> i_soc.i_qspi._18645_/D : -1.174966
[setup reg-reg] i_soc.i_cpu.core_i.id_stage_i._3721_/Q -> i_soc.i_cpu.core_i.cs_registers_i._4279_/D : -1.174923
[setup reg-reg] i_soc.i_dm_top.i_dm_csrs._3330_/Q -> i_soc.i_qspi._18112_/D : -1.169969
[setup reg-reg] i_soc.i_dm_top.i_dm_csrs._3330_/Q -> i_soc.i_qspi._18121_/D : -1.168838
[setup reg-reg] i_soc.i_dm_top.i_dm_csrs._3330_/Q -> i_soc.i_qspi._18390_/D : -1.168010
[setup reg-reg] i_soc.i_dm_top.i_dm_csrs._3330_/Q -> i_soc.i_qspi._19048_/D : -1.162697
[setup reg-reg] i_soc.i_cpu.core_i.id_stage_i._3711_/Q -> i_soc.i_instr_sram.u_sram.gen_bank[3].gen_512.u_macro/addr1[2] : -1.161988
[setup reg-out] i_soc.i_uart_0.i_uart_tx._328_/Q -> uart_txd_o : -1.161133
[setup reg-reg] i_soc.i_dm_top.i_dm_csrs._3330_/Q -> i_soc.i_qspi._17584_/D : -1.159538
[setup reg-reg] i_soc.i_dm_top.i_dm_csrs._3330_/Q -> i_soc.i_qspi._19051_/D : -1.159451
[setup reg-reg] i_soc.i_dm_top.i_dm_csrs._3330_/Q -> i_soc.i_qspi._18139_/D : -1.159012
[setup reg-reg] i_soc.i_cpu.core_i.id_stage_i._3721_/Q -> i_soc.i_cpu.core_i.id_stage_i._4033_/D : -1.158588
[setup reg-reg] i_soc.i_dm_top.i_dm_csrs._3330_/Q -> i_soc.i_qspi._17567_/D : -1.156559
[setup reg-reg] i_soc.i_dm_top.i_dm_csrs._3330_/Q -> i_soc.i_qspi._17562_/D : -1.156007
[setup reg-reg] i_soc.i_dm_top.i_dm_csrs._3330_/Q -> i_soc.i_qspi._18144_/D : -1.154945
[setup reg-reg] i_soc.i_dm_top.i_dm_csrs._3330_/Q -> i_soc.i_qspi._17553_/D : -1.154703
[setup reg-reg] i_soc.i_dm_top.i_dm_csrs._3330_/Q -> i_soc.i_qspi._17565_/D : -1.151916
[setup reg-reg] i_soc.i_dm_top.i_dm_csrs._3330_/Q -> i_soc.i_qspi._18153_/D : -1.150147
[setup reg-reg] i_soc.i_dm_top.i_dm_csrs._3330_/Q -> i_soc.i_qspi._17554_/D : -1.144594
[setup reg-reg] i_soc.i_dm_top.i_dm_csrs._3330_/Q -> i_soc.i_qspi._17813_/D : -1.143160
[setup reg-reg] i_soc.i_dm_top.i_dm_csrs._3330_/Q -> i_soc.i_qspi._17809_/D : -1.138663
[setup reg-reg] i_soc.i_dm_top.i_dm_csrs._3330_/Q -> i_soc.i_qspi._18406_/D : -1.134106
[setup reg-reg] i_soc.i_dm_top.i_dm_csrs._3330_/Q -> i_soc.i_qspi._18387_/D : -1.133920
[setup reg-reg] i_soc.i_dm_top.i_dm_csrs._3330_/Q -> i_soc.i_qspi._18125_/D : -1.133294
[setup reg-reg] i_soc.i_dm_top.i_dm_csrs._3330_/Q -> i_soc.i_qspi._17820_/D : -1.130283
[setup reg-reg] i_soc.i_dm_top.i_dm_csrs._3330_/Q -> i_soc.i_qspi._17836_/D : -1.129310
[setup reg-reg] i_soc.i_dm_top.i_dm_csrs._3330_/Q -> i_soc.i_qspi._18398_/D : -1.129006
[setup reg-reg] i_soc.i_dm_top.i_dm_csrs._3330_/Q -> i_soc.i_qspi._18408_/D : -1.128065
[setup reg-reg] i_soc.i_dm_top.i_dm_csrs._3330_/Q -> i_soc.i_qspi._17838_/D : -1.127800
[setup reg-reg] i_soc.i_dm_top.i_dm_csrs._3330_/Q -> i_soc.i_qspi._19039_/D : -1.121711
[setup reg-reg] i_soc.i_dm_top.i_dm_csrs._3330_/Q -> i_soc.i_qspi._19040_/D : -1.121490
[setup reg-reg] i_soc.i_dm_top.i_dm_csrs._3330_/Q -> i_soc.i_qspi._18120_/D : -1.120004
[setup reg-reg] i_soc.i_cpu.core_i.id_stage_i._3721_/Q -> i_soc.i_cpu.core_i.id_stage_i._4034_/D : -1.115728
[setup reg-out] i_soc.i_qspi._21300_/Q -> qspi_cs_no : -1.115510
[setup reg-reg] i_soc.i_dm_top.i_dm_csrs._3330_/Q -> i_soc.i_qspi._19049_/D : -1.112994
[setup reg-reg] i_soc.i_dm_top.i_dm_csrs._3330_/Q -> i_soc.i_qspi._18158_/D : -1.112689
[setup reg-reg] i_soc.i_cpu.core_i.id_stage_i._3711_/Q -> i_soc.i_instr_sram.u_sram.gen_bank[1].gen_512.u_macro/addr1[8] : -1.111955
[setup reg-reg] i_soc.i_dm_top.i_dm_csrs._3330_/Q -> i_soc.i_qspi._19042_/D : -1.111667
[setup reg-reg] i_soc.i_dm_top.i_dm_csrs._3330_/Q -> i_soc.i_qspi._18152_/D : -1.111582
[setup reg-reg] i_soc.i_dm_top.i_dm_csrs._3330_/Q -> i_soc.i_qspi._19047_/D : -1.109719
[setup reg-reg] i_soc.i_dm_top.i_dm_csrs._3330_/Q -> i_soc.i_qspi._18156_/D : -1.105951
[setup reg-reg] i_soc.i_dm_top.i_dm_csrs._3330_/Q -> i_soc.i_qspi._19053_/D : -1.105834
[setup reg-reg] i_soc.i_dm_top.i_dm_csrs._3330_/Q -> i_soc.i_qspi._18124_/D : -1.104747
[setup reg-reg] i_soc.i_dm_top.i_dm_csrs._3330_/Q -> i_soc.i_qspi._18127_/D : -1.101551
[setup reg-reg] i_soc.i_dm_top.i_dm_csrs._3330_/Q -> i_soc.i_qspi._18126_/D : -1.101022
[setup reg-reg] i_soc.i_dm_top.i_dm_csrs._3330_/Q -> i_soc.i_qspi._18389_/D : -1.100439
[setup reg-reg] i_soc.i_dm_top.i_dm_csrs._3330_/Q -> i_soc.i_qspi._18157_/D : -1.099167
[setup reg-reg] i_soc.i_dm_top.i_dm_csrs._3330_/Q -> i_soc.i_qspi._19027_/D : -1.098561
[setup reg-reg] i_soc.i_cpu.core_i.id_stage_i._3721_/Q -> i_soc.i_cpu.core_i.id_stage_i._4032_/D : -1.098114
[setup reg-reg] i_soc.i_dm_top.i_dm_csrs._3330_/Q -> i_soc.i_qspi._19041_/D : -1.096419
[setup reg-out] i_soc.i_i2c._0981_/Q -> i2c_sda_oe_o : -1.094626
[setup reg-reg] i_soc.i_dm_top.i_dm_csrs._3330_/Q -> i_soc.i_qspi._18159_/D : -1.091127
[setup reg-reg] i_soc.i_cpu.core_i.id_stage_i._3711_/Q -> i_soc.i_instr_sram.u_sram.gen_bank[1].gen_512.u_macro/addr1[2] : -1.090855
[setup reg-out] i_soc.i_qspi._21294_/Q -> qspi_io_o[3] : -1.090362
[setup reg-reg] i_soc.i_cpu.core_i.id_stage_i._3711_/Q -> i_soc.i_instr_sram.u_sram.gen_bank[3].gen_512.u_macro/addr1[8] : -1.085947
[setup reg-reg] i_soc.i_dm_top.i_dm_csrs._3330_/Q -> i_soc.i_qspi._17581_/D : -1.085802
[setup reg-reg] i_soc.i_dm_top.i_dm_csrs._3330_/Q -> i_soc.i_qspi._18100_/D : -1.084747
[setup reg-reg] i_soc.i_cpu.core_i.id_stage_i._3721_/Q -> i_soc.i_cpu.core_i.cs_registers_i._4287_/D : -1.080212
[setup reg-reg] i_soc.i_cpu.core_i.id_stage_i._3721_/Q -> i_soc.i_cpu.core_i.cs_registers_i._4296_/D : -1.079147
[setup reg-reg] i_soc.i_dm_top.i_dm_csrs._3330_/Q -> i_soc.i_qspi._18132_/D : -1.076801
[setup reg-reg] i_soc.i_cpu.core_i.id_stage_i._3721_/Q -> i_soc.i_cpu.core_i.cs_registers_i._4291_/D : -1.071317
[setup reg-reg] i_soc.i_dm_top.i_dm_csrs._3330_/Q -> i_soc.i_qspi._17558_/D : -1.066814
[setup reg-reg] i_soc.i_cpu.core_i.id_stage_i._3721_/Q -> i_soc.i_cpu.core_i.cs_registers_i._4307_/D : -1.063723
[setup reg-reg] i_soc.i_dm_top.i_dm_csrs._3330_/Q -> i_soc.i_qspi._17842_/D : -1.062935
[setup reg-reg] i_soc.i_dm_top.i_dm_csrs._3330_/Q -> i_soc.i_qspi._17545_/D : -1.060341
[setup reg-reg] i_soc.i_dm_top.i_dm_csrs._3330_/Q -> i_soc.i_qspi._17278_/D : -1.059508
[setup reg-reg] i_soc.i_cpu.core_i.id_stage_i._3721_/Q -> i_soc.i_cpu.core_i.cs_registers_i._4283_/D : -1.058888
[setup reg-reg] i_soc.i_cpu.core_i.id_stage_i._3721_/Q -> i_soc.i_cpu.core_i.cs_registers_i._4281_/D : -1.058554
[setup reg-reg] i_soc.i_cpu.core_i.id_stage_i._3721_/Q -> i_soc.i_cpu.core_i.cs_registers_i._4284_/D : -1.058051
[setup reg-reg] i_soc.i_dm_top.i_dm_csrs._3330_/Q -> i_soc.i_qspi._17521_/D : -1.057089
[setup reg-reg] i_soc.i_cpu.core_i.id_stage_i._3711_/Q -> i_soc.i_cpu.core_i.if_stage_i.prefetch_buffer_i.fifo_i._241_/D : -1.055877
[setup reg-reg] i_soc.i_cpu.core_i.id_stage_i._3721_/Q -> i_soc.i_cpu.core_i.cs_registers_i._4286_/D : -1.054911
[setup reg-reg] i_soc.i_cpu.core_i.id_stage_i._3721_/Q -> i_soc.i_cpu.core_i.cs_registers_i._4298_/D : -1.051404
[setup reg-reg] i_soc.i_cpu.core_i.id_stage_i._3721_/Q -> i_soc.i_cpu.core_i.cs_registers_i._4270_/D : -1.050621
[setup reg-reg] i_soc.i_cpu.core_i.id_stage_i._3711_/Q -> i_soc.i_cpu.core_i.if_stage_i.prefetch_buffer_i.fifo_i._258_/D : -1.048477
[setup reg-reg] i_soc.i_dm_top.i_dm_csrs._3330_/Q -> i_soc.i_qspi._17272_/D : -1.047717
[setup reg-reg] i_soc.i_cpu.core_i.id_stage_i._3802_/Q -> i_soc.i_cpu.core_i.ex_stage_i.alu_i.alu_div_i._1500_/D : -1.046965
[setup reg-reg] i_soc.i_dm_top.i_dm_csrs._3330_/Q -> i_soc.i_qspi._18123_/D : -1.037504
[setup reg-reg] i_soc.i_cpu.core_i.id_stage_i._3802_/Q -> i_soc.i_cpu.core_i.ex_stage_i.alu_i.alu_div_i._1498_/D : -1.036742
[setup reg-reg] i_soc.i_instr_sram.u_sram.gen_bank[3].gen_512.u_macro/dout1[25] -> i_soc.i_cpu.core_i.if_stage_i.aligner_i._903_/D : -1.031307
[setup reg-reg] i_soc.i_dm_top.i_dm_csrs._3330_/Q -> i_soc.i_qspi._18361_/D : -1.029381
[setup reg-reg] i_soc.i_cpu.core_i.id_stage_i._3711_/Q -> i_soc.i_cpu.core_i.if_stage_i.prefetch_buffer_i.fifo_i._257_/D : -1.029028
[setup reg-reg] i_soc.i_cpu.core_i.id_stage_i._3802_/Q -> i_soc.i_cpu.core_i.ex_stage_i.alu_i.alu_div_i._1510_/D : -1.025917
[setup reg-reg] i_soc.i_dm_top.i_dm_csrs._3330_/Q -> i_soc.i_qspi._18364_/D : -1.023901
[setup reg-reg] i_soc.i_dm_top.i_dm_csrs._3330_/Q -> i_soc.i_qspi._18380_/D : -1.021556
[setup reg-reg] i_soc.i_dm_top.i_dm_csrs._3330_/Q -> i_soc.i_qspi._18359_/D : -1.021027
[setup reg-reg] i_soc.i_dm_top.i_dm_csrs._3330_/Q -> i_soc.i_qspi._18155_/D : -1.018057
[setup reg-reg] i_soc.i_cpu.core_i.id_stage_i._3721_/Q -> i_soc.i_cpu.core_i.cs_registers_i._4274_/D : -1.014989
[setup reg-reg] i_soc.i_instr_sram.u_sram.gen_bank[3].gen_512.u_macro/dout1[22] -> i_soc.i_cpu.core_i.if_stage_i.prefetch_buffer_i.fifo_i._232_/D : -1.011397
[setup reg-reg] i_soc.i_dm_top.i_dm_csrs._3330_/Q -> i_soc.i_qspi._17530_/D : -1.007249
[setup reg-out] i_soc.i_qspi._21293_/Q -> qspi_io_o[2] : -1.007173
[setup reg-reg] i_soc.i_dm_top.i_dm_csrs._3330_/Q -> i_soc.i_qspi._17368_/D : -1.003784
[setup reg-reg] i_soc.i_dm_top.i_dm_csrs._3330_/Q -> i_soc.i_qspi._17379_/D : -1.001487
[setup reg-reg] i_soc.i_dm_top.i_dm_csrs._3330_/Q -> i_soc.i_qspi._17536_/D : -1.000617
[setup reg-reg] i_soc.i_dm_top.i_dm_csrs._3330_/Q -> i_soc.i_qspi._19022_/D : -0.999387
[setup reg-reg] i_soc.i_dm_top.i_dm_csrs._3330_/Q -> i_soc.i_qspi._17538_/D : -0.998126
[setup reg-reg] i_soc.i_dm_top.i_dm_csrs._3330_/Q -> i_soc.i_qspi._17369_/D : -0.995243
[setup reg-reg] i_soc.i_cpu.core_i.id_stage_i._3721_/Q -> i_soc.i_cpu.core_i.cs_registers_i._4299_/D : -0.995069
[setup reg-reg] i_soc.i_cpu.core_i.id_stage_i._3721_/Q -> i_soc.i_ai_sram.u_sram.gen_bank[0].gen_512.u_macro/csb0 : -0.995065
[setup reg-reg] i_soc.i_cpu.core_i.id_stage_i._3711_/Q -> i_soc.i_cpu.core_i.if_stage_i.aligner_i._892_/D : -0.993609
[setup reg-reg] i_soc.i_dm_top.i_dm_csrs._3330_/Q -> i_soc.i_qspi._17367_/D : -0.993227
[setup reg-reg] i_soc.i_dm_top.i_dm_csrs._3330_/Q -> i_soc.i_qspi._17549_/D : -0.989504
[setup reg-reg] i_soc.i_dm_top.i_dm_csrs._3330_/Q -> i_soc.i_qspi._17374_/D : -0.988550
[setup reg-reg] i_soc.i_instr_sram.u_sram.gen_bank[3].gen_512.u_macro/dout1[16] -> i_soc.i_cpu.core_i.if_stage_i.aligner_i._894_/D : -0.988459
[setup reg-reg] i_soc.i_dm_top.i_dm_csrs._3330_/Q -> i_soc.i_qspi._17550_/D : -0.988317
[setup reg-reg] i_soc.i_dm_top.i_dm_csrs._3330_/Q -> i_soc.i_qspi._17381_/D : -0.988061
[setup reg-reg] i_soc.i_dm_top.i_dm_csrs._3330_/Q -> i_soc.i_qspi._17269_/D : -0.987210
[setup reg-reg] i_soc.i_dm_top.i_dm_csrs._3330_/Q -> i_soc.i_qspi._17551_/D : -0.986805
[setup reg-reg] i_soc.i_dm_top.i_dm_csrs._3330_/Q -> i_soc.i_qspi._17846_/D : -0.986169
[setup reg-reg] i_soc.i_cpu.core_i.id_stage_i._3711_/Q -> i_soc.i_cpu.core_i.if_stage_i.aligner_i._891_/D : -0.986120
[setup reg-reg] i_soc.i_dm_top.i_dm_csrs._3330_/Q -> i_soc.i_qspi._17240_/D : -0.985864
[setup reg-reg] i_soc.i_cpu.core_i.id_stage_i._3721_/Q -> i_soc.i_cpu.core_i.id_stage_i._3818_/D : -0.983940
[setup reg-reg] i_soc.i_cpu.core_i.id_stage_i._3711_/Q -> i_soc.i_cpu.core_i.if_stage_i.aligner_i._890_/D : -0.982183
[setup reg-reg] i_soc.i_dm_top.i_dm_csrs._3330_/Q -> i_soc.i_qspi._17268_/D : -0.982126
[setup reg-reg] i_soc.i_cpu.core_i.id_stage_i._3711_/Q -> i_soc.i_cpu.core_i.if_stage_i.aligner_i._889_/D : -0.981718
[setup reg-reg] i_soc.i_dm_top.i_dm_csrs._3330_/Q -> i_soc.i_qspi._17271_/D : -0.981533
[setup reg-reg] i_soc.i_dm_top.i_dm_csrs._3330_/Q -> i_soc.i_qspi._17246_/D : -0.981329
[setup reg-reg] i_soc.i_cpu.core_i.id_stage_i._3721_/Q -> i_soc.i_cpu.core_i.id_stage_i._3776_/D : -0.980709
[setup reg-reg] i_soc.i_cpu.core_i.id_stage_i._3721_/Q -> i_soc.i_cpu.core_i.id_stage_i._3819_/D : -0.980045
[setup reg-reg] i_soc.i_dm_top.i_dm_csrs._3330_/Q -> i_soc.i_qspi._19019_/D : -0.979414
[setup reg-reg] i_soc.i_dm_top.i_dm_csrs._3330_/Q -> i_soc.i_qspi._17526_/D : -0.976520
[setup reg-reg] i_soc.i_cpu.core_i.id_stage_i._3721_/Q -> i_soc.i_cpu.core_i.id_stage_i._3775_/D : -0.975158
[setup reg-reg] i_soc.i_cpu.core_i.id_stage_i._3721_/Q -> i_soc.i_cpu.core_i.id_stage_i._3820_/D : -0.974499
[setup reg-reg] i_soc.i_dm_top.i_dm_csrs._3330_/Q -> i_soc.i_qspi._18356_/D : -0.970918
[setup reg-reg] i_soc.i_instr_sram.u_sram.gen_bank[3].gen_512.u_macro/dout1[12] -> i_soc.i_cpu.core_i.if_stage_i.prefetch_buffer_i.fifo_i._222_/D : -0.970543
[setup reg-reg] i_soc.i_cpu.core_i.id_stage_i._3711_/Q -> i_soc.i_cpu.core_i.if_stage_i.aligner_i._887_/D : -0.969727
[setup reg-reg] i_soc.i_cpu.core_i.id_stage_i._3721_/Q -> i_soc.i_cpu.core_i.id_stage_i._3823_/D : -0.968919
[setup reg-reg] i_soc.i_dm_top.i_dm_csrs._3330_/Q -> i_soc.i_qspi._17244_/D : -0.964390
[setup reg-reg] i_soc.i_dm_top.i_dm_csrs._3330_/Q -> i_soc.i_qspi._17235_/D : -0.963834
[setup reg-reg] i_soc.i_dm_top.i_dm_csrs._3330_/Q -> i_soc.i_qspi._19050_/D : -0.963141
[setup reg-reg] i_soc.i_cpu.core_i.id_stage_i._3711_/Q -> i_soc.i_cpu.core_i.if_stage_i.aligner_i._886_/D : -0.958107
[setup reg-reg] i_soc.i_cpu.core_i.id_stage_i._3711_/Q -> i_soc.i_cpu.core_i.if_stage_i.aligner_i._882_/D : -0.957428
[setup reg-reg] i_soc.i_instr_sram.u_sram.gen_bank[3].gen_512.u_macro/dout1[19] -> i_soc.i_cpu.core_i.if_stage_i.prefetch_buffer_i.fifo_i._229_/D : -0.955696
[setup reg-reg] i_soc.i_ai_accel._23120_/Q -> i_soc.i_ai_accel._23361_/D : -0.954577
[setup reg-reg] i_soc.i_dm_top.i_dm_csrs._3330_/Q -> i_soc.i_qspi._17258_/D : -0.953037
[setup reg-reg] i_soc.i_dm_top.i_dm_csrs._3330_/Q -> i_soc.i_qspi._17027_/D : -0.952813
[setup reg-reg] i_soc.i_cpu.core_i.id_stage_i._3711_/Q -> i_soc.i_cpu.core_i.if_stage_i.aligner_i._883_/D : -0.952362
[setup reg-reg] i_soc.i_dm_top.i_dm_csrs._3330_/Q -> i_soc.i_qspi._17253_/D : -0.949367
[setup reg-reg] i_soc.i_dm_top.i_dm_csrs._3330_/Q -> i_soc.i_qspi._18360_/D : -0.947701
[setup reg-reg] i_soc.i_dm_top.i_dm_csrs._3330_/Q -> i_soc.i_qspi._17241_/D : -0.947631
[setup reg-reg] i_soc.i_dm_top.i_dm_csrs._3330_/Q -> i_soc.i_qspi._17022_/D : -0.947066
[setup reg-reg] i_soc.i_dm_top.i_dm_csrs._3330_/Q -> i_soc.i_qspi._17267_/D : -0.946706
[setup reg-reg] i_soc.i_dm_top.i_dm_csrs._3330_/Q -> i_soc.i_qspi._18358_/D : -0.946480
[setup reg-reg] i_soc.i_cpu.core_i.id_stage_i._3711_/Q -> i_soc.i_cpu.core_i.if_stage_i.prefetch_buffer_i.fifo_i._220_/D : -0.945146
[setup reg-reg] i_soc.i_cpu.core_i.id_stage_i._3711_/Q -> i_soc.i_cpu.core_i.if_stage_i.aligner_i._888_/D : -0.944910
[setup reg-reg] i_soc.i_dm_top.i_dm_csrs._3330_/Q -> i_soc.i_qspi._17260_/D : -0.943897
[setup reg-reg] i_soc.i_dm_top.i_dm_csrs._3330_/Q -> i_soc.i_qspi._17273_/D : -0.941698
[setup reg-reg] i_soc.i_dm_top.i_dm_csrs._3330_/Q -> i_soc.i_qspi._17843_/D : -0.940334
[setup reg-reg] i_soc.i_cpu.core_i.id_stage_i._3711_/Q -> i_soc.i_cpu.core_i.if_stage_i.prefetch_buffer_i.fifo_i._228_/D : -0.939902
[setup reg-reg] i_soc.i_dm_top.i_dm_csrs._3330_/Q -> i_soc.i_qspi._17290_/D : -0.938847
[setup reg-reg] i_soc.i_cpu.core_i.id_stage_i._3711_/Q -> i_soc.i_cpu.core_i.if_stage_i.prefetch_buffer_i.fifo_i._217_/D : -0.936886
[setup reg-reg] i_soc.i_dm_top.i_dm_csrs._3330_/Q -> i_soc.i_qspi._17292_/D : -0.935552
[setup reg-reg] i_soc.i_dm_top.i_dm_csrs._3330_/Q -> i_soc.i_qspi._17016_/D : -0.934584
[setup reg-reg] i_soc.i_dm_top.i_dm_csrs._3330_/Q -> i_soc.i_qspi._17853_/D : -0.933902
[setup reg-reg] i_soc.i_cpu.core_i.id_stage_i._3711_/Q -> i_soc.i_cpu.core_i.if_stage_i.prefetch_buffer_i.fifo_i._224_/D : -0.932708
[setup reg-reg] i_soc.i_dm_top.i_dm_csrs._3330_/Q -> i_soc.i_qspi._17017_/D : -0.927963
[setup reg-reg] i_soc.i_dm_top.i_dm_csrs._3330_/Q -> i_soc.i_qspi._17285_/D : -0.927054
[setup reg-reg] i_soc.i_dm_top.i_dm_csrs._3330_/Q -> i_soc.i_qspi._17276_/D : -0.924212
[setup reg-reg] i_soc.i_cpu.core_i.id_stage_i._3711_/Q -> i_soc.i_cpu.core_i.if_stage_i.prefetch_buffer_i.fifo_i._213_/D : -0.922753
[setup reg-reg] i_soc.i_dm_top.i_dm_csrs._3330_/Q -> i_soc.i_qspi._17015_/D : -0.921201
[setup reg-reg] i_soc.i_dm_top.i_dm_csrs._3330_/Q -> i_soc.i_qspi._17029_/D : -0.920220
[setup reg-reg] i_soc.i_dm_top.i_dm_csrs._3330_/Q -> i_soc.i_qspi._18355_/D : -0.914969
[setup reg-reg] i_soc.i_dm_top.i_dm_csrs._3330_/Q -> i_soc.i_qspi._19020_/D : -0.914458
[setup reg-reg] i_soc.i_dm_top.i_dm_csrs._3330_/Q -> i_soc.i_qspi._19016_/D : -0.914016
[setup reg-reg] i_soc.i_cpu.core_i.id_stage_i._3711_/Q -> i_soc.i_cpu.core_i.if_stage_i.prefetch_buffer_i.fifo_i._221_/D : -0.913946
[setup reg-reg] i_soc.i_cpu.core_i.id_stage_i._3711_/Q -> i_soc.i_cpu.core_i.if_stage_i.prefetch_buffer_i.fifo_i._237_/D : -0.913891
[setup reg-reg] i_soc.i_dm_top.i_dm_csrs._3330_/Q -> i_soc.i_qspi._17237_/D : -0.913820
[setup reg-reg] i_soc.i_ai_accel._23118_/Q -> i_soc.i_ai_accel._22899_/D : -0.913232
[setup reg-reg] i_soc.i_cpu.core_i.id_stage_i._3711_/Q -> i_soc.i_cpu.core_i.if_stage_i.prefetch_buffer_i.fifo_i._238_/D : -0.912836
[setup reg-reg] i_soc.i_dm_top.i_dm_csrs._3330_/Q -> i_soc.i_qspi._17236_/D : -0.912022
[setup reg-reg] i_soc.i_cpu.core_i.id_stage_i._3711_/Q -> i_soc.i_cpu.core_i.if_stage_i.aligner_i._885_/D : -0.911104
[setup reg-reg] i_soc.i_dm_top.i_dm_csrs._3330_/Q -> i_soc.i_qspi._17380_/D : -0.910827
[setup reg-reg] i_soc.i_dm_top.i_dm_csrs._3330_/Q -> i_soc.i_qspi._18366_/D : -0.910266
[setup reg-reg] i_soc.i_dm_top.i_dm_csrs._3330_/Q -> i_soc.i_qspi._18374_/D : -0.910266
[setup reg-reg] i_soc.i_cpu.core_i.id_stage_i._3711_/Q -> i_soc.i_cpu.core_i.if_stage_i.aligner_i._881_/D : -0.910189
[setup reg-reg] i_soc.i_dm_top.i_dm_csrs._3330_/Q -> i_soc.i_qspi._18376_/D : -0.908971
[setup reg-reg] i_soc.i_cpu.core_i.id_stage_i._3711_/Q -> i_soc.i_cpu.core_i.if_stage_i.aligner_i._884_/D : -0.908274
[setup reg-reg] i_soc.i_dm_top.i_dm_csrs._3330_/Q -> i_soc.i_qspi._19009_/D : -0.906939
[setup reg-reg] i_soc.i_cpu.core_i.id_stage_i._3778_/Q -> i_soc.i_cpu.core_i.ex_stage_i.alu_i.alu_div_i._1485_/D : -0.904448
[setup reg-reg] i_soc.i_dm_top.i_dm_csrs._3330_/Q -> i_soc.i_qspi._17286_/D : -0.903173
[setup reg-reg] i_soc.i_dm_top.i_dm_csrs._3330_/Q -> i_soc.i_qspi._17386_/D : -0.902773
[setup reg-reg] i_soc.i_dm_top.i_dm_csrs._3330_/Q -> i_soc.i_qspi._17239_/D : -0.901178
[setup reg-reg] i_soc.i_cpu.core_i.id_stage_i._3802_/Q -> i_soc.i_cpu.core_i.ex_stage_i.alu_i.alu_div_i._1518_/D : -0.900855
[setup reg-reg] i_soc.i_dm_top.i_dm_csrs._3330_/Q -> i_soc.i_qspi._17378_/D : -0.898835
[setup reg-reg] i_soc.i_dm_top.i_dm_csrs._3330_/Q -> i_soc.i_qspi._17288_/D : -0.897249
[setup reg-reg] i_soc.i_cpu.core_i.id_stage_i._3711_/Q -> i_soc.i_cpu.core_i.if_stage_i.prefetch_buffer_i.fifo_i._240_/D : -0.896518
[setup reg-reg] i_soc.i_dm_top.i_dm_csrs._3330_/Q -> i_soc.i_qspi._19017_/D : -0.896160
[setup reg-reg] i_soc.i_cpu.core_i.id_stage_i._3721_/Q -> i_soc.i_qspi._21269_/D : -0.894712
[setup reg-reg] i_soc.i_cpu.core_i.id_stage_i._3721_/Q -> i_soc.i_qspi._21266_/D : -0.890815
[setup reg-reg] i_soc.i_cpu.core_i.id_stage_i._3721_/Q -> i_soc.i_qspi._21277_/D : -0.886198
[setup reg-reg] i_soc.i_cpu.core_i.id_stage_i._3721_/Q -> i_soc.i_cpu.core_i.id_stage_i._3822_/D : -0.886065
[setup reg-reg] i_soc.i_cpu.core_i.id_stage_i._3721_/Q -> i_soc.i_cpu.core_i.id_stage_i._3821_/D : -0.882267
[setup reg-reg] i_soc.i_cpu.core_i.id_stage_i._3721_/Q -> i_soc.i_qspi._21265_/D : -0.879201
[setup reg-reg] i_soc.i_dm_top.i_dm_csrs._3330_/Q -> i_soc.i_qspi._17070_/D : -0.877437
[setup reg-reg] i_soc.i_cpu.core_i.id_stage_i._3721_/Q -> i_soc.i_cpu.core_i.id_stage_i.controller_i._512_/D : -0.876844
[setup reg-reg] i_soc.i_cpu.core_i.id_stage_i._3721_/Q -> i_soc.i_qspi._21271_/D : -0.876735
[setup reg-reg] i_soc.i_cpu.core_i.id_stage_i._3711_/Q -> i_soc.i_cpu.core_i.if_stage_i.prefetch_buffer_i.prefetch_controller_i._461_/D : -0.870431
[setup reg-reg] i_soc.i_cpu.core_i.id_stage_i._3721_/Q -> i_soc.i_cpu.core_i.id_stage_i._3815_/D : -0.868569
[setup reg-reg] i_soc.i_cpu.core_i.id_stage_i._3721_/Q -> i_soc.i_cpu.core_i.id_stage_i._3816_/D : -0.868010
[setup reg-reg] i_soc.i_cpu.core_i.id_stage_i._3721_/Q -> i_soc.i_qspi._21274_/D : -0.862924
[setup reg-reg] i_soc.i_dm_top.i_dm_csrs._3330_/Q -> i_soc.i_qspi._17067_/D : -0.857652
[setup reg-reg] i_soc.i_dm_top.i_dm_csrs._3330_/Q -> i_soc.i_qspi._17028_/D : -0.853557
[setup reg-reg] i_soc.i_dm_top.i_dm_csrs._3330_/Q -> i_soc.i_qspi._17045_/D : -0.852987
[setup reg-reg] i_soc.i_dm_top.i_dm_csrs._3330_/Q -> i_soc.i_qspi._17026_/D : -0.852374
[setup reg-reg] i_soc.i_dm_top.i_dm_csrs._3330_/Q -> i_soc.i_qspi._17044_/D : -0.851687
[setup reg-reg] i_soc.i_dm_top.i_dm_csrs._3330_/Q -> i_soc.i_qspi._17064_/D : -0.846384
[setup reg-reg] i_soc.i_dm_top.i_dm_csrs._3330_/Q -> i_soc.i_qspi._17068_/D : -0.844500
[setup reg-reg] i_soc.i_instr_sram.u_sram.gen_bank[3].gen_512.u_macro/dout1[23] -> i_soc.i_cpu.core_i.if_stage_i.aligner_i._901_/D : -0.843770
[setup reg-reg] i_soc.i_cpu.core_i.id_stage_i._3721_/Q -> i_soc.i_qspi._21252_/D : -0.842119
[setup reg-reg] i_soc.i_cpu.core_i.id_stage_i._3802_/Q -> i_soc.i_cpu.core_i.ex_stage_i.alu_i.alu_div_i._1507_/D : -0.840203
[setup reg-reg] i_soc.i_cpu.core_i.id_stage_i._3802_/Q -> i_soc.i_cpu.core_i.ex_stage_i.alu_i.alu_div_i._1503_/D : -0.839783
[setup reg-reg] i_soc.i_cpu.core_i.id_stage_i._3721_/Q -> i_soc.i_qspi._21267_/D : -0.839146
[setup reg-reg] i_soc.i_cpu.core_i.id_stage_i._3721_/Q -> i_soc.i_qspi._21261_/D : -0.836858
[setup reg-reg] i_soc.i_dm_top.i_dm_csrs._3330_/Q -> i_soc.i_qspi._17256_/D : -0.836373
[setup reg-reg] i_soc.i_dm_top.i_dm_csrs._3330_/Q -> i_soc.i_qspi._17034_/D : -0.836158
[setup reg-reg] i_soc.i_cpu.core_i.id_stage_i._3721_/Q -> i_soc.i_qspi._21273_/D : -0.835326
[setup reg-reg] i_soc.i_dm_top.i_dm_csrs._3330_/Q -> i_soc.i_qspi._17254_/D : -0.832767
[setup reg-reg] i_soc.i_ai_accel._23189_/Q -> i_soc.i_ai_accel._23226_/D : -0.826685
[setup reg-reg] i_soc.i_dm_top.i_dm_csrs._3330_/Q -> i_soc.i_qspi._17872_/D : -0.823702
[setup reg-reg] i_soc.i_dm_top.i_dm_csrs._3330_/Q -> i_soc.i_qspi._17871_/D : -0.822554
[setup reg-reg] i_soc.i_dm_top.i_dm_csrs._3330_/Q -> i_soc.i_qspi._17855_/D : -0.819560
[setup reg-reg] i_soc.i_dm_top.i_dm_csrs._3330_/Q -> i_soc.i_qspi._17056_/D : -0.818821
[setup reg-reg] i_soc.i_dm_top.i_dm_csrs._3330_/Q -> i_soc.i_qspi._17072_/D : -0.816119
[setup reg-reg] i_soc.i_dm_top.i_dm_csrs._3330_/Q -> i_soc.i_qspi._17850_/D : -0.815684
[setup reg-reg] i_soc.i_cpu.core_i.id_stage_i._3721_/Q -> i_soc.i_qspi._21256_/D : -0.813277
[setup reg-reg] i_soc.i_dm_top.i_dm_csrs._3330_/Q -> i_soc.i_qspi._17864_/D : -0.810982
[setup reg-reg] i_soc.i_dm_top.i_dm_csrs._3330_/Q -> i_soc.i_qspi._17247_/D : -0.808409
[setup reg-reg] i_soc.i_cpu.core_i.id_stage_i._3721_/Q -> i_soc.i_qspi._21248_/D : -0.806097
[setup reg-reg] i_soc.i_cpu.core_i.id_stage_i._3721_/Q -> i_soc.i_qspi._21250_/D : -0.804684
[setup reg-reg] i_soc.i_dm_top.i_dm_csrs._3330_/Q -> i_soc.i_qspi._17844_/D : -0.803837
[setup reg-reg] i_soc.i_dm_top.i_dm_csrs._3330_/Q -> i_soc.i_qspi._17160_/D : -0.800561
[setup reg-reg] i_soc.i_dm_top.i_dm_csrs._3330_/Q -> i_soc.i_qspi._18704_/D : -0.799226
[setup reg-reg] i_soc.i_dm_top.i_dm_csrs._3330_/Q -> i_soc.i_qspi._17242_/D : -0.798282
[setup reg-reg] i_soc.i_dm_top.i_dm_csrs._3330_/Q -> i_soc.i_qspi._17051_/D : -0.795435
[setup reg-reg] i_soc.i_dm_top.i_dm_csrs._3330_/Q -> i_soc.i_qspi._17821_/D : -0.795378
[setup reg-reg] i_soc.i_cpu.core_i.id_stage_i._3711_/Q -> i_soc.i_cpu.core_i.if_stage_i.aligner_i._908_/D : -0.793207
[setup reg-reg] i_soc.i_dm_top.i_dm_csrs._3330_/Q -> i_soc.i_qspi._18682_/D : -0.789385
[setup reg-reg] i_soc.i_dm_top.i_dm_csrs._3330_/Q -> i_soc.i_qspi._18685_/D : -0.789184
[setup reg-reg] i_soc.i_cpu.core_i.id_stage_i._3711_/Q -> i_soc.i_cpu.core_i.if_stage_i.aligner_i._909_/D : -0.787384
[setup reg-reg] i_soc.i_dm_top.i_dm_csrs._3330_/Q -> i_soc.i_qspi._17279_/D : -0.786825
[setup reg-reg] i_soc.i_cpu.core_i.id_stage_i._3711_/Q -> i_soc.i_cpu.core_i.if_stage_i.aligner_i._906_/D : -0.786811
[setup reg-reg] i_soc.i_dm_top.i_dm_csrs._3330_/Q -> i_soc.i_qspi._17245_/D : -0.784565
[setup reg-reg] i_soc.i_dm_top.i_dm_csrs._3330_/Q -> i_soc.i_qspi._18674_/D : -0.782769
[setup reg-reg] i_soc.i_dm_top.i_dm_csrs._3330_/Q -> i_soc.i_qspi._17061_/D : -0.782549
[setup reg-reg] i_soc.i_dm_top.i_dm_csrs._3330_/Q -> i_soc.i_qspi._17233_/D : -0.780615
[setup reg-reg] i_soc.i_dm_top.i_dm_csrs._3330_/Q -> i_soc.i_qspi._18655_/D : -0.779723
[setup reg-reg] i_soc.i_dm_top.i_dm_csrs._3330_/Q -> i_soc.i_qspi._18675_/D : -0.778615
[setup reg-reg] i_soc.i_cpu.core_i.id_stage_i._3721_/Q -> i_soc.i_qspi._21264_/D : -0.778197
[setup reg-reg] i_soc.i_dm_top.i_dm_csrs._3330_/Q -> i_soc.i_qspi._18678_/D : -0.778041
[setup reg-reg] i_soc.i_dm_top.i_dm_csrs._3330_/Q -> i_soc.i_qspi._17043_/D : -0.777103
[setup reg-reg] i_soc.i_dm_top.i_dm_csrs._3330_/Q -> i_soc.i_qspi._17141_/D : -0.775174
[setup reg-reg] i_soc.i_dm_top.i_dm_csrs._3330_/Q -> i_soc.i_qspi._17318_/D : -0.773651
[setup reg-reg] i_soc.i_dm_top.i_dm_csrs._3330_/Q -> i_soc.i_qspi._17152_/D : -0.773085
[setup reg-reg] i_soc.i_dm_top.i_dm_csrs._3330_/Q -> i_soc.i_qspi._18650_/D : -0.772182
[setup reg-reg] i_soc.i_dm_top.i_dm_csrs._3330_/Q -> i_soc.i_qspi._17166_/D : -0.772127
[setup reg-reg] i_soc.i_dm_top.i_dm_csrs._3330_/Q -> i_soc.i_qspi._17274_/D : -0.771822
[setup reg-reg] i_soc.i_dm_top.i_dm_csrs._3330_/Q -> i_soc.i_qspi._17277_/D : -0.771514
[setup reg-reg] i_soc.i_dm_top.i_dm_csrs._3330_/Q -> i_soc.i_qspi._18642_/D : -0.769429
[setup reg-reg] i_soc.i_dm_top.i_dm_csrs._3330_/Q -> i_soc.i_qspi._17350_/D : -0.769214
[setup reg-reg] i_soc.i_dm_top.i_dm_csrs._3330_/Q -> i_soc.i_qspi._17065_/D : -0.768939
[setup reg-reg] i_soc.i_dm_top.i_dm_csrs._3330_/Q -> i_soc.i_qspi._19018_/D : -0.768893
[setup reg-reg] i_soc.i_dm_top.i_dm_csrs._3330_/Q -> i_soc.i_qspi._17057_/D : -0.768857
[setup reg-reg] i_soc.i_cpu.core_i.id_stage_i._3721_/Q -> i_soc.i_ai_sram.u_sram.gen_bank[1].gen_512.u_macro/csb0 : -0.768704
[setup reg-reg] i_soc.i_dm_top.i_dm_csrs._3330_/Q -> i_soc.i_qspi._18672_/D : -0.768127
[setup reg-reg] i_soc.i_dm_top.i_dm_csrs._3330_/Q -> i_soc.i_qspi._17168_/D : -0.767884
[setup reg-reg] i_soc.i_dm_top.i_dm_csrs._3330_/Q -> i_soc.i_qspi._17283_/D : -0.767562
[setup reg-reg] i_soc.i_dm_top.i_dm_csrs._3330_/Q -> i_soc.i_qspi._17163_/D : -0.767532
[setup reg-reg] i_soc.i_dm_top.i_dm_csrs._3330_/Q -> i_soc.i_qspi._17060_/D : -0.767049
[setup reg-reg] i_soc.i_cpu.core_i.id_stage_i._3711_/Q -> i_soc.i_cpu.core_i.if_stage_i.aligner_i._896_/D : -0.766484
[setup reg-reg] i_soc.i_dm_top.i_dm_csrs._3330_/Q -> i_soc.i_qspi._17478_/D : -0.766164
[setup reg-reg] i_soc.i_dm_top.i_dm_csrs._3330_/Q -> i_soc.i_qspi._18646_/D : -0.765660
[setup reg-reg] i_soc.i_dm_top.i_dm_csrs._3330_/Q -> i_soc.i_qspi._17069_/D : -0.764935
[setup reg-reg] i_soc.i_dm_top.i_dm_csrs._3330_/Q -> i_soc.i_qspi._17275_/D : -0.763567
[setup reg-reg] i_soc.i_dm_top.i_dm_csrs._3330_/Q -> i_soc.i_qspi._17058_/D : -0.763221
[setup reg-reg] i_soc.i_dm_top.i_dm_csrs._3330_/Q -> i_soc.i_qspi._17265_/D : -0.762682
[setup reg-reg] i_soc.i_dm_top.i_dm_csrs._3330_/Q -> i_soc.i_qspi._18653_/D : -0.762208
[setup reg-reg] i_soc.i_cpu.core_i.id_stage_i._3721_/Q -> i_soc.i_qspi._21259_/D : -0.760480
[setup reg-reg] i_soc.i_dm_top.i_dm_csrs._3330_/Q -> i_soc.i_qspi._17055_/D : -0.760226
[setup reg-reg] i_soc.i_dm_top.i_dm_csrs._3330_/Q -> i_soc.i_qspi._17063_/D : -0.759165
[setup reg-reg] i_soc.i_dm_top.i_dm_csrs._3330_/Q -> i_soc.i_qspi._17266_/D : -0.758877
[setup reg-reg] i_soc.i_dm_top.i_dm_csrs._3330_/Q -> i_soc.i_qspi._17192_/D : -0.758670
[setup reg-reg] i_soc.i_dm_top.i_dm_csrs._3330_/Q -> i_soc.i_qspi._17059_/D : -0.756440
[setup reg-reg] i_soc.i_cpu.core_i.id_stage_i._3711_/Q -> i_soc.i_cpu.core_i.if_stage_i.aligner_i._905_/D : -0.755705
[setup reg-reg] i_soc.i_dm_top.i_dm_csrs._3330_/Q -> i_soc.i_qspi._18687_/D : -0.753783
[setup reg-reg] i_soc.i_qspi._21320_/Q -> i_soc.i_qspi._21286_/D : -0.753190
[setup reg-reg] i_soc.i_dm_top.i_dm_csrs._3330_/Q -> i_soc.i_qspi._17049_/D : -0.751134
[setup reg-reg] i_soc.i_dm_top.i_dm_csrs._3330_/Q -> i_soc.i_qspi._17289_/D : -0.750207
[setup reg-reg] i_soc.i_cpu.core_i.id_stage_i._3711_/Q -> i_soc.i_instr_sram.u_sram.gen_bank[3].gen_512.u_macro/addr1[1] : -0.749131
[setup reg-reg] i_soc.i_dm_top.i_dm_csrs._3330_/Q -> i_soc.i_qspi._17200_/D : -0.748850
[setup reg-reg] i_soc.i_dm_top.i_dm_csrs._3330_/Q -> i_soc.i_qspi._18106_/D : -0.748754
[setup reg-reg] i_soc.i_dm_top.i_dm_csrs._3330_/Q -> i_soc.i_qspi._17071_/D : -0.748548
[setup reg-reg] i_soc.i_dm_top.i_dm_csrs._3330_/Q -> i_soc.i_qspi._18109_/D : -0.746395
[setup reg-reg] i_soc.i_dm_top.i_dm_csrs._3330_/Q -> i_soc.i_qspi._17050_/D : -0.746242
[setup reg-reg] i_soc.i_dm_top.i_dm_csrs._3330_/Q -> i_soc.i_qspi._17178_/D : -0.745295
[setup reg-reg] i_soc.i_dm_top.i_dm_csrs._3330_/Q -> i_soc.i_qspi._17195_/D : -0.744890
[setup reg-reg] i_soc.i_dm_top.i_dm_csrs._3330_/Q -> i_soc.i_qspi._18098_/D : -0.744784
[setup reg-reg] i_soc.i_dm_top.i_dm_csrs._3330_/Q -> i_soc.i_qspi._18643_/D : -0.744668
[setup reg-reg] i_soc.i_dm_top.i_dm_csrs._3330_/Q -> i_soc.i_qspi._17184_/D : -0.741643
[setup reg-reg] i_soc.i_dm_top.i_dm_csrs._3330_/Q -> i_soc.i_qspi._17062_/D : -0.740467
[setup reg-reg] i_soc.i_dm_top.i_dm_csrs._3330_/Q -> i_soc.i_qspi._17252_/D : -0.739508
[setup reg-reg] i_soc.i_dm_top.i_dm_csrs._3330_/Q -> i_soc.i_qspi._17046_/D : -0.739028
[setup reg-reg] i_soc.i_dm_top.i_dm_csrs._3330_/Q -> i_soc.i_qspi._17042_/D : -0.737499
[setup reg-reg] i_soc.i_dm_top.i_dm_csrs._3330_/Q -> i_soc.i_qspi._17053_/D : -0.735827
[setup reg-reg] i_soc.i_dm_top.i_dm_csrs._3330_/Q -> i_soc.i_qspi._17249_/D : -0.734934
[setup reg-reg] i_soc.i_dm_top.i_dm_csrs._3330_/Q -> i_soc.i_qspi._17173_/D : -0.734767
[setup reg-reg] i_soc.i_dm_top.i_dm_csrs._3330_/Q -> i_soc.i_qspi._18141_/D : -0.734135
[setup reg-reg] i_soc.i_dm_top.i_dm_csrs._3330_/Q -> i_soc.i_qspi._17047_/D : -0.734023
[setup reg-reg] i_soc.i_dm_top.i_dm_csrs._3330_/Q -> i_soc.i_qspi._18130_/D : -0.732358
[setup reg-reg] i_soc.i_dm_top.i_dm_csrs._3330_/Q -> i_soc.i_qspi._17041_/D : -0.730712
[setup reg-reg] i_soc.i_dm_top.i_dm_csrs._3330_/Q -> i_soc.i_qspi._17054_/D : -0.730239
[setup reg-reg] i_soc.i_cpu.core_i.id_stage_i._3721_/Q -> i_soc.i_cpu.core_i.id_stage_i._4069_/D : -0.728875
[setup reg-reg] i_soc.i_dm_top.i_dm_csrs._3330_/Q -> i_soc.i_qspi._18138_/D : -0.726018
[setup reg-reg] i_soc.i_dm_top.i_dm_csrs._3330_/Q -> i_soc.i_qspi._17048_/D : -0.724478
[setup reg-reg] i_soc.i_dm_top.i_dm_csrs._3330_/Q -> i_soc.i_qspi._17261_/D : -0.721363
[setup reg-reg] i_soc.i_dm_top.i_dm_csrs._3330_/Q -> i_soc.i_qspi._17052_/D : -0.720963
[setup reg-reg] i_soc.i_dm_top.i_dm_csrs._3330_/Q -> i_soc.i_qspi._17284_/D : -0.720819
[setup reg-reg] i_soc.i_cpu.core_i.id_stage_i._3711_/Q -> i_soc.i_cpu.core_i.if_stage_i.prefetch_buffer_i.fifo_i._207_/D : -0.717973
[setup reg-reg] i_soc.i_ai_accel._23120_/Q -> i_soc.i_ai_accel._23362_/D : -0.717261
[setup reg-reg] i_soc.i_dm_top.i_dm_csrs._3330_/Q -> i_soc.i_qspi._17147_/D : -0.716906
[setup reg-reg] i_soc.i_dm_top.i_dm_csrs._3330_/Q -> i_soc.i_qspi._17259_/D : -0.715088
[setup reg-reg] i_soc.i_dm_top.i_dm_csrs._3330_/Q -> i_soc.i_qspi._17255_/D : -0.715030
[setup reg-reg] i_soc.i_dm_top.i_dm_csrs._3330_/Q -> i_soc.i_qspi._17140_/D : -0.713600
[setup reg-reg] i_soc.i_dm_top.i_dm_csrs._3330_/Q -> i_soc.i_qspi._17146_/D : -0.712886
[setup reg-reg] i_soc.i_qspi._21124_/Q -> i_soc.i_qspi._16989_/D : -0.709472
[setup reg-reg] i_soc.i_dm_top.i_dm_csrs._3330_/Q -> i_soc.i_qspi._17814_/D : -0.709367
[setup reg-reg] i_soc.i_dm_top.i_dm_csrs._3330_/Q -> i_soc.i_qspi._17281_/D : -0.708724
[setup reg-reg] i_soc.i_dm_top.i_dm_csrs._3330_/Q -> i_soc.i_qspi._17139_/D : -0.708681
[setup reg-reg] i_soc.i_dm_top.i_dm_csrs._3330_/Q -> i_soc.i_qspi._17234_/D : -0.707781
[setup reg-reg] i_soc.i_dm_top.i_dm_csrs._3330_/Q -> i_soc.i_qspi._17293_/D : -0.706867
[setup reg-reg] i_soc.i_cpu.core_i.id_stage_i._3721_/Q -> i_soc.i_cpu.core_i.id_stage_i._4068_/D : -0.705981
[setup reg-reg] i_soc.i_dm_top.i_dm_csrs._3330_/Q -> i_soc.i_qspi._17167_/D : -0.705564
[setup reg-reg] i_soc.i_dm_top.i_dm_csrs._3330_/Q -> i_soc.i_qspi._17251_/D : -0.704166
[setup reg-reg] i_soc.i_dm_top.i_dm_csrs._3330_/Q -> i_soc.i_qspi._17294_/D : -0.699785
[setup reg-reg] i_soc.i_cpu.core_i.id_stage_i._3711_/Q -> i_soc.i_instr_sram.u_sram.gen_bank[1].gen_512.u_macro/addr1[1] : -0.698702
[setup reg-reg] i_soc.i_dm_top.i_dm_csrs._3330_/Q -> i_soc.i_qspi._17151_/D : -0.697955
[setup reg-reg] i_soc.i_cpu.core_i.id_stage_i._3711_/Q -> i_soc.i_instr_sram.u_sram.gen_bank[3].gen_512.u_macro/addr1[0] : -0.697755
[setup reg-reg] i_soc.i_dm_top.i_dm_csrs._3330_/Q -> i_soc.i_qspi._17159_/D : -0.697247
[setup reg-reg] i_soc.i_dm_top.i_dm_csrs._3330_/Q -> i_soc.i_qspi._17149_/D : -0.696035
[setup reg-reg] i_soc.i_dm_top.i_dm_csrs._3330_/Q -> i_soc.i_qspi._17164_/D : -0.695083
[setup reg-reg] i_soc.i_cpu.core_i.id_stage_i._3721_/Q -> i_soc.i_qspi._21276_/D : -0.694683
[setup reg-reg] i_soc.i_dm_top.i_dm_csrs._3330_/Q -> i_soc.i_qspi._17161_/D : -0.694627
[setup reg-reg] i_soc.i_dm_top.i_dm_csrs._3330_/Q -> i_soc.i_qspi._17287_/D : -0.694135
[setup reg-reg] i_soc.i_dm_top.i_dm_csrs._3330_/Q -> i_soc.i_qspi._17138_/D : -0.693930
[setup reg-reg] i_soc.i_dm_top.i_dm_csrs._3330_/Q -> i_soc.i_qspi._17243_/D : -0.693483
[setup reg-reg] i_soc.i_dm_top.i_dm_csrs._3330_/Q -> i_soc.i_qspi._17291_/D : -0.692586
[setup reg-reg] i_soc.i_dm_top.i_dm_csrs._3330_/Q -> i_soc.i_qspi._17183_/D : -0.691719
[setup reg-reg] i_soc.i_dm_top.i_dm_csrs._3330_/Q -> i_soc.i_qspi._17840_/D : -0.690276
[setup reg-reg] i_soc.i_dm_top.i_dm_csrs._3330_/Q -> i_soc.i_qspi._17170_/D : -0.689070
[setup reg-reg] i_soc.i_dm_top.i_dm_csrs._3330_/Q -> i_soc.i_qspi._17165_/D : -0.687871
[setup reg-reg] i_soc.i_cpu.core_i.id_stage_i._3802_/Q -> i_soc.i_cpu.core_i.ex_stage_i.alu_i.alu_div_i._1522_/D : -0.687054
[setup reg-reg] i_soc.i_cpu.core_i.id_stage_i._3721_/Q -> i_soc.i_qspi._21270_/D : -0.686111
[setup reg-reg] i_soc.i_dm_top.i_dm_csrs._3330_/Q -> i_soc.i_qspi._19034_/D : -0.683901
[setup reg-reg] i_soc.i_dm_top.i_dm_csrs._3330_/Q -> i_soc.i_qspi._19026_/D : -0.683633
[setup reg-reg] i_soc.i_dm_top.i_dm_csrs._3330_/Q -> i_soc.i_qspi._17171_/D : -0.683510
[setup reg-reg] i_soc.i_dm_top.i_dm_csrs._3330_/Q -> i_soc.i_qspi._17812_/D : -0.682526
[setup reg-reg] i_soc.i_dm_top.i_dm_csrs._3330_/Q -> i_soc.i_qspi._17137_/D : -0.681181
[setup reg-reg] i_soc.i_dm_top.i_dm_csrs._3330_/Q -> i_soc.i_qspi._17191_/D : -0.680291
[setup reg-reg] i_soc.i_dm_top.i_dm_csrs._3330_/Q -> i_soc.i_qspi._17818_/D : -0.679442
[setup reg-reg] i_soc.i_dm_top.i_dm_csrs._3330_/Q -> i_soc.i_qspi._17196_/D : -0.679256
[setup reg-reg] i_soc.i_dm_top.i_dm_csrs._3330_/Q -> i_soc.i_qspi._19037_/D : -0.678705
[setup reg-reg] i_soc.i_dm_top.i_dm_csrs._3330_/Q -> i_soc.i_qspi._18102_/D : -0.677778
[setup reg-reg] i_soc.i_dm_top.i_dm_csrs._3330_/Q -> i_soc.i_qspi._17198_/D : -0.677520
[setup reg-reg] i_soc.i_dm_top.i_dm_csrs._3330_/Q -> i_soc.i_qspi._17155_/D : -0.677501
[setup reg-reg] i_soc.i_dm_top.i_dm_csrs._3330_/Q -> i_soc.i_qspi._19030_/D : -0.677046
[setup reg-reg] i_soc.i_dm_top.i_dm_csrs._3330_/Q -> i_soc.i_qspi._17190_/D : -0.676407
[setup reg-reg] i_soc.i_dm_top.i_dm_csrs._3330_/Q -> i_soc.i_qspi._17823_/D : -0.674618
[setup reg-reg] i_soc.i_dm_top.i_dm_csrs._3330_/Q -> i_soc.i_qspi._19056_/D : -0.673033
[setup reg-reg] i_soc.i_dm_top.i_dm_csrs._3330_/Q -> i_soc.i_qspi._17199_/D : -0.672680
[setup reg-reg] i_soc.i_cpu.core_i.id_stage_i._3721_/Q -> i_soc.i_qspi._21278_/D : -0.671944
[setup reg-reg] i_soc.i_dm_top.i_dm_csrs._3330_/Q -> i_soc.i_qspi._17295_/D : -0.671633
[setup reg-reg] i_soc.i_dm_top.i_dm_csrs._3330_/Q -> i_soc.i_qspi._19025_/D : -0.670708
[setup reg-reg] i_soc.i_dm_top.i_dm_csrs._3330_/Q -> i_soc.i_qspi._17839_/D : -0.670237
[setup reg-reg] i_soc.i_dm_top.i_dm_csrs._3330_/Q -> i_soc.i_qspi._17832_/D : -0.669976
[setup reg-reg] i_soc.i_dm_top.i_dm_csrs._3330_/Q -> i_soc.i_qspi._17148_/D : -0.667059
[setup reg-reg] i_soc.i_dm_top.i_dm_csrs._3330_/Q -> i_soc.i_qspi._17157_/D : -0.666860
[setup reg-reg] i_soc.i_dm_top.i_dm_csrs._3330_/Q -> i_soc.i_qspi._17172_/D : -0.666756
[setup reg-reg] i_soc.i_dm_top.i_dm_csrs._3330_/Q -> i_soc.i_qspi._17181_/D : -0.666670
[setup reg-reg] i_soc.i_dm_top.i_dm_csrs._3330_/Q -> i_soc.i_qspi._17179_/D : -0.666644
[setup reg-reg] i_soc.i_qspi._21124_/Q -> i_soc.i_qspi._16995_/D : -0.664704
[setup reg-reg] i_soc.i_dm_top.i_dm_csrs._3330_/Q -> i_soc.i_qspi._19055_/D : -0.664340
[setup reg-reg] i_soc.i_dm_top.i_dm_csrs._3330_/Q -> i_soc.i_qspi._17185_/D : -0.663375
[setup reg-reg] i_soc.i_dm_top.i_dm_csrs._3330_/Q -> i_soc.i_qspi._17446_/D : -0.662661
[setup reg-reg] i_soc.i_dm_top.i_dm_csrs._3330_/Q -> i_soc.i_qspi._17702_/D : -0.662572
[setup reg-reg] i_soc.i_dm_top.i_dm_csrs._3330_/Q -> i_soc.i_qspi._18134_/D : -0.661462
[setup reg-reg] i_soc.i_cpu.core_i.id_stage_i._3778_/Q -> i_soc.i_cpu.core_i.ex_stage_i.alu_i.alu_div_i._1483_/D : -0.661338
[setup reg-reg] i_soc.i_ai_accel._23118_/Q -> i_soc.i_ai_accel._22897_/D : -0.661123
[setup reg-reg] i_soc.i_dm_top.i_dm_csrs._3330_/Q -> i_soc.i_qspi._17169_/D : -0.660700
[setup reg-reg] i_soc.i_dm_top.i_dm_csrs._3330_/Q -> i_soc.i_qspi._17282_/D : -0.660100
[setup reg-reg] i_soc.i_dm_top.i_dm_csrs._3330_/Q -> i_soc.i_qspi._17186_/D : -0.660060
[setup reg-reg] i_soc.i_cpu.core_i.id_stage_i._3711_/Q -> i_soc.i_instr_sram.u_sram.gen_bank[1].gen_512.u_macro/addr1[0] : -0.659687
[setup reg-reg] i_soc.i_dm_top.i_dm_csrs._3330_/Q -> i_soc.i_qspi._17197_/D : -0.659663
[setup reg-reg] i_soc.i_dm_top.i_dm_csrs._3330_/Q -> i_soc.i_qspi._17810_/D : -0.658879
[setup reg-reg] i_soc.i_qspi._21124_/Q -> i_soc.i_qspi._16985_/D : -0.655763
[setup reg-reg] i_soc.i_dm_top.i_dm_csrs._3330_/Q -> i_soc.i_qspi._17280_/D : -0.654635
[setup reg-reg] i_soc.i_dm_top.i_dm_csrs._3330_/Q -> i_soc.i_qspi._17156_/D : -0.654612
[setup reg-reg] i_soc.i_dm_top.i_dm_csrs._3330_/Q -> i_soc.i_qspi._17414_/D : -0.654387
[setup reg-reg] i_soc.i_dm_top.i_dm_csrs._3330_/Q -> i_soc.i_qspi._17670_/D : -0.653772
[setup reg-reg] i_soc.i_dm_top.i_dm_csrs._3330_/Q -> i_soc.i_qspi._17193_/D : -0.653207
[setup reg-reg] i_soc.i_dm_top.i_dm_csrs._3330_/Q -> i_soc.i_qspi._17145_/D : -0.651944
[setup reg-reg] i_soc.i_dm_top.i_dm_csrs._3330_/Q -> i_soc.i_qspi._17333_/D : -0.649864
[setup reg-reg] i_soc.i_dm_top.i_dm_csrs._3330_/Q -> i_soc.i_qspi._17300_/D : -0.648518
[setup reg-reg] i_soc.i_dm_top.i_dm_csrs._3330_/Q -> i_soc.i_qspi._17143_/D : -0.647569
[setup reg-reg] i_soc.i_dm_top.i_dm_csrs._3330_/Q -> i_soc.i_qspi._17270_/D : -0.647304
[setup reg-reg] i_soc.i_dm_top.i_dm_csrs._3330_/Q -> i_soc.i_qspi._17158_/D : -0.645697
[setup reg-reg] i_soc.i_dm_top.i_dm_csrs._3330_/Q -> i_soc.i_qspi._17144_/D : -0.643546
[setup reg-reg] i_soc.i_dm_top.i_dm_csrs._3330_/Q -> i_soc.i_qspi._17150_/D : -0.641680
[setup reg-reg] i_soc.i_cpu.core_i.id_stage_i._3721_/Q -> i_soc.i_cpu.core_i.cs_registers_i._4271_/D : -0.636991
[setup reg-reg] i_soc.i_dm_top.i_dm_csrs._3330_/Q -> i_soc.i_qspi._17066_/D : -0.634907
[setup reg-reg] i_soc.i_dm_top.i_dm_csrs._3330_/Q -> i_soc.i_qspi._17174_/D : -0.633968
[setup reg-reg] i_soc.i_dm_top.i_dm_csrs._3330_/Q -> i_soc.i_qspi._17262_/D : -0.622755
[setup reg-reg] i_soc.i_cpu.core_i.id_stage_i._3721_/Q -> i_soc.i_cpu.core_i.id_stage_i._4071_/D : -0.620597
[setup reg-reg] i_soc.i_qspi._21124_/Q -> i_soc.i_qspi._17004_/D : -0.620586
[setup reg-reg] i_soc.i_dm_top.i_dm_csrs._3330_/Q -> i_soc.i_qspi._17335_/D : -0.620185
[setup reg-reg] i_soc.i_cpu.core_i.id_stage_i._3802_/Q -> i_soc.i_cpu.core_i.ex_stage_i.alu_i.alu_div_i._1524_/D : -0.618693
[setup reg-reg] i_soc.i_dm_top.i_dm_csrs._3330_/Q -> i_soc.i_qspi._17342_/D : -0.617851
[setup reg-reg] i_soc.i_dm_top.i_dm_csrs._3330_/Q -> i_soc.i_qspi._17189_/D : -0.616947
[setup reg-reg] i_soc.i_dm_top.i_dm_csrs._3330_/Q -> i_soc.i_qspi._17187_/D : -0.616454
[setup reg-reg] i_soc.i_dm_top.i_dm_csrs._3330_/Q -> i_soc.i_qspi._17177_/D : -0.614676
[setup reg-reg] i_soc.i_dm_top.i_dm_csrs._3330_/Q -> i_soc.i_qspi._17188_/D : -0.613747
[setup reg-reg] i_soc.i_dm_top.i_dm_csrs._3330_/Q -> i_soc.i_qspi._17248_/D : -0.610058
[setup reg-reg] i_soc.i_cpu.core_i.id_stage_i._3711_/Q -> i_soc.i_cpu.core_i.if_stage_i.aligner_i._873_/D : -0.609182
[setup reg-reg] i_soc.i_cpu.core_i.id_stage_i._3721_/Q -> i_soc.i_cpu.core_i.cs_registers_i._4235_/D : -0.607638
[setup reg-reg] i_soc.i_dm_top.i_dm_csrs._3330_/Q -> i_soc.i_qspi._17175_/D : -0.606285
[setup reg-reg] i_soc.i_qspi._21124_/Q -> i_soc.i_qspi._17006_/D : -0.604182
[setup reg-reg] i_soc.i_cpu.core_i.id_stage_i._3721_/Q -> i_soc.i_cpu.core_i.cs_registers_i._4276_/D : -0.603267
[setup reg-reg] i_soc.i_cpu.core_i.id_stage_i._3778_/Q -> i_soc.i_cpu.core_i.ex_stage_i.alu_i.alu_div_i._1482_/D : -0.603073
[setup reg-reg] i_soc.i_dm_top.i_dm_csrs._3330_/Q -> i_soc.i_qspi._17182_/D : -0.603059
[setup reg-reg] i_soc.i_dm_top.i_dm_csrs._3330_/Q -> i_soc.i_qspi._17257_/D : -0.602842
[setup reg-reg] i_soc.i_dm_top.i_dm_csrs._3330_/Q -> i_soc.i_qspi._17176_/D : -0.602249
[setup reg-reg] i_soc.i_cpu.core_i.id_stage_i._3721_/Q -> i_soc.i_cpu.core_i.cs_registers_i._4277_/D : -0.599762
[setup reg-reg] i_soc.i_cpu.core_i.id_stage_i._3711_/Q -> i_soc.i_cpu.core_i.if_stage_i.aligner_i._872_/D : -0.597273
[setup reg-reg] i_soc.i_cpu.core_i.id_stage_i._3711_/Q -> i_soc.i_cpu.core_i.if_stage_i.aligner_i._862_/D : -0.595977
[setup reg-reg] i_soc.i_cpu.core_i.id_stage_i._3721_/Q -> i_soc.i_qspi._21251_/D : -0.594575
[setup reg-reg] i_soc.i_dm_top.i_dm_csrs._3330_/Q -> i_soc.i_qspi._17322_/D : -0.593046
[setup reg-reg] i_soc.i_ai_accel._23118_/Q -> i_soc.i_ai_accel._22898_/D : -0.591708
[setup reg-reg] i_soc.i_dm_top.i_dm_csrs._3330_/Q -> i_soc.i_qspi._17250_/D : -0.590449
[setup reg-reg] i_soc.i_dm_top.i_dm_csrs._3330_/Q -> i_soc.i_qspi._17180_/D : -0.590401
[setup reg-reg] i_soc.i_dm_top.i_dm_csrs._3330_/Q -> i_soc.i_qspi._17263_/D : -0.587852
[setup reg-reg] i_soc.i_dm_top.i_dm_csrs._3330_/Q -> i_soc.i_qspi._18982_/D : -0.582787
[setup reg-reg] i_soc.i_dm_top.i_dm_csrs._3330_/Q -> i_soc.i_qspi._18128_/D : -0.582570
[setup reg-reg] i_soc.i_instr_sram.u_sram.gen_bank[3].gen_512.u_macro/dout1[13] -> i_soc.i_cpu.core_i.if_stage_i.prefetch_buffer_i.fifo_i._223_/D : -0.582441
[setup reg-reg] i_soc.i_dm_top.i_dm_csrs._3330_/Q -> i_soc.i_qspi._17238_/D : -0.581515
[setup reg-reg] i_soc.i_dm_top.i_dm_csrs._3330_/Q -> i_soc.i_qspi._17324_/D : -0.580545
[setup reg-reg] i_soc.i_qspi._21320_/Q -> i_soc.i_qspi._16987_/D : -0.580176
[setup reg-reg] i_soc.i_dm_top.i_dm_csrs._3330_/Q -> i_soc.i_qspi._17317_/D : -0.579734
[setup reg-reg] i_soc.i_cpu.core_i.id_stage_i._3721_/Q -> i_soc.i_qspi._21272_/D : -0.578975
[setup reg-reg] i_soc.i_dm_top.i_dm_csrs._3330_/Q -> i_soc.i_qspi._17464_/D : -0.578845
[setup reg-reg] i_soc.i_dm_top.i_dm_csrs._3330_/Q -> i_soc.i_qspi._17755_/D : -0.576794
[setup reg-reg] i_soc.i_dm_top.i_dm_csrs._3330_/Q -> i_soc.i_qspi._18111_/D : -0.573928
[setup reg-out] i_soc.i_uart_1.i_uart_tx._328_/Q -> uart1_txd_o : -0.573710
[setup reg-reg] i_soc.i_dm_top.i_dm_csrs._3330_/Q -> i_soc.i_qspi._18394_/D : -0.573220
[setup reg-reg] i_soc.i_dm_top.i_dm_csrs._3330_/Q -> i_soc.i_qspi._17305_/D : -0.573131
[setup reg-reg] i_soc.i_dm_top.i_dm_csrs._3330_/Q -> i_soc.i_qspi._17308_/D : -0.571115
[setup reg-reg] i_soc.i_dm_top.i_dm_csrs._3330_/Q -> i_soc.i_qspi._17349_/D : -0.569735
[setup reg-reg] i_soc.i_dm_top.i_dm_csrs._3330_/Q -> i_soc.i_qspi._18950_/D : -0.568935
[setup reg-reg] i_soc.i_dm_top.i_dm_csrs._3330_/Q -> i_soc.i_qspi._18399_/D : -0.568159
[setup reg-reg] i_soc.i_dm_top.i_dm_csrs._3330_/Q -> i_soc.i_qspi._18386_/D : -0.563125
[setup reg-reg] i_soc.i_dm_top.i_dm_csrs._3330_/Q -> i_soc.i_qspi._17142_/D : -0.562927
[setup reg-reg] i_soc.i_dm_top.i_dm_csrs._3330_/Q -> i_soc.i_qspi._18397_/D : -0.562501
[setup reg-reg] i_soc.i_dm_top.i_dm_csrs._3330_/Q -> i_soc.i_qspi._17154_/D : -0.560087
[setup reg-reg] i_soc.i_dm_top.i_dm_csrs._3330_/Q -> i_soc.i_qspi._17461_/D : -0.556421
[setup reg-reg] i_soc.i_dm_top.i_dm_csrs._3330_/Q -> i_soc.i_qspi._17162_/D : -0.555723
[setup reg-reg] i_soc.i_dm_top.i_dm_csrs._3330_/Q -> i_soc.i_qspi._18160_/D : -0.555248
[setup reg-reg] i_soc.i_dm_top.i_dm_csrs._3330_/Q -> i_soc.i_qspi._18143_/D : -0.554778
[setup reg-reg] i_soc.i_dm_top.i_dm_csrs._3330_/Q -> i_soc.i_qspi._17463_/D : -0.553817
[setup reg-reg] i_soc.i_dm_top.i_dm_csrs._3330_/Q -> i_soc.i_qspi._17153_/D : -0.553676
[setup reg-reg] i_soc.i_dm_top.i_dm_csrs._3330_/Q -> i_soc.i_qspi._17336_/D : -0.544219
[setup reg-reg] i_soc.i_dm_top.i_dm_csrs._3330_/Q -> i_soc.i_qspi._17352_/D : -0.543956
[setup reg-reg] i_soc.i_cpu.core_i.id_stage_i._3711_/Q -> i_soc.i_cpu.core_i.if_stage_i.aligner_i._880_/D : -0.543313
[setup reg-reg] i_soc.i_qspi._21320_/Q -> i_soc.i_qspi._17008_/D : -0.541418
[setup reg-reg] i_soc.i_cpu.core_i.id_stage_i._3711_/Q -> i_soc.i_cpu.core_i.if_stage_i.aligner_i._879_/D : -0.540760
[setup reg-reg] i_soc.i_dm_top.i_dm_csrs._3330_/Q -> i_soc.i_qspi._17460_/D : -0.540590
[setup reg-reg] i_soc.i_cpu.core_i.id_stage_i._3711_/Q -> i_soc.i_cpu.core_i.if_stage_i.aligner_i._875_/D : -0.538353
[setup reg-reg] i_soc.i_dm_top.i_dm_csrs._3330_/Q -> i_soc.i_qspi._17470_/D : -0.536481
[setup reg-reg] i_soc.i_qspi._21124_/Q -> i_soc.i_qspi._16996_/D : -0.534520
[setup reg-reg] i_soc.i_dm_top.i_dm_csrs._3330_/Q -> i_soc.i_qspi._17094_/D : -0.533666
[setup reg-reg] i_soc.i_cpu.core_i.id_stage_i._3721_/Q -> i_soc.i_qspi._21254_/D : -0.532461
[setup reg-reg] i_soc.i_dm_top.i_dm_csrs._3330_/Q -> i_soc.i_qspi._18573_/D : -0.527637
[setup reg-reg] i_soc.i_dm_top.i_dm_csrs._3330_/Q -> i_soc.i_qspi._18765_/D : -0.527292
[setup reg-reg] i_soc.i_cpu.core_i.id_stage_i._3711_/Q -> i_soc.i_cpu.core_i.if_stage_i.aligner_i._877_/D : -0.527185
[setup reg-reg] i_soc.i_cpu.core_i.id_stage_i._3802_/Q -> i_soc.i_cpu.core_i.ex_stage_i.alu_i.alu_div_i._1497_/D : -0.526223
[setup reg-reg] i_soc.i_cpu.core_i.id_stage_i._3711_/Q -> i_soc.i_cpu.core_i.if_stage_i.aligner_i._878_/D : -0.525187
[setup reg-reg] i_soc.i_dm_top.i_dm_csrs._3330_/Q -> i_soc.i_qspi._17766_/D : -0.525082
[setup reg-reg] i_soc.i_cpu.core_i.id_stage_i._3711_/Q -> i_soc.i_cpu.core_i.if_stage_i.aligner_i._876_/D : -0.525038
[setup reg-reg] i_soc.i_dm_top.i_dm_csrs._3330_/Q -> i_soc.i_qspi._17606_/D : -0.524864
[setup reg-reg] i_soc.i_dm_top.i_dm_csrs._3330_/Q -> i_soc.i_qspi._18829_/D : -0.524745
[setup reg-reg] i_soc.i_qspi._21124_/Q -> i_soc.i_qspi._21287_/D : -0.524530
[setup reg-reg] i_soc.i_dm_top.i_dm_csrs._3330_/Q -> i_soc.i_qspi._18605_/D : -0.522839
[setup reg-reg] i_soc.i_dm_top.i_dm_csrs._3330_/Q -> i_soc.i_qspi._17222_/D : -0.520275
[setup reg-reg] i_soc.i_cpu.core_i.id_stage_i._3721_/Q -> i_soc.i_qspi._21255_/D : -0.519844
[setup reg-reg] i_soc.i_dm_top.i_dm_csrs._3330_/Q -> i_soc.i_qspi._18733_/D : -0.519679
[setup reg-reg] i_soc.i_dm_top.i_dm_csrs._3330_/Q -> i_soc.i_qspi._18990_/D : -0.519428
[setup reg-reg] i_soc.i_dm_top.i_dm_csrs._3330_/Q -> i_soc.i_qspi._17751_/D : -0.517034
[setup reg-reg] i_soc.i_dm_top.i_dm_csrs._3330_/Q -> i_soc.i_qspi._17798_/D : -0.516424
[setup reg-reg] i_soc.i_dm_top.i_dm_csrs._3330_/Q -> i_soc.i_qspi._17126_/D : -0.515984
[setup reg-reg] i_soc.i_dm_top.i_dm_csrs._3330_/Q -> i_soc.i_qspi._18861_/D : -0.514961
[setup reg-reg] i_soc.i_dm_top.i_dm_csrs._3330_/Q -> i_soc.i_qspi._18541_/D : -0.512836
[setup reg-reg] i_soc.i_dm_top.i_dm_csrs._3330_/Q -> i_soc.i_qspi._18985_/D : -0.512610
[setup reg-reg] i_soc.i_dm_top.i_dm_csrs._3330_/Q -> i_soc.i_qspi._17194_/D : -0.512502
[setup reg-reg] i_soc.i_dm_top.i_dm_csrs._3330_/Q -> i_soc.i_qspi._17638_/D : -0.510727
[setup reg-reg] i_soc.i_dm_top.i_dm_csrs._3330_/Q -> i_soc.i_qspi._17749_/D : -0.508800
[setup reg-reg] i_soc.i_dm_top.i_dm_csrs._3330_/Q -> i_soc.i_qspi._18964_/D : -0.508431
[setup reg-reg] i_soc.i_dm_top.i_dm_csrs._3330_/Q -> i_soc.i_qspi._18086_/D : -0.508335
[setup reg-reg] i_soc.i_dm_top.i_dm_csrs._3330_/Q -> i_soc.i_qspi._18983_/D : -0.508294
[setup reg-reg] i_soc.i_dm_top.i_dm_csrs._3330_/Q -> i_soc.i_qspi._18438_/D : -0.508177
[setup reg-reg] i_soc.i_dm_top.i_dm_csrs._3330_/Q -> i_soc.i_qspi._17224_/D : -0.505242
[setup reg-reg] i_soc.i_dm_top.i_dm_csrs._3330_/Q -> i_soc.i_qspi._17734_/D : -0.505077
[setup reg-reg] i_soc.i_dm_top.i_dm_csrs._3330_/Q -> i_soc.i_qspi._18477_/D : -0.504738
[setup reg-reg] i_soc.i_dm_top.i_dm_csrs._3330_/Q -> i_soc.i_qspi._18509_/D : -0.504599
[setup reg-reg] i_soc.i_dm_top.i_dm_csrs._3330_/Q -> i_soc.i_qspi._18790_/D : -0.504594
[setup reg-reg] i_soc.i_qspi._21124_/Q -> i_soc.i_qspi._16993_/D : -0.504009
[setup reg-reg] i_soc.i_dm_top.i_dm_csrs._3330_/Q -> i_soc.i_qspi._18637_/D : -0.502716
[setup reg-reg] i_soc.i_dm_top.i_dm_csrs._3330_/Q -> i_soc.i_qspi._18925_/D : -0.502046
[setup reg-reg] i_soc.i_dm_top.i_dm_csrs._3330_/Q -> i_soc.i_qspi._17748_/D : -0.501648
[setup reg-reg] i_soc.i_dm_top.i_dm_csrs._3330_/Q -> i_soc.i_qspi._18893_/D : -0.501336
[setup reg-reg] i_soc.i_dm_top.i_dm_csrs._3330_/Q -> i_soc.i_qspi._17510_/D : -0.499657
[setup reg-reg] i_soc.i_dm_top.i_dm_csrs._3330_/Q -> i_soc.i_qspi._17522_/D : -0.499252
[setup reg-reg] i_soc.i_dm_top.i_dm_csrs._3330_/Q -> i_soc.i_qspi._18984_/D : -0.499131
[setup reg-reg] i_soc.i_dm_top.i_dm_csrs._3330_/Q -> i_soc.i_qspi._17535_/D : -0.498632
[setup reg-reg] i_soc.i_dm_top.i_dm_csrs._3330_/Q -> i_soc.i_qspi._18987_/D : -0.496385
[setup reg-reg] i_soc.i_dm_top.i_dm_csrs._3330_/Q -> i_soc.i_qspi._17205_/D : -0.495367
[setup reg-reg] i_soc.i_dm_top.i_dm_csrs._3330_/Q -> i_soc.i_qspi._18965_/D : -0.494374
[setup reg-reg] i_soc.i_cpu.core_i.id_stage_i._3721_/Q -> i_soc.i_cpu.core_i.cs_registers_i._4272_/D : -0.493195
[setup reg-reg] i_soc.i_dm_top.i_dm_csrs._3330_/Q -> i_soc.i_qspi._18720_/D : -0.492841
[setup reg-reg] i_soc.i_dm_top.i_dm_csrs._3330_/Q -> i_soc.i_qspi._18367_/D : -0.492770
[setup reg-reg] i_soc.i_dm_top.i_dm_csrs._3330_/Q -> i_soc.i_qspi._18724_/D : -0.492589
[setup reg-reg] i_soc.i_cpu.core_i.id_stage_i._3721_/Q -> i_soc.i_qspi._21356_/D : -0.492401
[setup reg-reg] i_soc.i_dm_top.i_dm_csrs._3330_/Q -> i_soc.i_qspi._18365_/D : -0.491557
[setup reg-reg] i_soc.i_dm_top.i_dm_csrs._3330_/Q -> i_soc.i_qspi._17468_/D : -0.489647
[setup reg-reg] i_soc.i_dm_top.i_dm_csrs._3330_/Q -> i_soc.i_qspi._17552_/D : -0.489367
[setup reg-reg] i_soc.i_dm_top.i_dm_csrs._3330_/Q -> i_soc.i_qspi._17533_/D : -0.489147
[setup reg-reg] i_soc.i_qspi._21124_/Q -> i_soc.i_qspi._16988_/D : -0.487958
[setup reg-reg] i_soc.i_dm_top.i_dm_csrs._3330_/Q -> i_soc.i_qspi._17763_/D : -0.485187
[setup reg-reg] i_soc.i_cpu.core_i.id_stage_i._3721_/Q -> i_soc.i_cpu.core_i.cs_registers_i._4280_/D : -0.484231
[setup reg-reg] i_soc.i_dm_top.i_dm_csrs._3330_/Q -> i_soc.i_qspi._17667_/D : -0.483428
[setup reg-reg] i_soc.i_dm_top.i_dm_csrs._3330_/Q -> i_soc.i_qspi._18722_/D : -0.483304
[setup reg-reg] i_soc.i_dm_top.i_dm_csrs._3330_/Q -> i_soc.i_qspi._17477_/D : -0.483283
[setup reg-reg] i_soc.i_dm_top.i_dm_csrs._3330_/Q -> i_soc.i_qspi._18625_/D : -0.482428
[setup reg-reg] i_soc.i_dm_top.i_dm_csrs._3330_/Q -> i_soc.i_qspi._18354_/D : -0.481460
[setup reg-reg] i_soc.i_dm_top.i_dm_csrs._3330_/Q -> i_soc.i_qspi._18756_/D : -0.481075
[setup reg-reg] i_soc.i_dm_top.i_dm_csrs._3330_/Q -> i_soc.i_qspi._17699_/D : -0.480004
[setup reg-reg] i_soc.i_dm_top.i_dm_csrs._3330_/Q -> i_soc.i_qspi._17465_/D : -0.479986
[setup reg-reg] i_soc.i_dm_top.i_dm_csrs._3330_/Q -> i_soc.i_qspi._17795_/D : -0.478320
[setup reg-reg] i_soc.i_dm_top.i_dm_csrs._3330_/Q -> i_soc.i_qspi._18362_/D : -0.478314
[setup reg-reg] i_soc.i_dm_top.i_dm_csrs._3330_/Q -> i_soc.i_qspi._18416_/D : -0.477543
[setup reg-reg] i_soc.i_dm_top.i_dm_csrs._3330_/Q -> i_soc.i_qspi._17635_/D : -0.477264
[setup reg-reg] i_soc.i_qspi._21320_/Q -> i_soc.i_qspi._16986_/D : -0.474227
[setup reg-reg] i_soc.i_dm_top.i_dm_csrs._3330_/Q -> i_soc.i_qspi._17603_/D : -0.473031
[setup reg-reg] i_soc.i_dm_top.i_dm_csrs._3330_/Q -> i_soc.i_qspi._18711_/D : -0.472957
[setup reg-reg] i_soc.i_qspi._21124_/Q -> i_soc.i_qspi._16998_/D : -0.472276
[setup reg-reg] i_soc.i_dm_top.i_dm_csrs._3330_/Q -> i_soc.i_qspi._18593_/D : -0.471905
[setup reg-reg] i_soc.i_dm_top.i_dm_csrs._3330_/Q -> i_soc.i_qspi._17230_/D : -0.468503
[setup reg-reg] i_soc.i_dm_top.i_dm_csrs._3330_/Q -> i_soc.i_qspi._18975_/D : -0.466748
[setup reg-reg] i_soc.i_dm_top.i_dm_csrs._3330_/Q -> i_soc.i_qspi._18529_/D : -0.466564
[setup reg-reg] i_soc.i_qspi._21320_/Q -> i_soc.i_qspi._16990_/D : -0.466494
[setup reg-reg] i_soc.i_dm_top.i_dm_csrs._3330_/Q -> i_soc.i_qspi._18752_/D : -0.465773
[setup reg-reg] i_soc.i_dm_top.i_dm_csrs._3330_/Q -> i_soc.i_qspi._18743_/D : -0.465672
[setup reg-reg] i_soc.i_dm_top.i_dm_csrs._3330_/Q -> i_soc.i_qspi._18561_/D : -0.463396
[setup reg-reg] i_soc.i_cpu.core_i.id_stage_i._3721_/Q -> i_soc.i_cpu.core_i.id_stage_i._4072_/D : -0.463208
[setup reg-reg] i_soc.i_cpu.core_i.id_stage_i._3721_/Q -> i_soc.i_cpu.core_i.id_stage_i._4073_/D : -0.461933
[setup reg-reg] i_soc.i_dm_top.i_dm_csrs._3330_/Q -> i_soc.i_qspi._18713_/D : -0.460865
[setup reg-reg] i_soc.i_dm_top.i_dm_csrs._3330_/Q -> i_soc.i_qspi._17742_/D : -0.460114
[setup reg-reg] i_soc.i_cpu.core_i.id_stage_i._3711_/Q -> i_soc.i_cpu.core_i.if_stage_i.prefetch_buffer_i.fifo_i._208_/D : -0.459238
[setup reg-reg] i_soc.i_dm_top.i_dm_csrs._3330_/Q -> i_soc.i_qspi._18976_/D : -0.459012
[setup reg-reg] i_soc.i_dm_top.i_dm_csrs._3330_/Q -> i_soc.i_qspi._18716_/D : -0.458643
[setup reg-reg] i_soc.i_dm_top.i_dm_csrs._3330_/Q -> i_soc.i_qspi._18992_/D : -0.457597
[setup reg-reg] i_soc.i_dm_top.i_dm_csrs._3330_/Q -> i_soc.i_qspi._18754_/D : -0.457003
[setup reg-reg] i_soc.i_cpu.core_i.id_stage_i._3711_/Q -> i_soc.i_cpu.core_i.if_stage_i.prefetch_buffer_i.fifo_i._235_/D : -0.456703
[setup reg-reg] i_soc.i_dm_top.i_dm_csrs._3330_/Q -> i_soc.i_qspi._17717_/D : -0.456103
[setup reg-reg] i_soc.i_dm_top.i_dm_csrs._3330_/Q -> i_soc.i_qspi._18991_/D : -0.455254
[setup reg-reg] i_soc.i_cpu.core_i.id_stage_i._3778_/Q -> i_soc.i_cpu.core_i.ex_stage_i.alu_i.alu_div_i._1481_/D : -0.455040
[setup reg-reg] i_soc.i_dm_top.i_dm_csrs._3330_/Q -> i_soc.i_qspi._18091_/D : -0.454799
[setup reg-reg] i_soc.i_dm_top.i_dm_csrs._3330_/Q -> i_soc.i_qspi._17716_/D : -0.453889
[setup reg-reg] i_soc.i_dm_top.i_dm_csrs._3330_/Q -> i_soc.i_qspi._17739_/D : -0.453561
[setup reg-reg] i_soc.i_dm_top.i_dm_csrs._3330_/Q -> i_soc.i_qspi._17227_/D : -0.453085
[setup reg-reg] i_soc.i_dm_top.i_dm_csrs._3330_/Q -> i_soc.i_qspi._18094_/D : -0.452951
[setup reg-reg] i_soc.i_dm_top.i_dm_csrs._3330_/Q -> i_soc.i_qspi._18748_/D : -0.451939
[setup reg-reg] i_soc.i_dm_top.i_dm_csrs._3330_/Q -> i_soc.i_qspi._18745_/D : -0.451335
[setup reg-reg] i_soc.i_qspi._21124_/Q -> i_soc.i_qspi._17000_/D : -0.451140
[setup reg-reg] i_soc.i_cpu.core_i.id_stage_i._3721_/Q -> i_soc.i_cpu.core_i.id_stage_i._4070_/D : -0.451054
[setup reg-reg] i_soc.i_dm_top.i_dm_csrs._3330_/Q -> i_soc.i_qspi._18970_/D : -0.450672
[setup reg-reg] i_soc.i_cpu.core_i.id_stage_i._3721_/Q -> i_soc.i_obi_axi_data._284_/D : -0.450001
[setup reg-reg] i_soc.i_cpu.core_i.id_stage_i._3721_/Q -> i_soc.i_obi_axi_data._287_/D : -0.448370
[setup reg-reg] i_soc.i_qspi._21320_/Q -> i_soc.i_qspi._17003_/D : -0.447040
[setup reg-reg] i_soc.i_cpu.core_i.id_stage_i._3721_/Q -> i_soc.i_cpu.core_i.id_stage_i._4076_/D : -0.446519
[setup reg-reg] i_soc.i_cpu.core_i.id_stage_i._3711_/Q -> i_soc.i_cpu.core_i.if_stage_i.prefetch_buffer_i.fifo_i._211_/D : -0.446079
[setup reg-reg] i_soc.i_cpu.core_i.id_stage_i._3721_/Q -> i_soc.i_obi_axi_data._292_/D : -0.444887
[setup reg-reg] i_soc.i_dm_top.i_dm_csrs._3330_/Q -> i_soc.i_qspi._17627_/D : -0.444718
[setup reg-reg] i_soc.i_dm_top.i_dm_csrs._3330_/Q -> i_soc.i_qspi._17232_/D : -0.444482
[setup reg-reg] i_soc.i_dm_top.i_dm_csrs._3330_/Q -> i_soc.i_qspi._18963_/D : -0.444187
[setup reg-reg] i_soc.i_dm_top.i_dm_csrs._3330_/Q -> i_soc.i_qspi._17623_/D : -0.442402
[setup reg-reg] i_soc.i_cpu.core_i.id_stage_i._3721_/Q -> i_soc.i_cpu.core_i.id_stage_i._4080_/D : -0.441904
[setup reg-reg] i_soc.i_dm_top.i_dm_csrs._3330_/Q -> i_soc.i_qspi._18730_/D : -0.441849
[setup reg-reg] i_soc.i_dm_top.i_dm_csrs._3330_/Q -> i_soc.i_qspi._18723_/D : -0.441796
[setup reg-reg] i_soc.i_cpu.core_i.id_stage_i._3721_/Q -> i_soc.i_obi_axi_data._312_/D : -0.441398
[setup reg-reg] i_soc.i_dm_top.i_dm_csrs._3330_/Q -> i_soc.i_qspi._17216_/D : -0.440290
[setup reg-reg] i_soc.i_dm_top.i_dm_csrs._3330_/Q -> i_soc.i_qspi._17758_/D : -0.440105
[setup reg-reg] i_soc.i_dm_top.i_dm_csrs._3330_/Q -> i_soc.i_qspi._18988_/D : -0.438771
[setup reg-reg] i_soc.i_dm_top.i_dm_csrs._3330_/Q -> i_soc.i_qspi._17210_/D : -0.438146
[setup reg-reg] i_soc.i_dm_top.i_dm_csrs._3330_/Q -> i_soc.i_qspi._18253_/D : -0.437447
[setup reg-reg] i_soc.i_dm_top.i_dm_csrs._3330_/Q -> i_soc.i_qspi._17211_/D : -0.436192
[setup reg-reg] i_soc.i_cpu.core_i.id_stage_i._3721_/Q -> i_soc.i_cpu.core_i.id_stage_i._4078_/D : -0.435552
[setup reg-reg] i_soc.i_dm_top.i_dm_csrs._3330_/Q -> i_soc.i_qspi._18981_/D : -0.434929
[setup reg-reg] i_soc.i_dm_top.i_dm_csrs._3330_/Q -> i_soc.i_qspi._18061_/D : -0.434023
[setup reg-reg] i_soc.i_dm_top.i_dm_csrs._3330_/Q -> i_soc.i_qspi._18971_/D : -0.433758
[setup reg-reg] i_soc.i_cpu.core_i.id_stage_i._3721_/Q -> i_soc.i_cpu.core_i.id_stage_i._4077_/D : -0.432719
[setup reg-reg] i_soc.i_dm_top.i_dm_csrs._3330_/Q -> i_soc.i_qspi._18285_/D : -0.429878
[setup reg-reg] i_soc.i_dm_top.i_dm_csrs._3330_/Q -> i_soc.i_qspi._18989_/D : -0.429484
[setup reg-reg] i_soc.i_dm_top.i_dm_csrs._3330_/Q -> i_soc.i_qspi._18088_/D : -0.428111
[setup reg-reg] i_soc.i_dm_top.i_dm_csrs._3330_/Q -> i_soc.i_qspi._17736_/D : -0.427773
[setup reg-reg] i_soc.i_dm_top.i_dm_csrs._3330_/Q -> i_soc.i_qspi._17997_/D : -0.427686
[setup reg-reg] i_soc.i_cpu.core_i.id_stage_i._3721_/Q -> i_soc.i_cpu.core_i.id_stage_i._4075_/D : -0.427566
[setup reg-reg] i_soc.i_dm_top.i_dm_csrs._3330_/Q -> i_soc.i_qspi._17933_/D : -0.427354
[setup reg-reg] i_soc.i_dm_top.i_dm_csrs._3330_/Q -> i_soc.i_qspi._18759_/D : -0.427036
[setup reg-reg] i_soc.i_qspi._21124_/Q -> i_soc.i_qspi._21289_/D : -0.426743
[setup reg-reg] i_soc.i_dm_top.i_dm_csrs._3330_/Q -> i_soc.i_qspi._17204_/D : -0.425567
[setup reg-reg] i_soc.i_dm_top.i_dm_csrs._3330_/Q -> i_soc.i_qspi._18317_/D : -0.425285
[setup reg-reg] i_soc.i_dm_top.i_dm_csrs._3330_/Q -> i_soc.i_qspi._18384_/D : -0.424407
[setup reg-reg] i_soc.i_dm_top.i_dm_csrs._3330_/Q -> i_soc.i_qspi._18755_/D : -0.424228
[setup reg-reg] i_soc.i_dm_top.i_dm_csrs._3330_/Q -> i_soc.i_qspi._18349_/D : -0.424199
[setup reg-reg] i_soc.i_dm_top.i_dm_csrs._3330_/Q -> i_soc.i_qspi._18189_/D : -0.423237
[setup reg-reg] i_soc.i_dm_top.i_dm_csrs._3330_/Q -> i_soc.i_qspi._17752_/D : -0.423171
[setup reg-reg] i_soc.i_dm_top.i_dm_csrs._3330_/Q -> i_soc.i_qspi._18221_/D : -0.422830
[setup reg-reg] i_soc.i_dm_top.i_dm_csrs._3330_/Q -> i_soc.i_qspi._17076_/D : -0.421377
[setup reg-reg] i_soc.i_dm_top.i_dm_csrs._3330_/Q -> i_soc.i_qspi._18068_/D : -0.421245
[setup reg-reg] i_soc.i_dm_top.i_dm_csrs._3330_/Q -> i_soc.i_qspi._17965_/D : -0.421041
[setup reg-reg] i_soc.i_dm_top.i_dm_csrs._3330_/Q -> i_soc.i_qspi._18029_/D : -0.420032
[setup reg-reg] i_soc.i_dm_top.i_dm_csrs._3330_/Q -> i_soc.i_qspi._17735_/D : -0.419654
[setup reg-reg] i_soc.i_dm_top.i_dm_csrs._3330_/Q -> i_soc.i_qspi._17644_/D : -0.419570
[setup reg-reg] i_soc.i_dm_top.i_dm_csrs._3330_/Q -> i_soc.i_qspi._18069_/D : -0.419368
[setup reg-reg] i_soc.i_dm_top.i_dm_csrs._3330_/Q -> i_soc.i_qspi._18977_/D : -0.419103
[setup reg-reg] i_soc.i_dm_top.i_dm_csrs._3330_/Q -> i_soc.i_qspi._17077_/D : -0.418135
[setup reg-reg] i_soc.i_dm_top.i_dm_csrs._3330_/Q -> i_soc.i_qspi._17347_/D : -0.417097
[setup reg-reg] i_soc.i_dm_top.i_dm_csrs._3330_/Q -> i_soc.i_qspi._17901_/D : -0.416634
[setup reg-reg] i_soc.i_dm_top.i_dm_csrs._3330_/Q -> i_soc.i_qspi._17297_/D : -0.415637
[setup reg-reg] i_soc.i_dm_top.i_dm_csrs._3330_/Q -> i_soc.i_qspi._17218_/D : -0.412721
[setup reg-reg] i_soc.i_dm_top.i_dm_csrs._3330_/Q -> i_soc.i_qspi._17339_/D : -0.412143
[setup reg-reg] i_soc.i_dm_top.i_dm_csrs._3330_/Q -> i_soc.i_qspi._17309_/D : -0.411793
[setup reg-reg] i_soc.i_dm_top.i_dm_csrs._3330_/Q -> i_soc.i_qspi._17228_/D : -0.410770
[setup reg-reg] i_soc.i_dm_top.i_dm_csrs._3330_/Q -> i_soc.i_qspi._17090_/D : -0.410573
[setup reg-reg] i_soc.i_dm_top.i_dm_csrs._3330_/Q -> i_soc.i_qspi._18973_/D : -0.410420
[setup reg-reg] i_soc.i_qspi._21124_/Q -> i_soc.i_qspi._16999_/D : -0.410038
[setup reg-reg] i_soc.i_dm_top.i_dm_csrs._3330_/Q -> i_soc.i_qspi._17358_/D : -0.407494
[setup reg-reg] i_soc.i_dm_top.i_dm_csrs._3330_/Q -> i_soc.i_qspi._17226_/D : -0.407383
[setup reg-reg] i_soc.i_dm_top.i_dm_csrs._3330_/Q -> i_soc.i_qspi._18946_/D : -0.405990
[setup reg-reg] i_soc.i_dm_top.i_dm_csrs._3330_/Q -> i_soc.i_qspi._17636_/D : -0.398359
[setup reg-reg] i_soc.i_dm_top.i_dm_csrs._3330_/Q -> i_soc.i_qspi._17215_/D : -0.397174
[setup reg-reg] i_soc.i_dm_top.i_dm_csrs._3330_/Q -> i_soc.i_qspi._18793_/D : -0.396954
[setup reg-reg] i_soc.i_dm_top.i_dm_csrs._3330_/Q -> i_soc.i_qspi._18087_/D : -0.396144
[setup reg-reg] i_soc.i_dm_top.i_dm_csrs._3330_/Q -> i_soc.i_qspi._18798_/D : -0.395827
[setup reg-reg] i_soc.i_dm_top.i_dm_csrs._3330_/Q -> i_soc.i_qspi._17202_/D : -0.395792
[setup reg-reg] i_soc.i_dm_top.i_dm_csrs._3330_/Q -> i_soc.i_qspi._18712_/D : -0.395392
[setup reg-reg] i_soc.i_dm_top.i_dm_csrs._3330_/Q -> i_soc.i_qspi._17203_/D : -0.394810
[setup reg-reg] i_soc.i_dm_top.i_dm_csrs._3330_/Q -> i_soc.i_qspi._17225_/D : -0.394497
[setup reg-reg] i_soc.i_qspi._21124_/Q -> i_soc.i_qspi._21284_/D : -0.394001
[setup reg-reg] i_soc.i_qspi._21124_/Q -> i_soc.i_qspi._16992_/D : -0.393658
[setup reg-reg] i_soc.i_dm_top.i_dm_csrs._3330_/Q -> i_soc.i_qspi._18961_/D : -0.392589
[setup reg-reg] i_soc.i_dm_top.i_dm_csrs._3330_/Q -> i_soc.i_qspi._17637_/D : -0.391999
[setup reg-reg] i_soc.i_dm_top.i_dm_csrs._3330_/Q -> i_soc.i_qspi._17619_/D : -0.391982
[setup reg-reg] i_soc.i_dm_top.i_dm_csrs._3330_/Q -> i_soc.i_qspi._17723_/D : -0.390457
[setup reg-reg] i_soc.i_dm_top.i_dm_csrs._3330_/Q -> i_soc.i_qspi._17620_/D : -0.389910
[setup reg-reg] i_soc.i_dm_top.i_dm_csrs._3330_/Q -> i_soc.i_qspi._18962_/D : -0.389736
[setup reg-reg] i_soc.i_dm_top.i_dm_csrs._3330_/Q -> i_soc.i_qspi._18241_/D : -0.389530
[setup reg-reg] i_soc.i_cpu.core_i.id_stage_i._3721_/Q -> i_soc.i_obi_axi_data._296_/D : -0.388832
[setup reg-reg] i_soc.i_dm_top.i_dm_csrs._3330_/Q -> i_soc.i_qspi._18337_/D : -0.386132
[setup reg-reg] i_soc.i_dm_top.i_dm_csrs._3330_/Q -> i_soc.i_qspi._17740_/D : -0.386098
[setup reg-reg] i_soc.i_dm_top.i_dm_csrs._3330_/Q -> i_soc.i_qspi._17918_/D : -0.385629
[setup reg-reg] i_soc.i_cpu.core_i.id_stage_i._3721_/Q -> i_soc.i_obi_axi_data._290_/D : -0.385233
[setup reg-reg] i_soc.i_dm_top.i_dm_csrs._3330_/Q -> i_soc.i_qspi._17633_/D : -0.385077
[setup reg-reg] i_soc.i_dm_top.i_dm_csrs._3330_/Q -> i_soc.i_qspi._17628_/D : -0.383240
[setup reg-reg] i_soc.i_dm_top.i_dm_csrs._3330_/Q -> i_soc.i_qspi._17912_/D : -0.382164
[setup reg-reg] i_soc.i_dm_top.i_dm_csrs._3330_/Q -> i_soc.i_qspi._17217_/D : -0.381768
[setup reg-reg] i_soc.i_dm_top.i_dm_csrs._3330_/Q -> i_soc.i_qspi._18792_/D : -0.381190
[setup reg-reg] i_soc.i_dm_top.i_dm_csrs._3330_/Q -> i_soc.i_qspi._17625_/D : -0.380638
[setup reg-reg] i_soc.i_dm_top.i_dm_csrs._3330_/Q -> i_soc.i_qspi._17502_/D : -0.379375
[setup reg-reg] i_soc.i_dm_top.i_dm_csrs._3330_/Q -> i_soc.i_qspi._17091_/D : -0.378479
[setup reg-reg] i_soc.i_dm_top.i_dm_csrs._3330_/Q -> i_soc.i_qspi._17715_/D : -0.375771
[setup reg-reg] i_soc.i_dm_top.i_dm_csrs._3330_/Q -> i_soc.i_qspi._18817_/D : -0.375103
[setup reg-reg] i_soc.i_dm_top.i_dm_csrs._3330_/Q -> i_soc.i_qspi._18795_/D : -0.374614
[setup reg-reg] i_soc.i_dm_top.i_dm_csrs._3330_/Q -> i_soc.i_qspi._18177_/D : -0.374227
[setup reg-reg] i_soc.i_dm_top.i_dm_csrs._3330_/Q -> i_soc.i_qspi._18067_/D : -0.374072
[setup reg-reg] i_soc.i_dm_top.i_dm_csrs._3330_/Q -> i_soc.i_qspi._17231_/D : -0.373740
[setup reg-reg] i_soc.i_dm_top.i_dm_csrs._3330_/Q -> i_soc.i_qspi._17624_/D : -0.373548
[setup reg-reg] i_soc.i_cpu.core_i.id_stage_i._3721_/Q -> i_soc.i_obi_axi_data._306_/D : -0.372408
[setup reg-reg] i_soc.i_dm_top.i_dm_csrs._3330_/Q -> i_soc.i_qspi._17219_/D : -0.372392
[setup reg-reg] i_soc.i_dm_top.i_dm_csrs._3330_/Q -> i_soc.i_qspi._17621_/D : -0.372379
[setup reg-reg] i_soc.i_dm_top.i_dm_csrs._3330_/Q -> i_soc.i_qspi._17223_/D : -0.372086
[setup reg-reg] i_soc.i_dm_top.i_dm_csrs._3330_/Q -> i_soc.i_qspi._17315_/D : -0.372038
[setup reg-reg] i_soc.i_dm_top.i_dm_csrs._3330_/Q -> i_soc.i_qspi._18305_/D : -0.371942
[setup reg-reg] i_soc.i_dm_top.i_dm_csrs._3330_/Q -> i_soc.i_qspi._17207_/D : -0.370335
[setup reg-reg] i_soc.i_dm_top.i_dm_csrs._3330_/Q -> i_soc.i_qspi._17630_/D : -0.368935
[setup reg-reg] i_soc.i_dm_top.i_dm_csrs._3330_/Q -> i_soc.i_qspi._17221_/D : -0.368903
[setup reg-reg] i_soc.i_dm_top.i_dm_csrs._3330_/Q -> i_soc.i_qspi._18881_/D : -0.368864
[setup reg-reg] i_soc.i_dm_top.i_dm_csrs._3330_/Q -> i_soc.i_qspi._17229_/D : -0.368587
[setup reg-reg] i_soc.i_dm_top.i_dm_csrs._3330_/Q -> i_soc.i_qspi._17640_/D : -0.368308
[setup reg-reg] i_soc.i_dm_top.i_dm_csrs._3330_/Q -> i_soc.i_qspi._18273_/D : -0.367843
[setup reg-reg] i_soc.i_dm_top.i_dm_csrs._3330_/Q -> i_soc.i_qspi._18913_/D : -0.367338
[setup reg-reg] i_soc.i_dm_top.i_dm_csrs._3330_/Q -> i_soc.i_qspi._17612_/D : -0.367171
[setup reg-reg] i_soc.i_cpu.core_i.id_stage_i._3711_/Q -> i_soc.i_cpu.core_i.if_stage_i.aligner_i._907_/D : -0.367155
[setup reg-reg] i_soc.i_dm_top.i_dm_csrs._3330_/Q -> i_soc.i_qspi._18209_/D : -0.365191
[setup reg-reg] i_soc.i_dm_top.i_dm_csrs._3330_/Q -> i_soc.i_qspi._18972_/D : -0.364496
[setup reg-reg] i_soc.i_dm_top.i_dm_csrs._3330_/Q -> i_soc.i_qspi._17299_/D : -0.364382
[setup reg-reg] i_soc.i_cpu.core_i.id_stage_i._3721_/Q -> i_soc.i_obi_axi_data._298_/D : -0.364185
[setup reg-reg] i_soc.i_dm_top.i_dm_csrs._3330_/Q -> i_soc.i_qspi._17507_/D : -0.363919
[setup reg-reg] i_soc.i_dm_top.i_dm_csrs._3330_/Q -> i_soc.i_qspi._17214_/D : -0.363649
[setup reg-reg] i_soc.i_dm_top.i_dm_csrs._3330_/Q -> i_soc.i_qspi._17720_/D : -0.363647
[setup reg-reg] i_soc.i_dm_top.i_dm_csrs._3330_/Q -> i_soc.i_qspi._18787_/D : -0.363446
[setup reg-reg] i_soc.i_dm_top.i_dm_csrs._3330_/Q -> i_soc.i_qspi._17316_/D : -0.363182
[setup reg-reg] i_soc.i_cpu.core_i.id_stage_i._3721_/Q -> i_soc.i_obi_axi_data._288_/D : -0.362711
[setup reg-reg] i_soc.i_dm_top.i_dm_csrs._3330_/Q -> i_soc.i_qspi._18980_/D : -0.362450
[setup reg-reg] i_soc.i_dm_top.i_dm_csrs._3330_/Q -> i_soc.i_qspi._18083_/D : -0.362171
[setup reg-reg] i_soc.i_cpu.core_i.id_stage_i._3721_/Q -> i_soc.i_obi_axi_data._311_/D : -0.362041
[setup reg-reg] i_soc.i_dm_top.i_dm_csrs._3330_/Q -> i_soc.i_qspi._18947_/D : -0.361869
[setup reg-reg] i_soc.i_dm_top.i_dm_csrs._3330_/Q -> i_soc.i_qspi._17731_/D : -0.361588
[setup reg-reg] i_soc.i_dm_top.i_dm_csrs._3330_/Q -> i_soc.i_qspi._18969_/D : -0.361503
[setup reg-reg] i_soc.i_dm_top.i_dm_csrs._3330_/Q -> i_soc.i_qspi._18435_/D : -0.361291
[setup reg-reg] i_soc.i_dm_top.i_dm_csrs._3330_/Q -> i_soc.i_qspi._18979_/D : -0.361281
[setup reg-reg] i_soc.i_cpu.core_i.id_stage_i._3721_/Q -> i_soc.i_obi_axi_data._309_/D : -0.360188
[setup reg-reg] i_soc.i_dm_top.i_dm_csrs._3330_/Q -> i_soc.i_qspi._17209_/D : -0.360000
[setup reg-reg] i_soc.i_dm_top.i_dm_csrs._3330_/Q -> i_soc.i_qspi._17208_/D : -0.359650
[setup reg-reg] i_soc.i_dm_top.i_dm_csrs._3330_/Q -> i_soc.i_qspi._18849_/D : -0.359139
[setup reg-reg] i_soc.i_dm_top.i_dm_csrs._3330_/Q -> i_soc.i_qspi._17443_/D : -0.358778
[setup reg-reg] i_soc.i_cpu.core_i.id_stage_i._3721_/Q -> i_soc.i_obi_axi_data._300_/D : -0.358646
[setup reg-reg] i_soc.i_dm_top.i_dm_csrs._3330_/Q -> i_soc.i_qspi._17319_/D : -0.358602
[setup reg-reg] i_soc.i_dm_top.i_dm_csrs._3330_/Q -> i_soc.i_qspi._17729_/D : -0.358520
[setup reg-reg] i_soc.i_dm_top.i_dm_csrs._3330_/Q -> i_soc.i_qspi._18075_/D : -0.357526
[setup reg-reg] i_soc.i_dm_top.i_dm_csrs._3330_/Q -> i_soc.i_qspi._18772_/D : -0.357314
[setup reg-reg] i_soc.i_cpu.core_i.id_stage_i._3721_/Q -> i_soc.i_obi_axi_data._308_/D : -0.357224
[setup reg-reg] i_soc.i_dm_top.i_dm_csrs._3330_/Q -> i_soc.i_qspi._17100_/D : -0.357128
[setup reg-reg] i_soc.i_dm_top.i_dm_csrs._3330_/Q -> i_soc.i_qspi._17313_/D : -0.357023
[setup reg-reg] i_soc.i_dm_top.i_dm_csrs._3330_/Q -> i_soc.i_qspi._17721_/D : -0.356929
[setup reg-reg] i_soc.i_dm_top.i_dm_csrs._3330_/Q -> i_soc.i_qspi._18092_/D : -0.356383
[setup reg-reg] i_soc.i_dm_top.i_dm_csrs._3330_/Q -> i_soc.i_qspi._18968_/D : -0.355692
[setup reg-reg] i_soc.i_dm_top.i_dm_csrs._3330_/Q -> i_soc.i_qspi._18773_/D : -0.355337
[setup reg-reg] i_soc.i_dm_top.i_dm_csrs._3330_/Q -> i_soc.i_qspi._18708_/D : -0.354671
[setup reg-reg] i_soc.i_dm_top.i_dm_csrs._3330_/Q -> i_soc.i_qspi._17982_/D : -0.354053
[setup reg-reg] i_soc.i_dm_top.i_dm_csrs._3330_/Q -> i_soc.i_qspi._18721_/D : -0.353859
[setup reg-reg] i_soc.i_dm_top.i_dm_csrs._3330_/Q -> i_soc.i_qspi._17311_/D : -0.352992
[setup reg-reg] i_soc.i_dm_top.i_dm_csrs._3330_/Q -> i_soc.i_qspi._18718_/D : -0.352987
[setup reg-reg] i_soc.i_dm_top.i_dm_csrs._3330_/Q -> i_soc.i_qspi._17475_/D : -0.352399
[setup reg-reg] i_soc.i_dm_top.i_dm_csrs._3330_/Q -> i_soc.i_qspi._18753_/D : -0.352117
[setup reg-reg] i_soc.i_dm_top.i_dm_csrs._3330_/Q -> i_soc.i_qspi._17123_/D : -0.351879
[setup reg-reg] i_soc.i_dm_top.i_dm_csrs._3330_/Q -> i_soc.i_qspi._18974_/D : -0.351717
[setup reg-reg] i_soc.i_dm_top.i_dm_csrs._3330_/Q -> i_soc.i_qspi._17220_/D : -0.351584
[setup reg-reg] i_soc.i_dm_top.i_dm_csrs._3330_/Q -> i_soc.i_qspi._17306_/D : -0.351436
[setup reg-reg] i_soc.i_dm_top.i_dm_csrs._3330_/Q -> i_soc.i_qspi._18744_/D : -0.350443
[setup reg-reg] i_soc.i_dm_top.i_dm_csrs._3330_/Q -> i_soc.i_qspi._18732_/D : -0.350090
[setup reg-reg] i_soc.i_cpu.core_i.id_stage_i._3711_/Q -> i_soc.i_cpu.core_i.if_stage_i.aligner_i._874_/D : -0.350088
[setup reg-reg] i_soc.i_dm_top.i_dm_csrs._3330_/Q -> i_soc.i_qspi._17212_/D : -0.349239
[setup reg-reg] i_soc.i_dm_top.i_dm_csrs._3330_/Q -> i_soc.i_qspi._18497_/D : -0.349171
[setup reg-reg] i_soc.i_dm_top.i_dm_csrs._3330_/Q -> i_soc.i_qspi._17213_/D : -0.349097
[setup reg-reg] i_soc.i_cpu.core_i.id_stage_i._3711_/Q -> i_soc.i_cpu.core_i.if_stage_i.prefetch_buffer_i.fifo_i._206_/D : -0.348399
[setup reg-reg] i_soc.i_dm_top.i_dm_csrs._3330_/Q -> i_soc.i_qspi._18465_/D : -0.346851
[setup reg-reg] i_soc.i_dm_top.i_dm_csrs._3330_/Q -> i_soc.i_qspi._17323_/D : -0.346679
[setup reg-reg] i_soc.i_dm_top.i_dm_csrs._3330_/Q -> i_soc.i_qspi._17411_/D : -0.346354
[setup reg-reg] i_soc.i_dm_top.i_dm_csrs._3330_/Q -> i_soc.i_qspi._17496_/D : -0.345048
[setup reg-reg] i_soc.i_dm_top.i_dm_csrs._3330_/Q -> i_soc.i_qspi._17201_/D : -0.344453
[setup reg-reg] i_soc.i_dm_top.i_dm_csrs._3330_/Q -> i_soc.i_qspi._17726_/D : -0.344176
[setup reg-reg] i_soc.i_dm_top.i_dm_csrs._3330_/Q -> i_soc.i_qspi._17351_/D : -0.343841
[setup reg-reg] i_soc.i_dm_top.i_dm_csrs._3330_/Q -> i_soc.i_qspi._17075_/D : -0.342665
[setup reg-reg] i_soc.i_dm_top.i_dm_csrs._3330_/Q -> i_soc.i_qspi._17092_/D : -0.342364
[setup reg-reg] i_soc.i_dm_top.i_dm_csrs._3330_/Q -> i_soc.i_qspi._18736_/D : -0.340815
[setup reg-reg] i_soc.i_dm_top.i_dm_csrs._3330_/Q -> i_soc.i_qspi._17089_/D : -0.340727
[setup reg-reg] i_soc.i_dm_top.i_dm_csrs._3330_/Q -> i_soc.i_qspi._18496_/D : -0.340693
[setup reg-reg] i_soc.i_dm_top.i_dm_csrs._3330_/Q -> i_soc.i_qspi._17325_/D : -0.340409
[setup reg-reg] i_soc.i_dm_top.i_dm_csrs._3330_/Q -> i_soc.i_qspi._18734_/D : -0.340130
[setup reg-reg] i_soc.i_dm_top.i_dm_csrs._3330_/Q -> i_soc.i_qspi._18731_/D : -0.339332
[setup reg-reg] i_soc.i_dm_top.i_dm_csrs._3330_/Q -> i_soc.i_qspi._18727_/D : -0.338613
[setup reg-reg] i_soc.i_dm_top.i_dm_csrs._3330_/Q -> i_soc.i_qspi._18853_/D : -0.338348
[setup reg-reg] i_soc.i_dm_top.i_dm_csrs._3330_/Q -> i_soc.i_qspi._18506_/D : -0.337776
[setup reg-reg] i_soc.i_dm_top.i_dm_csrs._3330_/Q -> i_soc.i_qspi._18967_/D : -0.337462
[setup reg-reg] i_soc.i_dm_top.i_dm_csrs._3330_/Q -> i_soc.i_qspi._18503_/D : -0.337167
[setup reg-reg] i_soc.i_dm_top.i_dm_csrs._3330_/Q -> i_soc.i_qspi._17328_/D : -0.336659
[setup reg-reg] i_soc.i_dm_top.i_dm_csrs._3330_/Q -> i_soc.i_qspi._18757_/D : -0.336051
[setup reg-reg] i_soc.i_dm_top.i_dm_csrs._3330_/Q -> i_soc.i_qspi._18081_/D : -0.335655
[setup reg-reg] i_soc.i_dm_top.i_dm_csrs._3330_/Q -> i_soc.i_qspi._18498_/D : -0.335062
[setup reg-reg] i_soc.i_dm_top.i_dm_csrs._3330_/Q -> i_soc.i_qspi._17604_/D : -0.334749
[setup reg-reg] i_soc.i_dm_top.i_dm_csrs._3330_/Q -> i_soc.i_qspi._18714_/D : -0.334595
[setup reg-reg] i_soc.i_dm_top.i_dm_csrs._3330_/Q -> i_soc.i_qspi._17741_/D : -0.333301
[setup reg-reg] i_soc.i_dm_top.i_dm_csrs._3330_/Q -> i_soc.i_qspi._18747_/D : -0.333204
[setup reg-reg] i_soc.i_dm_top.i_dm_csrs._3330_/Q -> i_soc.i_qspi._18706_/D : -0.333003
[setup reg-reg] i_soc.i_dm_top.i_dm_csrs._3330_/Q -> i_soc.i_qspi._18725_/D : -0.332944
[setup reg-reg] i_soc.i_dm_top.i_dm_csrs._3330_/Q -> i_soc.i_qspi._17097_/D : -0.332623
[setup reg-reg] i_soc.i_dm_top.i_dm_csrs._3330_/Q -> i_soc.i_qspi._18767_/D : -0.331525
[setup reg-reg] i_soc.i_dm_top.i_dm_csrs._3330_/Q -> i_soc.i_qspi._18821_/D : -0.331447
[setup reg-reg] i_soc.i_dm_top.i_dm_csrs._3330_/Q -> i_soc.i_qspi._17925_/D : -0.331248
[setup reg-reg] i_soc.i_cpu.core_i.id_stage_i._3711_/Q -> i_soc.i_cpu.core_i.if_stage_i.prefetch_buffer_i.prefetch_controller_i._454_/D : -0.330866
[setup reg-reg] i_soc.i_dm_top.i_dm_csrs._3330_/Q -> i_soc.i_qspi._18762_/D : -0.330179
[setup reg-reg] i_soc.i_dm_top.i_dm_csrs._3330_/Q -> i_soc.i_qspi._17733_/D : -0.330074
[setup reg-reg] i_soc.i_dm_top.i_dm_csrs._3330_/Q -> i_soc.i_qspi._18487_/D : -0.329790
[setup reg-reg] i_soc.i_dm_top.i_dm_csrs._3330_/Q -> i_soc.i_qspi._18917_/D : -0.329756
[setup reg-reg] i_soc.i_dm_top.i_dm_csrs._3330_/Q -> i_soc.i_qspi._18719_/D : -0.329743
[setup reg-reg] i_soc.i_dm_top.i_dm_csrs._3330_/Q -> i_soc.i_qspi._17101_/D : -0.329386
[setup reg-reg] i_soc.i_dm_top.i_dm_csrs._3330_/Q -> i_soc.i_qspi._18885_/D : -0.328887
[setup reg-reg] i_soc.i_dm_top.i_dm_csrs._3330_/Q -> i_soc.i_qspi._17724_/D : -0.328853
[setup reg-reg] i_soc.i_dm_top.i_dm_csrs._3330_/Q -> i_soc.i_qspi._18629_/D : -0.328516
[setup reg-reg] i_soc.i_dm_top.i_dm_csrs._3330_/Q -> i_soc.i_qspi._17493_/D : -0.328175
[setup reg-reg] i_soc.i_dm_top.i_dm_csrs._3330_/Q -> i_soc.i_qspi._17587_/D : -0.327606
[setup reg-reg] i_soc.i_dm_top.i_dm_csrs._3330_/Q -> i_soc.i_qspi._18341_/D : -0.327352
[setup reg-reg] i_soc.i_dm_top.i_dm_csrs._3330_/Q -> i_soc.i_qspi._17078_/D : -0.326361
[setup reg-reg] i_soc.i_dm_top.i_dm_csrs._3330_/Q -> i_soc.i_qspi._17719_/D : -0.326041
[setup reg-reg] i_soc.i_dm_top.i_dm_csrs._3330_/Q -> i_soc.i_qspi._18277_/D : -0.325725
[setup reg-reg] i_soc.i_dm_top.i_dm_csrs._3330_/Q -> i_soc.i_qspi._17588_/D : -0.325661
[setup reg-reg] i_soc.i_dm_top.i_dm_csrs._3330_/Q -> i_soc.i_qspi._18763_/D : -0.325519
[setup reg-reg] i_soc.i_dm_top.i_dm_csrs._3330_/Q -> i_soc.i_qspi._17298_/D : -0.325471
[setup reg-reg] i_soc.i_dm_top.i_dm_csrs._3330_/Q -> i_soc.i_qspi._18073_/D : -0.324990
[setup reg-reg] i_soc.i_dm_top.i_dm_csrs._3330_/Q -> i_soc.i_qspi._18309_/D : -0.324846
[setup reg-reg] i_soc.i_dm_top.i_dm_csrs._3330_/Q -> i_soc.i_qspi._18499_/D : -0.324119
[setup reg-reg] i_soc.i_dm_top.i_dm_csrs._3330_/Q -> i_soc.i_qspi._17923_/D : -0.324066
[setup reg-reg] i_soc.i_qspi._21320_/Q -> i_soc.i_qspi._21282_/D : -0.323928
[setup reg-reg] i_soc.i_dm_top.i_dm_csrs._3330_/Q -> i_soc.i_qspi._17355_/D : -0.323487
[setup reg-reg] i_soc.i_dm_top.i_dm_csrs._3330_/Q -> i_soc.i_qspi._18245_/D : -0.323311
[setup reg-reg] i_soc.i_dm_top.i_dm_csrs._3330_/Q -> i_soc.i_qspi._18093_/D : -0.323153
[setup reg-reg] i_soc.i_dm_top.i_dm_csrs._3330_/Q -> i_soc.i_qspi._18726_/D : -0.323118
[setup reg-reg] i_soc.i_dm_top.i_dm_csrs._3330_/Q -> i_soc.i_qspi._18750_/D : -0.322945
[setup reg-reg] i_soc.i_dm_top.i_dm_csrs._3330_/Q -> i_soc.i_qspi._17971_/D : -0.322927
[setup reg-reg] i_soc.i_dm_top.i_dm_csrs._3330_/Q -> i_soc.i_qspi._18072_/D : -0.321709
[setup reg-reg] i_soc.i_dm_top.i_dm_csrs._3330_/Q -> i_soc.i_qspi._17079_/D : -0.321657
[setup reg-reg] i_soc.i_dm_top.i_dm_csrs._3330_/Q -> i_soc.i_qspi._17093_/D : -0.319730
[setup reg-reg] i_soc.i_dm_top.i_dm_csrs._3330_/Q -> i_soc.i_qspi._17596_/D : -0.319506
[setup reg-reg] i_soc.i_dm_top.i_dm_csrs._3330_/Q -> i_soc.i_qspi._18469_/D : -0.318931
[setup reg-reg] i_soc.i_dm_top.i_dm_csrs._3330_/Q -> i_soc.i_qspi._17930_/D : -0.318840
[setup reg-reg] i_soc.i_dm_top.i_dm_csrs._3330_/Q -> i_soc.i_qspi._17593_/D : -0.318641
[setup reg-reg] i_soc.i_dm_top.i_dm_csrs._3330_/Q -> i_soc.i_qspi._18761_/D : -0.318069
[setup reg-reg] i_soc.i_dm_top.i_dm_csrs._3330_/Q -> i_soc.i_qspi._17353_/D : -0.317726
[setup reg-reg] i_soc.i_dm_top.i_dm_csrs._3330_/Q -> i_soc.i_qspi._18565_/D : -0.317653
[setup reg-reg] i_soc.i_dm_top.i_dm_csrs._3330_/Q -> i_soc.i_qspi._17924_/D : -0.317211
[setup reg-reg] i_soc.i_dm_top.i_dm_csrs._3330_/Q -> i_soc.i_qspi._17467_/D : -0.317201
[setup reg-reg] i_soc.i_cpu.core_i.id_stage_i._3802_/Q -> i_soc.i_cpu.core_i.ex_stage_i.alu_i.alu_div_i._1526_/D : -0.316783
[setup reg-reg] i_soc.i_dm_top.i_dm_csrs._3330_/Q -> i_soc.i_qspi._18489_/D : -0.316176
[setup reg-reg] i_soc.i_dm_top.i_dm_csrs._3330_/Q -> i_soc.i_qspi._18705_/D : -0.315630
[setup reg-reg] i_soc.i_dm_top.i_dm_csrs._3330_/Q -> i_soc.i_qspi._18760_/D : -0.314547
[setup reg-reg] i_soc.i_cpu.core_i.id_stage_i._3802_/Q -> i_soc.i_cpu.core_i.ex_stage_i.alu_i.alu_div_i._1520_/D : -0.313982
[setup reg-reg] i_soc.i_dm_top.i_dm_csrs._3330_/Q -> i_soc.i_qspi._18501_/D : -0.313921
[setup reg-reg] i_soc.i_dm_top.i_dm_csrs._3330_/Q -> i_soc.i_qspi._18717_/D : -0.313921
[setup reg-reg] i_soc.i_dm_top.i_dm_csrs._3330_/Q -> i_soc.i_qspi._18014_/D : -0.312468
[setup reg-reg] i_soc.i_dm_top.i_dm_csrs._3330_/Q -> i_soc.i_qspi._18764_/D : -0.312381
[setup reg-reg] i_soc.i_dm_top.i_dm_csrs._3330_/Q -> i_soc.i_qspi._17589_/D : -0.311744
[setup reg-reg] i_soc.i_dm_top.i_dm_csrs._3330_/Q -> i_soc.i_qspi._17591_/D : -0.311530
[setup reg-reg] i_soc.i_dm_top.i_dm_csrs._3330_/Q -> i_soc.i_qspi._17957_/D : -0.311470
[setup reg-reg] i_soc.i_dm_top.i_dm_csrs._3330_/Q -> i_soc.i_qspi._17480_/D : -0.311399
[setup reg-reg] i_soc.i_qspi._21320_/Q -> i_soc.i_qspi._17001_/D : -0.311239
[setup reg-reg] i_soc.i_dm_top.i_dm_csrs._3330_/Q -> i_soc.i_qspi._17344_/D : -0.310765
[setup reg-reg] i_soc.i_dm_top.i_dm_csrs._3330_/Q -> i_soc.i_qspi._17495_/D : -0.310711
[setup reg-reg] i_soc.i_dm_top.i_dm_csrs._3330_/Q -> i_soc.i_qspi._17081_/D : -0.309827
[setup reg-reg] i_soc.i_dm_top.i_dm_csrs._3330_/Q -> i_soc.i_qspi._18078_/D : -0.309361
[setup reg-reg] i_soc.i_dm_top.i_dm_csrs._3330_/Q -> i_soc.i_qspi._17486_/D : -0.309099
[setup reg-reg] i_soc.i_dm_top.i_dm_csrs._3330_/Q -> i_soc.i_qspi._18500_/D : -0.308958
[setup reg-reg] i_soc.i_dm_top.i_dm_csrs._3330_/Q -> i_soc.i_qspi._18507_/D : -0.308622
[setup reg-reg] i_soc.i_dm_top.i_dm_csrs._3330_/Q -> i_soc.i_qspi._17084_/D : -0.307915
[setup reg-reg] i_soc.i_dm_top.i_dm_csrs._3330_/Q -> i_soc.i_qspi._17988_/D : -0.307564
[setup reg-reg] i_soc.i_qspi._21124_/Q -> i_soc.i_qspi._16984_/D : -0.306127
[setup reg-reg] i_soc.i_dm_top.i_dm_csrs._3330_/Q -> i_soc.i_qspi._18076_/D : -0.305874
[setup reg-reg] i_soc.i_dm_top.i_dm_csrs._3330_/Q -> i_soc.i_qspi._17595_/D : -0.305727
[setup reg-reg] i_soc.i_dm_top.i_dm_csrs._3330_/Q -> i_soc.i_qspi._18791_/D : -0.305448
[setup reg-reg] i_soc.i_dm_top.i_dm_csrs._3330_/Q -> i_soc.i_qspi._18071_/D : -0.304851
[setup reg-reg] i_soc.i_dm_top.i_dm_csrs._3330_/Q -> i_soc.i_qspi._17732_/D : -0.304574
[setup reg-reg] i_soc.i_dm_top.i_dm_csrs._3330_/Q -> i_soc.i_qspi._18085_/D : -0.302734
[setup reg-reg] i_soc.i_dm_top.i_dm_csrs._3330_/Q -> i_soc.i_qspi._17310_/D : -0.301338
[setup reg-reg] i_soc.i_dm_top.i_dm_csrs._3330_/Q -> i_soc.i_qspi._17083_/D : -0.300860
[setup reg-reg] i_soc.i_dm_top.i_dm_csrs._3330_/Q -> i_soc.i_qspi._17086_/D : -0.300455
[setup reg-reg] i_soc.i_dm_top.i_dm_csrs._3330_/Q -> i_soc.i_qspi._17080_/D : -0.300066
[setup reg-reg] i_soc.i_dm_top.i_dm_csrs._3330_/Q -> i_soc.i_qspi._17608_/D : -0.299927
[setup reg-reg] i_soc.i_dm_top.i_dm_csrs._3330_/Q -> i_soc.i_qspi._17598_/D : -0.299599
[setup reg-reg] i_soc.i_dm_top.i_dm_csrs._3330_/Q -> i_soc.i_qspi._18796_/D : -0.299162
[setup reg-reg] i_soc.i_dm_top.i_dm_csrs._3330_/Q -> i_soc.i_qspi._17592_/D : -0.297941
[setup reg-reg] i_soc.i_dm_top.i_dm_csrs._3330_/Q -> i_soc.i_qspi._17911_/D : -0.297190
[setup reg-reg] i_soc.i_dm_top.i_dm_csrs._3330_/Q -> i_soc.i_qspi._17989_/D : -0.296897
[setup reg-reg] i_soc.i_dm_top.i_dm_csrs._3330_/Q -> i_soc.i_qspi._17346_/D : -0.295044
[setup reg-reg] i_soc.i_dm_top.i_dm_csrs._3330_/Q -> i_soc.i_qspi._18766_/D : -0.294095
[setup reg-reg] i_soc.i_qspi._21124_/Q -> i_soc.i_qspi._17007_/D : -0.293523
[setup reg-reg] i_soc.i_ai_accel._23120_/Q -> i_soc.i_ai_accel._23360_/D : -0.292642
[setup reg-reg] i_soc.i_dm_top.i_dm_csrs._3330_/Q -> i_soc.i_qspi._18771_/D : -0.291349
[setup reg-reg] i_soc.i_dm_top.i_dm_csrs._3330_/Q -> i_soc.i_qspi._18779_/D : -0.289784
[setup reg-reg] i_soc.i_dm_top.i_dm_csrs._3330_/Q -> i_soc.i_qspi._17768_/D : -0.287658
[setup reg-reg] i_soc.i_dm_top.i_dm_csrs._3330_/Q -> i_soc.i_qspi._18488_/D : -0.287519
[setup reg-reg] i_soc.i_dm_top.i_dm_csrs._3330_/Q -> i_soc.i_qspi._18789_/D : -0.287217
[setup reg-reg] i_soc.i_dm_top.i_dm_csrs._3330_/Q -> i_soc.i_qspi._17410_/D : -0.286796
[setup reg-reg] i_soc.i_dm_top.i_dm_csrs._3330_/Q -> i_soc.i_qspi._18533_/D : -0.284253
[setup reg-reg] i_soc.i_dm_top.i_dm_csrs._3330_/Q -> i_soc.i_qspi._18597_/D : -0.284055
[setup reg-reg] i_soc.i_dm_top.i_dm_csrs._3330_/Q -> i_soc.i_qspi._17359_/D : -0.283151
[setup reg-reg] i_soc.i_dm_top.i_dm_csrs._3330_/Q -> i_soc.i_qspi._17915_/D : -0.283046
[setup reg-reg] i_soc.i_dm_top.i_dm_csrs._3330_/Q -> i_soc.i_qspi._17666_/D : -0.282597
[setup reg-reg] i_soc.i_dm_top.i_dm_csrs._3330_/Q -> i_soc.i_qspi._18737_/D : -0.281785
[setup reg-reg] i_soc.i_dm_top.i_dm_csrs._3330_/Q -> i_soc.i_qspi._18786_/D : -0.281601
[setup reg-reg] i_soc.i_dm_top.i_dm_csrs._3330_/Q -> i_soc.i_qspi._17929_/D : -0.279584
[setup reg-reg] i_soc.i_dm_top.i_dm_csrs._3330_/Q -> i_soc.i_qspi._18986_/D : -0.279199
[setup reg-reg] i_soc.i_dm_top.i_dm_csrs._3330_/Q -> i_soc.i_qspi._18978_/D : -0.278455
[setup reg-reg] i_soc.i_dm_top.i_dm_csrs._3330_/Q -> i_soc.i_qspi._17774_/D : -0.276755
[setup reg-reg] i_soc.i_dm_top.i_dm_csrs._3330_/Q -> i_soc.i_qspi._17442_/D : -0.276454
[setup reg-reg] i_soc.i_dm_top.i_dm_csrs._3330_/Q -> i_soc.i_qspi._18511_/D : -0.275735
[setup reg-reg] i_soc.i_dm_top.i_dm_csrs._3330_/Q -> i_soc.i_qspi._17794_/D : -0.273342
[setup reg-reg] i_soc.i_dm_top.i_dm_csrs._3330_/Q -> i_soc.i_qspi._17602_/D : -0.273193
[setup reg-reg] i_soc.i_dm_top.i_dm_csrs._3330_/Q -> i_soc.i_qspi._18084_/D : -0.272536
[setup reg-reg] i_soc.i_dm_top.i_dm_csrs._3330_/Q -> i_soc.i_qspi._17122_/D : -0.272413
[setup reg-reg] i_soc.i_dm_top.i_dm_csrs._3330_/Q -> i_soc.i_qspi._18082_/D : -0.270951
[setup reg-reg] i_soc.i_dm_top.i_dm_csrs._3330_/Q -> i_soc.i_qspi._18434_/D : -0.270660
[setup reg-reg] i_soc.i_dm_top.i_dm_csrs._3330_/Q -> i_soc.i_qspi._17762_/D : -0.269644
[setup reg-reg] i_soc.i_dm_top.i_dm_csrs._3330_/Q -> i_soc.i_qspi._17987_/D : -0.268466
[setup reg-reg] i_soc.i_dm_top.i_dm_csrs._3330_/Q -> i_soc.i_qspi._17634_/D : -0.267510
[setup reg-reg] i_soc.i_dm_top.i_dm_csrs._3330_/Q -> i_soc.i_qspi._17994_/D : -0.266725
[setup reg-reg] i_soc.i_dm_top.i_dm_csrs._3330_/Q -> i_soc.i_qspi._17931_/D : -0.266425
[setup reg-reg] i_soc.i_dm_top.i_dm_csrs._3330_/Q -> i_soc.i_qspi._17730_/D : -0.266132
[setup reg-reg] i_soc.i_dm_top.i_dm_csrs._3330_/Q -> i_soc.i_qspi._17506_/D : -0.264579
[setup reg-reg] i_soc.i_dm_top.i_dm_csrs._3330_/Q -> i_soc.i_qspi._17474_/D : -0.262114
[setup reg-reg] i_soc.i_dm_top.i_dm_csrs._3330_/Q -> i_soc.i_qspi._17975_/D : -0.259723
[setup reg-reg] i_soc.i_dm_top.i_dm_csrs._3330_/Q -> i_soc.i_qspi._17314_/D : -0.255916
[setup reg-reg] i_soc.i_dm_top.i_dm_csrs._3330_/Q -> i_soc.i_qspi._18739_/D : -0.253744
[setup reg-reg] i_soc.i_dm_top.i_dm_csrs._3330_/Q -> i_soc.i_qspi._17920_/D : -0.253708
[setup reg-reg] i_soc.i_ai_accel._23120_/Q -> i_soc.i_ai_accel._23359_/D : -0.253396
[setup reg-reg] i_soc.i_dm_top.i_dm_csrs._3330_/Q -> i_soc.i_qspi._18953_/D : -0.253337
[setup reg-reg] i_soc.i_ai_accel._23337_/Q -> i_soc.i_ai_accel._23037_/D : -0.251827
[setup reg-reg] i_soc.i_dm_top.i_dm_csrs._3330_/Q -> i_soc.i_qspi._17642_/D : -0.250646
[setup reg-reg] i_soc.i_dm_top.i_dm_csrs._3330_/Q -> i_soc.i_qspi._18841_/D : -0.250555
[setup reg-reg] i_soc.i_dm_top.i_dm_csrs._3330_/Q -> i_soc.i_qspi._18958_/D : -0.250482
[setup reg-reg] i_soc.i_dm_top.i_dm_csrs._3330_/Q -> i_soc.i_qspi._17698_/D : -0.248415
[setup reg-reg] i_soc.i_dm_top.i_dm_csrs._3330_/Q -> i_soc.i_qspi._17509_/D : -0.247891
[setup reg-reg] i_soc.i_dm_top.i_dm_csrs._3330_/Q -> i_soc.i_qspi._18782_/D : -0.247866
[setup reg-reg] i_soc.i_cpu.core_i.id_stage_i._3711_/Q -> i_soc.i_cpu.core_i.if_stage_i.aligner_i._863_/D : -0.246155
[setup reg-reg] i_soc.i_dm_top.i_dm_csrs._3330_/Q -> i_soc.i_qspi._18785_/D : -0.246102
[setup reg-reg] i_soc.i_dm_top.i_dm_csrs._3330_/Q -> i_soc.i_qspi._18797_/D : -0.245421
[setup reg-reg] i_soc.i_cpu.core_i.id_stage_i._3711_/Q -> i_soc.i_cpu.core_i.if_stage_i.aligner_i._865_/D : -0.244144
[setup reg-reg] i_soc.i_dm_top.i_dm_csrs._3330_/Q -> i_soc.i_qspi._17479_/D : -0.243979
[setup reg-reg] i_soc.i_dm_top.i_dm_csrs._3330_/Q -> i_soc.i_qspi._18966_/D : -0.243649
[setup reg-reg] i_soc.i_dm_top.i_dm_csrs._3330_/Q -> i_soc.i_qspi._18839_/D : -0.243633
[setup reg-reg] i_soc.i_dm_top.i_dm_csrs._3330_/Q -> i_soc.i_qspi._18851_/D : -0.243164
[setup reg-reg] i_soc.i_dm_top.i_dm_csrs._3330_/Q -> i_soc.i_qspi._17332_/D : -0.241414
[setup reg-reg] i_soc.i_dm_top.i_dm_csrs._3330_/Q -> i_soc.i_qspi._18213_/D : -0.239950
[setup reg-reg] i_soc.i_dm_top.i_dm_csrs._3330_/Q -> i_soc.i_qspi._18020_/D : -0.238767
[setup reg-reg] i_soc.i_dm_top.i_dm_csrs._3330_/Q -> i_soc.i_qspi._18019_/D : -0.238185
[setup reg-reg] i_soc.i_dm_top.i_dm_csrs._3330_/Q -> i_soc.i_qspi._18955_/D : -0.237920
[setup reg-reg] i_soc.i_dm_top.i_dm_csrs._3330_/Q -> i_soc.i_qspi._18181_/D : -0.236431
[setup reg-reg] i_soc.i_dm_top.i_dm_csrs._3330_/Q -> i_soc.i_qspi._18206_/D : -0.236225
[setup reg-reg] i_soc.i_dm_top.i_dm_csrs._3330_/Q -> i_soc.i_qspi._17483_/D : -0.235584
[setup reg-reg] i_soc.i_qspi._21320_/Q -> i_soc.i_qspi._16981_/D : -0.234824
[setup reg-reg] i_soc.i_dm_top.i_dm_csrs._3330_/Q -> i_soc.i_qspi._18844_/D : -0.233973
[setup reg-reg] i_soc.i_dm_top.i_dm_csrs._3330_/Q -> i_soc.i_qspi._18504_/D : -0.233765
[setup reg-reg] i_soc.i_dm_top.i_dm_csrs._3330_/Q -> i_soc.i_qspi._18951_/D : -0.233394
[setup reg-reg] i_soc.i_dm_top.i_dm_csrs._3330_/Q -> i_soc.i_qspi._18466_/D : -0.232294
[setup reg-reg] i_soc.i_dm_top.i_dm_csrs._3330_/Q -> i_soc.i_qspi._18850_/D : -0.231813
[setup reg-reg] i_soc.i_dm_top.i_dm_csrs._3330_/Q -> i_soc.i_qspi._18484_/D : -0.231335
[setup reg-reg] i_soc.i_dm_top.i_dm_csrs._3330_/Q -> i_soc.i_qspi._18775_/D : -0.230344
[setup reg-reg] i_soc.i_dm_top.i_dm_csrs._3330_/Q -> i_soc.i_qspi._17787_/D : -0.229923
[setup reg-reg] i_soc.i_dm_top.i_dm_csrs._3330_/Q -> i_soc.i_qspi._18492_/D : -0.229015
[setup reg-reg] i_soc.i_dm_top.i_dm_csrs._3330_/Q -> i_soc.i_qspi._17301_/D : -0.228775
[setup reg-reg] i_soc.i_dm_top.i_dm_csrs._3330_/Q -> i_soc.i_qspi._18852_/D : -0.228759
[setup reg-reg] i_soc.i_dm_top.i_dm_csrs._3330_/Q -> i_soc.i_qspi._18562_/D : -0.227926
[setup reg-reg] i_soc.i_dm_top.i_dm_csrs._3330_/Q -> i_soc.i_qspi._18777_/D : -0.226192
[setup reg-reg] i_soc.i_dm_top.i_dm_csrs._3330_/Q -> i_soc.i_qspi._17481_/D : -0.225755
[setup reg-reg] i_soc.i_dm_top.i_dm_csrs._3330_/Q -> i_soc.i_qspi._17767_/D : -0.225301
[setup reg-reg] i_soc.i_dm_top.i_dm_csrs._3330_/Q -> i_soc.i_qspi._17303_/D : -0.225052
[setup reg-reg] i_soc.i_dm_top.i_dm_csrs._3330_/Q -> i_soc.i_qspi._18776_/D : -0.224990
[setup reg-reg] i_soc.i_dm_top.i_dm_csrs._3330_/Q -> i_soc.i_qspi._18848_/D : -0.222355
[setup reg-reg] i_soc.i_dm_top.i_dm_csrs._3330_/Q -> i_soc.i_qspi._18780_/D : -0.221743
[setup reg-reg] i_soc.i_cpu.core_i.id_stage_i._3711_/Q -> i_soc.i_cpu.core_i.if_stage_i.aligner_i._866_/D : -0.221339
[setup reg-reg] i_soc.i_cpu.core_i.id_stage_i._3711_/Q -> i_soc.i_cpu.core_i.if_stage_i.aligner_i._870_/D : -0.221055
[setup reg-reg] i_soc.i_dm_top.i_dm_csrs._3330_/Q -> i_soc.i_qspi._18560_/D : -0.220465
[setup reg-reg] i_soc.i_dm_top.i_dm_csrs._3330_/Q -> i_soc.i_qspi._18858_/D : -0.219586
[setup reg-reg] i_soc.i_dm_top.i_dm_csrs._3330_/Q -> i_soc.i_qspi._18933_/D : -0.219510
[setup reg-reg] i_soc.i_dm_top.i_dm_csrs._3330_/Q -> i_soc.i_qspi._18556_/D : -0.218719
[setup reg-reg] i_soc.i_cpu.core_i.id_stage_i._3711_/Q -> i_soc.i_cpu.core_i.if_stage_i.aligner_i._867_/D : -0.218559
[setup reg-reg] i_soc.i_dm_top.i_dm_csrs._3330_/Q -> i_soc.i_qspi._18788_/D : -0.218440
[setup reg-reg] i_soc.i_dm_top.i_dm_csrs._3330_/Q -> i_soc.i_qspi._17761_/D : -0.218325
[setup reg-reg] i_soc.i_dm_top.i_dm_csrs._3330_/Q -> i_soc.i_qspi._17953_/D : -0.218193
[setup reg-reg] i_soc.i_dm_top.i_dm_csrs._3330_/Q -> i_soc.i_qspi._18049_/D : -0.217840
[setup reg-reg] i_soc.i_dm_top.i_dm_csrs._3330_/Q -> i_soc.i_qspi._18952_/D : -0.217801
[setup reg-reg] i_soc.i_dm_top.i_dm_csrs._3330_/Q -> i_soc.i_qspi._17932_/D : -0.217790
[setup reg-reg] i_soc.i_cpu.core_i.id_stage_i._3711_/Q -> i_soc.i_cpu.core_i.if_stage_i.aligner_i._861_/D : -0.217549
[setup reg-reg] i_soc.i_dm_top.i_dm_csrs._3330_/Q -> i_soc.i_qspi._18932_/D : -0.216819
[setup reg-reg] i_soc.i_qspi._21124_/Q -> i_soc.i_qspi._21283_/D : -0.216668
[setup reg-reg] i_soc.i_dm_top.i_dm_csrs._3330_/Q -> i_soc.i_qspi._17334_/D : -0.215694
[setup reg-reg] i_soc.i_dm_top.i_dm_csrs._3330_/Q -> i_soc.i_qspi._18505_/D : -0.215694
[setup reg-reg] i_soc.i_dm_top.i_dm_csrs._3330_/Q -> i_soc.i_qspi._18007_/D : -0.215417
[setup reg-reg] i_soc.i_dm_top.i_dm_csrs._3330_/Q -> i_soc.i_qspi._18455_/D : -0.215282
[setup reg-reg] i_soc.i_cpu.core_i.id_stage_i._3711_/Q -> i_soc.i_cpu.core_i.if_stage_i.aligner_i._868_/D : -0.214536
[setup reg-reg] i_soc.i_dm_top.i_dm_csrs._3330_/Q -> i_soc.i_qspi._17472_/D : -0.214349
[setup reg-reg] i_soc.i_dm_top.i_dm_csrs._3330_/Q -> i_soc.i_qspi._18551_/D : -0.214140
[setup reg-reg] i_soc.i_dm_top.i_dm_csrs._3330_/Q -> i_soc.i_qspi._18508_/D : -0.213404
[setup reg-reg] i_soc.i_dm_top.i_dm_csrs._3330_/Q -> i_soc.i_qspi._18485_/D : -0.213360
[setup reg-reg] i_soc.i_dm_top.i_dm_csrs._3330_/Q -> i_soc.i_qspi._17760_/D : -0.212392
[setup reg-reg] i_soc.i_qspi._21124_/Q -> i_soc.i_qspi._16991_/D : -0.211905
[setup reg-reg] i_soc.i_dm_top.i_dm_csrs._3330_/Q -> i_soc.i_qspi._18494_/D : -0.209830
[setup reg-reg] i_soc.i_dm_top.i_dm_csrs._3330_/Q -> i_soc.i_qspi._18017_/D : -0.208658
[setup reg-reg] i_soc.i_dm_top.i_dm_csrs._3330_/Q -> i_soc.i_qspi._17769_/D : -0.208638
[setup reg-reg] i_soc.i_dm_top.i_dm_csrs._3330_/Q -> i_soc.i_qspi._17765_/D : -0.208390
[setup reg-reg] i_soc.i_dm_top.i_dm_csrs._3330_/Q -> i_soc.i_qspi._18211_/D : -0.208322
[setup reg-reg] i_soc.i_dm_top.i_dm_csrs._3330_/Q -> i_soc.i_qspi._18214_/D : -0.208130
[setup reg-reg] i_soc.i_cpu.core_i.id_stage_i._3721_/Q -> i_soc.i_ai_sram.u_sram.gen_bank[3].gen_512.u_macro/csb0 : -0.207491
[setup reg-reg] i_soc.i_dm_top.i_dm_csrs._3330_/Q -> i_soc.i_qspi._18457_/D : -0.205537
[setup reg-reg] i_soc.i_dm_top.i_dm_csrs._3330_/Q -> i_soc.i_qspi._18481_/D : -0.204841
[setup reg-reg] i_soc.i_dm_top.i_dm_csrs._3330_/Q -> i_soc.i_qspi._18491_/D : -0.204405
[setup reg-reg] i_soc.i_dm_top.i_dm_csrs._3330_/Q -> i_soc.i_qspi._18553_/D : -0.203210
[setup reg-reg] i_soc.i_dm_top.i_dm_csrs._3330_/Q -> i_soc.i_qspi._17984_/D : -0.202382
[setup reg-reg] i_soc.i_dm_top.i_dm_csrs._3330_/Q -> i_soc.i_qspi._17773_/D : -0.202379
[setup reg-reg] i_soc.i_dm_top.i_dm_csrs._3330_/Q -> i_soc.i_qspi._18212_/D : -0.202220
[setup reg-reg] i_soc.i_dm_top.i_dm_csrs._3330_/Q -> i_soc.i_qspi._17913_/D : -0.202043
[setup reg-reg] i_soc.i_dm_top.i_dm_csrs._3330_/Q -> i_soc.i_qspi._18483_/D : -0.200265
[setup reg-reg] i_soc.i_dm_top.i_dm_csrs._3330_/Q -> i_soc.i_qspi._17098_/D : -0.200046
[setup reg-reg] i_soc.i_dm_top.i_dm_csrs._3330_/Q -> i_soc.i_qspi._17738_/D : -0.199771
[setup reg-reg] i_soc.i_dm_top.i_dm_csrs._3330_/Q -> i_soc.i_qspi._17985_/D : -0.199705
[setup reg-reg] i_soc.i_dm_top.i_dm_csrs._3330_/Q -> i_soc.i_qspi._17487_/D : -0.198765
[setup reg-reg] i_soc.i_dm_top.i_dm_csrs._3330_/Q -> i_soc.i_qspi._17750_/D : -0.198597
[setup reg-reg] i_soc.i_dm_top.i_dm_csrs._3330_/Q -> i_soc.i_qspi._18199_/D : -0.197550
[setup reg-reg] i_soc.i_dm_top.i_dm_csrs._3330_/Q -> i_soc.i_qspi._18026_/D : -0.196806
[setup reg-reg] i_soc.i_dm_top.i_dm_csrs._3330_/Q -> i_soc.i_qspi._17921_/D : -0.196790
[setup reg-reg] i_soc.i_dm_top.i_dm_csrs._3330_/Q -> i_soc.i_qspi._18510_/D : -0.196618
[setup reg-reg] i_soc.i_dm_top.i_dm_csrs._3330_/Q -> i_soc.i_qspi._17206_/D : -0.195712
[setup reg-reg] i_soc.i_dm_top.i_dm_csrs._3330_/Q -> i_soc.i_qspi._17775_/D : -0.194474
[setup reg-reg] i_soc.i_dm_top.i_dm_csrs._3330_/Q -> i_soc.i_qspi._17889_/D : -0.194463
[setup reg-reg] i_soc.i_dm_top.i_dm_csrs._3330_/Q -> i_soc.i_qspi._18198_/D : -0.194335
[setup reg-reg] i_soc.i_dm_top.i_dm_csrs._3330_/Q -> i_soc.i_qspi._17922_/D : -0.193204
[setup reg-reg] i_soc.i_dm_top.i_dm_csrs._3330_/Q -> i_soc.i_qspi._17909_/D : -0.192729
[setup reg-reg] i_soc.i_cpu.core_i.id_stage_i._3802_/Q -> i_soc.i_cpu.core_i.ex_stage_i.alu_i.alu_div_i._1499_/D : -0.192530
[setup reg-reg] i_soc.i_dm_top.i_dm_csrs._3330_/Q -> i_soc.i_qspi._17979_/D : -0.192356
[setup reg-reg] i_soc.i_dm_top.i_dm_csrs._3330_/Q -> i_soc.i_qspi._18090_/D : -0.190747
[setup reg-reg] i_soc.i_dm_top.i_dm_csrs._3330_/Q -> i_soc.i_qspi._17594_/D : -0.188217
[setup reg-reg] i_soc.i_dm_top.i_dm_csrs._3330_/Q -> i_soc.i_qspi._17934_/D : -0.188106
[setup reg-reg] i_soc.i_dm_top.i_dm_csrs._3330_/Q -> i_soc.i_qspi._18502_/D : -0.187784
[setup reg-reg] i_soc.i_dm_top.i_dm_csrs._3330_/Q -> i_soc.i_qspi._17626_/D : -0.183816
[setup reg-reg] i_soc.i_dm_top.i_dm_csrs._3330_/Q -> i_soc.i_qspi._17610_/D : -0.183620
[setup reg-reg] i_soc.i_dm_top.i_dm_csrs._3330_/Q -> i_soc.i_qspi._18467_/D : -0.181128
[setup reg-reg] i_soc.i_dm_top.i_dm_csrs._3330_/Q -> i_soc.i_qspi._18564_/D : -0.180252
[setup reg-reg] i_soc.i_dm_top.i_dm_csrs._3330_/Q -> i_soc.i_qspi._17986_/D : -0.180179
[setup reg-reg] i_soc.i_dm_top.i_dm_csrs._3330_/Q -> i_soc.i_qspi._17976_/D : -0.179591
[setup reg-reg] i_soc.i_dm_top.i_dm_csrs._3330_/Q -> i_soc.i_qspi._18570_/D : -0.179462
[setup reg-reg] i_soc.i_dm_top.i_dm_csrs._3330_/Q -> i_soc.i_qspi._17264_/D : -0.179437
[setup reg-reg] i_soc.i_dm_top.i_dm_csrs._3330_/Q -> i_soc.i_qspi._18203_/D : -0.178822
[setup reg-reg] i_soc.i_dm_top.i_dm_csrs._3330_/Q -> i_soc.i_qspi._17356_/D : -0.178046
[setup reg-reg] i_soc.i_dm_top.i_dm_csrs._3330_/Q -> i_soc.i_qspi._17337_/D : -0.177581
[setup reg-reg] i_soc.i_dm_top.i_dm_csrs._3330_/Q -> i_soc.i_qspi._18563_/D : -0.177536
[setup reg-reg] i_soc.i_dm_top.i_dm_csrs._3330_/Q -> i_soc.i_qspi._17617_/D : -0.177279
[setup reg-reg] i_soc.i_dm_top.i_dm_csrs._3330_/Q -> i_soc.i_qspi._17348_/D : -0.176465
[setup reg-reg] i_soc.i_cpu.core_i.id_stage_i._3711_/Q -> i_soc.i_cpu.core_i.if_stage_i.aligner_i._869_/D : -0.175742
[setup reg-reg] i_soc.i_dm_top.i_dm_csrs._3330_/Q -> i_soc.i_qspi._17926_/D : -0.175476
[setup reg-reg] i_soc.i_dm_top.i_dm_csrs._3330_/Q -> i_soc.i_qspi._17354_/D : -0.175328
[setup reg-reg] i_soc.i_dm_top.i_dm_csrs._3330_/Q -> i_soc.i_qspi._18195_/D : -0.175225
[setup reg-reg] i_soc.i_dm_top.i_dm_csrs._3330_/Q -> i_soc.i_qspi._18486_/D : -0.174721
[setup reg-reg] i_soc.i_ai_accel._23189_/Q -> i_soc.i_ai_accel._23225_/D : -0.173758
[setup reg-reg] i_soc.i_cpu.core_i.id_stage_i._3721_/Q -> i_soc.i_cpu.core_i.id_stage_i._3817_/D : -0.173026
[setup reg-reg] i_soc.i_dm_top.i_dm_csrs._3330_/Q -> i_soc.i_qspi._17977_/D : -0.172923
[setup reg-reg] i_soc.i_dm_top.i_dm_csrs._3330_/Q -> i_soc.i_qspi._18021_/D : -0.172816
[setup reg-reg] i_soc.i_dm_top.i_dm_csrs._3330_/Q -> i_soc.i_qspi._18800_/D : -0.170619
[setup reg-reg] i_soc.i_dm_top.i_dm_csrs._3330_/Q -> i_soc.i_qspi._18957_/D : -0.170544
[setup reg-reg] i_soc.i_cpu.core_i.id_stage_i._3711_/Q -> i_soc.i_cpu.core_i.if_stage_i.aligner_i._871_/D : -0.170374
[setup reg-reg] i_soc.i_dm_top.i_dm_csrs._3330_/Q -> i_soc.i_qspi._18016_/D : -0.170145
[setup reg-reg] i_soc.i_cpu.core_i.id_stage_i._3721_/Q -> i_soc.i_cpu.core_i.cs_registers_i._4269_/D : -0.169553
[setup reg-reg] i_soc.i_dm_top.i_dm_csrs._3330_/Q -> i_soc.i_qspi._17780_/D : -0.169329
[setup reg-reg] i_soc.i_dm_top.i_dm_csrs._3330_/Q -> i_soc.i_qspi._18931_/D : -0.168820
[setup reg-reg] i_soc.i_dm_top.i_dm_csrs._3330_/Q -> i_soc.i_qspi._17905_/D : -0.168699
[setup reg-reg] i_soc.i_dm_top.i_dm_csrs._3330_/Q -> i_soc.i_qspi._18960_/D : -0.168381
[setup reg-reg] i_soc.i_dm_top.i_dm_csrs._3330_/Q -> i_soc.i_qspi._17969_/D : -0.168287
[setup reg-reg] i_soc.i_dm_top.i_dm_csrs._3330_/Q -> i_soc.i_qspi._17771_/D : -0.168235
[setup reg-reg] i_soc.i_dm_top.i_dm_csrs._3330_/Q -> i_soc.i_qspi._18569_/D : -0.168081
[setup reg-reg] i_soc.i_dm_top.i_dm_csrs._3330_/Q -> i_soc.i_qspi._18474_/D : -0.167917
[setup reg-reg] i_soc.i_dm_top.i_dm_csrs._3330_/Q -> i_soc.i_qspi._18945_/D : -0.167658
[setup reg-reg] i_soc.i_dm_top.i_dm_csrs._3330_/Q -> i_soc.i_qspi._18030_/D : -0.167002
[setup reg-reg] i_soc.i_dm_top.i_dm_csrs._3330_/Q -> i_soc.i_qspi._18096_/D : -0.166578
[setup reg-reg] i_soc.i_dm_top.i_dm_csrs._3330_/Q -> i_soc.i_qspi._18567_/D : -0.166331
[setup reg-reg] i_soc.i_dm_top.i_dm_csrs._3330_/Q -> i_soc.i_qspi._17340_/D : -0.165819
[setup reg-reg] i_soc.i_dm_top.i_dm_csrs._3330_/Q -> i_soc.i_qspi._18219_/D : -0.165107
[setup reg-reg] i_soc.i_dm_top.i_dm_csrs._3330_/Q -> i_soc.i_qspi._18468_/D : -0.164420
[setup reg-reg] i_soc.i_dm_top.i_dm_csrs._3330_/Q -> i_soc.i_qspi._17972_/D : -0.162778
[setup reg-reg] i_soc.i_dm_top.i_dm_csrs._3330_/Q -> i_soc.i_qspi._18956_/D : -0.161894
[setup reg-reg] i_soc.i_dm_top.i_dm_csrs._3330_/Q -> i_soc.i_qspi._18215_/D : -0.161256
[setup reg-reg] i_soc.i_dm_top.i_dm_csrs._3330_/Q -> i_soc.i_qspi._17104_/D : -0.160870
[setup reg-reg] i_soc.i_dm_top.i_dm_csrs._3330_/Q -> i_soc.i_qspi._18053_/D : -0.160281
[setup reg-reg] i_soc.i_dm_top.i_dm_csrs._3330_/Q -> i_soc.i_qspi._17893_/D : -0.160279
[setup reg-reg] i_soc.i_dm_top.i_dm_csrs._3330_/Q -> i_soc.i_qspi._18949_/D : -0.158821
[setup reg-reg] i_soc.i_dm_top.i_dm_csrs._3330_/Q -> i_soc.i_qspi._18471_/D : -0.158723
[setup reg-reg] i_soc.i_dm_top.i_dm_csrs._3330_/Q -> i_soc.i_qspi._17639_/D : -0.158519
[setup reg-reg] i_soc.i_dm_top.i_dm_csrs._3330_/Q -> i_soc.i_qspi._18939_/D : -0.157948
[setup reg-reg] i_soc.i_cpu.core_i.id_stage_i._3802_/Q -> i_soc.i_cpu.core_i.ex_stage_i.alu_i.alu_div_i._1502_/D : -0.157462
[setup reg-reg] i_soc.i_dm_top.i_dm_csrs._3330_/Q -> i_soc.i_qspi._17927_/D : -0.155319
[setup reg-reg] i_soc.i_dm_top.i_dm_csrs._3330_/Q -> i_soc.i_qspi._18174_/D : -0.154964
[setup reg-reg] i_soc.i_dm_top.i_dm_csrs._3330_/Q -> i_soc.i_qspi._18448_/D : -0.154726
[setup reg-reg] i_soc.i_dm_top.i_dm_csrs._3330_/Q -> i_soc.i_qspi._17296_/D : -0.154717
[setup reg-reg] i_soc.i_dm_top.i_dm_csrs._3330_/Q -> i_soc.i_qspi._18217_/D : -0.154436
[setup reg-reg] i_soc.i_dm_top.i_dm_csrs._3330_/Q -> i_soc.i_qspi._17744_/D : -0.154218
[setup reg-reg] i_soc.i_dm_top.i_dm_csrs._3330_/Q -> i_soc.i_qspi._17783_/D : -0.152987
[setup reg-reg] i_soc.i_dm_top.i_dm_csrs._3330_/Q -> i_soc.i_qspi._18940_/D : -0.152831
[setup reg-reg] i_soc.i_dm_top.i_dm_csrs._3330_/Q -> i_soc.i_qspi._17781_/D : -0.151982
[setup reg-reg] i_soc.i_dm_top.i_dm_csrs._3330_/Q -> i_soc.i_qspi._18884_/D : -0.150585
[setup reg-reg] i_soc.i_dm_top.i_dm_csrs._3330_/Q -> i_soc.i_qspi._17646_/D : -0.149210
[setup reg-reg] i_soc.i_dm_top.i_dm_csrs._3330_/Q -> i_soc.i_qspi._18208_/D : -0.148434
[setup reg-reg] i_soc.i_dm_top.i_dm_csrs._3330_/Q -> i_soc.i_qspi._17304_/D : -0.147717
[setup reg-reg] i_soc.i_dm_top.i_dm_csrs._3330_/Q -> i_soc.i_qspi._17990_/D : -0.146750
[setup reg-reg] i_soc.i_dm_top.i_dm_csrs._3330_/Q -> i_soc.i_qspi._18876_/D : -0.144155
[setup reg-reg] i_soc.i_dm_top.i_dm_csrs._3330_/Q -> i_soc.i_qspi._17998_/D : -0.143840
[setup reg-reg] i_soc.i_dm_top.i_dm_csrs._3330_/Q -> i_soc.i_qspi._17632_/D : -0.143183
[setup reg-reg] i_soc.i_dm_top.i_dm_csrs._3330_/Q -> i_soc.i_qspi._17973_/D : -0.143162
[setup reg-reg] i_soc.i_dm_top.i_dm_csrs._3330_/Q -> i_soc.i_qspi._17645_/D : -0.142906
[setup reg-reg] i_soc.i_dm_top.i_dm_csrs._3330_/Q -> i_soc.i_qspi._18552_/D : -0.142645
[setup reg-reg] i_soc.i_dm_top.i_dm_csrs._3330_/Q -> i_soc.i_qspi._17641_/D : -0.141592
[setup reg-reg] i_soc.i_dm_top.i_dm_csrs._3330_/Q -> i_soc.i_qspi._17462_/D : -0.141144
[setup reg-reg] i_soc.i_dm_top.i_dm_csrs._3330_/Q -> i_soc.i_qspi._17788_/D : -0.140663
[setup reg-reg] i_soc.i_dm_top.i_dm_csrs._3330_/Q -> i_soc.i_qspi._17320_/D : -0.140451
[setup reg-reg] i_soc.i_dm_top.i_dm_csrs._3330_/Q -> i_soc.i_qspi._17916_/D : -0.138135
[setup reg-reg] i_soc.i_dm_top.i_dm_csrs._3330_/Q -> i_soc.i_qspi._18882_/D : -0.137664
[setup reg-reg] i_soc.i_dm_top.i_dm_csrs._3330_/Q -> i_soc.i_qspi._18741_/D : -0.137401
[setup reg-reg] i_soc.i_dm_top.i_dm_csrs._3330_/Q -> i_soc.i_qspi._18011_/D : -0.137142
[setup reg-reg] i_soc.i_cpu.core_i.id_stage_i._3711_/Q -> i_soc.i_cpu.core_i.if_stage_i.aligner_i._864_/D : -0.136481
[setup reg-reg] i_soc.i_dm_top.i_dm_csrs._3330_/Q -> i_soc.i_qspi._17996_/D : -0.136048
[setup reg-reg] i_soc.i_cpu.core_i.id_stage_i._3721_/Q -> i_soc.i_cpu.core_i.cs_registers_i._4301_/D : -0.135417
[setup reg-reg] i_soc.i_dm_top.i_dm_csrs._3330_/Q -> i_soc.i_qspi._18880_/D : -0.134914
[setup reg-reg] i_soc.i_dm_top.i_dm_csrs._3330_/Q -> i_soc.i_qspi._18456_/D : -0.132907
[setup reg-reg] i_soc.i_dm_top.i_dm_csrs._3330_/Q -> i_soc.i_qspi._17647_/D : -0.132708
[setup reg-reg] i_soc.i_dm_top.i_dm_csrs._3330_/Q -> i_soc.i_qspi._18568_/D : -0.129427
[setup reg-reg] i_soc.i_dm_top.i_dm_csrs._3330_/Q -> i_soc.i_qspi._17980_/D : -0.128297
[setup reg-reg] i_soc.i_dm_top.i_dm_csrs._3330_/Q -> i_soc.i_qspi._18479_/D : -0.126963
[setup reg-reg] i_soc.i_dm_top.i_dm_csrs._3330_/Q -> i_soc.i_qspi._17935_/D : -0.126914
[setup reg-reg] i_soc.i_dm_top.i_dm_csrs._3330_/Q -> i_soc.i_qspi._18008_/D : -0.126880
[setup reg-reg] i_soc.i_dm_top.i_dm_csrs._3330_/Q -> i_soc.i_qspi._18871_/D : -0.126741
[setup reg-reg] i_soc.i_dm_top.i_dm_csrs._3330_/Q -> i_soc.i_qspi._17622_/D : -0.125830
[setup reg-reg] i_soc.i_dm_top.i_dm_csrs._3330_/Q -> i_soc.i_qspi._18548_/D : -0.124505
[setup reg-reg] i_soc.i_dm_top.i_dm_csrs._3330_/Q -> i_soc.i_qspi._18018_/D : -0.123785
[setup reg-reg] i_soc.i_dm_top.i_dm_csrs._3330_/Q -> i_soc.i_qspi._18604_/D : -0.123443
[setup reg-reg] i_soc.i_dm_top.i_dm_csrs._3330_/Q -> i_soc.i_qspi._18200_/D : -0.120705
[setup reg-reg] i_soc.i_dm_top.i_dm_csrs._3330_/Q -> i_soc.i_qspi._18873_/D : -0.120155
[setup reg-reg] i_soc.i_dm_top.i_dm_csrs._3330_/Q -> i_soc.i_qspi._18028_/D : -0.116652
[setup reg-reg] i_soc.i_dm_top.i_dm_csrs._3330_/Q -> i_soc.i_qspi._18547_/D : -0.113918
[setup reg-reg] i_soc.i_dm_top.i_dm_csrs._3330_/Q -> i_soc.i_qspi._17136_/D : -0.113815
[setup reg-reg] i_soc.i_dm_top.i_dm_csrs._3330_/Q -> i_soc.i_qspi._18585_/D : -0.113117
[setup reg-reg] i_soc.i_dm_top.i_dm_csrs._3330_/Q -> i_soc.i_qspi._18001_/D : -0.112232
[setup reg-reg] i_soc.i_dm_top.i_dm_csrs._3330_/Q -> i_soc.i_qspi._17991_/D : -0.111930
[setup reg-reg] i_soc.i_dm_top.i_dm_csrs._3330_/Q -> i_soc.i_qspi._18182_/D : -0.110957
[setup reg-reg] i_soc.i_dm_top.i_dm_csrs._3330_/Q -> i_soc.i_qspi._18460_/D : -0.110893
[setup reg-reg] i_soc.i_dm_top.i_dm_csrs._3330_/Q -> i_soc.i_qspi._18009_/D : -0.110239
[setup reg-reg] i_soc.i_dm_top.i_dm_csrs._3330_/Q -> i_soc.i_qspi._18005_/D : -0.110040
[setup reg-reg] i_soc.i_dm_top.i_dm_csrs._3330_/Q -> i_soc.i_qspi._18572_/D : -0.109052
[setup reg-reg] i_soc.i_dm_top.i_dm_csrs._3330_/Q -> i_soc.i_qspi._18594_/D : -0.108606
[setup reg-reg] i_soc.i_dm_top.i_dm_csrs._3330_/Q -> i_soc.i_qspi._18794_/D : -0.108351
[setup reg-reg] i_soc.i_dm_top.i_dm_csrs._3330_/Q -> i_soc.i_qspi._17643_/D : -0.107997
[setup reg-reg] i_soc.i_dm_top.i_dm_csrs._3330_/Q -> i_soc.i_qspi._18197_/D : -0.107194
[setup reg-reg] i_soc.i_dm_top.i_dm_csrs._3330_/Q -> i_soc.i_qspi._18179_/D : -0.107153
[setup reg-reg] i_soc.i_dm_top.i_dm_csrs._3330_/Q -> i_soc.i_qspi._18846_/D : -0.105993
[setup reg-reg] i_soc.i_dm_top.i_dm_csrs._3330_/Q -> i_soc.i_qspi._18588_/D : -0.105770
[setup reg-reg] i_soc.i_dm_top.i_dm_csrs._3330_/Q -> i_soc.i_qspi._18452_/D : -0.105745
[setup reg-reg] i_soc.i_dm_top.i_dm_csrs._3330_/Q -> i_soc.i_qspi._18462_/D : -0.105027
[setup reg-reg] i_soc.i_dm_top.i_dm_csrs._3330_/Q -> i_soc.i_qspi._18218_/D : -0.104938
[setup reg-reg] i_soc.i_dm_top.i_dm_csrs._3330_/Q -> i_soc.i_qspi._17456_/D : -0.104547
[setup reg-reg] i_soc.i_dm_top.i_dm_csrs._3330_/Q -> i_soc.i_qspi._18476_/D : -0.104491
[setup reg-reg] i_soc.i_dm_top.i_dm_csrs._3330_/Q -> i_soc.i_qspi._18583_/D : -0.103917
[setup reg-reg] i_soc.i_dm_top.i_dm_csrs._3330_/Q -> i_soc.i_qspi._18193_/D : -0.103491
[setup reg-reg] i_soc.i_dm_top.i_dm_csrs._3330_/Q -> i_soc.i_qspi._18566_/D : -0.102579
[setup reg-reg] i_soc.i_dm_top.i_dm_csrs._3330_/Q -> i_soc.i_qspi._17432_/D : -0.101819
[setup reg-reg] i_soc.i_dm_top.i_dm_csrs._3330_/Q -> i_soc.i_qspi._18854_/D : -0.100650
[setup reg-reg] i_soc.i_dm_top.i_dm_csrs._3330_/Q -> i_soc.i_qspi._18201_/D : -0.100522
[setup reg-reg] i_soc.i_dm_top.i_dm_csrs._3330_/Q -> i_soc.i_qspi._18833_/D : -0.099137
[setup reg-reg] i_soc.i_dm_top.i_dm_csrs._3330_/Q -> i_soc.i_qspi._18210_/D : -0.099135
[setup reg-reg] i_soc.i_dm_top.i_dm_csrs._3330_/Q -> i_soc.i_qspi._18937_/D : -0.098817
[setup reg-reg] i_soc.i_dm_top.i_dm_csrs._3330_/Q -> i_soc.i_qspi._18935_/D : -0.098689
[setup reg-reg] i_soc.i_ai_accel._23120_/Q -> i_soc.i_ai_accel._23357_/D : -0.097076
[setup reg-reg] i_soc.i_dm_top.i_dm_csrs._3330_/Q -> i_soc.i_qspi._17499_/D : -0.096815
[setup reg-reg] i_soc.i_dm_top.i_dm_csrs._3330_/Q -> i_soc.i_qspi._18840_/D : -0.096652
[setup reg-reg] i_soc.i_dm_top.i_dm_csrs._3330_/Q -> i_soc.i_qspi._18472_/D : -0.095833
[setup reg-reg] i_soc.i_dm_top.i_dm_csrs._3330_/Q -> i_soc.i_qspi._18936_/D : -0.093987
[setup reg-reg] i_soc.i_dm_top.i_dm_csrs._3330_/Q -> i_soc.i_qspi._18742_/D : -0.093495
[setup reg-reg] i_soc.i_dm_top.i_dm_csrs._3330_/Q -> i_soc.i_qspi._18166_/D : -0.092756
[setup reg-reg] i_soc.i_dm_top.i_dm_csrs._3330_/Q -> i_soc.i_qspi._18012_/D : -0.090422
[setup reg-reg] i_soc.i_dm_top.i_dm_csrs._3330_/Q -> i_soc.i_qspi._17611_/D : -0.089750
[setup reg-reg] i_soc.i_dm_top.i_dm_csrs._3330_/Q -> i_soc.i_qspi._18948_/D : -0.089482
[setup reg-reg] i_soc.i_dm_top.i_dm_csrs._3330_/Q -> i_soc.i_qspi._18942_/D : -0.089001
[setup reg-reg] i_soc.i_dm_top.i_dm_csrs._3330_/Q -> i_soc.i_qspi._18596_/D : -0.087967
[setup reg-reg] i_soc.i_dm_top.i_dm_csrs._3330_/Q -> i_soc.i_qspi._17607_/D : -0.087640
[setup reg-reg] i_soc.i_dm_top.i_dm_csrs._3330_/Q -> i_soc.i_qspi._18576_/D : -0.087482
[setup reg-reg] i_soc.i_dm_top.i_dm_csrs._3330_/Q -> i_soc.i_qspi._18222_/D : -0.087375
[setup reg-reg] i_soc.i_dm_top.i_dm_csrs._3330_/Q -> i_soc.i_qspi._18545_/D : -0.087081
[setup reg-reg] i_soc.i_dm_top.i_dm_csrs._3330_/Q -> i_soc.i_qspi._18883_/D : -0.086947
[setup reg-reg] i_soc.i_dm_top.i_dm_csrs._3330_/Q -> i_soc.i_qspi._18768_/D : -0.086818
[setup reg-reg] i_soc.i_dm_top.i_dm_csrs._3330_/Q -> i_soc.i_qspi._17512_/D : -0.086567
[setup reg-reg] i_soc.i_dm_top.i_dm_csrs._3330_/Q -> i_soc.i_qspi._18856_/D : -0.086049
[setup reg-reg] i_soc.i_dm_top.i_dm_csrs._3330_/Q -> i_soc.i_qspi._18862_/D : -0.085418
[setup reg-reg] i_soc.i_dm_top.i_dm_csrs._3330_/Q -> i_soc.i_qspi._18860_/D : -0.085123
[setup reg-reg] i_soc.i_dm_top.i_dm_csrs._3330_/Q -> i_soc.i_qspi._18595_/D : -0.084375
[setup reg-reg] i_soc.i_dm_top.i_dm_csrs._3330_/Q -> i_soc.i_qspi._18558_/D : -0.083897
[setup reg-reg] i_soc.i_dm_top.i_dm_csrs._3330_/Q -> i_soc.i_qspi._17790_/D : -0.082544
[setup reg-reg] i_soc.i_dm_top.i_dm_csrs._3330_/Q -> i_soc.i_qspi._18216_/D : -0.081558
[setup reg-reg] i_soc.i_dm_top.i_dm_csrs._3330_/Q -> i_soc.i_qspi._18832_/D : -0.081526
[setup reg-reg] i_soc.i_dm_top.i_dm_csrs._3330_/Q -> i_soc.i_qspi._17609_/D : -0.081032
[setup reg-reg] i_soc.i_dm_top.i_dm_csrs._3330_/Q -> i_soc.i_qspi._18180_/D : -0.080538
[setup reg-reg] i_soc.i_dm_top.i_dm_csrs._3330_/Q -> i_soc.i_qspi._18864_/D : -0.080318
[setup reg-reg] i_soc.i_dm_top.i_dm_csrs._3330_/Q -> i_soc.i_qspi._17424_/D : -0.079966
[setup reg-reg] i_soc.i_dm_top.i_dm_csrs._3330_/Q -> i_soc.i_qspi._17614_/D : -0.078092
[setup reg-reg] i_soc.i_dm_top.i_dm_csrs._3330_/Q -> i_soc.i_qspi._17518_/D : -0.077920
[setup reg-reg] i_soc.i_dm_top.i_dm_csrs._3330_/Q -> i_soc.i_qspi._18896_/D : -0.077081
[setup reg-reg] i_soc.i_dm_top.i_dm_csrs._3330_/Q -> i_soc.i_qspi._18544_/D : -0.076374
[setup reg-reg] i_soc.i_dm_top.i_dm_csrs._3330_/Q -> i_soc.i_qspi._18196_/D : -0.076207
[setup reg-reg] i_soc.i_dm_top.i_dm_csrs._3330_/Q -> i_soc.i_qspi._18608_/D : -0.075863
[setup reg-reg] i_soc.i_dm_top.i_dm_csrs._3330_/Q -> i_soc.i_qspi._17995_/D : -0.074998
[setup reg-reg] i_soc.i_dm_top.i_dm_csrs._3330_/Q -> i_soc.i_qspi._18602_/D : -0.074957
[setup reg-reg] i_soc.i_dm_top.i_dm_csrs._3330_/Q -> i_soc.i_qspi._18640_/D : -0.074920
[setup reg-reg] i_soc.i_dm_top.i_dm_csrs._3330_/Q -> i_soc.i_qspi._18022_/D : -0.074918
[setup reg-reg] i_soc.i_dm_top.i_dm_csrs._3330_/Q -> i_soc.i_qspi._17874_/D : -0.074552
[setup reg-reg] i_soc.i_dm_top.i_dm_csrs._3330_/Q -> i_soc.i_qspi._18928_/D : -0.074408
[setup reg-reg] i_soc.i_dm_top.i_dm_csrs._3330_/Q -> i_soc.i_qspi._17993_/D : -0.073708
[setup reg-reg] i_soc.i_dm_top.i_dm_csrs._3330_/Q -> i_soc.i_qspi._18163_/D : -0.073477
[setup reg-reg] i_soc.i_dm_top.i_dm_csrs._3330_/Q -> i_soc.i_qspi._18256_/D : -0.073131
[setup reg-reg] i_soc.i_dm_top.i_dm_csrs._3330_/Q -> i_soc.i_qspi._17600_/D : -0.072751
[setup reg-reg] i_soc.i_dm_top.i_dm_csrs._3330_/Q -> i_soc.i_qspi._18464_/D : -0.072736
[setup reg-reg] i_soc.i_dm_top.i_dm_csrs._3330_/Q -> i_soc.i_qspi._18835_/D : -0.072285
[setup reg-reg] i_soc.i_dm_top.i_dm_csrs._3330_/Q -> i_soc.i_qspi._18603_/D : -0.072163
[setup reg-reg] i_soc.i_dm_top.i_dm_csrs._3330_/Q -> i_soc.i_qspi._18288_/D : -0.070337
[setup reg-reg] i_soc.i_dm_top.i_dm_csrs._3330_/Q -> i_soc.i_qspi._18859_/D : -0.068811
[setup reg-reg] i_soc.i_dm_top.i_dm_csrs._3330_/Q -> i_soc.i_qspi._17431_/D : -0.067978
[setup reg-reg] i_soc.i_dm_top.i_dm_csrs._3330_/Q -> i_soc.i_qspi._18571_/D : -0.067812
[setup reg-reg] i_soc.i_dm_top.i_dm_csrs._3330_/Q -> i_soc.i_qspi._18220_/D : -0.067679
[setup reg-reg] i_soc.i_dm_top.i_dm_csrs._3330_/Q -> i_soc.i_qspi._17601_/D : -0.066978
[setup reg-reg] i_soc.i_dm_top.i_dm_csrs._3330_/Q -> i_soc.i_qspi._18855_/D : -0.066514
[setup reg-reg] i_soc.i_dm_top.i_dm_csrs._3330_/Q -> i_soc.i_qspi._17429_/D : -0.066215
[setup reg-reg] i_soc.i_dm_top.i_dm_csrs._3330_/Q -> i_soc.i_qspi._18223_/D : -0.064469
[setup reg-reg] i_soc.i_dm_top.i_dm_csrs._3330_/Q -> i_soc.i_qspi._18575_/D : -0.062711
[setup reg-reg] i_soc.i_dm_top.i_dm_csrs._3330_/Q -> i_soc.i_qspi._18459_/D : -0.062467
[setup reg-reg] i_soc.i_dm_top.i_dm_csrs._3330_/Q -> i_soc.i_qspi._17438_/D : -0.062190
[setup reg-reg] i_soc.i_dm_top.i_dm_csrs._3330_/Q -> i_soc.i_qspi._17784_/D : -0.060956
[setup reg-reg] i_soc.i_dm_top.i_dm_csrs._3330_/Q -> i_soc.i_qspi._18451_/D : -0.059568
[setup reg-reg] i_soc.i_dm_top.i_dm_csrs._3330_/Q -> i_soc.i_qspi._18176_/D : -0.059508
[setup reg-reg] i_soc.i_dm_top.i_dm_csrs._3330_/Q -> i_soc.i_qspi._18475_/D : -0.059446
[setup reg-reg] i_soc.i_dm_top.i_dm_csrs._3330_/Q -> i_soc.i_qspi._18549_/D : -0.059199
[setup reg-reg] i_soc.i_dm_top.i_dm_csrs._3330_/Q -> i_soc.i_qspi._18023_/D : -0.059071
[setup reg-reg] i_soc.i_dm_top.i_dm_csrs._3330_/Q -> i_soc.i_qspi._18837_/D : -0.058661
[setup reg-reg] i_soc.i_dm_top.i_dm_csrs._3330_/Q -> i_soc.i_qspi._18171_/D : -0.058307
[setup reg-reg] i_soc.i_dm_top.i_dm_csrs._3330_/Q -> i_soc.i_qspi._18550_/D : -0.057968
[setup reg-reg] i_soc.i_dm_top.i_dm_csrs._3330_/Q -> i_soc.i_qspi._18025_/D : -0.057220
[setup reg-reg] i_soc.i_dm_top.i_dm_csrs._3330_/Q -> i_soc.i_qspi._17428_/D : -0.056469
[setup reg-reg] i_soc.i_dm_top.i_dm_csrs._3330_/Q -> i_soc.i_qspi._18478_/D : -0.055145
[setup reg-reg] i_soc.i_dm_top.i_dm_csrs._3330_/Q -> i_soc.i_qspi._18857_/D : -0.054714
[setup reg-reg] i_soc.i_dm_top.i_dm_csrs._3330_/Q -> i_soc.i_qspi._18470_/D : -0.054651
[setup reg-reg] i_soc.i_dm_top.i_dm_csrs._3330_/Q -> i_soc.i_qspi._18555_/D : -0.053996
[setup reg-reg] i_soc.i_dm_top.i_dm_csrs._3330_/Q -> i_soc.i_qspi._18204_/D : -0.052291
[setup reg-reg] i_soc.i_dm_top.i_dm_csrs._3330_/Q -> i_soc.i_qspi._18183_/D : -0.050202
[setup reg-reg] i_soc.i_dm_top.i_dm_csrs._3330_/Q -> i_soc.i_qspi._18449_/D : -0.049724
[setup reg-reg] i_soc.i_dm_top.i_dm_csrs._3330_/Q -> i_soc.i_qspi._18453_/D : -0.049226
[setup reg-reg] i_soc.i_dm_top.i_dm_csrs._3330_/Q -> i_soc.i_qspi._18574_/D : -0.049145
[setup reg-reg] i_soc.i_dm_top.i_dm_csrs._3330_/Q -> i_soc.i_qspi._18836_/D : -0.048672
[setup reg-reg] i_soc.i_dm_top.i_dm_csrs._3330_/Q -> i_soc.i_qspi._17605_/D : -0.048615
[setup reg-reg] i_soc.i_dm_top.i_dm_csrs._3330_/Q -> i_soc.i_qspi._17615_/D : -0.048379
[setup reg-reg] i_soc.i_cpu.core_i.id_stage_i._3802_/Q -> i_soc.i_cpu.core_i.ex_stage_i.alu_i.alu_div_i._1511_/D : -0.047214
[setup reg-reg] i_soc.i_dm_top.i_dm_csrs._3330_/Q -> i_soc.i_qspi._18607_/D : -0.046979
[setup reg-reg] i_soc.i_dm_top.i_dm_csrs._3330_/Q -> i_soc.i_qspi._17484_/D : -0.046700
[setup reg-reg] i_soc.i_dm_top.i_dm_csrs._3330_/Q -> i_soc.i_qspi._18185_/D : -0.046686
[setup reg-reg] i_soc.i_dm_top.i_dm_csrs._3330_/Q -> i_soc.i_qspi._17613_/D : -0.043881
[setup reg-reg] i_soc.i_dm_top.i_dm_csrs._3330_/Q -> i_soc.i_qspi._18454_/D : -0.043492
[setup reg-reg] i_soc.i_dm_top.i_dm_csrs._3330_/Q -> i_soc.i_qspi._18187_/D : -0.042915
[setup reg-reg] i_soc.i_dm_top.i_dm_csrs._3330_/Q -> i_soc.i_qspi._18838_/D : -0.042792
[setup reg-reg] i_soc.i_dm_top.i_dm_csrs._3330_/Q -> i_soc.i_qspi._18473_/D : -0.041863
[setup reg-reg] i_soc.i_dm_top.i_dm_csrs._3330_/Q -> i_soc.i_qspi._18843_/D : -0.041554
[setup reg-reg] i_soc.i_dm_top.i_dm_csrs._3330_/Q -> i_soc.i_qspi._17590_/D : -0.037666
[setup reg-reg] i_soc.i_dm_top.i_dm_csrs._3330_/Q -> i_soc.i_qspi._17476_/D : -0.035675
[setup reg-reg] i_soc.i_dm_top.i_dm_csrs._3330_/Q -> i_soc.i_qspi._18598_/D : -0.035330
[setup reg-reg] i_soc.i_dm_top.i_dm_csrs._3330_/Q -> i_soc.i_qspi._18584_/D : -0.031086
[setup reg-reg] i_soc.i_dm_top.i_dm_csrs._3330_/Q -> i_soc.i_qspi._17329_/D : -0.029802
[setup reg-reg] i_soc.i_dm_top.i_dm_csrs._3330_/Q -> i_soc.i_qspi._18863_/D : -0.028017
[setup reg-reg] i_soc.i_dm_top.i_dm_csrs._3330_/Q -> i_soc.i_qspi._17747_/D : -0.025725
[setup reg-reg] i_soc.i_dm_top.i_dm_csrs._3330_/Q -> i_soc.i_qspi._17753_/D : -0.024714
[setup reg-reg] i_soc.i_dm_top.i_dm_csrs._3330_/Q -> i_soc.i_qspi._18227_/D : -0.024052
[setup reg-reg] i_soc.i_dm_top.i_dm_csrs._3330_/Q -> i_soc.i_qspi._17712_/D : -0.023984
[setup reg-reg] i_soc.i_dm_top.i_dm_csrs._3330_/Q -> i_soc.i_qspi._17764_/D : -0.022890
[setup reg-reg] i_soc.i_dm_top.i_dm_csrs._3330_/Q -> i_soc.i_qspi._18291_/D : -0.022730
[setup reg-reg] i_soc.i_dm_top.i_dm_csrs._3330_/Q -> i_soc.i_qspi._18323_/D : -0.022482
[setup reg-reg] i_soc.i_cpu.core_i.id_stage_i._3721_/Q -> i_soc.i_obi_axi_data._295_/D : -0.022149
[setup reg-reg] i_soc.i_dm_top.i_dm_csrs._3330_/Q -> i_soc.i_qspi._18600_/D : -0.022050
[setup reg-reg] i_soc.i_cpu.core_i.id_stage_i._3721_/Q -> i_soc.i_obi_axi_data._293_/D : -0.021961
[setup reg-reg] i_soc.i_dm_top.i_dm_csrs._3330_/Q -> i_soc.i_qspi._17756_/D : -0.021904
[setup reg-reg] i_soc.i_dm_top.i_dm_csrs._3330_/Q -> i_soc.i_qspi._17341_/D : -0.020346
[setup reg-reg] i_soc.i_dm_top.i_dm_csrs._3330_/Q -> i_soc.i_qspi._17939_/D : -0.019497
[setup reg-reg] i_soc.i_dm_top.i_dm_csrs._3330_/Q -> i_soc.i_qspi._17360_/D : -0.018836
[setup reg-reg] i_soc.i_dm_top.i_dm_csrs._3330_/Q -> i_soc.i_qspi._18259_/D : -0.018691
[setup reg-reg] i_soc.i_dm_top.i_dm_csrs._3330_/Q -> i_soc.i_qspi._17088_/D : -0.017819
[setup reg-reg] i_soc.i_dm_top.i_dm_csrs._3330_/Q -> i_soc.i_qspi._17772_/D : -0.017771
[setup reg-reg] i_soc.i_dm_top.i_dm_csrs._3330_/Q -> i_soc.i_qspi._17102_/D : -0.017465
[setup reg-reg] i_soc.i_cpu.core_i.id_stage_i._3721_/Q -> i_soc.i_obi_axi_data._305_/D : -0.017412
[setup reg-reg] i_soc.i_cpu.core_i.id_stage_i._3721_/Q -> i_soc.i_obi_axi_data._289_/D : -0.017405
[setup reg-reg] i_soc.i_cpu.core_i.id_stage_i._3721_/Q -> i_soc.i_obi_axi_data._303_/D : -0.015559
[setup reg-reg] i_soc.i_dm_top.i_dm_csrs._3330_/Q -> i_soc.i_qspi._18579_/D : -0.015449
[setup reg-reg] i_soc.i_cpu.core_i.id_stage_i._3721_/Q -> i_soc.i_obi_axi_data._281_/D : -0.014557
[setup reg-reg] i_soc.i_dm_top.i_dm_csrs._3330_/Q -> i_soc.i_qspi._18027_/D : -0.014213
[setup reg-reg] i_soc.i_dm_top.i_dm_csrs._3330_/Q -> i_soc.i_qspi._17096_/D : -0.014067
[setup reg-reg] i_soc.i_dm_top.i_dm_csrs._3330_/Q -> i_soc.i_qspi._17680_/D : -0.013054
[setup reg-reg] i_soc.i_dm_top.i_dm_csrs._3330_/Q -> i_soc.i_qspi._17808_/D : -0.012969
[setup reg-reg] i_soc.i_dm_top.i_dm_csrs._3330_/Q -> i_soc.i_qspi._17427_/D : -0.012250
[setup reg-reg] i_soc.i_dm_top.i_dm_csrs._3330_/Q -> i_soc.i_qspi._18302_/D : -0.011376
[setup reg-reg] i_soc.i_dm_top.i_dm_csrs._3330_/Q -> i_soc.i_qspi._17520_/D : -0.010605
[setup reg-reg] i_soc.i_cpu.core_i.id_stage_i._3721_/Q -> i_soc.i_obi_axi_data._297_/D : -0.010255
[setup reg-reg] i_soc.i_dm_top.i_dm_csrs._3330_/Q -> i_soc.i_qspi._17444_/D : -0.008939
[setup reg-reg] i_soc.i_dm_top.i_dm_csrs._3330_/Q -> i_soc.i_qspi._18888_/D : -0.007464
[setup reg-reg] i_soc.i_dm_top.i_dm_csrs._3330_/Q -> i_soc.i_qspi._17445_/D : -0.005530
[setup reg-reg] i_soc.i_dm_top.i_dm_csrs._3330_/Q -> i_soc.i_qspi._17488_/D : -0.005500
[setup reg-reg] i_soc.i_dm_top.i_dm_csrs._3330_/Q -> i_soc.i_qspi._18296_/D : -0.005414
[setup reg-reg] i_soc.i_dm_top.i_dm_csrs._3330_/Q -> i_soc.i_qspi._18868_/D : -0.005251
[setup reg-reg] i_soc.i_dm_top.i_dm_csrs._3330_/Q -> i_soc.i_qspi._17511_/D : -0.005038
[setup reg-reg] i_soc.i_dm_top.i_dm_csrs._3330_/Q -> i_soc.i_qspi._17504_/D : -0.004865
[setup reg-reg] i_soc.i_dm_top.i_dm_csrs._3330_/Q -> i_soc.i_qspi._17433_/D : -0.003542
[setup reg-reg] i_soc.i_dm_top.i_dm_csrs._3330_/Q -> i_soc.i_qspi._17326_/D : -0.003034
[setup reg-reg] i_soc.i_dm_top.i_dm_csrs._3330_/Q -> i_soc.i_qspi._18580_/D : -0.002146
[setup reg-reg] i_soc.i_dm_top.i_dm_csrs._3330_/Q -> i_soc.i_qspi._18892_/D : -0.001933
[setup reg-reg] i_soc.i_dm_top.i_dm_csrs._3330_/Q -> i_soc.i_qspi._17307_/D : -0.001512
[setup reg-reg] i_soc.i_dm_top.i_dm_csrs._3330_/Q -> i_soc.i_qspi._17513_/D : -0.000753
