
===========================================================================
report_checks -unconstrained
===========================================================================
======================= nom_ff_n40C_1v95 Corner ===================================

Startpoint: i_soc.i_dm_top.i_dm_csrs._3330_
            (rising edge-triggered flip-flop clocked by clk)
Endpoint: i_soc.i_gpio._182_ (recovery check against rising-edge clock clk)
Path Group: asynchronous
Path Type: max

Fanout         Cap        Slew       Delay        Time   Description
---------------------------------------------------------------------------------------------
                                  0.000000    0.000000   clock clk (rise edge)
                                  0.000000    0.000000   clock source latency
     2    0.021199    0.000000    0.000000    0.000000 ^ clk_i (in)
                                                         clk_i (net)
                      0.002830    0.001415    0.001415 ^ wire8649/A (sky130_fd_sc_hd__buf_8)
     5    0.152836    0.180406    0.136781    0.138195 ^ wire8649/X (sky130_fd_sc_hd__buf_8)
                                                         net8648 (net)
                      0.180465    0.003171    0.141366 ^ delaybuf_42_clk/A (sky130_fd_sc_hd__clkbuf_16)
     3    0.024592    0.037298    0.119625    0.260991 ^ delaybuf_42_clk/X (sky130_fd_sc_hd__clkbuf_16)
                                                         delaynet_42_clk (net)
                      0.037580    0.002339    0.263330 ^ delaybuf_43_clk/A (sky130_fd_sc_hd__clkbuf_16)
     3    0.130671    0.097715    0.116286    0.379616 ^ delaybuf_43_clk/X (sky130_fd_sc_hd__clkbuf_16)
                                                         delaynet_43_clk (net)
                      0.167069    0.067275    0.446891 ^ delaybuf_44_clk/A (sky130_fd_sc_hd__clkbuf_16)
     3    0.032292    0.041948    0.122712    0.569603 ^ delaybuf_44_clk/X (sky130_fd_sc_hd__clkbuf_16)
                                                         delaynet_44_clk (net)
                      0.042321    0.003996    0.573599 ^ delaybuf_45_clk/A (sky130_fd_sc_hd__clkbuf_16)
     3    0.054175    0.055033    0.103629    0.677227 ^ delaybuf_45_clk/X (sky130_fd_sc_hd__clkbuf_16)
                                                         delaynet_45_clk (net)
                      0.059109    0.011413    0.688641 ^ delaybuf_46_clk/A (sky130_fd_sc_hd__clkbuf_16)
     3    0.041462    0.045881    0.103562    0.792203 ^ delaybuf_46_clk/X (sky130_fd_sc_hd__clkbuf_16)
                                                         delaynet_46_clk (net)
                      0.047774    0.007103    0.799306 ^ delaybuf_47_clk/A (sky130_fd_sc_hd__clkbuf_16)
     3    0.040320    0.044794    0.100166    0.899473 ^ delaybuf_47_clk/X (sky130_fd_sc_hd__clkbuf_16)
                                                         delaynet_47_clk (net)
                      0.046419    0.006582    0.906054 ^ delaybuf_48_clk/A (sky130_fd_sc_hd__clkbuf_16)
     3    0.043490    0.047264    0.101234    1.007288 ^ delaybuf_48_clk/X (sky130_fd_sc_hd__clkbuf_16)
                                                         delaynet_48_clk (net)
                      0.049228    0.007412    1.014701 ^ delaybuf_49_clk/A (sky130_fd_sc_hd__clkbuf_16)
     3    0.046060    0.049190    0.103347    1.118047 ^ delaybuf_49_clk/X (sky130_fd_sc_hd__clkbuf_16)
                                                         delaynet_49_clk (net)
                      0.051065    0.007362    1.125409 ^ delaybuf_50_clk/A (sky130_fd_sc_hd__clkbuf_16)
     3    0.047304    0.050012    0.103938    1.229347 ^ delaybuf_50_clk/X (sky130_fd_sc_hd__clkbuf_16)
                                                         delaynet_50_clk (net)
                      0.052950    0.009318    1.238665 ^ clkbuf_regs_0_clk/A (sky130_fd_sc_hd__clkbuf_16)
     1    0.009448    0.024230    0.083573    1.322238 ^ clkbuf_regs_0_clk/X (sky130_fd_sc_hd__clkbuf_16)
                                                         clk_i_regs (net)
                      0.024231    0.000341    1.322578 ^ clkbuf_0_clk_i_regs/A (sky130_fd_sc_hd__clkbuf_16)
     5    0.104828    0.093353    0.125540    1.448118 ^ clkbuf_0_clk_i_regs/X (sky130_fd_sc_hd__clkbuf_16)
                                                         clknet_0_clk_i_regs (net)
                      0.095288    0.010610    1.458728 ^ clkbuf_1_1_0_clk_i_regs/A (sky130_fd_sc_hd__clkbuf_8)
     5    0.092831    0.127268    0.157111    1.615839 ^ clkbuf_1_1_0_clk_i_regs/X (sky130_fd_sc_hd__clkbuf_8)
                                                         clknet_1_1_0_clk_i_regs (net)
                      0.134534    0.023606    1.639445 ^ clkbuf_2_2_0_clk_i_regs/A (sky130_fd_sc_hd__clkbuf_8)
     5    0.074036    0.104733    0.156161    1.795606 ^ clkbuf_2_2_0_clk_i_regs/X (sky130_fd_sc_hd__clkbuf_8)
                                                         clknet_2_2_0_clk_i_regs (net)
                      0.109680    0.017816    1.813422 ^ clkbuf_3_5_0_clk_i_regs/A (sky130_fd_sc_hd__clkbuf_8)
     9    0.103512    0.139788    0.180771    1.994194 ^ clkbuf_3_5_0_clk_i_regs/X (sky130_fd_sc_hd__clkbuf_8)
                                                         clknet_3_5_0_clk_i_regs (net)
                      0.140035    0.004845    1.999039 ^ clkbuf_5_20_0_clk_i_regs/A (sky130_fd_sc_hd__clkbuf_8)
     5    0.059633    0.086254    0.149004    2.148043 ^ clkbuf_5_20_0_clk_i_regs/X (sky130_fd_sc_hd__clkbuf_8)
                                                         clknet_5_20_0_clk_i_regs (net)
                      0.087190    0.007152    2.155195 ^ clkbuf_6_41__f_clk_i_regs/A (sky130_fd_sc_hd__clkbuf_16)
    17    0.088491    0.080769    0.136117    2.291312 ^ clkbuf_6_41__f_clk_i_regs/X (sky130_fd_sc_hd__clkbuf_16)
                                                         clknet_6_41__leaf_clk_i_regs (net)
                      0.081694    0.006859    2.298170 ^ clkbuf_leaf_105_clk_i_regs/A (sky130_fd_sc_hd__clkbuf_8)
     9    0.037768    0.058777    0.118313    2.416484 ^ clkbuf_leaf_105_clk_i_regs/X (sky130_fd_sc_hd__clkbuf_8)
                                                         clknet_leaf_105_clk_i_regs (net)
                      0.058791    0.000876    2.417359 ^ i_soc.i_dm_top.i_dm_csrs._3330_/CLK (sky130_fd_sc_hd__dfrtp_2)
    25    0.093926    0.168676    0.378476    2.795835 v i_soc.i_dm_top.i_dm_csrs._3330_/Q (sky130_fd_sc_hd__dfrtp_2)
                                                         i_soc.dm_ndmreset (net)
                      0.169656    0.009935    2.805770 v i_soc._372_/A_N (sky130_fd_sc_hd__and2b_2)
     5    0.065387    0.244803    0.331784    3.137554 ^ i_soc._372_/X (sky130_fd_sc_hd__and2b_2)
                                                         i_soc.i_ai_accel.rst_ni (net)
                      0.244988    0.005572    3.143126 ^ fanout4791/A (sky130_fd_sc_hd__clkdlybuf4s25_1)
    13    0.073083    0.544985    0.545921    3.689047 ^ fanout4791/X (sky130_fd_sc_hd__clkdlybuf4s25_1)
                                                         net4791 (net)
                      0.544985    0.000138    3.689185 ^ load_slew4797/A (sky130_fd_sc_hd__buf_6)
    11    0.067739    0.108894    0.129247    3.818432 ^ load_slew4797/X (sky130_fd_sc_hd__buf_6)
                                                         net4797 (net)
                      0.109149    0.004317    3.822749 ^ fanout4787/A (sky130_fd_sc_hd__clkdlybuf4s25_1)
     5    0.049575    0.371853    0.410401    4.233150 ^ fanout4787/X (sky130_fd_sc_hd__clkdlybuf4s25_1)
                                                         net4787 (net)
                      0.371855    0.000742    4.233891 ^ fanout4785/A (sky130_fd_sc_hd__clkdlybuf4s25_1)
    19    0.082899    0.615405    0.593362    4.827254 ^ fanout4785/X (sky130_fd_sc_hd__clkdlybuf4s25_1)
                                                         net4785 (net)
                      0.615506    0.006682    4.833936 ^ fanout4772/A (sky130_fd_sc_hd__clkdlybuf4s25_1)
    23    0.077831    0.579148    0.576616    5.410552 ^ fanout4772/X (sky130_fd_sc_hd__clkdlybuf4s25_1)
                                                         net4772 (net)
                      0.579187    0.004023    5.414575 ^ load_slew4774/A (sky130_fd_sc_hd__buf_6)
    25    0.083483    0.129410    0.143948    5.558523 ^ load_slew4774/X (sky130_fd_sc_hd__buf_6)
                                                         net4774 (net)
                      0.129541    0.003413    5.561935 ^ load_slew4773/A (sky130_fd_sc_hd__clkbuf_8)
    23    0.084848    0.117046    0.168534    5.730470 ^ load_slew4773/X (sky130_fd_sc_hd__clkbuf_8)
                                                         net4773 (net)
                      0.118454    0.010284    5.740753 ^ fanout4769/A (sky130_fd_sc_hd__clkdlybuf4s25_1)
     8    0.040426    0.304516    0.368378    6.109131 ^ fanout4769/X (sky130_fd_sc_hd__clkdlybuf4s25_1)
                                                         net4769 (net)
                      0.304525    0.002026    6.111157 ^ load_slew4770/A (sky130_fd_sc_hd__buf_6)
    27    0.087869    0.134373    0.158467    6.269625 ^ load_slew4770/X (sky130_fd_sc_hd__buf_6)
                                                         net4770 (net)
                      0.134707    0.005453    6.275078 ^ fanout4766/A (sky130_fd_sc_hd__clkdlybuf4s25_1)
    13    0.064361    0.480014    0.491759    6.766837 ^ fanout4766/X (sky130_fd_sc_hd__clkdlybuf4s25_1)
                                                         net4766 (net)
                      0.480020    0.001461    6.768298 ^ load_slew4768/A (sky130_fd_sc_hd__buf_4)
     8    0.041956    0.096155    0.150750    6.919048 ^ load_slew4768/X (sky130_fd_sc_hd__buf_4)
                                                         net4768 (net)
                      0.096292    0.002395    6.921443 ^ wire4767/A (sky130_fd_sc_hd__clkbuf_8)
    27    0.090264    0.122770    0.165882    7.087325 ^ wire4767/X (sky130_fd_sc_hd__clkbuf_8)
                                                         net4767 (net)
                      0.122936    0.003742    7.091067 ^ i_soc.i_gpio._182_/RESET_B (sky130_fd_sc_hd__dfrtp_2)
                                              7.091067   data arrival time

                                 20.000000   20.000000   clock clk (rise edge)
                                  0.000000   20.000000   clock source latency
     2    0.021199    0.000000    0.000000   20.000000 ^ clk_i (in)
                                                         clk_i (net)
                      0.002830    0.001414   20.001415 ^ wire8649/A (sky130_fd_sc_hd__buf_8)
     5    0.152836    0.180406    0.136781   20.138195 ^ wire8649/X (sky130_fd_sc_hd__buf_8)
                                                         net8648 (net)
                      0.180465    0.003171   20.141367 ^ delaybuf_42_clk/A (sky130_fd_sc_hd__clkbuf_16)
     3    0.024592    0.037298    0.119625   20.260992 ^ delaybuf_42_clk/X (sky130_fd_sc_hd__clkbuf_16)
                                                         delaynet_42_clk (net)
                      0.037580    0.002339   20.263330 ^ delaybuf_43_clk/A (sky130_fd_sc_hd__clkbuf_16)
     3    0.130671    0.097715    0.116286   20.379618 ^ delaybuf_43_clk/X (sky130_fd_sc_hd__clkbuf_16)
                                                         delaynet_43_clk (net)
                      0.167069    0.067274   20.446892 ^ delaybuf_44_clk/A (sky130_fd_sc_hd__clkbuf_16)
     3    0.032292    0.041948    0.122713   20.569603 ^ delaybuf_44_clk/X (sky130_fd_sc_hd__clkbuf_16)
                                                         delaynet_44_clk (net)
                      0.042321    0.003995   20.573599 ^ delaybuf_45_clk/A (sky130_fd_sc_hd__clkbuf_16)
     3    0.054175    0.055033    0.103629   20.677227 ^ delaybuf_45_clk/X (sky130_fd_sc_hd__clkbuf_16)
                                                         delaynet_45_clk (net)
                      0.059109    0.011413   20.688641 ^ delaybuf_46_clk/A (sky130_fd_sc_hd__clkbuf_16)
     3    0.041462    0.045881    0.103563   20.792204 ^ delaybuf_46_clk/X (sky130_fd_sc_hd__clkbuf_16)
                                                         delaynet_46_clk (net)
                      0.047774    0.007102   20.799307 ^ delaybuf_47_clk/A (sky130_fd_sc_hd__clkbuf_16)
     3    0.040320    0.044794    0.100167   20.899473 ^ delaybuf_47_clk/X (sky130_fd_sc_hd__clkbuf_16)
                                                         delaynet_47_clk (net)
                      0.046419    0.006581   20.906054 ^ delaybuf_48_clk/A (sky130_fd_sc_hd__clkbuf_16)
     3    0.043490    0.047264    0.101235   21.007290 ^ delaybuf_48_clk/X (sky130_fd_sc_hd__clkbuf_16)
                                                         delaynet_48_clk (net)
                      0.049228    0.007413   21.014702 ^ delaybuf_49_clk/A (sky130_fd_sc_hd__clkbuf_16)
     3    0.046060    0.049190    0.103347   21.118048 ^ delaybuf_49_clk/X (sky130_fd_sc_hd__clkbuf_16)
                                                         delaynet_49_clk (net)
                      0.051065    0.007361   21.125410 ^ delaybuf_50_clk/A (sky130_fd_sc_hd__clkbuf_16)
     3    0.047304    0.050012    0.103938   21.229347 ^ delaybuf_50_clk/X (sky130_fd_sc_hd__clkbuf_16)
                                                         delaynet_50_clk (net)
                      0.052950    0.009317   21.238665 ^ clkbuf_regs_0_clk/A (sky130_fd_sc_hd__clkbuf_16)
     1    0.009448    0.024230    0.083574   21.322239 ^ clkbuf_regs_0_clk/X (sky130_fd_sc_hd__clkbuf_16)
                                                         clk_i_regs (net)
                      0.024231    0.000339   21.322578 ^ clkbuf_0_clk_i_regs/A (sky130_fd_sc_hd__clkbuf_16)
     5    0.104828    0.093353    0.125540   21.448118 ^ clkbuf_0_clk_i_regs/X (sky130_fd_sc_hd__clkbuf_16)
                                                         clknet_0_clk_i_regs (net)
                      0.095288    0.010610   21.458729 ^ clkbuf_1_1_0_clk_i_regs/A (sky130_fd_sc_hd__clkbuf_8)
     5    0.092831    0.127268    0.157112   21.615841 ^ clkbuf_1_1_0_clk_i_regs/X (sky130_fd_sc_hd__clkbuf_8)
                                                         clknet_1_1_0_clk_i_regs (net)
                      0.134534    0.023606   21.639446 ^ clkbuf_2_2_0_clk_i_regs/A (sky130_fd_sc_hd__clkbuf_8)
     5    0.074036    0.104733    0.156160   21.795607 ^ clkbuf_2_2_0_clk_i_regs/X (sky130_fd_sc_hd__clkbuf_8)
                                                         clknet_2_2_0_clk_i_regs (net)
                      0.108170    0.014875   21.810482 ^ clkbuf_3_4_0_clk_i_regs/A (sky130_fd_sc_hd__clkbuf_8)
     9    0.112285    0.150913    0.187024   21.997505 ^ clkbuf_3_4_0_clk_i_regs/X (sky130_fd_sc_hd__clkbuf_8)
                                                         clknet_3_4_0_clk_i_regs (net)
                      0.151971    0.010186   22.007690 ^ clkbuf_5_18_0_clk_i_regs/A (sky130_fd_sc_hd__clkbuf_8)
     5    0.050849    0.075760    0.144624   22.152315 ^ clkbuf_5_18_0_clk_i_regs/X (sky130_fd_sc_hd__clkbuf_8)
                                                         clknet_5_18_0_clk_i_regs (net)
                      0.075958    0.002714   22.155029 ^ clkbuf_6_37__f_clk_i_regs/A (sky130_fd_sc_hd__clkbuf_16)
    19    0.098944    0.088426    0.140220   22.295248 ^ clkbuf_6_37__f_clk_i_regs/X (sky130_fd_sc_hd__clkbuf_16)
                                                         clknet_6_37__leaf_clk_i_regs (net)
                      0.088740    0.004228   22.299477 ^ clkbuf_leaf_158_clk_i_regs/A (sky130_fd_sc_hd__clkbuf_8)
    11    0.036693    0.057547    0.119240   22.418716 ^ clkbuf_leaf_158_clk_i_regs/X (sky130_fd_sc_hd__clkbuf_8)
                                                         clknet_leaf_158_clk_i_regs (net)
                      0.057574    0.001137   22.419853 ^ i_soc.i_gpio._182_/CLK (sky130_fd_sc_hd__dfrtp_2)
                                 -0.500000   21.919853   clock uncertainty
                                  0.000000   21.919853   clock reconvergence pessimism
                                  0.114264   22.034117   library recovery time
                                             22.034117   data required time
---------------------------------------------------------------------------------------------
                                             22.034117   data required time
                                             -7.091067   data arrival time
---------------------------------------------------------------------------------------------
                                             14.943051   slack (MET)


Startpoint: i_soc.i_instr_sram.u_sram.gen_bank[3].gen_512.u_macro
            (falling edge-triggered flip-flop clocked by clk)
Endpoint: i_soc.i_cpu.core_i.if_stage_i._849_
          (rising edge-triggered flip-flop clocked by clk)
Path Group: clk
Path Type: max

Fanout         Cap        Slew       Delay        Time   Description
---------------------------------------------------------------------------------------------
                                 10.000000   10.000000   clock clk (fall edge)
                                  0.000000   10.000000   clock source latency
     2    0.020499    0.000000    0.000000   10.000000 v clk_i (in)
                                                         clk_i (net)
                      0.002692    0.001346   10.001347 v wire8649/A (sky130_fd_sc_hd__buf_8)
     5    0.151286    0.068142    0.098802   10.100148 v wire8649/X (sky130_fd_sc_hd__buf_8)
                                                         net8648 (net)
                      0.150589    0.066639   10.166788 v wire8648/A (sky130_fd_sc_hd__buf_6)
     3    0.069007    0.055781    0.148693   10.315480 v wire8648/X (sky130_fd_sc_hd__buf_6)
                                                         net8647 (net)
                      0.066516    0.018622   10.334103 v wire8647/A (sky130_fd_sc_hd__buf_8)
     3    0.111741    0.057137    0.115877   10.449980 v wire8647/X (sky130_fd_sc_hd__buf_8)
                                                         net8646 (net)
                      0.105976    0.044095   10.494075 v wire8646/A (sky130_fd_sc_hd__buf_8)
     3    0.120614    0.062431    0.133796   10.627871 v wire8646/X (sky130_fd_sc_hd__buf_8)
                                                         net8645 (net)
                      0.113774    0.047365   10.675235 v wire8645/A (sky130_fd_sc_hd__buf_8)
     3    0.115791    0.059585    0.135739   10.810974 v wire8645/X (sky130_fd_sc_hd__buf_8)
                                                         net8644 (net)
                      0.113995    0.048363   10.859337 v clkbuf_0_clk_i/A (sky130_fd_sc_hd__clkbuf_16)
     5    0.054949    0.041358    0.148344   11.007681 v clkbuf_0_clk_i/X (sky130_fd_sc_hd__clkbuf_16)
                                                         clknet_0_clk_i (net)
                      0.043846    0.007919   11.015600 v clkbuf_1_1_0_clk_i/A (sky130_fd_sc_hd__clkbuf_8)
     3    0.093860    0.075374    0.129639   11.145239 v clkbuf_1_1_0_clk_i/X (sky130_fd_sc_hd__clkbuf_8)
                                                         clknet_1_1_0_clk_i (net)
                      0.094962    0.028914   11.174152 v clkbuf_1_1_1_clk_i/A (sky130_fd_sc_hd__clkbuf_8)
     5    0.090057    0.074310    0.161102   11.335255 v clkbuf_1_1_1_clk_i/X (sky130_fd_sc_hd__clkbuf_8)
                                                         clknet_1_1_1_clk_i (net)
                      0.078720    0.014128   11.349383 v clkbuf_2_2_0_clk_i/A (sky130_fd_sc_hd__clkbuf_8)
     3    0.086893    0.074915    0.155693   11.505076 v clkbuf_2_2_0_clk_i/X (sky130_fd_sc_hd__clkbuf_8)
                                                         clknet_2_2_0_clk_i (net)
                      0.075782    0.006381   11.511457 v clkbuf_2_2_1_clk_i/A (sky130_fd_sc_hd__clkbuf_8)
     5    0.145414    0.111371    0.182297   11.693754 v clkbuf_2_2_1_clk_i/X (sky130_fd_sc_hd__clkbuf_8)
                                                         clknet_2_2_1_clk_i (net)
                      0.111674    0.004855   11.698608 v delaybuf_15_clk/A (sky130_fd_sc_hd__clkbuf_16)
     3    0.043134    0.036543    0.144118   11.842727 v delaybuf_15_clk/X (sky130_fd_sc_hd__clkbuf_16)
                                                         delaynet_15_clk (net)
                      0.036857    0.002544   11.845270 v delaybuf_16_clk/A (sky130_fd_sc_hd__clkbuf_16)
     3    0.036956    0.034049    0.109166   11.954436 v delaybuf_16_clk/X (sky130_fd_sc_hd__clkbuf_16)
                                                         delaynet_16_clk (net)
                      0.034649    0.004237   11.958673 v delaybuf_17_clk/A (sky130_fd_sc_hd__clkbuf_16)
     3    0.031235    0.031861    0.105917   12.064590 v delaybuf_17_clk/X (sky130_fd_sc_hd__clkbuf_16)
                                                         delaynet_17_clk (net)
                      0.032150    0.003650   12.068240 v delaybuf_18_clk/A (sky130_fd_sc_hd__clkbuf_16)
     3    0.037900    0.034363    0.107337   12.175577 v delaybuf_18_clk/X (sky130_fd_sc_hd__clkbuf_16)
                                                         delaynet_18_clk (net)
                      0.035234    0.004836   12.180413 v delaybuf_19_clk/A (sky130_fd_sc_hd__clkbuf_16)
     3    0.032032    0.032189    0.106494   12.286908 v delaybuf_19_clk/X (sky130_fd_sc_hd__clkbuf_16)
                                                         delaynet_19_clk (net)
                      0.032503    0.003725   12.290633 v delaybuf_20_clk/A (sky130_fd_sc_hd__clkbuf_16)
     5    0.098927    0.059311    0.118785   12.409418 v delaybuf_20_clk/X (sky130_fd_sc_hd__clkbuf_16)
                                                         delaynet_20_clk (net)
                      0.083519    0.028868   12.438287 v wire8665/A (sky130_fd_sc_hd__buf_6)
     3    0.084725    0.059454    0.132604   12.570890 v wire8665/X (sky130_fd_sc_hd__buf_6)
                                                         net8664 (net)
                      0.062348    0.010195   12.581085 v delaybuf_14_clk/A (sky130_fd_sc_hd__clkbuf_16)
     5    0.157513    0.079394    0.152737   12.733823 v delaybuf_14_clk/X (sky130_fd_sc_hd__clkbuf_16)
                                                         delaynet_14_clk (net)
                      0.081333    0.008494   12.742316 v wire8664/A (sky130_fd_sc_hd__buf_8)
     5    0.232469    0.061406    0.127125   12.869441 v wire8664/X (sky130_fd_sc_hd__buf_8)
                                                         net8663 (net)
                      0.275673    0.129656   12.999097 v max_length8663/A (sky130_fd_sc_hd__buf_12)
     5    0.149666    0.066783    0.198701   13.197798 v max_length8663/X (sky130_fd_sc_hd__buf_12)
                                                         net8662 (net)
                      0.096333    0.033759   13.231557 v clkbuf_leaf_10_clk_i/A (sky130_fd_sc_hd__clkbuf_8)
     5    0.097577    0.079157    0.166758   13.398314 v clkbuf_leaf_10_clk_i/X (sky130_fd_sc_hd__clkbuf_8)
                                                         clknet_leaf_10_clk_i (net)
                      0.108747    0.010847   13.409163 v i_soc.i_instr_sram.u_sram.gen_bank[3].gen_512.u_macro/clk1 (sky130_sram_2kbyte_1rw1r_32x512_8)
     3    0.213528    0.114967    1.581649   14.990810 v i_soc.i_instr_sram.u_sram.gen_bank[3].gen_512.u_macro/dout1[17] (sky130_sram_2kbyte_1rw1r_32x512_8)
                                                         i_soc.i_instr_sram.u_sram.dout[17] (net)
                      0.086225    0.131637   15.122448 v wire5167/A (sky130_fd_sc_hd__buf_2)
     1    0.009407    0.027482    0.106141   15.228589 v wire5167/X (sky130_fd_sc_hd__buf_2)
                                                         net5167 (net)
                      0.027492    0.000508   15.229096 v i_soc.i_instr_sram.u_sram._31_/A3 (sky130_fd_sc_hd__mux4_2)
     3    0.168375    0.309496    0.530960   15.760056 v i_soc.i_instr_sram.u_sram._31_/X (sky130_fd_sc_hd__mux4_2)
                                                         i_soc.i_crossbar.instr_sram_mst.r_data[17] (net)
                      0.314231    0.030559   15.790615 v i_soc.i_crossbar._0352_/A0 (sky130_fd_sc_hd__mux2_1)
     3    0.034839    0.139484    0.359845   16.150461 v i_soc.i_crossbar._0352_/X (sky130_fd_sc_hd__mux2_1)
                                                         i_soc.i_crossbar._0088_ (net)
                      0.139611    0.003801   16.154263 v i_soc.i_crossbar._0353_/A0 (sky130_fd_sc_hd__mux2_1)
     1    0.002388    0.036441    0.178225   16.332487 v i_soc.i_crossbar._0353_/X (sky130_fd_sc_hd__mux2_1)
                                                         i_soc.cpu_instr_bus.r_data[17] (net)
                      0.036441    0.000069   16.332558 v i_soc.i_obi_axi_instr._444_/A (sky130_fd_sc_hd__buf_2)
     1    0.003076    0.017347    0.073975   16.406532 v i_soc.i_obi_axi_instr._444_/X (sky130_fd_sc_hd__buf_2)
                                                         i_soc.i_cpu.core_i.if_stage_i.instr_rdata_i[17] (net)
                      0.017347    0.000098   16.406630 v i_soc.i_cpu.core_i.if_stage_i.prefetch_buffer_i.instruction_obi_i._324_/A (sky130_fd_sc_hd__buf_2)
     2    0.008459    0.025586    0.077094   16.483723 v i_soc.i_cpu.core_i.if_stage_i.prefetch_buffer_i.instruction_obi_i._324_/X (sky130_fd_sc_hd__buf_2)
                                                         i_soc.i_cpu.core_i.if_stage_i.prefetch_buffer_i.fifo_i.data_i[17] (net)
                      0.025593    0.000398   16.484121 v i_soc.i_cpu.core_i.if_stage_i.prefetch_buffer_i._063_/A1 (sky130_fd_sc_hd__mux2_1)
     5    0.027486    0.122891    0.237492   16.721613 v i_soc.i_cpu.core_i.if_stage_i.prefetch_buffer_i._063_/X (sky130_fd_sc_hd__mux2_1)
                                                         i_soc.i_cpu.core_i.if_stage_i.aligner_i.fetch_rdata_i[17] (net)
                      0.122913    0.001549   16.723162 v i_soc.i_cpu.core_i.if_stage_i.aligner_i._415_/B (sky130_fd_sc_hd__nand2_2)
     4    0.016373    0.081120    0.114220   16.837381 ^ i_soc.i_cpu.core_i.if_stage_i.aligner_i._415_/Y (sky130_fd_sc_hd__nand2_2)
                                                         i_soc.i_cpu.core_i.if_stage_i.aligner_i._104_ (net)
                      0.081123    0.000581   16.837963 ^ i_soc.i_cpu.core_i.if_stage_i.aligner_i._438_/A2 (sky130_fd_sc_hd__o21ai_2)
     2    0.009162    0.037940    0.044695   16.882658 v i_soc.i_cpu.core_i.if_stage_i.aligner_i._438_/Y (sky130_fd_sc_hd__o21ai_2)
                                                         i_soc.i_cpu.core_i.if_stage_i.aligner_i._120_ (net)
                      0.037943    0.000345   16.883001 v max_cap745/A (sky130_fd_sc_hd__buf_4)
    27    0.076869    0.075296    0.136932   17.019934 v max_cap745/X (sky130_fd_sc_hd__buf_4)
                                                         net745 (net)
                      0.080804    0.015792   17.035727 v i_soc.i_cpu.core_i.if_stage_i.aligner_i._440_/B1 (sky130_fd_sc_hd__a221o_2)
    17    0.067757    0.134560    0.282716   17.318441 v i_soc.i_cpu.core_i.if_stage_i.aligner_i._440_/X (sky130_fd_sc_hd__a221o_2)
                                                         i_soc.i_cpu.core_i.if_stage_i.aligner_i.instr_aligned_o[2] (net)
                      0.135037    0.006892   17.325335 v i_soc.i_cpu.core_i.if_stage_i.compressed_decoder_i._195_/A (sky130_fd_sc_hd__or3_2)
     6    0.023455    0.091779    0.353776   17.679110 v i_soc.i_cpu.core_i.if_stage_i.compressed_decoder_i._195_/X (sky130_fd_sc_hd__or3_2)
                                                         i_soc.i_cpu.core_i.if_stage_i.compressed_decoder_i._162_ (net)
                      0.091783    0.000712   17.679823 v i_soc.i_cpu.core_i.if_stage_i.compressed_decoder_i._201_/A1 (sky130_fd_sc_hd__o21ai_2)
     5    0.034773    0.290612    0.269949   17.949772 ^ i_soc.i_cpu.core_i.if_stage_i.compressed_decoder_i._201_/Y (sky130_fd_sc_hd__o21ai_2)
                                                         i_soc.i_cpu.core_i.if_stage_i.compressed_decoder_i._168_ (net)
                      0.290647    0.002615   17.952387 ^ i_soc.i_cpu.core_i.if_stage_i.compressed_decoder_i._202_/B (sky130_fd_sc_hd__nand2_2)
     2    0.017192    0.085452    0.078760   18.031147 v i_soc.i_cpu.core_i.if_stage_i.compressed_decoder_i._202_/Y (sky130_fd_sc_hd__nand2_2)
                                                         i_soc.i_cpu.core_i.if_stage_i.compressed_decoder_i._169_ (net)
                      0.085458    0.000552   18.031700 v i_soc.i_cpu.core_i.if_stage_i.compressed_decoder_i._203_/A2 (sky130_fd_sc_hd__o21a_2)
     3    0.010060    0.038420    0.153442   18.185141 v i_soc.i_cpu.core_i.if_stage_i.compressed_decoder_i._203_/X (sky130_fd_sc_hd__o21a_2)
                                                         i_soc.i_cpu.core_i.if_stage_i.compressed_decoder_i._170_ (net)
                      0.038425    0.000437   18.185577 v i_soc.i_cpu.core_i.if_stage_i.compressed_decoder_i._387_/A (sky130_fd_sc_hd__or4_2)
     1    0.009310    0.080882    0.397034   18.582611 v i_soc.i_cpu.core_i.if_stage_i.compressed_decoder_i._387_/X (sky130_fd_sc_hd__or4_2)
                                                         i_soc.i_cpu.core_i.if_stage_i.compressed_decoder_i.instr_o[1] (net)
                      0.080882    0.000504   18.583117 v i_soc.i_cpu.core_i.if_stage_i._782_/A1 (sky130_fd_sc_hd__mux2_1)
     1    0.002903    0.038358    0.163597   18.746714 v i_soc.i_cpu.core_i.if_stage_i._782_/X (sky130_fd_sc_hd__mux2_1)
                                                         i_soc.i_cpu.core_i.if_stage_i._002_ (net)
                      0.038358    0.000091   18.746803 v i_soc.i_cpu.core_i.if_stage_i._849_/D (sky130_fd_sc_hd__dfrtp_2)
                                             18.746803   data arrival time

                                 20.000000   20.000000   clock clk (rise edge)
                                  0.000000   20.000000   clock source latency
     2    0.021199    0.000000    0.000000   20.000000 ^ clk_i (in)
                                                         clk_i (net)
                      0.002830    0.001414   20.001415 ^ wire8649/A (sky130_fd_sc_hd__buf_8)
     5    0.152836    0.180406    0.136781   20.138195 ^ wire8649/X (sky130_fd_sc_hd__buf_8)
                                                         net8648 (net)
                      0.227527    0.070669   20.208864 ^ wire8648/A (sky130_fd_sc_hd__buf_6)
     3    0.069740    0.109792    0.132115   20.340979 ^ wire8648/X (sky130_fd_sc_hd__buf_6)
                                                         net8647 (net)
                      0.115733    0.019920   20.360899 ^ wire8647/A (sky130_fd_sc_hd__buf_8)
     3    0.112474    0.137349    0.131042   20.491941 ^ wire8647/X (sky130_fd_sc_hd__buf_8)
                                                         net8646 (net)
                      0.164805    0.046716   20.538658 ^ wire8646/A (sky130_fd_sc_hd__buf_8)
     3    0.121347    0.148284    0.140101   20.678759 ^ wire8646/X (sky130_fd_sc_hd__buf_8)
                                                         net8645 (net)
                      0.177232    0.049983   20.728743 ^ wire8645/A (sky130_fd_sc_hd__buf_8)
     3    0.116820    0.142667    0.137124   20.865866 ^ wire8645/X (sky130_fd_sc_hd__buf_8)
                                                         net8644 (net)
                      0.174299    0.051454   20.917320 ^ clkbuf_0_clk_i/A (sky130_fd_sc_hd__clkbuf_16)
     5    0.056477    0.058571    0.135929   21.053249 ^ clkbuf_0_clk_i/X (sky130_fd_sc_hd__clkbuf_16)
                                                         clknet_0_clk_i (net)
                      0.060445    0.008187   21.061436 ^ clkbuf_1_1_0_clk_i/A (sky130_fd_sc_hd__clkbuf_8)
     3    0.094392    0.128755    0.145917   21.207354 ^ clkbuf_1_1_0_clk_i/X (sky130_fd_sc_hd__clkbuf_8)
                                                         clknet_1_1_0_clk_i (net)
                      0.141041    0.030413   21.237766 ^ clkbuf_1_1_1_clk_i/A (sky130_fd_sc_hd__clkbuf_8)
     5    0.091585    0.125230    0.174417   21.412184 ^ clkbuf_1_1_1_clk_i/X (sky130_fd_sc_hd__clkbuf_8)
                                                         clknet_1_1_1_clk_i (net)
                      0.127938    0.014603   21.426786 ^ clkbuf_2_2_0_clk_i/A (sky130_fd_sc_hd__clkbuf_8)
     3    0.087425    0.120205    0.172207   21.598993 ^ clkbuf_2_2_0_clk_i/X (sky130_fd_sc_hd__clkbuf_8)
                                                         clknet_2_2_0_clk_i (net)
                      0.120740    0.006493   21.605486 ^ clkbuf_2_2_1_clk_i/A (sky130_fd_sc_hd__clkbuf_8)
     5    0.146964    0.194450    0.220352   21.825838 ^ clkbuf_2_2_1_clk_i/X (sky130_fd_sc_hd__clkbuf_8)
                                                         clknet_2_2_1_clk_i (net)
                      0.195739    0.012768   21.838606 ^ wire8656/A (sky130_fd_sc_hd__buf_6)
     3    0.072653    0.113965    0.134214   21.972820 ^ wire8656/X (sky130_fd_sc_hd__buf_6)
                                                         net8655 (net)
                      0.119007    0.018797   21.991617 ^ clkbuf_leaf_6_clk_i/A (sky130_fd_sc_hd__clkbuf_8)
     7    0.045492    0.068661    0.134868   22.126486 ^ clkbuf_leaf_6_clk_i/X (sky130_fd_sc_hd__clkbuf_8)
                                                         clknet_leaf_6_clk_i (net)
                      0.068942    0.003475   22.129961 ^ i_soc.i_cpu.core_i.sleep_unit_i.core_clock_gate_i._0_/A (sky130_fd_sc_hd__buf_2)
     3    0.072813    0.267576    0.230003   22.359962 ^ i_soc.i_cpu.core_i.sleep_unit_i.core_clock_gate_i._0_/X (sky130_fd_sc_hd__buf_2)
                                                         i_soc.i_cpu.core_i.clk (net)
                      0.271214    0.025054   22.385017 ^ wire8650/A (sky130_fd_sc_hd__buf_6)
     3    0.080396    0.125174    0.142952   22.527969 ^ wire8650/X (sky130_fd_sc_hd__buf_6)
                                                         net8649 (net)
                      0.131994    0.022807   22.550776 ^ clkbuf_0_i_soc.i_cpu.core_i.clk/A (sky130_fd_sc_hd__clkbuf_16)
     9    0.129748    0.111055    0.164942   22.715717 ^ clkbuf_0_i_soc.i_cpu.core_i.clk/X (sky130_fd_sc_hd__clkbuf_16)
                                                         clknet_0_i_soc.i_cpu.core_i.clk (net)
                      0.114213    0.014690   22.730408 ^ clkbuf_2_3_0_i_soc.i_cpu.core_i.clk/A (sky130_fd_sc_hd__clkbuf_8)
     9    0.084552    0.117833    0.161377   22.891785 ^ clkbuf_2_3_0_i_soc.i_cpu.core_i.clk/X (sky130_fd_sc_hd__clkbuf_8)
                                                         clknet_2_3_0_i_soc.i_cpu.core_i.clk (net)
                      0.119685    0.011829   22.903614 ^ clkbuf_4_13_0_i_soc.i_cpu.core_i.clk/A (sky130_fd_sc_hd__clkbuf_8)
     5    0.049050    0.072916    0.135941   23.039555 ^ clkbuf_4_13_0_i_soc.i_cpu.core_i.clk/X (sky130_fd_sc_hd__clkbuf_8)
                                                         clknet_4_13_0_i_soc.i_cpu.core_i.clk (net)
                      0.073800    0.006350   23.045906 ^ clkbuf_5_27__f_i_soc.i_cpu.core_i.clk/A (sky130_fd_sc_hd__clkbuf_16)
    17    0.095903    0.086158    0.136698   23.182604 ^ clkbuf_5_27__f_i_soc.i_cpu.core_i.clk/X (sky130_fd_sc_hd__clkbuf_16)
                                                         clknet_5_27__leaf_i_soc.i_cpu.core_i.clk (net)
                      0.086932    0.006509   23.189112 ^ clkbuf_leaf_133_i_soc.i_cpu.core_i.clk/A (sky130_fd_sc_hd__clkbuf_8)
    19    0.057187    0.082386    0.136595   23.325706 ^ clkbuf_leaf_133_i_soc.i_cpu.core_i.clk/X (sky130_fd_sc_hd__clkbuf_8)
                                                         clknet_leaf_133_i_soc.i_cpu.core_i.clk (net)
                      0.082486    0.001842   23.327549 ^ i_soc.i_cpu.core_i.if_stage_i._849_/CLK (sky130_fd_sc_hd__dfrtp_2)
                                 -0.500000   22.827549   clock uncertainty
                                  0.000000   22.827549   clock reconvergence pessimism
                                 -0.071073   22.756475   library setup time
                                             22.756475   data required time
---------------------------------------------------------------------------------------------
                                             22.756475   data required time
                                            -18.746803   data arrival time
---------------------------------------------------------------------------------------------
                                              4.009671   slack (MET)


Startpoint: i_soc.i_dmi_jtag.i_dmi_jtag_tap._238_
            (rising edge-triggered flip-flop clocked by jtag_tck')
Endpoint: jtag_tdo_o (output port clocked by jtag_tck)
Path Group: jtag_tck
Path Type: max

Fanout         Cap        Slew       Delay        Time   Description
---------------------------------------------------------------------------------------------
                                 50.000000   50.000000   clock jtag_tck' (rise edge)
                                  0.000000   50.000000   clock source latency
     4    0.040688    0.000000    0.000000   50.000000 v jtag_tck_i (in)
                                                         jtag_tck_i (net)
                      0.004159    0.002078   50.002075 v delaybuf_1_jtag_tck/A (sky130_fd_sc_hd__clkbuf_16)
     3    0.018633    0.026269    0.086857   50.088932 v delaybuf_1_jtag_tck/X (sky130_fd_sc_hd__clkbuf_16)
                                                         delaynet_1_jtag_tck (net)
                      0.026293    0.001336   50.090271 v delaybuf_2_jtag_tck/A (sky130_fd_sc_hd__clkbuf_16)
     3    0.018689    0.026259    0.095792   50.186062 v delaybuf_2_jtag_tck/X (sky130_fd_sc_hd__clkbuf_16)
                                                         delaynet_2_jtag_tck (net)
                      0.026285    0.001368   50.187428 v clkbuf_regs_1_jtag_tck/A (sky130_fd_sc_hd__clkbuf_16)
     1    0.008476    0.022086    0.090044   50.277473 v clkbuf_regs_1_jtag_tck/X (sky130_fd_sc_hd__clkbuf_16)
                                                         jtag_tck_i_regs (net)
                      0.022087    0.000302   50.277775 v clkbuf_0_jtag_tck_i_regs/A (sky130_fd_sc_hd__clkbuf_16)
    17    0.069223    0.047915    0.113516   50.391293 v clkbuf_0_jtag_tck_i_regs/X (sky130_fd_sc_hd__clkbuf_16)
                                                         clknet_0_jtag_tck_i_regs (net)
                      0.048600    0.004384   50.395676 v clkbuf_3_3_0_jtag_tck_i_regs/A (sky130_fd_sc_hd__clkbuf_8)
    13    0.059397    0.055251    0.128253   50.523930 v clkbuf_3_3_0_jtag_tck_i_regs/X (sky130_fd_sc_hd__clkbuf_8)
                                                         clknet_3_3_0_jtag_tck_i_regs (net)
                      0.055906    0.004800   50.528728 v i_soc.i_dmi_jtag.i_dmi_jtag_tap.i_tck_inv._0__8644/A (sky130_fd_sc_hd__inv_2)
     1    0.002069    0.020249    0.033392   50.562119 ^ i_soc.i_dmi_jtag.i_dmi_jtag_tap.i_tck_inv._0__8644/Y (sky130_fd_sc_hd__inv_2)
                                                         net8643 (net)
                      0.020249    0.000039   50.562157 ^ i_soc.i_dmi_jtag.i_dmi_jtag_tap.i_dft_tck_mux._0_/A0 (sky130_fd_sc_hd__mux2_1)
     1    0.002138    0.024990    0.064841   50.626999 ^ i_soc.i_dmi_jtag.i_dmi_jtag_tap.i_dft_tck_mux._0_/X (sky130_fd_sc_hd__mux2_1)
                                                         i_soc.i_dmi_jtag.i_dmi_jtag_tap.i_dft_tck_mux.clk_o (net)
                      0.024990    0.000060   50.627060 ^ i_soc.i_dmi_jtag.i_dmi_jtag_tap._238_/CLK (sky130_fd_sc_hd__dfrtp_2)
     1    0.011181    0.052488    0.229981   50.857040 ^ i_soc.i_dmi_jtag.i_dmi_jtag_tap._238_/Q (sky130_fd_sc_hd__dfrtp_2)
                                                         net46 (net)
                      0.052492    0.000512   50.857552 ^ output46/A (sky130_fd_sc_hd__clkbuf_16)
     1    0.008364    0.023496    0.082714   50.940266 ^ output46/X (sky130_fd_sc_hd__clkbuf_16)
                                                         net3027 (net)
                      0.023497    0.000249   50.940514 ^ wire3027/A (sky130_fd_sc_hd__clkbuf_16)
     1    5.005718    4.057947    2.583853   53.524368 ^ wire3027/X (sky130_fd_sc_hd__clkbuf_16)
                                                         jtag_tdo_o (net)
                      4.106186    0.355502   53.879871 ^ jtag_tdo_o (out)
                                             53.879871   data arrival time

                                100.000000  100.000000   clock jtag_tck (rise edge)
                                  0.000000  100.000000   clock network delay (propagated)
                                 -0.500000   99.499992   clock uncertainty
                                  0.000000   99.499992   clock reconvergence pessimism
                                -20.000000   79.499992   output external delay
                                             79.499992   data required time
---------------------------------------------------------------------------------------------
                                             79.499992   data required time
                                            -53.879871   data arrival time
---------------------------------------------------------------------------------------------
                                             25.620121   slack (MET)




===========================================================================
report_checks --slack_max -0.01
============================================================================
======================= nom_ff_n40C_1v95 Corner ===================================

No paths found.


===========================================================================
 report_check_types -max_slew -max_cap -max_fanout -violators
============================================================================
======================= nom_ff_n40C_1v95 Corner ===================================

max slew

Pin                                        Limit        Slew       Slack
------------------------------------------------------------------------
gpio_out_o[15]                          1.000000    4.240340   -3.240340 (VIOLATED)
gpio_out_o[10]                          1.000000    4.237697   -3.237696 (VIOLATED)
gpio_out_o[9]                           1.000000    4.237119   -3.237119 (VIOLATED)
gpio_out_o[13]                          1.000000    4.228240   -3.228240 (VIOLATED)
gpio_out_o[7]                           1.000000    4.207781   -3.207781 (VIOLATED)
gpio_out_o[11]                          1.000000    4.191765   -3.191765 (VIOLATED)
gpio_out_o[1]                           1.000000    4.189642   -3.189642 (VIOLATED)
gpio_out_o[12]                          1.000000    4.180972   -3.180972 (VIOLATED)
gpio_out_o[6]                           1.000000    4.174946   -3.174946 (VIOLATED)
gpio_out_o[8]                           1.000000    4.169776   -3.169776 (VIOLATED)
gpio_out_o[14]                          1.000000    4.167533   -3.167533 (VIOLATED)
gpio_out_o[5]                           1.000000    4.161876   -3.161876 (VIOLATED)
gpio_out_o[2]                           1.000000    4.156631   -3.156631 (VIOLATED)
wire3405/X                              1.000000    4.144547   -3.144547 (VIOLATED)
gpio_out_o[3]                           1.000000    4.144246   -3.144246 (VIOLATED)
wire3410/X                              1.000000    4.143309   -3.143309 (VIOLATED)
wire3396/X                              1.000000    4.142613   -3.142613 (VIOLATED)
wire3407/X                              1.000000    4.137201   -3.137201 (VIOLATED)
i2c_scl_o                               1.000000    4.134952   -3.134952 (VIOLATED)
wire3398/X                              1.000000    4.125030   -3.125030 (VIOLATED)
gpio_out_o[4]                           1.000000    4.117974   -3.117974 (VIOLATED)
uart1_txd_o                             1.000000    4.116927   -3.116927 (VIOLATED)
uart_txd_o                              1.000000    4.115493   -3.115493 (VIOLATED)
wire3409/X                              1.000000    4.114474   -3.114474 (VIOLATED)
wire3404/X                              1.000000    4.114105   -3.114105 (VIOLATED)
wire3408/X                              1.000000    4.107980   -3.107980 (VIOLATED)
jtag_tdo_o                              1.000000    4.106186   -3.106186 (VIOLATED)
gpio_out_o[0]                           1.000000    4.105004   -3.105004 (VIOLATED)
i2c_sda_oe_o                            1.000000    4.104195   -3.104194 (VIOLATED)
wire3399/X                              1.000000    4.103808   -3.103808 (VIOLATED)
wire3397/X                              1.000000    4.100591   -3.100590 (VIOLATED)
qspi_cs_no                              1.000000    4.099195   -3.099195 (VIOLATED)
qspi_io_oe[3]                           1.000000    4.098565   -3.098565 (VIOLATED)
wire3406/X                              1.000000    4.098288   -3.098288 (VIOLATED)
wire3400/X                              1.000000    4.096226   -3.096226 (VIOLATED)
qspi_io_o[2]                            1.000000    4.095450   -3.095450 (VIOLATED)
wire3403/X                              1.000000    4.091443   -3.091443 (VIOLATED)
wire3402/X                              1.000000    4.083395   -3.083395 (VIOLATED)
qspi_io_oe[2]                           1.000000    4.083271   -3.083271 (VIOLATED)
qspi_io_o[1]                            1.000000    4.079306   -3.079306 (VIOLATED)
qspi_io_oe[0]                           1.000000    4.076919   -3.076919 (VIOLATED)
wire4803/X                              1.000000    4.076620   -3.076619 (VIOLATED)
qspi_sclk_o                             1.000000    4.074295   -3.074295 (VIOLATED)
qspi_io_o[3]                            1.000000    4.071867   -3.071867 (VIOLATED)
qspi_io_oe[1]                           1.000000    4.067001   -3.067001 (VIOLATED)
wire4800/X                              1.000000    4.065100   -3.065099 (VIOLATED)
wire3401/X                              1.000000    4.064916   -3.064916 (VIOLATED)
wire4799/X                              1.000000    4.062972   -3.062971 (VIOLATED)
wire3027/X                              1.000000    4.057947   -3.057946 (VIOLATED)
wire3411/X                              1.000000    4.055719   -3.055719 (VIOLATED)
wire4802/X                              1.000000    4.055225   -3.055225 (VIOLATED)
wire3395/X                              1.000000    4.053499   -3.053499 (VIOLATED)
wire2733/X                              1.000000    4.052925   -3.052925 (VIOLATED)
wire3392/X                              1.000000    4.049827   -3.049827 (VIOLATED)
wire2607/X                              1.000000    4.041876   -3.041876 (VIOLATED)
wire3393/X                              1.000000    4.037971   -3.037971 (VIOLATED)
wire2608/X                              1.000000    4.037206   -3.037206 (VIOLATED)
wire4801/X                              1.000000    4.034888   -3.034888 (VIOLATED)
wire3391/X                              1.000000    4.033057   -3.033057 (VIOLATED)
wire3026/X                              1.000000    4.029251   -3.029251 (VIOLATED)
qspi_io_o[0]                            1.000000    3.943431   -2.943431 (VIOLATED)
wire3394/X                              1.000000    3.931543   -2.931543 (VIOLATED)
i_soc.i_instr_sram.u_sram.gen_bank[2].gen_512.u_macro/din0[27]    1.000000    1.876521   -0.876521 (VIOLATED)
i_soc.i_ai_sram.u_sram.gen_bank[1].gen_512.u_macro/din0[29]    1.000000    1.856009   -0.856009 (VIOLATED)
i_soc.i_ai_sram.u_sram.gen_bank[0].gen_512.u_macro/din0[22]    1.000000    1.821209   -0.821209 (VIOLATED)
i_soc.i_instr_sram.u_sram.gen_bank[2].gen_512.u_macro/din0[14]    1.000000    1.787089   -0.787089 (VIOLATED)
i_soc.i_instr_sram.u_sram.gen_bank[2].gen_512.u_macro/din0[15]    1.000000    1.784211   -0.784211 (VIOLATED)
i_soc.i_data_sram.u_sram.gen_bank[3].gen_512.u_macro/din0[17]    1.000000    1.764919   -0.764919 (VIOLATED)
i_soc.i_data_sram.u_sram.gen_bank[2].gen_512.u_macro/din0[24]    1.000000    1.761206   -0.761206 (VIOLATED)
i_soc.i_data_sram.u_sram.gen_bank[3].gen_512.u_macro/din0[26]    1.000000    1.758098   -0.758098 (VIOLATED)
i_soc.i_instr_sram.u_sram.gen_bank[2].gen_512.u_macro/din0[7]    1.000000    1.757798   -0.757798 (VIOLATED)
i_soc.i_data_sram.u_sram.gen_bank[3].gen_512.u_macro/din0[24]    1.000000    1.754609   -0.754609 (VIOLATED)
i_soc.i_instr_sram.u_sram.gen_bank[2].gen_512.u_macro/din0[20]    1.000000    1.753348   -0.753349 (VIOLATED)
i_soc.i_data_sram.u_sram.gen_bank[3].gen_512.u_macro/din0[16]    1.000000    1.753092   -0.753092 (VIOLATED)
i_soc.i_instr_sram.u_sram.gen_bank[2].gen_512.u_macro/din0[23]    1.000000    1.752626   -0.752626 (VIOLATED)
i_soc.i_data_sram.u_sram.gen_bank[1].gen_512.u_macro/din0[24]    1.000000    1.731658   -0.731658 (VIOLATED)
i_soc.i_instr_sram.u_sram.gen_bank[0].gen_512.u_macro/din0[27]    1.000000    1.730980   -0.730980 (VIOLATED)
i_soc.i_data_sram.u_sram.gen_bank[3].gen_512.u_macro/din0[30]    1.000000    1.725645   -0.725645 (VIOLATED)
i_soc.i_data_sram.u_sram.gen_bank[0].gen_512.u_macro/din0[24]    1.000000    1.725475   -0.725475 (VIOLATED)
i_soc.i_data_sram.u_sram.gen_bank[1].gen_512.u_macro/din0[17]    1.000000    1.721243   -0.721243 (VIOLATED)
i_soc.i_data_sram.u_sram.gen_bank[1].gen_512.u_macro/din0[16]    1.000000    1.720109   -0.720109 (VIOLATED)
i_soc.i_ai_accel.u_conv_out.gen_bank[0].gen_512.u_macro/csb0    1.000000    1.715001   -0.715001 (VIOLATED)
i_soc.i_data_sram.u_sram.gen_bank[3].gen_512.u_macro/din0[19]    1.000000    1.703262   -0.703262 (VIOLATED)
i_soc.i_data_sram.u_sram.gen_bank[3].gen_512.u_macro/din0[22]    1.000000    1.702142   -0.702142 (VIOLATED)
i_soc.i_data_sram.u_sram.gen_bank[2].gen_512.u_macro/din0[23]    1.000000    1.697701   -0.697701 (VIOLATED)
i_soc.i_data_sram.u_sram.gen_bank[3].gen_512.u_macro/din0[28]    1.000000    1.694713   -0.694713 (VIOLATED)
i_soc.i_data_sram.u_sram.gen_bank[3].gen_512.u_macro/din0[23]    1.000000    1.693761   -0.693761 (VIOLATED)
i_soc.i_data_sram.u_sram.gen_bank[2].gen_512.u_macro/din0[26]    1.000000    1.692850   -0.692849 (VIOLATED)
i_soc.i_ai_sram.u_sram.gen_bank[4].gen_512.u_macro/din0[22]    1.000000    1.692620   -0.692620 (VIOLATED)
i_soc.i_instr_sram.u_sram.gen_bank[2].gen_512.u_macro/din0[26]    1.000000    1.687272   -0.687272 (VIOLATED)
i_soc.i_instr_sram.u_sram.gen_bank[2].gen_512.u_macro/din0[11]    1.000000    1.685217   -0.685217 (VIOLATED)
i_soc.i_instr_sram.u_sram.gen_bank[2].gen_512.u_macro/din0[4]    1.000000    1.683363   -0.683363 (VIOLATED)
i_soc.i_instr_sram.u_sram.gen_bank[2].gen_512.u_macro/din0[12]    1.000000    1.682232   -0.682232 (VIOLATED)
i_soc.i_data_sram.u_sram.gen_bank[3].gen_512.u_macro/din0[27]    1.000000    1.679001   -0.679001 (VIOLATED)
i_soc.i_instr_sram.u_sram.gen_bank[0].gen_512.u_macro/din0[14]    1.000000    1.677923   -0.677923 (VIOLATED)
i_soc.i_data_sram.u_sram.gen_bank[1].gen_512.u_macro/din0[26]    1.000000    1.676220   -0.676220 (VIOLATED)
i_soc.i_data_sram.u_sram.gen_bank[2].gen_512.u_macro/din0[27]    1.000000    1.671280   -0.671280 (VIOLATED)
i_soc.i_data_sram.u_sram.gen_bank[1].gen_512.u_macro/din0[19]    1.000000    1.670319   -0.670319 (VIOLATED)
i_soc.i_instr_sram.u_sram.gen_bank[2].gen_512.u_macro/din0[2]    1.000000    1.670059   -0.670059 (VIOLATED)
i_soc.i_data_sram.u_sram.gen_bank[2].gen_512.u_macro/din0[28]    1.000000    1.668923   -0.668923 (VIOLATED)
i_soc.i_data_sram.u_sram.gen_bank[2].gen_512.u_macro/din0[17]    1.000000    1.666951   -0.666951 (VIOLATED)
i_soc.i_data_sram.u_sram.gen_bank[1].gen_512.u_macro/din0[23]    1.000000    1.666347   -0.666347 (VIOLATED)
i_soc.i_data_sram.u_sram.gen_bank[2].gen_512.u_macro/din0[30]    1.000000    1.666215   -0.666215 (VIOLATED)
i_soc.i_instr_sram.u_sram.gen_bank[0].gen_512.u_macro/din0[15]    1.000000    1.663730   -0.663730 (VIOLATED)
i_soc.i_data_sram.u_sram.gen_bank[1].gen_512.u_macro/din0[30]    1.000000    1.662873   -0.662873 (VIOLATED)
i_soc.i_data_sram.u_sram.gen_bank[0].gen_512.u_macro/din0[23]    1.000000    1.658269   -0.658269 (VIOLATED)
i_soc.i_ai_sram.u_sram.gen_bank[0].gen_512.u_macro/din0[25]    1.000000    1.657998   -0.657998 (VIOLATED)
i_soc.i_instr_sram.u_sram.gen_bank[2].gen_512.u_macro/din0[3]    1.000000    1.656971   -0.656971 (VIOLATED)
i_soc.i_instr_sram.u_sram.gen_bank[2].gen_512.u_macro/din0[19]    1.000000    1.651153   -0.651153 (VIOLATED)
i_soc.i_ai_sram.u_sram.gen_bank[0].gen_512.u_macro/din0[17]    1.000000    1.650982   -0.650981 (VIOLATED)
i_soc.i_data_sram.u_sram.gen_bank[2].gen_512.u_macro/din0[22]    1.000000    1.648933   -0.648933 (VIOLATED)
i_soc.i_data_sram.u_sram.gen_bank[2].gen_512.u_macro/din0[16]    1.000000    1.646401   -0.646401 (VIOLATED)
i_soc.i_instr_sram.u_sram.gen_bank[0].gen_512.u_macro/din0[7]    1.000000    1.646062   -0.646062 (VIOLATED)
i_soc.i_data_sram.u_sram.gen_bank[1].gen_512.u_macro/din0[27]    1.000000    1.643458   -0.643459 (VIOLATED)
i_soc.i_data_sram.u_sram.gen_bank[1].gen_512.u_macro/din0[28]    1.000000    1.641516   -0.641516 (VIOLATED)
i_soc.i_ai_sram.u_sram.gen_bank[0].gen_512.u_macro/din0[13]    1.000000    1.641321   -0.641321 (VIOLATED)
i_soc.i_data_sram.u_sram.gen_bank[0].gen_512.u_macro/din0[16]    1.000000    1.640165   -0.640165 (VIOLATED)
i_soc.i_data_sram.u_sram.gen_bank[3].gen_512.u_macro/din0[25]    1.000000    1.639162   -0.639162 (VIOLATED)
i_soc.i_instr_sram.u_sram.gen_bank[0].gen_512.u_macro/din0[26]    1.000000    1.639109   -0.639109 (VIOLATED)
i_soc.i_instr_sram.u_sram.gen_bank[0].gen_512.u_macro/din0[20]    1.000000    1.638754   -0.638754 (VIOLATED)
i_soc.i_data_sram.u_sram.gen_bank[0].gen_512.u_macro/din0[17]    1.000000    1.636726   -0.636726 (VIOLATED)
i_soc.i_data_sram.u_sram.gen_bank[0].gen_512.u_macro/din0[27]    1.000000    1.636634   -0.636634 (VIOLATED)
i_soc.i_data_sram.u_sram.gen_bank[1].gen_512.u_macro/din0[22]    1.000000    1.634827   -0.634827 (VIOLATED)
i_soc.i_instr_sram.u_sram.gen_bank[2].gen_512.u_macro/din0[10]    1.000000    1.633924   -0.633924 (VIOLATED)
i_soc.i_instr_sram.u_sram.gen_bank[2].gen_512.u_macro/din0[16]    1.000000    1.629341   -0.629341 (VIOLATED)
i_soc.i_instr_sram.u_sram.gen_bank[2].gen_512.u_macro/din0[1]    1.000000    1.627192   -0.627192 (VIOLATED)
i_soc.i_instr_sram.u_sram.gen_bank[2].gen_512.u_macro/din0[8]    1.000000    1.626217   -0.626217 (VIOLATED)
i_soc.i_instr_sram.u_sram.gen_bank[3].gen_512.u_macro/din0[26]    1.000000    1.618124   -0.618124 (VIOLATED)
i_soc.i_data_sram.u_sram.gen_bank[3].gen_512.u_macro/din0[18]    1.000000    1.615835   -0.615835 (VIOLATED)
i_soc.i_data_sram.u_sram.gen_bank[3].gen_512.u_macro/din0[11]    1.000000    1.609624   -0.609624 (VIOLATED)
i_soc.i_data_sram.u_sram.gen_bank[3].gen_512.u_macro/din0[10]    1.000000    1.603027   -0.603027 (VIOLATED)
i_soc.i_instr_sram.u_sram.gen_bank[1].gen_512.u_macro/din0[26]    1.000000    1.601639   -0.601639 (VIOLATED)
i_soc.i_instr_sram.u_sram.gen_bank[2].gen_512.u_macro/din0[22]    1.000000    1.597036   -0.597036 (VIOLATED)
i_soc.i_instr_sram.u_sram.gen_bank[0].gen_512.u_macro/din0[11]    1.000000    1.596949   -0.596949 (VIOLATED)
i_soc.i_ai_sram.u_sram.gen_bank[0].gen_512.u_macro/din0[18]    1.000000    1.595501   -0.595501 (VIOLATED)
i_soc.i_data_sram.u_sram.gen_bank[2].gen_512.u_macro/din0[19]    1.000000    1.595490   -0.595490 (VIOLATED)
i_soc.i_ai_sram.u_sram.gen_bank[0].gen_512.u_macro/din0[27]    1.000000    1.593366   -0.593366 (VIOLATED)
i_soc.i_data_sram.u_sram.gen_bank[3].gen_512.u_macro/din0[12]    1.000000    1.592095   -0.592095 (VIOLATED)
i_soc.i_data_sram.u_sram.gen_bank[0].gen_512.u_macro/din0[19]    1.000000    1.591732   -0.591732 (VIOLATED)
i_soc.i_data_sram.u_sram.gen_bank[2].gen_512.u_macro/din0[21]    1.000000    1.591439   -0.591439 (VIOLATED)
i_soc.i_ai_sram.u_sram.gen_bank[2].gen_512.u_macro/din0[15]    1.000000    1.590819   -0.590819 (VIOLATED)
i_soc.i_instr_sram.u_sram.gen_bank[0].gen_512.u_macro/din0[4]    1.000000    1.589807   -0.589807 (VIOLATED)
i_soc.i_instr_sram.u_sram.gen_bank[0].gen_512.u_macro/din0[23]    1.000000    1.589408   -0.589408 (VIOLATED)
i_soc.i_instr_sram.u_sram.gen_bank[2].gen_512.u_macro/din0[25]    1.000000    1.588095   -0.588095 (VIOLATED)
i_soc.i_instr_sram.u_sram.gen_bank[3].gen_512.u_macro/din0[27]    1.000000    1.587917   -0.587917 (VIOLATED)
i_soc.i_data_sram.u_sram.gen_bank[3].gen_512.u_macro/din0[21]    1.000000    1.587875   -0.587875 (VIOLATED)
i_soc.i_instr_sram.u_sram.gen_bank[0].gen_512.u_macro/din0[12]    1.000000    1.584718   -0.584719 (VIOLATED)
i_soc.i_data_sram.u_sram.gen_bank[3].gen_512.u_macro/din0[6]    1.000000    1.582667   -0.582667 (VIOLATED)
i_soc.i_data_sram.u_sram.gen_bank[1].gen_512.u_macro/din0[10]    1.000000    1.578967   -0.578967 (VIOLATED)
i_soc.i_data_sram.u_sram.gen_bank[1].gen_512.u_macro/din0[12]    1.000000    1.576913   -0.576913 (VIOLATED)
i_soc.i_data_sram.u_sram.gen_bank[2].gen_512.u_macro/din0[25]    1.000000    1.576615   -0.576615 (VIOLATED)
i_soc.i_data_sram.u_sram.gen_bank[3].gen_512.u_macro/din0[14]    1.000000    1.574701   -0.574701 (VIOLATED)
i_soc.i_data_sram.u_sram.gen_bank[1].gen_512.u_macro/din0[18]    1.000000    1.574066   -0.574066 (VIOLATED)
i_soc.i_data_sram.u_sram.gen_bank[1].gen_512.u_macro/din0[25]    1.000000    1.573918   -0.573918 (VIOLATED)
i_soc.i_data_sram.u_sram.gen_bank[2].gen_512.u_macro/din0[12]    1.000000    1.573687   -0.573687 (VIOLATED)
i_soc.i_data_sram.u_sram.gen_bank[0].gen_512.u_macro/din0[12]    1.000000    1.571299   -0.571299 (VIOLATED)
i_soc.i_data_sram.u_sram.gen_bank[1].gen_512.u_macro/din0[21]    1.000000    1.567515   -0.567515 (VIOLATED)
i_soc.i_instr_sram.u_sram.gen_bank[2].gen_512.u_macro/din0[0]    1.000000    1.563185   -0.563185 (VIOLATED)
i_soc.i_instr_sram.u_sram.gen_bank[0].gen_512.u_macro/din0[2]    1.000000    1.562170   -0.562170 (VIOLATED)
i_soc.i_data_sram.u_sram.gen_bank[0].gen_512.u_macro/din0[21]    1.000000    1.561874   -0.561874 (VIOLATED)
i_soc.i_data_sram.u_sram.gen_bank[1].gen_512.u_macro/din0[11]    1.000000    1.561754   -0.561754 (VIOLATED)
i_soc.i_ai_sram.u_sram.gen_bank[4].gen_512.u_macro/din0[17]    1.000000    1.558959   -0.558959 (VIOLATED)
i_soc.i_instr_sram.u_sram.gen_bank[3].gen_512.u_macro/din0[25]    1.000000    1.558763   -0.558763 (VIOLATED)
i_soc.i_instr_sram.u_sram.gen_bank[2].gen_512.u_macro/din0[5]    1.000000    1.556474   -0.556474 (VIOLATED)
i_soc.i_instr_sram.u_sram.gen_bank[0].gen_512.u_macro/din0[3]    1.000000    1.548357   -0.548357 (VIOLATED)
i_soc.i_instr_sram.u_sram.gen_bank[2].gen_512.u_macro/din0[30]    1.000000    1.546583   -0.546583 (VIOLATED)
i_soc.i_ai_sram.u_sram.gen_bank[4].gen_512.u_macro/din0[25]    1.000000    1.546107   -0.546107 (VIOLATED)
i_soc.i_ai_sram.u_sram.gen_bank[5].gen_512.u_macro/din0[29]    1.000000    1.545223   -0.545223 (VIOLATED)
i_soc.i_instr_sram.u_sram.gen_bank[0].gen_512.u_macro/din0[1]    1.000000    1.544591   -0.544591 (VIOLATED)
i_soc.i_instr_sram.u_sram.gen_bank[0].gen_512.u_macro/din0[19]    1.000000    1.543641   -0.543641 (VIOLATED)
i_soc.i_ai_sram.u_sram.gen_bank[0].gen_512.u_macro/din0[15]    1.000000    1.542813   -0.542813 (VIOLATED)
i_soc.i_data_sram.u_sram.gen_bank[1].gen_512.u_macro/din0[6]    1.000000    1.542344   -0.542344 (VIOLATED)
i_soc.i_instr_sram.u_sram.gen_bank[0].gen_512.u_macro/din0[10]    1.000000    1.541855   -0.541855 (VIOLATED)
i_soc.i_instr_sram.u_sram.gen_bank[0].gen_512.u_macro/din0[25]    1.000000    1.540678   -0.540678 (VIOLATED)
i_soc.i_ai_sram.u_sram.gen_bank[4].gen_512.u_macro/din0[18]    1.000000    1.532415   -0.532415 (VIOLATED)
i_soc.i_data_sram.u_sram.gen_bank[3].gen_512.u_macro/din0[2]    1.000000    1.528291   -0.528291 (VIOLATED)
i_soc.i_ai_sram.u_sram.gen_bank[4].gen_512.u_macro/din0[13]    1.000000    1.527625   -0.527625 (VIOLATED)
i_soc.i_ai_sram.u_sram.gen_bank[0].gen_512.u_macro/din0[12]    1.000000    1.524867   -0.524867 (VIOLATED)
i_soc.i_data_sram.u_sram.gen_bank[1].gen_512.u_macro/din0[14]    1.000000    1.524282   -0.524282 (VIOLATED)
i_soc.i_instr_sram.u_sram.gen_bank[1].gen_512.u_macro/din0[25]    1.000000    1.522108   -0.522108 (VIOLATED)
i_soc.i_instr_sram.u_sram.gen_bank[0].gen_512.u_macro/din0[8]    1.000000    1.519871   -0.519871 (VIOLATED)
i_soc.i_instr_sram.u_sram.gen_bank[2].gen_512.u_macro/din0[9]    1.000000    1.517274   -0.517274 (VIOLATED)
i_soc.i_data_sram.u_sram.gen_bank[2].gen_512.u_macro/din0[10]    1.000000    1.516774   -0.516774 (VIOLATED)
i_soc.i_ai_sram.u_sram.gen_bank[0].gen_512.u_macro/din0[23]    1.000000    1.515112   -0.515112 (VIOLATED)
i_soc.i_instr_sram.u_sram.gen_bank[3].gen_512.u_macro/din0[15]    1.000000    1.514642   -0.514642 (VIOLATED)
i_soc.i_data_sram.u_sram.gen_bank[0].gen_512.u_macro/din0[10]    1.000000    1.514085   -0.514085 (VIOLATED)
i_soc.i_data_sram.u_sram.gen_bank[2].gen_512.u_macro/din0[18]    1.000000    1.511083   -0.511084 (VIOLATED)
i_soc.i_data_sram.u_sram.gen_bank[0].gen_512.u_macro/din0[22]    1.000000    1.509968   -0.509968 (VIOLATED)
i_soc.i_instr_sram.u_sram.gen_bank[0].gen_512.u_macro/din0[16]    1.000000    1.508804   -0.508804 (VIOLATED)
i_soc.i_data_sram.u_sram.gen_bank[3].gen_512.u_macro/din0[13]    1.000000    1.507833   -0.507833 (VIOLATED)
i_soc.i_data_sram.u_sram.gen_bank[0].gen_512.u_macro/din0[26]    1.000000    1.507731   -0.507731 (VIOLATED)
i_soc.i_instr_sram.u_sram.gen_bank[3].gen_512.u_macro/din0[14]    1.000000    1.506723   -0.506723 (VIOLATED)
i_soc.i_ai_sram.u_sram.gen_bank[6].gen_512.u_macro/din0[15]    1.000000    1.505236   -0.505236 (VIOLATED)
i_soc.i_instr_sram.u_sram.gen_bank[3].gen_512.u_macro/din0[20]    1.000000    1.501879   -0.501879 (VIOLATED)
i_soc.i_data_sram.u_sram.gen_bank[0].gen_512.u_macro/din0[18]    1.000000    1.500949   -0.500949 (VIOLATED)
i_soc.i_data_sram.u_sram.gen_bank[0].gen_512.u_macro/din0[30]    1.000000    1.500051   -0.500051 (VIOLATED)
i_soc.i_instr_sram.u_sram.gen_bank[0].gen_512.u_macro/din0[0]    1.000000    1.499444   -0.499444 (VIOLATED)
i_soc.i_data_sram.u_sram.gen_bank[3].gen_512.u_macro/din0[31]    1.000000    1.497625   -0.497625 (VIOLATED)
i_soc.i_data_sram.u_sram.gen_bank[3].gen_512.u_macro/din0[15]    1.000000    1.494535   -0.494535 (VIOLATED)
i_soc.i_instr_sram.u_sram.gen_bank[0].gen_512.u_macro/din0[30]    1.000000    1.494151   -0.494151 (VIOLATED)
i_soc.i_instr_sram.u_sram.gen_bank[2].gen_512.u_macro/din0[31]    1.000000    1.493801   -0.493801 (VIOLATED)
i_soc.i_data_sram.u_sram.gen_bank[1].gen_512.u_macro/din0[2]    1.000000    1.490243   -0.490243 (VIOLATED)
i_soc.i_data_sram.u_sram.gen_bank[2].gen_512.u_macro/din0[31]    1.000000    1.488549   -0.488549 (VIOLATED)
i_soc.i_data_sram.u_sram.gen_bank[2].gen_512.u_macro/din0[11]    1.000000    1.488391   -0.488391 (VIOLATED)
i_soc.i_ai_sram.u_sram.gen_bank[0].gen_512.u_macro/din0[16]    1.000000    1.486792   -0.486792 (VIOLATED)
i_soc.i_data_sram.u_sram.gen_bank[1].gen_512.u_macro/din0[13]    1.000000    1.486155   -0.486155 (VIOLATED)
i_soc.i_data_sram.u_sram.gen_bank[0].gen_512.u_macro/din0[28]    1.000000    1.484525   -0.484525 (VIOLATED)
i_soc.i_data_sram.u_sram.gen_bank[3].gen_512.u_macro/din0[20]    1.000000    1.483030   -0.483030 (VIOLATED)
i_soc.i_data_sram.u_sram.gen_bank[2].gen_512.u_macro/din0[13]    1.000000    1.482929   -0.482929 (VIOLATED)
i_soc.i_ai_sram.u_sram.gen_bank[0].gen_512.u_macro/din0[20]    1.000000    1.482458   -0.482458 (VIOLATED)
i_soc.i_data_sram.u_sram.gen_bank[1].gen_512.u_macro/din0[31]    1.000000    1.480030   -0.480030 (VIOLATED)
i_soc.i_ai_sram.u_sram.gen_bank[0].gen_512.u_macro/din0[11]    1.000000    1.479660   -0.479660 (VIOLATED)
i_soc.i_instr_sram.u_sram.gen_bank[3].gen_512.u_macro/din0[30]    1.000000    1.478945   -0.478945 (VIOLATED)
i_soc.i_data_sram.u_sram.gen_bank[0].gen_512.u_macro/din0[13]    1.000000    1.478703   -0.478703 (VIOLATED)
i_soc.i_data_sram.u_sram.gen_bank[0].gen_512.u_macro/din0[11]    1.000000    1.477757   -0.477757 (VIOLATED)
i_soc.i_instr_sram.u_sram.gen_bank[0].gen_512.u_macro/din0[22]    1.000000    1.477441   -0.477441 (VIOLATED)
i_soc.i_data_sram.u_sram.gen_bank[1].gen_512.u_macro/din0[15]    1.000000    1.473232   -0.473232 (VIOLATED)
i_soc.i_data_sram.u_sram.gen_bank[2].gen_512.u_macro/din0[15]    1.000000    1.473018   -0.473018 (VIOLATED)
i_soc.i_ai_sram.u_sram.gen_bank[0].gen_512.u_macro/din0[10]    1.000000    1.471139   -0.471139 (VIOLATED)
i_soc.i_instr_sram.u_sram.gen_bank[0].gen_512.u_macro/din0[5]    1.000000    1.469502   -0.469502 (VIOLATED)
i_soc.i_instr_sram.u_sram.gen_bank[2].gen_512.u_macro/din0[17]    1.000000    1.468967   -0.468967 (VIOLATED)
i_soc.i_data_sram.u_sram.gen_bank[0].gen_512.u_macro/din0[15]    1.000000    1.465919   -0.465919 (VIOLATED)
i_soc.i_ai_sram.u_sram.gen_bank[0].gen_512.u_macro/din0[19]    1.000000    1.465782   -0.465782 (VIOLATED)
i_soc.i_instr_sram.u_sram.gen_bank[1].gen_512.u_macro/din0[27]    1.000000    1.465515   -0.465515 (VIOLATED)
i_soc.i_data_sram.u_sram.gen_bank[3].gen_512.u_macro/din0[0]    1.000000    1.465010   -0.465010 (VIOLATED)
i_soc.i_ai_sram.u_sram.gen_bank[4].gen_512.u_macro/din0[27]    1.000000    1.461247   -0.461247 (VIOLATED)
i_soc.i_ai_sram.u_sram.gen_bank[4].gen_512.u_macro/din0[15]    1.000000    1.460858   -0.460858 (VIOLATED)
i_soc.i_ai_sram.u_sram.gen_bank[0].gen_512.u_macro/din0[30]    1.000000    1.457541   -0.457541 (VIOLATED)
i_soc.i_instr_sram.u_sram.gen_bank[0].gen_512.u_macro/din0[31]    1.000000    1.456846   -0.456846 (VIOLATED)
i_soc.i_instr_sram.u_sram.gen_bank[3].gen_512.u_macro/din0[7]    1.000000    1.454823   -0.454823 (VIOLATED)
i_soc.i_data_sram.u_sram.gen_bank[2].gen_512.u_macro/din0[6]    1.000000    1.454716   -0.454716 (VIOLATED)
i_soc.i_ai_sram.u_sram.gen_bank[4].gen_512.u_macro/din0[12]    1.000000    1.454302   -0.454302 (VIOLATED)
i_soc.i_data_sram.u_sram.gen_bank[0].gen_512.u_macro/din0[25]    1.000000    1.453573   -0.453574 (VIOLATED)
i_soc.i_data_sram.u_sram.gen_bank[2].gen_512.u_macro/din0[14]    1.000000    1.452115   -0.452115 (VIOLATED)
i_soc.i_instr_sram.u_sram.gen_bank[2].gen_512.u_macro/din0[24]    1.000000    1.451092   -0.451091 (VIOLATED)
i_soc.i_data_sram.u_sram.gen_bank[0].gen_512.u_macro/din0[6]    1.000000    1.450430   -0.450430 (VIOLATED)
i_soc.i_instr_sram.u_sram.gen_bank[2].gen_512.u_macro/din0[21]    1.000000    1.444872   -0.444872 (VIOLATED)
i_soc.i_data_sram.u_sram.gen_bank[1].gen_512.u_macro/din0[20]    1.000000    1.444772   -0.444772 (VIOLATED)
i_soc.i_instr_sram.u_sram.gen_bank[1].gen_512.u_macro/din0[15]    1.000000    1.444588   -0.444588 (VIOLATED)
i_soc.i_ai_accel.u_input_mem/csb0       1.000000    1.444412   -0.444413 (VIOLATED)
i_soc.i_data_sram.u_sram.gen_bank[3].gen_512.u_macro/din0[9]    1.000000    1.443534   -0.443534 (VIOLATED)
i_soc.i_instr_sram.u_sram.gen_bank[3].gen_512.u_macro/din0[4]    1.000000    1.441474   -0.441474 (VIOLATED)
i_soc.i_instr_sram.u_sram.gen_bank[1].gen_512.u_macro/din0[14]    1.000000    1.440788   -0.440788 (VIOLATED)
i_soc.i_ai_sram.u_sram.gen_bank[0].gen_512.u_macro/din0[3]    1.000000    1.440105   -0.440105 (VIOLATED)
i_soc.i_instr_sram.u_sram.gen_bank[2].gen_512.u_macro/din0[29]    1.000000    1.440006   -0.440006 (VIOLATED)
i_soc.i_ai_sram.u_sram.gen_bank[0].gen_512.u_macro/din0[8]    1.000000    1.435574   -0.435574 (VIOLATED)
i_soc.i_data_sram.u_sram.gen_bank[0].gen_512.u_macro/din0[14]    1.000000    1.435555   -0.435555 (VIOLATED)
i_soc.i_ai_sram.u_sram.gen_bank[4].gen_512.u_macro/din0[16]    1.000000    1.433659   -0.433659 (VIOLATED)
i_soc.i_instr_sram.u_sram.gen_bank[1].gen_512.u_macro/din0[30]    1.000000    1.431151   -0.431151 (VIOLATED)
i_soc.i_data_sram.u_sram.gen_bank[3].gen_512.u_macro/din0[3]    1.000000    1.430873   -0.430873 (VIOLATED)
i_soc.i_instr_sram.u_sram.gen_bank[3].gen_512.u_macro/din0[31]    1.000000    1.429719   -0.429719 (VIOLATED)
i_soc.i_instr_sram.u_sram.gen_bank[3].gen_512.u_macro/din0[12]    1.000000    1.429054   -0.429054 (VIOLATED)
i_soc.i_ai_sram.u_sram.gen_bank[2].gen_512.u_macro/din0[30]    1.000000    1.428848   -0.428848 (VIOLATED)
i_soc.i_instr_sram.u_sram.gen_bank[1].gen_512.u_macro/din0[20]    1.000000    1.426841   -0.426841 (VIOLATED)
i_soc.i_ai_sram.u_sram.gen_bank[4].gen_512.u_macro/din0[23]    1.000000    1.426525   -0.426525 (VIOLATED)
i_soc.i_instr_sram.u_sram.gen_bank[0].gen_512.u_macro/din0[9]    1.000000    1.425776   -0.425776 (VIOLATED)
i_soc.i_instr_sram.u_sram.gen_bank[1].gen_512.u_macro/din0[31]    1.000000    1.425663   -0.425663 (VIOLATED)
i_soc.i_data_sram.u_sram.gen_bank[1].gen_512.u_macro/din0[0]    1.000000    1.424926   -0.424926 (VIOLATED)
i_soc.i_instr_sram.u_sram.gen_bank[3].gen_512.u_macro/din0[11]    1.000000    1.424180   -0.424180 (VIOLATED)
i_soc.i_instr_sram.u_sram.gen_bank[3].gen_512.u_macro/din0[24]    1.000000    1.422638   -0.422638 (VIOLATED)
i_soc.i_instr_sram.u_sram.gen_bank[2].gen_512.u_macro/din0[6]    1.000000    1.420339   -0.420339 (VIOLATED)
i_soc.i_ai_sram.u_sram.gen_bank[0].gen_512.u_macro/din0[5]    1.000000    1.420065   -0.420065 (VIOLATED)
i_soc.i_instr_sram.u_sram.gen_bank[3].gen_512.u_macro/din0[17]    1.000000    1.418772   -0.418772 (VIOLATED)
i_soc.i_instr_sram.u_sram.gen_bank[2].gen_512.u_macro/din0[13]    1.000000    1.417950   -0.417950 (VIOLATED)
i_soc.i_ai_sram.u_sram.gen_bank[0].gen_512.u_macro/din0[26]    1.000000    1.415797   -0.415797 (VIOLATED)
i_soc.i_ai_sram.u_sram.gen_bank[0].gen_512.u_macro/din0[7]    1.000000    1.414935   -0.414935 (VIOLATED)
i_soc.i_data_sram.u_sram.gen_bank[1].gen_512.u_macro/din0[3]    1.000000    1.414573   -0.414573 (VIOLATED)
i_soc.i_instr_sram.u_sram.gen_bank[1].gen_512.u_macro/din0[7]    1.000000    1.412954   -0.412954 (VIOLATED)
i_soc.i_data_sram.u_sram.gen_bank[2].gen_512.u_macro/din0[3]    1.000000    1.410649   -0.410649 (VIOLATED)
i_soc.i_instr_sram.u_sram.gen_bank[3].gen_512.u_macro/din0[21]    1.000000    1.409206   -0.409206 (VIOLATED)
i_soc.i_data_sram.u_sram.gen_bank[3].gen_512.u_macro/din0[1]    1.000000    1.408899   -0.408899 (VIOLATED)
i_soc.i_data_sram.u_sram.gen_bank[0].gen_512.u_macro/din0[3]    1.000000    1.407833   -0.407833 (VIOLATED)
ANTENNA_i_soc.i_instr_sram.u_sram.gen_bank[2].gen_512.u_macro_din0[27]/DIODE    1.000000    1.407341   -0.407341 (VIOLATED)
i_soc.i_ai_sram.u_sram.gen_bank[1].gen_512.u_macro/din0[27]    1.000000    1.407116   -0.407116 (VIOLATED)
i_soc.i_instr_sram.u_sram.gen_bank[2].gen_512.u_macro/din0[28]    1.000000    1.406306   -0.406306 (VIOLATED)
i_soc.i_instr_sram.u_sram.gen_bank[0].gen_512.u_macro/din0[17]    1.000000    1.405414   -0.405414 (VIOLATED)
i_soc.i_instr_sram.u_sram.gen_bank[3].gen_512.u_macro/din0[23]    1.000000    1.403085   -0.403085 (VIOLATED)
i_soc.i_instr_sram.u_sram.gen_bank[0].gen_512.u_macro/din0[24]    1.000000    1.403057   -0.403057 (VIOLATED)
i_soc.i_data_sram.u_sram.gen_bank[2].gen_512.u_macro/din0[2]    1.000000    1.402962   -0.402962 (VIOLATED)
i_soc.i_data_sram.u_sram.gen_bank[2].gen_512.u_macro/din0[1]    1.000000    1.401368   -0.401368 (VIOLATED)
i_soc.i_data_sram.u_sram.gen_bank[3].gen_512.u_macro/din0[8]    1.000000    1.399274   -0.399274 (VIOLATED)
i_soc.i_data_sram.u_sram.gen_bank[0].gen_512.u_macro/din0[2]    1.000000    1.398821   -0.398821 (VIOLATED)
i_soc.i_ai_sram.u_sram.gen_bank[0].gen_512.u_macro/din0[9]    1.000000    1.397586   -0.397586 (VIOLATED)
i_soc.i_data_sram.u_sram.gen_bank[1].gen_512.u_macro/din0[1]    1.000000    1.394656   -0.394656 (VIOLATED)
i_soc.i_data_sram.u_sram.gen_bank[1].gen_512.u_macro/din0[9]    1.000000    1.394413   -0.394413 (VIOLATED)
ANTENNA_i_soc.i_ai_sram.u_sram.gen_bank[1].gen_512.u_macro_din0[29]/DIODE    1.000000    1.391796   -0.391796 (VIOLATED)
i_soc.i_instr_sram.u_sram.gen_bank[1].gen_512.u_macro/din0[17]    1.000000    1.391575   -0.391575 (VIOLATED)
i_soc.i_ai_sram.u_sram.gen_bank[4].gen_512.u_macro/din0[10]    1.000000    1.391445   -0.391445 (VIOLATED)
i_soc.i_ai_sram.u_sram.gen_bank[0].gen_512.u_macro/din0[4]    1.000000    1.390603   -0.390603 (VIOLATED)
i_soc.i_data_sram.u_sram.gen_bank[0].gen_512.u_macro/din0[1]    1.000000    1.389902   -0.389902 (VIOLATED)
i_soc.i_ai_sram.u_sram.gen_bank[0].gen_512.u_macro/din0[24]    1.000000    1.388366   -0.388366 (VIOLATED)
i_soc.i_ai_sram.u_sram.gen_bank[4].gen_512.u_macro/din0[11]    1.000000    1.387772   -0.387772 (VIOLATED)
i_soc.i_ai_sram.u_sram.gen_bank[0].gen_512.u_macro/din0[28]    1.000000    1.387644   -0.387644 (VIOLATED)
i_soc.i_instr_sram.u_sram.gen_bank[0].gen_512.u_macro/din0[21]    1.000000    1.386803   -0.386803 (VIOLATED)
i_soc.i_data_sram.u_sram.gen_bank[3].gen_512.u_macro/din0[29]    1.000000    1.386011   -0.386011 (VIOLATED)
i_soc.i_instr_sram.u_sram.gen_bank[3].gen_512.u_macro/din0[10]    1.000000    1.385851   -0.385851 (VIOLATED)
i_soc.i_instr_sram.u_sram.gen_bank[0].gen_512.u_macro/din0[29]    1.000000    1.384866   -0.384866 (VIOLATED)
i_soc.i_ai_sram.u_sram.gen_bank[4].gen_512.u_macro/din0[20]    1.000000    1.383889   -0.383889 (VIOLATED)
i_soc.i_data_sram.u_sram.gen_bank[2].gen_512.u_macro/din0[29]    1.000000    1.383700   -0.383700 (VIOLATED)
i_soc.i_instr_sram.u_sram.gen_bank[1].gen_512.u_macro/din0[24]    1.000000    1.380715   -0.380715 (VIOLATED)
i_soc.i_instr_sram.u_sram.gen_bank[1].gen_512.u_macro/din0[4]    1.000000    1.380474   -0.380474 (VIOLATED)
i_soc.i_instr_sram.u_sram.gen_bank[3].gen_512.u_macro/din0[16]    1.000000    1.379547   -0.379547 (VIOLATED)
i_soc.i_ai_sram.u_sram.gen_bank[4].gen_512.u_macro/din0[19]    1.000000    1.378824   -0.378824 (VIOLATED)
i_soc.i_data_sram.u_sram.gen_bank[1].gen_512.u_macro/din0[29]    1.000000    1.378742   -0.378742 (VIOLATED)
i_soc.i_instr_sram.u_sram.gen_bank[3].gen_512.u_macro/din0[3]    1.000000    1.377938   -0.377938 (VIOLATED)
i_soc.i_instr_sram.u_sram.gen_bank[1].gen_512.u_macro/din0[21]    1.000000    1.373343   -0.373343 (VIOLATED)
i_soc.i_ai_sram.u_sram.gen_bank[2].gen_512.u_macro/din0[29]    1.000000    1.372311   -0.372311 (VIOLATED)
i_soc.i_instr_sram.u_sram.gen_bank[0].gen_512.u_macro/din0[28]    1.000000    1.370670   -0.370670 (VIOLATED)
i_soc.i_data_sram.u_sram.gen_bank[2].gen_512.u_macro/din0[20]    1.000000    1.370281   -0.370281 (VIOLATED)
i_soc.i_instr_sram.u_sram.gen_bank[3].gen_512.u_macro/din0[0]    1.000000    1.369550   -0.369551 (VIOLATED)
i_soc.i_data_sram.u_sram.gen_bank[0].gen_512.u_macro/din0[29]    1.000000    1.369455   -0.369455 (VIOLATED)
i_soc.i_instr_sram.u_sram.gen_bank[3].gen_512.u_macro/din0[29]    1.000000    1.369340   -0.369340 (VIOLATED)
i_soc.i_instr_sram.u_sram.gen_bank[0].gen_512.u_macro/din0[6]    1.000000    1.368688   -0.368688 (VIOLATED)
i_soc.i_instr_sram.u_sram.gen_bank[3].gen_512.u_macro/din0[19]    1.000000    1.368655   -0.368655 (VIOLATED)
ANTENNA_i_soc.i_ai_sram.u_sram.gen_bank[0].gen_512.u_macro_din0[22]/DIODE    1.000000    1.365859   -0.365859 (VIOLATED)
i_soc.i_instr_sram.u_sram.gen_bank[3].gen_512.u_macro/din0[22]    1.000000    1.364765   -0.364765 (VIOLATED)
i_soc.i_instr_sram.u_sram.gen_bank[3].gen_512.u_macro/din0[2]    1.000000    1.361175   -0.361175 (VIOLATED)
i_soc.i_data_sram.u_sram.gen_bank[1].gen_512.u_macro/din0[8]    1.000000    1.358834   -0.358834 (VIOLATED)
i_soc.i_instr_sram.u_sram.gen_bank[1].gen_512.u_macro/din0[11]    1.000000    1.357868   -0.357868 (VIOLATED)
i_soc.i_instr_sram.u_sram.gen_bank[3].gen_512.u_macro/din0[13]    1.000000    1.355727   -0.355727 (VIOLATED)
i_soc.i_instr_sram.u_sram.gen_bank[1].gen_512.u_macro/din0[12]    1.000000    1.355586   -0.355586 (VIOLATED)
i_soc.i_ai_sram.u_sram.gen_bank[6].gen_512.u_macro/din0[30]    1.000000    1.354829   -0.354829 (VIOLATED)
i_soc.i_instr_sram.u_sram.gen_bank[3].gen_512.u_macro/din0[1]    1.000000    1.354566   -0.354566 (VIOLATED)
i_soc.i_ai_sram.u_sram.gen_bank[6].gen_512.u_macro/din0[29]    1.000000    1.352284   -0.352284 (VIOLATED)
i_soc.i_data_sram.u_sram.gen_bank[2].gen_512.u_macro/din0[0]    1.000000    1.348425   -0.348425 (VIOLATED)
i_soc.i_instr_sram.u_sram.gen_bank[3].gen_512.u_macro/din0[28]    1.000000    1.348210   -0.348209 (VIOLATED)
i_soc.i_data_sram.u_sram.gen_bank[3].gen_512.u_macro/din0[5]    1.000000    1.347908   -0.347908 (VIOLATED)
i_soc.i_data_sram.u_sram.gen_bank[0].gen_512.u_macro/din0[0]    1.000000    1.346904   -0.346904 (VIOLATED)
i_soc.i_instr_sram.u_sram.gen_bank[0].gen_512.u_macro/din0[13]    1.000000    1.345195   -0.345195 (VIOLATED)
i_soc.i_ai_sram.u_sram.gen_bank[4].gen_512.u_macro/din0[30]    1.000000    1.343297   -0.343297 (VIOLATED)
i_soc.i_data_sram.u_sram.gen_bank[0].gen_512.u_macro/din0[20]    1.000000    1.343043   -0.343043 (VIOLATED)
i_soc.i_ai_sram.u_sram.gen_bank[0].gen_512.u_macro/din0[6]    1.000000    1.342254   -0.342254 (VIOLATED)
i_soc.i_ai_sram.u_sram.gen_bank[8].gen_512.u_macro/din0[13]    1.000000    1.342173   -0.342173 (VIOLATED)
i_soc.i_instr_sram.u_sram.gen_bank[1].gen_512.u_macro/din0[29]    1.000000    1.342019   -0.342019 (VIOLATED)
i_soc.i_instr_sram.u_sram.gen_bank[3].gen_512.u_macro/din0[5]    1.000000    1.341338   -0.341338 (VIOLATED)
ANTENNA_i_soc.i_instr_sram.u_sram.gen_bank[2].gen_512.u_macro_din0[14]/DIODE    1.000000    1.340258   -0.340257 (VIOLATED)
i_soc.i_ai_sram.u_sram.gen_bank[2].gen_512.u_macro/din0[31]    1.000000    1.339184   -0.339184 (VIOLATED)
i_soc.i_ai_sram.u_sram.gen_bank[2].gen_512.u_macro/din0[27]    1.000000    1.338919   -0.338919 (VIOLATED)
ANTENNA_i_soc.i_instr_sram.u_sram.gen_bank[2].gen_512.u_macro_din0[15]/DIODE    1.000000    1.338106   -0.338106 (VIOLATED)
i_soc.i_data_sram.u_sram.gen_bank[0].gen_512.u_macro/din0[31]    1.000000    1.338040   -0.338040 (VIOLATED)
i_soc.i_ai_sram.u_sram.gen_bank[4].gen_512.u_macro/din0[3]    1.000000    1.337385   -0.337385 (VIOLATED)
i_soc.i_instr_sram.u_sram.gen_bank[3].gen_512.u_macro/din0[8]    1.000000    1.335009   -0.335009 (VIOLATED)
i_soc.i_ai_sram.u_sram.gen_bank[8].gen_512.u_macro/din0[18]    1.000000    1.334566   -0.334566 (VIOLATED)
i_soc.i_data_sram.u_sram.gen_bank[1].gen_512.u_macro/din0[5]    1.000000    1.334557   -0.334557 (VIOLATED)
i_soc.i_ai_sram.u_sram._540_/B          1.000000    1.334043   -0.334043 (VIOLATED)
ANTENNA_i_soc.i_ai_sram.u_sram._540__B/DIODE    1.000000    1.334036   -0.334036 (VIOLATED)
i_soc.i_instr_sram.u_sram.gen_bank[1].gen_512.u_macro/din0[23]    1.000000    1.333629   -0.333629 (VIOLATED)
i_soc.i_data_sram.u_sram.gen_bank[2].gen_512.u_macro/din0[5]    1.000000    1.333133   -0.333133 (VIOLATED)
i_soc.i_data_sram.u_sram.gen_bank[2].gen_512.u_macro/din0[9]    1.000000    1.332697   -0.332697 (VIOLATED)
i_soc.i_instr_sram.u_sram.gen_bank[1].gen_512.u_macro/din0[0]    1.000000    1.330885   -0.330885 (VIOLATED)
i_soc.i_instr_sram.u_sram.gen_bank[1].gen_512.u_macro/din0[3]    1.000000    1.330118   -0.330118 (VIOLATED)
i_soc.i_ai_sram.u_sram.gen_bank[4].gen_512.u_macro/din0[8]    1.000000    1.329755   -0.329755 (VIOLATED)
i_soc.i_instr_sram.u_sram.gen_bank[1].gen_512.u_macro/din0[28]    1.000000    1.328364   -0.328364 (VIOLATED)
i_soc.i_ai_sram.u_sram.gen_bank[4].gen_512.u_macro/din0[26]    1.000000    1.328337   -0.328337 (VIOLATED)
i_soc.i_data_sram.u_sram.gen_bank[0].gen_512.u_macro/din0[5]    1.000000    1.328114   -0.328114 (VIOLATED)
i_soc.i_instr_sram.u_sram.gen_bank[1].gen_512.u_macro/din0[13]    1.000000    1.325853   -0.325853 (VIOLATED)
i_soc.i_instr_sram.u_sram.gen_bank[1].gen_512.u_macro/din0[22]    1.000000    1.323671   -0.323671 (VIOLATED)
ANTENNA_i_soc.i_data_sram.u_sram.gen_bank[3].gen_512.u_macro_din0[17]/DIODE    1.000000    1.323643   -0.323643 (VIOLATED)
i_soc.i_ai_sram.u_sram.gen_bank[8].gen_512.u_macro/din0[25]    1.000000    1.323235   -0.323235 (VIOLATED)
i_soc.i_ai_sram.u_sram.gen_bank[4].gen_512.u_macro/din0[28]    1.000000    1.322884   -0.322884 (VIOLATED)
i_soc.i_ai_sram.u_sram.gen_bank[10].gen_512.u_macro/din0[15]    1.000000    1.322521   -0.322521 (VIOLATED)
i_soc.i_ai_sram.u_sram.gen_bank[4].gen_512.u_macro/din0[5]    1.000000    1.322480   -0.322480 (VIOLATED)
ANTENNA_i_soc.i_ai_sram.u_sram._595__B/DIODE    1.000000    1.321620   -0.321620 (VIOLATED)
i_soc.i_ai_sram.u_sram._595_/B          1.000000    1.321619   -0.321619 (VIOLATED)
ANTENNA_i_soc.i_data_sram.u_sram.gen_bank[2].gen_512.u_macro_din0[24]/DIODE    1.000000    1.320886   -0.320886 (VIOLATED)
i_soc.i_ai_sram.u_sram.gen_bank[3].gen_512.u_macro/din0[25]    1.000000    1.319628   -0.319628 (VIOLATED)
i_soc.i_instr_sram.u_sram.gen_bank[1].gen_512.u_macro/din0[2]    1.000000    1.319171   -0.319171 (VIOLATED)
ANTENNA_i_soc.i_data_sram.u_sram.gen_bank[3].gen_512.u_macro_din0[26]/DIODE    1.000000    1.318525   -0.318525 (VIOLATED)
ANTENNA_i_soc.i_instr_sram.u_sram.gen_bank[2].gen_512.u_macro_din0[7]/DIODE    1.000000    1.318292   -0.318292 (VIOLATED)
i_soc.i_instr_sram.u_sram.gen_bank[1].gen_512.u_macro/din0[10]    1.000000    1.318009   -0.318009 (VIOLATED)
i_soc.i_data_sram.u_sram.gen_bank[3].gen_512.u_macro/din0[7]    1.000000    1.317571   -0.317571 (VIOLATED)
ANTENNA_i_soc.i_data_sram.u_sram.gen_bank[3].gen_512.u_macro_din0[24]/DIODE    1.000000    1.315951   -0.315951 (VIOLATED)
ANTENNA_i_soc.i_instr_sram.u_sram.gen_bank[2].gen_512.u_macro_din0[20]/DIODE    1.000000    1.314897   -0.314897 (VIOLATED)
ANTENNA_i_soc.i_data_sram.u_sram.gen_bank[3].gen_512.u_macro_din0[16]/DIODE    1.000000    1.314739   -0.314739 (VIOLATED)
ANTENNA_i_soc.i_instr_sram.u_sram.gen_bank[2].gen_512.u_macro_din0[23]/DIODE    1.000000    1.314422   -0.314422 (VIOLATED)
i_soc.i_data_sram.u_sram.gen_bank[0].gen_512.u_macro/din0[9]    1.000000    1.314216   -0.314217 (VIOLATED)
i_soc.i_instr_sram.u_sram.gen_bank[1].gen_512.u_macro/din0[1]    1.000000    1.312607   -0.312607 (VIOLATED)
i_soc.i_instr_sram.u_sram.gen_bank[1].gen_512.u_macro/din0[16]    1.000000    1.312021   -0.312021 (VIOLATED)
i_soc.i_ai_sram.u_sram.gen_bank[4].gen_512.u_macro/din0[7]    1.000000    1.307834   -0.307834 (VIOLATED)
i_soc.i_ai_sram.u_sram.gen_bank[3].gen_512.u_macro/din0[30]    1.000000    1.307527   -0.307527 (VIOLATED)
i_soc.i_instr_sram.u_sram.gen_bank[1].gen_512.u_macro/din0[8]    1.000000    1.306959   -0.306959 (VIOLATED)
i_soc.i_instr_sram.u_sram.gen_bank[1].gen_512.u_macro/din0[19]    1.000000    1.305368   -0.305368 (VIOLATED)
i_soc.i_ai_sram.u_sram.gen_bank[4].gen_512.u_macro/din0[4]    1.000000    1.301993   -0.301993 (VIOLATED)
i_soc.i_ai_sram.u_sram.gen_bank[3].gen_512.u_macro/din0[23]    1.000000    1.300405   -0.300405 (VIOLATED)
i_soc.i_instr_sram.u_sram.gen_bank[1].gen_512.u_macro/din0[5]    1.000000    1.300022   -0.300022 (VIOLATED)
i_soc.i_instr_sram.u_sram.gen_bank[3].gen_512.u_macro/din0[9]    1.000000    1.299552   -0.299552 (VIOLATED)
ANTENNA_i_soc.i_data_sram.u_sram.gen_bank[1].gen_512.u_macro_din0[24]/DIODE    1.000000    1.298725   -0.298725 (VIOLATED)
i_soc.i_ai_sram.u_sram.gen_bank[2].gen_512.u_macro/din0[8]    1.000000    1.296897   -0.296897 (VIOLATED)
i_soc.i_ai_sram.u_sram.gen_bank[4].gen_512.u_macro/din0[9]    1.000000    1.296891   -0.296891 (VIOLATED)
ANTENNA_i_soc.i_instr_sram.u_sram.gen_bank[0].gen_512.u_macro_din0[27]/DIODE    1.000000    1.296677   -0.296677 (VIOLATED)
ANTENNA_i_soc.i_data_sram.u_sram.gen_bank[3].gen_512.u_macro_din0[30]/DIODE    1.000000    1.294217   -0.294217 (VIOLATED)
i_soc.i_ai_sram.u_sram.gen_bank[5].gen_512.u_macro/din0[27]    1.000000    1.294144   -0.294144 (VIOLATED)
ANTENNA_i_soc.i_data_sram.u_sram.gen_bank[0].gen_512.u_macro_din0[24]/DIODE    1.000000    1.294106   -0.294106 (VIOLATED)
ANTENNA_i_soc.i_crossbar._1210__X/DIODE    1.000000    1.293951   -0.293951 (VIOLATED)
i_soc.i_crossbar._1210_/X               1.000000    1.293916   -0.293916 (VIOLATED)
ANTENNA_i_soc.i_data_sram.u_sram.gen_bank[1].gen_512.u_macro_din0[17]/DIODE    1.000000    1.290868   -0.290868 (VIOLATED)
ANTENNA_i_soc.i_data_sram.u_sram.gen_bank[1].gen_512.u_macro_din0[16]/DIODE    1.000000    1.290025   -0.290025 (VIOLATED)
i_soc.i_ai_sram.u_sram._628_/B          1.000000    1.289415   -0.289415 (VIOLATED)
ANTENNA_i_soc.i_ai_sram.u_sram._628__B/DIODE    1.000000    1.289391   -0.289391 (VIOLATED)
i_soc.i_data_sram.u_sram.gen_bank[2].gen_512.u_macro/din0[8]    1.000000    1.288847   -0.288847 (VIOLATED)
i_soc.i_data_sram.u_sram.gen_bank[3].gen_512.u_macro/din0[4]    1.000000    1.288217   -0.288217 (VIOLATED)
i_soc.i_ai_sram.u_sram.gen_bank[8].gen_512.u_macro/din0[17]    1.000000    1.287981   -0.287981 (VIOLATED)
i_soc.i_data_sram.u_sram.gen_bank[1].gen_512.u_macro/din0[4]    1.000000    1.286351   -0.286351 (VIOLATED)
ANTENNA_i_soc.i_ai_accel.u_conv_out.gen_bank[0].gen_512.u_macro_csb0/DIODE    1.000000    1.286236   -0.286236 (VIOLATED)
i_soc.i_data_sram.u_sram.gen_bank[2].gen_512.u_macro/din0[4]    1.000000    1.285981   -0.285981 (VIOLATED)
i_soc.i_ai_sram.u_sram.gen_bank[2].gen_512.u_macro/din0[25]    1.000000    1.283486   -0.283486 (VIOLATED)
i_soc.i_instr_sram.u_sram.gen_bank[1].gen_512.u_macro/din0[9]    1.000000    1.281667   -0.281667 (VIOLATED)
i_soc.i_ai_sram.u_sram.gen_bank[0].gen_512.u_macro/din0[1]    1.000000    1.281314   -0.281314 (VIOLATED)
i_soc.i_ai_sram.u_sram.gen_bank[2].gen_512.u_macro/din0[28]    1.000000    1.280816   -0.280816 (VIOLATED)
i_soc.i_ai_sram.u_sram.gen_bank[8].gen_512.u_macro/din0[22]    1.000000    1.280769   -0.280769 (VIOLATED)
i_soc.i_instr_sram.u_sram.gen_bank[2].gen_512.u_macro/din0[18]    1.000000    1.280726   -0.280726 (VIOLATED)
i_soc.i_data_sram.u_sram.gen_bank[0].gen_512.u_macro/din0[4]    1.000000    1.280321   -0.280321 (VIOLATED)
i_soc.i_data_sram.u_sram.gen_bank[1].gen_512.u_macro/din0[7]    1.000000    1.280002   -0.280002 (VIOLATED)
i_soc.i_ai_sram.u_sram.gen_bank[3].gen_512.u_macro/din0[31]    1.000000    1.277969   -0.277969 (VIOLATED)
i_soc.i_ai_sram.u_sram._639_/B          1.000000    1.277850   -0.277850 (VIOLATED)
ANTENNA_i_soc.i_ai_sram.u_sram._639__B/DIODE    1.000000    1.277849   -0.277849 (VIOLATED)
ANTENNA_i_soc.i_data_sram.u_sram.gen_bank[3].gen_512.u_macro_din0[19]/DIODE    1.000000    1.277400   -0.277400 (VIOLATED)
ANTENNA_i_soc.i_ai_sram.u_sram._623__B/DIODE    1.000000    1.276646   -0.276646 (VIOLATED)
i_soc.i_ai_sram.u_sram._623_/B          1.000000    1.276646   -0.276646 (VIOLATED)
ANTENNA_i_soc.i_data_sram.u_sram.gen_bank[3].gen_512.u_macro_din0[22]/DIODE    1.000000    1.276560   -0.276560 (VIOLATED)
i_soc.i_data_sram.u_sram.gen_bank[0].gen_512.u_macro/din0[8]    1.000000    1.276262   -0.276262 (VIOLATED)
i_soc.i_ai_sram.u_sram.gen_bank[1].gen_512.u_macro/din0[31]    1.000000    1.276036   -0.276036 (VIOLATED)
ANTENNA_i_soc.i_data_sram.u_sram.gen_bank[2].gen_512.u_macro_din0[23]/DIODE    1.000000    1.273282   -0.273282 (VIOLATED)
ANTENNA_i_soc.i_data_sram.u_sram.gen_bank[3].gen_512.u_macro_din0[28]/DIODE    1.000000    1.271028   -0.271028 (VIOLATED)
i_soc.i_ai_sram.u_sram.gen_bank[2].gen_512.u_macro/din0[23]    1.000000    1.270482   -0.270482 (VIOLATED)
ANTENNA_i_soc.i_data_sram.u_sram.gen_bank[3].gen_512.u_macro_din0[23]/DIODE    1.000000    1.270299   -0.270299 (VIOLATED)
ANTENNA_i_soc.i_data_sram.u_sram.gen_bank[2].gen_512.u_macro_din0[26]/DIODE    1.000000    1.269622   -0.269622 (VIOLATED)
ANTENNA_i_soc.i_ai_sram.u_sram.gen_bank[4].gen_512.u_macro_din0[22]/DIODE    1.000000    1.269388   -0.269388 (VIOLATED)
i_soc.i_ai_sram.u_sram.gen_bank[13].gen_512.u_macro/din0[20]    1.000000    1.268878   -0.268878 (VIOLATED)
i_soc.i_ai_sram.u_sram._562_/B          1.000000    1.268265   -0.268265 (VIOLATED)
ANTENNA_i_soc.i_ai_sram.u_sram._562__B/DIODE    1.000000    1.268263   -0.268263 (VIOLATED)
i_soc.i_ai_sram.u_sram.gen_bank[4].gen_512.u_macro/din0[6]    1.000000    1.266360   -0.266360 (VIOLATED)
ANTENNA_i_soc.i_instr_sram.u_sram.gen_bank[2].gen_512.u_macro_din0[26]/DIODE    1.000000    1.265388   -0.265388 (VIOLATED)
i_soc.i_ai_sram.u_sram.gen_bank[0].gen_512.u_macro/din0[21]    1.000000    1.265090   -0.265090 (VIOLATED)
i_soc.i_instr_sram.u_sram.gen_bank[3].gen_512.u_macro/din0[18]    1.000000    1.264804   -0.264804 (VIOLATED)
ANTENNA_i_soc.i_instr_sram.u_sram.gen_bank[2].gen_512.u_macro_din0[11]/DIODE    1.000000    1.263919   -0.263919 (VIOLATED)
i_soc.i_ai_sram.u_sram.gen_bank[3].gen_512.u_macro/din0[9]    1.000000    1.263045   -0.263045 (VIOLATED)
ANTENNA_i_soc.i_qspi._11754__A0/DIODE    1.000000    1.262974   -0.262974 (VIOLATED)
ANTENNA_i_soc.i_qspi._12086__A0/DIODE    1.000000    1.262973   -0.262973 (VIOLATED)
i_soc.i_qspi._12086_/A0                 1.000000    1.262973   -0.262973 (VIOLATED)
ANTENNA_i_soc.i_qspi._12053__A0/DIODE    1.000000    1.262968   -0.262968 (VIOLATED)
i_soc.i_qspi._12053_/A0                 1.000000    1.262968   -0.262968 (VIOLATED)
i_soc.i_qspi._12020_/A0                 1.000000    1.262966   -0.262966 (VIOLATED)
ANTENNA_i_soc.i_qspi._12020__A0/DIODE    1.000000    1.262965   -0.262965 (VIOLATED)
i_soc.i_qspi._12119_/A0                 1.000000    1.262965   -0.262965 (VIOLATED)
i_soc.i_qspi._11954_/A0                 1.000000    1.262953   -0.262953 (VIOLATED)
ANTENNA_i_soc.i_qspi._12119__A0/DIODE    1.000000    1.262952   -0.262952 (VIOLATED)
ANTENNA_i_soc.i_qspi._11954__A0/DIODE    1.000000    1.262951   -0.262951 (VIOLATED)
ANTENNA_i_soc.i_qspi._11987__A0/DIODE    1.000000    1.262860   -0.262860 (VIOLATED)
i_soc.i_qspi._11888_/A1                 1.000000    1.262825   -0.262825 (VIOLATED)
i_soc.i_qspi._11921_/A1                 1.000000    1.262822   -0.262822 (VIOLATED)
ANTENNA_i_soc.i_qspi._11921__A1/DIODE    1.000000    1.262819   -0.262819 (VIOLATED)
ANTENNA_i_soc.i_qspi._11888__A1/DIODE    1.000000    1.262816   -0.262816 (VIOLATED)
i_soc.i_qspi._11987_/A0                 1.000000    1.262812   -0.262812 (VIOLATED)
ANTENNA_i_soc.i_qspi._11721__A0/DIODE    1.000000    1.262778   -0.262778 (VIOLATED)
i_soc.i_qspi._11754_/A0                 1.000000    1.262734   -0.262734 (VIOLATED)
i_soc.i_qspi._11721_/A0                 1.000000    1.262718   -0.262718 (VIOLATED)
ANTENNA_i_soc.i_qspi._11820__A0/DIODE    1.000000    1.262712   -0.262712 (VIOLATED)
i_soc.i_qspi._11820_/A0                 1.000000    1.262692   -0.262692 (VIOLATED)
i_soc.i_qspi._11787_/A0                 1.000000    1.262648   -0.262647 (VIOLATED)
ANTENNA_i_soc.i_qspi._11787__A0/DIODE    1.000000    1.262643   -0.262643 (VIOLATED)
i_soc.i_qspi._11655_/A0                 1.000000    1.262563   -0.262563 (VIOLATED)
ANTENNA_i_soc.i_qspi._11655__A0/DIODE    1.000000    1.262519   -0.262519 (VIOLATED)
i_soc.i_qspi._11688_/A0                 1.000000    1.262493   -0.262493 (VIOLATED)
ANTENNA_i_soc.i_qspi._11688__A0/DIODE    1.000000    1.262474   -0.262474 (VIOLATED)
ANTENNA_i_soc.i_instr_sram.u_sram.gen_bank[2].gen_512.u_macro_din0[4]/DIODE    1.000000    1.262474   -0.262474 (VIOLATED)
i_soc.i_qspi._11622_/A1                 1.000000    1.262400   -0.262400 (VIOLATED)
ANTENNA_i_soc.i_qspi._11622__A1/DIODE    1.000000    1.262395   -0.262395 (VIOLATED)
i_soc.i_qspi._11589_/A1                 1.000000    1.262358   -0.262358 (VIOLATED)
ANTENNA_i_soc.i_qspi._11589__A1/DIODE    1.000000    1.262332   -0.262332 (VIOLATED)
ANTENNA_i_soc.i_instr_sram.u_sram.gen_bank[2].gen_512.u_macro_din0[12]/DIODE    1.000000    1.261617   -0.261617 (VIOLATED)
i_soc.i_qspi._12451_/A1                 1.000000    1.261481   -0.261481 (VIOLATED)
ANTENNA_i_soc.i_qspi._12484__A1/DIODE    1.000000    1.261459   -0.261459 (VIOLATED)
i_soc.i_qspi._12484_/A1                 1.000000    1.261458   -0.261458 (VIOLATED)
ANTENNA_i_soc.i_qspi._12451__A1/DIODE    1.000000    1.261400   -0.261400 (VIOLATED)
ANTENNA_i_soc.i_qspi._12253__A0/DIODE    1.000000    1.261379   -0.261379 (VIOLATED)
i_soc.i_qspi._12253_/A0                 1.000000    1.261378   -0.261378 (VIOLATED)
ANTENNA_i_soc.i_qspi._12319__A0/DIODE    1.000000    1.261375   -0.261375 (VIOLATED)
i_soc.i_qspi._12319_/A0                 1.000000    1.261375   -0.261375 (VIOLATED)
ANTENNA_i_soc.i_qspi._12352__A0/DIODE    1.000000    1.261363   -0.261363 (VIOLATED)
i_soc.i_qspi._12352_/A0                 1.000000    1.261358   -0.261358 (VIOLATED)
ANTENNA_i_soc.i_qspi._12385__A0/DIODE    1.000000    1.261334   -0.261334 (VIOLATED)
i_soc.i_qspi._12385_/A0                 1.000000    1.261325   -0.261325 (VIOLATED)
ANTENNA_i_soc.i_qspi._12418__A0/DIODE    1.000000    1.261324   -0.261324 (VIOLATED)
i_soc.i_qspi._12418_/A0                 1.000000    1.261324   -0.261324 (VIOLATED)
i_soc.i_qspi._12517_/A0                 1.000000    1.261275   -0.261275 (VIOLATED)
ANTENNA_i_soc.i_qspi._12517__A0/DIODE    1.000000    1.261193   -0.261193 (VIOLATED)
i_soc.i_qspi._12550_/A0                 1.000000    1.261001   -0.261001 (VIOLATED)
ANTENNA_i_soc.i_qspi._12550__A0/DIODE    1.000000    1.260876   -0.260876 (VIOLATED)
i_soc.i_qspi._12682_/A0                 1.000000    1.260758   -0.260758 (VIOLATED)
ANTENNA_i_soc.i_qspi._12682__A0/DIODE    1.000000    1.260703   -0.260703 (VIOLATED)
i_soc.i_qspi._12715_/A0                 1.000000    1.260683   -0.260683 (VIOLATED)
ANTENNA_i_soc.i_qspi._12715__A0/DIODE    1.000000    1.260653   -0.260653 (VIOLATED)
i_soc.i_qspi._12649_/A0                 1.000000    1.260615   -0.260615 (VIOLATED)
ANTENNA_i_soc.i_qspi._12649__A0/DIODE    1.000000    1.260615   -0.260615 (VIOLATED)
ANTENNA_i_soc.i_qspi._12187__A1/DIODE    1.000000    1.260609   -0.260609 (VIOLATED)
i_soc.i_qspi._12187_/A1                 1.000000    1.260609   -0.260609 (VIOLATED)
ANTENNA_i_soc.i_qspi._12154__A1/DIODE    1.000000    1.260608   -0.260608 (VIOLATED)
i_soc.i_qspi._12154_/A1                 1.000000    1.260608   -0.260608 (VIOLATED)
ANTENNA_i_soc.i_qspi._12286__A0/DIODE    1.000000    1.260607   -0.260607 (VIOLATED)
ANTENNA_i_soc.i_qspi._12616__A0/DIODE    1.000000    1.260607   -0.260607 (VIOLATED)
i_soc.i_qspi._12286_/A0                 1.000000    1.260607   -0.260607 (VIOLATED)
ANTENNA_fanout1151_X/DIODE              1.000000    1.260607   -0.260607 (VIOLATED)
i_soc.i_qspi._12616_/A0                 1.000000    1.260607   -0.260607 (VIOLATED)
fanout1151/X                            1.000000    1.260604   -0.260604 (VIOLATED)
ANTENNA_i_soc.i_ai_sram.u_sram._561__X/DIODE    1.000000    1.259272   -0.259272 (VIOLATED)
ANTENNA_i_soc.i_data_sram.u_sram.gen_bank[3].gen_512.u_macro_din0[27]/DIODE    1.000000    1.259228   -0.259228 (VIOLATED)
i_soc.i_ai_sram.u_sram._561_/X          1.000000    1.259158   -0.259157 (VIOLATED)
i_soc.i_ai_sram.u_sram.gen_bank[2].gen_512.u_macro/din0[5]    1.000000    1.259048   -0.259048 (VIOLATED)
ANTENNA_i_soc.i_instr_sram.u_sram.gen_bank[0].gen_512.u_macro_din0[14]/DIODE    1.000000    1.258412   -0.258412 (VIOLATED)
i_soc.i_ai_sram.u_sram.gen_bank[8].gen_512.u_macro/din0[16]    1.000000    1.257783   -0.257783 (VIOLATED)
ANTENNA_i_soc.i_data_sram.u_sram.gen_bank[1].gen_512.u_macro_din0[26]/DIODE    1.000000    1.256970   -0.256970 (VIOLATED)
i_soc.i_ai_sram.u_sram.gen_bank[2].gen_512.u_macro/din0[22]    1.000000    1.253663   -0.253663 (VIOLATED)
ANTENNA_i_soc.i_data_sram.u_sram.gen_bank[2].gen_512.u_macro_din0[27]/DIODE    1.000000    1.253437   -0.253437 (VIOLATED)
i_soc.i_ai_arb._459_/A                  1.000000    1.253358   -0.253358 (VIOLATED)
ANTENNA_i_soc.i_ai_arb._459__A/DIODE    1.000000    1.253354   -0.253354 (VIOLATED)
i_soc.i_ai_sram.u_sram.gen_bank[6].gen_512.u_macro/din0[31]    1.000000    1.252873   -0.252873 (VIOLATED)
ANTENNA_i_soc.i_data_sram.u_sram.gen_bank[1].gen_512.u_macro_din0[19]/DIODE    1.000000    1.252664   -0.252664 (VIOLATED)
ANTENNA_i_soc.i_instr_sram.u_sram.gen_bank[2].gen_512.u_macro_din0[2]/DIODE    1.000000    1.252490   -0.252490 (VIOLATED)
ANTENNA_i_soc.i_data_sram.u_sram.gen_bank[2].gen_512.u_macro_din0[28]/DIODE    1.000000    1.251641   -0.251641 (VIOLATED)
i_soc.i_instr_sram.u_sram.gen_bank[0].gen_512.u_macro/din0[18]    1.000000    1.251065   -0.251065 (VIOLATED)
ANTENNA_i_soc.i_data_sram.u_sram.gen_bank[2].gen_512.u_macro_din0[17]/DIODE    1.000000    1.250211   -0.250211 (VIOLATED)
ANTENNA_i_soc.i_data_sram.u_sram.gen_bank[1].gen_512.u_macro_din0[23]/DIODE    1.000000    1.249740   -0.249740 (VIOLATED)
ANTENNA_i_soc.i_data_sram.u_sram.gen_bank[2].gen_512.u_macro_din0[30]/DIODE    1.000000    1.249683   -0.249683 (VIOLATED)
ANTENNA_i_soc.i_instr_sram.u_sram.gen_bank[0].gen_512.u_macro_din0[15]/DIODE    1.000000    1.248790   -0.248790 (VIOLATED)
i_soc.i_instr_sram.u_sram.gen_bank[3].gen_512.u_macro/din0[6]    1.000000    1.248420   -0.248420 (VIOLATED)
ANTENNA_i_soc.i_data_sram.u_sram.gen_bank[1].gen_512.u_macro_din0[30]/DIODE    1.000000    1.247046   -0.247046 (VIOLATED)
i_soc.i_ai_sram.u_sram.gen_bank[2].gen_512.u_macro/din0[21]    1.000000    1.244497   -0.244497 (VIOLATED)
ANTENNA_i_soc.i_data_sram.u_sram.gen_bank[0].gen_512.u_macro_din0[23]/DIODE    1.000000    1.243701   -0.243701 (VIOLATED)
ANTENNA_i_soc.i_ai_sram.u_sram.gen_bank[0].gen_512.u_macro_din0[25]/DIODE    1.000000    1.243195   -0.243195 (VIOLATED)
i_soc.i_ai_sram.u_sram.gen_bank[2].gen_512.u_macro/din0[24]    1.000000    1.243053   -0.243053 (VIOLATED)
ANTENNA_i_soc.i_crossbar._1209__X/DIODE    1.000000    1.243051   -0.243051 (VIOLATED)
i_soc.i_ai_sram.u_sram._573_/B          1.000000    1.243005   -0.243005 (VIOLATED)
ANTENNA_i_soc.i_ai_sram.u_sram._573__B/DIODE    1.000000    1.242988   -0.242988 (VIOLATED)
i_soc.i_crossbar._1209_/X               1.000000    1.242897   -0.242897 (VIOLATED)
ANTENNA_i_soc.i_instr_sram.u_sram.gen_bank[2].gen_512.u_macro_din0[3]/DIODE    1.000000    1.242675   -0.242675 (VIOLATED)
i_soc.i_instr_sram.u_sram.gen_bank[1].gen_512.u_macro/din0[18]    1.000000    1.240096   -0.240096 (VIOLATED)
i_soc.i_ai_arb._413_/A                  1.000000    1.239463   -0.239463 (VIOLATED)
ANTENNA_i_soc.i_ai_arb._413__A/DIODE    1.000000    1.239443   -0.239443 (VIOLATED)
ANTENNA_i_soc.i_instr_sram.u_sram.gen_bank[2].gen_512.u_macro_din0[19]/DIODE    1.000000    1.238368   -0.238368 (VIOLATED)
ANTENNA_i_soc.i_ai_sram.u_sram.gen_bank[0].gen_512.u_macro_din0[17]/DIODE    1.000000    1.238070   -0.238070 (VIOLATED)
ANTENNA_i_soc.i_data_sram.u_sram.gen_bank[2].gen_512.u_macro_din0[22]/DIODE    1.000000    1.236699   -0.236699 (VIOLATED)
ANTENNA_i_soc.i_data_sram.u_sram.gen_bank[2].gen_512.u_macro_din0[16]/DIODE    1.000000    1.234798   -0.234798 (VIOLATED)
ANTENNA_i_soc.i_data_sram.u_sram.gen_bank[1].gen_512.u_macro_din0[27]/DIODE    1.000000    1.232572   -0.232572 (VIOLATED)
ANTENNA_i_soc.i_instr_sram.u_sram.gen_bank[0].gen_512.u_macro_din0[7]/DIODE    1.000000    1.232557   -0.232557 (VIOLATED)
i_soc.i_ai_sram.u_sram.gen_bank[13].gen_512.u_macro/din0[23]    1.000000    1.232062   -0.232062 (VIOLATED)
ANTENNA_i_soc.i_data_sram.u_sram.gen_bank[1].gen_512.u_macro_din0[28]/DIODE    1.000000    1.231066   -0.231066 (VIOLATED)
ANTENNA_i_soc.i_ai_sram.u_sram.gen_bank[0].gen_512.u_macro_din0[13]/DIODE    1.000000    1.230934   -0.230934 (VIOLATED)
i_soc.i_ai_sram.u_sram.gen_bank[6].gen_512.u_macro/din0[24]    1.000000    1.229969   -0.229969 (VIOLATED)
ANTENNA_i_soc.i_data_sram.u_sram.gen_bank[0].gen_512.u_macro_din0[16]/DIODE    1.000000    1.229729   -0.229729 (VIOLATED)
ANTENNA_i_soc.i_data_sram.u_sram.gen_bank[3].gen_512.u_macro_din0[25]/DIODE    1.000000    1.229328   -0.229328 (VIOLATED)
ANTENNA_i_soc.i_instr_sram.u_sram.gen_bank[0].gen_512.u_macro_din0[26]/DIODE    1.000000    1.229261   -0.229261 (VIOLATED)
i_soc.i_ai_sram.u_sram.gen_bank[8].gen_512.u_macro/din0[12]    1.000000    1.228545   -0.228545 (VIOLATED)
ANTENNA_i_soc.i_instr_sram.u_sram.gen_bank[0].gen_512.u_macro_din0[20]/DIODE    1.000000    1.227617   -0.227617 (VIOLATED)
ANTENNA_i_soc.i_data_sram.u_sram.gen_bank[0].gen_512.u_macro_din0[27]/DIODE    1.000000    1.227470   -0.227470 (VIOLATED)
ANTENNA_i_soc.i_crossbar._1213__X/DIODE    1.000000    1.227373   -0.227373 (VIOLATED)
i_soc.i_crossbar._1213_/X               1.000000    1.227340   -0.227340 (VIOLATED)
ANTENNA_i_soc.i_data_sram.u_sram.gen_bank[0].gen_512.u_macro_din0[17]/DIODE    1.000000    1.227332   -0.227332 (VIOLATED)
ANTENNA_i_soc.i_crossbar._1202__X/DIODE    1.000000    1.226811   -0.226811 (VIOLATED)
i_soc.i_crossbar._1202_/X               1.000000    1.226668   -0.226668 (VIOLATED)
ANTENNA_i_soc.i_data_sram.u_sram.gen_bank[1].gen_512.u_macro_din0[22]/DIODE    1.000000    1.226037   -0.226037 (VIOLATED)
i_soc.i_ai_sram.u_sram.gen_bank[8].gen_512.u_macro/din0[15]    1.000000    1.225723   -0.225723 (VIOLATED)
ANTENNA_i_soc.i_instr_sram.u_sram.gen_bank[2].gen_512.u_macro_din0[10]/DIODE    1.000000    1.225386   -0.225386 (VIOLATED)
ANTENNA_i_soc.i_crossbar._1203__X/DIODE    1.000000    1.225291   -0.225291 (VIOLATED)
i_soc.i_crossbar._1203_/X               1.000000    1.225124   -0.225124 (VIOLATED)
i_soc.i_ai_sram.u_sram.gen_bank[3].gen_512.u_macro/din0[22]    1.000000    1.224561   -0.224561 (VIOLATED)
i_soc.i_qspi._12840_/A1                 1.000000    1.223893   -0.223893 (VIOLATED)
ANTENNA_i_soc.i_qspi._12840__A1/DIODE    1.000000    1.223892   -0.223892 (VIOLATED)
ANTENNA_i_soc.i_qspi._12807__A1/DIODE    1.000000    1.223889   -0.223888 (VIOLATED)
i_soc.i_qspi._12807_/A1                 1.000000    1.223883   -0.223883 (VIOLATED)
ANTENNA_i_soc.i_qspi._10812__A0/DIODE    1.000000    1.223861   -0.223861 (VIOLATED)
i_soc.i_qspi._10778_/A0                 1.000000    1.223853   -0.223853 (VIOLATED)
i_soc.i_qspi._10812_/A0                 1.000000    1.223853   -0.223853 (VIOLATED)
ANTENNA_i_soc.i_qspi._10778__A0/DIODE    1.000000    1.223845   -0.223845 (VIOLATED)
i_soc.i_qspi._10948_/A0                 1.000000    1.223837   -0.223837 (VIOLATED)
ANTENNA_i_soc.i_qspi._10948__A0/DIODE    1.000000    1.223834   -0.223834 (VIOLATED)
ANTENNA_i_soc.i_qspi._10846__A0/DIODE    1.000000    1.223822   -0.223822 (VIOLATED)
i_soc.i_qspi._10846_/A0                 1.000000    1.223822   -0.223822 (VIOLATED)
i_soc.i_qspi._10914_/A0                 1.000000    1.223804   -0.223804 (VIOLATED)
ANTENNA_i_soc.i_qspi._10914__A0/DIODE    1.000000    1.223803   -0.223803 (VIOLATED)
i_soc.i_qspi._10880_/A0                 1.000000    1.223787   -0.223787 (VIOLATED)
i_soc.i_qspi._12741_/A0                 1.000000    1.223770   -0.223770 (VIOLATED)
ANTENNA_i_soc.i_qspi._12741__A0/DIODE    1.000000    1.223767   -0.223767 (VIOLATED)
ANTENNA_i_soc.i_qspi._12774__A0/DIODE    1.000000    1.223765   -0.223765 (VIOLATED)
i_soc.i_qspi._12774_/A0                 1.000000    1.223765   -0.223765 (VIOLATED)
ANTENNA_i_soc.i_qspi._10880__A0/DIODE    1.000000    1.223761   -0.223761 (VIOLATED)
ANTENNA_i_soc.i_qspi._10732__A1/DIODE    1.000000    1.223749   -0.223749 (VIOLATED)
i_soc.i_qspi._10732_/A1                 1.000000    1.223742   -0.223742 (VIOLATED)
i_soc.i_qspi._11116_/A1                 1.000000    1.223732   -0.223732 (VIOLATED)
ANTENNA_i_soc.i_qspi._11116__A1/DIODE    1.000000    1.223728   -0.223728 (VIOLATED)
i_soc.i_qspi._11481_/A0                 1.000000    1.223725   -0.223725 (VIOLATED)
ANTENNA_i_soc.i_qspi._11481__A0/DIODE    1.000000    1.223720   -0.223720 (VIOLATED)
i_soc.i_qspi._12576_/A0                 1.000000    1.223698   -0.223698 (VIOLATED)
ANTENNA_i_soc.i_qspi._12576__A0/DIODE    1.000000    1.223696   -0.223697 (VIOLATED)
ANTENNA_i_soc.i_qspi._12213__A0/DIODE    1.000000    1.223689   -0.223689 (VIOLATED)
i_soc.i_qspi._12213_/A0                 1.000000    1.223687   -0.223687 (VIOLATED)
i_soc.i_qspi._11846_/A0                 1.000000    1.223662   -0.223662 (VIOLATED)
ANTENNA_i_soc.i_qspi._11846__A0/DIODE    1.000000    1.223647   -0.223647 (VIOLATED)
ANTENNA_i_soc.i_qspi._11808__A0/DIODE    1.000000    1.223645   -0.223645 (VIOLATED)
i_soc.i_qspi._11808_/A0                 1.000000    1.223646   -0.223646 (VIOLATED)
i_soc.i_qspi._11775_/A0                 1.000000    1.223642   -0.223642 (VIOLATED)
ANTENNA_i_soc.i_qspi._11775__A0/DIODE    1.000000    1.223637   -0.223637 (VIOLATED)
i_soc.i_qspi._11742_/A0                 1.000000    1.223620   -0.223620 (VIOLATED)
ANTENNA_i_soc.i_qspi._11742__A0/DIODE    1.000000    1.223617   -0.223617 (VIOLATED)
ANTENNA_i_soc.i_qspi._11709__A0/DIODE    1.000000    1.223616   -0.223616 (VIOLATED)
i_soc.i_qspi._11709_/A0                 1.000000    1.223616   -0.223616 (VIOLATED)
ANTENNA_i_soc.i_qspi._11610__A1/DIODE    1.000000    1.223608   -0.223608 (VIOLATED)
i_soc.i_qspi._11610_/A1                 1.000000    1.223608   -0.223608 (VIOLATED)
i_soc.i_qspi._11577_/A1                 1.000000    1.223600   -0.223600 (VIOLATED)
ANTENNA_i_soc.i_qspi._11577__A1/DIODE    1.000000    1.223600   -0.223600 (VIOLATED)
ANTENNA_i_soc.i_qspi._11676__A0/DIODE    1.000000    1.223535   -0.223535 (VIOLATED)
i_soc.i_qspi._11676_/A0                 1.000000    1.223515   -0.223515 (VIOLATED)
i_soc.i_qspi._11643_/A0                 1.000000    1.223492   -0.223492 (VIOLATED)
ANTENNA_i_soc.i_qspi._11643__A0/DIODE    1.000000    1.223490   -0.223490 (VIOLATED)
i_soc.i_qspi._11975_/A0                 1.000000    1.223478   -0.223478 (VIOLATED)
ANTENNA_i_soc.i_qspi._11975__A0/DIODE    1.000000    1.223471   -0.223471 (VIOLATED)
i_soc.i_qspi._11909_/A1                 1.000000    1.223447   -0.223447 (VIOLATED)
ANTENNA_i_soc.i_qspi._11909__A1/DIODE    1.000000    1.223407   -0.223407 (VIOLATED)
i_soc.i_qspi._11942_/A0                 1.000000    1.223321   -0.223321 (VIOLATED)
ANTENNA_i_soc.i_qspi._11942__A0/DIODE    1.000000    1.223318   -0.223318 (VIOLATED)
ANTENNA_i_soc.i_qspi._11876__A1/DIODE    1.000000    1.223299   -0.223299 (VIOLATED)
i_soc.i_qspi._11876_/A1                 1.000000    1.223282   -0.223282 (VIOLATED)
i_soc.i_qspi._11349_/A0                 1.000000    1.223249   -0.223249 (VIOLATED)
ANTENNA_i_soc.i_qspi._11349__A0/DIODE    1.000000    1.223248   -0.223248 (VIOLATED)
ANTENNA_i_soc.i_qspi._11382__A0/DIODE    1.000000    1.223244   -0.223244 (VIOLATED)
i_soc.i_qspi._11382_/A0                 1.000000    1.223244   -0.223244 (VIOLATED)
i_soc.i_qspi._12107_/A0                 1.000000    1.223219   -0.223219 (VIOLATED)
ANTENNA_i_soc.i_qspi._12107__A0/DIODE    1.000000    1.223215   -0.223215 (VIOLATED)
i_soc.i_qspi._12074_/A0                 1.000000    1.223208   -0.223208 (VIOLATED)
ANTENNA_i_soc.i_qspi._12074__A0/DIODE    1.000000    1.223207   -0.223207 (VIOLATED)
i_soc.i_qspi._12008_/A0                 1.000000    1.223202   -0.223202 (VIOLATED)
i_soc.i_qspi._11514_/A0                 1.000000    1.223184   -0.223184 (VIOLATED)
i_soc.i_qspi._12041_/A0                 1.000000    1.223181   -0.223181 (VIOLATED)
ANTENNA_i_soc.i_qspi._11514__A0/DIODE    1.000000    1.223173   -0.223173 (VIOLATED)
ANTENNA_i_soc.i_qspi._12008__A0/DIODE    1.000000    1.223117   -0.223117 (VIOLATED)
ANTENNA_i_soc.i_qspi._11547__A0/DIODE    1.000000    1.223116   -0.223116 (VIOLATED)
i_soc.i_qspi._11547_/A0                 1.000000    1.223109   -0.223110 (VIOLATED)
i_soc.i_qspi._11248_/A0                 1.000000    1.223072   -0.223072 (VIOLATED)
ANTENNA_i_soc.i_qspi._11248__A0/DIODE    1.000000    1.223069   -0.223069 (VIOLATED)
ANTENNA_i_soc.i_qspi._12041__A0/DIODE    1.000000    1.223061   -0.223061 (VIOLATED)
i_soc.i_qspi._11050_/A0                 1.000000    1.223038   -0.223038 (VIOLATED)
i_soc.i_qspi._11083_/A0                 1.000000    1.223024   -0.223024 (VIOLATED)
ANTENNA_i_soc.i_qspi._11083__A0/DIODE    1.000000    1.223024   -0.223023 (VIOLATED)
ANTENNA_i_soc.i_qspi._11050__A0/DIODE    1.000000    1.223012   -0.223012 (VIOLATED)
i_soc.i_qspi._11017_/A1                 1.000000    1.222963   -0.222963 (VIOLATED)
i_soc.i_qspi._11215_/A0                 1.000000    1.222962   -0.222962 (VIOLATED)
ANTENNA_i_soc.i_qspi._11017__A1/DIODE    1.000000    1.222961   -0.222961 (VIOLATED)
ANTENNA_i_soc.i_qspi._11215__A0/DIODE    1.000000    1.222961   -0.222961 (VIOLATED)
ANTENNA_i_soc.i_qspi._11149__A0/DIODE    1.000000    1.222959   -0.222959 (VIOLATED)
i_soc.i_qspi._11149_/A0                 1.000000    1.222959   -0.222959 (VIOLATED)
i_soc.i_qspi._11182_/A0                 1.000000    1.222957   -0.222957 (VIOLATED)
ANTENNA_i_soc.i_qspi._11182__A0/DIODE    1.000000    1.222957   -0.222957 (VIOLATED)
ANTENNA_i_soc.i_qspi._10983__A1/DIODE    1.000000    1.222955   -0.222955 (VIOLATED)
i_soc.i_qspi._10983_/A1                 1.000000    1.222955   -0.222955 (VIOLATED)
ANTENNA_i_soc.i_qspi._11415__A0/DIODE    1.000000    1.222936   -0.222936 (VIOLATED)
i_soc.i_qspi._11415_/A0                 1.000000    1.222936   -0.222936 (VIOLATED)
ANTENNA_i_soc.i_qspi._11448__A0/DIODE    1.000000    1.222920   -0.222920 (VIOLATED)
i_soc.i_qspi._11448_/A0                 1.000000    1.222920   -0.222920 (VIOLATED)
ANTENNA_i_soc.i_qspi._11283__A1/DIODE    1.000000    1.222914   -0.222914 (VIOLATED)
i_soc.i_qspi._11283_/A1                 1.000000    1.222914   -0.222914 (VIOLATED)
ANTENNA_fanout1176_X/DIODE              1.000000    1.222904   -0.222904 (VIOLATED)
ANTENNA_i_soc.i_qspi._11316__A1/DIODE    1.000000    1.222904   -0.222904 (VIOLATED)
i_soc.i_qspi._11316_/A1                 1.000000    1.222904   -0.222904 (VIOLATED)
fanout1176/X                            1.000000    1.222901   -0.222901 (VIOLATED)
i_soc.i_qspi._12538_/A0                 1.000000    1.222468   -0.222468 (VIOLATED)
ANTENNA_i_soc.i_qspi._12538__A0/DIODE    1.000000    1.222416   -0.222416 (VIOLATED)
i_soc.i_qspi._12505_/A0                 1.000000    1.222317   -0.222317 (VIOLATED)
ANTENNA_i_soc.i_qspi._12505__A0/DIODE    1.000000    1.222315   -0.222315 (VIOLATED)
i_soc.i_qspi._12340_/A0                 1.000000    1.222292   -0.222292 (VIOLATED)
ANTENNA_i_soc.i_qspi._12340__A0/DIODE    1.000000    1.222292   -0.222292 (VIOLATED)
ANTENNA_i_soc.i_qspi._12406__A0/DIODE    1.000000    1.222288   -0.222288 (VIOLATED)
ANTENNA_i_soc.i_qspi._12307__A0/DIODE    1.000000    1.222287   -0.222287 (VIOLATED)
i_soc.i_qspi._12307_/A0                 1.000000    1.222287   -0.222287 (VIOLATED)
i_soc.i_qspi._12406_/A0                 1.000000    1.222286   -0.222286 (VIOLATED)
i_soc.i_qspi._12373_/A0                 1.000000    1.222284   -0.222284 (VIOLATED)
ANTENNA_i_soc.i_qspi._12373__A0/DIODE    1.000000    1.222283   -0.222283 (VIOLATED)
i_soc.i_qspi._12472_/A1                 1.000000    1.222277   -0.222277 (VIOLATED)
ANTENNA_i_soc.i_qspi._12274__A0/DIODE    1.000000    1.222259   -0.222259 (VIOLATED)
i_soc.i_qspi._12274_/A0                 1.000000    1.222244   -0.222244 (VIOLATED)
i_soc.i_qspi._12142_/A1                 1.000000    1.222242   -0.222242 (VIOLATED)
ANTENNA_i_soc.i_qspi._12142__A1/DIODE    1.000000    1.222240   -0.222240 (VIOLATED)
ANTENNA_i_soc.i_qspi._12175__A1/DIODE    1.000000    1.222239   -0.222239 (VIOLATED)
i_soc.i_qspi._12175_/A1                 1.000000    1.222239   -0.222239 (VIOLATED)
ANTENNA_i_soc.i_qspi._12241__A0/DIODE    1.000000    1.222235   -0.222235 (VIOLATED)
i_soc.i_qspi._12241_/A0                 1.000000    1.222235   -0.222235 (VIOLATED)
ANTENNA_i_soc.i_qspi._12670__A0/DIODE    1.000000    1.222211   -0.222211 (VIOLATED)
i_soc.i_qspi._12670_/A0                 1.000000    1.222212   -0.222212 (VIOLATED)
i_soc.i_qspi._12703_/A0                 1.000000    1.222211   -0.222211 (VIOLATED)
ANTENNA_i_soc.i_qspi._12703__A0/DIODE    1.000000    1.222206   -0.222206 (VIOLATED)
ANTENNA_i_soc.i_qspi._12472__A1/DIODE    1.000000    1.222120   -0.222120 (VIOLATED)
i_soc.i_qspi._12439_/A1                 1.000000    1.222035   -0.222035 (VIOLATED)
ANTENNA_i_soc.i_qspi._12439__A1/DIODE    1.000000    1.222006   -0.222006 (VIOLATED)
ANTENNA_i_soc.i_qspi._12604__A0/DIODE    1.000000    1.221972   -0.221972 (VIOLATED)
ANTENNA_i_soc.i_qspi._12637__A0/DIODE    1.000000    1.221972   -0.221972 (VIOLATED)
i_soc.i_qspi._12604_/A0                 1.000000    1.221972   -0.221972 (VIOLATED)
i_soc.i_qspi._12637_/A0                 1.000000    1.221964   -0.221964 (VIOLATED)
ANTENNA_fanout1194_X/DIODE              1.000000    1.221963   -0.221963 (VIOLATED)
fanout1194/X                            1.000000    1.221960   -0.221960 (VIOLATED)
ANTENNA_i_soc.i_instr_sram.u_sram.gen_bank[2].gen_512.u_macro_din0[16]/DIODE    1.000000    1.221947   -0.221947 (VIOLATED)
i_soc.i_ai_sram.u_sram.gen_bank[2].gen_512.u_macro/din0[26]    1.000000    1.220549   -0.220549 (VIOLATED)
ANTENNA_i_soc.i_instr_sram.u_sram.gen_bank[2].gen_512.u_macro_din0[1]/DIODE    1.000000    1.220295   -0.220295 (VIOLATED)
ANTENNA_i_soc.i_instr_sram.u_sram.gen_bank[2].gen_512.u_macro_din0[8]/DIODE    1.000000    1.219618   -0.219618 (VIOLATED)
i_soc.i_ai_sram.u_sram.gen_bank[1].gen_512.u_macro/din0[17]    1.000000    1.219112   -0.219112 (VIOLATED)
i_soc._374_/D                           1.000000    1.216212   -0.216212 (VIOLATED)
ANTENNA_i_soc._374__D/DIODE             1.000000    1.216179   -0.216179 (VIOLATED)
i_soc.i_ai_sram.u_sram.gen_bank[1].gen_512.u_macro/din0[19]    1.000000    1.214865   -0.214865 (VIOLATED)
i_soc.i_ai_sram.u_sram.gen_bank[0].gen_512.u_macro/addr1[1]    0.040000    0.254283   -0.214283 (VIOLATED)
ANTENNA_i_soc.i_instr_sram.u_sram.gen_bank[3].gen_512.u_macro_din0[26]/DIODE    1.000000    1.213594   -0.213594 (VIOLATED)
i_soc.i_instr_sram.u_sram.gen_bank[1].gen_512.u_macro/din0[6]    1.000000    1.212285   -0.212285 (VIOLATED)
i_soc.i_data_sram.u_sram.gen_bank[2].gen_512.u_macro/din0[7]    1.000000    1.211884   -0.211884 (VIOLATED)
ANTENNA_i_soc.i_data_sram.u_sram.gen_bank[3].gen_512.u_macro_din0[18]/DIODE    1.000000    1.211829   -0.211829 (VIOLATED)
i_soc.i_ai_sram.u_sram.gen_bank[2].gen_512.u_macro/din0[19]    1.000000    1.208404   -0.208404 (VIOLATED)
ANTENNA_i_soc.i_data_sram.u_sram.gen_bank[3].gen_512.u_macro_din0[11]/DIODE    1.000000    1.207177   -0.207177 (VIOLATED)
i_soc.i_ai_sram.u_sram.gen_bank[7].gen_512.u_macro/din0[30]    1.000000    1.205652   -0.205652 (VIOLATED)
ANTENNA_hold9291_X/DIODE                1.000000    1.205465   -0.205465 (VIOLATED)
hold9291/X                              1.000000    1.205463   -0.205463 (VIOLATED)
ANTENNA_16/DIODE                        1.000000    1.204555   -0.204555 (VIOLATED)
ANTENNA_14/DIODE                        1.000000    1.204535   -0.204535 (VIOLATED)
ANTENNA_12/DIODE                        1.000000    1.204515   -0.204515 (VIOLATED)
ANTENNA_i_soc.i_ai_sram.u_sram._539__X/DIODE    1.000000    1.204500   -0.204500 (VIOLATED)
ANTENNA_13/DIODE                        1.000000    1.204485   -0.204485 (VIOLATED)
ANTENNA_15/DIODE                        1.000000    1.204485   -0.204485 (VIOLATED)
ANTENNA_11/DIODE                        1.000000    1.204460   -0.204460 (VIOLATED)
i_soc.i_ai_sram.u_sram.gen_bank[6].gen_512.u_macro/din0[27]    1.000000    1.204417   -0.204417 (VIOLATED)
i_soc.i_ai_sram.u_sram._539_/X          1.000000    1.204394   -0.204394 (VIOLATED)
i_soc.i_ai_sram.u_sram.gen_bank[1].gen_512.u_macro/din0[11]    1.000000    1.204133   -0.204133 (VIOLATED)
i_soc.i_ai_sram.u_sram.gen_bank[6].gen_512.u_macro/din0[28]    1.000000    1.202779   -0.202779 (VIOLATED)
i_soc.i_ai_sram.u_sram.gen_bank[6].gen_512.u_macro/din0[8]    1.000000    1.202698   -0.202698 (VIOLATED)
ANTENNA_i_soc.i_data_sram.u_sram.gen_bank[3].gen_512.u_macro_din0[10]/DIODE    1.000000    1.202236   -0.202236 (VIOLATED)
i_soc.i_ai_sram.u_sram.gen_bank[4].gen_512.u_macro/din0[1]    1.000000    1.201464   -0.201464 (VIOLATED)
i_soc.i_data_sram.u_sram.gen_bank[0].gen_512.u_macro/din0[7]    1.000000    1.200990   -0.200990 (VIOLATED)
ANTENNA_i_soc.i_instr_sram.u_sram.gen_bank[1].gen_512.u_macro_din0[26]/DIODE    1.000000    1.200862   -0.200862 (VIOLATED)
ANTENNA_i_soc.i_crossbar._1630__X/DIODE    1.000000    1.200683   -0.200683 (VIOLATED)
i_soc.i_crossbar._1630_/X               1.000000    1.200653   -0.200653 (VIOLATED)
ANTENNA_i_soc.i_ai_sram.u_sram._594__X/DIODE    1.000000    1.200109   -0.200109 (VIOLATED)
i_soc.i_ai_sram.u_sram._594_/X          1.000000    1.200101   -0.200101 (VIOLATED)
i_soc.i_ai_sram.u_sram.gen_bank[8].gen_512.u_macro/din0[10]    1.000000    1.199705   -0.199705 (VIOLATED)
i_soc.i_ai_sram.u_sram.gen_bank[1].gen_512.u_macro/addr1[1]    0.040000    0.238717   -0.198717 (VIOLATED)
i_soc.i_ai_sram.u_sram.gen_bank[1].gen_512.u_macro/din0[14]    1.000000    1.197916   -0.197916 (VIOLATED)
ANTENNA_i_soc.i_instr_sram.u_sram.gen_bank[0].gen_512.u_macro_din0[11]/DIODE    1.000000    1.197687   -0.197687 (VIOLATED)
ANTENNA_i_soc.i_instr_sram.u_sram.gen_bank[2].gen_512.u_macro_din0[22]/DIODE    1.000000    1.197679   -0.197679 (VIOLATED)
wire7657/A                              1.000000    1.197514   -0.197514 (VIOLATED)
ANTENNA_wire7657_A/DIODE                1.000000    1.197455   -0.197455 (VIOLATED)
ANTENNA_i_soc.i_data_sram.u_sram.gen_bank[2].gen_512.u_macro_din0[19]/DIODE    1.000000    1.196619   -0.196619 (VIOLATED)
ANTENNA_i_soc.i_ai_sram.u_sram.gen_bank[0].gen_512.u_macro_din0[18]/DIODE    1.000000    1.196476   -0.196477 (VIOLATED)
ANTENNA_i_soc.i_qspi._11746__A0/DIODE    1.000000    1.195758   -0.195758 (VIOLATED)
i_soc.i_qspi._11746_/A0                 1.000000    1.195758   -0.195758 (VIOLATED)
ANTENNA_i_soc.i_qspi._11713__A0/DIODE    1.000000    1.195755   -0.195755 (VIOLATED)
i_soc.i_qspi._11713_/A0                 1.000000    1.195755   -0.195755 (VIOLATED)
i_soc.i_qspi._11779_/A0                 1.000000    1.195750   -0.195750 (VIOLATED)
ANTENNA_i_soc.i_qspi._11779__A0/DIODE    1.000000    1.195749   -0.195749 (VIOLATED)
i_soc.i_qspi._11812_/A0                 1.000000    1.195747   -0.195747 (VIOLATED)
ANTENNA_i_soc.i_qspi._11812__A0/DIODE    1.000000    1.195745   -0.195745 (VIOLATED)
i_soc.i_qspi._11581_/A1                 1.000000    1.195739   -0.195739 (VIOLATED)
ANTENNA_i_soc.i_qspi._11581__A1/DIODE    1.000000    1.195739   -0.195739 (VIOLATED)
ANTENNA_i_soc.i_qspi._11614__A1/DIODE    1.000000    1.195730   -0.195730 (VIOLATED)
i_soc.i_qspi._11614_/A1                 1.000000    1.195723   -0.195723 (VIOLATED)
i_soc.i_qspi._11647_/A0                 1.000000    1.195699   -0.195699 (VIOLATED)
ANTENNA_i_soc.i_qspi._11647__A0/DIODE    1.000000    1.195697   -0.195697 (VIOLATED)
i_soc.i_qspi._11680_/A0                 1.000000    1.195687   -0.195687 (VIOLATED)
ANTENNA_i_soc.i_qspi._11680__A0/DIODE    1.000000    1.195684   -0.195684 (VIOLATED)
i_soc.i_qspi._12111_/A0                 1.000000    1.195602   -0.195602 (VIOLATED)
ANTENNA_i_soc.i_qspi._12111__A0/DIODE    1.000000    1.195575   -0.195575 (VIOLATED)
i_soc.i_qspi._12078_/A0                 1.000000    1.195553   -0.195553 (VIOLATED)
ANTENNA_i_soc.i_qspi._12078__A0/DIODE    1.000000    1.195526   -0.195526 (VIOLATED)
i_soc.i_qspi._11946_/A0                 1.000000    1.195490   -0.195491 (VIOLATED)
ANTENNA_i_soc.i_qspi._11946__A0/DIODE    1.000000    1.195488   -0.195488 (VIOLATED)
i_soc.i_qspi._11979_/A0                 1.000000    1.195485   -0.195485 (VIOLATED)
ANTENNA_i_soc.i_qspi._11979__A0/DIODE    1.000000    1.195477   -0.195477 (VIOLATED)
i_soc.i_qspi._11913_/A1                 1.000000    1.195437   -0.195437 (VIOLATED)
ANTENNA_i_soc.i_qspi._11913__A1/DIODE    1.000000    1.195434   -0.195434 (VIOLATED)
i_soc.i_qspi._11880_/A1                 1.000000    1.195419   -0.195419 (VIOLATED)
ANTENNA_i_soc.i_qspi._11880__A1/DIODE    1.000000    1.195418   -0.195418 (VIOLATED)
i_soc.i_qspi._12045_/A0                 1.000000    1.195411   -0.195411 (VIOLATED)
ANTENNA_i_soc.i_qspi._12045__A0/DIODE    1.000000    1.195410   -0.195410 (VIOLATED)
i_soc.i_qspi._12012_/A0                 1.000000    1.195406   -0.195406 (VIOLATED)
ANTENNA_i_soc.i_qspi._12012__A0/DIODE    1.000000    1.195392   -0.195392 (VIOLATED)
ANTENNA_i_soc.i_qspi._12344__A0/DIODE    1.000000    1.195225   -0.195225 (VIOLATED)
i_soc.i_qspi._12344_/A0                 1.000000    1.195225   -0.195225 (VIOLATED)
ANTENNA_i_soc.i_qspi._12311__A0/DIODE    1.000000    1.195221   -0.195221 (VIOLATED)
i_soc.i_qspi._12311_/A0                 1.000000    1.195219   -0.195219 (VIOLATED)
i_soc.i_qspi._12377_/A0                 1.000000    1.195217   -0.195217 (VIOLATED)
ANTENNA_i_soc.i_qspi._12410__A0/DIODE    1.000000    1.195215   -0.195215 (VIOLATED)
i_soc.i_qspi._12410_/A0                 1.000000    1.195215   -0.195216 (VIOLATED)
ANTENNA_i_soc.i_qspi._12377__A0/DIODE    1.000000    1.195215   -0.195215 (VIOLATED)
ANTENNA_i_soc.i_qspi._12146__A1/DIODE    1.000000    1.195212   -0.195212 (VIOLATED)
i_soc.i_qspi._12146_/A1                 1.000000    1.195212   -0.195212 (VIOLATED)
i_soc.i_qspi._12179_/A1                 1.000000    1.195210   -0.195210 (VIOLATED)
ANTENNA_i_soc.i_qspi._12179__A1/DIODE    1.000000    1.195206   -0.195206 (VIOLATED)
i_soc.i_qspi._12245_/A0                 1.000000    1.195193   -0.195193 (VIOLATED)
ANTENNA_i_soc.i_qspi._12278__A0/DIODE    1.000000    1.195193   -0.195193 (VIOLATED)
i_soc.i_qspi._12278_/A0                 1.000000    1.195193   -0.195193 (VIOLATED)
ANTENNA_i_soc.i_qspi._12608__A0/DIODE    1.000000    1.195186   -0.195186 (VIOLATED)
i_soc.i_qspi._12608_/A0                 1.000000    1.195186   -0.195186 (VIOLATED)
i_soc.i_qspi._12707_/A0                 1.000000    1.195186   -0.195186 (VIOLATED)
ANTENNA_i_soc.i_qspi._12707__A0/DIODE    1.000000    1.195185   -0.195185 (VIOLATED)
ANTENNA_i_soc.i_qspi._12245__A0/DIODE    1.000000    1.195178   -0.195178 (VIOLATED)
i_soc.i_qspi._12674_/A0                 1.000000    1.195152   -0.195152 (VIOLATED)
i_soc.i_qspi._12509_/A0                 1.000000    1.195144   -0.195144 (VIOLATED)
ANTENNA_i_soc.i_qspi._12509__A0/DIODE    1.000000    1.195142   -0.195142 (VIOLATED)
i_soc.i_qspi._12542_/A0                 1.000000    1.195139   -0.195139 (VIOLATED)
ANTENNA_i_soc.i_qspi._12542__A0/DIODE    1.000000    1.195137   -0.195137 (VIOLATED)
i_soc.i_qspi._12443_/A1                 1.000000    1.195135   -0.195134 (VIOLATED)
ANTENNA_i_soc.i_qspi._12443__A1/DIODE    1.000000    1.195131   -0.195131 (VIOLATED)
i_soc.i_qspi._12476_/A1                 1.000000    1.195099   -0.195099 (VIOLATED)
ANTENNA_i_soc.i_qspi._12674__A0/DIODE    1.000000    1.195094   -0.195094 (VIOLATED)
ANTENNA_i_soc.i_qspi._12476__A1/DIODE    1.000000    1.195066   -0.195066 (VIOLATED)
i_soc.i_qspi._12641_/A0                 1.000000    1.195031   -0.195031 (VIOLATED)
ANTENNA_i_soc.i_qspi._12641__A0/DIODE    1.000000    1.194990   -0.194990 (VIOLATED)
ANTENNA_fanout1181_X/DIODE              1.000000    1.194915   -0.194915 (VIOLATED)
fanout1181/X                            1.000000    1.194900   -0.194900 (VIOLATED)
ANTENNA_i_soc.i_instr_sram.u_sram.gen_bank[0].gen_512.u_macro_din0[23]/DIODE    1.000000    1.194883   -0.194883 (VIOLATED)
ANTENNA_i_soc.i_ai_sram.u_sram.gen_bank[0].gen_512.u_macro_din0[27]/DIODE    1.000000    1.194863   -0.194863 (VIOLATED)
ANTENNA_i_soc.i_data_sram.u_sram.gen_bank[3].gen_512.u_macro_din0[12]/DIODE    1.000000    1.194054   -0.194054 (VIOLATED)
ANTENNA_i_soc.i_crossbar._1205__X/DIODE    1.000000    1.193752   -0.193752 (VIOLATED)
ANTENNA_i_soc.i_data_sram.u_sram.gen_bank[0].gen_512.u_macro_din0[19]/DIODE    1.000000    1.193705   -0.193705 (VIOLATED)
i_soc.i_crossbar._1205_/X               1.000000    1.193650   -0.193650 (VIOLATED)
ANTENNA_i_soc.i_data_sram.u_sram.gen_bank[2].gen_512.u_macro_din0[21]/DIODE    1.000000    1.193576   -0.193576 (VIOLATED)
wire750/A                               1.000000    1.193450   -0.193450 (VIOLATED)
ANTENNA_wire750_A/DIODE                 1.000000    1.193434   -0.193434 (VIOLATED)
ANTENNA_i_soc.i_ai_sram.u_sram.gen_bank[2].gen_512.u_macro_din0[15]/DIODE    1.000000    1.192950   -0.192950 (VIOLATED)
ANTENNA_i_soc.i_ai_sram._81__Q/DIODE    1.000000    1.191452   -0.191452 (VIOLATED)
i_soc.i_ai_sram._81_/Q                  1.000000    1.191439   -0.191439 (VIOLATED)
ANTENNA_i_soc.i_instr_sram.u_sram.gen_bank[0].gen_512.u_macro_din0[4]/DIODE    1.000000    1.191169   -0.191169 (VIOLATED)
ANTENNA_i_soc.i_instr_sram.u_sram.gen_bank[2].gen_512.u_macro_din0[25]/DIODE    1.000000    1.191044   -0.191044 (VIOLATED)
ANTENNA_i_soc.i_instr_sram.u_sram.gen_bank[3].gen_512.u_macro_din0[27]/DIODE    1.000000    1.190919   -0.190919 (VIOLATED)
ANTENNA_i_soc.i_data_sram.u_sram.gen_bank[3].gen_512.u_macro_din0[21]/DIODE    1.000000    1.190890   -0.190890 (VIOLATED)
i_soc.i_ai_sram.u_sram.gen_bank[13].gen_512.u_macro/din0[28]    1.000000    1.190201   -0.190201 (VIOLATED)
i_soc.i_gpio._223_/D                    1.000000    1.189924   -0.189924 (VIOLATED)
ANTENNA_i_soc.i_gpio._223__D/DIODE      1.000000    1.189899   -0.189899 (VIOLATED)
i_soc.i_ai_sram.u_sram.gen_bank[7].gen_512.u_macro/din0[25]    1.000000    1.189405   -0.189405 (VIOLATED)
ANTENNA_i_soc.i_instr_sram.u_sram.gen_bank[0].gen_512.u_macro_din0[12]/DIODE    1.000000    1.188430   -0.188430 (VIOLATED)
ANTENNA_i_soc.i_data_sram.u_sram.gen_bank[3].gen_512.u_macro_din0[6]/DIODE    1.000000    1.186958   -0.186958 (VIOLATED)
i_soc.i_ai_sram.u_sram.gen_bank[4].gen_512.u_macro/din0[24]    1.000000    1.185754   -0.185754 (VIOLATED)
i_soc.i_ai_sram.u_sram.gen_bank[3].gen_512.u_macro/din0[15]    1.000000    1.184872   -0.184872 (VIOLATED)
i_soc.i_ai_sram.u_sram._474_/B          1.000000    1.184588   -0.184588 (VIOLATED)
ANTENNA_i_soc.i_ai_sram.u_sram._474__B/DIODE    1.000000    1.184572   -0.184572 (VIOLATED)
ANTENNA_i_soc.i_data_sram.u_sram.gen_bank[1].gen_512.u_macro_din0[10]/DIODE    1.000000    1.184158   -0.184158 (VIOLATED)
i_soc.i_ai_sram.u_sram.gen_bank[1].gen_512.u_macro/din0[24]    1.000000    1.183663   -0.183663 (VIOLATED)
ANTENNA_i_soc.i_data_sram.u_sram.gen_bank[1].gen_512.u_macro_din0[12]/DIODE    1.000000    1.182664   -0.182664 (VIOLATED)
ANTENNA_i_soc.i_data_sram.u_sram.gen_bank[2].gen_512.u_macro_din0[25]/DIODE    1.000000    1.182403   -0.182403 (VIOLATED)
i_soc.i_ai_sram.u_sram._518_/B          1.000000    1.180987   -0.180987 (VIOLATED)
ANTENNA_i_soc.i_ai_sram.u_sram._518__B/DIODE    1.000000    1.180979   -0.180979 (VIOLATED)
ANTENNA_i_soc.i_data_sram.u_sram.gen_bank[3].gen_512.u_macro_din0[14]/DIODE    1.000000    1.180976   -0.180976 (VIOLATED)
ANTENNA_i_soc.i_data_sram.u_sram.gen_bank[1].gen_512.u_macro_din0[18]/DIODE    1.000000    1.180490   -0.180490 (VIOLATED)
ANTENNA_i_soc.i_data_sram.u_sram.gen_bank[1].gen_512.u_macro_din0[25]/DIODE    1.000000    1.180323   -0.180323 (VIOLATED)
ANTENNA_i_soc.i_data_sram.u_sram.gen_bank[2].gen_512.u_macro_din0[12]/DIODE    1.000000    1.180249   -0.180249 (VIOLATED)
i_soc.i_ai_sram.u_sram.gen_bank[6].gen_512.u_macro/din0[25]    1.000000    1.180230   -0.180230 (VIOLATED)
ANTENNA_i_soc.i_data_sram.u_sram.gen_bank[0].gen_512.u_macro_din0[12]/DIODE    1.000000    1.178424   -0.178424 (VIOLATED)
ANTENNA_i_soc.i_crossbar._1198__X/DIODE    1.000000    1.178411   -0.178411 (VIOLATED)
i_soc.i_crossbar._1198_/X               1.000000    1.178378   -0.178378 (VIOLATED)
i_soc.i_ai_sram.u_sram.gen_bank[3].gen_512.u_macro/din0[1]    1.000000    1.178300   -0.178300 (VIOLATED)
i_soc.i_ai_sram.u_sram.gen_bank[8].gen_512.u_macro/din0[11]    1.000000    1.178244   -0.178244 (VIOLATED)
ANTENNA_i_soc.i_data_sram.u_sram.gen_bank[1].gen_512.u_macro_din0[21]/DIODE    1.000000    1.175633   -0.175633 (VIOLATED)
i_soc.i_ai_sram.u_sram.gen_bank[4].gen_512.u_macro/din0[21]    1.000000    1.174695   -0.174695 (VIOLATED)
ANTENNA_i_soc.i_qspi._11604__A1/DIODE    1.000000    1.174411   -0.174411 (VIOLATED)
i_soc.i_qspi._11604_/A1                 1.000000    1.174409   -0.174409 (VIOLATED)
i_soc.i_qspi._11637_/A0                 1.000000    1.174406   -0.174406 (VIOLATED)
i_soc.i_qspi._11571_/A1                 1.000000    1.174405   -0.174405 (VIOLATED)
ANTENNA_i_soc.i_qspi._11571__A1/DIODE    1.000000    1.174405   -0.174405 (VIOLATED)
ANTENNA_i_soc.i_qspi._11637__A0/DIODE    1.000000    1.174404   -0.174404 (VIOLATED)
ANTENNA_i_soc.i_qspi._11670__A0/DIODE    1.000000    1.174378   -0.174378 (VIOLATED)
i_soc.i_qspi._11670_/A0                 1.000000    1.174363   -0.174363 (VIOLATED)
i_soc.i_qspi._12101_/A0                 1.000000    1.174334   -0.174334 (VIOLATED)
ANTENNA_i_soc.i_qspi._12101__A0/DIODE    1.000000    1.174332   -0.174332 (VIOLATED)
i_soc.i_qspi._12035_/A0                 1.000000    1.174321   -0.174321 (VIOLATED)
ANTENNA_i_soc.i_qspi._12035__A0/DIODE    1.000000    1.174314   -0.174314 (VIOLATED)
ANTENNA_i_soc.i_qspi._12068__A0/DIODE    1.000000    1.174306   -0.174306 (VIOLATED)
i_soc.i_qspi._11936_/A0                 1.000000    1.174305   -0.174305 (VIOLATED)
ANTENNA_i_soc.i_qspi._11936__A0/DIODE    1.000000    1.174305   -0.174305 (VIOLATED)
i_soc.i_qspi._11969_/A0                 1.000000    1.174304   -0.174304 (VIOLATED)
ANTENNA_i_soc.i_qspi._11969__A0/DIODE    1.000000    1.174301   -0.174301 (VIOLATED)
i_soc.i_qspi._12068_/A0                 1.000000    1.174300   -0.174300 (VIOLATED)
i_soc.i_qspi._11870_/A1                 1.000000    1.174288   -0.174288 (VIOLATED)
ANTENNA_i_soc.i_qspi._11870__A1/DIODE    1.000000    1.174287   -0.174287 (VIOLATED)
i_soc.i_qspi._12002_/A0                 1.000000    1.174233   -0.174233 (VIOLATED)
ANTENNA_i_soc.i_qspi._12002__A0/DIODE    1.000000    1.174200   -0.174200 (VIOLATED)
ANTENNA_i_soc.i_qspi._11769__A0/DIODE    1.000000    1.174160   -0.174160 (VIOLATED)
i_soc.i_qspi._11769_/A0                 1.000000    1.174155   -0.174155 (VIOLATED)
i_soc.i_qspi._11903_/A1                 1.000000    1.174083   -0.174084 (VIOLATED)
ANTENNA_i_soc.i_qspi._11903__A1/DIODE    1.000000    1.174082   -0.174082 (VIOLATED)
i_soc.i_qspi._11802_/A0                 1.000000    1.174080   -0.174080 (VIOLATED)
ANTENNA_i_soc.i_qspi._11802__A0/DIODE    1.000000    1.174062   -0.174062 (VIOLATED)
i_soc.i_qspi._11703_/A0                 1.000000    1.174026   -0.174026 (VIOLATED)
ANTENNA_i_soc.i_qspi._11703__A0/DIODE    1.000000    1.173962   -0.173962 (VIOLATED)
i_soc.i_qspi._11736_/A0                 1.000000    1.173880   -0.173880 (VIOLATED)
ANTENNA_i_soc.i_qspi._11736__A0/DIODE    1.000000    1.173878   -0.173878 (VIOLATED)
ANTENNA_i_soc.i_ai_sram.u_sram._627__X/DIODE    1.000000    1.173564   -0.173564 (VIOLATED)
i_soc.i_qspi._12664_/A0                 1.000000    1.173546   -0.173546 (VIOLATED)
i_soc.i_qspi._12433_/A1                 1.000000    1.173546   -0.173546 (VIOLATED)
ANTENNA_i_soc.i_qspi._12433__A1/DIODE    1.000000    1.173541   -0.173541 (VIOLATED)
ANTENNA_i_soc.i_qspi._12664__A0/DIODE    1.000000    1.173541   -0.173541 (VIOLATED)
ANTENNA_i_soc.i_qspi._12697__A0/DIODE    1.000000    1.173541   -0.173541 (VIOLATED)
i_soc.i_qspi._12697_/A0                 1.000000    1.173541   -0.173541 (VIOLATED)
i_soc.i_ai_sram.u_sram._627_/X          1.000000    1.173539   -0.173539 (VIOLATED)
i_soc.i_qspi._12499_/A0                 1.000000    1.173506   -0.173506 (VIOLATED)
ANTENNA_i_soc.i_qspi._12466__A1/DIODE    1.000000    1.173505   -0.173505 (VIOLATED)
ANTENNA_i_soc.i_qspi._12499__A0/DIODE    1.000000    1.173495   -0.173495 (VIOLATED)
i_soc.i_qspi._12466_/A1                 1.000000    1.173486   -0.173486 (VIOLATED)
i_soc.i_qspi._12532_/A0                 1.000000    1.173374   -0.173374 (VIOLATED)
ANTENNA_i_soc.i_qspi._12532__A0/DIODE    1.000000    1.173359   -0.173359 (VIOLATED)
ANTENNA_i_soc.i_qspi._12367__A0/DIODE    1.000000    1.173191   -0.173191 (VIOLATED)
i_soc.i_qspi._12301_/A0                 1.000000    1.173124   -0.173124 (VIOLATED)
ANTENNA_i_soc.i_qspi._12301__A0/DIODE    1.000000    1.173109   -0.173109 (VIOLATED)
i_soc.i_qspi._12598_/A0                 1.000000    1.173098   -0.173098 (VIOLATED)
ANTENNA_i_soc.i_qspi._12598__A0/DIODE    1.000000    1.173098   -0.173098 (VIOLATED)
i_soc.i_qspi._12631_/A0                 1.000000    1.173095   -0.173095 (VIOLATED)
ANTENNA_i_soc.i_qspi._12631__A0/DIODE    1.000000    1.173095   -0.173095 (VIOLATED)
i_soc.i_qspi._12235_/A0                 1.000000    1.173073   -0.173073 (VIOLATED)
i_soc.i_qspi._12367_/A0                 1.000000    1.173049   -0.173049 (VIOLATED)
i_soc.i_qspi._12400_/A0                 1.000000    1.173049   -0.173049 (VIOLATED)
ANTENNA_i_soc.i_qspi._12400__A0/DIODE    1.000000    1.173047   -0.173047 (VIOLATED)
i_soc.i_qspi._12334_/A0                 1.000000    1.173045   -0.173045 (VIOLATED)
ANTENNA_i_soc.i_qspi._12235__A0/DIODE    1.000000    1.173041   -0.173041 (VIOLATED)
ANTENNA_i_soc.i_qspi._12334__A0/DIODE    1.000000    1.173040   -0.173040 (VIOLATED)
i_soc.i_qspi._12268_/A0                 1.000000    1.172990   -0.172990 (VIOLATED)
ANTENNA_i_soc.i_qspi._12268__A0/DIODE    1.000000    1.172944   -0.172944 (VIOLATED)
i_soc.i_qspi._12169_/A1                 1.000000    1.172881   -0.172881 (VIOLATED)
ANTENNA_i_soc.i_qspi._12169__A1/DIODE    1.000000    1.172881   -0.172881 (VIOLATED)
i_soc.i_ai_sram.u_sram.gen_bank[7].gen_512.u_macro/din0[23]    1.000000    1.172868   -0.172868 (VIOLATED)
ANTENNA_i_soc.i_qspi._12136__A1/DIODE    1.000000    1.172855   -0.172855 (VIOLATED)
i_soc.i_qspi._12136_/A1                 1.000000    1.172828   -0.172828 (VIOLATED)
ANTENNA_fanout1483_X/DIODE              1.000000    1.172822   -0.172822 (VIOLATED)
fanout1483/X                            1.000000    1.172817   -0.172817 (VIOLATED)
ANTENNA_i_soc.i_instr_sram.u_sram.gen_bank[2].gen_512.u_macro_din0[0]/DIODE    1.000000    1.172351   -0.172351 (VIOLATED)
output36/A                              1.000000    1.172266   -0.172266 (VIOLATED)
ANTENNA_output36_A/DIODE                1.000000    1.172240   -0.172240 (VIOLATED)
ANTENNA_i_soc.i_data_sram.u_sram.gen_bank[0].gen_512.u_macro_din0[21]/DIODE    1.000000    1.171404   -0.171404 (VIOLATED)
ANTENNA_i_soc.i_instr_sram.u_sram.gen_bank[0].gen_512.u_macro_din0[2]/DIODE    1.000000    1.171394   -0.171394 (VIOLATED)
ANTENNA_i_soc.i_crossbar._1207__X/DIODE    1.000000    1.171313   -0.171313 (VIOLATED)
i_soc.i_crossbar._1207_/X               1.000000    1.171244   -0.171244 (VIOLATED)
ANTENNA_i_soc.i_data_sram.u_sram.gen_bank[1].gen_512.u_macro_din0[11]/DIODE    1.000000    1.171238   -0.171238 (VIOLATED)
i_soc.i_ai_sram.u_sram.gen_bank[2].gen_512.u_macro/din0[2]    1.000000    1.171029   -0.171029 (VIOLATED)
i_soc.i_ai_sram.u_sram.gen_bank[7].gen_512.u_macro/din0[9]    1.000000    1.170397   -0.170397 (VIOLATED)
i_soc.i_ai_sram.u_sram.gen_bank[1].gen_512.u_macro/din0[13]    1.000000    1.169950   -0.169951 (VIOLATED)
i_soc.i_ai_sram.u_sram.gen_bank[2].gen_512.u_macro/din0[18]    1.000000    1.169936   -0.169936 (VIOLATED)
ANTENNA_i_soc.i_ai_sram.u_sram.gen_bank[4].gen_512.u_macro_din0[17]/DIODE    1.000000    1.169065   -0.169065 (VIOLATED)
ANTENNA_i_soc.i_instr_sram.u_sram.gen_bank[3].gen_512.u_macro_din0[25]/DIODE    1.000000    1.169052   -0.169052 (VIOLATED)
i_soc.i_ai_sram.u_sram.gen_bank[1].gen_512.u_macro/din0[20]    1.000000    1.167985   -0.167985 (VIOLATED)
ANTENNA_i_soc.i_instr_sram.u_sram.gen_bank[2].gen_512.u_macro_din0[5]/DIODE    1.000000    1.167357   -0.167357 (VIOLATED)
ANTENNA_8/DIODE                         1.000000    1.166863   -0.166863 (VIOLATED)
ANTENNA_6/DIODE                         1.000000    1.166855   -0.166855 (VIOLATED)
ANTENNA_4/DIODE                         1.000000    1.166836   -0.166836 (VIOLATED)
ANTENNA_2/DIODE                         1.000000    1.166828   -0.166828 (VIOLATED)
i_soc.i_ai_sram.u_sram.gen_bank[2].gen_512.u_macro/addr1[1]    0.040000    0.206820   -0.166820 (VIOLATED)
ANTENNA__02__X/DIODE                    1.000000    1.166817   -0.166817 (VIOLATED)
ANTENNA_3/DIODE                         1.000000    1.166807   -0.166807 (VIOLATED)
ANTENNA_5/DIODE                         1.000000    1.166807   -0.166807 (VIOLATED)
ANTENNA_7/DIODE                         1.000000    1.166807   -0.166807 (VIOLATED)
ANTENNA_1/DIODE                         1.000000    1.166793   -0.166793 (VIOLATED)
_02_/X                                  1.000000    1.166781   -0.166781 (VIOLATED)
i_soc.i_ai_sram.u_sram.gen_bank[6].gen_512.u_macro/din0[23]    1.000000    1.166662   -0.166662 (VIOLATED)
ANTENNA_i_soc.i_ai_sram.u_sram._584__B/DIODE    1.000000    1.164934   -0.164934 (VIOLATED)
i_soc.i_ai_sram.u_sram._584_/B          1.000000    1.164934   -0.164934 (VIOLATED)
i_soc.i_ai_sram.u_sram.gen_bank[6].gen_512.u_macro/din0[5]    1.000000    1.164820   -0.164820 (VIOLATED)
i_soc.i_qspi._10775_/A0                 1.000000    1.164794   -0.164794 (VIOLATED)
ANTENNA_i_soc.i_qspi._10775__A0/DIODE    1.000000    1.164789   -0.164789 (VIOLATED)
i_soc.i_qspi._10843_/A0                 1.000000    1.164787   -0.164787 (VIOLATED)
i_soc.i_qspi._10809_/A0                 1.000000    1.164785   -0.164785 (VIOLATED)
ANTENNA_i_soc.i_qspi._10809__A0/DIODE    1.000000    1.164783   -0.164783 (VIOLATED)
ANTENNA_i_soc.i_qspi._10843__A0/DIODE    1.000000    1.164783   -0.164783 (VIOLATED)
i_soc.i_qspi._12804_/A1                 1.000000    1.164781   -0.164781 (VIOLATED)
i_soc.i_qspi._10877_/A0                 1.000000    1.164776   -0.164776 (VIOLATED)
ANTENNA_i_soc.i_qspi._10877__A0/DIODE    1.000000    1.164775   -0.164776 (VIOLATED)
i_soc.i_qspi._12837_/A1                 1.000000    1.164775   -0.164775 (VIOLATED)
ANTENNA_i_soc.i_qspi._12837__A1/DIODE    1.000000    1.164771   -0.164771 (VIOLATED)
ANTENNA_i_soc.i_qspi._12804__A1/DIODE    1.000000    1.164769   -0.164769 (VIOLATED)
i_soc.i_qspi._10911_/A0                 1.000000    1.164746   -0.164746 (VIOLATED)
ANTENNA_i_soc.i_qspi._10911__A0/DIODE    1.000000    1.164704   -0.164704 (VIOLATED)
i_soc.i_qspi._12738_/A0                 1.000000    1.164630   -0.164630 (VIOLATED)
ANTENNA_i_soc.i_qspi._12738__A0/DIODE    1.000000    1.164596   -0.164596 (VIOLATED)
i_soc.i_qspi._10945_/A0                 1.000000    1.164561   -0.164561 (VIOLATED)
ANTENNA_i_soc.i_qspi._10945__A0/DIODE    1.000000    1.164557   -0.164557 (VIOLATED)
i_soc.i_qspi._12771_/A0                 1.000000    1.164553   -0.164553 (VIOLATED)
ANTENNA_i_soc.i_qspi._12771__A0/DIODE    1.000000    1.164549   -0.164549 (VIOLATED)
ANTENNA_22/DIODE                        1.000000    1.164542   -0.164542 (VIOLATED)
ANTENNA_20/DIODE                        1.000000    1.164526   -0.164527 (VIOLATED)
ANTENNA_18/DIODE                        1.000000    1.164513   -0.164513 (VIOLATED)
i_soc.i_qspi._12573_/A0                 1.000000    1.164513   -0.164513 (VIOLATED)
ANTENNA_i_soc.i_ai_sram.u_sram._622__X/DIODE    1.000000    1.164504   -0.164504 (VIOLATED)
ANTENNA_19/DIODE                        1.000000    1.164494   -0.164494 (VIOLATED)
ANTENNA_21/DIODE                        1.000000    1.164494   -0.164494 (VIOLATED)
ANTENNA_17/DIODE                        1.000000    1.164478   -0.164478 (VIOLATED)
ANTENNA_i_soc.i_qspi._12573__A0/DIODE    1.000000    1.164468   -0.164468 (VIOLATED)
i_soc.i_ai_sram.u_sram._622_/X          1.000000    1.164454   -0.164454 (VIOLATED)
i_soc.i_qspi._11843_/A0                 1.000000    1.164366   -0.164366 (VIOLATED)
ANTENNA_i_soc.i_qspi._11843__A0/DIODE    1.000000    1.164365   -0.164365 (VIOLATED)
i_soc.i_qspi._12210_/A0                 1.000000    1.164347   -0.164347 (VIOLATED)
ANTENNA_i_soc.i_qspi._12210__A0/DIODE    1.000000    1.164346   -0.164346 (VIOLATED)
i_soc.i_qspi._11478_/A0                 1.000000    1.164315   -0.164315 (VIOLATED)
ANTENNA_i_soc.i_qspi._11478__A0/DIODE    1.000000    1.164300   -0.164300 (VIOLATED)
i_soc.i_qspi._11113_/A1                 1.000000    1.164273   -0.164273 (VIOLATED)
ANTENNA_i_soc.i_qspi._11113__A1/DIODE    1.000000    1.164272   -0.164272 (VIOLATED)
i_soc.i_qspi._10726_/A1                 1.000000    1.164271   -0.164271 (VIOLATED)
ANTENNA_i_soc.i_qspi._10726__A1/DIODE    1.000000    1.164264   -0.164264 (VIOLATED)
i_soc.i_qspi._11080_/A0                 1.000000    1.164234   -0.164234 (VIOLATED)
ANTENNA_i_soc.i_qspi._11080__A0/DIODE    1.000000    1.164172   -0.164172 (VIOLATED)
ANTENNA_i_soc.i_qspi._12371__A0/DIODE    1.000000    1.164162   -0.164162 (VIOLATED)
i_soc.i_qspi._12371_/A0                 1.000000    1.164162   -0.164162 (VIOLATED)
i_soc.i_qspi._12239_/A0                 1.000000    1.164161   -0.164161 (VIOLATED)
ANTENNA_i_soc.i_qspi._12239__A0/DIODE    1.000000    1.164159   -0.164159 (VIOLATED)
ANTENNA_i_soc.i_qspi._12272__A0/DIODE    1.000000    1.164155   -0.164155 (VIOLATED)
i_soc.i_qspi._12272_/A0                 1.000000    1.164155   -0.164155 (VIOLATED)
i_soc.i_qspi._12437_/A1                 1.000000    1.164154   -0.164154 (VIOLATED)
ANTENNA_i_soc.i_qspi._12437__A1/DIODE    1.000000    1.164154   -0.164154 (VIOLATED)
ANTENNA_i_soc.i_qspi._12470__A1/DIODE    1.000000    1.164153   -0.164153 (VIOLATED)
i_soc.i_qspi._12470_/A1                 1.000000    1.164153   -0.164152 (VIOLATED)
ANTENNA_i_soc.i_qspi._12536__A0/DIODE    1.000000    1.164152   -0.164152 (VIOLATED)
ANTENNA_i_soc.i_qspi._12503__A0/DIODE    1.000000    1.164146   -0.164146 (VIOLATED)
ANTENNA_i_soc.i_qspi._12140__A1/DIODE    1.000000    1.164145   -0.164145 (VIOLATED)
i_soc.i_qspi._12140_/A1                 1.000000    1.164140   -0.164140 (VIOLATED)
i_soc.i_qspi._12536_/A0                 1.000000    1.164140   -0.164140 (VIOLATED)
ANTENNA_i_soc.i_qspi._12173__A1/DIODE    1.000000    1.164138   -0.164138 (VIOLATED)
i_soc.i_qspi._12173_/A1                 1.000000    1.164137   -0.164137 (VIOLATED)
i_soc.i_qspi._12503_/A0                 1.000000    1.164137   -0.164137 (VIOLATED)
ANTENNA_i_soc.i_qspi._12338__A0/DIODE    1.000000    1.164121   -0.164121 (VIOLATED)
i_soc.i_qspi._12404_/A0                 1.000000    1.164116   -0.164116 (VIOLATED)
ANTENNA_i_soc.i_qspi._12404__A0/DIODE    1.000000    1.164114   -0.164114 (VIOLATED)
i_soc.i_qspi._12338_/A0                 1.000000    1.164113   -0.164113 (VIOLATED)
ANTENNA_i_soc.i_qspi._12305__A0/DIODE    1.000000    1.164111   -0.164111 (VIOLATED)
i_soc.i_qspi._12305_/A0                 1.000000    1.164106   -0.164106 (VIOLATED)
i_soc.i_qspi._11179_/A0                 1.000000    1.164101   -0.164101 (VIOLATED)
ANTENNA_i_soc.i_qspi._11146__A0/DIODE    1.000000    1.164064   -0.164064 (VIOLATED)
i_soc.i_qspi._11146_/A0                 1.000000    1.164064   -0.164064 (VIOLATED)
i_soc.i_qspi._12668_/A0                 1.000000    1.164062   -0.164063 (VIOLATED)
ANTENNA_i_soc.i_qspi._12668__A0/DIODE    1.000000    1.164058   -0.164058 (VIOLATED)
ANTENNA_i_soc.i_qspi._11179__A0/DIODE    1.000000    1.164056   -0.164056 (VIOLATED)
i_soc.i_qspi._12701_/A0                 1.000000    1.164051   -0.164051 (VIOLATED)
ANTENNA_i_soc.i_qspi._12701__A0/DIODE    1.000000    1.164047   -0.164047 (VIOLATED)
ANTENNA_i_soc.i_qspi._12602__A0/DIODE    1.000000    1.164038   -0.164038 (VIOLATED)
i_soc.i_qspi._12602_/A0                 1.000000    1.164038   -0.164038 (VIOLATED)
i_soc.i_qspi._11047_/A0                 1.000000    1.164027   -0.164027 (VIOLATED)
ANTENNA_i_soc.i_qspi._12635__A0/DIODE    1.000000    1.164027   -0.164027 (VIOLATED)
i_soc.i_qspi._12635_/A0                 1.000000    1.164027   -0.164027 (VIOLATED)
ANTENNA_i_soc.i_qspi._11047__A0/DIODE    1.000000    1.164025   -0.164025 (VIOLATED)
ANTENNA_i_soc.i_qspi._11076__A0/DIODE    1.000000    1.164015   -0.164015 (VIOLATED)
i_soc.i_qspi._11076_/A0                 1.000000    1.164015   -0.164015 (VIOLATED)
i_soc.i_qspi._11043_/A0                 1.000000    1.164013   -0.164013 (VIOLATED)
ANTENNA_i_soc.i_qspi._11043__A0/DIODE    1.000000    1.164011   -0.164011 (VIOLATED)
ANTENNA_i_soc.i_qspi._11010__A1/DIODE    1.000000    1.164006   -0.164006 (VIOLATED)
i_soc.i_qspi._11342_/A0                 1.000000    1.164006   -0.164006 (VIOLATED)
i_soc.i_qspi._11010_/A1                 1.000000    1.164005   -0.164005 (VIOLATED)
ANTENNA_i_soc.i_qspi._11342__A0/DIODE    1.000000    1.164005   -0.164005 (VIOLATED)
i_soc.i_qspi._10976_/A1                 1.000000    1.163998   -0.163998 (VIOLATED)
ANTENNA_i_soc.i_qspi._10976__A1/DIODE    1.000000    1.163993   -0.163993 (VIOLATED)
i_soc.i_qspi._11375_/A0                 1.000000    1.163987   -0.163987 (VIOLATED)
ANTENNA_i_soc.i_qspi._11375__A0/DIODE    1.000000    1.163986   -0.163986 (VIOLATED)
i_soc.i_qspi._11241_/A0                 1.000000    1.163984   -0.163984 (VIOLATED)
ANTENNA_i_soc.i_qspi._11241__A0/DIODE    1.000000    1.163984   -0.163984 (VIOLATED)
i_soc.i_qspi._11208_/A0                 1.000000    1.163984   -0.163984 (VIOLATED)
ANTENNA_i_soc.i_qspi._11212__A0/DIODE    1.000000    1.163983   -0.163983 (VIOLATED)
ANTENNA_i_soc.i_qspi._11208__A0/DIODE    1.000000    1.163973   -0.163973 (VIOLATED)
ANTENNA_i_soc.i_qspi._11309__A1/DIODE    1.000000    1.163967   -0.163967 (VIOLATED)
i_soc.i_qspi._11142_/A0                 1.000000    1.163961   -0.163961 (VIOLATED)
ANTENNA_i_soc.i_qspi._11142__A0/DIODE    1.000000    1.163954   -0.163954 (VIOLATED)
i_soc.i_qspi._11309_/A1                 1.000000    1.163953   -0.163953 (VIOLATED)
i_soc.i_qspi._11175_/A0                 1.000000    1.163950   -0.163950 (VIOLATED)
ANTENNA_i_soc.i_qspi._11175__A0/DIODE    1.000000    1.163944   -0.163944 (VIOLATED)
ANTENNA_i_soc.i_qspi._11014__A1/DIODE    1.000000    1.163925   -0.163925 (VIOLATED)
i_soc.i_qspi._11014_/A1                 1.000000    1.163925   -0.163925 (VIOLATED)
ANTENNA_i_soc.i_qspi._11276__A1/DIODE    1.000000    1.163925   -0.163925 (VIOLATED)
i_soc.i_qspi._11212_/A0                 1.000000    1.163917   -0.163917 (VIOLATED)
ANTENNA_i_soc.i_qspi._11441__A0/DIODE    1.000000    1.163917   -0.163917 (VIOLATED)
i_soc.i_qspi._11276_/A1                 1.000000    1.163917   -0.163917 (VIOLATED)
i_soc.i_qspi._11441_/A0                 1.000000    1.163917   -0.163917 (VIOLATED)
ANTENNA_i_soc.i_qspi._11408__A0/DIODE    1.000000    1.163912   -0.163912 (VIOLATED)
i_soc.i_qspi._11245_/A0                 1.000000    1.163912   -0.163912 (VIOLATED)
i_soc.i_qspi._11408_/A0                 1.000000    1.163912   -0.163912 (VIOLATED)
i_soc.i_qspi._11540_/A0                 1.000000    1.163910   -0.163910 (VIOLATED)
ANTENNA_i_soc.i_qspi._11245__A0/DIODE    1.000000    1.163910   -0.163910 (VIOLATED)
ANTENNA_i_soc.i_qspi._11540__A0/DIODE    1.000000    1.163910   -0.163910 (VIOLATED)
ANTENNA_i_soc.i_qspi._11507__A0/DIODE    1.000000    1.163909   -0.163909 (VIOLATED)
i_soc.i_qspi._11507_/A0                 1.000000    1.163903   -0.163903 (VIOLATED)
ANTENNA_fanout1470_X/DIODE              1.000000    1.163902   -0.163902 (VIOLATED)
fanout1470/X                            1.000000    1.163900   -0.163900 (VIOLATED)
i_soc.i_qspi._10980_/A1                 1.000000    1.163794   -0.163794 (VIOLATED)
ANTENNA_i_soc.i_qspi._10980__A1/DIODE    1.000000    1.163778   -0.163778 (VIOLATED)
i_soc.i_ai_sram.u_sram.gen_bank[2].gen_512.u_macro/din0[4]    1.000000    1.163668   -0.163668 (VIOLATED)
ANTENNA_i_soc.i_qspi._11445__A0/DIODE    1.000000    1.163537   -0.163537 (VIOLATED)
ANTENNA_i_soc.i_instr_sram.u_sram.gen_bank[0].gen_512.u_macro_din0[3]/DIODE    1.000000    1.163449   -0.163449 (VIOLATED)
i_soc.i_qspi._11445_/A0                 1.000000    1.163432   -0.163432 (VIOLATED)
ANTENNA_i_soc.i_qspi._11412__A0/DIODE    1.000000    1.163380   -0.163380 (VIOLATED)
i_soc.i_qspi._11412_/A0                 1.000000    1.163380   -0.163380 (VIOLATED)
i_soc.i_qspi._11379_/A0                 1.000000    1.163325   -0.163325 (VIOLATED)
ANTENNA_i_soc.i_qspi._11346__A0/DIODE    1.000000    1.163283   -0.163283 (VIOLATED)
ANTENNA_i_soc.i_qspi._11511__A0/DIODE    1.000000    1.163267   -0.163267 (VIOLATED)
i_soc.i_qspi._11511_/A0                 1.000000    1.163266   -0.163266 (VIOLATED)
ANTENNA_i_soc.i_qspi._11544__A0/DIODE    1.000000    1.163266   -0.163266 (VIOLATED)
i_soc.i_qspi._11544_/A0                 1.000000    1.163265   -0.163266 (VIOLATED)
i_soc.i_qspi._11346_/A0                 1.000000    1.163262   -0.163262 (VIOLATED)
ANTENNA_i_soc.i_qspi._11379__A0/DIODE    1.000000    1.163225   -0.163225 (VIOLATED)
i_soc.i_qspi._11313_/A1                 1.000000    1.163218   -0.163218 (VIOLATED)
ANTENNA_i_soc.i_qspi._11313__A1/DIODE    1.000000    1.163217   -0.163217 (VIOLATED)
ANTENNA_i_soc.i_qspi._11280__A1/DIODE    1.000000    1.163212   -0.163212 (VIOLATED)
i_soc.i_qspi._11280_/A1                 1.000000    1.163212   -0.163212 (VIOLATED)
ANTENNA_fanout1186_X/DIODE              1.000000    1.163204   -0.163204 (VIOLATED)
fanout1186/X                            1.000000    1.163202   -0.163202 (VIOLATED)
i_soc.i_gpio._220_/D                    1.000000    1.162927   -0.162927 (VIOLATED)
ANTENNA_i_soc.i_gpio._220__D/DIODE      1.000000    1.162912   -0.162912 (VIOLATED)
i_soc.i_ai_sram.u_sram.gen_bank[5].gen_512.u_macro/din0[31]    1.000000    1.161100   -0.161100 (VIOLATED)
ANTENNA_i_soc.i_ai_sram.u_sram.gen_bank[5].gen_512.u_macro_din0[29]/DIODE    1.000000    1.160552   -0.160552 (VIOLATED)
i_soc.i_ai_sram.u_sram.gen_bank[10].gen_512.u_macro/din0[24]    1.000000    1.160061   -0.160061 (VIOLATED)
ANTENNA_i_soc.i_instr_sram.u_sram.gen_bank[2].gen_512.u_macro_din0[30]/DIODE    1.000000    1.159901   -0.159901 (VIOLATED)
i_soc.i_ai_sram.u_sram.gen_bank[8].gen_512.u_macro/din0[19]    1.000000    1.159693   -0.159693 (VIOLATED)
ANTENNA_159/DIODE                       1.000000    1.159600   -0.159600 (VIOLATED)
ANTENNA_i_soc.i_ai_sram.u_sram.gen_bank[4].gen_512.u_macro_din0[25]/DIODE    1.000000    1.159538   -0.159538 (VIOLATED)
i_soc.i_ai_sram.u_sram.gen_bank[6].gen_512.u_macro/din0[21]    1.000000    1.159443   -0.159443 (VIOLATED)
ANTENNA_157/DIODE                       1.000000    1.159427   -0.159427 (VIOLATED)
ANTENNA_154/DIODE                       1.000000    1.159381   -0.159381 (VIOLATED)
ANTENNA_155/DIODE                       1.000000    1.159363   -0.159363 (VIOLATED)
ANTENNA_156/DIODE                       1.000000    1.159363   -0.159363 (VIOLATED)
ANTENNA_158/DIODE                       1.000000    1.159363   -0.159363 (VIOLATED)
ANTENNA_153/DIODE                       1.000000    1.159363   -0.159363 (VIOLATED)
ANTENNA_i_soc.i_ai_sram.u_sram._473__X/DIODE    1.000000    1.159267   -0.159267 (VIOLATED)
i_soc.i_ai_sram.u_sram._473_/X          1.000000    1.159196   -0.159196 (VIOLATED)
ANTENNA_i_soc.i_ai_sram.u_sram._638__X/DIODE    1.000000    1.158880   -0.158880 (VIOLATED)
i_soc.i_ai_sram.u_sram._638_/X          1.000000    1.158863   -0.158863 (VIOLATED)
i_soc.i_ai_sram.u_sram.gen_bank[8].gen_512.u_macro/din0[20]    1.000000    1.158123   -0.158123 (VIOLATED)
i_soc.i_ai_accel._18042_/A2             1.000000    1.157902   -0.157902 (VIOLATED)
ANTENNA_i_soc.i_ai_accel._18042__A2/DIODE    1.000000    1.157872   -0.157872 (VIOLATED)
ANTENNA_i_soc.i_instr_sram.u_sram.gen_bank[0].gen_512.u_macro_din0[19]/DIODE    1.000000    1.157598   -0.157598 (VIOLATED)
i_soc.i_ai_sram.u_sram.gen_bank[3].gen_512.u_macro/addr1[7]    0.040000    0.197471   -0.157471 (VIOLATED)
ANTENNA_i_soc.i_instr_sram.u_sram.gen_bank[0].gen_512.u_macro_din0[1]/DIODE    1.000000    1.156966   -0.156966 (VIOLATED)
ANTENNA_i_soc.i_ai_sram.u_sram.gen_bank[0].gen_512.u_macro_din0[15]/DIODE    1.000000    1.156962   -0.156962 (VIOLATED)
ANTENNA_i_soc.i_data_sram.u_sram.gen_bank[1].gen_512.u_macro_din0[6]/DIODE    1.000000    1.156678   -0.156678 (VIOLATED)
i_soc.i_ai_sram.u_sram.gen_bank[8].gen_512.u_macro/din0[8]    1.000000    1.156332   -0.156332 (VIOLATED)
ANTENNA_i_soc.i_instr_sram.u_sram.gen_bank[0].gen_512.u_macro_din0[10]/DIODE    1.000000    1.156271   -0.156271 (VIOLATED)
i_soc.i_ai_sram.u_sram.gen_bank[2].gen_512.u_macro/din0[12]    1.000000    1.156006   -0.156006 (VIOLATED)
i_soc.i_ai_sram.u_sram.gen_bank[3].gen_512.u_macro/addr1[8]    0.040000    0.195977   -0.155977 (VIOLATED)
i_soc.i_ai_sram.u_sram.gen_bank[3].gen_512.u_macro/addr1[0]    0.040000    0.195814   -0.155814 (VIOLATED)
ANTENNA_i_soc.i_instr_sram.u_sram.gen_bank[0].gen_512.u_macro_din0[25]/DIODE    1.000000    1.155469   -0.155469 (VIOLATED)
i_soc.i_ai_sram.u_sram.gen_bank[1].gen_512.u_macro/addr1[7]    0.040000    0.192970   -0.152970 (VIOLATED)
i_soc.i_ai_sram.u_sram.gen_bank[8].gen_512.u_macro/din0[3]    1.000000    1.152563   -0.152563 (VIOLATED)
i_soc.i_ai_sram.u_sram.gen_bank[3].gen_512.u_macro/din0[5]    1.000000    1.151445   -0.151445 (VIOLATED)
i_soc.i_ai_sram.u_sram.gen_bank[2].gen_512.u_macro/din0[16]    1.000000    1.150959   -0.150959 (VIOLATED)
i_soc.i_ai_sram.u_sram.gen_bank[2].gen_512.u_macro/addr1[7]    0.040000    0.190854   -0.150854 (VIOLATED)
i_soc.i_ai_sram.u_sram.gen_bank[3].gen_512.u_macro/din0[26]    1.000000    1.150097   -0.150097 (VIOLATED)
i_soc.i_ai_sram.u_sram.gen_bank[2].gen_512.u_macro/addr1[8]    0.040000    0.190058   -0.150058 (VIOLATED)
output33/A                              1.000000    1.149904   -0.149904 (VIOLATED)
ANTENNA_output33_A/DIODE                1.000000    1.149878   -0.149878 (VIOLATED)
i_soc.i_ai_sram.u_sram.gen_bank[9].gen_512.u_macro/din0[29]    1.000000    1.149702   -0.149702 (VIOLATED)
i_soc.i_ai_sram.u_sram.gen_bank[1].gen_512.u_macro/addr1[8]    0.040000    0.189390   -0.149390 (VIOLATED)
ANTENNA_i_soc.i_ai_sram.u_sram.gen_bank[4].gen_512.u_macro_din0[18]/DIODE    1.000000    1.149198   -0.149198 (VIOLATED)
i_soc.i_ai_sram.u_sram._485_/B          1.000000    1.149146   -0.149146 (VIOLATED)
ANTENNA_i_soc.i_ai_sram.u_sram._485__B/DIODE    1.000000    1.149141   -0.149141 (VIOLATED)
i_soc.i_ai_sram.u_sram.gen_bank[3].gen_512.u_macro/din0[7]    1.000000    1.148438   -0.148438 (VIOLATED)
ANTENNA_i_soc.i_data_sram.u_sram.gen_bank[3].gen_512.u_macro_din0[2]/DIODE    1.000000    1.146223   -0.146223 (VIOLATED)
ANTENNA_i_soc.i_ai_sram.u_sram.gen_bank[4].gen_512.u_macro_din0[13]/DIODE    1.000000    1.145648   -0.145648 (VIOLATED)
ANTENNA_i_soc.i_ai_sram.u_sram._606__B/DIODE    1.000000    1.145477   -0.145477 (VIOLATED)
i_soc.i_ai_sram.u_sram._606_/B          1.000000    1.145477   -0.145477 (VIOLATED)
load_slew751/A                          1.000000    1.145002   -0.145002 (VIOLATED)
ANTENNA_load_slew751_A/DIODE            1.000000    1.144940   -0.144940 (VIOLATED)
ANTENNA_i_soc.i_ai_sram.u_sram.gen_bank[0].gen_512.u_macro_din0[12]/DIODE    1.000000    1.143484   -0.143484 (VIOLATED)
ANTENNA_i_soc.i_ai_sram.u_sram._484__X/DIODE    1.000000    1.143269   -0.143269 (VIOLATED)
i_soc.i_ai_sram.u_sram._484_/X          1.000000    1.143219   -0.143219 (VIOLATED)
ANTENNA_i_soc.i_data_sram.u_sram.gen_bank[1].gen_512.u_macro_din0[14]/DIODE    1.000000    1.143134   -0.143134 (VIOLATED)
i_soc.i_ai_sram.u_sram.gen_bank[8].gen_512.u_macro/din0[7]    1.000000    1.141986   -0.141987 (VIOLATED)
ANTENNA_i_soc.i_instr_sram.u_sram.gen_bank[1].gen_512.u_macro_din0[25]/DIODE    1.000000    1.141709   -0.141709 (VIOLATED)
ANTENNA_i_soc.i_crossbar._1629__X/DIODE    1.000000    1.141521   -0.141521 (VIOLATED)
i_soc.i_crossbar._1629_/X               1.000000    1.141489   -0.141489 (VIOLATED)
i_soc.i_ai_accel._17424_/A2             1.000000    1.140537   -0.140537 (VIOLATED)
ANTENNA_i_soc.i_ai_accel._17424__A2/DIODE    1.000000    1.140523   -0.140523 (VIOLATED)
i_soc.i_ai_accel._11413_/D              1.000000    1.140510   -0.140510 (VIOLATED)
ANTENNA_i_soc.i_ai_accel._11413__D/DIODE    1.000000    1.140508   -0.140508 (VIOLATED)
i_soc.i_ai_accel._17279_/B              1.000000    1.140506   -0.140506 (VIOLATED)
i_soc.i_ai_accel._17283_/A3             1.000000    1.140506   -0.140505 (VIOLATED)
ANTENNA_i_soc.i_ai_accel._17279__B/DIODE    1.000000    1.140505   -0.140505 (VIOLATED)
ANTENNA_i_soc.i_ai_accel._17283__A3/DIODE    1.000000    1.140504   -0.140504 (VIOLATED)
i_soc.i_ai_accel._11412_/B              1.000000    1.140501   -0.140501 (VIOLATED)
ANTENNA_i_soc.i_ai_accel._11412__B/DIODE    1.000000    1.140494   -0.140494 (VIOLATED)
i_soc.i_ai_accel._17464_/A2             1.000000    1.140494   -0.140494 (VIOLATED)
i_soc.i_ai_accel._17429_/A2             1.000000    1.140462   -0.140462 (VIOLATED)
i_soc.i_ai_accel._17468_/B1             1.000000    1.140454   -0.140454 (VIOLATED)
ANTENNA_i_soc.i_ai_accel._17468__B1/DIODE    1.000000    1.140443   -0.140443 (VIOLATED)
ANTENNA_i_soc.i_ai_accel._17429__A2/DIODE    1.000000    1.140424   -0.140424 (VIOLATED)
ANTENNA_i_soc.i_ai_accel._17437__A2/DIODE    1.000000    1.140422   -0.140422 (VIOLATED)
i_soc.i_ai_accel._17437_/A2             1.000000    1.140422   -0.140422 (VIOLATED)
i_soc.i_ai_accel._17415_/A2             1.000000    1.140419   -0.140419 (VIOLATED)
ANTENNA_i_soc.i_ai_accel._17415__A2/DIODE    1.000000    1.140399   -0.140399 (VIOLATED)
ANTENNA_i_soc.i_ai_accel._17464__A2/DIODE    1.000000    1.140389   -0.140389 (VIOLATED)
i_soc.i_ai_accel._17453_/A2             1.000000    1.140389   -0.140389 (VIOLATED)
ANTENNA_i_soc.i_ai_accel._17453__A2/DIODE    1.000000    1.140384   -0.140384 (VIOLATED)
i_soc.i_ai_accel._17445_/A2             1.000000    1.140378   -0.140378 (VIOLATED)
ANTENNA_i_soc.i_ai_accel._17445__A2/DIODE    1.000000    1.140371   -0.140371 (VIOLATED)
ANTENNA_i_soc.i_ai_accel._11411__Y/DIODE    1.000000    1.140360   -0.140360 (VIOLATED)
i_soc.i_ai_accel._11411_/Y              1.000000    1.140357   -0.140357 (VIOLATED)
i_soc.i_ai_sram.u_sram.gen_bank[3].gen_512.u_macro/din0[16]    1.000000    1.140047   -0.140047 (VIOLATED)
ANTENNA_i_soc.i_instr_sram.u_sram.gen_bank[2].gen_512.u_macro_din0[9]/DIODE    1.000000    1.137909   -0.137909 (VIOLATED)
ANTENNA_i_soc.i_data_sram.u_sram.gen_bank[2].gen_512.u_macro_din0[10]/DIODE    1.000000    1.137582   -0.137582 (VIOLATED)
i_soc.i_ai_sram.u_sram.gen_bank[2].gen_512.u_macro/din0[20]    1.000000    1.137515   -0.137515 (VIOLATED)
i_soc.i_ai_sram.u_sram.gen_bank[2].gen_512.u_macro/din0[17]    1.000000    1.136850   -0.136851 (VIOLATED)
output30/A                              1.000000    1.136506   -0.136506 (VIOLATED)
ANTENNA_output30_A/DIODE                1.000000    1.136479   -0.136479 (VIOLATED)
ANTENNA_i_soc.i_instr_sram.u_sram.gen_bank[0].gen_512.u_macro_din0[8]/DIODE    1.000000    1.136265   -0.136265 (VIOLATED)
ANTENNA_i_soc.i_ai_sram.u_sram.gen_bank[0].gen_512.u_macro_din0[23]/DIODE    1.000000    1.136186   -0.136186 (VIOLATED)
ANTENNA_i_soc.i_instr_sram.u_sram.gen_bank[3].gen_512.u_macro_din0[15]/DIODE    1.000000    1.135912   -0.135912 (VIOLATED)
ANTENNA_i_soc.i_crossbar._1196__X/DIODE    1.000000    1.135664   -0.135664 (VIOLATED)
ANTENNA_i_soc.i_data_sram.u_sram.gen_bank[0].gen_512.u_macro_din0[10]/DIODE    1.000000    1.135625   -0.135625 (VIOLATED)
i_soc.i_qspi._11801_/A0                 1.000000    1.135499   -0.135499 (VIOLATED)
i_soc.i_qspi._11768_/A0                 1.000000    1.135499   -0.135499 (VIOLATED)
ANTENNA_i_soc.i_qspi._11801__A0/DIODE    1.000000    1.135496   -0.135496 (VIOLATED)
ANTENNA_i_soc.i_qspi._11768__A0/DIODE    1.000000    1.135493   -0.135493 (VIOLATED)
ANTENNA_i_soc.i_qspi._11702__A0/DIODE    1.000000    1.135489   -0.135489 (VIOLATED)
i_soc.i_qspi._11702_/A0                 1.000000    1.135488   -0.135488 (VIOLATED)
i_soc.i_qspi._11735_/A0                 1.000000    1.135487   -0.135487 (VIOLATED)
ANTENNA_i_soc.i_qspi._11735__A0/DIODE    1.000000    1.135481   -0.135481 (VIOLATED)
i_soc.i_qspi._11636_/A0                 1.000000    1.135471   -0.135471 (VIOLATED)
i_soc.i_qspi._12001_/A0                 1.000000    1.135470   -0.135470 (VIOLATED)
ANTENNA_i_soc.i_qspi._12001__A0/DIODE    1.000000    1.135469   -0.135469 (VIOLATED)
i_soc.i_qspi._12034_/A0                 1.000000    1.135469   -0.135469 (VIOLATED)
ANTENNA_i_soc.i_qspi._12034__A0/DIODE    1.000000    1.135469   -0.135469 (VIOLATED)
ANTENNA_i_soc.i_qspi._12100__A0/DIODE    1.000000    1.135469   -0.135469 (VIOLATED)
i_soc.i_qspi._11669_/A0                 1.000000    1.135469   -0.135469 (VIOLATED)
i_soc.i_qspi._12100_/A0                 1.000000    1.135469   -0.135469 (VIOLATED)
ANTENNA_i_soc.i_qspi._11669__A0/DIODE    1.000000    1.135468   -0.135469 (VIOLATED)
ANTENNA_i_soc.i_qspi._11636__A0/DIODE    1.000000    1.135466   -0.135466 (VIOLATED)
ANTENNA_i_soc.i_qspi._11570__A1/DIODE    1.000000    1.135463   -0.135463 (VIOLATED)
i_soc.i_qspi._11570_/A1                 1.000000    1.135463   -0.135463 (VIOLATED)
i_soc.i_qspi._12067_/A0                 1.000000    1.135463   -0.135463 (VIOLATED)
ANTENNA_i_soc.i_qspi._12067__A0/DIODE    1.000000    1.135458   -0.135458 (VIOLATED)
i_soc.i_qspi._11603_/A1                 1.000000    1.135450   -0.135450 (VIOLATED)
i_soc.i_qspi._11935_/A0                 1.000000    1.135448   -0.135448 (VIOLATED)
ANTENNA_i_soc.i_qspi._11968__A0/DIODE    1.000000    1.135447   -0.135447 (VIOLATED)
ANTENNA_i_soc.i_qspi._11603__A1/DIODE    1.000000    1.135447   -0.135447 (VIOLATED)
ANTENNA_i_soc.i_qspi._11935__A0/DIODE    1.000000    1.135447   -0.135447 (VIOLATED)
i_soc.i_qspi._11968_/A0                 1.000000    1.135441   -0.135441 (VIOLATED)
i_soc.i_crossbar._1196_/X               1.000000    1.135435   -0.135435 (VIOLATED)
ANTENNA_i_soc.i_qspi._11104__A1/DIODE    1.000000    1.135393   -0.135393 (VIOLATED)
i_soc.i_qspi._11104_/A1                 1.000000    1.135393   -0.135393 (VIOLATED)
ANTENNA_i_soc.i_qspi._11834__A0/DIODE    1.000000    1.135393   -0.135393 (VIOLATED)
i_soc.i_qspi._11834_/A0                 1.000000    1.135391   -0.135391 (VIOLATED)
i_soc.i_qspi._11469_/A0                 1.000000    1.135389   -0.135389 (VIOLATED)
i_soc.i_qspi._11902_/A1                 1.000000    1.135388   -0.135388 (VIOLATED)
ANTENNA_i_soc.i_qspi._11469__A0/DIODE    1.000000    1.135388   -0.135387 (VIOLATED)
i_soc.i_qspi._12729_/A0                 1.000000    1.135384   -0.135384 (VIOLATED)
ANTENNA_i_soc.i_qspi._12729__A0/DIODE    1.000000    1.135384   -0.135384 (VIOLATED)
i_soc.i_qspi._12762_/A0                 1.000000    1.135383   -0.135383 (VIOLATED)
i_soc.i_qspi._11869_/A1                 1.000000    1.135382   -0.135382 (VIOLATED)
ANTENNA_i_soc.i_qspi._12762__A0/DIODE    1.000000    1.135382   -0.135382 (VIOLATED)
ANTENNA_i_soc.i_qspi._11869__A1/DIODE    1.000000    1.135381   -0.135381 (VIOLATED)
i_soc.i_qspi._12564_/A0                 1.000000    1.135381   -0.135381 (VIOLATED)
ANTENNA_i_soc.i_qspi._11902__A1/DIODE    1.000000    1.135380   -0.135380 (VIOLATED)
ANTENNA_i_soc.i_qspi._12564__A0/DIODE    1.000000    1.135379   -0.135379 (VIOLATED)
i_soc.i_qspi._12201_/A0                 1.000000    1.135374   -0.135374 (VIOLATED)
ANTENNA_i_soc.i_qspi._12201__A0/DIODE    1.000000    1.135369   -0.135369 (VIOLATED)
i_soc.i_qspi._10708_/A1                 1.000000    1.135360   -0.135360 (VIOLATED)
ANTENNA_i_soc.i_qspi._10708__A1/DIODE    1.000000    1.135356   -0.135356 (VIOLATED)
i_soc.i_qspi._10902_/A0                 1.000000    1.135345   -0.135345 (VIOLATED)
ANTENNA_i_soc.i_qspi._10902__A0/DIODE    1.000000    1.135344   -0.135344 (VIOLATED)
ANTENNA_fanout1484_X/DIODE              1.000000    1.135337   -0.135337 (VIOLATED)
i_soc.i_qspi._12828_/A1                 1.000000    1.135337   -0.135337 (VIOLATED)
ANTENNA_i_soc.i_qspi._10834__A0/DIODE    1.000000    1.135337   -0.135337 (VIOLATED)
ANTENNA_i_soc.i_qspi._12828__A1/DIODE    1.000000    1.135336   -0.135336 (VIOLATED)
i_soc.i_qspi._10834_/A0                 1.000000    1.135337   -0.135337 (VIOLATED)
i_soc.i_qspi._10868_/A0                 1.000000    1.135336   -0.135336 (VIOLATED)
i_soc.i_qspi._12795_/A1                 1.000000    1.135336   -0.135336 (VIOLATED)
ANTENNA_i_soc.i_qspi._10868__A0/DIODE    1.000000    1.135336   -0.135336 (VIOLATED)
ANTENNA_i_soc.i_qspi._12795__A1/DIODE    1.000000    1.135336   -0.135336 (VIOLATED)
ANTENNA_i_soc.i_qspi._10766__A0/DIODE    1.000000    1.135335   -0.135335 (VIOLATED)
ANTENNA_i_soc.i_qspi._10800__A0/DIODE    1.000000    1.135335   -0.135335 (VIOLATED)
ANTENNA_i_soc.i_qspi._10936__A0/DIODE    1.000000    1.135335   -0.135335 (VIOLATED)
fanout1484/X                            1.000000    1.135335   -0.135335 (VIOLATED)
i_soc.i_qspi._10766_/A0                 1.000000    1.135335   -0.135335 (VIOLATED)
i_soc.i_qspi._10800_/A0                 1.000000    1.135335   -0.135335 (VIOLATED)
i_soc.i_qspi._10936_/A0                 1.000000    1.135335   -0.135335 (VIOLATED)
i_soc.i_ai_sram.u_sram.gen_bank[0].gen_512.u_macro/addr1[7]    0.040000    0.174148   -0.134148 (VIOLATED)
i_soc.i_ai_sram.u_sram.gen_bank[6].gen_512.u_macro/din0[19]    1.000000    1.133482   -0.133482 (VIOLATED)
ANTENNA_i_soc.i_data_sram.u_sram.gen_bank[2].gen_512.u_macro_din0[18]/DIODE    1.000000    1.133315   -0.133315 (VIOLATED)
ANTENNA_input7_X/DIODE                  1.000000    1.132930   -0.132930 (VIOLATED)
input7/X                                1.000000    1.132919   -0.132919 (VIOLATED)
ANTENNA_i_soc.i_data_sram.u_sram.gen_bank[0].gen_512.u_macro_din0[22]/DIODE    1.000000    1.132474   -0.132474 (VIOLATED)
ANTENNA_i_soc.i_crossbar._1208__X/DIODE    1.000000    1.132415   -0.132415 (VIOLATED)
i_soc.i_ai_sram.u_sram.gen_bank[6].gen_512.u_macro/din0[22]    1.000000    1.132392   -0.132392 (VIOLATED)
i_soc.i_crossbar._1208_/X               1.000000    1.132353   -0.132353 (VIOLATED)
i_soc.i_ai_sram.u_sram.gen_bank[2].gen_512.u_macro/din0[1]    1.000000    1.132313   -0.132313 (VIOLATED)
ANTENNA_i_soc.i_instr_sram.u_sram.gen_bank[0].gen_512.u_macro_din0[16]/DIODE    1.000000    1.132040   -0.132040 (VIOLATED)
i_soc.i_ai_sram.u_sram.gen_bank[0].gen_512.u_macro/addr1[8]    0.040000    0.171080   -0.131080 (VIOLATED)
ANTENNA_i_soc.i_data_sram.u_sram.gen_bank[3].gen_512.u_macro_din0[13]/DIODE    1.000000    1.130853   -0.130853 (VIOLATED)
ANTENNA_i_soc.i_data_sram.u_sram.gen_bank[0].gen_512.u_macro_din0[26]/DIODE    1.000000    1.130734   -0.130734 (VIOLATED)
ANTENNA_i_soc.i_crossbar._1212__X/DIODE    1.000000    1.130645   -0.130645 (VIOLATED)
i_soc.i_crossbar._1212_/X               1.000000    1.130620   -0.130620 (VIOLATED)
ANTENNA_i_soc.i_instr_sram.u_sram.gen_bank[3].gen_512.u_macro_din0[14]/DIODE    1.000000    1.130005   -0.130005 (VIOLATED)
i_soc.i_ai_sram.u_sram.gen_bank[3].gen_512.u_macro/din0[29]    1.000000    1.129482   -0.129482 (VIOLATED)
i_soc.i_ai_sram.u_sram.gen_bank[7].gen_512.u_macro/din0[22]    1.000000    1.129145   -0.129145 (VIOLATED)
ANTENNA_i_soc.i_ai_sram.u_sram.gen_bank[6].gen_512.u_macro_din0[15]/DIODE    1.000000    1.128829   -0.128829 (VIOLATED)
i_soc.i_ai_sram.u_sram.gen_bank[0].gen_512.u_macro/din0[2]    1.000000    1.128560   -0.128560 (VIOLATED)
output31/A                              1.000000    1.126977   -0.126977 (VIOLATED)
ANTENNA_output31_A/DIODE                1.000000    1.126950   -0.126950 (VIOLATED)
i_soc.i_ai_sram.u_sram.gen_bank[10].gen_512.u_macro/din0[30]    1.000000    1.126745   -0.126745 (VIOLATED)
ANTENNA_i_soc.i_instr_sram.u_sram.gen_bank[3].gen_512.u_macro_din0[20]/DIODE    1.000000    1.126370   -0.126370 (VIOLATED)
wire1001/A                              1.000000    1.126003   -0.126003 (VIOLATED)
ANTENNA_wire1001_A/DIODE                1.000000    1.126003   -0.126003 (VIOLATED)
ANTENNA_i_soc.i_data_sram.u_sram.gen_bank[0].gen_512.u_macro_din0[18]/DIODE    1.000000    1.125680   -0.125680 (VIOLATED)
i_soc.i_ai_sram.u_sram.gen_bank[13].gen_512.u_macro/din0[26]    1.000000    1.125426   -0.125426 (VIOLATED)
ANTENNA_i_soc.i_crossbar._1216__X/DIODE    1.000000    1.125124   -0.125124 (VIOLATED)
ANTENNA_i_soc.i_data_sram.u_sram.gen_bank[0].gen_512.u_macro_din0[30]/DIODE    1.000000    1.125035   -0.125035 (VIOLATED)
i_soc.i_crossbar._1216_/X               1.000000    1.125008   -0.125008 (VIOLATED)
i_soc.i_ai_sram.u_sram._502_/B          1.000000    1.124327   -0.124327 (VIOLATED)
ANTENNA_i_soc.i_ai_sram.u_sram._502__B/DIODE    1.000000    1.124315   -0.124315 (VIOLATED)
i_soc.i_qspi._12699_/A0                 1.000000    1.124205   -0.124205 (VIOLATED)
ANTENNA_i_soc.i_qspi._12633__A0/DIODE    1.000000    1.124204   -0.124204 (VIOLATED)
ANTENNA_i_soc.i_qspi._12699__A0/DIODE    1.000000    1.124204   -0.124204 (VIOLATED)
i_soc.i_qspi._12666_/A0                 1.000000    1.124201   -0.124201 (VIOLATED)
ANTENNA_i_soc.i_qspi._12666__A0/DIODE    1.000000    1.124200   -0.124200 (VIOLATED)
i_soc.i_qspi._12534_/A0                 1.000000    1.124199   -0.124199 (VIOLATED)
i_soc.i_qspi._12633_/A0                 1.000000    1.124197   -0.124197 (VIOLATED)
ANTENNA_i_soc.i_qspi._12534__A0/DIODE    1.000000    1.124197   -0.124197 (VIOLATED)
i_soc.i_qspi._12600_/A0                 1.000000    1.124197   -0.124197 (VIOLATED)
ANTENNA_i_soc.i_qspi._12600__A0/DIODE    1.000000    1.124194   -0.124194 (VIOLATED)
ANTENNA_i_soc.i_qspi._12468__A1/DIODE    1.000000    1.124188   -0.124188 (VIOLATED)
i_soc.i_qspi._12468_/A1                 1.000000    1.124185   -0.124185 (VIOLATED)
i_soc.i_qspi._12501_/A0                 1.000000    1.124184   -0.124184 (VIOLATED)
ANTENNA_i_soc.i_qspi._12501__A0/DIODE    1.000000    1.124181   -0.124181 (VIOLATED)
ANTENNA_i_soc.i_qspi._12336__A0/DIODE    1.000000    1.124133   -0.124133 (VIOLATED)
i_soc.i_ai_sram.u_sram.gen_bank[1].gen_512.u_macro/din0[21]    1.000000    1.124116   -0.124116 (VIOLATED)
ANTENNA_i_soc.i_qspi._12435__A1/DIODE    1.000000    1.124112   -0.124112 (VIOLATED)
i_soc.i_qspi._12435_/A1                 1.000000    1.124112   -0.124112 (VIOLATED)
i_soc.i_qspi._12336_/A0                 1.000000    1.124111   -0.124111 (VIOLATED)
ANTENNA_i_soc.i_crossbar._1204__X/DIODE    1.000000    1.124109   -0.124109 (VIOLATED)
ANTENNA_i_soc.i_qspi._12402__A0/DIODE    1.000000    1.124103   -0.124103 (VIOLATED)
i_soc.i_qspi._12402_/A0                 1.000000    1.124102   -0.124102 (VIOLATED)
ANTENNA_i_soc.i_qspi._12303__A0/DIODE    1.000000    1.124078   -0.124078 (VIOLATED)
i_soc.i_qspi._12303_/A0                 1.000000    1.124077   -0.124077 (VIOLATED)
i_soc.i_crossbar._1204_/X               1.000000    1.124070   -0.124070 (VIOLATED)
i_soc.i_qspi._12369_/A0                 1.000000    1.124049   -0.124049 (VIOLATED)
ANTENNA_i_soc.i_qspi._12369__A0/DIODE    1.000000    1.124046   -0.124046 (VIOLATED)
ANTENNA_i_soc.i_qspi._12138__A1/DIODE    1.000000    1.124018   -0.124018 (VIOLATED)
i_soc.i_qspi._12138_/A1                 1.000000    1.124018   -0.124018 (VIOLATED)
ANTENNA_i_soc.i_qspi._12270__A0/DIODE    1.000000    1.124010   -0.124010 (VIOLATED)
i_soc.i_qspi._12270_/A0                 1.000000    1.124008   -0.124008 (VIOLATED)
i_soc.i_qspi._12237_/A0                 1.000000    1.123961   -0.123961 (VIOLATED)
ANTENNA_i_soc.i_qspi._12237__A0/DIODE    1.000000    1.123929   -0.123929 (VIOLATED)
i_soc.i_qspi._12171_/A1                 1.000000    1.123858   -0.123858 (VIOLATED)
ANTENNA_i_soc.i_qspi._12171__A1/DIODE    1.000000    1.123827   -0.123827 (VIOLATED)
i_soc.i_qspi._11505_/A0                 1.000000    1.123733   -0.123733 (VIOLATED)
ANTENNA_i_soc.i_qspi._11505__A0/DIODE    1.000000    1.123731   -0.123731 (VIOLATED)
i_soc.i_qspi._11340_/A0                 1.000000    1.123728   -0.123728 (VIOLATED)
i_soc.i_qspi._11373_/A0                 1.000000    1.123716   -0.123716 (VIOLATED)
ANTENNA_i_soc.i_qspi._11340__A0/DIODE    1.000000    1.123708   -0.123708 (VIOLATED)
ANTENNA_i_soc.i_qspi._11373__A0/DIODE    1.000000    1.123680   -0.123681 (VIOLATED)
ANTENNA_i_soc.i_qspi._11307__A1/DIODE    1.000000    1.123602   -0.123602 (VIOLATED)
i_soc.i_qspi._11307_/A1                 1.000000    1.123580   -0.123580 (VIOLATED)
i_soc.i_qspi._11274_/A1                 1.000000    1.123561   -0.123561 (VIOLATED)
ANTENNA_i_soc.i_qspi._11274__A1/DIODE    1.000000    1.123560   -0.123560 (VIOLATED)
ANTENNA_i_soc.i_qspi._11140__A0/DIODE    1.000000    1.123539   -0.123539 (VIOLATED)
i_soc.i_qspi._11140_/A0                 1.000000    1.123539   -0.123539 (VIOLATED)
ANTENNA_i_soc.i_qspi._11173__A0/DIODE    1.000000    1.123538   -0.123538 (VIOLATED)
i_soc.i_qspi._11173_/A0                 1.000000    1.123538   -0.123538 (VIOLATED)
ANTENNA_i_soc.i_qspi._11239__A0/DIODE    1.000000    1.123537   -0.123537 (VIOLATED)
ANTENNA_i_soc.i_qspi._11206__A0/DIODE    1.000000    1.123536   -0.123536 (VIOLATED)
i_soc.i_qspi._11206_/A0                 1.000000    1.123536   -0.123536 (VIOLATED)
ANTENNA_i_soc.i_qspi._11538__A0/DIODE    1.000000    1.123535   -0.123535 (VIOLATED)
i_soc.i_qspi._11239_/A0                 1.000000    1.123535   -0.123535 (VIOLATED)
i_soc.i_qspi._11041_/A0                 1.000000    1.123534   -0.123534 (VIOLATED)
ANTENNA_i_soc.i_qspi._11041__A0/DIODE    1.000000    1.123533   -0.123534 (VIOLATED)
ANTENNA_i_soc.i_qspi._11074__A0/DIODE    1.000000    1.123531   -0.123531 (VIOLATED)
i_soc.i_qspi._11074_/A0                 1.000000    1.123532   -0.123532 (VIOLATED)
i_soc.i_qspi._11008_/A1                 1.000000    1.123529   -0.123529 (VIOLATED)
ANTENNA_i_soc.i_qspi._11008__A1/DIODE    1.000000    1.123528   -0.123528 (VIOLATED)
i_soc.i_qspi._11538_/A0                 1.000000    1.123528   -0.123528 (VIOLATED)
i_soc.i_qspi._10974_/A1                 1.000000    1.123527   -0.123527 (VIOLATED)
ANTENNA_i_soc.i_qspi._10974__A1/DIODE    1.000000    1.123525   -0.123525 (VIOLATED)
ANTENNA_fanout1476_X/DIODE              1.000000    1.123519   -0.123519 (VIOLATED)
ANTENNA_i_soc.i_qspi._11406__A0/DIODE    1.000000    1.123519   -0.123519 (VIOLATED)
ANTENNA_i_soc.i_qspi._11439__A0/DIODE    1.000000    1.123519   -0.123519 (VIOLATED)
fanout1476/X                            1.000000    1.123519   -0.123519 (VIOLATED)
i_soc.i_qspi._11406_/A0                 1.000000    1.123519   -0.123519 (VIOLATED)
i_soc.i_qspi._11439_/A0                 1.000000    1.123519   -0.123519 (VIOLATED)
ANTENNA_i_soc.i_instr_sram.u_sram.gen_bank[0].gen_512.u_macro_din0[0]/DIODE    1.000000    1.123495   -0.123495 (VIOLATED)
ANTENNA_i_soc.i_data_sram.u_sram.gen_bank[3].gen_512.u_macro_din0[31]/DIODE    1.000000    1.123170   -0.123170 (VIOLATED)
ANTENNA__14__X/DIODE                    1.000000    1.122564   -0.122564 (VIOLATED)
_14_/X                                  1.000000    1.122544   -0.122544 (VIOLATED)
i_soc.i_ai_sram.u_sram.gen_bank[6].gen_512.u_macro/din0[26]    1.000000    1.122285   -0.122286 (VIOLATED)
i_soc.i_ai_sram.u_sram.gen_bank[3].gen_512.u_macro/din0[28]    1.000000    1.121081   -0.121081 (VIOLATED)
ANTENNA_i_soc.i_data_sram.u_sram.gen_bank[3].gen_512.u_macro_din0[15]/DIODE    1.000000    1.120854   -0.120854 (VIOLATED)
i_soc.i_ai_sram.u_sram._507_/B          1.000000    1.120768   -0.120768 (VIOLATED)
ANTENNA_i_soc.i_ai_sram.u_sram._507__B/DIODE    1.000000    1.120762   -0.120762 (VIOLATED)
ANTENNA_i_soc.i_instr_sram.u_sram.gen_bank[0].gen_512.u_macro_din0[30]/DIODE    1.000000    1.120516   -0.120516 (VIOLATED)
i_soc.i_ai_sram.u_sram.gen_bank[3].gen_512.u_macro/addr1[4]    0.040000    0.160375   -0.120375 (VIOLATED)
ANTENNA_i_soc.i_instr_sram.u_sram.gen_bank[2].gen_512.u_macro_din0[31]/DIODE    1.000000    1.120323   -0.120323 (VIOLATED)
ANTENNA__12__X/DIODE                    1.000000    1.119962   -0.119962 (VIOLATED)
_12_/X                                  1.000000    1.119953   -0.119953 (VIOLATED)
i_soc.i_ai_sram.u_sram.gen_bank[1].gen_512.u_macro/din0[9]    1.000000    1.119677   -0.119677 (VIOLATED)
ANTENNA_i_soc.i_ai_sram.u_sram._572__X/DIODE    1.000000    1.119311   -0.119311 (VIOLATED)
i_soc.i_ai_sram.u_sram._572_/X          1.000000    1.119290   -0.119290 (VIOLATED)
ANTENNA_i_soc.i_data_sram.u_sram.gen_bank[1].gen_512.u_macro_din0[2]/DIODE    1.000000    1.117601   -0.117601 (VIOLATED)
i_soc.i_ai_sram.u_sram.gen_bank[0].gen_512.u_macro/din0[0]    1.000000    1.117486   -0.117486 (VIOLATED)
i_soc.i_ai_sram.u_sram.gen_bank[3].gen_512.u_macro/addr1[2]    0.040000    0.156760   -0.116760 (VIOLATED)
i_soc.i_ai_sram.u_sram.gen_bank[0].gen_512.u_macro/addr1[2]    0.040000    0.156590   -0.116590 (VIOLATED)
i_soc.i_ai_sram.u_sram.gen_bank[3].gen_512.u_macro/addr1[3]    0.040000    0.156569   -0.116569 (VIOLATED)
i_soc.i_ai_sram.u_sram.gen_bank[0].gen_512.u_macro/addr1[4]    0.040000    0.156399   -0.116399 (VIOLATED)
ANTENNA_i_soc.i_data_sram.u_sram.gen_bank[2].gen_512.u_macro_din0[11]/DIODE    1.000000    1.116292   -0.116292 (VIOLATED)
ANTENNA_i_soc.i_data_sram.u_sram.gen_bank[2].gen_512.u_macro_din0[31]/DIODE    1.000000    1.116289   -0.116289 (VIOLATED)
i_soc.i_ai_sram.u_sram._374_/A          1.000000    1.115499   -0.115499 (VIOLATED)
ANTENNA_i_soc.i_ai_sram.u_sram._374__A/DIODE    1.000000    1.115496   -0.115496 (VIOLATED)
i_soc.i_ai_sram.u_sram.gen_bank[2].gen_512.u_macro/addr1[4]    0.040000    0.155457   -0.115457 (VIOLATED)
ANTENNA_i_soc.i_ai_sram.u_sram.gen_bank[0].gen_512.u_macro_din0[16]/DIODE    1.000000    1.114946   -0.114946 (VIOLATED)
output29/A                              1.000000    1.114682   -0.114682 (VIOLATED)
ANTENNA_output29_A/DIODE                1.000000    1.114597   -0.114597 (VIOLATED)
ANTENNA_i_soc.i_data_sram.u_sram.gen_bank[1].gen_512.u_macro_din0[13]/DIODE    1.000000    1.114592   -0.114592 (VIOLATED)
i_soc.i_ai_sram.u_sram._419_/B          1.000000    1.114260   -0.114260 (VIOLATED)
ANTENNA_i_soc.i_ai_sram.u_sram._419__B/DIODE    1.000000    1.114254   -0.114254 (VIOLATED)
ANTENNA_i_soc.i_ai_sram.u_sram._506__X/DIODE    1.000000    1.113897   -0.113897 (VIOLATED)
i_soc.i_ai_sram.u_sram._506_/X          1.000000    1.113824   -0.113824 (VIOLATED)
i_soc.i_instr_sram.u_sram.gen_bank[3].gen_512.u_macro/addr1[2]    0.040000    0.153804   -0.113804 (VIOLATED)
i_soc.i_data_sram.u_sram.gen_bank[2].gen_512.u_macro/addr0[4]    0.040000    0.153728   -0.113728 (VIOLATED)
i_soc.i_ai_sram.u_sram.gen_bank[1].gen_512.u_macro/addr1[6]    0.040000    0.153512   -0.113512 (VIOLATED)
i_soc.i_ai_sram.u_sram.gen_bank[0].gen_512.u_macro/addr1[3]    0.040000    0.153473   -0.113473 (VIOLATED)
output32/A                              1.000000    1.113446   -0.113446 (VIOLATED)
ANTENNA_output32_A/DIODE                1.000000    1.113421   -0.113421 (VIOLATED)
i_soc.i_ai_sram.u_sram.gen_bank[2].gen_512.u_macro/addr1[5]    0.040000    0.153412   -0.113412 (VIOLATED)
ANTENNA_i_soc.i_data_sram.u_sram.gen_bank[0].gen_512.u_macro_din0[28]/DIODE    1.000000    1.113329   -0.113329 (VIOLATED)
ANTENNA_i_soc.i_crossbar._1214__X/DIODE    1.000000    1.113210   -0.113210 (VIOLATED)
i_soc.i_crossbar._1214_/X               1.000000    1.113184   -0.113184 (VIOLATED)
i_soc.i_instr_sram.u_sram.gen_bank[3].gen_512.u_macro/addr0[3]    0.040000    0.153041   -0.113041 (VIOLATED)
ANTENNA_i_soc.i_ai_sram.u_sram._362__C/DIODE    1.000000    1.112860   -0.112860 (VIOLATED)
i_soc.i_ai_sram.u_sram._362_/C          1.000000    1.112789   -0.112789 (VIOLATED)
i_soc.i_ai_sram.u_sram._366_/A          1.000000    1.112738   -0.112738 (VIOLATED)
i_soc.i_ai_sram.u_sram._371_/B          1.000000    1.112711   -0.112711 (VIOLATED)
i_soc.i_instr_sram.u_sram.gen_bank[3].gen_512.u_macro/addr1[6]    0.040000    0.152607   -0.112607 (VIOLATED)
ANTENNA_i_soc.i_ai_sram.u_sram._371__B/DIODE    1.000000    1.112561   -0.112562 (VIOLATED)
ANTENNA_i_soc.i_ai_sram.u_sram._366__A/DIODE    1.000000    1.112308   -0.112308 (VIOLATED)
ANTENNA_i_soc.i_data_sram.u_sram.gen_bank[3].gen_512.u_macro_din0[20]/DIODE    1.000000    1.112226   -0.112226 (VIOLATED)
ANTENNA_i_soc.i_data_sram.u_sram.gen_bank[2].gen_512.u_macro_din0[13]/DIODE    1.000000    1.112197   -0.112197 (VIOLATED)
ANTENNA_i_soc.i_ai_sram.u_sram.gen_bank[0].gen_512.u_macro_din0[20]/DIODE    1.000000    1.111639   -0.111639 (VIOLATED)
i_soc.i_ai_sram.u_sram.gen_bank[1].gen_512.u_macro/addr1[3]    0.040000    0.151634   -0.111634 (VIOLATED)
i_soc.i_instr_sram.u_sram.gen_bank[3].gen_512.u_macro/addr0[5]    0.040000    0.151497   -0.111497 (VIOLATED)
i_soc.i_ai_sram.u_sram.gen_bank[1].gen_512.u_macro/din0[25]    1.000000    1.111055   -0.111055 (VIOLATED)
i_soc.i_instr_sram.u_sram.gen_bank[3].gen_512.u_macro/addr1[4]    0.040000    0.151027   -0.111027 (VIOLATED)
load_slew1002/A                         1.000000    1.110985   -0.110985 (VIOLATED)
ANTENNA_load_slew1002_A/DIODE           1.000000    1.110972   -0.110972 (VIOLATED)
i_soc.i_ai_sram.u_sram.gen_bank[0].gen_512.u_macro/addr0[8]    0.040000    0.150699   -0.110699 (VIOLATED)
i_soc.i_ai_sram.u_sram.gen_bank[8].gen_512.u_macro/din0[5]    1.000000    1.110651   -0.110651 (VIOLATED)
i_soc.i_qspi._10910_/A0                 1.000000    1.110492   -0.110492 (VIOLATED)
i_soc.i_qspi._10944_/A0                 1.000000    1.110492   -0.110492 (VIOLATED)
i_soc.i_qspi._12803_/A1                 1.000000    1.110491   -0.110491 (VIOLATED)
ANTENNA_i_soc.i_qspi._10944__A0/DIODE    1.000000    1.110491   -0.110491 (VIOLATED)
ANTENNA_i_soc.i_qspi._10910__A0/DIODE    1.000000    1.110489   -0.110489 (VIOLATED)
ANTENNA_i_soc.i_qspi._12803__A1/DIODE    1.000000    1.110486   -0.110486 (VIOLATED)
ANTENNA_i_soc.i_qspi._10774__A0/DIODE    1.000000    1.110482   -0.110482 (VIOLATED)
i_soc.i_qspi._10774_/A0                 1.000000    1.110481   -0.110481 (VIOLATED)
i_soc.i_qspi._10808_/A0                 1.000000    1.110480   -0.110480 (VIOLATED)
ANTENNA_i_soc.i_qspi._10808__A0/DIODE    1.000000    1.110474   -0.110475 (VIOLATED)
i_soc.i_qspi._12737_/A0                 1.000000    1.110459   -0.110459 (VIOLATED)
ANTENNA_i_soc.i_qspi._12737__A0/DIODE    1.000000    1.110430   -0.110430 (VIOLATED)
i_soc.i_qspi._12836_/A1                 1.000000    1.110423   -0.110423 (VIOLATED)
ANTENNA_i_soc.i_qspi._12836__A1/DIODE    1.000000    1.110418   -0.110418 (VIOLATED)
ANTENNA_i_soc.i_qspi._12572__A0/DIODE    1.000000    1.110414   -0.110414 (VIOLATED)
i_soc.i_qspi._12572_/A0                 1.000000    1.110414   -0.110414 (VIOLATED)
ANTENNA_i_soc.i_qspi._12770__A0/DIODE    1.000000    1.110408   -0.110408 (VIOLATED)
i_soc.i_qspi._12770_/A0                 1.000000    1.110407   -0.110407 (VIOLATED)
i_soc.i_qspi._12209_/A0                 1.000000    1.110356   -0.110356 (VIOLATED)
ANTENNA_i_soc.i_qspi._12209__A0/DIODE    1.000000    1.110342   -0.110342 (VIOLATED)
i_soc.i_qspi._11477_/A0                 1.000000    1.110306   -0.110306 (VIOLATED)
ANTENNA_i_soc.i_qspi._11477__A0/DIODE    1.000000    1.110293   -0.110293 (VIOLATED)
i_soc.i_qspi._10876_/A0                 1.000000    1.110248   -0.110248 (VIOLATED)
ANTENNA_i_soc.i_qspi._10842__A0/DIODE    1.000000    1.110246   -0.110246 (VIOLATED)
i_soc.i_qspi._10842_/A0                 1.000000    1.110246   -0.110246 (VIOLATED)
i_soc.i_ai_accel.u_conv_w_mem/addr0[0]    0.040000    0.150246   -0.110246 (VIOLATED)
ANTENNA_i_soc.i_qspi._10876__A0/DIODE    1.000000    1.110244   -0.110244 (VIOLATED)
i_soc.i_qspi._11842_/A0                 1.000000    1.110225   -0.110225 (VIOLATED)
ANTENNA_i_soc.i_qspi._11842__A0/DIODE    1.000000    1.110150   -0.110150 (VIOLATED)
i_soc.i_qspi._11112_/A1                 1.000000    1.110053   -0.110053 (VIOLATED)
ANTENNA_i_soc.i_qspi._11112__A1/DIODE    1.000000    1.110052   -0.110052 (VIOLATED)
i_soc.i_ai_sram.u_sram.gen_bank[13].gen_512.u_macro/din0[22]    1.000000    1.110046   -0.110046 (VIOLATED)
ANTENNA_i_soc.i_data_sram.u_sram.gen_bank[1].gen_512.u_macro_din0[31]/DIODE    1.000000    1.109951   -0.109951 (VIOLATED)
i_soc.i_qspi._10724_/A1                 1.000000    1.109933   -0.109933 (VIOLATED)
ANTENNA_i_soc.i_qspi._10724__A1/DIODE    1.000000    1.109823   -0.109823 (VIOLATED)
i_soc.i_ai_sram.u_sram.gen_bank[5].gen_512.u_macro/din0[17]    1.000000    1.109796   -0.109796 (VIOLATED)
i_soc.i_ai_sram.u_sram.gen_bank[13].gen_512.u_macro/din0[31]    1.000000    1.109746   -0.109746 (VIOLATED)
i_soc.i_ai_sram.u_sram.gen_bank[3].gen_512.u_macro/addr1[6]    0.040000    0.149736   -0.109736 (VIOLATED)
ANTENNA_i_soc.i_ai_sram.u_sram.gen_bank[0].gen_512.u_macro_din0[11]/DIODE    1.000000    1.109694   -0.109694 (VIOLATED)
i_soc.i_data_sram.u_sram.gen_bank[2].gen_512.u_macro/addr1[2]    0.040000    0.149617   -0.109617 (VIOLATED)
i_soc.i_qspi._11013_/A1                 1.000000    1.109511   -0.109511 (VIOLATED)
ANTENNA_i_soc.i_qspi._11013__A1/DIODE    1.000000    1.109469   -0.109469 (VIOLATED)
i_soc.i_qspi._11046_/A0                 1.000000    1.109429   -0.109429 (VIOLATED)
ANTENNA_i_soc.i_qspi._11046__A0/DIODE    1.000000    1.109428   -0.109428 (VIOLATED)
i_soc.i_qspi._11079_/A0                 1.000000    1.109386   -0.109386 (VIOLATED)
ANTENNA_i_soc.i_qspi._11079__A0/DIODE    1.000000    1.109366   -0.109366 (VIOLATED)
i_soc.i_qspi._10979_/A1                 1.000000    1.109349   -0.109349 (VIOLATED)
ANTENNA_i_soc.i_qspi._10979__A1/DIODE    1.000000    1.109340   -0.109340 (VIOLATED)
i_soc.i_qspi._11211_/A0                 1.000000    1.109262   -0.109262 (VIOLATED)
ANTENNA_i_soc.i_qspi._11211__A0/DIODE    1.000000    1.109236   -0.109236 (VIOLATED)
ANTENNA_i_soc.i_instr_sram.u_sram.gen_bank[3].gen_512.u_macro_din0[30]/DIODE    1.000000    1.109195   -0.109195 (VIOLATED)
i_soc.i_qspi._11244_/A0                 1.000000    1.109194   -0.109194 (VIOLATED)
ANTENNA_i_soc.i_qspi._11244__A0/DIODE    1.000000    1.109182   -0.109182 (VIOLATED)
ANTENNA_i_soc.i_qspi._11378__A0/DIODE    1.000000    1.109170   -0.109170 (VIOLATED)
i_soc.i_qspi._11378_/A0                 1.000000    1.109169   -0.109169 (VIOLATED)
i_soc.i_qspi._11345_/A0                 1.000000    1.109166   -0.109166 (VIOLATED)
ANTENNA_i_soc.i_qspi._11345__A0/DIODE    1.000000    1.109166   -0.109166 (VIOLATED)
i_soc.i_qspi._11145_/A0                 1.000000    1.109124   -0.109124 (VIOLATED)
ANTENNA_i_soc.i_qspi._11145__A0/DIODE    1.000000    1.109124   -0.109124 (VIOLATED)
i_soc.i_qspi._11178_/A0                 1.000000    1.109104   -0.109104 (VIOLATED)
i_soc.i_instr_sram.u_sram.gen_bank[3].gen_512.u_macro/addr0[6]    0.040000    0.149071   -0.109071 (VIOLATED)
ANTENNA_i_soc.i_qspi._11178__A0/DIODE    1.000000    1.109062   -0.109062 (VIOLATED)
ANTENNA_i_soc.i_data_sram.u_sram.gen_bank[0].gen_512.u_macro_din0[13]/DIODE    1.000000    1.109023   -0.109023 (VIOLATED)
i_soc.i_qspi._11312_/A1                 1.000000    1.108996   -0.108996 (VIOLATED)
i_soc.i_qspi._11279_/A1                 1.000000    1.108991   -0.108991 (VIOLATED)
ANTENNA_i_soc.i_qspi._11279__A1/DIODE    1.000000    1.108991   -0.108991 (VIOLATED)
ANTENNA_i_soc.i_qspi._11312__A1/DIODE    1.000000    1.108989   -0.108989 (VIOLATED)
i_soc.i_instr_sram.u_sram.gen_bank[3].gen_512.u_macro/addr1[5]    0.040000    0.148984   -0.108984 (VIOLATED)
i_soc.i_qspi._11510_/A0                 1.000000    1.108961   -0.108962 (VIOLATED)
ANTENNA_i_soc.i_crossbar._1199__X/DIODE    1.000000    1.108953   -0.108953 (VIOLATED)
ANTENNA_i_soc.i_qspi._11510__A0/DIODE    1.000000    1.108939   -0.108939 (VIOLATED)
i_soc.i_crossbar._1199_/X               1.000000    1.108922   -0.108922 (VIOLATED)
i_soc.i_qspi._11444_/A0                 1.000000    1.108921   -0.108921 (VIOLATED)
i_soc.i_qspi._11411_/A0                 1.000000    1.108921   -0.108921 (VIOLATED)
ANTENNA_i_soc.i_qspi._11411__A0/DIODE    1.000000    1.108921   -0.108921 (VIOLATED)
ANTENNA_i_soc.i_qspi._11444__A0/DIODE    1.000000    1.108921   -0.108921 (VIOLATED)
ANTENNA_i_soc.i_qspi._11543__A0/DIODE    1.000000    1.108913   -0.108913 (VIOLATED)
i_soc.i_qspi._11543_/A0                 1.000000    1.108913   -0.108913 (VIOLATED)
ANTENNA_fanout1189_X/DIODE              1.000000    1.108908   -0.108908 (VIOLATED)
fanout1189/X                            1.000000    1.108908   -0.108908 (VIOLATED)
i_soc.i_data_sram.u_sram.gen_bank[2].gen_512.u_macro/addr0[3]    0.040000    0.148881   -0.108881 (VIOLATED)
ANTENNA__13__X/DIODE                    1.000000    1.108852   -0.108852 (VIOLATED)
_13_/X                                  1.000000    1.108842   -0.108842 (VIOLATED)
i_soc.i_data_sram.u_sram.gen_bank[3].gen_512.u_macro/addr0[6]    0.040000    0.148774   -0.108774 (VIOLATED)
ANTENNA_i_soc.i_crossbar._1197__X/DIODE    1.000000    1.108597   -0.108597 (VIOLATED)
ANTENNA_i_soc.i_ai_sram.u_sram._418__X/DIODE    1.000000    1.108358   -0.108358 (VIOLATED)
i_soc.i_ai_sram.u_sram._418_/X          1.000000    1.108358   -0.108358 (VIOLATED)
ANTENNA_i_soc.i_data_sram.u_sram.gen_bank[0].gen_512.u_macro_din0[11]/DIODE    1.000000    1.108316   -0.108316 (VIOLATED)
i_soc.i_crossbar._1197_/X               1.000000    1.108290   -0.108290 (VIOLATED)
i_soc.i_instr_sram.u_sram.gen_bank[3].gen_512.u_macro/addr0[8]    0.040000    0.148206   -0.108206 (VIOLATED)
i_soc.i_data_sram.u_sram.gen_bank[2].gen_512.u_macro/addr1[6]    0.040000    0.148003   -0.108003 (VIOLATED)
i_soc.i_data_sram.u_sram.gen_bank[2].gen_512.u_macro/addr1[3]    0.040000    0.147879   -0.107879 (VIOLATED)
ANTENNA__11__X/DIODE                    1.000000    1.107811   -0.107811 (VIOLATED)
_11_/X                                  1.000000    1.107803   -0.107803 (VIOLATED)
i_soc.i_ai_sram.u_sram.gen_bank[3].gen_512.u_macro/addr0[3]    0.040000    0.147695   -0.107695 (VIOLATED)
i_soc.i_instr_sram.u_sram.gen_bank[3].gen_512.u_macro/addr0[4]    0.040000    0.147436   -0.107436 (VIOLATED)
ANTENNA_i_soc.i_instr_sram.u_sram.gen_bank[0].gen_512.u_macro_din0[22]/DIODE    1.000000    1.107397   -0.107397 (VIOLATED)
i_soc.i_data_sram.u_sram.gen_bank[2].gen_512.u_macro/addr0[5]    0.040000    0.147298   -0.107298 (VIOLATED)
i_soc.i_ai_sram.u_sram.gen_bank[0].gen_512.u_macro/addr0[7]    0.040000    0.147245   -0.107245 (VIOLATED)
i_soc.i_ai_sram.u_sram.gen_bank[1].gen_512.u_macro/addr0[8]    0.040000    0.147131   -0.107131 (VIOLATED)
i_soc.i_ai_sram.u_sram.gen_bank[8].gen_512.u_macro/din0[4]    1.000000    1.107087   -0.107087 (VIOLATED)
i_soc.i_ai_sram.u_sram.gen_bank[3].gen_512.u_macro/addr0[8]    0.040000    0.146945   -0.106945 (VIOLATED)
i_soc.i_data_sram.u_sram.gen_bank[2].gen_512.u_macro/addr1[4]    0.040000    0.146862   -0.106862 (VIOLATED)
i_soc.i_data_sram.u_sram.gen_bank[3].gen_512.u_macro/addr1[6]    0.040000    0.146474   -0.106474 (VIOLATED)
i_soc.i_ai_sram.u_sram.gen_bank[3].gen_512.u_macro/din0[20]    1.000000    1.106273   -0.106273 (VIOLATED)
i_soc.i_instr_sram.u_sram.gen_bank[3].gen_512.u_macro/addr1[3]    0.040000    0.146190   -0.106190 (VIOLATED)
i_soc.i_data_sram.u_sram.gen_bank[2].gen_512.u_macro/addr0[2]    0.040000    0.146147   -0.106147 (VIOLATED)
i_soc.i_data_sram.u_sram.gen_bank[2].gen_512.u_macro/addr1[5]    0.040000    0.146083   -0.106083 (VIOLATED)
i_soc.i_ai_sram.u_sram.gen_bank[1].gen_512.u_macro/addr0[4]    0.040000    0.145944   -0.105944 (VIOLATED)
i_soc.i_ai_sram.u_sram.gen_bank[1].gen_512.u_macro/addr1[5]    0.040000    0.145937   -0.105937 (VIOLATED)
i_soc.i_instr_sram.u_sram.gen_bank[3].gen_512.u_macro/addr0[2]    0.040000    0.145779   -0.105779 (VIOLATED)
i_soc.i_ai_sram.u_sram.gen_bank[3].gen_512.u_macro/addr0[7]    0.040000    0.145585   -0.105585 (VIOLATED)
i_soc.i_instr_sram.u_sram.gen_bank[2].gen_512.u_macro/addr0[2]    0.040000    0.145402   -0.105402 (VIOLATED)
i_soc.i_ai_sram.u_sram.gen_bank[3].gen_512.u_macro/din0[17]    1.000000    1.105285   -0.105285 (VIOLATED)
i_soc.i_data_sram.u_sram.gen_bank[3].gen_512.u_macro/addr1[4]    0.040000    0.145211   -0.105211 (VIOLATED)
i_soc.i_data_sram.u_sram.gen_bank[2].gen_512.u_macro/addr0[8]    0.040000    0.145200   -0.105200 (VIOLATED)
i_soc.i_instr_sram.u_sram.gen_bank[2].gen_512.u_macro/addr0[3]    0.040000    0.145003   -0.105003 (VIOLATED)
i_soc.i_ai_sram.u_sram.gen_bank[3].gen_512.u_macro/din0[10]    1.000000    1.104986   -0.104986 (VIOLATED)
ANTENNA_i_soc.i_data_sram.u_sram.gen_bank[1].gen_512.u_macro_din0[15]/DIODE    1.000000    1.104901   -0.104901 (VIOLATED)
i_soc.i_ai_sram.u_sram.gen_bank[1].gen_512.u_macro/addr0[2]    0.040000    0.144873   -0.104873 (VIOLATED)
i_soc.i_data_sram.u_sram.gen_bank[3].gen_512.u_macro/addr1[5]    0.040000    0.144818   -0.104818 (VIOLATED)
ANTENNA_i_soc.i_data_sram.u_sram.gen_bank[2].gen_512.u_macro_din0[15]/DIODE    1.000000    1.104752   -0.104752 (VIOLATED)
i_soc.i_ai_sram.u_sram.gen_bank[5].gen_512.u_macro/din0[14]    1.000000    1.104396   -0.104396 (VIOLATED)
i_soc.i_ai_sram.u_sram.gen_bank[2].gen_512.u_macro/addr1[2]    0.040000    0.144097   -0.104097 (VIOLATED)
i_soc.i_instr_sram.u_sram.gen_bank[3].gen_512.u_macro/addr0[7]    0.040000    0.144038   -0.104038 (VIOLATED)
i_soc.i_data_sram.u_sram.gen_bank[3].gen_512.u_macro/addr0[5]    0.040000    0.143983   -0.103983 (VIOLATED)
i_soc.i_qspi._12652_/A0                 1.000000    1.103734   -0.103734 (VIOLATED)
i_soc.i_qspi._12619_/A0                 1.000000    1.103734   -0.103734 (VIOLATED)
ANTENNA_i_soc.i_qspi._12652__A0/DIODE    1.000000    1.103734   -0.103734 (VIOLATED)
ANTENNA_i_soc.i_qspi._12619__A0/DIODE    1.000000    1.103734   -0.103734 (VIOLATED)
ANTENNA_i_soc.i_qspi._12685__A0/DIODE    1.000000    1.103728   -0.103728 (VIOLATED)
i_soc.i_qspi._12685_/A0                 1.000000    1.103724   -0.103724 (VIOLATED)
i_soc.i_qspi._12718_/A0                 1.000000    1.103719   -0.103719 (VIOLATED)
ANTENNA_i_soc.i_qspi._12718__A0/DIODE    1.000000    1.103711   -0.103711 (VIOLATED)
i_soc.i_qspi._12487_/A1                 1.000000    1.103706   -0.103706 (VIOLATED)
ANTENNA_i_soc.i_qspi._12454__A1/DIODE    1.000000    1.103706   -0.103705 (VIOLATED)
ANTENNA_i_soc.i_qspi._12487__A1/DIODE    1.000000    1.103706   -0.103705 (VIOLATED)
i_soc.i_qspi._12454_/A1                 1.000000    1.103705   -0.103705 (VIOLATED)
ANTENNA_i_soc.i_qspi._12520__A0/DIODE    1.000000    1.103700   -0.103700 (VIOLATED)
i_soc.i_qspi._12520_/A0                 1.000000    1.103700   -0.103700 (VIOLATED)
i_soc.i_qspi._12553_/A0                 1.000000    1.103692   -0.103692 (VIOLATED)
ANTENNA_i_soc.i_qspi._12553__A0/DIODE    1.000000    1.103690   -0.103690 (VIOLATED)
ANTENNA_i_soc.i_qspi._12355__A0/DIODE    1.000000    1.103677   -0.103677 (VIOLATED)
i_soc.i_qspi._12355_/A0                 1.000000    1.103677   -0.103677 (VIOLATED)
i_soc.i_qspi._12322_/A0                 1.000000    1.103674   -0.103674 (VIOLATED)
ANTENNA_i_soc.i_qspi._12322__A0/DIODE    1.000000    1.103671   -0.103671 (VIOLATED)
i_soc.i_qspi._12388_/A0                 1.000000    1.103663   -0.103663 (VIOLATED)
ANTENNA_i_soc.i_qspi._12388__A0/DIODE    1.000000    1.103663   -0.103663 (VIOLATED)
i_soc.i_qspi._12256_/A0                 1.000000    1.103657   -0.103657 (VIOLATED)
i_soc.i_qspi._12190_/A1                 1.000000    1.103657   -0.103657 (VIOLATED)
ANTENNA_i_soc.i_qspi._12190__A1/DIODE    1.000000    1.103656   -0.103656 (VIOLATED)
ANTENNA_i_soc.i_qspi._12256__A0/DIODE    1.000000    1.103656   -0.103656 (VIOLATED)
i_soc.i_qspi._12289_/A0                 1.000000    1.103654   -0.103654 (VIOLATED)
ANTENNA_i_soc.i_qspi._12289__A0/DIODE    1.000000    1.103653   -0.103653 (VIOLATED)
i_soc.i_qspi._12157_/A1                 1.000000    1.103650   -0.103650 (VIOLATED)
ANTENNA_i_soc.i_qspi._12157__A1/DIODE    1.000000    1.103649   -0.103649 (VIOLATED)
ANTENNA_i_soc.i_qspi._12421__A0/DIODE    1.000000    1.103637   -0.103637 (VIOLATED)
i_soc.i_qspi._12421_/A0                 1.000000    1.103636   -0.103636 (VIOLATED)
i_soc.i_qspi._11159_/A0                 1.000000    1.103619   -0.103619 (VIOLATED)
ANTENNA_i_soc.i_qspi._11159__A0/DIODE    1.000000    1.103619   -0.103619 (VIOLATED)
i_soc.i_qspi._11192_/A0                 1.000000    1.103618   -0.103618 (VIOLATED)
ANTENNA_i_soc.i_qspi._11192__A0/DIODE    1.000000    1.103618   -0.103618 (VIOLATED)
i_soc.i_qspi._11258_/A0                 1.000000    1.103616   -0.103616 (VIOLATED)
ANTENNA_i_soc.i_qspi._11258__A0/DIODE    1.000000    1.103615   -0.103615 (VIOLATED)
i_soc.i_qspi._11225_/A0                 1.000000    1.103613   -0.103613 (VIOLATED)
ANTENNA_i_soc.i_qspi._11557__A0/DIODE    1.000000    1.103613   -0.103613 (VIOLATED)
i_soc.i_qspi._11557_/A0                 1.000000    1.103612   -0.103612 (VIOLATED)
i_soc.i_qspi._11524_/A0                 1.000000    1.103612   -0.103612 (VIOLATED)
ANTENNA_i_soc.i_qspi._11225__A0/DIODE    1.000000    1.103611   -0.103611 (VIOLATED)
ANTENNA_i_soc.i_qspi._11524__A0/DIODE    1.000000    1.103611   -0.103611 (VIOLATED)
i_soc.i_qspi._11392_/A0                 1.000000    1.103611   -0.103610 (VIOLATED)
i_soc.i_qspi._11359_/A0                 1.000000    1.103610   -0.103610 (VIOLATED)
i_soc.i_qspi._10993_/A1                 1.000000    1.103608   -0.103608 (VIOLATED)
ANTENNA_i_soc.i_qspi._10993__A1/DIODE    1.000000    1.103606   -0.103606 (VIOLATED)
ANTENNA_i_soc.i_qspi._11359__A0/DIODE    1.000000    1.103604   -0.103604 (VIOLATED)
ANTENNA_i_soc.i_qspi._11392__A0/DIODE    1.000000    1.103603   -0.103603 (VIOLATED)
ANTENNA_i_soc.i_qspi._11093__A0/DIODE    1.000000    1.103601   -0.103601 (VIOLATED)
i_soc.i_qspi._11093_/A0                 1.000000    1.103600   -0.103600 (VIOLATED)
ANTENNA_i_soc.i_qspi._11027__A1/DIODE    1.000000    1.103600   -0.103600 (VIOLATED)
i_soc.i_qspi._11060_/A0                 1.000000    1.103600   -0.103600 (VIOLATED)
i_soc.i_qspi._11027_/A1                 1.000000    1.103600   -0.103600 (VIOLATED)
ANTENNA_i_soc.i_qspi._11060__A0/DIODE    1.000000    1.103599   -0.103599 (VIOLATED)
i_soc.i_qspi._11425_/A0                 1.000000    1.103597   -0.103597 (VIOLATED)
ANTENNA_i_soc.i_qspi._11425__A0/DIODE    1.000000    1.103597   -0.103597 (VIOLATED)
ANTENNA_i_soc.i_qspi._11293__A1/DIODE    1.000000    1.103595   -0.103595 (VIOLATED)
ANTENNA_i_soc.i_qspi._11326__A1/DIODE    1.000000    1.103595   -0.103595 (VIOLATED)
i_soc.i_qspi._11293_/A1                 1.000000    1.103595   -0.103595 (VIOLATED)
i_soc.i_qspi._11458_/A0                 1.000000    1.103592   -0.103592 (VIOLATED)
ANTENNA_i_soc.i_qspi._11458__A0/DIODE    1.000000    1.103592   -0.103592 (VIOLATED)
ANTENNA_fanout1140_X/DIODE              1.000000    1.103584   -0.103584 (VIOLATED)
fanout1140/X                            1.000000    1.103584   -0.103584 (VIOLATED)
i_soc.i_qspi._11326_/A1                 1.000000    1.103584   -0.103584 (VIOLATED)
i_soc.i_data_sram.u_sram.gen_bank[3].gen_512.u_macro/addr0[3]    0.040000    0.143391   -0.103391 (VIOLATED)
ANTENNA_i_soc.i_ai_sram.u_sram.gen_bank[0].gen_512.u_macro_din0[10]/DIODE    1.000000    1.103293   -0.103293 (VIOLATED)
i_soc.i_data_sram.u_sram.gen_bank[3].gen_512.u_macro/addr1[3]    0.040000    0.143110   -0.103110 (VIOLATED)
i_soc.i_instr_sram.u_sram.gen_bank[2].gen_512.u_macro/addr0[5]    0.040000    0.142962   -0.102962 (VIOLATED)
i_soc.i_gpio._211_/D                    1.000000    1.102852   -0.102853 (VIOLATED)
ANTENNA_i_soc.i_gpio._211__D/DIODE      1.000000    1.102848   -0.102848 (VIOLATED)
i_soc.i_ai_sram.u_sram.gen_bank[3].gen_512.u_macro/addr0[5]    0.040000    0.142675   -0.102675 (VIOLATED)
i_soc.i_ai_sram.u_sram.gen_bank[3].gen_512.u_macro/addr0[2]    0.040000    0.142235   -0.102235 (VIOLATED)
i_soc.i_ai_sram.u_sram.gen_bank[3].gen_512.u_macro/addr0[6]    0.040000    0.142108   -0.102108 (VIOLATED)
i_soc.i_ai_sram.u_sram.gen_bank[0].gen_512.u_macro/addr1[5]    0.040000    0.142085   -0.102085 (VIOLATED)
i_soc.i_ai_sram.u_sram.gen_bank[0].gen_512.u_macro/addr0[3]    0.040000    0.141779   -0.101779 (VIOLATED)
i_soc.i_ai_sram.u_sram.gen_bank[2].gen_512.u_macro/addr0[7]    0.040000    0.141768   -0.101768 (VIOLATED)
ANTENNA_i_soc.i_instr_sram.u_sram.gen_bank[2].gen_512.u_macro_din0[17]/DIODE    1.000000    1.101657   -0.101657 (VIOLATED)
i_soc.i_ai_sram.u_sram.gen_bank[1].gen_512.u_macro/din0[16]    1.000000    1.101558   -0.101558 (VIOLATED)
i_soc.i_data_sram.u_sram.gen_bank[3].gen_512.u_macro/addr0[7]    0.040000    0.141165   -0.101165 (VIOLATED)
i_soc.i_ai_sram.u_sram.gen_bank[0].gen_512.u_macro/addr0[6]    0.040000    0.141160   -0.101160 (VIOLATED)
i_soc.i_ai_sram.u_sram.gen_bank[2].gen_512.u_macro/addr1[6]    0.040000    0.140904   -0.100904 (VIOLATED)
i_soc.i_ai_sram.u_sram.gen_bank[0].gen_512.u_macro/addr0[2]    0.040000    0.140848   -0.100848 (VIOLATED)
i_soc.i_ai_sram.u_sram.gen_bank[3].gen_512.u_macro/din0[18]    1.000000    1.100822   -0.100822 (VIOLATED)
i_soc.i_ai_sram.u_sram.gen_bank[1].gen_512.u_macro/addr0[3]    0.040000    0.140685   -0.100685 (VIOLATED)
i_soc.i_ai_sram.u_sram.gen_bank[3].gen_512.u_macro/addr0[4]    0.040000    0.140371   -0.100371 (VIOLATED)
i_soc.i_ai_sram.u_sram.gen_bank[0].gen_512.u_macro/addr0[4]    0.040000    0.140354   -0.100354 (VIOLATED)
i_soc.i_instr_sram.u_sram.gen_bank[2].gen_512.u_macro/addr0[7]    0.040000    0.140268   -0.100268 (VIOLATED)
i_soc.i_ai_sram.u_sram.gen_bank[0].gen_512.u_macro/addr1[6]    0.040000    0.140073   -0.100073 (VIOLATED)
i_soc.i_ai_sram.u_sram.gen_bank[1].gen_512.u_macro/addr0[7]    0.040000    0.140026   -0.100026 (VIOLATED)
ANTENNA_input4_X/DIODE                  1.000000    1.099964   -0.099964 (VIOLATED)
i_soc.i_instr_sram.u_sram.gen_bank[2].gen_512.u_macro/addr0[6]    0.040000    0.139962   -0.099962 (VIOLATED)
input4/X                                1.000000    1.099915   -0.099915 (VIOLATED)
ANTENNA_i_soc.i_crossbar._1201__X/DIODE    1.000000    1.099507   -0.099507 (VIOLATED)
ANTENNA_i_soc.i_data_sram.u_sram.gen_bank[0].gen_512.u_macro_din0[15]/DIODE    1.000000    1.099436   -0.099436 (VIOLATED)
i_soc.i_crossbar._1201_/X               1.000000    1.099405   -0.099405 (VIOLATED)
i_soc.i_ai_sram.u_sram.gen_bank[1].gen_512.u_macro/addr0[6]    0.040000    0.139358   -0.099358 (VIOLATED)
ANTENNA_i_soc.i_instr_sram.u_sram.gen_bank[0].gen_512.u_macro_din0[5]/DIODE    1.000000    1.099316   -0.099316 (VIOLATED)
i_soc.i_instr_sram.u_sram.gen_bank[2].gen_512.u_macro/addr0[4]    0.040000    0.139259   -0.099259 (VIOLATED)
ANTENNA_i_soc.i_ai_sram.u_sram.gen_bank[0].gen_512.u_macro_din0[19]/DIODE    1.000000    1.099134   -0.099134 (VIOLATED)
i_soc.i_ai_sram.u_sram._551_/B          1.000000    1.098872   -0.098872 (VIOLATED)
ANTENNA_i_soc.i_ai_sram.u_sram._551__B/DIODE    1.000000    1.098865   -0.098865 (VIOLATED)
i_soc.i_ai_sram.u_sram.gen_bank[0].gen_512.u_macro/addr0[5]    0.040000    0.138756   -0.098756 (VIOLATED)
ANTENNA_i_soc.i_instr_sram.u_sram.gen_bank[1].gen_512.u_macro_din0[27]/DIODE    1.000000    1.098727   -0.098727 (VIOLATED)
ANTENNA_i_soc.i_data_sram.u_sram.gen_bank[3].gen_512.u_macro_din0[0]/DIODE    1.000000    1.098720   -0.098720 (VIOLATED)
i_soc.i_instr_sram.u_sram.gen_bank[2].gen_512.u_macro/addr1[2]    0.040000    0.138714   -0.098714 (VIOLATED)
ANTENNA_i_soc.i_crossbar._1631__X/DIODE    1.000000    1.098610   -0.098610 (VIOLATED)
i_soc.i_crossbar._1631_/X               1.000000    1.098610   -0.098610 (VIOLATED)
i_soc.i_ai_sram.u_sram.gen_bank[8].gen_512.u_macro/din0[30]    1.000000    1.098213   -0.098213 (VIOLATED)
i_soc.i_data_sram.u_sram.gen_bank[3].gen_512.u_macro/addr0[4]    0.040000    0.138061   -0.098061 (VIOLATED)
i_soc.i_ai_sram.u_sram.gen_bank[1].gen_512.u_macro/din0[22]    1.000000    1.098005   -0.098005 (VIOLATED)
i_soc.i_instr_sram.u_sram.gen_bank[2].gen_512.u_macro/addr1[5]    0.040000    0.137992   -0.097992 (VIOLATED)
i_soc.i_ai_sram.u_sram.gen_bank[5].gen_512.u_macro/din0[24]    1.000000    1.097970   -0.097970 (VIOLATED)
i_soc.i_ai_sram.u_sram.gen_bank[7].gen_512.u_macro/din0[31]    1.000000    1.097668   -0.097668 (VIOLATED)
i_soc.i_data_sram.u_sram.gen_bank[3].gen_512.u_macro/addr0[8]    0.040000    0.137588   -0.097588 (VIOLATED)
i_soc.i_ai_sram.u_sram.gen_bank[3].gen_512.u_macro/din0[27]    1.000000    1.097557   -0.097557 (VIOLATED)
i_soc.i_data_sram.u_sram.gen_bank[2].gen_512.u_macro/addr0[6]    0.040000    0.137387   -0.097387 (VIOLATED)
i_soc.i_instr_sram.u_sram.gen_bank[2].gen_512.u_macro/addr1[3]    0.040000    0.137193   -0.097193 (VIOLATED)
i_soc.i_data_sram.u_sram.gen_bank[2].gen_512.u_macro/addr0[7]    0.040000    0.136964   -0.096964 (VIOLATED)
i_soc.i_instr_sram.u_sram.gen_bank[2].gen_512.u_macro/addr1[4]    0.040000    0.136735   -0.096735 (VIOLATED)
i_soc.i_ai_sram.u_sram.gen_bank[10].gen_512.u_macro/din0[29]    1.000000    1.096731   -0.096731 (VIOLATED)
i_soc.i_ai_sram.u_sram.gen_bank[1].gen_512.u_macro/addr1[2]    0.040000    0.136685   -0.096685 (VIOLATED)
i_soc.i_data_sram.u_sram.gen_bank[3].gen_512.u_macro/addr0[2]    0.040000    0.136670   -0.096670 (VIOLATED)
ANTENNA_i_soc.i_ai_sram.u_sram.gen_bank[4].gen_512.u_macro_din0[27]/DIODE    1.000000    1.095899   -0.095899 (VIOLATED)
i_soc.i_instr_sram.u_sram.gen_bank[2].gen_512.u_macro/addr0[8]    0.040000    0.135685   -0.095685 (VIOLATED)
i_soc.i_ai_sram.u_sram.gen_bank[2].gen_512.u_macro/addr0[8]    0.040000    0.135514   -0.095514 (VIOLATED)
ANTENNA_i_soc.i_ai_sram.u_sram.gen_bank[4].gen_512.u_macro_din0[15]/DIODE    1.000000    1.095490   -0.095490 (VIOLATED)
i_soc.i_ai_sram.u_sram.gen_bank[2].gen_512.u_macro/addr1[3]    0.040000    0.135330   -0.095330 (VIOLATED)
i_soc.i_ai_sram.u_sram.gen_bank[2].gen_512.u_macro/addr0[6]    0.040000    0.134877   -0.094877 (VIOLATED)
i_soc.i_ai_sram.u_sram.gen_bank[1].gen_512.u_macro/addr1[4]    0.040000    0.134867   -0.094867 (VIOLATED)
ANTENNA_i_soc.i_ai_sram.u_sram._550__X/DIODE    1.000000    1.094711   -0.094711 (VIOLATED)
i_soc.i_ai_sram.u_sram._550_/X          1.000000    1.094702   -0.094702 (VIOLATED)
wire1607/A                              1.000000    1.094589   -0.094589 (VIOLATED)
ANTENNA_wire1607_A/DIODE                1.000000    1.094520   -0.094520 (VIOLATED)
i_soc.i_ai_sram.u_sram.gen_bank[3].gen_512.u_macro/addr1[5]    0.040000    0.134029   -0.094029 (VIOLATED)
i_soc.i_ai_sram.u_sram.gen_bank[2].gen_512.u_macro/addr0[4]    0.040000    0.134019   -0.094019 (VIOLATED)
i_soc.i_ai_sram.u_sram.gen_bank[2].gen_512.u_macro/din0[14]    1.000000    1.093745   -0.093745 (VIOLATED)
i_soc.i_ai_sram.u_sram.gen_bank[7].gen_512.u_macro/din0[15]    1.000000    1.093495   -0.093495 (VIOLATED)
i_soc.i_ai_accel.u_input_mem/addr0[5]    0.040000    0.133481   -0.093481 (VIOLATED)
i_soc.i_ai_sram.u_sram.gen_bank[2].gen_512.u_macro/addr0[3]    0.040000    0.133406   -0.093406 (VIOLATED)
ANTENNA_i_soc.i_ai_sram.u_sram.gen_bank[0].gen_512.u_macro_din0[30]/DIODE    1.000000    1.093118   -0.093118 (VIOLATED)
i_soc.i_data_sram.u_sram.gen_bank[3].gen_512.u_macro/addr1[2]    0.040000    0.132619   -0.092619 (VIOLATED)
ANTENNA_i_soc.i_instr_sram.u_sram.gen_bank[0].gen_512.u_macro_din0[31]/DIODE    1.000000    1.092582   -0.092582 (VIOLATED)
i_soc.i_instr_sram.u_sram.gen_bank[2].gen_512.u_macro/addr1[6]    0.040000    0.132520   -0.092520 (VIOLATED)
i_soc.i_ai_sram.u_sram.gen_bank[2].gen_512.u_macro/addr0[5]    0.040000    0.132467   -0.092467 (VIOLATED)
i_soc.i_ai_sram.u_sram.gen_bank[2].gen_512.u_macro/din0[13]    1.000000    1.092213   -0.092213 (VIOLATED)
i_soc.i_ai_sram.u_sram.gen_bank[8].gen_512.u_macro/din0[23]    1.000000    1.092078   -0.092078 (VIOLATED)
i_soc.i_data_sram.u_sram.gen_bank[2].gen_512.u_macro/addr1[8]    0.040000    0.131119   -0.091119 (VIOLATED)
ANTENNA_i_soc.i_instr_sram.u_sram.gen_bank[3].gen_512.u_macro_din0[7]/DIODE    1.000000    1.091087   -0.091087 (VIOLATED)
ANTENNA_i_soc.i_data_sram.u_sram.gen_bank[2].gen_512.u_macro_din0[6]/DIODE    1.000000    1.091035   -0.091035 (VIOLATED)
i_soc.i_ai_sram.u_sram.gen_bank[8].gen_512.u_macro/din0[9]    1.000000    1.090684   -0.090684 (VIOLATED)
ANTENNA_i_soc.i_ai_sram.u_sram.gen_bank[4].gen_512.u_macro_din0[12]/DIODE    1.000000    1.090571   -0.090571 (VIOLATED)
i_soc.i_ai_sram.u_sram.gen_bank[7].gen_512.u_macro/din0[1]    1.000000    1.090554   -0.090554 (VIOLATED)
ANTENNA_i_soc.i_data_sram.u_sram.gen_bank[0].gen_512.u_macro_din0[25]/DIODE    1.000000    1.090177   -0.090177 (VIOLATED)
ANTENNA_i_soc.i_crossbar._1211__X/DIODE    1.000000    1.090053   -0.090053 (VIOLATED)
i_soc.i_crossbar._1211_/X               1.000000    1.089997   -0.089997 (VIOLATED)
i_soc.i_ai_accel.u_input_mem/addr0[7]    0.040000    0.129940   -0.089940 (VIOLATED)
i_soc.i_instr_sram.u_sram.gen_bank[3].gen_512.u_macro/addr1[8]    0.040000    0.129865   -0.089865 (VIOLATED)
output43/A                              1.000000    1.089853   -0.089853 (VIOLATED)
ANTENNA_output43_A/DIODE                1.000000    1.089789   -0.089789 (VIOLATED)
i_soc.i_data_sram.u_sram.gen_bank[2].gen_512.u_macro/addr1[7]    0.040000    0.129627   -0.089627 (VIOLATED)
i_soc.i_ai_sram.u_sram.gen_bank[5].gen_512.u_macro/din0[11]    1.000000    1.089359   -0.089359 (VIOLATED)
i_soc.i_ai_accel.u_input_mem/addr0[3]    0.040000    0.129123   -0.089123 (VIOLATED)
ANTENNA_i_soc.i_data_sram.u_sram.gen_bank[2].gen_512.u_macro_din0[14]/DIODE    1.000000    1.089091   -0.089091 (VIOLATED)
i_soc.i_data_sram.u_sram.gen_bank[3].gen_512.u_macro/addr0[1]    0.040000    0.128853   -0.088853 (VIOLATED)
i_soc.i_ai_sram.u_sram.gen_bank[2].gen_512.u_macro/addr0[2]    0.040000    0.128809   -0.088809 (VIOLATED)
i_soc.i_ai_sram.u_sram._667_/B          1.000000    1.088270   -0.088270 (VIOLATED)
ANTENNA_i_soc.i_ai_sram.u_sram._667__B/DIODE    1.000000    1.088256   -0.088257 (VIOLATED)
ANTENNA_i_soc.i_instr_sram.u_sram.gen_bank[2].gen_512.u_macro_din0[24]/DIODE    1.000000    1.088229   -0.088229 (VIOLATED)
i_soc.i_data_sram.u_sram.gen_bank[3].gen_512.u_macro/addr1[8]    0.040000    0.127959   -0.087959 (VIOLATED)
ANTENNA_i_soc.i_crossbar._1192__X/DIODE    1.000000    1.087930   -0.087930 (VIOLATED)
ANTENNA_i_soc.i_data_sram.u_sram.gen_bank[0].gen_512.u_macro_din0[6]/DIODE    1.000000    1.087821   -0.087821 (VIOLATED)
i_soc.i_crossbar._1192_/X               1.000000    1.087793   -0.087793 (VIOLATED)
i_soc.i_instr_sram.u_sram.gen_bank[2].gen_512.u_macro/addr1[8]    0.040000    0.127717   -0.087717 (VIOLATED)
i_soc.i_instr_sram.u_sram.gen_bank[2].gen_512.u_macro/addr1[7]    0.040000    0.127705   -0.087705 (VIOLATED)
i_soc.i_ai_sram.u_sram.gen_bank[5].gen_512.u_macro/din0[19]    1.000000    1.087376   -0.087376 (VIOLATED)
load_slew7658/A                         1.000000    1.087255   -0.087255 (VIOLATED)
i_soc.i_instr_sram.u_sram.gen_bank[3].gen_512.u_macro/wmask0[2]    0.040000    0.127246   -0.087246 (VIOLATED)
ANTENNA_load_slew7658_A/DIODE           1.000000    1.087200   -0.087200 (VIOLATED)
i_soc.i_ai_accel.u_input_mem/addr0[6]    0.040000    0.126881   -0.086881 (VIOLATED)
i_soc.i_data_sram.u_sram.gen_bank[2].gen_512.u_macro/wmask0[0]    0.040000    0.126865   -0.086865 (VIOLATED)
i_soc.i_instr_sram.u_sram.gen_bank[3].gen_512.u_macro/addr1[7]    0.040000    0.126791   -0.086791 (VIOLATED)
i_soc.i_ai_sram.u_sram.gen_bank[1].gen_512.u_macro/addr0[5]    0.040000    0.126605   -0.086605 (VIOLATED)
i_soc.i_data_sram.u_sram.gen_bank[3].gen_512.u_macro/addr1[7]    0.040000    0.126316   -0.086316 (VIOLATED)
i_soc.i_data_sram.u_sram.gen_bank[2].gen_512.u_macro/wmask0[1]    0.040000    0.126234   -0.086234 (VIOLATED)
i_soc.i_data_sram.u_sram.gen_bank[3].gen_512.u_macro/wmask0[1]    0.040000    0.126161   -0.086161 (VIOLATED)
i_soc.i_data_sram.u_sram.gen_bank[2].gen_512.u_macro/wmask0[3]    0.040000    0.125774   -0.085774 (VIOLATED)
i_soc.i_ai_accel.u_input_mem/addr0[0]    0.040000    0.125528   -0.085528 (VIOLATED)
i_soc.i_ai_sram.u_sram.gen_bank[6].gen_512.u_macro/din0[12]    1.000000    1.085424   -0.085424 (VIOLATED)
i_soc.i_ai_sram.u_sram.gen_bank[10].gen_512.u_macro/din0[31]    1.000000    1.085199   -0.085199 (VIOLATED)
i_soc.i_qspi._12023_/A0                 1.000000    1.085031   -0.085031 (VIOLATED)
i_soc.i_qspi._12056_/A0                 1.000000    1.085030   -0.085030 (VIOLATED)
ANTENNA_i_soc.i_qspi._12023__A0/DIODE    1.000000    1.085027   -0.085027 (VIOLATED)
i_soc.i_qspi._12122_/A0                 1.000000    1.085027   -0.085027 (VIOLATED)
ANTENNA_i_soc.i_qspi._12056__A0/DIODE    1.000000    1.085026   -0.085026 (VIOLATED)
ANTENNA_i_soc.i_qspi._12122__A0/DIODE    1.000000    1.085025   -0.085025 (VIOLATED)
i_soc.i_qspi._12089_/A0                 1.000000    1.085011   -0.085011 (VIOLATED)
ANTENNA_i_soc.i_qspi._12089__A0/DIODE    1.000000    1.085007   -0.085007 (VIOLATED)
ANTENNA_i_soc.i_qspi._11924__A1/DIODE    1.000000    1.085001   -0.085001 (VIOLATED)
i_soc.i_qspi._11924_/A1                 1.000000    1.084998   -0.084998 (VIOLATED)
ANTENNA_i_soc.i_qspi._11990__A0/DIODE    1.000000    1.084997   -0.084997 (VIOLATED)
i_soc.i_qspi._11990_/A0                 1.000000    1.084997   -0.084997 (VIOLATED)
i_soc.i_qspi._11957_/A0                 1.000000    1.084992   -0.084992 (VIOLATED)
ANTENNA_i_soc.i_qspi._11957__A0/DIODE    1.000000    1.084991   -0.084991 (VIOLATED)
ANTENNA_i_soc.i_qspi._11891__A1/DIODE    1.000000    1.084977   -0.084977 (VIOLATED)
i_soc.i_qspi._11891_/A1                 1.000000    1.084965   -0.084965 (VIOLATED)
i_soc.i_qspi._11625_/A1                 1.000000    1.084928   -0.084928 (VIOLATED)
ANTENNA_i_soc.i_qspi._11625__A1/DIODE    1.000000    1.084924   -0.084924 (VIOLATED)
ANTENNA_i_soc.i_qspi._11592__A1/DIODE    1.000000    1.084905   -0.084905 (VIOLATED)
i_soc.i_qspi._11592_/A1                 1.000000    1.084898   -0.084898 (VIOLATED)
ANTENNA_i_soc.i_qspi._11757__A0/DIODE    1.000000    1.084869   -0.084869 (VIOLATED)
ANTENNA_i_soc.i_qspi._11724__A0/DIODE    1.000000    1.084817   -0.084817 (VIOLATED)
i_soc.i_qspi._11757_/A0                 1.000000    1.084779   -0.084779 (VIOLATED)
i_soc.i_qspi._11724_/A0                 1.000000    1.084778   -0.084778 (VIOLATED)
i_soc.i_data_sram.u_sram.gen_bank[3].gen_512.u_macro/wmask0[0]    0.040000    0.124758   -0.084758 (VIOLATED)
i_soc.i_qspi._11790_/A0                 1.000000    1.084746   -0.084746 (VIOLATED)
i_soc.i_qspi._11823_/A0                 1.000000    1.084745   -0.084745 (VIOLATED)
ANTENNA_i_soc.i_qspi._11790__A0/DIODE    1.000000    1.084740   -0.084740 (VIOLATED)
ANTENNA_i_soc.i_qspi._11823__A0/DIODE    1.000000    1.084731   -0.084731 (VIOLATED)
i_soc.i_qspi._11658_/A0                 1.000000    1.084665   -0.084665 (VIOLATED)
ANTENNA_i_soc.i_qspi._11658__A0/DIODE    1.000000    1.084627   -0.084627 (VIOLATED)
i_soc.i_gpio._217_/D                    1.000000    1.084616   -0.084616 (VIOLATED)
ANTENNA_i_soc.i_qspi._11691__A0/DIODE    1.000000    1.084604   -0.084604 (VIOLATED)
i_soc.i_qspi._11691_/A0                 1.000000    1.084604   -0.084604 (VIOLATED)
ANTENNA_i_soc.i_gpio._217__D/DIODE      1.000000    1.084587   -0.084587 (VIOLATED)
i_soc.i_data_sram.u_sram.gen_bank[3].gen_512.u_macro/wmask0[3]    0.040000    0.124504   -0.084504 (VIOLATED)
ANTENNA_i_soc.i_qspi._11126__A1/DIODE    1.000000    1.084448   -0.084447 (VIOLATED)
ANTENNA_i_soc.i_qspi._10752__A1/DIODE    1.000000    1.084406   -0.084405 (VIOLATED)
i_soc.i_qspi._11126_/A1                 1.000000    1.084394   -0.084394 (VIOLATED)
i_soc.i_qspi._10752_/A1                 1.000000    1.084393   -0.084393 (VIOLATED)
i_soc.i_qspi._11491_/A0                 1.000000    1.084340   -0.084340 (VIOLATED)
ANTENNA_i_soc.i_qspi._11491__A0/DIODE    1.000000    1.084339   -0.084339 (VIOLATED)
ANTENNA_i_soc.i_qspi._11856__A0/DIODE    1.000000    1.084284   -0.084284 (VIOLATED)
i_soc.i_data_sram.u_sram.gen_bank[2].gen_512.u_macro/addr0[0]    0.040000    0.124280   -0.084280 (VIOLATED)
i_soc.i_qspi._11856_/A0                 1.000000    1.084268   -0.084268 (VIOLATED)
i_soc.i_qspi._12784_/A0                 1.000000    1.084176   -0.084176 (VIOLATED)
ANTENNA_i_soc.i_qspi._12784__A0/DIODE    1.000000    1.084174   -0.084174 (VIOLATED)
i_soc.i_qspi._12751_/A0                 1.000000    1.084080   -0.084080 (VIOLATED)
ANTENNA_i_soc.i_qspi._12751__A0/DIODE    1.000000    1.084071   -0.084071 (VIOLATED)
i_soc.i_qspi._12586_/A0                 1.000000    1.084068   -0.084068 (VIOLATED)
i_soc.i_qspi._12223_/A0                 1.000000    1.084054   -0.084054 (VIOLATED)
ANTENNA_i_soc.i_qspi._12586__A0/DIODE    1.000000    1.084039   -0.084039 (VIOLATED)
ANTENNA_i_soc.i_qspi._12223__A0/DIODE    1.000000    1.083978   -0.083978 (VIOLATED)
i_soc.i_qspi._10856_/A0                 1.000000    1.083929   -0.083929 (VIOLATED)
ANTENNA_i_soc.i_qspi._10856__A0/DIODE    1.000000    1.083929   -0.083929 (VIOLATED)
ANTENNA_i_soc.i_qspi._10890__A0/DIODE    1.000000    1.083926   -0.083926 (VIOLATED)
i_soc.i_qspi._10890_/A0                 1.000000    1.083925   -0.083925 (VIOLATED)
i_soc.i_qspi._10924_/A0                 1.000000    1.083925   -0.083925 (VIOLATED)
ANTENNA_i_soc.i_qspi._10924__A0/DIODE    1.000000    1.083924   -0.083924 (VIOLATED)
i_soc.i_qspi._10958_/A0                 1.000000    1.083924   -0.083924 (VIOLATED)
ANTENNA_i_soc.i_qspi._10958__A0/DIODE    1.000000    1.083923   -0.083923 (VIOLATED)
i_soc.i_data_sram.u_sram.gen_bank[2].gen_512.u_macro/wmask0[2]    0.040000    0.123919   -0.083919 (VIOLATED)
i_soc.i_qspi._10788_/A0                 1.000000    1.083918   -0.083918 (VIOLATED)
ANTENNA_i_soc.i_qspi._10788__A0/DIODE    1.000000    1.083915   -0.083915 (VIOLATED)
i_soc.i_qspi._10822_/A0                 1.000000    1.083897   -0.083897 (VIOLATED)
ANTENNA_i_soc.i_qspi._10822__A0/DIODE    1.000000    1.083874   -0.083874 (VIOLATED)
i_soc.i_data_sram.u_sram.gen_bank[3].gen_512.u_macro/wmask0[2]    0.040000    0.123866   -0.083866 (VIOLATED)
ANTENNA_i_soc.i_qspi._12817__A1/DIODE    1.000000    1.083851   -0.083851 (VIOLATED)
i_soc.i_qspi._12817_/A1                 1.000000    1.083851   -0.083851 (VIOLATED)
ANTENNA_i_soc.i_qspi._12850__A1/DIODE    1.000000    1.083851   -0.083851 (VIOLATED)
i_soc.i_qspi._12850_/A1                 1.000000    1.083851   -0.083851 (VIOLATED)
ANTENNA_fanout1139_X/DIODE              1.000000    1.083849   -0.083849 (VIOLATED)
fanout1139/X                            1.000000    1.083847   -0.083847 (VIOLATED)
ANTENNA_i_soc.i_instr_sram.u_sram.gen_bank[2].gen_512.u_macro_din0[21]/DIODE    1.000000    1.083621   -0.083621 (VIOLATED)
ANTENNA_i_soc.i_data_sram.u_sram.gen_bank[1].gen_512.u_macro_din0[20]/DIODE    1.000000    1.083505   -0.083505 (VIOLATED)
ANTENNA_i_soc.i_gpio._216__D/DIODE      1.000000    1.083431   -0.083431 (VIOLATED)
i_soc.i_gpio._216_/D                    1.000000    1.083429   -0.083429 (VIOLATED)
ANTENNA_i_soc.i_instr_sram.u_sram.gen_bank[1].gen_512.u_macro_din0[15]/DIODE    1.000000    1.083398   -0.083398 (VIOLATED)
i_soc.i_data_sram.u_sram.gen_bank[2].gen_512.u_macro/addr0[1]    0.040000    0.123393   -0.083393 (VIOLATED)
ANTENNA_i_soc.i_crossbar._1619__X/DIODE    1.000000    1.083326   -0.083326 (VIOLATED)
ANTENNA_i_soc.i_ai_accel.u_input_mem_csb0/DIODE    1.000000    1.083318   -0.083318 (VIOLATED)
i_soc.i_crossbar._1619_/X               1.000000    1.083303   -0.083303 (VIOLATED)
i_soc.i_data_sram.u_sram.gen_bank[3].gen_512.u_macro/addr0[0]    0.040000    0.123296   -0.083296 (VIOLATED)
i_soc.i_ai_accel.u_input_mem/addr0[4]    0.040000    0.122921   -0.082921 (VIOLATED)
ANTENNA_i_soc.i_data_sram.u_sram.gen_bank[3].gen_512.u_macro_din0[9]/DIODE    1.000000    1.082592   -0.082592 (VIOLATED)
i_soc.i_ai_accel.u_input_mem/addr0[2]    0.040000    0.122559   -0.082559 (VIOLATED)
i_soc.i_instr_sram.u_sram.gen_bank[3].gen_512.u_macro/wmask0[1]    0.040000    0.122516   -0.082516 (VIOLATED)
output58/A                              1.000000    1.082411   -0.082411 (VIOLATED)
ANTENNA_output58_A/DIODE                1.000000    1.082380   -0.082380 (VIOLATED)
i_soc.i_instr_sram.u_sram.gen_bank[3].gen_512.u_macro/wmask0[0]    0.040000    0.122180   -0.082180 (VIOLATED)
i_soc.i_cpu.core_i.ex_stage_i.mult_i._17118_/A1    1.000000    1.082162   -0.082162 (VIOLATED)
i_soc.i_cpu.core_i.ex_stage_i.mult_i._17117_/A    1.000000    1.082158   -0.082158 (VIOLATED)
ANTENNA_i_soc.i_cpu.core_i.ex_stage_i.mult_i._17118__A1/DIODE    1.000000    1.082157   -0.082157 (VIOLATED)
ANTENNA_i_soc.i_cpu.core_i.ex_stage_i.mult_i._17117__A/DIODE    1.000000    1.082154   -0.082154 (VIOLATED)
i_soc.i_cpu.core_i.ex_stage_i.mult_i._17361_/A1    1.000000    1.082132   -0.082132 (VIOLATED)
ANTENNA_i_soc.i_cpu.core_i.ex_stage_i.mult_i._17361__A1/DIODE    1.000000    1.082115   -0.082115 (VIOLATED)
i_soc.i_data_sram.u_sram.gen_bank[0].gen_512.u_macro/addr1[8]    0.040000    0.122072   -0.082072 (VIOLATED)
i_soc.i_ai_sram.u_sram.gen_bank[0].gen_512.u_macro/din0[14]    1.000000    1.082013   -0.082013 (VIOLATED)
ANTENNA_i_soc.i_cpu.core_i.ex_stage_i.mult_i._16803__A/DIODE    1.000000    1.082009   -0.082009 (VIOLATED)
i_soc.i_cpu.core_i.ex_stage_i.mult_i._16803_/A    1.000000    1.082008   -0.082008 (VIOLATED)
i_soc.i_cpu.core_i.ex_stage_i.mult_i._16804_/B2    1.000000    1.082007   -0.082007 (VIOLATED)
ANTENNA_i_soc.i_cpu.core_i.ex_stage_i.mult_i._16804__B2/DIODE    1.000000    1.081996   -0.081996 (VIOLATED)
ANTENNA_i_soc.i_cpu.core_i.ex_stage_i.mult_i._16619__A1/DIODE    1.000000    1.081907   -0.081907 (VIOLATED)
i_soc.i_cpu.core_i.ex_stage_i.mult_i._16619_/A1    1.000000    1.081903   -0.081903 (VIOLATED)
i_soc.i_cpu.core_i.ex_stage_i.mult_i._16618_/A    1.000000    1.081866   -0.081866 (VIOLATED)
ANTENNA_i_soc.i_cpu.core_i.ex_stage_i.mult_i._16618__A/DIODE    1.000000    1.081865   -0.081865 (VIOLATED)
i_soc.i_ai_sram.u_sram.gen_bank[0].gen_512.u_macro/wmask0[2]    0.040000    0.121258   -0.081258 (VIOLATED)
i_soc.i_instr_sram.u_sram.gen_bank[2].gen_512.u_macro/addr0[1]    0.040000    0.121238   -0.081238 (VIOLATED)
i_soc.i_data_sram.u_sram.gen_bank[1].gen_512.u_macro/wmask0[1]    0.040000    0.121133   -0.081133 (VIOLATED)
i_soc.i_cpu.core_i.ex_stage_i.mult_i._18089_/B1    1.000000    1.081123   -0.081123 (VIOLATED)
i_soc.i_cpu.core_i.ex_stage_i.mult_i._18088_/D    1.000000    1.081120   -0.081120 (VIOLATED)
i_soc.i_instr_sram.u_sram.gen_bank[3].gen_512.u_macro/addr0[1]    0.040000    0.121100   -0.081100 (VIOLATED)
ANTENNA_i_soc.i_instr_sram.u_sram.gen_bank[3].gen_512.u_macro_din0[4]/DIODE    1.000000    1.081061   -0.081061 (VIOLATED)
ANTENNA_i_soc.i_cpu.core_i.ex_stage_i.mult_i._18088__D/DIODE    1.000000    1.081059   -0.081059 (VIOLATED)
ANTENNA_i_soc.i_cpu.core_i.ex_stage_i.mult_i._18089__B1/DIODE    1.000000    1.081005   -0.081005 (VIOLATED)
i_soc.i_instr_sram.u_sram.gen_bank[2].gen_512.u_macro/addr0[0]    0.040000    0.120985   -0.080985 (VIOLATED)
i_soc.i_instr_sram.u_sram.gen_bank[2].gen_512.u_macro/wmask0[3]    0.040000    0.120916   -0.080916 (VIOLATED)
i_soc.i_instr_sram.u_sram.gen_bank[3].gen_512.u_macro/addr0[0]    0.040000    0.120870   -0.080870 (VIOLATED)
ANTENNA_i_soc.i_cpu.core_i.ex_stage_i.mult_i._17814__B/DIODE    1.000000    1.080848   -0.080848 (VIOLATED)
ANTENNA_i_soc.i_cpu.core_i.ex_stage_i.mult_i._18753__A2_N/DIODE    1.000000    1.080788   -0.080788 (VIOLATED)
i_soc.i_cpu.core_i.ex_stage_i.mult_i._18753_/A2_N    1.000000    1.080788   -0.080788 (VIOLATED)
i_soc.i_cpu.core_i.ex_stage_i.mult_i._18752_/D    1.000000    1.080787   -0.080787 (VIOLATED)
ANTENNA_i_soc.i_cpu.core_i.ex_stage_i.mult_i._18752__D/DIODE    1.000000    1.080787   -0.080787 (VIOLATED)
i_soc.i_cpu.core_i.ex_stage_i.mult_i._18402_/C    1.000000    1.080773   -0.080773 (VIOLATED)
i_soc.i_cpu.core_i.ex_stage_i.mult_i._17815_/A2    1.000000    1.080773   -0.080773 (VIOLATED)
ANTENNA_i_soc.i_cpu.core_i.ex_stage_i.mult_i._18402__C/DIODE    1.000000    1.080771   -0.080771 (VIOLATED)
i_soc.i_cpu.core_i.ex_stage_i.mult_i._18403_/A2    1.000000    1.080763   -0.080763 (VIOLATED)
ANTENNA_i_soc.i_cpu.core_i.ex_stage_i.mult_i._18403__A2/DIODE    1.000000    1.080761   -0.080761 (VIOLATED)
ANTENNA_i_soc.i_cpu.core_i.ex_stage_i.mult_i._17815__A2/DIODE    1.000000    1.080736   -0.080736 (VIOLATED)
i_soc.i_cpu.core_i.ex_stage_i.mult_i._17814_/B    1.000000    1.080708   -0.080708 (VIOLATED)
i_soc.i_cpu.core_i.id_stage_i._3375_/A0    1.000000    1.080518   -0.080518 (VIOLATED)
ANTENNA_fanout4040_X/DIODE              1.000000    1.080509   -0.080509 (VIOLATED)
ANTENNA_i_soc.i_cpu.core_i.id_stage_i._3375__A0/DIODE    1.000000    1.080509   -0.080509 (VIOLATED)
fanout4040/X                            1.000000    1.080507   -0.080507 (VIOLATED)
ANTENNA_i_soc.i_instr_sram.u_sram.gen_bank[1].gen_512.u_macro_din0[14]/DIODE    1.000000    1.080449   -0.080449 (VIOLATED)
ANTENNA_i_soc.i_crossbar._1618__X/DIODE    1.000000    1.080371   -0.080371 (VIOLATED)
i_soc.i_crossbar._1618_/X               1.000000    1.080348   -0.080348 (VIOLATED)
i_soc.i_instr_sram.u_sram.gen_bank[3].gen_512.u_macro/wmask0[3]    0.040000    0.120129   -0.080129 (VIOLATED)
ANTENNA_i_soc.i_ai_sram.u_sram.gen_bank[0].gen_512.u_macro_din0[3]/DIODE    1.000000    1.079995   -0.079995 (VIOLATED)
ANTENNA_i_soc.i_instr_sram.u_sram.gen_bank[2].gen_512.u_macro_din0[29]/DIODE    1.000000    1.079969   -0.079969 (VIOLATED)
i_soc.i_data_sram.u_sram.gen_bank[0].gen_512.u_macro/wmask0[3]    0.040000    0.119814   -0.079814 (VIOLATED)
i_soc.i_data_sram.u_sram.gen_bank[0].gen_512.u_macro/wmask0[1]    0.040000    0.119627   -0.079627 (VIOLATED)
i_soc.i_ai_sram.u_sram.gen_bank[5].gen_512.u_macro/addr1[1]    0.040000    0.119542   -0.079542 (VIOLATED)
i_soc.i_ai_sram.u_sram._529_/B          1.000000    1.079510   -0.079510 (VIOLATED)
i_soc.i_instr_sram.u_sram.gen_bank[2].gen_512.u_macro/wmask0[1]    0.040000    0.119507   -0.079507 (VIOLATED)
ANTENNA_i_soc.i_ai_sram.u_sram._529__B/DIODE    1.000000    1.079496   -0.079496 (VIOLATED)
i_soc.i_ai_accel.u_conv_w_mem/addr0[1]    0.040000    0.119283   -0.079283 (VIOLATED)
i_soc.i_instr_sram.u_sram.gen_bank[2].gen_512.u_macro/wmask0[0]    0.040000    0.119249   -0.079249 (VIOLATED)
i_soc.i_data_sram.u_sram.gen_bank[0].gen_512.u_macro/wmask0[0]    0.040000    0.119206   -0.079206 (VIOLATED)
i_soc.i_ai_sram.u_sram.gen_bank[4].gen_512.u_macro/wmask0[2]    0.040000    0.119114   -0.079114 (VIOLATED)
i_soc.i_ai_sram.u_sram.gen_bank[7].gen_512.u_macro/addr1[7]    0.040000    0.119040   -0.079040 (VIOLATED)
i_soc.i_instr_sram.u_sram.gen_bank[0].gen_512.u_macro/addr1[8]    0.040000    0.118976   -0.078976 (VIOLATED)
i_soc.i_instr_sram.u_sram.gen_bank[1].gen_512.u_macro/addr1[8]    0.040000    0.118913   -0.078913 (VIOLATED)
i_soc.i_data_sram.u_sram.gen_bank[1].gen_512.u_macro/wmask0[0]    0.040000    0.118354   -0.078354 (VIOLATED)
ANTENNA_i_soc.i_ai_sram.u_sram._517__X/DIODE    1.000000    1.078336   -0.078336 (VIOLATED)
i_soc.i_ai_sram.u_sram._517_/X          1.000000    1.078313   -0.078313 (VIOLATED)
ANTENNA_input15_X/DIODE                 1.000000    1.078285   -0.078285 (VIOLATED)
input15/X                               1.000000    1.078241   -0.078241 (VIOLATED)
i_soc.i_ai_sram.u_sram.gen_bank[7].gen_512.u_macro/addr1[8]    0.040000    0.118227   -0.078227 (VIOLATED)
i_soc.i_instr_sram.u_sram.gen_bank[1].gen_512.u_macro/addr1[7]    0.040000    0.118211   -0.078211 (VIOLATED)
i_soc.i_data_sram.u_sram.gen_bank[1].gen_512.u_macro/addr0[1]    0.040000    0.118205   -0.078205 (VIOLATED)
i_soc.i_ai_accel.u_conv_w_mem/addr1[7]    0.040000    0.118161   -0.078161 (VIOLATED)
i_soc.i_ai_sram.u_sram.gen_bank[5].gen_512.u_macro/addr1[7]    0.040000    0.118029   -0.078029 (VIOLATED)
i_soc.i_data_sram.u_sram.gen_bank[1].gen_512.u_macro/wmask0[3]    0.040000    0.117918   -0.077918 (VIOLATED)
i_soc.i_ai_sram.u_sram.gen_bank[0].gen_512.u_macro/addr0[1]    0.040000    0.117838   -0.077838 (VIOLATED)
i_soc.i_ai_accel.u_conv_out.gen_bank[1].gen_512.u_macro/addr0[1]    0.040000    0.117758   -0.077758 (VIOLATED)
i_soc.i_ai_sram.u_sram.gen_bank[4].gen_512.u_macro/addr1[2]    0.040000    0.117551   -0.077551 (VIOLATED)
i_soc.i_ai_sram.u_sram.gen_bank[0].gen_512.u_macro/wmask0[1]    0.040000    0.117522   -0.077522 (VIOLATED)
i_soc.i_data_sram.u_sram.gen_bank[0].gen_512.u_macro/wmask0[2]    0.040000    0.117520   -0.077520 (VIOLATED)
i_soc.i_data_sram.u_sram.gen_bank[1].gen_512.u_macro/addr1[8]    0.040000    0.117342   -0.077342 (VIOLATED)
i_soc.i_ai_sram.u_sram.gen_bank[11].gen_512.u_macro/addr1[7]    0.040000    0.117339   -0.077339 (VIOLATED)
i_soc.i_instr_sram.u_sram.gen_bank[2].gen_512.u_macro/wmask0[2]    0.040000    0.117277   -0.077277 (VIOLATED)
i_soc.i_ai_sram.u_sram.gen_bank[9].gen_512.u_macro/addr1[7]    0.040000    0.117136   -0.077136 (VIOLATED)
i_soc.i_ai_sram.u_sram.gen_bank[0].gen_512.u_macro/addr0[0]    0.040000    0.117122   -0.077122 (VIOLATED)
i_soc.i_instr_sram.u_sram.gen_bank[0].gen_512.u_macro/addr1[7]    0.040000    0.117016   -0.077016 (VIOLATED)
i_soc.i_ai_sram.u_sram.gen_bank[11].gen_512.u_macro/addr1[8]    0.040000    0.116981   -0.076981 (VIOLATED)
i_soc.i_data_sram.u_sram.gen_bank[0].gen_512.u_macro/addr0[3]    0.040000    0.116736   -0.076736 (VIOLATED)
ANTENNA_i_soc.i_crossbar._1200__X/DIODE    1.000000    1.076697   -0.076697 (VIOLATED)
ANTENNA_i_soc.i_data_sram.u_sram.gen_bank[0].gen_512.u_macro_din0[14]/DIODE    1.000000    1.076626   -0.076626 (VIOLATED)
ANTENNA_i_soc.i_ai_sram.u_sram.gen_bank[0].gen_512.u_macro_din0[8]/DIODE    1.000000    1.076608   -0.076608 (VIOLATED)
i_soc.i_crossbar._1200_/X               1.000000    1.076590   -0.076590 (VIOLATED)
i_soc.i_ai_sram.u_sram.gen_bank[10].gen_512.u_macro/wmask0[3]    0.040000    0.116552   -0.076552 (VIOLATED)
i_soc.i_data_sram.u_sram.gen_bank[0].gen_512.u_macro/addr0[4]    0.040000    0.116459   -0.076459 (VIOLATED)
i_soc.i_instr_sram.u_sram.gen_bank[1].gen_512.u_macro/addr1[6]    0.040000    0.116403   -0.076403 (VIOLATED)
i_soc.i_ai_accel.u_conv_w_mem/addr1[6]    0.040000    0.116361   -0.076361 (VIOLATED)
i_soc.i_data_sram.u_sram.gen_bank[1].gen_512.u_macro/wmask0[2]    0.040000    0.116296   -0.076296 (VIOLATED)
i_soc.i_data_sram.u_sram.gen_bank[1].gen_512.u_macro/addr0[0]    0.040000    0.116291   -0.076291 (VIOLATED)
i_soc.i_ai_sram.u_sram.gen_bank[0].gen_512.u_macro/wmask0[3]    0.040000    0.116289   -0.076289 (VIOLATED)
i_soc.i_data_sram.u_sram.gen_bank[0].gen_512.u_macro/addr0[5]    0.040000    0.116271   -0.076271 (VIOLATED)
i_soc.i_data_sram.u_sram.gen_bank[1].gen_512.u_macro/addr0[5]    0.040000    0.116218   -0.076218 (VIOLATED)
i_soc.i_data_sram.u_sram.gen_bank[0].gen_512.u_macro/addr0[0]    0.040000    0.116144   -0.076144 (VIOLATED)
i_soc.i_instr_sram.u_sram.gen_bank[0].gen_512.u_macro/addr0[1]    0.040000    0.116075   -0.076075 (VIOLATED)
i_soc.i_ai_sram.u_sram.gen_bank[8].gen_512.u_macro/wmask0[2]    0.040000    0.116032   -0.076032 (VIOLATED)
i_soc.i_qspi._11804_/A0                 1.000000    1.076022   -0.076022 (VIOLATED)
ANTENNA_i_soc.i_qspi._11804__A0/DIODE    1.000000    1.076019   -0.076019 (VIOLATED)
i_soc.i_qspi._11771_/A0                 1.000000    1.076018   -0.076018 (VIOLATED)
ANTENNA_i_soc.i_qspi._11771__A0/DIODE    1.000000    1.076014   -0.076014 (VIOLATED)
i_soc.i_qspi._11639_/A0                 1.000000    1.076013   -0.076013 (VIOLATED)
ANTENNA_i_soc.i_qspi._11639__A0/DIODE    1.000000    1.076012   -0.076012 (VIOLATED)
ANTENNA_i_soc.i_qspi._11672__A0/DIODE    1.000000    1.076002   -0.076002 (VIOLATED)
i_soc.i_qspi._11672_/A0                 1.000000    1.075996   -0.075996 (VIOLATED)
ANTENNA_i_soc.i_qspi._11738__A0/DIODE    1.000000    1.075981   -0.075981 (VIOLATED)
i_soc.i_ai_sram.u_sram.gen_bank[7].gen_512.u_macro/addr1[6]    0.040000    0.115975   -0.075975 (VIOLATED)
i_soc.i_qspi._11705_/A0                 1.000000    1.075975   -0.075975 (VIOLATED)
i_soc.i_qspi._11738_/A0                 1.000000    1.075975   -0.075975 (VIOLATED)
ANTENNA_i_soc.i_qspi._11705__A0/DIODE    1.000000    1.075973   -0.075973 (VIOLATED)
i_soc.i_qspi._11573_/A1                 1.000000    1.075953   -0.075953 (VIOLATED)
ANTENNA_i_soc.i_qspi._11573__A1/DIODE    1.000000    1.075939   -0.075939 (VIOLATED)
i_soc.i_uart_0.i_uart_tx._293_/A1       1.000000    1.075919   -0.075919 (VIOLATED)
i_soc.i_qspi._11606_/A1                 1.000000    1.075913   -0.075913 (VIOLATED)
ANTENNA_i_soc.i_qspi._11606__A1/DIODE    1.000000    1.075888   -0.075888 (VIOLATED)
i_soc.i_qspi._12004_/A0                 1.000000    1.075880   -0.075880 (VIOLATED)
ANTENNA_i_soc.i_qspi._12004__A0/DIODE    1.000000    1.075878   -0.075878 (VIOLATED)
i_soc.i_qspi._12037_/A0                 1.000000    1.075878   -0.075878 (VIOLATED)
ANTENNA_i_soc.i_qspi._12037__A0/DIODE    1.000000    1.075876   -0.075876 (VIOLATED)
ANTENNA_i_soc.i_qspi._12103__A0/DIODE    1.000000    1.075873   -0.075873 (VIOLATED)
i_soc.i_qspi._12103_/A0                 1.000000    1.075869   -0.075869 (VIOLATED)
i_soc.i_qspi._12070_/A0                 1.000000    1.075855   -0.075855 (VIOLATED)
ANTENNA_i_soc.i_qspi._12070__A0/DIODE    1.000000    1.075854   -0.075854 (VIOLATED)
ANTENNA_i_soc.i_qspi._11905__A1/DIODE    1.000000    1.075820   -0.075820 (VIOLATED)
i_soc.i_ai_sram.u_sram.gen_bank[3].gen_512.u_macro/addr0[1]    0.040000    0.115807   -0.075807 (VIOLATED)
ANTENNA_i_soc.i_uart_0.i_uart_tx._293__A1/DIODE    1.000000    1.075801   -0.075800 (VIOLATED)
i_soc.i_qspi._11872_/A1                 1.000000    1.075798   -0.075798 (VIOLATED)
i_soc.i_qspi._11938_/A0                 1.000000    1.075797   -0.075797 (VIOLATED)
ANTENNA_i_soc.i_qspi._11938__A0/DIODE    1.000000    1.075797   -0.075797 (VIOLATED)
ANTENNA_i_soc.i_qspi._11872__A1/DIODE    1.000000    1.075797   -0.075797 (VIOLATED)
i_soc.i_qspi._11971_/A0                 1.000000    1.075796   -0.075796 (VIOLATED)
i_soc.i_data_sram.u_sram.gen_bank[0].gen_512.u_macro/addr0[8]    0.040000    0.115795   -0.075795 (VIOLATED)
ANTENNA_i_soc.i_qspi._11971__A0/DIODE    1.000000    1.075794   -0.075793 (VIOLATED)
i_soc.i_qspi._11905_/A1                 1.000000    1.075793   -0.075793 (VIOLATED)
i_soc.i_qspi._10714_/A1                 1.000000    1.075786   -0.075786 (VIOLATED)
ANTENNA_i_soc.i_qspi._10714__A1/DIODE    1.000000    1.075780   -0.075780 (VIOLATED)
ANTENNA_i_soc.i_qspi._11837__A0/DIODE    1.000000    1.075770   -0.075770 (VIOLATED)
i_soc.i_qspi._11837_/A0                 1.000000    1.075766   -0.075766 (VIOLATED)
i_soc.i_qspi._11107_/A1                 1.000000    1.075752   -0.075752 (VIOLATED)
i_soc.i_qspi._12567_/A0                 1.000000    1.075752   -0.075752 (VIOLATED)
ANTENNA_i_soc.i_qspi._12567__A0/DIODE    1.000000    1.075751   -0.075751 (VIOLATED)
ANTENNA_i_soc.i_qspi._11107__A1/DIODE    1.000000    1.075751   -0.075751 (VIOLATED)
i_soc.i_ai_sram.u_sram.gen_bank[7].gen_512.u_macro/addr1[2]    0.040000    0.115749   -0.075749 (VIOLATED)
ANTENNA_i_soc.i_qspi._11472__A0/DIODE    1.000000    1.075749   -0.075749 (VIOLATED)
i_soc.i_qspi._11472_/A0                 1.000000    1.075747   -0.075747 (VIOLATED)
ANTENNA_i_soc.i_qspi._12732__A0/DIODE    1.000000    1.075746   -0.075746 (VIOLATED)
i_soc.i_qspi._12732_/A0                 1.000000    1.075746   -0.075746 (VIOLATED)
i_soc.i_qspi._12765_/A0                 1.000000    1.075744   -0.075744 (VIOLATED)
ANTENNA_i_soc.i_uart_0.i_uart_tx._328__Q/DIODE    1.000000    1.075744   -0.075744 (VIOLATED)
ANTENNA_i_soc.i_qspi._12765__A0/DIODE    1.000000    1.075742   -0.075742 (VIOLATED)
i_soc.i_qspi._12204_/A0                 1.000000    1.075741   -0.075741 (VIOLATED)
ANTENNA_i_soc.i_qspi._12204__A0/DIODE    1.000000    1.075740   -0.075740 (VIOLATED)
i_soc.i_uart_0.i_uart_tx._328_/Q        1.000000    1.075735   -0.075735 (VIOLATED)
i_soc.i_qspi._10769_/A0                 1.000000    1.075723   -0.075723 (VIOLATED)
ANTENNA_i_soc.i_qspi._10769__A0/DIODE    1.000000    1.075722   -0.075722 (VIOLATED)
i_soc.i_qspi._10803_/A0                 1.000000    1.075719   -0.075719 (VIOLATED)
ANTENNA_i_soc.i_qspi._10803__A0/DIODE    1.000000    1.075718   -0.075718 (VIOLATED)
ANTENNA_i_soc.i_qspi._10837__A0/DIODE    1.000000    1.075706   -0.075706 (VIOLATED)
i_soc.i_qspi._10837_/A0                 1.000000    1.075706   -0.075706 (VIOLATED)
i_soc.i_qspi._10871_/A0                 1.000000    1.075706   -0.075706 (VIOLATED)
ANTENNA_i_soc.i_qspi._10871__A0/DIODE    1.000000    1.075705   -0.075705 (VIOLATED)
i_soc.i_qspi._12798_/A1                 1.000000    1.075704   -0.075704 (VIOLATED)
ANTENNA_i_soc.i_qspi._12798__A1/DIODE    1.000000    1.075704   -0.075703 (VIOLATED)
ANTENNA_i_soc.i_qspi._12831__A1/DIODE    1.000000    1.075703   -0.075703 (VIOLATED)
i_soc.i_qspi._12831_/A1                 1.000000    1.075703   -0.075703 (VIOLATED)
i_soc.i_qspi._10905_/A0                 1.000000    1.075690   -0.075690 (VIOLATED)
i_soc.i_ai_sram.u_sram.gen_bank[12].gen_512.u_macro/addr1[7]    0.040000    0.115688   -0.075688 (VIOLATED)
ANTENNA_fanout1475_X/DIODE              1.000000    1.075687   -0.075687 (VIOLATED)
ANTENNA_i_soc.i_qspi._10905__A0/DIODE    1.000000    1.075687   -0.075687 (VIOLATED)
ANTENNA_i_soc.i_qspi._10939__A0/DIODE    1.000000    1.075687   -0.075687 (VIOLATED)
fanout1475/X                            1.000000    1.075687   -0.075687 (VIOLATED)
i_soc.i_qspi._10939_/A0                 1.000000    1.075687   -0.075687 (VIOLATED)
i_soc.i_instr_sram.u_sram.gen_bank[1].gen_512.u_macro/addr1[4]    0.040000    0.115621   -0.075621 (VIOLATED)
i_soc.i_ai_sram.u_sram.gen_bank[6].gen_512.u_macro/addr1[8]    0.040000    0.115604   -0.075604 (VIOLATED)
i_soc.i_ai_accel.u_conv_w_mem/addr1[3]    0.040000    0.115497   -0.075497 (VIOLATED)
i_soc.i_ai_sram.u_sram.gen_bank[14].gen_512.u_macro/addr0[1]    0.040000    0.115495   -0.075495 (VIOLATED)
i_soc.i_ai_sram.u_sram.gen_bank[10].gen_512.u_macro/addr0[1]    0.040000    0.115432   -0.075432 (VIOLATED)
i_soc.i_data_sram.u_sram.gen_bank[0].gen_512.u_macro/addr0[1]    0.040000    0.115357   -0.075357 (VIOLATED)
i_soc.i_ai_sram.u_sram.gen_bank[14].gen_512.u_macro/addr1[1]    0.040000    0.115265   -0.075265 (VIOLATED)
i_soc.i_data_sram.u_sram.gen_bank[1].gen_512.u_macro/addr1[7]    0.040000    0.115225   -0.075225 (VIOLATED)
i_soc.i_gpio._213_/D                    1.000000    1.075171   -0.075171 (VIOLATED)
ANTENNA_i_soc.i_gpio._213__D/DIODE      1.000000    1.075166   -0.075166 (VIOLATED)
ANTENNA_i_soc.i_ai_sram.u_sram.gen_bank[4].gen_512.u_macro_din0[16]/DIODE    1.000000    1.075128   -0.075128 (VIOLATED)
i_soc.i_data_sram.u_sram.gen_bank[0].gen_512.u_macro/addr1[7]    0.040000    0.115079   -0.075079 (VIOLATED)
i_soc.i_data_sram.u_sram.gen_bank[2].gen_512.u_macro/addr1[0]    0.040000    0.115073   -0.075073 (VIOLATED)
i_soc.i_ai_sram.u_sram.gen_bank[0].gen_512.u_macro/wmask0[0]    0.040000    0.114869   -0.074869 (VIOLATED)
i_soc.i_ai_sram.u_sram.gen_bank[10].gen_512.u_macro/addr1[7]    0.040000    0.114864   -0.074864 (VIOLATED)
i_soc.i_ai_sram.u_sram.gen_bank[3].gen_512.u_macro/wmask0[1]    0.040000    0.114856   -0.074856 (VIOLATED)
i_soc.i_ai_sram.u_sram.gen_bank[4].gen_512.u_macro/addr1[6]    0.040000    0.114851   -0.074851 (VIOLATED)
i_soc.i_ai_sram.u_sram.gen_bank[11].gen_512.u_macro/addr1[6]    0.040000    0.114819   -0.074819 (VIOLATED)
i_soc.i_ai_sram.u_sram.gen_bank[6].gen_512.u_macro/addr1[7]    0.040000    0.114799   -0.074799 (VIOLATED)
i_soc.i_ai_sram.u_sram.gen_bank[14].gen_512.u_macro/addr0[8]    0.040000    0.114790   -0.074790 (VIOLATED)
i_soc.i_ai_accel.u_input_mem/addr0[8]    0.040000    0.114777   -0.074777 (VIOLATED)
i_soc.i_ai_sram.u_sram.gen_bank[7].gen_512.u_macro/addr1[4]    0.040000    0.114756   -0.074756 (VIOLATED)
i_soc.i_data_sram.u_sram.gen_bank[1].gen_512.u_macro/addr0[3]    0.040000    0.114706   -0.074706 (VIOLATED)
i_soc.i_ai_sram.u_sram.gen_bank[13].gen_512.u_macro/addr1[7]    0.040000    0.114644   -0.074644 (VIOLATED)
i_soc.i_instr_sram.u_sram.gen_bank[0].gen_512.u_macro/addr0[0]    0.040000    0.114576   -0.074576 (VIOLATED)
i_soc.i_ai_sram.u_sram.gen_bank[3].gen_512.u_macro/wmask0[0]    0.040000    0.114541   -0.074541 (VIOLATED)
i_soc.i_ai_sram.u_sram.gen_bank[8].gen_512.u_macro/addr1[2]    0.040000    0.114445   -0.074445 (VIOLATED)
i_soc.i_ai_sram.u_sram.gen_bank[10].gen_512.u_macro/addr1[8]    0.040000    0.114370   -0.074370 (VIOLATED)
i_soc.i_ai_sram.u_sram.gen_bank[4].gen_512.u_macro/wmask0[1]    0.040000    0.114334   -0.074334 (VIOLATED)
i_soc.i_ai_sram.u_sram.gen_bank[4].gen_512.u_macro/addr1[7]    0.040000    0.114294   -0.074294 (VIOLATED)
i_soc.i_data_sram.u_sram.gen_bank[1].gen_512.u_macro/addr0[4]    0.040000    0.114230   -0.074230 (VIOLATED)
i_soc.i_ai_sram.u_sram.gen_bank[4].gen_512.u_macro/addr1[3]    0.040000    0.113974   -0.073974 (VIOLATED)
i_soc.i_instr_sram.u_sram.gen_bank[1].gen_512.u_macro/addr1[5]    0.040000    0.113941   -0.073941 (VIOLATED)
i_soc.i_ai_sram.u_sram.gen_bank[8].gen_512.u_macro/addr1[6]    0.040000    0.113907   -0.073907 (VIOLATED)
i_soc.i_ai_sram.u_sram.gen_bank[3].gen_512.u_macro/addr0[0]    0.040000    0.113875   -0.073875 (VIOLATED)
i_soc.i_instr_sram.u_sram.gen_bank[0].gen_512.u_macro/addr0[3]    0.040000    0.113861   -0.073861 (VIOLATED)
i_soc.i_ai_sram.u_sram.gen_bank[6].gen_512.u_macro/addr0[6]    0.040000    0.113851   -0.073851 (VIOLATED)
i_soc.i_ai_sram.u_sram.gen_bank[8].gen_512.u_macro/wmask0[1]    0.040000    0.113831   -0.073831 (VIOLATED)
i_soc.i_ai_sram.u_sram.gen_bank[4].gen_512.u_macro/addr0[0]    0.040000    0.113766   -0.073766 (VIOLATED)
i_soc.i_ai_sram.u_sram.gen_bank[4].gen_512.u_macro/addr0[1]    0.040000    0.113759   -0.073759 (VIOLATED)
i_soc.i_ai_sram.u_sram.gen_bank[2].gen_512.u_macro/din0[10]    1.000000    1.073735   -0.073735 (VIOLATED)
i_soc.i_ai_sram.u_sram.gen_bank[11].gen_512.u_macro/addr1[4]    0.040000    0.113708   -0.073708 (VIOLATED)
i_soc.i_ai_sram.u_sram.gen_bank[8].gen_512.u_macro/addr0[1]    0.040000    0.113704   -0.073704 (VIOLATED)
i_soc.i_ai_sram.u_sram.gen_bank[14].gen_512.u_macro/wmask0[3]    0.040000    0.113661   -0.073661 (VIOLATED)
i_soc.i_ai_sram.u_sram.gen_bank[14].gen_512.u_macro/addr1[8]    0.040000    0.113621   -0.073621 (VIOLATED)
i_soc.i_ai_sram.u_sram.gen_bank[10].gen_512.u_macro/addr0[7]    0.040000    0.113596   -0.073596 (VIOLATED)
i_soc.i_ai_sram.u_sram.gen_bank[4].gen_512.u_macro/addr0[4]    0.040000    0.113555   -0.073555 (VIOLATED)
i_soc.i_data_sram.u_sram.gen_bank[3].gen_512.u_macro/addr1[0]    0.040000    0.113430   -0.073430 (VIOLATED)
i_soc.i_ai_sram.u_sram.gen_bank[8].gen_512.u_macro/addr0[0]    0.040000    0.113341   -0.073341 (VIOLATED)
i_soc.i_ai_sram.u_sram.gen_bank[7].gen_512.u_macro/addr1[5]    0.040000    0.113302   -0.073302 (VIOLATED)
ANTENNA_i_soc.i_instr_sram.u_sram.gen_bank[1].gen_512.u_macro_din0[30]/DIODE    1.000000    1.073273   -0.073273 (VIOLATED)
ANTENNA_i_soc.i_crossbar._1634__X/DIODE    1.000000    1.073216   -0.073216 (VIOLATED)
i_soc.i_ai_sram.u_sram.gen_bank[14].gen_512.u_macro/addr1[7]    0.040000    0.113207   -0.073207 (VIOLATED)
i_soc.i_instr_sram.u_sram.gen_bank[1].gen_512.u_macro/wmask0[0]    0.040000    0.113195   -0.073195 (VIOLATED)
i_soc.i_crossbar._1634_/X               1.000000    1.073190   -0.073190 (VIOLATED)
i_soc.i_ai_sram.u_sram.gen_bank[4].gen_512.u_macro/addr1[5]    0.040000    0.113181   -0.073181 (VIOLATED)
ANTENNA_i_soc.i_data_sram.u_sram.gen_bank[3].gen_512.u_macro_din0[3]/DIODE    1.000000    1.073156   -0.073156 (VIOLATED)
i_soc.i_ai_sram.u_sram.gen_bank[4].gen_512.u_macro/wmask0[3]    0.040000    0.113119   -0.073119 (VIOLATED)
i_soc.i_ai_sram.u_sram.gen_bank[2].gen_512.u_macro/wmask0[1]    0.040000    0.113011   -0.073011 (VIOLATED)
i_soc.i_ai_sram.u_sram.gen_bank[5].gen_512.u_macro/addr1[4]    0.040000    0.112993   -0.072993 (VIOLATED)
i_soc.i_ai_sram.u_sram.gen_bank[4].gen_512.u_macro/addr0[3]    0.040000    0.112977   -0.072977 (VIOLATED)
i_soc.i_ai_accel.u_input_mem/addr1[6]    0.040000    0.112976   -0.072976 (VIOLATED)
ANTENNA_i_soc.i_ai_sram.u_sram._694__B/DIODE    1.000000    1.072966   -0.072966 (VIOLATED)
i_soc.i_ai_sram.u_sram._694_/B          1.000000    1.072961   -0.072961 (VIOLATED)
i_soc.i_ai_accel.u_conv_w_mem/addr0[2]    0.040000    0.112949   -0.072949 (VIOLATED)
i_soc.i_ai_sram.u_sram.gen_bank[7].gen_512.u_macro/wmask0[0]    0.040000    0.112877   -0.072877 (VIOLATED)
i_soc.i_ai_sram.u_sram.gen_bank[7].gen_512.u_macro/addr0[8]    0.040000    0.112872   -0.072872 (VIOLATED)
i_soc.i_ai_sram.u_sram.gen_bank[8].gen_512.u_macro/addr1[7]    0.040000    0.112871   -0.072871 (VIOLATED)
i_soc.i_data_sram.u_sram.gen_bank[0].gen_512.u_macro/addr0[7]    0.040000    0.112853   -0.072853 (VIOLATED)
i_soc.i_instr_sram.u_sram.gen_bank[0].gen_512.u_macro/wmask0[2]    0.040000    0.112843   -0.072843 (VIOLATED)
i_soc.i_instr_sram.u_sram.gen_bank[0].gen_512.u_macro/wmask0[1]    0.040000    0.112818   -0.072818 (VIOLATED)
i_soc.i_ai_sram.u_sram.gen_bank[4].gen_512.u_macro/addr1[1]    0.040000    0.112783   -0.072783 (VIOLATED)
i_soc.i_instr_sram.u_sram.gen_bank[0].gen_512.u_macro/addr1[4]    0.040000    0.112769   -0.072769 (VIOLATED)
i_soc.i_instr_sram.u_sram.gen_bank[1].gen_512.u_macro/addr1[3]    0.040000    0.112769   -0.072769 (VIOLATED)
i_soc.i_ai_sram.u_sram.gen_bank[4].gen_512.u_macro/addr1[0]    0.040000    0.112738   -0.072738 (VIOLATED)
i_soc.i_ai_sram.u_sram.gen_bank[4].gen_512.u_macro/addr0[8]    0.040000    0.112727   -0.072727 (VIOLATED)
i_soc.i_ai_sram.u_sram.gen_bank[7].gen_512.u_macro/wmask0[1]    0.040000    0.112722   -0.072722 (VIOLATED)
i_soc.i_ai_sram.u_sram.gen_bank[12].gen_512.u_macro/addr1[6]    0.040000    0.112701   -0.072701 (VIOLATED)
i_soc.i_instr_sram.u_sram.gen_bank[1].gen_512.u_macro/addr1[2]    0.040000    0.112700   -0.072700 (VIOLATED)
i_soc.i_ai_sram.u_sram.gen_bank[2].gen_512.u_macro/addr0[1]    0.040000    0.112621   -0.072621 (VIOLATED)
i_soc.i_instr_sram.u_sram.gen_bank[0].gen_512.u_macro/wmask0[3]    0.040000    0.112610   -0.072610 (VIOLATED)
i_soc.i_instr_sram.u_sram.gen_bank[0].gen_512.u_macro/addr1[2]    0.040000    0.112596   -0.072596 (VIOLATED)
i_soc.i_ai_sram.u_sram.gen_bank[5].gen_512.u_macro/addr1[8]    0.040000    0.112579   -0.072579 (VIOLATED)
i_soc.i_ai_accel.u_conv_w_mem/addr1[4]    0.040000    0.112567   -0.072567 (VIOLATED)
i_soc.i_ai_sram.u_sram.gen_bank[6].gen_512.u_macro/addr0[5]    0.040000    0.112566   -0.072566 (VIOLATED)
i_soc.i_ai_sram.u_sram.gen_bank[7].gen_512.u_macro/addr0[1]    0.040000    0.112563   -0.072563 (VIOLATED)
i_soc.i_instr_sram.u_sram.gen_bank[0].gen_512.u_macro/addr1[6]    0.040000    0.112562   -0.072562 (VIOLATED)
i_soc.i_ai_accel.u_conv_out.gen_bank[1].gen_512.u_macro/addr1[8]    0.040000    0.112556   -0.072556 (VIOLATED)
i_soc.i_data_sram.u_sram.gen_bank[1].gen_512.u_macro/addr1[0]    0.040000    0.112537   -0.072537 (VIOLATED)
i_soc.i_ai_sram.u_sram.gen_bank[1].gen_512.u_macro/addr0[0]    0.040000    0.112535   -0.072535 (VIOLATED)
i_soc.i_ai_sram.u_sram.gen_bank[4].gen_512.u_macro/addr1[4]    0.040000    0.112506   -0.072506 (VIOLATED)
i_soc.i_ai_sram.u_sram.gen_bank[10].gen_512.u_macro/addr1[6]    0.040000    0.112505   -0.072505 (VIOLATED)
i_soc.i_ai_accel.u_conv_out.gen_bank[1].gen_512.u_macro/addr1[7]    0.040000    0.112471   -0.072471 (VIOLATED)
i_soc.i_ai_sram.u_sram.gen_bank[3].gen_512.u_macro/wmask0[3]    0.040000    0.112470   -0.072470 (VIOLATED)
i_soc.i_data_sram.u_sram.gen_bank[0].gen_512.u_macro/addr0[6]    0.040000    0.112436   -0.072436 (VIOLATED)
i_soc.i_instr_sram.u_sram.gen_bank[1].gen_512.u_macro/wmask0[2]    0.040000    0.112429   -0.072429 (VIOLATED)
i_soc.i_ai_sram.u_sram.gen_bank[8].gen_512.u_macro/addr0[6]    0.040000    0.112425   -0.072425 (VIOLATED)
i_soc.i_instr_sram.u_sram.gen_bank[0].gen_512.u_macro/wmask0[0]    0.040000    0.112417   -0.072417 (VIOLATED)
i_soc.i_instr_sram.u_sram.gen_bank[3].gen_512.u_macro/addr1[1]    0.040000    0.112414   -0.072414 (VIOLATED)
i_soc.i_ai_sram.u_sram.gen_bank[2].gen_512.u_macro/wmask0[0]    0.040000    0.112403   -0.072403 (VIOLATED)
i_soc.i_ai_sram.u_sram.gen_bank[10].gen_512.u_macro/addr1[4]    0.040000    0.112352   -0.072352 (VIOLATED)
i_soc.i_data_sram.u_sram.gen_bank[0].gen_512.u_macro/addr1[0]    0.040000    0.112341   -0.072341 (VIOLATED)
i_soc.i_ai_sram.u_sram.gen_bank[6].gen_512.u_macro/addr1[2]    0.040000    0.112313   -0.072313 (VIOLATED)
i_soc.i_data_sram.u_sram.gen_bank[0].gen_512.u_macro/addr1[6]    0.040000    0.112302   -0.072302 (VIOLATED)
ANTENNA_i_soc.i_instr_sram.u_sram.gen_bank[3].gen_512.u_macro_din0[31]/DIODE    1.000000    1.072293   -0.072293 (VIOLATED)
i_soc.i_ai_sram.u_sram.gen_bank[13].gen_512.u_macro/addr1[8]    0.040000    0.112288   -0.072288 (VIOLATED)
i_soc.i_data_sram.u_sram.gen_bank[0].gen_512.u_macro/addr1[5]    0.040000    0.112267   -0.072267 (VIOLATED)
i_soc.i_ai_sram.u_sram.gen_bank[9].gen_512.u_macro/addr1[4]    0.040000    0.112252   -0.072252 (VIOLATED)
i_soc.i_data_sram.u_sram.gen_bank[0].gen_512.u_macro/addr0[2]    0.040000    0.112237   -0.072237 (VIOLATED)
i_soc.i_ai_sram.u_sram.gen_bank[1].gen_512.u_macro/wmask0[2]    0.040000    0.112234   -0.072234 (VIOLATED)
i_soc.i_ai_sram.u_sram.gen_bank[4].gen_512.u_macro/addr0[2]    0.040000    0.112225   -0.072225 (VIOLATED)
i_soc.i_ai_sram.u_sram.gen_bank[2].gen_512.u_macro/addr0[0]    0.040000    0.112213   -0.072213 (VIOLATED)
i_soc.i_ai_sram.u_sram.gen_bank[7].gen_512.u_macro/addr0[0]    0.040000    0.112212   -0.072212 (VIOLATED)
i_soc.i_ai_sram.u_sram.gen_bank[1].gen_512.u_macro/addr0[1]    0.040000    0.112207   -0.072207 (VIOLATED)
i_soc.i_ai_sram.u_sram.gen_bank[9].gen_512.u_macro/addr1[1]    0.040000    0.112193   -0.072193 (VIOLATED)
i_soc.i_ai_sram.u_sram.gen_bank[1].gen_512.u_macro/din0[10]    1.000000    1.072184   -0.072184 (VIOLATED)
i_soc.i_ai_sram.u_sram.gen_bank[8].gen_512.u_macro/addr0[4]    0.040000    0.112160   -0.072160 (VIOLATED)
i_soc.i_ai_sram.u_sram.gen_bank[11].gen_512.u_macro/addr1[2]    0.040000    0.112155   -0.072155 (VIOLATED)
i_soc.i_instr_sram.u_sram.gen_bank[1].gen_512.u_macro/addr0[1]    0.040000    0.112083   -0.072083 (VIOLATED)
i_soc.i_instr_sram.u_sram.gen_bank[2].gen_512.u_macro/addr1[1]    0.040000    0.112070   -0.072070 (VIOLATED)
i_soc.i_ai_sram.u_sram.gen_bank[11].gen_512.u_macro/addr1[5]    0.040000    0.112051   -0.072051 (VIOLATED)
i_soc.i_data_sram.u_sram.gen_bank[1].gen_512.u_macro/addr0[2]    0.040000    0.112047   -0.072047 (VIOLATED)
i_soc.i_instr_sram.u_sram.gen_bank[2].gen_512.u_macro/addr1[0]    0.040000    0.112026   -0.072026 (VIOLATED)
i_soc.i_data_sram.u_sram.gen_bank[1].gen_512.u_macro/addr1[2]    0.040000    0.112015   -0.072015 (VIOLATED)
i_soc.i_ai_sram.u_sram.gen_bank[6].gen_512.u_macro/addr1[6]    0.040000    0.111968   -0.071968 (VIOLATED)
i_soc.i_ai_sram.u_sram.gen_bank[4].gen_512.u_macro/addr1[8]    0.040000    0.111956   -0.071956 (VIOLATED)
i_soc.i_ai_sram.u_sram.gen_bank[14].gen_512.u_macro/addr0[7]    0.040000    0.111952   -0.071952 (VIOLATED)
i_soc.i_instr_sram.u_sram.gen_bank[0].gen_512.u_macro/addr0[2]    0.040000    0.111938   -0.071938 (VIOLATED)
i_soc.i_ai_sram.u_sram.gen_bank[8].gen_512.u_macro/addr0[8]    0.040000    0.111934   -0.071934 (VIOLATED)
i_soc.i_ai_sram.u_sram.gen_bank[12].gen_512.u_macro/addr1[2]    0.040000    0.111929   -0.071929 (VIOLATED)
i_soc.i_ai_accel.u_input_mem/addr1[8]    0.040000    0.111912   -0.071912 (VIOLATED)
i_soc.i_instr_sram.u_sram.gen_bank[0].gen_512.u_macro/addr0[8]    0.040000    0.111911   -0.071911 (VIOLATED)
i_soc.i_ai_sram.u_sram.gen_bank[8].gen_512.u_macro/addr0[5]    0.040000    0.111901   -0.071901 (VIOLATED)
i_soc.i_ai_sram.u_sram.gen_bank[8].gen_512.u_macro/wmask0[0]    0.040000    0.111894   -0.071894 (VIOLATED)
i_soc.i_ai_sram.u_sram.gen_bank[4].gen_512.u_macro/wmask0[0]    0.040000    0.111887   -0.071887 (VIOLATED)
i_soc.i_ai_sram.u_sram.gen_bank[12].gen_512.u_macro/addr1[4]    0.040000    0.111777   -0.071777 (VIOLATED)
ANTENNA_i_soc.i_instr_sram.u_sram.gen_bank[3].gen_512.u_macro_din0[12]/DIODE    1.000000    1.071750   -0.071750 (VIOLATED)
i_soc.i_ai_sram.u_sram.gen_bank[1].gen_512.u_macro/wmask0[1]    0.040000    0.111744   -0.071744 (VIOLATED)
i_soc.i_ai_sram.u_sram.gen_bank[9].gen_512.u_macro/addr1[8]    0.040000    0.111737   -0.071737 (VIOLATED)
i_soc.i_ai_sram.u_sram.gen_bank[4].gen_512.u_macro/addr0[6]    0.040000    0.111719   -0.071719 (VIOLATED)
i_soc.i_ai_sram.u_sram.gen_bank[7].gen_512.u_macro/addr0[4]    0.040000    0.111697   -0.071697 (VIOLATED)
i_soc.i_instr_sram.u_sram.gen_bank[0].gen_512.u_macro/addr1[5]    0.040000    0.111692   -0.071692 (VIOLATED)
i_soc.i_ai_sram.u_sram.gen_bank[12].gen_512.u_macro/addr1[8]    0.040000    0.111681   -0.071681 (VIOLATED)
i_soc.i_ai_sram.u_sram.gen_bank[10].gen_512.u_macro/addr0[5]    0.040000    0.111634   -0.071634 (VIOLATED)
i_soc.i_ai_sram.u_sram.gen_bank[8].gen_512.u_macro/addr1[5]    0.040000    0.111624   -0.071624 (VIOLATED)
ANTENNA_i_soc.i_ai_sram.u_sram.gen_bank[2].gen_512.u_macro_din0[30]/DIODE    1.000000    1.071588   -0.071588 (VIOLATED)
i_soc.i_ai_sram.u_sram.gen_bank[14].gen_512.u_macro/addr0[3]    0.040000    0.111554   -0.071554 (VIOLATED)
i_soc.i_ai_sram.u_sram.gen_bank[1].gen_512.u_macro/wmask0[3]    0.040000    0.111540   -0.071540 (VIOLATED)
i_soc.i_instr_sram.u_sram.gen_bank[0].gen_512.u_macro/addr1[3]    0.040000    0.111533   -0.071533 (VIOLATED)
i_soc.i_ai_sram.u_sram.gen_bank[10].gen_512.u_macro/wmask0[2]    0.040000    0.111488   -0.071488 (VIOLATED)
i_soc.i_ai_sram.u_sram.gen_bank[8].gen_512.u_macro/addr1[8]    0.040000    0.111487   -0.071487 (VIOLATED)
i_soc.i_ai_sram.u_sram.gen_bank[4].gen_512.u_macro/addr0[7]    0.040000    0.111486   -0.071486 (VIOLATED)
i_soc.i_ai_sram.u_sram.gen_bank[8].gen_512.u_macro/addr1[4]    0.040000    0.111476   -0.071476 (VIOLATED)
i_soc.i_data_sram.u_sram.gen_bank[2].gen_512.u_macro/addr1[1]    0.040000    0.111465   -0.071465 (VIOLATED)
i_soc.i_ai_sram.u_sram.gen_bank[4].gen_512.u_macro/addr0[5]    0.040000    0.111458   -0.071458 (VIOLATED)
i_soc.i_ai_sram.u_sram.gen_bank[7].gen_512.u_macro/addr1[3]    0.040000    0.111410   -0.071410 (VIOLATED)
i_soc.i_ai_sram.u_sram.gen_bank[6].gen_512.u_macro/addr1[1]    0.040000    0.111410   -0.071410 (VIOLATED)
i_soc.i_ai_sram.u_sram.gen_bank[8].gen_512.u_macro/addr1[1]    0.040000    0.111381   -0.071381 (VIOLATED)
i_soc.i_ai_sram.u_sram.gen_bank[6].gen_512.u_macro/addr0[8]    0.040000    0.111342   -0.071342 (VIOLATED)
i_soc.i_ai_sram.u_sram.gen_bank[8].gen_512.u_macro/addr0[2]    0.040000    0.111306   -0.071306 (VIOLATED)
i_soc.i_ai_sram.u_sram.gen_bank[6].gen_512.u_macro/wmask0[1]    0.040000    0.111301   -0.071301 (VIOLATED)
i_soc.i_ai_sram.u_sram.gen_bank[6].gen_512.u_macro/addr0[3]    0.040000    0.111279   -0.071279 (VIOLATED)
i_soc.i_ai_sram.u_sram.gen_bank[14].gen_512.u_macro/addr1[3]    0.040000    0.111268   -0.071268 (VIOLATED)
i_soc.i_ai_sram.u_sram.gen_bank[14].gen_512.u_macro/addr0[4]    0.040000    0.111259   -0.071259 (VIOLATED)
i_soc.i_instr_sram.u_sram.gen_bank[3].gen_512.u_macro/addr1[0]    0.040000    0.111255   -0.071255 (VIOLATED)
i_soc.i_ai_sram.u_sram.gen_bank[3].gen_512.u_macro/din0[2]    1.000000    1.071240   -0.071240 (VIOLATED)
i_soc.i_data_sram.u_sram.gen_bank[0].gen_512.u_macro/addr1[2]    0.040000    0.111197   -0.071197 (VIOLATED)
i_soc.i_instr_sram.u_sram.gen_bank[1].gen_512.u_macro/wmask0[3]    0.040000    0.111185   -0.071185 (VIOLATED)
i_soc.i_data_sram.u_sram.gen_bank[0].gen_512.u_macro/addr1[4]    0.040000    0.111132   -0.071132 (VIOLATED)
i_soc.i_data_sram.u_sram.gen_bank[3].gen_512.u_macro/addr1[1]    0.040000    0.111103   -0.071103 (VIOLATED)
i_soc.i_ai_sram.u_sram.gen_bank[8].gen_512.u_macro/addr0[7]    0.040000    0.111089   -0.071089 (VIOLATED)
i_soc.i_instr_sram.u_sram.gen_bank[0].gen_512.u_macro/addr0[7]    0.040000    0.111088   -0.071088 (VIOLATED)
i_soc.i_ai_sram.u_sram.gen_bank[6].gen_512.u_macro/addr1[4]    0.040000    0.111057   -0.071057 (VIOLATED)
i_soc.i_ai_sram.u_sram.gen_bank[8].gen_512.u_macro/addr1[3]    0.040000    0.111055   -0.071055 (VIOLATED)
i_soc.i_ai_sram.u_sram.gen_bank[8].gen_512.u_macro/wmask0[3]    0.040000    0.110902   -0.070902 (VIOLATED)
i_soc.i_ai_sram.u_sram.gen_bank[10].gen_512.u_macro/addr1[2]    0.040000    0.110876   -0.070876 (VIOLATED)
i_soc.i_ai_sram.u_sram.gen_bank[14].gen_512.u_macro/addr0[5]    0.040000    0.110817   -0.070817 (VIOLATED)
i_soc.i_instr_sram.u_sram.gen_bank[1].gen_512.u_macro/addr1[1]    0.040000    0.110814   -0.070814 (VIOLATED)
i_soc.i_ai_sram.u_sram.gen_bank[14].gen_512.u_macro/addr1[2]    0.040000    0.110796   -0.070796 (VIOLATED)
i_soc.i_ai_sram.u_sram.gen_bank[10].gen_512.u_macro/wmask0[1]    0.040000    0.110790   -0.070790 (VIOLATED)
i_soc.i_data_sram.u_sram.gen_bank[1].gen_512.u_macro/addr0[7]    0.040000    0.110765   -0.070765 (VIOLATED)
i_soc.i_data_sram.u_sram.gen_bank[0].gen_512.u_macro/addr1[3]    0.040000    0.110719   -0.070719 (VIOLATED)
i_soc.i_ai_sram.u_sram.gen_bank[11].gen_512.u_macro/addr0[8]    0.040000    0.110713   -0.070713 (VIOLATED)
i_soc.i_instr_sram.u_sram.gen_bank[1].gen_512.u_macro/wmask0[1]    0.040000    0.110701   -0.070701 (VIOLATED)
i_soc.i_ai_sram.u_sram.gen_bank[9].gen_512.u_macro/addr0[0]    0.040000    0.110627   -0.070627 (VIOLATED)
i_soc.i_ai_sram.u_sram.gen_bank[14].gen_512.u_macro/addr0[0]    0.040000    0.110581   -0.070581 (VIOLATED)
i_soc.i_ai_sram.u_sram.gen_bank[10].gen_512.u_macro/addr1[5]    0.040000    0.110550   -0.070550 (VIOLATED)
i_soc.i_ai_sram.u_sram.gen_bank[6].gen_512.u_macro/addr1[3]    0.040000    0.110532   -0.070532 (VIOLATED)
i_soc.i_ai_sram.u_sram.gen_bank[11].gen_512.u_macro/addr0[1]    0.040000    0.110518   -0.070518 (VIOLATED)
i_soc.i_ai_sram.u_sram.gen_bank[5].gen_512.u_macro/addr1[2]    0.040000    0.110488   -0.070488 (VIOLATED)
i_soc.i_data_sram.u_sram.gen_bank[1].gen_512.u_macro/addr0[8]    0.040000    0.110470   -0.070470 (VIOLATED)
i_soc.i_ai_sram.u_sram.gen_bank[10].gen_512.u_macro/wmask0[0]    0.040000    0.110442   -0.070442 (VIOLATED)
i_soc.i_ai_sram.u_sram.gen_bank[10].gen_512.u_macro/addr0[3]    0.040000    0.110435   -0.070435 (VIOLATED)
i_soc.i_ai_sram.u_sram.gen_bank[3].gen_512.u_macro/wmask0[2]    0.040000    0.110411   -0.070411 (VIOLATED)
i_soc.i_ai_sram.u_sram.gen_bank[5].gen_512.u_macro/addr0[1]    0.040000    0.110384   -0.070384 (VIOLATED)
i_soc.i_ai_sram.u_sram.gen_bank[14].gen_512.u_macro/wmask0[1]    0.040000    0.110379   -0.070379 (VIOLATED)
i_soc.i_ai_sram.u_sram.gen_bank[5].gen_512.u_macro/wmask0[2]    0.040000    0.110369   -0.070369 (VIOLATED)
i_soc.i_ai_sram.u_sram.gen_bank[5].gen_512.u_macro/addr0[0]    0.040000    0.110357   -0.070357 (VIOLATED)
i_soc.i_ai_sram.u_sram.gen_bank[11].gen_512.u_macro/wmask0[0]    0.040000    0.110313   -0.070313 (VIOLATED)
i_soc.i_ai_sram.u_sram.gen_bank[6].gen_512.u_macro/addr1[5]    0.040000    0.110299   -0.070299 (VIOLATED)
i_soc.i_ai_sram.u_sram.gen_bank[8].gen_512.u_macro/addr0[3]    0.040000    0.110287   -0.070287 (VIOLATED)
i_soc.i_ai_sram.u_sram.gen_bank[14].gen_512.u_macro/addr1[0]    0.040000    0.110278   -0.070278 (VIOLATED)
i_soc.i_instr_sram.u_sram.gen_bank[1].gen_512.u_macro/addr0[3]    0.040000    0.110259   -0.070259 (VIOLATED)
i_soc.i_data_sram.u_sram.gen_bank[1].gen_512.u_macro/addr0[6]    0.040000    0.110242   -0.070242 (VIOLATED)
i_soc.i_ai_sram.u_sram.gen_bank[9].gen_512.u_macro/addr0[4]    0.040000    0.110238   -0.070238 (VIOLATED)
i_soc.i_data_sram.u_sram.gen_bank[1].gen_512.u_macro/addr1[4]    0.040000    0.110200   -0.070200 (VIOLATED)
i_soc.i_ai_sram.u_sram.gen_bank[7].gen_512.u_macro/addr0[7]    0.040000    0.110171   -0.070171 (VIOLATED)
i_soc.i_ai_sram.u_sram.gen_bank[9].gen_512.u_macro/addr0[1]    0.040000    0.110165   -0.070165 (VIOLATED)
i_soc.i_ai_accel.u_conv_out.gen_bank[1].gen_512.u_macro/addr0[8]    0.040000    0.110119   -0.070119 (VIOLATED)
i_soc.i_instr_sram.u_sram.gen_bank[0].gen_512.u_macro/addr1[1]    0.040000    0.110111   -0.070111 (VIOLATED)
i_soc.i_ai_sram.u_sram.gen_bank[6].gen_512.u_macro/addr0[7]    0.040000    0.110106   -0.070106 (VIOLATED)
i_soc.i_ai_accel.u_conv_out.gen_bank[1].gen_512.u_macro/addr0[7]    0.040000    0.110018   -0.070018 (VIOLATED)
i_soc.i_instr_sram.u_sram.gen_bank[1].gen_512.u_macro/addr0[0]    0.040000    0.110013   -0.070013 (VIOLATED)
i_soc.i_ai_sram.u_sram.gen_bank[7].gen_512.u_macro/addr0[5]    0.040000    0.110011   -0.070011 (VIOLATED)
i_soc.i_ai_sram.u_sram.gen_bank[14].gen_512.u_macro/wmask0[0]    0.040000    0.110010   -0.070010 (VIOLATED)
i_soc.i_ai_sram.u_sram.gen_bank[5].gen_512.u_macro/wmask0[3]    0.040000    0.110010   -0.070010 (VIOLATED)
ANTENNA_i_soc.i_instr_sram.u_sram.gen_bank[1].gen_512.u_macro_din0[20]/DIODE    1.000000    1.070007   -0.070007 (VIOLATED)
i_soc.i_ai_accel.u_conv_out.gen_bank[1].gen_512.u_macro/wmask0[2]    0.040000    0.110001   -0.070001 (VIOLATED)
i_soc.i_ai_sram.u_sram.gen_bank[10].gen_512.u_macro/addr0[4]    0.040000    0.110001   -0.070001 (VIOLATED)
i_soc.i_data_sram.u_sram.gen_bank[1].gen_512.u_macro/addr1[3]    0.040000    0.109996   -0.069996 (VIOLATED)
i_soc.i_ai_sram.u_sram.gen_bank[5].gen_512.u_macro/addr1[3]    0.040000    0.109996   -0.069996 (VIOLATED)
i_soc.i_ai_sram.u_sram.gen_bank[11].gen_512.u_macro/addr0[0]    0.040000    0.109988   -0.069988 (VIOLATED)
i_soc.i_ai_sram.u_sram.gen_bank[10].gen_512.u_macro/addr0[6]    0.040000    0.109960   -0.069960 (VIOLATED)
i_soc.i_instr_sram.u_sram.gen_bank[0].gen_512.u_macro/addr1[0]    0.040000    0.109948   -0.069948 (VIOLATED)
i_soc.i_data_sram.u_sram.gen_bank[1].gen_512.u_macro/addr1[1]    0.040000    0.109886   -0.069886 (VIOLATED)
i_soc.i_ai_sram.u_sram.gen_bank[10].gen_512.u_macro/addr0[8]    0.040000    0.109878   -0.069878 (VIOLATED)
i_soc.i_ai_sram.u_sram.gen_bank[1].gen_512.u_macro/wmask0[0]    0.040000    0.109873   -0.069873 (VIOLATED)
i_soc.i_ai_sram.u_sram.gen_bank[12].gen_512.u_macro/addr0[4]    0.040000    0.109873   -0.069873 (VIOLATED)
i_soc.i_instr_sram.u_sram.gen_bank[1].gen_512.u_macro/addr1[0]    0.040000    0.109862   -0.069862 (VIOLATED)
i_soc.i_ai_sram.u_sram.gen_bank[8].gen_512.u_macro/addr1[0]    0.040000    0.109859   -0.069859 (VIOLATED)
ANTENNA_i_soc.i_ai_sram.u_sram.gen_bank[4].gen_512.u_macro_din0[23]/DIODE    1.000000    1.069839   -0.069839 (VIOLATED)
i_soc.i_ai_sram.u_sram.gen_bank[6].gen_512.u_macro/wmask0[0]    0.040000    0.109829   -0.069829 (VIOLATED)
ANTENNA_i_soc.i_crossbar._1624__X/DIODE    1.000000    1.069806   -0.069806 (VIOLATED)
i_soc.i_ai_sram.u_sram.gen_bank[11].gen_512.u_macro/wmask0[1]    0.040000    0.109803   -0.069803 (VIOLATED)
i_soc.i_crossbar._1624_/X               1.000000    1.069783   -0.069783 (VIOLATED)
i_soc.i_ai_sram.u_sram.gen_bank[2].gen_512.u_macro/wmask0[3]    0.040000    0.109741   -0.069741 (VIOLATED)
i_soc.i_ai_accel.u_conv_out.gen_bank[1].gen_512.u_macro/wmask0[0]    0.040000    0.109725   -0.069725 (VIOLATED)
i_soc.i_ai_sram.u_sram.gen_bank[0].gen_512.u_macro/addr1[0]    0.040000    0.109716   -0.069716 (VIOLATED)
i_soc.i_ai_sram.u_sram.gen_bank[5].gen_512.u_macro/addr1[6]    0.040000    0.109654   -0.069654 (VIOLATED)
i_soc.i_ai_sram.u_sram.gen_bank[5].gen_512.u_macro/wmask0[1]    0.040000    0.109627   -0.069627 (VIOLATED)
i_soc.i_ai_sram.u_sram.gen_bank[6].gen_512.u_macro/addr0[2]    0.040000    0.109595   -0.069595 (VIOLATED)
i_soc.i_ai_sram.u_sram.gen_bank[10].gen_512.u_macro/addr1[3]    0.040000    0.109586   -0.069586 (VIOLATED)
i_soc.i_ai_accel.u_conv_out.gen_bank[1].gen_512.u_macro/addr0[3]    0.040000    0.109582   -0.069582 (VIOLATED)
i_soc.i_ai_sram.u_sram.gen_bank[12].gen_512.u_macro/addr0[8]    0.040000    0.109581   -0.069581 (VIOLATED)
i_soc.i_data_sram.u_sram.gen_bank[0].gen_512.u_macro/addr1[1]    0.040000    0.109511   -0.069511 (VIOLATED)
i_soc.i_ai_sram.u_sram.gen_bank[6].gen_512.u_macro/addr0[1]    0.040000    0.109394   -0.069394 (VIOLATED)
i_soc.i_ai_sram.u_sram.gen_bank[6].gen_512.u_macro/wmask0[3]    0.040000    0.109385   -0.069385 (VIOLATED)
i_soc.i_ai_sram.u_sram.gen_bank[11].gen_512.u_macro/addr0[5]    0.040000    0.109372   -0.069372 (VIOLATED)
i_soc.i_ai_sram.u_sram.gen_bank[14].gen_512.u_macro/addr0[6]    0.040000    0.109350   -0.069350 (VIOLATED)
i_soc.i_instr_sram.u_sram.gen_bank[1].gen_512.u_macro/addr0[7]    0.040000    0.109349   -0.069349 (VIOLATED)
i_soc.i_ai_sram.u_sram.gen_bank[5].gen_512.u_macro/wmask0[0]    0.040000    0.109311   -0.069311 (VIOLATED)
i_soc.i_data_sram.u_sram.gen_bank[1].gen_512.u_macro/addr1[6]    0.040000    0.109270   -0.069270 (VIOLATED)
i_soc.i_instr_sram.u_sram.gen_bank[0].gen_512.u_macro/addr0[4]    0.040000    0.109252   -0.069252 (VIOLATED)
i_soc.i_instr_sram.u_sram.gen_bank[1].gen_512.u_macro/addr0[6]    0.040000    0.109208   -0.069208 (VIOLATED)
i_soc.i_ai_sram.u_sram.gen_bank[10].gen_512.u_macro/addr0[2]    0.040000    0.109189   -0.069189 (VIOLATED)
i_soc.i_ai_sram.u_sram.gen_bank[9].gen_512.u_macro/wmask0[2]    0.040000    0.109169   -0.069169 (VIOLATED)
i_soc.i_instr_sram.u_sram.gen_bank[0].gen_512.u_macro/addr0[6]    0.040000    0.109080   -0.069080 (VIOLATED)
i_soc.i_ai_sram.u_sram.gen_bank[6].gen_512.u_macro/addr0[0]    0.040000    0.109064   -0.069064 (VIOLATED)
i_soc.i_ai_sram.u_sram.gen_bank[10].gen_512.u_macro/addr0[0]    0.040000    0.109034   -0.069034 (VIOLATED)
i_soc.i_ai_sram.u_sram.gen_bank[2].gen_512.u_macro/wmask0[2]    0.040000    0.109019   -0.069019 (VIOLATED)
i_soc.i_instr_sram.u_sram.gen_bank[1].gen_512.u_macro/addr0[4]    0.040000    0.109002   -0.069002 (VIOLATED)
i_soc.i_ai_sram.u_sram.gen_bank[9].gen_512.u_macro/addr1[6]    0.040000    0.108978   -0.068978 (VIOLATED)
i_soc.i_ai_sram.u_sram.gen_bank[9].gen_512.u_macro/wmask0[3]    0.040000    0.108959   -0.068959 (VIOLATED)
i_soc.i_ai_sram.u_sram.gen_bank[5].gen_512.u_macro/addr1[0]    0.040000    0.108949   -0.068949 (VIOLATED)
i_soc.i_data_sram.u_sram.gen_bank[1].gen_512.u_macro/addr1[5]    0.040000    0.108902   -0.068902 (VIOLATED)
i_soc.i_ai_sram.u_sram.gen_bank[12].gen_512.u_macro/addr0[7]    0.040000    0.108899   -0.068899 (VIOLATED)
ANTENNA_i_soc.i_instr_sram.u_sram.gen_bank[1].gen_512.u_macro_din0[31]/DIODE    1.000000    1.068884   -0.068884 (VIOLATED)
i_soc.i_ai_accel.u_conv_w_mem/addr1[5]    0.040000    0.108868   -0.068868 (VIOLATED)
i_soc.i_ai_sram.u_sram.gen_bank[5].gen_512.u_macro/addr0[8]    0.040000    0.108843   -0.068843 (VIOLATED)
i_soc.i_ai_sram.u_sram.gen_bank[9].gen_512.u_macro/addr1[2]    0.040000    0.108790   -0.068790 (VIOLATED)
i_soc.i_ai_sram.u_sram.gen_bank[14].gen_512.u_macro/addr1[5]    0.040000    0.108787   -0.068787 (VIOLATED)
i_soc.i_ai_sram.u_sram.gen_bank[12].gen_512.u_macro/addr1[5]    0.040000    0.108774   -0.068774 (VIOLATED)
i_soc.i_ai_sram.u_sram.gen_bank[9].gen_512.u_macro/wmask0[0]    0.040000    0.108762   -0.068762 (VIOLATED)
i_soc.i_ai_sram.u_sram.gen_bank[7].gen_512.u_macro/wmask0[3]    0.040000    0.108757   -0.068757 (VIOLATED)
i_soc.i_ai_sram.u_sram.gen_bank[9].gen_512.u_macro/addr0[5]    0.040000    0.108754   -0.068754 (VIOLATED)
i_soc.i_ai_sram.u_sram.gen_bank[9].gen_512.u_macro/wmask0[1]    0.040000    0.108724   -0.068724 (VIOLATED)
i_soc.i_ai_sram.u_sram.gen_bank[5].gen_512.u_macro/addr0[3]    0.040000    0.108720   -0.068720 (VIOLATED)
i_soc.i_ai_accel.u_conv_out.gen_bank[1].gen_512.u_macro/wmask0[1]    0.040000    0.108704   -0.068704 (VIOLATED)
ANTENNA_i_soc.i_crossbar._1635__X/DIODE    1.000000    1.068657   -0.068657 (VIOLATED)
i_soc.i_crossbar._1635_/X               1.000000    1.068630   -0.068630 (VIOLATED)
ANTENNA_i_soc.i_data_sram.u_sram.gen_bank[1].gen_512.u_macro_din0[0]/DIODE    1.000000    1.068617   -0.068617 (VIOLATED)
i_soc.i_ai_sram.u_sram.gen_bank[6].gen_512.u_macro/addr0[4]    0.040000    0.108615   -0.068615 (VIOLATED)
i_soc.i_ai_sram.u_sram.gen_bank[5].gen_512.u_macro/addr0[4]    0.040000    0.108591   -0.068591 (VIOLATED)
i_soc.i_ai_sram.u_sram.gen_bank[12].gen_512.u_macro/addr1[1]    0.040000    0.108567   -0.068567 (VIOLATED)
i_soc.i_ai_sram.u_sram.gen_bank[11].gen_512.u_macro/addr0[4]    0.040000    0.108519   -0.068519 (VIOLATED)
i_soc.i_ai_sram.u_sram.gen_bank[5].gen_512.u_macro/addr1[5]    0.040000    0.108501   -0.068501 (VIOLATED)
i_soc.i_ai_sram.u_sram.gen_bank[9].gen_512.u_macro/addr1[0]    0.040000    0.108497   -0.068497 (VIOLATED)
i_soc.i_ai_sram.u_sram.gen_bank[5].gen_512.u_macro/addr0[6]    0.040000    0.108488   -0.068488 (VIOLATED)
i_soc.i_ai_sram.u_sram.gen_bank[12].gen_512.u_macro/addr0[3]    0.040000    0.108473   -0.068473 (VIOLATED)
i_soc.i_ai_sram.u_sram.gen_bank[12].gen_512.u_macro/addr1[3]    0.040000    0.108470   -0.068470 (VIOLATED)
i_soc.i_ai_sram.u_sram.gen_bank[12].gen_512.u_macro/addr0[2]    0.040000    0.108450   -0.068450 (VIOLATED)
output42/A                              1.000000    1.068406   -0.068406 (VIOLATED)
i_soc.i_ai_sram.u_sram.gen_bank[7].gen_512.u_macro/addr1[0]    0.040000    0.108393   -0.068393 (VIOLATED)
i_soc.i_ai_sram.u_sram.gen_bank[11].gen_512.u_macro/addr1[3]    0.040000    0.108357   -0.068357 (VIOLATED)
i_soc.i_ai_sram.u_sram.gen_bank[5].gen_512.u_macro/addr0[7]    0.040000    0.108353   -0.068353 (VIOLATED)
ANTENNA_output42_A/DIODE                1.000000    1.068347   -0.068347 (VIOLATED)
i_soc.i_ai_sram.u_sram.gen_bank[7].gen_512.u_macro/addr0[3]    0.040000    0.108312   -0.068312 (VIOLATED)
i_soc.i_ai_accel.u_conv_out.gen_bank[0].gen_512.u_macro/addr1[1]    0.040000    0.108292   -0.068292 (VIOLATED)
i_soc.i_ai_sram.u_sram.gen_bank[10].gen_512.u_macro/addr1[0]    0.040000    0.108290   -0.068290 (VIOLATED)
i_soc.i_ai_sram.u_sram.gen_bank[7].gen_512.u_macro/addr0[6]    0.040000    0.108230   -0.068230 (VIOLATED)
i_soc.i_ai_sram.u_sram.gen_bank[9].gen_512.u_macro/addr1[3]    0.040000    0.108225   -0.068225 (VIOLATED)
i_soc.i_instr_sram.u_sram.gen_bank[0].gen_512.u_macro/addr0[5]    0.040000    0.108217   -0.068217 (VIOLATED)
i_soc.i_ai_sram.u_sram.gen_bank[12].gen_512.u_macro/wmask0[2]    0.040000    0.108211   -0.068211 (VIOLATED)
wire1860/A                              1.000000    1.068148   -0.068147 (VIOLATED)
i_soc.i_ai_sram.u_sram.gen_bank[14].gen_512.u_macro/addr1[4]    0.040000    0.108143   -0.068143 (VIOLATED)
ANTENNA_wire1860_A/DIODE                1.000000    1.068136   -0.068136 (VIOLATED)
i_soc.i_ai_sram.u_sram.gen_bank[7].gen_512.u_macro/addr0[2]    0.040000    0.108129   -0.068129 (VIOLATED)
i_soc.i_ai_sram.u_sram.gen_bank[14].gen_512.u_macro/addr0[2]    0.040000    0.108110   -0.068110 (VIOLATED)
i_soc.i_ai_sram.u_sram.gen_bank[12].gen_512.u_macro/addr1[0]    0.040000    0.108107   -0.068107 (VIOLATED)
i_soc.i_ai_sram.u_sram.gen_bank[10].gen_512.u_macro/addr1[1]    0.040000    0.108074   -0.068074 (VIOLATED)
ANTENNA_i_soc.i_instr_sram.u_sram.gen_bank[3].gen_512.u_macro_din0[11]/DIODE    1.000000    1.068055   -0.068055 (VIOLATED)
ANTENNA_i_soc.i_instr_sram.u_sram.gen_bank[0].gen_512.u_macro_din0[9]/DIODE    1.000000    1.068046   -0.068046 (VIOLATED)
i_soc.i_ai_sram.u_sram.gen_bank[9].gen_512.u_macro/addr1[5]    0.040000    0.108032   -0.068032 (VIOLATED)
i_soc.i_ai_sram.u_sram.gen_bank[9].gen_512.u_macro/addr0[2]    0.040000    0.108029   -0.068029 (VIOLATED)
i_soc.i_ai_sram.u_sram.gen_bank[9].gen_512.u_macro/addr0[3]    0.040000    0.108023   -0.068023 (VIOLATED)
i_soc.i_ai_sram.u_sram.gen_bank[14].gen_512.u_macro/addr1[6]    0.040000    0.108007   -0.068007 (VIOLATED)
i_soc.i_ai_accel.u_conv_w_mem/addr1[1]    0.040000    0.107950   -0.067950 (VIOLATED)
i_soc.i_instr_sram.u_sram.gen_bank[1].gen_512.u_macro/addr0[2]    0.040000    0.107926   -0.067926 (VIOLATED)
i_soc.i_ai_sram.u_sram.gen_bank[1].gen_512.u_macro/addr1[0]    0.040000    0.107915   -0.067915 (VIOLATED)
i_soc.i_ai_sram.u_sram.gen_bank[5].gen_512.u_macro/addr0[2]    0.040000    0.107886   -0.067886 (VIOLATED)
i_soc.i_ai_sram.u_sram.gen_bank[12].gen_512.u_macro/addr0[6]    0.040000    0.107874   -0.067874 (VIOLATED)
i_soc.i_ai_sram.u_sram.gen_bank[13].gen_512.u_macro/din0[27]    1.000000    1.067869   -0.067869 (VIOLATED)
i_soc.i_ai_sram.u_sram.gen_bank[9].gen_512.u_macro/addr0[8]    0.040000    0.107841   -0.067841 (VIOLATED)
i_soc.i_ai_sram.u_sram.gen_bank[11].gen_512.u_macro/addr0[7]    0.040000    0.107821   -0.067821 (VIOLATED)
i_soc.i_ai_accel.u_conv_out.gen_bank[1].gen_512.u_macro/addr0[6]    0.040000    0.107784   -0.067784 (VIOLATED)
i_soc.i_ai_accel.u_conv_out.gen_bank[1].gen_512.u_macro/addr0[4]    0.040000    0.107746   -0.067746 (VIOLATED)
i_soc.i_ai_accel.u_conv_out.gen_bank[1].gen_512.u_macro/addr1[0]    0.040000    0.107708   -0.067708 (VIOLATED)
i_soc.i_ai_accel.u_conv_out.gen_bank[0].gen_512.u_macro/addr1[0]    0.040000    0.107630   -0.067630 (VIOLATED)
i_soc.i_ai_sram.u_sram.gen_bank[7].gen_512.u_macro/addr1[1]    0.040000    0.107605   -0.067605 (VIOLATED)
i_soc.i_ai_sram.u_sram.gen_bank[6].gen_512.u_macro/wmask0[2]    0.040000    0.107507   -0.067507 (VIOLATED)
i_soc.i_ai_sram.u_sram.gen_bank[13].gen_512.u_macro/wmask0[0]    0.040000    0.107501   -0.067501 (VIOLATED)
i_soc.i_ai_sram.u_sram.gen_bank[5].gen_512.u_macro/addr0[5]    0.040000    0.107497   -0.067497 (VIOLATED)
i_soc.i_ai_sram.u_sram.gen_bank[9].gen_512.u_macro/addr0[6]    0.040000    0.107478   -0.067478 (VIOLATED)
i_soc.i_ai_accel.u_conv_out.gen_bank[0].gen_512.u_macro/addr0[2]    0.040000    0.107359   -0.067359 (VIOLATED)
i_soc.i_instr_sram.u_sram.gen_bank[1].gen_512.u_macro/addr0[5]    0.040000    0.107348   -0.067348 (VIOLATED)
i_soc.i_ai_sram.u_sram.gen_bank[6].gen_512.u_macro/addr1[0]    0.040000    0.107331   -0.067331 (VIOLATED)
i_soc.i_ai_sram.u_sram.gen_bank[11].gen_512.u_macro/addr1[0]    0.040000    0.107329   -0.067329 (VIOLATED)
i_soc.i_instr_sram.u_sram.gen_bank[1].gen_512.u_macro/addr0[8]    0.040000    0.107286   -0.067286 (VIOLATED)
i_soc.i_ai_accel.u_conv_w_mem/addr1[0]    0.040000    0.107260   -0.067260 (VIOLATED)
i_soc.i_ai_accel.u_conv_out.gen_bank[1].gen_512.u_macro/addr1[1]    0.040000    0.107247   -0.067247 (VIOLATED)
i_soc.i_ai_sram.u_sram.gen_bank[12].gen_512.u_macro/addr0[1]    0.040000    0.107216   -0.067216 (VIOLATED)
i_soc.i_ai_sram.u_sram.gen_bank[9].gen_512.u_macro/addr0[7]    0.040000    0.107193   -0.067193 (VIOLATED)
i_soc.i_ai_sram.u_sram.gen_bank[12].gen_512.u_macro/addr0[5]    0.040000    0.107129   -0.067129 (VIOLATED)
i_soc.i_ai_accel.u_input_mem/addr1[4]    0.040000    0.107121   -0.067121 (VIOLATED)
i_soc.i_ai_sram.u_sram.gen_bank[13].gen_512.u_macro/addr0[8]    0.040000    0.107108   -0.067108 (VIOLATED)
i_soc.i_ai_sram.u_sram.gen_bank[13].gen_512.u_macro/addr1[3]    0.040000    0.107105   -0.067105 (VIOLATED)
i_soc.i_ai_sram.u_sram.gen_bank[13].gen_512.u_macro/addr1[2]    0.040000    0.107084   -0.067084 (VIOLATED)
i_soc.i_ai_sram.u_sram.gen_bank[13].gen_512.u_macro/addr0[1]    0.040000    0.107070   -0.067070 (VIOLATED)
i_soc.i_ai_sram.u_sram.gen_bank[13].gen_512.u_macro/addr0[0]    0.040000    0.107058   -0.067058 (VIOLATED)
i_soc.i_ai_sram.u_sram.gen_bank[14].gen_512.u_macro/wmask0[2]    0.040000    0.107051   -0.067051 (VIOLATED)
ANTENNA_i_soc.i_instr_sram.u_sram.gen_bank[3].gen_512.u_macro_din0[24]/DIODE    1.000000    1.066985   -0.066985 (VIOLATED)
i_soc.i_ai_sram.u_sram.gen_bank[7].gen_512.u_macro/wmask0[2]    0.040000    0.106969   -0.066969 (VIOLATED)
i_soc.i_ai_accel.u_input_mem/addr1[5]    0.040000    0.106914   -0.066914 (VIOLATED)
ANTENNA_i_soc.i_ai_accel._12792__Y/DIODE    1.000000    1.066913   -0.066913 (VIOLATED)
ANTENNA_i_soc.i_ai_accel._19541__A/DIODE    1.000000    1.066910   -0.066910 (VIOLATED)
ANTENNA_rebuffer8939_A/DIODE            1.000000    1.066909   -0.066909 (VIOLATED)
ANTENNA_i_soc.i_ai_accel._12794__B/DIODE    1.000000    1.066906   -0.066906 (VIOLATED)
clone9869/Y                             1.000000    1.066901   -0.066901 (VIOLATED)
i_soc.i_ai_sram.u_sram.gen_bank[13].gen_512.u_macro/wmask0[1]    0.040000    0.106835   -0.066835 (VIOLATED)
i_soc.i_ai_accel.u_conv_out.gen_bank[0].gen_512.u_macro/addr1[2]    0.040000    0.106788   -0.066788 (VIOLATED)
i_soc.i_ai_accel.u_input_mem/addr1[1]    0.040000    0.106774   -0.066774 (VIOLATED)
i_soc.i_ai_sram.u_sram.gen_bank[11].gen_512.u_macro/wmask0[3]    0.040000    0.106771   -0.066771 (VIOLATED)
i_soc.i_ai_accel.u_input_mem/addr1[7]    0.040000    0.106749   -0.066749 (VIOLATED)
i_soc.i_ai_accel.u_input_mem/addr1[0]    0.040000    0.106682   -0.066682 (VIOLATED)
output38/A                              1.000000    1.066648   -0.066648 (VIOLATED)
ANTENNA_output38_A/DIODE                1.000000    1.066643   -0.066643 (VIOLATED)
i_soc.i_ai_sram.u_sram.gen_bank[11].gen_512.u_macro/addr1[1]    0.040000    0.106630   -0.066630 (VIOLATED)
i_soc.i_ai_sram.u_sram.gen_bank[13].gen_512.u_macro/addr1[0]    0.040000    0.106616   -0.066616 (VIOLATED)
i_soc.i_ai_sram.u_sram.gen_bank[13].gen_512.u_macro/wmask0[2]    0.040000    0.106539   -0.066539 (VIOLATED)
i_soc.i_ai_sram.u_sram.gen_bank[13].gen_512.u_macro/wmask0[3]    0.040000    0.106461   -0.066461 (VIOLATED)
i_soc.i_ai_sram.u_sram.gen_bank[11].gen_512.u_macro/addr0[3]    0.040000    0.106453   -0.066453 (VIOLATED)
i_soc.i_ai_sram.u_sram.gen_bank[13].gen_512.u_macro/addr1[1]    0.040000    0.106405   -0.066405 (VIOLATED)
i_soc.i_ai_sram.u_sram.gen_bank[12].gen_512.u_macro/wmask0[3]    0.040000    0.106361   -0.066361 (VIOLATED)
i_soc.i_ai_accel.u_conv_out.gen_bank[1].gen_512.u_macro/addr0[0]    0.040000    0.106356   -0.066356 (VIOLATED)
i_soc.i_ai_sram.u_sram.gen_bank[12].gen_512.u_macro/wmask0[1]    0.040000    0.106335   -0.066335 (VIOLATED)
i_soc.i_ai_sram.u_sram.gen_bank[13].gen_512.u_macro/addr1[5]    0.040000    0.106278   -0.066278 (VIOLATED)
i_soc.i_ai_accel.u_conv_out.gen_bank[0].gen_512.u_macro/addr1[4]    0.040000    0.106238   -0.066238 (VIOLATED)
i_soc.i_ai_sram.u_sram.gen_bank[11].gen_512.u_macro/addr0[2]    0.040000    0.106221   -0.066221 (VIOLATED)
i_soc.i_ai_accel.u_conv_w_mem/addr1[2]    0.040000    0.106221   -0.066221 (VIOLATED)
i_soc.i_ai_sram.u_sram.gen_bank[6].gen_512.u_macro/din0[2]    1.000000    1.066216   -0.066216 (VIOLATED)
i_soc.i_ai_sram.u_sram.gen_bank[12].gen_512.u_macro/addr0[0]    0.040000    0.106193   -0.066193 (VIOLATED)
i_soc.i_ai_accel.u_conv_out.gen_bank[0].gen_512.u_macro/addr1[6]    0.040000    0.106090   -0.066090 (VIOLATED)
i_soc.i_ai_accel.u_conv_out.gen_bank[1].gen_512.u_macro/addr0[2]    0.040000    0.106085   -0.066085 (VIOLATED)
ANTENNA_i_soc.i_gpio._210__D/DIODE      1.000000    1.065990   -0.065990 (VIOLATED)
i_soc.i_gpio._210_/D                    1.000000    1.065988   -0.065988 (VIOLATED)
i_soc.i_ai_sram.u_sram.gen_bank[12].gen_512.u_macro/wmask0[0]    0.040000    0.105760   -0.065760 (VIOLATED)
i_soc.i_ai_sram.u_sram.gen_bank[11].gen_512.u_macro/addr0[6]    0.040000    0.105699   -0.065699 (VIOLATED)
i_soc.i_ai_sram.u_sram.gen_bank[13].gen_512.u_macro/addr0[2]    0.040000    0.105602   -0.065602 (VIOLATED)
i_soc.i_ai_accel.u_conv_out.gen_bank[0].gen_512.u_macro/addr1[5]    0.040000    0.105423   -0.065423 (VIOLATED)
i_soc.i_ai_accel.u_conv_out.gen_bank[0].gen_512.u_macro/addr0[5]    0.040000    0.105387   -0.065387 (VIOLATED)
i_soc.i_ai_sram.u_sram.gen_bank[13].gen_512.u_macro/addr1[6]    0.040000    0.105315   -0.065315 (VIOLATED)
i_soc.i_ai_sram.u_sram.gen_bank[11].gen_512.u_macro/wmask0[2]    0.040000    0.105302   -0.065302 (VIOLATED)
i_soc.i_ai_accel.u_conv_out.gen_bank[1].gen_512.u_macro/addr0[5]    0.040000    0.105300   -0.065300 (VIOLATED)
i_soc.i_ai_accel.u_conv_out.gen_bank[1].gen_512.u_macro/addr1[2]    0.040000    0.105203   -0.065203 (VIOLATED)
ANTENNA_i_soc.i_instr_sram.u_sram.gen_bank[2].gen_512.u_macro_din0[6]/DIODE    1.000000    1.065202   -0.065202 (VIOLATED)
i_soc.i_ai_sram.u_sram.gen_bank[2].gen_512.u_macro/addr1[0]    0.040000    0.105197   -0.065197 (VIOLATED)
i_soc.i_ai_accel.u_input_mem/addr1[2]    0.040000    0.105188   -0.065188 (VIOLATED)
i_soc.i_ai_sram.u_sram.gen_bank[13].gen_512.u_macro/addr1[4]    0.040000    0.105163   -0.065163 (VIOLATED)
ANTENNA_i_soc.i_ai_sram.u_sram._361__X/DIODE    1.000000    1.065086   -0.065086 (VIOLATED)
i_soc.i_ai_sram.u_sram._361_/X          1.000000    1.065077   -0.065077 (VIOLATED)
i_soc.i_ai_accel.u_conv_out.gen_bank[1].gen_512.u_macro/addr1[6]    0.040000    0.105070   -0.065070 (VIOLATED)
i_soc.i_ai_accel.u_conv_out.gen_bank[1].gen_512.u_macro/addr1[4]    0.040000    0.105064   -0.065064 (VIOLATED)
i_soc.i_ai_sram.u_sram.gen_bank[13].gen_512.u_macro/addr0[3]    0.040000    0.105030   -0.065030 (VIOLATED)
i_soc.i_ai_accel.u_input_mem/addr1[3]    0.040000    0.104971   -0.064971 (VIOLATED)
ANTENNA_i_soc.i_ai_sram.u_sram.gen_bank[0].gen_512.u_macro_din0[5]/DIODE    1.000000    1.064966   -0.064966 (VIOLATED)
i_soc.i_ai_accel.u_conv_out.gen_bank[0].gen_512.u_macro/wmask0[3]    0.040000    0.104936   -0.064936 (VIOLATED)
i_soc.i_ai_sram.u_sram.gen_bank[13].gen_512.u_macro/addr0[4]    0.040000    0.104866   -0.064866 (VIOLATED)
i_soc.i_ai_sram.u_sram.gen_bank[13].gen_512.u_macro/addr0[6]    0.040000    0.104841   -0.064841 (VIOLATED)
i_soc.i_ai_sram.u_sram.gen_bank[13].gen_512.u_macro/addr0[7]    0.040000    0.104837   -0.064837 (VIOLATED)
wire1858/A                              1.000000    1.064789   -0.064789 (VIOLATED)
ANTENNA_wire1858_A/DIODE                1.000000    1.064787   -0.064787 (VIOLATED)
i_soc.i_ai_accel.u_conv_out.gen_bank[1].gen_512.u_macro/addr1[5]    0.040000    0.104637   -0.064637 (VIOLATED)
i_soc.i_ai_sram.u_sram.gen_bank[13].gen_512.u_macro/addr0[5]    0.040000    0.104417   -0.064417 (VIOLATED)
i_soc.i_ai_sram.u_sram.gen_bank[3].gen_512.u_macro/addr1[1]    0.040000    0.104382   -0.064382 (VIOLATED)
i_soc.i_ai_accel.u_conv_out.gen_bank[0].gen_512.u_macro/addr1[3]    0.040000    0.104219   -0.064219 (VIOLATED)
ANTENNA_i_soc.i_instr_sram.u_sram.gen_bank[3].gen_512.u_macro_din0[17]/DIODE    1.000000    1.064057   -0.064057 (VIOLATED)
i_soc.i_ai_accel.u_conv_out.gen_bank[1].gen_512.u_macro/wmask0[3]    0.040000    0.103784   -0.063784 (VIOLATED)
i_soc.i_ai_accel._11451_/B              1.000000    1.063683   -0.063683 (VIOLATED)
ANTENNA_i_soc.i_ai_accel._11451__B/DIODE    1.000000    1.063672   -0.063672 (VIOLATED)
i_soc.i_ai_sram.u_sram.gen_bank[5].gen_512.u_macro/din0[20]    1.000000    1.063559   -0.063559 (VIOLATED)
ANTENNA_i_soc.i_instr_sram.u_sram.gen_bank[2].gen_512.u_macro_din0[13]/DIODE    1.000000    1.063425   -0.063425 (VIOLATED)
i_soc.i_ai_accel.u_conv_out.gen_bank[0].gen_512.u_macro/addr0[0]    0.040000    0.103301   -0.063301 (VIOLATED)
i_soc.i_ai_accel.u_conv_out.gen_bank[1].gen_512.u_macro/addr1[3]    0.040000    0.103218   -0.063218 (VIOLATED)
i_soc.i_ai_sram.u_sram.gen_bank[3].gen_512.u_macro/din0[19]    1.000000    1.062985   -0.062985 (VIOLATED)
i_soc.i_ai_sram.u_sram.gen_bank[6].gen_512.u_macro/din0[4]    1.000000    1.062804   -0.062804 (VIOLATED)
i_soc.i_ai_sram.u_sram.gen_bank[5].gen_512.u_macro/din0[13]    1.000000    1.062659   -0.062659 (VIOLATED)
ANTENNA__04__X/DIODE                    1.000000    1.062581   -0.062581 (VIOLATED)
_04_/X                                  1.000000    1.062572   -0.062572 (VIOLATED)
ANTENNA_i_soc.i_ai_sram.u_sram.gen_bank[0].gen_512.u_macro_din0[26]/DIODE    1.000000    1.061809   -0.061809 (VIOLATED)
ANTENNA_i_soc.i_ai_sram.u_sram.gen_bank[0].gen_512.u_macro_din0[7]/DIODE    1.000000    1.061147   -0.061147 (VIOLATED)
load_slew1861/A                         1.000000    1.061033   -0.061033 (VIOLATED)
ANTENNA_load_slew1861_A/DIODE           1.000000    1.061031   -0.061031 (VIOLATED)
ANTENNA_i_soc.i_data_sram.u_sram.gen_bank[1].gen_512.u_macro_din0[3]/DIODE    1.000000    1.060906   -0.060906 (VIOLATED)
output34/A                              1.000000    1.060823   -0.060823 (VIOLATED)
ANTENNA_output34_A/DIODE                1.000000    1.060805   -0.060805 (VIOLATED)
i_soc.i_ai_sram.u_sram.gen_bank[6].gen_512.u_macro/din0[20]    1.000000    1.060518   -0.060518 (VIOLATED)
ANTENNA_input9_X/DIODE                  1.000000    1.060365   -0.060365 (VIOLATED)
input9/X                                1.000000    1.060321   -0.060321 (VIOLATED)
i_soc.i_ai_sram.u_sram.gen_bank[1].gen_512.u_macro/din0[30]    1.000000    1.060015   -0.060015 (VIOLATED)
i_soc.i_ai_sram.u_sram.gen_bank[6].gen_512.u_macro/din0[18]    1.000000    1.059748   -0.059748 (VIOLATED)
ANTENNA_i_soc.i_instr_sram.u_sram.gen_bank[1].gen_512.u_macro_din0[7]/DIODE    1.000000    1.059655   -0.059655 (VIOLATED)
ANTENNA_i_soc.i_crossbar._1611__X/DIODE    1.000000    1.059597   -0.059597 (VIOLATED)
load_slew1859/A                         1.000000    1.059581   -0.059581 (VIOLATED)
ANTENNA_load_slew1859_A/DIODE           1.000000    1.059577   -0.059577 (VIOLATED)
i_soc.i_crossbar._1611_/X               1.000000    1.059576   -0.059576 (VIOLATED)
i_soc.i_gpio._221_/D                    1.000000    1.059266   -0.059266 (VIOLATED)
ANTENNA_i_soc.i_gpio._221__D/DIODE      1.000000    1.059255   -0.059255 (VIOLATED)
ANTENNA_i_soc.i_crossbar._1220__X/DIODE    1.000000    1.058667   -0.058667 (VIOLATED)
i_soc.i_crossbar._1220_/X               1.000000    1.058601   -0.058601 (VIOLATED)
ANTENNA_i_soc.i_data_sram.u_sram.gen_bank[2].gen_512.u_macro_din0[3]/DIODE    1.000000    1.057989   -0.057989 (VIOLATED)
ANTENNA_load_slew1608_A/DIODE           1.000000    1.057538   -0.057538 (VIOLATED)
wire1630/A                              1.000000    1.057269   -0.057269 (VIOLATED)
ANTENNA_wire1630_A/DIODE                1.000000    1.057207   -0.057207 (VIOLATED)
ANTENNA_i_soc.i_instr_sram.u_sram.gen_bank[3].gen_512.u_macro_din0[21]/DIODE    1.000000    1.056853   -0.056853 (VIOLATED)
ANTENNA_i_soc.i_ai_sram.u_sram._501__X/DIODE    1.000000    1.056769   -0.056769 (VIOLATED)
i_soc.i_ai_sram.u_sram._501_/X          1.000000    1.056762   -0.056761 (VIOLATED)
ANTENNA_i_soc.i_data_sram.u_sram.gen_bank[3].gen_512.u_macro_din0[1]/DIODE    1.000000    1.056656   -0.056656 (VIOLATED)
load_slew1608/A                         1.000000    1.056595   -0.056595 (VIOLATED)
i_soc.i_ai_sram.u_sram.gen_bank[2].gen_512.u_macro/din0[11]    1.000000    1.056142   -0.056142 (VIOLATED)
ANTENNA_i_soc.i_crossbar._1189__X/DIODE    1.000000    1.055886   -0.055886 (VIOLATED)
ANTENNA_i_soc.i_data_sram.u_sram.gen_bank[0].gen_512.u_macro_din0[3]/DIODE    1.000000    1.055871   -0.055871 (VIOLATED)
i_soc.i_crossbar._1189_/X               1.000000    1.055838   -0.055838 (VIOLATED)
i_soc.i_ai_accel.u_conv_out.gen_bank[0].gen_512.u_macro/addr1[7]    0.040000    0.095336   -0.055336 (VIOLATED)
ANTENNA_i_soc.i_ai_sram.u_sram.gen_bank[1].gen_512.u_macro_din0[27]/DIODE    1.000000    1.055034   -0.055034 (VIOLATED)
ANTENNA_i_soc.i_instr_sram.u_sram.gen_bank[2].gen_512.u_macro_din0[28]/DIODE    1.000000    1.054696   -0.054696 (VIOLATED)
ANTENNA_i_soc.i_instr_sram.u_sram.gen_bank[0].gen_512.u_macro_din0[17]/DIODE    1.000000    1.054024   -0.054024 (VIOLATED)
i_soc.i_ai_sram.u_sram.gen_bank[8].gen_512.u_macro/din0[28]    1.000000    1.053625   -0.053625 (VIOLATED)
i_soc.i_ai_accel.u_conv_out.gen_bank[0].gen_512.u_macro/addr0[1]    0.040000    0.093313   -0.053313 (VIOLATED)
ANTENNA_i_soc.i_ai_sram.u_sram._583__X/DIODE    1.000000    1.052924   -0.052924 (VIOLATED)
i_soc.i_ai_sram.u_sram._583_/X          1.000000    1.052863   -0.052863 (VIOLATED)
ANTENNA_i_soc.i_instr_sram.u_sram.gen_bank[3].gen_512.u_macro_din0[23]/DIODE    1.000000    1.052275   -0.052275 (VIOLATED)
ANTENNA_i_soc.i_instr_sram.u_sram.gen_bank[0].gen_512.u_macro_din0[24]/DIODE    1.000000    1.052246   -0.052246 (VIOLATED)
ANTENNA_i_soc.i_data_sram.u_sram.gen_bank[2].gen_512.u_macro_din0[2]/DIODE    1.000000    1.052215   -0.052215 (VIOLATED)
i_soc.i_ai_sram.u_sram.gen_bank[7].gen_512.u_macro/din0[16]    1.000000    1.051754   -0.051754 (VIOLATED)
ANTENNA_input5_X/DIODE                  1.000000    1.051554   -0.051554 (VIOLATED)
input5/X                                1.000000    1.051531   -0.051531 (VIOLATED)
ANTENNA_i_soc.i_data_sram.u_sram.gen_bank[2].gen_512.u_macro_din0[1]/DIODE    1.000000    1.051012   -0.051012 (VIOLATED)
i_soc.i_ai_accel.u_conv_out.gen_bank[0].gen_512.u_macro/addr1[8]    0.040000    0.090851   -0.050851 (VIOLATED)
i_soc.i_ai_accel.u_conv_out.gen_bank[0].gen_512.u_macro/wmask0[1]    0.040000    0.090779   -0.050779 (VIOLATED)
i_soc.i_ai_sram.u_sram.gen_bank[4].gen_512.u_macro/din0[2]    1.000000    1.050643   -0.050643 (VIOLATED)
i_soc.i_ai_sram.u_sram._575_/B1_N       1.000000    1.050339   -0.050339 (VIOLATED)
ANTENNA_i_soc.i_ai_sram.u_sram._575__B1_N/DIODE    1.000000    1.050338   -0.050338 (VIOLATED)
i_soc.i_ai_sram.u_sram._564_/B1_N       1.000000    1.050334   -0.050334 (VIOLATED)
ANTENNA_i_soc.i_ai_sram.u_sram._564__B1_N/DIODE    1.000000    1.050334   -0.050334 (VIOLATED)
i_soc.i_ai_sram.u_sram._571_/A1         1.000000    1.050334   -0.050334 (VIOLATED)
ANTENNA_i_soc.i_ai_sram.u_sram._571__A1/DIODE    1.000000    1.050331   -0.050331 (VIOLATED)
i_soc.i_ai_sram.u_sram._560_/A1         1.000000    1.050323   -0.050323 (VIOLATED)
ANTENNA_i_soc.i_ai_sram.u_sram._560__A1/DIODE    1.000000    1.050320   -0.050320 (VIOLATED)
i_soc.i_ai_sram.u_sram._553_/B1_N       1.000000    1.050308   -0.050308 (VIOLATED)
ANTENNA_i_soc.i_ai_sram.u_sram._553__B1_N/DIODE    1.000000    1.050293   -0.050293 (VIOLATED)
i_soc.i_ai_sram.u_sram._542_/B1_N       1.000000    1.050253   -0.050253 (VIOLATED)
i_soc.i_ai_accel.u_conv_out.gen_bank[0].gen_512.u_macro/wmask0[2]    0.040000    0.090238   -0.050238 (VIOLATED)
ANTENNA_i_soc.i_ai_sram.u_sram._542__B1_N/DIODE    1.000000    1.050235   -0.050235 (VIOLATED)
i_soc.i_ai_sram.u_sram._549_/A1         1.000000    1.050230   -0.050230 (VIOLATED)
ANTENNA_i_soc.i_ai_sram.u_sram._549__A1/DIODE    1.000000    1.050226   -0.050226 (VIOLATED)
i_soc.i_ai_sram.u_sram._538_/A1         1.000000    1.050187   -0.050187 (VIOLATED)
i_soc.i_ai_sram.u_sram._531_/B1_N       1.000000    1.050184   -0.050184 (VIOLATED)
ANTENNA_i_soc.i_ai_sram.u_sram._531__B1_N/DIODE    1.000000    1.050184   -0.050184 (VIOLATED)
ANTENNA_i_soc.i_ai_sram.u_sram._538__A1/DIODE    1.000000    1.050158   -0.050158 (VIOLATED)
i_soc.i_ai_sram.u_sram._527_/A1         1.000000    1.050110   -0.050110 (VIOLATED)
ANTENNA_i_soc.i_ai_sram.u_sram._527__A1/DIODE    1.000000    1.050110   -0.050110 (VIOLATED)
ANTENNA_i_soc.i_ai_sram.u_sram._520__B1_N/DIODE    1.000000    1.050105   -0.050105 (VIOLATED)
i_soc.i_ai_sram.u_sram._520_/B1_N       1.000000    1.050088   -0.050088 (VIOLATED)
i_soc.i_ai_sram.u_sram._509_/B1_N       1.000000    1.050055   -0.050055 (VIOLATED)
ANTENNA_i_soc.i_ai_sram.u_sram._509__B1_N/DIODE    1.000000    1.050043   -0.050043 (VIOLATED)
ANTENNA_i_soc.i_ai_sram.u_sram._516__A1/DIODE    1.000000    1.049993   -0.049993 (VIOLATED)
i_soc.i_ai_sram.u_sram._516_/A1         1.000000    1.049968   -0.049968 (VIOLATED)
i_soc.i_ai_sram.u_sram._505_/A1         1.000000    1.049943   -0.049943 (VIOLATED)
ANTENNA_i_soc.i_ai_sram.u_sram._505__A1/DIODE    1.000000    1.049907   -0.049907 (VIOLATED)
i_soc.i_ai_sram.u_sram._504_/B1_N       1.000000    1.049885   -0.049885 (VIOLATED)
ANTENNA_i_soc.i_ai_sram.u_sram._504__B1_N/DIODE    1.000000    1.049884   -0.049884 (VIOLATED)
i_soc.i_ai_sram.u_sram._487_/B1_N       1.000000    1.049856   -0.049856 (VIOLATED)
ANTENNA_i_soc.i_ai_sram.u_sram._487__B1_N/DIODE    1.000000    1.049825   -0.049825 (VIOLATED)
i_soc.i_ai_sram.u_sram._494_/A1         1.000000    1.049770   -0.049770 (VIOLATED)
ANTENNA_i_soc.i_ai_sram.u_sram._494__A1/DIODE    1.000000    1.049767   -0.049768 (VIOLATED)
i_soc.i_ai_sram.u_sram.gen_bank[7].gen_512.u_macro/din0[5]    1.000000    1.049756   -0.049756 (VIOLATED)
i_soc.i_ai_sram.u_sram._476_/B1_N       1.000000    1.049747   -0.049747 (VIOLATED)
i_soc.i_ai_sram.u_sram._483_/A1         1.000000    1.049747   -0.049747 (VIOLATED)
ANTENNA_i_soc.i_ai_sram.u_sram._483__A1/DIODE    1.000000    1.049745   -0.049745 (VIOLATED)
ANTENNA_i_soc.i_ai_sram.u_sram._476__B1_N/DIODE    1.000000    1.049718   -0.049718 (VIOLATED)
i_soc.i_ai_sram.u_sram._472_/A1         1.000000    1.049677   -0.049677 (VIOLATED)
i_soc.i_ai_sram.u_sram._465_/B1_N       1.000000    1.049663   -0.049663 (VIOLATED)
ANTENNA_i_soc.i_ai_sram.u_sram._465__B1_N/DIODE    1.000000    1.049645   -0.049645 (VIOLATED)
ANTENNA_i_soc.i_ai_sram.u_sram._472__A1/DIODE    1.000000    1.049625   -0.049625 (VIOLATED)
i_soc.i_ai_sram.u_sram._460_/B1_N       1.000000    1.049614   -0.049614 (VIOLATED)
i_soc.i_ai_sram.u_sram._461_/A1         1.000000    1.049596   -0.049596 (VIOLATED)
ANTENNA_i_soc.i_ai_sram.u_sram._461__A1/DIODE    1.000000    1.049591   -0.049591 (VIOLATED)
ANTENNA_i_soc.i_ai_sram.u_sram._460__B1_N/DIODE    1.000000    1.049590   -0.049590 (VIOLATED)
i_soc.i_ai_sram.u_sram._450_/A1         1.000000    1.049579   -0.049579 (VIOLATED)
ANTENNA_i_soc.i_ai_sram.u_sram._450__A1/DIODE    1.000000    1.049576   -0.049576 (VIOLATED)
i_soc.i_ai_sram.u_sram._443_/B1_N       1.000000    1.049571   -0.049571 (VIOLATED)
ANTENNA_i_soc.i_ai_sram.u_sram._443__B1_N/DIODE    1.000000    1.049571   -0.049571 (VIOLATED)
i_soc.i_ai_sram.u_sram._416_/B1_N       1.000000    1.049561   -0.049561 (VIOLATED)
i_soc.i_ai_sram.u_sram._417_/A1         1.000000    1.049561   -0.049561 (VIOLATED)
ANTENNA_i_soc.i_ai_sram.u_sram._417__A1/DIODE    1.000000    1.049561   -0.049561 (VIOLATED)
ANTENNA_i_soc.i_ai_sram.u_sram._416__B1_N/DIODE    1.000000    1.049560   -0.049560 (VIOLATED)
i_soc.i_ai_sram.u_sram._421_/B1_N       1.000000    1.049559   -0.049559 (VIOLATED)
i_soc.i_ai_sram.u_sram._428_/A1         1.000000    1.049559   -0.049559 (VIOLATED)
ANTENNA_i_soc.i_ai_sram.u_sram._428__A1/DIODE    1.000000    1.049558   -0.049558 (VIOLATED)
ANTENNA_i_soc.i_ai_sram.u_sram._421__B1_N/DIODE    1.000000    1.049557   -0.049557 (VIOLATED)
ANTENNA_i_soc.i_ai_sram.u_sram._432__B1_N/DIODE    1.000000    1.049557   -0.049557 (VIOLATED)
i_soc.i_ai_sram.u_sram._432_/B1_N       1.000000    1.049556   -0.049556 (VIOLATED)
i_soc.i_ai_sram.u_sram._439_/A1         1.000000    1.049556   -0.049556 (VIOLATED)
ANTENNA_i_soc.i_ai_sram.u_sram._439__A1/DIODE    1.000000    1.049556   -0.049556 (VIOLATED)
ANTENNA_i_soc.i_ai_sram.u_sram._762__A0/DIODE    1.000000    1.049556   -0.049556 (VIOLATED)
ANTENNA_fanout7322_X/DIODE              1.000000    1.049556   -0.049556 (VIOLATED)
fanout7322/X                            1.000000    1.049553   -0.049553 (VIOLATED)
i_soc.i_ai_sram.u_sram._762_/A0         1.000000    1.049553   -0.049553 (VIOLATED)
i_soc.i_ai_sram.u_sram.gen_bank[9].gen_512.u_macro/din0[27]    1.000000    1.049499   -0.049499 (VIOLATED)
ANTENNA_i_soc.i_data_sram.u_sram.gen_bank[3].gen_512.u_macro_din0[8]/DIODE    1.000000    1.049456   -0.049456 (VIOLATED)
ANTENNA_i_soc.i_data_sram.u_sram.gen_bank[0].gen_512.u_macro_din0[2]/DIODE    1.000000    1.049113   -0.049113 (VIOLATED)
ANTENNA_i_soc.i_crossbar._1188__X/DIODE    1.000000    1.049111   -0.049111 (VIOLATED)
i_soc.i_crossbar._1188_/X               1.000000    1.049079   -0.049079 (VIOLATED)
i_soc.i_ai_accel.u_conv_out.gen_bank[0].gen_512.u_macro/wmask0[0]    0.040000    0.088614   -0.048614 (VIOLATED)
i_soc.i_gpio._209_/D                    1.000000    1.048252   -0.048252 (VIOLATED)
ANTENNA_i_soc.i_gpio._209__D/DIODE      1.000000    1.048251   -0.048251 (VIOLATED)
i_soc.i_ai_sram.u_sram.gen_bank[2].gen_512.u_macro/din0[7]    1.000000    1.048195   -0.048195 (VIOLATED)
ANTENNA_i_soc.i_ai_sram.u_sram.gen_bank[0].gen_512.u_macro_din0[9]/DIODE    1.000000    1.048120   -0.048120 (VIOLATED)
i_soc.i_ai_sram.u_sram.gen_bank[6].gen_512.u_macro/din0[1]    1.000000    1.048103   -0.048103 (VIOLATED)
i_soc.i_ai_sram.u_sram.gen_bank[13].gen_512.u_macro/din0[21]    1.000000    1.047857   -0.047857 (VIOLATED)
i_soc.i_ai_sram.u_sram.gen_bank[6].gen_512.u_macro/din0[17]    1.000000    1.047412   -0.047412 (VIOLATED)
i_soc.i_ai_sram.u_sram.gen_bank[2].gen_512.u_macro/din0[6]    1.000000    1.047129   -0.047129 (VIOLATED)
ANTENNA_i_soc.i_ai_accel._11450__Y/DIODE    1.000000    1.046666   -0.046666 (VIOLATED)
i_soc.i_ai_accel._11450_/Y              1.000000    1.046633   -0.046632 (VIOLATED)
i_soc.i_ai_sram.u_sram.gen_bank[7].gen_512.u_macro/din0[7]    1.000000    1.046574   -0.046574 (VIOLATED)
ANTENNA_164/DIODE                       1.000000    1.046532   -0.046532 (VIOLATED)
ANTENNA_162/DIODE                       1.000000    1.046506   -0.046506 (VIOLATED)
ANTENNA_161/DIODE                       1.000000    1.046488   -0.046488 (VIOLATED)
ANTENNA_163/DIODE                       1.000000    1.046488   -0.046488 (VIOLATED)
ANTENNA_165/DIODE                       1.000000    1.046488   -0.046488 (VIOLATED)
ANTENNA_i_soc.i_ai_sram.u_sram._605__X/DIODE    1.000000    1.046487   -0.046487 (VIOLATED)
ANTENNA_160/DIODE                       1.000000    1.046385   -0.046385 (VIOLATED)
i_soc.i_ai_sram.u_sram._605_/X          1.000000    1.046276   -0.046276 (VIOLATED)
ANTENNA_i_soc.i_data_sram.u_sram.gen_bank[1].gen_512.u_macro_din0[1]/DIODE    1.000000    1.045972   -0.045972 (VIOLATED)
ANTENNA__08__X/DIODE                    1.000000    1.045934   -0.045934 (VIOLATED)
_08_/X                                  1.000000    1.045925   -0.045925 (VIOLATED)
ANTENNA_i_soc.i_data_sram.u_sram.gen_bank[1].gen_512.u_macro_din0[9]/DIODE    1.000000    1.045751   -0.045751 (VIOLATED)
i_soc.i_ai_sram.u_sram.gen_bank[3].gen_512.u_macro/din0[24]    1.000000    1.044891   -0.044891 (VIOLATED)
ANTENNA_input10_X/DIODE                 1.000000    1.043611   -0.043611 (VIOLATED)
input10/X                               1.000000    1.043527   -0.043528 (VIOLATED)
ANTENNA_i_soc.i_ai_sram.u_sram.gen_bank[4].gen_512.u_macro_din0[10]/DIODE    1.000000    1.043484   -0.043484 (VIOLATED)
ANTENNA_i_soc.i_instr_sram.u_sram.gen_bank[1].gen_512.u_macro_din0[17]/DIODE    1.000000    1.043413   -0.043413 (VIOLATED)
ANTENNA_input8_X/DIODE                  1.000000    1.043318   -0.043318 (VIOLATED)
input8/X                                1.000000    1.043308   -0.043308 (VIOLATED)
ANTENNA_i_soc.i_crossbar._1621__X/DIODE    1.000000    1.043276   -0.043276 (VIOLATED)
i_soc.i_crossbar._1621_/X               1.000000    1.043250   -0.043250 (VIOLATED)
ANTENNA_i_soc.i_ai_sram.u_sram.gen_bank[0].gen_512.u_macro_din0[4]/DIODE    1.000000    1.042786   -0.042786 (VIOLATED)
ANTENNA_i_soc.i_data_sram.u_sram.gen_bank[0].gen_512.u_macro_din0[1]/DIODE    1.000000    1.042384   -0.042384 (VIOLATED)
ANTENNA_i_soc.i_crossbar._1187__X/DIODE    1.000000    1.042359   -0.042359 (VIOLATED)
i_soc.i_crossbar._1187_/X               1.000000    1.042323   -0.042323 (VIOLATED)
i_soc.i_ai_accel.u_input_mem/addr0[1]    0.040000    0.081927   -0.041927 (VIOLATED)
ANTENNA__10__X/DIODE                    1.000000    1.040980   -0.040980 (VIOLATED)
_10_/X                                  1.000000    1.040980   -0.040980 (VIOLATED)
ANTENNA_i_soc.i_ai_sram.u_sram.gen_bank[0].gen_512.u_macro_din0[24]/DIODE    1.000000    1.040976   -0.040976 (VIOLATED)
i_soc.i_ai_accel.u_conv_w_mem/addr0[7]    0.040000    0.080963   -0.040963 (VIOLATED)
output28/A                              1.000000    1.040727   -0.040727 (VIOLATED)
ANTENNA_i_soc.i_ai_sram.u_sram.gen_bank[0].gen_512.u_macro_din0[28]/DIODE    1.000000    1.040685   -0.040685 (VIOLATED)
ANTENNA_output28_A/DIODE                1.000000    1.040654   -0.040654 (VIOLATED)
ANTENNA_i_soc.i_ai_sram.u_sram.gen_bank[4].gen_512.u_macro_din0[11]/DIODE    1.000000    1.040611   -0.040611 (VIOLATED)
ANTENNA_i_soc.i_instr_sram.u_sram.gen_bank[0].gen_512.u_macro_din0[21]/DIODE    1.000000    1.040055   -0.040055 (VIOLATED)
i_soc.i_gpio._222_/D                    1.000000    1.039822   -0.039822 (VIOLATED)
ANTENNA_i_soc.i_gpio._222__D/DIODE      1.000000    1.039812   -0.039812 (VIOLATED)
i_soc.i_gpio._218_/D                    1.000000    1.039803   -0.039803 (VIOLATED)
ANTENNA_i_soc.i_gpio._218__D/DIODE      1.000000    1.039778   -0.039778 (VIOLATED)
ANTENNA_i_soc.i_data_sram.u_sram.gen_bank[3].gen_512.u_macro_din0[29]/DIODE    1.000000    1.039493   -0.039493 (VIOLATED)
ANTENNA_i_soc.i_instr_sram.u_sram.gen_bank[3].gen_512.u_macro_din0[10]/DIODE    1.000000    1.039343   -0.039343 (VIOLATED)
i_soc.i_ai_accel.u_conv_out.gen_bank[0].gen_512.u_macro/addr0[8]    0.040000    0.079301   -0.039301 (VIOLATED)
i_soc.i_ai_accel.u_conv_out.gen_bank[0].gen_512.u_macro/addr0[3]    0.040000    0.079177   -0.039177 (VIOLATED)
i_soc.i_ai_sram.u_sram.gen_bank[0].gen_512.u_macro/din0[31]    1.000000    1.039096   -0.039096 (VIOLATED)
i_soc.i_ai_accel.u_conv_w_mem/addr0[4]    0.040000    0.079001   -0.039001 (VIOLATED)
i_soc.i_ai_accel.u_conv_w_mem/addr0[5]    0.040000    0.078821   -0.038821 (VIOLATED)
ANTENNA_i_soc.i_instr_sram.u_sram.gen_bank[0].gen_512.u_macro_din0[29]/DIODE    1.000000    1.038566   -0.038566 (VIOLATED)
ANTENNA__15__X/DIODE                    1.000000    1.038556   -0.038556 (VIOLATED)
_15_/X                                  1.000000    1.038548   -0.038548 (VIOLATED)
i_soc.i_ai_accel.u_conv_w_mem/addr0[6]    0.040000    0.078090   -0.038090 (VIOLATED)
ANTENNA__09__X/DIODE                    1.000000    1.038076   -0.038076 (VIOLATED)
_09_/X                                  1.000000    1.038068   -0.038068 (VIOLATED)
i_soc.i_ai_accel.u_conv_out.gen_bank[0].gen_512.u_macro/addr0[7]    0.040000    0.077970   -0.037970 (VIOLATED)
ANTENNA_i_soc.i_ai_sram.u_sram.gen_bank[4].gen_512.u_macro_din0[20]/DIODE    1.000000    1.037858   -0.037858 (VIOLATED)
ANTENNA_i_soc.i_data_sram.u_sram.gen_bank[2].gen_512.u_macro_din0[29]/DIODE    1.000000    1.037759   -0.037759 (VIOLATED)
wire994/A                               1.000000    1.037258   -0.037258 (VIOLATED)
ANTENNA_wire994_A/DIODE                 1.000000    1.037244   -0.037244 (VIOLATED)
i_soc.i_ai_sram.u_sram.gen_bank[4].gen_512.u_macro/din0[0]    1.000000    1.037229   -0.037229 (VIOLATED)
wire1367/A                              1.000000    1.037223   -0.037223 (VIOLATED)
ANTENNA_wire1367_A/DIODE                1.000000    1.036978   -0.036978 (VIOLATED)
i_soc.i_ai_accel.u_conv_w_mem/addr0[3]    0.040000    0.076847   -0.036847 (VIOLATED)
i_soc.i_ai_sram.u_sram.gen_bank[1].gen_512.u_macro/din0[23]    1.000000    1.036396   -0.036396 (VIOLATED)
ANTENNA_i_soc.i_instr_sram.u_sram.gen_bank[1].gen_512.u_macro_din0[4]/DIODE    1.000000    1.035565   -0.035565 (VIOLATED)
ANTENNA_i_soc.i_crossbar._1608__X/DIODE    1.000000    1.035313   -0.035313 (VIOLATED)
i_soc.i_crossbar._1608_/X               1.000000    1.035291   -0.035291 (VIOLATED)
ANTENNA_i_soc.i_instr_sram.u_sram.gen_bank[1].gen_512.u_macro_din0[24]/DIODE    1.000000    1.035241   -0.035241 (VIOLATED)
i_soc.i_ai_sram.u_sram.gen_bank[6].gen_512.u_macro/din0[16]    1.000000    1.035239   -0.035239 (VIOLATED)
ANTENNA_i_soc.i_crossbar._1628__X/DIODE    1.000000    1.035107   -0.035107 (VIOLATED)
i_soc.i_crossbar._1628_/X               1.000000    1.035080   -0.035080 (VIOLATED)
i_soc.i_ai_sram.u_sram.gen_bank[1].gen_512.u_macro/din0[15]    1.000000    1.034682   -0.034682 (VIOLATED)
ANTENNA_i_soc.i_instr_sram.u_sram.gen_bank[3].gen_512.u_macro_din0[16]/DIODE    1.000000    1.034602   -0.034602 (VIOLATED)
output37/A                              1.000000    1.034548   -0.034548 (VIOLATED)
ANTENNA_output37_A/DIODE                1.000000    1.034476   -0.034476 (VIOLATED)
ANTENNA_i_soc.i_data_sram.u_sram.gen_bank[1].gen_512.u_macro_din0[29]/DIODE    1.000000    1.034030   -0.034030 (VIOLATED)
ANTENNA_i_soc.i_ai_sram.u_sram.gen_bank[4].gen_512.u_macro_din0[19]/DIODE    1.000000    1.033962   -0.033962 (VIOLATED)
wire1295/A                              1.000000    1.033569   -0.033569 (VIOLATED)
ANTENNA_wire1295_A/DIODE                1.000000    1.033550   -0.033550 (VIOLATED)
i_soc.i_ai_sram.u_sram.gen_bank[5].gen_512.u_macro/din0[21]    1.000000    1.033491   -0.033491 (VIOLATED)
i_soc.i_ai_sram.u_sram.gen_bank[3].gen_512.u_macro/din0[13]    1.000000    1.033458   -0.033458 (VIOLATED)
ANTENNA_i_soc.i_instr_sram.u_sram.gen_bank[3].gen_512.u_macro_din0[3]/DIODE    1.000000    1.033420   -0.033420 (VIOLATED)
i_soc.i_ai_accel.u_conv_out.gen_bank[0].gen_512.u_macro/addr0[6]    0.040000    0.073099   -0.033099 (VIOLATED)
i_soc.i_ai_sram.u_sram.gen_bank[8].gen_512.u_macro/din0[6]    1.000000    1.032982   -0.032982 (VIOLATED)
ANTENNA_25/DIODE                        1.000000    1.032862   -0.032862 (VIOLATED)
ANTENNA_23/DIODE                        1.000000    1.032859   -0.032859 (VIOLATED)
ANTENNA_28/DIODE                        1.000000    1.032854   -0.032854 (VIOLATED)
ANTENNA_24/DIODE                        1.000000    1.032854   -0.032854 (VIOLATED)
ANTENNA_26/DIODE                        1.000000    1.032854   -0.032854 (VIOLATED)
ANTENNA_27/DIODE                        1.000000    1.032854   -0.032854 (VIOLATED)
ANTENNA_i_soc.i_ai_sram.u_sram._666__X/DIODE    1.000000    1.032853   -0.032853 (VIOLATED)
i_soc.i_ai_accel.u_conv_out.gen_bank[0].gen_512.u_macro/addr0[4]    0.040000    0.072838   -0.032838 (VIOLATED)
i_soc.i_ai_sram.u_sram._666_/X          1.000000    1.032827   -0.032827 (VIOLATED)
i_soc.i_ai_accel._18463_/B2             1.000000    1.032099   -0.032099 (VIOLATED)
ANTENNA_i_soc.i_ai_accel._18463__B2/DIODE    1.000000    1.032095   -0.032095 (VIOLATED)
i_soc.i_ai_accel._17437_/A1             1.000000    1.032092   -0.032092 (VIOLATED)
ANTENNA_i_soc.i_ai_accel._17437__A1/DIODE    1.000000    1.032088   -0.032088 (VIOLATED)
ANTENNA_i_soc.i_ai_accel.u_conv_out._34__X/DIODE    1.000000    1.031223   -0.031223 (VIOLATED)
i_soc.i_ai_accel.u_conv_out._34_/X      1.000000    1.031219   -0.031219 (VIOLATED)
ANTENNA_input6_X/DIODE                  1.000000    1.031157   -0.031157 (VIOLATED)
input6/X                                1.000000    1.031148   -0.031148 (VIOLATED)
wire1245/A                              1.000000    1.030959   -0.030959 (VIOLATED)
ANTENNA_wire1245_A/DIODE                1.000000    1.030946   -0.030946 (VIOLATED)
i_soc.i_ai_sram.u_sram.gen_bank[7].gen_512.u_macro/din0[26]    1.000000    1.030505   -0.030505 (VIOLATED)
i_soc.i_ai_sram.u_sram.gen_bank[8].gen_512.u_macro/din0[1]    1.000000    1.030200   -0.030200 (VIOLATED)
ANTENNA_i_soc.i_instr_sram.u_sram.gen_bank[1].gen_512.u_macro_din0[21]/DIODE    1.000000    1.029948   -0.029948 (VIOLATED)
ANTENNA_i_soc.i_crossbar._1625__X/DIODE    1.000000    1.029918   -0.029918 (VIOLATED)
i_soc.i_crossbar._1625_/X               1.000000    1.029892   -0.029892 (VIOLATED)
i_soc.i_ai_sram.u_sram.gen_bank[13].gen_512.u_macro/din0[18]    1.000000    1.029332   -0.029332 (VIOLATED)
ANTENNA_i_soc.i_ai_sram.u_sram.gen_bank[2].gen_512.u_macro_din0[29]/DIODE    1.000000    1.029176   -0.029176 (VIOLATED)
i_soc.i_ai_sram.u_sram.gen_bank[8].gen_512.u_macro/din0[27]    1.000000    1.028238   -0.028238 (VIOLATED)
i_soc.i_ai_sram.u_sram.gen_bank[7].gen_512.u_macro/din0[17]    1.000000    1.027961   -0.027961 (VIOLATED)
ANTENNA_i_soc.i_instr_sram.u_sram.gen_bank[0].gen_512.u_macro_din0[28]/DIODE    1.000000    1.027954   -0.027954 (VIOLATED)
i_soc.i_ai_sram.u_sram._364_/A          1.000000    1.027808   -0.027808 (VIOLATED)
i_soc.i_ai_sram.u_sram._372_/A          1.000000    1.027805   -0.027805 (VIOLATED)
ANTENNA_i_soc.i_ai_sram.u_sram._372__A/DIODE    1.000000    1.027794   -0.027794 (VIOLATED)
ANTENNA_i_soc.i_ai_sram.u_sram._364__A/DIODE    1.000000    1.027751   -0.027751 (VIOLATED)
i_soc.i_ai_sram.u_sram.gen_bank[8].gen_512.u_macro/din0[26]    1.000000    1.027700   -0.027700 (VIOLATED)
ANTENNA_i_soc.i_data_sram.u_sram.gen_bank[2].gen_512.u_macro_din0[20]/DIODE    1.000000    1.027686   -0.027686 (VIOLATED)
i_soc.i_ai_sram.u_sram.gen_bank[7].gen_512.u_macro/din0[29]    1.000000    1.027457   -0.027457 (VIOLATED)
ANTENNA_i_soc.i_instr_sram.u_sram.gen_bank[3].gen_512.u_macro_din0[0]/DIODE    1.000000    1.027125   -0.027125 (VIOLATED)
ANTENNA_i_soc.i_crossbar._1215__X/DIODE    1.000000    1.027108   -0.027108 (VIOLATED)
ANTENNA_i_soc.i_data_sram.u_sram.gen_bank[0].gen_512.u_macro_din0[29]/DIODE    1.000000    1.027101   -0.027101 (VIOLATED)
i_soc.i_crossbar._1215_/X               1.000000    1.027061   -0.027061 (VIOLATED)
ANTENNA_i_soc.i_instr_sram.u_sram.gen_bank[3].gen_512.u_macro_din0[29]/DIODE    1.000000    1.027011   -0.027011 (VIOLATED)
ANTENNA_i_soc.i_instr_sram.u_sram.gen_bank[3].gen_512.u_macro_din0[19]/DIODE    1.000000    1.026490   -0.026490 (VIOLATED)
i_soc.i_ai_sram.u_sram.gen_bank[5].gen_512.u_macro/din0[9]    1.000000    1.025851   -0.025851 (VIOLATED)
i_soc.i_ai_sram.u_sram._367_/B          1.000000    1.025846   -0.025846 (VIOLATED)
ANTENNA_146/DIODE                       1.000000    1.025829   -0.025829 (VIOLATED)
i_soc.i_ai_sram.u_sram._365_/C          1.000000    1.025822   -0.025822 (VIOLATED)
ANTENNA_i_soc.i_ai_sram.u_sram._367__B/DIODE    1.000000    1.025783   -0.025783 (VIOLATED)
ANTENNA_i_soc.i_ai_sram.u_sram._365__C/DIODE    1.000000    1.025696   -0.025696 (VIOLATED)
ANTENNA_i_soc.i_instr_sram.u_sram.gen_bank[0].gen_512.u_macro_din0[6]/DIODE    1.000000    1.025412   -0.025412 (VIOLATED)
load_slew1003/A                         1.000000    1.024877   -0.024877 (VIOLATED)
ANTENNA_load_slew1003_A/DIODE           1.000000    1.024814   -0.024814 (VIOLATED)
wire1243/A                              1.000000    1.024289   -0.024289 (VIOLATED)
ANTENNA_wire1243_A/DIODE                1.000000    1.024287   -0.024287 (VIOLATED)
i_soc.i_ai_sram.u_sram.gen_bank[4].gen_512.u_macro/din0[14]    1.000000    1.023841   -0.023841 (VIOLATED)
ANTENNA_i_soc.i_instr_sram.u_sram.gen_bank[3].gen_512.u_macro_din0[22]/DIODE    1.000000    1.023573   -0.023573 (VIOLATED)
load_slew1246/A                         1.000000    1.023193   -0.023193 (VIOLATED)
ANTENNA_load_slew1246_A/DIODE           1.000000    1.023186   -0.023186 (VIOLATED)
i_soc.i_ai_sram.u_sram.gen_bank[3].gen_512.u_macro/din0[21]    1.000000    1.022196   -0.022196 (VIOLATED)
load_slew1244/A                         1.000000    1.021978   -0.021978 (VIOLATED)
ANTENNA_load_slew1244_A/DIODE           1.000000    1.021973   -0.021973 (VIOLATED)
ANTENNA_i_soc.i_instr_sram.u_sram.gen_bank[3].gen_512.u_macro_din0[2]/DIODE    1.000000    1.020840   -0.020840 (VIOLATED)
load_slew995/A                          1.000000    1.020575   -0.020575 (VIOLATED)
ANTENNA_load_slew995_A/DIODE            1.000000    1.020515   -0.020515 (VIOLATED)
i_soc.i_ai_sram.u_sram.gen_bank[0].gen_512.u_macro/din0[29]    1.000000    1.020398   -0.020398 (VIOLATED)
wire1643/A                              1.000000    1.020184   -0.020184 (VIOLATED)
ANTENNA_wire1643_A/DIODE                1.000000    1.020170   -0.020170 (VIOLATED)
i_soc.i_ai_sram.u_sram.gen_bank[6].gen_512.u_macro/din0[13]    1.000000    1.020106   -0.020106 (VIOLATED)
ANTENNA_i_soc.i_crossbar._1219__X/DIODE    1.000000    1.019991   -0.019991 (VIOLATED)
output40/A                              1.000000    1.019864   -0.019864 (VIOLATED)
ANTENNA_output40_A/DIODE                1.000000    1.019843   -0.019843 (VIOLATED)
i_soc.i_crossbar._1219_/X               1.000000    1.019820   -0.019820 (VIOLATED)
i_soc.i_ai_sram.u_sram.gen_bank[5].gen_512.u_macro/din0[22]    1.000000    1.019662   -0.019661 (VIOLATED)
ANTENNA_i_soc.i_data_sram.u_sram.gen_bank[1].gen_512.u_macro_din0[8]/DIODE    1.000000    1.019044   -0.019044 (VIOLATED)
i_soc.i_ai_sram.u_sram.gen_bank[7].gen_512.u_macro/din0[28]    1.000000    1.018942   -0.018942 (VIOLATED)
output35/A                              1.000000    1.018927   -0.018927 (VIOLATED)
ANTENNA_output35_A/DIODE                1.000000    1.018897   -0.018897 (VIOLATED)
ANTENNA_i_soc.i_instr_sram.u_sram.gen_bank[1].gen_512.u_macro_din0[11]/DIODE    1.000000    1.018062   -0.018062 (VIOLATED)
ANTENNA_i_soc.i_crossbar._1615__X/DIODE    1.000000    1.017961   -0.017961 (VIOLATED)
i_soc.i_crossbar._1615_/X               1.000000    1.017961   -0.017961 (VIOLATED)
ANTENNA_load_slew1296_A/DIODE           1.000000    1.017620   -0.017620 (VIOLATED)
i_soc.i_ai_sram.u_sram.gen_bank[1].gen_512.u_macro/din0[6]    1.000000    1.017206   -0.017206 (VIOLATED)
load_slew1296/A                         1.000000    1.017042   -0.017042 (VIOLATED)
ANTENNA_i_soc.i_instr_sram.u_sram.gen_bank[3].gen_512.u_macro_din0[13]/DIODE    1.000000    1.016763   -0.016763 (VIOLATED)
i_soc.i_crossbar._1051_/A               1.000000    1.016619   -0.016619 (VIOLATED)
ANTENNA_i_soc.i_crossbar._1051__A/DIODE    1.000000    1.016605   -0.016605 (VIOLATED)
i_soc.i_ai_sram.u_sram.gen_bank[1].gen_512.u_macro/din0[5]    1.000000    1.016516   -0.016516 (VIOLATED)
ANTENNA_i_soc.i_instr_sram.u_sram.gen_bank[1].gen_512.u_macro_din0[12]/DIODE    1.000000    1.016513   -0.016513 (VIOLATED)
ANTENNA_i_soc.i_crossbar._1616__X/DIODE    1.000000    1.016388   -0.016388 (VIOLATED)
i_soc.i_crossbar._1616_/X               1.000000    1.016366   -0.016366 (VIOLATED)
ANTENNA_i_soc.i_ai_sram.u_sram.gen_bank[6].gen_512.u_macro_din0[30]/DIODE    1.000000    1.016046   -0.016046 (VIOLATED)
ANTENNA_i_soc.i_instr_sram.u_sram.gen_bank[3].gen_512.u_macro_din0[1]/DIODE    1.000000    1.015892   -0.015892 (VIOLATED)
i_soc.i_ai_sram.u_sram.gen_bank[1].gen_512.u_macro/din0[26]    1.000000    1.015719   -0.015719 (VIOLATED)
ANTENNA__06__X/DIODE                    1.000000    1.015632   -0.015632 (VIOLATED)
_06_/X                                  1.000000    1.015623   -0.015623 (VIOLATED)
wire1239/A                              1.000000    1.015251   -0.015251 (VIOLATED)
ANTENNA_wire1239_A/DIODE                1.000000    1.015247   -0.015247 (VIOLATED)
wire1241/A                              1.000000    1.014893   -0.014893 (VIOLATED)
ANTENNA_wire1241_A/DIODE                1.000000    1.014890   -0.014890 (VIOLATED)
load_slew1242/A                         1.000000    1.014630   -0.014630 (VIOLATED)
ANTENNA_load_slew1242_A/DIODE           1.000000    1.014629   -0.014629 (VIOLATED)
ANTENNA__01__X/DIODE                    1.000000    1.014621   -0.014621 (VIOLATED)
_01_/X                                  1.000000    1.014613   -0.014613 (VIOLATED)
i_soc.i_ai_sram.u_sram.gen_bank[6].gen_512.u_macro/din0[14]    1.000000    1.014103   -0.014103 (VIOLATED)
ANTENNA_i_soc.i_crossbar._1222__X/DIODE    1.000000    1.014078   -0.014078 (VIOLATED)
ANTENNA_i_soc.i_ai_sram.u_sram.gen_bank[6].gen_512.u_macro_din0[29]/DIODE    1.000000    1.014061   -0.014061 (VIOLATED)
ANTENNA_load_slew1240_A/DIODE           1.000000    1.014040   -0.014040 (VIOLATED)
load_slew1240/A                         1.000000    1.014020   -0.014020 (VIOLATED)
i_soc.i_crossbar._1222_/X               1.000000    1.013987   -0.013987 (VIOLATED)
ANTENNA_input16_X/DIODE                 1.000000    1.013873   -0.013873 (VIOLATED)
input16/X                               1.000000    1.013859   -0.013859 (VIOLATED)
i_soc.i_ai_sram.u_sram.gen_bank[2].gen_512.u_macro/din0[9]    1.000000    1.012793   -0.012793 (VIOLATED)
i_soc.i_ai_sram.u_sram.gen_bank[10].gen_512.u_macro/din0[25]    1.000000    1.012789   -0.012789 (VIOLATED)
i_soc.i_ai_accel._18027_/A2             1.000000    1.012748   -0.012748 (VIOLATED)
ANTENNA_i_soc.i_ai_accel._18027__A2/DIODE    1.000000    1.012737   -0.012737 (VIOLATED)
ANTENNA_i_soc.i_ai_accel._18059__A2/DIODE    1.000000    1.012643   -0.012643 (VIOLATED)
i_soc.i_ai_accel._18059_/A2             1.000000    1.012562   -0.012562 (VIOLATED)
i_soc.i_ai_accel._18043_/B              1.000000    1.012455   -0.012455 (VIOLATED)
ANTENNA_i_soc.i_ai_accel._18043__B/DIODE    1.000000    1.012449   -0.012449 (VIOLATED)
i_soc.i_ai_sram.u_sram.gen_bank[7].gen_512.u_macro/din0[19]    1.000000    1.012179   -0.012178 (VIOLATED)
i_soc.i_ai_sram.u_sram.gen_bank[7].gen_512.u_macro/din0[10]    1.000000    1.011592   -0.011592 (VIOLATED)
i_soc.i_gpio._215_/D                    1.000000    1.011406   -0.011406 (VIOLATED)
ANTENNA_i_soc.i_gpio._215__D/DIODE      1.000000    1.011395   -0.011395 (VIOLATED)
ANTENNA_i_soc.i_data_sram.u_sram.gen_bank[2].gen_512.u_macro_din0[0]/DIODE    1.000000    1.011317   -0.011317 (VIOLATED)
ANTENNA_i_soc.i_instr_sram.u_sram.gen_bank[3].gen_512.u_macro_din0[28]/DIODE    1.000000    1.011146   -0.011146 (VIOLATED)
i_soc.i_ai_sram.u_sram._575_/A2         1.000000    1.011130   -0.011130 (VIOLATED)
ANTENNA_i_soc.i_ai_sram.u_sram._575__A2/DIODE    1.000000    1.011124   -0.011124 (VIOLATED)
ANTENNA_i_soc.i_data_sram.u_sram.gen_bank[3].gen_512.u_macro_din0[5]/DIODE    1.000000    1.010916   -0.010916 (VIOLATED)
ANTENNA_i_soc.i_data_sram.u_sram.gen_bank[0].gen_512.u_macro_din0[0]/DIODE    1.000000    1.010175   -0.010175 (VIOLATED)
ANTENNA_i_soc.i_crossbar._1186__X/DIODE    1.000000    1.010174   -0.010174 (VIOLATED)
i_soc.i_crossbar._1186_/X               1.000000    1.010148   -0.010148 (VIOLATED)
wire1283/A                              1.000000    1.009727   -0.009727 (VIOLATED)
ANTENNA_wire1283_A/DIODE                1.000000    1.009659   -0.009659 (VIOLATED)
i_soc.i_ai_sram.u_sram.gen_bank[7].gen_512.u_macro/din0[18]    1.000000    1.009212   -0.009212 (VIOLATED)
ANTENNA_i_soc.i_instr_sram.u_sram.gen_bank[0].gen_512.u_macro_din0[13]/DIODE    1.000000    1.008855   -0.008855 (VIOLATED)
i_soc.i_ai_sram.u_sram.gen_bank[5].gen_512.u_macro/din0[25]    1.000000    1.008465   -0.008465 (VIOLATED)
ANTENNA_input14_X/DIODE                 1.000000    1.008051   -0.008051 (VIOLATED)
input14/X                               1.000000    1.008039   -0.008039 (VIOLATED)
load_slew1631/A                         1.000000    1.007895   -0.007895 (VIOLATED)
ANTENNA_load_slew1631_A/DIODE           1.000000    1.007837   -0.007837 (VIOLATED)
ANTENNA__00__X/DIODE                    1.000000    1.007657   -0.007657 (VIOLATED)
_00_/X                                  1.000000    1.007649   -0.007649 (VIOLATED)
ANTENNA__03__X/DIODE                    1.000000    1.007349   -0.007349 (VIOLATED)
_03_/X                                  1.000000    1.007340   -0.007340 (VIOLATED)
ANTENNA_i_soc.i_ai_sram.u_sram.gen_bank[4].gen_512.u_macro_din0[30]/DIODE    1.000000    1.007332   -0.007332 (VIOLATED)
ANTENNA_i_soc.i_data_sram.u_sram.gen_bank[0].gen_512.u_macro_din0[20]/DIODE    1.000000    1.007185   -0.007185 (VIOLATED)
ANTENNA_i_soc.i_ai_sram.u_sram.gen_bank[0].gen_512.u_macro_din0[6]/DIODE    1.000000    1.006557   -0.006557 (VIOLATED)
ANTENNA_i_soc.i_ai_sram.u_sram.gen_bank[8].gen_512.u_macro_din0[13]/DIODE    1.000000    1.006532   -0.006532 (VIOLATED)
ANTENNA_i_soc.i_instr_sram.u_sram.gen_bank[1].gen_512.u_macro_din0[29]/DIODE    1.000000    1.006468   -0.006468 (VIOLATED)
ANTENNA_i_soc.i_crossbar._1206__X/DIODE    1.000000    1.006460   -0.006460 (VIOLATED)
ANTENNA_i_soc.i_crossbar._1633__X/DIODE    1.000000    1.006436   -0.006436 (VIOLATED)
i_soc.i_crossbar._1633_/X               1.000000    1.006411   -0.006411 (VIOLATED)
i_soc.i_crossbar._1206_/X               1.000000    1.006348   -0.006347 (VIOLATED)
ANTENNA_i_soc.i_instr_sram.u_sram.gen_bank[3].gen_512.u_macro_din0[5]/DIODE    1.000000    1.005969   -0.005969 (VIOLATED)
ANTENNA_input12_X/DIODE                 1.000000    1.005286   -0.005286 (VIOLATED)
input12/X                               1.000000    1.005286   -0.005286 (VIOLATED)
i_soc.i_ai_sram.u_sram._650_/B          1.000000    1.005270   -0.005270 (VIOLATED)
ANTENNA_i_soc.i_ai_sram.u_sram._650__B/DIODE    1.000000    1.005270   -0.005270 (VIOLATED)
ANTENNA_i_soc.i_ai_sram.u_sram.gen_bank[2].gen_512.u_macro_din0[31]/DIODE    1.000000    1.004090   -0.004090 (VIOLATED)
ANTENNA_i_soc.i_ai_sram.u_sram.gen_bank[2].gen_512.u_macro_din0[27]/DIODE    1.000000    1.003890   -0.003890 (VIOLATED)
i_soc.i_ai_accel._17470_/A2             1.000000    1.003588   -0.003588 (VIOLATED)
ANTENNA_i_soc.i_ai_accel._17470__A2/DIODE    1.000000    1.003586   -0.003586 (VIOLATED)
i_soc.i_ai_accel._17430_/B              1.000000    1.003586   -0.003586 (VIOLATED)
ANTENNA_i_soc.i_ai_accel._17430__B/DIODE    1.000000    1.003583   -0.003583 (VIOLATED)
i_soc.i_ai_accel._17465_/A2             1.000000    1.003580   -0.003580 (VIOLATED)
ANTENNA_i_soc.i_ai_accel._17465__A2/DIODE    1.000000    1.003578   -0.003578 (VIOLATED)
i_soc.i_ai_accel._17446_/A2             1.000000    1.003576   -0.003576 (VIOLATED)
i_soc.i_ai_accel._17438_/B              1.000000    1.003575   -0.003575 (VIOLATED)
ANTENNA_i_soc.i_ai_accel._17446__A2/DIODE    1.000000    1.003575   -0.003575 (VIOLATED)
ANTENNA_i_soc.i_ai_accel._17438__B/DIODE    1.000000    1.003571   -0.003571 (VIOLATED)
i_soc.i_ai_accel._17425_/A2             1.000000    1.003555   -0.003555 (VIOLATED)
ANTENNA_i_soc.i_ai_accel._17425__A2/DIODE    1.000000    1.003554   -0.003554 (VIOLATED)
i_soc.i_ai_accel._17454_/B              1.000000    1.003553   -0.003553 (VIOLATED)
ANTENNA_i_soc.i_ai_accel._17454__B/DIODE    1.000000    1.003551   -0.003551 (VIOLATED)
i_soc.i_ai_accel._17416_/B              1.000000    1.003542   -0.003542 (VIOLATED)
ANTENNA_i_soc.i_ai_accel._17416__B/DIODE    1.000000    1.003534   -0.003534 (VIOLATED)
ANTENNA_i_soc.i_ai_accel._17413__X/DIODE    1.000000    1.003533   -0.003533 (VIOLATED)
i_soc.i_ai_accel._17413_/X              1.000000    1.003522   -0.003522 (VIOLATED)
ANTENNA_i_soc.i_data_sram.u_sram.gen_bank[0].gen_512.u_macro_din0[31]/DIODE    1.000000    1.003457   -0.003457 (VIOLATED)
ANTENNA_i_soc.i_crossbar._1217__X/DIODE    1.000000    1.003360   -0.003360 (VIOLATED)
i_soc.i_crossbar._1217_/X               1.000000    1.003231   -0.003231 (VIOLATED)
ANTENNA_i_soc.i_ai_sram.u_sram.gen_bank[4].gen_512.u_macro_din0[3]/DIODE    1.000000    1.002828   -0.002828 (VIOLATED)
ANTENNA_i_soc.i_instr_sram.u_sram.gen_bank[3].gen_512.u_macro_din0[8]/DIODE    1.000000    1.001224   -0.001224 (VIOLATED)
ANTENNA_i_soc.i_data_sram.u_sram.gen_bank[1].gen_512.u_macro_din0[5]/DIODE    1.000000    1.000895   -0.000895 (VIOLATED)
i_soc.i_ai_sram.u_sram.gen_bank[5].gen_512.u_macro/din0[16]    1.000000    1.000758   -0.000758 (VIOLATED)
ANTENNA_i_soc.i_ai_sram.u_sram.gen_bank[8].gen_512.u_macro_din0[18]/DIODE    1.000000    1.000749   -0.000749 (VIOLATED)
wire271/A                               1.000000    1.000664   -0.000664 (VIOLATED)
ANTENNA_wire271_A/DIODE                 1.000000    1.000653   -0.000653 (VIOLATED)

max fanout

Pin                                   Limit Fanout  Slack
---------------------------------------------------------
fanout1139/X                             32     65    -33 (VIOLATED)
fanout1140/X                             32     65    -33 (VIOLATED)
fanout1151/X                             32     65    -33 (VIOLATED)
fanout1176/X                             32     65    -33 (VIOLATED)
fanout1181/X                             32     65    -33 (VIOLATED)
fanout1186/X                             32     65    -33 (VIOLATED)
fanout1189/X                             32     65    -33 (VIOLATED)
fanout1194/X                             32     65    -33 (VIOLATED)
fanout1470/X                             32     65    -33 (VIOLATED)
fanout1475/X                             32     65    -33 (VIOLATED)
fanout1476/X                             32     65    -33 (VIOLATED)
fanout1483/X                             32     65    -33 (VIOLATED)
fanout1484/X                             32     65    -33 (VIOLATED)
fanout7322/X                             32     65    -33 (VIOLATED)
i_soc.i_ai_accel._11656_/Y               32     65    -33 (VIOLATED)
i_soc.i_ai_accel._11689_/X               32     65    -33 (VIOLATED)
i_soc.i_ai_accel._11854_/Y               32     65    -33 (VIOLATED)
i_soc.i_ai_accel._11954_/X               32     65    -33 (VIOLATED)
i_soc.i_ai_accel._11987_/X               32     65    -33 (VIOLATED)
i_soc.i_cpu.core_i.cs_registers_i._2519_/Y     32     65    -33 (VIOLATED)
i_soc.i_cpu.core_i.cs_registers_i._2673_/Y     32     65    -33 (VIOLATED)
i_soc.i_cpu.core_i.cs_registers_i._2802_/Y     32     65    -33 (VIOLATED)
i_soc.i_cpu.core_i.cs_registers_i._2835_/Y     32     65    -33 (VIOLATED)
i_soc.i_cpu.core_i.cs_registers_i._3816_/Y     32     65    -33 (VIOLATED)
i_soc.i_cpu.core_i.ex_stage_i._050_/X     32     65    -33 (VIOLATED)
i_soc.i_cpu.core_i.id_stage_i.register_file_i._5948_/Y     32     65    -33 (VIOLATED)
i_soc.i_cpu.core_i.id_stage_i.register_file_i._6019_/Y     32     65    -33 (VIOLATED)
i_soc.i_cpu.core_i.id_stage_i.register_file_i._6434_/X     32     65    -33 (VIOLATED)
i_soc.i_cpu.core_i.id_stage_i.register_file_i._6637_/X     32     65    -33 (VIOLATED)
i_soc.i_cpu.core_i.id_stage_i.register_file_i._7111_/Y     32     65    -33 (VIOLATED)
i_soc.i_cpu.core_i.id_stage_i.register_file_i._7179_/Y     32     65    -33 (VIOLATED)
i_soc.i_cpu.core_i.id_stage_i.register_file_i._7385_/X     32     65    -33 (VIOLATED)
i_soc.i_cpu.core_i.id_stage_i.register_file_i._7588_/Y     32     65    -33 (VIOLATED)
i_soc.i_dm_top.i_dm_csrs._1491_/X        32     65    -33 (VIOLATED)
i_soc.i_i2c._0618_/X                     32     65    -33 (VIOLATED)
i_soc.i_periph_decoder._0650_/X          32     65    -33 (VIOLATED)
i_soc.i_qspi._10756_/Y                   32     65    -33 (VIOLATED)
i_soc.i_qspi._10858_/Y                   32     65    -33 (VIOLATED)
i_soc.i_qspi._10892_/Y                   32     65    -33 (VIOLATED)
i_soc.i_qspi._10926_/Y                   32     65    -33 (VIOLATED)
i_soc.i_qspi._11127_/Y                   32     65    -33 (VIOLATED)
i_soc.i_qspi._12752_/Y                   32     65    -33 (VIOLATED)
i_soc.i_qspi._14254_/X                   32     65    -33 (VIOLATED)
i_soc.i_qspi._14287_/X                   32     65    -33 (VIOLATED)
i_soc.i_qspi._15122_/X                   32     65    -33 (VIOLATED)
i_soc.i_uart_0._462_/X                   32     65    -33 (VIOLATED)
wire3019/X                               32     65    -33 (VIOLATED)
wire3021/X                               32     65    -33 (VIOLATED)
wire332/X                                32     65    -33 (VIOLATED)
wire692/X                                32     65    -33 (VIOLATED)
wire694/X                                32     65    -33 (VIOLATED)
wire716/X                                32     65    -33 (VIOLATED)
wire717/X                                32     65    -33 (VIOLATED)
i_soc.i_cpu.core_i.ex_stage_i.alu_i._5388_/X     32     63    -31 (VIOLATED)
max_cap4200/X                            32     63    -31 (VIOLATED)
i_soc.i_axi_dm_slave._434_/Q             32     61    -29 (VIOLATED)
i_soc.i_cpu.core_i.if_stage_i._873_/Q     32     61    -29 (VIOLATED)
max_cap5521/X                            32     61    -29 (VIOLATED)
max_cap708/X                             32     61    -29 (VIOLATED)
max_cap726/X                             32     61    -29 (VIOLATED)
wire3320/X                               32     61    -29 (VIOLATED)
i_soc.i_cpu.core_i.id_stage_i._3150_/X     32     59    -27 (VIOLATED)
i_soc.i_cpu.core_i.id_stage_i._3683_/Q     32     59    -27 (VIOLATED)
i_soc.i_timer._0843_/Y                   32     59    -27 (VIOLATED)
i_soc.i_uart_1._0823_/X                  32     59    -27 (VIOLATED)
load_slew3358/X                          32     59    -27 (VIOLATED)
max_cap3866/X                            32     59    -27 (VIOLATED)
max_cap4056/X                            32     59    -27 (VIOLATED)
max_cap533/X                             32     59    -27 (VIOLATED)
max_cap583/X                             32     59    -27 (VIOLATED)
max_cap670/X                             32     59    -27 (VIOLATED)
max_cap671/X                             32     59    -27 (VIOLATED)
max_cap672/X                             32     59    -27 (VIOLATED)
wire4122/X                               32     59    -27 (VIOLATED)
i_soc.i_cpu.core_i.ex_stage_i.mult_i._15357_/X     32     57    -25 (VIOLATED)
i_soc.i_cpu.core_i.ex_stage_i.mult_i._22095_/X     32     57    -25 (VIOLATED)
i_soc.i_cpu.core_i.id_stage_i._2508_/X     32     57    -25 (VIOLATED)
i_soc.i_cpu.core_i.id_stage_i._3685_/Q     32     57    -25 (VIOLATED)
i_soc.i_dmi_jtag._253_/X                 32     57    -25 (VIOLATED)
max_cap1719/X                            32     57    -25 (VIOLATED)
max_cap5502/X                            32     57    -25 (VIOLATED)
max_cap718/X                             32     57    -25 (VIOLATED)
wire2864/X                               32     57    -25 (VIOLATED)
load_slew4788/X                          32     56    -24 (VIOLATED)
i_soc.i_ai_accel._22923_/Q               32     55    -23 (VIOLATED)
i_soc.i_cpu.core_i.ex_stage_i.alu_i._3389_/Y     32     55    -23 (VIOLATED)
i_soc.i_cpu.core_i.ex_stage_i.mult_i._15141_/X     32     55    -23 (VIOLATED)
i_soc.i_cpu.core_i.if_stage_i.prefetch_buffer_i.instruction_obi_i._305_/Q     32     55    -23 (VIOLATED)
i_soc.i_dm_top.i_dm_mem.gen_rom_snd_scratch.i_debug_rom._236_/Q     32     55    -23 (VIOLATED)
load_slew686/X                           32     55    -23 (VIOLATED)
max_cap1844/X                            32     55    -23 (VIOLATED)
max_cap1962/X                            32     55    -23 (VIOLATED)
max_cap2895/X                            32     55    -23 (VIOLATED)
max_cap3865/X                            32     55    -23 (VIOLATED)
max_cap4121/X                            32     55    -23 (VIOLATED)
max_cap5522/X                            32     55    -23 (VIOLATED)
max_cap681/X                             32     55    -23 (VIOLATED)
max_cap682/X                             32     55    -23 (VIOLATED)
max_cap683/X                             32     55    -23 (VIOLATED)
max_cap685/X                             32     55    -23 (VIOLATED)
max_cap693/X                             32     55    -23 (VIOLATED)
max_cap696/X                             32     55    -23 (VIOLATED)
max_cap697/X                             32     55    -23 (VIOLATED)
max_cap719/X                             32     55    -23 (VIOLATED)
wire2939/X                               32     55    -23 (VIOLATED)
wire4118/X                               32     55    -23 (VIOLATED)
i_soc.i_cpu.core_i.ex_stage_i.alu_i._4523_/X     32     53    -21 (VIOLATED)
i_soc.i_cpu.core_i.ex_stage_i.mult_i._16762_/X     32     53    -21 (VIOLATED)
i_soc.i_periph_decoder._0295_/X          32     53    -21 (VIOLATED)
max_cap1717/X                            32     53    -21 (VIOLATED)
max_cap3554/X                            32     53    -21 (VIOLATED)
max_cap684/X                             32     53    -21 (VIOLATED)
max_cap695/X                             32     53    -21 (VIOLATED)
max_cap703/X                             32     53    -21 (VIOLATED)
max_cap706/X                             32     53    -21 (VIOLATED)
max_cap739/X                             32     53    -21 (VIOLATED)
wire2918/X                               32     53    -21 (VIOLATED)
wire3864/X                               32     53    -21 (VIOLATED)
fanout365/X                              32     51    -19 (VIOLATED)
i_soc.i_dmi_jtag._394_/X                 32     51    -19 (VIOLATED)
i_soc.i_dmi_jtag._397_/X                 32     51    -19 (VIOLATED)
i_soc.i_i2c._0864_/Q                     32     51    -19 (VIOLATED)
i_soc.i_periph_decoder._0290_/X          32     51    -19 (VIOLATED)
i_soc.i_periph_decoder._0292_/X          32     51    -19 (VIOLATED)
max_cap197/X                             32     51    -19 (VIOLATED)
max_cap2343/X                            32     51    -19 (VIOLATED)
max_cap2345/X                            32     51    -19 (VIOLATED)
max_cap2504/X                            32     51    -19 (VIOLATED)
max_cap3023/X                            32     51    -19 (VIOLATED)
max_cap3127/X                            32     51    -19 (VIOLATED)
max_cap319/X                             32     51    -19 (VIOLATED)
max_cap4116/X                            32     51    -19 (VIOLATED)
max_cap675/X                             32     51    -19 (VIOLATED)
max_cap968/X                             32     51    -19 (VIOLATED)
wire3962/X                               32     51    -19 (VIOLATED)
wire4070/X                               32     51    -19 (VIOLATED)
wire4313/X                               32     51    -19 (VIOLATED)
wire437/X                                32     51    -19 (VIOLATED)
clkbuf_6_15__f_clk_i_regs/X              32     49    -17 (VIOLATED)
i_soc.i_ai_accel._22472_/Q               32     49    -17 (VIOLATED)
i_soc.i_cpu.core_i.ex_stage_i.alu_i._3315_/Y     32     49    -17 (VIOLATED)
i_soc.i_cpu.core_i.ex_stage_i.mult_i._14782_/X     32     49    -17 (VIOLATED)
i_soc.i_cpu.core_i.id_stage_i._3691_/Q     32     49    -17 (VIOLATED)
i_soc.i_i2c._0865_/Q                     32     49    -17 (VIOLATED)
i_soc.i_uart_0._337_/X                   32     49    -17 (VIOLATED)
load_slew4789/X                          32     49    -17 (VIOLATED)
load_slew7324/X                          32     49    -17 (VIOLATED)
max_cap1817/X                            32     49    -17 (VIOLATED)
max_cap2184/X                            32     49    -17 (VIOLATED)
max_cap2397/X                            32     49    -17 (VIOLATED)
max_cap2402/X                            32     49    -17 (VIOLATED)
max_cap2566/X                            32     49    -17 (VIOLATED)
max_cap2675/X                            32     49    -17 (VIOLATED)
max_cap2697/X                            32     49    -17 (VIOLATED)
max_cap2894/X                            32     49    -17 (VIOLATED)
max_cap3301/X                            32     49    -17 (VIOLATED)
max_cap339/X                             32     49    -17 (VIOLATED)
max_cap4265/X                            32     49    -17 (VIOLATED)
max_cap4266/X                            32     49    -17 (VIOLATED)
max_cap625/X                             32     49    -17 (VIOLATED)
max_cap673/X                             32     49    -17 (VIOLATED)
max_cap705/X                             32     49    -17 (VIOLATED)
wire1812/X                               32     49    -17 (VIOLATED)
wire1899/X                               32     49    -17 (VIOLATED)
wire3551/X                               32     49    -17 (VIOLATED)
i_soc.i_cpu.core_i.ex_stage_i.alu_i._5225_/Y     32     47    -15 (VIOLATED)
i_soc.i_cpu.core_i.ex_stage_i.mult_i._14787_/X     32     47    -15 (VIOLATED)
i_soc.i_cpu.core_i.ex_stage_i.mult_i._14846_/X     32     47    -15 (VIOLATED)
i_soc.i_cpu.core_i.id_stage_i._2946_/Y     32     47    -15 (VIOLATED)
i_soc.i_cpu.core_i.id_stage_i._3687_/Q     32     47    -15 (VIOLATED)
i_soc.i_cpu.core_i.id_stage_i._3886_/Q     32     47    -15 (VIOLATED)
i_soc.i_dm_top.i_dm_csrs._1540_/X        32     47    -15 (VIOLATED)
i_soc.i_qspi._21306_/Q                   32     47    -15 (VIOLATED)
i_soc.i_timer._0868_/Y                   32     47    -15 (VIOLATED)
load_slew1793/X                          32     47    -15 (VIOLATED)
load_slew1810/X                          32     47    -15 (VIOLATED)
max_cap180/X                             32     47    -15 (VIOLATED)
max_cap1841/X                            32     47    -15 (VIOLATED)
max_cap1963/X                            32     47    -15 (VIOLATED)
max_cap2344/X                            32     47    -15 (VIOLATED)
max_cap2346/X                            32     47    -15 (VIOLATED)
max_cap2407/X                            32     47    -15 (VIOLATED)
max_cap2511/X                            32     47    -15 (VIOLATED)
max_cap2674/X                            32     47    -15 (VIOLATED)
max_cap3112/X                            32     47    -15 (VIOLATED)
max_cap3152/X                            32     47    -15 (VIOLATED)
max_cap3300/X                            32     47    -15 (VIOLATED)
max_cap669/X                             32     47    -15 (VIOLATED)
max_cap674/X                             32     47    -15 (VIOLATED)
max_cap676/X                             32     47    -15 (VIOLATED)
max_cap687/X                             32     47    -15 (VIOLATED)
max_cap707/X                             32     47    -15 (VIOLATED)
max_cap746/X                             32     47    -15 (VIOLATED)
max_cap904/X                             32     47    -15 (VIOLATED)
max_cap905/X                             32     47    -15 (VIOLATED)
max_cap961/X                             32     47    -15 (VIOLATED)
wire2766/X                               32     47    -15 (VIOLATED)
clkbuf_6_11__f_clk_i_regs/X              32     45    -13 (VIOLATED)
clkbuf_6_29__f_clk_i_regs/X              32     45    -13 (VIOLATED)
fanout7537/X                             32     45    -13 (VIOLATED)
i_soc.i_cpu.core_i.ex_stage_i.mult_i._12424_/Y     32     45    -13 (VIOLATED)
i_soc.i_cpu.core_i.ex_stage_i.mult_i._14753_/X     32     45    -13 (VIOLATED)
i_soc.i_cpu.core_i.ex_stage_i.mult_i._14851_/X     32     45    -13 (VIOLATED)
i_soc.i_cpu.core_i.id_stage_i._3688_/Q     32     45    -13 (VIOLATED)
i_soc.i_cpu.core_i.id_stage_i._3872_/Q     32     45    -13 (VIOLATED)
i_soc.i_cpu.core_i.id_stage_i._3880_/Q     32     45    -13 (VIOLATED)
i_soc.i_cpu.core_i.id_stage_i.controller_i._519_/Q     32     45    -13 (VIOLATED)
i_soc.i_cpu.core_i.if_stage_i.aligner_i._912_/Q     32     45    -13 (VIOLATED)
i_soc.i_cpu.core_i.if_stage_i.compressed_decoder_i._181_/Y     32     45    -13 (VIOLATED)
i_soc.i_dm_top.i_dm_mem.gen_rom_snd_scratch.i_debug_rom._235_/Q     32     45    -13 (VIOLATED)
i_soc.i_qspi._21124_/Q                   32     45    -13 (VIOLATED)
i_soc.i_uart_0._271_/Y                   32     45    -13 (VIOLATED)
load_slew1787/X                          32     45    -13 (VIOLATED)
load_slew1795/X                          32     45    -13 (VIOLATED)
load_slew347/X                           32     45    -13 (VIOLATED)
load_slew7328/X                          32     45    -13 (VIOLATED)
load_slew7536/X                          32     45    -13 (VIOLATED)
load_slew7695/X                          32     45    -13 (VIOLATED)
max_cap2222/X                            32     45    -13 (VIOLATED)
max_cap2425/X                            32     45    -13 (VIOLATED)
max_cap2573/X                            32     45    -13 (VIOLATED)
max_cap2688/X                            32     45    -13 (VIOLATED)
max_cap328/X                             32     45    -13 (VIOLATED)
max_cap330/X                             32     45    -13 (VIOLATED)
max_cap3304/X                            32     45    -13 (VIOLATED)
max_cap331/X                             32     45    -13 (VIOLATED)
max_cap3451/X                            32     45    -13 (VIOLATED)
max_cap346/X                             32     45    -13 (VIOLATED)
max_cap3862/X                            32     45    -13 (VIOLATED)
max_cap3968/X                            32     45    -13 (VIOLATED)
max_cap4065/X                            32     45    -13 (VIOLATED)
max_cap4069/X                            32     45    -13 (VIOLATED)
max_cap4256/X                            32     45    -13 (VIOLATED)
max_cap428/X                             32     45    -13 (VIOLATED)
max_cap627/X                             32     45    -13 (VIOLATED)
max_cap702/X                             32     45    -13 (VIOLATED)
max_cap704/X                             32     45    -13 (VIOLATED)
max_cap715/X                             32     45    -13 (VIOLATED)
max_cap73/X                              32     45    -13 (VIOLATED)
max_cap735/X                             32     45    -13 (VIOLATED)
max_cap740/X                             32     45    -13 (VIOLATED)
max_cap7533/X                            32     45    -13 (VIOLATED)
wire300/X                                32     45    -13 (VIOLATED)
wire3860/X                               32     45    -13 (VIOLATED)
wire4119/X                               32     45    -13 (VIOLATED)
wire5021/X                               32     45    -13 (VIOLATED)
wire5048/X                               32     45    -13 (VIOLATED)
wire5116/X                               32     45    -13 (VIOLATED)
wire5122/X                               32     45    -13 (VIOLATED)
i_soc.i_cpu.core_i.cs_registers_i._2918_/X     32     43    -11 (VIOLATED)
i_soc.i_cpu.core_i.ex_stage_i.mult_i._14758_/X     32     43    -11 (VIOLATED)
i_soc.i_cpu.core_i.ex_stage_i.mult_i._14987_/X     32     43    -11 (VIOLATED)
i_soc.i_cpu.core_i.id_stage_i._3802_/Q     32     43    -11 (VIOLATED)
i_soc.i_cpu.core_i.id_stage_i._3863_/Q     32     43    -11 (VIOLATED)
i_soc.i_cpu.core_i.id_stage_i._3881_/Q     32     43    -11 (VIOLATED)
i_soc.i_cpu.core_i.id_stage_i._3888_/Q     32     43    -11 (VIOLATED)
i_soc.i_cpu.core_i.id_stage_i._3889_/Q     32     43    -11 (VIOLATED)
i_soc.i_cpu.core_i.id_stage_i.register_file_i._6838_/Y     32     43    -11 (VIOLATED)
i_soc.i_cpu.core_i.if_stage_i.aligner_i._485_/X     32     43    -11 (VIOLATED)
i_soc.i_dm_top.i_dm_mem._0720_/X         32     43    -11 (VIOLATED)
i_soc.i_qspi._08545_/Y                   32     43    -11 (VIOLATED)
i_soc.i_qspi._21145_/Q                   32     43    -11 (VIOLATED)
i_soc.i_timer._0869_/X                   32     43    -11 (VIOLATED)
i_soc.i_timer._1434_/X                   32     43    -11 (VIOLATED)
load_slew1148/X                          32     43    -11 (VIOLATED)
load_slew1167/X                          32     43    -11 (VIOLATED)
load_slew2444/X                          32     43    -11 (VIOLATED)
load_slew438/X                           32     43    -11 (VIOLATED)
load_slew5034/X                          32     43    -11 (VIOLATED)
load_slew5060/X                          32     43    -11 (VIOLATED)
load_slew960/X                           32     43    -11 (VIOLATED)
max_cap1842/X                            32     43    -11 (VIOLATED)
max_cap2396/X                            32     43    -11 (VIOLATED)
max_cap2732/X                            32     43    -11 (VIOLATED)
max_cap2735/X                            32     43    -11 (VIOLATED)
max_cap3104/X                            32     43    -11 (VIOLATED)
max_cap398/X                             32     43    -11 (VIOLATED)
max_cap4133/X                            32     43    -11 (VIOLATED)
max_cap713/X                             32     43    -11 (VIOLATED)
wire1799/X                               32     43    -11 (VIOLATED)
wire366/X                                32     43    -11 (VIOLATED)
wire3966/X                               32     43    -11 (VIOLATED)
wire4055/X                               32     43    -11 (VIOLATED)
wire4123/X                               32     43    -11 (VIOLATED)
wire4267/X                               32     43    -11 (VIOLATED)
wire5107/X                               32     43    -11 (VIOLATED)
wire5025/X                               32     42    -10 (VIOLATED)
clkbuf_6_20__f_clk_i_regs/X              32     41     -9 (VIOLATED)
clkbuf_6_28__f_clk_i_regs/X              32     41     -9 (VIOLATED)
clkbuf_6_57__f_clk_i_regs/X              32     41     -9 (VIOLATED)
i_soc.i_ai_accel._22471_/Q               32     41     -9 (VIOLATED)
i_soc.i_cpu.core_i.ex_stage_i.mult_i._14764_/X     32     41     -9 (VIOLATED)
i_soc.i_cpu.core_i.id_stage_i._3005_/X     32     41     -9 (VIOLATED)
i_soc.i_cpu.core_i.id_stage_i._3801_/Q     32     41     -9 (VIOLATED)
i_soc.i_cpu.core_i.id_stage_i._3805_/Q     32     41     -9 (VIOLATED)
i_soc.i_cpu.core_i.id_stage_i._3862_/Q     32     41     -9 (VIOLATED)
i_soc.i_cpu.core_i.id_stage_i._3865_/Q     32     41     -9 (VIOLATED)
i_soc.i_cpu.core_i.id_stage_i._3870_/Q     32     41     -9 (VIOLATED)
i_soc.i_cpu.core_i.id_stage_i._3873_/Q     32     41     -9 (VIOLATED)
i_soc.i_cpu.core_i.id_stage_i._3878_/Q     32     41     -9 (VIOLATED)
i_soc.i_cpu.core_i.id_stage_i._3989_/Q     32     41     -9 (VIOLATED)
i_soc.i_cpu.core_i.id_stage_i.register_file_i._6773_/Y     32     41     -9 (VIOLATED)
i_soc.i_cpu.core_i.if_stage_i._878_/Q     32     41     -9 (VIOLATED)
i_soc.i_cpu.core_i.if_stage_i.aligner_i._407_/X     32     41     -9 (VIOLATED)
i_soc.i_cpu.core_i.if_stage_i.aligner_i._464_/X     32     41     -9 (VIOLATED)
i_soc.i_cpu.core_i.if_stage_i.aligner_i._466_/X     32     41     -9 (VIOLATED)
i_soc.i_cpu.core_i.if_stage_i.compressed_decoder_i._180_/X     32     41     -9 (VIOLATED)
i_soc.i_cpu.core_i.load_store_unit_i._0532_/Y     32     41     -9 (VIOLATED)
i_soc.i_crossbar._0985_/X                32     41     -9 (VIOLATED)
i_soc.i_dm_top.i_dm_csrs._2740_/Y        32     41     -9 (VIOLATED)
i_soc.i_periph_decoder._0301_/X          32     41     -9 (VIOLATED)
i_soc.i_qspi._21304_/Q                   32     41     -9 (VIOLATED)
i_soc.i_uart_0._618_/Q                   32     41     -9 (VIOLATED)
i_soc.i_uart_1._1275_/X                  32     41     -9 (VIOLATED)
load_slew1142/X                          32     41     -9 (VIOLATED)
load_slew1171/X                          32     41     -9 (VIOLATED)
load_slew144/X                           32     41     -9 (VIOLATED)
load_slew1474/X                          32     41     -9 (VIOLATED)
load_slew1816/X                          32     41     -9 (VIOLATED)
load_slew2778/X                          32     41     -9 (VIOLATED)
load_slew2993/X                          32     41     -9 (VIOLATED)
load_slew3343/X                          32     41     -9 (VIOLATED)
load_slew4314/X                          32     41     -9 (VIOLATED)
load_slew5004/X                          32     41     -9 (VIOLATED)
load_slew5010/X                          32     41     -9 (VIOLATED)
load_slew5032/X                          32     41     -9 (VIOLATED)
load_slew5042/X                          32     41     -9 (VIOLATED)
load_slew5098/X                          32     41     -9 (VIOLATED)
load_slew5104/X                          32     41     -9 (VIOLATED)
load_slew5114/X                          32     41     -9 (VIOLATED)
load_slew5129/X                          32     41     -9 (VIOLATED)
max_cap185/X                             32     41     -9 (VIOLATED)
max_cap186/X                             32     41     -9 (VIOLATED)
max_cap226/X                             32     41     -9 (VIOLATED)
max_cap2353/X                            32     41     -9 (VIOLATED)
max_cap2357/X                            32     41     -9 (VIOLATED)
max_cap2363/X                            32     41     -9 (VIOLATED)
max_cap2367/X                            32     41     -9 (VIOLATED)
max_cap2403/X                            32     41     -9 (VIOLATED)
max_cap2505/X                            32     41     -9 (VIOLATED)
max_cap2714/X                            32     41     -9 (VIOLATED)
max_cap2896/X                            32     41     -9 (VIOLATED)
max_cap2911/X                            32     41     -9 (VIOLATED)
max_cap2920/X                            32     41     -9 (VIOLATED)
max_cap3219/X                            32     41     -9 (VIOLATED)
max_cap333/X                             32     41     -9 (VIOLATED)
max_cap394/X                             32     41     -9 (VIOLATED)
max_cap714/X                             32     41     -9 (VIOLATED)
max_cap725/X                             32     41     -9 (VIOLATED)
max_cap736/X                             32     41     -9 (VIOLATED)
max_cap959/X                             32     41     -9 (VIOLATED)
wire1150/X                               32     41     -9 (VIOLATED)
wire1180/X                               32     41     -9 (VIOLATED)
wire1465/X                               32     41     -9 (VIOLATED)
wire1691/X                               32     41     -9 (VIOLATED)
wire1778/X                               32     41     -9 (VIOLATED)
wire2473/X                               32     41     -9 (VIOLATED)
wire2486/X                               32     41     -9 (VIOLATED)
wire2901/X                               32     41     -9 (VIOLATED)
wire2903/X                               32     41     -9 (VIOLATED)
wire2996/X                               32     41     -9 (VIOLATED)
wire3961/X                               32     41     -9 (VIOLATED)
wire3978/X                               32     41     -9 (VIOLATED)
wire4054/X                               32     41     -9 (VIOLATED)
wire5008/X                               32     41     -9 (VIOLATED)
wire5046/X                               32     41     -9 (VIOLATED)
load_slew1163/X                          32     40     -8 (VIOLATED)
clkbuf_6_14__f_clk_i_regs/X              32     39     -7 (VIOLATED)
clkbuf_6_19__f_clk_i_regs/X              32     39     -7 (VIOLATED)
clkbuf_6_21__f_clk_i_regs/X              32     39     -7 (VIOLATED)
clkbuf_6_25__f_clk_i_regs/X              32     39     -7 (VIOLATED)
i_soc.i_ai_accel._11290_/Y               32     39     -7 (VIOLATED)
i_soc.i_cpu.core_i.ex_stage_i.alu_i._3314_/Y     32     39     -7 (VIOLATED)
i_soc.i_cpu.core_i.ex_stage_i.alu_i.alu_div_i._0753_/X     32     39     -7 (VIOLATED)
i_soc.i_cpu.core_i.ex_stage_i.mult_i._12637_/X     32     39     -7 (VIOLATED)
i_soc.i_cpu.core_i.ex_stage_i.mult_i._15410_/X     32     39     -7 (VIOLATED)
i_soc.i_cpu.core_i.id_stage_i._3867_/Q     32     39     -7 (VIOLATED)
i_soc.i_cpu.core_i.load_store_unit_i._1046_/Y     32     39     -7 (VIOLATED)
i_soc.i_crossbar._0984_/X                32     39     -7 (VIOLATED)
i_soc.i_dm_top.i_dm_mem._0717_/Y         32     39     -7 (VIOLATED)
i_soc.i_dm_top.i_dm_mem.gen_rom_snd_scratch.i_debug_rom._234_/Q     32     39     -7 (VIOLATED)
load_slew1146/X                          32     39     -7 (VIOLATED)
load_slew1165/X                          32     39     -7 (VIOLATED)
load_slew1173/X                          32     39     -7 (VIOLATED)
load_slew1185/X                          32     39     -7 (VIOLATED)
load_slew123/X                           32     39     -7 (VIOLATED)
load_slew1723/X                          32     39     -7 (VIOLATED)
load_slew1725/X                          32     39     -7 (VIOLATED)
load_slew1727/X                          32     39     -7 (VIOLATED)
load_slew1728/X                          32     39     -7 (VIOLATED)
load_slew1780/X                          32     39     -7 (VIOLATED)
load_slew1781/X                          32     39     -7 (VIOLATED)
load_slew1782/X                          32     39     -7 (VIOLATED)
load_slew2362/X                          32     39     -7 (VIOLATED)
load_slew2600/X                          32     39     -7 (VIOLATED)
load_slew2752/X                          32     39     -7 (VIOLATED)
load_slew2779/X                          32     39     -7 (VIOLATED)
load_slew2898/X                          32     39     -7 (VIOLATED)
load_slew341/X                           32     39     -7 (VIOLATED)
load_slew364/X                           32     39     -7 (VIOLATED)
load_slew5065/X                          32     39     -7 (VIOLATED)
load_slew5068/X                          32     39     -7 (VIOLATED)
load_slew5078/X                          32     39     -7 (VIOLATED)
load_slew5100/X                          32     39     -7 (VIOLATED)
load_slew5102/X                          32     39     -7 (VIOLATED)
load_slew5120/X                          32     39     -7 (VIOLATED)
load_slew568/X                           32     39     -7 (VIOLATED)
max_cap2226/X                            32     39     -7 (VIOLATED)
max_cap2359/X                            32     39     -7 (VIOLATED)
max_cap2474/X                            32     39     -7 (VIOLATED)
max_cap2475/X                            32     39     -7 (VIOLATED)
max_cap264/X                             32     39     -7 (VIOLATED)
max_cap279/X                             32     39     -7 (VIOLATED)
max_cap2884/X                            32     39     -7 (VIOLATED)
max_cap2889/X                            32     39     -7 (VIOLATED)
max_cap2900/X                            32     39     -7 (VIOLATED)
max_cap2912/X                            32     39     -7 (VIOLATED)
max_cap2937/X                            32     39     -7 (VIOLATED)
max_cap2994/X                            32     39     -7 (VIOLATED)
max_cap301/X                             32     39     -7 (VIOLATED)
max_cap3020/X                            32     39     -7 (VIOLATED)
max_cap3025/X                            32     39     -7 (VIOLATED)
max_cap3105/X                            32     39     -7 (VIOLATED)
max_cap321/X                             32     39     -7 (VIOLATED)
max_cap3302/X                            32     39     -7 (VIOLATED)
max_cap338/X                             32     39     -7 (VIOLATED)
max_cap3858/X                            32     39     -7 (VIOLATED)
max_cap3861/X                            32     39     -7 (VIOLATED)
max_cap3963/X                            32     39     -7 (VIOLATED)
max_cap3969/X                            32     39     -7 (VIOLATED)
max_cap3980/X                            32     39     -7 (VIOLATED)
max_cap4117/X                            32     39     -7 (VIOLATED)
max_cap4120/X                            32     39     -7 (VIOLATED)
max_cap5510/X                            32     39     -7 (VIOLATED)
wire1490/X                               32     39     -7 (VIOLATED)
wire1692/X                               32     39     -7 (VIOLATED)
wire1693/X                               32     39     -7 (VIOLATED)
wire1702/X                               32     39     -7 (VIOLATED)
wire1843/X                               32     39     -7 (VIOLATED)
wire3330/X                               32     39     -7 (VIOLATED)
wire3986/X                               32     39     -7 (VIOLATED)
wire4124/X                               32     39     -7 (VIOLATED)
wire5023/X                               32     39     -7 (VIOLATED)
wire546/X                                32     39     -7 (VIOLATED)
wire588/X                                32     39     -7 (VIOLATED)
wire966/X                                32     39     -7 (VIOLATED)
load_slew5082/X                          32     38     -6 (VIOLATED)
clkbuf_6_18__f_clk_i_regs/X              32     37     -5 (VIOLATED)
clkbuf_6_53__f_clk_i_regs/X              32     37     -5 (VIOLATED)
fanout1463/X                             32     37     -5 (VIOLATED)
fanout5083/X                             32     37     -5 (VIOLATED)
i_soc.i_cpu.core_i.cs_registers_i._2436_/X     32     37     -5 (VIOLATED)
i_soc.i_cpu.core_i.ex_stage_i.alu_i._3307_/Y     32     37     -5 (VIOLATED)
i_soc.i_cpu.core_i.ex_stage_i.alu_i._4622_/X     32     37     -5 (VIOLATED)
i_soc.i_cpu.core_i.ex_stage_i.alu_i._4628_/Y     32     37     -5 (VIOLATED)
i_soc.i_cpu.core_i.ex_stage_i.alu_i._5425_/X     32     37     -5 (VIOLATED)
i_soc.i_cpu.core_i.ex_stage_i.alu_i.alu_div_i._1572_/Q     32     37     -5 (VIOLATED)
i_soc.i_cpu.core_i.ex_stage_i.mult_i._12640_/X     32     37     -5 (VIOLATED)
i_soc.i_cpu.core_i.id_stage_i._3861_/Q     32     37     -5 (VIOLATED)
i_soc.i_cpu.core_i.id_stage_i._3864_/Q     32     37     -5 (VIOLATED)
i_soc.i_cpu.core_i.id_stage_i._3871_/Q     32     37     -5 (VIOLATED)
i_soc.i_cpu.core_i.id_stage_i._3876_/Q     32     37     -5 (VIOLATED)
i_soc.i_cpu.core_i.id_stage_i._3879_/Q     32     37     -5 (VIOLATED)
i_soc.i_cpu.core_i.id_stage_i._3990_/Q     32     37     -5 (VIOLATED)
i_soc.i_cpu.core_i.id_stage_i.register_file_i._6908_/Y     32     37     -5 (VIOLATED)
i_soc.i_cpu.core_i.id_stage_i.register_file_i._7176_/Y     32     37     -5 (VIOLATED)
i_soc.i_cpu.core_i.if_stage_i.aligner_i._467_/Y     32     37     -5 (VIOLATED)
i_soc.i_dm_top.i_dm_mem._0732_/Y         32     37     -5 (VIOLATED)
i_soc.i_dmi_jtag._448_/Y                 32     37     -5 (VIOLATED)
i_soc.i_periph_decoder._0298_/X          32     37     -5 (VIOLATED)
i_soc.i_uart_0.i_uart_tx._161_/X         32     37     -5 (VIOLATED)
i_soc.i_uart_0.i_uart_tx._179_/X         32     37     -5 (VIOLATED)
i_soc.i_uart_1._0825_/X                  32     37     -5 (VIOLATED)
i_soc.i_uart_1._0829_/X                  32     37     -5 (VIOLATED)
i_soc.i_uart_1._1164_/Y                  32     37     -5 (VIOLATED)
i_soc.i_uart_1.i_uart_tx._161_/X         32     37     -5 (VIOLATED)
i_soc.i_uart_1.i_uart_tx._179_/X         32     37     -5 (VIOLATED)
load_slew1144/X                          32     37     -5 (VIOLATED)
load_slew1157/X                          32     37     -5 (VIOLATED)
load_slew1169/X                          32     37     -5 (VIOLATED)
load_slew1175/X                          32     37     -5 (VIOLATED)
load_slew1188/X                          32     37     -5 (VIOLATED)
load_slew1482/X                          32     37     -5 (VIOLATED)
load_slew1488/X                          32     37     -5 (VIOLATED)
load_slew1722/X                          32     37     -5 (VIOLATED)
load_slew1724/X                          32     37     -5 (VIOLATED)
load_slew1726/X                          32     37     -5 (VIOLATED)
load_slew1729/X                          32     37     -5 (VIOLATED)
load_slew1732/X                          32     37     -5 (VIOLATED)
load_slew1737/X                          32     37     -5 (VIOLATED)
load_slew1768/X                          32     37     -5 (VIOLATED)
load_slew1777/X                          32     37     -5 (VIOLATED)
load_slew1779/X                          32     37     -5 (VIOLATED)
load_slew1803/X                          32     37     -5 (VIOLATED)
load_slew1974/X                          32     37     -5 (VIOLATED)
load_slew2352/X                          32     37     -5 (VIOLATED)
load_slew2909/X                          32     37     -5 (VIOLATED)
load_slew3323/X                          32     37     -5 (VIOLATED)
load_slew402/X                           32     37     -5 (VIOLATED)
load_slew4985/X                          32     37     -5 (VIOLATED)
load_slew4988/X                          32     37     -5 (VIOLATED)
load_slew4990/X                          32     37     -5 (VIOLATED)
load_slew5002/X                          32     37     -5 (VIOLATED)
load_slew5030/X                          32     37     -5 (VIOLATED)
load_slew5036/X                          32     37     -5 (VIOLATED)
load_slew5050/X                          32     37     -5 (VIOLATED)
load_slew5062/X                          32     37     -5 (VIOLATED)
load_slew5073/X                          32     37     -5 (VIOLATED)
load_slew5075/X                          32     37     -5 (VIOLATED)
load_slew5091/X                          32     37     -5 (VIOLATED)
load_slew5093/X                          32     37     -5 (VIOLATED)
load_slew5112/X                          32     37     -5 (VIOLATED)
load_slew5124/X                          32     37     -5 (VIOLATED)
load_slew5126/X                          32     37     -5 (VIOLATED)
load_slew608/X                           32     37     -5 (VIOLATED)
max_cap1161/X                            32     37     -5 (VIOLATED)
max_cap1193/X                            32     37     -5 (VIOLATED)
max_cap1272/X                            32     37     -5 (VIOLATED)
max_cap1748/X                            32     37     -5 (VIOLATED)
max_cap1791/X                            32     37     -5 (VIOLATED)
max_cap214/X                             32     37     -5 (VIOLATED)
max_cap2189/X                            32     37     -5 (VIOLATED)
max_cap2205/X                            32     37     -5 (VIOLATED)
max_cap2347/X                            32     37     -5 (VIOLATED)
max_cap2358/X                            32     37     -5 (VIOLATED)
max_cap2361/X                            32     37     -5 (VIOLATED)
max_cap2368/X                            32     37     -5 (VIOLATED)
max_cap2406/X                            32     37     -5 (VIOLATED)
max_cap2569/X                            32     37     -5 (VIOLATED)
max_cap2699/X                            32     37     -5 (VIOLATED)
max_cap2701/X                            32     37     -5 (VIOLATED)
max_cap2712/X                            32     37     -5 (VIOLATED)
max_cap2742/X                            32     37     -5 (VIOLATED)
max_cap2869/X                            32     37     -5 (VIOLATED)
max_cap2879/X                            32     37     -5 (VIOLATED)
max_cap2891/X                            32     37     -5 (VIOLATED)
max_cap2902/X                            32     37     -5 (VIOLATED)
max_cap2905/X                            32     37     -5 (VIOLATED)
max_cap2917/X                            32     37     -5 (VIOLATED)
max_cap2938/X                            32     37     -5 (VIOLATED)
max_cap2950/X                            32     37     -5 (VIOLATED)
max_cap3321/X                            32     37     -5 (VIOLATED)
max_cap3859/X                            32     37     -5 (VIOLATED)
max_cap3970/X                            32     37     -5 (VIOLATED)
max_cap3981/X                            32     37     -5 (VIOLATED)
max_cap4102/X                            32     37     -5 (VIOLATED)
max_cap730/X                             32     37     -5 (VIOLATED)
wire1738/X                               32     37     -5 (VIOLATED)
wire1740/X                               32     37     -5 (VIOLATED)
wire1783/X                               32     37     -5 (VIOLATED)
wire2209/X                               32     37     -5 (VIOLATED)
wire2776/X                               32     37     -5 (VIOLATED)
wire2777/X                               32     37     -5 (VIOLATED)
wire3377/X                               32     37     -5 (VIOLATED)
wire3872/X                               32     37     -5 (VIOLATED)
wire5055/X                               32     37     -5 (VIOLATED)
i_soc.i_axi_dm_slave._227_/Y             32     36     -4 (VIOLATED)
wire4080/X                               32     36     -4 (VIOLATED)
wire5028/X                               32     36     -4 (VIOLATED)
clkbuf_6_10__f_clk_i_regs/X              32     35     -3 (VIOLATED)
clkbuf_6_4__f_clk_i_regs/X               32     35     -3 (VIOLATED)
fanout1152/X                             32     35     -3 (VIOLATED)
fanout1158/X                             32     35     -3 (VIOLATED)
fanout1177/X                             32     35     -3 (VIOLATED)
fanout1468/X                             32     35     -3 (VIOLATED)
fanout1471/X                             32     35     -3 (VIOLATED)
fanout1479/X                             32     35     -3 (VIOLATED)
fanout1784/X                             32     35     -3 (VIOLATED)
fanout1796/X                             32     35     -3 (VIOLATED)
fanout1800/X                             32     35     -3 (VIOLATED)
fanout1804/X                             32     35     -3 (VIOLATED)
fanout2906/X                             32     35     -3 (VIOLATED)
fanout4997/X                             32     35     -3 (VIOLATED)
fanout5005/X                             32     35     -3 (VIOLATED)
fanout5043/X                             32     35     -3 (VIOLATED)
fanout5057/X                             32     35     -3 (VIOLATED)
fanout5079/X                             32     35     -3 (VIOLATED)
fanout5085/X                             32     35     -3 (VIOLATED)
fanout5130/X                             32     35     -3 (VIOLATED)
i_soc.i_ai_accel._11260_/Y               32     35     -3 (VIOLATED)
i_soc.i_ai_accel._11429_/X               32     35     -3 (VIOLATED)
i_soc.i_ai_accel._23233_/Q               32     35     -3 (VIOLATED)
i_soc.i_ai_accel._23436_/Q               32     35     -3 (VIOLATED)
i_soc.i_cpu.core_i.cs_registers_i._1966_/X     32     35     -3 (VIOLATED)
i_soc.i_cpu.core_i.cs_registers_i._2442_/X     32     35     -3 (VIOLATED)
i_soc.i_cpu.core_i.cs_registers_i._2508_/X     32     35     -3 (VIOLATED)
i_soc.i_cpu.core_i.ex_stage_i.alu_i._4616_/X     32     35     -3 (VIOLATED)
i_soc.i_cpu.core_i.ex_stage_i.alu_i._5329_/Y     32     35     -3 (VIOLATED)
i_soc.i_cpu.core_i.ex_stage_i.alu_i._5447_/X     32     35     -3 (VIOLATED)
i_soc.i_cpu.core_i.ex_stage_i.alu_i._5468_/Y     32     35     -3 (VIOLATED)
i_soc.i_cpu.core_i.ex_stage_i.alu_i.alu_div_i._1570_/Q     32     35     -3 (VIOLATED)
i_soc.i_cpu.core_i.ex_stage_i.mult_i._12459_/X     32     35     -3 (VIOLATED)
i_soc.i_cpu.core_i.ex_stage_i.mult_i._12487_/X     32     35     -3 (VIOLATED)
i_soc.i_cpu.core_i.ex_stage_i.mult_i._12701_/X     32     35     -3 (VIOLATED)
i_soc.i_cpu.core_i.ex_stage_i.mult_i._12702_/X     32     35     -3 (VIOLATED)
i_soc.i_cpu.core_i.ex_stage_i.mult_i._12704_/X     32     35     -3 (VIOLATED)
i_soc.i_cpu.core_i.ex_stage_i.mult_i._12705_/X     32     35     -3 (VIOLATED)
i_soc.i_cpu.core_i.ex_stage_i.mult_i._17879_/Y     32     35     -3 (VIOLATED)
i_soc.i_cpu.core_i.ex_stage_i.mult_i._18277_/X     32     35     -3 (VIOLATED)
i_soc.i_cpu.core_i.id_stage_i._2490_/Y     32     35     -3 (VIOLATED)
i_soc.i_cpu.core_i.id_stage_i._2504_/Y     32     35     -3 (VIOLATED)
i_soc.i_cpu.core_i.id_stage_i._2992_/X     32     35     -3 (VIOLATED)
i_soc.i_cpu.core_i.id_stage_i._2995_/X     32     35     -3 (VIOLATED)
i_soc.i_cpu.core_i.id_stage_i._3800_/Q     32     35     -3 (VIOLATED)
i_soc.i_cpu.core_i.id_stage_i._3860_/Q     32     35     -3 (VIOLATED)
i_soc.i_cpu.core_i.id_stage_i._3866_/Q     32     35     -3 (VIOLATED)
i_soc.i_cpu.core_i.id_stage_i._3887_/Q     32     35     -3 (VIOLATED)
i_soc.i_cpu.core_i.id_stage_i.register_file_i._6568_/X     32     35     -3 (VIOLATED)
i_soc.i_cpu.core_i.if_stage_i._420_/X     32     35     -3 (VIOLATED)
i_soc.i_cpu.core_i.load_store_unit_i._0543_/X     32     35     -3 (VIOLATED)
i_soc.i_cpu.core_i.load_store_unit_i._0966_/Y     32     35     -3 (VIOLATED)
i_soc.i_dm_top.i_dm_mem.gen_rom_snd_scratch.i_debug_rom._233_/Q     32     35     -3 (VIOLATED)
i_soc.i_gpio._091_/X                     32     35     -3 (VIOLATED)
i_soc.i_qspi._08511_/Y                   32     35     -3 (VIOLATED)
i_soc.i_qspi._10682_/X                   32     35     -3 (VIOLATED)
i_soc.i_qspi._13889_/Y                   32     35     -3 (VIOLATED)
i_soc.i_qspi._21321_/Q                   32     35     -3 (VIOLATED)
i_soc.i_timer._1061_/X                   32     35     -3 (VIOLATED)
i_soc.i_uart_0._269_/X                   32     35     -3 (VIOLATED)
load_slew108/X                           32     35     -3 (VIOLATED)
load_slew114/X                           32     35     -3 (VIOLATED)
load_slew1183/X                          32     35     -3 (VIOLATED)
load_slew1280/X                          32     35     -3 (VIOLATED)
load_slew1467/X                          32     35     -3 (VIOLATED)
load_slew1486/X                          32     35     -3 (VIOLATED)
load_slew1718/X                          32     35     -3 (VIOLATED)
load_slew1735/X                          32     35     -3 (VIOLATED)
load_slew1739/X                          32     35     -3 (VIOLATED)
load_slew1741/X                          32     35     -3 (VIOLATED)
load_slew1789/X                          32     35     -3 (VIOLATED)
load_slew2730/X                          32     35     -3 (VIOLATED)
load_slew3115/X                          32     35     -3 (VIOLATED)
load_slew3122/X                          32     35     -3 (VIOLATED)
load_slew4993/X                          32     35     -3 (VIOLATED)
load_slew4996/X                          32     35     -3 (VIOLATED)
load_slew5000/X                          32     35     -3 (VIOLATED)
load_slew5012/X                          32     35     -3 (VIOLATED)
load_slew5015/X                          32     35     -3 (VIOLATED)
load_slew5018/X                          32     35     -3 (VIOLATED)
load_slew5052/X                          32     35     -3 (VIOLATED)
load_slew5071/X                          32     35     -3 (VIOLATED)
load_slew5088/X                          32     35     -3 (VIOLATED)
load_slew5095/X                          32     35     -3 (VIOLATED)
load_slew5118/X                          32     35     -3 (VIOLATED)
load_slew529/X                           32     35     -3 (VIOLATED)
load_slew7326/X                          32     35     -3 (VIOLATED)
max_cap1191/X                            32     35     -3 (VIOLATED)
max_cap1478/X                            32     35     -3 (VIOLATED)
max_cap1742/X                            32     35     -3 (VIOLATED)
max_cap2173/X                            32     35     -3 (VIOLATED)
max_cap2351/X                            32     35     -3 (VIOLATED)
max_cap2371/X                            32     35     -3 (VIOLATED)
max_cap2448/X                            32     35     -3 (VIOLATED)
max_cap2458/X                            32     35     -3 (VIOLATED)
max_cap2464/X                            32     35     -3 (VIOLATED)
max_cap2572/X                            32     35     -3 (VIOLATED)
max_cap2695/X                            32     35     -3 (VIOLATED)
max_cap2704/X                            32     35     -3 (VIOLATED)
max_cap2711/X                            32     35     -3 (VIOLATED)
max_cap2731/X                            32     35     -3 (VIOLATED)
max_cap2893/X                            32     35     -3 (VIOLATED)
max_cap2934/X                            32     35     -3 (VIOLATED)
max_cap3022/X                            32     35     -3 (VIOLATED)
max_cap327/X                             32     35     -3 (VIOLATED)
max_cap3863/X                            32     35     -3 (VIOLATED)
max_cap3930/X                            32     35     -3 (VIOLATED)
max_cap3967/X                            32     35     -3 (VIOLATED)
max_cap3972/X                            32     35     -3 (VIOLATED)
max_cap3975/X                            32     35     -3 (VIOLATED)
max_cap3982/X                            32     35     -3 (VIOLATED)
max_cap3983/X                            32     35     -3 (VIOLATED)
max_cap407/X                             32     35     -3 (VIOLATED)
max_cap5528/X                            32     35     -3 (VIOLATED)
max_cap626/X                             32     35     -3 (VIOLATED)
max_cap724/X                             32     35     -3 (VIOLATED)
max_cap729/X                             32     35     -3 (VIOLATED)
wire1155/X                               32     35     -3 (VIOLATED)
wire1703/X                               32     35     -3 (VIOLATED)
wire1731/X                               32     35     -3 (VIOLATED)
wire2866/X                               32     35     -3 (VIOLATED)
wire2927/X                               32     35     -3 (VIOLATED)
wire3875/X                               32     35     -3 (VIOLATED)
wire3985/X                               32     35     -3 (VIOLATED)
wire4207/X                               32     35     -3 (VIOLATED)
wire5039/X                               32     35     -3 (VIOLATED)
wire4100/X                               32     34     -2 (VIOLATED)
clkbuf_6_12__f_clk_i_regs/X              32     33        (VIOLATED)
clkbuf_6_22__f_clk_i_regs/X              32     33        (VIOLATED)
clkbuf_6_23__f_clk_i_regs/X              32     33        (VIOLATED)
clkbuf_6_26__f_clk_i_regs/X              32     33        (VIOLATED)
clkbuf_6_5__f_clk_i_regs/X               32     33        (VIOLATED)
fanout1154/X                             32     33        (VIOLATED)
fanout1190/X                             32     33        (VIOLATED)
fanout1279/X                             32     33        (VIOLATED)
fanout1477/X                             32     33        (VIOLATED)
fanout1485/X                             32     33        (VIOLATED)
fanout1788/X                             32     33        (VIOLATED)
fanout1806/X                             32     33        (VIOLATED)
fanout2760/X                             32     33        (VIOLATED)
fanout4040/X                             32     33        (VIOLATED)
fanout4995/X                             32     33        (VIOLATED)
fanout4999/X                             32     33        (VIOLATED)
fanout5070/X                             32     33        (VIOLATED)
fanout5117/X                             32     33        (VIOLATED)
fanout7325/X                             32     33        (VIOLATED)
i_soc.i_ai_accel._11788_/Y               32     33        (VIOLATED)
i_soc.i_ai_accel._11821_/Y               32     33        (VIOLATED)
i_soc.i_ai_accel._12484_/X               32     33        (VIOLATED)
i_soc.i_ai_accel._13332_/Y               32     33        (VIOLATED)
i_soc.i_ai_accel._23144_/Q               32     33        (VIOLATED)
i_soc.i_ai_accel._23145_/Q               32     33        (VIOLATED)
i_soc.i_ai_accel._23147_/Q               32     33        (VIOLATED)
i_soc.i_ai_accel._23187_/Q               32     33        (VIOLATED)
i_soc.i_ai_accel._23192_/Q               32     33        (VIOLATED)
i_soc.i_ai_accel._23193_/Q               32     33        (VIOLATED)
i_soc.i_ai_accel._23232_/Q               32     33        (VIOLATED)
i_soc.i_ai_accel._23444_/Q               32     33        (VIOLATED)
i_soc.i_ai_accel._23445_/Q               32     33        (VIOLATED)
i_soc.i_ai_accel._23448_/Q               32     33        (VIOLATED)
i_soc.i_cpu.core_i.cs_registers_i._2439_/X     32     33        (VIOLATED)
i_soc.i_cpu.core_i.cs_registers_i._2870_/X     32     33        (VIOLATED)
i_soc.i_cpu.core_i.cs_registers_i._3212_/Y     32     33        (VIOLATED)
i_soc.i_cpu.core_i.cs_registers_i._3521_/X     32     33        (VIOLATED)
i_soc.i_cpu.core_i.cs_registers_i._3849_/Y     32     33        (VIOLATED)
i_soc.i_cpu.core_i.ex_stage_i.alu_i._3306_/Y     32     33        (VIOLATED)
i_soc.i_cpu.core_i.ex_stage_i.alu_i._5411_/X     32     33        (VIOLATED)
i_soc.i_cpu.core_i.ex_stage_i.alu_i._6087_/X     32     33        (VIOLATED)
i_soc.i_cpu.core_i.ex_stage_i.alu_i._6535_/Y     32     33        (VIOLATED)
i_soc.i_cpu.core_i.ex_stage_i.mult_i._12995_/Y     32     33        (VIOLATED)
i_soc.i_cpu.core_i.ex_stage_i.mult_i._13009_/Y     32     33        (VIOLATED)
i_soc.i_cpu.core_i.ex_stage_i.mult_i._14744_/Y     32     33        (VIOLATED)
i_soc.i_cpu.core_i.id_stage_i._2485_/X     32     33        (VIOLATED)
i_soc.i_cpu.core_i.id_stage_i._3677_/Q     32     33        (VIOLATED)
i_soc.i_cpu.core_i.id_stage_i._3741_/Q     32     33        (VIOLATED)
i_soc.i_cpu.core_i.id_stage_i._3742_/Q     32     33        (VIOLATED)
i_soc.i_cpu.core_i.id_stage_i._3835_/Q     32     33        (VIOLATED)
i_soc.i_cpu.core_i.id_stage_i._3882_/Q     32     33        (VIOLATED)
i_soc.i_cpu.core_i.id_stage_i._3974_/Q     32     33        (VIOLATED)
i_soc.i_cpu.core_i.id_stage_i.register_file_i._5943_/X     32     33        (VIOLATED)
i_soc.i_cpu.core_i.id_stage_i.register_file_i._6770_/Y     32     33        (VIOLATED)
i_soc.i_cpu.core_i.id_stage_i.register_file_i._7518_/Y     32     33        (VIOLATED)
i_soc.i_cpu.core_i.id_stage_i.register_file_i._7521_/Y     32     33        (VIOLATED)
i_soc.i_cpu.core_i.if_stage_i._908_/Q     32     33        (VIOLATED)
i_soc.i_cpu.core_i.if_stage_i.aligner_i._460_/X     32     33        (VIOLATED)
i_soc.i_cpu.core_i.load_store_unit_i._0657_/X     32     33        (VIOLATED)
i_soc.i_crossbar._0309_/Y                32     33        (VIOLATED)
i_soc.i_dm_top.i_dm_mem._0730_/Y         32     33        (VIOLATED)
i_soc.i_dmi_jtag._254_/X                 32     33        (VIOLATED)
i_soc.i_gpio._092_/Y                     32     33        (VIOLATED)
i_soc.i_gpio._142_/X                     32     33        (VIOLATED)
i_soc.i_i2c._0430_/Y                     32     33        (VIOLATED)
i_soc.i_qspi._11061_/X                   32     33        (VIOLATED)
i_soc.i_qspi._11226_/Y                   32     33        (VIOLATED)
i_soc.i_qspi._13691_/Y                   32     33        (VIOLATED)
i_soc.i_qspi._13757_/Y                   32     33        (VIOLATED)
i_soc.i_qspi._14386_/Y                   32     33        (VIOLATED)
i_soc.i_uart_1._1156_/Y                  32     33        (VIOLATED)
i_soc.i_uart_1._1384_/X                  32     33        (VIOLATED)
load_slew1153/X                          32     33        (VIOLATED)
load_slew1178/X                          32     33        (VIOLATED)
load_slew1472/X                          32     33        (VIOLATED)
load_slew151/X                           32     33        (VIOLATED)
load_slew164/X                           32     33        (VIOLATED)
load_slew1690/X                          32     33        (VIOLATED)
load_slew1698/X                          32     33        (VIOLATED)
load_slew1705/X                          32     33        (VIOLATED)
load_slew1707/X                          32     33        (VIOLATED)
load_slew1762/X                          32     33        (VIOLATED)
load_slew1766/X                          32     33        (VIOLATED)
load_slew1767/X                          32     33        (VIOLATED)
load_slew1785/X                          32     33        (VIOLATED)
load_slew1797/X                          32     33        (VIOLATED)
load_slew1814/X                          32     33        (VIOLATED)
load_slew2062/X                          32     33        (VIOLATED)
load_slew2204/X                          32     33        (VIOLATED)
load_slew2228/X                          32     33        (VIOLATED)
load_slew2492/X                          32     33        (VIOLATED)
load_slew2498/X                          32     33        (VIOLATED)
load_slew2623/X                          32     33        (VIOLATED)
load_slew2758/X                          32     33        (VIOLATED)
load_slew2762/X                          32     33        (VIOLATED)
load_slew2876/X                          32     33        (VIOLATED)
load_slew4204/X                          32     33        (VIOLATED)
load_slew473/X                           32     33        (VIOLATED)
load_slew4971/X                          32     33        (VIOLATED)
load_slew4998/X                          32     33        (VIOLATED)
load_slew5006/X                          32     33        (VIOLATED)
load_slew502/X                           32     33        (VIOLATED)
load_slew5044/X                          32     33        (VIOLATED)
load_slew5058/X                          32     33        (VIOLATED)
load_slew5086/X                          32     33        (VIOLATED)
load_slew543/X                           32     33        (VIOLATED)
load_slew5547/X                          32     33        (VIOLATED)
load_slew561/X                           32     33        (VIOLATED)
load_slew594/X                           32     33        (VIOLATED)
load_slew661/X                           32     33        (VIOLATED)
load_slew690/X                           32     33        (VIOLATED)
load_slew731/X                           32     33        (VIOLATED)
load_slew733/X                           32     33        (VIOLATED)
load_slew81/X                            32     33        (VIOLATED)
load_slew920/X                           32     33        (VIOLATED)
load_slew96/X                            32     33        (VIOLATED)
max_cap1159/X                            32     33        (VIOLATED)
max_cap117/X                             32     33        (VIOLATED)
max_cap1281/X                            32     33        (VIOLATED)
max_cap1469/X                            32     33        (VIOLATED)
max_cap1730/X                            32     33        (VIOLATED)
max_cap1733/X                            32     33        (VIOLATED)
max_cap1805/X                            32     33        (VIOLATED)
max_cap195/X                             32     33        (VIOLATED)
max_cap2181/X                            32     33        (VIOLATED)
max_cap2220/X                            32     33        (VIOLATED)
max_cap2227/X                            32     33        (VIOLATED)
max_cap2423/X                            32     33        (VIOLATED)
max_cap2441/X                            32     33        (VIOLATED)
max_cap2443/X                            32     33        (VIOLATED)
max_cap2692/X                            32     33        (VIOLATED)
max_cap2700/X                            32     33        (VIOLATED)
max_cap2702/X                            32     33        (VIOLATED)
max_cap2753/X                            32     33        (VIOLATED)
max_cap2944/X                            32     33        (VIOLATED)
max_cap2945/X                            32     33        (VIOLATED)
max_cap2949/X                            32     33        (VIOLATED)
max_cap322/X                             32     33        (VIOLATED)
max_cap3632/X                            32     33        (VIOLATED)
max_cap3976/X                            32     33        (VIOLATED)
max_cap3977/X                            32     33        (VIOLATED)
max_cap3987/X                            32     33        (VIOLATED)
max_cap5109/X                            32     33        (VIOLATED)
max_cap5133/X                            32     33        (VIOLATED)
max_cap5544/X                            32     33        (VIOLATED)
max_cap657/X                             32     33        (VIOLATED)
max_cap744/X                             32     33        (VIOLATED)
max_cap958/X                             32     33        (VIOLATED)
max_cap967/X                             32     33        (VIOLATED)
wire111/X                                32     33        (VIOLATED)
wire1480/X                               32     33        (VIOLATED)
wire1715/X                               32     33        (VIOLATED)
wire1764/X                               32     33        (VIOLATED)
wire1775/X                               32     33        (VIOLATED)
wire178/X                                32     33        (VIOLATED)
wire1801/X                               32     33        (VIOLATED)
wire196/X                                32     33        (VIOLATED)
wire2185/X                               32     33        (VIOLATED)
wire2232/X                               32     33        (VIOLATED)
wire2364/X                               32     33        (VIOLATED)
wire2663/X                               32     33        (VIOLATED)
wire2907/X                               32     33        (VIOLATED)
wire3129/X                               32     33        (VIOLATED)
wire3359/X                               32     33        (VIOLATED)
wire3368/X                               32     33        (VIOLATED)
wire3634/X                               32     33        (VIOLATED)
wire3924/X                               32     33        (VIOLATED)
wire3971/X                               32     33        (VIOLATED)
wire3979/X                               32     33        (VIOLATED)
wire4214/X                               32     33        (VIOLATED)
wire490/X                                32     33        (VIOLATED)
wire5080/X                               32     33        (VIOLATED)
wire512/X                                32     33        (VIOLATED)
wire5132/X                               32     33        (VIOLATED)
wire5529/X                               32     33        (VIOLATED)
wire614/X                                32     33        (VIOLATED)
wire7337/X                               32     33        (VIOLATED)
wire7791/X                               32     33        (VIOLATED)
wire963/X                                32     33        (VIOLATED)

max capacitance

Pin                                        Limit         Cap       Slack
------------------------------------------------------------------------
wire3404/X                              1.953745    5.012174   -3.058429 (VIOLATED)
wire3400/X                              1.953745    5.011683   -3.057938 (VIOLATED)
wire3408/X                              1.953745    5.010982   -3.057237 (VIOLATED)
wire3398/X                              1.953745    5.009843   -3.056098 (VIOLATED)
wire3397/X                              1.953745    5.009840   -3.056094 (VIOLATED)
wire3395/X                              1.953745    5.009723   -3.055978 (VIOLATED)
wire3410/X                              1.953745    5.009613   -3.055868 (VIOLATED)
wire3403/X                              1.953745    5.009465   -3.055720 (VIOLATED)
wire3399/X                              1.953745    5.009446   -3.055701 (VIOLATED)
wire3409/X                              1.953745    5.009272   -3.055527 (VIOLATED)
wire3402/X                              1.953745    5.009167   -3.055422 (VIOLATED)
wire3391/X                              1.953745    5.008842   -3.055097 (VIOLATED)
wire3396/X                              1.953745    5.008392   -3.054647 (VIOLATED)
wire3407/X                              1.953745    5.008299   -3.054554 (VIOLATED)
wire3405/X                              1.953745    5.008190   -3.054445 (VIOLATED)
wire2733/X                              1.953745    5.007971   -3.054226 (VIOLATED)
wire3392/X                              1.953745    5.007888   -3.054143 (VIOLATED)
wire3406/X                              1.953745    5.007822   -3.054077 (VIOLATED)
wire2607/X                              1.953745    5.007800   -3.054055 (VIOLATED)
wire3394/X                              1.953745    5.007708   -3.053962 (VIOLATED)
wire3026/X                              1.953745    5.007558   -3.053813 (VIOLATED)
wire2608/X                              1.953745    5.007168   -3.053423 (VIOLATED)
wire3401/X                              1.953745    5.006945   -3.053200 (VIOLATED)
wire4799/X                              1.953745    5.006531   -3.052786 (VIOLATED)
wire4803/X                              1.953745    5.006462   -3.052716 (VIOLATED)
wire3393/X                              1.953745    5.006363   -3.052618 (VIOLATED)
wire4801/X                              1.953745    5.006308   -3.052562 (VIOLATED)
wire4800/X                              1.953745    5.006192   -3.052447 (VIOLATED)
wire3411/X                              1.953745    5.005939   -3.052193 (VIOLATED)
wire3027/X                              1.953745    5.005718   -3.051973 (VIOLATED)
wire4802/X                              1.953745    5.005718   -3.051973 (VIOLATED)
i_soc.i_data_sram.u_sram.gen_bank[2].gen_512.u_macro/dout1[12]    0.027560    0.214153   -0.186593 (VIOLATED)
i_soc.i_instr_sram.u_sram.gen_bank[3].gen_512.u_macro/dout1[17]    0.027560    0.213753   -0.186193 (VIOLATED)
i_soc.i_instr_sram.u_sram.gen_bank[3].gen_512.u_macro/dout1[19]    0.027560    0.211277   -0.183717 (VIOLATED)
i_soc.i_data_sram.u_sram.gen_bank[2].gen_512.u_macro/dout1[16]    0.027560    0.207861   -0.180301 (VIOLATED)
i_soc.i_data_sram.u_sram.gen_bank[2].gen_512.u_macro/dout1[21]    0.027560    0.207129   -0.179569 (VIOLATED)
i_soc.i_instr_sram.u_sram.gen_bank[3].gen_512.u_macro/dout1[15]    0.027560    0.206346   -0.178786 (VIOLATED)
i_soc.i_instr_sram.u_sram.gen_bank[3].gen_512.u_macro/dout1[16]    0.027560    0.205426   -0.177866 (VIOLATED)
i_soc.i_instr_sram.u_sram.gen_bank[3].gen_512.u_macro/dout1[10]    0.027560    0.204534   -0.176974 (VIOLATED)
i_soc.i_instr_sram.u_sram.gen_bank[3].gen_512.u_macro/dout1[9]    0.027560    0.203041   -0.175481 (VIOLATED)
i_soc.i_instr_sram.u_sram.gen_bank[3].gen_512.u_macro/dout1[22]    0.027560    0.202559   -0.174999 (VIOLATED)
i_soc.i_data_sram.u_sram.gen_bank[2].gen_512.u_macro/dout1[18]    0.027560    0.201977   -0.174417 (VIOLATED)
i_soc.i_data_sram.u_sram.gen_bank[2].gen_512.u_macro/dout1[17]    0.027560    0.201741   -0.174181 (VIOLATED)
i_soc.i_instr_sram.u_sram.gen_bank[3].gen_512.u_macro/dout1[18]    0.027560    0.199626   -0.172066 (VIOLATED)
i_soc.i_data_sram.u_sram.gen_bank[2].gen_512.u_macro/dout1[11]    0.027560    0.199607   -0.172047 (VIOLATED)
i_soc.i_data_sram.u_sram.gen_bank[2].gen_512.u_macro/dout1[14]    0.027560    0.199402   -0.171842 (VIOLATED)
i_soc.i_data_sram.u_sram.gen_bank[2].gen_512.u_macro/dout1[9]    0.027560    0.198408   -0.170848 (VIOLATED)
i_soc.i_instr_sram.u_sram.gen_bank[3].gen_512.u_macro/dout1[7]    0.027560    0.193781   -0.166221 (VIOLATED)
i_soc.i_data_sram.u_sram.gen_bank[2].gen_512.u_macro/dout1[23]    0.027560    0.192706   -0.165146 (VIOLATED)
i_soc.i_data_sram.u_sram.gen_bank[2].gen_512.u_macro/dout1[15]    0.027560    0.191896   -0.164336 (VIOLATED)
i_soc.i_data_sram.u_sram.gen_bank[2].gen_512.u_macro/dout1[8]    0.027560    0.189612   -0.162052 (VIOLATED)
i_soc.i_data_sram.u_sram.gen_bank[2].gen_512.u_macro/dout1[13]    0.027560    0.187862   -0.160302 (VIOLATED)
i_soc.i_data_sram.u_sram.gen_bank[2].gen_512.u_macro/dout1[20]    0.027560    0.186911   -0.159351 (VIOLATED)
i_soc.i_data_sram.u_sram.gen_bank[2].gen_512.u_macro/dout1[22]    0.027560    0.185929   -0.158369 (VIOLATED)
i_soc.i_instr_sram.u_sram.gen_bank[3].gen_512.u_macro/dout1[23]    0.027560    0.185839   -0.158279 (VIOLATED)
i_soc.i_instr_sram.u_sram.gen_bank[3].gen_512.u_macro/dout1[20]    0.027560    0.180914   -0.153354 (VIOLATED)
i_soc.i_instr_sram.u_sram.gen_bank[3].gen_512.u_macro/dout1[25]    0.027560    0.180371   -0.152811 (VIOLATED)
i_soc.i_instr_sram.u_sram.gen_bank[3].gen_512.u_macro/dout1[8]    0.027560    0.179547   -0.151987 (VIOLATED)
i_soc.i_instr_sram.u_sram.gen_bank[3].gen_512.u_macro/dout1[24]    0.027560    0.179404   -0.151844 (VIOLATED)
i_soc.i_instr_sram.u_sram.gen_bank[3].gen_512.u_macro/dout1[14]    0.027560    0.175347   -0.147787 (VIOLATED)
i_soc.i_instr_sram.u_sram.gen_bank[3].gen_512.u_macro/dout1[11]    0.027560    0.169133   -0.141573 (VIOLATED)
i_soc.i_data_sram.u_sram.gen_bank[2].gen_512.u_macro/dout1[25]    0.027560    0.167422   -0.139862 (VIOLATED)
i_soc.i_instr_sram.u_sram.gen_bank[3].gen_512.u_macro/dout1[6]    0.027560    0.166936   -0.139376 (VIOLATED)
i_soc.i_instr_sram.u_sram.gen_bank[3].gen_512.u_macro/dout1[21]    0.027560    0.165850   -0.138290 (VIOLATED)
i_soc.i_data_sram.u_sram.gen_bank[2].gen_512.u_macro/dout1[19]    0.027560    0.162194   -0.134634 (VIOLATED)
i_soc.i_instr_sram.u_sram.gen_bank[3].gen_512.u_macro/dout1[26]    0.027560    0.161623   -0.134063 (VIOLATED)
i_soc.i_instr_sram.u_sram.gen_bank[3].gen_512.u_macro/dout1[13]    0.027560    0.161148   -0.133588 (VIOLATED)
i_soc.i_data_sram.u_sram.gen_bank[2].gen_512.u_macro/dout1[6]    0.027560    0.156431   -0.128871 (VIOLATED)
i_soc.i_instr_sram.u_sram.gen_bank[3].gen_512.u_macro/dout1[5]    0.027560    0.154771   -0.127211 (VIOLATED)
i_soc.i_data_sram.u_sram.gen_bank[2].gen_512.u_macro/dout1[26]    0.027560    0.152290   -0.124730 (VIOLATED)
i_soc.i_data_sram.u_sram.gen_bank[2].gen_512.u_macro/dout1[7]    0.027560    0.151554   -0.123994 (VIOLATED)
i_soc.i_data_sram.u_sram.gen_bank[2].gen_512.u_macro/dout1[24]    0.027560    0.142571   -0.115011 (VIOLATED)
i_soc.i_instr_sram.u_sram.gen_bank[3].gen_512.u_macro/dout1[12]    0.027560    0.140008   -0.112448 (VIOLATED)
i_soc.i_instr_sram.u_sram.gen_bank[3].gen_512.u_macro/dout1[27]    0.027560    0.131130   -0.103570 (VIOLATED)
i_soc.i_data_sram.u_sram.gen_bank[2].gen_512.u_macro/dout1[5]    0.027560    0.088762   -0.061202 (VIOLATED)
i_soc.i_data_sram.u_sram.gen_bank[2].gen_512.u_macro/dout1[4]    0.027560    0.084218   -0.056658 (VIOLATED)
i_soc.i_data_sram.u_sram.gen_bank[2].gen_512.u_macro/dout1[3]    0.027560    0.082288   -0.054728 (VIOLATED)
i_soc.i_instr_sram.u_sram.gen_bank[3].gen_512.u_macro/dout1[30]    0.027560    0.082132   -0.054572 (VIOLATED)
i_soc.i_instr_sram.u_sram.gen_bank[3].gen_512.u_macro/dout1[31]    0.027560    0.080798   -0.053238 (VIOLATED)
i_soc.i_data_sram.u_sram.gen_bank[2].gen_512.u_macro/dout1[28]    0.027560    0.076389   -0.048829 (VIOLATED)
i_soc.i_data_sram.u_sram.gen_bank[2].gen_512.u_macro/dout1[1]    0.027560    0.076382   -0.048822 (VIOLATED)
i_soc.i_data_sram.u_sram.gen_bank[3].gen_512.u_macro/dout1[8]    0.027560    0.076214   -0.048654 (VIOLATED)
i_soc.i_instr_sram.u_sram.gen_bank[3].gen_512.u_macro/dout1[3]    0.027560    0.075995   -0.048435 (VIOLATED)
i_soc.i_data_sram.u_sram.gen_bank[3].gen_512.u_macro/dout1[10]    0.027560    0.075919   -0.048359 (VIOLATED)
i_soc.i_data_sram.u_sram.gen_bank[3].gen_512.u_macro/dout1[7]    0.027560    0.074831   -0.047271 (VIOLATED)
i_soc.i_data_sram.u_sram.gen_bank[2].gen_512.u_macro/dout1[27]    0.027560    0.073944   -0.046384 (VIOLATED)
i_soc.i_data_sram.u_sram.gen_bank[3].gen_512.u_macro/dout1[5]    0.027560    0.073513   -0.045953 (VIOLATED)
i_soc.i_data_sram.u_sram.gen_bank[2].gen_512.u_macro/dout1[2]    0.027560    0.073196   -0.045636 (VIOLATED)
i_soc.i_data_sram.u_sram.gen_bank[3].gen_512.u_macro/dout1[9]    0.027560    0.070259   -0.042699 (VIOLATED)
i_soc.i_data_sram.u_sram.gen_bank[3].gen_512.u_macro/dout1[2]    0.027560    0.069378   -0.041818 (VIOLATED)
i_soc.i_data_sram.u_sram.gen_bank[2].gen_512.u_macro/dout1[30]    0.027560    0.068408   -0.040848 (VIOLATED)
i_soc.i_instr_sram.u_sram.gen_bank[3].gen_512.u_macro/dout1[0]    0.027560    0.066940   -0.039380 (VIOLATED)
i_soc.i_ai_sram.u_sram.gen_bank[1].gen_512.u_macro/dout1[1]    0.027560    0.063909   -0.036349 (VIOLATED)
i_soc.i_instr_sram.u_sram.gen_bank[3].gen_512.u_macro/dout1[1]    0.027560    0.063612   -0.036052 (VIOLATED)
i_soc.i_instr_sram.u_sram.gen_bank[3].gen_512.u_macro/dout1[4]    0.027560    0.063149   -0.035589 (VIOLATED)
i_soc.i_instr_sram.u_sram.gen_bank[3].gen_512.u_macro/dout1[2]    0.027560    0.062806   -0.035246 (VIOLATED)
i_soc.i_data_sram.u_sram.gen_bank[3].gen_512.u_macro/dout1[4]    0.027560    0.062610   -0.035050 (VIOLATED)
i_soc.i_data_sram.u_sram.gen_bank[3].gen_512.u_macro/dout1[6]    0.027560    0.061809   -0.034249 (VIOLATED)
i_soc.i_data_sram.u_sram.gen_bank[2].gen_512.u_macro/dout1[0]    0.027560    0.060442   -0.032882 (VIOLATED)
i_soc.i_data_sram.u_sram.gen_bank[3].gen_512.u_macro/dout1[3]    0.027560    0.060177   -0.032617 (VIOLATED)
i_soc.i_instr_sram.u_sram.gen_bank[3].gen_512.u_macro/dout1[28]    0.027560    0.059019   -0.031459 (VIOLATED)
i_soc.i_instr_sram.u_sram.gen_bank[3].gen_512.u_macro/dout1[29]    0.027560    0.058616   -0.031056 (VIOLATED)
i_soc.i_data_sram.u_sram.gen_bank[2].gen_512.u_macro/dout1[29]    0.027560    0.057943   -0.030383 (VIOLATED)
i_soc.i_data_sram.u_sram.gen_bank[3].gen_512.u_macro/dout1[0]    0.027560    0.056650   -0.029090 (VIOLATED)
i_soc.i_data_sram.u_sram.gen_bank[2].gen_512.u_macro/dout1[31]    0.027560    0.055897   -0.028337 (VIOLATED)
i_soc.i_ai_sram.u_sram.gen_bank[11].gen_512.u_macro/dout1[3]    0.027560    0.053189   -0.025629 (VIOLATED)
i_soc.i_data_sram.u_sram.gen_bank[3].gen_512.u_macro/dout1[1]    0.027560    0.052045   -0.024485 (VIOLATED)
i_soc.i_data_sram.u_sram.gen_bank[3].gen_512.u_macro/dout1[17]    0.027560    0.046003   -0.018443 (VIOLATED)
i_soc.i_data_sram.u_sram.gen_bank[1].gen_512.u_macro/dout1[0]    0.027560    0.045251   -0.017691 (VIOLATED)
i_soc.i_data_sram.u_sram.gen_bank[3].gen_512.u_macro/dout1[16]    0.027560    0.044684   -0.017124 (VIOLATED)
i_soc.i_ai_sram.u_sram.gen_bank[4].gen_512.u_macro/dout1[21]    0.027560    0.042598   -0.015038 (VIOLATED)
i_soc.i_ai_sram.u_sram.gen_bank[0].gen_512.u_macro/dout1[0]    0.027560    0.042302   -0.014742 (VIOLATED)
i_soc.i_ai_sram.u_sram.gen_bank[4].gen_512.u_macro/dout1[23]    0.027560    0.041979   -0.014419 (VIOLATED)
i_soc.i_data_sram.u_sram.gen_bank[3].gen_512.u_macro/dout1[15]    0.027560    0.041870   -0.014310 (VIOLATED)
i_soc.i_data_sram.u_sram.gen_bank[3].gen_512.u_macro/dout1[11]    0.027560    0.041477   -0.013917 (VIOLATED)
i_soc.i_ai_sram.u_sram.gen_bank[4].gen_512.u_macro/dout1[17]    0.027560    0.041205   -0.013645 (VIOLATED)
i_soc.i_ai_sram.u_sram.gen_bank[4].gen_512.u_macro/dout1[19]    0.027560    0.041019   -0.013459 (VIOLATED)
i_soc.i_ai_sram.u_sram.gen_bank[4].gen_512.u_macro/dout1[24]    0.027560    0.040919   -0.013359 (VIOLATED)
i_soc.i_ai_sram.u_sram.gen_bank[0].gen_512.u_macro/dout1[6]    0.027560    0.040458   -0.012898 (VIOLATED)
i_soc.i_ai_sram.u_sram.gen_bank[0].gen_512.u_macro/dout1[19]    0.027560    0.040256   -0.012696 (VIOLATED)
i_soc.i_data_sram.u_sram.gen_bank[1].gen_512.u_macro/dout1[1]    0.027560    0.040241   -0.012681 (VIOLATED)
i_soc.i_ai_sram.u_sram.gen_bank[4].gen_512.u_macro/dout1[15]    0.027560    0.040188   -0.012628 (VIOLATED)
i_soc.i_ai_sram.u_sram.gen_bank[4].gen_512.u_macro/dout1[11]    0.027560    0.040037   -0.012477 (VIOLATED)
i_soc.i_ai_sram.u_sram.gen_bank[0].gen_512.u_macro/dout1[17]    0.027560    0.039930   -0.012370 (VIOLATED)
i_soc.i_ai_sram.u_sram.gen_bank[4].gen_512.u_macro/dout1[14]    0.027560    0.039871   -0.012311 (VIOLATED)
i_soc.i_ai_sram.u_sram.gen_bank[0].gen_512.u_macro/dout1[15]    0.027560    0.039642   -0.012082 (VIOLATED)
i_soc.i_ai_sram.u_sram.gen_bank[4].gen_512.u_macro/dout1[28]    0.027560    0.039599   -0.012039 (VIOLATED)
i_soc.i_ai_sram.u_sram.gen_bank[4].gen_512.u_macro/dout1[27]    0.027560    0.039593   -0.012033 (VIOLATED)
i_soc.i_ai_sram.u_sram.gen_bank[0].gen_512.u_macro/dout1[23]    0.027560    0.039578   -0.012018 (VIOLATED)
i_soc.i_ai_sram.u_sram.gen_bank[4].gen_512.u_macro/dout1[18]    0.027560    0.039551   -0.011991 (VIOLATED)
i_soc.i_ai_sram.u_sram.gen_bank[0].gen_512.u_macro/dout1[8]    0.027560    0.039533   -0.011973 (VIOLATED)
i_soc.i_ai_accel.u_input_mem/dout1[0]    0.027560    0.039483   -0.011923 (VIOLATED)
i_soc.i_ai_sram.u_sram.gen_bank[0].gen_512.u_macro/dout1[22]    0.027560    0.039269   -0.011709 (VIOLATED)
i_soc.i_ai_sram.u_sram.gen_bank[0].gen_512.u_macro/dout1[27]    0.027560    0.039166   -0.011606 (VIOLATED)
i_soc.i_ai_sram.u_sram.gen_bank[4].gen_512.u_macro/dout1[22]    0.027560    0.039132   -0.011572 (VIOLATED)
i_soc.i_ai_sram.u_sram.gen_bank[0].gen_512.u_macro/dout1[12]    0.027560    0.039021   -0.011461 (VIOLATED)
i_soc.i_ai_sram.u_sram.gen_bank[0].gen_512.u_macro/dout1[9]    0.027560    0.038522   -0.010962 (VIOLATED)
i_soc.i_ai_sram.u_sram.gen_bank[4].gen_512.u_macro/dout1[25]    0.027560    0.038476   -0.010916 (VIOLATED)
i_soc.i_data_sram.u_sram.gen_bank[3].gen_512.u_macro/dout1[21]    0.027560    0.038451   -0.010891 (VIOLATED)
i_soc.i_ai_sram.u_sram.gen_bank[0].gen_512.u_macro/dout1[30]    0.027560    0.038363   -0.010803 (VIOLATED)
i_soc.i_data_sram.u_sram.gen_bank[3].gen_512.u_macro/dout1[18]    0.027560    0.038284   -0.010724 (VIOLATED)
i_soc.i_ai_sram.u_sram.gen_bank[4].gen_512.u_macro/dout1[4]    0.027560    0.038155   -0.010595 (VIOLATED)
i_soc.i_ai_sram.u_sram.gen_bank[0].gen_512.u_macro/dout1[18]    0.027560    0.038031   -0.010471 (VIOLATED)
i_soc.i_ai_accel.u_input_mem/dout1[31]    0.027560    0.037889   -0.010329 (VIOLATED)
i_soc.i_data_sram.u_sram.gen_bank[3].gen_512.u_macro/dout1[29]    0.027560    0.037851   -0.010291 (VIOLATED)
i_soc.i_ai_sram.u_sram.gen_bank[0].gen_512.u_macro/dout1[26]    0.027560    0.037812   -0.010252 (VIOLATED)
i_soc.i_ai_sram.u_sram.gen_bank[0].gen_512.u_macro/dout1[24]    0.027560    0.037596   -0.010036 (VIOLATED)
i_soc.i_data_sram.u_sram.gen_bank[3].gen_512.u_macro/dout1[12]    0.027560    0.037538   -0.009978 (VIOLATED)
i_soc.i_ai_sram.u_sram.gen_bank[4].gen_512.u_macro/dout1[7]    0.027560    0.037203   -0.009643 (VIOLATED)
i_soc.i_instr_sram.u_sram.gen_bank[2].gen_512.u_macro/dout1[18]    0.027560    0.037066   -0.009506 (VIOLATED)
i_soc.i_ai_sram.u_sram.gen_bank[4].gen_512.u_macro/dout1[2]    0.027560    0.036935   -0.009375 (VIOLATED)
i_soc.i_data_sram.u_sram.gen_bank[3].gen_512.u_macro/dout1[26]    0.027560    0.036864   -0.009304 (VIOLATED)
i_soc.i_ai_sram.u_sram.gen_bank[0].gen_512.u_macro/dout1[11]    0.027560    0.036790   -0.009230 (VIOLATED)
i_soc.i_ai_sram.u_sram.gen_bank[0].gen_512.u_macro/dout1[4]    0.027560    0.036609   -0.009049 (VIOLATED)
i_soc.i_data_sram.u_sram.gen_bank[3].gen_512.u_macro/dout1[24]    0.027560    0.036608   -0.009048 (VIOLATED)
i_soc.i_ai_sram.u_sram.gen_bank[0].gen_512.u_macro/dout1[3]    0.027560    0.036445   -0.008885 (VIOLATED)
i_soc.i_ai_sram.u_sram.gen_bank[0].gen_512.u_macro/dout1[21]    0.027560    0.036400   -0.008840 (VIOLATED)
i_soc.i_data_sram.u_sram.gen_bank[3].gen_512.u_macro/dout1[13]    0.027560    0.036370   -0.008810 (VIOLATED)
i_soc.i_ai_sram.u_sram.gen_bank[0].gen_512.u_macro/dout1[25]    0.027560    0.036332   -0.008772 (VIOLATED)
i_soc.i_ai_sram.u_sram.gen_bank[4].gen_512.u_macro/dout1[3]    0.027560    0.036291   -0.008731 (VIOLATED)
i_soc.i_ai_sram.u_sram.gen_bank[4].gen_512.u_macro/dout1[20]    0.027560    0.036286   -0.008726 (VIOLATED)
i_soc.i_data_sram.u_sram.gen_bank[3].gen_512.u_macro/dout1[14]    0.027560    0.036203   -0.008643 (VIOLATED)
i_soc.i_ai_sram.u_sram.gen_bank[0].gen_512.u_macro/dout1[16]    0.027560    0.036155   -0.008595 (VIOLATED)
i_soc.i_ai_sram.u_sram.gen_bank[4].gen_512.u_macro/dout1[16]    0.027560    0.036153   -0.008593 (VIOLATED)
i_soc.i_ai_sram.u_sram.gen_bank[4].gen_512.u_macro/dout1[26]    0.027560    0.036045   -0.008485 (VIOLATED)
i_soc.i_ai_sram.u_sram.gen_bank[4].gen_512.u_macro/dout1[13]    0.027560    0.035918   -0.008358 (VIOLATED)
i_soc.i_ai_sram.u_sram.gen_bank[4].gen_512.u_macro/dout1[31]    0.027560    0.035635   -0.008075 (VIOLATED)
i_soc.i_ai_sram.u_sram.gen_bank[0].gen_512.u_macro/dout1[20]    0.027560    0.035548   -0.007988 (VIOLATED)
i_soc.i_ai_accel.u_conv_w_mem/dout1[18]    0.027560    0.035199   -0.007639 (VIOLATED)
i_soc.i_ai_sram.u_sram.gen_bank[4].gen_512.u_macro/dout1[12]    0.027560    0.035097   -0.007537 (VIOLATED)
i_soc.i_data_sram.u_sram.gen_bank[3].gen_512.u_macro/dout1[25]    0.027560    0.034524   -0.006964 (VIOLATED)
i_soc.i_ai_sram.u_sram.gen_bank[4].gen_512.u_macro/dout1[29]    0.027560    0.034209   -0.006649 (VIOLATED)
i_soc.i_ai_sram.u_sram.gen_bank[0].gen_512.u_macro/dout1[7]    0.027560    0.034061   -0.006501 (VIOLATED)
i_soc.i_ai_sram.u_sram.gen_bank[0].gen_512.u_macro/dout1[14]    0.027560    0.034020   -0.006460 (VIOLATED)
i_soc.i_ai_sram.u_sram.gen_bank[4].gen_512.u_macro/dout1[9]    0.027560    0.033662   -0.006102 (VIOLATED)
i_soc.i_ai_sram.u_sram.gen_bank[0].gen_512.u_macro/dout1[29]    0.027560    0.033521   -0.005961 (VIOLATED)
i_soc.i_ai_sram.u_sram.gen_bank[4].gen_512.u_macro/dout1[0]    0.027560    0.033487   -0.005927 (VIOLATED)
i_soc.i_data_sram.u_sram.gen_bank[3].gen_512.u_macro/dout1[20]    0.027560    0.033443   -0.005883 (VIOLATED)
i_soc.i_ai_sram.u_sram.gen_bank[4].gen_512.u_macro/dout1[6]    0.027560    0.033433   -0.005873 (VIOLATED)
i_soc.i_ai_sram.u_sram.gen_bank[4].gen_512.u_macro/dout1[10]    0.027560    0.033359   -0.005799 (VIOLATED)
i_soc.i_ai_sram.u_sram.gen_bank[0].gen_512.u_macro/dout1[5]    0.027560    0.032677   -0.005117 (VIOLATED)
i_soc.i_ai_sram.u_sram.gen_bank[0].gen_512.u_macro/dout1[28]    0.027560    0.032238   -0.004678 (VIOLATED)
i_soc.i_ai_accel.u_input_mem/dout1[1]    0.027560    0.032064   -0.004504 (VIOLATED)
i_soc.i_ai_accel.u_input_mem/dout1[7]    0.027560    0.031988   -0.004428 (VIOLATED)
i_soc.i_data_sram.u_sram.gen_bank[3].gen_512.u_macro/dout1[27]    0.027560    0.031869   -0.004309 (VIOLATED)
i_soc.i_ai_sram.u_sram.gen_bank[4].gen_512.u_macro/dout1[1]    0.027560    0.031799   -0.004239 (VIOLATED)
i_soc.i_ai_sram.u_sram.gen_bank[0].gen_512.u_macro/dout1[10]    0.027560    0.031419   -0.003859 (VIOLATED)
i_soc.i_ai_sram.u_sram.gen_bank[4].gen_512.u_macro/dout1[5]    0.027560    0.031294   -0.003734 (VIOLATED)
i_soc.i_ai_sram.u_sram.gen_bank[4].gen_512.u_macro/dout1[8]    0.027560    0.031216   -0.003656 (VIOLATED)
i_soc.i_ai_sram.u_sram.gen_bank[4].gen_512.u_macro/dout1[30]    0.027560    0.030950   -0.003390 (VIOLATED)
i_soc.i_ai_sram.u_sram.gen_bank[0].gen_512.u_macro/dout1[2]    0.027560    0.030913   -0.003353 (VIOLATED)
i_soc.i_ai_sram.u_sram.gen_bank[0].gen_512.u_macro/dout1[31]    0.027560    0.029287   -0.001727 (VIOLATED)
i_soc.i_ai_sram.u_sram.gen_bank[0].gen_512.u_macro/dout1[1]    0.027560    0.029024   -0.001464 (VIOLATED)
i_soc.i_ai_accel.u_input_mem/dout1[2]    0.027560    0.028751   -0.001191 (VIOLATED)



===========================================================================
report_parasitic_annotation -report_unannotated
============================================================================
Found 2734 unannotated drivers.
 gpio_in_i[16]
 gpio_in_i[17]
 gpio_in_i[18]
 gpio_in_i[19]
 gpio_in_i[20]
 gpio_in_i[21]
 gpio_in_i[22]
 gpio_in_i[23]
 gpio_in_i[24]
 gpio_in_i[25]
 gpio_in_i[26]
 gpio_in_i[27]
 gpio_in_i[28]
 gpio_in_i[29]
 gpio_in_i[30]
 gpio_in_i[31]
 _16__8107/HI
 _17__8108/HI
 _18__8109/HI
 _19__8110/HI
 _20__8111/HI
 _21__8112/HI
 _22__8113/HI
 _23__8114/HI
 _24__8115/HI
 _25__8116/HI
 _26__8117/HI
 _27__8118/HI
 _28__8119/HI
 _29__8120/HI
 _30__8121/HI
 _31__8122/HI
 clkload0/Y
 clkload1/Y
 clkload10/Y
 clkload100/X
 clkload1000/X
 clkload1001/Y
 clkload101/X
 clkload102/X
 clkload103/X
 clkload104/X
 clkload105/Y
 clkload106/X
 clkload107/Y
 clkload108/X
 clkload109/X
 clkload11/Y
 clkload110/X
 clkload111/X
 clkload112/Y
 clkload113/Y
 clkload114/Y
 clkload115/Y
 clkload116/X
 clkload117/X
 clkload118/X
 clkload119/Y
 clkload12/X
 clkload120/Y
 clkload121/Y
 clkload122/Y
 clkload123/X
 clkload124/Y
 clkload125/Y
 clkload126/X
 clkload127/X
 clkload128/X
 clkload129/X
 clkload13/Y
 clkload130/X
 clkload131/X
 clkload132/Y
 clkload133/X
 clkload134/Y
 clkload135/X
 clkload136/X
 clkload137/X
 clkload138/X
 clkload139/X
 clkload14/Y
 clkload140/Y
 clkload141/X
 clkload142/Y
 clkload143/X
 clkload144/X
 clkload145/X
 clkload146/Y
 clkload147/Y
 clkload148/X
 clkload149/X
 clkload15/Y
 clkload150/X
 clkload151/X
 clkload152/X
 clkload153/X
 clkload154/X
 clkload155/X
 clkload156/Y
 clkload157/X
 clkload158/X
 clkload159/Y
 clkload16/Y
 clkload160/X
 clkload161/X
 clkload162/X
 clkload163/X
 clkload164/Y
 clkload165/X
 clkload166/X
 clkload167/X
 clkload168/X
 clkload169/Y
 clkload17/X
 clkload170/X
 clkload171/X
 clkload172/X
 clkload173/X
 clkload174/Y
 clkload175/X
 clkload176/X
 clkload177/X
 clkload178/Y
 clkload179/Y
 clkload18/X
 clkload180/X
 clkload181/X
 clkload182/X
 clkload183/X
 clkload184/Y
 clkload185/Y
 clkload186/X
 clkload187/Y
 clkload188/Y
 clkload189/X
 clkload19/Y
 clkload190/X
 clkload191/X
 clkload192/X
 clkload193/X
 clkload194/X
 clkload195/X
 clkload196/X
 clkload197/X
 clkload198/X
 clkload199/Y
 clkload2/Y
 clkload20/Y
 clkload200/Y
 clkload201/X
 clkload202/Y
 clkload203/Y
 clkload204/X
 clkload205/X
 clkload206/Y
 clkload207/X
 clkload208/X
 clkload209/X
 clkload21/Y
 clkload210/Y
 clkload211/X
 clkload212/X
 clkload213/X
 clkload214/Y
 clkload215/X
 clkload216/X
 clkload217/X
 clkload218/X
 clkload219/X
 clkload22/Y
 clkload220/X
 clkload221/Y
 clkload222/X
 clkload223/X
 clkload224/X
 clkload225/X
 clkload226/X
 clkload227/X
 clkload228/X
 clkload229/X
 clkload23/X
 clkload230/X
 clkload231/X
 clkload232/X
 clkload233/X
 clkload234/X
 clkload235/X
 clkload236/X
 clkload237/Y
 clkload238/X
 clkload239/X
 clkload24/Y
 clkload240/X
 clkload241/Y
 clkload242/X
 clkload243/X
 clkload244/X
 clkload245/X
 clkload246/X
 clkload247/X
 clkload248/Y
 clkload249/X
 clkload25/Y
 clkload250/X
 clkload251/X
 clkload252/X
 clkload253/X
 clkload254/X
 clkload255/X
 clkload256/X
 clkload257/Y
 clkload258/X
 clkload259/X
 clkload26/Y
 clkload260/X
 clkload261/Y
 clkload262/X
 clkload263/X
 clkload264/Y
 clkload265/X
 clkload266/Y
 clkload267/Y
 clkload268/X
 clkload269/Y
 clkload27/X
 clkload270/X
 clkload271/X
 clkload272/Y
 clkload273/X
 clkload274/Y
 clkload275/X
 clkload276/X
 clkload277/Y
 clkload278/X
 clkload279/X
 clkload28/X
 clkload280/X
 clkload281/X
 clkload282/X
 clkload283/Y
 clkload284/X
 clkload285/X
 clkload286/X
 clkload287/X
 clkload288/X
 clkload289/X
 clkload29/Y
 clkload290/X
 clkload291/X
 clkload292/X
 clkload293/X
 clkload294/X
 clkload295/X
 clkload296/X
 clkload297/Y
 clkload298/X
 clkload299/X
 clkload3/Y
 clkload30/Y
 clkload300/Y
 clkload301/Y
 clkload302/X
 clkload303/X
 clkload304/X
 clkload305/X
 clkload306/Y
 clkload307/X
 clkload308/Y
 clkload309/X
 clkload31/Y
 clkload310/X
 clkload311/X
 clkload312/X
 clkload313/X
 clkload314/X
 clkload315/X
 clkload316/X
 clkload317/X
 clkload318/X
 clkload319/X
 clkload32/Y
 clkload320/X
 clkload321/Y
 clkload322/X
 clkload323/X
 clkload324/X
 clkload325/X
 clkload326/X
 clkload327/X
 clkload328/X
 clkload329/X
 clkload33/Y
 clkload330/X
 clkload331/Y
 clkload332/Y
 clkload333/X
 clkload334/X
 clkload335/X
 clkload336/X
 clkload337/X
 clkload338/X
 clkload339/X
 clkload34/Y
 clkload340/X
 clkload341/X
 clkload342/X
 clkload343/X
 clkload344/X
 clkload345/X
 clkload346/Y
 clkload347/X
 clkload348/X
 clkload349/X
 clkload35/X
 clkload350/X
 clkload351/X
 clkload352/Y
 clkload353/Y
 clkload354/X
 clkload355/Y
 clkload356/X
 clkload357/X
 clkload358/X
 clkload359/X
 clkload36/X
 clkload360/X
 clkload361/X
 clkload362/X
 clkload363/X
 clkload364/X
 clkload365/X
 clkload366/X
 clkload367/Y
 clkload368/Y
 clkload369/X
 clkload37/X
 clkload370/X
 clkload371/X
 clkload372/X
 clkload373/X
 clkload374/X
 clkload375/X
 clkload376/Y
 clkload377/X
 clkload378/X
 clkload379/X
 clkload38/X
 clkload380/X
 clkload381/X
 clkload382/X
 clkload383/X
 clkload384/X
 clkload385/X
 clkload386/X
 clkload387/X
 clkload388/Y
 clkload389/X
 clkload39/X
 clkload390/X
 clkload391/X
 clkload392/X
 clkload393/Y
 clkload394/X
 clkload395/X
 clkload396/X
 clkload397/X
 clkload398/X
 clkload399/X
 clkload4/Y
 clkload40/Y
 clkload400/X
 clkload401/X
 clkload402/X
 clkload403/X
 clkload404/X
 clkload405/X
 clkload406/X
 clkload407/X
 clkload408/X
 clkload409/X
 clkload41/Y
 clkload410/Y
 clkload411/X
 clkload412/X
 clkload413/Y
 clkload414/X
 clkload415/Y
 clkload416/X
 clkload417/Y
 clkload418/Y
 clkload419/Y
 clkload42/Y
 clkload420/Y
 clkload421/X
 clkload422/X
 clkload423/X
 clkload424/X
 clkload425/Y
 clkload426/X
 clkload427/X
 clkload428/Y
 clkload429/X
 clkload43/Y
 clkload430/X
 clkload431/Y
 clkload432/Y
 clkload433/Y
 clkload434/X
 clkload435/Y
 clkload436/X
 clkload437/X
 clkload438/X
 clkload439/X
 clkload44/X
 clkload440/X
 clkload441/X
 clkload442/X
 clkload443/X
 clkload444/X
 clkload445/X
 clkload446/X
 clkload447/X
 clkload448/X
 clkload449/X
 clkload45/X
 clkload450/X
 clkload451/X
 clkload452/X
 clkload453/Y
 clkload454/Y
 clkload455/Y
 clkload456/X
 clkload457/Y
 clkload458/X
 clkload459/Y
 clkload46/X
 clkload460/X
 clkload461/X
 clkload462/Y
 clkload463/X
 clkload464/X
 clkload465/X
 clkload466/X
 clkload467/X
 clkload468/Y
 clkload469/X
 clkload47/X
 clkload470/X
 clkload471/X
 clkload472/X
 clkload473/X
 clkload474/Y
 clkload475/X
 clkload476/X
 clkload477/Y
 clkload478/X
 clkload479/X
 clkload48/Y
 clkload480/Y
 clkload481/Y
 clkload482/Y
 clkload483/Y
 clkload484/X
 clkload485/X
 clkload486/Y
 clkload487/Y
 clkload488/Y
 clkload489/X
 clkload49/X
 clkload490/X
 clkload491/Y
 clkload492/Y
 clkload493/X
 clkload494/X
 clkload495/X
 clkload496/X
 clkload497/X
 clkload498/X
 clkload499/Y
 clkload5/Y
 clkload50/X
 clkload500/X
 clkload501/Y
 clkload502/Y
 clkload503/X
 clkload504/Y
 clkload505/X
 clkload506/Y
 clkload507/X
 clkload508/Y
 clkload509/X
 clkload51/Y
 clkload510/X
 clkload511/X
 clkload512/X
 clkload513/X
 clkload514/X
 clkload515/X
 clkload516/Y
 clkload517/Y
 clkload518/X
 clkload519/Y
 clkload52/X
 clkload520/X
 clkload521/X
 clkload522/X
 clkload523/X
 clkload524/Y
 clkload525/Y
 clkload526/X
 clkload527/Y
 clkload528/X
 clkload529/X
 clkload53/X
 clkload530/X
 clkload531/X
 clkload532/X
 clkload533/X
 clkload534/X
 clkload535/X
 clkload536/X
 clkload537/Y
 clkload538/X
 clkload539/Y
 clkload54/X
 clkload540/Y
 clkload541/Y
 clkload542/Y
 clkload543/X
 clkload544/Y
 clkload545/Y
 clkload546/Y
 clkload547/X
 clkload548/Y
 clkload549/X
 clkload55/Y
 clkload550/X
 clkload551/X
 clkload552/X
 clkload553/X
 clkload554/X
 clkload555/Y
 clkload556/Y
 clkload557/X
 clkload558/Y
 clkload559/X
 clkload56/X
 clkload560/X
 clkload561/X
 clkload562/X
 clkload563/X
 clkload564/X
 clkload565/X
 clkload566/X
 clkload567/X
 clkload568/X
 clkload569/X
 clkload57/X
 clkload570/X
 clkload571/Y
 clkload572/X
 clkload573/X
 clkload574/X
 clkload575/X
 clkload576/X
 clkload577/X
 clkload578/X
 clkload579/X
 clkload58/X
 clkload580/Y
 clkload581/Y
 clkload582/X
 clkload583/X
 clkload584/X
 clkload585/X
 clkload586/X
 clkload587/X
 clkload588/X
 clkload589/X
 clkload59/X
 clkload590/X
 clkload591/X
 clkload592/X
 clkload593/Y
 clkload594/X
 clkload595/Y
 clkload596/X
 clkload597/X
 clkload598/X
 clkload599/X
 clkload6/Y
 clkload60/X
 clkload600/X
 clkload601/Y
 clkload602/Y
 clkload603/X
 clkload604/Y
 clkload605/X
 clkload606/X
 clkload607/X
 clkload608/Y
 clkload609/Y
 clkload61/Y
 clkload610/X
 clkload611/X
 clkload612/X
 clkload613/X
 clkload614/X
 clkload615/X
 clkload616/X
 clkload617/X
 clkload618/X
 clkload619/X
 clkload62/Y
 clkload620/X
 clkload621/X
 clkload622/X
 clkload623/Y
 clkload624/X
 clkload625/Y
 clkload626/X
 clkload627/X
 clkload628/X
 clkload629/X
 clkload63/Y
 clkload630/X
 clkload631/X
 clkload632/X
 clkload633/Y
 clkload634/X
 clkload635/X
 clkload636/X
 clkload637/X
 clkload638/X
 clkload639/X
 clkload64/Y
 clkload640/X
 clkload641/Y
 clkload642/X
 clkload643/X
 clkload644/X
 clkload645/X
 clkload646/X
 clkload647/Y
 clkload648/X
 clkload649/X
 clkload65/Y
 clkload650/X
 clkload651/X
 clkload652/X
 clkload653/X
 clkload654/X
 clkload655/X
 clkload656/X
 clkload657/X
 clkload658/X
 clkload659/X
 clkload66/Y
 clkload660/X
 clkload661/Y
 clkload662/X
 clkload663/X
 clkload664/X
 clkload665/X
 clkload666/X
 clkload667/X
 clkload668/X
 clkload669/X
 clkload67/X
 clkload670/X
 clkload671/X
 clkload672/X
 clkload673/X
 clkload674/X
 clkload675/X
 clkload676/X
 clkload677/X
 clkload678/X
 clkload679/X
 clkload68/X
 clkload680/X
 clkload681/X
 clkload682/Y
 clkload683/Y
 clkload684/Y
 clkload685/Y
 clkload686/Y
 clkload687/X
 clkload688/X
 clkload689/X
 clkload69/X
 clkload690/X
 clkload691/X
 clkload692/Y
 clkload693/X
 clkload694/X
 clkload695/X
 clkload696/Y
 clkload697/Y
 clkload698/X
 clkload699/X
 clkload7/Y
 clkload70/X
 clkload700/X
 clkload701/X
 clkload702/Y
 clkload703/X
 clkload704/X
 clkload705/X
 clkload706/X
 clkload707/X
 clkload708/Y
 clkload709/X
 clkload71/Y
 clkload710/X
 clkload711/Y
 clkload712/X
 clkload713/X
 clkload714/X
 clkload715/X
 clkload716/X
 clkload717/Y
 clkload718/X
 clkload719/X
 clkload72/Y
 clkload720/X
 clkload721/X
 clkload722/Y
 clkload723/X
 clkload724/Y
 clkload725/X
 clkload726/Y
 clkload727/Y
 clkload728/Y
 clkload729/Y
 clkload73/X
 clkload730/Y
 clkload731/Y
 clkload732/Y
 clkload733/Y
 clkload734/Y
 clkload735/Y
 clkload736/Y
 clkload737/X
 clkload738/Y
 clkload739/Y
 clkload74/X
 clkload740/X
 clkload741/X
 clkload742/X
 clkload743/Y
 clkload744/X
 clkload745/X
 clkload746/Y
 clkload747/X
 clkload748/Y
 clkload749/Y
 clkload75/Y
 clkload750/Y
 clkload751/X
 clkload752/X
 clkload753/Y
 clkload754/Y
 clkload755/Y
 clkload756/X
 clkload757/X
 clkload758/X
 clkload759/Y
 clkload76/Y
 clkload760/X
 clkload761/X
 clkload762/Y
 clkload763/Y
 clkload764/X
 clkload765/X
 clkload766/X
 clkload767/X
 clkload768/Y
 clkload769/X
 clkload77/Y
 clkload770/Y
 clkload771/Y
 clkload772/Y
 clkload773/X
 clkload774/X
 clkload775/X
 clkload776/X
 clkload777/X
 clkload778/Y
 clkload779/Y
 clkload78/Y
 clkload780/X
 clkload781/X
 clkload782/X
 clkload783/X
 clkload784/X
 clkload785/X
 clkload786/Y
 clkload787/Y
 clkload788/X
 clkload789/Y
 clkload79/Y
 clkload790/X
 clkload791/Y
 clkload792/Y
 clkload793/X
 clkload794/X
 clkload795/X
 clkload796/X
 clkload797/X
 clkload798/X
 clkload799/X
 clkload8/Y
 clkload80/Y
 clkload800/X
 clkload801/Y
 clkload802/X
 clkload803/Y
 clkload804/X
 clkload805/X
 clkload806/X
 clkload807/X
 clkload808/X
 clkload809/Y
 clkload81/Y
 clkload810/X
 clkload811/X
 clkload812/X
 clkload813/X
 clkload814/Y
 clkload815/X
 clkload816/Y
 clkload817/X
 clkload818/X
 clkload819/X
 clkload82/Y
 clkload820/X
 clkload821/X
 clkload822/X
 clkload823/X
 clkload824/X
 clkload825/X
 clkload826/X
 clkload827/X
 clkload828/X
 clkload829/X
 clkload83/Y
 clkload830/X
 clkload831/X
 clkload832/X
 clkload833/X
 clkload834/X
 clkload835/X
 clkload836/X
 clkload837/X
 clkload838/Y
 clkload839/X
 clkload84/Y
 clkload840/Y
 clkload841/X
 clkload842/Y
 clkload843/X
 clkload844/X
 clkload845/X
 clkload846/X
 clkload847/X
 clkload848/X
 clkload849/X
 clkload85/X
 clkload850/X
 clkload851/X
 clkload852/X
 clkload853/X
 clkload854/X
 clkload855/Y
 clkload856/X
 clkload857/Y
 clkload858/Y
 clkload859/X
 clkload86/X
 clkload860/X
 clkload861/X
 clkload862/X
 clkload863/X
 clkload864/X
 clkload865/Y
 clkload866/X
 clkload867/Y
 clkload868/X
 clkload869/Y
 clkload87/X
 clkload870/X
 clkload871/Y
 clkload872/X
 clkload873/X
 clkload874/X
 clkload875/X
 clkload876/Y
 clkload877/X
 clkload878/Y
 clkload879/Y
 clkload88/Y
 clkload880/X
 clkload881/X
 clkload882/Y
 clkload883/Y
 clkload884/Y
 clkload885/X
 clkload886/Y
 clkload887/X
 clkload888/X
 clkload889/X
 clkload89/X
 clkload890/Y
 clkload891/X
 clkload892/X
 clkload893/X
 clkload894/X
 clkload895/Y
 clkload896/X
 clkload897/Y
 clkload898/Y
 clkload899/X
 clkload9/X
 clkload90/Y
 clkload900/X
 clkload901/X
 clkload902/X
 clkload903/X
 clkload904/Y
 clkload905/X
 clkload906/Y
 clkload907/X
 clkload908/X
 clkload909/X
 clkload91/Y
 clkload910/X
 clkload911/X
 clkload912/X
 clkload913/X
 clkload914/X
 clkload915/Y
 clkload916/X
 clkload917/X
 clkload918/X
 clkload919/X
 clkload92/Y
 clkload920/Y
 clkload921/Y
 clkload922/Y
 clkload923/X
 clkload924/Y
 clkload925/X
 clkload926/X
 clkload927/Y
 clkload928/X
 clkload929/X
 clkload93/Y
 clkload930/X
 clkload931/X
 clkload932/X
 clkload933/X
 clkload934/Y
 clkload935/Y
 clkload936/Y
 clkload937/Y
 clkload938/X
 clkload939/X
 clkload94/Y
 clkload940/Y
 clkload941/X
 clkload942/X
 clkload943/X
 clkload944/X
 clkload945/X
 clkload946/Y
 clkload947/Y
 clkload948/Y
 clkload949/X
 clkload95/X
 clkload950/Y
 clkload951/X
 clkload952/Y
 clkload953/X
 clkload954/Y
 clkload955/Y
 clkload956/X
 clkload957/X
 clkload958/X
 clkload959/X
 clkload96/X
 clkload960/X
 clkload961/Y
 clkload962/Y
 clkload963/X
 clkload964/X
 clkload965/X
 clkload966/Y
 clkload967/Y
 clkload968/Y
 clkload969/Y
 clkload97/X
 clkload970/Y
 clkload971/Y
 clkload972/Y
 clkload973/Y
 clkload974/Y
 clkload975/Y
 clkload976/X
 clkload977/X
 clkload978/X
 clkload979/X
 clkload98/X
 clkload980/X
 clkload981/X
 clkload982/X
 clkload983/X
 clkload984/Y
 clkload985/Y
 clkload986/X
 clkload987/X
 clkload988/X
 clkload989/X
 clkload99/X
 clkload990/X
 clkload991/X
 clkload992/Y
 clkload993/X
 clkload994/Y
 clkload995/X
 clkload996/X
 clkload997/Y
 clkload998/X
 clkload999/X
 i_soc.i_ai_accel.u_conv_out.gen_bank\[0\].gen_512.u_macro/dout0[0]
 i_soc.i_ai_accel.u_conv_out.gen_bank\[0\].gen_512.u_macro/dout0[10]
 i_soc.i_ai_accel.u_conv_out.gen_bank\[0\].gen_512.u_macro/dout0[11]
 i_soc.i_ai_accel.u_conv_out.gen_bank\[0\].gen_512.u_macro/dout0[12]
 i_soc.i_ai_accel.u_conv_out.gen_bank\[0\].gen_512.u_macro/dout0[13]
 i_soc.i_ai_accel.u_conv_out.gen_bank\[0\].gen_512.u_macro/dout0[14]
 i_soc.i_ai_accel.u_conv_out.gen_bank\[0\].gen_512.u_macro/dout0[15]
 i_soc.i_ai_accel.u_conv_out.gen_bank\[0\].gen_512.u_macro/dout0[16]
 i_soc.i_ai_accel.u_conv_out.gen_bank\[0\].gen_512.u_macro/dout0[17]
 i_soc.i_ai_accel.u_conv_out.gen_bank\[0\].gen_512.u_macro/dout0[18]
 i_soc.i_ai_accel.u_conv_out.gen_bank\[0\].gen_512.u_macro/dout0[19]
 i_soc.i_ai_accel.u_conv_out.gen_bank\[0\].gen_512.u_macro/dout0[1]
 i_soc.i_ai_accel.u_conv_out.gen_bank\[0\].gen_512.u_macro/dout0[20]
 i_soc.i_ai_accel.u_conv_out.gen_bank\[0\].gen_512.u_macro/dout0[21]
 i_soc.i_ai_accel.u_conv_out.gen_bank\[0\].gen_512.u_macro/dout0[22]
 i_soc.i_ai_accel.u_conv_out.gen_bank\[0\].gen_512.u_macro/dout0[23]
 i_soc.i_ai_accel.u_conv_out.gen_bank\[0\].gen_512.u_macro/dout0[24]
 i_soc.i_ai_accel.u_conv_out.gen_bank\[0\].gen_512.u_macro/dout0[25]
 i_soc.i_ai_accel.u_conv_out.gen_bank\[0\].gen_512.u_macro/dout0[26]
 i_soc.i_ai_accel.u_conv_out.gen_bank\[0\].gen_512.u_macro/dout0[27]
 i_soc.i_ai_accel.u_conv_out.gen_bank\[0\].gen_512.u_macro/dout0[28]
 i_soc.i_ai_accel.u_conv_out.gen_bank\[0\].gen_512.u_macro/dout0[29]
 i_soc.i_ai_accel.u_conv_out.gen_bank\[0\].gen_512.u_macro/dout0[2]
 i_soc.i_ai_accel.u_conv_out.gen_bank\[0\].gen_512.u_macro/dout0[30]
 i_soc.i_ai_accel.u_conv_out.gen_bank\[0\].gen_512.u_macro/dout0[31]
 i_soc.i_ai_accel.u_conv_out.gen_bank\[0\].gen_512.u_macro/dout0[3]
 i_soc.i_ai_accel.u_conv_out.gen_bank\[0\].gen_512.u_macro/dout0[4]
 i_soc.i_ai_accel.u_conv_out.gen_bank\[0\].gen_512.u_macro/dout0[5]
 i_soc.i_ai_accel.u_conv_out.gen_bank\[0\].gen_512.u_macro/dout0[6]
 i_soc.i_ai_accel.u_conv_out.gen_bank\[0\].gen_512.u_macro/dout0[7]
 i_soc.i_ai_accel.u_conv_out.gen_bank\[0\].gen_512.u_macro/dout0[8]
 i_soc.i_ai_accel.u_conv_out.gen_bank\[0\].gen_512.u_macro/dout0[9]
 i_soc.i_ai_accel.u_conv_out.gen_bank\[0\].gen_512.u_macro_8125/HI
 i_soc.i_ai_accel.u_conv_out.gen_bank\[1\].gen_512.u_macro/dout0[0]
 i_soc.i_ai_accel.u_conv_out.gen_bank\[1\].gen_512.u_macro/dout0[10]
 i_soc.i_ai_accel.u_conv_out.gen_bank\[1\].gen_512.u_macro/dout0[11]
 i_soc.i_ai_accel.u_conv_out.gen_bank\[1\].gen_512.u_macro/dout0[12]
 i_soc.i_ai_accel.u_conv_out.gen_bank\[1\].gen_512.u_macro/dout0[13]
 i_soc.i_ai_accel.u_conv_out.gen_bank\[1\].gen_512.u_macro/dout0[14]
 i_soc.i_ai_accel.u_conv_out.gen_bank\[1\].gen_512.u_macro/dout0[15]
 i_soc.i_ai_accel.u_conv_out.gen_bank\[1\].gen_512.u_macro/dout0[16]
 i_soc.i_ai_accel.u_conv_out.gen_bank\[1\].gen_512.u_macro/dout0[17]
 i_soc.i_ai_accel.u_conv_out.gen_bank\[1\].gen_512.u_macro/dout0[18]
 i_soc.i_ai_accel.u_conv_out.gen_bank\[1\].gen_512.u_macro/dout0[19]
 i_soc.i_ai_accel.u_conv_out.gen_bank\[1\].gen_512.u_macro/dout0[1]
 i_soc.i_ai_accel.u_conv_out.gen_bank\[1\].gen_512.u_macro/dout0[20]
 i_soc.i_ai_accel.u_conv_out.gen_bank\[1\].gen_512.u_macro/dout0[21]
 i_soc.i_ai_accel.u_conv_out.gen_bank\[1\].gen_512.u_macro/dout0[22]
 i_soc.i_ai_accel.u_conv_out.gen_bank\[1\].gen_512.u_macro/dout0[23]
 i_soc.i_ai_accel.u_conv_out.gen_bank\[1\].gen_512.u_macro/dout0[24]
 i_soc.i_ai_accel.u_conv_out.gen_bank\[1\].gen_512.u_macro/dout0[25]
 i_soc.i_ai_accel.u_conv_out.gen_bank\[1\].gen_512.u_macro/dout0[26]
 i_soc.i_ai_accel.u_conv_out.gen_bank\[1\].gen_512.u_macro/dout0[27]
 i_soc.i_ai_accel.u_conv_out.gen_bank\[1\].gen_512.u_macro/dout0[28]
 i_soc.i_ai_accel.u_conv_out.gen_bank\[1\].gen_512.u_macro/dout0[29]
 i_soc.i_ai_accel.u_conv_out.gen_bank\[1\].gen_512.u_macro/dout0[2]
 i_soc.i_ai_accel.u_conv_out.gen_bank\[1\].gen_512.u_macro/dout0[30]
 i_soc.i_ai_accel.u_conv_out.gen_bank\[1\].gen_512.u_macro/dout0[31]
 i_soc.i_ai_accel.u_conv_out.gen_bank\[1\].gen_512.u_macro/dout0[3]
 i_soc.i_ai_accel.u_conv_out.gen_bank\[1\].gen_512.u_macro/dout0[4]
 i_soc.i_ai_accel.u_conv_out.gen_bank\[1\].gen_512.u_macro/dout0[5]
 i_soc.i_ai_accel.u_conv_out.gen_bank\[1\].gen_512.u_macro/dout0[6]
 i_soc.i_ai_accel.u_conv_out.gen_bank\[1\].gen_512.u_macro/dout0[7]
 i_soc.i_ai_accel.u_conv_out.gen_bank\[1\].gen_512.u_macro/dout0[8]
 i_soc.i_ai_accel.u_conv_out.gen_bank\[1\].gen_512.u_macro/dout0[9]
 i_soc.i_ai_accel.u_conv_out.gen_bank\[1\].gen_512.u_macro_8126/HI
 i_soc.i_ai_accel.u_conv_w_mem/dout0[0]
 i_soc.i_ai_accel.u_conv_w_mem/dout0[10]
 i_soc.i_ai_accel.u_conv_w_mem/dout0[11]
 i_soc.i_ai_accel.u_conv_w_mem/dout0[12]
 i_soc.i_ai_accel.u_conv_w_mem/dout0[13]
 i_soc.i_ai_accel.u_conv_w_mem/dout0[14]
 i_soc.i_ai_accel.u_conv_w_mem/dout0[15]
 i_soc.i_ai_accel.u_conv_w_mem/dout0[16]
 i_soc.i_ai_accel.u_conv_w_mem/dout0[17]
 i_soc.i_ai_accel.u_conv_w_mem/dout0[18]
 i_soc.i_ai_accel.u_conv_w_mem/dout0[19]
 i_soc.i_ai_accel.u_conv_w_mem/dout0[1]
 i_soc.i_ai_accel.u_conv_w_mem/dout0[20]
 i_soc.i_ai_accel.u_conv_w_mem/dout0[21]
 i_soc.i_ai_accel.u_conv_w_mem/dout0[22]
 i_soc.i_ai_accel.u_conv_w_mem/dout0[23]
 i_soc.i_ai_accel.u_conv_w_mem/dout0[24]
 i_soc.i_ai_accel.u_conv_w_mem/dout0[25]
 i_soc.i_ai_accel.u_conv_w_mem/dout0[26]
 i_soc.i_ai_accel.u_conv_w_mem/dout0[27]
 i_soc.i_ai_accel.u_conv_w_mem/dout0[28]
 i_soc.i_ai_accel.u_conv_w_mem/dout0[29]
 i_soc.i_ai_accel.u_conv_w_mem/dout0[2]
 i_soc.i_ai_accel.u_conv_w_mem/dout0[30]
 i_soc.i_ai_accel.u_conv_w_mem/dout0[31]
 i_soc.i_ai_accel.u_conv_w_mem/dout0[3]
 i_soc.i_ai_accel.u_conv_w_mem/dout0[4]
 i_soc.i_ai_accel.u_conv_w_mem/dout0[5]
 i_soc.i_ai_accel.u_conv_w_mem/dout0[6]
 i_soc.i_ai_accel.u_conv_w_mem/dout0[7]
 i_soc.i_ai_accel.u_conv_w_mem/dout0[8]
 i_soc.i_ai_accel.u_conv_w_mem/dout0[9]
 i_soc.i_ai_accel.u_conv_w_mem_8123/HI
 i_soc.i_ai_accel.u_conv_w_mem_8584/LO
 i_soc.i_ai_accel.u_conv_w_mem_8585/LO
 i_soc.i_ai_accel.u_conv_w_mem_8586/LO
 i_soc.i_ai_accel.u_conv_w_mem_8587/LO
 i_soc.i_ai_accel.u_input_mem/dout0[0]
 i_soc.i_ai_accel.u_input_mem/dout0[10]
 i_soc.i_ai_accel.u_input_mem/dout0[11]
 i_soc.i_ai_accel.u_input_mem/dout0[12]
 i_soc.i_ai_accel.u_input_mem/dout0[13]
 i_soc.i_ai_accel.u_input_mem/dout0[14]
 i_soc.i_ai_accel.u_input_mem/dout0[15]
 i_soc.i_ai_accel.u_input_mem/dout0[16]
 i_soc.i_ai_accel.u_input_mem/dout0[17]
 i_soc.i_ai_accel.u_input_mem/dout0[18]
 i_soc.i_ai_accel.u_input_mem/dout0[19]
 i_soc.i_ai_accel.u_input_mem/dout0[1]
 i_soc.i_ai_accel.u_input_mem/dout0[20]
 i_soc.i_ai_accel.u_input_mem/dout0[21]
 i_soc.i_ai_accel.u_input_mem/dout0[22]
 i_soc.i_ai_accel.u_input_mem/dout0[23]
 i_soc.i_ai_accel.u_input_mem/dout0[24]
 i_soc.i_ai_accel.u_input_mem/dout0[25]
 i_soc.i_ai_accel.u_input_mem/dout0[26]
 i_soc.i_ai_accel.u_input_mem/dout0[27]
 i_soc.i_ai_accel.u_input_mem/dout0[28]
 i_soc.i_ai_accel.u_input_mem/dout0[29]
 i_soc.i_ai_accel.u_input_mem/dout0[2]
 i_soc.i_ai_accel.u_input_mem/dout0[30]
 i_soc.i_ai_accel.u_input_mem/dout0[31]
 i_soc.i_ai_accel.u_input_mem/dout0[3]
 i_soc.i_ai_accel.u_input_mem/dout0[4]
 i_soc.i_ai_accel.u_input_mem/dout0[5]
 i_soc.i_ai_accel.u_input_mem/dout0[6]
 i_soc.i_ai_accel.u_input_mem/dout0[7]
 i_soc.i_ai_accel.u_input_mem/dout0[8]
 i_soc.i_ai_accel.u_input_mem/dout0[9]
 i_soc.i_ai_accel.u_input_mem_8124/HI
 i_soc.i_ai_accel.u_input_mem_8588/LO
 i_soc.i_ai_accel.u_input_mem_8589/LO
 i_soc.i_ai_accel.u_input_mem_8590/LO
 i_soc.i_ai_accel.u_input_mem_8591/LO
 i_soc.i_ai_arb._290__8592/LO
 i_soc.i_ai_arb._292__8593/LO
 i_soc.i_ai_arb._294__8594/LO
 i_soc.i_ai_arb._296__8595/LO
 i_soc.i_ai_sram.u_sram.gen_bank\[0\].gen_512.u_macro/dout0[0]
 i_soc.i_ai_sram.u_sram.gen_bank\[0\].gen_512.u_macro/dout0[10]
 i_soc.i_ai_sram.u_sram.gen_bank\[0\].gen_512.u_macro/dout0[11]
 i_soc.i_ai_sram.u_sram.gen_bank\[0\].gen_512.u_macro/dout0[12]
 i_soc.i_ai_sram.u_sram.gen_bank\[0\].gen_512.u_macro/dout0[13]
 i_soc.i_ai_sram.u_sram.gen_bank\[0\].gen_512.u_macro/dout0[14]
 i_soc.i_ai_sram.u_sram.gen_bank\[0\].gen_512.u_macro/dout0[15]
 i_soc.i_ai_sram.u_sram.gen_bank\[0\].gen_512.u_macro/dout0[16]
 i_soc.i_ai_sram.u_sram.gen_bank\[0\].gen_512.u_macro/dout0[17]
 i_soc.i_ai_sram.u_sram.gen_bank\[0\].gen_512.u_macro/dout0[18]
 i_soc.i_ai_sram.u_sram.gen_bank\[0\].gen_512.u_macro/dout0[19]
 i_soc.i_ai_sram.u_sram.gen_bank\[0\].gen_512.u_macro/dout0[1]
 i_soc.i_ai_sram.u_sram.gen_bank\[0\].gen_512.u_macro/dout0[20]
 i_soc.i_ai_sram.u_sram.gen_bank\[0\].gen_512.u_macro/dout0[21]
 i_soc.i_ai_sram.u_sram.gen_bank\[0\].gen_512.u_macro/dout0[22]
 i_soc.i_ai_sram.u_sram.gen_bank\[0\].gen_512.u_macro/dout0[23]
 i_soc.i_ai_sram.u_sram.gen_bank\[0\].gen_512.u_macro/dout0[24]
 i_soc.i_ai_sram.u_sram.gen_bank\[0\].gen_512.u_macro/dout0[25]
 i_soc.i_ai_sram.u_sram.gen_bank\[0\].gen_512.u_macro/dout0[26]
 i_soc.i_ai_sram.u_sram.gen_bank\[0\].gen_512.u_macro/dout0[27]
 i_soc.i_ai_sram.u_sram.gen_bank\[0\].gen_512.u_macro/dout0[28]
 i_soc.i_ai_sram.u_sram.gen_bank\[0\].gen_512.u_macro/dout0[29]
 i_soc.i_ai_sram.u_sram.gen_bank\[0\].gen_512.u_macro/dout0[2]
 i_soc.i_ai_sram.u_sram.gen_bank\[0\].gen_512.u_macro/dout0[30]
 i_soc.i_ai_sram.u_sram.gen_bank\[0\].gen_512.u_macro/dout0[31]
 i_soc.i_ai_sram.u_sram.gen_bank\[0\].gen_512.u_macro/dout0[3]
 i_soc.i_ai_sram.u_sram.gen_bank\[0\].gen_512.u_macro/dout0[4]
 i_soc.i_ai_sram.u_sram.gen_bank\[0\].gen_512.u_macro/dout0[5]
 i_soc.i_ai_sram.u_sram.gen_bank\[0\].gen_512.u_macro/dout0[6]
 i_soc.i_ai_sram.u_sram.gen_bank\[0\].gen_512.u_macro/dout0[7]
 i_soc.i_ai_sram.u_sram.gen_bank\[0\].gen_512.u_macro/dout0[8]
 i_soc.i_ai_sram.u_sram.gen_bank\[0\].gen_512.u_macro/dout0[9]
 i_soc.i_ai_sram.u_sram.gen_bank\[0\].gen_512.u_macro_8127/HI
 i_soc.i_ai_sram.u_sram.gen_bank\[10\].gen_512.u_macro/dout0[0]
 i_soc.i_ai_sram.u_sram.gen_bank\[10\].gen_512.u_macro/dout0[10]
 i_soc.i_ai_sram.u_sram.gen_bank\[10\].gen_512.u_macro/dout0[11]
 i_soc.i_ai_sram.u_sram.gen_bank\[10\].gen_512.u_macro/dout0[12]
 i_soc.i_ai_sram.u_sram.gen_bank\[10\].gen_512.u_macro/dout0[13]
 i_soc.i_ai_sram.u_sram.gen_bank\[10\].gen_512.u_macro/dout0[14]
 i_soc.i_ai_sram.u_sram.gen_bank\[10\].gen_512.u_macro/dout0[15]
 i_soc.i_ai_sram.u_sram.gen_bank\[10\].gen_512.u_macro/dout0[16]
 i_soc.i_ai_sram.u_sram.gen_bank\[10\].gen_512.u_macro/dout0[17]
 i_soc.i_ai_sram.u_sram.gen_bank\[10\].gen_512.u_macro/dout0[18]
 i_soc.i_ai_sram.u_sram.gen_bank\[10\].gen_512.u_macro/dout0[19]
 i_soc.i_ai_sram.u_sram.gen_bank\[10\].gen_512.u_macro/dout0[1]
 i_soc.i_ai_sram.u_sram.gen_bank\[10\].gen_512.u_macro/dout0[20]
 i_soc.i_ai_sram.u_sram.gen_bank\[10\].gen_512.u_macro/dout0[21]
 i_soc.i_ai_sram.u_sram.gen_bank\[10\].gen_512.u_macro/dout0[22]
 i_soc.i_ai_sram.u_sram.gen_bank\[10\].gen_512.u_macro/dout0[23]
 i_soc.i_ai_sram.u_sram.gen_bank\[10\].gen_512.u_macro/dout0[24]
 i_soc.i_ai_sram.u_sram.gen_bank\[10\].gen_512.u_macro/dout0[25]
 i_soc.i_ai_sram.u_sram.gen_bank\[10\].gen_512.u_macro/dout0[26]
 i_soc.i_ai_sram.u_sram.gen_bank\[10\].gen_512.u_macro/dout0[27]
 i_soc.i_ai_sram.u_sram.gen_bank\[10\].gen_512.u_macro/dout0[28]
 i_soc.i_ai_sram.u_sram.gen_bank\[10\].gen_512.u_macro/dout0[29]
 i_soc.i_ai_sram.u_sram.gen_bank\[10\].gen_512.u_macro/dout0[2]
 i_soc.i_ai_sram.u_sram.gen_bank\[10\].gen_512.u_macro/dout0[30]
 i_soc.i_ai_sram.u_sram.gen_bank\[10\].gen_512.u_macro/dout0[31]
 i_soc.i_ai_sram.u_sram.gen_bank\[10\].gen_512.u_macro/dout0[3]
 i_soc.i_ai_sram.u_sram.gen_bank\[10\].gen_512.u_macro/dout0[4]
 i_soc.i_ai_sram.u_sram.gen_bank\[10\].gen_512.u_macro/dout0[5]
 i_soc.i_ai_sram.u_sram.gen_bank\[10\].gen_512.u_macro/dout0[6]
 i_soc.i_ai_sram.u_sram.gen_bank\[10\].gen_512.u_macro/dout0[7]
 i_soc.i_ai_sram.u_sram.gen_bank\[10\].gen_512.u_macro/dout0[8]
 i_soc.i_ai_sram.u_sram.gen_bank\[10\].gen_512.u_macro/dout0[9]
 i_soc.i_ai_sram.u_sram.gen_bank\[10\].gen_512.u_macro_8128/HI
 i_soc.i_ai_sram.u_sram.gen_bank\[11\].gen_512.u_macro/dout0[0]
 i_soc.i_ai_sram.u_sram.gen_bank\[11\].gen_512.u_macro/dout0[10]
 i_soc.i_ai_sram.u_sram.gen_bank\[11\].gen_512.u_macro/dout0[11]
 i_soc.i_ai_sram.u_sram.gen_bank\[11\].gen_512.u_macro/dout0[12]
 i_soc.i_ai_sram.u_sram.gen_bank\[11\].gen_512.u_macro/dout0[13]
 i_soc.i_ai_sram.u_sram.gen_bank\[11\].gen_512.u_macro/dout0[14]
 i_soc.i_ai_sram.u_sram.gen_bank\[11\].gen_512.u_macro/dout0[15]
 i_soc.i_ai_sram.u_sram.gen_bank\[11\].gen_512.u_macro/dout0[16]
 i_soc.i_ai_sram.u_sram.gen_bank\[11\].gen_512.u_macro/dout0[17]
 i_soc.i_ai_sram.u_sram.gen_bank\[11\].gen_512.u_macro/dout0[18]
 i_soc.i_ai_sram.u_sram.gen_bank\[11\].gen_512.u_macro/dout0[19]
 i_soc.i_ai_sram.u_sram.gen_bank\[11\].gen_512.u_macro/dout0[1]
 i_soc.i_ai_sram.u_sram.gen_bank\[11\].gen_512.u_macro/dout0[20]
 i_soc.i_ai_sram.u_sram.gen_bank\[11\].gen_512.u_macro/dout0[21]
 i_soc.i_ai_sram.u_sram.gen_bank\[11\].gen_512.u_macro/dout0[22]
 i_soc.i_ai_sram.u_sram.gen_bank\[11\].gen_512.u_macro/dout0[23]
 i_soc.i_ai_sram.u_sram.gen_bank\[11\].gen_512.u_macro/dout0[24]
 i_soc.i_ai_sram.u_sram.gen_bank\[11\].gen_512.u_macro/dout0[25]
 i_soc.i_ai_sram.u_sram.gen_bank\[11\].gen_512.u_macro/dout0[26]
 i_soc.i_ai_sram.u_sram.gen_bank\[11\].gen_512.u_macro/dout0[27]
 i_soc.i_ai_sram.u_sram.gen_bank\[11\].gen_512.u_macro/dout0[28]
 i_soc.i_ai_sram.u_sram.gen_bank\[11\].gen_512.u_macro/dout0[29]
 i_soc.i_ai_sram.u_sram.gen_bank\[11\].gen_512.u_macro/dout0[2]
 i_soc.i_ai_sram.u_sram.gen_bank\[11\].gen_512.u_macro/dout0[30]
 i_soc.i_ai_sram.u_sram.gen_bank\[11\].gen_512.u_macro/dout0[31]
 i_soc.i_ai_sram.u_sram.gen_bank\[11\].gen_512.u_macro/dout0[3]
 i_soc.i_ai_sram.u_sram.gen_bank\[11\].gen_512.u_macro/dout0[4]
 i_soc.i_ai_sram.u_sram.gen_bank\[11\].gen_512.u_macro/dout0[5]
 i_soc.i_ai_sram.u_sram.gen_bank\[11\].gen_512.u_macro/dout0[6]
 i_soc.i_ai_sram.u_sram.gen_bank\[11\].gen_512.u_macro/dout0[7]
 i_soc.i_ai_sram.u_sram.gen_bank\[11\].gen_512.u_macro/dout0[8]
 i_soc.i_ai_sram.u_sram.gen_bank\[11\].gen_512.u_macro/dout0[9]
 i_soc.i_ai_sram.u_sram.gen_bank\[11\].gen_512.u_macro_8129/HI
 i_soc.i_ai_sram.u_sram.gen_bank\[12\].gen_512.u_macro/dout0[0]
 i_soc.i_ai_sram.u_sram.gen_bank\[12\].gen_512.u_macro/dout0[10]
 i_soc.i_ai_sram.u_sram.gen_bank\[12\].gen_512.u_macro/dout0[11]
 i_soc.i_ai_sram.u_sram.gen_bank\[12\].gen_512.u_macro/dout0[12]
 i_soc.i_ai_sram.u_sram.gen_bank\[12\].gen_512.u_macro/dout0[13]
 i_soc.i_ai_sram.u_sram.gen_bank\[12\].gen_512.u_macro/dout0[14]
 i_soc.i_ai_sram.u_sram.gen_bank\[12\].gen_512.u_macro/dout0[15]
 i_soc.i_ai_sram.u_sram.gen_bank\[12\].gen_512.u_macro/dout0[16]
 i_soc.i_ai_sram.u_sram.gen_bank\[12\].gen_512.u_macro/dout0[17]
 i_soc.i_ai_sram.u_sram.gen_bank\[12\].gen_512.u_macro/dout0[18]
 i_soc.i_ai_sram.u_sram.gen_bank\[12\].gen_512.u_macro/dout0[19]
 i_soc.i_ai_sram.u_sram.gen_bank\[12\].gen_512.u_macro/dout0[1]
 i_soc.i_ai_sram.u_sram.gen_bank\[12\].gen_512.u_macro/dout0[20]
 i_soc.i_ai_sram.u_sram.gen_bank\[12\].gen_512.u_macro/dout0[21]
 i_soc.i_ai_sram.u_sram.gen_bank\[12\].gen_512.u_macro/dout0[22]
 i_soc.i_ai_sram.u_sram.gen_bank\[12\].gen_512.u_macro/dout0[23]
 i_soc.i_ai_sram.u_sram.gen_bank\[12\].gen_512.u_macro/dout0[24]
 i_soc.i_ai_sram.u_sram.gen_bank\[12\].gen_512.u_macro/dout0[25]
 i_soc.i_ai_sram.u_sram.gen_bank\[12\].gen_512.u_macro/dout0[26]
 i_soc.i_ai_sram.u_sram.gen_bank\[12\].gen_512.u_macro/dout0[27]
 i_soc.i_ai_sram.u_sram.gen_bank\[12\].gen_512.u_macro/dout0[28]
 i_soc.i_ai_sram.u_sram.gen_bank\[12\].gen_512.u_macro/dout0[29]
 i_soc.i_ai_sram.u_sram.gen_bank\[12\].gen_512.u_macro/dout0[2]
 i_soc.i_ai_sram.u_sram.gen_bank\[12\].gen_512.u_macro/dout0[30]
 i_soc.i_ai_sram.u_sram.gen_bank\[12\].gen_512.u_macro/dout0[31]
 i_soc.i_ai_sram.u_sram.gen_bank\[12\].gen_512.u_macro/dout0[3]
 i_soc.i_ai_sram.u_sram.gen_bank\[12\].gen_512.u_macro/dout0[4]
 i_soc.i_ai_sram.u_sram.gen_bank\[12\].gen_512.u_macro/dout0[5]
 i_soc.i_ai_sram.u_sram.gen_bank\[12\].gen_512.u_macro/dout0[6]
 i_soc.i_ai_sram.u_sram.gen_bank\[12\].gen_512.u_macro/dout0[7]
 i_soc.i_ai_sram.u_sram.gen_bank\[12\].gen_512.u_macro/dout0[8]
 i_soc.i_ai_sram.u_sram.gen_bank\[12\].gen_512.u_macro/dout0[9]
 i_soc.i_ai_sram.u_sram.gen_bank\[12\].gen_512.u_macro_8130/HI
 i_soc.i_ai_sram.u_sram.gen_bank\[13\].gen_512.u_macro/dout0[0]
 i_soc.i_ai_sram.u_sram.gen_bank\[13\].gen_512.u_macro/dout0[10]
 i_soc.i_ai_sram.u_sram.gen_bank\[13\].gen_512.u_macro/dout0[11]
 i_soc.i_ai_sram.u_sram.gen_bank\[13\].gen_512.u_macro/dout0[12]
 i_soc.i_ai_sram.u_sram.gen_bank\[13\].gen_512.u_macro/dout0[13]
 i_soc.i_ai_sram.u_sram.gen_bank\[13\].gen_512.u_macro/dout0[14]
 i_soc.i_ai_sram.u_sram.gen_bank\[13\].gen_512.u_macro/dout0[15]
 i_soc.i_ai_sram.u_sram.gen_bank\[13\].gen_512.u_macro/dout0[16]
 i_soc.i_ai_sram.u_sram.gen_bank\[13\].gen_512.u_macro/dout0[17]
 i_soc.i_ai_sram.u_sram.gen_bank\[13\].gen_512.u_macro/dout0[18]
 i_soc.i_ai_sram.u_sram.gen_bank\[13\].gen_512.u_macro/dout0[19]
 i_soc.i_ai_sram.u_sram.gen_bank\[13\].gen_512.u_macro/dout0[1]
 i_soc.i_ai_sram.u_sram.gen_bank\[13\].gen_512.u_macro/dout0[20]
 i_soc.i_ai_sram.u_sram.gen_bank\[13\].gen_512.u_macro/dout0[21]
 i_soc.i_ai_sram.u_sram.gen_bank\[13\].gen_512.u_macro/dout0[22]
 i_soc.i_ai_sram.u_sram.gen_bank\[13\].gen_512.u_macro/dout0[23]
 i_soc.i_ai_sram.u_sram.gen_bank\[13\].gen_512.u_macro/dout0[24]
 i_soc.i_ai_sram.u_sram.gen_bank\[13\].gen_512.u_macro/dout0[25]
 i_soc.i_ai_sram.u_sram.gen_bank\[13\].gen_512.u_macro/dout0[26]
 i_soc.i_ai_sram.u_sram.gen_bank\[13\].gen_512.u_macro/dout0[27]
 i_soc.i_ai_sram.u_sram.gen_bank\[13\].gen_512.u_macro/dout0[28]
 i_soc.i_ai_sram.u_sram.gen_bank\[13\].gen_512.u_macro/dout0[29]
 i_soc.i_ai_sram.u_sram.gen_bank\[13\].gen_512.u_macro/dout0[2]
 i_soc.i_ai_sram.u_sram.gen_bank\[13\].gen_512.u_macro/dout0[30]
 i_soc.i_ai_sram.u_sram.gen_bank\[13\].gen_512.u_macro/dout0[31]
 i_soc.i_ai_sram.u_sram.gen_bank\[13\].gen_512.u_macro/dout0[3]
 i_soc.i_ai_sram.u_sram.gen_bank\[13\].gen_512.u_macro/dout0[4]
 i_soc.i_ai_sram.u_sram.gen_bank\[13\].gen_512.u_macro/dout0[5]
 i_soc.i_ai_sram.u_sram.gen_bank\[13\].gen_512.u_macro/dout0[6]
 i_soc.i_ai_sram.u_sram.gen_bank\[13\].gen_512.u_macro/dout0[7]
 i_soc.i_ai_sram.u_sram.gen_bank\[13\].gen_512.u_macro/dout0[8]
 i_soc.i_ai_sram.u_sram.gen_bank\[13\].gen_512.u_macro/dout0[9]
 i_soc.i_ai_sram.u_sram.gen_bank\[13\].gen_512.u_macro_8131/HI
 i_soc.i_ai_sram.u_sram.gen_bank\[14\].gen_512.u_macro/dout0[0]
 i_soc.i_ai_sram.u_sram.gen_bank\[14\].gen_512.u_macro/dout0[10]
 i_soc.i_ai_sram.u_sram.gen_bank\[14\].gen_512.u_macro/dout0[11]
 i_soc.i_ai_sram.u_sram.gen_bank\[14\].gen_512.u_macro/dout0[12]
 i_soc.i_ai_sram.u_sram.gen_bank\[14\].gen_512.u_macro/dout0[13]
 i_soc.i_ai_sram.u_sram.gen_bank\[14\].gen_512.u_macro/dout0[14]
 i_soc.i_ai_sram.u_sram.gen_bank\[14\].gen_512.u_macro/dout0[15]
 i_soc.i_ai_sram.u_sram.gen_bank\[14\].gen_512.u_macro/dout0[16]
 i_soc.i_ai_sram.u_sram.gen_bank\[14\].gen_512.u_macro/dout0[17]
 i_soc.i_ai_sram.u_sram.gen_bank\[14\].gen_512.u_macro/dout0[18]
 i_soc.i_ai_sram.u_sram.gen_bank\[14\].gen_512.u_macro/dout0[19]
 i_soc.i_ai_sram.u_sram.gen_bank\[14\].gen_512.u_macro/dout0[1]
 i_soc.i_ai_sram.u_sram.gen_bank\[14\].gen_512.u_macro/dout0[20]
 i_soc.i_ai_sram.u_sram.gen_bank\[14\].gen_512.u_macro/dout0[21]
 i_soc.i_ai_sram.u_sram.gen_bank\[14\].gen_512.u_macro/dout0[22]
 i_soc.i_ai_sram.u_sram.gen_bank\[14\].gen_512.u_macro/dout0[23]
 i_soc.i_ai_sram.u_sram.gen_bank\[14\].gen_512.u_macro/dout0[24]
 i_soc.i_ai_sram.u_sram.gen_bank\[14\].gen_512.u_macro/dout0[25]
 i_soc.i_ai_sram.u_sram.gen_bank\[14\].gen_512.u_macro/dout0[26]
 i_soc.i_ai_sram.u_sram.gen_bank\[14\].gen_512.u_macro/dout0[27]
 i_soc.i_ai_sram.u_sram.gen_bank\[14\].gen_512.u_macro/dout0[28]
 i_soc.i_ai_sram.u_sram.gen_bank\[14\].gen_512.u_macro/dout0[29]
 i_soc.i_ai_sram.u_sram.gen_bank\[14\].gen_512.u_macro/dout0[2]
 i_soc.i_ai_sram.u_sram.gen_bank\[14\].gen_512.u_macro/dout0[30]
 i_soc.i_ai_sram.u_sram.gen_bank\[14\].gen_512.u_macro/dout0[31]
 i_soc.i_ai_sram.u_sram.gen_bank\[14\].gen_512.u_macro/dout0[3]
 i_soc.i_ai_sram.u_sram.gen_bank\[14\].gen_512.u_macro/dout0[4]
 i_soc.i_ai_sram.u_sram.gen_bank\[14\].gen_512.u_macro/dout0[5]
 i_soc.i_ai_sram.u_sram.gen_bank\[14\].gen_512.u_macro/dout0[6]
 i_soc.i_ai_sram.u_sram.gen_bank\[14\].gen_512.u_macro/dout0[7]
 i_soc.i_ai_sram.u_sram.gen_bank\[14\].gen_512.u_macro/dout0[8]
 i_soc.i_ai_sram.u_sram.gen_bank\[14\].gen_512.u_macro/dout0[9]
 i_soc.i_ai_sram.u_sram.gen_bank\[14\].gen_512.u_macro_8132/HI
 i_soc.i_ai_sram.u_sram.gen_bank\[1\].gen_512.u_macro/dout0[0]
 i_soc.i_ai_sram.u_sram.gen_bank\[1\].gen_512.u_macro/dout0[10]
 i_soc.i_ai_sram.u_sram.gen_bank\[1\].gen_512.u_macro/dout0[11]
 i_soc.i_ai_sram.u_sram.gen_bank\[1\].gen_512.u_macro/dout0[12]
 i_soc.i_ai_sram.u_sram.gen_bank\[1\].gen_512.u_macro/dout0[13]
 i_soc.i_ai_sram.u_sram.gen_bank\[1\].gen_512.u_macro/dout0[14]
 i_soc.i_ai_sram.u_sram.gen_bank\[1\].gen_512.u_macro/dout0[15]
 i_soc.i_ai_sram.u_sram.gen_bank\[1\].gen_512.u_macro/dout0[16]
 i_soc.i_ai_sram.u_sram.gen_bank\[1\].gen_512.u_macro/dout0[17]
 i_soc.i_ai_sram.u_sram.gen_bank\[1\].gen_512.u_macro/dout0[18]
 i_soc.i_ai_sram.u_sram.gen_bank\[1\].gen_512.u_macro/dout0[19]
 i_soc.i_ai_sram.u_sram.gen_bank\[1\].gen_512.u_macro/dout0[1]
 i_soc.i_ai_sram.u_sram.gen_bank\[1\].gen_512.u_macro/dout0[20]
 i_soc.i_ai_sram.u_sram.gen_bank\[1\].gen_512.u_macro/dout0[21]
 i_soc.i_ai_sram.u_sram.gen_bank\[1\].gen_512.u_macro/dout0[22]
 i_soc.i_ai_sram.u_sram.gen_bank\[1\].gen_512.u_macro/dout0[23]
 i_soc.i_ai_sram.u_sram.gen_bank\[1\].gen_512.u_macro/dout0[24]
 i_soc.i_ai_sram.u_sram.gen_bank\[1\].gen_512.u_macro/dout0[25]
 i_soc.i_ai_sram.u_sram.gen_bank\[1\].gen_512.u_macro/dout0[26]
 i_soc.i_ai_sram.u_sram.gen_bank\[1\].gen_512.u_macro/dout0[27]
 i_soc.i_ai_sram.u_sram.gen_bank\[1\].gen_512.u_macro/dout0[28]
 i_soc.i_ai_sram.u_sram.gen_bank\[1\].gen_512.u_macro/dout0[29]
 i_soc.i_ai_sram.u_sram.gen_bank\[1\].gen_512.u_macro/dout0[2]
 i_soc.i_ai_sram.u_sram.gen_bank\[1\].gen_512.u_macro/dout0[30]
 i_soc.i_ai_sram.u_sram.gen_bank\[1\].gen_512.u_macro/dout0[31]
 i_soc.i_ai_sram.u_sram.gen_bank\[1\].gen_512.u_macro/dout0[3]
 i_soc.i_ai_sram.u_sram.gen_bank\[1\].gen_512.u_macro/dout0[4]
 i_soc.i_ai_sram.u_sram.gen_bank\[1\].gen_512.u_macro/dout0[5]
 i_soc.i_ai_sram.u_sram.gen_bank\[1\].gen_512.u_macro/dout0[6]
 i_soc.i_ai_sram.u_sram.gen_bank\[1\].gen_512.u_macro/dout0[7]
 i_soc.i_ai_sram.u_sram.gen_bank\[1\].gen_512.u_macro/dout0[8]
 i_soc.i_ai_sram.u_sram.gen_bank\[1\].gen_512.u_macro/dout0[9]
 i_soc.i_ai_sram.u_sram.gen_bank\[1\].gen_512.u_macro_8133/HI
 i_soc.i_ai_sram.u_sram.gen_bank\[2\].gen_512.u_macro/dout0[0]
 i_soc.i_ai_sram.u_sram.gen_bank\[2\].gen_512.u_macro/dout0[10]
 i_soc.i_ai_sram.u_sram.gen_bank\[2\].gen_512.u_macro/dout0[11]
 i_soc.i_ai_sram.u_sram.gen_bank\[2\].gen_512.u_macro/dout0[12]
 i_soc.i_ai_sram.u_sram.gen_bank\[2\].gen_512.u_macro/dout0[13]
 i_soc.i_ai_sram.u_sram.gen_bank\[2\].gen_512.u_macro/dout0[14]
 i_soc.i_ai_sram.u_sram.gen_bank\[2\].gen_512.u_macro/dout0[15]
 i_soc.i_ai_sram.u_sram.gen_bank\[2\].gen_512.u_macro/dout0[16]
 i_soc.i_ai_sram.u_sram.gen_bank\[2\].gen_512.u_macro/dout0[17]
 i_soc.i_ai_sram.u_sram.gen_bank\[2\].gen_512.u_macro/dout0[18]
 i_soc.i_ai_sram.u_sram.gen_bank\[2\].gen_512.u_macro/dout0[19]
 i_soc.i_ai_sram.u_sram.gen_bank\[2\].gen_512.u_macro/dout0[1]
 i_soc.i_ai_sram.u_sram.gen_bank\[2\].gen_512.u_macro/dout0[20]
 i_soc.i_ai_sram.u_sram.gen_bank\[2\].gen_512.u_macro/dout0[21]
 i_soc.i_ai_sram.u_sram.gen_bank\[2\].gen_512.u_macro/dout0[22]
 i_soc.i_ai_sram.u_sram.gen_bank\[2\].gen_512.u_macro/dout0[23]
 i_soc.i_ai_sram.u_sram.gen_bank\[2\].gen_512.u_macro/dout0[24]
 i_soc.i_ai_sram.u_sram.gen_bank\[2\].gen_512.u_macro/dout0[25]
 i_soc.i_ai_sram.u_sram.gen_bank\[2\].gen_512.u_macro/dout0[26]
 i_soc.i_ai_sram.u_sram.gen_bank\[2\].gen_512.u_macro/dout0[27]
 i_soc.i_ai_sram.u_sram.gen_bank\[2\].gen_512.u_macro/dout0[28]
 i_soc.i_ai_sram.u_sram.gen_bank\[2\].gen_512.u_macro/dout0[29]
 i_soc.i_ai_sram.u_sram.gen_bank\[2\].gen_512.u_macro/dout0[2]
 i_soc.i_ai_sram.u_sram.gen_bank\[2\].gen_512.u_macro/dout0[30]
 i_soc.i_ai_sram.u_sram.gen_bank\[2\].gen_512.u_macro/dout0[31]
 i_soc.i_ai_sram.u_sram.gen_bank\[2\].gen_512.u_macro/dout0[3]
 i_soc.i_ai_sram.u_sram.gen_bank\[2\].gen_512.u_macro/dout0[4]
 i_soc.i_ai_sram.u_sram.gen_bank\[2\].gen_512.u_macro/dout0[5]
 i_soc.i_ai_sram.u_sram.gen_bank\[2\].gen_512.u_macro/dout0[6]
 i_soc.i_ai_sram.u_sram.gen_bank\[2\].gen_512.u_macro/dout0[7]
 i_soc.i_ai_sram.u_sram.gen_bank\[2\].gen_512.u_macro/dout0[8]
 i_soc.i_ai_sram.u_sram.gen_bank\[2\].gen_512.u_macro/dout0[9]
 i_soc.i_ai_sram.u_sram.gen_bank\[2\].gen_512.u_macro_8134/HI
 i_soc.i_ai_sram.u_sram.gen_bank\[3\].gen_512.u_macro/dout0[0]
 i_soc.i_ai_sram.u_sram.gen_bank\[3\].gen_512.u_macro/dout0[10]
 i_soc.i_ai_sram.u_sram.gen_bank\[3\].gen_512.u_macro/dout0[11]
 i_soc.i_ai_sram.u_sram.gen_bank\[3\].gen_512.u_macro/dout0[12]
 i_soc.i_ai_sram.u_sram.gen_bank\[3\].gen_512.u_macro/dout0[13]
 i_soc.i_ai_sram.u_sram.gen_bank\[3\].gen_512.u_macro/dout0[14]
 i_soc.i_ai_sram.u_sram.gen_bank\[3\].gen_512.u_macro/dout0[15]
 i_soc.i_ai_sram.u_sram.gen_bank\[3\].gen_512.u_macro/dout0[16]
 i_soc.i_ai_sram.u_sram.gen_bank\[3\].gen_512.u_macro/dout0[17]
 i_soc.i_ai_sram.u_sram.gen_bank\[3\].gen_512.u_macro/dout0[18]
 i_soc.i_ai_sram.u_sram.gen_bank\[3\].gen_512.u_macro/dout0[19]
 i_soc.i_ai_sram.u_sram.gen_bank\[3\].gen_512.u_macro/dout0[1]
 i_soc.i_ai_sram.u_sram.gen_bank\[3\].gen_512.u_macro/dout0[20]
 i_soc.i_ai_sram.u_sram.gen_bank\[3\].gen_512.u_macro/dout0[21]
 i_soc.i_ai_sram.u_sram.gen_bank\[3\].gen_512.u_macro/dout0[22]
 i_soc.i_ai_sram.u_sram.gen_bank\[3\].gen_512.u_macro/dout0[23]
 i_soc.i_ai_sram.u_sram.gen_bank\[3\].gen_512.u_macro/dout0[24]
 i_soc.i_ai_sram.u_sram.gen_bank\[3\].gen_512.u_macro/dout0[25]
 i_soc.i_ai_sram.u_sram.gen_bank\[3\].gen_512.u_macro/dout0[26]
 i_soc.i_ai_sram.u_sram.gen_bank\[3\].gen_512.u_macro/dout0[27]
 i_soc.i_ai_sram.u_sram.gen_bank\[3\].gen_512.u_macro/dout0[28]
 i_soc.i_ai_sram.u_sram.gen_bank\[3\].gen_512.u_macro/dout0[29]
 i_soc.i_ai_sram.u_sram.gen_bank\[3\].gen_512.u_macro/dout0[2]
 i_soc.i_ai_sram.u_sram.gen_bank\[3\].gen_512.u_macro/dout0[30]
 i_soc.i_ai_sram.u_sram.gen_bank\[3\].gen_512.u_macro/dout0[31]
 i_soc.i_ai_sram.u_sram.gen_bank\[3\].gen_512.u_macro/dout0[3]
 i_soc.i_ai_sram.u_sram.gen_bank\[3\].gen_512.u_macro/dout0[4]
 i_soc.i_ai_sram.u_sram.gen_bank\[3\].gen_512.u_macro/dout0[5]
 i_soc.i_ai_sram.u_sram.gen_bank\[3\].gen_512.u_macro/dout0[6]
 i_soc.i_ai_sram.u_sram.gen_bank\[3\].gen_512.u_macro/dout0[7]
 i_soc.i_ai_sram.u_sram.gen_bank\[3\].gen_512.u_macro/dout0[8]
 i_soc.i_ai_sram.u_sram.gen_bank\[3\].gen_512.u_macro/dout0[9]
 i_soc.i_ai_sram.u_sram.gen_bank\[3\].gen_512.u_macro_8135/HI
 i_soc.i_ai_sram.u_sram.gen_bank\[4\].gen_512.u_macro/dout0[0]
 i_soc.i_ai_sram.u_sram.gen_bank\[4\].gen_512.u_macro/dout0[10]
 i_soc.i_ai_sram.u_sram.gen_bank\[4\].gen_512.u_macro/dout0[11]
 i_soc.i_ai_sram.u_sram.gen_bank\[4\].gen_512.u_macro/dout0[12]
 i_soc.i_ai_sram.u_sram.gen_bank\[4\].gen_512.u_macro/dout0[13]
 i_soc.i_ai_sram.u_sram.gen_bank\[4\].gen_512.u_macro/dout0[14]
 i_soc.i_ai_sram.u_sram.gen_bank\[4\].gen_512.u_macro/dout0[15]
 i_soc.i_ai_sram.u_sram.gen_bank\[4\].gen_512.u_macro/dout0[16]
 i_soc.i_ai_sram.u_sram.gen_bank\[4\].gen_512.u_macro/dout0[17]
 i_soc.i_ai_sram.u_sram.gen_bank\[4\].gen_512.u_macro/dout0[18]
 i_soc.i_ai_sram.u_sram.gen_bank\[4\].gen_512.u_macro/dout0[19]
 i_soc.i_ai_sram.u_sram.gen_bank\[4\].gen_512.u_macro/dout0[1]
 i_soc.i_ai_sram.u_sram.gen_bank\[4\].gen_512.u_macro/dout0[20]
 i_soc.i_ai_sram.u_sram.gen_bank\[4\].gen_512.u_macro/dout0[21]
 i_soc.i_ai_sram.u_sram.gen_bank\[4\].gen_512.u_macro/dout0[22]
 i_soc.i_ai_sram.u_sram.gen_bank\[4\].gen_512.u_macro/dout0[23]
 i_soc.i_ai_sram.u_sram.gen_bank\[4\].gen_512.u_macro/dout0[24]
 i_soc.i_ai_sram.u_sram.gen_bank\[4\].gen_512.u_macro/dout0[25]
 i_soc.i_ai_sram.u_sram.gen_bank\[4\].gen_512.u_macro/dout0[26]
 i_soc.i_ai_sram.u_sram.gen_bank\[4\].gen_512.u_macro/dout0[27]
 i_soc.i_ai_sram.u_sram.gen_bank\[4\].gen_512.u_macro/dout0[28]
 i_soc.i_ai_sram.u_sram.gen_bank\[4\].gen_512.u_macro/dout0[29]
 i_soc.i_ai_sram.u_sram.gen_bank\[4\].gen_512.u_macro/dout0[2]
 i_soc.i_ai_sram.u_sram.gen_bank\[4\].gen_512.u_macro/dout0[30]
 i_soc.i_ai_sram.u_sram.gen_bank\[4\].gen_512.u_macro/dout0[31]
 i_soc.i_ai_sram.u_sram.gen_bank\[4\].gen_512.u_macro/dout0[3]
 i_soc.i_ai_sram.u_sram.gen_bank\[4\].gen_512.u_macro/dout0[4]
 i_soc.i_ai_sram.u_sram.gen_bank\[4\].gen_512.u_macro/dout0[5]
 i_soc.i_ai_sram.u_sram.gen_bank\[4\].gen_512.u_macro/dout0[6]
 i_soc.i_ai_sram.u_sram.gen_bank\[4\].gen_512.u_macro/dout0[7]
 i_soc.i_ai_sram.u_sram.gen_bank\[4\].gen_512.u_macro/dout0[8]
 i_soc.i_ai_sram.u_sram.gen_bank\[4\].gen_512.u_macro/dout0[9]
 i_soc.i_ai_sram.u_sram.gen_bank\[4\].gen_512.u_macro_8136/HI
 i_soc.i_ai_sram.u_sram.gen_bank\[5\].gen_512.u_macro/dout0[0]
 i_soc.i_ai_sram.u_sram.gen_bank\[5\].gen_512.u_macro/dout0[10]
 i_soc.i_ai_sram.u_sram.gen_bank\[5\].gen_512.u_macro/dout0[11]
 i_soc.i_ai_sram.u_sram.gen_bank\[5\].gen_512.u_macro/dout0[12]
 i_soc.i_ai_sram.u_sram.gen_bank\[5\].gen_512.u_macro/dout0[13]
 i_soc.i_ai_sram.u_sram.gen_bank\[5\].gen_512.u_macro/dout0[14]
 i_soc.i_ai_sram.u_sram.gen_bank\[5\].gen_512.u_macro/dout0[15]
 i_soc.i_ai_sram.u_sram.gen_bank\[5\].gen_512.u_macro/dout0[16]
 i_soc.i_ai_sram.u_sram.gen_bank\[5\].gen_512.u_macro/dout0[17]
 i_soc.i_ai_sram.u_sram.gen_bank\[5\].gen_512.u_macro/dout0[18]
 i_soc.i_ai_sram.u_sram.gen_bank\[5\].gen_512.u_macro/dout0[19]
 i_soc.i_ai_sram.u_sram.gen_bank\[5\].gen_512.u_macro/dout0[1]
 i_soc.i_ai_sram.u_sram.gen_bank\[5\].gen_512.u_macro/dout0[20]
 i_soc.i_ai_sram.u_sram.gen_bank\[5\].gen_512.u_macro/dout0[21]
 i_soc.i_ai_sram.u_sram.gen_bank\[5\].gen_512.u_macro/dout0[22]
 i_soc.i_ai_sram.u_sram.gen_bank\[5\].gen_512.u_macro/dout0[23]
 i_soc.i_ai_sram.u_sram.gen_bank\[5\].gen_512.u_macro/dout0[24]
 i_soc.i_ai_sram.u_sram.gen_bank\[5\].gen_512.u_macro/dout0[25]
 i_soc.i_ai_sram.u_sram.gen_bank\[5\].gen_512.u_macro/dout0[26]
 i_soc.i_ai_sram.u_sram.gen_bank\[5\].gen_512.u_macro/dout0[27]
 i_soc.i_ai_sram.u_sram.gen_bank\[5\].gen_512.u_macro/dout0[28]
 i_soc.i_ai_sram.u_sram.gen_bank\[5\].gen_512.u_macro/dout0[29]
 i_soc.i_ai_sram.u_sram.gen_bank\[5\].gen_512.u_macro/dout0[2]
 i_soc.i_ai_sram.u_sram.gen_bank\[5\].gen_512.u_macro/dout0[30]
 i_soc.i_ai_sram.u_sram.gen_bank\[5\].gen_512.u_macro/dout0[31]
 i_soc.i_ai_sram.u_sram.gen_bank\[5\].gen_512.u_macro/dout0[3]
 i_soc.i_ai_sram.u_sram.gen_bank\[5\].gen_512.u_macro/dout0[4]
 i_soc.i_ai_sram.u_sram.gen_bank\[5\].gen_512.u_macro/dout0[5]
 i_soc.i_ai_sram.u_sram.gen_bank\[5\].gen_512.u_macro/dout0[6]
 i_soc.i_ai_sram.u_sram.gen_bank\[5\].gen_512.u_macro/dout0[7]
 i_soc.i_ai_sram.u_sram.gen_bank\[5\].gen_512.u_macro/dout0[8]
 i_soc.i_ai_sram.u_sram.gen_bank\[5\].gen_512.u_macro/dout0[9]
 i_soc.i_ai_sram.u_sram.gen_bank\[5\].gen_512.u_macro_8137/HI
 i_soc.i_ai_sram.u_sram.gen_bank\[6\].gen_512.u_macro/dout0[0]
 i_soc.i_ai_sram.u_sram.gen_bank\[6\].gen_512.u_macro/dout0[10]
 i_soc.i_ai_sram.u_sram.gen_bank\[6\].gen_512.u_macro/dout0[11]
 i_soc.i_ai_sram.u_sram.gen_bank\[6\].gen_512.u_macro/dout0[12]
 i_soc.i_ai_sram.u_sram.gen_bank\[6\].gen_512.u_macro/dout0[13]
 i_soc.i_ai_sram.u_sram.gen_bank\[6\].gen_512.u_macro/dout0[14]
 i_soc.i_ai_sram.u_sram.gen_bank\[6\].gen_512.u_macro/dout0[15]
 i_soc.i_ai_sram.u_sram.gen_bank\[6\].gen_512.u_macro/dout0[16]
 i_soc.i_ai_sram.u_sram.gen_bank\[6\].gen_512.u_macro/dout0[17]
 i_soc.i_ai_sram.u_sram.gen_bank\[6\].gen_512.u_macro/dout0[18]
 i_soc.i_ai_sram.u_sram.gen_bank\[6\].gen_512.u_macro/dout0[19]
 i_soc.i_ai_sram.u_sram.gen_bank\[6\].gen_512.u_macro/dout0[1]
 i_soc.i_ai_sram.u_sram.gen_bank\[6\].gen_512.u_macro/dout0[20]
 i_soc.i_ai_sram.u_sram.gen_bank\[6\].gen_512.u_macro/dout0[21]
 i_soc.i_ai_sram.u_sram.gen_bank\[6\].gen_512.u_macro/dout0[22]
 i_soc.i_ai_sram.u_sram.gen_bank\[6\].gen_512.u_macro/dout0[23]
 i_soc.i_ai_sram.u_sram.gen_bank\[6\].gen_512.u_macro/dout0[24]
 i_soc.i_ai_sram.u_sram.gen_bank\[6\].gen_512.u_macro/dout0[25]
 i_soc.i_ai_sram.u_sram.gen_bank\[6\].gen_512.u_macro/dout0[26]
 i_soc.i_ai_sram.u_sram.gen_bank\[6\].gen_512.u_macro/dout0[27]
 i_soc.i_ai_sram.u_sram.gen_bank\[6\].gen_512.u_macro/dout0[28]
 i_soc.i_ai_sram.u_sram.gen_bank\[6\].gen_512.u_macro/dout0[29]
 i_soc.i_ai_sram.u_sram.gen_bank\[6\].gen_512.u_macro/dout0[2]
 i_soc.i_ai_sram.u_sram.gen_bank\[6\].gen_512.u_macro/dout0[30]
 i_soc.i_ai_sram.u_sram.gen_bank\[6\].gen_512.u_macro/dout0[31]
 i_soc.i_ai_sram.u_sram.gen_bank\[6\].gen_512.u_macro/dout0[3]
 i_soc.i_ai_sram.u_sram.gen_bank\[6\].gen_512.u_macro/dout0[4]
 i_soc.i_ai_sram.u_sram.gen_bank\[6\].gen_512.u_macro/dout0[5]
 i_soc.i_ai_sram.u_sram.gen_bank\[6\].gen_512.u_macro/dout0[6]
 i_soc.i_ai_sram.u_sram.gen_bank\[6\].gen_512.u_macro/dout0[7]
 i_soc.i_ai_sram.u_sram.gen_bank\[6\].gen_512.u_macro/dout0[8]
 i_soc.i_ai_sram.u_sram.gen_bank\[6\].gen_512.u_macro/dout0[9]
 i_soc.i_ai_sram.u_sram.gen_bank\[6\].gen_512.u_macro_8138/HI
 i_soc.i_ai_sram.u_sram.gen_bank\[7\].gen_512.u_macro/dout0[0]
 i_soc.i_ai_sram.u_sram.gen_bank\[7\].gen_512.u_macro/dout0[10]
 i_soc.i_ai_sram.u_sram.gen_bank\[7\].gen_512.u_macro/dout0[11]
 i_soc.i_ai_sram.u_sram.gen_bank\[7\].gen_512.u_macro/dout0[12]
 i_soc.i_ai_sram.u_sram.gen_bank\[7\].gen_512.u_macro/dout0[13]
 i_soc.i_ai_sram.u_sram.gen_bank\[7\].gen_512.u_macro/dout0[14]
 i_soc.i_ai_sram.u_sram.gen_bank\[7\].gen_512.u_macro/dout0[15]
 i_soc.i_ai_sram.u_sram.gen_bank\[7\].gen_512.u_macro/dout0[16]
 i_soc.i_ai_sram.u_sram.gen_bank\[7\].gen_512.u_macro/dout0[17]
 i_soc.i_ai_sram.u_sram.gen_bank\[7\].gen_512.u_macro/dout0[18]
 i_soc.i_ai_sram.u_sram.gen_bank\[7\].gen_512.u_macro/dout0[19]
 i_soc.i_ai_sram.u_sram.gen_bank\[7\].gen_512.u_macro/dout0[1]
 i_soc.i_ai_sram.u_sram.gen_bank\[7\].gen_512.u_macro/dout0[20]
 i_soc.i_ai_sram.u_sram.gen_bank\[7\].gen_512.u_macro/dout0[21]
 i_soc.i_ai_sram.u_sram.gen_bank\[7\].gen_512.u_macro/dout0[22]
 i_soc.i_ai_sram.u_sram.gen_bank\[7\].gen_512.u_macro/dout0[23]
 i_soc.i_ai_sram.u_sram.gen_bank\[7\].gen_512.u_macro/dout0[24]
 i_soc.i_ai_sram.u_sram.gen_bank\[7\].gen_512.u_macro/dout0[25]
 i_soc.i_ai_sram.u_sram.gen_bank\[7\].gen_512.u_macro/dout0[26]
 i_soc.i_ai_sram.u_sram.gen_bank\[7\].gen_512.u_macro/dout0[27]
 i_soc.i_ai_sram.u_sram.gen_bank\[7\].gen_512.u_macro/dout0[28]
 i_soc.i_ai_sram.u_sram.gen_bank\[7\].gen_512.u_macro/dout0[29]
 i_soc.i_ai_sram.u_sram.gen_bank\[7\].gen_512.u_macro/dout0[2]
 i_soc.i_ai_sram.u_sram.gen_bank\[7\].gen_512.u_macro/dout0[30]
 i_soc.i_ai_sram.u_sram.gen_bank\[7\].gen_512.u_macro/dout0[31]
 i_soc.i_ai_sram.u_sram.gen_bank\[7\].gen_512.u_macro/dout0[3]
 i_soc.i_ai_sram.u_sram.gen_bank\[7\].gen_512.u_macro/dout0[4]
 i_soc.i_ai_sram.u_sram.gen_bank\[7\].gen_512.u_macro/dout0[5]
 i_soc.i_ai_sram.u_sram.gen_bank\[7\].gen_512.u_macro/dout0[6]
 i_soc.i_ai_sram.u_sram.gen_bank\[7\].gen_512.u_macro/dout0[7]
 i_soc.i_ai_sram.u_sram.gen_bank\[7\].gen_512.u_macro/dout0[8]
 i_soc.i_ai_sram.u_sram.gen_bank\[7\].gen_512.u_macro/dout0[9]
 i_soc.i_ai_sram.u_sram.gen_bank\[7\].gen_512.u_macro_8139/HI
 i_soc.i_ai_sram.u_sram.gen_bank\[8\].gen_512.u_macro/dout0[0]
 i_soc.i_ai_sram.u_sram.gen_bank\[8\].gen_512.u_macro/dout0[10]
 i_soc.i_ai_sram.u_sram.gen_bank\[8\].gen_512.u_macro/dout0[11]
 i_soc.i_ai_sram.u_sram.gen_bank\[8\].gen_512.u_macro/dout0[12]
 i_soc.i_ai_sram.u_sram.gen_bank\[8\].gen_512.u_macro/dout0[13]
 i_soc.i_ai_sram.u_sram.gen_bank\[8\].gen_512.u_macro/dout0[14]
 i_soc.i_ai_sram.u_sram.gen_bank\[8\].gen_512.u_macro/dout0[15]
 i_soc.i_ai_sram.u_sram.gen_bank\[8\].gen_512.u_macro/dout0[16]
 i_soc.i_ai_sram.u_sram.gen_bank\[8\].gen_512.u_macro/dout0[17]
 i_soc.i_ai_sram.u_sram.gen_bank\[8\].gen_512.u_macro/dout0[18]
 i_soc.i_ai_sram.u_sram.gen_bank\[8\].gen_512.u_macro/dout0[19]
 i_soc.i_ai_sram.u_sram.gen_bank\[8\].gen_512.u_macro/dout0[1]
 i_soc.i_ai_sram.u_sram.gen_bank\[8\].gen_512.u_macro/dout0[20]
 i_soc.i_ai_sram.u_sram.gen_bank\[8\].gen_512.u_macro/dout0[21]
 i_soc.i_ai_sram.u_sram.gen_bank\[8\].gen_512.u_macro/dout0[22]
 i_soc.i_ai_sram.u_sram.gen_bank\[8\].gen_512.u_macro/dout0[23]
 i_soc.i_ai_sram.u_sram.gen_bank\[8\].gen_512.u_macro/dout0[24]
 i_soc.i_ai_sram.u_sram.gen_bank\[8\].gen_512.u_macro/dout0[25]
 i_soc.i_ai_sram.u_sram.gen_bank\[8\].gen_512.u_macro/dout0[26]
 i_soc.i_ai_sram.u_sram.gen_bank\[8\].gen_512.u_macro/dout0[27]
 i_soc.i_ai_sram.u_sram.gen_bank\[8\].gen_512.u_macro/dout0[28]
 i_soc.i_ai_sram.u_sram.gen_bank\[8\].gen_512.u_macro/dout0[29]
 i_soc.i_ai_sram.u_sram.gen_bank\[8\].gen_512.u_macro/dout0[2]
 i_soc.i_ai_sram.u_sram.gen_bank\[8\].gen_512.u_macro/dout0[30]
 i_soc.i_ai_sram.u_sram.gen_bank\[8\].gen_512.u_macro/dout0[31]
 i_soc.i_ai_sram.u_sram.gen_bank\[8\].gen_512.u_macro/dout0[3]
 i_soc.i_ai_sram.u_sram.gen_bank\[8\].gen_512.u_macro/dout0[4]
 i_soc.i_ai_sram.u_sram.gen_bank\[8\].gen_512.u_macro/dout0[5]
 i_soc.i_ai_sram.u_sram.gen_bank\[8\].gen_512.u_macro/dout0[6]
 i_soc.i_ai_sram.u_sram.gen_bank\[8\].gen_512.u_macro/dout0[7]
 i_soc.i_ai_sram.u_sram.gen_bank\[8\].gen_512.u_macro/dout0[8]
 i_soc.i_ai_sram.u_sram.gen_bank\[8\].gen_512.u_macro/dout0[9]
 i_soc.i_ai_sram.u_sram.gen_bank\[8\].gen_512.u_macro_8140/HI
 i_soc.i_ai_sram.u_sram.gen_bank\[9\].gen_512.u_macro/dout0[0]
 i_soc.i_ai_sram.u_sram.gen_bank\[9\].gen_512.u_macro/dout0[10]
 i_soc.i_ai_sram.u_sram.gen_bank\[9\].gen_512.u_macro/dout0[11]
 i_soc.i_ai_sram.u_sram.gen_bank\[9\].gen_512.u_macro/dout0[12]
 i_soc.i_ai_sram.u_sram.gen_bank\[9\].gen_512.u_macro/dout0[13]
 i_soc.i_ai_sram.u_sram.gen_bank\[9\].gen_512.u_macro/dout0[14]
 i_soc.i_ai_sram.u_sram.gen_bank\[9\].gen_512.u_macro/dout0[15]
 i_soc.i_ai_sram.u_sram.gen_bank\[9\].gen_512.u_macro/dout0[16]
 i_soc.i_ai_sram.u_sram.gen_bank\[9\].gen_512.u_macro/dout0[17]
 i_soc.i_ai_sram.u_sram.gen_bank\[9\].gen_512.u_macro/dout0[18]
 i_soc.i_ai_sram.u_sram.gen_bank\[9\].gen_512.u_macro/dout0[19]
 i_soc.i_ai_sram.u_sram.gen_bank\[9\].gen_512.u_macro/dout0[1]
 i_soc.i_ai_sram.u_sram.gen_bank\[9\].gen_512.u_macro/dout0[20]
 i_soc.i_ai_sram.u_sram.gen_bank\[9\].gen_512.u_macro/dout0[21]
 i_soc.i_ai_sram.u_sram.gen_bank\[9\].gen_512.u_macro/dout0[22]
 i_soc.i_ai_sram.u_sram.gen_bank\[9\].gen_512.u_macro/dout0[23]
 i_soc.i_ai_sram.u_sram.gen_bank\[9\].gen_512.u_macro/dout0[24]
 i_soc.i_ai_sram.u_sram.gen_bank\[9\].gen_512.u_macro/dout0[25]
 i_soc.i_ai_sram.u_sram.gen_bank\[9\].gen_512.u_macro/dout0[26]
 i_soc.i_ai_sram.u_sram.gen_bank\[9\].gen_512.u_macro/dout0[27]
 i_soc.i_ai_sram.u_sram.gen_bank\[9\].gen_512.u_macro/dout0[28]
 i_soc.i_ai_sram.u_sram.gen_bank\[9\].gen_512.u_macro/dout0[29]
 i_soc.i_ai_sram.u_sram.gen_bank\[9\].gen_512.u_macro/dout0[2]
 i_soc.i_ai_sram.u_sram.gen_bank\[9\].gen_512.u_macro/dout0[30]
 i_soc.i_ai_sram.u_sram.gen_bank\[9\].gen_512.u_macro/dout0[31]
 i_soc.i_ai_sram.u_sram.gen_bank\[9\].gen_512.u_macro/dout0[3]
 i_soc.i_ai_sram.u_sram.gen_bank\[9\].gen_512.u_macro/dout0[4]
 i_soc.i_ai_sram.u_sram.gen_bank\[9\].gen_512.u_macro/dout0[5]
 i_soc.i_ai_sram.u_sram.gen_bank\[9\].gen_512.u_macro/dout0[6]
 i_soc.i_ai_sram.u_sram.gen_bank\[9\].gen_512.u_macro/dout0[7]
 i_soc.i_ai_sram.u_sram.gen_bank\[9\].gen_512.u_macro/dout0[8]
 i_soc.i_ai_sram.u_sram.gen_bank\[9\].gen_512.u_macro/dout0[9]
 i_soc.i_ai_sram.u_sram.gen_bank\[9\].gen_512.u_macro_8141/HI
 i_soc.i_cpu.core_i._08__8172/HI
 i_soc.i_cpu.core_i._09__8173/HI
 i_soc.i_cpu.core_i._10__8174/HI
 i_soc.i_cpu.core_i._11__8175/HI
 i_soc.i_cpu.core_i._12__8176/HI
 i_soc.i_cpu.core_i._13__8208/HI
 i_soc.i_cpu.core_i._13__8213/HI
 i_soc.i_cpu.core_i._14__8209/HI
 i_soc.i_cpu.core_i._14__8214/HI
 i_soc.i_cpu.core_i._15__8210/HI
 i_soc.i_cpu.core_i._15__8215/HI
 i_soc.i_cpu.core_i._16__8211/HI
 i_soc.i_cpu.core_i._16__8216/HI
 i_soc.i_cpu.core_i._17__8212/HI
 i_soc.i_cpu.core_i._17__8217/HI
 i_soc.i_cpu.core_i.cs_registers_i._1955__7877/HI
 i_soc.i_cpu.core_i.cs_registers_i._1968__8489/HI
 i_soc.i_cpu.core_i.cs_registers_i._1977__7878/HI
 i_soc.i_cpu.core_i.cs_registers_i._1978__8490/HI
 i_soc.i_cpu.core_i.cs_registers_i._1996__8491/HI
 i_soc.i_cpu.core_i.cs_registers_i._1997__7879/HI
 i_soc.i_cpu.core_i.cs_registers_i._2012__7880/HI
 i_soc.i_cpu.core_i.cs_registers_i._2026__7881/HI
 i_soc.i_cpu.core_i.cs_registers_i._2027__8492/HI
 i_soc.i_cpu.core_i.cs_registers_i._2042__7882/HI
 i_soc.i_cpu.core_i.cs_registers_i._2044__8493/HI
 i_soc.i_cpu.core_i.cs_registers_i._2055__7883/HI
 i_soc.i_cpu.core_i.cs_registers_i._2056__8494/HI
 i_soc.i_cpu.core_i.cs_registers_i._2068__7884/HI
 i_soc.i_cpu.core_i.cs_registers_i._2078__7885/HI
 i_soc.i_cpu.core_i.cs_registers_i._2078__8495/HI
 i_soc.i_cpu.core_i.cs_registers_i._2092__7886/HI
 i_soc.i_cpu.core_i.cs_registers_i._2096__8496/HI
 i_soc.i_cpu.core_i.cs_registers_i._2104__7887/HI
 i_soc.i_cpu.core_i.cs_registers_i._2105__8497/HI
 i_soc.i_cpu.core_i.cs_registers_i._2121__7888/HI
 i_soc.i_cpu.core_i.cs_registers_i._2130__8498/HI
 i_soc.i_cpu.core_i.cs_registers_i._2134__7889/HI
 i_soc.i_cpu.core_i.cs_registers_i._2142__8499/HI
 i_soc.i_cpu.core_i.cs_registers_i._2145__7890/HI
 i_soc.i_cpu.core_i.cs_registers_i._2155__8500/HI
 i_soc.i_cpu.core_i.cs_registers_i._2157__7891/HI
 i_soc.i_cpu.core_i.cs_registers_i._2171__8501/HI
 i_soc.i_cpu.core_i.cs_registers_i._2172__7892/HI
 i_soc.i_cpu.core_i.cs_registers_i._2183__7893/HI
 i_soc.i_cpu.core_i.cs_registers_i._2197__7894/HI
 i_soc.i_cpu.core_i.cs_registers_i._2211__7895/HI
 i_soc.i_cpu.core_i.cs_registers_i._2221__7896/HI
 i_soc.i_cpu.core_i.cs_registers_i._2232__7897/HI
 i_soc.i_cpu.core_i.cs_registers_i._2247__7898/HI
 i_soc.i_cpu.core_i.cs_registers_i._2260__7899/HI
 i_soc.i_cpu.core_i.cs_registers_i._2271__7900/HI
 i_soc.i_cpu.core_i.cs_registers_i._2283__7901/HI
 i_soc.i_cpu.core_i.cs_registers_i._2298__7902/HI
 i_soc.i_cpu.core_i.cs_registers_i._2311__7903/HI
 i_soc.i_cpu.core_i.cs_registers_i._2325__7904/HI
 i_soc.i_cpu.core_i.cs_registers_i._2337__7905/HI
 i_soc.i_cpu.core_i.cs_registers_i._2349__7906/HI
 i_soc.i_cpu.core_i.cs_registers_i._2360__7907/HI
 i_soc.i_cpu.core_i.cs_registers_i._2373__7908/HI
 i_soc.i_cpu.core_i.cs_registers_i._2739__7954/HI
 i_soc.i_cpu.core_i.cs_registers_i._2742__7955/HI
 i_soc.i_cpu.core_i.cs_registers_i._2744__7956/HI
 i_soc.i_cpu.core_i.cs_registers_i._2746__7957/HI
 i_soc.i_cpu.core_i.cs_registers_i._2748__7958/HI
 i_soc.i_cpu.core_i.cs_registers_i._2750__7959/HI
 i_soc.i_cpu.core_i.cs_registers_i._2752__7960/HI
 i_soc.i_cpu.core_i.cs_registers_i._2754__7961/HI
 i_soc.i_cpu.core_i.cs_registers_i._2756__8575/LO
 i_soc.i_cpu.core_i.cs_registers_i._2758__7962/HI
 i_soc.i_cpu.core_i.cs_registers_i._2760__7963/HI
 i_soc.i_cpu.core_i.cs_registers_i._2762__7964/HI
 i_soc.i_cpu.core_i.cs_registers_i._2764__7965/HI
 i_soc.i_cpu.core_i.cs_registers_i._2766__7966/HI
 i_soc.i_cpu.core_i.cs_registers_i._2768__7967/HI
 i_soc.i_cpu.core_i.cs_registers_i._2770__7968/HI
 i_soc.i_cpu.core_i.cs_registers_i._2772__7969/HI
 i_soc.i_cpu.core_i.cs_registers_i._2774__7970/HI
 i_soc.i_cpu.core_i.cs_registers_i._2776__7971/HI
 i_soc.i_cpu.core_i.cs_registers_i._2778__7972/HI
 i_soc.i_cpu.core_i.cs_registers_i._2780__7973/HI
 i_soc.i_cpu.core_i.cs_registers_i._2782__7974/HI
 i_soc.i_cpu.core_i.cs_registers_i._2784__7975/HI
 i_soc.i_cpu.core_i.cs_registers_i._2786__7976/HI
 i_soc.i_cpu.core_i.ex_stage_i._115__8142/HI
 i_soc.i_cpu.core_i.id_stage_i._1917__8423/HI
 i_soc.i_cpu.core_i.id_stage_i._1919__8416/HI
 i_soc.i_cpu.core_i.id_stage_i._1927__8464/HI
 i_soc.i_cpu.core_i.id_stage_i._1928__8438/HI
 i_soc.i_cpu.core_i.id_stage_i._1930__8242/HI
 i_soc.i_cpu.core_i.id_stage_i._1935__8621/LO
 i_soc.i_cpu.core_i.id_stage_i._1935__8628/LO
 i_soc.i_cpu.core_i.id_stage_i._1936__8629/LO
 i_soc.i_cpu.core_i.id_stage_i._1938__8622/LO
 i_soc.i_cpu.core_i.id_stage_i._1940__8630/LO
 i_soc.i_cpu.core_i.id_stage_i._1942__8623/LO
 i_soc.i_cpu.core_i.id_stage_i._1944__8631/LO
 i_soc.i_cpu.core_i.id_stage_i._1946__8624/LO
 i_soc.i_cpu.core_i.id_stage_i._1948__8632/LO
 i_soc.i_cpu.core_i.id_stage_i._1950__8625/LO
 i_soc.i_cpu.core_i.id_stage_i._1952__8633/LO
 i_soc.i_cpu.core_i.id_stage_i._1954__8626/LO
 i_soc.i_cpu.core_i.id_stage_i._1956__8435/HI
 i_soc.i_cpu.core_i.id_stage_i._1956__8627/LO
 i_soc.i_cpu.core_i.id_stage_i._1956__8634/LO
 i_soc.i_cpu.core_i.id_stage_i._2387__8424/HI
 i_soc.i_cpu.core_i.id_stage_i._2391__8425/HI
 i_soc.i_cpu.core_i.id_stage_i._2393__8417/HI
 i_soc.i_cpu.core_i.id_stage_i._2402__8418/HI
 i_soc.i_cpu.core_i.id_stage_i._2420__8419/HI
 i_soc.i_cpu.core_i.id_stage_i._2425__8426/HI
 i_soc.i_cpu.core_i.id_stage_i._2446__8420/HI
 i_soc.i_cpu.core_i.id_stage_i._2455__8427/HI
 i_soc.i_cpu.core_i.id_stage_i._2478__8635/LO
 i_soc.i_cpu.core_i.id_stage_i._2479__8636/LO
 i_soc.i_cpu.core_i.id_stage_i._2480__8637/LO
 i_soc.i_cpu.core_i.id_stage_i._2481__8638/LO
 i_soc.i_cpu.core_i.id_stage_i._2482__8639/LO
 i_soc.i_cpu.core_i.id_stage_i._2483__8421/HI
 i_soc.i_cpu.core_i.id_stage_i._2483__8436/HI
 i_soc.i_cpu.core_i.id_stage_i._2483__8640/LO
 i_soc.i_cpu.core_i.id_stage_i._2494__8407/HI
 i_soc.i_cpu.core_i.id_stage_i._2495__8409/HI
 i_soc.i_cpu.core_i.id_stage_i._2496__8363/HI
 i_soc.i_cpu.core_i.id_stage_i._2507__8364/HI
 i_soc.i_cpu.core_i.id_stage_i._2510__8365/HI
 i_soc.i_cpu.core_i.id_stage_i._2513__8366/HI
 i_soc.i_cpu.core_i.id_stage_i._2867__8367/HI
 i_soc.i_cpu.core_i.id_stage_i._2868__8398/HI
 i_soc.i_cpu.core_i.id_stage_i._2868__8402/HI
 i_soc.i_cpu.core_i.id_stage_i._2871__8403/HI
 i_soc.i_cpu.core_i.id_stage_i._2872__8399/HI
 i_soc.i_cpu.core_i.id_stage_i._2872__8404/HI
 i_soc.i_cpu.core_i.id_stage_i._2877__8400/HI
 i_soc.i_cpu.core_i.id_stage_i._2877__8405/HI
 i_soc.i_cpu.core_i.id_stage_i._2881__8401/HI
 i_soc.i_cpu.core_i.id_stage_i._2881__8406/HI
 i_soc.i_cpu.core_i.id_stage_i._2886__8368/HI
 i_soc.i_cpu.core_i.id_stage_i._2887__8369/HI
 i_soc.i_cpu.core_i.id_stage_i._2888__8370/HI
 i_soc.i_cpu.core_i.id_stage_i._2893__8375/HI
 i_soc.i_cpu.core_i.id_stage_i._2893__8378/HI
 i_soc.i_cpu.core_i.id_stage_i._2894__8376/HI
 i_soc.i_cpu.core_i.id_stage_i._2894__8379/HI
 i_soc.i_cpu.core_i.id_stage_i._2943__8371/HI
 i_soc.i_cpu.core_i.id_stage_i._2944__8372/HI
 i_soc.i_cpu.core_i.id_stage_i._2970__8465/HI
 i_soc.i_cpu.core_i.id_stage_i._2979__8466/HI
 i_soc.i_cpu.core_i.id_stage_i._2980__8467/HI
 i_soc.i_cpu.core_i.id_stage_i._2989__8468/HI
 i_soc.i_cpu.core_i.id_stage_i._2990__8469/HI
 i_soc.i_cpu.core_i.id_stage_i._3000__8470/HI
 i_soc.i_cpu.core_i.id_stage_i._3012__8471/HI
 i_soc.i_cpu.core_i.id_stage_i._3021__8472/HI
 i_soc.i_cpu.core_i.id_stage_i._3022__8473/HI
 i_soc.i_cpu.core_i.id_stage_i._3030__8474/HI
 i_soc.i_cpu.core_i.id_stage_i._3039__8475/HI
 i_soc.i_cpu.core_i.id_stage_i._3046__8476/HI
 i_soc.i_cpu.core_i.id_stage_i._3053__8477/HI
 i_soc.i_cpu.core_i.id_stage_i._3060__8478/HI
 i_soc.i_cpu.core_i.id_stage_i._3073__8479/HI
 i_soc.i_cpu.core_i.id_stage_i._3085__8480/HI
 i_soc.i_cpu.core_i.id_stage_i._3099__8481/HI
 i_soc.i_cpu.core_i.id_stage_i._3118__8482/HI
 i_soc.i_cpu.core_i.id_stage_i._3125__8483/HI
 i_soc.i_cpu.core_i.id_stage_i._3131__8484/HI
 i_soc.i_cpu.core_i.id_stage_i._3137__8485/HI
 i_soc.i_cpu.core_i.id_stage_i._3143__8486/HI
 i_soc.i_cpu.core_i.id_stage_i._3144__8373/HI
 i_soc.i_cpu.core_i.id_stage_i._3181__8439/HI
 i_soc.i_cpu.core_i.id_stage_i._3189__8440/HI
 i_soc.i_cpu.core_i.id_stage_i._3193__8441/HI
 i_soc.i_cpu.core_i.id_stage_i._3201__8442/HI
 i_soc.i_cpu.core_i.id_stage_i._3207__8443/HI
 i_soc.i_cpu.core_i.id_stage_i._3213__8444/HI
 i_soc.i_cpu.core_i.id_stage_i._3219__8445/HI
 i_soc.i_cpu.core_i.id_stage_i._3224__8446/HI
 i_soc.i_cpu.core_i.id_stage_i._3226__8447/HI
 i_soc.i_cpu.core_i.id_stage_i._3228__8448/HI
 i_soc.i_cpu.core_i.id_stage_i._3233__8449/HI
 i_soc.i_cpu.core_i.id_stage_i._3236__8450/HI
 i_soc.i_cpu.core_i.id_stage_i._3240__8451/HI
 i_soc.i_cpu.core_i.id_stage_i._3244__8452/HI
 i_soc.i_cpu.core_i.id_stage_i._3248__8453/HI
 i_soc.i_cpu.core_i.id_stage_i._3252__8454/HI
 i_soc.i_cpu.core_i.id_stage_i._3257__8455/HI
 i_soc.i_cpu.core_i.id_stage_i._3266__8456/HI
 i_soc.i_cpu.core_i.id_stage_i._3270__8457/HI
 i_soc.i_cpu.core_i.id_stage_i._3274__8458/HI
 i_soc.i_cpu.core_i.id_stage_i._3278__8459/HI
 i_soc.i_cpu.core_i.id_stage_i._3282__8460/HI
 i_soc.i_cpu.core_i.id_stage_i._3286__8461/HI
 i_soc.i_cpu.core_i.id_stage_i._3298__8374/HI
 i_soc.i_cpu.core_i.id_stage_i._3299__8377/HI
 i_soc.i_cpu.core_i.id_stage_i._3300__8380/HI
 i_soc.i_cpu.core_i.id_stage_i._3301__8381/HI
 i_soc.i_cpu.core_i.id_stage_i._3304__8383/HI
 i_soc.i_cpu.core_i.id_stage_i._3318__8604/LO
 i_soc.i_cpu.core_i.id_stage_i._3321__8384/HI
 i_soc.i_cpu.core_i.id_stage_i._3321__8605/LO
 i_soc.i_cpu.core_i.id_stage_i._3322__8385/HI
 i_soc.i_cpu.core_i.id_stage_i._3322__8606/LO
 i_soc.i_cpu.core_i.id_stage_i._3324__8607/LO
 i_soc.i_cpu.core_i.id_stage_i._3325__8386/HI
 i_soc.i_cpu.core_i.id_stage_i._3325__8608/LO
 i_soc.i_cpu.core_i.id_stage_i._3327__8609/LO
 i_soc.i_cpu.core_i.id_stage_i._3329__8387/HI
 i_soc.i_cpu.core_i.id_stage_i._3329__8610/LO
 i_soc.i_cpu.core_i.id_stage_i._3332__8388/HI
 i_soc.i_cpu.core_i.id_stage_i._3332__8611/LO
 i_soc.i_cpu.core_i.id_stage_i._3334__8617/LO
 i_soc.i_cpu.core_i.id_stage_i._3335__8389/HI
 i_soc.i_cpu.core_i.id_stage_i._3335__8618/LO
 i_soc.i_cpu.core_i.id_stage_i._3336__8390/HI
 i_soc.i_cpu.core_i.id_stage_i._3337__8391/HI
 i_soc.i_cpu.core_i.id_stage_i._3337__8619/LO
 i_soc.i_cpu.core_i.id_stage_i._3338__8612/LO
 i_soc.i_cpu.core_i.id_stage_i._3341__8613/LO
 i_soc.i_cpu.core_i.id_stage_i._3344__8614/LO
 i_soc.i_cpu.core_i.id_stage_i._3347__8615/LO
 i_soc.i_cpu.core_i.id_stage_i._3350__8616/LO
 i_soc.i_cpu.core_i.id_stage_i._3358__8395/HI
 i_soc.i_cpu.core_i.id_stage_i._3359__8396/HI
 i_soc.i_cpu.core_i.id_stage_i._3362__8397/HI
 i_soc.i_cpu.core_i.id_stage_i._3368__8410/HI
 i_soc.i_cpu.core_i.id_stage_i._3468__8411/HI
 i_soc.i_cpu.core_i.id_stage_i._3469__8412/HI
 i_soc.i_cpu.core_i.id_stage_i._3475__8413/HI
 i_soc.i_cpu.core_i.id_stage_i._3481__8408/HI
 i_soc.i_cpu.core_i.id_stage_i._3605__8462/HI
 i_soc.i_cpu.core_i.id_stage_i._3610__8463/HI
 i_soc.i_cpu.core_i.id_stage_i._3616__8414/HI
 i_soc.i_cpu.core_i.id_stage_i._3619__8415/HI
 i_soc.i_cpu.core_i.id_stage_i._3656__8620/LO
 i_soc.i_cpu.core_i.id_stage_i._3672__8437/HI
 i_soc.i_cpu.core_i.id_stage_i.controller_i._221__8143/HI
 i_soc.i_cpu.core_i.id_stage_i.controller_i._227__8382/HI
 i_soc.i_cpu.core_i.id_stage_i.controller_i._243__8596/LO
 i_soc.i_cpu.core_i.id_stage_i.controller_i._243__8600/LO
 i_soc.i_cpu.core_i.id_stage_i.controller_i._244__8158/HI
 i_soc.i_cpu.core_i.id_stage_i.controller_i._244__8597/LO
 i_soc.i_cpu.core_i.id_stage_i.controller_i._244__8601/LO
 i_soc.i_cpu.core_i.id_stage_i.controller_i._245__8598/LO
 i_soc.i_cpu.core_i.id_stage_i.controller_i._245__8602/LO
 i_soc.i_cpu.core_i.id_stage_i.controller_i._247__8392/HI
 i_soc.i_cpu.core_i.id_stage_i.controller_i._249__8503/HI
 i_soc.i_cpu.core_i.id_stage_i.controller_i._256__8144/HI
 i_soc.i_cpu.core_i.id_stage_i.controller_i._256__8504/HI
 i_soc.i_cpu.core_i.id_stage_i.controller_i._257__8145/HI
 i_soc.i_cpu.core_i.id_stage_i.controller_i._257__8505/HI
 i_soc.i_cpu.core_i.id_stage_i.controller_i._271__8487/HI
 i_soc.i_cpu.core_i.id_stage_i.controller_i._275__8243/HI
 i_soc.i_cpu.core_i.id_stage_i.controller_i._275__8244/HI
 i_soc.i_cpu.core_i.id_stage_i.controller_i._308__8146/HI
 i_soc.i_cpu.core_i.id_stage_i.controller_i._309__8147/HI
 i_soc.i_cpu.core_i.id_stage_i.controller_i._312__8148/HI
 i_soc.i_cpu.core_i.id_stage_i.controller_i._313__8149/HI
 i_soc.i_cpu.core_i.id_stage_i.controller_i._313__8506/HI
 i_soc.i_cpu.core_i.id_stage_i.controller_i._317__8393/HI
 i_soc.i_cpu.core_i.id_stage_i.controller_i._320__8488/HI
 i_soc.i_cpu.core_i.id_stage_i.controller_i._323__8150/HI
 i_soc.i_cpu.core_i.id_stage_i.controller_i._323__8507/HI
 i_soc.i_cpu.core_i.id_stage_i.controller_i._338__8394/HI
 i_soc.i_cpu.core_i.id_stage_i.controller_i._348__8151/HI
 i_soc.i_cpu.core_i.id_stage_i.controller_i._348__8508/HI
 i_soc.i_cpu.core_i.id_stage_i.controller_i._350__8509/HI
 i_soc.i_cpu.core_i.id_stage_i.controller_i._368__8152/HI
 i_soc.i_cpu.core_i.id_stage_i.controller_i._391__8153/HI
 i_soc.i_cpu.core_i.id_stage_i.controller_i._391__8510/HI
 i_soc.i_cpu.core_i.id_stage_i.controller_i._394__8154/HI
 i_soc.i_cpu.core_i.id_stage_i.controller_i._394__8511/HI
 i_soc.i_cpu.core_i.id_stage_i.controller_i._396__8512/HI
 i_soc.i_cpu.core_i.id_stage_i.controller_i._408__8155/HI
 i_soc.i_cpu.core_i.id_stage_i.controller_i._408__8513/HI
 i_soc.i_cpu.core_i.id_stage_i.controller_i._416__8514/HI
 i_soc.i_cpu.core_i.id_stage_i.controller_i._437__8515/HI
 i_soc.i_cpu.core_i.id_stage_i.controller_i._518__8156/HI
 i_soc.i_cpu.core_i.id_stage_i.controller_i._528__8245/HI
 i_soc.i_cpu.core_i.id_stage_i.controller_i._529__8246/HI
 i_soc.i_cpu.core_i.id_stage_i.controller_i._530__8247/HI
 i_soc.i_cpu.core_i.id_stage_i.controller_i._531__8248/HI
 i_soc.i_cpu.core_i.id_stage_i.controller_i._532__8249/HI
 i_soc.i_cpu.core_i.id_stage_i.controller_i._533__8250/HI
 i_soc.i_cpu.core_i.id_stage_i.controller_i._534__8251/HI
 i_soc.i_cpu.core_i.id_stage_i.controller_i._535__8252/HI
 i_soc.i_cpu.core_i.id_stage_i.controller_i._536__8253/HI
 i_soc.i_cpu.core_i.id_stage_i.controller_i._537__8254/HI
 i_soc.i_cpu.core_i.id_stage_i.controller_i._538__8255/HI
 i_soc.i_cpu.core_i.id_stage_i.controller_i._539__8256/HI
 i_soc.i_cpu.core_i.id_stage_i.controller_i._540__8257/HI
 i_soc.i_cpu.core_i.id_stage_i.controller_i._541__8258/HI
 i_soc.i_cpu.core_i.id_stage_i.controller_i._542__8259/HI
 i_soc.i_cpu.core_i.id_stage_i.controller_i._543__8260/HI
 i_soc.i_cpu.core_i.id_stage_i.controller_i._544__8261/HI
 i_soc.i_cpu.core_i.id_stage_i.controller_i._545__8262/HI
 i_soc.i_cpu.core_i.id_stage_i.controller_i._546__8263/HI
 i_soc.i_cpu.core_i.id_stage_i.controller_i._547__8264/HI
 i_soc.i_cpu.core_i.id_stage_i.controller_i._548__8265/HI
 i_soc.i_cpu.core_i.id_stage_i.controller_i._549__8266/HI
 i_soc.i_cpu.core_i.id_stage_i.controller_i._550__8267/HI
 i_soc.i_cpu.core_i.id_stage_i.controller_i._551__8268/HI
 i_soc.i_cpu.core_i.id_stage_i.controller_i._552__8269/HI
 i_soc.i_cpu.core_i.id_stage_i.controller_i._553__8270/HI
 i_soc.i_cpu.core_i.id_stage_i.controller_i._554__8271/HI
 i_soc.i_cpu.core_i.id_stage_i.controller_i._555__8272/HI
 i_soc.i_cpu.core_i.id_stage_i.controller_i._556__8273/HI
 i_soc.i_cpu.core_i.id_stage_i.controller_i._557__8274/HI
 i_soc.i_cpu.core_i.id_stage_i.controller_i._558__8275/HI
 i_soc.i_cpu.core_i.id_stage_i.controller_i._559__8276/HI
 i_soc.i_cpu.core_i.id_stage_i.decoder_i._248__8603/LO
 i_soc.i_cpu.core_i.id_stage_i.decoder_i._249__8599/LO
 i_soc.i_cpu.core_i.id_stage_i.int_controller_i._053__7940/HI
 i_soc.i_cpu.core_i.id_stage_i.int_controller_i._053__7942/HI
 i_soc.i_cpu.core_i.id_stage_i.int_controller_i._054__7912/HI
 i_soc.i_cpu.core_i.id_stage_i.int_controller_i._054__7936/HI
 i_soc.i_cpu.core_i.id_stage_i.int_controller_i._055__7932/HI
 i_soc.i_cpu.core_i.id_stage_i.int_controller_i._055__7934/HI
 i_soc.i_cpu.core_i.id_stage_i.int_controller_i._056__7919/HI
 i_soc.i_cpu.core_i.id_stage_i.int_controller_i._056__7938/HI
 i_soc.i_cpu.core_i.id_stage_i.int_controller_i._056__8165/HI
 i_soc.i_cpu.core_i.id_stage_i.int_controller_i._057__7914/HI
 i_soc.i_cpu.core_i.id_stage_i.int_controller_i._057__7924/HI
 i_soc.i_cpu.core_i.id_stage_i.int_controller_i._057__8162/HI
 i_soc.i_cpu.core_i.id_stage_i.int_controller_i._057__8168/HI
 i_soc.i_cpu.core_i.id_stage_i.int_controller_i._058__7915/HI
 i_soc.i_cpu.core_i.id_stage_i.int_controller_i._058__7917/HI
 i_soc.i_cpu.core_i.id_stage_i.int_controller_i._058__8163/HI
 i_soc.i_cpu.core_i.id_stage_i.int_controller_i._059__7916/HI
 i_soc.i_cpu.core_i.id_stage_i.int_controller_i._059__7946/HI
 i_soc.i_cpu.core_i.id_stage_i.int_controller_i._059__8164/HI
 i_soc.i_cpu.core_i.id_stage_i.int_controller_i._060__7910/HI
 i_soc.i_cpu.core_i.id_stage_i.int_controller_i._060__8160/HI
 i_soc.i_cpu.core_i.id_stage_i.int_controller_i._062__7927/HI
 i_soc.i_cpu.core_i.id_stage_i.int_controller_i._062__8171/HI
 i_soc.i_cpu.core_i.id_stage_i.int_controller_i._063__7911/HI
 i_soc.i_cpu.core_i.id_stage_i.int_controller_i._063__7948/HI
 i_soc.i_cpu.core_i.id_stage_i.int_controller_i._063__8161/HI
 i_soc.i_cpu.core_i.id_stage_i.int_controller_i._064__7921/HI
 i_soc.i_cpu.core_i.id_stage_i.int_controller_i._064__7944/HI
 i_soc.i_cpu.core_i.id_stage_i.int_controller_i._064__8167/HI
 i_soc.i_cpu.core_i.id_stage_i.int_controller_i._065__7926/HI
 i_soc.i_cpu.core_i.id_stage_i.int_controller_i._065__7952/HI
 i_soc.i_cpu.core_i.id_stage_i.int_controller_i._065__8170/HI
 i_soc.i_cpu.core_i.id_stage_i.int_controller_i._066__7922/HI
 i_soc.i_cpu.core_i.id_stage_i.int_controller_i._066__7930/HI
 i_soc.i_cpu.core_i.id_stage_i.int_controller_i._067__7920/HI
 i_soc.i_cpu.core_i.id_stage_i.int_controller_i._067__7950/HI
 i_soc.i_cpu.core_i.id_stage_i.int_controller_i._067__8166/HI
 i_soc.i_cpu.core_i.id_stage_i.int_controller_i._068__7909/HI
 i_soc.i_cpu.core_i.id_stage_i.int_controller_i._068__7925/HI
 i_soc.i_cpu.core_i.id_stage_i.int_controller_i._068__8159/HI
 i_soc.i_cpu.core_i.id_stage_i.int_controller_i._068__8169/HI
 i_soc.i_cpu.core_i.id_stage_i.int_controller_i._069__7928/HI
 i_soc.i_cpu.core_i.id_stage_i.int_controller_i._113__7913/HI
 i_soc.i_cpu.core_i.id_stage_i.int_controller_i._114__7918/HI
 i_soc.i_cpu.core_i.id_stage_i.int_controller_i._115__7923/HI
 i_soc.i_cpu.core_i.id_stage_i.int_controller_i._119__7929/HI
 i_soc.i_cpu.core_i.id_stage_i.int_controller_i._120__7931/HI
 i_soc.i_cpu.core_i.id_stage_i.int_controller_i._121__7933/HI
 i_soc.i_cpu.core_i.id_stage_i.int_controller_i._122__7935/HI
 i_soc.i_cpu.core_i.id_stage_i.int_controller_i._123__7937/HI
 i_soc.i_cpu.core_i.id_stage_i.int_controller_i._124__7939/HI
 i_soc.i_cpu.core_i.id_stage_i.int_controller_i._125__7941/HI
 i_soc.i_cpu.core_i.id_stage_i.int_controller_i._126__7943/HI
 i_soc.i_cpu.core_i.id_stage_i.int_controller_i._127__7945/HI
 i_soc.i_cpu.core_i.id_stage_i.int_controller_i._128__7947/HI
 i_soc.i_cpu.core_i.id_stage_i.int_controller_i._129__7949/HI
 i_soc.i_cpu.core_i.id_stage_i.int_controller_i._130__7951/HI
 i_soc.i_cpu.core_i.id_stage_i.int_controller_i._131__7953/HI
 i_soc.i_cpu.core_i.id_stage_i.int_controller_i._132__8157/HI
 i_soc.i_cpu.core_i.id_stage_i.register_file_i._3981__8422/HI
 i_soc.i_cpu.core_i.id_stage_i.register_file_i._3985__8428/HI
 i_soc.i_cpu.core_i.id_stage_i.register_file_i._4818__8429/HI
 i_soc.i_cpu.core_i.id_stage_i.register_file_i._4926__8430/HI
 i_soc.i_cpu.core_i.id_stage_i.register_file_i._5070__8431/HI
 i_soc.i_cpu.core_i.id_stage_i.register_file_i._5304__8432/HI
 i_soc.i_cpu.core_i.id_stage_i.register_file_i._5340__8433/HI
 i_soc.i_cpu.core_i.id_stage_i.register_file_i._5358__8434/HI
 i_soc.i_cpu.core_i.if_stage_i._414__8352/HI
 i_soc.i_cpu.core_i.if_stage_i._419__8353/HI
 i_soc.i_cpu.core_i.if_stage_i._421__8354/HI
 i_soc.i_cpu.core_i.if_stage_i._422__8355/HI
 i_soc.i_cpu.core_i.if_stage_i._423__8356/HI
 i_soc.i_cpu.core_i.if_stage_i._424__8357/HI
 i_soc.i_cpu.core_i.if_stage_i._426__8358/HI
 i_soc.i_cpu.core_i.if_stage_i._428__8177/HI
 i_soc.i_cpu.core_i.if_stage_i._431__8359/HI
 i_soc.i_cpu.core_i.if_stage_i._432__8361/HI
 i_soc.i_cpu.core_i.if_stage_i._433__8362/HI
 i_soc.i_cpu.core_i.if_stage_i._435__8277/HI
 i_soc.i_cpu.core_i.if_stage_i._437__8278/HI
 i_soc.i_cpu.core_i.if_stage_i._438__8279/HI
 i_soc.i_cpu.core_i.if_stage_i._440__7822/HI
 i_soc.i_cpu.core_i.if_stage_i._440__7849/HI
 i_soc.i_cpu.core_i.if_stage_i._441__8360/HI
 i_soc.i_cpu.core_i.if_stage_i._447__8178/HI
 i_soc.i_cpu.core_i.if_stage_i._449__7792/HI
 i_soc.i_cpu.core_i.if_stage_i._452__7823/HI
 i_soc.i_cpu.core_i.if_stage_i._452__7850/HI
 i_soc.i_cpu.core_i.if_stage_i._456__8179/HI
 i_soc.i_cpu.core_i.if_stage_i._459__7793/HI
 i_soc.i_cpu.core_i.if_stage_i._464__7794/HI
 i_soc.i_cpu.core_i.if_stage_i._467__7851/HI
 i_soc.i_cpu.core_i.if_stage_i._467__8569/LO
 i_soc.i_cpu.core_i.if_stage_i._468__8180/HI
 i_soc.i_cpu.core_i.if_stage_i._473__7824/HI
 i_soc.i_cpu.core_i.if_stage_i._473__7852/HI
 i_soc.i_cpu.core_i.if_stage_i._478__8181/HI
 i_soc.i_cpu.core_i.if_stage_i._480__7795/HI
 i_soc.i_cpu.core_i.if_stage_i._483__7796/HI
 i_soc.i_cpu.core_i.if_stage_i._486__7825/HI
 i_soc.i_cpu.core_i.if_stage_i._486__7853/HI
 i_soc.i_cpu.core_i.if_stage_i._487__8182/HI
 i_soc.i_cpu.core_i.if_stage_i._491__7826/HI
 i_soc.i_cpu.core_i.if_stage_i._491__7854/HI
 i_soc.i_cpu.core_i.if_stage_i._495__8183/HI
 i_soc.i_cpu.core_i.if_stage_i._499__7797/HI
 i_soc.i_cpu.core_i.if_stage_i._502__8218/HI
 i_soc.i_cpu.core_i.if_stage_i._504__7827/HI
 i_soc.i_cpu.core_i.if_stage_i._504__7855/HI
 i_soc.i_cpu.core_i.if_stage_i._506__8184/HI
 i_soc.i_cpu.core_i.if_stage_i._509__7798/HI
 i_soc.i_cpu.core_i.if_stage_i._514__8219/HI
 i_soc.i_cpu.core_i.if_stage_i._516__7828/HI
 i_soc.i_cpu.core_i.if_stage_i._516__7856/HI
 i_soc.i_cpu.core_i.if_stage_i._521__8185/HI
 i_soc.i_cpu.core_i.if_stage_i._522__7799/HI
 i_soc.i_cpu.core_i.if_stage_i._526__8220/HI
 i_soc.i_cpu.core_i.if_stage_i._528__7829/HI
 i_soc.i_cpu.core_i.if_stage_i._528__7857/HI
 i_soc.i_cpu.core_i.if_stage_i._531__8186/HI
 i_soc.i_cpu.core_i.if_stage_i._533__7800/HI
 i_soc.i_cpu.core_i.if_stage_i._536__8221/HI
 i_soc.i_cpu.core_i.if_stage_i._538__8570/LO
 i_soc.i_cpu.core_i.if_stage_i._538__8572/LO
 i_soc.i_cpu.core_i.if_stage_i._542__8187/HI
 i_soc.i_cpu.core_i.if_stage_i._544__7801/HI
 i_soc.i_cpu.core_i.if_stage_i._545__7802/HI
 i_soc.i_cpu.core_i.if_stage_i._549__8222/HI
 i_soc.i_cpu.core_i.if_stage_i._551__7830/HI
 i_soc.i_cpu.core_i.if_stage_i._551__7858/HI
 i_soc.i_cpu.core_i.if_stage_i._552__8188/HI
 i_soc.i_cpu.core_i.if_stage_i._560__8189/HI
 i_soc.i_cpu.core_i.if_stage_i._561__8223/HI
 i_soc.i_cpu.core_i.if_stage_i._563__7831/HI
 i_soc.i_cpu.core_i.if_stage_i._563__7859/HI
 i_soc.i_cpu.core_i.if_stage_i._568__7803/HI
 i_soc.i_cpu.core_i.if_stage_i._569__7804/HI
 i_soc.i_cpu.core_i.if_stage_i._572__8224/HI
 i_soc.i_cpu.core_i.if_stage_i._574__7832/HI
 i_soc.i_cpu.core_i.if_stage_i._574__7860/HI
 i_soc.i_cpu.core_i.if_stage_i._576__8190/HI
 i_soc.i_cpu.core_i.if_stage_i._584__8225/HI
 i_soc.i_cpu.core_i.if_stage_i._586__7833/HI
 i_soc.i_cpu.core_i.if_stage_i._586__7861/HI
 i_soc.i_cpu.core_i.if_stage_i._588__8191/HI
 i_soc.i_cpu.core_i.if_stage_i._592__7805/HI
 i_soc.i_cpu.core_i.if_stage_i._596__8226/HI
 i_soc.i_cpu.core_i.if_stage_i._598__7834/HI
 i_soc.i_cpu.core_i.if_stage_i._598__7862/HI
 i_soc.i_cpu.core_i.if_stage_i._601__8192/HI
 i_soc.i_cpu.core_i.if_stage_i._603__7806/HI
 i_soc.i_cpu.core_i.if_stage_i._607__8227/HI
 i_soc.i_cpu.core_i.if_stage_i._609__7835/HI
 i_soc.i_cpu.core_i.if_stage_i._609__7863/HI
 i_soc.i_cpu.core_i.if_stage_i._613__8193/HI
 i_soc.i_cpu.core_i.if_stage_i._615__7807/HI
 i_soc.i_cpu.core_i.if_stage_i._618__8228/HI
 i_soc.i_cpu.core_i.if_stage_i._620__8571/LO
 i_soc.i_cpu.core_i.if_stage_i._620__8573/LO
 i_soc.i_cpu.core_i.if_stage_i._621__8194/HI
 i_soc.i_cpu.core_i.if_stage_i._625__7808/HI
 i_soc.i_cpu.core_i.if_stage_i._629__8229/HI
 i_soc.i_cpu.core_i.if_stage_i._631__7836/HI
 i_soc.i_cpu.core_i.if_stage_i._631__7864/HI
 i_soc.i_cpu.core_i.if_stage_i._633__8195/HI
 i_soc.i_cpu.core_i.if_stage_i._637__7809/HI
 i_soc.i_cpu.core_i.if_stage_i._641__8230/HI
 i_soc.i_cpu.core_i.if_stage_i._643__7837/HI
 i_soc.i_cpu.core_i.if_stage_i._643__7865/HI
 i_soc.i_cpu.core_i.if_stage_i._646__8196/HI
 i_soc.i_cpu.core_i.if_stage_i._649__7810/HI
 i_soc.i_cpu.core_i.if_stage_i._653__8231/HI
 i_soc.i_cpu.core_i.if_stage_i._655__7838/HI
 i_soc.i_cpu.core_i.if_stage_i._655__7866/HI
 i_soc.i_cpu.core_i.if_stage_i._660__8197/HI
 i_soc.i_cpu.core_i.if_stage_i._661__7811/HI
 i_soc.i_cpu.core_i.if_stage_i._665__8232/HI
 i_soc.i_cpu.core_i.if_stage_i._667__7839/HI
 i_soc.i_cpu.core_i.if_stage_i._667__7867/HI
 i_soc.i_cpu.core_i.if_stage_i._670__8198/HI
 i_soc.i_cpu.core_i.if_stage_i._673__7812/HI
 i_soc.i_cpu.core_i.if_stage_i._677__8233/HI
 i_soc.i_cpu.core_i.if_stage_i._679__7840/HI
 i_soc.i_cpu.core_i.if_stage_i._679__7868/HI
 i_soc.i_cpu.core_i.if_stage_i._681__8199/HI
 i_soc.i_cpu.core_i.if_stage_i._685__7813/HI
 i_soc.i_cpu.core_i.if_stage_i._689__8234/HI
 i_soc.i_cpu.core_i.if_stage_i._691__7841/HI
 i_soc.i_cpu.core_i.if_stage_i._691__7869/HI
 i_soc.i_cpu.core_i.if_stage_i._696__8200/HI
 i_soc.i_cpu.core_i.if_stage_i._697__7814/HI
 i_soc.i_cpu.core_i.if_stage_i._703__8235/HI
 i_soc.i_cpu.core_i.if_stage_i._705__7842/HI
 i_soc.i_cpu.core_i.if_stage_i._705__7870/HI
 i_soc.i_cpu.core_i.if_stage_i._710__8201/HI
 i_soc.i_cpu.core_i.if_stage_i._711__7815/HI
 i_soc.i_cpu.core_i.if_stage_i._714__8236/HI
 i_soc.i_cpu.core_i.if_stage_i._716__7843/HI
 i_soc.i_cpu.core_i.if_stage_i._716__7871/HI
 i_soc.i_cpu.core_i.if_stage_i._717__8202/HI
 i_soc.i_cpu.core_i.if_stage_i._721__7816/HI
 i_soc.i_cpu.core_i.if_stage_i._724__8237/HI
 i_soc.i_cpu.core_i.if_stage_i._726__7844/HI
 i_soc.i_cpu.core_i.if_stage_i._726__7872/HI
 i_soc.i_cpu.core_i.if_stage_i._730__8203/HI
 i_soc.i_cpu.core_i.if_stage_i._732__7817/HI
 i_soc.i_cpu.core_i.if_stage_i._736__8238/HI
 i_soc.i_cpu.core_i.if_stage_i._738__7845/HI
 i_soc.i_cpu.core_i.if_stage_i._738__7873/HI
 i_soc.i_cpu.core_i.if_stage_i._741__8204/HI
 i_soc.i_cpu.core_i.if_stage_i._744__7818/HI
 i_soc.i_cpu.core_i.if_stage_i._748__8239/HI
 i_soc.i_cpu.core_i.if_stage_i._750__7846/HI
 i_soc.i_cpu.core_i.if_stage_i._750__7874/HI
 i_soc.i_cpu.core_i.if_stage_i._751__8205/HI
 i_soc.i_cpu.core_i.if_stage_i._756__7819/HI
 i_soc.i_cpu.core_i.if_stage_i._760__8240/HI
 i_soc.i_cpu.core_i.if_stage_i._762__7847/HI
 i_soc.i_cpu.core_i.if_stage_i._762__7875/HI
 i_soc.i_cpu.core_i.if_stage_i._764__8206/HI
 i_soc.i_cpu.core_i.if_stage_i._767__7820/HI
 i_soc.i_cpu.core_i.if_stage_i._771__8241/HI
 i_soc.i_cpu.core_i.if_stage_i._773__7848/HI
 i_soc.i_cpu.core_i.if_stage_i._773__7876/HI
 i_soc.i_cpu.core_i.if_stage_i._775__8207/HI
 i_soc.i_cpu.core_i.if_stage_i._778__7821/HI
 i_soc.i_cpu.core_i.if_stage_i.aligner_i._487__8280/HI
 i_soc.i_cpu.core_i.if_stage_i.aligner_i._492__8281/HI
 i_soc.i_cpu.core_i.if_stage_i.aligner_i._498__8282/HI
 i_soc.i_cpu.core_i.if_stage_i.aligner_i._507__8283/HI
 i_soc.i_cpu.core_i.if_stage_i.aligner_i._517__8284/HI
 i_soc.i_cpu.core_i.if_stage_i.aligner_i._524__8285/HI
 i_soc.i_cpu.core_i.if_stage_i.aligner_i._534__8286/HI
 i_soc.i_cpu.core_i.if_stage_i.aligner_i._547__8287/HI
 i_soc.i_cpu.core_i.if_stage_i.aligner_i._556__8288/HI
 i_soc.i_cpu.core_i.if_stage_i.aligner_i._565__8289/HI
 i_soc.i_cpu.core_i.if_stage_i.aligner_i._576__8290/HI
 i_soc.i_cpu.core_i.if_stage_i.aligner_i._583__8291/HI
 i_soc.i_cpu.core_i.if_stage_i.aligner_i._593__8292/HI
 i_soc.i_cpu.core_i.if_stage_i.aligner_i._602__8293/HI
 i_soc.i_cpu.core_i.if_stage_i.aligner_i._611__8294/HI
 i_soc.i_cpu.core_i.if_stage_i.aligner_i._619__8295/HI
 i_soc.i_cpu.core_i.if_stage_i.aligner_i._629__8296/HI
 i_soc.i_cpu.core_i.if_stage_i.aligner_i._639__8297/HI
 i_soc.i_cpu.core_i.if_stage_i.aligner_i._648__8298/HI
 i_soc.i_cpu.core_i.if_stage_i.aligner_i._658__8299/HI
 i_soc.i_cpu.core_i.if_stage_i.aligner_i._669__8300/HI
 i_soc.i_cpu.core_i.if_stage_i.aligner_i._676__8301/HI
 i_soc.i_cpu.core_i.if_stage_i.aligner_i._688__8302/HI
 i_soc.i_cpu.core_i.if_stage_i.aligner_i._697__8303/HI
 i_soc.i_cpu.core_i.if_stage_i.aligner_i._709__8304/HI
 i_soc.i_cpu.core_i.if_stage_i.aligner_i._717__8305/HI
 i_soc.i_cpu.core_i.if_stage_i.aligner_i._726__8306/HI
 i_soc.i_cpu.core_i.if_stage_i.aligner_i._736__8307/HI
 i_soc.i_cpu.core_i.if_stage_i.aligner_i._745__8308/HI
 i_soc.i_cpu.core_i.if_stage_i.aligner_i._755__8309/HI
 i_soc.i_cpu.core_i.if_stage_i.aligner_i._763__8310/HI
 i_soc.i_cpu.core_i.if_stage_i.aligner_i._768__8311/HI
 i_soc.i_cpu.core_i.if_stage_i.aligner_i._774__8312/HI
 i_soc.i_cpu.core_i.if_stage_i.aligner_i._775__8502/HI
 i_soc.i_cpu.core_i.if_stage_i.aligner_i._810__8313/HI
 i_soc.i_cpu.core_i.if_stage_i.prefetch_buffer_i.fifo_i._121__8518/HI
 i_soc.i_cpu.core_i.if_stage_i.prefetch_buffer_i.fifo_i._122__8519/HI
 i_soc.i_cpu.core_i.if_stage_i.prefetch_buffer_i.fifo_i._123__8520/HI
 i_soc.i_cpu.core_i.if_stage_i.prefetch_buffer_i.instruction_obi_i._122__8516/HI
 i_soc.i_cpu.core_i.if_stage_i.prefetch_buffer_i.instruction_obi_i._123__8517/HI
 i_soc.i_cpu.core_i.if_stage_i.prefetch_buffer_i.prefetch_controller_i._199__8314/HI
 i_soc.i_cpu.core_i.if_stage_i.prefetch_buffer_i.prefetch_controller_i._203__8315/HI
 i_soc.i_cpu.core_i.if_stage_i.prefetch_buffer_i.prefetch_controller_i._217__8316/HI
 i_soc.i_cpu.core_i.if_stage_i.prefetch_buffer_i.prefetch_controller_i._218__8317/HI
 i_soc.i_cpu.core_i.if_stage_i.prefetch_buffer_i.prefetch_controller_i._221__8318/HI
 i_soc.i_cpu.core_i.if_stage_i.prefetch_buffer_i.prefetch_controller_i._223__8319/HI
 i_soc.i_cpu.core_i.if_stage_i.prefetch_buffer_i.prefetch_controller_i._226__8320/HI
 i_soc.i_cpu.core_i.if_stage_i.prefetch_buffer_i.prefetch_controller_i._227__8321/HI
 i_soc.i_cpu.core_i.if_stage_i.prefetch_buffer_i.prefetch_controller_i._231__8322/HI
 i_soc.i_cpu.core_i.if_stage_i.prefetch_buffer_i.prefetch_controller_i._232__8323/HI
 i_soc.i_cpu.core_i.if_stage_i.prefetch_buffer_i.prefetch_controller_i._235__8324/HI
 i_soc.i_cpu.core_i.if_stage_i.prefetch_buffer_i.prefetch_controller_i._236__8325/HI
 i_soc.i_cpu.core_i.if_stage_i.prefetch_buffer_i.prefetch_controller_i._241__8326/HI
 i_soc.i_cpu.core_i.if_stage_i.prefetch_buffer_i.prefetch_controller_i._246__8327/HI
 i_soc.i_cpu.core_i.if_stage_i.prefetch_buffer_i.prefetch_controller_i._251__8328/HI
 i_soc.i_cpu.core_i.if_stage_i.prefetch_buffer_i.prefetch_controller_i._256__8329/HI
 i_soc.i_cpu.core_i.if_stage_i.prefetch_buffer_i.prefetch_controller_i._262__8330/HI
 i_soc.i_cpu.core_i.if_stage_i.prefetch_buffer_i.prefetch_controller_i._266__8331/HI
 i_soc.i_cpu.core_i.if_stage_i.prefetch_buffer_i.prefetch_controller_i._271__8332/HI
 i_soc.i_cpu.core_i.if_stage_i.prefetch_buffer_i.prefetch_controller_i._272__8333/HI
 i_soc.i_cpu.core_i.if_stage_i.prefetch_buffer_i.prefetch_controller_i._277__8334/HI
 i_soc.i_cpu.core_i.if_stage_i.prefetch_buffer_i.prefetch_controller_i._282__8335/HI
 i_soc.i_cpu.core_i.if_stage_i.prefetch_buffer_i.prefetch_controller_i._283__8336/HI
 i_soc.i_cpu.core_i.if_stage_i.prefetch_buffer_i.prefetch_controller_i._288__8337/HI
 i_soc.i_cpu.core_i.if_stage_i.prefetch_buffer_i.prefetch_controller_i._299__8338/HI
 i_soc.i_cpu.core_i.if_stage_i.prefetch_buffer_i.prefetch_controller_i._302__8339/HI
 i_soc.i_cpu.core_i.if_stage_i.prefetch_buffer_i.prefetch_controller_i._303__8340/HI
 i_soc.i_cpu.core_i.if_stage_i.prefetch_buffer_i.prefetch_controller_i._308__8341/HI
 i_soc.i_cpu.core_i.if_stage_i.prefetch_buffer_i.prefetch_controller_i._309__8342/HI
 i_soc.i_cpu.core_i.if_stage_i.prefetch_buffer_i.prefetch_controller_i._315__8343/HI
 i_soc.i_cpu.core_i.if_stage_i.prefetch_buffer_i.prefetch_controller_i._327__8344/HI
 i_soc.i_cpu.core_i.if_stage_i.prefetch_buffer_i.prefetch_controller_i._334__8345/HI
 i_soc.i_cpu.core_i.if_stage_i.prefetch_buffer_i.prefetch_controller_i._341__8346/HI
 i_soc.i_cpu.core_i.if_stage_i.prefetch_buffer_i.prefetch_controller_i._353__8347/HI
 i_soc.i_cpu.core_i.if_stage_i.prefetch_buffer_i.prefetch_controller_i._360__8348/HI
 i_soc.i_cpu.core_i.if_stage_i.prefetch_buffer_i.prefetch_controller_i._372__8349/HI
 i_soc.i_cpu.core_i.if_stage_i.prefetch_buffer_i.prefetch_controller_i._376__8350/HI
 i_soc.i_cpu.core_i.if_stage_i.prefetch_buffer_i.prefetch_controller_i._394__8351/HI
 i_soc.i_cpu.core_i.sleep_unit_i._4__8574/LO
 i_soc.i_data_sram.u_sram.gen_bank\[0\].gen_512.u_macro/dout0[0]
 i_soc.i_data_sram.u_sram.gen_bank\[0\].gen_512.u_macro/dout0[10]
 i_soc.i_data_sram.u_sram.gen_bank\[0\].gen_512.u_macro/dout0[11]
 i_soc.i_data_sram.u_sram.gen_bank\[0\].gen_512.u_macro/dout0[12]
 i_soc.i_data_sram.u_sram.gen_bank\[0\].gen_512.u_macro/dout0[13]
 i_soc.i_data_sram.u_sram.gen_bank\[0\].gen_512.u_macro/dout0[14]
 i_soc.i_data_sram.u_sram.gen_bank\[0\].gen_512.u_macro/dout0[15]
 i_soc.i_data_sram.u_sram.gen_bank\[0\].gen_512.u_macro/dout0[16]
 i_soc.i_data_sram.u_sram.gen_bank\[0\].gen_512.u_macro/dout0[17]
 i_soc.i_data_sram.u_sram.gen_bank\[0\].gen_512.u_macro/dout0[18]
 i_soc.i_data_sram.u_sram.gen_bank\[0\].gen_512.u_macro/dout0[19]
 i_soc.i_data_sram.u_sram.gen_bank\[0\].gen_512.u_macro/dout0[1]
 i_soc.i_data_sram.u_sram.gen_bank\[0\].gen_512.u_macro/dout0[20]
 i_soc.i_data_sram.u_sram.gen_bank\[0\].gen_512.u_macro/dout0[21]
 i_soc.i_data_sram.u_sram.gen_bank\[0\].gen_512.u_macro/dout0[22]
 i_soc.i_data_sram.u_sram.gen_bank\[0\].gen_512.u_macro/dout0[23]
 i_soc.i_data_sram.u_sram.gen_bank\[0\].gen_512.u_macro/dout0[24]
 i_soc.i_data_sram.u_sram.gen_bank\[0\].gen_512.u_macro/dout0[25]
 i_soc.i_data_sram.u_sram.gen_bank\[0\].gen_512.u_macro/dout0[26]
 i_soc.i_data_sram.u_sram.gen_bank\[0\].gen_512.u_macro/dout0[27]
 i_soc.i_data_sram.u_sram.gen_bank\[0\].gen_512.u_macro/dout0[28]
 i_soc.i_data_sram.u_sram.gen_bank\[0\].gen_512.u_macro/dout0[29]
 i_soc.i_data_sram.u_sram.gen_bank\[0\].gen_512.u_macro/dout0[2]
 i_soc.i_data_sram.u_sram.gen_bank\[0\].gen_512.u_macro/dout0[30]
 i_soc.i_data_sram.u_sram.gen_bank\[0\].gen_512.u_macro/dout0[31]
 i_soc.i_data_sram.u_sram.gen_bank\[0\].gen_512.u_macro/dout0[3]
 i_soc.i_data_sram.u_sram.gen_bank\[0\].gen_512.u_macro/dout0[4]
 i_soc.i_data_sram.u_sram.gen_bank\[0\].gen_512.u_macro/dout0[5]
 i_soc.i_data_sram.u_sram.gen_bank\[0\].gen_512.u_macro/dout0[6]
 i_soc.i_data_sram.u_sram.gen_bank\[0\].gen_512.u_macro/dout0[7]
 i_soc.i_data_sram.u_sram.gen_bank\[0\].gen_512.u_macro/dout0[8]
 i_soc.i_data_sram.u_sram.gen_bank\[0\].gen_512.u_macro/dout0[9]
 i_soc.i_data_sram.u_sram.gen_bank\[0\].gen_512.u_macro_8533/HI
 i_soc.i_data_sram.u_sram.gen_bank\[1\].gen_512.u_macro/dout0[0]
 i_soc.i_data_sram.u_sram.gen_bank\[1\].gen_512.u_macro/dout0[10]
 i_soc.i_data_sram.u_sram.gen_bank\[1\].gen_512.u_macro/dout0[11]
 i_soc.i_data_sram.u_sram.gen_bank\[1\].gen_512.u_macro/dout0[12]
 i_soc.i_data_sram.u_sram.gen_bank\[1\].gen_512.u_macro/dout0[13]
 i_soc.i_data_sram.u_sram.gen_bank\[1\].gen_512.u_macro/dout0[14]
 i_soc.i_data_sram.u_sram.gen_bank\[1\].gen_512.u_macro/dout0[15]
 i_soc.i_data_sram.u_sram.gen_bank\[1\].gen_512.u_macro/dout0[16]
 i_soc.i_data_sram.u_sram.gen_bank\[1\].gen_512.u_macro/dout0[17]
 i_soc.i_data_sram.u_sram.gen_bank\[1\].gen_512.u_macro/dout0[18]
 i_soc.i_data_sram.u_sram.gen_bank\[1\].gen_512.u_macro/dout0[19]
 i_soc.i_data_sram.u_sram.gen_bank\[1\].gen_512.u_macro/dout0[1]
 i_soc.i_data_sram.u_sram.gen_bank\[1\].gen_512.u_macro/dout0[20]
 i_soc.i_data_sram.u_sram.gen_bank\[1\].gen_512.u_macro/dout0[21]
 i_soc.i_data_sram.u_sram.gen_bank\[1\].gen_512.u_macro/dout0[22]
 i_soc.i_data_sram.u_sram.gen_bank\[1\].gen_512.u_macro/dout0[23]
 i_soc.i_data_sram.u_sram.gen_bank\[1\].gen_512.u_macro/dout0[24]
 i_soc.i_data_sram.u_sram.gen_bank\[1\].gen_512.u_macro/dout0[25]
 i_soc.i_data_sram.u_sram.gen_bank\[1\].gen_512.u_macro/dout0[26]
 i_soc.i_data_sram.u_sram.gen_bank\[1\].gen_512.u_macro/dout0[27]
 i_soc.i_data_sram.u_sram.gen_bank\[1\].gen_512.u_macro/dout0[28]
 i_soc.i_data_sram.u_sram.gen_bank\[1\].gen_512.u_macro/dout0[29]
 i_soc.i_data_sram.u_sram.gen_bank\[1\].gen_512.u_macro/dout0[2]
 i_soc.i_data_sram.u_sram.gen_bank\[1\].gen_512.u_macro/dout0[30]
 i_soc.i_data_sram.u_sram.gen_bank\[1\].gen_512.u_macro/dout0[31]
 i_soc.i_data_sram.u_sram.gen_bank\[1\].gen_512.u_macro/dout0[3]
 i_soc.i_data_sram.u_sram.gen_bank\[1\].gen_512.u_macro/dout0[4]
 i_soc.i_data_sram.u_sram.gen_bank\[1\].gen_512.u_macro/dout0[5]
 i_soc.i_data_sram.u_sram.gen_bank\[1\].gen_512.u_macro/dout0[6]
 i_soc.i_data_sram.u_sram.gen_bank\[1\].gen_512.u_macro/dout0[7]
 i_soc.i_data_sram.u_sram.gen_bank\[1\].gen_512.u_macro/dout0[8]
 i_soc.i_data_sram.u_sram.gen_bank\[1\].gen_512.u_macro/dout0[9]
 i_soc.i_data_sram.u_sram.gen_bank\[1\].gen_512.u_macro_8534/HI
 i_soc.i_data_sram.u_sram.gen_bank\[2\].gen_512.u_macro/dout0[0]
 i_soc.i_data_sram.u_sram.gen_bank\[2\].gen_512.u_macro/dout0[10]
 i_soc.i_data_sram.u_sram.gen_bank\[2\].gen_512.u_macro/dout0[11]
 i_soc.i_data_sram.u_sram.gen_bank\[2\].gen_512.u_macro/dout0[12]
 i_soc.i_data_sram.u_sram.gen_bank\[2\].gen_512.u_macro/dout0[13]
 i_soc.i_data_sram.u_sram.gen_bank\[2\].gen_512.u_macro/dout0[14]
 i_soc.i_data_sram.u_sram.gen_bank\[2\].gen_512.u_macro/dout0[15]
 i_soc.i_data_sram.u_sram.gen_bank\[2\].gen_512.u_macro/dout0[16]
 i_soc.i_data_sram.u_sram.gen_bank\[2\].gen_512.u_macro/dout0[17]
 i_soc.i_data_sram.u_sram.gen_bank\[2\].gen_512.u_macro/dout0[18]
 i_soc.i_data_sram.u_sram.gen_bank\[2\].gen_512.u_macro/dout0[19]
 i_soc.i_data_sram.u_sram.gen_bank\[2\].gen_512.u_macro/dout0[1]
 i_soc.i_data_sram.u_sram.gen_bank\[2\].gen_512.u_macro/dout0[20]
 i_soc.i_data_sram.u_sram.gen_bank\[2\].gen_512.u_macro/dout0[21]
 i_soc.i_data_sram.u_sram.gen_bank\[2\].gen_512.u_macro/dout0[22]
 i_soc.i_data_sram.u_sram.gen_bank\[2\].gen_512.u_macro/dout0[23]
 i_soc.i_data_sram.u_sram.gen_bank\[2\].gen_512.u_macro/dout0[24]
 i_soc.i_data_sram.u_sram.gen_bank\[2\].gen_512.u_macro/dout0[25]
 i_soc.i_data_sram.u_sram.gen_bank\[2\].gen_512.u_macro/dout0[26]
 i_soc.i_data_sram.u_sram.gen_bank\[2\].gen_512.u_macro/dout0[27]
 i_soc.i_data_sram.u_sram.gen_bank\[2\].gen_512.u_macro/dout0[28]
 i_soc.i_data_sram.u_sram.gen_bank\[2\].gen_512.u_macro/dout0[29]
 i_soc.i_data_sram.u_sram.gen_bank\[2\].gen_512.u_macro/dout0[2]
 i_soc.i_data_sram.u_sram.gen_bank\[2\].gen_512.u_macro/dout0[30]
 i_soc.i_data_sram.u_sram.gen_bank\[2\].gen_512.u_macro/dout0[31]
 i_soc.i_data_sram.u_sram.gen_bank\[2\].gen_512.u_macro/dout0[3]
 i_soc.i_data_sram.u_sram.gen_bank\[2\].gen_512.u_macro/dout0[4]
 i_soc.i_data_sram.u_sram.gen_bank\[2\].gen_512.u_macro/dout0[5]
 i_soc.i_data_sram.u_sram.gen_bank\[2\].gen_512.u_macro/dout0[6]
 i_soc.i_data_sram.u_sram.gen_bank\[2\].gen_512.u_macro/dout0[7]
 i_soc.i_data_sram.u_sram.gen_bank\[2\].gen_512.u_macro/dout0[8]
 i_soc.i_data_sram.u_sram.gen_bank\[2\].gen_512.u_macro/dout0[9]
 i_soc.i_data_sram.u_sram.gen_bank\[2\].gen_512.u_macro_8535/HI
 i_soc.i_data_sram.u_sram.gen_bank\[3\].gen_512.u_macro/dout0[0]
 i_soc.i_data_sram.u_sram.gen_bank\[3\].gen_512.u_macro/dout0[10]
 i_soc.i_data_sram.u_sram.gen_bank\[3\].gen_512.u_macro/dout0[11]
 i_soc.i_data_sram.u_sram.gen_bank\[3\].gen_512.u_macro/dout0[12]
 i_soc.i_data_sram.u_sram.gen_bank\[3\].gen_512.u_macro/dout0[13]
 i_soc.i_data_sram.u_sram.gen_bank\[3\].gen_512.u_macro/dout0[14]
 i_soc.i_data_sram.u_sram.gen_bank\[3\].gen_512.u_macro/dout0[15]
 i_soc.i_data_sram.u_sram.gen_bank\[3\].gen_512.u_macro/dout0[16]
 i_soc.i_data_sram.u_sram.gen_bank\[3\].gen_512.u_macro/dout0[17]
 i_soc.i_data_sram.u_sram.gen_bank\[3\].gen_512.u_macro/dout0[18]
 i_soc.i_data_sram.u_sram.gen_bank\[3\].gen_512.u_macro/dout0[19]
 i_soc.i_data_sram.u_sram.gen_bank\[3\].gen_512.u_macro/dout0[1]
 i_soc.i_data_sram.u_sram.gen_bank\[3\].gen_512.u_macro/dout0[20]
 i_soc.i_data_sram.u_sram.gen_bank\[3\].gen_512.u_macro/dout0[21]
 i_soc.i_data_sram.u_sram.gen_bank\[3\].gen_512.u_macro/dout0[22]
 i_soc.i_data_sram.u_sram.gen_bank\[3\].gen_512.u_macro/dout0[23]
 i_soc.i_data_sram.u_sram.gen_bank\[3\].gen_512.u_macro/dout0[24]
 i_soc.i_data_sram.u_sram.gen_bank\[3\].gen_512.u_macro/dout0[25]
 i_soc.i_data_sram.u_sram.gen_bank\[3\].gen_512.u_macro/dout0[26]
 i_soc.i_data_sram.u_sram.gen_bank\[3\].gen_512.u_macro/dout0[27]
 i_soc.i_data_sram.u_sram.gen_bank\[3\].gen_512.u_macro/dout0[28]
 i_soc.i_data_sram.u_sram.gen_bank\[3\].gen_512.u_macro/dout0[29]
 i_soc.i_data_sram.u_sram.gen_bank\[3\].gen_512.u_macro/dout0[2]
 i_soc.i_data_sram.u_sram.gen_bank\[3\].gen_512.u_macro/dout0[30]
 i_soc.i_data_sram.u_sram.gen_bank\[3\].gen_512.u_macro/dout0[31]
 i_soc.i_data_sram.u_sram.gen_bank\[3\].gen_512.u_macro/dout0[3]
 i_soc.i_data_sram.u_sram.gen_bank\[3\].gen_512.u_macro/dout0[4]
 i_soc.i_data_sram.u_sram.gen_bank\[3\].gen_512.u_macro/dout0[5]
 i_soc.i_data_sram.u_sram.gen_bank\[3\].gen_512.u_macro/dout0[6]
 i_soc.i_data_sram.u_sram.gen_bank\[3\].gen_512.u_macro/dout0[7]
 i_soc.i_data_sram.u_sram.gen_bank\[3\].gen_512.u_macro/dout0[8]
 i_soc.i_data_sram.u_sram.gen_bank\[3\].gen_512.u_macro/dout0[9]
 i_soc.i_data_sram.u_sram.gen_bank\[3\].gen_512.u_macro_8536/HI
 i_soc.i_dm_top.i_dm_csrs._1541__8067/HI
 i_soc.i_dm_top.i_dm_csrs._1558__7977/HI
 i_soc.i_dm_top.i_dm_csrs._1571__7978/HI
 i_soc.i_dm_top.i_dm_csrs._1574__8068/HI
 i_soc.i_dm_top.i_dm_csrs._1577__7979/HI
 i_soc.i_dm_top.i_dm_csrs._1584__8069/HI
 i_soc.i_dm_top.i_dm_csrs._1594__7980/HI
 i_soc.i_dm_top.i_dm_csrs._1597__8070/HI
 i_soc.i_dm_top.i_dm_csrs._1607__7981/HI
 i_soc.i_dm_top.i_dm_csrs._1607__8071/HI
 i_soc.i_dm_top.i_dm_csrs._1618__7982/HI
 i_soc.i_dm_top.i_dm_csrs._1619__8072/HI
 i_soc.i_dm_top.i_dm_csrs._1631__7983/HI
 i_soc.i_dm_top.i_dm_csrs._1632__8073/HI
 i_soc.i_dm_top.i_dm_csrs._1635__8576/LO
 i_soc.i_dm_top.i_dm_csrs._1644__8074/HI
 i_soc.i_dm_top.i_dm_csrs._1648__8075/HI
 i_soc.i_dm_top.i_dm_csrs._1649__8577/LO
 i_soc.i_dm_top.i_dm_csrs._1650__8099/HI
 i_soc.i_dm_top.i_dm_csrs._1660__8076/HI
 i_soc.i_dm_top.i_dm_csrs._1660__8578/LO
 i_soc.i_dm_top.i_dm_csrs._1672__8100/HI
 i_soc.i_dm_top.i_dm_csrs._1673__8077/HI
 i_soc.i_dm_top.i_dm_csrs._1682__7984/HI
 i_soc.i_dm_top.i_dm_csrs._1692__7985/HI
 i_soc.i_dm_top.i_dm_csrs._1695__8078/HI
 i_soc.i_dm_top.i_dm_csrs._1704__7986/HI
 i_soc.i_dm_top.i_dm_csrs._1704__8101/HI
 i_soc.i_dm_top.i_dm_csrs._1705__8079/HI
 i_soc.i_dm_top.i_dm_csrs._1718__8579/LO
 i_soc.i_dm_top.i_dm_csrs._1719__8080/HI
 i_soc.i_dm_top.i_dm_csrs._1719__8102/HI
 i_soc.i_dm_top.i_dm_csrs._1728__7987/HI
 i_soc.i_dm_top.i_dm_csrs._1729__8081/HI
 i_soc.i_dm_top.i_dm_csrs._1739__8082/HI
 i_soc.i_dm_top.i_dm_csrs._1741__7988/HI
 i_soc.i_dm_top.i_dm_csrs._1752__8580/LO
 i_soc.i_dm_top.i_dm_csrs._1754__8083/HI
 i_soc.i_dm_top.i_dm_csrs._1762__8084/HI
 i_soc.i_dm_top.i_dm_csrs._1765__7989/HI
 i_soc.i_dm_top.i_dm_csrs._1776__7990/HI
 i_soc.i_dm_top.i_dm_csrs._1780__8085/HI
 i_soc.i_dm_top.i_dm_csrs._1789__7991/HI
 i_soc.i_dm_top.i_dm_csrs._1790__8086/HI
 i_soc.i_dm_top.i_dm_csrs._1795__7992/HI
 i_soc.i_dm_top.i_dm_csrs._1803__8087/HI
 i_soc.i_dm_top.i_dm_csrs._1808__8088/HI
 i_soc.i_dm_top.i_dm_csrs._1816__8581/LO
 i_soc.i_dm_top.i_dm_csrs._1825__7993/HI
 i_soc.i_dm_top.i_dm_csrs._1828__8089/HI
 i_soc.i_dm_top.i_dm_csrs._1837__7994/HI
 i_soc.i_dm_top.i_dm_csrs._1837__8090/HI
 i_soc.i_dm_top.i_dm_csrs._1850__7995/HI
 i_soc.i_dm_top.i_dm_csrs._1851__8091/HI
 i_soc.i_dm_top.i_dm_csrs._1860__8092/HI
 i_soc.i_dm_top.i_dm_csrs._1863__7996/HI
 i_soc.i_dm_top.i_dm_csrs._1872__8093/HI
 i_soc.i_dm_top.i_dm_csrs._1874__7997/HI
 i_soc.i_dm_top.i_dm_csrs._1885__7998/HI
 i_soc.i_dm_top.i_dm_csrs._1888__8094/HI
 i_soc.i_dm_top.i_dm_csrs._1897__8095/HI
 i_soc.i_dm_top.i_dm_csrs._1898__7999/HI
 i_soc.i_dm_top.i_dm_csrs._1909__8096/HI
 i_soc.i_dm_top.i_dm_csrs._1911__8000/HI
 i_soc.i_dm_top.i_dm_csrs._1921__8001/HI
 i_soc.i_dm_top.i_dm_csrs._1923__8097/HI
 i_soc.i_dm_top.i_dm_csrs._1932__8098/HI
 i_soc.i_dm_top.i_dm_csrs._1933__8002/HI
 i_soc.i_dm_top.i_dm_mem._0537__8537/HI
 i_soc.i_dm_top.i_dm_mem._0574__8538/HI
 i_soc.i_dm_top.i_dm_mem._0582__8539/HI
 i_soc.i_dm_top.i_dm_mem._0590__8540/HI
 i_soc.i_dm_top.i_dm_mem._0606__8543/HI
 i_soc.i_dm_top.i_dm_mem._0608__8542/HI
 i_soc.i_dm_top.i_dm_mem._0608__8544/HI
 i_soc.i_dm_top.i_dm_mem._0736__8541/HI
 i_soc.i_dm_top.i_dm_sba._198__8003/HI
 i_soc.i_dm_top.i_dm_sba._199__8583/LO
 i_soc.i_dm_top.i_dm_sba._390__8028/HI
 i_soc.i_dm_top.i_dm_sba._390__8044/HI
 i_soc.i_dm_top.i_dm_sba._391__8004/HI
 i_soc.i_dm_top.i_dm_sba._391__8012/HI
 i_soc.i_dm_top.i_dm_sba._393__8030/HI
 i_soc.i_dm_top.i_dm_sba._393__8047/HI
 i_soc.i_dm_top.i_dm_sba._394__8005/HI
 i_soc.i_dm_top.i_dm_sba._394__8014/HI
 i_soc.i_dm_top.i_dm_sba._396__8032/HI
 i_soc.i_dm_top.i_dm_sba._396__8050/HI
 i_soc.i_dm_top.i_dm_sba._397__8006/HI
 i_soc.i_dm_top.i_dm_sba._397__8016/HI
 i_soc.i_dm_top.i_dm_sba._399__8034/HI
 i_soc.i_dm_top.i_dm_sba._399__8053/HI
 i_soc.i_dm_top.i_dm_sba._400__8007/HI
 i_soc.i_dm_top.i_dm_sba._400__8018/HI
 i_soc.i_dm_top.i_dm_sba._402__8036/HI
 i_soc.i_dm_top.i_dm_sba._402__8056/HI
 i_soc.i_dm_top.i_dm_sba._403__8008/HI
 i_soc.i_dm_top.i_dm_sba._403__8020/HI
 i_soc.i_dm_top.i_dm_sba._405__8038/HI
 i_soc.i_dm_top.i_dm_sba._405__8059/HI
 i_soc.i_dm_top.i_dm_sba._406__8009/HI
 i_soc.i_dm_top.i_dm_sba._406__8022/HI
 i_soc.i_dm_top.i_dm_sba._408__8040/HI
 i_soc.i_dm_top.i_dm_sba._408__8061/HI
 i_soc.i_dm_top.i_dm_sba._409__8010/HI
 i_soc.i_dm_top.i_dm_sba._409__8024/HI
 i_soc.i_dm_top.i_dm_sba._411__8042/HI
 i_soc.i_dm_top.i_dm_sba._411__8064/HI
 i_soc.i_dm_top.i_dm_sba._412__8011/HI
 i_soc.i_dm_top.i_dm_sba._412__8026/HI
 i_soc.i_dm_top.i_dm_sba._414__8013/HI
 i_soc.i_dm_top.i_dm_sba._414__8029/HI
 i_soc.i_dm_top.i_dm_sba._415__8045/HI
 i_soc.i_dm_top.i_dm_sba._416__8015/HI
 i_soc.i_dm_top.i_dm_sba._416__8031/HI
 i_soc.i_dm_top.i_dm_sba._417__8048/HI
 i_soc.i_dm_top.i_dm_sba._418__8017/HI
 i_soc.i_dm_top.i_dm_sba._418__8033/HI
 i_soc.i_dm_top.i_dm_sba._419__8051/HI
 i_soc.i_dm_top.i_dm_sba._420__8019/HI
 i_soc.i_dm_top.i_dm_sba._420__8035/HI
 i_soc.i_dm_top.i_dm_sba._421__8054/HI
 i_soc.i_dm_top.i_dm_sba._422__8021/HI
 i_soc.i_dm_top.i_dm_sba._422__8037/HI
 i_soc.i_dm_top.i_dm_sba._423__8057/HI
 i_soc.i_dm_top.i_dm_sba._424__8060/HI
 i_soc.i_dm_top.i_dm_sba._425__8023/HI
 i_soc.i_dm_top.i_dm_sba._425__8039/HI
 i_soc.i_dm_top.i_dm_sba._427__8025/HI
 i_soc.i_dm_top.i_dm_sba._427__8041/HI
 i_soc.i_dm_top.i_dm_sba._428__8062/HI
 i_soc.i_dm_top.i_dm_sba._429__8027/HI
 i_soc.i_dm_top.i_dm_sba._429__8043/HI
 i_soc.i_dm_top.i_dm_sba._430__8065/HI
 i_soc.i_dm_top.i_dm_sba._439__8046/HI
 i_soc.i_dm_top.i_dm_sba._440__8049/HI
 i_soc.i_dm_top.i_dm_sba._441__8052/HI
 i_soc.i_dm_top.i_dm_sba._442__8055/HI
 i_soc.i_dm_top.i_dm_sba._443__8058/HI
 i_soc.i_dm_top.i_dm_sba._445__8063/HI
 i_soc.i_dm_top.i_dm_sba._446__8066/HI
 i_soc.i_dm_top.i_dm_sba._451__8582/LO
 i_soc.i_dmi_jtag.i_dmi_cdc.i_cdc_req.i_cdc_reset_ctrlr.i_cdc_reset_ctrlr_half_b._31__8545/HI
 i_soc.i_dmi_jtag.i_dmi_cdc.i_cdc_req.i_cdc_reset_ctrlr.i_cdc_reset_ctrlr_half_b._45__8546/HI
 i_soc.i_dmi_jtag.i_dmi_cdc.i_cdc_resp._3__8641/LO
 i_soc.i_dmi_jtag.i_dmi_cdc.i_cdc_resp.i_cdc_reset_ctrlr.i_cdc_reset_ctrlr_half_a._31__8547/HI
 i_soc.i_dmi_jtag.i_dmi_cdc.i_cdc_resp.i_cdc_reset_ctrlr.i_cdc_reset_ctrlr_half_a._45__8548/HI
 i_soc.i_dmi_jtag.i_dmi_jtag_tap.i_dft_tck_mux._0__8103/HI
 i_soc.i_instr_sram.u_sram.gen_bank\[0\].gen_512.u_macro/dout0[0]
 i_soc.i_instr_sram.u_sram.gen_bank\[0\].gen_512.u_macro/dout0[10]
 i_soc.i_instr_sram.u_sram.gen_bank\[0\].gen_512.u_macro/dout0[11]
 i_soc.i_instr_sram.u_sram.gen_bank\[0\].gen_512.u_macro/dout0[12]
 i_soc.i_instr_sram.u_sram.gen_bank\[0\].gen_512.u_macro/dout0[13]
 i_soc.i_instr_sram.u_sram.gen_bank\[0\].gen_512.u_macro/dout0[14]
 i_soc.i_instr_sram.u_sram.gen_bank\[0\].gen_512.u_macro/dout0[15]
 i_soc.i_instr_sram.u_sram.gen_bank\[0\].gen_512.u_macro/dout0[16]
 i_soc.i_instr_sram.u_sram.gen_bank\[0\].gen_512.u_macro/dout0[17]
 i_soc.i_instr_sram.u_sram.gen_bank\[0\].gen_512.u_macro/dout0[18]
 i_soc.i_instr_sram.u_sram.gen_bank\[0\].gen_512.u_macro/dout0[19]
 i_soc.i_instr_sram.u_sram.gen_bank\[0\].gen_512.u_macro/dout0[1]
 i_soc.i_instr_sram.u_sram.gen_bank\[0\].gen_512.u_macro/dout0[20]
 i_soc.i_instr_sram.u_sram.gen_bank\[0\].gen_512.u_macro/dout0[21]
 i_soc.i_instr_sram.u_sram.gen_bank\[0\].gen_512.u_macro/dout0[22]
 i_soc.i_instr_sram.u_sram.gen_bank\[0\].gen_512.u_macro/dout0[23]
 i_soc.i_instr_sram.u_sram.gen_bank\[0\].gen_512.u_macro/dout0[24]
 i_soc.i_instr_sram.u_sram.gen_bank\[0\].gen_512.u_macro/dout0[25]
 i_soc.i_instr_sram.u_sram.gen_bank\[0\].gen_512.u_macro/dout0[26]
 i_soc.i_instr_sram.u_sram.gen_bank\[0\].gen_512.u_macro/dout0[27]
 i_soc.i_instr_sram.u_sram.gen_bank\[0\].gen_512.u_macro/dout0[28]
 i_soc.i_instr_sram.u_sram.gen_bank\[0\].gen_512.u_macro/dout0[29]
 i_soc.i_instr_sram.u_sram.gen_bank\[0\].gen_512.u_macro/dout0[2]
 i_soc.i_instr_sram.u_sram.gen_bank\[0\].gen_512.u_macro/dout0[30]
 i_soc.i_instr_sram.u_sram.gen_bank\[0\].gen_512.u_macro/dout0[31]
 i_soc.i_instr_sram.u_sram.gen_bank\[0\].gen_512.u_macro/dout0[3]
 i_soc.i_instr_sram.u_sram.gen_bank\[0\].gen_512.u_macro/dout0[4]
 i_soc.i_instr_sram.u_sram.gen_bank\[0\].gen_512.u_macro/dout0[5]
 i_soc.i_instr_sram.u_sram.gen_bank\[0\].gen_512.u_macro/dout0[6]
 i_soc.i_instr_sram.u_sram.gen_bank\[0\].gen_512.u_macro/dout0[7]
 i_soc.i_instr_sram.u_sram.gen_bank\[0\].gen_512.u_macro/dout0[8]
 i_soc.i_instr_sram.u_sram.gen_bank\[0\].gen_512.u_macro/dout0[9]
 i_soc.i_instr_sram.u_sram.gen_bank\[0\].gen_512.u_macro_8565/HI
 i_soc.i_instr_sram.u_sram.gen_bank\[1\].gen_512.u_macro/dout0[0]
 i_soc.i_instr_sram.u_sram.gen_bank\[1\].gen_512.u_macro/dout0[10]
 i_soc.i_instr_sram.u_sram.gen_bank\[1\].gen_512.u_macro/dout0[11]
 i_soc.i_instr_sram.u_sram.gen_bank\[1\].gen_512.u_macro/dout0[12]
 i_soc.i_instr_sram.u_sram.gen_bank\[1\].gen_512.u_macro/dout0[13]
 i_soc.i_instr_sram.u_sram.gen_bank\[1\].gen_512.u_macro/dout0[14]
 i_soc.i_instr_sram.u_sram.gen_bank\[1\].gen_512.u_macro/dout0[15]
 i_soc.i_instr_sram.u_sram.gen_bank\[1\].gen_512.u_macro/dout0[16]
 i_soc.i_instr_sram.u_sram.gen_bank\[1\].gen_512.u_macro/dout0[17]
 i_soc.i_instr_sram.u_sram.gen_bank\[1\].gen_512.u_macro/dout0[18]
 i_soc.i_instr_sram.u_sram.gen_bank\[1\].gen_512.u_macro/dout0[19]
 i_soc.i_instr_sram.u_sram.gen_bank\[1\].gen_512.u_macro/dout0[1]
 i_soc.i_instr_sram.u_sram.gen_bank\[1\].gen_512.u_macro/dout0[20]
 i_soc.i_instr_sram.u_sram.gen_bank\[1\].gen_512.u_macro/dout0[21]
 i_soc.i_instr_sram.u_sram.gen_bank\[1\].gen_512.u_macro/dout0[22]
 i_soc.i_instr_sram.u_sram.gen_bank\[1\].gen_512.u_macro/dout0[23]
 i_soc.i_instr_sram.u_sram.gen_bank\[1\].gen_512.u_macro/dout0[24]
 i_soc.i_instr_sram.u_sram.gen_bank\[1\].gen_512.u_macro/dout0[25]
 i_soc.i_instr_sram.u_sram.gen_bank\[1\].gen_512.u_macro/dout0[26]
 i_soc.i_instr_sram.u_sram.gen_bank\[1\].gen_512.u_macro/dout0[27]
 i_soc.i_instr_sram.u_sram.gen_bank\[1\].gen_512.u_macro/dout0[28]
 i_soc.i_instr_sram.u_sram.gen_bank\[1\].gen_512.u_macro/dout0[29]
 i_soc.i_instr_sram.u_sram.gen_bank\[1\].gen_512.u_macro/dout0[2]
 i_soc.i_instr_sram.u_sram.gen_bank\[1\].gen_512.u_macro/dout0[30]
 i_soc.i_instr_sram.u_sram.gen_bank\[1\].gen_512.u_macro/dout0[31]
 i_soc.i_instr_sram.u_sram.gen_bank\[1\].gen_512.u_macro/dout0[3]
 i_soc.i_instr_sram.u_sram.gen_bank\[1\].gen_512.u_macro/dout0[4]
 i_soc.i_instr_sram.u_sram.gen_bank\[1\].gen_512.u_macro/dout0[5]
 i_soc.i_instr_sram.u_sram.gen_bank\[1\].gen_512.u_macro/dout0[6]
 i_soc.i_instr_sram.u_sram.gen_bank\[1\].gen_512.u_macro/dout0[7]
 i_soc.i_instr_sram.u_sram.gen_bank\[1\].gen_512.u_macro/dout0[8]
 i_soc.i_instr_sram.u_sram.gen_bank\[1\].gen_512.u_macro/dout0[9]
 i_soc.i_instr_sram.u_sram.gen_bank\[1\].gen_512.u_macro_8566/HI
 i_soc.i_instr_sram.u_sram.gen_bank\[2\].gen_512.u_macro/dout0[0]
 i_soc.i_instr_sram.u_sram.gen_bank\[2\].gen_512.u_macro/dout0[10]
 i_soc.i_instr_sram.u_sram.gen_bank\[2\].gen_512.u_macro/dout0[11]
 i_soc.i_instr_sram.u_sram.gen_bank\[2\].gen_512.u_macro/dout0[12]
 i_soc.i_instr_sram.u_sram.gen_bank\[2\].gen_512.u_macro/dout0[13]
 i_soc.i_instr_sram.u_sram.gen_bank\[2\].gen_512.u_macro/dout0[14]
 i_soc.i_instr_sram.u_sram.gen_bank\[2\].gen_512.u_macro/dout0[15]
 i_soc.i_instr_sram.u_sram.gen_bank\[2\].gen_512.u_macro/dout0[16]
 i_soc.i_instr_sram.u_sram.gen_bank\[2\].gen_512.u_macro/dout0[17]
 i_soc.i_instr_sram.u_sram.gen_bank\[2\].gen_512.u_macro/dout0[18]
 i_soc.i_instr_sram.u_sram.gen_bank\[2\].gen_512.u_macro/dout0[19]
 i_soc.i_instr_sram.u_sram.gen_bank\[2\].gen_512.u_macro/dout0[1]
 i_soc.i_instr_sram.u_sram.gen_bank\[2\].gen_512.u_macro/dout0[20]
 i_soc.i_instr_sram.u_sram.gen_bank\[2\].gen_512.u_macro/dout0[21]
 i_soc.i_instr_sram.u_sram.gen_bank\[2\].gen_512.u_macro/dout0[22]
 i_soc.i_instr_sram.u_sram.gen_bank\[2\].gen_512.u_macro/dout0[23]
 i_soc.i_instr_sram.u_sram.gen_bank\[2\].gen_512.u_macro/dout0[24]
 i_soc.i_instr_sram.u_sram.gen_bank\[2\].gen_512.u_macro/dout0[25]
 i_soc.i_instr_sram.u_sram.gen_bank\[2\].gen_512.u_macro/dout0[26]
 i_soc.i_instr_sram.u_sram.gen_bank\[2\].gen_512.u_macro/dout0[27]
 i_soc.i_instr_sram.u_sram.gen_bank\[2\].gen_512.u_macro/dout0[28]
 i_soc.i_instr_sram.u_sram.gen_bank\[2\].gen_512.u_macro/dout0[29]
 i_soc.i_instr_sram.u_sram.gen_bank\[2\].gen_512.u_macro/dout0[2]
 i_soc.i_instr_sram.u_sram.gen_bank\[2\].gen_512.u_macro/dout0[30]
 i_soc.i_instr_sram.u_sram.gen_bank\[2\].gen_512.u_macro/dout0[31]
 i_soc.i_instr_sram.u_sram.gen_bank\[2\].gen_512.u_macro/dout0[3]
 i_soc.i_instr_sram.u_sram.gen_bank\[2\].gen_512.u_macro/dout0[4]
 i_soc.i_instr_sram.u_sram.gen_bank\[2\].gen_512.u_macro/dout0[5]
 i_soc.i_instr_sram.u_sram.gen_bank\[2\].gen_512.u_macro/dout0[6]
 i_soc.i_instr_sram.u_sram.gen_bank\[2\].gen_512.u_macro/dout0[7]
 i_soc.i_instr_sram.u_sram.gen_bank\[2\].gen_512.u_macro/dout0[8]
 i_soc.i_instr_sram.u_sram.gen_bank\[2\].gen_512.u_macro/dout0[9]
 i_soc.i_instr_sram.u_sram.gen_bank\[2\].gen_512.u_macro_8567/HI
 i_soc.i_instr_sram.u_sram.gen_bank\[3\].gen_512.u_macro/dout0[0]
 i_soc.i_instr_sram.u_sram.gen_bank\[3\].gen_512.u_macro/dout0[10]
 i_soc.i_instr_sram.u_sram.gen_bank\[3\].gen_512.u_macro/dout0[11]
 i_soc.i_instr_sram.u_sram.gen_bank\[3\].gen_512.u_macro/dout0[12]
 i_soc.i_instr_sram.u_sram.gen_bank\[3\].gen_512.u_macro/dout0[13]
 i_soc.i_instr_sram.u_sram.gen_bank\[3\].gen_512.u_macro/dout0[14]
 i_soc.i_instr_sram.u_sram.gen_bank\[3\].gen_512.u_macro/dout0[15]
 i_soc.i_instr_sram.u_sram.gen_bank\[3\].gen_512.u_macro/dout0[16]
 i_soc.i_instr_sram.u_sram.gen_bank\[3\].gen_512.u_macro/dout0[17]
 i_soc.i_instr_sram.u_sram.gen_bank\[3\].gen_512.u_macro/dout0[18]
 i_soc.i_instr_sram.u_sram.gen_bank\[3\].gen_512.u_macro/dout0[19]
 i_soc.i_instr_sram.u_sram.gen_bank\[3\].gen_512.u_macro/dout0[1]
 i_soc.i_instr_sram.u_sram.gen_bank\[3\].gen_512.u_macro/dout0[20]
 i_soc.i_instr_sram.u_sram.gen_bank\[3\].gen_512.u_macro/dout0[21]
 i_soc.i_instr_sram.u_sram.gen_bank\[3\].gen_512.u_macro/dout0[22]
 i_soc.i_instr_sram.u_sram.gen_bank\[3\].gen_512.u_macro/dout0[23]
 i_soc.i_instr_sram.u_sram.gen_bank\[3\].gen_512.u_macro/dout0[24]
 i_soc.i_instr_sram.u_sram.gen_bank\[3\].gen_512.u_macro/dout0[25]
 i_soc.i_instr_sram.u_sram.gen_bank\[3\].gen_512.u_macro/dout0[26]
 i_soc.i_instr_sram.u_sram.gen_bank\[3\].gen_512.u_macro/dout0[27]
 i_soc.i_instr_sram.u_sram.gen_bank\[3\].gen_512.u_macro/dout0[28]
 i_soc.i_instr_sram.u_sram.gen_bank\[3\].gen_512.u_macro/dout0[29]
 i_soc.i_instr_sram.u_sram.gen_bank\[3\].gen_512.u_macro/dout0[2]
 i_soc.i_instr_sram.u_sram.gen_bank\[3\].gen_512.u_macro/dout0[30]
 i_soc.i_instr_sram.u_sram.gen_bank\[3\].gen_512.u_macro/dout0[31]
 i_soc.i_instr_sram.u_sram.gen_bank\[3\].gen_512.u_macro/dout0[3]
 i_soc.i_instr_sram.u_sram.gen_bank\[3\].gen_512.u_macro/dout0[4]
 i_soc.i_instr_sram.u_sram.gen_bank\[3\].gen_512.u_macro/dout0[5]
 i_soc.i_instr_sram.u_sram.gen_bank\[3\].gen_512.u_macro/dout0[6]
 i_soc.i_instr_sram.u_sram.gen_bank\[3\].gen_512.u_macro/dout0[7]
 i_soc.i_instr_sram.u_sram.gen_bank\[3\].gen_512.u_macro/dout0[8]
 i_soc.i_instr_sram.u_sram.gen_bank\[3\].gen_512.u_macro/dout0[9]
 i_soc.i_instr_sram.u_sram.gen_bank\[3\].gen_512.u_macro_8568/HI
 i_soc.i_obi_axi_instr._086__8528/HI
 i_soc.i_obi_axi_instr._087__8521/HI
 i_soc.i_obi_axi_instr._090__8104/HI
 i_soc.i_obi_axi_instr._091__8105/HI
 i_soc.i_obi_axi_instr._093__8522/HI
 i_soc.i_obi_axi_instr._094__8529/HI
 i_soc.i_obi_axi_instr._099__8530/HI
 i_soc.i_obi_axi_instr._100__8523/HI
 i_soc.i_obi_axi_instr._100__8526/HI
 i_soc.i_obi_axi_instr._102__8527/HI
 i_soc.i_obi_axi_instr._103__8106/HI
 i_soc.i_obi_axi_instr._105__8524/HI
 i_soc.i_obi_axi_instr._105__8531/HI
 i_soc.i_obi_axi_instr._175__8525/HI
 i_soc.i_obi_axi_instr._175__8532/HI
 i_soc.i_periph_decoder._0439__8549/HI
 i_soc.i_periph_decoder._0444__8550/HI
 i_soc.i_periph_decoder._0448__8551/HI
 i_soc.i_periph_decoder._0453__8552/HI
 i_soc.i_periph_decoder._0457__8553/HI
 i_soc.i_periph_decoder._0462__8554/HI
 i_soc.i_periph_decoder._0466__8555/HI
 i_soc.i_periph_decoder._0471__8556/HI
 i_soc.i_periph_decoder._0475__8557/HI
 i_soc.i_periph_decoder._0480__8558/HI
 i_soc.i_periph_decoder._0485__8559/HI
 i_soc.i_periph_decoder._0491__8560/HI
 i_soc.i_periph_decoder._0496__8561/HI
 i_soc.i_periph_decoder._0500__8562/HI
 i_soc.i_periph_decoder._0505__8563/HI
 i_soc.i_periph_decoder._0510__8564/HI
 i_soc.i_uart_0.i_uart_rx._261__8642/LO
 i_soc.i_uart_1.i_uart_rx._261__8643/LO
Found 0 partially unannotated drivers.

===========================================================================
max slew violation count 2852
max fanout violation count 865
max cap violation count 194
============================================================================

===========================================================================
check_setup -verbose -unconstrained_endpoints -multiple_clock -no_clock -no_input_delay -loops -generated_clocks
===========================================================================
Warning: There are 36 input ports missing set_input_delay.
  gpio_in_i[0]
  gpio_in_i[10]
  gpio_in_i[11]
  gpio_in_i[12]
  gpio_in_i[13]
  gpio_in_i[14]
  gpio_in_i[15]
  gpio_in_i[16]
  gpio_in_i[17]
  gpio_in_i[18]
  gpio_in_i[19]
  gpio_in_i[1]
  gpio_in_i[20]
  gpio_in_i[21]
  gpio_in_i[22]
  gpio_in_i[23]
  gpio_in_i[24]
  gpio_in_i[25]
  gpio_in_i[26]
  gpio_in_i[27]
  gpio_in_i[28]
  gpio_in_i[29]
  gpio_in_i[2]
  gpio_in_i[30]
  gpio_in_i[31]
  gpio_in_i[3]
  gpio_in_i[4]
  gpio_in_i[5]
  gpio_in_i[6]
  gpio_in_i[7]
  gpio_in_i[8]
  gpio_in_i[9]
  jtag_trst_ni
  rst_ni
  uart1_rxd_i
  uart_rxd_i
Warning: There are 16 unconstrained endpoints.
  i_soc.i_gpio._208_/D
  i_soc.i_gpio._209_/D
  i_soc.i_gpio._210_/D
  i_soc.i_gpio._211_/D
  i_soc.i_gpio._212_/D
  i_soc.i_gpio._213_/D
  i_soc.i_gpio._214_/D
  i_soc.i_gpio._215_/D
  i_soc.i_gpio._216_/D
  i_soc.i_gpio._217_/D
  i_soc.i_gpio._218_/D
  i_soc.i_gpio._219_/D
  i_soc.i_gpio._220_/D
  i_soc.i_gpio._221_/D
  i_soc.i_gpio._222_/D
  i_soc.i_gpio._223_/D
