Starting…
Running 'Verilator.Lint' at 'run/RUN_hold035_2026-09-09/01-verilator-lint'…
Logging subprocess to [repr.filename]'run/RUN_hold035_2026-09-09/01-verilator-lint/verilator-lint.log'[/repr.filename]…
Running 'Checker.LintTimingConstructs' at 'run/RUN_hold035_2026-09-09/02-checker-linttimingconstructs'…
Check for Lint Timing Errors clear.
Running 'Checker.LintErrors' at 'run/RUN_hold035_2026-09-09/03-checker-linterrors'…
Check for Lint errors clear.
Running 'Checker.LintWarnings' at 'run/RUN_hold035_2026-09-09/04-checker-lintwarnings'…
979 Lint warnings found.
Running 'Yosys.JsonHeader' at 'run/RUN_hold035_2026-09-09/05-yosys-jsonheader'…
Logging subprocess to [repr.filename]'run/RUN_hold035_2026-09-09/05-yosys-jsonheader/yosys-jsonheader.log'[/repr.filename]…
Running 'Yosys.Synthesis' at 'run/RUN_hold035_2026-09-09/06-yosys-synthesis'…
Logging subprocess to [repr.filename]'run/RUN_hold035_2026-09-09/06-yosys-synthesis/yosys-synthesis.log'[/repr.filename]…
Parsing synthesis checks…
Running 'Checker.YosysUnmappedCells' at 'run/RUN_hold035_2026-09-09/07-checker-yosysunmappedcells'…
Check for Unmapped Yosys instances clear.
Running 'Checker.YosysSynthChecks' at 'run/RUN_hold035_2026-09-09/08-checker-yosyssynthchecks'…
Check for Yosys check errors clear.
Running 'Checker.NetlistAssignStatements' at 'run/RUN_hold035_2026-09-09/09-checker-netlistassignstatements'…
Running 'OpenROAD.CheckSDCFiles' at 'run/RUN_hold035_2026-09-09/10-openroad-checksdcfiles'…
Running 'OpenROAD.CheckMacroInstances' at 'run/RUN_hold035_2026-09-09/11-openroad-checkmacroinstances'…
No macros found, skipping instance check…
Running 'OpenROAD.STAPrePNR' at 'run/RUN_hold035_2026-09-09/12-openroad-staprepnr'…
Starting STA for the nom_tt_025C_1v80 timing corner…
Starting STA for the nom_ss_100C_1v60 timing corner…
Starting STA for the nom_ff_n40C_1v95 timing corner…
Logging subprocess to [repr.filename]'run/RUN_hold035_2026-09-09/12-openroad-staprepnr/nom_ss_100C_1v60/sta.log'[/repr.filename]…
Logging subprocess to [repr.filename]'run/RUN_hold035_2026-09-09/12-openroad-staprepnr/nom_ff_n40C_1v95/sta.log'[/repr.filename]…
Logging subprocess to [repr.filename]'run/RUN_hold035_2026-09-09/12-openroad-staprepnr/nom_tt_025C_1v80/sta.log'[/repr.filename]…
Finished STA for the nom_tt_025C_1v80 timing corner.
Finished STA for the nom_ff_n40C_1v95 timing corner.
Finished STA for the nom_ss_100C_1v60 timing corner.
Running 'OpenROAD.Floorplan' at 'run/RUN_hold035_2026-09-09/13-openroad-floorplan'…
Logging subprocess to [repr.filename]'run/RUN_hold035_2026-09-09/13-openroad-floorplan/openroad-floorplan.log'[/repr.filename]…
[STA-0469] derating factor greater than 2.0.
[IFP-0028] Core area lower left (60.000, 60.000) snapped to (60.260, 62.560).
Running 'OpenROAD.DumpRCValues' at 'run/RUN_hold035_2026-09-09/14-openroad-dumprcvalues'…
Logging subprocess to [repr.filename]'run/RUN_hold035_2026-09-09/14-openroad-dumprcvalues/openroad-dumprcvalues.log'[/repr.filename]…
Running 'Odb.CheckMacroAntennaProperties' at 'run/RUN_hold035_2026-09-09/15-odb-checkmacroantennaproperties'…
No cells provided, skipping 'Odb.CheckMacroAntennaProperties'…
Running 'Odb.SetPowerConnections' at 'run/RUN_hold035_2026-09-09/16-odb-setpowerconnections'…
Logging subprocess to [repr.filename]'run/RUN_hold035_2026-09-09/16-odb-setpowerconnections/odb-setpowerconnections.log'[/repr.filename]…
Running 'Odb.ManualMacroPlacement' at 'run/RUN_hold035_2026-09-09/17-odb-manualmacroplacement'…
Using 'MACRO_PLACEMENT_CFG' is deprecated. It is recommended to use the new 'MACROS' configuration variable.
Logging subprocess to [repr.filename]'run/RUN_hold035_2026-09-09/17-odb-manualmacroplacement/odb-manualmacroplacement.log'[/repr.filename]…
Running 'OpenROAD.CutRows' at 'run/RUN_hold035_2026-09-09/18-openroad-cutrows'…
Logging subprocess to [repr.filename]'run/RUN_hold035_2026-09-09/18-openroad-cutrows/openroad-cutrows.log'[/repr.filename]…
[STA-0469] derating factor greater than 2.0.
Running 'OpenROAD.TapEndcapInsertion' at 'run/RUN_hold035_2026-09-09/19-openroad-tapendcapinsertion'…
Logging subprocess to [repr.filename]'run/RUN_hold035_2026-09-09/19-openroad-tapendcapinsertion/openroad-tapendcapinsertion.log'[/repr.filename]…
[STA-0469] derating factor greater than 2.0.
Running 'Odb.AddPDNObstructions' at 'run/RUN_hold035_2026-09-09/20-odb-addpdnobstructions'…
'PDN_OBSTRUCTIONS' is not defined. Skipping 'Odb.AddPDNObstructions'…
Running 'OpenROAD.GeneratePDN' at 'run/RUN_hold035_2026-09-09/21-openroad-generatepdn'…
'PDN_CFG' not explicitly set, setting it to /nix/store/5jsqcdxd774ydqqjk8zkw3zk47dxbryb-python3-3.13.9-env/lib/python3.13/site-packages/librelane/scripts/openroad/common/pdn_cfg.tcl…
Logging subprocess to [repr.filename]'run/RUN_hold035_2026-09-09/21-openroad-generatepdn/openroad-generatepdn.log'[/repr.filename]…
[STA-0469] derating factor greater than 2.0.
[PDN-0110] No via inserted between met1 and met4 at (536.5800, 1658.9600) - (538.1800, 1659.0200) on VPWR
[PDN-0110] No via inserted between met1 and met4 at (1458.1800, 1658.9600) - (1459.7800, 1659.0200) on VPWR
[PDN-0110] No via inserted between met1 and met4 at (1768.6800, 1063.6800) - (1770.2800, 1063.7600) on VGND
[PDN-0110] No via inserted between met1 and met4 at (2379.7800, 1658.9600) - (2381.3800, 1659.0200) on VPWR
[PDN-0110] No via inserted between met1 and met4 at (2690.2800, 1063.6800) - (2691.8800, 1063.7600) on VGND
[PDN-0110] No via inserted between met1 and met4 at (3611.8800, 1063.6800) - (3613.4800, 1063.7600) on VGND
[PDN-0110] No via inserted between met4 and met5 at (2237.5600, 1154.4400) - (2239.3000, 1155.5700) on VGND
[PDN-0110] No via inserted between met4 and met5 at (2916.2000, 1154.4400) - (2917.9400, 1155.5700) on VGND
[PDN-0110] No via inserted between met4 and met5 at (3220.6600, 1154.4400) - (3222.4000, 1155.5700) on VGND
[PDN-0110] No via inserted between met4 and met5 at (3899.3000, 1154.4400) - (3901.0400, 1155.5700) on VGND
[PDN-0110] No via inserted between met4 and met5 at (271.3600, 1154.4400) - (273.1000, 1155.5700) on VGND
[PDN-0110] No via inserted between met4 and met5 at (950.0000, 1154.4400) - (951.7400, 1155.5700) on VGND
[PDN-0110] No via inserted between met4 and met5 at (1254.4600, 1154.4400) - (1256.2000, 1155.5700) on VGND
[PDN-0110] No via inserted between met4 and met5 at (1933.1000, 1154.4400) - (1934.8400, 1155.5700) on VGND
Running 'Odb.RemovePDNObstructions' at 'run/RUN_hold035_2026-09-09/22-odb-removepdnobstructions'…
'PDN_OBSTRUCTIONS' is not defined. Skipping 'Odb.RemovePDNObstructions'…
Running 'Odb.AddRoutingObstructions' at 'run/RUN_hold035_2026-09-09/23-odb-addroutingobstructions'…
Logging subprocess to [repr.filename]'run/RUN_hold035_2026-09-09/23-odb-addroutingobstructions/odb-addroutingobstructions.log'[/repr.filename]…
Running 'OpenROAD.GlobalPlacementSkipIO' at 'run/RUN_hold035_2026-09-09/24-openroad-globalplacementskipio'…
Logging subprocess to [repr.filename]'run/RUN_hold035_2026-09-09/24-openroad-globalplacementskipio/openroad-globalplacementskipio.log'[/repr.filename]…
[STA-0469] derating factor greater than 2.0.
Running 'OpenROAD.IOPlacement' at 'run/RUN_hold035_2026-09-09/25-openroad-ioplacement'…
Logging subprocess to [repr.filename]'run/RUN_hold035_2026-09-09/25-openroad-ioplacement/openroad-ioplacement.log'[/repr.filename]…
[STA-0469] derating factor greater than 2.0.
Running 'Odb.CustomIOPlacement' at 'run/RUN_hold035_2026-09-09/26-odb-customioplacement'…
No custom I/O placement file configured, skipping 'Odb.CustomIOPlacement'…
Running 'Odb.ApplyDEFTemplate' at 'run/RUN_hold035_2026-09-09/27-odb-applydeftemplate'…
No DEF template provided, skipping 'Odb.ApplyDEFTemplate'…
Running 'OpenROAD.GlobalPlacement' at 'run/RUN_hold035_2026-09-09/28-openroad-globalplacement'…
Logging subprocess to [repr.filename]'run/RUN_hold035_2026-09-09/28-openroad-globalplacement/openroad-globalplacement.log'[/repr.filename]…
[STA-0469] derating factor greater than 2.0.
[GRT-0281] Net clk_i has a large fanout of 7530 terminals.
[GRT-0281] Net i_soc.i_ai_accel.rst_ni has a large fanout of 4236 terminals.
[GRT-0281] Net i_soc.i_cpu.core_i.clk has a large fanout of 2345 terminals.
Running 'Odb.WriteVerilogHeader' at 'run/RUN_hold035_2026-09-09/29-odb-writeverilogheader'…
Logging subprocess to [repr.filename]'run/RUN_hold035_2026-09-09/29-odb-writeverilogheader/odb-writeverilogheader.log'[/repr.filename]…
Running 'Checker.PowerGridViolations' at 'run/RUN_hold035_2026-09-09/30-checker-powergridviolations'…
Check for power grid violations (as reported by OpenROAD PSM- you may ignore these if LVS passes) clear.
Running 'OpenROAD.STAMidPNR' at 'run/RUN_hold035_2026-09-09/31-openroad-stamidpnr'…
Logging subprocess to [repr.filename]'run/RUN_hold035_2026-09-09/31-openroad-stamidpnr/openroad-stamidpnr.log'[/repr.filename]…
[STA-0469] derating factor greater than 2.0.
Running 'OpenROAD.RepairDesignPostGPL' at 'run/RUN_hold035_2026-09-09/32-openroad-repairdesignpostgpl'…
Logging subprocess to [repr.filename]'run/RUN_hold035_2026-09-09/32-openroad-repairdesignpostgpl/openroad-repairdesignpostgpl.log'[/repr.filename]…
[STA-1140] /home/blogic2026/run5/repo/asic/macros/sky130_sram_2kbyte_1rw1r_32x512_8/lib/sky130_sram_2kbyte_1rw1r_32x512_8_TT_1p8V_25C.lib line 1, library sky130_sram_2kbyte_1rw1r_32x512_8_TT_1p8V_25C_lib already exists.
[STA-1140] /home/blogic2026/run5/repo/asic/macros/sky130_sram_1kbyte_1rw1r_32x256_8/lib/sky130_sram_1kbyte_1rw1r_32x256_8_TT_1p8V_25C.lib line 1, library sky130_sram_1kbyte_1rw1r_32x256_8_TT_1p8V_25C_lib already exists.
[STA-1140] /home/blogic2026/run5/repo/asic/macros/sky130_sram_2kbyte_1rw1r_32x512_8/lib/sky130_sram_2kbyte_1rw1r_32x512_8_TT_1p8V_25C.lib line 1, library sky130_sram_2kbyte_1rw1r_32x512_8_TT_1p8V_25C_lib already exists.
[STA-1140] /home/blogic2026/run5/repo/asic/macros/sky130_sram_1kbyte_1rw1r_32x256_8/lib/sky130_sram_1kbyte_1rw1r_32x256_8_TT_1p8V_25C.lib line 1, library sky130_sram_1kbyte_1rw1r_32x256_8_TT_1p8V_25C_lib already exists.
[STA-0469] derating factor greater than 2.0.
[RSZ-0020] found 2 floating nets.
Running 'Odb.ManualGlobalPlacement' at 'run/RUN_hold035_2026-09-09/33-odb-manualglobalplacement'…
'MANUAL_GLOBAL_PLACEMENTS' not set. Skipping 'Odb.ManualGlobalPlacement'…
Running 'OpenROAD.DetailedPlacement' at 'run/RUN_hold035_2026-09-09/34-openroad-detailedplacement'…
Logging subprocess to [repr.filename]'run/RUN_hold035_2026-09-09/34-openroad-detailedplacement/openroad-detailedplacement.log'[/repr.filename]…
[STA-0469] derating factor greater than 2.0.
Running 'OpenROAD.CTS' at 'run/RUN_hold035_2026-09-09/35-openroad-cts'…
Logging subprocess to [repr.filename]'run/RUN_hold035_2026-09-09/35-openroad-cts/openroad-cts.log'[/repr.filename]…
[STA-1140] /home/blogic2026/run5/repo/asic/macros/sky130_sram_2kbyte_1rw1r_32x512_8/lib/sky130_sram_2kbyte_1rw1r_32x512_8_TT_1p8V_25C.lib line 1, library sky130_sram_2kbyte_1rw1r_32x512_8_TT_1p8V_25C_lib already exists.
[STA-1140] /home/blogic2026/run5/repo/asic/macros/sky130_sram_1kbyte_1rw1r_32x256_8/lib/sky130_sram_1kbyte_1rw1r_32x256_8_TT_1p8V_25C.lib line 1, library sky130_sram_1kbyte_1rw1r_32x256_8_TT_1p8V_25C_lib already exists.
[STA-1140] /home/blogic2026/run5/repo/asic/macros/sky130_sram_2kbyte_1rw1r_32x512_8/lib/sky130_sram_2kbyte_1rw1r_32x512_8_TT_1p8V_25C.lib line 1, library sky130_sram_2kbyte_1rw1r_32x512_8_TT_1p8V_25C_lib already exists.
[STA-1140] /home/blogic2026/run5/repo/asic/macros/sky130_sram_1kbyte_1rw1r_32x256_8/lib/sky130_sram_1kbyte_1rw1r_32x256_8_TT_1p8V_25C.lib line 1, library sky130_sram_1kbyte_1rw1r_32x256_8_TT_1p8V_25C_lib already exists.
[STA-0469] derating factor greater than 2.0.
[CTS-0128] -obstruction_aware is obsolete.
[CTS-0041] Net "i_soc.i_dmi_jtag.i_dmi_jtag_tap.i_dft_tck_mux.clk_o" has 1 sinks. Skipping...
[RSZ-0065] max wire length less than 6884u increases wire delays.
Running 'OpenROAD.STAMidPNR-1' at 'run/RUN_hold035_2026-09-09/36-openroad-stamidpnr-1'…
Logging subprocess to [repr.filename]'run/RUN_hold035_2026-09-09/36-openroad-stamidpnr-1/openroad-stamidpnr-1.log'[/repr.filename]…
[STA-0469] derating factor greater than 2.0.
Running 'OpenROAD.ResizerTimingPostCTS' at 'run/RUN_hold035_2026-09-09/37-openroad-resizertimingpostcts'…
Logging subprocess to [repr.filename]'run/RUN_hold035_2026-09-09/37-openroad-resizertimingpostcts/openroad-resizertimingpostcts.log'[/repr.filename]…
[STA-1140] /home/blogic2026/run5/repo/asic/macros/sky130_sram_2kbyte_1rw1r_32x512_8/lib/sky130_sram_2kbyte_1rw1r_32x512_8_TT_1p8V_25C.lib line 1, library sky130_sram_2kbyte_1rw1r_32x512_8_TT_1p8V_25C_lib already exists.
[STA-1140] /home/blogic2026/run5/repo/asic/macros/sky130_sram_1kbyte_1rw1r_32x256_8/lib/sky130_sram_1kbyte_1rw1r_32x256_8_TT_1p8V_25C.lib line 1, library sky130_sram_1kbyte_1rw1r_32x256_8_TT_1p8V_25C_lib already exists.
[STA-1140] /home/blogic2026/run5/repo/asic/macros/sky130_sram_2kbyte_1rw1r_32x512_8/lib/sky130_sram_2kbyte_1rw1r_32x512_8_TT_1p8V_25C.lib line 1, library sky130_sram_2kbyte_1rw1r_32x512_8_TT_1p8V_25C_lib already exists.
[STA-1140] /home/blogic2026/run5/repo/asic/macros/sky130_sram_1kbyte_1rw1r_32x256_8/lib/sky130_sram_1kbyte_1rw1r_32x256_8_TT_1p8V_25C.lib line 1, library sky130_sram_1kbyte_1rw1r_32x256_8_TT_1p8V_25C_lib already exists.
[STA-0469] derating factor greater than 2.0.
[RSZ-0062] Unable to repair all setup violations.
Running 'OpenROAD.STAMidPNR-2' at 'run/RUN_hold035_2026-09-09/38-openroad-stamidpnr-2'…
Logging subprocess to [repr.filename]'run/RUN_hold035_2026-09-09/38-openroad-stamidpnr-2/openroad-stamidpnr-2.log'[/repr.filename]…
[STA-0469] derating factor greater than 2.0.
Running 'OpenROAD.GlobalRouting' at 'run/RUN_hold035_2026-09-09/39-openroad-globalrouting'…
Logging subprocess to [repr.filename]'run/RUN_hold035_2026-09-09/39-openroad-globalrouting/openroad-globalrouting.log'[/repr.filename]…
[STA-0469] derating factor greater than 2.0.
Running 'OpenROAD.CheckAntennas' at 'run/RUN_hold035_2026-09-09/40-openroad-checkantennas'…
Logging subprocess to [repr.filename]'run/RUN_hold035_2026-09-09/40-openroad-checkantennas/openroad-checkantennas.log'[/repr.filename]…
[STA-0469] derating factor greater than 2.0.
Gating variable for step 'OpenROAD.RepairDesignPostGRT' set to 'False'- the step will be skipped.
Skipping step 'Repair Design (Post-Global Routing)'…
Running 'Odb.DiodesOnPorts' at 'run/RUN_hold035_2026-09-09/41-odb-diodesonports'…
'DIODE_ON_PORTS' is set to 'none': skipping 'Odb.DiodesOnPorts'…
Running 'Odb.HeuristicDiodeInsertion' at 'run/RUN_hold035_2026-09-09/42-odb-heuristicdiodeinsertion'…
Running 'Odb.FuzzyDiodePlacement' at 'run/RUN_hold035_2026-09-09/42-odb-heuristicdiodeinsertion/1-odb-fuzzydiodeplacement'…
'GPL_CELL_PADDING' is set to 0. This step may cause overlap failures.
Logging subprocess to [repr.filename]'run/RUN_hold035_2026-09-09/42-odb-heuristicdiodeinsertion/1-odb-fuzzydiodeplacement/odb-fuzzydiodeplacement.log'[/repr.filename]…
Running 'OpenROAD.DetailedPlacement' at 'run/RUN_hold035_2026-09-09/42-odb-heuristicdiodeinsertion/2-openroad-detailedplacement'…
Logging subprocess to [repr.filename]'run/RUN_hold035_2026-09-09/42-odb-heuristicdiodeinsertion/2-openroad-detailedplacement/openroad-detailedplacement.log'[/repr.filename]…
[STA-0469] derating factor greater than 2.0.
Running 'OpenROAD.GlobalRouting' at 'run/RUN_hold035_2026-09-09/42-odb-heuristicdiodeinsertion/3-openroad-globalrouting'…
Logging subprocess to [repr.filename]'run/RUN_hold035_2026-09-09/42-odb-heuristicdiodeinsertion/3-openroad-globalrouting/openroad-globalrouting.log'[/repr.filename]…
[STA-0469] derating factor greater than 2.0.
Running 'OpenROAD.RepairAntennas' at 'run/RUN_hold035_2026-09-09/43-openroad-repairantennas'…
Running 'OpenROAD.DiodeInsertion' at 'run/RUN_hold035_2026-09-09/43-openroad-repairantennas/1-openroad-diodeinsertion'…
Logging subprocess to [repr.filename]'run/RUN_hold035_2026-09-09/43-openroad-repairantennas/1-openroad-diodeinsertion/openroad-diodeinsertion.log'[/repr.filename]…
[STA-0469] derating factor greater than 2.0.
Running 'OpenROAD.CheckAntennas' at 'run/RUN_hold035_2026-09-09/43-openroad-repairantennas/2-openroad-checkantennas'…
Logging subprocess to [repr.filename]'run/RUN_hold035_2026-09-09/43-openroad-repairantennas/2-openroad-checkantennas/openroad-checkantennas.log'[/repr.filename]…
[STA-0469] derating factor greater than 2.0.
Running 'OpenROAD.ResizerTimingPostGRT' at 'run/RUN_hold035_2026-09-09/44-openroad-resizertimingpostgrt'…
Logging subprocess to [repr.filename]'run/RUN_hold035_2026-09-09/44-openroad-resizertimingpostgrt/openroad-resizertimingpostgrt.log'[/repr.filename]…
[STA-1140] /home/blogic2026/run5/repo/asic/macros/sky130_sram_2kbyte_1rw1r_32x512_8/lib/sky130_sram_2kbyte_1rw1r_32x512_8_TT_1p8V_25C.lib line 1, library sky130_sram_2kbyte_1rw1r_32x512_8_TT_1p8V_25C_lib already exists.
[STA-1140] /home/blogic2026/run5/repo/asic/macros/sky130_sram_1kbyte_1rw1r_32x256_8/lib/sky130_sram_1kbyte_1rw1r_32x256_8_TT_1p8V_25C.lib line 1, library sky130_sram_1kbyte_1rw1r_32x256_8_TT_1p8V_25C_lib already exists.
[STA-1140] /home/blogic2026/run5/repo/asic/macros/sky130_sram_2kbyte_1rw1r_32x512_8/lib/sky130_sram_2kbyte_1rw1r_32x512_8_TT_1p8V_25C.lib line 1, library sky130_sram_2kbyte_1rw1r_32x512_8_TT_1p8V_25C_lib already exists.
[STA-1140] /home/blogic2026/run5/repo/asic/macros/sky130_sram_1kbyte_1rw1r_32x256_8/lib/sky130_sram_1kbyte_1rw1r_32x256_8_TT_1p8V_25C.lib line 1, library sky130_sram_1kbyte_1rw1r_32x256_8_TT_1p8V_25C_lib already exists.
[STA-0469] derating factor greater than 2.0.
[RSZ-0062] Unable to repair all setup violations.
[EST-0026] Missing route to pin ANTENNA_wire8649_A/DIODE in net clk_i.
[EST-0026] Missing route to pin wire8649/A in net clk_i.
[EST-0026] Missing route to pin ANTENNA_wire8649_A/DIODE in net clk_i.
[EST-0026] Missing route to pin wire8649/A in net clk_i.
[EST-0026] Missing route to pin ANTENNA_wire8649_A/DIODE in net clk_i.
[EST-0026] Missing route to pin wire8649/A in net clk_i.
[EST-0026] Missing route to pin ANTENNA_i_soc.i_gpio._208__D/DIODE in net net1.
[EST-0026] Missing route to pin ANTENNA_input1_X/DIODE in net net1.
[EST-0026] Missing route to pin input1/X in net net1.
[EST-0026] Missing route to pin i_soc.i_gpio._208_/D in net net1.
[EST-0026] Missing route to pin ANTENNA_i_soc.i_gpio._208__D/DIODE in net net1.
[EST-0026] Missing route to pin ANTENNA_input1_X/DIODE in net net1.
[EST-0026] Missing route to pin input1/X in net net1.
[EST-0026] Missing route to pin i_soc.i_gpio._208_/D in net net1.
[EST-0026] Missing route to pin ANTENNA_i_soc.i_gpio._208__D/DIODE in net net1.
[EST-0026] Missing route to pin ANTENNA_input1_X/DIODE in net net1.
[EST-0026] Missing route to pin input1/X in net net1.
[EST-0026] Missing route to pin i_soc.i_gpio._208_/D in net net1.
[EST-0026] Missing route to pin ANTENNA_i_soc.i_gpio._218__D/DIODE in net net2.
[EST-0026] Missing route to pin ANTENNA_input2_X/DIODE in net net2.
[EST-0026] Missing route to pin input2/X in net net2.
[EST-0026] Missing route to pin i_soc.i_gpio._218_/D in net net2.
[EST-0026] Missing route to pin ANTENNA_i_soc.i_gpio._218__D/DIODE in net net2.
[EST-0026] Missing route to pin ANTENNA_input2_X/DIODE in net net2.
[EST-0026] Missing route to pin input2/X in net net2.
[EST-0026] Missing route to pin i_soc.i_gpio._218_/D in net net2.
[EST-0026] Missing route to pin ANTENNA_i_soc.i_gpio._218__D/DIODE in net net2.
[EST-0026] Missing route to pin ANTENNA_input2_X/DIODE in net net2.
[EST-0026] Missing route to pin input2/X in net net2.
[EST-0026] Missing route to pin i_soc.i_gpio._218_/D in net net2.
[EST-0026] Missing route to pin ANTENNA_i_soc.i_gpio._219__D/DIODE in net net3.
[EST-0026] Missing route to pin ANTENNA_input3_X/DIODE in net net3.
[EST-0026] Missing route to pin input3/X in net net3.
[EST-0026] Missing route to pin i_soc.i_gpio._219_/D in net net3.
[EST-0026] Missing route to pin ANTENNA_i_soc.i_gpio._219__D/DIODE in net net3.
[EST-0026] Missing route to pin ANTENNA_input3_X/DIODE in net net3.
[EST-0026] Missing route to pin input3/X in net net3.
[EST-0026] Missing route to pin i_soc.i_gpio._219_/D in net net3.
[EST-0026] Missing route to pin ANTENNA_i_soc.i_gpio._219__D/DIODE in net net3.
[EST-0026] Missing route to pin ANTENNA_input3_X/DIODE in net net3.
[EST-0026] Missing route to pin input3/X in net net3.
[EST-0026] Missing route to pin i_soc.i_gpio._219_/D in net net3.
[EST-0026] Missing route to pin ANTENNA_i_soc.i_gpio._220__D/DIODE in net net4.
[EST-0026] Missing route to pin ANTENNA_input4_X/DIODE in net net4.
[EST-0026] Missing route to pin input4/X in net net4.
[EST-0026] Missing route to pin i_soc.i_gpio._220_/D in net net4.
[EST-0026] Missing route to pin ANTENNA_i_soc.i_gpio._220__D/DIODE in net net4.
[EST-0026] Missing route to pin ANTENNA_input4_X/DIODE in net net4.
[EST-0026] Missing route to pin input4/X in net net4.
[EST-0026] Missing route to pin i_soc.i_gpio._220_/D in net net4.
[EST-0026] Missing route to pin ANTENNA_i_soc.i_gpio._220__D/DIODE in net net4.
[EST-0026] Missing route to pin ANTENNA_input4_X/DIODE in net net4.
[EST-0026] Missing route to pin input4/X in net net4.
[EST-0026] Missing route to pin i_soc.i_gpio._220_/D in net net4.
[EST-0026] Missing route to pin ANTENNA_i_soc.i_gpio._221__D/DIODE in net net5.
[EST-0026] Missing route to pin ANTENNA_input5_X/DIODE in net net5.
[EST-0026] Missing route to pin input5/X in net net5.
[EST-0026] Missing route to pin i_soc.i_gpio._221_/D in net net5.
[EST-0026] Missing route to pin ANTENNA_i_soc.i_gpio._221__D/DIODE in net net5.
[EST-0026] Missing route to pin ANTENNA_input5_X/DIODE in net net5.
[EST-0026] Missing route to pin input5/X in net net5.
[EST-0026] Missing route to pin i_soc.i_gpio._221_/D in net net5.
[EST-0026] Missing route to pin ANTENNA_i_soc.i_gpio._221__D/DIODE in net net5.
[EST-0026] Missing route to pin ANTENNA_input5_X/DIODE in net net5.
[EST-0026] Missing route to pin input5/X in net net5.
[EST-0026] Missing route to pin i_soc.i_gpio._221_/D in net net5.
[EST-0026] Missing route to pin ANTENNA_i_soc.i_gpio._222__D/DIODE in net net6.
[EST-0026] Missing route to pin ANTENNA_input6_X/DIODE in net net6.
[EST-0026] Missing route to pin input6/X in net net6.
[EST-0026] Missing route to pin i_soc.i_gpio._222_/D in net net6.
[EST-0026] Missing route to pin ANTENNA_i_soc.i_gpio._222__D/DIODE in net net6.
[EST-0026] Missing route to pin ANTENNA_input6_X/DIODE in net net6.
[EST-0026] Missing route to pin input6/X in net net6.
[EST-0026] Missing route to pin i_soc.i_gpio._222_/D in net net6.
[EST-0026] Missing route to pin ANTENNA_i_soc.i_gpio._222__D/DIODE in net net6.
[EST-0026] Missing route to pin ANTENNA_input6_X/DIODE in net net6.
[EST-0026] Missing route to pin input6/X in net net6.
[EST-0026] Missing route to pin i_soc.i_gpio._222_/D in net net6.
[EST-0026] Missing route to pin ANTENNA_i_soc.i_gpio._223__D/DIODE in net net7.
[EST-0026] Missing route to pin ANTENNA_input7_X/DIODE in net net7.
[EST-0026] Missing route to pin input7/X in net net7.
[EST-0026] Missing route to pin i_soc.i_gpio._223_/D in net net7.
[EST-0026] Missing route to pin ANTENNA_i_soc.i_gpio._223__D/DIODE in net net7.
[EST-0026] Missing route to pin ANTENNA_input7_X/DIODE in net net7.
[EST-0026] Missing route to pin input7/X in net net7.
[EST-0026] Missing route to pin i_soc.i_gpio._223_/D in net net7.
[EST-0026] Missing route to pin ANTENNA_i_soc.i_gpio._223__D/DIODE in net net7.
[EST-0026] Missing route to pin ANTENNA_input7_X/DIODE in net net7.
[EST-0026] Missing route to pin input7/X in net net7.
[EST-0026] Missing route to pin i_soc.i_gpio._223_/D in net net7.
[EST-0026] Missing route to pin ANTENNA_i_soc.i_gpio._209__D/DIODE in net net8.
[EST-0026] Missing route to pin ANTENNA_input8_X/DIODE in net net8.
[EST-0026] Missing route to pin input8/X in net net8.
[EST-0026] Missing route to pin i_soc.i_gpio._209_/D in net net8.
[EST-0026] Missing route to pin ANTENNA_i_soc.i_gpio._209__D/DIODE in net net8.
[EST-0026] Missing route to pin ANTENNA_input8_X/DIODE in net net8.
[EST-0026] Missing route to pin input8/X in net net8.
[EST-0026] Missing route to pin i_soc.i_gpio._209_/D in net net8.
[EST-0026] Missing route to pin ANTENNA_i_soc.i_gpio._209__D/DIODE in net net8.
[EST-0026] Missing route to pin ANTENNA_input8_X/DIODE in net net8.
[EST-0026] Missing route to pin input8/X in net net8.
[EST-0026] Missing route to pin i_soc.i_gpio._209_/D in net net8.
[EST-0026] Missing route to pin ANTENNA_i_soc.i_gpio._210__D/DIODE in net net9.
[EST-0026] Missing route to pin ANTENNA_input9_X/DIODE in net net9.
[EST-0026] Missing route to pin input9/X in net net9.
[EST-0026] Missing route to pin i_soc.i_gpio._210_/D in net net9.
[EST-0026] Missing route to pin ANTENNA_i_soc.i_gpio._210__D/DIODE in net net9.
[EST-0026] Missing route to pin ANTENNA_input9_X/DIODE in net net9.
[EST-0026] Missing route to pin input9/X in net net9.
[EST-0026] Missing route to pin i_soc.i_gpio._210_/D in net net9.
[EST-0026] Missing route to pin ANTENNA_i_soc.i_gpio._210__D/DIODE in net net9.
[EST-0026] Missing route to pin ANTENNA_input9_X/DIODE in net net9.
[EST-0026] Missing route to pin input9/X in net net9.
[EST-0026] Missing route to pin i_soc.i_gpio._210_/D in net net9.
[EST-0026] Missing route to pin ANTENNA_i_soc.i_gpio._211__D/DIODE in net net10.
[EST-0026] Missing route to pin ANTENNA_input10_X/DIODE in net net10.
[EST-0026] Missing route to pin input10/X in net net10.
[EST-0026] Missing route to pin i_soc.i_gpio._211_/D in net net10.
[EST-0026] Missing route to pin ANTENNA_i_soc.i_gpio._211__D/DIODE in net net10.
[EST-0026] Missing route to pin ANTENNA_input10_X/DIODE in net net10.
[EST-0026] Missing route to pin input10/X in net net10.
[EST-0026] Missing route to pin i_soc.i_gpio._211_/D in net net10.
[EST-0026] Missing route to pin ANTENNA_i_soc.i_gpio._211__D/DIODE in net net10.
[EST-0026] Missing route to pin ANTENNA_input10_X/DIODE in net net10.
[EST-0026] Missing route to pin input10/X in net net10.
[EST-0026] Missing route to pin i_soc.i_gpio._211_/D in net net10.
[EST-0026] Missing route to pin ANTENNA_i_soc.i_gpio._212__D/DIODE in net net11.
[EST-0026] Missing route to pin ANTENNA_input11_X/DIODE in net net11.
[EST-0026] Missing route to pin input11/X in net net11.
[EST-0026] Missing route to pin i_soc.i_gpio._212_/D in net net11.
[EST-0026] Missing route to pin ANTENNA_i_soc.i_gpio._212__D/DIODE in net net11.
[EST-0026] Missing route to pin ANTENNA_input11_X/DIODE in net net11.
[EST-0026] Missing route to pin input11/X in net net11.
[EST-0026] Missing route to pin i_soc.i_gpio._212_/D in net net11.
[EST-0026] Missing route to pin ANTENNA_i_soc.i_gpio._212__D/DIODE in net net11.
[EST-0026] Missing route to pin ANTENNA_input11_X/DIODE in net net11.
[EST-0026] Missing route to pin input11/X in net net11.
[EST-0026] Missing route to pin i_soc.i_gpio._212_/D in net net11.
[EST-0026] Missing route to pin ANTENNA_i_soc.i_gpio._213__D/DIODE in net net12.
[EST-0026] Missing route to pin ANTENNA_input12_X/DIODE in net net12.
[EST-0026] Missing route to pin input12/X in net net12.
[EST-0026] Missing route to pin i_soc.i_gpio._213_/D in net net12.
[EST-0026] Missing route to pin ANTENNA_i_soc.i_gpio._213__D/DIODE in net net12.
[EST-0026] Missing route to pin ANTENNA_input12_X/DIODE in net net12.
[EST-0026] Missing route to pin input12/X in net net12.
[EST-0026] Missing route to pin i_soc.i_gpio._213_/D in net net12.
[EST-0026] Missing route to pin ANTENNA_i_soc.i_gpio._213__D/DIODE in net net12.
[EST-0026] Missing route to pin ANTENNA_input12_X/DIODE in net net12.
[EST-0026] Missing route to pin input12/X in net net12.
[EST-0026] Missing route to pin i_soc.i_gpio._213_/D in net net12.
[EST-0026] Missing route to pin ANTENNA_i_soc.i_gpio._214__D/DIODE in net net13.
[EST-0026] Missing route to pin ANTENNA_input13_X/DIODE in net net13.
[EST-0026] Missing route to pin input13/X in net net13.
[EST-0026] Missing route to pin i_soc.i_gpio._214_/D in net net13.
[EST-0026] Missing route to pin ANTENNA_i_soc.i_gpio._214__D/DIODE in net net13.
[EST-0026] Missing route to pin ANTENNA_input13_X/DIODE in net net13.
[EST-0026] Missing route to pin input13/X in net net13.
[EST-0026] Missing route to pin i_soc.i_gpio._214_/D in net net13.
[EST-0026] Missing route to pin ANTENNA_i_soc.i_gpio._214__D/DIODE in net net13.
[EST-0026] Missing route to pin ANTENNA_input13_X/DIODE in net net13.
[EST-0026] Missing route to pin input13/X in net net13.
[EST-0026] Missing route to pin i_soc.i_gpio._214_/D in net net13.
[EST-0026] Missing route to pin ANTENNA_i_soc.i_gpio._215__D/DIODE in net net14.
[EST-0026] Missing route to pin ANTENNA_input14_X/DIODE in net net14.
[EST-0026] Missing route to pin input14/X in net net14.
[EST-0026] Missing route to pin i_soc.i_gpio._215_/D in net net14.
[EST-0026] Missing route to pin ANTENNA_i_soc.i_gpio._215__D/DIODE in net net14.
[EST-0026] Missing route to pin ANTENNA_input14_X/DIODE in net net14.
[EST-0026] Missing route to pin input14/X in net net14.
[EST-0026] Missing route to pin i_soc.i_gpio._215_/D in net net14.
[EST-0026] Missing route to pin ANTENNA_i_soc.i_gpio._215__D/DIODE in net net14.
[EST-0026] Missing route to pin ANTENNA_input14_X/DIODE in net net14.
[EST-0026] Missing route to pin input14/X in net net14.
[EST-0026] Missing route to pin i_soc.i_gpio._215_/D in net net14.
[EST-0026] Missing route to pin ANTENNA_i_soc.i_gpio._216__D/DIODE in net net15.
[EST-0026] Missing route to pin ANTENNA_input15_X/DIODE in net net15.
[EST-0026] Missing route to pin input15/X in net net15.
[EST-0026] Missing route to pin i_soc.i_gpio._216_/D in net net15.
[EST-0026] Missing route to pin ANTENNA_i_soc.i_gpio._216__D/DIODE in net net15.
[EST-0026] Missing route to pin ANTENNA_input15_X/DIODE in net net15.
[EST-0026] Missing route to pin input15/X in net net15.
[EST-0026] Missing route to pin i_soc.i_gpio._216_/D in net net15.
[EST-0026] Missing route to pin ANTENNA_i_soc.i_gpio._216__D/DIODE in net net15.
[EST-0026] Missing route to pin ANTENNA_input15_X/DIODE in net net15.
[EST-0026] Missing route to pin input15/X in net net15.
[EST-0026] Missing route to pin i_soc.i_gpio._216_/D in net net15.
[EST-0026] Missing route to pin ANTENNA_i_soc.i_gpio._217__D/DIODE in net net16.
[EST-0026] Missing route to pin ANTENNA_input16_X/DIODE in net net16.
[EST-0026] Missing route to pin input16/X in net net16.
[EST-0026] Missing route to pin i_soc.i_gpio._217_/D in net net16.
[EST-0026] Missing route to pin ANTENNA_i_soc.i_gpio._217__D/DIODE in net net16.
[EST-0026] Missing route to pin ANTENNA_input16_X/DIODE in net net16.
[EST-0026] Missing route to pin input16/X in net net16.
[EST-0026] Missing route to pin i_soc.i_gpio._217_/D in net net16.
[EST-0026] Missing route to pin ANTENNA_i_soc.i_gpio._217__D/DIODE in net net16.
[EST-0026] Missing route to pin ANTENNA_input16_X/DIODE in net net16.
[EST-0026] Missing route to pin input16/X in net net16.
[EST-0026] Missing route to pin i_soc.i_gpio._217_/D in net net16.
[EST-0026] Missing route to pin ANTENNA__00__X/DIODE in net net28.
[EST-0026] Missing route to pin ANTENNA_output28_A/DIODE in net net28.
[EST-0026] Missing route to pin output28/A in net net28.
[EST-0026] Missing route to pin _00_/X in net net28.
[EST-0026] Missing route to pin ANTENNA__00__X/DIODE in net net28.
[EST-0026] Missing route to pin ANTENNA_output28_A/DIODE in net net28.
[EST-0026] Missing route to pin output28/A in net net28.
[EST-0026] Missing route to pin _00_/X in net net28.
[EST-0026] Missing route to pin ANTENNA__00__X/DIODE in net net28.
[EST-0026] Missing route to pin ANTENNA_output28_A/DIODE in net net28.
[EST-0026] Missing route to pin output28/A in net net28.
[EST-0026] Missing route to pin _00_/X in net net28.
[EST-0026] Missing route to pin ANTENNA__10__X/DIODE in net net29.
[EST-0026] Missing route to pin ANTENNA_output29_A/DIODE in net net29.
[EST-0026] Missing route to pin output29/A in net net29.
[EST-0026] Missing route to pin _10_/X in net net29.
[EST-0026] Missing route to pin ANTENNA__10__X/DIODE in net net29.
[EST-0026] Missing route to pin ANTENNA_output29_A/DIODE in net net29.
[EST-0026] Missing route to pin output29/A in net net29.
[EST-0026] Missing route to pin _10_/X in net net29.
[EST-0026] Missing route to pin ANTENNA__10__X/DIODE in net net29.
[EST-0026] Missing route to pin ANTENNA_output29_A/DIODE in net net29.
[EST-0026] Missing route to pin output29/A in net net29.
[EST-0026] Missing route to pin _10_/X in net net29.
[EST-0026] Missing route to pin ANTENNA__11__X/DIODE in net net30.
[EST-0026] Missing route to pin ANTENNA_output30_A/DIODE in net net30.
[EST-0026] Missing route to pin output30/A in net net30.
[EST-0026] Missing route to pin _11_/X in net net30.
[EST-0026] Missing route to pin ANTENNA__11__X/DIODE in net net30.
[EST-0026] Missing route to pin ANTENNA_output30_A/DIODE in net net30.
[EST-0026] Missing route to pin output30/A in net net30.
[EST-0026] Missing route to pin _11_/X in net net30.
[EST-0026] Missing route to pin ANTENNA__11__X/DIODE in net net30.
[EST-0026] Missing route to pin ANTENNA_output30_A/DIODE in net net30.
[EST-0026] Missing route to pin output30/A in net net30.
[EST-0026] Missing route to pin _11_/X in net net30.
[EST-0026] Missing route to pin ANTENNA__12__X/DIODE in net net31.
[EST-0026] Missing route to pin ANTENNA_output31_A/DIODE in net net31.
[EST-0026] Missing route to pin output31/A in net net31.
[EST-0026] Missing route to pin _12_/X in net net31.
[EST-0026] Missing route to pin ANTENNA__12__X/DIODE in net net31.
[EST-0026] Missing route to pin ANTENNA_output31_A/DIODE in net net31.
[EST-0026] Missing route to pin output31/A in net net31.
[EST-0026] Missing route to pin _12_/X in net net31.
[EST-0026] Missing route to pin ANTENNA__12__X/DIODE in net net31.
[EST-0026] Missing route to pin ANTENNA_output31_A/DIODE in net net31.
[EST-0026] Missing route to pin output31/A in net net31.
[EST-0026] Missing route to pin _12_/X in net net31.
[EST-0026] Missing route to pin ANTENNA__13__X/DIODE in net net32.
[EST-0026] Missing route to pin ANTENNA_output32_A/DIODE in net net32.
[EST-0026] Missing route to pin output32/A in net net32.
[EST-0026] Missing route to pin _13_/X in net net32.
[EST-0026] Missing route to pin ANTENNA__13__X/DIODE in net net32.
[EST-0026] Missing route to pin ANTENNA_output32_A/DIODE in net net32.
[EST-0026] Missing route to pin output32/A in net net32.
[EST-0026] Missing route to pin _13_/X in net net32.
[EST-0026] Missing route to pin ANTENNA__13__X/DIODE in net net32.
[EST-0026] Missing route to pin ANTENNA_output32_A/DIODE in net net32.
[EST-0026] Missing route to pin output32/A in net net32.
[EST-0026] Missing route to pin _13_/X in net net32.
[EST-0026] Missing route to pin ANTENNA__14__X/DIODE in net net33.
[EST-0026] Missing route to pin ANTENNA_output33_A/DIODE in net net33.
[EST-0026] Missing route to pin output33/A in net net33.
[EST-0026] Missing route to pin _14_/X in net net33.
[EST-0026] Missing route to pin ANTENNA__14__X/DIODE in net net33.
[EST-0026] Missing route to pin ANTENNA_output33_A/DIODE in net net33.
[EST-0026] Missing route to pin output33/A in net net33.
[EST-0026] Missing route to pin _14_/X in net net33.
[EST-0026] Missing route to pin ANTENNA__14__X/DIODE in net net33.
[EST-0026] Missing route to pin ANTENNA_output33_A/DIODE in net net33.
[EST-0026] Missing route to pin output33/A in net net33.
[EST-0026] Missing route to pin _14_/X in net net33.
[EST-0026] Missing route to pin ANTENNA__15__X/DIODE in net net34.
[EST-0026] Missing route to pin ANTENNA_output34_A/DIODE in net net34.
[EST-0026] Missing route to pin output34/A in net net34.
[EST-0026] Missing route to pin _15_/X in net net34.
[EST-0026] Missing route to pin ANTENNA__15__X/DIODE in net net34.
[EST-0026] Missing route to pin ANTENNA_output34_A/DIODE in net net34.
[EST-0026] Missing route to pin output34/A in net net34.
[EST-0026] Missing route to pin _15_/X in net net34.
[EST-0026] Missing route to pin ANTENNA__15__X/DIODE in net net34.
[EST-0026] Missing route to pin ANTENNA_output34_A/DIODE in net net34.
[EST-0026] Missing route to pin output34/A in net net34.
[EST-0026] Missing route to pin _15_/X in net net34.
[EST-0026] Missing route to pin _16_/X in net gpio_out_o[16].
[EST-0026] Missing route to pin _16_/X in net gpio_out_o[16].
[EST-0026] Missing route to pin _16_/X in net gpio_out_o[16].
[EST-0026] Missing route to pin _17_/X in net gpio_out_o[17].
[EST-0026] Missing route to pin _17_/X in net gpio_out_o[17].
[EST-0026] Missing route to pin _17_/X in net gpio_out_o[17].
[EST-0026] Missing route to pin _18_/X in net gpio_out_o[18].
[EST-0026] Missing route to pin _18_/X in net gpio_out_o[18].
[EST-0026] Missing route to pin _18_/X in net gpio_out_o[18].
[EST-0026] Missing route to pin _19_/X in net gpio_out_o[19].
[EST-0026] Missing route to pin _19_/X in net gpio_out_o[19].
[EST-0026] Missing route to pin _19_/X in net gpio_out_o[19].
[EST-0026] Missing route to pin ANTENNA__01__X/DIODE in net net35.
[EST-0026] Missing route to pin ANTENNA_output35_A/DIODE in net net35.
[EST-0026] Missing route to pin output35/A in net net35.
[EST-0026] Missing route to pin _01_/X in net net35.
[EST-0026] Missing route to pin ANTENNA__01__X/DIODE in net net35.
[EST-0026] Missing route to pin ANTENNA_output35_A/DIODE in net net35.
[EST-0026] Missing route to pin output35/A in net net35.
[EST-0026] Missing route to pin _01_/X in net net35.
[EST-0026] Missing route to pin ANTENNA__01__X/DIODE in net net35.
[EST-0026] Missing route to pin ANTENNA_output35_A/DIODE in net net35.
[EST-0026] Missing route to pin output35/A in net net35.
[EST-0026] Missing route to pin _01_/X in net net35.
[EST-0026] Missing route to pin _20_/X in net gpio_out_o[20].
[EST-0026] Missing route to pin gpio_out_o[20] in net gpio_out_o[20].
[EST-0026] Missing route to pin _20_/X in net gpio_out_o[20].
[EST-0026] Missing route to pin gpio_out_o[20] in net gpio_out_o[20].
[EST-0026] Missing route to pin _20_/X in net gpio_out_o[20].
[EST-0026] Missing route to pin gpio_out_o[20] in net gpio_out_o[20].
[EST-0026] Missing route to pin _21_/X in net gpio_out_o[21].
[EST-0026] Missing route to pin _21_/X in net gpio_out_o[21].
[EST-0026] Missing route to pin _21_/X in net gpio_out_o[21].
[EST-0026] Missing route to pin _22_/X in net gpio_out_o[22].
[EST-0026] Missing route to pin _22_/X in net gpio_out_o[22].
[EST-0026] Missing route to pin _22_/X in net gpio_out_o[22].
[EST-0026] Missing route to pin _23_/X in net gpio_out_o[23].
[EST-0026] Missing route to pin _23_/X in net gpio_out_o[23].
[EST-0026] Missing route to pin _23_/X in net gpio_out_o[23].
[EST-0026] Missing route to pin _24_/X in net gpio_out_o[24].
[EST-0026] Missing route to pin _24_/X in net gpio_out_o[24].
[EST-0026] Missing route to pin _24_/X in net gpio_out_o[24].
[EST-0026] Missing route to pin _25_/X in net gpio_out_o[25].
[EST-0026] Missing route to pin _25_/X in net gpio_out_o[25].
[EST-0026] Missing route to pin _25_/X in net gpio_out_o[25].
[EST-0026] Missing route to pin _26_/X in net gpio_out_o[26].
[EST-0026] Missing route to pin _26_/X in net gpio_out_o[26].
[EST-0026] Missing route to pin _26_/X in net gpio_out_o[26].
[EST-0026] Missing route to pin _27_/X in net gpio_out_o[27].
[EST-0026] Missing route to pin gpio_out_o[27] in net gpio_out_o[27].
[EST-0026] Missing route to pin _27_/X in net gpio_out_o[27].
[EST-0026] Missing route to pin gpio_out_o[27] in net gpio_out_o[27].
[EST-0026] Missing route to pin _27_/X in net gpio_out_o[27].
[EST-0026] Missing route to pin gpio_out_o[27] in net gpio_out_o[27].
[EST-0026] Missing route to pin _28_/X in net gpio_out_o[28].
[EST-0026] Missing route to pin _28_/X in net gpio_out_o[28].
[EST-0026] Missing route to pin _28_/X in net gpio_out_o[28].
[EST-0026] Missing route to pin _29_/X in net gpio_out_o[29].
[EST-0026] Missing route to pin gpio_out_o[29] in net gpio_out_o[29].
[EST-0026] Missing route to pin _29_/X in net gpio_out_o[29].
[EST-0026] Missing route to pin gpio_out_o[29] in net gpio_out_o[29].
[EST-0026] Missing route to pin _29_/X in net gpio_out_o[29].
[EST-0026] Missing route to pin gpio_out_o[29] in net gpio_out_o[29].
[EST-0026] Missing route to pin ANTENNA__02__X/DIODE in net net36.
[EST-0026] Missing route to pin ANTENNA_output36_A/DIODE in net net36.
[EST-0026] Missing route to pin output36/A in net net36.
[EST-0026] Missing route to pin _02_/X in net net36.
[EST-0026] Missing route to pin ANTENNA__02__X/DIODE in net net36.
[EST-0026] Missing route to pin ANTENNA_output36_A/DIODE in net net36.
[EST-0026] Missing route to pin output36/A in net net36.
[EST-0026] Missing route to pin _02_/X in net net36.
[EST-0026] Missing route to pin ANTENNA__02__X/DIODE in net net36.
[EST-0026] Missing route to pin ANTENNA_output36_A/DIODE in net net36.
[EST-0026] Missing route to pin output36/A in net net36.
[EST-0026] Missing route to pin _02_/X in net net36.
[EST-0026] Missing route to pin _30_/X in net gpio_out_o[30].
[EST-0026] Missing route to pin _30_/X in net gpio_out_o[30].
[EST-0026] Missing route to pin _30_/X in net gpio_out_o[30].
[EST-0026] Missing route to pin _31_/X in net gpio_out_o[31].
[EST-0026] Missing route to pin _31_/X in net gpio_out_o[31].
[EST-0026] Missing route to pin _31_/X in net gpio_out_o[31].
[EST-0026] Missing route to pin ANTENNA__03__X/DIODE in net net37.
[EST-0026] Missing route to pin ANTENNA_output37_A/DIODE in net net37.
[EST-0026] Missing route to pin output37/A in net net37.
[EST-0026] Missing route to pin _03_/X in net net37.
[EST-0026] Missing route to pin ANTENNA__03__X/DIODE in net net37.
[EST-0026] Missing route to pin ANTENNA_output37_A/DIODE in net net37.
[EST-0026] Missing route to pin output37/A in net net37.
[EST-0026] Missing route to pin _03_/X in net net37.
[EST-0026] Missing route to pin ANTENNA__03__X/DIODE in net net37.
[EST-0026] Missing route to pin ANTENNA_output37_A/DIODE in net net37.
[EST-0026] Missing route to pin output37/A in net net37.
[EST-0026] Missing route to pin _03_/X in net net37.
[EST-0026] Missing route to pin ANTENNA__04__X/DIODE in net net38.
[EST-0026] Missing route to pin ANTENNA_output38_A/DIODE in net net38.
[EST-0026] Missing route to pin output38/A in net net38.
[EST-0026] Missing route to pin _04_/X in net net38.
[EST-0026] Missing route to pin ANTENNA__04__X/DIODE in net net38.
[EST-0026] Missing route to pin ANTENNA_output38_A/DIODE in net net38.
[EST-0026] Missing route to pin output38/A in net net38.
[EST-0026] Missing route to pin _04_/X in net net38.
[EST-0026] Missing route to pin ANTENNA__04__X/DIODE in net net38.
[EST-0026] Missing route to pin ANTENNA_output38_A/DIODE in net net38.
[EST-0026] Missing route to pin output38/A in net net38.
[EST-0026] Missing route to pin _04_/X in net net38.
[EST-0026] Missing route to pin ANTENNA__05__X/DIODE in net net39.
[EST-0026] Missing route to pin ANTENNA_output39_A/DIODE in net net39.
[EST-0026] Missing route to pin output39/A in net net39.
[EST-0026] Missing route to pin _05_/X in net net39.
[EST-0026] Missing route to pin ANTENNA__05__X/DIODE in net net39.
[EST-0026] Missing route to pin ANTENNA_output39_A/DIODE in net net39.
[EST-0026] Missing route to pin output39/A in net net39.
[EST-0026] Missing route to pin _05_/X in net net39.
[EST-0026] Missing route to pin ANTENNA__05__X/DIODE in net net39.
[EST-0026] Missing route to pin ANTENNA_output39_A/DIODE in net net39.
[EST-0026] Missing route to pin output39/A in net net39.
[EST-0026] Missing route to pin _05_/X in net net39.
[EST-0026] Missing route to pin ANTENNA__06__X/DIODE in net net40.
[EST-0026] Missing route to pin ANTENNA_output40_A/DIODE in net net40.
[EST-0026] Missing route to pin output40/A in net net40.
[EST-0026] Missing route to pin _06_/X in net net40.
[EST-0026] Missing route to pin ANTENNA__06__X/DIODE in net net40.
[EST-0026] Missing route to pin ANTENNA_output40_A/DIODE in net net40.
[EST-0026] Missing route to pin output40/A in net net40.
[EST-0026] Missing route to pin _06_/X in net net40.
[EST-0026] Missing route to pin ANTENNA__06__X/DIODE in net net40.
[EST-0026] Missing route to pin ANTENNA_output40_A/DIODE in net net40.
[EST-0026] Missing route to pin output40/A in net net40.
[EST-0026] Missing route to pin _06_/X in net net40.
[EST-0026] Missing route to pin ANTENNA__07__X/DIODE in net net41.
[EST-0026] Missing route to pin ANTENNA_output41_A/DIODE in net net41.
[EST-0026] Missing route to pin output41/A in net net41.
[EST-0026] Missing route to pin _07_/X in net net41.
[EST-0026] Missing route to pin ANTENNA__07__X/DIODE in net net41.
[EST-0026] Missing route to pin ANTENNA_output41_A/DIODE in net net41.
[EST-0026] Missing route to pin output41/A in net net41.
[EST-0026] Missing route to pin _07_/X in net net41.
[EST-0026] Missing route to pin ANTENNA__07__X/DIODE in net net41.
[EST-0026] Missing route to pin ANTENNA_output41_A/DIODE in net net41.
[EST-0026] Missing route to pin output41/A in net net41.
[EST-0026] Missing route to pin _07_/X in net net41.
[EST-0026] Missing route to pin ANTENNA__08__X/DIODE in net net42.
[EST-0026] Missing route to pin ANTENNA_output42_A/DIODE in net net42.
[EST-0026] Missing route to pin output42/A in net net42.
[EST-0026] Missing route to pin _08_/X in net net42.
[EST-0026] Missing route to pin ANTENNA__08__X/DIODE in net net42.
[EST-0026] Missing route to pin ANTENNA_output42_A/DIODE in net net42.
[EST-0026] Missing route to pin output42/A in net net42.
[EST-0026] Missing route to pin _08_/X in net net42.
[EST-0026] Missing route to pin ANTENNA__08__X/DIODE in net net42.
[EST-0026] Missing route to pin ANTENNA_output42_A/DIODE in net net42.
[EST-0026] Missing route to pin output42/A in net net42.
[EST-0026] Missing route to pin _08_/X in net net42.
[EST-0026] Missing route to pin ANTENNA__09__X/DIODE in net net43.
[EST-0026] Missing route to pin ANTENNA_output43_A/DIODE in net net43.
[EST-0026] Missing route to pin output43/A in net net43.
[EST-0026] Missing route to pin _09_/X in net net43.
[EST-0026] Missing route to pin ANTENNA__09__X/DIODE in net net43.
[EST-0026] Missing route to pin ANTENNA_output43_A/DIODE in net net43.
[EST-0026] Missing route to pin output43/A in net net43.
[EST-0026] Missing route to pin _09_/X in net net43.
[EST-0026] Missing route to pin ANTENNA__09__X/DIODE in net net43.
[EST-0026] Missing route to pin ANTENNA_output43_A/DIODE in net net43.
[EST-0026] Missing route to pin output43/A in net net43.
[EST-0026] Missing route to pin _09_/X in net net43.
[EST-0026] Missing route to pin ANTENNA_i_soc.i_i2c._0746__A1/DIODE in net net44.
[EST-0026] Missing route to pin ANTENNA_i_soc.i_i2c._0980__Q/DIODE in net net44.
[EST-0026] Missing route to pin ANTENNA_output44_A/DIODE in net net44.
[EST-0026] Missing route to pin output44/A in net net44.
[EST-0026] Missing route to pin i_soc.i_i2c._0980_/Q in net net44.
[EST-0026] Missing route to pin i_soc.i_i2c._0746_/A1 in net net44.
[EST-0026] Missing route to pin ANTENNA_i_soc.i_i2c._0746__A1/DIODE in net net44.
[EST-0026] Missing route to pin ANTENNA_i_soc.i_i2c._0980__Q/DIODE in net net44.
[EST-0026] Missing route to pin ANTENNA_output44_A/DIODE in net net44.
[EST-0026] Missing route to pin output44/A in net net44.
[EST-0026] Missing route to pin i_soc.i_i2c._0980_/Q in net net44.
[EST-0026] Missing route to pin i_soc.i_i2c._0746_/A1 in net net44.
[EST-0026] Missing route to pin ANTENNA_i_soc.i_i2c._0746__A1/DIODE in net net44.
[EST-0026] Missing route to pin ANTENNA_i_soc.i_i2c._0980__Q/DIODE in net net44.
[EST-0026] Missing route to pin ANTENNA_output44_A/DIODE in net net44.
[EST-0026] Missing route to pin output44/A in net net44.
[EST-0026] Missing route to pin i_soc.i_i2c._0980_/Q in net net44.
[EST-0026] Missing route to pin i_soc.i_i2c._0746_/A1 in net net44.
[EST-0026] Missing route to pin hold19733/A in net net17.
[EST-0026] Missing route to pin input17/X in net net17.
[EST-0026] Missing route to pin hold19733/A in net net17.
[EST-0026] Missing route to pin input17/X in net net17.
[EST-0026] Missing route to pin hold19733/A in net net17.
[EST-0026] Missing route to pin input17/X in net net17.
[EST-0026] Missing route to pin ANTENNA_i_soc.i_i2c._0753__A1/DIODE in net net45.
[EST-0026] Missing route to pin ANTENNA_i_soc.i_i2c._0981__Q/DIODE in net net45.
[EST-0026] Missing route to pin ANTENNA_output45_A/DIODE in net net45.
[EST-0026] Missing route to pin output45/A in net net45.
[EST-0026] Missing route to pin i_soc.i_i2c._0981_/Q in net net45.
[EST-0026] Missing route to pin i_soc.i_i2c._0753_/A1 in net net45.
[EST-0026] Missing route to pin ANTENNA_i_soc.i_i2c._0753__A1/DIODE in net net45.
[EST-0026] Missing route to pin ANTENNA_i_soc.i_i2c._0981__Q/DIODE in net net45.
[EST-0026] Missing route to pin ANTENNA_output45_A/DIODE in net net45.
[EST-0026] Missing route to pin output45/A in net net45.
[EST-0026] Missing route to pin i_soc.i_i2c._0981_/Q in net net45.
[EST-0026] Missing route to pin i_soc.i_i2c._0753_/A1 in net net45.
[EST-0026] Missing route to pin ANTENNA_i_soc.i_i2c._0753__A1/DIODE in net net45.
[EST-0026] Missing route to pin ANTENNA_i_soc.i_i2c._0981__Q/DIODE in net net45.
[EST-0026] Missing route to pin ANTENNA_output45_A/DIODE in net net45.
[EST-0026] Missing route to pin output45/A in net net45.
[EST-0026] Missing route to pin i_soc.i_i2c._0981_/Q in net net45.
[EST-0026] Missing route to pin i_soc.i_i2c._0753_/A1 in net net45.
[EST-0026] Missing route to pin i_soc.i_cpu.core_i.if_stage_i._620_/A1 in net net8570.
[EST-0026] Missing route to pin i_soc.i_cpu.core_i.if_stage_i._620__8571/HI in net net8570.
[EST-0026] Missing route to pin i_soc.i_cpu.core_i.if_stage_i._620_/A1 in net net8570.
[EST-0026] Missing route to pin i_soc.i_cpu.core_i.if_stage_i._620__8571/HI in net net8570.
[EST-0026] Missing route to pin i_soc.i_cpu.core_i.if_stage_i._620_/A1 in net net8570.
[EST-0026] Missing route to pin i_soc.i_cpu.core_i.if_stage_i._620__8571/HI in net net8570.
[EST-0026] Missing route to pin i_soc.i_cpu.core_i.if_stage_i._620_/B2 in net net8572.
[EST-0026] Missing route to pin i_soc.i_cpu.core_i.if_stage_i._620__8573/HI in net net8572.
[EST-0026] Missing route to pin i_soc.i_cpu.core_i.if_stage_i._620_/B2 in net net8572.
[EST-0026] Missing route to pin i_soc.i_cpu.core_i.if_stage_i._620__8573/HI in net net8572.
[EST-0026] Missing route to pin i_soc.i_cpu.core_i.if_stage_i._620_/B2 in net net8572.
[EST-0026] Missing route to pin i_soc.i_cpu.core_i.if_stage_i._620__8573/HI in net net8572.
[EST-0026] Missing route to pin i_soc.i_cpu.core_i.cs_registers_i._2756_/A1 in net net8574.
[EST-0026] Missing route to pin i_soc.i_cpu.core_i.cs_registers_i._2756__8575/HI in net net8574.
[EST-0026] Missing route to pin i_soc.i_cpu.core_i.cs_registers_i._2756_/A1 in net net8574.
[EST-0026] Missing route to pin i_soc.i_cpu.core_i.cs_registers_i._2756__8575/HI in net net8574.
[EST-0026] Missing route to pin i_soc.i_cpu.core_i.cs_registers_i._2756_/A1 in net net8574.
[EST-0026] Missing route to pin i_soc.i_cpu.core_i.cs_registers_i._2756__8575/HI in net net8574.
[EST-0026] Missing route to pin i_soc.i_dm_top.i_dm_sba._451_/A1 in net net8581.
[EST-0026] Missing route to pin i_soc.i_dm_top.i_dm_sba._451__8582/HI in net net8581.
[EST-0026] Missing route to pin i_soc.i_dm_top.i_dm_sba._451_/A1 in net net8581.
[EST-0026] Missing route to pin i_soc.i_dm_top.i_dm_sba._451__8582/HI in net net8581.
[EST-0026] Missing route to pin i_soc.i_dm_top.i_dm_sba._451_/A1 in net net8581.
[EST-0026] Missing route to pin i_soc.i_dm_top.i_dm_sba._451__8582/HI in net net8581.
[EST-0026] Missing route to pin i_soc.i_dm_top.i_dm_sba._199_/A1 in net net8582.
[EST-0026] Missing route to pin i_soc.i_dm_top.i_dm_sba._199__8583/HI in net net8582.
[EST-0026] Missing route to pin i_soc.i_dm_top.i_dm_sba._199_/A1 in net net8582.
[EST-0026] Missing route to pin i_soc.i_dm_top.i_dm_sba._199__8583/HI in net net8582.
[EST-0026] Missing route to pin i_soc.i_dm_top.i_dm_sba._199_/A1 in net net8582.
[EST-0026] Missing route to pin i_soc.i_dm_top.i_dm_sba._199__8583/HI in net net8582.
[EST-0026] Missing route to pin i_soc.i_ai_accel.u_conv_w_mem_8584/HI in net net8583.
[EST-0026] Missing route to pin i_soc.i_ai_accel.u_conv_w_mem_8584/HI in net net8583.
[EST-0026] Missing route to pin i_soc.i_ai_accel.u_conv_w_mem_8584/HI in net net8583.
[EST-0026] Missing route to pin i_soc.i_cpu.core_i.if_stage_i._480_/A1 in net net7794.
[EST-0026] Missing route to pin i_soc.i_cpu.core_i.if_stage_i._480__7795/LO in net net7794.
[EST-0026] Missing route to pin i_soc.i_cpu.core_i.if_stage_i._480_/A1 in net net7794.
[EST-0026] Missing route to pin i_soc.i_cpu.core_i.if_stage_i._480__7795/LO in net net7794.
[EST-0026] Missing route to pin i_soc.i_cpu.core_i.if_stage_i._480_/A1 in net net7794.
[EST-0026] Missing route to pin i_soc.i_cpu.core_i.if_stage_i._480__7795/LO in net net7794.
[EST-0026] Missing route to pin i_soc.i_cpu.core_i.if_stage_i._483_/A1 in net net7795.
[EST-0026] Missing route to pin i_soc.i_cpu.core_i.if_stage_i._483__7796/LO in net net7795.
[EST-0026] Missing route to pin i_soc.i_cpu.core_i.if_stage_i._483_/A1 in net net7795.
[EST-0026] Missing route to pin i_soc.i_cpu.core_i.if_stage_i._483__7796/LO in net net7795.
[EST-0026] Missing route to pin i_soc.i_cpu.core_i.if_stage_i._483_/A1 in net net7795.
[EST-0026] Missing route to pin i_soc.i_cpu.core_i.if_stage_i._483__7796/LO in net net7795.
[EST-0026] Missing route to pin i_soc.i_cpu.core_i.if_stage_i._499_/B2 in net net7796.
[EST-0026] Missing route to pin i_soc.i_cpu.core_i.if_stage_i._499__7797/LO in net net7796.
[EST-0026] Missing route to pin i_soc.i_cpu.core_i.if_stage_i._499_/B2 in net net7796.
[EST-0026] Missing route to pin i_soc.i_cpu.core_i.if_stage_i._499__7797/LO in net net7796.
[EST-0026] Missing route to pin i_soc.i_cpu.core_i.if_stage_i._499_/B2 in net net7796.
[EST-0026] Missing route to pin i_soc.i_cpu.core_i.if_stage_i._499__7797/LO in net net7796.
[EST-0026] Missing route to pin i_soc.i_cpu.core_i.if_stage_i._509_/A1 in net net7797.
[EST-0026] Missing route to pin i_soc.i_cpu.core_i.if_stage_i._509__7798/LO in net net7797.
[EST-0026] Missing route to pin i_soc.i_cpu.core_i.if_stage_i._509_/A1 in net net7797.
[EST-0026] Missing route to pin i_soc.i_cpu.core_i.if_stage_i._509__7798/LO in net net7797.
[EST-0026] Missing route to pin i_soc.i_cpu.core_i.if_stage_i._509_/A1 in net net7797.
[EST-0026] Missing route to pin i_soc.i_cpu.core_i.if_stage_i._509__7798/LO in net net7797.
[EST-0026] Missing route to pin i_soc.i_cpu.core_i.if_stage_i._568_/B2 in net net7802.
[EST-0026] Missing route to pin i_soc.i_cpu.core_i.if_stage_i._568__7803/LO in net net7802.
[EST-0026] Missing route to pin i_soc.i_cpu.core_i.if_stage_i._568_/B2 in net net7802.
[EST-0026] Missing route to pin i_soc.i_cpu.core_i.if_stage_i._568__7803/LO in net net7802.
[EST-0026] Missing route to pin i_soc.i_cpu.core_i.if_stage_i._568_/B2 in net net7802.
[EST-0026] Missing route to pin i_soc.i_cpu.core_i.if_stage_i._568__7803/LO in net net7802.
[EST-0026] Missing route to pin i_soc.i_cpu.core_i.if_stage_i._569_/A in net net7803.
[EST-0026] Missing route to pin i_soc.i_cpu.core_i.if_stage_i._569__7804/LO in net net7803.
[EST-0026] Missing route to pin i_soc.i_cpu.core_i.if_stage_i._569_/A in net net7803.
[EST-0026] Missing route to pin i_soc.i_cpu.core_i.if_stage_i._569__7804/LO in net net7803.
[EST-0026] Missing route to pin i_soc.i_cpu.core_i.if_stage_i._569_/A in net net7803.
[EST-0026] Missing route to pin i_soc.i_cpu.core_i.if_stage_i._569__7804/LO in net net7803.
[EST-0026] Missing route to pin i_soc.i_cpu.core_i.if_stage_i._592_/B2 in net net7804.
[EST-0026] Missing route to pin i_soc.i_cpu.core_i.if_stage_i._592__7805/LO in net net7804.
[EST-0026] Missing route to pin i_soc.i_cpu.core_i.if_stage_i._592_/B2 in net net7804.
[EST-0026] Missing route to pin i_soc.i_cpu.core_i.if_stage_i._592__7805/LO in net net7804.
[EST-0026] Missing route to pin i_soc.i_cpu.core_i.if_stage_i._592_/B2 in net net7804.
[EST-0026] Missing route to pin i_soc.i_cpu.core_i.if_stage_i._592__7805/LO in net net7804.
[EST-0026] Missing route to pin i_soc.i_cpu.core_i.if_stage_i._603_/B2 in net net7805.
[EST-0026] Missing route to pin i_soc.i_cpu.core_i.if_stage_i._603__7806/LO in net net7805.
[EST-0026] Missing route to pin i_soc.i_cpu.core_i.if_stage_i._603_/B2 in net net7805.
[EST-0026] Missing route to pin i_soc.i_cpu.core_i.if_stage_i._603__7806/LO in net net7805.
[EST-0026] Missing route to pin i_soc.i_cpu.core_i.if_stage_i._603_/B2 in net net7805.
[EST-0026] Missing route to pin i_soc.i_cpu.core_i.if_stage_i._603__7806/LO in net net7805.
[EST-0026] Missing route to pin i_soc.i_cpu.core_i.if_stage_i._615_/B2 in net net7806.
[EST-0026] Missing route to pin i_soc.i_cpu.core_i.if_stage_i._615__7807/LO in net net7806.
[EST-0026] Missing route to pin i_soc.i_cpu.core_i.if_stage_i._615_/B2 in net net7806.
[EST-0026] Missing route to pin i_soc.i_cpu.core_i.if_stage_i._615__7807/LO in net net7806.
[EST-0026] Missing route to pin i_soc.i_cpu.core_i.if_stage_i._615_/B2 in net net7806.
[EST-0026] Missing route to pin i_soc.i_cpu.core_i.if_stage_i._615__7807/LO in net net7806.
[EST-0026] Missing route to pin i_soc.i_cpu.core_i.if_stage_i._625_/B2 in net net7807.
[EST-0026] Missing route to pin i_soc.i_cpu.core_i.if_stage_i._625__7808/LO in net net7807.
[EST-0026] Missing route to pin i_soc.i_cpu.core_i.if_stage_i._625_/B2 in net net7807.
[EST-0026] Missing route to pin i_soc.i_cpu.core_i.if_stage_i._625__7808/LO in net net7807.
[EST-0026] Missing route to pin i_soc.i_cpu.core_i.if_stage_i._625_/B2 in net net7807.
[EST-0026] Missing route to pin i_soc.i_cpu.core_i.if_stage_i._625__7808/LO in net net7807.
[EST-0026] Missing route to pin i_soc.i_cpu.core_i.if_stage_i._637_/B2 in net net7808.
[EST-0026] Missing route to pin i_soc.i_cpu.core_i.if_stage_i._637__7809/LO in net net7808.
[EST-0026] Missing route to pin i_soc.i_cpu.core_i.if_stage_i._637_/B2 in net net7808.
[EST-0026] Missing route to pin i_soc.i_cpu.core_i.if_stage_i._637__7809/LO in net net7808.
[EST-0026] Missing route to pin i_soc.i_cpu.core_i.if_stage_i._637_/B2 in net net7808.
[EST-0026] Missing route to pin i_soc.i_cpu.core_i.if_stage_i._637__7809/LO in net net7808.
[EST-0026] Missing route to pin i_soc.i_cpu.core_i.if_stage_i._661_/B2 in net net7810.
[EST-0026] Missing route to pin i_soc.i_cpu.core_i.if_stage_i._661__7811/LO in net net7810.
[EST-0026] Missing route to pin i_soc.i_cpu.core_i.if_stage_i._661_/B2 in net net7810.
[EST-0026] Missing route to pin i_soc.i_cpu.core_i.if_stage_i._661__7811/LO in net net7810.
[EST-0026] Missing route to pin i_soc.i_cpu.core_i.if_stage_i._661_/B2 in net net7810.
[EST-0026] Missing route to pin i_soc.i_cpu.core_i.if_stage_i._661__7811/LO in net net7810.
[EST-0026] Missing route to pin i_soc.i_cpu.core_i.if_stage_i._685_/B2 in net net7812.
[EST-0026] Missing route to pin i_soc.i_cpu.core_i.if_stage_i._685__7813/LO in net net7812.
[EST-0026] Missing route to pin i_soc.i_cpu.core_i.if_stage_i._685_/B2 in net net7812.
[EST-0026] Missing route to pin i_soc.i_cpu.core_i.if_stage_i._685__7813/LO in net net7812.
[EST-0026] Missing route to pin i_soc.i_cpu.core_i.if_stage_i._685_/B2 in net net7812.
[EST-0026] Missing route to pin i_soc.i_cpu.core_i.if_stage_i._685__7813/LO in net net7812.
[EST-0026] Missing route to pin i_soc.i_cpu.core_i.if_stage_i._711_/B2 in net net7814.
[EST-0026] Missing route to pin i_soc.i_cpu.core_i.if_stage_i._711__7815/LO in net net7814.
[EST-0026] Missing route to pin i_soc.i_cpu.core_i.if_stage_i._711_/B2 in net net7814.
[EST-0026] Missing route to pin i_soc.i_cpu.core_i.if_stage_i._711__7815/LO in net net7814.
[EST-0026] Missing route to pin i_soc.i_cpu.core_i.if_stage_i._711_/B2 in net net7814.
[EST-0026] Missing route to pin i_soc.i_cpu.core_i.if_stage_i._711__7815/LO in net net7814.
[EST-0026] Missing route to pin i_soc.i_cpu.core_i.if_stage_i._732_/B2 in net net7816.
[EST-0026] Missing route to pin i_soc.i_cpu.core_i.if_stage_i._732__7817/LO in net net7816.
[EST-0026] Missing route to pin i_soc.i_cpu.core_i.if_stage_i._732_/B2 in net net7816.
[EST-0026] Missing route to pin i_soc.i_cpu.core_i.if_stage_i._732__7817/LO in net net7816.
[EST-0026] Missing route to pin i_soc.i_cpu.core_i.if_stage_i._732_/B2 in net net7816.
[EST-0026] Missing route to pin i_soc.i_cpu.core_i.if_stage_i._732__7817/LO in net net7816.
[EST-0026] Missing route to pin i_soc.i_cpu.core_i.if_stage_i._452_/A1 in net net7822.
[EST-0026] Missing route to pin i_soc.i_cpu.core_i.if_stage_i._452__7823/LO in net net7822.
[EST-0026] Missing route to pin i_soc.i_cpu.core_i.if_stage_i._452_/A1 in net net7822.
[EST-0026] Missing route to pin i_soc.i_cpu.core_i.if_stage_i._452__7823/LO in net net7822.
[EST-0026] Missing route to pin i_soc.i_cpu.core_i.if_stage_i._452_/A1 in net net7822.
[EST-0026] Missing route to pin i_soc.i_cpu.core_i.if_stage_i._452__7823/LO in net net7822.
[EST-0026] Missing route to pin i_soc.i_cpu.core_i.if_stage_i._486_/A1 in net net7824.
[EST-0026] Missing route to pin i_soc.i_cpu.core_i.if_stage_i._486__7825/LO in net net7824.
[EST-0026] Missing route to pin i_soc.i_cpu.core_i.if_stage_i._486_/A1 in net net7824.
[EST-0026] Missing route to pin i_soc.i_cpu.core_i.if_stage_i._486__7825/LO in net net7824.
[EST-0026] Missing route to pin i_soc.i_cpu.core_i.if_stage_i._486_/A1 in net net7824.
[EST-0026] Missing route to pin i_soc.i_cpu.core_i.if_stage_i._486__7825/LO in net net7824.
[EST-0026] Missing route to pin i_soc.i_cpu.core_i.if_stage_i._551_/A1 in net net7829.
[EST-0026] Missing route to pin i_soc.i_cpu.core_i.if_stage_i._551__7830/LO in net net7829.
[EST-0026] Missing route to pin i_soc.i_cpu.core_i.if_stage_i._551_/A1 in net net7829.
[EST-0026] Missing route to pin i_soc.i_cpu.core_i.if_stage_i._551__7830/LO in net net7829.
[EST-0026] Missing route to pin i_soc.i_cpu.core_i.if_stage_i._551_/A1 in net net7829.
[EST-0026] Missing route to pin i_soc.i_cpu.core_i.if_stage_i._551__7830/LO in net net7829.
[EST-0026] Missing route to pin i_soc.i_cpu.core_i.if_stage_i._574_/A1 in net net7831.
[EST-0026] Missing route to pin i_soc.i_cpu.core_i.if_stage_i._574__7832/LO in net net7831.
[EST-0026] Missing route to pin i_soc.i_cpu.core_i.if_stage_i._574_/A1 in net net7831.
[EST-0026] Missing route to pin i_soc.i_cpu.core_i.if_stage_i._574__7832/LO in net net7831.
[EST-0026] Missing route to pin i_soc.i_cpu.core_i.if_stage_i._574_/A1 in net net7831.
[EST-0026] Missing route to pin i_soc.i_cpu.core_i.if_stage_i._574__7832/LO in net net7831.
[EST-0026] Missing route to pin i_soc.i_cpu.core_i.if_stage_i._643_/A1 in net net7836.
[EST-0026] Missing route to pin i_soc.i_cpu.core_i.if_stage_i._643__7837/LO in net net7836.
[EST-0026] Missing route to pin i_soc.i_cpu.core_i.if_stage_i._643_/A1 in net net7836.
[EST-0026] Missing route to pin i_soc.i_cpu.core_i.if_stage_i._643__7837/LO in net net7836.
[EST-0026] Missing route to pin i_soc.i_cpu.core_i.if_stage_i._643_/A1 in net net7836.
[EST-0026] Missing route to pin i_soc.i_cpu.core_i.if_stage_i._643__7837/LO in net net7836.
[EST-0026] Missing route to pin i_soc.i_cpu.core_i.if_stage_i._655_/A1 in net net7837.
[EST-0026] Missing route to pin i_soc.i_cpu.core_i.if_stage_i._655__7838/LO in net net7837.
[EST-0026] Missing route to pin i_soc.i_cpu.core_i.if_stage_i._655_/A1 in net net7837.
[EST-0026] Missing route to pin i_soc.i_cpu.core_i.if_stage_i._655__7838/LO in net net7837.
[EST-0026] Missing route to pin i_soc.i_cpu.core_i.if_stage_i._655_/A1 in net net7837.
[EST-0026] Missing route to pin i_soc.i_cpu.core_i.if_stage_i._655__7838/LO in net net7837.
[EST-0026] Missing route to pin i_soc.i_cpu.core_i.if_stage_i._679_/A1 in net net7839.
[EST-0026] Missing route to pin i_soc.i_cpu.core_i.if_stage_i._679__7840/LO in net net7839.
[EST-0026] Missing route to pin i_soc.i_cpu.core_i.if_stage_i._679_/A1 in net net7839.
[EST-0026] Missing route to pin i_soc.i_cpu.core_i.if_stage_i._679__7840/LO in net net7839.
[EST-0026] Missing route to pin i_soc.i_cpu.core_i.if_stage_i._679_/A1 in net net7839.
[EST-0026] Missing route to pin i_soc.i_cpu.core_i.if_stage_i._679__7840/LO in net net7839.
[EST-0026] Missing route to pin i_soc.i_cpu.core_i.if_stage_i._691_/A1 in net net7840.
[EST-0026] Missing route to pin i_soc.i_cpu.core_i.if_stage_i._691__7841/LO in net net7840.
[EST-0026] Missing route to pin i_soc.i_cpu.core_i.if_stage_i._691_/A1 in net net7840.
[EST-0026] Missing route to pin i_soc.i_cpu.core_i.if_stage_i._691__7841/LO in net net7840.
[EST-0026] Missing route to pin i_soc.i_cpu.core_i.if_stage_i._691_/A1 in net net7840.
[EST-0026] Missing route to pin i_soc.i_cpu.core_i.if_stage_i._691__7841/LO in net net7840.
[EST-0026] Missing route to pin i_soc.i_cpu.core_i.if_stage_i._705_/A1 in net net7841.
[EST-0026] Missing route to pin i_soc.i_cpu.core_i.if_stage_i._705__7842/LO in net net7841.
[EST-0026] Missing route to pin i_soc.i_cpu.core_i.if_stage_i._705_/A1 in net net7841.
[EST-0026] Missing route to pin i_soc.i_cpu.core_i.if_stage_i._705__7842/LO in net net7841.
[EST-0026] Missing route to pin i_soc.i_cpu.core_i.if_stage_i._705_/A1 in net net7841.
[EST-0026] Missing route to pin i_soc.i_cpu.core_i.if_stage_i._705__7842/LO in net net7841.
[EST-0026] Missing route to pin i_soc.i_cpu.core_i.if_stage_i._716_/A1 in net net7842.
[EST-0026] Missing route to pin i_soc.i_cpu.core_i.if_stage_i._716__7843/LO in net net7842.
[EST-0026] Missing route to pin i_soc.i_cpu.core_i.if_stage_i._716_/A1 in net net7842.
[EST-0026] Missing route to pin i_soc.i_cpu.core_i.if_stage_i._716__7843/LO in net net7842.
[EST-0026] Missing route to pin i_soc.i_cpu.core_i.if_stage_i._716_/A1 in net net7842.
[EST-0026] Missing route to pin i_soc.i_cpu.core_i.if_stage_i._716__7843/LO in net net7842.
[EST-0026] Missing route to pin i_soc.i_cpu.core_i.if_stage_i._750_/A1 in net net7845.
[EST-0026] Missing route to pin i_soc.i_cpu.core_i.if_stage_i._750__7846/LO in net net7845.
[EST-0026] Missing route to pin i_soc.i_cpu.core_i.if_stage_i._750_/A1 in net net7845.
[EST-0026] Missing route to pin i_soc.i_cpu.core_i.if_stage_i._750__7846/LO in net net7845.
[EST-0026] Missing route to pin i_soc.i_cpu.core_i.if_stage_i._750_/A1 in net net7845.
[EST-0026] Missing route to pin i_soc.i_cpu.core_i.if_stage_i._750__7846/LO in net net7845.
[EST-0026] Missing route to pin i_soc.i_cpu.core_i.if_stage_i._762_/A1 in net net7846.
[EST-0026] Missing route to pin i_soc.i_cpu.core_i.if_stage_i._762__7847/LO in net net7846.
[EST-0026] Missing route to pin i_soc.i_cpu.core_i.if_stage_i._762_/A1 in net net7846.
[EST-0026] Missing route to pin i_soc.i_cpu.core_i.if_stage_i._762__7847/LO in net net7846.
[EST-0026] Missing route to pin i_soc.i_cpu.core_i.if_stage_i._762_/A1 in net net7846.
[EST-0026] Missing route to pin i_soc.i_cpu.core_i.if_stage_i._762__7847/LO in net net7846.
[EST-0026] Missing route to pin i_soc.i_cpu.core_i.if_stage_i._773_/A1 in net net7847.
[EST-0026] Missing route to pin i_soc.i_cpu.core_i.if_stage_i._773__7848/LO in net net7847.
[EST-0026] Missing route to pin i_soc.i_cpu.core_i.if_stage_i._773_/A1 in net net7847.
[EST-0026] Missing route to pin i_soc.i_cpu.core_i.if_stage_i._773__7848/LO in net net7847.
[EST-0026] Missing route to pin i_soc.i_cpu.core_i.if_stage_i._773_/A1 in net net7847.
[EST-0026] Missing route to pin i_soc.i_cpu.core_i.if_stage_i._773__7848/LO in net net7847.
[EST-0026] Missing route to pin i_soc.i_cpu.core_i.if_stage_i._452_/B2 in net net7849.
[EST-0026] Missing route to pin i_soc.i_cpu.core_i.if_stage_i._452__7850/LO in net net7849.
[EST-0026] Missing route to pin i_soc.i_cpu.core_i.if_stage_i._452_/B2 in net net7849.
[EST-0026] Missing route to pin i_soc.i_cpu.core_i.if_stage_i._452__7850/LO in net net7849.
[EST-0026] Missing route to pin i_soc.i_cpu.core_i.if_stage_i._452_/B2 in net net7849.
[EST-0026] Missing route to pin i_soc.i_cpu.core_i.if_stage_i._452__7850/LO in net net7849.
[EST-0026] Missing route to pin i_soc.i_cpu.core_i.if_stage_i._486_/B2 in net net7852.
[EST-0026] Missing route to pin i_soc.i_cpu.core_i.if_stage_i._486__7853/LO in net net7852.
[EST-0026] Missing route to pin i_soc.i_cpu.core_i.if_stage_i._486_/B2 in net net7852.
[EST-0026] Missing route to pin i_soc.i_cpu.core_i.if_stage_i._486__7853/LO in net net7852.
[EST-0026] Missing route to pin i_soc.i_cpu.core_i.if_stage_i._486_/B2 in net net7852.
[EST-0026] Missing route to pin i_soc.i_cpu.core_i.if_stage_i._486__7853/LO in net net7852.
[EST-0026] Missing route to pin i_soc.i_cpu.core_i.if_stage_i._491_/B2 in net net7853.
[EST-0026] Missing route to pin i_soc.i_cpu.core_i.if_stage_i._491__7854/LO in net net7853.
[EST-0026] Missing route to pin i_soc.i_cpu.core_i.if_stage_i._491_/B2 in net net7853.
[EST-0026] Missing route to pin i_soc.i_cpu.core_i.if_stage_i._491__7854/LO in net net7853.
[EST-0026] Missing route to pin i_soc.i_cpu.core_i.if_stage_i._491_/B2 in net net7853.
[EST-0026] Missing route to pin i_soc.i_cpu.core_i.if_stage_i._491__7854/LO in net net7853.
[EST-0026] Missing route to pin i_soc.i_cpu.core_i.if_stage_i._504_/B2 in net net7854.
[EST-0026] Missing route to pin i_soc.i_cpu.core_i.if_stage_i._504__7855/LO in net net7854.
[EST-0026] Missing route to pin i_soc.i_cpu.core_i.if_stage_i._504_/B2 in net net7854.
[EST-0026] Missing route to pin i_soc.i_cpu.core_i.if_stage_i._504__7855/LO in net net7854.
[EST-0026] Missing route to pin i_soc.i_cpu.core_i.if_stage_i._504_/B2 in net net7854.
[EST-0026] Missing route to pin i_soc.i_cpu.core_i.if_stage_i._504__7855/LO in net net7854.
[EST-0026] Missing route to pin i_soc.i_cpu.core_i.if_stage_i._516_/B2 in net net7855.
[EST-0026] Missing route to pin i_soc.i_cpu.core_i.if_stage_i._516__7856/LO in net net7855.
[EST-0026] Missing route to pin i_soc.i_cpu.core_i.if_stage_i._516_/B2 in net net7855.
[EST-0026] Missing route to pin i_soc.i_cpu.core_i.if_stage_i._516__7856/LO in net net7855.
[EST-0026] Missing route to pin i_soc.i_cpu.core_i.if_stage_i._516_/B2 in net net7855.
[EST-0026] Missing route to pin i_soc.i_cpu.core_i.if_stage_i._516__7856/LO in net net7855.
[EST-0026] Missing route to pin i_soc.i_cpu.core_i.if_stage_i._551_/B2 in net net7857.
[EST-0026] Missing route to pin i_soc.i_cpu.core_i.if_stage_i._551__7858/LO in net net7857.
[EST-0026] Missing route to pin i_soc.i_cpu.core_i.if_stage_i._551_/B2 in net net7857.
[EST-0026] Missing route to pin i_soc.i_cpu.core_i.if_stage_i._551__7858/LO in net net7857.
[EST-0026] Missing route to pin i_soc.i_cpu.core_i.if_stage_i._551_/B2 in net net7857.
[EST-0026] Missing route to pin i_soc.i_cpu.core_i.if_stage_i._551__7858/LO in net net7857.
[EST-0026] Missing route to pin i_soc.i_cpu.core_i.if_stage_i._574_/B2 in net net7859.
[EST-0026] Missing route to pin i_soc.i_cpu.core_i.if_stage_i._574__7860/LO in net net7859.
[EST-0026] Missing route to pin i_soc.i_cpu.core_i.if_stage_i._574_/B2 in net net7859.
[EST-0026] Missing route to pin i_soc.i_cpu.core_i.if_stage_i._574__7860/LO in net net7859.
[EST-0026] Missing route to pin i_soc.i_cpu.core_i.if_stage_i._574_/B2 in net net7859.
[EST-0026] Missing route to pin i_soc.i_cpu.core_i.if_stage_i._574__7860/LO in net net7859.
[EST-0026] Missing route to pin i_soc.i_cpu.core_i.if_stage_i._586_/B2 in net net7860.
[EST-0026] Missing route to pin i_soc.i_cpu.core_i.if_stage_i._586__7861/LO in net net7860.
[EST-0026] Missing route to pin i_soc.i_cpu.core_i.if_stage_i._586_/B2 in net net7860.
[EST-0026] Missing route to pin i_soc.i_cpu.core_i.if_stage_i._586__7861/LO in net net7860.
[EST-0026] Missing route to pin i_soc.i_cpu.core_i.if_stage_i._586_/B2 in net net7860.
[EST-0026] Missing route to pin i_soc.i_cpu.core_i.if_stage_i._586__7861/LO in net net7860.
[EST-0026] Missing route to pin i_soc.i_cpu.core_i.if_stage_i._598_/B2 in net net7861.
[EST-0026] Missing route to pin i_soc.i_cpu.core_i.if_stage_i._598__7862/LO in net net7861.
[EST-0026] Missing route to pin i_soc.i_cpu.core_i.if_stage_i._598_/B2 in net net7861.
[EST-0026] Missing route to pin i_soc.i_cpu.core_i.if_stage_i._598__7862/LO in net net7861.
[EST-0026] Missing route to pin i_soc.i_cpu.core_i.if_stage_i._598_/B2 in net net7861.
[EST-0026] Missing route to pin i_soc.i_cpu.core_i.if_stage_i._598__7862/LO in net net7861.
[EST-0026] Missing route to pin i_soc.i_cpu.core_i.if_stage_i._643_/B2 in net net7864.
[EST-0026] Missing route to pin i_soc.i_cpu.core_i.if_stage_i._643__7865/LO in net net7864.
[EST-0026] Missing route to pin i_soc.i_cpu.core_i.if_stage_i._643_/B2 in net net7864.
[EST-0026] Missing route to pin i_soc.i_cpu.core_i.if_stage_i._643__7865/LO in net net7864.
[EST-0026] Missing route to pin i_soc.i_cpu.core_i.if_stage_i._643_/B2 in net net7864.
[EST-0026] Missing route to pin i_soc.i_cpu.core_i.if_stage_i._643__7865/LO in net net7864.
[EST-0026] Missing route to pin i_soc.i_cpu.core_i.if_stage_i._726_/B2 in net net7871.
[EST-0026] Missing route to pin i_soc.i_cpu.core_i.if_stage_i._726__7872/LO in net net7871.
[EST-0026] Missing route to pin i_soc.i_cpu.core_i.if_stage_i._726_/B2 in net net7871.
[EST-0026] Missing route to pin i_soc.i_cpu.core_i.if_stage_i._726__7872/LO in net net7871.
[EST-0026] Missing route to pin i_soc.i_cpu.core_i.if_stage_i._726_/B2 in net net7871.
[EST-0026] Missing route to pin i_soc.i_cpu.core_i.if_stage_i._726__7872/LO in net net7871.
[EST-0026] Missing route to pin i_soc.i_cpu.core_i.if_stage_i._750_/B2 in net net7873.
[EST-0026] Missing route to pin i_soc.i_cpu.core_i.if_stage_i._750__7874/LO in net net7873.
[EST-0026] Missing route to pin i_soc.i_cpu.core_i.if_stage_i._750_/B2 in net net7873.
[EST-0026] Missing route to pin i_soc.i_cpu.core_i.if_stage_i._750__7874/LO in net net7873.
[EST-0026] Missing route to pin i_soc.i_cpu.core_i.if_stage_i._750_/B2 in net net7873.
[EST-0026] Missing route to pin i_soc.i_cpu.core_i.if_stage_i._750__7874/LO in net net7873.
[EST-0026] Missing route to pin i_soc.i_cpu.core_i.if_stage_i._773_/B2 in net net7875.
[EST-0026] Missing route to pin i_soc.i_cpu.core_i.if_stage_i._773__7876/LO in net net7875.
[EST-0026] Missing route to pin i_soc.i_cpu.core_i.if_stage_i._773_/B2 in net net7875.
[EST-0026] Missing route to pin i_soc.i_cpu.core_i.if_stage_i._773__7876/LO in net net7875.
[EST-0026] Missing route to pin i_soc.i_cpu.core_i.if_stage_i._773_/B2 in net net7875.
[EST-0026] Missing route to pin i_soc.i_cpu.core_i.if_stage_i._773__7876/LO in net net7875.
[EST-0026] Missing route to pin i_soc.i_cpu.core_i.cs_registers_i._1997_/A1 in net net7878.
[EST-0026] Missing route to pin i_soc.i_cpu.core_i.cs_registers_i._1997__7879/LO in net net7878.
[EST-0026] Missing route to pin i_soc.i_cpu.core_i.cs_registers_i._1997_/A1 in net net7878.
[EST-0026] Missing route to pin i_soc.i_cpu.core_i.cs_registers_i._1997__7879/LO in net net7878.
[EST-0026] Missing route to pin i_soc.i_cpu.core_i.cs_registers_i._1997_/A1 in net net7878.
[EST-0026] Missing route to pin i_soc.i_cpu.core_i.cs_registers_i._1997__7879/LO in net net7878.
[EST-0026] Missing route to pin i_soc.i_cpu.core_i.cs_registers_i._2012_/B2 in net net7879.
[EST-0026] Missing route to pin i_soc.i_cpu.core_i.cs_registers_i._2012__7880/LO in net net7879.
[EST-0026] Missing route to pin i_soc.i_cpu.core_i.cs_registers_i._2012_/B2 in net net7879.
[EST-0026] Missing route to pin i_soc.i_cpu.core_i.cs_registers_i._2012__7880/LO in net net7879.
[EST-0026] Missing route to pin i_soc.i_cpu.core_i.cs_registers_i._2012_/B2 in net net7879.
[EST-0026] Missing route to pin i_soc.i_cpu.core_i.cs_registers_i._2012__7880/LO in net net7879.
[EST-0026] Missing route to pin i_soc.i_cpu.core_i.cs_registers_i._2026_/A1 in net net7880.
[EST-0026] Missing route to pin i_soc.i_cpu.core_i.cs_registers_i._2026__7881/LO in net net7880.
[EST-0026] Missing route to pin i_soc.i_cpu.core_i.cs_registers_i._2026_/A1 in net net7880.
[EST-0026] Missing route to pin i_soc.i_cpu.core_i.cs_registers_i._2026__7881/LO in net net7880.
[EST-0026] Missing route to pin i_soc.i_cpu.core_i.cs_registers_i._2026_/A1 in net net7880.
[EST-0026] Missing route to pin i_soc.i_cpu.core_i.cs_registers_i._2026__7881/LO in net net7880.
[EST-0026] Missing route to pin i_soc.i_cpu.core_i.cs_registers_i._2042_/A1 in net net7881.
[EST-0026] Missing route to pin i_soc.i_cpu.core_i.cs_registers_i._2042__7882/LO in net net7881.
[EST-0026] Missing route to pin i_soc.i_cpu.core_i.cs_registers_i._2042_/A1 in net net7881.
[EST-0026] Missing route to pin i_soc.i_cpu.core_i.cs_registers_i._2042__7882/LO in net net7881.
[EST-0026] Missing route to pin i_soc.i_cpu.core_i.cs_registers_i._2042_/A1 in net net7881.
[EST-0026] Missing route to pin i_soc.i_cpu.core_i.cs_registers_i._2042__7882/LO in net net7881.
[EST-0026] Missing route to pin i_soc.i_cpu.core_i.cs_registers_i._2068_/A1 in net net7883.
[EST-0026] Missing route to pin i_soc.i_cpu.core_i.cs_registers_i._2068__7884/LO in net net7883.
[EST-0026] Missing route to pin i_soc.i_cpu.core_i.cs_registers_i._2068_/A1 in net net7883.
[EST-0026] Missing route to pin i_soc.i_cpu.core_i.cs_registers_i._2068__7884/LO in net net7883.
[EST-0026] Missing route to pin i_soc.i_cpu.core_i.cs_registers_i._2068_/A1 in net net7883.
[EST-0026] Missing route to pin i_soc.i_cpu.core_i.cs_registers_i._2068__7884/LO in net net7883.
[EST-0026] Missing route to pin i_soc.i_cpu.core_i.cs_registers_i._2078_/A1 in net net7884.
[EST-0026] Missing route to pin i_soc.i_cpu.core_i.cs_registers_i._2078__7885/LO in net net7884.
[EST-0026] Missing route to pin i_soc.i_cpu.core_i.cs_registers_i._2078_/A1 in net net7884.
[EST-0026] Missing route to pin i_soc.i_cpu.core_i.cs_registers_i._2078__7885/LO in net net7884.
[EST-0026] Missing route to pin i_soc.i_cpu.core_i.cs_registers_i._2078_/A1 in net net7884.
[EST-0026] Missing route to pin i_soc.i_cpu.core_i.cs_registers_i._2078__7885/LO in net net7884.
[EST-0026] Missing route to pin i_soc.i_cpu.core_i.cs_registers_i._2092_/A1 in net net7885.
[EST-0026] Missing route to pin i_soc.i_cpu.core_i.cs_registers_i._2092__7886/LO in net net7885.
[EST-0026] Missing route to pin i_soc.i_cpu.core_i.cs_registers_i._2092_/A1 in net net7885.
[EST-0026] Missing route to pin i_soc.i_cpu.core_i.cs_registers_i._2092__7886/LO in net net7885.
[EST-0026] Missing route to pin i_soc.i_cpu.core_i.cs_registers_i._2092_/A1 in net net7885.
[EST-0026] Missing route to pin i_soc.i_cpu.core_i.cs_registers_i._2092__7886/LO in net net7885.
[EST-0026] Missing route to pin i_soc.i_cpu.core_i.cs_registers_i._2145_/A1 in net net7889.
[EST-0026] Missing route to pin i_soc.i_cpu.core_i.cs_registers_i._2145__7890/LO in net net7889.
[EST-0026] Missing route to pin i_soc.i_cpu.core_i.cs_registers_i._2145_/A1 in net net7889.
[EST-0026] Missing route to pin i_soc.i_cpu.core_i.cs_registers_i._2145__7890/LO in net net7889.
[EST-0026] Missing route to pin i_soc.i_cpu.core_i.cs_registers_i._2145_/A1 in net net7889.
[EST-0026] Missing route to pin i_soc.i_cpu.core_i.cs_registers_i._2145__7890/LO in net net7889.
[EST-0026] Missing route to pin i_soc.i_cpu.core_i.cs_registers_i._2157_/A1 in net net7890.
[EST-0026] Missing route to pin i_soc.i_cpu.core_i.cs_registers_i._2157__7891/LO in net net7890.
[EST-0026] Missing route to pin i_soc.i_cpu.core_i.cs_registers_i._2157_/A1 in net net7890.
[EST-0026] Missing route to pin i_soc.i_cpu.core_i.cs_registers_i._2157__7891/LO in net net7890.
[EST-0026] Missing route to pin i_soc.i_cpu.core_i.cs_registers_i._2157_/A1 in net net7890.
[EST-0026] Missing route to pin i_soc.i_cpu.core_i.cs_registers_i._2157__7891/LO in net net7890.
[EST-0026] Missing route to pin i_soc.i_cpu.core_i.cs_registers_i._2183_/A1 in net net7892.
[EST-0026] Missing route to pin i_soc.i_cpu.core_i.cs_registers_i._2183__7893/LO in net net7892.
[EST-0026] Missing route to pin i_soc.i_cpu.core_i.cs_registers_i._2183_/A1 in net net7892.
[EST-0026] Missing route to pin i_soc.i_cpu.core_i.cs_registers_i._2183__7893/LO in net net7892.
[EST-0026] Missing route to pin i_soc.i_cpu.core_i.cs_registers_i._2183_/A1 in net net7892.
[EST-0026] Missing route to pin i_soc.i_cpu.core_i.cs_registers_i._2183__7893/LO in net net7892.
[EST-0026] Missing route to pin i_soc.i_cpu.core_i.cs_registers_i._2197_/B2 in net net7893.
[EST-0026] Missing route to pin i_soc.i_cpu.core_i.cs_registers_i._2197__7894/LO in net net7893.
[EST-0026] Missing route to pin i_soc.i_cpu.core_i.cs_registers_i._2197_/B2 in net net7893.
[EST-0026] Missing route to pin i_soc.i_cpu.core_i.cs_registers_i._2197__7894/LO in net net7893.
[EST-0026] Missing route to pin i_soc.i_cpu.core_i.cs_registers_i._2197_/B2 in net net7893.
[EST-0026] Missing route to pin i_soc.i_cpu.core_i.cs_registers_i._2197__7894/LO in net net7893.
[EST-0026] Missing route to pin i_soc.i_cpu.core_i.cs_registers_i._2211_/B2 in net net7894.
[EST-0026] Missing route to pin i_soc.i_cpu.core_i.cs_registers_i._2211__7895/LO in net net7894.
[EST-0026] Missing route to pin i_soc.i_cpu.core_i.cs_registers_i._2211_/B2 in net net7894.
[EST-0026] Missing route to pin i_soc.i_cpu.core_i.cs_registers_i._2211__7895/LO in net net7894.
[EST-0026] Missing route to pin i_soc.i_cpu.core_i.cs_registers_i._2211_/B2 in net net7894.
[EST-0026] Missing route to pin i_soc.i_cpu.core_i.cs_registers_i._2211__7895/LO in net net7894.
[EST-0026] Missing route to pin i_soc.i_cpu.core_i.cs_registers_i._2247_/A1 in net net7897.
[EST-0026] Missing route to pin i_soc.i_cpu.core_i.cs_registers_i._2247__7898/LO in net net7897.
[EST-0026] Missing route to pin i_soc.i_cpu.core_i.cs_registers_i._2247_/A1 in net net7897.
[EST-0026] Missing route to pin i_soc.i_cpu.core_i.cs_registers_i._2247__7898/LO in net net7897.
[EST-0026] Missing route to pin i_soc.i_cpu.core_i.cs_registers_i._2247_/A1 in net net7897.
[EST-0026] Missing route to pin i_soc.i_cpu.core_i.cs_registers_i._2247__7898/LO in net net7897.
[EST-0026] Missing route to pin i_soc.i_cpu.core_i.cs_registers_i._2349_/A1 in net net7905.
[EST-0026] Missing route to pin i_soc.i_cpu.core_i.cs_registers_i._2349__7906/LO in net net7905.
[EST-0026] Missing route to pin i_soc.i_cpu.core_i.cs_registers_i._2349_/A1 in net net7905.
[EST-0026] Missing route to pin i_soc.i_cpu.core_i.cs_registers_i._2349__7906/LO in net net7905.
[EST-0026] Missing route to pin i_soc.i_cpu.core_i.cs_registers_i._2349_/A1 in net net7905.
[EST-0026] Missing route to pin i_soc.i_cpu.core_i.cs_registers_i._2349__7906/LO in net net7905.
[EST-0026] Missing route to pin i_soc.i_cpu.core_i.cs_registers_i._2360_/A1 in net net7906.
[EST-0026] Missing route to pin i_soc.i_cpu.core_i.cs_registers_i._2360__7907/LO in net net7906.
[EST-0026] Missing route to pin i_soc.i_cpu.core_i.cs_registers_i._2360_/A1 in net net7906.
[EST-0026] Missing route to pin i_soc.i_cpu.core_i.cs_registers_i._2360__7907/LO in net net7906.
[EST-0026] Missing route to pin i_soc.i_cpu.core_i.cs_registers_i._2360_/A1 in net net7906.
[EST-0026] Missing route to pin i_soc.i_cpu.core_i.cs_registers_i._2360__7907/LO in net net7906.
[EST-0026] Missing route to pin i_soc.i_cpu.core_i.id_stage_i.int_controller_i._068_/B2 in net net7908.
[EST-0026] Missing route to pin i_soc.i_cpu.core_i.id_stage_i.int_controller_i._068__7909/LO in net net7908.
[EST-0026] Missing route to pin i_soc.i_cpu.core_i.id_stage_i.int_controller_i._068_/B2 in net net7908.
[EST-0026] Missing route to pin i_soc.i_cpu.core_i.id_stage_i.int_controller_i._068__7909/LO in net net7908.
[EST-0026] Missing route to pin i_soc.i_cpu.core_i.id_stage_i.int_controller_i._068_/B2 in net net7908.
[EST-0026] Missing route to pin i_soc.i_cpu.core_i.id_stage_i.int_controller_i._068__7909/LO in net net7908.
[EST-0026] Missing route to pin i_soc.i_cpu.core_i.id_stage_i.int_controller_i._063_/A2 in net net7910.
[EST-0026] Missing route to pin i_soc.i_cpu.core_i.id_stage_i.int_controller_i._063__7911/LO in net net7910.
[EST-0026] Missing route to pin i_soc.i_cpu.core_i.id_stage_i.int_controller_i._063_/A2 in net net7910.
[EST-0026] Missing route to pin i_soc.i_cpu.core_i.id_stage_i.int_controller_i._063__7911/LO in net net7910.
[EST-0026] Missing route to pin i_soc.i_cpu.core_i.id_stage_i.int_controller_i._063_/A2 in net net7910.
[EST-0026] Missing route to pin i_soc.i_cpu.core_i.id_stage_i.int_controller_i._063__7911/LO in net net7910.
[EST-0026] Missing route to pin i_soc.i_cpu.core_i.id_stage_i.int_controller_i._054_/A1 in net net7911.
[EST-0026] Missing route to pin i_soc.i_cpu.core_i.id_stage_i.int_controller_i._054__7912/LO in net net7911.
[EST-0026] Missing route to pin i_soc.i_cpu.core_i.id_stage_i.int_controller_i._054_/A1 in net net7911.
[EST-0026] Missing route to pin i_soc.i_cpu.core_i.id_stage_i.int_controller_i._054__7912/LO in net net7911.
[EST-0026] Missing route to pin i_soc.i_cpu.core_i.id_stage_i.int_controller_i._054_/A1 in net net7911.
[EST-0026] Missing route to pin i_soc.i_cpu.core_i.id_stage_i.int_controller_i._054__7912/LO in net net7911.
[EST-0026] Missing route to pin i_soc.i_cpu.core_i.id_stage_i.int_controller_i._057_/A2 in net net7913.
[EST-0026] Missing route to pin i_soc.i_cpu.core_i.id_stage_i.int_controller_i._057__7914/LO in net net7913.
[EST-0026] Missing route to pin i_soc.i_cpu.core_i.id_stage_i.int_controller_i._057_/A2 in net net7913.
[EST-0026] Missing route to pin i_soc.i_cpu.core_i.id_stage_i.int_controller_i._057__7914/LO in net net7913.
[EST-0026] Missing route to pin i_soc.i_cpu.core_i.id_stage_i.int_controller_i._057_/A2 in net net7913.
[EST-0026] Missing route to pin i_soc.i_cpu.core_i.id_stage_i.int_controller_i._057__7914/LO in net net7913.
[EST-0026] Missing route to pin i_soc.i_cpu.core_i.id_stage_i.int_controller_i._058_/A2 in net net7914.
[EST-0026] Missing route to pin i_soc.i_cpu.core_i.id_stage_i.int_controller_i._058__7915/LO in net net7914.
[EST-0026] Missing route to pin i_soc.i_cpu.core_i.id_stage_i.int_controller_i._058_/A2 in net net7914.
[EST-0026] Missing route to pin i_soc.i_cpu.core_i.id_stage_i.int_controller_i._058__7915/LO in net net7914.
[EST-0026] Missing route to pin i_soc.i_cpu.core_i.id_stage_i.int_controller_i._058_/A2 in net net7914.
[EST-0026] Missing route to pin i_soc.i_cpu.core_i.id_stage_i.int_controller_i._058__7915/LO in net net7914.
[EST-0026] Missing route to pin i_soc.i_cpu.core_i.id_stage_i.int_controller_i._058_/B1 in net net7916.
[EST-0026] Missing route to pin i_soc.i_cpu.core_i.id_stage_i.int_controller_i._058__7917/LO in net net7916.
[EST-0026] Missing route to pin i_soc.i_cpu.core_i.id_stage_i.int_controller_i._058_/B1 in net net7916.
[EST-0026] Missing route to pin i_soc.i_cpu.core_i.id_stage_i.int_controller_i._058__7917/LO in net net7916.
[EST-0026] Missing route to pin i_soc.i_cpu.core_i.id_stage_i.int_controller_i._058_/B1 in net net7916.
[EST-0026] Missing route to pin i_soc.i_cpu.core_i.id_stage_i.int_controller_i._058__7917/LO in net net7916.
[EST-0026] Missing route to pin i_soc.i_cpu.core_i.id_stage_i.int_controller_i._067_/A2 in net net7919.
[EST-0026] Missing route to pin i_soc.i_cpu.core_i.id_stage_i.int_controller_i._067__7920/LO in net net7919.
[EST-0026] Missing route to pin i_soc.i_cpu.core_i.id_stage_i.int_controller_i._067_/A2 in net net7919.
[EST-0026] Missing route to pin i_soc.i_cpu.core_i.id_stage_i.int_controller_i._067__7920/LO in net net7919.
[EST-0026] Missing route to pin i_soc.i_cpu.core_i.id_stage_i.int_controller_i._067_/A2 in net net7919.
[EST-0026] Missing route to pin i_soc.i_cpu.core_i.id_stage_i.int_controller_i._067__7920/LO in net net7919.
[EST-0026] Missing route to pin i_soc.i_cpu.core_i.id_stage_i.int_controller_i._064_/A2 in net net7920.
[EST-0026] Missing route to pin i_soc.i_cpu.core_i.id_stage_i.int_controller_i._064__7921/LO in net net7920.
[EST-0026] Missing route to pin i_soc.i_cpu.core_i.id_stage_i.int_controller_i._064_/A2 in net net7920.
[EST-0026] Missing route to pin i_soc.i_cpu.core_i.id_stage_i.int_controller_i._064__7921/LO in net net7920.
[EST-0026] Missing route to pin i_soc.i_cpu.core_i.id_stage_i.int_controller_i._064_/A2 in net net7920.
[EST-0026] Missing route to pin i_soc.i_cpu.core_i.id_stage_i.int_controller_i._064__7921/LO in net net7920.
[EST-0026] Missing route to pin i_soc.i_cpu.core_i.id_stage_i.int_controller_i._066_/A1 in net net7921.
[EST-0026] Missing route to pin i_soc.i_cpu.core_i.id_stage_i.int_controller_i._066__7922/LO in net net7921.
[EST-0026] Missing route to pin i_soc.i_cpu.core_i.id_stage_i.int_controller_i._066_/A1 in net net7921.
[EST-0026] Missing route to pin i_soc.i_cpu.core_i.id_stage_i.int_controller_i._066__7922/LO in net net7921.
[EST-0026] Missing route to pin i_soc.i_cpu.core_i.id_stage_i.int_controller_i._066_/A1 in net net7921.
[EST-0026] Missing route to pin i_soc.i_cpu.core_i.id_stage_i.int_controller_i._066__7922/LO in net net7921.
[EST-0026] Missing route to pin i_soc.i_cpu.core_i.id_stage_i.int_controller_i._068_/A2 in net net7924.
[EST-0026] Missing route to pin i_soc.i_cpu.core_i.id_stage_i.int_controller_i._068__7925/LO in net net7924.
[EST-0026] Missing route to pin i_soc.i_cpu.core_i.id_stage_i.int_controller_i._068_/A2 in net net7924.
[EST-0026] Missing route to pin i_soc.i_cpu.core_i.id_stage_i.int_controller_i._068__7925/LO in net net7924.
[EST-0026] Missing route to pin i_soc.i_cpu.core_i.id_stage_i.int_controller_i._068_/A2 in net net7924.
[EST-0026] Missing route to pin i_soc.i_cpu.core_i.id_stage_i.int_controller_i._068__7925/LO in net net7924.
[EST-0026] Missing route to pin i_soc.i_cpu.core_i.id_stage_i.int_controller_i._065_/A2 in net net7925.
[EST-0026] Missing route to pin i_soc.i_cpu.core_i.id_stage_i.int_controller_i._065__7926/LO in net net7925.
[EST-0026] Missing route to pin i_soc.i_cpu.core_i.id_stage_i.int_controller_i._065_/A2 in net net7925.
[EST-0026] Missing route to pin i_soc.i_cpu.core_i.id_stage_i.int_controller_i._065__7926/LO in net net7925.
[EST-0026] Missing route to pin i_soc.i_cpu.core_i.id_stage_i.int_controller_i._065_/A2 in net net7925.
[EST-0026] Missing route to pin i_soc.i_cpu.core_i.id_stage_i.int_controller_i._065__7926/LO in net net7925.
[EST-0026] Missing route to pin i_soc.i_cpu.core_i.id_stage_i.int_controller_i._069_/B1 in net net7927.
[EST-0026] Missing route to pin i_soc.i_cpu.core_i.id_stage_i.int_controller_i._069__7928/LO in net net7927.
[EST-0026] Missing route to pin i_soc.i_cpu.core_i.id_stage_i.int_controller_i._069_/B1 in net net7927.
[EST-0026] Missing route to pin i_soc.i_cpu.core_i.id_stage_i.int_controller_i._069__7928/LO in net net7927.
[EST-0026] Missing route to pin i_soc.i_cpu.core_i.id_stage_i.int_controller_i._069_/B1 in net net7927.
[EST-0026] Missing route to pin i_soc.i_cpu.core_i.id_stage_i.int_controller_i._069__7928/LO in net net7927.
[EST-0026] Missing route to pin i_soc.i_cpu.core_i.id_stage_i.int_controller_i._055_/A1 in net net7931.
[EST-0026] Missing route to pin i_soc.i_cpu.core_i.id_stage_i.int_controller_i._055__7932/LO in net net7931.
[EST-0026] Missing route to pin i_soc.i_cpu.core_i.id_stage_i.int_controller_i._055_/A1 in net net7931.
[EST-0026] Missing route to pin i_soc.i_cpu.core_i.id_stage_i.int_controller_i._055__7932/LO in net net7931.
[EST-0026] Missing route to pin i_soc.i_cpu.core_i.id_stage_i.int_controller_i._055_/A1 in net net7931.
[EST-0026] Missing route to pin i_soc.i_cpu.core_i.id_stage_i.int_controller_i._055__7932/LO in net net7931.
[EST-0026] Missing route to pin i_soc.i_cpu.core_i.id_stage_i.int_controller_i._054_/B1 in net net7935.
[EST-0026] Missing route to pin i_soc.i_cpu.core_i.id_stage_i.int_controller_i._054__7936/LO in net net7935.
[EST-0026] Missing route to pin i_soc.i_cpu.core_i.id_stage_i.int_controller_i._054_/B1 in net net7935.
[EST-0026] Missing route to pin i_soc.i_cpu.core_i.id_stage_i.int_controller_i._054__7936/LO in net net7935.
[EST-0026] Missing route to pin i_soc.i_cpu.core_i.id_stage_i.int_controller_i._054_/B1 in net net7935.
[EST-0026] Missing route to pin i_soc.i_cpu.core_i.id_stage_i.int_controller_i._054__7936/LO in net net7935.
[EST-0026] Missing route to pin i_soc.i_cpu.core_i.id_stage_i.int_controller_i._053_/A1 in net net7939.
[EST-0026] Missing route to pin i_soc.i_cpu.core_i.id_stage_i.int_controller_i._053__7940/LO in net net7939.
[EST-0026] Missing route to pin i_soc.i_cpu.core_i.id_stage_i.int_controller_i._053_/A1 in net net7939.
[EST-0026] Missing route to pin i_soc.i_cpu.core_i.id_stage_i.int_controller_i._053__7940/LO in net net7939.
[EST-0026] Missing route to pin i_soc.i_cpu.core_i.id_stage_i.int_controller_i._053_/A1 in net net7939.
[EST-0026] Missing route to pin i_soc.i_cpu.core_i.id_stage_i.int_controller_i._053__7940/LO in net net7939.
[EST-0026] Missing route to pin i_soc.i_cpu.core_i.id_stage_i.int_controller_i._064_/B1 in net net7943.
[EST-0026] Missing route to pin i_soc.i_cpu.core_i.id_stage_i.int_controller_i._064__7944/LO in net net7943.
[EST-0026] Missing route to pin i_soc.i_cpu.core_i.id_stage_i.int_controller_i._064_/B1 in net net7943.
[EST-0026] Missing route to pin i_soc.i_cpu.core_i.id_stage_i.int_controller_i._064__7944/LO in net net7943.
[EST-0026] Missing route to pin i_soc.i_cpu.core_i.id_stage_i.int_controller_i._064_/B1 in net net7943.
[EST-0026] Missing route to pin i_soc.i_cpu.core_i.id_stage_i.int_controller_i._064__7944/LO in net net7943.
[EST-0026] Missing route to pin i_soc.i_cpu.core_i.id_stage_i.int_controller_i._063_/B1 in net net7947.
[EST-0026] Missing route to pin i_soc.i_cpu.core_i.id_stage_i.int_controller_i._063__7948/LO in net net7947.
[EST-0026] Missing route to pin i_soc.i_cpu.core_i.id_stage_i.int_controller_i._063_/B1 in net net7947.
[EST-0026] Missing route to pin i_soc.i_cpu.core_i.id_stage_i.int_controller_i._063__7948/LO in net net7947.
[EST-0026] Missing route to pin i_soc.i_cpu.core_i.id_stage_i.int_controller_i._063_/B1 in net net7947.
[EST-0026] Missing route to pin i_soc.i_cpu.core_i.id_stage_i.int_controller_i._063__7948/LO in net net7947.
[EST-0026] Missing route to pin i_soc.i_cpu.core_i.id_stage_i.int_controller_i._067_/B1 in net net7949.
[EST-0026] Missing route to pin i_soc.i_cpu.core_i.id_stage_i.int_controller_i._067__7950/LO in net net7949.
[EST-0026] Missing route to pin i_soc.i_cpu.core_i.id_stage_i.int_controller_i._067_/B1 in net net7949.
[EST-0026] Missing route to pin i_soc.i_cpu.core_i.id_stage_i.int_controller_i._067__7950/LO in net net7949.
[EST-0026] Missing route to pin i_soc.i_cpu.core_i.id_stage_i.int_controller_i._067_/B1 in net net7949.
[EST-0026] Missing route to pin i_soc.i_cpu.core_i.id_stage_i.int_controller_i._067__7950/LO in net net7949.
[EST-0026] Missing route to pin i_soc.i_cpu.core_i.id_stage_i.int_controller_i._065_/B1 in net net7951.
[EST-0026] Missing route to pin i_soc.i_cpu.core_i.id_stage_i.int_controller_i._065__7952/LO in net net7951.
[EST-0026] Missing route to pin i_soc.i_cpu.core_i.id_stage_i.int_controller_i._065_/B1 in net net7951.
[EST-0026] Missing route to pin i_soc.i_cpu.core_i.id_stage_i.int_controller_i._065__7952/LO in net net7951.
[EST-0026] Missing route to pin i_soc.i_cpu.core_i.id_stage_i.int_controller_i._065_/B1 in net net7951.
[EST-0026] Missing route to pin i_soc.i_cpu.core_i.id_stage_i.int_controller_i._065__7952/LO in net net7951.
[EST-0026] Missing route to pin i_soc.i_cpu.core_i.cs_registers_i._2739_/A1 in net net7953.
[EST-0026] Missing route to pin i_soc.i_cpu.core_i.cs_registers_i._2739__7954/LO in net net7953.
[EST-0026] Missing route to pin i_soc.i_cpu.core_i.cs_registers_i._2739_/A1 in net net7953.
[EST-0026] Missing route to pin i_soc.i_cpu.core_i.cs_registers_i._2739__7954/LO in net net7953.
[EST-0026] Missing route to pin i_soc.i_cpu.core_i.cs_registers_i._2739_/A1 in net net7953.
[EST-0026] Missing route to pin i_soc.i_cpu.core_i.cs_registers_i._2739__7954/LO in net net7953.
[EST-0026] Missing route to pin i_soc.i_cpu.core_i.cs_registers_i._2744_/A1 in net net7955.
[EST-0026] Missing route to pin i_soc.i_cpu.core_i.cs_registers_i._2744__7956/LO in net net7955.
[EST-0026] Missing route to pin i_soc.i_cpu.core_i.cs_registers_i._2744_/A1 in net net7955.
[EST-0026] Missing route to pin i_soc.i_cpu.core_i.cs_registers_i._2744__7956/LO in net net7955.
[EST-0026] Missing route to pin i_soc.i_cpu.core_i.cs_registers_i._2744_/A1 in net net7955.
[EST-0026] Missing route to pin i_soc.i_cpu.core_i.cs_registers_i._2744__7956/LO in net net7955.
[EST-0026] Missing route to pin i_soc.i_cpu.core_i.cs_registers_i._2746_/A1 in net net7956.
[EST-0026] Missing route to pin i_soc.i_cpu.core_i.cs_registers_i._2746__7957/LO in net net7956.
[EST-0026] Missing route to pin i_soc.i_cpu.core_i.cs_registers_i._2746_/A1 in net net7956.
[EST-0026] Missing route to pin i_soc.i_cpu.core_i.cs_registers_i._2746__7957/LO in net net7956.
[EST-0026] Missing route to pin i_soc.i_cpu.core_i.cs_registers_i._2746_/A1 in net net7956.
[EST-0026] Missing route to pin i_soc.i_cpu.core_i.cs_registers_i._2746__7957/LO in net net7956.
[EST-0026] Missing route to pin i_soc.i_cpu.core_i.cs_registers_i._2748_/A1 in net net7957.
[EST-0026] Missing route to pin i_soc.i_cpu.core_i.cs_registers_i._2748__7958/LO in net net7957.
[EST-0026] Missing route to pin i_soc.i_cpu.core_i.cs_registers_i._2748_/A1 in net net7957.
[EST-0026] Missing route to pin i_soc.i_cpu.core_i.cs_registers_i._2748__7958/LO in net net7957.
[EST-0026] Missing route to pin i_soc.i_cpu.core_i.cs_registers_i._2748_/A1 in net net7957.
[EST-0026] Missing route to pin i_soc.i_cpu.core_i.cs_registers_i._2748__7958/LO in net net7957.
[EST-0026] Missing route to pin i_soc.i_cpu.core_i.cs_registers_i._2752_/A1 in net net7959.
[EST-0026] Missing route to pin i_soc.i_cpu.core_i.cs_registers_i._2752__7960/LO in net net7959.
[EST-0026] Missing route to pin i_soc.i_cpu.core_i.cs_registers_i._2752_/A1 in net net7959.
[EST-0026] Missing route to pin i_soc.i_cpu.core_i.cs_registers_i._2752__7960/LO in net net7959.
[EST-0026] message limit (1000) reached. This message will no longer print.
Running 'OpenROAD.STAMidPNR-3' at 'run/RUN_hold035_2026-09-09/45-openroad-stamidpnr-3'…
Logging subprocess to [repr.filename]'run/RUN_hold035_2026-09-09/45-openroad-stamidpnr-3/openroad-stamidpnr-3.log'[/repr.filename]…
[STA-0469] derating factor greater than 2.0.
Running 'OpenROAD.DetailedRouting' at 'run/RUN_hold035_2026-09-09/46-openroad-detailedrouting'…
Running TritonRoute with 8 threads…
Logging subprocess to [repr.filename]'run/RUN_hold035_2026-09-09/46-openroad-detailedrouting/openroad-detailedrouting.log'[/repr.filename]…
[STA-0469] derating factor greater than 2.0.
[DRT-0349] LEF58_ENCLOSURE with no CUTCLASS is not supported. Skipping for layer mcon
[DRT-0349] LEF58_ENCLOSURE with no CUTCLASS is not supported. Skipping for layer mcon
[DRT-0349] LEF58_ENCLOSURE with no CUTCLASS is not supported. Skipping for layer via
[DRT-0349] LEF58_ENCLOSURE with no CUTCLASS is not supported. Skipping for layer via
[DRT-0349] LEF58_ENCLOSURE with no CUTCLASS is not supported. Skipping for layer via2
[DRT-0349] LEF58_ENCLOSURE with no CUTCLASS is not supported. Skipping for layer via2
[DRT-0349] LEF58_ENCLOSURE with no CUTCLASS is not supported. Skipping for layer via3
[DRT-0349] LEF58_ENCLOSURE with no CUTCLASS is not supported. Skipping for layer via3
[DRT-0349] LEF58_ENCLOSURE with no CUTCLASS is not supported. Skipping for layer via4
[DRT-0349] LEF58_ENCLOSURE with no CUTCLASS is not supported. Skipping for layer via4
[DRT-0120] Large net i_soc.i_cpu.core_i.id_stage_i._1663_ has 208 pins which may impact routing performance. Consider optimization.
[DRT-0120] Large net i_soc.i_cpu.core_i.id_stage_i.regfile_addr_rc_id\[0\] has 518 pins which may impact routing performance. Consider optimization.
[DRT-0120] Large net i_soc.i_cpu.core_i.id_stage_i.regfile_addr_rc_id\[1\] has 518 pins which may impact routing performance. Consider optimization.
[DRT-0120] Large net i_soc.i_cpu.core_i.id_stage_i.regfile_addr_rc_id\[2\] has 234 pins which may impact routing performance. Consider optimization.
[DRT-0120] Large net i_soc.i_cpu.core_i.id_stage_i.regfile_addr_rc_id\[3\] has 156 pins which may impact routing performance. Consider optimization.
[DRT-0120] Large net i_soc.i_cpu.core_i.id_stage_i.register_file_i._1001_ has 196 pins which may impact routing performance. Consider optimization.
[DRT-0120] Large net i_soc.i_cpu.core_i.id_stage_i.register_file_i._1002_ has 106 pins which may impact routing performance. Consider optimization.
[DRT-0120] Large net i_soc.i_cpu.core_i.id_stage_i._1663_ has 208 pins which may impact routing performance. Consider optimization.
[DRT-0120] Large net i_soc.i_cpu.core_i.id_stage_i.regfile_addr_rc_id\[0\] has 518 pins which may impact routing performance. Consider optimization.
[DRT-0120] Large net i_soc.i_cpu.core_i.id_stage_i.regfile_addr_rc_id\[1\] has 518 pins which may impact routing performance. Consider optimization.
[DRT-0120] Large net i_soc.i_cpu.core_i.id_stage_i.regfile_addr_rc_id\[2\] has 234 pins which may impact routing performance. Consider optimization.
[DRT-0120] Large net i_soc.i_cpu.core_i.id_stage_i.regfile_addr_rc_id\[3\] has 156 pins which may impact routing performance. Consider optimization.
[DRT-0120] Large net i_soc.i_cpu.core_i.id_stage_i.register_file_i._1001_ has 196 pins which may impact routing performance. Consider optimization.
[DRT-0120] Large net i_soc.i_cpu.core_i.id_stage_i.register_file_i._1002_ has 106 pins which may impact routing performance. Consider optimization.
[DRT-0120] Large net i_soc.i_cpu.core_i.id_stage_i._1663_ has 208 pins which may impact routing performance. Consider optimization.
[DRT-0120] Large net i_soc.i_cpu.core_i.id_stage_i.regfile_addr_rc_id\[0\] has 518 pins which may impact routing performance. Consider optimization.
[DRT-0120] Large net i_soc.i_cpu.core_i.id_stage_i.regfile_addr_rc_id\[1\] has 518 pins which may impact routing performance. Consider optimization.
[DRT-0120] Large net i_soc.i_cpu.core_i.id_stage_i.regfile_addr_rc_id\[2\] has 234 pins which may impact routing performance. Consider optimization.
[DRT-0120] Large net i_soc.i_cpu.core_i.id_stage_i.regfile_addr_rc_id\[3\] has 156 pins which may impact routing performance. Consider optimization.
[DRT-0120] Large net i_soc.i_cpu.core_i.id_stage_i.register_file_i._1001_ has 196 pins which may impact routing performance. Consider optimization.
[DRT-0120] Large net i_soc.i_cpu.core_i.id_stage_i.register_file_i._1002_ has 106 pins which may impact routing performance. Consider optimization.
[DRT-0120] Large net i_soc.i_cpu.core_i.id_stage_i._1663_ has 208 pins which may impact routing performance. Consider optimization.
[DRT-0120] Large net i_soc.i_cpu.core_i.id_stage_i.regfile_addr_rc_id\[0\] has 518 pins which may impact routing performance. Consider optimization.
[DRT-0120] Large net i_soc.i_cpu.core_i.id_stage_i.regfile_addr_rc_id\[1\] has 518 pins which may impact routing performance. Consider optimization.
[DRT-0120] Large net i_soc.i_cpu.core_i.id_stage_i.regfile_addr_rc_id\[2\] has 234 pins which may impact routing performance. Consider optimization.
[DRT-0120] Large net i_soc.i_cpu.core_i.id_stage_i.regfile_addr_rc_id\[3\] has 156 pins which may impact routing performance. Consider optimization.
[DRT-0120] Large net i_soc.i_cpu.core_i.id_stage_i.register_file_i._1001_ has 196 pins which may impact routing performance. Consider optimization.
[DRT-0120] Large net i_soc.i_cpu.core_i.id_stage_i.register_file_i._1002_ has 106 pins which may impact routing performance. Consider optimization.
Running 'Odb.RemoveRoutingObstructions' at 'run/RUN_hold035_2026-09-09/47-odb-removeroutingobstructions'…
Logging subprocess to [repr.filename]'run/RUN_hold035_2026-09-09/47-odb-removeroutingobstructions/odb-removeroutingobstructions.log'[/repr.filename]…
Running 'OpenROAD.CheckAntennas-1' at 'run/RUN_hold035_2026-09-09/48-openroad-checkantennas-1'…
Logging subprocess to [repr.filename]'run/RUN_hold035_2026-09-09/48-openroad-checkantennas-1/openroad-checkantennas-1.log'[/repr.filename]…
[STA-0469] derating factor greater than 2.0.
Running 'Checker.TrDRC' at 'run/RUN_hold035_2026-09-09/49-checker-trdrc'…
Check for Routing DRC errors clear.
Running 'Odb.ReportDisconnectedPins' at 'run/RUN_hold035_2026-09-09/50-odb-reportdisconnectedpins'…
Logging subprocess to [repr.filename]'run/RUN_hold035_2026-09-09/50-odb-reportdisconnectedpins/odb-reportdisconnectedpins.log'[/repr.filename]…
Running 'Checker.DisconnectedPins' at 'run/RUN_hold035_2026-09-09/51-checker-disconnectedpins'…
Check for critical disconnected pins clear.
Running 'Odb.ReportWireLength' at 'run/RUN_hold035_2026-09-09/52-odb-reportwirelength'…
Logging subprocess to [repr.filename]'run/RUN_hold035_2026-09-09/52-odb-reportwirelength/odb-reportwirelength.log'[/repr.filename]…
Running 'Checker.WireLength' at 'run/RUN_hold035_2026-09-09/53-checker-wirelength'…
Threshold for Threshold-surpassing long wires is not set. The checker will be skipped.
Running 'OpenROAD.FillInsertion' at 'run/RUN_hold035_2026-09-09/54-openroad-fillinsertion'…
Logging subprocess to [repr.filename]'run/RUN_hold035_2026-09-09/54-openroad-fillinsertion/openroad-fillinsertion.log'[/repr.filename]…
[STA-0469] derating factor greater than 2.0.
Running 'Odb.CellFrequencyTables' at 'run/RUN_hold035_2026-09-09/55-odb-cellfrequencytables'…
Logging subprocess to [repr.filename]'run/RUN_hold035_2026-09-09/55-odb-cellfrequencytables/buffer_list.txt'[/repr.filename]…
Logging subprocess to [repr.filename]'run/RUN_hold035_2026-09-09/55-odb-cellfrequencytables/odb-cellfrequencytables.log'[/repr.filename]…
Running 'OpenROAD.RCX' at 'run/RUN_hold035_2026-09-09/56-openroad-rcx'…
Running RCX for corners matching nom_* (/home/blogic2026/run5/repo/asic/run/RUN_hold035_2026-09-09/56-openroad-rcx/nom/rcx.log)…
Running RCX for corners matching min_* (/home/blogic2026/run5/repo/asic/run/RUN_hold035_2026-09-09/56-openroad-rcx/min/rcx.log)…
Running RCX for corners matching max_* (/home/blogic2026/run5/repo/asic/run/RUN_hold035_2026-09-09/56-openroad-rcx/max/rcx.log)…
Logging subprocess to [repr.filename]'run/RUN_hold035_2026-09-09/56-openroad-rcx/min/rcx.log'[/repr.filename]…
Logging subprocess to [repr.filename]'run/RUN_hold035_2026-09-09/56-openroad-rcx/nom/rcx.log'[/repr.filename]…
Logging subprocess to [repr.filename]'run/RUN_hold035_2026-09-09/56-openroad-rcx/max/rcx.log'[/repr.filename]…
Finished RCX for corners matching nom_*.
Finished RCX for corners matching min_*.
Finished RCX for corners matching max_*.
Running 'OpenROAD.STAPostPNR' at 'run/RUN_hold035_2026-09-09/57-openroad-stapostpnr'…
Starting STA for the nom_tt_025C_1v80 timing corner…
Logging subprocess to [repr.filename]'run/RUN_hold035_2026-09-09/57-openroad-stapostpnr/nom_tt_025C_1v80/sta.log'[/repr.filename]…
Starting STA for the nom_ss_100C_1v60 timing corner…
Starting STA for the nom_ff_n40C_1v95 timing corner…
Logging subprocess to [repr.filename]'run/RUN_hold035_2026-09-09/57-openroad-stapostpnr/nom_ff_n40C_1v95/sta.log'[/repr.filename]…
Logging subprocess to [repr.filename]'run/RUN_hold035_2026-09-09/57-openroad-stapostpnr/nom_ss_100C_1v60/sta.log'[/repr.filename]…
Finished STA for the nom_tt_025C_1v80 timing corner.
Logging subprocess to [repr.filename]'run/RUN_hold035_2026-09-09/57-openroad-stapostpnr/nom_tt_025C_1v80/filter_unannotated.log'[/repr.filename]…
Finished STA for the nom_ss_100C_1v60 timing corner.
Logging subprocess to [repr.filename]'run/RUN_hold035_2026-09-09/57-openroad-stapostpnr/nom_ss_100C_1v60/filter_unannotated.log'[/repr.filename]…
Finished STA for the nom_ff_n40C_1v95 timing corner.
Logging subprocess to [repr.filename]'run/RUN_hold035_2026-09-09/57-openroad-stapostpnr/nom_ff_n40C_1v95/filter_unannotated.log'[/repr.filename]…
Running 'OpenROAD.IRDropReport' at 'run/RUN_hold035_2026-09-09/58-openroad-irdropreport'…
'VSRC_LOC_FILES' was not given a value, which may make the results of IR drop analysis inaccurate. If you are not integrating a top-level chip for manufacture, you may ignore this warning, otherwise, see the documentation for 'VSRC_LOC_FILES'.
Logging subprocess to [repr.filename]'run/RUN_hold035_2026-09-09/58-openroad-irdropreport/openroad-irdropreport.log'[/repr.filename]…
[STA-0469] derating factor greater than 2.0.
[STA-1650] /home/blogic2026/run5/repo/asic/run/RUN_hold035_2026-09-09/56-openroad-rcx/nom/asic_top.nom.spef line 2701636, net ANTENNA_i_soc.i_data_sram.u_sram.gen_bank\[2\].gen_512.u_macro_din0\[5\] not found.
[STA-1650] /home/blogic2026/run5/repo/asic/run/RUN_hold035_2026-09-09/56-openroad-rcx/nom/asic_top.nom.spef line 2826439, net ANTENNA_i_soc.i_ai_accel.u_conv_w_mem_dout1\[24\] not found.
[STA-1650] /home/blogic2026/run5/repo/asic/run/RUN_hold035_2026-09-09/56-openroad-rcx/nom/asic_top.nom.spef line 2826440, net ANTENNA_i_soc.i_ai_accel.u_conv_w_mem_dout1\[27\] not found.
[STA-1650] /home/blogic2026/run5/repo/asic/run/RUN_hold035_2026-09-09/56-openroad-rcx/nom/asic_top.nom.spef line 2827289, net ANTENNA_i_soc.i_ai_sram.u_sram.gen_bank\[10\].gen_512.u_macro_din0\[14\] not found.
[STA-1650] /home/blogic2026/run5/repo/asic/run/RUN_hold035_2026-09-09/56-openroad-rcx/nom/asic_top.nom.spef line 2827838, net ANTENNA_i_soc.i_data_sram.u_sram.gen_bank\[3\].gen_512.u_macro_dout1\[18\] not found.
[STA-1650] /home/blogic2026/run5/repo/asic/run/RUN_hold035_2026-09-09/56-openroad-rcx/nom/asic_top.nom.spef line 2833045, net ANTENNA_i_soc.i_ai_accel.u_input_mem_din0\[8\] not found.
[STA-1650] /home/blogic2026/run5/repo/asic/run/RUN_hold035_2026-09-09/56-openroad-rcx/nom/asic_top.nom.spef line 2835039, net ANTENNA_i_soc.i_ai_sram.u_sram.gen_bank\[14\].gen_512.u_macro_din0\[8\] not found.
[STA-1650] /home/blogic2026/run5/repo/asic/run/RUN_hold035_2026-09-09/56-openroad-rcx/nom/asic_top.nom.spef line 2835876, net ANTENNA_i_soc.i_ai_sram.u_sram.gen_bank\[14\].gen_512.u_macro_din0\[18\] not found.
[STA-1650] /home/blogic2026/run5/repo/asic/run/RUN_hold035_2026-09-09/56-openroad-rcx/nom/asic_top.nom.spef line 2835896, net ANTENNA_i_soc.i_ai_sram.u_sram.gen_bank\[14\].gen_512.u_macro_din0\[18\] not found.
[STA-1650] /home/blogic2026/run5/repo/asic/run/RUN_hold035_2026-09-09/56-openroad-rcx/nom/asic_top.nom.spef line 2835995, net ANTENNA_i_soc.i_ai_sram.u_sram.gen_bank\[14\].gen_512.u_macro_din0\[25\] not found.
[STA-1650] /home/blogic2026/run5/repo/asic/run/RUN_hold035_2026-09-09/56-openroad-rcx/nom/asic_top.nom.spef line 2837693, net ANTENNA_i_soc.i_ai_accel.u_input_mem_din0\[16\] not found.
[STA-1650] /home/blogic2026/run5/repo/asic/run/RUN_hold035_2026-09-09/56-openroad-rcx/nom/asic_top.nom.spef line 2837718, net ANTENNA_i_soc.i_ai_accel.u_input_mem_din0\[17\] not found.
[STA-1650] /home/blogic2026/run5/repo/asic/run/RUN_hold035_2026-09-09/56-openroad-rcx/nom/asic_top.nom.spef line 2837756, net ANTENNA_i_soc.i_ai_accel.u_input_mem_din0\[19\] not found.
[STA-1650] /home/blogic2026/run5/repo/asic/run/RUN_hold035_2026-09-09/56-openroad-rcx/nom/asic_top.nom.spef line 2837758, net ANTENNA_i_soc.i_ai_accel.u_input_mem_din0\[16\] not found.
[STA-1650] /home/blogic2026/run5/repo/asic/run/RUN_hold035_2026-09-09/56-openroad-rcx/nom/asic_top.nom.spef line 2837767, net ANTENNA_i_soc.i_ai_accel.u_input_mem_dout1\[7\] not found.
[STA-1650] /home/blogic2026/run5/repo/asic/run/RUN_hold035_2026-09-09/56-openroad-rcx/nom/asic_top.nom.spef line 2838180, net ANTENNA_i_soc.i_ai_accel.u_input_mem_din0\[29\] not found.
[STA-1650] /home/blogic2026/run5/repo/asic/run/RUN_hold035_2026-09-09/56-openroad-rcx/nom/asic_top.nom.spef line 2847045, net ANTENNA_i_soc.i_data_sram.u_sram.gen_bank\[0\].gen_512.u_macro_din0\[24\] not found.
[STA-1650] /home/blogic2026/run5/repo/asic/run/RUN_hold035_2026-09-09/56-openroad-rcx/nom/asic_top.nom.spef line 2850796, net ANTENNA_i_soc.i_instr_sram.u_sram.gen_bank\[1\].gen_512.u_macro_din0\[12\] not found.
[STA-1650] /home/blogic2026/run5/repo/asic/run/RUN_hold035_2026-09-09/56-openroad-rcx/nom/asic_top.nom.spef line 2851165, net ANTENNA_i_soc.i_instr_sram.u_sram.gen_bank\[1\].gen_512.u_macro_din0\[15\] not found.
[STA-1650] /home/blogic2026/run5/repo/asic/run/RUN_hold035_2026-09-09/56-openroad-rcx/nom/asic_top.nom.spef line 2851172, net ANTENNA_i_soc.i_data_sram.u_sram.gen_bank\[0\].gen_512.u_macro_din0\[13\] not found.
[STA-1650] /home/blogic2026/run5/repo/asic/run/RUN_hold035_2026-09-09/56-openroad-rcx/nom/asic_top.nom.spef line 2851467, net ANTENNA_i_soc.i_instr_sram.u_sram.gen_bank\[1\].gen_512.u_macro_din0\[15\] not found.
[STA-1650] /home/blogic2026/run5/repo/asic/run/RUN_hold035_2026-09-09/56-openroad-rcx/nom/asic_top.nom.spef line 2852233, net ANTENNA_i_soc.i_instr_sram.u_sram.gen_bank\[1\].gen_512.u_macro_din0\[22\] not found.
[STA-1650] /home/blogic2026/run5/repo/asic/run/RUN_hold035_2026-09-09/56-openroad-rcx/nom/asic_top.nom.spef line 2852862, net ANTENNA_i_soc.i_instr_sram.u_sram.gen_bank\[1\].gen_512.u_macro_din0\[26\] not found.
[STA-1650] /home/blogic2026/run5/repo/asic/run/RUN_hold035_2026-09-09/56-openroad-rcx/nom/asic_top.nom.spef line 2853825, net ANTENNA_i_soc.i_instr_sram.u_sram.gen_bank\[1\].gen_512.u_macro_din0\[31\] not found.
[STA-1650] /home/blogic2026/run5/repo/asic/run/RUN_hold035_2026-09-09/56-openroad-rcx/nom/asic_top.nom.spef line 2854689, net ANTENNA_i_soc.i_instr_sram.u_sram.gen_bank\[1\].gen_512.u_macro_din0\[7\] not found.
[STA-1650] /home/blogic2026/run5/repo/asic/run/RUN_hold035_2026-09-09/56-openroad-rcx/nom/asic_top.nom.spef line 2854784, net ANTENNA_i_soc.i_instr_sram.u_sram.gen_bank\[1\].gen_512.u_macro_din0\[8\] not found.
[STA-1650] /home/blogic2026/run5/repo/asic/run/RUN_hold035_2026-09-09/56-openroad-rcx/nom/asic_top.nom.spef line 2855577, net ANTENNA_i_soc.i_data_sram.u_sram.gen_bank\[0\].gen_512.u_macro_din0\[16\] not found.
[STA-1650] /home/blogic2026/run5/repo/asic/run/RUN_hold035_2026-09-09/56-openroad-rcx/nom/asic_top.nom.spef line 2855578, net ANTENNA_i_soc.i_data_sram.u_sram.gen_bank\[0\].gen_512.u_macro_din0\[17\] not found.
[STA-1650] /home/blogic2026/run5/repo/asic/run/RUN_hold035_2026-09-09/56-openroad-rcx/nom/asic_top.nom.spef line 2865823, net ANTENNA_i_soc.i_data_sram.u_sram.gen_bank\[0\].gen_512.u_macro_din0\[19\] not found.
[STA-1650] /home/blogic2026/run5/repo/asic/run/RUN_hold035_2026-09-09/56-openroad-rcx/nom/asic_top.nom.spef line 2865839, net ANTENNA_i_soc.i_data_sram.u_sram.gen_bank\[0\].gen_512.u_macro_din0\[13\] not found.
[STA-1650] /home/blogic2026/run5/repo/asic/run/RUN_hold035_2026-09-09/56-openroad-rcx/nom/asic_top.nom.spef line 2865925, net ANTENNA_i_soc.i_data_sram.u_sram.gen_bank\[0\].gen_512.u_macro_din0\[24\] not found.
[STA-1650] /home/blogic2026/run5/repo/asic/run/RUN_hold035_2026-09-09/56-openroad-rcx/nom/asic_top.nom.spef line 2865926, net ANTENNA_i_soc.i_data_sram.u_sram.gen_bank\[0\].gen_512.u_macro_din0\[25\] not found.
[STA-1648] /home/blogic2026/run5/repo/asic/run/RUN_hold035_2026-09-09/56-openroad-rcx/nom/asic_top.nom.spef line 2871211, instance ANTENNA_i_soc.i_data_sram.u_sram.gen_bank\[0\].gen_512.u_macro_din0\[0\] not found.
[STA-1648] /home/blogic2026/run5/repo/asic/run/RUN_hold035_2026-09-09/56-openroad-rcx/nom/asic_top.nom.spef line 2871215, instance ANTENNA_i_soc.i_data_sram.u_sram.gen_bank\[1\].gen_512.u_macro_din0\[0\] not found.
[STA-1648] /home/blogic2026/run5/repo/asic/run/RUN_hold035_2026-09-09/56-openroad-rcx/nom/asic_top.nom.spef line 2871217, instance ANTENNA_i_soc.i_data_sram.u_sram.gen_bank\[3\].gen_512.u_macro_din0\[0\] not found.
[STA-1648] /home/blogic2026/run5/repo/asic/run/RUN_hold035_2026-09-09/56-openroad-rcx/nom/asic_top.nom.spef line 2871219, instance ANTENNA_i_soc.i_data_sram.u_sram.gen_bank\[2\].gen_512.u_macro_din0\[0\] not found.
[STA-1650] /home/blogic2026/run5/repo/asic/run/RUN_hold035_2026-09-09/56-openroad-rcx/nom/asic_top.nom.spef line 2871223, net ANTENNA_i_soc.i_data_sram.u_sram.gen_bank\[0\].gen_512.u_macro_din0\[0\] not found.
[STA-1650] /home/blogic2026/run5/repo/asic/run/RUN_hold035_2026-09-09/56-openroad-rcx/nom/asic_top.nom.spef line 2871227, net ANTENNA_i_soc.i_data_sram.u_sram.gen_bank\[1\].gen_512.u_macro_din0\[0\] not found.
[STA-1650] /home/blogic2026/run5/repo/asic/run/RUN_hold035_2026-09-09/56-openroad-rcx/nom/asic_top.nom.spef line 2871229, net ANTENNA_i_soc.i_data_sram.u_sram.gen_bank\[3\].gen_512.u_macro_din0\[0\] not found.
[STA-1650] /home/blogic2026/run5/repo/asic/run/RUN_hold035_2026-09-09/56-openroad-rcx/nom/asic_top.nom.spef line 2871231, net ANTENNA_i_soc.i_data_sram.u_sram.gen_bank\[2\].gen_512.u_macro_din0\[0\] not found.
[STA-1650] /home/blogic2026/run5/repo/asic/run/RUN_hold035_2026-09-09/56-openroad-rcx/nom/asic_top.nom.spef line 2871452, net ANTENNA_i_soc.i_data_sram.u_sram.gen_bank\[0\].gen_512.u_macro_din0\[9\] not found.
[STA-1650] /home/blogic2026/run5/repo/asic/run/RUN_hold035_2026-09-09/56-openroad-rcx/nom/asic_top.nom.spef line 2871564, net ANTENNA_i_soc.i_data_sram.u_sram.gen_bank\[2\].gen_512.u_macro_din0\[0\] not found.
[STA-1650] /home/blogic2026/run5/repo/asic/run/RUN_hold035_2026-09-09/56-openroad-rcx/nom/asic_top.nom.spef line 2871580, net ANTENNA_i_soc.i_data_sram.u_sram.gen_bank\[3\].gen_512.u_macro_din0\[0\] not found.
[STA-1650] /home/blogic2026/run5/repo/asic/run/RUN_hold035_2026-09-09/56-openroad-rcx/nom/asic_top.nom.spef line 2871584, net ANTENNA_i_soc.i_data_sram.u_sram.gen_bank\[1\].gen_512.u_macro_din0\[0\] not found.
[STA-1650] /home/blogic2026/run5/repo/asic/run/RUN_hold035_2026-09-09/56-openroad-rcx/nom/asic_top.nom.spef line 2871589, net ANTENNA_i_soc.i_data_sram.u_sram.gen_bank\[0\].gen_512.u_macro_din0\[0\] not found.
[STA-1648] /home/blogic2026/run5/repo/asic/run/RUN_hold035_2026-09-09/56-openroad-rcx/nom/asic_top.nom.spef line 2871596, instance ANTENNA_i_soc.i_data_sram.u_sram.gen_bank\[3\].gen_512.u_macro_din0\[10\] not found.
[STA-1648] /home/blogic2026/run5/repo/asic/run/RUN_hold035_2026-09-09/56-openroad-rcx/nom/asic_top.nom.spef line 2871598, instance ANTENNA_i_soc.i_data_sram.u_sram.gen_bank\[1\].gen_512.u_macro_din0\[10\] not found.
[STA-1648] /home/blogic2026/run5/repo/asic/run/RUN_hold035_2026-09-09/56-openroad-rcx/nom/asic_top.nom.spef line 2871600, instance ANTENNA_i_soc.i_data_sram.u_sram.gen_bank\[2\].gen_512.u_macro_din0\[10\] not found.
[STA-1648] /home/blogic2026/run5/repo/asic/run/RUN_hold035_2026-09-09/56-openroad-rcx/nom/asic_top.nom.spef line 2871601, instance ANTENNA_i_soc.i_data_sram.u_sram.gen_bank\[0\].gen_512.u_macro_din0\[10\] not found.
[STA-1650] /home/blogic2026/run5/repo/asic/run/RUN_hold035_2026-09-09/56-openroad-rcx/nom/asic_top.nom.spef line 2871608, net ANTENNA_i_soc.i_data_sram.u_sram.gen_bank\[3\].gen_512.u_macro_din0\[10\] not found.
[STA-1650] /home/blogic2026/run5/repo/asic/run/RUN_hold035_2026-09-09/56-openroad-rcx/nom/asic_top.nom.spef line 2871610, net ANTENNA_i_soc.i_data_sram.u_sram.gen_bank\[1\].gen_512.u_macro_din0\[10\] not found.
[STA-1650] /home/blogic2026/run5/repo/asic/run/RUN_hold035_2026-09-09/56-openroad-rcx/nom/asic_top.nom.spef line 2871612, net ANTENNA_i_soc.i_data_sram.u_sram.gen_bank\[2\].gen_512.u_macro_din0\[10\] not found.
[STA-1650] /home/blogic2026/run5/repo/asic/run/RUN_hold035_2026-09-09/56-openroad-rcx/nom/asic_top.nom.spef line 2871613, net ANTENNA_i_soc.i_data_sram.u_sram.gen_bank\[0\].gen_512.u_macro_din0\[10\] not found.
[STA-1650] /home/blogic2026/run5/repo/asic/run/RUN_hold035_2026-09-09/56-openroad-rcx/nom/asic_top.nom.spef line 2871636, net ANTENNA_i_soc.i_data_sram.u_sram.gen_bank\[2\].gen_512.u_macro_din0\[10\] not found.
[STA-1650] /home/blogic2026/run5/repo/asic/run/RUN_hold035_2026-09-09/56-openroad-rcx/nom/asic_top.nom.spef line 2871637, net ANTENNA_i_soc.i_data_sram.u_sram.gen_bank\[2\].gen_512.u_macro_din0\[10\] not found.
[STA-1650] /home/blogic2026/run5/repo/asic/run/RUN_hold035_2026-09-09/56-openroad-rcx/nom/asic_top.nom.spef line 2871638, net ANTENNA_i_soc.i_data_sram.u_sram.gen_bank\[2\].gen_512.u_macro_din0\[10\] not found.
[STA-1650] /home/blogic2026/run5/repo/asic/run/RUN_hold035_2026-09-09/56-openroad-rcx/nom/asic_top.nom.spef line 2871771, net ANTENNA_i_soc.i_data_sram.u_sram.gen_bank\[0\].gen_512.u_macro_din0\[10\] not found.
[STA-1650] /home/blogic2026/run5/repo/asic/run/RUN_hold035_2026-09-09/56-openroad-rcx/nom/asic_top.nom.spef line 2871780, net ANTENNA_i_soc.i_data_sram.u_sram.gen_bank\[2\].gen_512.u_macro_din0\[10\] not found.
[STA-1650] /home/blogic2026/run5/repo/asic/run/RUN_hold035_2026-09-09/56-openroad-rcx/nom/asic_top.nom.spef line 2871788, net ANTENNA_i_soc.i_data_sram.u_sram.gen_bank\[1\].gen_512.u_macro_din0\[10\] not found.
[STA-1650] /home/blogic2026/run5/repo/asic/run/RUN_hold035_2026-09-09/56-openroad-rcx/nom/asic_top.nom.spef line 2871794, net ANTENNA_i_soc.i_data_sram.u_sram.gen_bank\[3\].gen_512.u_macro_din0\[10\] not found.
[STA-1648] /home/blogic2026/run5/repo/asic/run/RUN_hold035_2026-09-09/56-openroad-rcx/nom/asic_top.nom.spef line 2871803, instance ANTENNA_i_soc.i_data_sram.u_sram.gen_bank\[1\].gen_512.u_macro_din0\[11\] not found.
[STA-1648] /home/blogic2026/run5/repo/asic/run/RUN_hold035_2026-09-09/56-openroad-rcx/nom/asic_top.nom.spef line 2871805, instance ANTENNA_i_soc.i_data_sram.u_sram.gen_bank\[3\].gen_512.u_macro_din0\[11\] not found.
[STA-1648] /home/blogic2026/run5/repo/asic/run/RUN_hold035_2026-09-09/56-openroad-rcx/nom/asic_top.nom.spef line 2871806, instance ANTENNA_i_soc.i_data_sram.u_sram.gen_bank\[2\].gen_512.u_macro_din0\[11\] not found.
[STA-1648] /home/blogic2026/run5/repo/asic/run/RUN_hold035_2026-09-09/56-openroad-rcx/nom/asic_top.nom.spef line 2871808, instance ANTENNA_i_soc.i_data_sram.u_sram.gen_bank\[0\].gen_512.u_macro_din0\[11\] not found.
[STA-1650] /home/blogic2026/run5/repo/asic/run/RUN_hold035_2026-09-09/56-openroad-rcx/nom/asic_top.nom.spef line 2871815, net ANTENNA_i_soc.i_data_sram.u_sram.gen_bank\[1\].gen_512.u_macro_din0\[11\] not found.
[STA-1650] /home/blogic2026/run5/repo/asic/run/RUN_hold035_2026-09-09/56-openroad-rcx/nom/asic_top.nom.spef line 2871817, net ANTENNA_i_soc.i_data_sram.u_sram.gen_bank\[3\].gen_512.u_macro_din0\[11\] not found.
[STA-1650] /home/blogic2026/run5/repo/asic/run/RUN_hold035_2026-09-09/56-openroad-rcx/nom/asic_top.nom.spef line 2871818, net ANTENNA_i_soc.i_data_sram.u_sram.gen_bank\[2\].gen_512.u_macro_din0\[11\] not found.
[STA-1650] /home/blogic2026/run5/repo/asic/run/RUN_hold035_2026-09-09/56-openroad-rcx/nom/asic_top.nom.spef line 2871820, net ANTENNA_i_soc.i_data_sram.u_sram.gen_bank\[0\].gen_512.u_macro_din0\[11\] not found.
[STA-1650] /home/blogic2026/run5/repo/asic/run/RUN_hold035_2026-09-09/56-openroad-rcx/nom/asic_top.nom.spef line 2871848, net ANTENNA_i_soc.i_data_sram.u_sram.gen_bank\[2\].gen_512.u_macro_din0\[11\] not found.
[STA-1650] /home/blogic2026/run5/repo/asic/run/RUN_hold035_2026-09-09/56-openroad-rcx/nom/asic_top.nom.spef line 2871849, net ANTENNA_i_soc.i_data_sram.u_sram.gen_bank\[2\].gen_512.u_macro_din0\[11\] not found.
[STA-1650] /home/blogic2026/run5/repo/asic/run/RUN_hold035_2026-09-09/56-openroad-rcx/nom/asic_top.nom.spef line 2871850, net ANTENNA_i_soc.i_data_sram.u_sram.gen_bank\[2\].gen_512.u_macro_din0\[11\] not found.
[STA-1650] /home/blogic2026/run5/repo/asic/run/RUN_hold035_2026-09-09/56-openroad-rcx/nom/asic_top.nom.spef line 2872059, net ANTENNA_i_soc.i_data_sram.u_sram.gen_bank\[0\].gen_512.u_macro_din0\[11\] not found.
[STA-1650] /home/blogic2026/run5/repo/asic/run/RUN_hold035_2026-09-09/56-openroad-rcx/nom/asic_top.nom.spef line 2872060, net ANTENNA_i_soc.i_data_sram.u_sram.gen_bank\[0\].gen_512.u_macro_din0\[11\] not found.
[STA-1650] /home/blogic2026/run5/repo/asic/run/RUN_hold035_2026-09-09/56-openroad-rcx/nom/asic_top.nom.spef line 2872069, net ANTENNA_i_soc.i_data_sram.u_sram.gen_bank\[2\].gen_512.u_macro_din0\[11\] not found.
[STA-1650] /home/blogic2026/run5/repo/asic/run/RUN_hold035_2026-09-09/56-openroad-rcx/nom/asic_top.nom.spef line 2872081, net ANTENNA_i_soc.i_data_sram.u_sram.gen_bank\[3\].gen_512.u_macro_din0\[11\] not found.
[STA-1650] /home/blogic2026/run5/repo/asic/run/RUN_hold035_2026-09-09/56-openroad-rcx/nom/asic_top.nom.spef line 2872088, net ANTENNA_i_soc.i_data_sram.u_sram.gen_bank\[1\].gen_512.u_macro_din0\[11\] not found.
[STA-1648] /home/blogic2026/run5/repo/asic/run/RUN_hold035_2026-09-09/56-openroad-rcx/nom/asic_top.nom.spef line 2872095, instance ANTENNA_i_soc.i_data_sram.u_sram.gen_bank\[0\].gen_512.u_macro_din0\[12\] not found.
[STA-1648] /home/blogic2026/run5/repo/asic/run/RUN_hold035_2026-09-09/56-openroad-rcx/nom/asic_top.nom.spef line 2872098, instance ANTENNA_i_soc.i_data_sram.u_sram.gen_bank\[3\].gen_512.u_macro_din0\[12\] not found.
[STA-1648] /home/blogic2026/run5/repo/asic/run/RUN_hold035_2026-09-09/56-openroad-rcx/nom/asic_top.nom.spef line 2872100, instance ANTENNA_i_soc.i_data_sram.u_sram.gen_bank\[1\].gen_512.u_macro_din0\[12\] not found.
[STA-1648] /home/blogic2026/run5/repo/asic/run/RUN_hold035_2026-09-09/56-openroad-rcx/nom/asic_top.nom.spef line 2872101, instance ANTENNA_i_soc.i_data_sram.u_sram.gen_bank\[2\].gen_512.u_macro_din0\[12\] not found.
[STA-1650] /home/blogic2026/run5/repo/asic/run/RUN_hold035_2026-09-09/56-openroad-rcx/nom/asic_top.nom.spef line 2872107, net ANTENNA_i_soc.i_data_sram.u_sram.gen_bank\[0\].gen_512.u_macro_din0\[12\] not found.
[STA-1650] /home/blogic2026/run5/repo/asic/run/RUN_hold035_2026-09-09/56-openroad-rcx/nom/asic_top.nom.spef line 2872110, net ANTENNA_i_soc.i_data_sram.u_sram.gen_bank\[3\].gen_512.u_macro_din0\[12\] not found.
[STA-1650] /home/blogic2026/run5/repo/asic/run/RUN_hold035_2026-09-09/56-openroad-rcx/nom/asic_top.nom.spef line 2872112, net ANTENNA_i_soc.i_data_sram.u_sram.gen_bank\[1\].gen_512.u_macro_din0\[12\] not found.
[STA-1650] /home/blogic2026/run5/repo/asic/run/RUN_hold035_2026-09-09/56-openroad-rcx/nom/asic_top.nom.spef line 2872113, net ANTENNA_i_soc.i_data_sram.u_sram.gen_bank\[2\].gen_512.u_macro_din0\[12\] not found.
[STA-1650] /home/blogic2026/run5/repo/asic/run/RUN_hold035_2026-09-09/56-openroad-rcx/nom/asic_top.nom.spef line 2872145, net ANTENNA_i_soc.i_data_sram.u_sram.gen_bank\[0\].gen_512.u_macro_din0\[13\] not found.
[STA-1650] /home/blogic2026/run5/repo/asic/run/RUN_hold035_2026-09-09/56-openroad-rcx/nom/asic_top.nom.spef line 2872147, net ANTENNA_i_soc.i_data_sram.u_sram.gen_bank\[2\].gen_512.u_macro_din0\[12\] not found.
[STA-1650] /home/blogic2026/run5/repo/asic/run/RUN_hold035_2026-09-09/56-openroad-rcx/nom/asic_top.nom.spef line 2872148, net ANTENNA_i_soc.i_data_sram.u_sram.gen_bank\[2\].gen_512.u_macro_din0\[12\] not found.
[STA-1650] /home/blogic2026/run5/repo/asic/run/RUN_hold035_2026-09-09/56-openroad-rcx/nom/asic_top.nom.spef line 2872149, net ANTENNA_i_soc.i_data_sram.u_sram.gen_bank\[2\].gen_512.u_macro_din0\[12\] not found.
[STA-1650] /home/blogic2026/run5/repo/asic/run/RUN_hold035_2026-09-09/56-openroad-rcx/nom/asic_top.nom.spef line 2872150, net ANTENNA_i_soc.i_data_sram.u_sram.gen_bank\[2\].gen_512.u_macro_din0\[12\] not found.
[STA-1650] /home/blogic2026/run5/repo/asic/run/RUN_hold035_2026-09-09/56-openroad-rcx/nom/asic_top.nom.spef line 2872331, net ANTENNA_i_soc.i_data_sram.u_sram.gen_bank\[2\].gen_512.u_macro_din0\[5\] not found.
[STA-1650] /home/blogic2026/run5/repo/asic/run/RUN_hold035_2026-09-09/56-openroad-rcx/nom/asic_top.nom.spef line 2872420, net ANTENNA_i_soc.i_data_sram.u_sram.gen_bank\[2\].gen_512.u_macro_din0\[12\] not found.
[STA-1650] /home/blogic2026/run5/repo/asic/run/RUN_hold035_2026-09-09/56-openroad-rcx/nom/asic_top.nom.spef line 2872427, net ANTENNA_i_soc.i_data_sram.u_sram.gen_bank\[1\].gen_512.u_macro_din0\[12\] not found.
[STA-1650] /home/blogic2026/run5/repo/asic/run/RUN_hold035_2026-09-09/56-openroad-rcx/nom/asic_top.nom.spef line 2872433, net ANTENNA_i_soc.i_data_sram.u_sram.gen_bank\[3\].gen_512.u_macro_din0\[12\] not found.
[STA-1650] /home/blogic2026/run5/repo/asic/run/RUN_hold035_2026-09-09/56-openroad-rcx/nom/asic_top.nom.spef line 2872436, net ANTENNA_i_soc.i_data_sram.u_sram.gen_bank\[0\].gen_512.u_macro_din0\[12\] not found.
[STA-1648] /home/blogic2026/run5/repo/asic/run/RUN_hold035_2026-09-09/56-openroad-rcx/nom/asic_top.nom.spef line 2872442, instance ANTENNA_i_soc.i_data_sram.u_sram.gen_bank\[1\].gen_512.u_macro_din0\[13\] not found.
[STA-1648] /home/blogic2026/run5/repo/asic/run/RUN_hold035_2026-09-09/56-openroad-rcx/nom/asic_top.nom.spef line 2872444, instance ANTENNA_i_soc.i_data_sram.u_sram.gen_bank\[3\].gen_512.u_macro_din0\[13\] not found.
[STA-1648] /home/blogic2026/run5/repo/asic/run/RUN_hold035_2026-09-09/56-openroad-rcx/nom/asic_top.nom.spef line 2872446, instance ANTENNA_i_soc.i_data_sram.u_sram.gen_bank\[2\].gen_512.u_macro_din0\[13\] not found.
[STA-1648] /home/blogic2026/run5/repo/asic/run/RUN_hold035_2026-09-09/56-openroad-rcx/nom/asic_top.nom.spef line 2872449, instance ANTENNA_i_soc.i_data_sram.u_sram.gen_bank\[0\].gen_512.u_macro_din0\[13\] not found.
[STA-1650] /home/blogic2026/run5/repo/asic/run/RUN_hold035_2026-09-09/56-openroad-rcx/nom/asic_top.nom.spef line 2872454, net ANTENNA_i_soc.i_data_sram.u_sram.gen_bank\[1\].gen_512.u_macro_din0\[13\] not found.
[STA-1650] /home/blogic2026/run5/repo/asic/run/RUN_hold035_2026-09-09/56-openroad-rcx/nom/asic_top.nom.spef line 2872456, net ANTENNA_i_soc.i_data_sram.u_sram.gen_bank\[3\].gen_512.u_macro_din0\[13\] not found.
[STA-1650] /home/blogic2026/run5/repo/asic/run/RUN_hold035_2026-09-09/56-openroad-rcx/nom/asic_top.nom.spef line 2872458, net ANTENNA_i_soc.i_data_sram.u_sram.gen_bank\[2\].gen_512.u_macro_din0\[13\] not found.
[STA-1650] /home/blogic2026/run5/repo/asic/run/RUN_hold035_2026-09-09/56-openroad-rcx/nom/asic_top.nom.spef line 2872461, net ANTENNA_i_soc.i_data_sram.u_sram.gen_bank\[0\].gen_512.u_macro_din0\[13\] not found.
[STA-1650] /home/blogic2026/run5/repo/asic/run/RUN_hold035_2026-09-09/56-openroad-rcx/nom/asic_top.nom.spef line 2872485, net ANTENNA_i_soc.i_data_sram.u_sram.gen_bank\[0\].gen_512.u_macro_din0\[13\] not found.
[STA-1650] /home/blogic2026/run5/repo/asic/run/RUN_hold035_2026-09-09/56-openroad-rcx/nom/asic_top.nom.spef line 2872486, net ANTENNA_i_soc.i_data_sram.u_sram.gen_bank\[2\].gen_512.u_macro_din0\[13\] not found.
[STA-1650] /home/blogic2026/run5/repo/asic/run/RUN_hold035_2026-09-09/56-openroad-rcx/nom/asic_top.nom.spef line 2872487, net ANTENNA_i_soc.i_data_sram.u_sram.gen_bank\[2\].gen_512.u_macro_din0\[13\] not found.
[STA-1650] /home/blogic2026/run5/repo/asic/run/RUN_hold035_2026-09-09/56-openroad-rcx/nom/asic_top.nom.spef line 2872488, net ANTENNA_i_soc.i_data_sram.u_sram.gen_bank\[2\].gen_512.u_macro_din0\[13\] not found.
[STA-1650] /home/blogic2026/run5/repo/asic/run/RUN_hold035_2026-09-09/56-openroad-rcx/nom/asic_top.nom.spef line 2872558, net ANTENNA_i_soc.i_data_sram.u_sram.gen_bank\[2\].gen_512.u_macro_din0\[8\] not found.
[STA-1650] /home/blogic2026/run5/repo/asic/run/RUN_hold035_2026-09-09/56-openroad-rcx/nom/asic_top.nom.spef line 2872565, net ANTENNA_i_soc.i_data_sram.u_sram.gen_bank\[0\].gen_512.u_macro_din0\[18\] not found.
[STA-1650] /home/blogic2026/run5/repo/asic/run/RUN_hold035_2026-09-09/56-openroad-rcx/nom/asic_top.nom.spef line 2872596, net ANTENNA_i_soc.i_data_sram.u_sram.gen_bank\[0\].gen_512.u_macro_din0\[13\] not found.
[STA-1650] /home/blogic2026/run5/repo/asic/run/RUN_hold035_2026-09-09/56-openroad-rcx/nom/asic_top.nom.spef line 2872598, net ANTENNA_i_soc.i_data_sram.u_sram.gen_bank\[2\].gen_512.u_macro_din0\[11\] not found.
[STA-1650] /home/blogic2026/run5/repo/asic/run/RUN_hold035_2026-09-09/56-openroad-rcx/nom/asic_top.nom.spef line 2872600, net ANTENNA_i_soc.i_data_sram.u_sram.gen_bank\[0\].gen_512.u_macro_din0\[13\] not found.
[STA-1650] /home/blogic2026/run5/repo/asic/run/RUN_hold035_2026-09-09/56-openroad-rcx/nom/asic_top.nom.spef line 2872609, net ANTENNA_i_soc.i_data_sram.u_sram.gen_bank\[0\].gen_512.u_macro_din0\[13\] not found.
[STA-1650] /home/blogic2026/run5/repo/asic/run/RUN_hold035_2026-09-09/56-openroad-rcx/nom/asic_top.nom.spef line 2872632, net ANTENNA_i_soc.i_data_sram.u_sram.gen_bank\[0\].gen_512.u_macro_din0\[13\] not found.
[STA-1650] /home/blogic2026/run5/repo/asic/run/RUN_hold035_2026-09-09/56-openroad-rcx/nom/asic_top.nom.spef line 2872634, net ANTENNA_i_soc.i_data_sram.u_sram.gen_bank\[0\].gen_512.u_macro_din0\[13\] not found.
[STA-1650] /home/blogic2026/run5/repo/asic/run/RUN_hold035_2026-09-09/56-openroad-rcx/nom/asic_top.nom.spef line 2872642, net ANTENNA_i_soc.i_data_sram.u_sram.gen_bank\[2\].gen_512.u_macro_din0\[13\] not found.
[STA-1650] /home/blogic2026/run5/repo/asic/run/RUN_hold035_2026-09-09/56-openroad-rcx/nom/asic_top.nom.spef line 2872653, net ANTENNA_i_soc.i_data_sram.u_sram.gen_bank\[3\].gen_512.u_macro_din0\[13\] not found.
[STA-1650] /home/blogic2026/run5/repo/asic/run/RUN_hold035_2026-09-09/56-openroad-rcx/nom/asic_top.nom.spef line 2872659, net ANTENNA_i_soc.i_data_sram.u_sram.gen_bank\[1\].gen_512.u_macro_din0\[13\] not found.
[STA-1648] /home/blogic2026/run5/repo/asic/run/RUN_hold035_2026-09-09/56-openroad-rcx/nom/asic_top.nom.spef line 2872664, instance ANTENNA_i_soc.i_data_sram.u_sram.gen_bank\[0\].gen_512.u_macro_din0\[14\] not found.
[STA-1648] /home/blogic2026/run5/repo/asic/run/RUN_hold035_2026-09-09/56-openroad-rcx/nom/asic_top.nom.spef line 2872668, instance ANTENNA_i_soc.i_data_sram.u_sram.gen_bank\[3\].gen_512.u_macro_din0\[14\] not found.
[STA-1648] /home/blogic2026/run5/repo/asic/run/RUN_hold035_2026-09-09/56-openroad-rcx/nom/asic_top.nom.spef line 2872670, instance ANTENNA_i_soc.i_data_sram.u_sram.gen_bank\[1\].gen_512.u_macro_din0\[14\] not found.
[STA-1648] /home/blogic2026/run5/repo/asic/run/RUN_hold035_2026-09-09/56-openroad-rcx/nom/asic_top.nom.spef line 2872672, instance ANTENNA_i_soc.i_data_sram.u_sram.gen_bank\[2\].gen_512.u_macro_din0\[14\] not found.
[STA-1650] /home/blogic2026/run5/repo/asic/run/RUN_hold035_2026-09-09/56-openroad-rcx/nom/asic_top.nom.spef line 2872676, net ANTENNA_i_soc.i_data_sram.u_sram.gen_bank\[0\].gen_512.u_macro_din0\[14\] not found.
[STA-1650] /home/blogic2026/run5/repo/asic/run/RUN_hold035_2026-09-09/56-openroad-rcx/nom/asic_top.nom.spef line 2872680, net ANTENNA_i_soc.i_data_sram.u_sram.gen_bank\[3\].gen_512.u_macro_din0\[14\] not found.
[STA-1650] /home/blogic2026/run5/repo/asic/run/RUN_hold035_2026-09-09/56-openroad-rcx/nom/asic_top.nom.spef line 2872682, net ANTENNA_i_soc.i_data_sram.u_sram.gen_bank\[1\].gen_512.u_macro_din0\[14\] not found.
[STA-1650] /home/blogic2026/run5/repo/asic/run/RUN_hold035_2026-09-09/56-openroad-rcx/nom/asic_top.nom.spef line 2872684, net ANTENNA_i_soc.i_data_sram.u_sram.gen_bank\[2\].gen_512.u_macro_din0\[14\] not found.
[STA-1650] /home/blogic2026/run5/repo/asic/run/RUN_hold035_2026-09-09/56-openroad-rcx/nom/asic_top.nom.spef line 2872708, net ANTENNA_i_soc.i_data_sram.u_sram.gen_bank\[1\].gen_512.u_macro_din0\[14\] not found.
[STA-1650] /home/blogic2026/run5/repo/asic/run/RUN_hold035_2026-09-09/56-openroad-rcx/nom/asic_top.nom.spef line 2872709, net ANTENNA_i_soc.i_data_sram.u_sram.gen_bank\[2\].gen_512.u_macro_din0\[14\] not found.
[STA-1650] /home/blogic2026/run5/repo/asic/run/RUN_hold035_2026-09-09/56-openroad-rcx/nom/asic_top.nom.spef line 2872817, net ANTENNA_i_soc.i_data_sram.u_sram.gen_bank\[2\].gen_512.u_macro_din0\[12\] not found.
[STA-1650] /home/blogic2026/run5/repo/asic/run/RUN_hold035_2026-09-09/56-openroad-rcx/nom/asic_top.nom.spef line 2872856, net ANTENNA_i_soc.i_data_sram.u_sram.gen_bank\[2\].gen_512.u_macro_din0\[14\] not found.
[STA-1650] /home/blogic2026/run5/repo/asic/run/RUN_hold035_2026-09-09/56-openroad-rcx/nom/asic_top.nom.spef line 2872864, net ANTENNA_i_soc.i_data_sram.u_sram.gen_bank\[1\].gen_512.u_macro_din0\[14\] not found.
[STA-1650] /home/blogic2026/run5/repo/asic/run/RUN_hold035_2026-09-09/56-openroad-rcx/nom/asic_top.nom.spef line 2872870, net ANTENNA_i_soc.i_data_sram.u_sram.gen_bank\[3\].gen_512.u_macro_din0\[14\] not found.
[STA-1650] /home/blogic2026/run5/repo/asic/run/RUN_hold035_2026-09-09/56-openroad-rcx/nom/asic_top.nom.spef line 2872874, net ANTENNA_i_soc.i_data_sram.u_sram.gen_bank\[0\].gen_512.u_macro_din0\[14\] not found.
[STA-1648] /home/blogic2026/run5/repo/asic/run/RUN_hold035_2026-09-09/56-openroad-rcx/nom/asic_top.nom.spef line 2872879, instance ANTENNA_i_soc.i_data_sram.u_sram.gen_bank\[0\].gen_512.u_macro_din0\[15\] not found.
[STA-1648] /home/blogic2026/run5/repo/asic/run/RUN_hold035_2026-09-09/56-openroad-rcx/nom/asic_top.nom.spef line 2872882, instance ANTENNA_i_soc.i_data_sram.u_sram.gen_bank\[3\].gen_512.u_macro_din0\[15\] not found.
[STA-1648] /home/blogic2026/run5/repo/asic/run/RUN_hold035_2026-09-09/56-openroad-rcx/nom/asic_top.nom.spef line 2872884, instance ANTENNA_i_soc.i_data_sram.u_sram.gen_bank\[1\].gen_512.u_macro_din0\[15\] not found.
[STA-1648] /home/blogic2026/run5/repo/asic/run/RUN_hold035_2026-09-09/56-openroad-rcx/nom/asic_top.nom.spef line 2872885, instance ANTENNA_i_soc.i_data_sram.u_sram.gen_bank\[2\].gen_512.u_macro_din0\[15\] not found.
[STA-1650] /home/blogic2026/run5/repo/asic/run/RUN_hold035_2026-09-09/56-openroad-rcx/nom/asic_top.nom.spef line 2872891, net ANTENNA_i_soc.i_data_sram.u_sram.gen_bank\[0\].gen_512.u_macro_din0\[15\] not found.
[STA-1650] /home/blogic2026/run5/repo/asic/run/RUN_hold035_2026-09-09/56-openroad-rcx/nom/asic_top.nom.spef line 2872894, net ANTENNA_i_soc.i_data_sram.u_sram.gen_bank\[3\].gen_512.u_macro_din0\[15\] not found.
[STA-1650] /home/blogic2026/run5/repo/asic/run/RUN_hold035_2026-09-09/56-openroad-rcx/nom/asic_top.nom.spef line 2872896, net ANTENNA_i_soc.i_data_sram.u_sram.gen_bank\[1\].gen_512.u_macro_din0\[15\] not found.
[STA-1650] /home/blogic2026/run5/repo/asic/run/RUN_hold035_2026-09-09/56-openroad-rcx/nom/asic_top.nom.spef line 2872897, net ANTENNA_i_soc.i_data_sram.u_sram.gen_bank\[2\].gen_512.u_macro_din0\[15\] not found.
[STA-1650] /home/blogic2026/run5/repo/asic/run/RUN_hold035_2026-09-09/56-openroad-rcx/nom/asic_top.nom.spef line 2872922, net ANTENNA_i_soc.i_data_sram.u_sram.gen_bank\[2\].gen_512.u_macro_din0\[15\] not found.
[STA-1650] /home/blogic2026/run5/repo/asic/run/RUN_hold035_2026-09-09/56-openroad-rcx/nom/asic_top.nom.spef line 2872923, net ANTENNA_i_soc.i_data_sram.u_sram.gen_bank\[2\].gen_512.u_macro_din0\[15\] not found.
[STA-1650] /home/blogic2026/run5/repo/asic/run/RUN_hold035_2026-09-09/56-openroad-rcx/nom/asic_top.nom.spef line 2872924, net ANTENNA_i_soc.i_data_sram.u_sram.gen_bank\[2\].gen_512.u_macro_din0\[15\] not found.
[STA-1650] /home/blogic2026/run5/repo/asic/run/RUN_hold035_2026-09-09/56-openroad-rcx/nom/asic_top.nom.spef line 2873017, net ANTENNA_i_soc.i_data_sram.u_sram.gen_bank\[2\].gen_512.u_macro_din0\[8\] not found.
[STA-1650] /home/blogic2026/run5/repo/asic/run/RUN_hold035_2026-09-09/56-openroad-rcx/nom/asic_top.nom.spef line 2873053, net ANTENNA_i_soc.i_data_sram.u_sram.gen_bank\[2\].gen_512.u_macro_din0\[13\] not found.
[STA-1650] /home/blogic2026/run5/repo/asic/run/RUN_hold035_2026-09-09/56-openroad-rcx/nom/asic_top.nom.spef line 2873099, net ANTENNA_i_soc.i_data_sram.u_sram.gen_bank\[2\].gen_512.u_macro_din0\[15\] not found.
[STA-1650] /home/blogic2026/run5/repo/asic/run/RUN_hold035_2026-09-09/56-openroad-rcx/nom/asic_top.nom.spef line 2873106, net ANTENNA_i_soc.i_data_sram.u_sram.gen_bank\[1\].gen_512.u_macro_din0\[15\] not found.
[STA-1650] /home/blogic2026/run5/repo/asic/run/RUN_hold035_2026-09-09/56-openroad-rcx/nom/asic_top.nom.spef line 2873112, net ANTENNA_i_soc.i_data_sram.u_sram.gen_bank\[3\].gen_512.u_macro_din0\[15\] not found.
[STA-1650] /home/blogic2026/run5/repo/asic/run/RUN_hold035_2026-09-09/56-openroad-rcx/nom/asic_top.nom.spef line 2873116, net ANTENNA_i_soc.i_data_sram.u_sram.gen_bank\[0\].gen_512.u_macro_din0\[15\] not found.
[STA-1648] /home/blogic2026/run5/repo/asic/run/RUN_hold035_2026-09-09/56-openroad-rcx/nom/asic_top.nom.spef line 2873122, instance ANTENNA_i_soc.i_data_sram.u_sram.gen_bank\[1\].gen_512.u_macro_din0\[16\] not found.
[STA-1648] /home/blogic2026/run5/repo/asic/run/RUN_hold035_2026-09-09/56-openroad-rcx/nom/asic_top.nom.spef line 2873124, instance ANTENNA_i_soc.i_data_sram.u_sram.gen_bank\[3\].gen_512.u_macro_din0\[16\] not found.
[STA-1648] /home/blogic2026/run5/repo/asic/run/RUN_hold035_2026-09-09/56-openroad-rcx/nom/asic_top.nom.spef line 2873127, instance ANTENNA_i_soc.i_data_sram.u_sram.gen_bank\[2\].gen_512.u_macro_din0\[16\] not found.
[STA-1648] /home/blogic2026/run5/repo/asic/run/RUN_hold035_2026-09-09/56-openroad-rcx/nom/asic_top.nom.spef line 2873128, instance ANTENNA_i_soc.i_data_sram.u_sram.gen_bank\[0\].gen_512.u_macro_din0\[16\] not found.
[STA-1650] /home/blogic2026/run5/repo/asic/run/RUN_hold035_2026-09-09/56-openroad-rcx/nom/asic_top.nom.spef line 2873134, net ANTENNA_i_soc.i_data_sram.u_sram.gen_bank\[1\].gen_512.u_macro_din0\[16\] not found.
[STA-1650] /home/blogic2026/run5/repo/asic/run/RUN_hold035_2026-09-09/56-openroad-rcx/nom/asic_top.nom.spef line 2873136, net ANTENNA_i_soc.i_data_sram.u_sram.gen_bank\[3\].gen_512.u_macro_din0\[16\] not found.
[STA-1650] /home/blogic2026/run5/repo/asic/run/RUN_hold035_2026-09-09/56-openroad-rcx/nom/asic_top.nom.spef line 2873139, net ANTENNA_i_soc.i_data_sram.u_sram.gen_bank\[2\].gen_512.u_macro_din0\[16\] not found.
[STA-1650] /home/blogic2026/run5/repo/asic/run/RUN_hold035_2026-09-09/56-openroad-rcx/nom/asic_top.nom.spef line 2873140, net ANTENNA_i_soc.i_data_sram.u_sram.gen_bank\[0\].gen_512.u_macro_din0\[16\] not found.
[STA-1650] /home/blogic2026/run5/repo/asic/run/RUN_hold035_2026-09-09/56-openroad-rcx/nom/asic_top.nom.spef line 2873170, net ANTENNA_i_soc.i_data_sram.u_sram.gen_bank\[0\].gen_512.u_macro_din0\[16\] not found.
[STA-1650] /home/blogic2026/run5/repo/asic/run/RUN_hold035_2026-09-09/56-openroad-rcx/nom/asic_top.nom.spef line 2873171, net ANTENNA_i_soc.i_data_sram.u_sram.gen_bank\[1\].gen_512.u_macro_din0\[16\] not found.
[STA-1650] /home/blogic2026/run5/repo/asic/run/RUN_hold035_2026-09-09/56-openroad-rcx/nom/asic_top.nom.spef line 2873240, net ANTENNA_i_soc.i_data_sram.u_sram.gen_bank\[0\].gen_512.u_macro_din0\[16\] not found.
[STA-1650] /home/blogic2026/run5/repo/asic/run/RUN_hold035_2026-09-09/56-openroad-rcx/nom/asic_top.nom.spef line 2873263, net ANTENNA_i_soc.i_data_sram.u_sram.gen_bank\[0\].gen_512.u_macro_din0\[16\] not found.
[STA-1650] /home/blogic2026/run5/repo/asic/run/RUN_hold035_2026-09-09/56-openroad-rcx/nom/asic_top.nom.spef line 2873275, net ANTENNA_i_soc.i_data_sram.u_sram.gen_bank\[2\].gen_512.u_macro_din0\[16\] not found.
[STA-1650] /home/blogic2026/run5/repo/asic/run/RUN_hold035_2026-09-09/56-openroad-rcx/nom/asic_top.nom.spef line 2873286, net ANTENNA_i_soc.i_data_sram.u_sram.gen_bank\[3\].gen_512.u_macro_din0\[16\] not found.
[STA-1650] /home/blogic2026/run5/repo/asic/run/RUN_hold035_2026-09-09/56-openroad-rcx/nom/asic_top.nom.spef line 2873290, net ANTENNA_i_soc.i_data_sram.u_sram.gen_bank\[1\].gen_512.u_macro_din0\[16\] not found.
[STA-1648] /home/blogic2026/run5/repo/asic/run/RUN_hold035_2026-09-09/56-openroad-rcx/nom/asic_top.nom.spef line 2873296, instance ANTENNA_i_soc.i_data_sram.u_sram.gen_bank\[1\].gen_512.u_macro_din0\[17\] not found.
[STA-1648] /home/blogic2026/run5/repo/asic/run/RUN_hold035_2026-09-09/56-openroad-rcx/nom/asic_top.nom.spef line 2873298, instance ANTENNA_i_soc.i_data_sram.u_sram.gen_bank\[3\].gen_512.u_macro_din0\[17\] not found.
[STA-1648] /home/blogic2026/run5/repo/asic/run/RUN_hold035_2026-09-09/56-openroad-rcx/nom/asic_top.nom.spef line 2873301, instance ANTENNA_i_soc.i_data_sram.u_sram.gen_bank\[2\].gen_512.u_macro_din0\[17\] not found.
[STA-1648] /home/blogic2026/run5/repo/asic/run/RUN_hold035_2026-09-09/56-openroad-rcx/nom/asic_top.nom.spef line 2873302, instance ANTENNA_i_soc.i_data_sram.u_sram.gen_bank\[0\].gen_512.u_macro_din0\[17\] not found.
[STA-1650] /home/blogic2026/run5/repo/asic/run/RUN_hold035_2026-09-09/56-openroad-rcx/nom/asic_top.nom.spef line 2873308, net ANTENNA_i_soc.i_data_sram.u_sram.gen_bank\[1\].gen_512.u_macro_din0\[17\] not found.
[STA-1650] /home/blogic2026/run5/repo/asic/run/RUN_hold035_2026-09-09/56-openroad-rcx/nom/asic_top.nom.spef line 2873310, net ANTENNA_i_soc.i_data_sram.u_sram.gen_bank\[3\].gen_512.u_macro_din0\[17\] not found.
[STA-1650] /home/blogic2026/run5/repo/asic/run/RUN_hold035_2026-09-09/56-openroad-rcx/nom/asic_top.nom.spef line 2873313, net ANTENNA_i_soc.i_data_sram.u_sram.gen_bank\[2\].gen_512.u_macro_din0\[17\] not found.
[STA-1650] /home/blogic2026/run5/repo/asic/run/RUN_hold035_2026-09-09/56-openroad-rcx/nom/asic_top.nom.spef line 2873314, net ANTENNA_i_soc.i_data_sram.u_sram.gen_bank\[0\].gen_512.u_macro_din0\[17\] not found.
[STA-1650] /home/blogic2026/run5/repo/asic/run/RUN_hold035_2026-09-09/56-openroad-rcx/nom/asic_top.nom.spef line 2873340, net ANTENNA_i_soc.i_data_sram.u_sram.gen_bank\[0\].gen_512.u_macro_din0\[17\] not found.
[STA-1650] /home/blogic2026/run5/repo/asic/run/RUN_hold035_2026-09-09/56-openroad-rcx/nom/asic_top.nom.spef line 2873341, net ANTENNA_i_soc.i_data_sram.u_sram.gen_bank\[0\].gen_512.u_macro_din0\[17\] not found.
[STA-1650] /home/blogic2026/run5/repo/asic/run/RUN_hold035_2026-09-09/56-openroad-rcx/nom/asic_top.nom.spef line 2873342, net ANTENNA_i_soc.i_data_sram.u_sram.gen_bank\[1\].gen_512.u_macro_din0\[17\] not found.
[STA-1650] /home/blogic2026/run5/repo/asic/run/RUN_hold035_2026-09-09/56-openroad-rcx/nom/asic_top.nom.spef line 2873343, net ANTENNA_i_soc.i_data_sram.u_sram.gen_bank\[2\].gen_512.u_macro_din0\[17\] not found.
[STA-1650] /home/blogic2026/run5/repo/asic/run/RUN_hold035_2026-09-09/56-openroad-rcx/nom/asic_top.nom.spef line 2873360, net ANTENNA_i_soc.i_data_sram.u_sram.gen_bank\[0\].gen_512.u_macro_din0\[24\] not found.
[STA-1650] /home/blogic2026/run5/repo/asic/run/RUN_hold035_2026-09-09/56-openroad-rcx/nom/asic_top.nom.spef line 2873458, net ANTENNA_i_soc.i_data_sram.u_sram.gen_bank\[2\].gen_512.u_macro_din0\[10\] not found.
[STA-1650] /home/blogic2026/run5/repo/asic/run/RUN_hold035_2026-09-09/56-openroad-rcx/nom/asic_top.nom.spef line 2873459, net ANTENNA_i_soc.i_data_sram.u_sram.gen_bank\[2\].gen_512.u_macro_din0\[11\] not found.
[STA-1650] /home/blogic2026/run5/repo/asic/run/RUN_hold035_2026-09-09/56-openroad-rcx/nom/asic_top.nom.spef line 2873460, net ANTENNA_i_soc.i_data_sram.u_sram.gen_bank\[2\].gen_512.u_macro_din0\[13\] not found.
[STA-1650] /home/blogic2026/run5/repo/asic/run/RUN_hold035_2026-09-09/56-openroad-rcx/nom/asic_top.nom.spef line 2873461, net ANTENNA_i_soc.i_data_sram.u_sram.gen_bank\[2\].gen_512.u_macro_din0\[15\] not found.
[STA-1650] /home/blogic2026/run5/repo/asic/run/RUN_hold035_2026-09-09/56-openroad-rcx/nom/asic_top.nom.spef line 2873475, net ANTENNA_i_soc.i_data_sram.u_sram.gen_bank\[0\].gen_512.u_macro_din0\[17\] not found.
[STA-1650] /home/blogic2026/run5/repo/asic/run/RUN_hold035_2026-09-09/56-openroad-rcx/nom/asic_top.nom.spef line 2873512, net ANTENNA_i_soc.i_data_sram.u_sram.gen_bank\[0\].gen_512.u_macro_din0\[17\] not found.
[STA-1650] /home/blogic2026/run5/repo/asic/run/RUN_hold035_2026-09-09/56-openroad-rcx/nom/asic_top.nom.spef line 2873520, net ANTENNA_i_soc.i_data_sram.u_sram.gen_bank\[2\].gen_512.u_macro_din0\[17\] not found.
[STA-1650] /home/blogic2026/run5/repo/asic/run/RUN_hold035_2026-09-09/56-openroad-rcx/nom/asic_top.nom.spef line 2873531, net ANTENNA_i_soc.i_data_sram.u_sram.gen_bank\[3\].gen_512.u_macro_din0\[17\] not found.
[STA-1650] /home/blogic2026/run5/repo/asic/run/RUN_hold035_2026-09-09/56-openroad-rcx/nom/asic_top.nom.spef line 2873535, net ANTENNA_i_soc.i_data_sram.u_sram.gen_bank\[1\].gen_512.u_macro_din0\[17\] not found.
[STA-1648] /home/blogic2026/run5/repo/asic/run/RUN_hold035_2026-09-09/56-openroad-rcx/nom/asic_top.nom.spef line 2873541, instance ANTENNA_i_soc.i_data_sram.u_sram.gen_bank\[1\].gen_512.u_macro_din0\[18\] not found.
[STA-1648] /home/blogic2026/run5/repo/asic/run/RUN_hold035_2026-09-09/56-openroad-rcx/nom/asic_top.nom.spef line 2873543, instance ANTENNA_i_soc.i_data_sram.u_sram.gen_bank\[3\].gen_512.u_macro_din0\[18\] not found.
[STA-1648] /home/blogic2026/run5/repo/asic/run/RUN_hold035_2026-09-09/56-openroad-rcx/nom/asic_top.nom.spef line 2873545, instance ANTENNA_i_soc.i_data_sram.u_sram.gen_bank\[2\].gen_512.u_macro_din0\[18\] not found.
[STA-1648] /home/blogic2026/run5/repo/asic/run/RUN_hold035_2026-09-09/56-openroad-rcx/nom/asic_top.nom.spef line 2873547, instance ANTENNA_i_soc.i_data_sram.u_sram.gen_bank\[0\].gen_512.u_macro_din0\[18\] not found.
[STA-1650] /home/blogic2026/run5/repo/asic/run/RUN_hold035_2026-09-09/56-openroad-rcx/nom/asic_top.nom.spef line 2873553, net ANTENNA_i_soc.i_data_sram.u_sram.gen_bank\[1\].gen_512.u_macro_din0\[18\] not found.
[STA-1650] /home/blogic2026/run5/repo/asic/run/RUN_hold035_2026-09-09/56-openroad-rcx/nom/asic_top.nom.spef line 2873555, net ANTENNA_i_soc.i_data_sram.u_sram.gen_bank\[3\].gen_512.u_macro_din0\[18\] not found.
[STA-1650] /home/blogic2026/run5/repo/asic/run/RUN_hold035_2026-09-09/56-openroad-rcx/nom/asic_top.nom.spef line 2873557, net ANTENNA_i_soc.i_data_sram.u_sram.gen_bank\[2\].gen_512.u_macro_din0\[18\] not found.
[STA-1650] /home/blogic2026/run5/repo/asic/run/RUN_hold035_2026-09-09/56-openroad-rcx/nom/asic_top.nom.spef line 2873559, net ANTENNA_i_soc.i_data_sram.u_sram.gen_bank\[0\].gen_512.u_macro_din0\[18\] not found.
[STA-1650] /home/blogic2026/run5/repo/asic/run/RUN_hold035_2026-09-09/56-openroad-rcx/nom/asic_top.nom.spef line 2873582, net ANTENNA_i_soc.i_data_sram.u_sram.gen_bank\[2\].gen_512.u_macro_din0\[18\] not found.
[STA-1650] /home/blogic2026/run5/repo/asic/run/RUN_hold035_2026-09-09/56-openroad-rcx/nom/asic_top.nom.spef line 2873623, net ANTENNA_i_soc.i_data_sram.u_sram.gen_bank\[2\].gen_512.u_macro_din0\[5\] not found.
[STA-1650] /home/blogic2026/run5/repo/asic/run/RUN_hold035_2026-09-09/56-openroad-rcx/nom/asic_top.nom.spef line 2873641, net ANTENNA_i_soc.i_data_sram.u_sram.gen_bank\[2\].gen_512.u_macro_din0\[12\] not found.
[STA-1650] /home/blogic2026/run5/repo/asic/run/RUN_hold035_2026-09-09/56-openroad-rcx/nom/asic_top.nom.spef line 2873642, net ANTENNA_i_soc.i_data_sram.u_sram.gen_bank\[2\].gen_512.u_macro_din0\[15\] not found.
[STA-1650] /home/blogic2026/run5/repo/asic/run/RUN_hold035_2026-09-09/56-openroad-rcx/nom/asic_top.nom.spef line 2873665, net ANTENNA_i_soc.i_data_sram.u_sram.gen_bank\[0\].gen_512.u_macro_din0\[18\] not found.
[STA-1650] /home/blogic2026/run5/repo/asic/run/RUN_hold035_2026-09-09/56-openroad-rcx/nom/asic_top.nom.spef line 2873693, net ANTENNA_i_soc.i_data_sram.u_sram.gen_bank\[0\].gen_512.u_macro_din0\[18\] not found.
[STA-1650] /home/blogic2026/run5/repo/asic/run/RUN_hold035_2026-09-09/56-openroad-rcx/nom/asic_top.nom.spef line 2873702, net ANTENNA_i_soc.i_data_sram.u_sram.gen_bank\[2\].gen_512.u_macro_din0\[18\] not found.
[STA-1650] /home/blogic2026/run5/repo/asic/run/RUN_hold035_2026-09-09/56-openroad-rcx/nom/asic_top.nom.spef line 2873712, net ANTENNA_i_soc.i_data_sram.u_sram.gen_bank\[3\].gen_512.u_macro_din0\[18\] not found.
[STA-1650] /home/blogic2026/run5/repo/asic/run/RUN_hold035_2026-09-09/56-openroad-rcx/nom/asic_top.nom.spef line 2873716, net ANTENNA_i_soc.i_data_sram.u_sram.gen_bank\[1\].gen_512.u_macro_din0\[18\] not found.
[STA-1648] /home/blogic2026/run5/repo/asic/run/RUN_hold035_2026-09-09/56-openroad-rcx/nom/asic_top.nom.spef line 2873722, instance ANTENNA_i_soc.i_data_sram.u_sram.gen_bank\[2\].gen_512.u_macro_din0\[19\] not found.
[STA-1648] /home/blogic2026/run5/repo/asic/run/RUN_hold035_2026-09-09/56-openroad-rcx/nom/asic_top.nom.spef line 2873725, instance ANTENNA_i_soc.i_data_sram.u_sram.gen_bank\[1\].gen_512.u_macro_din0\[19\] not found.
[STA-1648] /home/blogic2026/run5/repo/asic/run/RUN_hold035_2026-09-09/56-openroad-rcx/nom/asic_top.nom.spef line 2873727, instance ANTENNA_i_soc.i_data_sram.u_sram.gen_bank\[3\].gen_512.u_macro_din0\[19\] not found.
[STA-1648] /home/blogic2026/run5/repo/asic/run/RUN_hold035_2026-09-09/56-openroad-rcx/nom/asic_top.nom.spef line 2873729, instance ANTENNA_i_soc.i_data_sram.u_sram.gen_bank\[0\].gen_512.u_macro_din0\[19\] not found.
[STA-1650] /home/blogic2026/run5/repo/asic/run/RUN_hold035_2026-09-09/56-openroad-rcx/nom/asic_top.nom.spef line 2873734, net ANTENNA_i_soc.i_data_sram.u_sram.gen_bank\[2\].gen_512.u_macro_din0\[19\] not found.
[STA-1650] /home/blogic2026/run5/repo/asic/run/RUN_hold035_2026-09-09/56-openroad-rcx/nom/asic_top.nom.spef line 2873737, net ANTENNA_i_soc.i_data_sram.u_sram.gen_bank\[1\].gen_512.u_macro_din0\[19\] not found.
[STA-1650] /home/blogic2026/run5/repo/asic/run/RUN_hold035_2026-09-09/56-openroad-rcx/nom/asic_top.nom.spef line 2873739, net ANTENNA_i_soc.i_data_sram.u_sram.gen_bank\[3\].gen_512.u_macro_din0\[19\] not found.
[STA-1650] /home/blogic2026/run5/repo/asic/run/RUN_hold035_2026-09-09/56-openroad-rcx/nom/asic_top.nom.spef line 2873741, net ANTENNA_i_soc.i_data_sram.u_sram.gen_bank\[0\].gen_512.u_macro_din0\[19\] not found.
[STA-1650] /home/blogic2026/run5/repo/asic/run/RUN_hold035_2026-09-09/56-openroad-rcx/nom/asic_top.nom.spef line 2873774, net ANTENNA_i_soc.i_data_sram.u_sram.gen_bank\[0\].gen_512.u_macro_din0\[19\] not found.
[STA-1650] /home/blogic2026/run5/repo/asic/run/RUN_hold035_2026-09-09/56-openroad-rcx/nom/asic_top.nom.spef line 2873775, net ANTENNA_i_soc.i_data_sram.u_sram.gen_bank\[0\].gen_512.u_macro_din0\[19\] not found.
[STA-1650] /home/blogic2026/run5/repo/asic/run/RUN_hold035_2026-09-09/56-openroad-rcx/nom/asic_top.nom.spef line 2873776, net ANTENNA_i_soc.i_data_sram.u_sram.gen_bank\[0\].gen_512.u_macro_din0\[19\] not found.
[STA-1650] /home/blogic2026/run5/repo/asic/run/RUN_hold035_2026-09-09/56-openroad-rcx/nom/asic_top.nom.spef line 2873777, net ANTENNA_i_soc.i_data_sram.u_sram.gen_bank\[2\].gen_512.u_macro_din0\[19\] not found.
[STA-1650] /home/blogic2026/run5/repo/asic/run/RUN_hold035_2026-09-09/56-openroad-rcx/nom/asic_top.nom.spef line 2873791, net ANTENNA_i_soc.i_data_sram.u_sram.gen_bank\[0\].gen_512.u_macro_din0\[20\] not found.
[STA-1650] /home/blogic2026/run5/repo/asic/run/RUN_hold035_2026-09-09/56-openroad-rcx/nom/asic_top.nom.spef line 2873918, net ANTENNA_i_soc.i_data_sram.u_sram.gen_bank\[2\].gen_512.u_macro_din0\[18\] not found.
[STA-1650] /home/blogic2026/run5/repo/asic/run/RUN_hold035_2026-09-09/56-openroad-rcx/nom/asic_top.nom.spef line 2873958, net ANTENNA_i_soc.i_data_sram.u_sram.gen_bank\[0\].gen_512.u_macro_din0\[19\] not found.
[STA-1650] /home/blogic2026/run5/repo/asic/run/RUN_hold035_2026-09-09/56-openroad-rcx/nom/asic_top.nom.spef line 2873989, net ANTENNA_i_soc.i_data_sram.u_sram.gen_bank\[0\].gen_512.u_macro_din0\[19\] not found.
[STA-1650] /home/blogic2026/run5/repo/asic/run/RUN_hold035_2026-09-09/56-openroad-rcx/nom/asic_top.nom.spef line 2874003, net ANTENNA_i_soc.i_data_sram.u_sram.gen_bank\[3\].gen_512.u_macro_din0\[19\] not found.
[STA-1650] /home/blogic2026/run5/repo/asic/run/RUN_hold035_2026-09-09/56-openroad-rcx/nom/asic_top.nom.spef line 2874007, net ANTENNA_i_soc.i_data_sram.u_sram.gen_bank\[1\].gen_512.u_macro_din0\[19\] not found.
[STA-1650] /home/blogic2026/run5/repo/asic/run/RUN_hold035_2026-09-09/56-openroad-rcx/nom/asic_top.nom.spef line 2874009, net ANTENNA_i_soc.i_data_sram.u_sram.gen_bank\[0\].gen_512.u_macro_din0\[19\] not found.
[STA-1650] /home/blogic2026/run5/repo/asic/run/RUN_hold035_2026-09-09/56-openroad-rcx/nom/asic_top.nom.spef line 2874026, net ANTENNA_i_soc.i_data_sram.u_sram.gen_bank\[2\].gen_512.u_macro_din0\[19\] not found.
[STA-1648] /home/blogic2026/run5/repo/asic/run/RUN_hold035_2026-09-09/56-openroad-rcx/nom/asic_top.nom.spef line 2874033, instance ANTENNA_i_soc.i_data_sram.u_sram.gen_bank\[2\].gen_512.u_macro_din0\[1\] not found.
[STA-1648] /home/blogic2026/run5/repo/asic/run/RUN_hold035_2026-09-09/56-openroad-rcx/nom/asic_top.nom.spef line 2874035, instance ANTENNA_i_soc.i_data_sram.u_sram.gen_bank\[3\].gen_512.u_macro_din0\[1\] not found.
[STA-1648] /home/blogic2026/run5/repo/asic/run/RUN_hold035_2026-09-09/56-openroad-rcx/nom/asic_top.nom.spef line 2874037, instance ANTENNA_i_soc.i_data_sram.u_sram.gen_bank\[1\].gen_512.u_macro_din0\[1\] not found.
[STA-1648] /home/blogic2026/run5/repo/asic/run/RUN_hold035_2026-09-09/56-openroad-rcx/nom/asic_top.nom.spef line 2874038, instance ANTENNA_i_soc.i_data_sram.u_sram.gen_bank\[0\].gen_512.u_macro_din0\[1\] not found.
[STA-1650] /home/blogic2026/run5/repo/asic/run/RUN_hold035_2026-09-09/56-openroad-rcx/nom/asic_top.nom.spef line 2874045, net ANTENNA_i_soc.i_data_sram.u_sram.gen_bank\[2\].gen_512.u_macro_din0\[1\] not found.
[STA-1650] /home/blogic2026/run5/repo/asic/run/RUN_hold035_2026-09-09/56-openroad-rcx/nom/asic_top.nom.spef line 2874047, net ANTENNA_i_soc.i_data_sram.u_sram.gen_bank\[3\].gen_512.u_macro_din0\[1\] not found.
[STA-1650] /home/blogic2026/run5/repo/asic/run/RUN_hold035_2026-09-09/56-openroad-rcx/nom/asic_top.nom.spef line 2874049, net ANTENNA_i_soc.i_data_sram.u_sram.gen_bank\[1\].gen_512.u_macro_din0\[1\] not found.
[STA-1650] /home/blogic2026/run5/repo/asic/run/RUN_hold035_2026-09-09/56-openroad-rcx/nom/asic_top.nom.spef line 2874050, net ANTENNA_i_soc.i_data_sram.u_sram.gen_bank\[0\].gen_512.u_macro_din0\[1\] not found.
[STA-1650] /home/blogic2026/run5/repo/asic/run/RUN_hold035_2026-09-09/56-openroad-rcx/nom/asic_top.nom.spef line 2874074, net ANTENNA_i_soc.i_data_sram.u_sram.gen_bank\[2\].gen_512.u_macro_din0\[1\] not found.
[STA-1650] /home/blogic2026/run5/repo/asic/run/RUN_hold035_2026-09-09/56-openroad-rcx/nom/asic_top.nom.spef line 2874075, net ANTENNA_i_soc.i_data_sram.u_sram.gen_bank\[3\].gen_512.u_macro_din0\[1\] not found.
[STA-1650] /home/blogic2026/run5/repo/asic/run/RUN_hold035_2026-09-09/56-openroad-rcx/nom/asic_top.nom.spef line 2874265, net ANTENNA_i_soc.i_data_sram.u_sram.gen_bank\[0\].gen_512.u_macro_din0\[1\] not found.
[STA-1650] /home/blogic2026/run5/repo/asic/run/RUN_hold035_2026-09-09/56-openroad-rcx/nom/asic_top.nom.spef line 2874274, net ANTENNA_i_soc.i_data_sram.u_sram.gen_bank\[1\].gen_512.u_macro_din0\[1\] not found.
[STA-1650] /home/blogic2026/run5/repo/asic/run/RUN_hold035_2026-09-09/56-openroad-rcx/nom/asic_top.nom.spef line 2874280, net ANTENNA_i_soc.i_data_sram.u_sram.gen_bank\[3\].gen_512.u_macro_din0\[1\] not found.
[STA-1650] /home/blogic2026/run5/repo/asic/run/RUN_hold035_2026-09-09/56-openroad-rcx/nom/asic_top.nom.spef line 2874289, net ANTENNA_i_soc.i_data_sram.u_sram.gen_bank\[2\].gen_512.u_macro_din0\[1\] not found.
[STA-1648] /home/blogic2026/run5/repo/asic/run/RUN_hold035_2026-09-09/56-openroad-rcx/nom/asic_top.nom.spef line 2874297, instance ANTENNA_i_soc.i_data_sram.u_sram.gen_bank\[2\].gen_512.u_macro_din0\[20\] not found.
[STA-1648] /home/blogic2026/run5/repo/asic/run/RUN_hold035_2026-09-09/56-openroad-rcx/nom/asic_top.nom.spef line 2874298, instance ANTENNA_i_soc.i_data_sram.u_sram.gen_bank\[0\].gen_512.u_macro_din0\[20\] not found.
[STA-1648] /home/blogic2026/run5/repo/asic/run/RUN_hold035_2026-09-09/56-openroad-rcx/nom/asic_top.nom.spef line 2874300, instance ANTENNA_i_soc.i_data_sram.u_sram.gen_bank\[1\].gen_512.u_macro_din0\[20\] not found.
[STA-1648] /home/blogic2026/run5/repo/asic/run/RUN_hold035_2026-09-09/56-openroad-rcx/nom/asic_top.nom.spef line 2874302, instance ANTENNA_i_soc.i_data_sram.u_sram.gen_bank\[3\].gen_512.u_macro_din0\[20\] not found.
[STA-1650] /home/blogic2026/run5/repo/asic/run/RUN_hold035_2026-09-09/56-openroad-rcx/nom/asic_top.nom.spef line 2874309, net ANTENNA_i_soc.i_data_sram.u_sram.gen_bank\[2\].gen_512.u_macro_din0\[20\] not found.
[STA-1650] /home/blogic2026/run5/repo/asic/run/RUN_hold035_2026-09-09/56-openroad-rcx/nom/asic_top.nom.spef line 2874310, net ANTENNA_i_soc.i_data_sram.u_sram.gen_bank\[0\].gen_512.u_macro_din0\[20\] not found.
[STA-1650] /home/blogic2026/run5/repo/asic/run/RUN_hold035_2026-09-09/56-openroad-rcx/nom/asic_top.nom.spef line 2874312, net ANTENNA_i_soc.i_data_sram.u_sram.gen_bank\[1\].gen_512.u_macro_din0\[20\] not found.
[STA-1650] /home/blogic2026/run5/repo/asic/run/RUN_hold035_2026-09-09/56-openroad-rcx/nom/asic_top.nom.spef line 2874314, net ANTENNA_i_soc.i_data_sram.u_sram.gen_bank\[3\].gen_512.u_macro_din0\[20\] not found.
[STA-1650] /home/blogic2026/run5/repo/asic/run/RUN_hold035_2026-09-09/56-openroad-rcx/nom/asic_top.nom.spef line 2874342, net ANTENNA_i_soc.i_data_sram.u_sram.gen_bank\[0\].gen_512.u_macro_din0\[20\] not found.
[STA-1650] /home/blogic2026/run5/repo/asic/run/RUN_hold035_2026-09-09/56-openroad-rcx/nom/asic_top.nom.spef line 2874343, net ANTENNA_i_soc.i_data_sram.u_sram.gen_bank\[0\].gen_512.u_macro_din0\[20\] not found.
[STA-1650] /home/blogic2026/run5/repo/asic/run/RUN_hold035_2026-09-09/56-openroad-rcx/nom/asic_top.nom.spef line 2874344, net ANTENNA_i_soc.i_data_sram.u_sram.gen_bank\[2\].gen_512.u_macro_din0\[20\] not found.
[STA-1650] /home/blogic2026/run5/repo/asic/run/RUN_hold035_2026-09-09/56-openroad-rcx/nom/asic_top.nom.spef line 2874345, net ANTENNA_i_soc.i_data_sram.u_sram.gen_bank\[2\].gen_512.u_macro_din0\[20\] not found.
[STA-1650] /home/blogic2026/run5/repo/asic/run/RUN_hold035_2026-09-09/56-openroad-rcx/nom/asic_top.nom.spef line 2874435, net ANTENNA_i_soc.i_data_sram.u_sram.gen_bank\[0\].gen_512.u_macro_din0\[20\] not found.
[STA-1650] /home/blogic2026/run5/repo/asic/run/RUN_hold035_2026-09-09/56-openroad-rcx/nom/asic_top.nom.spef line 2874457, net ANTENNA_i_soc.i_data_sram.u_sram.gen_bank\[3\].gen_512.u_macro_din0\[20\] not found.
[STA-1650] /home/blogic2026/run5/repo/asic/run/RUN_hold035_2026-09-09/56-openroad-rcx/nom/asic_top.nom.spef line 2874461, net ANTENNA_i_soc.i_data_sram.u_sram.gen_bank\[1\].gen_512.u_macro_din0\[20\] not found.
[STA-1650] /home/blogic2026/run5/repo/asic/run/RUN_hold035_2026-09-09/56-openroad-rcx/nom/asic_top.nom.spef line 2874463, net ANTENNA_i_soc.i_data_sram.u_sram.gen_bank\[0\].gen_512.u_macro_din0\[20\] not found.
[STA-1650] /home/blogic2026/run5/repo/asic/run/RUN_hold035_2026-09-09/56-openroad-rcx/nom/asic_top.nom.spef line 2874464, net ANTENNA_i_soc.i_data_sram.u_sram.gen_bank\[0\].gen_512.u_macro_din0\[20\] not found.
[STA-1650] /home/blogic2026/run5/repo/asic/run/RUN_hold035_2026-09-09/56-openroad-rcx/nom/asic_top.nom.spef line 2874473, net ANTENNA_i_soc.i_data_sram.u_sram.gen_bank\[2\].gen_512.u_macro_din0\[20\] not found.
[STA-1648] /home/blogic2026/run5/repo/asic/run/RUN_hold035_2026-09-09/56-openroad-rcx/nom/asic_top.nom.spef line 2874479, instance ANTENNA_i_soc.i_data_sram.u_sram.gen_bank\[3\].gen_512.u_macro_din0\[21\] not found.
[STA-1648] /home/blogic2026/run5/repo/asic/run/RUN_hold035_2026-09-09/56-openroad-rcx/nom/asic_top.nom.spef line 2874482, instance ANTENNA_i_soc.i_data_sram.u_sram.gen_bank\[1\].gen_512.u_macro_din0\[21\] not found.
[STA-1648] /home/blogic2026/run5/repo/asic/run/RUN_hold035_2026-09-09/56-openroad-rcx/nom/asic_top.nom.spef line 2874483, instance ANTENNA_i_soc.i_data_sram.u_sram.gen_bank\[2\].gen_512.u_macro_din0\[21\] not found.
[STA-1648] /home/blogic2026/run5/repo/asic/run/RUN_hold035_2026-09-09/56-openroad-rcx/nom/asic_top.nom.spef line 2874485, instance ANTENNA_i_soc.i_data_sram.u_sram.gen_bank\[0\].gen_512.u_macro_din0\[21\] not found.
[STA-1650] /home/blogic2026/run5/repo/asic/run/RUN_hold035_2026-09-09/56-openroad-rcx/nom/asic_top.nom.spef line 2874491, net ANTENNA_i_soc.i_data_sram.u_sram.gen_bank\[3\].gen_512.u_macro_din0\[21\] not found.
[STA-1650] /home/blogic2026/run5/repo/asic/run/RUN_hold035_2026-09-09/56-openroad-rcx/nom/asic_top.nom.spef line 2874494, net ANTENNA_i_soc.i_data_sram.u_sram.gen_bank\[1\].gen_512.u_macro_din0\[21\] not found.
[STA-1650] /home/blogic2026/run5/repo/asic/run/RUN_hold035_2026-09-09/56-openroad-rcx/nom/asic_top.nom.spef line 2874495, net ANTENNA_i_soc.i_data_sram.u_sram.gen_bank\[2\].gen_512.u_macro_din0\[21\] not found.
[STA-1650] /home/blogic2026/run5/repo/asic/run/RUN_hold035_2026-09-09/56-openroad-rcx/nom/asic_top.nom.spef line 2874497, net ANTENNA_i_soc.i_data_sram.u_sram.gen_bank\[0\].gen_512.u_macro_din0\[21\] not found.
[STA-1650] /home/blogic2026/run5/repo/asic/run/RUN_hold035_2026-09-09/56-openroad-rcx/nom/asic_top.nom.spef line 2874523, net ANTENNA_i_soc.i_data_sram.u_sram.gen_bank\[0\].gen_512.u_macro_din0\[21\] not found.
[STA-1650] /home/blogic2026/run5/repo/asic/run/RUN_hold035_2026-09-09/56-openroad-rcx/nom/asic_top.nom.spef line 2874524, net ANTENNA_i_soc.i_data_sram.u_sram.gen_bank\[0\].gen_512.u_macro_din0\[21\] not found.
[STA-1650] /home/blogic2026/run5/repo/asic/run/RUN_hold035_2026-09-09/56-openroad-rcx/nom/asic_top.nom.spef line 2874525, net ANTENNA_i_soc.i_data_sram.u_sram.gen_bank\[0\].gen_512.u_macro_din0\[21\] not found.
[STA-1650] /home/blogic2026/run5/repo/asic/run/RUN_hold035_2026-09-09/56-openroad-rcx/nom/asic_top.nom.spef line 2874526, net ANTENNA_i_soc.i_data_sram.u_sram.gen_bank\[0\].gen_512.u_macro_din0\[21\] not found.
[STA-1650] /home/blogic2026/run5/repo/asic/run/RUN_hold035_2026-09-09/56-openroad-rcx/nom/asic_top.nom.spef line 2874527, net ANTENNA_i_soc.i_data_sram.u_sram.gen_bank\[2\].gen_512.u_macro_din0\[21\] not found.
[STA-1650] /home/blogic2026/run5/repo/asic/run/RUN_hold035_2026-09-09/56-openroad-rcx/nom/asic_top.nom.spef line 2874527, net ANTENNA_i_soc.i_data_sram.u_sram.gen_bank\[2\].gen_512.u_macro_din0\[22\] not found.
[STA-1650] /home/blogic2026/run5/repo/asic/run/RUN_hold035_2026-09-09/56-openroad-rcx/nom/asic_top.nom.spef line 2874528, net ANTENNA_i_soc.i_data_sram.u_sram.gen_bank\[2\].gen_512.u_macro_din0\[21\] not found.
[STA-1650] /home/blogic2026/run5/repo/asic/run/RUN_hold035_2026-09-09/56-openroad-rcx/nom/asic_top.nom.spef line 2874529, net ANTENNA_i_soc.i_data_sram.u_sram.gen_bank\[3\].gen_512.u_macro_din0\[21\] not found.
[STA-1650] /home/blogic2026/run5/repo/asic/run/RUN_hold035_2026-09-09/56-openroad-rcx/nom/asic_top.nom.spef line 2874530, net ANTENNA_i_soc.i_data_sram.u_sram.gen_bank\[3\].gen_512.u_macro_din0\[21\] not found.
[STA-1650] /home/blogic2026/run5/repo/asic/run/RUN_hold035_2026-09-09/56-openroad-rcx/nom/asic_top.nom.spef line 2874531, net ANTENNA_i_soc.i_data_sram.u_sram.gen_bank\[3\].gen_512.u_macro_din0\[21\] not found.
[STA-1650] /home/blogic2026/run5/repo/asic/run/RUN_hold035_2026-09-09/56-openroad-rcx/nom/asic_top.nom.spef line 2874596, net ANTENNA_i_soc.i_data_sram.u_sram.gen_bank\[2\].gen_512.u_macro_din0\[22\] not found.
[STA-1650] /home/blogic2026/run5/repo/asic/run/RUN_hold035_2026-09-09/56-openroad-rcx/nom/asic_top.nom.spef line 2874597, net ANTENNA_i_soc.i_data_sram.u_sram.gen_bank\[2\].gen_512.u_macro_din0\[24\] not found.
[STA-1650] /home/blogic2026/run5/repo/asic/run/RUN_hold035_2026-09-09/56-openroad-rcx/nom/asic_top.nom.spef line 2874660, net ANTENNA_i_soc.i_data_sram.u_sram.gen_bank\[0\].gen_512.u_macro_din0\[21\] not found.
[STA-1650] /home/blogic2026/run5/repo/asic/run/RUN_hold035_2026-09-09/56-openroad-rcx/nom/asic_top.nom.spef line 2874674, net ANTENNA_i_soc.i_data_sram.u_sram.gen_bank\[2\].gen_512.u_macro_din0\[21\] not found.
[STA-1650] /home/blogic2026/run5/repo/asic/run/RUN_hold035_2026-09-09/56-openroad-rcx/nom/asic_top.nom.spef line 2874677, net ANTENNA_i_soc.i_data_sram.u_sram.gen_bank\[1\].gen_512.u_macro_din0\[21\] not found.
[STA-1650] /home/blogic2026/run5/repo/asic/run/RUN_hold035_2026-09-09/56-openroad-rcx/nom/asic_top.nom.spef line 2874682, net ANTENNA_i_soc.i_data_sram.u_sram.gen_bank\[3\].gen_512.u_macro_din0\[21\] not found.
[STA-1648] /home/blogic2026/run5/repo/asic/run/RUN_hold035_2026-09-09/56-openroad-rcx/nom/asic_top.nom.spef line 2874687, instance ANTENNA_i_soc.i_data_sram.u_sram.gen_bank\[3\].gen_512.u_macro_din0\[22\] not found.
[STA-1648] /home/blogic2026/run5/repo/asic/run/RUN_hold035_2026-09-09/56-openroad-rcx/nom/asic_top.nom.spef line 2874689, instance ANTENNA_i_soc.i_data_sram.u_sram.gen_bank\[1\].gen_512.u_macro_din0\[22\] not found.
[STA-1648] /home/blogic2026/run5/repo/asic/run/RUN_hold035_2026-09-09/56-openroad-rcx/nom/asic_top.nom.spef line 2874691, instance ANTENNA_i_soc.i_data_sram.u_sram.gen_bank\[2\].gen_512.u_macro_din0\[22\] not found.
[STA-1648] /home/blogic2026/run5/repo/asic/run/RUN_hold035_2026-09-09/56-openroad-rcx/nom/asic_top.nom.spef line 2874693, instance ANTENNA_i_soc.i_data_sram.u_sram.gen_bank\[0\].gen_512.u_macro_din0\[22\] not found.
[STA-1650] /home/blogic2026/run5/repo/asic/run/RUN_hold035_2026-09-09/56-openroad-rcx/nom/asic_top.nom.spef line 2874699, net ANTENNA_i_soc.i_data_sram.u_sram.gen_bank\[3\].gen_512.u_macro_din0\[22\] not found.
[STA-1650] /home/blogic2026/run5/repo/asic/run/RUN_hold035_2026-09-09/56-openroad-rcx/nom/asic_top.nom.spef line 2874701, net ANTENNA_i_soc.i_data_sram.u_sram.gen_bank\[1\].gen_512.u_macro_din0\[22\] not found.
[STA-1650] /home/blogic2026/run5/repo/asic/run/RUN_hold035_2026-09-09/56-openroad-rcx/nom/asic_top.nom.spef line 2874703, net ANTENNA_i_soc.i_data_sram.u_sram.gen_bank\[2\].gen_512.u_macro_din0\[22\] not found.
[STA-1650] /home/blogic2026/run5/repo/asic/run/RUN_hold035_2026-09-09/56-openroad-rcx/nom/asic_top.nom.spef line 2874705, net ANTENNA_i_soc.i_data_sram.u_sram.gen_bank\[0\].gen_512.u_macro_din0\[22\] not found.
[STA-1650] /home/blogic2026/run5/repo/asic/run/RUN_hold035_2026-09-09/56-openroad-rcx/nom/asic_top.nom.spef line 2874733, net ANTENNA_i_soc.i_data_sram.u_sram.gen_bank\[0\].gen_512.u_macro_din0\[22\] not found.
[STA-1650] /home/blogic2026/run5/repo/asic/run/RUN_hold035_2026-09-09/56-openroad-rcx/nom/asic_top.nom.spef line 2874734, net ANTENNA_i_soc.i_data_sram.u_sram.gen_bank\[1\].gen_512.u_macro_din0\[22\] not found.
[STA-1650] /home/blogic2026/run5/repo/asic/run/RUN_hold035_2026-09-09/56-openroad-rcx/nom/asic_top.nom.spef line 2874734, net ANTENNA_i_soc.i_data_sram.u_sram.gen_bank\[1\].gen_512.u_macro_din0\[23\] not found.
[STA-1650] /home/blogic2026/run5/repo/asic/run/RUN_hold035_2026-09-09/56-openroad-rcx/nom/asic_top.nom.spef line 2874735, net ANTENNA_i_soc.i_data_sram.u_sram.gen_bank\[2\].gen_512.u_macro_din0\[22\] not found.
[STA-1650] /home/blogic2026/run5/repo/asic/run/RUN_hold035_2026-09-09/56-openroad-rcx/nom/asic_top.nom.spef line 2874736, net ANTENNA_i_soc.i_data_sram.u_sram.gen_bank\[2\].gen_512.u_macro_din0\[22\] not found.
[STA-1650] /home/blogic2026/run5/repo/asic/run/RUN_hold035_2026-09-09/56-openroad-rcx/nom/asic_top.nom.spef line 2874741, net ANTENNA_i_soc.i_data_sram.u_sram.gen_bank\[3\].gen_512.u_macro_din0\[23\] not found.
[STA-1650] /home/blogic2026/run5/repo/asic/run/RUN_hold035_2026-09-09/56-openroad-rcx/nom/asic_top.nom.spef line 2874783, net ANTENNA_i_soc.i_data_sram.u_sram.gen_bank\[3\].gen_512.u_macro_din0\[2\] not found.
[STA-1650] /home/blogic2026/run5/repo/asic/run/RUN_hold035_2026-09-09/56-openroad-rcx/nom/asic_top.nom.spef line 2874793, net ANTENNA_i_soc.i_data_sram.u_sram.gen_bank\[0\].gen_512.u_macro_din0\[21\] not found.
[STA-1650] /home/blogic2026/run5/repo/asic/run/RUN_hold035_2026-09-09/56-openroad-rcx/nom/asic_top.nom.spef line 2874794, net ANTENNA_i_soc.i_data_sram.u_sram.gen_bank\[2\].gen_512.u_macro_din0\[21\] not found.
[STA-1650] /home/blogic2026/run5/repo/asic/run/RUN_hold035_2026-09-09/56-openroad-rcx/nom/asic_top.nom.spef line 2874794, net ANTENNA_i_soc.i_data_sram.u_sram.gen_bank\[2\].gen_512.u_macro_din0\[22\] not found.
[STA-1650] /home/blogic2026/run5/repo/asic/run/RUN_hold035_2026-09-09/56-openroad-rcx/nom/asic_top.nom.spef line 2874795, net ANTENNA_i_soc.i_data_sram.u_sram.gen_bank\[3\].gen_512.u_macro_din0\[1\] not found.
[STA-1650] /home/blogic2026/run5/repo/asic/run/RUN_hold035_2026-09-09/56-openroad-rcx/nom/asic_top.nom.spef line 2874836, net ANTENNA_i_soc.i_data_sram.u_sram.gen_bank\[2\].gen_512.u_macro_din0\[22\] not found.
[STA-1650] /home/blogic2026/run5/repo/asic/run/RUN_hold035_2026-09-09/56-openroad-rcx/nom/asic_top.nom.spef line 2874846, net ANTENNA_i_soc.i_data_sram.u_sram.gen_bank\[0\].gen_512.u_macro_din0\[22\] not found.
[STA-1650] /home/blogic2026/run5/repo/asic/run/RUN_hold035_2026-09-09/56-openroad-rcx/nom/asic_top.nom.spef line 2874856, net ANTENNA_i_soc.i_data_sram.u_sram.gen_bank\[2\].gen_512.u_macro_din0\[22\] not found.
[STA-1650] /home/blogic2026/run5/repo/asic/run/RUN_hold035_2026-09-09/56-openroad-rcx/nom/asic_top.nom.spef line 2874863, net ANTENNA_i_soc.i_data_sram.u_sram.gen_bank\[1\].gen_512.u_macro_din0\[22\] not found.
[STA-1650] /home/blogic2026/run5/repo/asic/run/RUN_hold035_2026-09-09/56-openroad-rcx/nom/asic_top.nom.spef line 2874871, net ANTENNA_i_soc.i_data_sram.u_sram.gen_bank\[3\].gen_512.u_macro_din0\[22\] not found.
[STA-1648] /home/blogic2026/run5/repo/asic/run/RUN_hold035_2026-09-09/56-openroad-rcx/nom/asic_top.nom.spef line 2874877, instance ANTENNA_i_soc.i_data_sram.u_sram.gen_bank\[3\].gen_512.u_macro_din0\[23\] not found.
[STA-1648] /home/blogic2026/run5/repo/asic/run/RUN_hold035_2026-09-09/56-openroad-rcx/nom/asic_top.nom.spef line 2874879, instance ANTENNA_i_soc.i_data_sram.u_sram.gen_bank\[1\].gen_512.u_macro_din0\[23\] not found.
[STA-1648] /home/blogic2026/run5/repo/asic/run/RUN_hold035_2026-09-09/56-openroad-rcx/nom/asic_top.nom.spef line 2874881, instance ANTENNA_i_soc.i_data_sram.u_sram.gen_bank\[2\].gen_512.u_macro_din0\[23\] not found.
[STA-1648] /home/blogic2026/run5/repo/asic/run/RUN_hold035_2026-09-09/56-openroad-rcx/nom/asic_top.nom.spef line 2874882, instance ANTENNA_i_soc.i_data_sram.u_sram.gen_bank\[0\].gen_512.u_macro_din0\[23\] not found.
[STA-1650] /home/blogic2026/run5/repo/asic/run/RUN_hold035_2026-09-09/56-openroad-rcx/nom/asic_top.nom.spef line 2874889, net ANTENNA_i_soc.i_data_sram.u_sram.gen_bank\[3\].gen_512.u_macro_din0\[23\] not found.
[STA-1650] /home/blogic2026/run5/repo/asic/run/RUN_hold035_2026-09-09/56-openroad-rcx/nom/asic_top.nom.spef line 2874891, net ANTENNA_i_soc.i_data_sram.u_sram.gen_bank\[1\].gen_512.u_macro_din0\[23\] not found.
[STA-1650] /home/blogic2026/run5/repo/asic/run/RUN_hold035_2026-09-09/56-openroad-rcx/nom/asic_top.nom.spef line 2874893, net ANTENNA_i_soc.i_data_sram.u_sram.gen_bank\[2\].gen_512.u_macro_din0\[23\] not found.
[STA-1650] /home/blogic2026/run5/repo/asic/run/RUN_hold035_2026-09-09/56-openroad-rcx/nom/asic_top.nom.spef line 2874894, net ANTENNA_i_soc.i_data_sram.u_sram.gen_bank\[0\].gen_512.u_macro_din0\[23\] not found.
[STA-1650] /home/blogic2026/run5/repo/asic/run/RUN_hold035_2026-09-09/56-openroad-rcx/nom/asic_top.nom.spef line 2874913, net ANTENNA_i_soc.i_data_sram.u_sram.gen_bank\[1\].gen_512.u_macro_din0\[23\] not found.
[STA-1650] /home/blogic2026/run5/repo/asic/run/RUN_hold035_2026-09-09/56-openroad-rcx/nom/asic_top.nom.spef line 2874966, net ANTENNA_i_soc.i_data_sram.u_sram.gen_bank\[1\].gen_512.u_macro_din0\[22\] not found.
[STA-1650] /home/blogic2026/run5/repo/asic/run/RUN_hold035_2026-09-09/56-openroad-rcx/nom/asic_top.nom.spef line 2874966, net ANTENNA_i_soc.i_data_sram.u_sram.gen_bank\[1\].gen_512.u_macro_din0\[23\] not found.
[STA-1650] /home/blogic2026/run5/repo/asic/run/RUN_hold035_2026-09-09/56-openroad-rcx/nom/asic_top.nom.spef line 2874967, net ANTENNA_i_soc.i_data_sram.u_sram.gen_bank\[3\].gen_512.u_macro_din0\[21\] not found.
[STA-1650] /home/blogic2026/run5/repo/asic/run/RUN_hold035_2026-09-09/56-openroad-rcx/nom/asic_top.nom.spef line 2874982, net ANTENNA_i_soc.i_data_sram.u_sram.gen_bank\[3\].gen_512.u_macro_din0\[23\] not found.
[STA-1650] /home/blogic2026/run5/repo/asic/run/RUN_hold035_2026-09-09/56-openroad-rcx/nom/asic_top.nom.spef line 2875026, net ANTENNA_i_soc.i_data_sram.u_sram.gen_bank\[0\].gen_512.u_macro_din0\[23\] not found.
[STA-1650] /home/blogic2026/run5/repo/asic/run/RUN_hold035_2026-09-09/56-openroad-rcx/nom/asic_top.nom.spef line 2875033, net ANTENNA_i_soc.i_data_sram.u_sram.gen_bank\[2\].gen_512.u_macro_din0\[23\] not found.
[STA-1650] /home/blogic2026/run5/repo/asic/run/RUN_hold035_2026-09-09/56-openroad-rcx/nom/asic_top.nom.spef line 2875037, net ANTENNA_i_soc.i_data_sram.u_sram.gen_bank\[1\].gen_512.u_macro_din0\[23\] not found.
[STA-1650] /home/blogic2026/run5/repo/asic/run/RUN_hold035_2026-09-09/56-openroad-rcx/nom/asic_top.nom.spef line 2875043, net ANTENNA_i_soc.i_data_sram.u_sram.gen_bank\[3\].gen_512.u_macro_din0\[23\] not found.
[STA-1648] /home/blogic2026/run5/repo/asic/run/RUN_hold035_2026-09-09/56-openroad-rcx/nom/asic_top.nom.spef line 2875049, instance ANTENNA_i_soc.i_data_sram.u_sram.gen_bank\[2\].gen_512.u_macro_din0\[24\] not found.
[STA-1648] /home/blogic2026/run5/repo/asic/run/RUN_hold035_2026-09-09/56-openroad-rcx/nom/asic_top.nom.spef line 2875051, instance ANTENNA_i_soc.i_data_sram.u_sram.gen_bank\[3\].gen_512.u_macro_din0\[24\] not found.
[STA-1648] /home/blogic2026/run5/repo/asic/run/RUN_hold035_2026-09-09/56-openroad-rcx/nom/asic_top.nom.spef line 2875053, instance ANTENNA_i_soc.i_data_sram.u_sram.gen_bank\[1\].gen_512.u_macro_din0\[24\] not found.
[STA-1648] /home/blogic2026/run5/repo/asic/run/RUN_hold035_2026-09-09/56-openroad-rcx/nom/asic_top.nom.spef line 2875055, instance ANTENNA_i_soc.i_data_sram.u_sram.gen_bank\[0\].gen_512.u_macro_din0\[24\] not found.
[STA-1650] /home/blogic2026/run5/repo/asic/run/RUN_hold035_2026-09-09/56-openroad-rcx/nom/asic_top.nom.spef line 2875061, net ANTENNA_i_soc.i_data_sram.u_sram.gen_bank\[2\].gen_512.u_macro_din0\[24\] not found.
[STA-1650] /home/blogic2026/run5/repo/asic/run/RUN_hold035_2026-09-09/56-openroad-rcx/nom/asic_top.nom.spef line 2875063, net ANTENNA_i_soc.i_data_sram.u_sram.gen_bank\[3\].gen_512.u_macro_din0\[24\] not found.
[STA-1650] /home/blogic2026/run5/repo/asic/run/RUN_hold035_2026-09-09/56-openroad-rcx/nom/asic_top.nom.spef line 2875065, net ANTENNA_i_soc.i_data_sram.u_sram.gen_bank\[1\].gen_512.u_macro_din0\[24\] not found.
[STA-1650] /home/blogic2026/run5/repo/asic/run/RUN_hold035_2026-09-09/56-openroad-rcx/nom/asic_top.nom.spef line 2875067, net ANTENNA_i_soc.i_data_sram.u_sram.gen_bank\[0\].gen_512.u_macro_din0\[24\] not found.
[STA-1650] /home/blogic2026/run5/repo/asic/run/RUN_hold035_2026-09-09/56-openroad-rcx/nom/asic_top.nom.spef line 2875093, net ANTENNA_i_soc.i_data_sram.u_sram.gen_bank\[0\].gen_512.u_macro_din0\[24\] not found.
[STA-1650] /home/blogic2026/run5/repo/asic/run/RUN_hold035_2026-09-09/56-openroad-rcx/nom/asic_top.nom.spef line 2875094, net ANTENNA_i_soc.i_data_sram.u_sram.gen_bank\[1\].gen_512.u_macro_din0\[24\] not found.
[STA-1650] /home/blogic2026/run5/repo/asic/run/RUN_hold035_2026-09-09/56-openroad-rcx/nom/asic_top.nom.spef line 2875095, net ANTENNA_i_soc.i_data_sram.u_sram.gen_bank\[2\].gen_512.u_macro_din0\[24\] not found.
[STA-1650] /home/blogic2026/run5/repo/asic/run/RUN_hold035_2026-09-09/56-openroad-rcx/nom/asic_top.nom.spef line 2875119, net ANTENNA_i_soc.i_data_sram.u_sram.gen_bank\[3\].gen_512.u_macro_din0\[7\] not found.
[STA-1650] /home/blogic2026/run5/repo/asic/run/RUN_hold035_2026-09-09/56-openroad-rcx/nom/asic_top.nom.spef line 2875154, net ANTENNA_i_soc.i_data_sram.u_sram.gen_bank\[0\].gen_512.u_macro_din0\[24\] not found.
[STA-1650] /home/blogic2026/run5/repo/asic/run/RUN_hold035_2026-09-09/56-openroad-rcx/nom/asic_top.nom.spef line 2875155, net ANTENNA_i_soc.i_data_sram.u_sram.gen_bank\[0\].gen_512.u_macro_din0\[24\] not found.
[STA-1650] /home/blogic2026/run5/repo/asic/run/RUN_hold035_2026-09-09/56-openroad-rcx/nom/asic_top.nom.spef line 2875168, net ANTENNA_i_soc.i_data_sram.u_sram.gen_bank\[0\].gen_512.u_macro_din0\[24\] not found.
[STA-1650] /home/blogic2026/run5/repo/asic/run/RUN_hold035_2026-09-09/56-openroad-rcx/nom/asic_top.nom.spef line 2875180, net ANTENNA_i_soc.i_data_sram.u_sram.gen_bank\[2\].gen_512.u_macro_din0\[24\] not found.
[STA-1650] /home/blogic2026/run5/repo/asic/run/RUN_hold035_2026-09-09/56-openroad-rcx/nom/asic_top.nom.spef line 2875202, net ANTENNA_i_soc.i_data_sram.u_sram.gen_bank\[0\].gen_512.u_macro_din0\[24\] not found.
[STA-1650] /home/blogic2026/run5/repo/asic/run/RUN_hold035_2026-09-09/56-openroad-rcx/nom/asic_top.nom.spef line 2875212, net ANTENNA_i_soc.i_data_sram.u_sram.gen_bank\[1\].gen_512.u_macro_din0\[24\] not found.
[STA-1650] /home/blogic2026/run5/repo/asic/run/RUN_hold035_2026-09-09/56-openroad-rcx/nom/asic_top.nom.spef line 2875220, net ANTENNA_i_soc.i_data_sram.u_sram.gen_bank\[3\].gen_512.u_macro_din0\[24\] not found.
[STA-1650] /home/blogic2026/run5/repo/asic/run/RUN_hold035_2026-09-09/56-openroad-rcx/nom/asic_top.nom.spef line 2875227, net ANTENNA_i_soc.i_data_sram.u_sram.gen_bank\[2\].gen_512.u_macro_din0\[24\] not found.
[STA-1648] /home/blogic2026/run5/repo/asic/run/RUN_hold035_2026-09-09/56-openroad-rcx/nom/asic_top.nom.spef line 2875233, instance ANTENNA_i_soc.i_data_sram.u_sram.gen_bank\[0\].gen_512.u_macro_din0\[25\] not found.
[STA-1648] /home/blogic2026/run5/repo/asic/run/RUN_hold035_2026-09-09/56-openroad-rcx/nom/asic_top.nom.spef line 2875235, instance ANTENNA_i_soc.i_data_sram.u_sram.gen_bank\[3\].gen_512.u_macro_din0\[25\] not found.
[STA-1648] /home/blogic2026/run5/repo/asic/run/RUN_hold035_2026-09-09/56-openroad-rcx/nom/asic_top.nom.spef line 2875236, instance ANTENNA_i_soc.i_data_sram.u_sram.gen_bank\[1\].gen_512.u_macro_din0\[25\] not found.
[STA-1648] /home/blogic2026/run5/repo/asic/run/RUN_hold035_2026-09-09/56-openroad-rcx/nom/asic_top.nom.spef line 2875239, instance ANTENNA_i_soc.i_data_sram.u_sram.gen_bank\[2\].gen_512.u_macro_din0\[25\] not found.
[STA-1650] /home/blogic2026/run5/repo/asic/run/RUN_hold035_2026-09-09/56-openroad-rcx/nom/asic_top.nom.spef line 2875245, net ANTENNA_i_soc.i_data_sram.u_sram.gen_bank\[0\].gen_512.u_macro_din0\[25\] not found.
[STA-1650] /home/blogic2026/run5/repo/asic/run/RUN_hold035_2026-09-09/56-openroad-rcx/nom/asic_top.nom.spef line 2875247, net ANTENNA_i_soc.i_data_sram.u_sram.gen_bank\[3\].gen_512.u_macro_din0\[25\] not found.
[STA-1650] /home/blogic2026/run5/repo/asic/run/RUN_hold035_2026-09-09/56-openroad-rcx/nom/asic_top.nom.spef line 2875248, net ANTENNA_i_soc.i_data_sram.u_sram.gen_bank\[1\].gen_512.u_macro_din0\[25\] not found.
[STA-1650] /home/blogic2026/run5/repo/asic/run/RUN_hold035_2026-09-09/56-openroad-rcx/nom/asic_top.nom.spef line 2875251, net ANTENNA_i_soc.i_data_sram.u_sram.gen_bank\[2\].gen_512.u_macro_din0\[25\] not found.
[STA-1650] /home/blogic2026/run5/repo/asic/run/RUN_hold035_2026-09-09/56-openroad-rcx/nom/asic_top.nom.spef line 2875280, net ANTENNA_i_soc.i_data_sram.u_sram.gen_bank\[0\].gen_512.u_macro_din0\[25\] not found.
[STA-1650] /home/blogic2026/run5/repo/asic/run/RUN_hold035_2026-09-09/56-openroad-rcx/nom/asic_top.nom.spef line 2875281, net ANTENNA_i_soc.i_data_sram.u_sram.gen_bank\[0\].gen_512.u_macro_din0\[25\] not found.
[STA-1650] /home/blogic2026/run5/repo/asic/run/RUN_hold035_2026-09-09/56-openroad-rcx/nom/asic_top.nom.spef line 2875282, net ANTENNA_i_soc.i_data_sram.u_sram.gen_bank\[1\].gen_512.u_macro_din0\[25\] not found.
[STA-1650] /home/blogic2026/run5/repo/asic/run/RUN_hold035_2026-09-09/56-openroad-rcx/nom/asic_top.nom.spef line 2875283, net ANTENNA_i_soc.i_data_sram.u_sram.gen_bank\[3\].gen_512.u_macro_din0\[25\] not found.
[STA-1650] /home/blogic2026/run5/repo/asic/run/RUN_hold035_2026-09-09/56-openroad-rcx/nom/asic_top.nom.spef line 2875283, net ANTENNA_i_soc.i_data_sram.u_sram.gen_bank\[3\].gen_512.u_macro_din0\[26\] not found.
[STA-1650] /home/blogic2026/run5/repo/asic/run/RUN_hold035_2026-09-09/56-openroad-rcx/nom/asic_top.nom.spef line 2875343, net ANTENNA_i_soc.i_data_sram.u_sram.gen_bank\[1\].gen_512.u_macro_din0\[8\] not found.
[STA-1650] /home/blogic2026/run5/repo/asic/run/RUN_hold035_2026-09-09/56-openroad-rcx/nom/asic_top.nom.spef line 2875358, net ANTENNA_i_soc.i_data_sram.u_sram.gen_bank\[1\].gen_512.u_macro_din0\[14\] not found.
[STA-1650] /home/blogic2026/run5/repo/asic/run/RUN_hold035_2026-09-09/56-openroad-rcx/nom/asic_top.nom.spef line 2875359, net ANTENNA_i_soc.i_data_sram.u_sram.gen_bank\[1\].gen_512.u_macro_din0\[16\] not found.
[STA-1650] /home/blogic2026/run5/repo/asic/run/RUN_hold035_2026-09-09/56-openroad-rcx/nom/asic_top.nom.spef line 2875360, net ANTENNA_i_soc.i_data_sram.u_sram.gen_bank\[1\].gen_512.u_macro_din0\[17\] not found.
[STA-1650] /home/blogic2026/run5/repo/asic/run/RUN_hold035_2026-09-09/56-openroad-rcx/nom/asic_top.nom.spef line 2875361, net ANTENNA_i_soc.i_data_sram.u_sram.gen_bank\[1\].gen_512.u_macro_din0\[23\] not found.
[STA-1650] /home/blogic2026/run5/repo/asic/run/RUN_hold035_2026-09-09/56-openroad-rcx/nom/asic_top.nom.spef line 2875362, net ANTENNA_i_soc.i_data_sram.u_sram.gen_bank\[1\].gen_512.u_macro_din0\[24\] not found.
[STA-1650] /home/blogic2026/run5/repo/asic/run/RUN_hold035_2026-09-09/56-openroad-rcx/nom/asic_top.nom.spef line 2875373, net ANTENNA_i_soc.i_data_sram.u_sram.gen_bank\[0\].gen_512.u_macro_din0\[25\] not found.
[STA-1650] /home/blogic2026/run5/repo/asic/run/RUN_hold035_2026-09-09/56-openroad-rcx/nom/asic_top.nom.spef line 2875415, net ANTENNA_i_soc.i_data_sram.u_sram.gen_bank\[2\].gen_512.u_macro_din0\[25\] not found.
[STA-1650] /home/blogic2026/run5/repo/asic/run/RUN_hold035_2026-09-09/56-openroad-rcx/nom/asic_top.nom.spef line 2875425, net ANTENNA_i_soc.i_data_sram.u_sram.gen_bank\[1\].gen_512.u_macro_din0\[25\] not found.
[STA-1650] /home/blogic2026/run5/repo/asic/run/RUN_hold035_2026-09-09/56-openroad-rcx/nom/asic_top.nom.spef line 2875430, net ANTENNA_i_soc.i_data_sram.u_sram.gen_bank\[3\].gen_512.u_macro_din0\[25\] not found.
[STA-1650] /home/blogic2026/run5/repo/asic/run/RUN_hold035_2026-09-09/56-openroad-rcx/nom/asic_top.nom.spef line 2875435, net ANTENNA_i_soc.i_data_sram.u_sram.gen_bank\[0\].gen_512.u_macro_din0\[25\] not found.
[STA-1648] /home/blogic2026/run5/repo/asic/run/RUN_hold035_2026-09-09/56-openroad-rcx/nom/asic_top.nom.spef line 2875443, instance ANTENNA_i_soc.i_data_sram.u_sram.gen_bank\[1\].gen_512.u_macro_din0\[26\] not found.
[STA-1648] /home/blogic2026/run5/repo/asic/run/RUN_hold035_2026-09-09/56-openroad-rcx/nom/asic_top.nom.spef line 2875445, instance ANTENNA_i_soc.i_data_sram.u_sram.gen_bank\[3\].gen_512.u_macro_din0\[26\] not found.
[STA-1648] /home/blogic2026/run5/repo/asic/run/RUN_hold035_2026-09-09/56-openroad-rcx/nom/asic_top.nom.spef line 2875447, instance ANTENNA_i_soc.i_data_sram.u_sram.gen_bank\[2\].gen_512.u_macro_din0\[26\] not found.
[STA-1648] /home/blogic2026/run5/repo/asic/run/RUN_hold035_2026-09-09/56-openroad-rcx/nom/asic_top.nom.spef line 2875448, instance ANTENNA_i_soc.i_data_sram.u_sram.gen_bank\[0\].gen_512.u_macro_din0\[26\] not found.
[STA-1650] /home/blogic2026/run5/repo/asic/run/RUN_hold035_2026-09-09/56-openroad-rcx/nom/asic_top.nom.spef line 2875455, net ANTENNA_i_soc.i_data_sram.u_sram.gen_bank\[1\].gen_512.u_macro_din0\[26\] not found.
[STA-1650] /home/blogic2026/run5/repo/asic/run/RUN_hold035_2026-09-09/56-openroad-rcx/nom/asic_top.nom.spef line 2875457, net ANTENNA_i_soc.i_data_sram.u_sram.gen_bank\[3\].gen_512.u_macro_din0\[26\] not found.
[STA-1650] /home/blogic2026/run5/repo/asic/run/RUN_hold035_2026-09-09/56-openroad-rcx/nom/asic_top.nom.spef line 2875459, net ANTENNA_i_soc.i_data_sram.u_sram.gen_bank\[2\].gen_512.u_macro_din0\[26\] not found.
[STA-1650] /home/blogic2026/run5/repo/asic/run/RUN_hold035_2026-09-09/56-openroad-rcx/nom/asic_top.nom.spef line 2875460, net ANTENNA_i_soc.i_data_sram.u_sram.gen_bank\[0\].gen_512.u_macro_din0\[26\] not found.
[STA-1650] /home/blogic2026/run5/repo/asic/run/RUN_hold035_2026-09-09/56-openroad-rcx/nom/asic_top.nom.spef line 2875515, net ANTENNA_i_soc.i_data_sram.u_sram.gen_bank\[0\].gen_512.u_macro_din0\[25\] not found.
[STA-1650] /home/blogic2026/run5/repo/asic/run/RUN_hold035_2026-09-09/56-openroad-rcx/nom/asic_top.nom.spef line 2875516, net ANTENNA_i_soc.i_data_sram.u_sram.gen_bank\[0\].gen_512.u_macro_din0\[25\] not found.
[STA-1650] /home/blogic2026/run5/repo/asic/run/RUN_hold035_2026-09-09/56-openroad-rcx/nom/asic_top.nom.spef line 2875517, net ANTENNA_i_soc.i_data_sram.u_sram.gen_bank\[3\].gen_512.u_macro_din0\[25\] not found.
[STA-1650] /home/blogic2026/run5/repo/asic/run/RUN_hold035_2026-09-09/56-openroad-rcx/nom/asic_top.nom.spef line 2875517, net ANTENNA_i_soc.i_data_sram.u_sram.gen_bank\[3\].gen_512.u_macro_din0\[26\] not found.
[STA-1650] /home/blogic2026/run5/repo/asic/run/RUN_hold035_2026-09-09/56-openroad-rcx/nom/asic_top.nom.spef line 2875558, net ANTENNA_i_soc.i_data_sram.u_sram.gen_bank\[0\].gen_512.u_macro_din0\[26\] not found.
[STA-1650] /home/blogic2026/run5/repo/asic/run/RUN_hold035_2026-09-09/56-openroad-rcx/nom/asic_top.nom.spef line 2875569, net ANTENNA_i_soc.i_data_sram.u_sram.gen_bank\[2\].gen_512.u_macro_din0\[26\] not found.
[STA-1650] /home/blogic2026/run5/repo/asic/run/RUN_hold035_2026-09-09/56-openroad-rcx/nom/asic_top.nom.spef line 2875577, net ANTENNA_i_soc.i_data_sram.u_sram.gen_bank\[3\].gen_512.u_macro_din0\[26\] not found.
[STA-1650] /home/blogic2026/run5/repo/asic/run/RUN_hold035_2026-09-09/56-openroad-rcx/nom/asic_top.nom.spef line 2875581, net ANTENNA_i_soc.i_data_sram.u_sram.gen_bank\[1\].gen_512.u_macro_din0\[26\] not found.
[STA-1648] /home/blogic2026/run5/repo/asic/run/RUN_hold035_2026-09-09/56-openroad-rcx/nom/asic_top.nom.spef line 2875591, instance ANTENNA_i_soc.i_data_sram.u_sram.gen_bank\[1\].gen_512.u_macro_din0\[27\] not found.
[STA-1648] /home/blogic2026/run5/repo/asic/run/RUN_hold035_2026-09-09/56-openroad-rcx/nom/asic_top.nom.spef line 2875593, instance ANTENNA_i_soc.i_data_sram.u_sram.gen_bank\[3\].gen_512.u_macro_din0\[27\] not found.
[STA-1648] /home/blogic2026/run5/repo/asic/run/RUN_hold035_2026-09-09/56-openroad-rcx/nom/asic_top.nom.spef line 2875595, instance ANTENNA_i_soc.i_data_sram.u_sram.gen_bank\[2\].gen_512.u_macro_din0\[27\] not found.
[STA-1648] /home/blogic2026/run5/repo/asic/run/RUN_hold035_2026-09-09/56-openroad-rcx/nom/asic_top.nom.spef line 2875596, instance ANTENNA_i_soc.i_data_sram.u_sram.gen_bank\[0\].gen_512.u_macro_din0\[27\] not found.
[STA-1650] /home/blogic2026/run5/repo/asic/run/RUN_hold035_2026-09-09/56-openroad-rcx/nom/asic_top.nom.spef line 2875603, net ANTENNA_i_soc.i_data_sram.u_sram.gen_bank\[1\].gen_512.u_macro_din0\[27\] not found.
[STA-1650] /home/blogic2026/run5/repo/asic/run/RUN_hold035_2026-09-09/56-openroad-rcx/nom/asic_top.nom.spef line 2875605, net ANTENNA_i_soc.i_data_sram.u_sram.gen_bank\[3\].gen_512.u_macro_din0\[27\] not found.
[STA-1650] /home/blogic2026/run5/repo/asic/run/RUN_hold035_2026-09-09/56-openroad-rcx/nom/asic_top.nom.spef line 2875607, net ANTENNA_i_soc.i_data_sram.u_sram.gen_bank\[2\].gen_512.u_macro_din0\[27\] not found.
[STA-1650] /home/blogic2026/run5/repo/asic/run/RUN_hold035_2026-09-09/56-openroad-rcx/nom/asic_top.nom.spef line 2875608, net ANTENNA_i_soc.i_data_sram.u_sram.gen_bank\[0\].gen_512.u_macro_din0\[27\] not found.
[STA-1650] /home/blogic2026/run5/repo/asic/run/RUN_hold035_2026-09-09/56-openroad-rcx/nom/asic_top.nom.spef line 2875628, net ANTENNA_i_soc.i_data_sram.u_sram.gen_bank\[0\].gen_512.u_macro_din0\[27\] not found.
[STA-1650] /home/blogic2026/run5/repo/asic/run/RUN_hold035_2026-09-09/56-openroad-rcx/nom/asic_top.nom.spef line 2875629, net ANTENNA_i_soc.i_data_sram.u_sram.gen_bank\[0\].gen_512.u_macro_din0\[27\] not found.
[STA-1650] /home/blogic2026/run5/repo/asic/run/RUN_hold035_2026-09-09/56-openroad-rcx/nom/asic_top.nom.spef line 2875653, net ANTENNA_i_soc.i_data_sram.u_sram.gen_bank\[1\].gen_512.u_macro_din0\[9\] not found.
[STA-1650] /home/blogic2026/run5/repo/asic/run/RUN_hold035_2026-09-09/56-openroad-rcx/nom/asic_top.nom.spef line 2875707, net ANTENNA_i_soc.i_data_sram.u_sram.gen_bank\[0\].gen_512.u_macro_din0\[27\] not found.
[STA-1650] /home/blogic2026/run5/repo/asic/run/RUN_hold035_2026-09-09/56-openroad-rcx/nom/asic_top.nom.spef line 2875715, net ANTENNA_i_soc.i_data_sram.u_sram.gen_bank\[2\].gen_512.u_macro_din0\[27\] not found.
[STA-1650] /home/blogic2026/run5/repo/asic/run/RUN_hold035_2026-09-09/56-openroad-rcx/nom/asic_top.nom.spef line 2875723, net ANTENNA_i_soc.i_data_sram.u_sram.gen_bank\[3\].gen_512.u_macro_din0\[27\] not found.
[STA-1650] /home/blogic2026/run5/repo/asic/run/RUN_hold035_2026-09-09/56-openroad-rcx/nom/asic_top.nom.spef line 2875727, net ANTENNA_i_soc.i_data_sram.u_sram.gen_bank\[1\].gen_512.u_macro_din0\[27\] not found.
[STA-1650] /home/blogic2026/run5/repo/asic/run/RUN_hold035_2026-09-09/56-openroad-rcx/nom/asic_top.nom.spef line 2875730, net ANTENNA_i_soc.i_data_sram.u_sram.gen_bank\[0\].gen_512.u_macro_din0\[27\] not found.
[STA-1648] /home/blogic2026/run5/repo/asic/run/RUN_hold035_2026-09-09/56-openroad-rcx/nom/asic_top.nom.spef line 2875737, instance ANTENNA_i_soc.i_data_sram.u_sram.gen_bank\[3\].gen_512.u_macro_din0\[28\] not found.
[STA-1648] /home/blogic2026/run5/repo/asic/run/RUN_hold035_2026-09-09/56-openroad-rcx/nom/asic_top.nom.spef line 2875738, instance ANTENNA_i_soc.i_data_sram.u_sram.gen_bank\[1\].gen_512.u_macro_din0\[28\] not found.
[STA-1648] /home/blogic2026/run5/repo/asic/run/RUN_hold035_2026-09-09/56-openroad-rcx/nom/asic_top.nom.spef line 2875741, instance ANTENNA_i_soc.i_data_sram.u_sram.gen_bank\[2\].gen_512.u_macro_din0\[28\] not found.
[STA-1648] /home/blogic2026/run5/repo/asic/run/RUN_hold035_2026-09-09/56-openroad-rcx/nom/asic_top.nom.spef line 2875742, instance ANTENNA_i_soc.i_data_sram.u_sram.gen_bank\[0\].gen_512.u_macro_din0\[28\] not found.
[STA-1650] /home/blogic2026/run5/repo/asic/run/RUN_hold035_2026-09-09/56-openroad-rcx/nom/asic_top.nom.spef line 2875749, net ANTENNA_i_soc.i_data_sram.u_sram.gen_bank\[3\].gen_512.u_macro_din0\[28\] not found.
[STA-1650] /home/blogic2026/run5/repo/asic/run/RUN_hold035_2026-09-09/56-openroad-rcx/nom/asic_top.nom.spef line 2875750, net ANTENNA_i_soc.i_data_sram.u_sram.gen_bank\[1\].gen_512.u_macro_din0\[28\] not found.
[STA-1650] /home/blogic2026/run5/repo/asic/run/RUN_hold035_2026-09-09/56-openroad-rcx/nom/asic_top.nom.spef line 2875753, net ANTENNA_i_soc.i_data_sram.u_sram.gen_bank\[2\].gen_512.u_macro_din0\[28\] not found.
[STA-1650] /home/blogic2026/run5/repo/asic/run/RUN_hold035_2026-09-09/56-openroad-rcx/nom/asic_top.nom.spef line 2875754, net ANTENNA_i_soc.i_data_sram.u_sram.gen_bank\[0\].gen_512.u_macro_din0\[28\] not found.
[STA-1650] /home/blogic2026/run5/repo/asic/run/RUN_hold035_2026-09-09/56-openroad-rcx/nom/asic_top.nom.spef line 2875783, net ANTENNA_i_soc.i_data_sram.u_sram.gen_bank\[0\].gen_512.u_macro_din0\[28\] not found.
[STA-1650] /home/blogic2026/run5/repo/asic/run/RUN_hold035_2026-09-09/56-openroad-rcx/nom/asic_top.nom.spef line 2875811, net ANTENNA_i_soc.i_data_sram.u_sram.gen_bank\[1\].gen_512.u_macro_din0\[8\] not found.
[STA-1650] /home/blogic2026/run5/repo/asic/run/RUN_hold035_2026-09-09/56-openroad-rcx/nom/asic_top.nom.spef line 2875812, net ANTENNA_i_soc.i_data_sram.u_sram.gen_bank\[1\].gen_512.u_macro_din0\[9\] not found.
[STA-1650] /home/blogic2026/run5/repo/asic/run/RUN_hold035_2026-09-09/56-openroad-rcx/nom/asic_top.nom.spef line 2875822, net ANTENNA_i_soc.i_data_sram.u_sram.gen_bank\[3\].gen_512.u_macro_din0\[8\] not found.
[STA-1650] /home/blogic2026/run5/repo/asic/run/RUN_hold035_2026-09-09/56-openroad-rcx/nom/asic_top.nom.spef line 2875831, net ANTENNA_i_soc.i_data_sram.u_sram.gen_bank\[1\].gen_512.u_macro_din0\[25\] not found.
[STA-1650] /home/blogic2026/run5/repo/asic/run/RUN_hold035_2026-09-09/56-openroad-rcx/nom/asic_top.nom.spef line 2875832, net ANTENNA_i_soc.i_data_sram.u_sram.gen_bank\[3\].gen_512.u_macro_din0\[21\] not found.
[STA-1650] /home/blogic2026/run5/repo/asic/run/RUN_hold035_2026-09-09/56-openroad-rcx/nom/asic_top.nom.spef line 2875894, net ANTENNA_i_soc.i_data_sram.u_sram.gen_bank\[0\].gen_512.u_macro_din0\[28\] not found.
[STA-1650] /home/blogic2026/run5/repo/asic/run/RUN_hold035_2026-09-09/56-openroad-rcx/nom/asic_top.nom.spef line 2875906, net ANTENNA_i_soc.i_data_sram.u_sram.gen_bank\[2\].gen_512.u_macro_din0\[28\] not found.
[STA-1650] /home/blogic2026/run5/repo/asic/run/RUN_hold035_2026-09-09/56-openroad-rcx/nom/asic_top.nom.spef line 2875917, net ANTENNA_i_soc.i_data_sram.u_sram.gen_bank\[1\].gen_512.u_macro_din0\[28\] not found.
[STA-1650] /home/blogic2026/run5/repo/asic/run/RUN_hold035_2026-09-09/56-openroad-rcx/nom/asic_top.nom.spef line 2875922, net ANTENNA_i_soc.i_data_sram.u_sram.gen_bank\[3\].gen_512.u_macro_din0\[28\] not found.
[STA-1648] /home/blogic2026/run5/repo/asic/run/RUN_hold035_2026-09-09/56-openroad-rcx/nom/asic_top.nom.spef line 2875930, instance ANTENNA_i_soc.i_data_sram.u_sram.gen_bank\[2\].gen_512.u_macro_din0\[29\] not found.
[STA-1648] /home/blogic2026/run5/repo/asic/run/RUN_hold035_2026-09-09/56-openroad-rcx/nom/asic_top.nom.spef line 2875932, instance ANTENNA_i_soc.i_data_sram.u_sram.gen_bank\[1\].gen_512.u_macro_din0\[29\] not found.
[STA-1648] /home/blogic2026/run5/repo/asic/run/RUN_hold035_2026-09-09/56-openroad-rcx/nom/asic_top.nom.spef line 2875934, instance ANTENNA_i_soc.i_data_sram.u_sram.gen_bank\[3\].gen_512.u_macro_din0\[29\] not found.
[STA-1648] /home/blogic2026/run5/repo/asic/run/RUN_hold035_2026-09-09/56-openroad-rcx/nom/asic_top.nom.spef line 2875936, instance ANTENNA_i_soc.i_data_sram.u_sram.gen_bank\[0\].gen_512.u_macro_din0\[29\] not found.
[STA-1650] /home/blogic2026/run5/repo/asic/run/RUN_hold035_2026-09-09/56-openroad-rcx/nom/asic_top.nom.spef line 2875942, net ANTENNA_i_soc.i_data_sram.u_sram.gen_bank\[2\].gen_512.u_macro_din0\[29\] not found.
[STA-1650] /home/blogic2026/run5/repo/asic/run/RUN_hold035_2026-09-09/56-openroad-rcx/nom/asic_top.nom.spef line 2875944, net ANTENNA_i_soc.i_data_sram.u_sram.gen_bank\[1\].gen_512.u_macro_din0\[29\] not found.
[STA-1650] /home/blogic2026/run5/repo/asic/run/RUN_hold035_2026-09-09/56-openroad-rcx/nom/asic_top.nom.spef line 2875946, net ANTENNA_i_soc.i_data_sram.u_sram.gen_bank\[3\].gen_512.u_macro_din0\[29\] not found.
[STA-1650] /home/blogic2026/run5/repo/asic/run/RUN_hold035_2026-09-09/56-openroad-rcx/nom/asic_top.nom.spef line 2875948, net ANTENNA_i_soc.i_data_sram.u_sram.gen_bank\[0\].gen_512.u_macro_din0\[29\] not found.
[STA-1650] /home/blogic2026/run5/repo/asic/run/RUN_hold035_2026-09-09/56-openroad-rcx/nom/asic_top.nom.spef line 2876083, net ANTENNA_i_soc.i_data_sram.u_sram.gen_bank\[0\].gen_512.u_macro_din0\[29\] not found.
[STA-1650] /home/blogic2026/run5/repo/asic/run/RUN_hold035_2026-09-09/56-openroad-rcx/nom/asic_top.nom.spef line 2876100, net ANTENNA_i_soc.i_data_sram.u_sram.gen_bank\[3\].gen_512.u_macro_din0\[29\] not found.
[STA-1650] /home/blogic2026/run5/repo/asic/run/RUN_hold035_2026-09-09/56-openroad-rcx/nom/asic_top.nom.spef line 2876106, net ANTENNA_i_soc.i_data_sram.u_sram.gen_bank\[1\].gen_512.u_macro_din0\[29\] not found.
[STA-1650] /home/blogic2026/run5/repo/asic/run/RUN_hold035_2026-09-09/56-openroad-rcx/nom/asic_top.nom.spef line 2876113, net ANTENNA_i_soc.i_data_sram.u_sram.gen_bank\[2\].gen_512.u_macro_din0\[29\] not found.
[STA-1648] /home/blogic2026/run5/repo/asic/run/RUN_hold035_2026-09-09/56-openroad-rcx/nom/asic_top.nom.spef line 2876119, instance ANTENNA_i_soc.i_data_sram.u_sram.gen_bank\[3\].gen_512.u_macro_din0\[2\] not found.
[STA-1648] /home/blogic2026/run5/repo/asic/run/RUN_hold035_2026-09-09/56-openroad-rcx/nom/asic_top.nom.spef line 2876121, instance ANTENNA_i_soc.i_data_sram.u_sram.gen_bank\[1\].gen_512.u_macro_din0\[2\] not found.
[STA-1648] /home/blogic2026/run5/repo/asic/run/RUN_hold035_2026-09-09/56-openroad-rcx/nom/asic_top.nom.spef line 2876123, instance ANTENNA_i_soc.i_data_sram.u_sram.gen_bank\[2\].gen_512.u_macro_din0\[2\] not found.
[STA-1648] /home/blogic2026/run5/repo/asic/run/RUN_hold035_2026-09-09/56-openroad-rcx/nom/asic_top.nom.spef line 2876125, instance ANTENNA_i_soc.i_data_sram.u_sram.gen_bank\[0\].gen_512.u_macro_din0\[2\] not found.
[STA-1650] /home/blogic2026/run5/repo/asic/run/RUN_hold035_2026-09-09/56-openroad-rcx/nom/asic_top.nom.spef line 2876131, net ANTENNA_i_soc.i_data_sram.u_sram.gen_bank\[3\].gen_512.u_macro_din0\[2\] not found.
[STA-1650] /home/blogic2026/run5/repo/asic/run/RUN_hold035_2026-09-09/56-openroad-rcx/nom/asic_top.nom.spef line 2876133, net ANTENNA_i_soc.i_data_sram.u_sram.gen_bank\[1\].gen_512.u_macro_din0\[2\] not found.
[STA-1650] /home/blogic2026/run5/repo/asic/run/RUN_hold035_2026-09-09/56-openroad-rcx/nom/asic_top.nom.spef line 2876135, net ANTENNA_i_soc.i_data_sram.u_sram.gen_bank\[2\].gen_512.u_macro_din0\[2\] not found.
[STA-1650] /home/blogic2026/run5/repo/asic/run/RUN_hold035_2026-09-09/56-openroad-rcx/nom/asic_top.nom.spef line 2876137, net ANTENNA_i_soc.i_data_sram.u_sram.gen_bank\[0\].gen_512.u_macro_din0\[2\] not found.
[STA-1650] /home/blogic2026/run5/repo/asic/run/RUN_hold035_2026-09-09/56-openroad-rcx/nom/asic_top.nom.spef line 2876344, net ANTENNA_i_soc.i_data_sram.u_sram.gen_bank\[3\].gen_512.u_macro_din0\[2\] not found.
[STA-1650] /home/blogic2026/run5/repo/asic/run/RUN_hold035_2026-09-09/56-openroad-rcx/nom/asic_top.nom.spef line 2876353, net ANTENNA_i_soc.i_data_sram.u_sram.gen_bank\[0\].gen_512.u_macro_din0\[2\] not found.
[STA-1650] /home/blogic2026/run5/repo/asic/run/RUN_hold035_2026-09-09/56-openroad-rcx/nom/asic_top.nom.spef line 2876367, net ANTENNA_i_soc.i_data_sram.u_sram.gen_bank\[2\].gen_512.u_macro_din0\[2\] not found.
[STA-1650] /home/blogic2026/run5/repo/asic/run/RUN_hold035_2026-09-09/56-openroad-rcx/nom/asic_top.nom.spef line 2876377, net ANTENNA_i_soc.i_data_sram.u_sram.gen_bank\[1\].gen_512.u_macro_din0\[2\] not found.
[STA-1650] /home/blogic2026/run5/repo/asic/run/RUN_hold035_2026-09-09/56-openroad-rcx/nom/asic_top.nom.spef line 2876382, net ANTENNA_i_soc.i_data_sram.u_sram.gen_bank\[3\].gen_512.u_macro_din0\[2\] not found.
[STA-1648] /home/blogic2026/run5/repo/asic/run/RUN_hold035_2026-09-09/56-openroad-rcx/nom/asic_top.nom.spef line 2876389, instance ANTENNA_i_soc.i_data_sram.u_sram.gen_bank\[2\].gen_512.u_macro_din0\[30\] not found.
[STA-1648] /home/blogic2026/run5/repo/asic/run/RUN_hold035_2026-09-09/56-openroad-rcx/nom/asic_top.nom.spef line 2876391, instance ANTENNA_i_soc.i_data_sram.u_sram.gen_bank\[1\].gen_512.u_macro_din0\[30\] not found.
[STA-1648] /home/blogic2026/run5/repo/asic/run/RUN_hold035_2026-09-09/56-openroad-rcx/nom/asic_top.nom.spef line 2876393, instance ANTENNA_i_soc.i_data_sram.u_sram.gen_bank\[3\].gen_512.u_macro_din0\[30\] not found.
[STA-1648] /home/blogic2026/run5/repo/asic/run/RUN_hold035_2026-09-09/56-openroad-rcx/nom/asic_top.nom.spef line 2876395, instance ANTENNA_i_soc.i_data_sram.u_sram.gen_bank\[0\].gen_512.u_macro_din0\[30\] not found.
[STA-1650] /home/blogic2026/run5/repo/asic/run/RUN_hold035_2026-09-09/56-openroad-rcx/nom/asic_top.nom.spef line 2876401, net ANTENNA_i_soc.i_data_sram.u_sram.gen_bank\[2\].gen_512.u_macro_din0\[30\] not found.
[STA-1650] /home/blogic2026/run5/repo/asic/run/RUN_hold035_2026-09-09/56-openroad-rcx/nom/asic_top.nom.spef line 2876403, net ANTENNA_i_soc.i_data_sram.u_sram.gen_bank\[1\].gen_512.u_macro_din0\[30\] not found.
[STA-1650] /home/blogic2026/run5/repo/asic/run/RUN_hold035_2026-09-09/56-openroad-rcx/nom/asic_top.nom.spef line 2876405, net ANTENNA_i_soc.i_data_sram.u_sram.gen_bank\[3\].gen_512.u_macro_din0\[30\] not found.
[STA-1650] /home/blogic2026/run5/repo/asic/run/RUN_hold035_2026-09-09/56-openroad-rcx/nom/asic_top.nom.spef line 2876407, net ANTENNA_i_soc.i_data_sram.u_sram.gen_bank\[0\].gen_512.u_macro_din0\[30\] not found.
[STA-1650] /home/blogic2026/run5/repo/asic/run/RUN_hold035_2026-09-09/56-openroad-rcx/nom/asic_top.nom.spef line 2876427, net ANTENNA_i_soc.i_data_sram.u_sram.gen_bank\[0\].gen_512.u_macro_din0\[30\] not found.
[STA-1650] /home/blogic2026/run5/repo/asic/run/RUN_hold035_2026-09-09/56-openroad-rcx/nom/asic_top.nom.spef line 2876428, net ANTENNA_i_soc.i_data_sram.u_sram.gen_bank\[0\].gen_512.u_macro_din0\[30\] not found.
[STA-1650] /home/blogic2026/run5/repo/asic/run/RUN_hold035_2026-09-09/56-openroad-rcx/nom/asic_top.nom.spef line 2876429, net ANTENNA_i_soc.i_data_sram.u_sram.gen_bank\[0\].gen_512.u_macro_din0\[30\] not found.
[STA-1650] /home/blogic2026/run5/repo/asic/run/RUN_hold035_2026-09-09/56-openroad-rcx/nom/asic_top.nom.spef line 2876430, net ANTENNA_i_soc.i_data_sram.u_sram.gen_bank\[0\].gen_512.u_macro_din0\[30\] not found.
[STA-1650] /home/blogic2026/run5/repo/asic/run/RUN_hold035_2026-09-09/56-openroad-rcx/nom/asic_top.nom.spef line 2876500, net ANTENNA_i_soc.i_data_sram.u_sram.gen_bank\[0\].gen_512.u_macro_din0\[30\] not found.
[STA-1650] /home/blogic2026/run5/repo/asic/run/RUN_hold035_2026-09-09/56-openroad-rcx/nom/asic_top.nom.spef line 2876513, net ANTENNA_i_soc.i_data_sram.u_sram.gen_bank\[3\].gen_512.u_macro_din0\[30\] not found.
[STA-1650] /home/blogic2026/run5/repo/asic/run/RUN_hold035_2026-09-09/56-openroad-rcx/nom/asic_top.nom.spef line 2876517, net ANTENNA_i_soc.i_data_sram.u_sram.gen_bank\[1\].gen_512.u_macro_din0\[30\] not found.
[STA-1650] /home/blogic2026/run5/repo/asic/run/RUN_hold035_2026-09-09/56-openroad-rcx/nom/asic_top.nom.spef line 2876523, net ANTENNA_i_soc.i_data_sram.u_sram.gen_bank\[2\].gen_512.u_macro_din0\[30\] not found.
[STA-1650] /home/blogic2026/run5/repo/asic/run/RUN_hold035_2026-09-09/56-openroad-rcx/nom/asic_top.nom.spef line 2876525, net ANTENNA_i_soc.i_data_sram.u_sram.gen_bank\[0\].gen_512.u_macro_din0\[30\] not found.
[STA-1648] /home/blogic2026/run5/repo/asic/run/RUN_hold035_2026-09-09/56-openroad-rcx/nom/asic_top.nom.spef line 2876532, instance ANTENNA_i_soc.i_data_sram.u_sram.gen_bank\[3\].gen_512.u_macro_din0\[31\] not found.
[STA-1648] /home/blogic2026/run5/repo/asic/run/RUN_hold035_2026-09-09/56-openroad-rcx/nom/asic_top.nom.spef line 2876534, instance ANTENNA_i_soc.i_data_sram.u_sram.gen_bank\[1\].gen_512.u_macro_din0\[31\] not found.
[STA-1648] /home/blogic2026/run5/repo/asic/run/RUN_hold035_2026-09-09/56-openroad-rcx/nom/asic_top.nom.spef line 2876535, instance ANTENNA_i_soc.i_data_sram.u_sram.gen_bank\[2\].gen_512.u_macro_din0\[31\] not found.
[STA-1648] /home/blogic2026/run5/repo/asic/run/RUN_hold035_2026-09-09/56-openroad-rcx/nom/asic_top.nom.spef line 2876537, instance ANTENNA_i_soc.i_data_sram.u_sram.gen_bank\[0\].gen_512.u_macro_din0\[31\] not found.
[STA-1650] /home/blogic2026/run5/repo/asic/run/RUN_hold035_2026-09-09/56-openroad-rcx/nom/asic_top.nom.spef line 2876544, net ANTENNA_i_soc.i_data_sram.u_sram.gen_bank\[3\].gen_512.u_macro_din0\[31\] not found.
[STA-1650] /home/blogic2026/run5/repo/asic/run/RUN_hold035_2026-09-09/56-openroad-rcx/nom/asic_top.nom.spef line 2876546, net ANTENNA_i_soc.i_data_sram.u_sram.gen_bank\[1\].gen_512.u_macro_din0\[31\] not found.
[STA-1650] /home/blogic2026/run5/repo/asic/run/RUN_hold035_2026-09-09/56-openroad-rcx/nom/asic_top.nom.spef line 2876547, net ANTENNA_i_soc.i_data_sram.u_sram.gen_bank\[2\].gen_512.u_macro_din0\[31\] not found.
[STA-1650] /home/blogic2026/run5/repo/asic/run/RUN_hold035_2026-09-09/56-openroad-rcx/nom/asic_top.nom.spef line 2876549, net ANTENNA_i_soc.i_data_sram.u_sram.gen_bank\[0\].gen_512.u_macro_din0\[31\] not found.
[STA-1650] /home/blogic2026/run5/repo/asic/run/RUN_hold035_2026-09-09/56-openroad-rcx/nom/asic_top.nom.spef line 2876658, net ANTENNA_i_soc.i_data_sram.u_sram.gen_bank\[0\].gen_512.u_macro_din0\[31\] not found.
[STA-1650] /home/blogic2026/run5/repo/asic/run/RUN_hold035_2026-09-09/56-openroad-rcx/nom/asic_top.nom.spef line 2876669, net ANTENNA_i_soc.i_data_sram.u_sram.gen_bank\[2\].gen_512.u_macro_din0\[31\] not found.
[STA-1650] /home/blogic2026/run5/repo/asic/run/RUN_hold035_2026-09-09/56-openroad-rcx/nom/asic_top.nom.spef line 2876674, net ANTENNA_i_soc.i_data_sram.u_sram.gen_bank\[1\].gen_512.u_macro_din0\[31\] not found.
[STA-1650] /home/blogic2026/run5/repo/asic/run/RUN_hold035_2026-09-09/56-openroad-rcx/nom/asic_top.nom.spef line 2876681, net ANTENNA_i_soc.i_data_sram.u_sram.gen_bank\[3\].gen_512.u_macro_din0\[31\] not found.
[STA-1648] /home/blogic2026/run5/repo/asic/run/RUN_hold035_2026-09-09/56-openroad-rcx/nom/asic_top.nom.spef line 2876688, instance ANTENNA_i_soc.i_data_sram.u_sram.gen_bank\[0\].gen_512.u_macro_din0\[3\] not found.
[STA-1648] /home/blogic2026/run5/repo/asic/run/RUN_hold035_2026-09-09/56-openroad-rcx/nom/asic_top.nom.spef line 2876692, instance ANTENNA_i_soc.i_data_sram.u_sram.gen_bank\[3\].gen_512.u_macro_din0\[3\] not found.
[STA-1648] /home/blogic2026/run5/repo/asic/run/RUN_hold035_2026-09-09/56-openroad-rcx/nom/asic_top.nom.spef line 2876694, instance ANTENNA_i_soc.i_data_sram.u_sram.gen_bank\[1\].gen_512.u_macro_din0\[3\] not found.
[STA-1648] /home/blogic2026/run5/repo/asic/run/RUN_hold035_2026-09-09/56-openroad-rcx/nom/asic_top.nom.spef line 2876696, instance ANTENNA_i_soc.i_data_sram.u_sram.gen_bank\[2\].gen_512.u_macro_din0\[3\] not found.
[STA-1650] /home/blogic2026/run5/repo/asic/run/RUN_hold035_2026-09-09/56-openroad-rcx/nom/asic_top.nom.spef line 2876700, net ANTENNA_i_soc.i_data_sram.u_sram.gen_bank\[0\].gen_512.u_macro_din0\[3\] not found.
[STA-1650] /home/blogic2026/run5/repo/asic/run/RUN_hold035_2026-09-09/56-openroad-rcx/nom/asic_top.nom.spef line 2876704, net ANTENNA_i_soc.i_data_sram.u_sram.gen_bank\[3\].gen_512.u_macro_din0\[3\] not found.
[STA-1650] /home/blogic2026/run5/repo/asic/run/RUN_hold035_2026-09-09/56-openroad-rcx/nom/asic_top.nom.spef line 2876706, net ANTENNA_i_soc.i_data_sram.u_sram.gen_bank\[1\].gen_512.u_macro_din0\[3\] not found.
[STA-1650] /home/blogic2026/run5/repo/asic/run/RUN_hold035_2026-09-09/56-openroad-rcx/nom/asic_top.nom.spef line 2876708, net ANTENNA_i_soc.i_data_sram.u_sram.gen_bank\[2\].gen_512.u_macro_din0\[3\] not found.
[STA-1650] /home/blogic2026/run5/repo/asic/run/RUN_hold035_2026-09-09/56-openroad-rcx/nom/asic_top.nom.spef line 2876850, net ANTENNA_i_soc.i_data_sram.u_sram.gen_bank\[2\].gen_512.u_macro_din0\[3\] not found.
[STA-1650] /home/blogic2026/run5/repo/asic/run/RUN_hold035_2026-09-09/56-openroad-rcx/nom/asic_top.nom.spef line 2876857, net ANTENNA_i_soc.i_data_sram.u_sram.gen_bank\[1\].gen_512.u_macro_din0\[3\] not found.
[STA-1650] /home/blogic2026/run5/repo/asic/run/RUN_hold035_2026-09-09/56-openroad-rcx/nom/asic_top.nom.spef line 2876865, net ANTENNA_i_soc.i_data_sram.u_sram.gen_bank\[3\].gen_512.u_macro_din0\[3\] not found.
[STA-1650] /home/blogic2026/run5/repo/asic/run/RUN_hold035_2026-09-09/56-openroad-rcx/nom/asic_top.nom.spef line 2876870, net ANTENNA_i_soc.i_data_sram.u_sram.gen_bank\[0\].gen_512.u_macro_din0\[3\] not found.
[STA-1648] /home/blogic2026/run5/repo/asic/run/RUN_hold035_2026-09-09/56-openroad-rcx/nom/asic_top.nom.spef line 2876875, instance ANTENNA_i_soc.i_data_sram.u_sram.gen_bank\[0\].gen_512.u_macro_din0\[4\] not found.
[STA-1648] /home/blogic2026/run5/repo/asic/run/RUN_hold035_2026-09-09/56-openroad-rcx/nom/asic_top.nom.spef line 2876877, instance ANTENNA_i_soc.i_data_sram.u_sram.gen_bank\[3\].gen_512.u_macro_din0\[4\] not found.
[STA-1648] /home/blogic2026/run5/repo/asic/run/RUN_hold035_2026-09-09/56-openroad-rcx/nom/asic_top.nom.spef line 2876880, instance ANTENNA_i_soc.i_data_sram.u_sram.gen_bank\[1\].gen_512.u_macro_din0\[4\] not found.
[STA-1648] /home/blogic2026/run5/repo/asic/run/RUN_hold035_2026-09-09/56-openroad-rcx/nom/asic_top.nom.spef line 2876882, instance ANTENNA_i_soc.i_data_sram.u_sram.gen_bank\[2\].gen_512.u_macro_din0\[4\] not found.
[STA-1650] /home/blogic2026/run5/repo/asic/run/RUN_hold035_2026-09-09/56-openroad-rcx/nom/asic_top.nom.spef line 2876887, net ANTENNA_i_soc.i_data_sram.u_sram.gen_bank\[0\].gen_512.u_macro_din0\[4\] not found.
[STA-1650] /home/blogic2026/run5/repo/asic/run/RUN_hold035_2026-09-09/56-openroad-rcx/nom/asic_top.nom.spef line 2876889, net ANTENNA_i_soc.i_data_sram.u_sram.gen_bank\[3\].gen_512.u_macro_din0\[4\] not found.
[STA-1650] /home/blogic2026/run5/repo/asic/run/RUN_hold035_2026-09-09/56-openroad-rcx/nom/asic_top.nom.spef line 2876892, net ANTENNA_i_soc.i_data_sram.u_sram.gen_bank\[1\].gen_512.u_macro_din0\[4\] not found.
[STA-1650] /home/blogic2026/run5/repo/asic/run/RUN_hold035_2026-09-09/56-openroad-rcx/nom/asic_top.nom.spef line 2876894, net ANTENNA_i_soc.i_data_sram.u_sram.gen_bank\[2\].gen_512.u_macro_din0\[4\] not found.
[STA-1650] /home/blogic2026/run5/repo/asic/run/RUN_hold035_2026-09-09/56-openroad-rcx/nom/asic_top.nom.spef line 2876917, net ANTENNA_i_soc.i_data_sram.u_sram.gen_bank\[3\].gen_512.u_macro_din0\[4\] not found.
[STA-1650] /home/blogic2026/run5/repo/asic/run/RUN_hold035_2026-09-09/56-openroad-rcx/nom/asic_top.nom.spef line 2877105, net ANTENNA_i_soc.i_data_sram.u_sram.gen_bank\[2\].gen_512.u_macro_din0\[4\] not found.
[STA-1650] /home/blogic2026/run5/repo/asic/run/RUN_hold035_2026-09-09/56-openroad-rcx/nom/asic_top.nom.spef line 2877115, net ANTENNA_i_soc.i_data_sram.u_sram.gen_bank\[1\].gen_512.u_macro_din0\[4\] not found.
[STA-1650] /home/blogic2026/run5/repo/asic/run/RUN_hold035_2026-09-09/56-openroad-rcx/nom/asic_top.nom.spef line 2877120, net ANTENNA_i_soc.i_data_sram.u_sram.gen_bank\[3\].gen_512.u_macro_din0\[4\] not found.
[STA-1650] /home/blogic2026/run5/repo/asic/run/RUN_hold035_2026-09-09/56-openroad-rcx/nom/asic_top.nom.spef line 2877122, net ANTENNA_i_soc.i_data_sram.u_sram.gen_bank\[0\].gen_512.u_macro_din0\[4\] not found.
[STA-1648] /home/blogic2026/run5/repo/asic/run/RUN_hold035_2026-09-09/56-openroad-rcx/nom/asic_top.nom.spef line 2877127, instance ANTENNA_i_soc.i_data_sram.u_sram.gen_bank\[2\].gen_512.u_macro_din0\[5\] not found.
[STA-1648] /home/blogic2026/run5/repo/asic/run/RUN_hold035_2026-09-09/56-openroad-rcx/nom/asic_top.nom.spef line 2877130, instance ANTENNA_i_soc.i_data_sram.u_sram.gen_bank\[3\].gen_512.u_macro_din0\[5\] not found.
[STA-1648] /home/blogic2026/run5/repo/asic/run/RUN_hold035_2026-09-09/56-openroad-rcx/nom/asic_top.nom.spef line 2877132, instance ANTENNA_i_soc.i_data_sram.u_sram.gen_bank\[1\].gen_512.u_macro_din0\[5\] not found.
[STA-1648] /home/blogic2026/run5/repo/asic/run/RUN_hold035_2026-09-09/56-openroad-rcx/nom/asic_top.nom.spef line 2877134, instance ANTENNA_i_soc.i_data_sram.u_sram.gen_bank\[0\].gen_512.u_macro_din0\[5\] not found.
[STA-1650] /home/blogic2026/run5/repo/asic/run/RUN_hold035_2026-09-09/56-openroad-rcx/nom/asic_top.nom.spef line 2877139, net ANTENNA_i_soc.i_data_sram.u_sram.gen_bank\[2\].gen_512.u_macro_din0\[5\] not found.
[STA-1650] /home/blogic2026/run5/repo/asic/run/RUN_hold035_2026-09-09/56-openroad-rcx/nom/asic_top.nom.spef line 2877142, net ANTENNA_i_soc.i_data_sram.u_sram.gen_bank\[3\].gen_512.u_macro_din0\[5\] not found.
[STA-1650] /home/blogic2026/run5/repo/asic/run/RUN_hold035_2026-09-09/56-openroad-rcx/nom/asic_top.nom.spef line 2877144, net ANTENNA_i_soc.i_data_sram.u_sram.gen_bank\[1\].gen_512.u_macro_din0\[5\] not found.
[STA-1650] /home/blogic2026/run5/repo/asic/run/RUN_hold035_2026-09-09/56-openroad-rcx/nom/asic_top.nom.spef line 2877146, net ANTENNA_i_soc.i_data_sram.u_sram.gen_bank\[0\].gen_512.u_macro_din0\[5\] not found.
[STA-1650] /home/blogic2026/run5/repo/asic/run/RUN_hold035_2026-09-09/56-openroad-rcx/nom/asic_top.nom.spef line 2877169, net ANTENNA_i_soc.i_data_sram.u_sram.gen_bank\[1\].gen_512.u_macro_din0\[5\] not found.
[STA-1650] /home/blogic2026/run5/repo/asic/run/RUN_hold035_2026-09-09/56-openroad-rcx/nom/asic_top.nom.spef line 2877170, net ANTENNA_i_soc.i_data_sram.u_sram.gen_bank\[1\].gen_512.u_macro_din0\[5\] not found.
[STA-1650] /home/blogic2026/run5/repo/asic/run/RUN_hold035_2026-09-09/56-openroad-rcx/nom/asic_top.nom.spef line 2877247, net ANTENNA_i_soc.i_data_sram.u_sram.gen_bank\[2\].gen_512.u_macro_din0\[5\] not found.
[STA-1650] /home/blogic2026/run5/repo/asic/run/RUN_hold035_2026-09-09/56-openroad-rcx/nom/asic_top.nom.spef line 2877259, net ANTENNA_i_soc.i_data_sram.u_sram.gen_bank\[2\].gen_512.u_macro_din0\[5\] not found.
[STA-1650] /home/blogic2026/run5/repo/asic/run/RUN_hold035_2026-09-09/56-openroad-rcx/nom/asic_top.nom.spef line 2877263, net ANTENNA_i_soc.i_data_sram.u_sram.gen_bank\[2\].gen_512.u_macro_din0\[5\] not found.
[STA-1650] /home/blogic2026/run5/repo/asic/run/RUN_hold035_2026-09-09/56-openroad-rcx/nom/asic_top.nom.spef line 2877288, net ANTENNA_i_soc.i_data_sram.u_sram.gen_bank\[0\].gen_512.u_macro_din0\[5\] not found.
[STA-1650] /home/blogic2026/run5/repo/asic/run/RUN_hold035_2026-09-09/56-openroad-rcx/nom/asic_top.nom.spef line 2877297, net ANTENNA_i_soc.i_data_sram.u_sram.gen_bank\[1\].gen_512.u_macro_din0\[5\] not found.
[STA-1650] /home/blogic2026/run5/repo/asic/run/RUN_hold035_2026-09-09/56-openroad-rcx/nom/asic_top.nom.spef line 2877303, net ANTENNA_i_soc.i_data_sram.u_sram.gen_bank\[3\].gen_512.u_macro_din0\[5\] not found.
[STA-1650] /home/blogic2026/run5/repo/asic/run/RUN_hold035_2026-09-09/56-openroad-rcx/nom/asic_top.nom.spef line 2877312, net ANTENNA_i_soc.i_data_sram.u_sram.gen_bank\[2\].gen_512.u_macro_din0\[5\] not found.
[STA-1648] /home/blogic2026/run5/repo/asic/run/RUN_hold035_2026-09-09/56-openroad-rcx/nom/asic_top.nom.spef line 2877317, instance ANTENNA_i_soc.i_data_sram.u_sram.gen_bank\[1\].gen_512.u_macro_din0\[6\] not found.
[STA-1648] /home/blogic2026/run5/repo/asic/run/RUN_hold035_2026-09-09/56-openroad-rcx/nom/asic_top.nom.spef line 2877319, instance ANTENNA_i_soc.i_data_sram.u_sram.gen_bank\[3\].gen_512.u_macro_din0\[6\] not found.
[STA-1648] /home/blogic2026/run5/repo/asic/run/RUN_hold035_2026-09-09/56-openroad-rcx/nom/asic_top.nom.spef line 2877321, instance ANTENNA_i_soc.i_data_sram.u_sram.gen_bank\[0\].gen_512.u_macro_din0\[6\] not found.
[STA-1648] /home/blogic2026/run5/repo/asic/run/RUN_hold035_2026-09-09/56-openroad-rcx/nom/asic_top.nom.spef line 2877322, instance ANTENNA_i_soc.i_data_sram.u_sram.gen_bank\[2\].gen_512.u_macro_din0\[6\] not found.
[STA-1650] /home/blogic2026/run5/repo/asic/run/RUN_hold035_2026-09-09/56-openroad-rcx/nom/asic_top.nom.spef line 2877329, net ANTENNA_i_soc.i_data_sram.u_sram.gen_bank\[1\].gen_512.u_macro_din0\[6\] not found.
[STA-1650] /home/blogic2026/run5/repo/asic/run/RUN_hold035_2026-09-09/56-openroad-rcx/nom/asic_top.nom.spef line 2877331, net ANTENNA_i_soc.i_data_sram.u_sram.gen_bank\[3\].gen_512.u_macro_din0\[6\] not found.
[STA-1650] /home/blogic2026/run5/repo/asic/run/RUN_hold035_2026-09-09/56-openroad-rcx/nom/asic_top.nom.spef line 2877333, net ANTENNA_i_soc.i_data_sram.u_sram.gen_bank\[0\].gen_512.u_macro_din0\[6\] not found.
[STA-1650] /home/blogic2026/run5/repo/asic/run/RUN_hold035_2026-09-09/56-openroad-rcx/nom/asic_top.nom.spef line 2877334, net ANTENNA_i_soc.i_data_sram.u_sram.gen_bank\[2\].gen_512.u_macro_din0\[6\] not found.
[STA-1650] /home/blogic2026/run5/repo/asic/run/RUN_hold035_2026-09-09/56-openroad-rcx/nom/asic_top.nom.spef line 2877368, net ANTENNA_i_soc.i_data_sram.u_sram.gen_bank\[3\].gen_512.u_macro_din0\[6\] not found.
[STA-1650] /home/blogic2026/run5/repo/asic/run/RUN_hold035_2026-09-09/56-openroad-rcx/nom/asic_top.nom.spef line 2877493, net ANTENNA_i_soc.i_data_sram.u_sram.gen_bank\[0\].gen_512.u_macro_din0\[9\] not found.
[STA-1650] /home/blogic2026/run5/repo/asic/run/RUN_hold035_2026-09-09/56-openroad-rcx/nom/asic_top.nom.spef line 2877502, net ANTENNA_i_soc.i_data_sram.u_sram.gen_bank\[1\].gen_512.u_macro_din0\[9\] not found.
[STA-1650] /home/blogic2026/run5/repo/asic/run/RUN_hold035_2026-09-09/56-openroad-rcx/nom/asic_top.nom.spef line 2877621, net ANTENNA_i_soc.i_data_sram.u_sram.gen_bank\[2\].gen_512.u_macro_din0\[6\] not found.
[STA-1650] /home/blogic2026/run5/repo/asic/run/RUN_hold035_2026-09-09/56-openroad-rcx/nom/asic_top.nom.spef line 2877622, net ANTENNA_i_soc.i_data_sram.u_sram.gen_bank\[0\].gen_512.u_macro_din0\[6\] not found.
[STA-1650] /home/blogic2026/run5/repo/asic/run/RUN_hold035_2026-09-09/56-openroad-rcx/nom/asic_top.nom.spef line 2877634, net ANTENNA_i_soc.i_data_sram.u_sram.gen_bank\[3\].gen_512.u_macro_din0\[6\] not found.
[STA-1650] /home/blogic2026/run5/repo/asic/run/RUN_hold035_2026-09-09/56-openroad-rcx/nom/asic_top.nom.spef line 2877639, net ANTENNA_i_soc.i_data_sram.u_sram.gen_bank\[1\].gen_512.u_macro_din0\[6\] not found.
[STA-1648] /home/blogic2026/run5/repo/asic/run/RUN_hold035_2026-09-09/56-openroad-rcx/nom/asic_top.nom.spef line 2877645, instance ANTENNA_i_soc.i_data_sram.u_sram.gen_bank\[1\].gen_512.u_macro_din0\[7\] not found.
[STA-1648] /home/blogic2026/run5/repo/asic/run/RUN_hold035_2026-09-09/56-openroad-rcx/nom/asic_top.nom.spef line 2877647, instance ANTENNA_i_soc.i_data_sram.u_sram.gen_bank\[3\].gen_512.u_macro_din0\[7\] not found.
[STA-1648] /home/blogic2026/run5/repo/asic/run/RUN_hold035_2026-09-09/56-openroad-rcx/nom/asic_top.nom.spef line 2877650, instance ANTENNA_i_soc.i_data_sram.u_sram.gen_bank\[0\].gen_512.u_macro_din0\[7\] not found.
[STA-1648] /home/blogic2026/run5/repo/asic/run/RUN_hold035_2026-09-09/56-openroad-rcx/nom/asic_top.nom.spef line 2877652, instance ANTENNA_i_soc.i_data_sram.u_sram.gen_bank\[2\].gen_512.u_macro_din0\[7\] not found.
[STA-1650] /home/blogic2026/run5/repo/asic/run/RUN_hold035_2026-09-09/56-openroad-rcx/nom/asic_top.nom.spef line 2877657, net ANTENNA_i_soc.i_data_sram.u_sram.gen_bank\[1\].gen_512.u_macro_din0\[7\] not found.
[STA-1650] /home/blogic2026/run5/repo/asic/run/RUN_hold035_2026-09-09/56-openroad-rcx/nom/asic_top.nom.spef line 2877659, net ANTENNA_i_soc.i_data_sram.u_sram.gen_bank\[3\].gen_512.u_macro_din0\[7\] not found.
[STA-1650] /home/blogic2026/run5/repo/asic/run/RUN_hold035_2026-09-09/56-openroad-rcx/nom/asic_top.nom.spef line 2877662, net ANTENNA_i_soc.i_data_sram.u_sram.gen_bank\[0\].gen_512.u_macro_din0\[7\] not found.
[STA-1650] /home/blogic2026/run5/repo/asic/run/RUN_hold035_2026-09-09/56-openroad-rcx/nom/asic_top.nom.spef line 2877664, net ANTENNA_i_soc.i_data_sram.u_sram.gen_bank\[2\].gen_512.u_macro_din0\[7\] not found.
[STA-1650] /home/blogic2026/run5/repo/asic/run/RUN_hold035_2026-09-09/56-openroad-rcx/nom/asic_top.nom.spef line 2877695, net ANTENNA_i_soc.i_data_sram.u_sram.gen_bank\[2\].gen_512.u_macro_din0\[7\] not found.
[STA-1650] /home/blogic2026/run5/repo/asic/run/RUN_hold035_2026-09-09/56-openroad-rcx/nom/asic_top.nom.spef line 2877885, net ANTENNA_i_soc.i_data_sram.u_sram.gen_bank\[1\].gen_512.u_macro_din0\[9\] not found.
[STA-1650] /home/blogic2026/run5/repo/asic/run/RUN_hold035_2026-09-09/56-openroad-rcx/nom/asic_top.nom.spef line 2877899, net ANTENNA_i_soc.i_data_sram.u_sram.gen_bank\[0\].gen_512.u_macro_din0\[13\] not found.
[STA-1650] /home/blogic2026/run5/repo/asic/run/RUN_hold035_2026-09-09/56-openroad-rcx/nom/asic_top.nom.spef line 2877900, net ANTENNA_i_soc.i_data_sram.u_sram.gen_bank\[0\].gen_512.u_macro_din0\[19\] not found.
[STA-1650] /home/blogic2026/run5/repo/asic/run/RUN_hold035_2026-09-09/56-openroad-rcx/nom/asic_top.nom.spef line 2877901, net ANTENNA_i_soc.i_data_sram.u_sram.gen_bank\[0\].gen_512.u_macro_din0\[20\] not found.
[STA-1650] /home/blogic2026/run5/repo/asic/run/RUN_hold035_2026-09-09/56-openroad-rcx/nom/asic_top.nom.spef line 2877902, net ANTENNA_i_soc.i_data_sram.u_sram.gen_bank\[0\].gen_512.u_macro_din0\[27\] not found.
[STA-1650] /home/blogic2026/run5/repo/asic/run/RUN_hold035_2026-09-09/56-openroad-rcx/nom/asic_top.nom.spef line 2877903, net ANTENNA_i_soc.i_data_sram.u_sram.gen_bank\[0\].gen_512.u_macro_din0\[30\] not found.
[STA-1650] /home/blogic2026/run5/repo/asic/run/RUN_hold035_2026-09-09/56-openroad-rcx/nom/asic_top.nom.spef line 2877904, net ANTENNA_i_soc.i_data_sram.u_sram.gen_bank\[1\].gen_512.u_macro_din0\[5\] not found.
[STA-1650] /home/blogic2026/run5/repo/asic/run/RUN_hold035_2026-09-09/56-openroad-rcx/nom/asic_top.nom.spef line 2877905, net ANTENNA_i_soc.i_data_sram.u_sram.gen_bank\[3\].gen_512.u_macro_din0\[4\] not found.
[STA-1650] /home/blogic2026/run5/repo/asic/run/RUN_hold035_2026-09-09/56-openroad-rcx/nom/asic_top.nom.spef line 2877956, net ANTENNA_i_soc.i_data_sram.u_sram.gen_bank\[3\].gen_512.u_macro_din0\[7\] not found.
[STA-1650] /home/blogic2026/run5/repo/asic/run/RUN_hold035_2026-09-09/56-openroad-rcx/nom/asic_top.nom.spef line 2877998, net ANTENNA_i_soc.i_data_sram.u_sram.gen_bank\[2\].gen_512.u_macro_din0\[7\] not found.
[STA-1650] /home/blogic2026/run5/repo/asic/run/RUN_hold035_2026-09-09/56-openroad-rcx/nom/asic_top.nom.spef line 2878000, net ANTENNA_i_soc.i_data_sram.u_sram.gen_bank\[0\].gen_512.u_macro_din0\[7\] not found.
[STA-1650] /home/blogic2026/run5/repo/asic/run/RUN_hold035_2026-09-09/56-openroad-rcx/nom/asic_top.nom.spef line 2878016, net ANTENNA_i_soc.i_data_sram.u_sram.gen_bank\[3\].gen_512.u_macro_din0\[7\] not found.
[STA-1650] /home/blogic2026/run5/repo/asic/run/RUN_hold035_2026-09-09/56-openroad-rcx/nom/asic_top.nom.spef line 2878019, net ANTENNA_i_soc.i_data_sram.u_sram.gen_bank\[1\].gen_512.u_macro_din0\[7\] not found.
[STA-1650] /home/blogic2026/run5/repo/asic/run/RUN_hold035_2026-09-09/56-openroad-rcx/nom/asic_top.nom.spef line 2878020, net ANTENNA_i_soc.i_data_sram.u_sram.gen_bank\[1\].gen_512.u_macro_din0\[7\] not found.
[STA-1648] /home/blogic2026/run5/repo/asic/run/RUN_hold035_2026-09-09/56-openroad-rcx/nom/asic_top.nom.spef line 2878026, instance ANTENNA_i_soc.i_data_sram.u_sram.gen_bank\[1\].gen_512.u_macro_din0\[8\] not found.
[STA-1648] /home/blogic2026/run5/repo/asic/run/RUN_hold035_2026-09-09/56-openroad-rcx/nom/asic_top.nom.spef line 2878027, instance ANTENNA_i_soc.i_data_sram.u_sram.gen_bank\[3\].gen_512.u_macro_din0\[8\] not found.
[STA-1648] /home/blogic2026/run5/repo/asic/run/RUN_hold035_2026-09-09/56-openroad-rcx/nom/asic_top.nom.spef line 2878029, instance ANTENNA_i_soc.i_data_sram.u_sram.gen_bank\[2\].gen_512.u_macro_din0\[8\] not found.
[STA-1648] /home/blogic2026/run5/repo/asic/run/RUN_hold035_2026-09-09/56-openroad-rcx/nom/asic_top.nom.spef line 2878031, instance ANTENNA_i_soc.i_data_sram.u_sram.gen_bank\[0\].gen_512.u_macro_din0\[8\] not found.
[STA-1650] /home/blogic2026/run5/repo/asic/run/RUN_hold035_2026-09-09/56-openroad-rcx/nom/asic_top.nom.spef line 2878038, net ANTENNA_i_soc.i_data_sram.u_sram.gen_bank\[1\].gen_512.u_macro_din0\[8\] not found.
[STA-1650] /home/blogic2026/run5/repo/asic/run/RUN_hold035_2026-09-09/56-openroad-rcx/nom/asic_top.nom.spef line 2878039, net ANTENNA_i_soc.i_data_sram.u_sram.gen_bank\[3\].gen_512.u_macro_din0\[8\] not found.
[STA-1650] /home/blogic2026/run5/repo/asic/run/RUN_hold035_2026-09-09/56-openroad-rcx/nom/asic_top.nom.spef line 2878041, net ANTENNA_i_soc.i_data_sram.u_sram.gen_bank\[2\].gen_512.u_macro_din0\[8\] not found.
[STA-1650] /home/blogic2026/run5/repo/asic/run/RUN_hold035_2026-09-09/56-openroad-rcx/nom/asic_top.nom.spef line 2878043, net ANTENNA_i_soc.i_data_sram.u_sram.gen_bank\[0\].gen_512.u_macro_din0\[8\] not found.
[STA-1650] /home/blogic2026/run5/repo/asic/run/RUN_hold035_2026-09-09/56-openroad-rcx/nom/asic_top.nom.spef line 2878219, net ANTENNA_i_soc.i_data_sram.u_sram.gen_bank\[2\].gen_512.u_macro_din0\[8\] not found.
[STA-1650] /home/blogic2026/run5/repo/asic/run/RUN_hold035_2026-09-09/56-openroad-rcx/nom/asic_top.nom.spef line 2878222, net ANTENNA_i_soc.i_data_sram.u_sram.gen_bank\[2\].gen_512.u_macro_din0\[8\] not found.
[STA-1650] /home/blogic2026/run5/repo/asic/run/RUN_hold035_2026-09-09/56-openroad-rcx/nom/asic_top.nom.spef line 2878227, net ANTENNA_i_soc.i_data_sram.u_sram.gen_bank\[1\].gen_512.u_macro_din0\[8\] not found.
[STA-1650] /home/blogic2026/run5/repo/asic/run/RUN_hold035_2026-09-09/56-openroad-rcx/nom/asic_top.nom.spef line 2878228, net ANTENNA_i_soc.i_data_sram.u_sram.gen_bank\[1\].gen_512.u_macro_din0\[8\] not found.
[STA-1650] /home/blogic2026/run5/repo/asic/run/RUN_hold035_2026-09-09/56-openroad-rcx/nom/asic_top.nom.spef line 2878229, net ANTENNA_i_soc.i_data_sram.u_sram.gen_bank\[3\].gen_512.u_macro_din0\[8\] not found.
[STA-1650] /home/blogic2026/run5/repo/asic/run/RUN_hold035_2026-09-09/56-openroad-rcx/nom/asic_top.nom.spef line 2878260, net ANTENNA_i_soc.i_data_sram.u_sram.gen_bank\[0\].gen_512.u_macro_din0\[8\] not found.
[STA-1650] /home/blogic2026/run5/repo/asic/run/RUN_hold035_2026-09-09/56-openroad-rcx/nom/asic_top.nom.spef line 2878270, net ANTENNA_i_soc.i_data_sram.u_sram.gen_bank\[2\].gen_512.u_macro_din0\[8\] not found.
[STA-1650] /home/blogic2026/run5/repo/asic/run/RUN_hold035_2026-09-09/56-openroad-rcx/nom/asic_top.nom.spef line 2878281, net ANTENNA_i_soc.i_data_sram.u_sram.gen_bank\[3\].gen_512.u_macro_din0\[8\] not found.
[STA-1650] /home/blogic2026/run5/repo/asic/run/RUN_hold035_2026-09-09/56-openroad-rcx/nom/asic_top.nom.spef line 2878284, net ANTENNA_i_soc.i_data_sram.u_sram.gen_bank\[1\].gen_512.u_macro_din0\[8\] not found.
[STA-1648] /home/blogic2026/run5/repo/asic/run/RUN_hold035_2026-09-09/56-openroad-rcx/nom/asic_top.nom.spef line 2878292, instance ANTENNA_i_soc.i_data_sram.u_sram.gen_bank\[1\].gen_512.u_macro_din0\[9\] not found.
[STA-1648] /home/blogic2026/run5/repo/asic/run/RUN_hold035_2026-09-09/56-openroad-rcx/nom/asic_top.nom.spef line 2878294, instance ANTENNA_i_soc.i_data_sram.u_sram.gen_bank\[3\].gen_512.u_macro_din0\[9\] not found.
[STA-1648] /home/blogic2026/run5/repo/asic/run/RUN_hold035_2026-09-09/56-openroad-rcx/nom/asic_top.nom.spef line 2878296, instance ANTENNA_i_soc.i_data_sram.u_sram.gen_bank\[2\].gen_512.u_macro_din0\[9\] not found.
[STA-1648] /home/blogic2026/run5/repo/asic/run/RUN_hold035_2026-09-09/56-openroad-rcx/nom/asic_top.nom.spef line 2878297, instance ANTENNA_i_soc.i_data_sram.u_sram.gen_bank\[0\].gen_512.u_macro_din0\[9\] not found.
[STA-1650] /home/blogic2026/run5/repo/asic/run/RUN_hold035_2026-09-09/56-openroad-rcx/nom/asic_top.nom.spef line 2878304, net ANTENNA_i_soc.i_data_sram.u_sram.gen_bank\[1\].gen_512.u_macro_din0\[9\] not found.
[STA-1650] /home/blogic2026/run5/repo/asic/run/RUN_hold035_2026-09-09/56-openroad-rcx/nom/asic_top.nom.spef line 2878306, net ANTENNA_i_soc.i_data_sram.u_sram.gen_bank\[3\].gen_512.u_macro_din0\[9\] not found.
[STA-1650] /home/blogic2026/run5/repo/asic/run/RUN_hold035_2026-09-09/56-openroad-rcx/nom/asic_top.nom.spef line 2878308, net ANTENNA_i_soc.i_data_sram.u_sram.gen_bank\[2\].gen_512.u_macro_din0\[9\] not found.
[STA-1650] /home/blogic2026/run5/repo/asic/run/RUN_hold035_2026-09-09/56-openroad-rcx/nom/asic_top.nom.spef line 2878309, net ANTENNA_i_soc.i_data_sram.u_sram.gen_bank\[0\].gen_512.u_macro_din0\[9\] not found.
[STA-1650] /home/blogic2026/run5/repo/asic/run/RUN_hold035_2026-09-09/56-openroad-rcx/nom/asic_top.nom.spef line 2878426, net ANTENNA_i_soc.i_data_sram.u_sram.gen_bank\[0\].gen_512.u_macro_din0\[21\] not found.
[STA-1650] /home/blogic2026/run5/repo/asic/run/RUN_hold035_2026-09-09/56-openroad-rcx/nom/asic_top.nom.spef line 2878427, net ANTENNA_i_soc.i_data_sram.u_sram.gen_bank\[0\].gen_512.u_macro_din0\[22\] not found.
[STA-1650] /home/blogic2026/run5/repo/asic/run/RUN_hold035_2026-09-09/56-openroad-rcx/nom/asic_top.nom.spef line 2878428, net ANTENNA_i_soc.i_data_sram.u_sram.gen_bank\[0\].gen_512.u_macro_din0\[27\] not found.
[STA-1650] /home/blogic2026/run5/repo/asic/run/RUN_hold035_2026-09-09/56-openroad-rcx/nom/asic_top.nom.spef line 2878429, net ANTENNA_i_soc.i_data_sram.u_sram.gen_bank\[0\].gen_512.u_macro_din0\[28\] not found.
[STA-1650] /home/blogic2026/run5/repo/asic/run/RUN_hold035_2026-09-09/56-openroad-rcx/nom/asic_top.nom.spef line 2878430, net ANTENNA_i_soc.i_data_sram.u_sram.gen_bank\[0\].gen_512.u_macro_din0\[30\] not found.
[STA-1650] /home/blogic2026/run5/repo/asic/run/RUN_hold035_2026-09-09/56-openroad-rcx/nom/asic_top.nom.spef line 2878431, net ANTENNA_i_soc.i_data_sram.u_sram.gen_bank\[1\].gen_512.u_macro_din0\[5\] not found.
[STA-1650] /home/blogic2026/run5/repo/asic/run/RUN_hold035_2026-09-09/56-openroad-rcx/nom/asic_top.nom.spef line 2878432, net ANTENNA_i_soc.i_data_sram.u_sram.gen_bank\[2\].gen_512.u_macro_din0\[10\] not found.
[STA-1650] /home/blogic2026/run5/repo/asic/run/RUN_hold035_2026-09-09/56-openroad-rcx/nom/asic_top.nom.spef line 2878467, net ANTENNA_i_soc.i_data_sram.u_sram.gen_bank\[0\].gen_512.u_macro_din0\[9\] not found.
[STA-1650] /home/blogic2026/run5/repo/asic/run/RUN_hold035_2026-09-09/56-openroad-rcx/nom/asic_top.nom.spef line 2878498, net ANTENNA_i_soc.i_data_sram.u_sram.gen_bank\[1\].gen_512.u_macro_din0\[9\] not found.
[STA-1650] /home/blogic2026/run5/repo/asic/run/RUN_hold035_2026-09-09/56-openroad-rcx/nom/asic_top.nom.spef line 2878501, net ANTENNA_i_soc.i_data_sram.u_sram.gen_bank\[1\].gen_512.u_macro_din0\[9\] not found.
[STA-1650] /home/blogic2026/run5/repo/asic/run/RUN_hold035_2026-09-09/56-openroad-rcx/nom/asic_top.nom.spef line 2878510, net ANTENNA_i_soc.i_data_sram.u_sram.gen_bank\[0\].gen_512.u_macro_din0\[9\] not found.
[STA-1650] /home/blogic2026/run5/repo/asic/run/RUN_hold035_2026-09-09/56-openroad-rcx/nom/asic_top.nom.spef line 2878513, net ANTENNA_i_soc.i_data_sram.u_sram.gen_bank\[1\].gen_512.u_macro_din0\[9\] not found.
[STA-1650] /home/blogic2026/run5/repo/asic/run/RUN_hold035_2026-09-09/56-openroad-rcx/nom/asic_top.nom.spef line 2878525, net ANTENNA_i_soc.i_data_sram.u_sram.gen_bank\[1\].gen_512.u_macro_din0\[9\] not found.
[STA-1650] /home/blogic2026/run5/repo/asic/run/RUN_hold035_2026-09-09/56-openroad-rcx/nom/asic_top.nom.spef line 2878534, net ANTENNA_i_soc.i_data_sram.u_sram.gen_bank\[0\].gen_512.u_macro_din0\[9\] not found.
[STA-1650] /home/blogic2026/run5/repo/asic/run/RUN_hold035_2026-09-09/56-openroad-rcx/nom/asic_top.nom.spef line 2878547, net ANTENNA_i_soc.i_data_sram.u_sram.gen_bank\[2\].gen_512.u_macro_din0\[9\] not found.
[STA-1650] /home/blogic2026/run5/repo/asic/run/RUN_hold035_2026-09-09/56-openroad-rcx/nom/asic_top.nom.spef line 2878561, net ANTENNA_i_soc.i_data_sram.u_sram.gen_bank\[3\].gen_512.u_macro_din0\[9\] not found.
[STA-1650] /home/blogic2026/run5/repo/asic/run/RUN_hold035_2026-09-09/56-openroad-rcx/nom/asic_top.nom.spef line 2878564, net ANTENNA_i_soc.i_data_sram.u_sram.gen_bank\[1\].gen_512.u_macro_din0\[9\] not found.
[STA-1650] /home/blogic2026/run5/repo/asic/run/RUN_hold035_2026-09-09/56-openroad-rcx/nom/asic_top.nom.spef line 2878566, net ANTENNA_i_soc.i_data_sram.u_sram.gen_bank\[1\].gen_512.u_macro_din0\[9\] not found.
[STA-1650] /home/blogic2026/run5/repo/asic/run/RUN_hold035_2026-09-09/56-openroad-rcx/nom/asic_top.nom.spef line 2878725, net ANTENNA_i_soc.i_data_sram.u_sram.gen_bank\[0\].gen_512.u_macro_din0\[17\] not found.
[STA-1650] /home/blogic2026/run5/repo/asic/run/RUN_hold035_2026-09-09/56-openroad-rcx/nom/asic_top.nom.spef line 2878907, net ANTENNA_i_soc.i_data_sram.u_sram.gen_bank\[0\].gen_512.u_macro_din0\[19\] not found.
[STA-1650] /home/blogic2026/run5/repo/asic/run/RUN_hold035_2026-09-09/56-openroad-rcx/nom/asic_top.nom.spef line 2878908, net ANTENNA_i_soc.i_data_sram.u_sram.gen_bank\[0\].gen_512.u_macro_din0\[20\] not found.
[STA-1650] /home/blogic2026/run5/repo/asic/run/RUN_hold035_2026-09-09/56-openroad-rcx/nom/asic_top.nom.spef line 2878909, net ANTENNA_i_soc.i_data_sram.u_sram.gen_bank\[0\].gen_512.u_macro_din0\[30\] not found.
[STA-1650] /home/blogic2026/run5/repo/asic/run/RUN_hold035_2026-09-09/56-openroad-rcx/nom/asic_top.nom.spef line 2879121, net ANTENNA_i_soc.i_data_sram.u_sram.gen_bank\[0\].gen_512.u_macro_din0\[17\] not found.
[STA-1650] /home/blogic2026/run5/repo/asic/run/RUN_hold035_2026-09-09/56-openroad-rcx/nom/asic_top.nom.spef line 2908321, net ANTENNA_i_soc.i_ai_accel.u_input_mem_dout1\[25\] not found.
[STA-1650] /home/blogic2026/run5/repo/asic/run/RUN_hold035_2026-09-09/56-openroad-rcx/nom/asic_top.nom.spef line 3019222, net ANTENNA_i_soc.i_ai_accel.u_conv_w_mem_din0\[16\] not found.
[STA-1650] /home/blogic2026/run5/repo/asic/run/RUN_hold035_2026-09-09/56-openroad-rcx/nom/asic_top.nom.spef line 3019746, net ANTENNA_i_soc.i_ai_accel.u_input_mem_dout1\[25\] not found.
[STA-1650] /home/blogic2026/run5/repo/asic/run/RUN_hold035_2026-09-09/56-openroad-rcx/nom/asic_top.nom.spef line 3024313, net ANTENNA_i_soc.i_ai_accel.u_conv_w_mem_din0\[16\] not found.
[STA-1650] /home/blogic2026/run5/repo/asic/run/RUN_hold035_2026-09-09/56-openroad-rcx/nom/asic_top.nom.spef line 3024349, net ANTENNA_i_soc.i_ai_accel.u_conv_w_mem_din0\[16\] not found.
[STA-1650] /home/blogic2026/run5/repo/asic/run/RUN_hold035_2026-09-09/56-openroad-rcx/nom/asic_top.nom.spef line 3024351, net ANTENNA_i_soc.i_ai_accel.u_conv_w_mem_din0\[16\] not found.
[STA-1650] /home/blogic2026/run5/repo/asic/run/RUN_hold035_2026-09-09/56-openroad-rcx/nom/asic_top.nom.spef line 3024734, net ANTENNA_i_soc.i_ai_accel.u_conv_w_mem_din0\[16\] not found.
[STA-1650] /home/blogic2026/run5/repo/asic/run/RUN_hold035_2026-09-09/56-openroad-rcx/nom/asic_top.nom.spef line 3025806, net ANTENNA_i_soc.i_ai_accel.u_conv_w_mem_din0\[16\] not found.
[STA-1650] /home/blogic2026/run5/repo/asic/run/RUN_hold035_2026-09-09/56-openroad-rcx/nom/asic_top.nom.spef line 3025809, net ANTENNA_i_soc.i_ai_accel.u_conv_w_mem_din0\[16\] not found.
[STA-1650] /home/blogic2026/run5/repo/asic/run/RUN_hold035_2026-09-09/56-openroad-rcx/nom/asic_top.nom.spef line 3029355, net ANTENNA_i_soc.i_ai_accel.u_input_mem_dout1\[25\] not found.
[STA-1650] /home/blogic2026/run5/repo/asic/run/RUN_hold035_2026-09-09/56-openroad-rcx/nom/asic_top.nom.spef line 3053675, net ANTENNA_i_soc.i_ai_accel.u_conv_w_mem_din0\[16\] not found.
[STA-1650] /home/blogic2026/run5/repo/asic/run/RUN_hold035_2026-09-09/56-openroad-rcx/nom/asic_top.nom.spef line 3193819, net ANTENNA_i_soc.i_ai_accel.u_input_mem_din0\[26\] not found.
[STA-1650] /home/blogic2026/run5/repo/asic/run/RUN_hold035_2026-09-09/56-openroad-rcx/nom/asic_top.nom.spef line 3193838, net ANTENNA_i_soc.i_ai_accel.u_input_mem_din0\[29\] not found.
[STA-1650] /home/blogic2026/run5/repo/asic/run/RUN_hold035_2026-09-09/56-openroad-rcx/nom/asic_top.nom.spef line 3199186, net ANTENNA_i_soc.i_ai_accel.u_input_mem_dout1\[14\] not found.
[STA-1650] /home/blogic2026/run5/repo/asic/run/RUN_hold035_2026-09-09/56-openroad-rcx/nom/asic_top.nom.spef line 3200514, net ANTENNA_i_soc.i_ai_accel.u_input_mem_dout1\[30\] not found.
[STA-1650] /home/blogic2026/run5/repo/asic/run/RUN_hold035_2026-09-09/56-openroad-rcx/nom/asic_top.nom.spef line 3201391, net ANTENNA_i_soc.i_ai_accel.u_input_mem_dout1\[23\] not found.
[STA-1650] /home/blogic2026/run5/repo/asic/run/RUN_hold035_2026-09-09/56-openroad-rcx/nom/asic_top.nom.spef line 3201392, net ANTENNA_i_soc.i_ai_accel.u_input_mem_dout1\[26\] not found.
[STA-1650] /home/blogic2026/run5/repo/asic/run/RUN_hold035_2026-09-09/56-openroad-rcx/nom/asic_top.nom.spef line 3216312, net ANTENNA_i_soc.i_ai_accel.u_conv_w_mem_dout1\[17\] not found.
[STA-1650] /home/blogic2026/run5/repo/asic/run/RUN_hold035_2026-09-09/56-openroad-rcx/nom/asic_top.nom.spef line 3226432, net ANTENNA_i_soc.i_ai_accel.u_conv_w_mem_din0\[16\] not found.
[STA-1650] /home/blogic2026/run5/repo/asic/run/RUN_hold035_2026-09-09/56-openroad-rcx/nom/asic_top.nom.spef line 3226444, net ANTENNA_i_soc.i_ai_accel.u_conv_w_mem_din0\[16\] not found.
[STA-1650] /home/blogic2026/run5/repo/asic/run/RUN_hold035_2026-09-09/56-openroad-rcx/nom/asic_top.nom.spef line 3228027, net ANTENNA_i_soc.i_ai_accel.u_conv_w_mem_din0\[16\] not found.
[STA-1650] /home/blogic2026/run5/repo/asic/run/RUN_hold035_2026-09-09/56-openroad-rcx/nom/asic_top.nom.spef line 3228028, net ANTENNA_i_soc.i_ai_accel.u_conv_w_mem_din0\[16\] not found.
[STA-1650] /home/blogic2026/run5/repo/asic/run/RUN_hold035_2026-09-09/56-openroad-rcx/nom/asic_top.nom.spef line 3238335, net ANTENNA_i_soc.i_ai_accel.u_input_mem_dout1\[7\] not found.
[STA-1650] /home/blogic2026/run5/repo/asic/run/RUN_hold035_2026-09-09/56-openroad-rcx/nom/asic_top.nom.spef line 3241711, net ANTENNA_i_soc.i_ai_accel.u_input_mem_din0\[16\] not found.
[STA-1650] /home/blogic2026/run5/repo/asic/run/RUN_hold035_2026-09-09/56-openroad-rcx/nom/asic_top.nom.spef line 3241712, net ANTENNA_i_soc.i_ai_accel.u_input_mem_din0\[19\] not found.
[STA-1650] /home/blogic2026/run5/repo/asic/run/RUN_hold035_2026-09-09/56-openroad-rcx/nom/asic_top.nom.spef line 3241721, net ANTENNA_i_soc.i_ai_accel.u_input_mem_din0\[8\] not found.
[STA-1650] /home/blogic2026/run5/repo/asic/run/RUN_hold035_2026-09-09/56-openroad-rcx/nom/asic_top.nom.spef line 3252931, net ANTENNA_i_soc.i_ai_accel.u_input_mem_dout1\[23\] not found.
[STA-1650] /home/blogic2026/run5/repo/asic/run/RUN_hold035_2026-09-09/56-openroad-rcx/nom/asic_top.nom.spef line 3252932, net ANTENNA_i_soc.i_ai_accel.u_input_mem_dout1\[26\] not found.
[STA-1650] /home/blogic2026/run5/repo/asic/run/RUN_hold035_2026-09-09/56-openroad-rcx/nom/asic_top.nom.spef line 3253679, net ANTENNA_i_soc.i_ai_accel.u_conv_w_mem_din0\[12\] not found.
[STA-1650] /home/blogic2026/run5/repo/asic/run/RUN_hold035_2026-09-09/56-openroad-rcx/nom/asic_top.nom.spef line 3253680, net ANTENNA_i_soc.i_ai_accel.u_conv_w_mem_din0\[27\] not found.
[STA-1650] /home/blogic2026/run5/repo/asic/run/RUN_hold035_2026-09-09/56-openroad-rcx/nom/asic_top.nom.spef line 3253725, net ANTENNA_i_soc.i_ai_accel.u_conv_w_mem_din0\[31\] not found.
[STA-1650] /home/blogic2026/run5/repo/asic/run/RUN_hold035_2026-09-09/56-openroad-rcx/nom/asic_top.nom.spef line 3253775, net ANTENNA_i_soc.i_ai_accel.u_conv_w_mem_din0\[31\] not found.
[STA-1650] /home/blogic2026/run5/repo/asic/run/RUN_hold035_2026-09-09/56-openroad-rcx/nom/asic_top.nom.spef line 3253814, net ANTENNA_i_soc.i_ai_accel.u_conv_w_mem_din0\[23\] not found.
[STA-1650] /home/blogic2026/run5/repo/asic/run/RUN_hold035_2026-09-09/56-openroad-rcx/nom/asic_top.nom.spef line 3253815, net ANTENNA_i_soc.i_ai_accel.u_conv_w_mem_din0\[24\] not found.
[STA-1650] /home/blogic2026/run5/repo/asic/run/RUN_hold035_2026-09-09/56-openroad-rcx/nom/asic_top.nom.spef line 3253816, net ANTENNA_i_soc.i_ai_accel.u_conv_w_mem_din0\[28\] not found.
[STA-1650] /home/blogic2026/run5/repo/asic/run/RUN_hold035_2026-09-09/56-openroad-rcx/nom/asic_top.nom.spef line 3254020, net ANTENNA_i_soc.i_ai_accel.u_conv_w_mem_dout1\[17\] not found.
[STA-1650] /home/blogic2026/run5/repo/asic/run/RUN_hold035_2026-09-09/56-openroad-rcx/nom/asic_top.nom.spef line 3254047, net ANTENNA_i_soc.i_ai_accel.u_conv_w_mem_dout1\[17\] not found.
[STA-1648] /home/blogic2026/run5/repo/asic/run/RUN_hold035_2026-09-09/56-openroad-rcx/nom/asic_top.nom.spef line 3254067, instance ANTENNA_i_soc.i_ai_accel.u_conv_w_mem_dout1\[17\] not found.
[STA-1650] /home/blogic2026/run5/repo/asic/run/RUN_hold035_2026-09-09/56-openroad-rcx/nom/asic_top.nom.spef line 3254073, net ANTENNA_i_soc.i_ai_accel.u_conv_w_mem_dout1\[17\] not found.
[STA-1650] /home/blogic2026/run5/repo/asic/run/RUN_hold035_2026-09-09/56-openroad-rcx/nom/asic_top.nom.spef line 3254077, net ANTENNA_i_soc.i_ai_accel.u_conv_w_mem_dout1\[17\] not found.
[STA-1650] /home/blogic2026/run5/repo/asic/run/RUN_hold035_2026-09-09/56-openroad-rcx/nom/asic_top.nom.spef line 3254078, net ANTENNA_i_soc.i_ai_accel.u_conv_w_mem_dout1\[17\] not found.
[STA-1650] /home/blogic2026/run5/repo/asic/run/RUN_hold035_2026-09-09/56-openroad-rcx/nom/asic_top.nom.spef line 3254084, net ANTENNA_i_soc.i_ai_accel.u_conv_w_mem_dout1\[17\] not found.
[STA-1650] /home/blogic2026/run5/repo/asic/run/RUN_hold035_2026-09-09/56-openroad-rcx/nom/asic_top.nom.spef line 3254092, net ANTENNA_i_soc.i_ai_accel.u_conv_w_mem_dout1\[17\] not found.
[STA-1650] /home/blogic2026/run5/repo/asic/run/RUN_hold035_2026-09-09/56-openroad-rcx/nom/asic_top.nom.spef line 3254094, net ANTENNA_i_soc.i_ai_accel.u_conv_w_mem_dout1\[17\] not found.
[STA-1650] /home/blogic2026/run5/repo/asic/run/RUN_hold035_2026-09-09/56-openroad-rcx/nom/asic_top.nom.spef line 3254096, net ANTENNA_i_soc.i_ai_accel.u_conv_w_mem_dout1\[17\] not found.
[STA-1650] /home/blogic2026/run5/repo/asic/run/RUN_hold035_2026-09-09/56-openroad-rcx/nom/asic_top.nom.spef line 3254097, net ANTENNA_i_soc.i_ai_accel.u_conv_w_mem_dout1\[17\] not found.
[STA-1650] /home/blogic2026/run5/repo/asic/run/RUN_hold035_2026-09-09/56-openroad-rcx/nom/asic_top.nom.spef line 3254144, net ANTENNA_i_soc.i_ai_accel.u_conv_w_mem_dout1\[17\] not found.
[STA-1648] /home/blogic2026/run5/repo/asic/run/RUN_hold035_2026-09-09/56-openroad-rcx/nom/asic_top.nom.spef line 3254308, instance ANTENNA_i_soc.i_ai_accel.u_conv_w_mem_dout1\[24\] not found.
[STA-1650] /home/blogic2026/run5/repo/asic/run/RUN_hold035_2026-09-09/56-openroad-rcx/nom/asic_top.nom.spef line 3254314, net ANTENNA_i_soc.i_ai_accel.u_conv_w_mem_dout1\[24\] not found.
[STA-1650] /home/blogic2026/run5/repo/asic/run/RUN_hold035_2026-09-09/56-openroad-rcx/nom/asic_top.nom.spef line 3254321, net ANTENNA_i_soc.i_ai_accel.u_conv_w_mem_dout1\[24\] not found.
[STA-1650] /home/blogic2026/run5/repo/asic/run/RUN_hold035_2026-09-09/56-openroad-rcx/nom/asic_top.nom.spef line 3254330, net ANTENNA_i_soc.i_ai_accel.u_conv_w_mem_dout1\[24\] not found.
[STA-1650] /home/blogic2026/run5/repo/asic/run/RUN_hold035_2026-09-09/56-openroad-rcx/nom/asic_top.nom.spef line 3254344, net ANTENNA_i_soc.i_ai_accel.u_conv_w_mem_dout1\[24\] not found.
[STA-1648] /home/blogic2026/run5/repo/asic/run/RUN_hold035_2026-09-09/56-openroad-rcx/nom/asic_top.nom.spef line 3254349, instance ANTENNA_i_soc.i_ai_accel.u_conv_w_mem_dout1\[25\] not found.
[STA-1650] /home/blogic2026/run5/repo/asic/run/RUN_hold035_2026-09-09/56-openroad-rcx/nom/asic_top.nom.spef line 3254355, net ANTENNA_i_soc.i_ai_accel.u_conv_w_mem_dout1\[25\] not found.
[STA-1650] /home/blogic2026/run5/repo/asic/run/RUN_hold035_2026-09-09/56-openroad-rcx/nom/asic_top.nom.spef line 3254368, net ANTENNA_i_soc.i_ai_accel.u_conv_w_mem_dout1\[17\] not found.
[STA-1650] /home/blogic2026/run5/repo/asic/run/RUN_hold035_2026-09-09/56-openroad-rcx/nom/asic_top.nom.spef line 3254390, net ANTENNA_i_soc.i_ai_accel.u_conv_w_mem_dout1\[25\] not found.
[STA-1648] /home/blogic2026/run5/repo/asic/run/RUN_hold035_2026-09-09/56-openroad-rcx/nom/asic_top.nom.spef line 3254413, instance ANTENNA_i_soc.i_ai_accel.u_conv_w_mem_dout1\[27\] not found.
[STA-1650] /home/blogic2026/run5/repo/asic/run/RUN_hold035_2026-09-09/56-openroad-rcx/nom/asic_top.nom.spef line 3254419, net ANTENNA_i_soc.i_ai_accel.u_conv_w_mem_dout1\[27\] not found.
[STA-1650] /home/blogic2026/run5/repo/asic/run/RUN_hold035_2026-09-09/56-openroad-rcx/nom/asic_top.nom.spef line 3254434, net ANTENNA_i_soc.i_ai_accel.u_conv_w_mem_dout1\[24\] not found.
[STA-1650] /home/blogic2026/run5/repo/asic/run/RUN_hold035_2026-09-09/56-openroad-rcx/nom/asic_top.nom.spef line 3254439, net ANTENNA_i_soc.i_ai_accel.u_conv_w_mem_dout1\[27\] not found.
[STA-1650] /home/blogic2026/run5/repo/asic/run/RUN_hold035_2026-09-09/56-openroad-rcx/nom/asic_top.nom.spef line 3254458, net ANTENNA_i_soc.i_ai_accel.u_conv_w_mem_dout1\[27\] not found.
[STA-1648] /home/blogic2026/run5/repo/asic/run/RUN_hold035_2026-09-09/56-openroad-rcx/nom/asic_top.nom.spef line 3254464, instance ANTENNA_i_soc.i_ai_accel.u_conv_w_mem_dout1\[28\] not found.
[STA-1650] /home/blogic2026/run5/repo/asic/run/RUN_hold035_2026-09-09/56-openroad-rcx/nom/asic_top.nom.spef line 3254470, net ANTENNA_i_soc.i_ai_accel.u_conv_w_mem_dout1\[28\] not found.
[STA-1650] /home/blogic2026/run5/repo/asic/run/RUN_hold035_2026-09-09/56-openroad-rcx/nom/asic_top.nom.spef line 3254483, net ANTENNA_i_soc.i_ai_accel.u_conv_w_mem_dout1\[28\] not found.
[STA-1648] /home/blogic2026/run5/repo/asic/run/RUN_hold035_2026-09-09/56-openroad-rcx/nom/asic_top.nom.spef line 3254494, instance ANTENNA_i_soc.i_ai_accel.u_conv_w_mem_dout1\[29\] not found.
[STA-1650] /home/blogic2026/run5/repo/asic/run/RUN_hold035_2026-09-09/56-openroad-rcx/nom/asic_top.nom.spef line 3254500, net ANTENNA_i_soc.i_ai_accel.u_conv_w_mem_dout1\[29\] not found.
[STA-1650] /home/blogic2026/run5/repo/asic/run/RUN_hold035_2026-09-09/56-openroad-rcx/nom/asic_top.nom.spef line 3254514, net ANTENNA_i_soc.i_ai_accel.u_conv_w_mem_dout1\[29\] not found.
[STA-1648] /home/blogic2026/run5/repo/asic/run/RUN_hold035_2026-09-09/56-openroad-rcx/nom/asic_top.nom.spef line 3254542, instance ANTENNA_i_soc.i_ai_accel.u_conv_w_mem_dout1\[30\] not found.
[STA-1650] /home/blogic2026/run5/repo/asic/run/RUN_hold035_2026-09-09/56-openroad-rcx/nom/asic_top.nom.spef line 3254548, net ANTENNA_i_soc.i_ai_accel.u_conv_w_mem_dout1\[30\] not found.
[STA-1650] /home/blogic2026/run5/repo/asic/run/RUN_hold035_2026-09-09/56-openroad-rcx/nom/asic_top.nom.spef line 3254562, net ANTENNA_i_soc.i_ai_accel.u_conv_w_mem_dout1\[30\] not found.
[STA-1648] /home/blogic2026/run5/repo/asic/run/RUN_hold035_2026-09-09/56-openroad-rcx/nom/asic_top.nom.spef line 3254667, instance ANTENNA_i_soc.i_ai_accel.u_conv_w_mem_dout1\[6\] not found.
[STA-1650] /home/blogic2026/run5/repo/asic/run/RUN_hold035_2026-09-09/56-openroad-rcx/nom/asic_top.nom.spef line 3254673, net ANTENNA_i_soc.i_ai_accel.u_conv_w_mem_dout1\[6\] not found.
[STA-1650] /home/blogic2026/run5/repo/asic/run/RUN_hold035_2026-09-09/56-openroad-rcx/nom/asic_top.nom.spef line 3254693, net ANTENNA_i_soc.i_ai_accel.u_conv_w_mem_dout1\[6\] not found.
[STA-1648] /home/blogic2026/run5/repo/asic/run/RUN_hold035_2026-09-09/56-openroad-rcx/nom/asic_top.nom.spef line 3254701, instance ANTENNA_i_soc.i_ai_accel.u_conv_w_mem_dout1\[7\] not found.
[STA-1650] /home/blogic2026/run5/repo/asic/run/RUN_hold035_2026-09-09/56-openroad-rcx/nom/asic_top.nom.spef line 3254707, net ANTENNA_i_soc.i_ai_accel.u_conv_w_mem_dout1\[7\] not found.
[STA-1650] /home/blogic2026/run5/repo/asic/run/RUN_hold035_2026-09-09/56-openroad-rcx/nom/asic_top.nom.spef line 3254731, net ANTENNA_i_soc.i_ai_accel.u_conv_w_mem_dout1\[7\] not found.
[STA-1650] /home/blogic2026/run5/repo/asic/run/RUN_hold035_2026-09-09/56-openroad-rcx/nom/asic_top.nom.spef line 3254920, net ANTENNA_i_soc.i_ai_accel.u_input_mem_dout1\[31\] not found.
[STA-1650] /home/blogic2026/run5/repo/asic/run/RUN_hold035_2026-09-09/56-openroad-rcx/nom/asic_top.nom.spef line 3258001, net ANTENNA_i_soc.i_ai_accel.u_input_mem_din0\[16\] not found.
[STA-1648] /home/blogic2026/run5/repo/asic/run/RUN_hold035_2026-09-09/56-openroad-rcx/nom/asic_top.nom.spef line 3263183, instance ANTENNA_i_soc.i_ai_accel.u_input_mem_dout1\[0\] not found.
[STA-1650] /home/blogic2026/run5/repo/asic/run/RUN_hold035_2026-09-09/56-openroad-rcx/nom/asic_top.nom.spef line 3263189, net ANTENNA_i_soc.i_ai_accel.u_input_mem_dout1\[0\] not found.
[STA-1650] /home/blogic2026/run5/repo/asic/run/RUN_hold035_2026-09-09/56-openroad-rcx/nom/asic_top.nom.spef line 3263197, net ANTENNA_i_soc.i_ai_accel.u_input_mem_dout1\[0\] not found.
[STA-1650] /home/blogic2026/run5/repo/asic/run/RUN_hold035_2026-09-09/56-openroad-rcx/nom/asic_top.nom.spef line 3263253, net ANTENNA_i_soc.i_ai_accel.u_input_mem_dout1\[0\] not found.
[STA-1648] /home/blogic2026/run5/repo/asic/run/RUN_hold035_2026-09-09/56-openroad-rcx/nom/asic_top.nom.spef line 3263266, instance ANTENNA_i_soc.i_ai_accel.u_input_mem_dout1\[10\] not found.
[STA-1650] /home/blogic2026/run5/repo/asic/run/RUN_hold035_2026-09-09/56-openroad-rcx/nom/asic_top.nom.spef line 3263272, net ANTENNA_i_soc.i_ai_accel.u_input_mem_dout1\[10\] not found.
[STA-1650] /home/blogic2026/run5/repo/asic/run/RUN_hold035_2026-09-09/56-openroad-rcx/nom/asic_top.nom.spef line 3263279, net ANTENNA_i_soc.i_ai_accel.u_input_mem_dout1\[10\] not found.
[STA-1650] /home/blogic2026/run5/repo/asic/run/RUN_hold035_2026-09-09/56-openroad-rcx/nom/asic_top.nom.spef line 3263280, net ANTENNA_i_soc.i_ai_accel.u_input_mem_dout1\[10\] not found.
[STA-1650] /home/blogic2026/run5/repo/asic/run/RUN_hold035_2026-09-09/56-openroad-rcx/nom/asic_top.nom.spef line 3263303, net ANTENNA_i_soc.i_ai_accel.u_input_mem_dout1\[10\] not found.
[STA-1648] /home/blogic2026/run5/repo/asic/run/RUN_hold035_2026-09-09/56-openroad-rcx/nom/asic_top.nom.spef line 3263313, instance ANTENNA_i_soc.i_ai_accel.u_input_mem_dout1\[11\] not found.
[STA-1650] /home/blogic2026/run5/repo/asic/run/RUN_hold035_2026-09-09/56-openroad-rcx/nom/asic_top.nom.spef line 3263319, net ANTENNA_i_soc.i_ai_accel.u_input_mem_dout1\[11\] not found.
[STA-1650] /home/blogic2026/run5/repo/asic/run/RUN_hold035_2026-09-09/56-openroad-rcx/nom/asic_top.nom.spef line 3263341, net ANTENNA_i_soc.i_ai_accel.u_input_mem_dout1\[11\] not found.
[STA-1648] /home/blogic2026/run5/repo/asic/run/RUN_hold035_2026-09-09/56-openroad-rcx/nom/asic_top.nom.spef line 3263351, instance ANTENNA_i_soc.i_ai_accel.u_input_mem_dout1\[12\] not found.
[STA-1650] /home/blogic2026/run5/repo/asic/run/RUN_hold035_2026-09-09/56-openroad-rcx/nom/asic_top.nom.spef line 3263357, net ANTENNA_i_soc.i_ai_accel.u_input_mem_dout1\[12\] not found.
[STA-1650] /home/blogic2026/run5/repo/asic/run/RUN_hold035_2026-09-09/56-openroad-rcx/nom/asic_top.nom.spef line 3263379, net ANTENNA_i_soc.i_ai_accel.u_input_mem_dout1\[12\] not found.
[STA-1648] /home/blogic2026/run5/repo/asic/run/RUN_hold035_2026-09-09/56-openroad-rcx/nom/asic_top.nom.spef line 3263416, instance ANTENNA_i_soc.i_ai_accel.u_input_mem_dout1\[14\] not found.
[STA-1650] /home/blogic2026/run5/repo/asic/run/RUN_hold035_2026-09-09/56-openroad-rcx/nom/asic_top.nom.spef line 3263422, net ANTENNA_i_soc.i_ai_accel.u_input_mem_dout1\[14\] not found.
[STA-1650] /home/blogic2026/run5/repo/asic/run/RUN_hold035_2026-09-09/56-openroad-rcx/nom/asic_top.nom.spef line 3263432, net ANTENNA_i_soc.i_ai_accel.u_input_mem_dout1\[14\] not found.
[STA-1650] /home/blogic2026/run5/repo/asic/run/RUN_hold035_2026-09-09/56-openroad-rcx/nom/asic_top.nom.spef line 3263442, net ANTENNA_i_soc.i_ai_accel.u_input_mem_dout1\[14\] not found.
[STA-1648] /home/blogic2026/run5/repo/asic/run/RUN_hold035_2026-09-09/56-openroad-rcx/nom/asic_top.nom.spef line 3263549, instance ANTENNA_i_soc.i_ai_accel.u_input_mem_dout1\[1\] not found.
[STA-1650] /home/blogic2026/run5/repo/asic/run/RUN_hold035_2026-09-09/56-openroad-rcx/nom/asic_top.nom.spef line 3263555, net ANTENNA_i_soc.i_ai_accel.u_input_mem_dout1\[1\] not found.
[STA-1650] /home/blogic2026/run5/repo/asic/run/RUN_hold035_2026-09-09/56-openroad-rcx/nom/asic_top.nom.spef line 3263581, net ANTENNA_i_soc.i_ai_accel.u_input_mem_dout1\[10\] not found.
[STA-1650] /home/blogic2026/run5/repo/asic/run/RUN_hold035_2026-09-09/56-openroad-rcx/nom/asic_top.nom.spef line 3263594, net ANTENNA_i_soc.i_ai_accel.u_input_mem_dout1\[1\] not found.
[STA-1648] /home/blogic2026/run5/repo/asic/run/RUN_hold035_2026-09-09/56-openroad-rcx/nom/asic_top.nom.spef line 3263620, instance ANTENNA_i_soc.i_ai_accel.u_input_mem_dout1\[21\] not found.
[STA-1650] /home/blogic2026/run5/repo/asic/run/RUN_hold035_2026-09-09/56-openroad-rcx/nom/asic_top.nom.spef line 3263626, net ANTENNA_i_soc.i_ai_accel.u_input_mem_dout1\[21\] not found.
[STA-1650] /home/blogic2026/run5/repo/asic/run/RUN_hold035_2026-09-09/56-openroad-rcx/nom/asic_top.nom.spef line 3263643, net ANTENNA_i_soc.i_ai_accel.u_input_mem_dout1\[21\] not found.
[STA-1648] /home/blogic2026/run5/repo/asic/run/RUN_hold035_2026-09-09/56-openroad-rcx/nom/asic_top.nom.spef line 3263664, instance ANTENNA_i_soc.i_ai_accel.u_input_mem_dout1\[23\] not found.
[STA-1650] /home/blogic2026/run5/repo/asic/run/RUN_hold035_2026-09-09/56-openroad-rcx/nom/asic_top.nom.spef line 3263670, net ANTENNA_i_soc.i_ai_accel.u_input_mem_dout1\[23\] not found.
[STA-1650] /home/blogic2026/run5/repo/asic/run/RUN_hold035_2026-09-09/56-openroad-rcx/nom/asic_top.nom.spef line 3263688, net ANTENNA_i_soc.i_ai_accel.u_input_mem_dout1\[23\] not found.
[STA-1650] /home/blogic2026/run5/repo/asic/run/RUN_hold035_2026-09-09/56-openroad-rcx/nom/asic_top.nom.spef line 3263690, net ANTENNA_i_soc.i_ai_accel.u_input_mem_dout1\[23\] not found.
[STA-1650] /home/blogic2026/run5/repo/asic/run/RUN_hold035_2026-09-09/56-openroad-rcx/nom/asic_top.nom.spef line 3263700, net ANTENNA_i_soc.i_ai_accel.u_input_mem_dout1\[23\] not found.
[STA-1648] /home/blogic2026/run5/repo/asic/run/RUN_hold035_2026-09-09/56-openroad-rcx/nom/asic_top.nom.spef line 3263726, instance ANTENNA_i_soc.i_ai_accel.u_input_mem_dout1\[25\] not found.
[STA-1650] /home/blogic2026/run5/repo/asic/run/RUN_hold035_2026-09-09/56-openroad-rcx/nom/asic_top.nom.spef line 3263732, net ANTENNA_i_soc.i_ai_accel.u_input_mem_dout1\[25\] not found.
[STA-1650] /home/blogic2026/run5/repo/asic/run/RUN_hold035_2026-09-09/56-openroad-rcx/nom/asic_top.nom.spef line 3263738, net ANTENNA_i_soc.i_ai_accel.u_input_mem_dout1\[25\] not found.
[STA-1650] /home/blogic2026/run5/repo/asic/run/RUN_hold035_2026-09-09/56-openroad-rcx/nom/asic_top.nom.spef line 3263746, net ANTENNA_i_soc.i_ai_accel.u_input_mem_dout1\[25\] not found.
[STA-1650] /home/blogic2026/run5/repo/asic/run/RUN_hold035_2026-09-09/56-openroad-rcx/nom/asic_top.nom.spef line 3263748, net ANTENNA_i_soc.i_ai_accel.u_input_mem_dout1\[25\] not found.
[STA-1650] /home/blogic2026/run5/repo/asic/run/RUN_hold035_2026-09-09/56-openroad-rcx/nom/asic_top.nom.spef line 3263756, net ANTENNA_i_soc.i_ai_accel.u_input_mem_dout1\[25\] not found.
[STA-1650] /home/blogic2026/run5/repo/asic/run/RUN_hold035_2026-09-09/56-openroad-rcx/nom/asic_top.nom.spef line 3263757, net ANTENNA_i_soc.i_ai_accel.u_input_mem_dout1\[25\] not found.
[STA-1648] /home/blogic2026/run5/repo/asic/run/RUN_hold035_2026-09-09/56-openroad-rcx/nom/asic_top.nom.spef line 3263767, instance ANTENNA_i_soc.i_ai_accel.u_input_mem_dout1\[26\] not found.
[STA-1650] /home/blogic2026/run5/repo/asic/run/RUN_hold035_2026-09-09/56-openroad-rcx/nom/asic_top.nom.spef line 3263773, net ANTENNA_i_soc.i_ai_accel.u_input_mem_dout1\[26\] not found.
[STA-1650] /home/blogic2026/run5/repo/asic/run/RUN_hold035_2026-09-09/56-openroad-rcx/nom/asic_top.nom.spef line 3263798, net ANTENNA_i_soc.i_ai_accel.u_input_mem_dout1\[26\] not found.
[STA-1650] /home/blogic2026/run5/repo/asic/run/RUN_hold035_2026-09-09/56-openroad-rcx/nom/asic_top.nom.spef line 3263800, net ANTENNA_i_soc.i_ai_accel.u_input_mem_dout1\[26\] not found.
[STA-1650] /home/blogic2026/run5/repo/asic/run/RUN_hold035_2026-09-09/56-openroad-rcx/nom/asic_top.nom.spef line 3263804, net ANTENNA_i_soc.i_ai_accel.u_input_mem_dout1\[26\] not found.
[STA-1648] /home/blogic2026/run5/repo/asic/run/RUN_hold035_2026-09-09/56-openroad-rcx/nom/asic_top.nom.spef line 3263814, instance ANTENNA_i_soc.i_ai_accel.u_input_mem_dout1\[27\] not found.
[STA-1650] /home/blogic2026/run5/repo/asic/run/RUN_hold035_2026-09-09/56-openroad-rcx/nom/asic_top.nom.spef line 3263820, net ANTENNA_i_soc.i_ai_accel.u_input_mem_dout1\[27\] not found.
[STA-1650] /home/blogic2026/run5/repo/asic/run/RUN_hold035_2026-09-09/56-openroad-rcx/nom/asic_top.nom.spef line 3263877, net ANTENNA_i_soc.i_ai_accel.u_input_mem_dout1\[27\] not found.
[STA-1648] /home/blogic2026/run5/repo/asic/run/RUN_hold035_2026-09-09/56-openroad-rcx/nom/asic_top.nom.spef line 3263888, instance ANTENNA_i_soc.i_ai_accel.u_input_mem_dout1\[28\] not found.
[STA-1650] /home/blogic2026/run5/repo/asic/run/RUN_hold035_2026-09-09/56-openroad-rcx/nom/asic_top.nom.spef line 3263894, net ANTENNA_i_soc.i_ai_accel.u_input_mem_dout1\[28\] not found.
[STA-1650] /home/blogic2026/run5/repo/asic/run/RUN_hold035_2026-09-09/56-openroad-rcx/nom/asic_top.nom.spef line 3263935, net ANTENNA_i_soc.i_ai_accel.u_input_mem_dout1\[28\] not found.
[STA-1648] /home/blogic2026/run5/repo/asic/run/RUN_hold035_2026-09-09/56-openroad-rcx/nom/asic_top.nom.spef line 3263960, instance ANTENNA_i_soc.i_ai_accel.u_input_mem_dout1\[2\] not found.
[STA-1650] /home/blogic2026/run5/repo/asic/run/RUN_hold035_2026-09-09/56-openroad-rcx/nom/asic_top.nom.spef line 3263966, net ANTENNA_i_soc.i_ai_accel.u_input_mem_dout1\[2\] not found.
[STA-1650] /home/blogic2026/run5/repo/asic/run/RUN_hold035_2026-09-09/56-openroad-rcx/nom/asic_top.nom.spef line 3264006, net ANTENNA_i_soc.i_ai_accel.u_input_mem_dout1\[2\] not found.
[STA-1648] /home/blogic2026/run5/repo/asic/run/RUN_hold035_2026-09-09/56-openroad-rcx/nom/asic_top.nom.spef line 3264016, instance ANTENNA_i_soc.i_ai_accel.u_input_mem_dout1\[30\] not found.
[STA-1650] /home/blogic2026/run5/repo/asic/run/RUN_hold035_2026-09-09/56-openroad-rcx/nom/asic_top.nom.spef line 3264022, net ANTENNA_i_soc.i_ai_accel.u_input_mem_dout1\[30\] not found.
[STA-1650] /home/blogic2026/run5/repo/asic/run/RUN_hold035_2026-09-09/56-openroad-rcx/nom/asic_top.nom.spef line 3264026, net ANTENNA_i_soc.i_ai_accel.u_input_mem_dout1\[30\] not found.
[STA-1650] /home/blogic2026/run5/repo/asic/run/RUN_hold035_2026-09-09/56-openroad-rcx/nom/asic_top.nom.spef line 3264036, net ANTENNA_i_soc.i_ai_accel.u_input_mem_dout1\[30\] not found.
[STA-1650] /home/blogic2026/run5/repo/asic/run/RUN_hold035_2026-09-09/56-openroad-rcx/nom/asic_top.nom.spef line 3264044, net ANTENNA_i_soc.i_ai_accel.u_input_mem_dout1\[30\] not found.
[STA-1650] /home/blogic2026/run5/repo/asic/run/RUN_hold035_2026-09-09/56-openroad-rcx/nom/asic_top.nom.spef line 3264045, net ANTENNA_i_soc.i_ai_accel.u_input_mem_dout1\[30\] not found.
[STA-1648] /home/blogic2026/run5/repo/asic/run/RUN_hold035_2026-09-09/56-openroad-rcx/nom/asic_top.nom.spef line 3264052, instance ANTENNA_i_soc.i_ai_accel.u_input_mem_dout1\[31\] not found.
[STA-1650] /home/blogic2026/run5/repo/asic/run/RUN_hold035_2026-09-09/56-openroad-rcx/nom/asic_top.nom.spef line 3264058, net ANTENNA_i_soc.i_ai_accel.u_input_mem_dout1\[31\] not found.
[STA-1650] /home/blogic2026/run5/repo/asic/run/RUN_hold035_2026-09-09/56-openroad-rcx/nom/asic_top.nom.spef line 3264085, net ANTENNA_i_soc.i_ai_accel.u_input_mem_dout1\[31\] not found.
[STA-1650] /home/blogic2026/run5/repo/asic/run/RUN_hold035_2026-09-09/56-openroad-rcx/nom/asic_top.nom.spef line 3264097, net ANTENNA_i_soc.i_ai_accel.u_input_mem_dout1\[31\] not found.
[STA-1648] /home/blogic2026/run5/repo/asic/run/RUN_hold035_2026-09-09/56-openroad-rcx/nom/asic_top.nom.spef line 3264103, instance ANTENNA_i_soc.i_ai_accel.u_input_mem_dout1\[3\] not found.
[STA-1650] /home/blogic2026/run5/repo/asic/run/RUN_hold035_2026-09-09/56-openroad-rcx/nom/asic_top.nom.spef line 3264109, net ANTENNA_i_soc.i_ai_accel.u_input_mem_dout1\[3\] not found.
[STA-1650] /home/blogic2026/run5/repo/asic/run/RUN_hold035_2026-09-09/56-openroad-rcx/nom/asic_top.nom.spef line 3264162, net ANTENNA_i_soc.i_ai_accel.u_input_mem_dout1\[3\] not found.
[STA-1648] /home/blogic2026/run5/repo/asic/run/RUN_hold035_2026-09-09/56-openroad-rcx/nom/asic_top.nom.spef line 3264203, instance ANTENNA_i_soc.i_ai_accel.u_input_mem_dout1\[5\] not found.
[STA-1650] /home/blogic2026/run5/repo/asic/run/RUN_hold035_2026-09-09/56-openroad-rcx/nom/asic_top.nom.spef line 3264209, net ANTENNA_i_soc.i_ai_accel.u_input_mem_dout1\[5\] not found.
[STA-1650] /home/blogic2026/run5/repo/asic/run/RUN_hold035_2026-09-09/56-openroad-rcx/nom/asic_top.nom.spef line 3264242, net ANTENNA_i_soc.i_ai_accel.u_input_mem_dout1\[5\] not found.
[STA-1650] /home/blogic2026/run5/repo/asic/run/RUN_hold035_2026-09-09/56-openroad-rcx/nom/asic_top.nom.spef line 3264259, net ANTENNA_i_soc.i_ai_accel.u_input_mem_dout1\[7\] not found.
[STA-1648] /home/blogic2026/run5/repo/asic/run/RUN_hold035_2026-09-09/56-openroad-rcx/nom/asic_top.nom.spef line 3264291, instance ANTENNA_i_soc.i_ai_accel.u_input_mem_dout1\[7\] not found.
[STA-1650] /home/blogic2026/run5/repo/asic/run/RUN_hold035_2026-09-09/56-openroad-rcx/nom/asic_top.nom.spef line 3264297, net ANTENNA_i_soc.i_ai_accel.u_input_mem_dout1\[7\] not found.
[STA-1650] /home/blogic2026/run5/repo/asic/run/RUN_hold035_2026-09-09/56-openroad-rcx/nom/asic_top.nom.spef line 3264320, net ANTENNA_i_soc.i_ai_accel.u_input_mem_dout1\[7\] not found.
[STA-1650] /home/blogic2026/run5/repo/asic/run/RUN_hold035_2026-09-09/56-openroad-rcx/nom/asic_top.nom.spef line 3264329, net ANTENNA_i_soc.i_ai_accel.u_input_mem_dout1\[7\] not found.
[STA-1650] /home/blogic2026/run5/repo/asic/run/RUN_hold035_2026-09-09/56-openroad-rcx/nom/asic_top.nom.spef line 3264338, net ANTENNA_i_soc.i_ai_accel.u_input_mem_dout1\[7\] not found.
[STA-1650] /home/blogic2026/run5/repo/asic/run/RUN_hold035_2026-09-09/56-openroad-rcx/nom/asic_top.nom.spef line 3264340, net ANTENNA_i_soc.i_ai_accel.u_input_mem_dout1\[7\] not found.
[STA-1650] /home/blogic2026/run5/repo/asic/run/RUN_hold035_2026-09-09/56-openroad-rcx/nom/asic_top.nom.spef line 3264341, net ANTENNA_i_soc.i_ai_accel.u_input_mem_dout1\[7\] not found.
[STA-1648] /home/blogic2026/run5/repo/asic/run/RUN_hold035_2026-09-09/56-openroad-rcx/nom/asic_top.nom.spef line 3264350, instance ANTENNA_i_soc.i_ai_accel.u_input_mem_dout1\[8\] not found.
[STA-1650] /home/blogic2026/run5/repo/asic/run/RUN_hold035_2026-09-09/56-openroad-rcx/nom/asic_top.nom.spef line 3264356, net ANTENNA_i_soc.i_ai_accel.u_input_mem_dout1\[8\] not found.
[STA-1650] /home/blogic2026/run5/repo/asic/run/RUN_hold035_2026-09-09/56-openroad-rcx/nom/asic_top.nom.spef line 3264403, net ANTENNA_i_soc.i_ai_accel.u_input_mem_dout1\[8\] not found.
[STA-1648] /home/blogic2026/run5/repo/asic/run/RUN_hold035_2026-09-09/56-openroad-rcx/nom/asic_top.nom.spef line 3264413, instance ANTENNA_i_soc.i_ai_accel.u_input_mem_dout1\[9\] not found.
[STA-1650] /home/blogic2026/run5/repo/asic/run/RUN_hold035_2026-09-09/56-openroad-rcx/nom/asic_top.nom.spef line 3264419, net ANTENNA_i_soc.i_ai_accel.u_input_mem_dout1\[9\] not found.
[STA-1650] /home/blogic2026/run5/repo/asic/run/RUN_hold035_2026-09-09/56-openroad-rcx/nom/asic_top.nom.spef line 3264459, net ANTENNA_i_soc.i_ai_accel.u_input_mem_dout1\[9\] not found.
[STA-1650] /home/blogic2026/run5/repo/asic/run/RUN_hold035_2026-09-09/56-openroad-rcx/nom/asic_top.nom.spef line 3293861, net ANTENNA_i_soc.i_ai_sram.u_sram.gen_bank\[2\].gen_512.u_macro_din0\[2\] not found.
[STA-1650] /home/blogic2026/run5/repo/asic/run/RUN_hold035_2026-09-09/56-openroad-rcx/nom/asic_top.nom.spef line 3295333, net ANTENNA_i_soc.i_ai_sram.u_sram.gen_bank\[6\].gen_512.u_macro_din0\[2\] not found.
[STA-1650] /home/blogic2026/run5/repo/asic/run/RUN_hold035_2026-09-09/56-openroad-rcx/nom/asic_top.nom.spef line 3295440, net ANTENNA_i_soc.i_ai_sram.u_sram.gen_bank\[10\].gen_512.u_macro_din0\[5\] not found.
[STA-1650] /home/blogic2026/run5/repo/asic/run/RUN_hold035_2026-09-09/56-openroad-rcx/nom/asic_top.nom.spef line 3295702, net ANTENNA_i_soc.i_ai_sram.u_sram.gen_bank\[14\].gen_512.u_macro_din0\[7\] not found.
[STA-1650] /home/blogic2026/run5/repo/asic/run/RUN_hold035_2026-09-09/56-openroad-rcx/nom/asic_top.nom.spef line 3295708, net ANTENNA_i_soc.i_ai_sram.u_sram.gen_bank\[14\].gen_512.u_macro_din0\[6\] not found.
[STA-1650] /home/blogic2026/run5/repo/asic/run/RUN_hold035_2026-09-09/56-openroad-rcx/nom/asic_top.nom.spef line 3295779, net ANTENNA_i_soc.i_ai_sram.u_sram.gen_bank\[6\].gen_512.u_macro_din0\[8\] not found.
[STA-1650] /home/blogic2026/run5/repo/asic/run/RUN_hold035_2026-09-09/56-openroad-rcx/nom/asic_top.nom.spef line 3296899, net ANTENNA_i_soc.i_ai_sram.u_sram.gen_bank\[10\].gen_512.u_macro_din0\[13\] not found.
[STA-1650] /home/blogic2026/run5/repo/asic/run/RUN_hold035_2026-09-09/56-openroad-rcx/nom/asic_top.nom.spef line 3299113, net ANTENNA_i_soc.i_ai_sram.u_sram.gen_bank\[6\].gen_512.u_macro_din0\[25\] not found.
[STA-1650] /home/blogic2026/run5/repo/asic/run/RUN_hold035_2026-09-09/56-openroad-rcx/nom/asic_top.nom.spef line 3299523, net ANTENNA_i_soc.i_ai_sram.u_sram.gen_bank\[6\].gen_512.u_macro_din0\[29\] not found.
[STA-1650] /home/blogic2026/run5/repo/asic/run/RUN_hold035_2026-09-09/56-openroad-rcx/nom/asic_top.nom.spef line 3300018, net ANTENNA_i_soc.i_ai_sram.u_sram.gen_bank\[6\].gen_512.u_macro_din0\[30\] not found.
[STA-1650] /home/blogic2026/run5/repo/asic/run/RUN_hold035_2026-09-09/56-openroad-rcx/nom/asic_top.nom.spef line 3300019, net ANTENNA_i_soc.i_ai_sram.u_sram.gen_bank\[6\].gen_512.u_macro_din0\[31\] not found.
[STA-1650] /home/blogic2026/run5/repo/asic/run/RUN_hold035_2026-09-09/56-openroad-rcx/nom/asic_top.nom.spef line 3301095, net ANTENNA_i_soc.i_ai_sram.u_sram.gen_bank\[6\].gen_512.u_macro_din0\[19\] not found.
[STA-1650] /home/blogic2026/run5/repo/asic/run/RUN_hold035_2026-09-09/56-openroad-rcx/nom/asic_top.nom.spef line 3301096, net ANTENNA_i_soc.i_ai_sram.u_sram.gen_bank\[6\].gen_512.u_macro_din0\[23\] not found.
[STA-1650] /home/blogic2026/run5/repo/asic/run/RUN_hold035_2026-09-09/56-openroad-rcx/nom/asic_top.nom.spef line 3301097, net ANTENNA_i_soc.i_ai_sram.u_sram.gen_bank\[6\].gen_512.u_macro_din0\[28\] not found.
[STA-1650] /home/blogic2026/run5/repo/asic/run/RUN_hold035_2026-09-09/56-openroad-rcx/nom/asic_top.nom.spef line 3301099, net ANTENNA_i_soc.i_ai_sram.u_sram.gen_bank\[6\].gen_512.u_macro_din0\[16\] not found.
[STA-1650] /home/blogic2026/run5/repo/asic/run/RUN_hold035_2026-09-09/56-openroad-rcx/nom/asic_top.nom.spef line 3301100, net ANTENNA_i_soc.i_ai_sram.u_sram.gen_bank\[6\].gen_512.u_macro_din0\[19\] not found.
[STA-1648] /home/blogic2026/run5/repo/asic/run/RUN_hold035_2026-09-09/56-openroad-rcx/nom/asic_top.nom.spef line 3313368, instance ANTENNA_i_soc.i_ai_sram.u_sram.gen_bank\[4\].gen_512.u_macro_dout1\[0\] not found.
[STA-1650] /home/blogic2026/run5/repo/asic/run/RUN_hold035_2026-09-09/56-openroad-rcx/nom/asic_top.nom.spef line 3313374, net ANTENNA_i_soc.i_ai_sram.u_sram.gen_bank\[4\].gen_512.u_macro_dout1\[0\] not found.
[STA-1650] /home/blogic2026/run5/repo/asic/run/RUN_hold035_2026-09-09/56-openroad-rcx/nom/asic_top.nom.spef line 3313388, net ANTENNA_i_soc.i_ai_sram.u_sram.gen_bank\[4\].gen_512.u_macro_dout1\[0\] not found.
[STA-1648] /home/blogic2026/run5/repo/asic/run/RUN_hold035_2026-09-09/56-openroad-rcx/nom/asic_top.nom.spef line 3313398, instance ANTENNA_i_soc.i_ai_sram.u_sram.gen_bank\[4\].gen_512.u_macro_dout1\[1\] not found.
[STA-1650] /home/blogic2026/run5/repo/asic/run/RUN_hold035_2026-09-09/56-openroad-rcx/nom/asic_top.nom.spef line 3313404, net ANTENNA_i_soc.i_ai_sram.u_sram.gen_bank\[4\].gen_512.u_macro_dout1\[1\] not found.
[STA-1650] /home/blogic2026/run5/repo/asic/run/RUN_hold035_2026-09-09/56-openroad-rcx/nom/asic_top.nom.spef line 3313417, net ANTENNA_i_soc.i_ai_sram.u_sram.gen_bank\[4\].gen_512.u_macro_dout1\[1\] not found.
[STA-1648] /home/blogic2026/run5/repo/asic/run/RUN_hold035_2026-09-09/56-openroad-rcx/nom/asic_top.nom.spef line 3313427, instance ANTENNA_i_soc.i_ai_sram.u_sram.gen_bank\[4\].gen_512.u_macro_dout1\[2\] not found.
[STA-1650] /home/blogic2026/run5/repo/asic/run/RUN_hold035_2026-09-09/56-openroad-rcx/nom/asic_top.nom.spef line 3313433, net ANTENNA_i_soc.i_ai_sram.u_sram.gen_bank\[4\].gen_512.u_macro_dout1\[2\] not found.
[STA-1650] /home/blogic2026/run5/repo/asic/run/RUN_hold035_2026-09-09/56-openroad-rcx/nom/asic_top.nom.spef line 3313444, net ANTENNA_i_soc.i_ai_sram.u_sram.gen_bank\[4\].gen_512.u_macro_dout1\[2\] not found.
[STA-1648] /home/blogic2026/run5/repo/asic/run/RUN_hold035_2026-09-09/56-openroad-rcx/nom/asic_top.nom.spef line 3313455, instance ANTENNA_i_soc.i_ai_sram.u_sram.gen_bank\[4\].gen_512.u_macro_dout1\[3\] not found.
[STA-1650] /home/blogic2026/run5/repo/asic/run/RUN_hold035_2026-09-09/56-openroad-rcx/nom/asic_top.nom.spef line 3313461, net ANTENNA_i_soc.i_ai_sram.u_sram.gen_bank\[4\].gen_512.u_macro_dout1\[3\] not found.
[STA-1650] /home/blogic2026/run5/repo/asic/run/RUN_hold035_2026-09-09/56-openroad-rcx/nom/asic_top.nom.spef line 3313475, net ANTENNA_i_soc.i_ai_sram.u_sram.gen_bank\[4\].gen_512.u_macro_dout1\[3\] not found.
[STA-1650] /home/blogic2026/run5/repo/asic/run/RUN_hold035_2026-09-09/56-openroad-rcx/nom/asic_top.nom.spef line 3313476, net ANTENNA_i_soc.i_ai_sram.u_sram.gen_bank\[4\].gen_512.u_macro_dout1\[3\] not found.
[STA-1648] /home/blogic2026/run5/repo/asic/run/RUN_hold035_2026-09-09/56-openroad-rcx/nom/asic_top.nom.spef line 3313485, instance ANTENNA_i_soc.i_ai_sram.u_sram.gen_bank\[4\].gen_512.u_macro_dout1\[4\] not found.
[STA-1650] /home/blogic2026/run5/repo/asic/run/RUN_hold035_2026-09-09/56-openroad-rcx/nom/asic_top.nom.spef line 3313491, net ANTENNA_i_soc.i_ai_sram.u_sram.gen_bank\[4\].gen_512.u_macro_dout1\[4\] not found.
[STA-1650] /home/blogic2026/run5/repo/asic/run/RUN_hold035_2026-09-09/56-openroad-rcx/nom/asic_top.nom.spef line 3313506, net ANTENNA_i_soc.i_ai_sram.u_sram.gen_bank\[4\].gen_512.u_macro_dout1\[4\] not found.
[STA-1650] /home/blogic2026/run5/repo/asic/run/RUN_hold035_2026-09-09/56-openroad-rcx/nom/asic_top.nom.spef line 3313507, net ANTENNA_i_soc.i_ai_sram.u_sram.gen_bank\[4\].gen_512.u_macro_dout1\[4\] not found.
[STA-1648] /home/blogic2026/run5/repo/asic/run/RUN_hold035_2026-09-09/56-openroad-rcx/nom/asic_top.nom.spef line 3313515, instance ANTENNA_i_soc.i_ai_sram.u_sram.gen_bank\[4\].gen_512.u_macro_dout1\[5\] not found.
[STA-1650] /home/blogic2026/run5/repo/asic/run/RUN_hold035_2026-09-09/56-openroad-rcx/nom/asic_top.nom.spef line 3313521, net ANTENNA_i_soc.i_ai_sram.u_sram.gen_bank\[4\].gen_512.u_macro_dout1\[5\] not found.
[STA-1650] /home/blogic2026/run5/repo/asic/run/RUN_hold035_2026-09-09/56-openroad-rcx/nom/asic_top.nom.spef line 3313534, net ANTENNA_i_soc.i_ai_sram.u_sram.gen_bank\[4\].gen_512.u_macro_dout1\[9\] not found.
[STA-1650] /home/blogic2026/run5/repo/asic/run/RUN_hold035_2026-09-09/56-openroad-rcx/nom/asic_top.nom.spef line 3313544, net ANTENNA_i_soc.i_ai_sram.u_sram.gen_bank\[4\].gen_512.u_macro_dout1\[5\] not found.
[STA-1648] /home/blogic2026/run5/repo/asic/run/RUN_hold035_2026-09-09/56-openroad-rcx/nom/asic_top.nom.spef line 3313551, instance ANTENNA_i_soc.i_ai_sram.u_sram.gen_bank\[4\].gen_512.u_macro_dout1\[6\] not found.
[STA-1650] /home/blogic2026/run5/repo/asic/run/RUN_hold035_2026-09-09/56-openroad-rcx/nom/asic_top.nom.spef line 3313557, net ANTENNA_i_soc.i_ai_sram.u_sram.gen_bank\[4\].gen_512.u_macro_dout1\[6\] not found.
[STA-1650] /home/blogic2026/run5/repo/asic/run/RUN_hold035_2026-09-09/56-openroad-rcx/nom/asic_top.nom.spef line 3313576, net ANTENNA_i_soc.i_ai_sram.u_sram.gen_bank\[4\].gen_512.u_macro_dout1\[6\] not found.
[STA-1648] /home/blogic2026/run5/repo/asic/run/RUN_hold035_2026-09-09/56-openroad-rcx/nom/asic_top.nom.spef line 3313587, instance ANTENNA_i_soc.i_ai_sram.u_sram.gen_bank\[4\].gen_512.u_macro_dout1\[7\] not found.
[STA-1650] /home/blogic2026/run5/repo/asic/run/RUN_hold035_2026-09-09/56-openroad-rcx/nom/asic_top.nom.spef line 3313593, net ANTENNA_i_soc.i_ai_sram.u_sram.gen_bank\[4\].gen_512.u_macro_dout1\[7\] not found.
[STA-1650] /home/blogic2026/run5/repo/asic/run/RUN_hold035_2026-09-09/56-openroad-rcx/nom/asic_top.nom.spef line 3313609, net ANTENNA_i_soc.i_ai_sram.u_sram.gen_bank\[4\].gen_512.u_macro_dout1\[7\] not found.
[STA-1650] /home/blogic2026/run5/repo/asic/run/RUN_hold035_2026-09-09/56-openroad-rcx/nom/asic_top.nom.spef line 3313610, net ANTENNA_i_soc.i_ai_sram.u_sram.gen_bank\[4\].gen_512.u_macro_dout1\[7\] not found.
[STA-1648] /home/blogic2026/run5/repo/asic/run/RUN_hold035_2026-09-09/56-openroad-rcx/nom/asic_top.nom.spef line 3313621, instance ANTENNA_i_soc.i_ai_sram.u_sram.gen_bank\[4\].gen_512.u_macro_dout1\[8\] not found.
[STA-1650] /home/blogic2026/run5/repo/asic/run/RUN_hold035_2026-09-09/56-openroad-rcx/nom/asic_top.nom.spef line 3313627, net ANTENNA_i_soc.i_ai_sram.u_sram.gen_bank\[4\].gen_512.u_macro_dout1\[8\] not found.
[STA-1650] /home/blogic2026/run5/repo/asic/run/RUN_hold035_2026-09-09/56-openroad-rcx/nom/asic_top.nom.spef line 3313645, net ANTENNA_i_soc.i_ai_sram.u_sram.gen_bank\[4\].gen_512.u_macro_dout1\[8\] not found.
[STA-1650] /home/blogic2026/run5/repo/asic/run/RUN_hold035_2026-09-09/56-openroad-rcx/nom/asic_top.nom.spef line 3313646, net ANTENNA_i_soc.i_ai_sram.u_sram.gen_bank\[4\].gen_512.u_macro_dout1\[8\] not found.
[STA-1648] /home/blogic2026/run5/repo/asic/run/RUN_hold035_2026-09-09/56-openroad-rcx/nom/asic_top.nom.spef line 3313656, instance ANTENNA_i_soc.i_ai_sram.u_sram.gen_bank\[4\].gen_512.u_macro_dout1\[9\] not found.
[STA-1650] /home/blogic2026/run5/repo/asic/run/RUN_hold035_2026-09-09/56-openroad-rcx/nom/asic_top.nom.spef line 3313662, net ANTENNA_i_soc.i_ai_sram.u_sram.gen_bank\[4\].gen_512.u_macro_dout1\[9\] not found.
[STA-1650] /home/blogic2026/run5/repo/asic/run/RUN_hold035_2026-09-09/56-openroad-rcx/nom/asic_top.nom.spef line 3313675, net ANTENNA_i_soc.i_ai_sram.u_sram.gen_bank\[4\].gen_512.u_macro_dout1\[9\] not found.
[STA-1650] /home/blogic2026/run5/repo/asic/run/RUN_hold035_2026-09-09/56-openroad-rcx/nom/asic_top.nom.spef line 3313683, net ANTENNA_i_soc.i_ai_sram.u_sram.gen_bank\[4\].gen_512.u_macro_dout1\[9\] not found.
[STA-1650] /home/blogic2026/run5/repo/asic/run/RUN_hold035_2026-09-09/56-openroad-rcx/nom/asic_top.nom.spef line 3313684, net ANTENNA_i_soc.i_ai_sram.u_sram.gen_bank\[4\].gen_512.u_macro_dout1\[9\] not found.
[STA-1648] /home/blogic2026/run5/repo/asic/run/RUN_hold035_2026-09-09/56-openroad-rcx/nom/asic_top.nom.spef line 3313715, instance ANTENNA_i_soc.i_ai_sram.u_sram.gen_bank\[4\].gen_512.u_macro_dout1\[10\] not found.
[STA-1650] /home/blogic2026/run5/repo/asic/run/RUN_hold035_2026-09-09/56-openroad-rcx/nom/asic_top.nom.spef line 3313721, net ANTENNA_i_soc.i_ai_sram.u_sram.gen_bank\[4\].gen_512.u_macro_dout1\[10\] not found.
[STA-1650] /home/blogic2026/run5/repo/asic/run/RUN_hold035_2026-09-09/56-openroad-rcx/nom/asic_top.nom.spef line 3313735, net ANTENNA_i_soc.i_ai_sram.u_sram.gen_bank\[4\].gen_512.u_macro_dout1\[10\] not found.
[STA-1648] /home/blogic2026/run5/repo/asic/run/RUN_hold035_2026-09-09/56-openroad-rcx/nom/asic_top.nom.spef line 3313742, instance ANTENNA_i_soc.i_ai_sram.u_sram.gen_bank\[4\].gen_512.u_macro_dout1\[11\] not found.
[STA-1650] /home/blogic2026/run5/repo/asic/run/RUN_hold035_2026-09-09/56-openroad-rcx/nom/asic_top.nom.spef line 3313748, net ANTENNA_i_soc.i_ai_sram.u_sram.gen_bank\[4\].gen_512.u_macro_dout1\[11\] not found.
[STA-1650] /home/blogic2026/run5/repo/asic/run/RUN_hold035_2026-09-09/56-openroad-rcx/nom/asic_top.nom.spef line 3313768, net ANTENNA_i_soc.i_ai_sram.u_sram.gen_bank\[4\].gen_512.u_macro_dout1\[11\] not found.
[STA-1650] /home/blogic2026/run5/repo/asic/run/RUN_hold035_2026-09-09/56-openroad-rcx/nom/asic_top.nom.spef line 3313769, net ANTENNA_i_soc.i_ai_sram.u_sram.gen_bank\[4\].gen_512.u_macro_dout1\[11\] not found.
[STA-1648] /home/blogic2026/run5/repo/asic/run/RUN_hold035_2026-09-09/56-openroad-rcx/nom/asic_top.nom.spef line 3313779, instance ANTENNA_i_soc.i_ai_sram.u_sram.gen_bank\[4\].gen_512.u_macro_dout1\[12\] not found.
[STA-1650] /home/blogic2026/run5/repo/asic/run/RUN_hold035_2026-09-09/56-openroad-rcx/nom/asic_top.nom.spef line 3313785, net ANTENNA_i_soc.i_ai_sram.u_sram.gen_bank\[4\].gen_512.u_macro_dout1\[12\] not found.
[STA-1650] /home/blogic2026/run5/repo/asic/run/RUN_hold035_2026-09-09/56-openroad-rcx/nom/asic_top.nom.spef line 3313810, net ANTENNA_i_soc.i_ai_sram.u_sram.gen_bank\[4\].gen_512.u_macro_dout1\[12\] not found.
[STA-1650] /home/blogic2026/run5/repo/asic/run/RUN_hold035_2026-09-09/56-openroad-rcx/nom/asic_top.nom.spef line 3313811, net ANTENNA_i_soc.i_ai_sram.u_sram.gen_bank\[4\].gen_512.u_macro_dout1\[12\] not found.
[STA-1648] /home/blogic2026/run5/repo/asic/run/RUN_hold035_2026-09-09/56-openroad-rcx/nom/asic_top.nom.spef line 3313821, instance ANTENNA_i_soc.i_ai_sram.u_sram.gen_bank\[4\].gen_512.u_macro_dout1\[13\] not found.
[STA-1650] /home/blogic2026/run5/repo/asic/run/RUN_hold035_2026-09-09/56-openroad-rcx/nom/asic_top.nom.spef line 3313827, net ANTENNA_i_soc.i_ai_sram.u_sram.gen_bank\[4\].gen_512.u_macro_dout1\[13\] not found.
[STA-1650] /home/blogic2026/run5/repo/asic/run/RUN_hold035_2026-09-09/56-openroad-rcx/nom/asic_top.nom.spef line 3313848, net ANTENNA_i_soc.i_ai_sram.u_sram.gen_bank\[4\].gen_512.u_macro_dout1\[13\] not found.
[STA-1650] /home/blogic2026/run5/repo/asic/run/RUN_hold035_2026-09-09/56-openroad-rcx/nom/asic_top.nom.spef line 3313849, net ANTENNA_i_soc.i_ai_sram.u_sram.gen_bank\[4\].gen_512.u_macro_dout1\[13\] not found.
[STA-1648] /home/blogic2026/run5/repo/asic/run/RUN_hold035_2026-09-09/56-openroad-rcx/nom/asic_top.nom.spef line 3313859, instance ANTENNA_i_soc.i_ai_sram.u_sram.gen_bank\[4\].gen_512.u_macro_dout1\[14\] not found.
[STA-1650] /home/blogic2026/run5/repo/asic/run/RUN_hold035_2026-09-09/56-openroad-rcx/nom/asic_top.nom.spef line 3313865, net ANTENNA_i_soc.i_ai_sram.u_sram.gen_bank\[4\].gen_512.u_macro_dout1\[14\] not found.
[STA-1650] /home/blogic2026/run5/repo/asic/run/RUN_hold035_2026-09-09/56-openroad-rcx/nom/asic_top.nom.spef line 3313885, net ANTENNA_i_soc.i_ai_sram.u_sram.gen_bank\[4\].gen_512.u_macro_dout1\[14\] not found.
[STA-1648] /home/blogic2026/run5/repo/asic/run/RUN_hold035_2026-09-09/56-openroad-rcx/nom/asic_top.nom.spef line 3313895, instance ANTENNA_i_soc.i_ai_sram.u_sram.gen_bank\[4\].gen_512.u_macro_dout1\[15\] not found.
[STA-1650] /home/blogic2026/run5/repo/asic/run/RUN_hold035_2026-09-09/56-openroad-rcx/nom/asic_top.nom.spef line 3313901, net ANTENNA_i_soc.i_ai_sram.u_sram.gen_bank\[4\].gen_512.u_macro_dout1\[15\] not found.
[STA-1650] /home/blogic2026/run5/repo/asic/run/RUN_hold035_2026-09-09/56-openroad-rcx/nom/asic_top.nom.spef line 3313909, net ANTENNA_i_soc.i_ai_sram.u_sram.gen_bank\[4\].gen_512.u_macro_dout1\[18\] not found.
[STA-1650] /home/blogic2026/run5/repo/asic/run/RUN_hold035_2026-09-09/56-openroad-rcx/nom/asic_top.nom.spef line 3313920, net ANTENNA_i_soc.i_ai_sram.u_sram.gen_bank\[4\].gen_512.u_macro_dout1\[15\] not found.
[STA-1650] /home/blogic2026/run5/repo/asic/run/RUN_hold035_2026-09-09/56-openroad-rcx/nom/asic_top.nom.spef line 3313921, net ANTENNA_i_soc.i_ai_sram.u_sram.gen_bank\[4\].gen_512.u_macro_dout1\[15\] not found.
[STA-1648] /home/blogic2026/run5/repo/asic/run/RUN_hold035_2026-09-09/56-openroad-rcx/nom/asic_top.nom.spef line 3313931, instance ANTENNA_i_soc.i_ai_sram.u_sram.gen_bank\[4\].gen_512.u_macro_dout1\[16\] not found.
[STA-1650] /home/blogic2026/run5/repo/asic/run/RUN_hold035_2026-09-09/56-openroad-rcx/nom/asic_top.nom.spef line 3313937, net ANTENNA_i_soc.i_ai_sram.u_sram.gen_bank\[4\].gen_512.u_macro_dout1\[16\] not found.
[STA-1650] /home/blogic2026/run5/repo/asic/run/RUN_hold035_2026-09-09/56-openroad-rcx/nom/asic_top.nom.spef line 3313960, net ANTENNA_i_soc.i_ai_sram.u_sram.gen_bank\[4\].gen_512.u_macro_dout1\[16\] not found.
[STA-1650] /home/blogic2026/run5/repo/asic/run/RUN_hold035_2026-09-09/56-openroad-rcx/nom/asic_top.nom.spef line 3313961, net ANTENNA_i_soc.i_ai_sram.u_sram.gen_bank\[4\].gen_512.u_macro_dout1\[16\] not found.
[STA-1648] /home/blogic2026/run5/repo/asic/run/RUN_hold035_2026-09-09/56-openroad-rcx/nom/asic_top.nom.spef line 3313970, instance ANTENNA_i_soc.i_ai_sram.u_sram.gen_bank\[4\].gen_512.u_macro_dout1\[17\] not found.
[STA-1650] /home/blogic2026/run5/repo/asic/run/RUN_hold035_2026-09-09/56-openroad-rcx/nom/asic_top.nom.spef line 3313976, net ANTENNA_i_soc.i_ai_sram.u_sram.gen_bank\[4\].gen_512.u_macro_dout1\[17\] not found.
[STA-1650] /home/blogic2026/run5/repo/asic/run/RUN_hold035_2026-09-09/56-openroad-rcx/nom/asic_top.nom.spef line 3313996, net ANTENNA_i_soc.i_ai_sram.u_sram.gen_bank\[4\].gen_512.u_macro_dout1\[17\] not found.
[STA-1648] /home/blogic2026/run5/repo/asic/run/RUN_hold035_2026-09-09/56-openroad-rcx/nom/asic_top.nom.spef line 3314006, instance ANTENNA_i_soc.i_ai_sram.u_sram.gen_bank\[4\].gen_512.u_macro_dout1\[18\] not found.
[STA-1650] /home/blogic2026/run5/repo/asic/run/RUN_hold035_2026-09-09/56-openroad-rcx/nom/asic_top.nom.spef line 3314012, net ANTENNA_i_soc.i_ai_sram.u_sram.gen_bank\[4\].gen_512.u_macro_dout1\[18\] not found.
[STA-1650] /home/blogic2026/run5/repo/asic/run/RUN_hold035_2026-09-09/56-openroad-rcx/nom/asic_top.nom.spef line 3314018, net ANTENNA_i_soc.i_ai_sram.u_sram.gen_bank\[4\].gen_512.u_macro_dout1\[31\] not found.
[STA-1650] /home/blogic2026/run5/repo/asic/run/RUN_hold035_2026-09-09/56-openroad-rcx/nom/asic_top.nom.spef line 3314021, net ANTENNA_i_soc.i_ai_sram.u_sram.gen_bank\[4\].gen_512.u_macro_dout1\[19\] not found.
[STA-1650] /home/blogic2026/run5/repo/asic/run/RUN_hold035_2026-09-09/56-openroad-rcx/nom/asic_top.nom.spef line 3314029, net ANTENNA_i_soc.i_ai_sram.u_sram.gen_bank\[4\].gen_512.u_macro_dout1\[18\] not found.
[STA-1650] /home/blogic2026/run5/repo/asic/run/RUN_hold035_2026-09-09/56-openroad-rcx/nom/asic_top.nom.spef line 3314034, net ANTENNA_i_soc.i_ai_sram.u_sram.gen_bank\[4\].gen_512.u_macro_dout1\[18\] not found.
[STA-1648] /home/blogic2026/run5/repo/asic/run/RUN_hold035_2026-09-09/56-openroad-rcx/nom/asic_top.nom.spef line 3314044, instance ANTENNA_i_soc.i_ai_sram.u_sram.gen_bank\[4\].gen_512.u_macro_dout1\[19\] not found.
[STA-1650] /home/blogic2026/run5/repo/asic/run/RUN_hold035_2026-09-09/56-openroad-rcx/nom/asic_top.nom.spef line 3314050, net ANTENNA_i_soc.i_ai_sram.u_sram.gen_bank\[4\].gen_512.u_macro_dout1\[19\] not found.
[STA-1650] /home/blogic2026/run5/repo/asic/run/RUN_hold035_2026-09-09/56-openroad-rcx/nom/asic_top.nom.spef line 3314055, net ANTENNA_i_soc.i_ai_sram.u_sram.gen_bank\[4\].gen_512.u_macro_dout1\[19\] not found.
[STA-1650] /home/blogic2026/run5/repo/asic/run/RUN_hold035_2026-09-09/56-openroad-rcx/nom/asic_top.nom.spef line 3314065, net ANTENNA_i_soc.i_ai_sram.u_sram.gen_bank\[4\].gen_512.u_macro_dout1\[19\] not found.
[STA-1650] /home/blogic2026/run5/repo/asic/run/RUN_hold035_2026-09-09/56-openroad-rcx/nom/asic_top.nom.spef line 3314069, net ANTENNA_i_soc.i_ai_sram.u_sram.gen_bank\[4\].gen_512.u_macro_dout1\[19\] not found.
[STA-1648] /home/blogic2026/run5/repo/asic/run/RUN_hold035_2026-09-09/56-openroad-rcx/nom/asic_top.nom.spef line 3314094, instance ANTENNA_i_soc.i_ai_sram.u_sram.gen_bank\[4\].gen_512.u_macro_dout1\[20\] not found.
[STA-1650] /home/blogic2026/run5/repo/asic/run/RUN_hold035_2026-09-09/56-openroad-rcx/nom/asic_top.nom.spef line 3314100, net ANTENNA_i_soc.i_ai_sram.u_sram.gen_bank\[4\].gen_512.u_macro_dout1\[20\] not found.
[STA-1650] /home/blogic2026/run5/repo/asic/run/RUN_hold035_2026-09-09/56-openroad-rcx/nom/asic_top.nom.spef line 3314104, net ANTENNA_i_soc.i_ai_sram.u_sram.gen_bank\[4\].gen_512.u_macro_dout1\[20\] not found.
[STA-1650] /home/blogic2026/run5/repo/asic/run/RUN_hold035_2026-09-09/56-openroad-rcx/nom/asic_top.nom.spef line 3314121, net ANTENNA_i_soc.i_ai_sram.u_sram.gen_bank\[4\].gen_512.u_macro_dout1\[20\] not found.
[STA-1650] /home/blogic2026/run5/repo/asic/run/RUN_hold035_2026-09-09/56-openroad-rcx/nom/asic_top.nom.spef line 3314122, net ANTENNA_i_soc.i_ai_sram.u_sram.gen_bank\[4\].gen_512.u_macro_dout1\[20\] not found.
[STA-1648] /home/blogic2026/run5/repo/asic/run/RUN_hold035_2026-09-09/56-openroad-rcx/nom/asic_top.nom.spef line 3314131, instance ANTENNA_i_soc.i_ai_sram.u_sram.gen_bank\[4\].gen_512.u_macro_dout1\[21\] not found.
[STA-1650] /home/blogic2026/run5/repo/asic/run/RUN_hold035_2026-09-09/56-openroad-rcx/nom/asic_top.nom.spef line 3314137, net ANTENNA_i_soc.i_ai_sram.u_sram.gen_bank\[4\].gen_512.u_macro_dout1\[21\] not found.
[STA-1650] /home/blogic2026/run5/repo/asic/run/RUN_hold035_2026-09-09/56-openroad-rcx/nom/asic_top.nom.spef line 3314152, net ANTENNA_i_soc.i_ai_sram.u_sram.gen_bank\[4\].gen_512.u_macro_dout1\[21\] not found.
[STA-1648] /home/blogic2026/run5/repo/asic/run/RUN_hold035_2026-09-09/56-openroad-rcx/nom/asic_top.nom.spef line 3314162, instance ANTENNA_i_soc.i_ai_sram.u_sram.gen_bank\[4\].gen_512.u_macro_dout1\[22\] not found.
[STA-1650] /home/blogic2026/run5/repo/asic/run/RUN_hold035_2026-09-09/56-openroad-rcx/nom/asic_top.nom.spef line 3314168, net ANTENNA_i_soc.i_ai_sram.u_sram.gen_bank\[4\].gen_512.u_macro_dout1\[22\] not found.
[STA-1650] /home/blogic2026/run5/repo/asic/run/RUN_hold035_2026-09-09/56-openroad-rcx/nom/asic_top.nom.spef line 3314191, net ANTENNA_i_soc.i_ai_sram.u_sram.gen_bank\[4\].gen_512.u_macro_dout1\[22\] not found.
[STA-1648] /home/blogic2026/run5/repo/asic/run/RUN_hold035_2026-09-09/56-openroad-rcx/nom/asic_top.nom.spef line 3314200, instance ANTENNA_i_soc.i_ai_sram.u_sram.gen_bank\[4\].gen_512.u_macro_dout1\[23\] not found.
[STA-1650] /home/blogic2026/run5/repo/asic/run/RUN_hold035_2026-09-09/56-openroad-rcx/nom/asic_top.nom.spef line 3314206, net ANTENNA_i_soc.i_ai_sram.u_sram.gen_bank\[4\].gen_512.u_macro_dout1\[23\] not found.
[STA-1650] /home/blogic2026/run5/repo/asic/run/RUN_hold035_2026-09-09/56-openroad-rcx/nom/asic_top.nom.spef line 3314225, net ANTENNA_i_soc.i_ai_sram.u_sram.gen_bank\[4\].gen_512.u_macro_dout1\[23\] not found.
[STA-1648] /home/blogic2026/run5/repo/asic/run/RUN_hold035_2026-09-09/56-openroad-rcx/nom/asic_top.nom.spef line 3314235, instance ANTENNA_i_soc.i_ai_sram.u_sram.gen_bank\[4\].gen_512.u_macro_dout1\[24\] not found.
[STA-1650] /home/blogic2026/run5/repo/asic/run/RUN_hold035_2026-09-09/56-openroad-rcx/nom/asic_top.nom.spef line 3314241, net ANTENNA_i_soc.i_ai_sram.u_sram.gen_bank\[4\].gen_512.u_macro_dout1\[24\] not found.
[STA-1650] /home/blogic2026/run5/repo/asic/run/RUN_hold035_2026-09-09/56-openroad-rcx/nom/asic_top.nom.spef line 3314254, net ANTENNA_i_soc.i_ai_sram.u_sram.gen_bank\[4\].gen_512.u_macro_dout1\[24\] not found.
[STA-1648] /home/blogic2026/run5/repo/asic/run/RUN_hold035_2026-09-09/56-openroad-rcx/nom/asic_top.nom.spef line 3314264, instance ANTENNA_i_soc.i_ai_sram.u_sram.gen_bank\[4\].gen_512.u_macro_dout1\[25\] not found.
[STA-1650] /home/blogic2026/run5/repo/asic/run/RUN_hold035_2026-09-09/56-openroad-rcx/nom/asic_top.nom.spef line 3314270, net ANTENNA_i_soc.i_ai_sram.u_sram.gen_bank\[4\].gen_512.u_macro_dout1\[25\] not found.
[STA-1650] /home/blogic2026/run5/repo/asic/run/RUN_hold035_2026-09-09/56-openroad-rcx/nom/asic_top.nom.spef line 3314291, net ANTENNA_i_soc.i_ai_sram.u_sram.gen_bank\[4\].gen_512.u_macro_dout1\[25\] not found.
[STA-1648] /home/blogic2026/run5/repo/asic/run/RUN_hold035_2026-09-09/56-openroad-rcx/nom/asic_top.nom.spef line 3314301, instance ANTENNA_i_soc.i_ai_sram.u_sram.gen_bank\[4\].gen_512.u_macro_dout1\[26\] not found.
[STA-1650] /home/blogic2026/run5/repo/asic/run/RUN_hold035_2026-09-09/56-openroad-rcx/nom/asic_top.nom.spef line 3314307, net ANTENNA_i_soc.i_ai_sram.u_sram.gen_bank\[4\].gen_512.u_macro_dout1\[26\] not found.
[STA-1650] /home/blogic2026/run5/repo/asic/run/RUN_hold035_2026-09-09/56-openroad-rcx/nom/asic_top.nom.spef line 3314324, net ANTENNA_i_soc.i_ai_sram.u_sram.gen_bank\[4\].gen_512.u_macro_dout1\[26\] not found.
[STA-1648] /home/blogic2026/run5/repo/asic/run/RUN_hold035_2026-09-09/56-openroad-rcx/nom/asic_top.nom.spef line 3314334, instance ANTENNA_i_soc.i_ai_sram.u_sram.gen_bank\[4\].gen_512.u_macro_dout1\[27\] not found.
[STA-1650] /home/blogic2026/run5/repo/asic/run/RUN_hold035_2026-09-09/56-openroad-rcx/nom/asic_top.nom.spef line 3314340, net ANTENNA_i_soc.i_ai_sram.u_sram.gen_bank\[4\].gen_512.u_macro_dout1\[27\] not found.
[STA-1650] /home/blogic2026/run5/repo/asic/run/RUN_hold035_2026-09-09/56-openroad-rcx/nom/asic_top.nom.spef line 3314353, net ANTENNA_i_soc.i_ai_sram.u_sram.gen_bank\[4\].gen_512.u_macro_dout1\[27\] not found.
[STA-1648] /home/blogic2026/run5/repo/asic/run/RUN_hold035_2026-09-09/56-openroad-rcx/nom/asic_top.nom.spef line 3314363, instance ANTENNA_i_soc.i_ai_sram.u_sram.gen_bank\[4\].gen_512.u_macro_dout1\[28\] not found.
[STA-1650] /home/blogic2026/run5/repo/asic/run/RUN_hold035_2026-09-09/56-openroad-rcx/nom/asic_top.nom.spef line 3314369, net ANTENNA_i_soc.i_ai_sram.u_sram.gen_bank\[4\].gen_512.u_macro_dout1\[28\] not found.
[STA-1650] /home/blogic2026/run5/repo/asic/run/RUN_hold035_2026-09-09/56-openroad-rcx/nom/asic_top.nom.spef line 3314392, net ANTENNA_i_soc.i_ai_sram.u_sram.gen_bank\[4\].gen_512.u_macro_dout1\[28\] not found.
[STA-1648] /home/blogic2026/run5/repo/asic/run/RUN_hold035_2026-09-09/56-openroad-rcx/nom/asic_top.nom.spef line 3314403, instance ANTENNA_i_soc.i_ai_sram.u_sram.gen_bank\[4\].gen_512.u_macro_dout1\[29\] not found.
[STA-1650] /home/blogic2026/run5/repo/asic/run/RUN_hold035_2026-09-09/56-openroad-rcx/nom/asic_top.nom.spef line 3314409, net ANTENNA_i_soc.i_ai_sram.u_sram.gen_bank\[4\].gen_512.u_macro_dout1\[29\] not found.
[STA-1650] /home/blogic2026/run5/repo/asic/run/RUN_hold035_2026-09-09/56-openroad-rcx/nom/asic_top.nom.spef line 3314429, net ANTENNA_i_soc.i_ai_sram.u_sram.gen_bank\[4\].gen_512.u_macro_dout1\[29\] not found.
[STA-1648] /home/blogic2026/run5/repo/asic/run/RUN_hold035_2026-09-09/56-openroad-rcx/nom/asic_top.nom.spef line 3314462, instance ANTENNA_i_soc.i_ai_sram.u_sram.gen_bank\[4\].gen_512.u_macro_dout1\[30\] not found.
[STA-1650] /home/blogic2026/run5/repo/asic/run/RUN_hold035_2026-09-09/56-openroad-rcx/nom/asic_top.nom.spef line 3314468, net ANTENNA_i_soc.i_ai_sram.u_sram.gen_bank\[4\].gen_512.u_macro_dout1\[30\] not found.
[STA-1650] /home/blogic2026/run5/repo/asic/run/RUN_hold035_2026-09-09/56-openroad-rcx/nom/asic_top.nom.spef line 3314487, net ANTENNA_i_soc.i_ai_sram.u_sram.gen_bank\[4\].gen_512.u_macro_dout1\[30\] not found.
[STA-1648] /home/blogic2026/run5/repo/asic/run/RUN_hold035_2026-09-09/56-openroad-rcx/nom/asic_top.nom.spef line 3314497, instance ANTENNA_i_soc.i_ai_sram.u_sram.gen_bank\[4\].gen_512.u_macro_dout1\[31\] not found.
[STA-1650] /home/blogic2026/run5/repo/asic/run/RUN_hold035_2026-09-09/56-openroad-rcx/nom/asic_top.nom.spef line 3314503, net ANTENNA_i_soc.i_ai_sram.u_sram.gen_bank\[4\].gen_512.u_macro_dout1\[31\] not found.
[STA-1650] /home/blogic2026/run5/repo/asic/run/RUN_hold035_2026-09-09/56-openroad-rcx/nom/asic_top.nom.spef line 3314515, net ANTENNA_i_soc.i_ai_sram.u_sram.gen_bank\[4\].gen_512.u_macro_dout1\[31\] not found.
[STA-1650] /home/blogic2026/run5/repo/asic/run/RUN_hold035_2026-09-09/56-openroad-rcx/nom/asic_top.nom.spef line 3314520, net ANTENNA_i_soc.i_ai_sram.u_sram.gen_bank\[4\].gen_512.u_macro_dout1\[31\] not found.
[STA-1648] /home/blogic2026/run5/repo/asic/run/RUN_hold035_2026-09-09/56-openroad-rcx/nom/asic_top.nom.spef line 3315810, instance ANTENNA_i_soc.i_ai_sram.u_sram.gen_bank\[1\].gen_512.u_macro_dout1\[1\] not found.
[STA-1650] /home/blogic2026/run5/repo/asic/run/RUN_hold035_2026-09-09/56-openroad-rcx/nom/asic_top.nom.spef line 3315816, net ANTENNA_i_soc.i_ai_sram.u_sram.gen_bank\[1\].gen_512.u_macro_dout1\[1\] not found.
[STA-1650] /home/blogic2026/run5/repo/asic/run/RUN_hold035_2026-09-09/56-openroad-rcx/nom/asic_top.nom.spef line 3315848, net ANTENNA_i_soc.i_ai_sram.u_sram.gen_bank\[1\].gen_512.u_macro_dout1\[1\] not found.
[STA-1648] /home/blogic2026/run5/repo/asic/run/RUN_hold035_2026-09-09/56-openroad-rcx/nom/asic_top.nom.spef line 3316497, instance ANTENNA_i_soc.i_ai_sram.u_sram.gen_bank\[0\].gen_512.u_macro_dout1\[0\] not found.
[STA-1650] /home/blogic2026/run5/repo/asic/run/RUN_hold035_2026-09-09/56-openroad-rcx/nom/asic_top.nom.spef line 3316503, net ANTENNA_i_soc.i_ai_sram.u_sram.gen_bank\[0\].gen_512.u_macro_dout1\[0\] not found.
[STA-1650] /home/blogic2026/run5/repo/asic/run/RUN_hold035_2026-09-09/56-openroad-rcx/nom/asic_top.nom.spef line 3316517, net ANTENNA_i_soc.i_ai_sram.u_sram.gen_bank\[0\].gen_512.u_macro_dout1\[0\] not found.
[STA-1650] /home/blogic2026/run5/repo/asic/run/RUN_hold035_2026-09-09/56-openroad-rcx/nom/asic_top.nom.spef line 3316518, net ANTENNA_i_soc.i_ai_sram.u_sram.gen_bank\[0\].gen_512.u_macro_dout1\[0\] not found.
[STA-1648] /home/blogic2026/run5/repo/asic/run/RUN_hold035_2026-09-09/56-openroad-rcx/nom/asic_top.nom.spef line 3316527, instance ANTENNA_i_soc.i_ai_sram.u_sram.gen_bank\[0\].gen_512.u_macro_dout1\[1\] not found.
[STA-1650] /home/blogic2026/run5/repo/asic/run/RUN_hold035_2026-09-09/56-openroad-rcx/nom/asic_top.nom.spef line 3316533, net ANTENNA_i_soc.i_ai_sram.u_sram.gen_bank\[0\].gen_512.u_macro_dout1\[1\] not found.
[STA-1650] /home/blogic2026/run5/repo/asic/run/RUN_hold035_2026-09-09/56-openroad-rcx/nom/asic_top.nom.spef line 3316551, net ANTENNA_i_soc.i_ai_sram.u_sram.gen_bank\[0\].gen_512.u_macro_dout1\[1\] not found.
[STA-1648] /home/blogic2026/run5/repo/asic/run/RUN_hold035_2026-09-09/56-openroad-rcx/nom/asic_top.nom.spef line 3316574, instance ANTENNA_i_soc.i_ai_sram.u_sram.gen_bank\[0\].gen_512.u_macro_dout1\[2\] not found.
[STA-1650] /home/blogic2026/run5/repo/asic/run/RUN_hold035_2026-09-09/56-openroad-rcx/nom/asic_top.nom.spef line 3316580, net ANTENNA_i_soc.i_ai_sram.u_sram.gen_bank\[0\].gen_512.u_macro_dout1\[2\] not found.
[STA-1650] /home/blogic2026/run5/repo/asic/run/RUN_hold035_2026-09-09/56-openroad-rcx/nom/asic_top.nom.spef line 3316593, net ANTENNA_i_soc.i_ai_sram.u_sram.gen_bank\[0\].gen_512.u_macro_dout1\[2\] not found.
[STA-1650] /home/blogic2026/run5/repo/asic/run/RUN_hold035_2026-09-09/56-openroad-rcx/nom/asic_top.nom.spef line 3316594, net ANTENNA_i_soc.i_ai_sram.u_sram.gen_bank\[0\].gen_512.u_macro_dout1\[2\] not found.
[STA-1648] /home/blogic2026/run5/repo/asic/run/RUN_hold035_2026-09-09/56-openroad-rcx/nom/asic_top.nom.spef line 3316603, instance ANTENNA_i_soc.i_ai_sram.u_sram.gen_bank\[0\].gen_512.u_macro_dout1\[3\] not found.
[STA-1650] /home/blogic2026/run5/repo/asic/run/RUN_hold035_2026-09-09/56-openroad-rcx/nom/asic_top.nom.spef line 3316609, net ANTENNA_i_soc.i_ai_sram.u_sram.gen_bank\[0\].gen_512.u_macro_dout1\[3\] not found.
[STA-1650] /home/blogic2026/run5/repo/asic/run/RUN_hold035_2026-09-09/56-openroad-rcx/nom/asic_top.nom.spef line 3316624, net ANTENNA_i_soc.i_ai_sram.u_sram.gen_bank\[0\].gen_512.u_macro_dout1\[3\] not found.
[STA-1650] /home/blogic2026/run5/repo/asic/run/RUN_hold035_2026-09-09/56-openroad-rcx/nom/asic_top.nom.spef line 3316625, net ANTENNA_i_soc.i_ai_sram.u_sram.gen_bank\[0\].gen_512.u_macro_dout1\[3\] not found.
[STA-1648] /home/blogic2026/run5/repo/asic/run/RUN_hold035_2026-09-09/56-openroad-rcx/nom/asic_top.nom.spef line 3316634, instance ANTENNA_i_soc.i_ai_sram.u_sram.gen_bank\[0\].gen_512.u_macro_dout1\[4\] not found.
[STA-1650] /home/blogic2026/run5/repo/asic/run/RUN_hold035_2026-09-09/56-openroad-rcx/nom/asic_top.nom.spef line 3316640, net ANTENNA_i_soc.i_ai_sram.u_sram.gen_bank\[0\].gen_512.u_macro_dout1\[4\] not found.
[STA-1650] /home/blogic2026/run5/repo/asic/run/RUN_hold035_2026-09-09/56-openroad-rcx/nom/asic_top.nom.spef line 3316657, net ANTENNA_i_soc.i_ai_sram.u_sram.gen_bank\[0\].gen_512.u_macro_dout1\[4\] not found.
[STA-1650] /home/blogic2026/run5/repo/asic/run/RUN_hold035_2026-09-09/56-openroad-rcx/nom/asic_top.nom.spef line 3316658, net ANTENNA_i_soc.i_ai_sram.u_sram.gen_bank\[0\].gen_512.u_macro_dout1\[4\] not found.
[STA-1648] /home/blogic2026/run5/repo/asic/run/RUN_hold035_2026-09-09/56-openroad-rcx/nom/asic_top.nom.spef line 3316667, instance ANTENNA_i_soc.i_ai_sram.u_sram.gen_bank\[0\].gen_512.u_macro_dout1\[5\] not found.
[STA-1650] /home/blogic2026/run5/repo/asic/run/RUN_hold035_2026-09-09/56-openroad-rcx/nom/asic_top.nom.spef line 3316673, net ANTENNA_i_soc.i_ai_sram.u_sram.gen_bank\[0\].gen_512.u_macro_dout1\[5\] not found.
[STA-1650] /home/blogic2026/run5/repo/asic/run/RUN_hold035_2026-09-09/56-openroad-rcx/nom/asic_top.nom.spef line 3316687, net ANTENNA_i_soc.i_ai_sram.u_sram.gen_bank\[0\].gen_512.u_macro_dout1\[9\] not found.
[STA-1650] /home/blogic2026/run5/repo/asic/run/RUN_hold035_2026-09-09/56-openroad-rcx/nom/asic_top.nom.spef line 3316697, net ANTENNA_i_soc.i_ai_sram.u_sram.gen_bank\[0\].gen_512.u_macro_dout1\[5\] not found.
[STA-1648] /home/blogic2026/run5/repo/asic/run/RUN_hold035_2026-09-09/56-openroad-rcx/nom/asic_top.nom.spef line 3316704, instance ANTENNA_i_soc.i_ai_sram.u_sram.gen_bank\[0\].gen_512.u_macro_dout1\[6\] not found.
[STA-1650] /home/blogic2026/run5/repo/asic/run/RUN_hold035_2026-09-09/56-openroad-rcx/nom/asic_top.nom.spef line 3316710, net ANTENNA_i_soc.i_ai_sram.u_sram.gen_bank\[0\].gen_512.u_macro_dout1\[6\] not found.
[STA-1650] /home/blogic2026/run5/repo/asic/run/RUN_hold035_2026-09-09/56-openroad-rcx/nom/asic_top.nom.spef line 3316726, net ANTENNA_i_soc.i_ai_sram.u_sram.gen_bank\[0\].gen_512.u_macro_dout1\[6\] not found.
[STA-1648] /home/blogic2026/run5/repo/asic/run/RUN_hold035_2026-09-09/56-openroad-rcx/nom/asic_top.nom.spef line 3316737, instance ANTENNA_i_soc.i_ai_sram.u_sram.gen_bank\[0\].gen_512.u_macro_dout1\[7\] not found.
[STA-1650] /home/blogic2026/run5/repo/asic/run/RUN_hold035_2026-09-09/56-openroad-rcx/nom/asic_top.nom.spef line 3316743, net ANTENNA_i_soc.i_ai_sram.u_sram.gen_bank\[0\].gen_512.u_macro_dout1\[7\] not found.
[STA-1650] /home/blogic2026/run5/repo/asic/run/RUN_hold035_2026-09-09/56-openroad-rcx/nom/asic_top.nom.spef line 3316749, net ANTENNA_i_soc.i_ai_sram.u_sram.gen_bank\[0\].gen_512.u_macro_dout1\[7\] not found.
[STA-1650] /home/blogic2026/run5/repo/asic/run/RUN_hold035_2026-09-09/56-openroad-rcx/nom/asic_top.nom.spef line 3316764, net ANTENNA_i_soc.i_ai_sram.u_sram.gen_bank\[0\].gen_512.u_macro_dout1\[7\] not found.
[STA-1650] /home/blogic2026/run5/repo/asic/run/RUN_hold035_2026-09-09/56-openroad-rcx/nom/asic_top.nom.spef line 3316765, net ANTENNA_i_soc.i_ai_sram.u_sram.gen_bank\[0\].gen_512.u_macro_dout1\[7\] not found.
[STA-1648] /home/blogic2026/run5/repo/asic/run/RUN_hold035_2026-09-09/56-openroad-rcx/nom/asic_top.nom.spef line 3316776, instance ANTENNA_i_soc.i_ai_sram.u_sram.gen_bank\[0\].gen_512.u_macro_dout1\[8\] not found.
[STA-1650] /home/blogic2026/run5/repo/asic/run/RUN_hold035_2026-09-09/56-openroad-rcx/nom/asic_top.nom.spef line 3316782, net ANTENNA_i_soc.i_ai_sram.u_sram.gen_bank\[0\].gen_512.u_macro_dout1\[8\] not found.
[STA-1650] /home/blogic2026/run5/repo/asic/run/RUN_hold035_2026-09-09/56-openroad-rcx/nom/asic_top.nom.spef line 3316788, net ANTENNA_i_soc.i_ai_sram.u_sram.gen_bank\[0\].gen_512.u_macro_dout1\[8\] not found.
[STA-1650] /home/blogic2026/run5/repo/asic/run/RUN_hold035_2026-09-09/56-openroad-rcx/nom/asic_top.nom.spef line 3316806, net ANTENNA_i_soc.i_ai_sram.u_sram.gen_bank\[0\].gen_512.u_macro_dout1\[8\] not found.
[STA-1650] /home/blogic2026/run5/repo/asic/run/RUN_hold035_2026-09-09/56-openroad-rcx/nom/asic_top.nom.spef line 3316807, net ANTENNA_i_soc.i_ai_sram.u_sram.gen_bank\[0\].gen_512.u_macro_dout1\[8\] not found.
[STA-1648] /home/blogic2026/run5/repo/asic/run/RUN_hold035_2026-09-09/56-openroad-rcx/nom/asic_top.nom.spef line 3316817, instance ANTENNA_i_soc.i_ai_sram.u_sram.gen_bank\[0\].gen_512.u_macro_dout1\[9\] not found.
[STA-1650] /home/blogic2026/run5/repo/asic/run/RUN_hold035_2026-09-09/56-openroad-rcx/nom/asic_top.nom.spef line 3316823, net ANTENNA_i_soc.i_ai_sram.u_sram.gen_bank\[0\].gen_512.u_macro_dout1\[9\] not found.
[STA-1650] /home/blogic2026/run5/repo/asic/run/RUN_hold035_2026-09-09/56-openroad-rcx/nom/asic_top.nom.spef line 3316834, net ANTENNA_i_soc.i_ai_sram.u_sram.gen_bank\[0\].gen_512.u_macro_dout1\[9\] not found.
[STA-1650] /home/blogic2026/run5/repo/asic/run/RUN_hold035_2026-09-09/56-openroad-rcx/nom/asic_top.nom.spef line 3316840, net ANTENNA_i_soc.i_ai_sram.u_sram.gen_bank\[0\].gen_512.u_macro_dout1\[9\] not found.
[STA-1648] /home/blogic2026/run5/repo/asic/run/RUN_hold035_2026-09-09/56-openroad-rcx/nom/asic_top.nom.spef line 3316846, instance ANTENNA_i_soc.i_ai_sram.u_sram.gen_bank\[0\].gen_512.u_macro_dout1\[10\] not found.
[STA-1650] /home/blogic2026/run5/repo/asic/run/RUN_hold035_2026-09-09/56-openroad-rcx/nom/asic_top.nom.spef line 3316852, net ANTENNA_i_soc.i_ai_sram.u_sram.gen_bank\[0\].gen_512.u_macro_dout1\[10\] not found.
[STA-1650] /home/blogic2026/run5/repo/asic/run/RUN_hold035_2026-09-09/56-openroad-rcx/nom/asic_top.nom.spef line 3316870, net ANTENNA_i_soc.i_ai_sram.u_sram.gen_bank\[0\].gen_512.u_macro_dout1\[10\] not found.
[STA-1648] /home/blogic2026/run5/repo/asic/run/RUN_hold035_2026-09-09/56-openroad-rcx/nom/asic_top.nom.spef line 3316877, instance ANTENNA_i_soc.i_ai_sram.u_sram.gen_bank\[0\].gen_512.u_macro_dout1\[11\] not found.
[STA-1650] /home/blogic2026/run5/repo/asic/run/RUN_hold035_2026-09-09/56-openroad-rcx/nom/asic_top.nom.spef line 3316883, net ANTENNA_i_soc.i_ai_sram.u_sram.gen_bank\[0\].gen_512.u_macro_dout1\[11\] not found.
[STA-1650] /home/blogic2026/run5/repo/asic/run/RUN_hold035_2026-09-09/56-openroad-rcx/nom/asic_top.nom.spef line 3316911, net ANTENNA_i_soc.i_ai_sram.u_sram.gen_bank\[0\].gen_512.u_macro_dout1\[11\] not found.
[STA-1650] /home/blogic2026/run5/repo/asic/run/RUN_hold035_2026-09-09/56-openroad-rcx/nom/asic_top.nom.spef line 3316912, net ANTENNA_i_soc.i_ai_sram.u_sram.gen_bank\[0\].gen_512.u_macro_dout1\[11\] not found.
[STA-1648] /home/blogic2026/run5/repo/asic/run/RUN_hold035_2026-09-09/56-openroad-rcx/nom/asic_top.nom.spef line 3316935, instance ANTENNA_i_soc.i_ai_sram.u_sram.gen_bank\[0\].gen_512.u_macro_dout1\[12\] not found.
[STA-1650] /home/blogic2026/run5/repo/asic/run/RUN_hold035_2026-09-09/56-openroad-rcx/nom/asic_top.nom.spef line 3316941, net ANTENNA_i_soc.i_ai_sram.u_sram.gen_bank\[0\].gen_512.u_macro_dout1\[12\] not found.
[STA-1650] /home/blogic2026/run5/repo/asic/run/RUN_hold035_2026-09-09/56-openroad-rcx/nom/asic_top.nom.spef line 3316966, net ANTENNA_i_soc.i_ai_sram.u_sram.gen_bank\[0\].gen_512.u_macro_dout1\[12\] not found.
[STA-1650] /home/blogic2026/run5/repo/asic/run/RUN_hold035_2026-09-09/56-openroad-rcx/nom/asic_top.nom.spef line 3316967, net ANTENNA_i_soc.i_ai_sram.u_sram.gen_bank\[0\].gen_512.u_macro_dout1\[12\] not found.
[STA-1648] /home/blogic2026/run5/repo/asic/run/RUN_hold035_2026-09-09/56-openroad-rcx/nom/asic_top.nom.spef line 3316978, instance ANTENNA_i_soc.i_ai_sram.u_sram.gen_bank\[0\].gen_512.u_macro_dout1\[13\] not found.
[STA-1650] /home/blogic2026/run5/repo/asic/run/RUN_hold035_2026-09-09/56-openroad-rcx/nom/asic_top.nom.spef line 3316984, net ANTENNA_i_soc.i_ai_sram.u_sram.gen_bank\[0\].gen_512.u_macro_dout1\[13\] not found.
[STA-1650] /home/blogic2026/run5/repo/asic/run/RUN_hold035_2026-09-09/56-openroad-rcx/nom/asic_top.nom.spef line 3316997, net ANTENNA_i_soc.i_ai_sram.u_sram.gen_bank\[0\].gen_512.u_macro_dout1\[13\] not found.
[STA-1648] /home/blogic2026/run5/repo/asic/run/RUN_hold035_2026-09-09/56-openroad-rcx/nom/asic_top.nom.spef line 3317007, instance ANTENNA_i_soc.i_ai_sram.u_sram.gen_bank\[0\].gen_512.u_macro_dout1\[14\] not found.
[STA-1650] /home/blogic2026/run5/repo/asic/run/RUN_hold035_2026-09-09/56-openroad-rcx/nom/asic_top.nom.spef line 3317013, net ANTENNA_i_soc.i_ai_sram.u_sram.gen_bank\[0\].gen_512.u_macro_dout1\[14\] not found.
[STA-1650] /home/blogic2026/run5/repo/asic/run/RUN_hold035_2026-09-09/56-openroad-rcx/nom/asic_top.nom.spef line 3317034, net ANTENNA_i_soc.i_ai_sram.u_sram.gen_bank\[0\].gen_512.u_macro_dout1\[14\] not found.
[STA-1648] /home/blogic2026/run5/repo/asic/run/RUN_hold035_2026-09-09/56-openroad-rcx/nom/asic_top.nom.spef line 3317045, instance ANTENNA_i_soc.i_ai_sram.u_sram.gen_bank\[0\].gen_512.u_macro_dout1\[15\] not found.
[STA-1650] /home/blogic2026/run5/repo/asic/run/RUN_hold035_2026-09-09/56-openroad-rcx/nom/asic_top.nom.spef line 3317051, net ANTENNA_i_soc.i_ai_sram.u_sram.gen_bank\[0\].gen_512.u_macro_dout1\[15\] not found.
[STA-1650] /home/blogic2026/run5/repo/asic/run/RUN_hold035_2026-09-09/56-openroad-rcx/nom/asic_top.nom.spef line 3317073, net ANTENNA_i_soc.i_ai_sram.u_sram.gen_bank\[0\].gen_512.u_macro_dout1\[15\] not found.
[STA-1650] /home/blogic2026/run5/repo/asic/run/RUN_hold035_2026-09-09/56-openroad-rcx/nom/asic_top.nom.spef line 3317074, net ANTENNA_i_soc.i_ai_sram.u_sram.gen_bank\[0\].gen_512.u_macro_dout1\[15\] not found.
[STA-1648] /home/blogic2026/run5/repo/asic/run/RUN_hold035_2026-09-09/56-openroad-rcx/nom/asic_top.nom.spef line 3317084, instance ANTENNA_i_soc.i_ai_sram.u_sram.gen_bank\[0\].gen_512.u_macro_dout1\[16\] not found.
[STA-1650] /home/blogic2026/run5/repo/asic/run/RUN_hold035_2026-09-09/56-openroad-rcx/nom/asic_top.nom.spef line 3317090, net ANTENNA_i_soc.i_ai_sram.u_sram.gen_bank\[0\].gen_512.u_macro_dout1\[16\] not found.
[STA-1650] /home/blogic2026/run5/repo/asic/run/RUN_hold035_2026-09-09/56-openroad-rcx/nom/asic_top.nom.spef line 3317104, net ANTENNA_i_soc.i_ai_sram.u_sram.gen_bank\[0\].gen_512.u_macro_dout1\[16\] not found.
[STA-1648] /home/blogic2026/run5/repo/asic/run/RUN_hold035_2026-09-09/56-openroad-rcx/nom/asic_top.nom.spef line 3317114, instance ANTENNA_i_soc.i_ai_sram.u_sram.gen_bank\[0\].gen_512.u_macro_dout1\[17\] not found.
[STA-1650] /home/blogic2026/run5/repo/asic/run/RUN_hold035_2026-09-09/56-openroad-rcx/nom/asic_top.nom.spef line 3317120, net ANTENNA_i_soc.i_ai_sram.u_sram.gen_bank\[0\].gen_512.u_macro_dout1\[17\] not found.
[STA-1650] /home/blogic2026/run5/repo/asic/run/RUN_hold035_2026-09-09/56-openroad-rcx/nom/asic_top.nom.spef line 3317125, net ANTENNA_i_soc.i_ai_sram.u_sram.gen_bank\[0\].gen_512.u_macro_dout1\[17\] not found.
[STA-1650] /home/blogic2026/run5/repo/asic/run/RUN_hold035_2026-09-09/56-openroad-rcx/nom/asic_top.nom.spef line 3317143, net ANTENNA_i_soc.i_ai_sram.u_sram.gen_bank\[0\].gen_512.u_macro_dout1\[17\] not found.
[STA-1650] /home/blogic2026/run5/repo/asic/run/RUN_hold035_2026-09-09/56-openroad-rcx/nom/asic_top.nom.spef line 3317144, net ANTENNA_i_soc.i_ai_sram.u_sram.gen_bank\[0\].gen_512.u_macro_dout1\[17\] not found.
[STA-1648] /home/blogic2026/run5/repo/asic/run/RUN_hold035_2026-09-09/56-openroad-rcx/nom/asic_top.nom.spef line 3317154, instance ANTENNA_i_soc.i_ai_sram.u_sram.gen_bank\[0\].gen_512.u_macro_dout1\[18\] not found.
[STA-1650] /home/blogic2026/run5/repo/asic/run/RUN_hold035_2026-09-09/56-openroad-rcx/nom/asic_top.nom.spef line 3317160, net ANTENNA_i_soc.i_ai_sram.u_sram.gen_bank\[0\].gen_512.u_macro_dout1\[18\] not found.
[STA-1650] /home/blogic2026/run5/repo/asic/run/RUN_hold035_2026-09-09/56-openroad-rcx/nom/asic_top.nom.spef line 3317186, net ANTENNA_i_soc.i_ai_sram.u_sram.gen_bank\[0\].gen_512.u_macro_dout1\[18\] not found.
[STA-1648] /home/blogic2026/run5/repo/asic/run/RUN_hold035_2026-09-09/56-openroad-rcx/nom/asic_top.nom.spef line 3317195, instance ANTENNA_i_soc.i_ai_sram.u_sram.gen_bank\[0\].gen_512.u_macro_dout1\[19\] not found.
[STA-1650] /home/blogic2026/run5/repo/asic/run/RUN_hold035_2026-09-09/56-openroad-rcx/nom/asic_top.nom.spef line 3317201, net ANTENNA_i_soc.i_ai_sram.u_sram.gen_bank\[0\].gen_512.u_macro_dout1\[19\] not found.
[STA-1650] /home/blogic2026/run5/repo/asic/run/RUN_hold035_2026-09-09/56-openroad-rcx/nom/asic_top.nom.spef line 3317216, net ANTENNA_i_soc.i_ai_sram.u_sram.gen_bank\[0\].gen_512.u_macro_dout1\[19\] not found.
[STA-1648] /home/blogic2026/run5/repo/asic/run/RUN_hold035_2026-09-09/56-openroad-rcx/nom/asic_top.nom.spef line 3317226, instance ANTENNA_i_soc.i_ai_sram.u_sram.gen_bank\[0\].gen_512.u_macro_dout1\[20\] not found.
[STA-1650] /home/blogic2026/run5/repo/asic/run/RUN_hold035_2026-09-09/56-openroad-rcx/nom/asic_top.nom.spef line 3317232, net ANTENNA_i_soc.i_ai_sram.u_sram.gen_bank\[0\].gen_512.u_macro_dout1\[20\] not found.
[STA-1650] /home/blogic2026/run5/repo/asic/run/RUN_hold035_2026-09-09/56-openroad-rcx/nom/asic_top.nom.spef line 3317250, net ANTENNA_i_soc.i_ai_sram.u_sram.gen_bank\[0\].gen_512.u_macro_dout1\[20\] not found.
[STA-1650] /home/blogic2026/run5/repo/asic/run/RUN_hold035_2026-09-09/56-openroad-rcx/nom/asic_top.nom.spef line 3317251, net ANTENNA_i_soc.i_ai_sram.u_sram.gen_bank\[0\].gen_512.u_macro_dout1\[20\] not found.
[STA-1648] /home/blogic2026/run5/repo/asic/run/RUN_hold035_2026-09-09/56-openroad-rcx/nom/asic_top.nom.spef line 3317260, instance ANTENNA_i_soc.i_ai_sram.u_sram.gen_bank\[0\].gen_512.u_macro_dout1\[21\] not found.
[STA-1650] /home/blogic2026/run5/repo/asic/run/RUN_hold035_2026-09-09/56-openroad-rcx/nom/asic_top.nom.spef line 3317266, net ANTENNA_i_soc.i_ai_sram.u_sram.gen_bank\[0\].gen_512.u_macro_dout1\[21\] not found.
[STA-1650] /home/blogic2026/run5/repo/asic/run/RUN_hold035_2026-09-09/56-openroad-rcx/nom/asic_top.nom.spef line 3317286, net ANTENNA_i_soc.i_ai_sram.u_sram.gen_bank\[0\].gen_512.u_macro_dout1\[21\] not found.
[STA-1650] /home/blogic2026/run5/repo/asic/run/RUN_hold035_2026-09-09/56-openroad-rcx/nom/asic_top.nom.spef line 3317287, net ANTENNA_i_soc.i_ai_sram.u_sram.gen_bank\[0\].gen_512.u_macro_dout1\[21\] not found.
[STA-1648] /home/blogic2026/run5/repo/asic/run/RUN_hold035_2026-09-09/56-openroad-rcx/nom/asic_top.nom.spef line 3317308, instance ANTENNA_i_soc.i_ai_sram.u_sram.gen_bank\[0\].gen_512.u_macro_dout1\[22\] not found.
[STA-1650] /home/blogic2026/run5/repo/asic/run/RUN_hold035_2026-09-09/56-openroad-rcx/nom/asic_top.nom.spef line 3317314, net ANTENNA_i_soc.i_ai_sram.u_sram.gen_bank\[0\].gen_512.u_macro_dout1\[22\] not found.
[STA-1650] /home/blogic2026/run5/repo/asic/run/RUN_hold035_2026-09-09/56-openroad-rcx/nom/asic_top.nom.spef line 3317330, net ANTENNA_i_soc.i_ai_sram.u_sram.gen_bank\[0\].gen_512.u_macro_dout1\[22\] not found.
[STA-1648] /home/blogic2026/run5/repo/asic/run/RUN_hold035_2026-09-09/56-openroad-rcx/nom/asic_top.nom.spef line 3317340, instance ANTENNA_i_soc.i_ai_sram.u_sram.gen_bank\[0\].gen_512.u_macro_dout1\[23\] not found.
[STA-1650] /home/blogic2026/run5/repo/asic/run/RUN_hold035_2026-09-09/56-openroad-rcx/nom/asic_top.nom.spef line 3317346, net ANTENNA_i_soc.i_ai_sram.u_sram.gen_bank\[0\].gen_512.u_macro_dout1\[23\] not found.
[STA-1650] /home/blogic2026/run5/repo/asic/run/RUN_hold035_2026-09-09/56-openroad-rcx/nom/asic_top.nom.spef line 3317364, net ANTENNA_i_soc.i_ai_sram.u_sram.gen_bank\[0\].gen_512.u_macro_dout1\[23\] not found.
[STA-1648] /home/blogic2026/run5/repo/asic/run/RUN_hold035_2026-09-09/56-openroad-rcx/nom/asic_top.nom.spef line 3317374, instance ANTENNA_i_soc.i_ai_sram.u_sram.gen_bank\[0\].gen_512.u_macro_dout1\[24\] not found.
[STA-1650] /home/blogic2026/run5/repo/asic/run/RUN_hold035_2026-09-09/56-openroad-rcx/nom/asic_top.nom.spef line 3317380, net ANTENNA_i_soc.i_ai_sram.u_sram.gen_bank\[0\].gen_512.u_macro_dout1\[24\] not found.
[STA-1650] /home/blogic2026/run5/repo/asic/run/RUN_hold035_2026-09-09/56-openroad-rcx/nom/asic_top.nom.spef line 3317400, net ANTENNA_i_soc.i_ai_sram.u_sram.gen_bank\[0\].gen_512.u_macro_dout1\[24\] not found.
[STA-1648] /home/blogic2026/run5/repo/asic/run/RUN_hold035_2026-09-09/56-openroad-rcx/nom/asic_top.nom.spef line 3317410, instance ANTENNA_i_soc.i_ai_sram.u_sram.gen_bank\[0\].gen_512.u_macro_dout1\[25\] not found.
[STA-1650] /home/blogic2026/run5/repo/asic/run/RUN_hold035_2026-09-09/56-openroad-rcx/nom/asic_top.nom.spef line 3317416, net ANTENNA_i_soc.i_ai_sram.u_sram.gen_bank\[0\].gen_512.u_macro_dout1\[25\] not found.
[STA-1650] /home/blogic2026/run5/repo/asic/run/RUN_hold035_2026-09-09/56-openroad-rcx/nom/asic_top.nom.spef line 3317433, net ANTENNA_i_soc.i_ai_sram.u_sram.gen_bank\[0\].gen_512.u_macro_dout1\[25\] not found.
[STA-1648] /home/blogic2026/run5/repo/asic/run/RUN_hold035_2026-09-09/56-openroad-rcx/nom/asic_top.nom.spef line 3317443, instance ANTENNA_i_soc.i_ai_sram.u_sram.gen_bank\[0\].gen_512.u_macro_dout1\[26\] not found.
[STA-1650] /home/blogic2026/run5/repo/asic/run/RUN_hold035_2026-09-09/56-openroad-rcx/nom/asic_top.nom.spef line 3317449, net ANTENNA_i_soc.i_ai_sram.u_sram.gen_bank\[0\].gen_512.u_macro_dout1\[26\] not found.
[STA-1650] /home/blogic2026/run5/repo/asic/run/RUN_hold035_2026-09-09/56-openroad-rcx/nom/asic_top.nom.spef line 3317463, net ANTENNA_i_soc.i_ai_sram.u_sram.gen_bank\[0\].gen_512.u_macro_dout1\[26\] not found.
[STA-1648] /home/blogic2026/run5/repo/asic/run/RUN_hold035_2026-09-09/56-openroad-rcx/nom/asic_top.nom.spef line 3317473, instance ANTENNA_i_soc.i_ai_sram.u_sram.gen_bank\[0\].gen_512.u_macro_dout1\[27\] not found.
[STA-1650] /home/blogic2026/run5/repo/asic/run/RUN_hold035_2026-09-09/56-openroad-rcx/nom/asic_top.nom.spef line 3317479, net ANTENNA_i_soc.i_ai_sram.u_sram.gen_bank\[0\].gen_512.u_macro_dout1\[27\] not found.
[STA-1650] /home/blogic2026/run5/repo/asic/run/RUN_hold035_2026-09-09/56-openroad-rcx/nom/asic_top.nom.spef line 3317498, net ANTENNA_i_soc.i_ai_sram.u_sram.gen_bank\[0\].gen_512.u_macro_dout1\[27\] not found.
[STA-1648] /home/blogic2026/run5/repo/asic/run/RUN_hold035_2026-09-09/56-openroad-rcx/nom/asic_top.nom.spef line 3317508, instance ANTENNA_i_soc.i_ai_sram.u_sram.gen_bank\[0\].gen_512.u_macro_dout1\[28\] not found.
[STA-1650] /home/blogic2026/run5/repo/asic/run/RUN_hold035_2026-09-09/56-openroad-rcx/nom/asic_top.nom.spef line 3317514, net ANTENNA_i_soc.i_ai_sram.u_sram.gen_bank\[0\].gen_512.u_macro_dout1\[28\] not found.
[STA-1650] /home/blogic2026/run5/repo/asic/run/RUN_hold035_2026-09-09/56-openroad-rcx/nom/asic_top.nom.spef line 3317537, net ANTENNA_i_soc.i_ai_sram.u_sram.gen_bank\[0\].gen_512.u_macro_dout1\[28\] not found.
[STA-1648] /home/blogic2026/run5/repo/asic/run/RUN_hold035_2026-09-09/56-openroad-rcx/nom/asic_top.nom.spef line 3317547, instance ANTENNA_i_soc.i_ai_sram.u_sram.gen_bank\[0\].gen_512.u_macro_dout1\[29\] not found.
[STA-1650] /home/blogic2026/run5/repo/asic/run/RUN_hold035_2026-09-09/56-openroad-rcx/nom/asic_top.nom.spef line 3317553, net ANTENNA_i_soc.i_ai_sram.u_sram.gen_bank\[0\].gen_512.u_macro_dout1\[29\] not found.
[STA-1650] /home/blogic2026/run5/repo/asic/run/RUN_hold035_2026-09-09/56-openroad-rcx/nom/asic_top.nom.spef line 3317574, net ANTENNA_i_soc.i_ai_sram.u_sram.gen_bank\[0\].gen_512.u_macro_dout1\[29\] not found.
[STA-1648] /home/blogic2026/run5/repo/asic/run/RUN_hold035_2026-09-09/56-openroad-rcx/nom/asic_top.nom.spef line 3317584, instance ANTENNA_i_soc.i_ai_sram.u_sram.gen_bank\[0\].gen_512.u_macro_dout1\[30\] not found.
[STA-1650] /home/blogic2026/run5/repo/asic/run/RUN_hold035_2026-09-09/56-openroad-rcx/nom/asic_top.nom.spef line 3317590, net ANTENNA_i_soc.i_ai_sram.u_sram.gen_bank\[0\].gen_512.u_macro_dout1\[30\] not found.
[STA-1650] /home/blogic2026/run5/repo/asic/run/RUN_hold035_2026-09-09/56-openroad-rcx/nom/asic_top.nom.spef line 3317604, net ANTENNA_i_soc.i_ai_sram.u_sram.gen_bank\[0\].gen_512.u_macro_dout1\[30\] not found.
[STA-1648] /home/blogic2026/run5/repo/asic/run/RUN_hold035_2026-09-09/56-openroad-rcx/nom/asic_top.nom.spef line 3317614, instance ANTENNA_i_soc.i_ai_sram.u_sram.gen_bank\[0\].gen_512.u_macro_dout1\[31\] not found.
[STA-1650] /home/blogic2026/run5/repo/asic/run/RUN_hold035_2026-09-09/56-openroad-rcx/nom/asic_top.nom.spef line 3317620, net ANTENNA_i_soc.i_ai_sram.u_sram.gen_bank\[0\].gen_512.u_macro_dout1\[31\] not found.
[STA-1650] /home/blogic2026/run5/repo/asic/run/RUN_hold035_2026-09-09/56-openroad-rcx/nom/asic_top.nom.spef line 3317639, net ANTENNA_i_soc.i_ai_sram.u_sram.gen_bank\[0\].gen_512.u_macro_dout1\[31\] not found.
[STA-1648] /home/blogic2026/run5/repo/asic/run/RUN_hold035_2026-09-09/56-openroad-rcx/nom/asic_top.nom.spef line 3318603, instance ANTENNA_i_soc.i_ai_sram.u_sram.gen_bank\[11\].gen_512.u_macro_dout1\[3\] not found.
[STA-1650] /home/blogic2026/run5/repo/asic/run/RUN_hold035_2026-09-09/56-openroad-rcx/nom/asic_top.nom.spef line 3318609, net ANTENNA_i_soc.i_ai_sram.u_sram.gen_bank\[11\].gen_512.u_macro_dout1\[3\] not found.
[STA-1650] /home/blogic2026/run5/repo/asic/run/RUN_hold035_2026-09-09/56-openroad-rcx/nom/asic_top.nom.spef line 3318615, net ANTENNA_i_soc.i_ai_sram.u_sram.gen_bank\[11\].gen_512.u_macro_dout1\[3\] not found.
[STA-1650] /home/blogic2026/run5/repo/asic/run/RUN_hold035_2026-09-09/56-openroad-rcx/nom/asic_top.nom.spef line 3318647, net ANTENNA_i_soc.i_ai_sram.u_sram.gen_bank\[11\].gen_512.u_macro_dout1\[3\] not found.
[STA-1650] /home/blogic2026/run5/repo/asic/run/RUN_hold035_2026-09-09/56-openroad-rcx/nom/asic_top.nom.spef line 3318689, net ANTENNA_i_soc.i_ai_sram.u_sram.gen_bank\[1\].gen_512.u_macro_addr1\[8\] not found.
[STA-1650] /home/blogic2026/run5/repo/asic/run/RUN_hold035_2026-09-09/56-openroad-rcx/nom/asic_top.nom.spef line 3318690, net ANTENNA_i_soc.i_ai_sram.u_sram.gen_bank\[1\].gen_512.u_macro_din0\[20\] not found.
[STA-1650] /home/blogic2026/run5/repo/asic/run/RUN_hold035_2026-09-09/56-openroad-rcx/nom/asic_top.nom.spef line 3318863, net ANTENNA_i_soc.i_ai_sram.u_sram.gen_bank\[10\].gen_512.u_macro_din0\[6\] not found.
[STA-1650] /home/blogic2026/run5/repo/asic/run/RUN_hold035_2026-09-09/56-openroad-rcx/nom/asic_top.nom.spef line 3319300, net ANTENNA_i_soc.i_ai_sram.u_sram.gen_bank\[2\].gen_512.u_macro_din0\[2\] not found.
[STA-1650] /home/blogic2026/run5/repo/asic/run/RUN_hold035_2026-09-09/56-openroad-rcx/nom/asic_top.nom.spef line 4509503, net ANTENNA_i_soc.i_instr_sram.u_sram.gen_bank\[1\].gen_512.u_macro_din0\[31\] not found.
[STA-1650] /home/blogic2026/run5/repo/asic/run/RUN_hold035_2026-09-09/56-openroad-rcx/nom/asic_top.nom.spef line 4511028, net ANTENNA_i_soc.i_instr_sram.u_sram.gen_bank\[1\].gen_512.u_macro_din0\[9\] not found.
[STA-1648] /home/blogic2026/run5/repo/asic/run/RUN_hold035_2026-09-09/56-openroad-rcx/nom/asic_top.nom.spef line 4515548, instance ANTENNA_i_soc.i_instr_sram.u_sram.gen_bank\[3\].gen_512.u_macro_din0\[0\] not found.
[STA-1648] /home/blogic2026/run5/repo/asic/run/RUN_hold035_2026-09-09/56-openroad-rcx/nom/asic_top.nom.spef line 4515551, instance ANTENNA_i_soc.i_instr_sram.u_sram.gen_bank\[2\].gen_512.u_macro_din0\[0\] not found.
[STA-1648] /home/blogic2026/run5/repo/asic/run/RUN_hold035_2026-09-09/56-openroad-rcx/nom/asic_top.nom.spef line 4515552, instance ANTENNA_i_soc.i_instr_sram.u_sram.gen_bank\[0\].gen_512.u_macro_din0\[0\] not found.
[STA-1648] /home/blogic2026/run5/repo/asic/run/RUN_hold035_2026-09-09/56-openroad-rcx/nom/asic_top.nom.spef line 4515554, instance ANTENNA_i_soc.i_instr_sram.u_sram.gen_bank\[1\].gen_512.u_macro_din0\[0\] not found.
[STA-1650] /home/blogic2026/run5/repo/asic/run/RUN_hold035_2026-09-09/56-openroad-rcx/nom/asic_top.nom.spef line 4515560, net ANTENNA_i_soc.i_instr_sram.u_sram.gen_bank\[3\].gen_512.u_macro_din0\[0\] not found.
[STA-1650] /home/blogic2026/run5/repo/asic/run/RUN_hold035_2026-09-09/56-openroad-rcx/nom/asic_top.nom.spef line 4515563, net ANTENNA_i_soc.i_instr_sram.u_sram.gen_bank\[2\].gen_512.u_macro_din0\[0\] not found.
[STA-1650] /home/blogic2026/run5/repo/asic/run/RUN_hold035_2026-09-09/56-openroad-rcx/nom/asic_top.nom.spef line 4515564, net ANTENNA_i_soc.i_instr_sram.u_sram.gen_bank\[0\].gen_512.u_macro_din0\[0\] not found.
[STA-1650] /home/blogic2026/run5/repo/asic/run/RUN_hold035_2026-09-09/56-openroad-rcx/nom/asic_top.nom.spef line 4515566, net ANTENNA_i_soc.i_instr_sram.u_sram.gen_bank\[1\].gen_512.u_macro_din0\[0\] not found.
[STA-1650] /home/blogic2026/run5/repo/asic/run/RUN_hold035_2026-09-09/56-openroad-rcx/nom/asic_top.nom.spef line 4515591, net ANTENNA_i_soc.i_instr_sram.u_sram.gen_bank\[2\].gen_512.u_macro_din0\[0\] not found.
[STA-1650] /home/blogic2026/run5/repo/asic/run/RUN_hold035_2026-09-09/56-openroad-rcx/nom/asic_top.nom.spef line 4515592, net ANTENNA_i_soc.i_instr_sram.u_sram.gen_bank\[2\].gen_512.u_macro_din0\[0\] not found.
[STA-1650] /home/blogic2026/run5/repo/asic/run/RUN_hold035_2026-09-09/56-openroad-rcx/nom/asic_top.nom.spef line 4515665, net ANTENNA_i_soc.i_instr_sram.u_sram.gen_bank\[1\].gen_512.u_macro_din0\[0\] not found.
[STA-1650] /home/blogic2026/run5/repo/asic/run/RUN_hold035_2026-09-09/56-openroad-rcx/nom/asic_top.nom.spef line 4515667, net ANTENNA_i_soc.i_instr_sram.u_sram.gen_bank\[1\].gen_512.u_macro_din0\[0\] not found.
[STA-1650] /home/blogic2026/run5/repo/asic/run/RUN_hold035_2026-09-09/56-openroad-rcx/nom/asic_top.nom.spef line 4515673, net ANTENNA_i_soc.i_instr_sram.u_sram.gen_bank\[0\].gen_512.u_macro_din0\[0\] not found.
[STA-1650] /home/blogic2026/run5/repo/asic/run/RUN_hold035_2026-09-09/56-openroad-rcx/nom/asic_top.nom.spef line 4515682, net ANTENNA_i_soc.i_instr_sram.u_sram.gen_bank\[2\].gen_512.u_macro_din0\[0\] not found.
[STA-1650] /home/blogic2026/run5/repo/asic/run/RUN_hold035_2026-09-09/56-openroad-rcx/nom/asic_top.nom.spef line 4515690, net ANTENNA_i_soc.i_instr_sram.u_sram.gen_bank\[3\].gen_512.u_macro_din0\[0\] not found.
[STA-1648] /home/blogic2026/run5/repo/asic/run/RUN_hold035_2026-09-09/56-openroad-rcx/nom/asic_top.nom.spef line 4515696, instance ANTENNA_i_soc.i_instr_sram.u_sram.gen_bank\[3\].gen_512.u_macro_din0\[10\] not found.
[STA-1648] /home/blogic2026/run5/repo/asic/run/RUN_hold035_2026-09-09/56-openroad-rcx/nom/asic_top.nom.spef line 4515698, instance ANTENNA_i_soc.i_instr_sram.u_sram.gen_bank\[0\].gen_512.u_macro_din0\[10\] not found.
[STA-1648] /home/blogic2026/run5/repo/asic/run/RUN_hold035_2026-09-09/56-openroad-rcx/nom/asic_top.nom.spef line 4515700, instance ANTENNA_i_soc.i_instr_sram.u_sram.gen_bank\[2\].gen_512.u_macro_din0\[10\] not found.
[STA-1648] /home/blogic2026/run5/repo/asic/run/RUN_hold035_2026-09-09/56-openroad-rcx/nom/asic_top.nom.spef line 4515702, instance ANTENNA_i_soc.i_instr_sram.u_sram.gen_bank\[1\].gen_512.u_macro_din0\[10\] not found.
[STA-1650] /home/blogic2026/run5/repo/asic/run/RUN_hold035_2026-09-09/56-openroad-rcx/nom/asic_top.nom.spef line 4515708, net ANTENNA_i_soc.i_instr_sram.u_sram.gen_bank\[3\].gen_512.u_macro_din0\[10\] not found.
[STA-1650] /home/blogic2026/run5/repo/asic/run/RUN_hold035_2026-09-09/56-openroad-rcx/nom/asic_top.nom.spef line 4515710, net ANTENNA_i_soc.i_instr_sram.u_sram.gen_bank\[0\].gen_512.u_macro_din0\[10\] not found.
[STA-1650] /home/blogic2026/run5/repo/asic/run/RUN_hold035_2026-09-09/56-openroad-rcx/nom/asic_top.nom.spef line 4515712, net ANTENNA_i_soc.i_instr_sram.u_sram.gen_bank\[2\].gen_512.u_macro_din0\[10\] not found.
[STA-1650] /home/blogic2026/run5/repo/asic/run/RUN_hold035_2026-09-09/56-openroad-rcx/nom/asic_top.nom.spef line 4515714, net ANTENNA_i_soc.i_instr_sram.u_sram.gen_bank\[1\].gen_512.u_macro_din0\[10\] not found.
[STA-1650] /home/blogic2026/run5/repo/asic/run/RUN_hold035_2026-09-09/56-openroad-rcx/nom/asic_top.nom.spef line 4515805, net ANTENNA_i_soc.i_instr_sram.u_sram.gen_bank\[1\].gen_512.u_macro_din0\[10\] not found.
[STA-1650] /home/blogic2026/run5/repo/asic/run/RUN_hold035_2026-09-09/56-openroad-rcx/nom/asic_top.nom.spef line 4515807, net ANTENNA_i_soc.i_instr_sram.u_sram.gen_bank\[1\].gen_512.u_macro_din0\[10\] not found.
[STA-1650] /home/blogic2026/run5/repo/asic/run/RUN_hold035_2026-09-09/56-openroad-rcx/nom/asic_top.nom.spef line 4515817, net ANTENNA_i_soc.i_instr_sram.u_sram.gen_bank\[2\].gen_512.u_macro_din0\[10\] not found.
[STA-1650] /home/blogic2026/run5/repo/asic/run/RUN_hold035_2026-09-09/56-openroad-rcx/nom/asic_top.nom.spef line 4515820, net ANTENNA_i_soc.i_instr_sram.u_sram.gen_bank\[0\].gen_512.u_macro_din0\[10\] not found.
[STA-1650] /home/blogic2026/run5/repo/asic/run/RUN_hold035_2026-09-09/56-openroad-rcx/nom/asic_top.nom.spef line 4515827, net ANTENNA_i_soc.i_instr_sram.u_sram.gen_bank\[3\].gen_512.u_macro_din0\[10\] not found.
[STA-1648] /home/blogic2026/run5/repo/asic/run/RUN_hold035_2026-09-09/56-openroad-rcx/nom/asic_top.nom.spef line 4515833, instance ANTENNA_i_soc.i_instr_sram.u_sram.gen_bank\[1\].gen_512.u_macro_din0\[11\] not found.
[STA-1648] /home/blogic2026/run5/repo/asic/run/RUN_hold035_2026-09-09/56-openroad-rcx/nom/asic_top.nom.spef line 4515835, instance ANTENNA_i_soc.i_instr_sram.u_sram.gen_bank\[3\].gen_512.u_macro_din0\[11\] not found.
[STA-1648] /home/blogic2026/run5/repo/asic/run/RUN_hold035_2026-09-09/56-openroad-rcx/nom/asic_top.nom.spef line 4515838, instance ANTENNA_i_soc.i_instr_sram.u_sram.gen_bank\[0\].gen_512.u_macro_din0\[11\] not found.
[STA-1648] /home/blogic2026/run5/repo/asic/run/RUN_hold035_2026-09-09/56-openroad-rcx/nom/asic_top.nom.spef line 4515839, instance ANTENNA_i_soc.i_instr_sram.u_sram.gen_bank\[2\].gen_512.u_macro_din0\[11\] not found.
[STA-1650] /home/blogic2026/run5/repo/asic/run/RUN_hold035_2026-09-09/56-openroad-rcx/nom/asic_top.nom.spef line 4515845, net ANTENNA_i_soc.i_instr_sram.u_sram.gen_bank\[1\].gen_512.u_macro_din0\[11\] not found.
[STA-1650] /home/blogic2026/run5/repo/asic/run/RUN_hold035_2026-09-09/56-openroad-rcx/nom/asic_top.nom.spef line 4515847, net ANTENNA_i_soc.i_instr_sram.u_sram.gen_bank\[3\].gen_512.u_macro_din0\[11\] not found.
[STA-1650] /home/blogic2026/run5/repo/asic/run/RUN_hold035_2026-09-09/56-openroad-rcx/nom/asic_top.nom.spef line 4515850, net ANTENNA_i_soc.i_instr_sram.u_sram.gen_bank\[0\].gen_512.u_macro_din0\[11\] not found.
[STA-1650] /home/blogic2026/run5/repo/asic/run/RUN_hold035_2026-09-09/56-openroad-rcx/nom/asic_top.nom.spef line 4515851, net ANTENNA_i_soc.i_instr_sram.u_sram.gen_bank\[2\].gen_512.u_macro_din0\[11\] not found.
[STA-1650] /home/blogic2026/run5/repo/asic/run/RUN_hold035_2026-09-09/56-openroad-rcx/nom/asic_top.nom.spef line 4515871, net ANTENNA_i_soc.i_instr_sram.u_sram.gen_bank\[0\].gen_512.u_macro_din0\[11\] not found.
[STA-1650] /home/blogic2026/run5/repo/asic/run/RUN_hold035_2026-09-09/56-openroad-rcx/nom/asic_top.nom.spef line 4515872, net ANTENNA_i_soc.i_instr_sram.u_sram.gen_bank\[3\].gen_512.u_macro_din0\[11\] not found.
[STA-1650] /home/blogic2026/run5/repo/asic/run/RUN_hold035_2026-09-09/56-openroad-rcx/nom/asic_top.nom.spef line 4515873, net ANTENNA_i_soc.i_instr_sram.u_sram.gen_bank\[3\].gen_512.u_macro_din0\[11\] not found.
[STA-1650] /home/blogic2026/run5/repo/asic/run/RUN_hold035_2026-09-09/56-openroad-rcx/nom/asic_top.nom.spef line 4515874, net ANTENNA_i_soc.i_instr_sram.u_sram.gen_bank\[3\].gen_512.u_macro_din0\[11\] not found.
[STA-1650] /home/blogic2026/run5/repo/asic/run/RUN_hold035_2026-09-09/56-openroad-rcx/nom/asic_top.nom.spef line 4515875, net ANTENNA_i_soc.i_instr_sram.u_sram.gen_bank\[3\].gen_512.u_macro_din0\[11\] not found.
[STA-1650] /home/blogic2026/run5/repo/asic/run/RUN_hold035_2026-09-09/56-openroad-rcx/nom/asic_top.nom.spef line 4515876, net ANTENNA_i_soc.i_instr_sram.u_sram.gen_bank\[3\].gen_512.u_macro_din0\[11\] not found.
[STA-1650] /home/blogic2026/run5/repo/asic/run/RUN_hold035_2026-09-09/56-openroad-rcx/nom/asic_top.nom.spef line 4515955, net ANTENNA_i_soc.i_instr_sram.u_sram.gen_bank\[2\].gen_512.u_macro_din0\[11\] not found.
[STA-1650] /home/blogic2026/run5/repo/asic/run/RUN_hold035_2026-09-09/56-openroad-rcx/nom/asic_top.nom.spef line 4515957, net ANTENNA_i_soc.i_instr_sram.u_sram.gen_bank\[0\].gen_512.u_macro_din0\[11\] not found.
[STA-1650] /home/blogic2026/run5/repo/asic/run/RUN_hold035_2026-09-09/56-openroad-rcx/nom/asic_top.nom.spef line 4515964, net ANTENNA_i_soc.i_instr_sram.u_sram.gen_bank\[3\].gen_512.u_macro_din0\[11\] not found.
[STA-1650] /home/blogic2026/run5/repo/asic/run/RUN_hold035_2026-09-09/56-openroad-rcx/nom/asic_top.nom.spef line 4515966, net ANTENNA_i_soc.i_instr_sram.u_sram.gen_bank\[1\].gen_512.u_macro_din0\[11\] not found.
[STA-1648] /home/blogic2026/run5/repo/asic/run/RUN_hold035_2026-09-09/56-openroad-rcx/nom/asic_top.nom.spef line 4515974, instance ANTENNA_i_soc.i_instr_sram.u_sram.gen_bank\[3\].gen_512.u_macro_din0\[12\] not found.
[STA-1648] /home/blogic2026/run5/repo/asic/run/RUN_hold035_2026-09-09/56-openroad-rcx/nom/asic_top.nom.spef line 4515976, instance ANTENNA_i_soc.i_instr_sram.u_sram.gen_bank\[0\].gen_512.u_macro_din0\[12\] not found.
[STA-1648] /home/blogic2026/run5/repo/asic/run/RUN_hold035_2026-09-09/56-openroad-rcx/nom/asic_top.nom.spef line 4515978, instance ANTENNA_i_soc.i_instr_sram.u_sram.gen_bank\[2\].gen_512.u_macro_din0\[12\] not found.
[STA-1648] /home/blogic2026/run5/repo/asic/run/RUN_hold035_2026-09-09/56-openroad-rcx/nom/asic_top.nom.spef line 4515979, instance ANTENNA_i_soc.i_instr_sram.u_sram.gen_bank\[1\].gen_512.u_macro_din0\[12\] not found.
[STA-1650] /home/blogic2026/run5/repo/asic/run/RUN_hold035_2026-09-09/56-openroad-rcx/nom/asic_top.nom.spef line 4515986, net ANTENNA_i_soc.i_instr_sram.u_sram.gen_bank\[3\].gen_512.u_macro_din0\[12\] not found.
[STA-1650] /home/blogic2026/run5/repo/asic/run/RUN_hold035_2026-09-09/56-openroad-rcx/nom/asic_top.nom.spef line 4515988, net ANTENNA_i_soc.i_instr_sram.u_sram.gen_bank\[0\].gen_512.u_macro_din0\[12\] not found.
[STA-1650] /home/blogic2026/run5/repo/asic/run/RUN_hold035_2026-09-09/56-openroad-rcx/nom/asic_top.nom.spef line 4515990, net ANTENNA_i_soc.i_instr_sram.u_sram.gen_bank\[2\].gen_512.u_macro_din0\[12\] not found.
[STA-1650] /home/blogic2026/run5/repo/asic/run/RUN_hold035_2026-09-09/56-openroad-rcx/nom/asic_top.nom.spef line 4515991, net ANTENNA_i_soc.i_instr_sram.u_sram.gen_bank\[1\].gen_512.u_macro_din0\[12\] not found.
[STA-1650] /home/blogic2026/run5/repo/asic/run/RUN_hold035_2026-09-09/56-openroad-rcx/nom/asic_top.nom.spef line 4516012, net ANTENNA_i_soc.i_instr_sram.u_sram.gen_bank\[1\].gen_512.u_macro_din0\[13\] not found.
[STA-1650] /home/blogic2026/run5/repo/asic/run/RUN_hold035_2026-09-09/56-openroad-rcx/nom/asic_top.nom.spef line 4516014, net ANTENNA_i_soc.i_instr_sram.u_sram.gen_bank\[0\].gen_512.u_macro_din0\[12\] not found.
[STA-1650] /home/blogic2026/run5/repo/asic/run/RUN_hold035_2026-09-09/56-openroad-rcx/nom/asic_top.nom.spef line 4516015, net ANTENNA_i_soc.i_instr_sram.u_sram.gen_bank\[1\].gen_512.u_macro_din0\[12\] not found.
[STA-1650] /home/blogic2026/run5/repo/asic/run/RUN_hold035_2026-09-09/56-openroad-rcx/nom/asic_top.nom.spef line 4516016, net ANTENNA_i_soc.i_instr_sram.u_sram.gen_bank\[2\].gen_512.u_macro_din0\[12\] not found.
[STA-1650] /home/blogic2026/run5/repo/asic/run/RUN_hold035_2026-09-09/56-openroad-rcx/nom/asic_top.nom.spef line 4516026, net ANTENNA_i_soc.i_instr_sram.u_sram.gen_bank\[1\].gen_512.u_macro_din0\[13\] not found.
[STA-1650] /home/blogic2026/run5/repo/asic/run/RUN_hold035_2026-09-09/56-openroad-rcx/nom/asic_top.nom.spef line 4516061, net ANTENNA_i_soc.i_instr_sram.u_sram.gen_bank\[1\].gen_512.u_macro_din0\[12\] not found.
[STA-1650] /home/blogic2026/run5/repo/asic/run/RUN_hold035_2026-09-09/56-openroad-rcx/nom/asic_top.nom.spef line 4516076, net ANTENNA_i_soc.i_instr_sram.u_sram.gen_bank\[1\].gen_512.u_macro_din0\[12\] not found.
[STA-1650] /home/blogic2026/run5/repo/asic/run/RUN_hold035_2026-09-09/56-openroad-rcx/nom/asic_top.nom.spef line 4516089, net ANTENNA_i_soc.i_instr_sram.u_sram.gen_bank\[2\].gen_512.u_macro_din0\[12\] not found.
[STA-1650] /home/blogic2026/run5/repo/asic/run/RUN_hold035_2026-09-09/56-openroad-rcx/nom/asic_top.nom.spef line 4516091, net ANTENNA_i_soc.i_instr_sram.u_sram.gen_bank\[0\].gen_512.u_macro_din0\[12\] not found.
[STA-1650] /home/blogic2026/run5/repo/asic/run/RUN_hold035_2026-09-09/56-openroad-rcx/nom/asic_top.nom.spef line 4516098, net ANTENNA_i_soc.i_instr_sram.u_sram.gen_bank\[3\].gen_512.u_macro_din0\[12\] not found.
[STA-1648] /home/blogic2026/run5/repo/asic/run/RUN_hold035_2026-09-09/56-openroad-rcx/nom/asic_top.nom.spef line 4516106, instance ANTENNA_i_soc.i_instr_sram.u_sram.gen_bank\[3\].gen_512.u_macro_din0\[13\] not found.
[STA-1648] /home/blogic2026/run5/repo/asic/run/RUN_hold035_2026-09-09/56-openroad-rcx/nom/asic_top.nom.spef line 4516108, instance ANTENNA_i_soc.i_instr_sram.u_sram.gen_bank\[0\].gen_512.u_macro_din0\[13\] not found.
[STA-1648] /home/blogic2026/run5/repo/asic/run/RUN_hold035_2026-09-09/56-openroad-rcx/nom/asic_top.nom.spef line 4516110, instance ANTENNA_i_soc.i_instr_sram.u_sram.gen_bank\[2\].gen_512.u_macro_din0\[13\] not found.
[STA-1648] /home/blogic2026/run5/repo/asic/run/RUN_hold035_2026-09-09/56-openroad-rcx/nom/asic_top.nom.spef line 4516113, instance ANTENNA_i_soc.i_instr_sram.u_sram.gen_bank\[1\].gen_512.u_macro_din0\[13\] not found.
[STA-1650] /home/blogic2026/run5/repo/asic/run/RUN_hold035_2026-09-09/56-openroad-rcx/nom/asic_top.nom.spef line 4516118, net ANTENNA_i_soc.i_instr_sram.u_sram.gen_bank\[3\].gen_512.u_macro_din0\[13\] not found.
[STA-1650] /home/blogic2026/run5/repo/asic/run/RUN_hold035_2026-09-09/56-openroad-rcx/nom/asic_top.nom.spef line 4516120, net ANTENNA_i_soc.i_instr_sram.u_sram.gen_bank\[0\].gen_512.u_macro_din0\[13\] not found.
[STA-1650] /home/blogic2026/run5/repo/asic/run/RUN_hold035_2026-09-09/56-openroad-rcx/nom/asic_top.nom.spef line 4516122, net ANTENNA_i_soc.i_instr_sram.u_sram.gen_bank\[2\].gen_512.u_macro_din0\[13\] not found.
[STA-1650] /home/blogic2026/run5/repo/asic/run/RUN_hold035_2026-09-09/56-openroad-rcx/nom/asic_top.nom.spef line 4516125, net ANTENNA_i_soc.i_instr_sram.u_sram.gen_bank\[1\].gen_512.u_macro_din0\[13\] not found.
[STA-1650] /home/blogic2026/run5/repo/asic/run/RUN_hold035_2026-09-09/56-openroad-rcx/nom/asic_top.nom.spef line 4516149, net ANTENNA_i_soc.i_instr_sram.u_sram.gen_bank\[1\].gen_512.u_macro_din0\[13\] not found.
[STA-1650] /home/blogic2026/run5/repo/asic/run/RUN_hold035_2026-09-09/56-openroad-rcx/nom/asic_top.nom.spef line 4516185, net ANTENNA_i_soc.i_instr_sram.u_sram.gen_bank\[0\].gen_512.u_macro_din0\[8\] not found.
[STA-1650] /home/blogic2026/run5/repo/asic/run/RUN_hold035_2026-09-09/56-openroad-rcx/nom/asic_top.nom.spef line 4516195, net ANTENNA_i_soc.i_instr_sram.u_sram.gen_bank\[1\].gen_512.u_macro_din0\[13\] not found.
[STA-1650] /home/blogic2026/run5/repo/asic/run/RUN_hold035_2026-09-09/56-openroad-rcx/nom/asic_top.nom.spef line 4516197, net ANTENNA_i_soc.i_instr_sram.u_sram.gen_bank\[1\].gen_512.u_macro_din0\[12\] not found.
[STA-1650] /home/blogic2026/run5/repo/asic/run/RUN_hold035_2026-09-09/56-openroad-rcx/nom/asic_top.nom.spef line 4516217, net ANTENNA_i_soc.i_instr_sram.u_sram.gen_bank\[1\].gen_512.u_macro_din0\[13\] not found.
[STA-1650] /home/blogic2026/run5/repo/asic/run/RUN_hold035_2026-09-09/56-openroad-rcx/nom/asic_top.nom.spef line 4516224, net ANTENNA_i_soc.i_instr_sram.u_sram.gen_bank\[1\].gen_512.u_macro_din0\[13\] not found.
[STA-1650] /home/blogic2026/run5/repo/asic/run/RUN_hold035_2026-09-09/56-openroad-rcx/nom/asic_top.nom.spef line 4516227, net ANTENNA_i_soc.i_instr_sram.u_sram.gen_bank\[1\].gen_512.u_macro_din0\[13\] not found.
[STA-1650] /home/blogic2026/run5/repo/asic/run/RUN_hold035_2026-09-09/56-openroad-rcx/nom/asic_top.nom.spef line 4516238, net ANTENNA_i_soc.i_instr_sram.u_sram.gen_bank\[2\].gen_512.u_macro_din0\[13\] not found.
[STA-1650] /home/blogic2026/run5/repo/asic/run/RUN_hold035_2026-09-09/56-openroad-rcx/nom/asic_top.nom.spef line 4516241, net ANTENNA_i_soc.i_instr_sram.u_sram.gen_bank\[0\].gen_512.u_macro_din0\[13\] not found.
[STA-1650] /home/blogic2026/run5/repo/asic/run/RUN_hold035_2026-09-09/56-openroad-rcx/nom/asic_top.nom.spef line 4516248, net ANTENNA_i_soc.i_instr_sram.u_sram.gen_bank\[3\].gen_512.u_macro_din0\[13\] not found.
[STA-1648] /home/blogic2026/run5/repo/asic/run/RUN_hold035_2026-09-09/56-openroad-rcx/nom/asic_top.nom.spef line 4516255, instance ANTENNA_i_soc.i_instr_sram.u_sram.gen_bank\[3\].gen_512.u_macro_din0\[14\] not found.
[STA-1648] /home/blogic2026/run5/repo/asic/run/RUN_hold035_2026-09-09/56-openroad-rcx/nom/asic_top.nom.spef line 4516257, instance ANTENNA_i_soc.i_instr_sram.u_sram.gen_bank\[0\].gen_512.u_macro_din0\[14\] not found.
[STA-1648] /home/blogic2026/run5/repo/asic/run/RUN_hold035_2026-09-09/56-openroad-rcx/nom/asic_top.nom.spef line 4516259, instance ANTENNA_i_soc.i_instr_sram.u_sram.gen_bank\[2\].gen_512.u_macro_din0\[14\] not found.
[STA-1648] /home/blogic2026/run5/repo/asic/run/RUN_hold035_2026-09-09/56-openroad-rcx/nom/asic_top.nom.spef line 4516261, instance ANTENNA_i_soc.i_instr_sram.u_sram.gen_bank\[1\].gen_512.u_macro_din0\[14\] not found.
[STA-1650] /home/blogic2026/run5/repo/asic/run/RUN_hold035_2026-09-09/56-openroad-rcx/nom/asic_top.nom.spef line 4516267, net ANTENNA_i_soc.i_instr_sram.u_sram.gen_bank\[3\].gen_512.u_macro_din0\[14\] not found.
[STA-1650] /home/blogic2026/run5/repo/asic/run/RUN_hold035_2026-09-09/56-openroad-rcx/nom/asic_top.nom.spef line 4516269, net ANTENNA_i_soc.i_instr_sram.u_sram.gen_bank\[0\].gen_512.u_macro_din0\[14\] not found.
[STA-1650] /home/blogic2026/run5/repo/asic/run/RUN_hold035_2026-09-09/56-openroad-rcx/nom/asic_top.nom.spef line 4516271, net ANTENNA_i_soc.i_instr_sram.u_sram.gen_bank\[2\].gen_512.u_macro_din0\[14\] not found.
[STA-1650] /home/blogic2026/run5/repo/asic/run/RUN_hold035_2026-09-09/56-openroad-rcx/nom/asic_top.nom.spef line 4516273, net ANTENNA_i_soc.i_instr_sram.u_sram.gen_bank\[1\].gen_512.u_macro_din0\[14\] not found.
[STA-1650] /home/blogic2026/run5/repo/asic/run/RUN_hold035_2026-09-09/56-openroad-rcx/nom/asic_top.nom.spef line 4516297, net ANTENNA_i_soc.i_instr_sram.u_sram.gen_bank\[1\].gen_512.u_macro_din0\[14\] not found.
[STA-1650] /home/blogic2026/run5/repo/asic/run/RUN_hold035_2026-09-09/56-openroad-rcx/nom/asic_top.nom.spef line 4516298, net ANTENNA_i_soc.i_instr_sram.u_sram.gen_bank\[1\].gen_512.u_macro_din0\[14\] not found.
[STA-1650] /home/blogic2026/run5/repo/asic/run/RUN_hold035_2026-09-09/56-openroad-rcx/nom/asic_top.nom.spef line 4516361, net ANTENNA_i_soc.i_instr_sram.u_sram.gen_bank\[1\].gen_512.u_macro_din0\[14\] not found.
[STA-1650] /home/blogic2026/run5/repo/asic/run/RUN_hold035_2026-09-09/56-openroad-rcx/nom/asic_top.nom.spef line 4516376, net ANTENNA_i_soc.i_instr_sram.u_sram.gen_bank\[2\].gen_512.u_macro_din0\[14\] not found.
[STA-1650] /home/blogic2026/run5/repo/asic/run/RUN_hold035_2026-09-09/56-openroad-rcx/nom/asic_top.nom.spef line 4516378, net ANTENNA_i_soc.i_instr_sram.u_sram.gen_bank\[0\].gen_512.u_macro_din0\[14\] not found.
[STA-1650] /home/blogic2026/run5/repo/asic/run/RUN_hold035_2026-09-09/56-openroad-rcx/nom/asic_top.nom.spef line 4516385, net ANTENNA_i_soc.i_instr_sram.u_sram.gen_bank\[3\].gen_512.u_macro_din0\[14\] not found.
[STA-1648] /home/blogic2026/run5/repo/asic/run/RUN_hold035_2026-09-09/56-openroad-rcx/nom/asic_top.nom.spef line 4516393, instance ANTENNA_i_soc.i_instr_sram.u_sram.gen_bank\[1\].gen_512.u_macro_din0\[15\] not found.
[STA-1648] /home/blogic2026/run5/repo/asic/run/RUN_hold035_2026-09-09/56-openroad-rcx/nom/asic_top.nom.spef line 4516394, instance ANTENNA_i_soc.i_instr_sram.u_sram.gen_bank\[3\].gen_512.u_macro_din0\[15\] not found.
[STA-1648] /home/blogic2026/run5/repo/asic/run/RUN_hold035_2026-09-09/56-openroad-rcx/nom/asic_top.nom.spef line 4516398, instance ANTENNA_i_soc.i_instr_sram.u_sram.gen_bank\[2\].gen_512.u_macro_din0\[15\] not found.
[STA-1648] /home/blogic2026/run5/repo/asic/run/RUN_hold035_2026-09-09/56-openroad-rcx/nom/asic_top.nom.spef line 4516399, instance ANTENNA_i_soc.i_instr_sram.u_sram.gen_bank\[0\].gen_512.u_macro_din0\[15\] not found.
[STA-1650] /home/blogic2026/run5/repo/asic/run/RUN_hold035_2026-09-09/56-openroad-rcx/nom/asic_top.nom.spef line 4516405, net ANTENNA_i_soc.i_instr_sram.u_sram.gen_bank\[1\].gen_512.u_macro_din0\[15\] not found.
[STA-1650] /home/blogic2026/run5/repo/asic/run/RUN_hold035_2026-09-09/56-openroad-rcx/nom/asic_top.nom.spef line 4516406, net ANTENNA_i_soc.i_instr_sram.u_sram.gen_bank\[3\].gen_512.u_macro_din0\[15\] not found.
[STA-1650] /home/blogic2026/run5/repo/asic/run/RUN_hold035_2026-09-09/56-openroad-rcx/nom/asic_top.nom.spef line 4516410, net ANTENNA_i_soc.i_instr_sram.u_sram.gen_bank\[2\].gen_512.u_macro_din0\[15\] not found.
[STA-1650] /home/blogic2026/run5/repo/asic/run/RUN_hold035_2026-09-09/56-openroad-rcx/nom/asic_top.nom.spef line 4516411, net ANTENNA_i_soc.i_instr_sram.u_sram.gen_bank\[0\].gen_512.u_macro_din0\[15\] not found.
[STA-1650] /home/blogic2026/run5/repo/asic/run/RUN_hold035_2026-09-09/56-openroad-rcx/nom/asic_top.nom.spef line 4516432, net ANTENNA_i_soc.i_instr_sram.u_sram.gen_bank\[1\].gen_512.u_macro_din0\[15\] not found.
[STA-1650] /home/blogic2026/run5/repo/asic/run/RUN_hold035_2026-09-09/56-openroad-rcx/nom/asic_top.nom.spef line 4516433, net ANTENNA_i_soc.i_instr_sram.u_sram.gen_bank\[1\].gen_512.u_macro_din0\[15\] not found.
[STA-1650] /home/blogic2026/run5/repo/asic/run/RUN_hold035_2026-09-09/56-openroad-rcx/nom/asic_top.nom.spef line 4516478, net ANTENNA_i_soc.i_instr_sram.u_sram.gen_bank\[1\].gen_512.u_macro_din0\[15\] not found.
[STA-1650] /home/blogic2026/run5/repo/asic/run/RUN_hold035_2026-09-09/56-openroad-rcx/nom/asic_top.nom.spef line 4516480, net ANTENNA_i_soc.i_instr_sram.u_sram.gen_bank\[1\].gen_512.u_macro_din0\[15\] not found.
[STA-1650] /home/blogic2026/run5/repo/asic/run/RUN_hold035_2026-09-09/56-openroad-rcx/nom/asic_top.nom.spef line 4516499, net ANTENNA_i_soc.i_instr_sram.u_sram.gen_bank\[0\].gen_512.u_macro_din0\[15\] not found.
[STA-1650] /home/blogic2026/run5/repo/asic/run/RUN_hold035_2026-09-09/56-openroad-rcx/nom/asic_top.nom.spef line 4516508, net ANTENNA_i_soc.i_instr_sram.u_sram.gen_bank\[2\].gen_512.u_macro_din0\[15\] not found.
[STA-1650] /home/blogic2026/run5/repo/asic/run/RUN_hold035_2026-09-09/56-openroad-rcx/nom/asic_top.nom.spef line 4516517, net ANTENNA_i_soc.i_instr_sram.u_sram.gen_bank\[3\].gen_512.u_macro_din0\[15\] not found.
[STA-1650] /home/blogic2026/run5/repo/asic/run/RUN_hold035_2026-09-09/56-openroad-rcx/nom/asic_top.nom.spef line 4516519, net ANTENNA_i_soc.i_instr_sram.u_sram.gen_bank\[1\].gen_512.u_macro_din0\[15\] not found.
[STA-1648] /home/blogic2026/run5/repo/asic/run/RUN_hold035_2026-09-09/56-openroad-rcx/nom/asic_top.nom.spef line 4516528, instance ANTENNA_i_soc.i_instr_sram.u_sram.gen_bank\[3\].gen_512.u_macro_din0\[16\] not found.
[STA-1648] /home/blogic2026/run5/repo/asic/run/RUN_hold035_2026-09-09/56-openroad-rcx/nom/asic_top.nom.spef line 4516531, instance ANTENNA_i_soc.i_instr_sram.u_sram.gen_bank\[2\].gen_512.u_macro_din0\[16\] not found.
[STA-1648] /home/blogic2026/run5/repo/asic/run/RUN_hold035_2026-09-09/56-openroad-rcx/nom/asic_top.nom.spef line 4516532, instance ANTENNA_i_soc.i_instr_sram.u_sram.gen_bank\[0\].gen_512.u_macro_din0\[16\] not found.
[STA-1648] /home/blogic2026/run5/repo/asic/run/RUN_hold035_2026-09-09/56-openroad-rcx/nom/asic_top.nom.spef line 4516533, instance ANTENNA_i_soc.i_instr_sram.u_sram.gen_bank\[1\].gen_512.u_macro_din0\[16\] not found.
[STA-1650] /home/blogic2026/run5/repo/asic/run/RUN_hold035_2026-09-09/56-openroad-rcx/nom/asic_top.nom.spef line 4516540, net ANTENNA_i_soc.i_instr_sram.u_sram.gen_bank\[3\].gen_512.u_macro_din0\[16\] not found.
[STA-1650] /home/blogic2026/run5/repo/asic/run/RUN_hold035_2026-09-09/56-openroad-rcx/nom/asic_top.nom.spef line 4516543, net ANTENNA_i_soc.i_instr_sram.u_sram.gen_bank\[2\].gen_512.u_macro_din0\[16\] not found.
[STA-1650] /home/blogic2026/run5/repo/asic/run/RUN_hold035_2026-09-09/56-openroad-rcx/nom/asic_top.nom.spef line 4516544, net ANTENNA_i_soc.i_instr_sram.u_sram.gen_bank\[0\].gen_512.u_macro_din0\[16\] not found.
[STA-1650] /home/blogic2026/run5/repo/asic/run/RUN_hold035_2026-09-09/56-openroad-rcx/nom/asic_top.nom.spef line 4516545, net ANTENNA_i_soc.i_instr_sram.u_sram.gen_bank\[1\].gen_512.u_macro_din0\[16\] not found.
[STA-1650] /home/blogic2026/run5/repo/asic/run/RUN_hold035_2026-09-09/56-openroad-rcx/nom/asic_top.nom.spef line 4516571, net ANTENNA_i_soc.i_instr_sram.u_sram.gen_bank\[3\].gen_512.u_macro_din0\[16\] not found.
[STA-1650] /home/blogic2026/run5/repo/asic/run/RUN_hold035_2026-09-09/56-openroad-rcx/nom/asic_top.nom.spef line 4516572, net ANTENNA_i_soc.i_instr_sram.u_sram.gen_bank\[3\].gen_512.u_macro_din0\[16\] not found.
[STA-1650] /home/blogic2026/run5/repo/asic/run/RUN_hold035_2026-09-09/56-openroad-rcx/nom/asic_top.nom.spef line 4516573, net ANTENNA_i_soc.i_instr_sram.u_sram.gen_bank\[3\].gen_512.u_macro_din0\[16\] not found.
[STA-1650] /home/blogic2026/run5/repo/asic/run/RUN_hold035_2026-09-09/56-openroad-rcx/nom/asic_top.nom.spef line 4516616, net ANTENNA_i_soc.i_instr_sram.u_sram.gen_bank\[1\].gen_512.u_macro_din0\[15\] not found.
[STA-1650] /home/blogic2026/run5/repo/asic/run/RUN_hold035_2026-09-09/56-openroad-rcx/nom/asic_top.nom.spef line 4516617, net ANTENNA_i_soc.i_instr_sram.u_sram.gen_bank\[1\].gen_512.u_macro_din0\[15\] not found.
[STA-1650] /home/blogic2026/run5/repo/asic/run/RUN_hold035_2026-09-09/56-openroad-rcx/nom/asic_top.nom.spef line 4516642, net ANTENNA_i_soc.i_instr_sram.u_sram.gen_bank\[1\].gen_512.u_macro_din0\[16\] not found.
[STA-1650] /home/blogic2026/run5/repo/asic/run/RUN_hold035_2026-09-09/56-openroad-rcx/nom/asic_top.nom.spef line 4516650, net ANTENNA_i_soc.i_instr_sram.u_sram.gen_bank\[0\].gen_512.u_macro_din0\[16\] not found.
[STA-1650] /home/blogic2026/run5/repo/asic/run/RUN_hold035_2026-09-09/56-openroad-rcx/nom/asic_top.nom.spef line 4516658, net ANTENNA_i_soc.i_instr_sram.u_sram.gen_bank\[2\].gen_512.u_macro_din0\[16\] not found.
[STA-1650] /home/blogic2026/run5/repo/asic/run/RUN_hold035_2026-09-09/56-openroad-rcx/nom/asic_top.nom.spef line 4516667, net ANTENNA_i_soc.i_instr_sram.u_sram.gen_bank\[3\].gen_512.u_macro_din0\[16\] not found.
[STA-1648] /home/blogic2026/run5/repo/asic/run/RUN_hold035_2026-09-09/56-openroad-rcx/nom/asic_top.nom.spef line 4516676, instance ANTENNA_i_soc.i_instr_sram.u_sram.gen_bank\[3\].gen_512.u_macro_din0\[17\] not found.
[STA-1648] /home/blogic2026/run5/repo/asic/run/RUN_hold035_2026-09-09/56-openroad-rcx/nom/asic_top.nom.spef line 4516678, instance ANTENNA_i_soc.i_instr_sram.u_sram.gen_bank\[0\].gen_512.u_macro_din0\[17\] not found.
[STA-1648] /home/blogic2026/run5/repo/asic/run/RUN_hold035_2026-09-09/56-openroad-rcx/nom/asic_top.nom.spef line 4516680, instance ANTENNA_i_soc.i_instr_sram.u_sram.gen_bank\[2\].gen_512.u_macro_din0\[17\] not found.
[STA-1648] /home/blogic2026/run5/repo/asic/run/RUN_hold035_2026-09-09/56-openroad-rcx/nom/asic_top.nom.spef line 4516682, instance ANTENNA_i_soc.i_instr_sram.u_sram.gen_bank\[1\].gen_512.u_macro_din0\[17\] not found.
[STA-1650] /home/blogic2026/run5/repo/asic/run/RUN_hold035_2026-09-09/56-openroad-rcx/nom/asic_top.nom.spef line 4516688, net ANTENNA_i_soc.i_instr_sram.u_sram.gen_bank\[3\].gen_512.u_macro_din0\[17\] not found.
[STA-1650] /home/blogic2026/run5/repo/asic/run/RUN_hold035_2026-09-09/56-openroad-rcx/nom/asic_top.nom.spef line 4516690, net ANTENNA_i_soc.i_instr_sram.u_sram.gen_bank\[0\].gen_512.u_macro_din0\[17\] not found.
[STA-1650] /home/blogic2026/run5/repo/asic/run/RUN_hold035_2026-09-09/56-openroad-rcx/nom/asic_top.nom.spef line 4516692, net ANTENNA_i_soc.i_instr_sram.u_sram.gen_bank\[2\].gen_512.u_macro_din0\[17\] not found.
[STA-1650] /home/blogic2026/run5/repo/asic/run/RUN_hold035_2026-09-09/56-openroad-rcx/nom/asic_top.nom.spef line 4516694, net ANTENNA_i_soc.i_instr_sram.u_sram.gen_bank\[1\].gen_512.u_macro_din0\[17\] not found.
[STA-1650] /home/blogic2026/run5/repo/asic/run/RUN_hold035_2026-09-09/56-openroad-rcx/nom/asic_top.nom.spef line 4516716, net ANTENNA_i_soc.i_instr_sram.u_sram.gen_bank\[1\].gen_512.u_macro_din0\[17\] not found.
[STA-1650] /home/blogic2026/run5/repo/asic/run/RUN_hold035_2026-09-09/56-openroad-rcx/nom/asic_top.nom.spef line 4516717, net ANTENNA_i_soc.i_instr_sram.u_sram.gen_bank\[1\].gen_512.u_macro_din0\[17\] not found.
[STA-1650] /home/blogic2026/run5/repo/asic/run/RUN_hold035_2026-09-09/56-openroad-rcx/nom/asic_top.nom.spef line 4516781, net ANTENNA_i_soc.i_instr_sram.u_sram.gen_bank\[1\].gen_512.u_macro_din0\[17\] not found.
[STA-1650] /home/blogic2026/run5/repo/asic/run/RUN_hold035_2026-09-09/56-openroad-rcx/nom/asic_top.nom.spef line 4516783, net ANTENNA_i_soc.i_instr_sram.u_sram.gen_bank\[1\].gen_512.u_macro_din0\[17\] not found.
[STA-1650] /home/blogic2026/run5/repo/asic/run/RUN_hold035_2026-09-09/56-openroad-rcx/nom/asic_top.nom.spef line 4516795, net ANTENNA_i_soc.i_instr_sram.u_sram.gen_bank\[2\].gen_512.u_macro_din0\[17\] not found.
[STA-1650] /home/blogic2026/run5/repo/asic/run/RUN_hold035_2026-09-09/56-openroad-rcx/nom/asic_top.nom.spef line 4516798, net ANTENNA_i_soc.i_instr_sram.u_sram.gen_bank\[0\].gen_512.u_macro_din0\[17\] not found.
[STA-1650] /home/blogic2026/run5/repo/asic/run/RUN_hold035_2026-09-09/56-openroad-rcx/nom/asic_top.nom.spef line 4516805, net ANTENNA_i_soc.i_instr_sram.u_sram.gen_bank\[3\].gen_512.u_macro_din0\[17\] not found.
[STA-1648] /home/blogic2026/run5/repo/asic/run/RUN_hold035_2026-09-09/56-openroad-rcx/nom/asic_top.nom.spef line 4516812, instance ANTENNA_i_soc.i_instr_sram.u_sram.gen_bank\[1\].gen_512.u_macro_din0\[18\] not found.
[STA-1648] /home/blogic2026/run5/repo/asic/run/RUN_hold035_2026-09-09/56-openroad-rcx/nom/asic_top.nom.spef line 4516815, instance ANTENNA_i_soc.i_instr_sram.u_sram.gen_bank\[3\].gen_512.u_macro_din0\[18\] not found.
[STA-1648] /home/blogic2026/run5/repo/asic/run/RUN_hold035_2026-09-09/56-openroad-rcx/nom/asic_top.nom.spef line 4516817, instance ANTENNA_i_soc.i_instr_sram.u_sram.gen_bank\[0\].gen_512.u_macro_din0\[18\] not found.
[STA-1648] /home/blogic2026/run5/repo/asic/run/RUN_hold035_2026-09-09/56-openroad-rcx/nom/asic_top.nom.spef line 4516819, instance ANTENNA_i_soc.i_instr_sram.u_sram.gen_bank\[2\].gen_512.u_macro_din0\[18\] not found.
[STA-1650] /home/blogic2026/run5/repo/asic/run/RUN_hold035_2026-09-09/56-openroad-rcx/nom/asic_top.nom.spef line 4516824, net ANTENNA_i_soc.i_instr_sram.u_sram.gen_bank\[1\].gen_512.u_macro_din0\[18\] not found.
[STA-1650] /home/blogic2026/run5/repo/asic/run/RUN_hold035_2026-09-09/56-openroad-rcx/nom/asic_top.nom.spef line 4516827, net ANTENNA_i_soc.i_instr_sram.u_sram.gen_bank\[3\].gen_512.u_macro_din0\[18\] not found.
[STA-1650] /home/blogic2026/run5/repo/asic/run/RUN_hold035_2026-09-09/56-openroad-rcx/nom/asic_top.nom.spef line 4516829, net ANTENNA_i_soc.i_instr_sram.u_sram.gen_bank\[0\].gen_512.u_macro_din0\[18\] not found.
[STA-1650] /home/blogic2026/run5/repo/asic/run/RUN_hold035_2026-09-09/56-openroad-rcx/nom/asic_top.nom.spef line 4516831, net ANTENNA_i_soc.i_instr_sram.u_sram.gen_bank\[2\].gen_512.u_macro_din0\[18\] not found.
[STA-1650] /home/blogic2026/run5/repo/asic/run/RUN_hold035_2026-09-09/56-openroad-rcx/nom/asic_top.nom.spef line 4516909, net ANTENNA_i_soc.i_instr_sram.u_sram.gen_bank\[1\].gen_512.u_macro_din0\[14\] not found.
[STA-1650] /home/blogic2026/run5/repo/asic/run/RUN_hold035_2026-09-09/56-openroad-rcx/nom/asic_top.nom.spef line 4516910, net ANTENNA_i_soc.i_instr_sram.u_sram.gen_bank\[1\].gen_512.u_macro_din0\[17\] not found.
[STA-1650] /home/blogic2026/run5/repo/asic/run/RUN_hold035_2026-09-09/56-openroad-rcx/nom/asic_top.nom.spef line 4516911, net ANTENNA_i_soc.i_instr_sram.u_sram.gen_bank\[1\].gen_512.u_macro_din0\[17\] not found.
[STA-1650] /home/blogic2026/run5/repo/asic/run/RUN_hold035_2026-09-09/56-openroad-rcx/nom/asic_top.nom.spef line 4516946, net ANTENNA_i_soc.i_instr_sram.u_sram.gen_bank\[2\].gen_512.u_macro_din0\[18\] not found.
[STA-1650] /home/blogic2026/run5/repo/asic/run/RUN_hold035_2026-09-09/56-openroad-rcx/nom/asic_top.nom.spef line 4516949, net ANTENNA_i_soc.i_instr_sram.u_sram.gen_bank\[0\].gen_512.u_macro_din0\[18\] not found.
[STA-1650] /home/blogic2026/run5/repo/asic/run/RUN_hold035_2026-09-09/56-openroad-rcx/nom/asic_top.nom.spef line 4516957, net ANTENNA_i_soc.i_instr_sram.u_sram.gen_bank\[3\].gen_512.u_macro_din0\[18\] not found.
[STA-1650] /home/blogic2026/run5/repo/asic/run/RUN_hold035_2026-09-09/56-openroad-rcx/nom/asic_top.nom.spef line 4516960, net ANTENNA_i_soc.i_instr_sram.u_sram.gen_bank\[1\].gen_512.u_macro_din0\[18\] not found.
[STA-1648] /home/blogic2026/run5/repo/asic/run/RUN_hold035_2026-09-09/56-openroad-rcx/nom/asic_top.nom.spef line 4516966, instance ANTENNA_i_soc.i_instr_sram.u_sram.gen_bank\[1\].gen_512.u_macro_din0\[19\] not found.
[STA-1648] /home/blogic2026/run5/repo/asic/run/RUN_hold035_2026-09-09/56-openroad-rcx/nom/asic_top.nom.spef line 4516969, instance ANTENNA_i_soc.i_instr_sram.u_sram.gen_bank\[3\].gen_512.u_macro_din0\[19\] not found.
[STA-1648] /home/blogic2026/run5/repo/asic/run/RUN_hold035_2026-09-09/56-openroad-rcx/nom/asic_top.nom.spef line 4516971, instance ANTENNA_i_soc.i_instr_sram.u_sram.gen_bank\[0\].gen_512.u_macro_din0\[19\] not found.
[STA-1648] /home/blogic2026/run5/repo/asic/run/RUN_hold035_2026-09-09/56-openroad-rcx/nom/asic_top.nom.spef line 4516972, instance ANTENNA_i_soc.i_instr_sram.u_sram.gen_bank\[2\].gen_512.u_macro_din0\[19\] not found.
[STA-1650] /home/blogic2026/run5/repo/asic/run/RUN_hold035_2026-09-09/56-openroad-rcx/nom/asic_top.nom.spef line 4516978, net ANTENNA_i_soc.i_instr_sram.u_sram.gen_bank\[1\].gen_512.u_macro_din0\[19\] not found.
[STA-1650] /home/blogic2026/run5/repo/asic/run/RUN_hold035_2026-09-09/56-openroad-rcx/nom/asic_top.nom.spef line 4516981, net ANTENNA_i_soc.i_instr_sram.u_sram.gen_bank\[3\].gen_512.u_macro_din0\[19\] not found.
[STA-1650] /home/blogic2026/run5/repo/asic/run/RUN_hold035_2026-09-09/56-openroad-rcx/nom/asic_top.nom.spef line 4516983, net ANTENNA_i_soc.i_instr_sram.u_sram.gen_bank\[0\].gen_512.u_macro_din0\[19\] not found.
[STA-1650] /home/blogic2026/run5/repo/asic/run/RUN_hold035_2026-09-09/56-openroad-rcx/nom/asic_top.nom.spef line 4516984, net ANTENNA_i_soc.i_instr_sram.u_sram.gen_bank\[2\].gen_512.u_macro_din0\[19\] not found.
[STA-1650] /home/blogic2026/run5/repo/asic/run/RUN_hold035_2026-09-09/56-openroad-rcx/nom/asic_top.nom.spef line 4517008, net ANTENNA_i_soc.i_instr_sram.u_sram.gen_bank\[2\].gen_512.u_macro_din0\[19\] not found.
[STA-1650] /home/blogic2026/run5/repo/asic/run/RUN_hold035_2026-09-09/56-openroad-rcx/nom/asic_top.nom.spef line 4517009, net ANTENNA_i_soc.i_instr_sram.u_sram.gen_bank\[0\].gen_512.u_macro_din0\[20\] not found.
[STA-1650] /home/blogic2026/run5/repo/asic/run/RUN_hold035_2026-09-09/56-openroad-rcx/nom/asic_top.nom.spef line 4517021, net ANTENNA_i_soc.i_instr_sram.u_sram.gen_bank\[1\].gen_512.u_macro_din0\[20\] not found.
[STA-1650] /home/blogic2026/run5/repo/asic/run/RUN_hold035_2026-09-09/56-openroad-rcx/nom/asic_top.nom.spef line 4517041, net ANTENNA_i_soc.i_instr_sram.u_sram.gen_bank\[0\].gen_512.u_macro_din0\[20\] not found.
[STA-1650] /home/blogic2026/run5/repo/asic/run/RUN_hold035_2026-09-09/56-openroad-rcx/nom/asic_top.nom.spef line 4517089, net ANTENNA_i_soc.i_instr_sram.u_sram.gen_bank\[2\].gen_512.u_macro_din0\[19\] not found.
[STA-1650] /home/blogic2026/run5/repo/asic/run/RUN_hold035_2026-09-09/56-openroad-rcx/nom/asic_top.nom.spef line 4517091, net ANTENNA_i_soc.i_instr_sram.u_sram.gen_bank\[0\].gen_512.u_macro_din0\[19\] not found.
[STA-1650] /home/blogic2026/run5/repo/asic/run/RUN_hold035_2026-09-09/56-openroad-rcx/nom/asic_top.nom.spef line 4517097, net ANTENNA_i_soc.i_instr_sram.u_sram.gen_bank\[3\].gen_512.u_macro_din0\[19\] not found.
[STA-1650] /home/blogic2026/run5/repo/asic/run/RUN_hold035_2026-09-09/56-openroad-rcx/nom/asic_top.nom.spef line 4517100, net ANTENNA_i_soc.i_instr_sram.u_sram.gen_bank\[1\].gen_512.u_macro_din0\[19\] not found.
[STA-1648] /home/blogic2026/run5/repo/asic/run/RUN_hold035_2026-09-09/56-openroad-rcx/nom/asic_top.nom.spef line 4517106, instance ANTENNA_i_soc.i_instr_sram.u_sram.gen_bank\[2\].gen_512.u_macro_din0\[1\] not found.
[STA-1648] /home/blogic2026/run5/repo/asic/run/RUN_hold035_2026-09-09/56-openroad-rcx/nom/asic_top.nom.spef line 4517110, instance ANTENNA_i_soc.i_instr_sram.u_sram.gen_bank\[3\].gen_512.u_macro_din0\[1\] not found.
[STA-1648] /home/blogic2026/run5/repo/asic/run/RUN_hold035_2026-09-09/56-openroad-rcx/nom/asic_top.nom.spef line 4517111, instance ANTENNA_i_soc.i_instr_sram.u_sram.gen_bank\[0\].gen_512.u_macro_din0\[1\] not found.
[STA-1648] /home/blogic2026/run5/repo/asic/run/RUN_hold035_2026-09-09/56-openroad-rcx/nom/asic_top.nom.spef line 4517113, instance ANTENNA_i_soc.i_instr_sram.u_sram.gen_bank\[1\].gen_512.u_macro_din0\[1\] not found.
[STA-1650] /home/blogic2026/run5/repo/asic/run/RUN_hold035_2026-09-09/56-openroad-rcx/nom/asic_top.nom.spef line 4517118, net ANTENNA_i_soc.i_instr_sram.u_sram.gen_bank\[2\].gen_512.u_macro_din0\[1\] not found.
[STA-1650] /home/blogic2026/run5/repo/asic/run/RUN_hold035_2026-09-09/56-openroad-rcx/nom/asic_top.nom.spef line 4517122, net ANTENNA_i_soc.i_instr_sram.u_sram.gen_bank\[3\].gen_512.u_macro_din0\[1\] not found.
[STA-1650] /home/blogic2026/run5/repo/asic/run/RUN_hold035_2026-09-09/56-openroad-rcx/nom/asic_top.nom.spef line 4517123, net ANTENNA_i_soc.i_instr_sram.u_sram.gen_bank\[0\].gen_512.u_macro_din0\[1\] not found.
[STA-1650] /home/blogic2026/run5/repo/asic/run/RUN_hold035_2026-09-09/56-openroad-rcx/nom/asic_top.nom.spef line 4517125, net ANTENNA_i_soc.i_instr_sram.u_sram.gen_bank\[1\].gen_512.u_macro_din0\[1\] not found.
[STA-1650] /home/blogic2026/run5/repo/asic/run/RUN_hold035_2026-09-09/56-openroad-rcx/nom/asic_top.nom.spef line 4517147, net ANTENNA_i_soc.i_instr_sram.u_sram.gen_bank\[1\].gen_512.u_macro_din0\[1\] not found.
[STA-1650] /home/blogic2026/run5/repo/asic/run/RUN_hold035_2026-09-09/56-openroad-rcx/nom/asic_top.nom.spef line 4517148, net ANTENNA_i_soc.i_instr_sram.u_sram.gen_bank\[1\].gen_512.u_macro_din0\[1\] not found.
[STA-1650] /home/blogic2026/run5/repo/asic/run/RUN_hold035_2026-09-09/56-openroad-rcx/nom/asic_top.nom.spef line 4517191, net ANTENNA_i_soc.i_instr_sram.u_sram.gen_bank\[2\].gen_512.u_macro_din0\[0\] not found.
[STA-1650] /home/blogic2026/run5/repo/asic/run/RUN_hold035_2026-09-09/56-openroad-rcx/nom/asic_top.nom.spef line 4517209, net ANTENNA_i_soc.i_instr_sram.u_sram.gen_bank\[1\].gen_512.u_macro_din0\[1\] not found.
[STA-1650] /home/blogic2026/run5/repo/asic/run/RUN_hold035_2026-09-09/56-openroad-rcx/nom/asic_top.nom.spef line 4517211, net ANTENNA_i_soc.i_instr_sram.u_sram.gen_bank\[1\].gen_512.u_macro_din0\[1\] not found.
[STA-1650] /home/blogic2026/run5/repo/asic/run/RUN_hold035_2026-09-09/56-openroad-rcx/nom/asic_top.nom.spef line 4517215, net ANTENNA_i_soc.i_instr_sram.u_sram.gen_bank\[0\].gen_512.u_macro_din0\[1\] not found.
[STA-1650] /home/blogic2026/run5/repo/asic/run/RUN_hold035_2026-09-09/56-openroad-rcx/nom/asic_top.nom.spef line 4517221, net ANTENNA_i_soc.i_instr_sram.u_sram.gen_bank\[3\].gen_512.u_macro_din0\[1\] not found.
[STA-1650] /home/blogic2026/run5/repo/asic/run/RUN_hold035_2026-09-09/56-openroad-rcx/nom/asic_top.nom.spef line 4517224, net ANTENNA_i_soc.i_instr_sram.u_sram.gen_bank\[0\].gen_512.u_macro_din0\[1\] not found.
[STA-1650] /home/blogic2026/run5/repo/asic/run/RUN_hold035_2026-09-09/56-openroad-rcx/nom/asic_top.nom.spef line 4517233, net ANTENNA_i_soc.i_instr_sram.u_sram.gen_bank\[2\].gen_512.u_macro_din0\[1\] not found.
[STA-1648] /home/blogic2026/run5/repo/asic/run/RUN_hold035_2026-09-09/56-openroad-rcx/nom/asic_top.nom.spef line 4517239, instance ANTENNA_i_soc.i_instr_sram.u_sram.gen_bank\[1\].gen_512.u_macro_din0\[20\] not found.
[STA-1648] /home/blogic2026/run5/repo/asic/run/RUN_hold035_2026-09-09/56-openroad-rcx/nom/asic_top.nom.spef line 4517241, instance ANTENNA_i_soc.i_instr_sram.u_sram.gen_bank\[3\].gen_512.u_macro_din0\[20\] not found.
[STA-1648] /home/blogic2026/run5/repo/asic/run/RUN_hold035_2026-09-09/56-openroad-rcx/nom/asic_top.nom.spef line 4517243, instance ANTENNA_i_soc.i_instr_sram.u_sram.gen_bank\[0\].gen_512.u_macro_din0\[20\] not found.
[STA-1648] /home/blogic2026/run5/repo/asic/run/RUN_hold035_2026-09-09/56-openroad-rcx/nom/asic_top.nom.spef line 4517245, instance ANTENNA_i_soc.i_instr_sram.u_sram.gen_bank\[2\].gen_512.u_macro_din0\[20\] not found.
[STA-1650] /home/blogic2026/run5/repo/asic/run/RUN_hold035_2026-09-09/56-openroad-rcx/nom/asic_top.nom.spef line 4517251, net ANTENNA_i_soc.i_instr_sram.u_sram.gen_bank\[1\].gen_512.u_macro_din0\[20\] not found.
[STA-1650] /home/blogic2026/run5/repo/asic/run/RUN_hold035_2026-09-09/56-openroad-rcx/nom/asic_top.nom.spef line 4517253, net ANTENNA_i_soc.i_instr_sram.u_sram.gen_bank\[3\].gen_512.u_macro_din0\[20\] not found.
[STA-1650] /home/blogic2026/run5/repo/asic/run/RUN_hold035_2026-09-09/56-openroad-rcx/nom/asic_top.nom.spef line 4517255, net ANTENNA_i_soc.i_instr_sram.u_sram.gen_bank\[0\].gen_512.u_macro_din0\[20\] not found.
[STA-1650] /home/blogic2026/run5/repo/asic/run/RUN_hold035_2026-09-09/56-openroad-rcx/nom/asic_top.nom.spef line 4517257, net ANTENNA_i_soc.i_instr_sram.u_sram.gen_bank\[2\].gen_512.u_macro_din0\[20\] not found.
[STA-1650] /home/blogic2026/run5/repo/asic/run/RUN_hold035_2026-09-09/56-openroad-rcx/nom/asic_top.nom.spef line 4517343, net ANTENNA_i_soc.i_instr_sram.u_sram.gen_bank\[0\].gen_512.u_macro_din0\[20\] not found.
[STA-1650] /home/blogic2026/run5/repo/asic/run/RUN_hold035_2026-09-09/56-openroad-rcx/nom/asic_top.nom.spef line 4517354, net ANTENNA_i_soc.i_instr_sram.u_sram.gen_bank\[1\].gen_512.u_macro_din0\[20\] not found.
[STA-1650] /home/blogic2026/run5/repo/asic/run/RUN_hold035_2026-09-09/56-openroad-rcx/nom/asic_top.nom.spef line 4517357, net ANTENNA_i_soc.i_instr_sram.u_sram.gen_bank\[0\].gen_512.u_macro_din0\[20\] not found.
[STA-1650] /home/blogic2026/run5/repo/asic/run/RUN_hold035_2026-09-09/56-openroad-rcx/nom/asic_top.nom.spef line 4517373, net ANTENNA_i_soc.i_instr_sram.u_sram.gen_bank\[2\].gen_512.u_macro_din0\[20\] not found.
[STA-1650] /home/blogic2026/run5/repo/asic/run/RUN_hold035_2026-09-09/56-openroad-rcx/nom/asic_top.nom.spef line 4517376, net ANTENNA_i_soc.i_instr_sram.u_sram.gen_bank\[0\].gen_512.u_macro_din0\[20\] not found.
[STA-1650] /home/blogic2026/run5/repo/asic/run/RUN_hold035_2026-09-09/56-openroad-rcx/nom/asic_top.nom.spef line 4517383, net ANTENNA_i_soc.i_instr_sram.u_sram.gen_bank\[3\].gen_512.u_macro_din0\[20\] not found.
[STA-1650] /home/blogic2026/run5/repo/asic/run/RUN_hold035_2026-09-09/56-openroad-rcx/nom/asic_top.nom.spef line 4517386, net ANTENNA_i_soc.i_instr_sram.u_sram.gen_bank\[1\].gen_512.u_macro_din0\[20\] not found.
[STA-1648] /home/blogic2026/run5/repo/asic/run/RUN_hold035_2026-09-09/56-openroad-rcx/nom/asic_top.nom.spef line 4517393, instance ANTENNA_i_soc.i_instr_sram.u_sram.gen_bank\[3\].gen_512.u_macro_din0\[21\] not found.
[STA-1648] /home/blogic2026/run5/repo/asic/run/RUN_hold035_2026-09-09/56-openroad-rcx/nom/asic_top.nom.spef line 4517395, instance ANTENNA_i_soc.i_instr_sram.u_sram.gen_bank\[0\].gen_512.u_macro_din0\[21\] not found.
[STA-1648] /home/blogic2026/run5/repo/asic/run/RUN_hold035_2026-09-09/56-openroad-rcx/nom/asic_top.nom.spef line 4517397, instance ANTENNA_i_soc.i_instr_sram.u_sram.gen_bank\[2\].gen_512.u_macro_din0\[21\] not found.
[STA-1648] /home/blogic2026/run5/repo/asic/run/RUN_hold035_2026-09-09/56-openroad-rcx/nom/asic_top.nom.spef line 4517399, instance ANTENNA_i_soc.i_instr_sram.u_sram.gen_bank\[1\].gen_512.u_macro_din0\[21\] not found.
[STA-1650] /home/blogic2026/run5/repo/asic/run/RUN_hold035_2026-09-09/56-openroad-rcx/nom/asic_top.nom.spef line 4517405, net ANTENNA_i_soc.i_instr_sram.u_sram.gen_bank\[3\].gen_512.u_macro_din0\[21\] not found.
[STA-1650] /home/blogic2026/run5/repo/asic/run/RUN_hold035_2026-09-09/56-openroad-rcx/nom/asic_top.nom.spef line 4517407, net ANTENNA_i_soc.i_instr_sram.u_sram.gen_bank\[0\].gen_512.u_macro_din0\[21\] not found.
[STA-1650] /home/blogic2026/run5/repo/asic/run/RUN_hold035_2026-09-09/56-openroad-rcx/nom/asic_top.nom.spef line 4517409, net ANTENNA_i_soc.i_instr_sram.u_sram.gen_bank\[2\].gen_512.u_macro_din0\[21\] not found.
[STA-1650] /home/blogic2026/run5/repo/asic/run/RUN_hold035_2026-09-09/56-openroad-rcx/nom/asic_top.nom.spef line 4517411, net ANTENNA_i_soc.i_instr_sram.u_sram.gen_bank\[1\].gen_512.u_macro_din0\[21\] not found.
[STA-1650] /home/blogic2026/run5/repo/asic/run/RUN_hold035_2026-09-09/56-openroad-rcx/nom/asic_top.nom.spef line 4517431, net ANTENNA_i_soc.i_instr_sram.u_sram.gen_bank\[0\].gen_512.u_macro_din0\[21\] not found.
[STA-1650] /home/blogic2026/run5/repo/asic/run/RUN_hold035_2026-09-09/56-openroad-rcx/nom/asic_top.nom.spef line 4517432, net ANTENNA_i_soc.i_instr_sram.u_sram.gen_bank\[1\].gen_512.u_macro_din0\[21\] not found.
[STA-1650] /home/blogic2026/run5/repo/asic/run/RUN_hold035_2026-09-09/56-openroad-rcx/nom/asic_top.nom.spef line 4517433, net ANTENNA_i_soc.i_instr_sram.u_sram.gen_bank\[3\].gen_512.u_macro_din0\[21\] not found.
[STA-1650] /home/blogic2026/run5/repo/asic/run/RUN_hold035_2026-09-09/56-openroad-rcx/nom/asic_top.nom.spef line 4517434, net ANTENNA_i_soc.i_instr_sram.u_sram.gen_bank\[3\].gen_512.u_macro_din0\[21\] not found.
[STA-1650] /home/blogic2026/run5/repo/asic/run/RUN_hold035_2026-09-09/56-openroad-rcx/nom/asic_top.nom.spef line 4517435, net ANTENNA_i_soc.i_instr_sram.u_sram.gen_bank\[3\].gen_512.u_macro_din0\[21\] not found.
[STA-1650] /home/blogic2026/run5/repo/asic/run/RUN_hold035_2026-09-09/56-openroad-rcx/nom/asic_top.nom.spef line 4517513, net ANTENNA_i_soc.i_instr_sram.u_sram.gen_bank\[1\].gen_512.u_macro_din0\[21\] not found.
[STA-1650] /home/blogic2026/run5/repo/asic/run/RUN_hold035_2026-09-09/56-openroad-rcx/nom/asic_top.nom.spef line 4517515, net ANTENNA_i_soc.i_instr_sram.u_sram.gen_bank\[1\].gen_512.u_macro_din0\[21\] not found.
[STA-1650] /home/blogic2026/run5/repo/asic/run/RUN_hold035_2026-09-09/56-openroad-rcx/nom/asic_top.nom.spef line 4517526, net ANTENNA_i_soc.i_instr_sram.u_sram.gen_bank\[2\].gen_512.u_macro_din0\[21\] not found.
[STA-1650] /home/blogic2026/run5/repo/asic/run/RUN_hold035_2026-09-09/56-openroad-rcx/nom/asic_top.nom.spef line 4517529, net ANTENNA_i_soc.i_instr_sram.u_sram.gen_bank\[0\].gen_512.u_macro_din0\[21\] not found.
[STA-1650] /home/blogic2026/run5/repo/asic/run/RUN_hold035_2026-09-09/56-openroad-rcx/nom/asic_top.nom.spef line 4517534, net ANTENNA_i_soc.i_instr_sram.u_sram.gen_bank\[3\].gen_512.u_macro_din0\[21\] not found.
[STA-1648] /home/blogic2026/run5/repo/asic/run/RUN_hold035_2026-09-09/56-openroad-rcx/nom/asic_top.nom.spef line 4517542, instance ANTENNA_i_soc.i_instr_sram.u_sram.gen_bank\[3\].gen_512.u_macro_din0\[22\] not found.
[STA-1648] /home/blogic2026/run5/repo/asic/run/RUN_hold035_2026-09-09/56-openroad-rcx/nom/asic_top.nom.spef line 4517546, instance ANTENNA_i_soc.i_instr_sram.u_sram.gen_bank\[2\].gen_512.u_macro_din0\[22\] not found.
[STA-1648] /home/blogic2026/run5/repo/asic/run/RUN_hold035_2026-09-09/56-openroad-rcx/nom/asic_top.nom.spef line 4517547, instance ANTENNA_i_soc.i_instr_sram.u_sram.gen_bank\[0\].gen_512.u_macro_din0\[22\] not found.
[STA-1648] /home/blogic2026/run5/repo/asic/run/RUN_hold035_2026-09-09/56-openroad-rcx/nom/asic_top.nom.spef line 4517548, instance ANTENNA_i_soc.i_instr_sram.u_sram.gen_bank\[1\].gen_512.u_macro_din0\[22\] not found.
[STA-1650] /home/blogic2026/run5/repo/asic/run/RUN_hold035_2026-09-09/56-openroad-rcx/nom/asic_top.nom.spef line 4517554, net ANTENNA_i_soc.i_instr_sram.u_sram.gen_bank\[3\].gen_512.u_macro_din0\[22\] not found.
[STA-1650] /home/blogic2026/run5/repo/asic/run/RUN_hold035_2026-09-09/56-openroad-rcx/nom/asic_top.nom.spef line 4517558, net ANTENNA_i_soc.i_instr_sram.u_sram.gen_bank\[2\].gen_512.u_macro_din0\[22\] not found.
[STA-1650] /home/blogic2026/run5/repo/asic/run/RUN_hold035_2026-09-09/56-openroad-rcx/nom/asic_top.nom.spef line 4517559, net ANTENNA_i_soc.i_instr_sram.u_sram.gen_bank\[0\].gen_512.u_macro_din0\[22\] not found.
[STA-1650] /home/blogic2026/run5/repo/asic/run/RUN_hold035_2026-09-09/56-openroad-rcx/nom/asic_top.nom.spef line 4517560, net ANTENNA_i_soc.i_instr_sram.u_sram.gen_bank\[1\].gen_512.u_macro_din0\[22\] not found.
[STA-1650] /home/blogic2026/run5/repo/asic/run/RUN_hold035_2026-09-09/56-openroad-rcx/nom/asic_top.nom.spef line 4517582, net ANTENNA_i_soc.i_instr_sram.u_sram.gen_bank\[0\].gen_512.u_macro_din0\[22\] not found.
[STA-1650] /home/blogic2026/run5/repo/asic/run/RUN_hold035_2026-09-09/56-openroad-rcx/nom/asic_top.nom.spef line 4517583, net ANTENNA_i_soc.i_instr_sram.u_sram.gen_bank\[3\].gen_512.u_macro_din0\[22\] not found.
[STA-1650] /home/blogic2026/run5/repo/asic/run/RUN_hold035_2026-09-09/56-openroad-rcx/nom/asic_top.nom.spef line 4517584, net ANTENNA_i_soc.i_instr_sram.u_sram.gen_bank\[3\].gen_512.u_macro_din0\[22\] not found.
[STA-1650] /home/blogic2026/run5/repo/asic/run/RUN_hold035_2026-09-09/56-openroad-rcx/nom/asic_top.nom.spef line 4517629, net ANTENNA_i_soc.i_instr_sram.u_sram.gen_bank\[1\].gen_512.u_macro_din0\[22\] not found.
[STA-1650] /home/blogic2026/run5/repo/asic/run/RUN_hold035_2026-09-09/56-openroad-rcx/nom/asic_top.nom.spef line 4517654, net ANTENNA_i_soc.i_instr_sram.u_sram.gen_bank\[1\].gen_512.u_macro_din0\[22\] not found.
[STA-1650] /home/blogic2026/run5/repo/asic/run/RUN_hold035_2026-09-09/56-openroad-rcx/nom/asic_top.nom.spef line 4517662, net ANTENNA_i_soc.i_instr_sram.u_sram.gen_bank\[0\].gen_512.u_macro_din0\[22\] not found.
[STA-1650] /home/blogic2026/run5/repo/asic/run/RUN_hold035_2026-09-09/56-openroad-rcx/nom/asic_top.nom.spef line 4517670, net ANTENNA_i_soc.i_instr_sram.u_sram.gen_bank\[2\].gen_512.u_macro_din0\[22\] not found.
[STA-1650] /home/blogic2026/run5/repo/asic/run/RUN_hold035_2026-09-09/56-openroad-rcx/nom/asic_top.nom.spef line 4517677, net ANTENNA_i_soc.i_instr_sram.u_sram.gen_bank\[3\].gen_512.u_macro_din0\[22\] not found.
[STA-1648] /home/blogic2026/run5/repo/asic/run/RUN_hold035_2026-09-09/56-openroad-rcx/nom/asic_top.nom.spef line 4517685, instance ANTENNA_i_soc.i_instr_sram.u_sram.gen_bank\[3\].gen_512.u_macro_din0\[23\] not found.
[STA-1648] /home/blogic2026/run5/repo/asic/run/RUN_hold035_2026-09-09/56-openroad-rcx/nom/asic_top.nom.spef line 4517686, instance ANTENNA_i_soc.i_instr_sram.u_sram.gen_bank\[0\].gen_512.u_macro_din0\[23\] not found.
[STA-1648] /home/blogic2026/run5/repo/asic/run/RUN_hold035_2026-09-09/56-openroad-rcx/nom/asic_top.nom.spef line 4517688, instance ANTENNA_i_soc.i_instr_sram.u_sram.gen_bank\[2\].gen_512.u_macro_din0\[23\] not found.
[STA-1648] /home/blogic2026/run5/repo/asic/run/RUN_hold035_2026-09-09/56-openroad-rcx/nom/asic_top.nom.spef line 4517691, instance ANTENNA_i_soc.i_instr_sram.u_sram.gen_bank\[1\].gen_512.u_macro_din0\[23\] not found.
[STA-1650] /home/blogic2026/run5/repo/asic/run/RUN_hold035_2026-09-09/56-openroad-rcx/nom/asic_top.nom.spef line 4517697, net ANTENNA_i_soc.i_instr_sram.u_sram.gen_bank\[3\].gen_512.u_macro_din0\[23\] not found.
[STA-1650] /home/blogic2026/run5/repo/asic/run/RUN_hold035_2026-09-09/56-openroad-rcx/nom/asic_top.nom.spef line 4517698, net ANTENNA_i_soc.i_instr_sram.u_sram.gen_bank\[0\].gen_512.u_macro_din0\[23\] not found.
[STA-1650] /home/blogic2026/run5/repo/asic/run/RUN_hold035_2026-09-09/56-openroad-rcx/nom/asic_top.nom.spef line 4517700, net ANTENNA_i_soc.i_instr_sram.u_sram.gen_bank\[2\].gen_512.u_macro_din0\[23\] not found.
[STA-1650] /home/blogic2026/run5/repo/asic/run/RUN_hold035_2026-09-09/56-openroad-rcx/nom/asic_top.nom.spef line 4517703, net ANTENNA_i_soc.i_instr_sram.u_sram.gen_bank\[1\].gen_512.u_macro_din0\[23\] not found.
[STA-1650] /home/blogic2026/run5/repo/asic/run/RUN_hold035_2026-09-09/56-openroad-rcx/nom/asic_top.nom.spef line 4517726, net ANTENNA_i_soc.i_instr_sram.u_sram.gen_bank\[1\].gen_512.u_macro_din0\[23\] not found.
[STA-1650] /home/blogic2026/run5/repo/asic/run/RUN_hold035_2026-09-09/56-openroad-rcx/nom/asic_top.nom.spef line 4517727, net ANTENNA_i_soc.i_instr_sram.u_sram.gen_bank\[1\].gen_512.u_macro_din0\[23\] not found.
[STA-1650] /home/blogic2026/run5/repo/asic/run/RUN_hold035_2026-09-09/56-openroad-rcx/nom/asic_top.nom.spef line 4517728, net ANTENNA_i_soc.i_instr_sram.u_sram.gen_bank\[1\].gen_512.u_macro_din0\[23\] not found.
[STA-1650] /home/blogic2026/run5/repo/asic/run/RUN_hold035_2026-09-09/56-openroad-rcx/nom/asic_top.nom.spef line 4517729, net ANTENNA_i_soc.i_instr_sram.u_sram.gen_bank\[3\].gen_512.u_macro_din0\[23\] not found.
[STA-1650] /home/blogic2026/run5/repo/asic/run/RUN_hold035_2026-09-09/56-openroad-rcx/nom/asic_top.nom.spef line 4517730, net ANTENNA_i_soc.i_instr_sram.u_sram.gen_bank\[3\].gen_512.u_macro_din0\[23\] not found.
[STA-1650] /home/blogic2026/run5/repo/asic/run/RUN_hold035_2026-09-09/56-openroad-rcx/nom/asic_top.nom.spef line 4517785, net ANTENNA_i_soc.i_instr_sram.u_sram.gen_bank\[0\].gen_512.u_macro_din0\[22\] not found.
[STA-1650] /home/blogic2026/run5/repo/asic/run/RUN_hold035_2026-09-09/56-openroad-rcx/nom/asic_top.nom.spef line 4517786, net ANTENNA_i_soc.i_instr_sram.u_sram.gen_bank\[2\].gen_512.u_macro_din0\[0\] not found.
[STA-1650] /home/blogic2026/run5/repo/asic/run/RUN_hold035_2026-09-09/56-openroad-rcx/nom/asic_top.nom.spef line 4517787, net ANTENNA_i_soc.i_instr_sram.u_sram.gen_bank\[2\].gen_512.u_macro_din0\[12\] not found.
[STA-1650] /home/blogic2026/run5/repo/asic/run/RUN_hold035_2026-09-09/56-openroad-rcx/nom/asic_top.nom.spef line 4517788, net ANTENNA_i_soc.i_instr_sram.u_sram.gen_bank\[2\].gen_512.u_macro_din0\[19\] not found.
[STA-1650] /home/blogic2026/run5/repo/asic/run/RUN_hold035_2026-09-09/56-openroad-rcx/nom/asic_top.nom.spef line 4517813, net ANTENNA_i_soc.i_instr_sram.u_sram.gen_bank\[1\].gen_512.u_macro_din0\[23\] not found.
[STA-1650] /home/blogic2026/run5/repo/asic/run/RUN_hold035_2026-09-09/56-openroad-rcx/nom/asic_top.nom.spef line 4517815, net ANTENNA_i_soc.i_instr_sram.u_sram.gen_bank\[1\].gen_512.u_macro_din0\[23\] not found.
[STA-1650] /home/blogic2026/run5/repo/asic/run/RUN_hold035_2026-09-09/56-openroad-rcx/nom/asic_top.nom.spef line 4517831, net ANTENNA_i_soc.i_instr_sram.u_sram.gen_bank\[2\].gen_512.u_macro_din0\[23\] not found.
[STA-1650] /home/blogic2026/run5/repo/asic/run/RUN_hold035_2026-09-09/56-openroad-rcx/nom/asic_top.nom.spef line 4517833, net ANTENNA_i_soc.i_instr_sram.u_sram.gen_bank\[0\].gen_512.u_macro_din0\[23\] not found.
[STA-1650] /home/blogic2026/run5/repo/asic/run/RUN_hold035_2026-09-09/56-openroad-rcx/nom/asic_top.nom.spef line 4517838, net ANTENNA_i_soc.i_instr_sram.u_sram.gen_bank\[3\].gen_512.u_macro_din0\[23\] not found.
[STA-1648] /home/blogic2026/run5/repo/asic/run/RUN_hold035_2026-09-09/56-openroad-rcx/nom/asic_top.nom.spef line 4517845, instance ANTENNA_i_soc.i_instr_sram.u_sram.gen_bank\[1\].gen_512.u_macro_din0\[24\] not found.
[STA-1648] /home/blogic2026/run5/repo/asic/run/RUN_hold035_2026-09-09/56-openroad-rcx/nom/asic_top.nom.spef line 4517847, instance ANTENNA_i_soc.i_instr_sram.u_sram.gen_bank\[3\].gen_512.u_macro_din0\[24\] not found.
[STA-1648] /home/blogic2026/run5/repo/asic/run/RUN_hold035_2026-09-09/56-openroad-rcx/nom/asic_top.nom.spef line 4517849, instance ANTENNA_i_soc.i_instr_sram.u_sram.gen_bank\[2\].gen_512.u_macro_din0\[24\] not found.
[STA-1648] /home/blogic2026/run5/repo/asic/run/RUN_hold035_2026-09-09/56-openroad-rcx/nom/asic_top.nom.spef line 4517852, instance ANTENNA_i_soc.i_instr_sram.u_sram.gen_bank\[0\].gen_512.u_macro_din0\[24\] not found.
[STA-1650] /home/blogic2026/run5/repo/asic/run/RUN_hold035_2026-09-09/56-openroad-rcx/nom/asic_top.nom.spef line 4517857, net ANTENNA_i_soc.i_instr_sram.u_sram.gen_bank\[1\].gen_512.u_macro_din0\[24\] not found.
[STA-1650] /home/blogic2026/run5/repo/asic/run/RUN_hold035_2026-09-09/56-openroad-rcx/nom/asic_top.nom.spef line 4517859, net ANTENNA_i_soc.i_instr_sram.u_sram.gen_bank\[3\].gen_512.u_macro_din0\[24\] not found.
[STA-1650] /home/blogic2026/run5/repo/asic/run/RUN_hold035_2026-09-09/56-openroad-rcx/nom/asic_top.nom.spef line 4517861, net ANTENNA_i_soc.i_instr_sram.u_sram.gen_bank\[2\].gen_512.u_macro_din0\[24\] not found.
[STA-1650] /home/blogic2026/run5/repo/asic/run/RUN_hold035_2026-09-09/56-openroad-rcx/nom/asic_top.nom.spef line 4517864, net ANTENNA_i_soc.i_instr_sram.u_sram.gen_bank\[0\].gen_512.u_macro_din0\[24\] not found.
[STA-1650] /home/blogic2026/run5/repo/asic/run/RUN_hold035_2026-09-09/56-openroad-rcx/nom/asic_top.nom.spef line 4517884, net ANTENNA_i_soc.i_instr_sram.u_sram.gen_bank\[3\].gen_512.u_macro_din0\[24\] not found.
[STA-1650] /home/blogic2026/run5/repo/asic/run/RUN_hold035_2026-09-09/56-openroad-rcx/nom/asic_top.nom.spef line 4517884, net ANTENNA_i_soc.i_instr_sram.u_sram.gen_bank\[3\].gen_512.u_macro_din0\[25\] not found.
[STA-1650] /home/blogic2026/run5/repo/asic/run/RUN_hold035_2026-09-09/56-openroad-rcx/nom/asic_top.nom.spef line 4517885, net ANTENNA_i_soc.i_instr_sram.u_sram.gen_bank\[3\].gen_512.u_macro_din0\[24\] not found.
[STA-1650] /home/blogic2026/run5/repo/asic/run/RUN_hold035_2026-09-09/56-openroad-rcx/nom/asic_top.nom.spef line 4517886, net ANTENNA_i_soc.i_instr_sram.u_sram.gen_bank\[3\].gen_512.u_macro_din0\[24\] not found.
[STA-1650] /home/blogic2026/run5/repo/asic/run/RUN_hold035_2026-09-09/56-openroad-rcx/nom/asic_top.nom.spef line 4517887, net ANTENNA_i_soc.i_instr_sram.u_sram.gen_bank\[3\].gen_512.u_macro_din0\[24\] not found.
[STA-1650] message limit (1000) reached. This message will no longer print.
[STA-1648] /home/blogic2026/run5/repo/asic/run/RUN_hold035_2026-09-09/56-openroad-rcx/nom/asic_top.nom.spef line 4518008, instance ANTENNA_i_soc.i_instr_sram.u_sram.gen_bank\[3\].gen_512.u_macro_din0\[25\] not found.
[STA-1648] /home/blogic2026/run5/repo/asic/run/RUN_hold035_2026-09-09/56-openroad-rcx/nom/asic_top.nom.spef line 4518010, instance ANTENNA_i_soc.i_instr_sram.u_sram.gen_bank\[2\].gen_512.u_macro_din0\[25\] not found.
[STA-1648] /home/blogic2026/run5/repo/asic/run/RUN_hold035_2026-09-09/56-openroad-rcx/nom/asic_top.nom.spef line 4518012, instance ANTENNA_i_soc.i_instr_sram.u_sram.gen_bank\[0\].gen_512.u_macro_din0\[25\] not found.
[STA-1648] /home/blogic2026/run5/repo/asic/run/RUN_hold035_2026-09-09/56-openroad-rcx/nom/asic_top.nom.spef line 4518014, instance ANTENNA_i_soc.i_instr_sram.u_sram.gen_bank\[1\].gen_512.u_macro_din0\[25\] not found.
[STA-1648] /home/blogic2026/run5/repo/asic/run/RUN_hold035_2026-09-09/56-openroad-rcx/nom/asic_top.nom.spef line 4518210, instance ANTENNA_i_soc.i_instr_sram.u_sram.gen_bank\[3\].gen_512.u_macro_din0\[26\] not found.
[STA-1648] /home/blogic2026/run5/repo/asic/run/RUN_hold035_2026-09-09/56-openroad-rcx/nom/asic_top.nom.spef line 4518211, instance ANTENNA_i_soc.i_instr_sram.u_sram.gen_bank\[2\].gen_512.u_macro_din0\[26\] not found.
[STA-1648] /home/blogic2026/run5/repo/asic/run/RUN_hold035_2026-09-09/56-openroad-rcx/nom/asic_top.nom.spef line 4518213, instance ANTENNA_i_soc.i_instr_sram.u_sram.gen_bank\[0\].gen_512.u_macro_din0\[26\] not found.
[STA-1648] /home/blogic2026/run5/repo/asic/run/RUN_hold035_2026-09-09/56-openroad-rcx/nom/asic_top.nom.spef line 4518216, instance ANTENNA_i_soc.i_instr_sram.u_sram.gen_bank\[1\].gen_512.u_macro_din0\[26\] not found.
[STA-1648] /home/blogic2026/run5/repo/asic/run/RUN_hold035_2026-09-09/56-openroad-rcx/nom/asic_top.nom.spef line 4518386, instance ANTENNA_i_soc.i_instr_sram.u_sram.gen_bank\[3\].gen_512.u_macro_din0\[27\] not found.
[STA-1648] /home/blogic2026/run5/repo/asic/run/RUN_hold035_2026-09-09/56-openroad-rcx/nom/asic_top.nom.spef line 4518388, instance ANTENNA_i_soc.i_instr_sram.u_sram.gen_bank\[0\].gen_512.u_macro_din0\[27\] not found.
[STA-1648] /home/blogic2026/run5/repo/asic/run/RUN_hold035_2026-09-09/56-openroad-rcx/nom/asic_top.nom.spef line 4518391, instance ANTENNA_i_soc.i_instr_sram.u_sram.gen_bank\[2\].gen_512.u_macro_din0\[27\] not found.
[STA-1648] /home/blogic2026/run5/repo/asic/run/RUN_hold035_2026-09-09/56-openroad-rcx/nom/asic_top.nom.spef line 4518393, instance ANTENNA_i_soc.i_instr_sram.u_sram.gen_bank\[1\].gen_512.u_macro_din0\[27\] not found.
[STA-1648] /home/blogic2026/run5/repo/asic/run/RUN_hold035_2026-09-09/56-openroad-rcx/nom/asic_top.nom.spef line 4518535, instance ANTENNA_i_soc.i_instr_sram.u_sram.gen_bank\[1\].gen_512.u_macro_din0\[28\] not found.
[STA-1648] /home/blogic2026/run5/repo/asic/run/RUN_hold035_2026-09-09/56-openroad-rcx/nom/asic_top.nom.spef line 4518537, instance ANTENNA_i_soc.i_instr_sram.u_sram.gen_bank\[3\].gen_512.u_macro_din0\[28\] not found.
[STA-1648] /home/blogic2026/run5/repo/asic/run/RUN_hold035_2026-09-09/56-openroad-rcx/nom/asic_top.nom.spef line 4518540, instance ANTENNA_i_soc.i_instr_sram.u_sram.gen_bank\[2\].gen_512.u_macro_din0\[28\] not found.
[STA-1648] /home/blogic2026/run5/repo/asic/run/RUN_hold035_2026-09-09/56-openroad-rcx/nom/asic_top.nom.spef line 4518542, instance ANTENNA_i_soc.i_instr_sram.u_sram.gen_bank\[0\].gen_512.u_macro_din0\[28\] not found.
[STA-1648] /home/blogic2026/run5/repo/asic/run/RUN_hold035_2026-09-09/56-openroad-rcx/nom/asic_top.nom.spef line 4518687, instance ANTENNA_i_soc.i_instr_sram.u_sram.gen_bank\[3\].gen_512.u_macro_din0\[29\] not found.
[STA-1648] /home/blogic2026/run5/repo/asic/run/RUN_hold035_2026-09-09/56-openroad-rcx/nom/asic_top.nom.spef line 4518690, instance ANTENNA_i_soc.i_instr_sram.u_sram.gen_bank\[2\].gen_512.u_macro_din0\[29\] not found.
[STA-1648] /home/blogic2026/run5/repo/asic/run/RUN_hold035_2026-09-09/56-openroad-rcx/nom/asic_top.nom.spef line 4518691, instance ANTENNA_i_soc.i_instr_sram.u_sram.gen_bank\[0\].gen_512.u_macro_din0\[29\] not found.
[STA-1648] /home/blogic2026/run5/repo/asic/run/RUN_hold035_2026-09-09/56-openroad-rcx/nom/asic_top.nom.spef line 4518693, instance ANTENNA_i_soc.i_instr_sram.u_sram.gen_bank\[1\].gen_512.u_macro_din0\[29\] not found.
[STA-1648] /home/blogic2026/run5/repo/asic/run/RUN_hold035_2026-09-09/56-openroad-rcx/nom/asic_top.nom.spef line 4518849, instance ANTENNA_i_soc.i_instr_sram.u_sram.gen_bank\[2\].gen_512.u_macro_din0\[2\] not found.
[STA-1648] /home/blogic2026/run5/repo/asic/run/RUN_hold035_2026-09-09/56-openroad-rcx/nom/asic_top.nom.spef line 4518851, instance ANTENNA_i_soc.i_instr_sram.u_sram.gen_bank\[1\].gen_512.u_macro_din0\[2\] not found.
[STA-1648] /home/blogic2026/run5/repo/asic/run/RUN_hold035_2026-09-09/56-openroad-rcx/nom/asic_top.nom.spef line 4518853, instance ANTENNA_i_soc.i_instr_sram.u_sram.gen_bank\[3\].gen_512.u_macro_din0\[2\] not found.
[STA-1648] /home/blogic2026/run5/repo/asic/run/RUN_hold035_2026-09-09/56-openroad-rcx/nom/asic_top.nom.spef line 4518854, instance ANTENNA_i_soc.i_instr_sram.u_sram.gen_bank\[0\].gen_512.u_macro_din0\[2\] not found.
[STA-1648] /home/blogic2026/run5/repo/asic/run/RUN_hold035_2026-09-09/56-openroad-rcx/nom/asic_top.nom.spef line 4519002, instance ANTENNA_i_soc.i_instr_sram.u_sram.gen_bank\[3\].gen_512.u_macro_din0\[30\] not found.
[STA-1648] /home/blogic2026/run5/repo/asic/run/RUN_hold035_2026-09-09/56-openroad-rcx/nom/asic_top.nom.spef line 4519005, instance ANTENNA_i_soc.i_instr_sram.u_sram.gen_bank\[2\].gen_512.u_macro_din0\[30\] not found.
[STA-1648] /home/blogic2026/run5/repo/asic/run/RUN_hold035_2026-09-09/56-openroad-rcx/nom/asic_top.nom.spef line 4519006, instance ANTENNA_i_soc.i_instr_sram.u_sram.gen_bank\[0\].gen_512.u_macro_din0\[30\] not found.
[STA-1648] /home/blogic2026/run5/repo/asic/run/RUN_hold035_2026-09-09/56-openroad-rcx/nom/asic_top.nom.spef line 4519010, instance ANTENNA_i_soc.i_instr_sram.u_sram.gen_bank\[1\].gen_512.u_macro_din0\[30\] not found.
[STA-1648] /home/blogic2026/run5/repo/asic/run/RUN_hold035_2026-09-09/56-openroad-rcx/nom/asic_top.nom.spef line 4519218, instance ANTENNA_i_soc.i_instr_sram.u_sram.gen_bank\[3\].gen_512.u_macro_din0\[31\] not found.
[STA-1648] /home/blogic2026/run5/repo/asic/run/RUN_hold035_2026-09-09/56-openroad-rcx/nom/asic_top.nom.spef line 4519220, instance ANTENNA_i_soc.i_instr_sram.u_sram.gen_bank\[2\].gen_512.u_macro_din0\[31\] not found.
[STA-1648] /home/blogic2026/run5/repo/asic/run/RUN_hold035_2026-09-09/56-openroad-rcx/nom/asic_top.nom.spef line 4519222, instance ANTENNA_i_soc.i_instr_sram.u_sram.gen_bank\[0\].gen_512.u_macro_din0\[31\] not found.
[STA-1648] /home/blogic2026/run5/repo/asic/run/RUN_hold035_2026-09-09/56-openroad-rcx/nom/asic_top.nom.spef line 4519224, instance ANTENNA_i_soc.i_instr_sram.u_sram.gen_bank\[1\].gen_512.u_macro_din0\[31\] not found.
[STA-1648] /home/blogic2026/run5/repo/asic/run/RUN_hold035_2026-09-09/56-openroad-rcx/nom/asic_top.nom.spef line 4519380, instance ANTENNA_i_soc.i_instr_sram.u_sram.gen_bank\[3\].gen_512.u_macro_din0\[3\] not found.
[STA-1648] /home/blogic2026/run5/repo/asic/run/RUN_hold035_2026-09-09/56-openroad-rcx/nom/asic_top.nom.spef line 4519383, instance ANTENNA_i_soc.i_instr_sram.u_sram.gen_bank\[2\].gen_512.u_macro_din0\[3\] not found.
[STA-1648] /home/blogic2026/run5/repo/asic/run/RUN_hold035_2026-09-09/56-openroad-rcx/nom/asic_top.nom.spef line 4519384, instance ANTENNA_i_soc.i_instr_sram.u_sram.gen_bank\[0\].gen_512.u_macro_din0\[3\] not found.
[STA-1648] /home/blogic2026/run5/repo/asic/run/RUN_hold035_2026-09-09/56-openroad-rcx/nom/asic_top.nom.spef line 4519386, instance ANTENNA_i_soc.i_instr_sram.u_sram.gen_bank\[1\].gen_512.u_macro_din0\[3\] not found.
[STA-1648] /home/blogic2026/run5/repo/asic/run/RUN_hold035_2026-09-09/56-openroad-rcx/nom/asic_top.nom.spef line 4519518, instance ANTENNA_i_soc.i_instr_sram.u_sram.gen_bank\[1\].gen_512.u_macro_din0\[4\] not found.
[STA-1648] /home/blogic2026/run5/repo/asic/run/RUN_hold035_2026-09-09/56-openroad-rcx/nom/asic_top.nom.spef line 4519520, instance ANTENNA_i_soc.i_instr_sram.u_sram.gen_bank\[3\].gen_512.u_macro_din0\[4\] not found.
[STA-1648] /home/blogic2026/run5/repo/asic/run/RUN_hold035_2026-09-09/56-openroad-rcx/nom/asic_top.nom.spef line 4519523, instance ANTENNA_i_soc.i_instr_sram.u_sram.gen_bank\[2\].gen_512.u_macro_din0\[4\] not found.
[STA-1648] /home/blogic2026/run5/repo/asic/run/RUN_hold035_2026-09-09/56-openroad-rcx/nom/asic_top.nom.spef line 4519524, instance ANTENNA_i_soc.i_instr_sram.u_sram.gen_bank\[0\].gen_512.u_macro_din0\[4\] not found.
[STA-1648] /home/blogic2026/run5/repo/asic/run/RUN_hold035_2026-09-09/56-openroad-rcx/nom/asic_top.nom.spef line 4519672, instance ANTENNA_i_soc.i_instr_sram.u_sram.gen_bank\[2\].gen_512.u_macro_din0\[5\] not found.
[STA-1648] /home/blogic2026/run5/repo/asic/run/RUN_hold035_2026-09-09/56-openroad-rcx/nom/asic_top.nom.spef line 4519675, instance ANTENNA_i_soc.i_instr_sram.u_sram.gen_bank\[3\].gen_512.u_macro_din0\[5\] not found.
[STA-1648] /home/blogic2026/run5/repo/asic/run/RUN_hold035_2026-09-09/56-openroad-rcx/nom/asic_top.nom.spef line 4519676, instance ANTENNA_i_soc.i_instr_sram.u_sram.gen_bank\[0\].gen_512.u_macro_din0\[5\] not found.
[STA-1648] /home/blogic2026/run5/repo/asic/run/RUN_hold035_2026-09-09/56-openroad-rcx/nom/asic_top.nom.spef line 4519678, instance ANTENNA_i_soc.i_instr_sram.u_sram.gen_bank\[1\].gen_512.u_macro_din0\[5\] not found.
[STA-1648] /home/blogic2026/run5/repo/asic/run/RUN_hold035_2026-09-09/56-openroad-rcx/nom/asic_top.nom.spef line 4519827, instance ANTENNA_i_soc.i_instr_sram.u_sram.gen_bank\[1\].gen_512.u_macro_din0\[6\] not found.
[STA-1648] /home/blogic2026/run5/repo/asic/run/RUN_hold035_2026-09-09/56-openroad-rcx/nom/asic_top.nom.spef line 4519830, instance ANTENNA_i_soc.i_instr_sram.u_sram.gen_bank\[3\].gen_512.u_macro_din0\[6\] not found.
[STA-1648] /home/blogic2026/run5/repo/asic/run/RUN_hold035_2026-09-09/56-openroad-rcx/nom/asic_top.nom.spef line 4519831, instance ANTENNA_i_soc.i_instr_sram.u_sram.gen_bank\[0\].gen_512.u_macro_din0\[6\] not found.
[STA-1648] /home/blogic2026/run5/repo/asic/run/RUN_hold035_2026-09-09/56-openroad-rcx/nom/asic_top.nom.spef line 4519834, instance ANTENNA_i_soc.i_instr_sram.u_sram.gen_bank\[2\].gen_512.u_macro_din0\[6\] not found.
[STA-1648] /home/blogic2026/run5/repo/asic/run/RUN_hold035_2026-09-09/56-openroad-rcx/nom/asic_top.nom.spef line 4519968, instance ANTENNA_i_soc.i_instr_sram.u_sram.gen_bank\[3\].gen_512.u_macro_din0\[7\] not found.
[STA-1648] /home/blogic2026/run5/repo/asic/run/RUN_hold035_2026-09-09/56-openroad-rcx/nom/asic_top.nom.spef line 4519969, instance ANTENNA_i_soc.i_instr_sram.u_sram.gen_bank\[0\].gen_512.u_macro_din0\[7\] not found.
[STA-1648] /home/blogic2026/run5/repo/asic/run/RUN_hold035_2026-09-09/56-openroad-rcx/nom/asic_top.nom.spef line 4519972, instance ANTENNA_i_soc.i_instr_sram.u_sram.gen_bank\[2\].gen_512.u_macro_din0\[7\] not found.
[STA-1648] /home/blogic2026/run5/repo/asic/run/RUN_hold035_2026-09-09/56-openroad-rcx/nom/asic_top.nom.spef line 4519973, instance ANTENNA_i_soc.i_instr_sram.u_sram.gen_bank\[1\].gen_512.u_macro_din0\[7\] not found.
[STA-1648] /home/blogic2026/run5/repo/asic/run/RUN_hold035_2026-09-09/56-openroad-rcx/nom/asic_top.nom.spef line 4520133, instance ANTENNA_i_soc.i_instr_sram.u_sram.gen_bank\[2\].gen_512.u_macro_din0\[8\] not found.
[STA-1648] /home/blogic2026/run5/repo/asic/run/RUN_hold035_2026-09-09/56-openroad-rcx/nom/asic_top.nom.spef line 4520136, instance ANTENNA_i_soc.i_instr_sram.u_sram.gen_bank\[1\].gen_512.u_macro_din0\[8\] not found.
[STA-1648] /home/blogic2026/run5/repo/asic/run/RUN_hold035_2026-09-09/56-openroad-rcx/nom/asic_top.nom.spef line 4520138, instance ANTENNA_i_soc.i_instr_sram.u_sram.gen_bank\[3\].gen_512.u_macro_din0\[8\] not found.
[STA-1648] /home/blogic2026/run5/repo/asic/run/RUN_hold035_2026-09-09/56-openroad-rcx/nom/asic_top.nom.spef line 4520139, instance ANTENNA_i_soc.i_instr_sram.u_sram.gen_bank\[0\].gen_512.u_macro_din0\[8\] not found.
[STA-1648] /home/blogic2026/run5/repo/asic/run/RUN_hold035_2026-09-09/56-openroad-rcx/nom/asic_top.nom.spef line 4520333, instance ANTENNA_i_soc.i_instr_sram.u_sram.gen_bank\[1\].gen_512.u_macro_din0\[9\] not found.
[STA-1648] /home/blogic2026/run5/repo/asic/run/RUN_hold035_2026-09-09/56-openroad-rcx/nom/asic_top.nom.spef line 4520335, instance ANTENNA_i_soc.i_instr_sram.u_sram.gen_bank\[3\].gen_512.u_macro_din0\[9\] not found.
[STA-1648] /home/blogic2026/run5/repo/asic/run/RUN_hold035_2026-09-09/56-openroad-rcx/nom/asic_top.nom.spef line 4520338, instance ANTENNA_i_soc.i_instr_sram.u_sram.gen_bank\[2\].gen_512.u_macro_din0\[9\] not found.
[STA-1648] /home/blogic2026/run5/repo/asic/run/RUN_hold035_2026-09-09/56-openroad-rcx/nom/asic_top.nom.spef line 4520339, instance ANTENNA_i_soc.i_instr_sram.u_sram.gen_bank\[0\].gen_512.u_macro_din0\[9\] not found.
[STA-1648] /home/blogic2026/run5/repo/asic/run/RUN_hold035_2026-09-09/56-openroad-rcx/nom/asic_top.nom.spef line 4522172, instance ANTENNA_i_soc.i_data_sram.u_sram.gen_bank\[3\].gen_512.u_macro_dout1\[0\] not found.
[STA-1648] /home/blogic2026/run5/repo/asic/run/RUN_hold035_2026-09-09/56-openroad-rcx/nom/asic_top.nom.spef line 4522392, instance ANTENNA_i_soc.i_data_sram.u_sram.gen_bank\[3\].gen_512.u_macro_dout1\[10\] not found.
[STA-1648] /home/blogic2026/run5/repo/asic/run/RUN_hold035_2026-09-09/56-openroad-rcx/nom/asic_top.nom.spef line 4522610, instance ANTENNA_i_soc.i_data_sram.u_sram.gen_bank\[3\].gen_512.u_macro_dout1\[11\] not found.
[STA-1648] /home/blogic2026/run5/repo/asic/run/RUN_hold035_2026-09-09/56-openroad-rcx/nom/asic_top.nom.spef line 4522783, instance ANTENNA_i_soc.i_data_sram.u_sram.gen_bank\[3\].gen_512.u_macro_dout1\[12\] not found.
[STA-1648] /home/blogic2026/run5/repo/asic/run/RUN_hold035_2026-09-09/56-openroad-rcx/nom/asic_top.nom.spef line 4522818, instance ANTENNA_i_soc.i_data_sram.u_sram.gen_bank\[3\].gen_512.u_macro_dout1\[13\] not found.
[STA-1648] /home/blogic2026/run5/repo/asic/run/RUN_hold035_2026-09-09/56-openroad-rcx/nom/asic_top.nom.spef line 4522849, instance ANTENNA_i_soc.i_data_sram.u_sram.gen_bank\[3\].gen_512.u_macro_dout1\[14\] not found.
[STA-1648] /home/blogic2026/run5/repo/asic/run/RUN_hold035_2026-09-09/56-openroad-rcx/nom/asic_top.nom.spef line 4522881, instance ANTENNA_i_soc.i_data_sram.u_sram.gen_bank\[3\].gen_512.u_macro_dout1\[15\] not found.
[STA-1648] /home/blogic2026/run5/repo/asic/run/RUN_hold035_2026-09-09/56-openroad-rcx/nom/asic_top.nom.spef line 4522913, instance ANTENNA_i_soc.i_data_sram.u_sram.gen_bank\[3\].gen_512.u_macro_dout1\[16\] not found.
[STA-1648] /home/blogic2026/run5/repo/asic/run/RUN_hold035_2026-09-09/56-openroad-rcx/nom/asic_top.nom.spef line 4522943, instance ANTENNA_i_soc.i_data_sram.u_sram.gen_bank\[3\].gen_512.u_macro_dout1\[17\] not found.
[STA-1648] /home/blogic2026/run5/repo/asic/run/RUN_hold035_2026-09-09/56-openroad-rcx/nom/asic_top.nom.spef line 4522976, instance ANTENNA_i_soc.i_data_sram.u_sram.gen_bank\[3\].gen_512.u_macro_dout1\[18\] not found.
[STA-1648] /home/blogic2026/run5/repo/asic/run/RUN_hold035_2026-09-09/56-openroad-rcx/nom/asic_top.nom.spef line 4523010, instance ANTENNA_i_soc.i_data_sram.u_sram.gen_bank\[3\].gen_512.u_macro_dout1\[19\] not found.
[STA-1648] /home/blogic2026/run5/repo/asic/run/RUN_hold035_2026-09-09/56-openroad-rcx/nom/asic_top.nom.spef line 4523039, instance ANTENNA_i_soc.i_data_sram.u_sram.gen_bank\[3\].gen_512.u_macro_dout1\[1\] not found.
[STA-1648] /home/blogic2026/run5/repo/asic/run/RUN_hold035_2026-09-09/56-openroad-rcx/nom/asic_top.nom.spef line 4523076, instance ANTENNA_i_soc.i_data_sram.u_sram.gen_bank\[3\].gen_512.u_macro_dout1\[20\] not found.
[STA-1648] /home/blogic2026/run5/repo/asic/run/RUN_hold035_2026-09-09/56-openroad-rcx/nom/asic_top.nom.spef line 4523141, instance ANTENNA_i_soc.i_data_sram.u_sram.gen_bank\[3\].gen_512.u_macro_dout1\[21\] not found.
[STA-1648] /home/blogic2026/run5/repo/asic/run/RUN_hold035_2026-09-09/56-openroad-rcx/nom/asic_top.nom.spef line 4523214, instance ANTENNA_i_soc.i_data_sram.u_sram.gen_bank\[3\].gen_512.u_macro_dout1\[24\] not found.
[STA-1648] /home/blogic2026/run5/repo/asic/run/RUN_hold035_2026-09-09/56-openroad-rcx/nom/asic_top.nom.spef line 4523251, instance ANTENNA_i_soc.i_data_sram.u_sram.gen_bank\[3\].gen_512.u_macro_dout1\[25\] not found.
[STA-1648] /home/blogic2026/run5/repo/asic/run/RUN_hold035_2026-09-09/56-openroad-rcx/nom/asic_top.nom.spef line 4523283, instance ANTENNA_i_soc.i_data_sram.u_sram.gen_bank\[3\].gen_512.u_macro_dout1\[26\] not found.
[STA-1648] /home/blogic2026/run5/repo/asic/run/RUN_hold035_2026-09-09/56-openroad-rcx/nom/asic_top.nom.spef line 4523325, instance ANTENNA_i_soc.i_data_sram.u_sram.gen_bank\[3\].gen_512.u_macro_dout1\[27\] not found.
[STA-1648] /home/blogic2026/run5/repo/asic/run/RUN_hold035_2026-09-09/56-openroad-rcx/nom/asic_top.nom.spef line 4523378, instance ANTENNA_i_soc.i_data_sram.u_sram.gen_bank\[3\].gen_512.u_macro_dout1\[29\] not found.
[STA-1648] /home/blogic2026/run5/repo/asic/run/RUN_hold035_2026-09-09/56-openroad-rcx/nom/asic_top.nom.spef line 4523408, instance ANTENNA_i_soc.i_data_sram.u_sram.gen_bank\[3\].gen_512.u_macro_dout1\[2\] not found.
[STA-1648] /home/blogic2026/run5/repo/asic/run/RUN_hold035_2026-09-09/56-openroad-rcx/nom/asic_top.nom.spef line 4523476, instance ANTENNA_i_soc.i_data_sram.u_sram.gen_bank\[2\].gen_512.u_macro_dout1\[0\] not found.
[STA-1648] /home/blogic2026/run5/repo/asic/run/RUN_hold035_2026-09-09/56-openroad-rcx/nom/asic_top.nom.spef line 4523516, instance ANTENNA_i_soc.i_data_sram.u_sram.gen_bank\[2\].gen_512.u_macro_dout1\[1\] not found.
[STA-1648] /home/blogic2026/run5/repo/asic/run/RUN_hold035_2026-09-09/56-openroad-rcx/nom/asic_top.nom.spef line 4523558, instance ANTENNA_i_soc.i_data_sram.u_sram.gen_bank\[2\].gen_512.u_macro_dout1\[2\] not found.
[STA-1648] /home/blogic2026/run5/repo/asic/run/RUN_hold035_2026-09-09/56-openroad-rcx/nom/asic_top.nom.spef line 4523600, instance ANTENNA_i_soc.i_data_sram.u_sram.gen_bank\[2\].gen_512.u_macro_dout1\[3\] not found.
[STA-1648] /home/blogic2026/run5/repo/asic/run/RUN_hold035_2026-09-09/56-openroad-rcx/nom/asic_top.nom.spef line 4523641, instance ANTENNA_i_soc.i_data_sram.u_sram.gen_bank\[2\].gen_512.u_macro_dout1\[4\] not found.
[STA-1648] /home/blogic2026/run5/repo/asic/run/RUN_hold035_2026-09-09/56-openroad-rcx/nom/asic_top.nom.spef line 4523687, instance ANTENNA_i_soc.i_data_sram.u_sram.gen_bank\[2\].gen_512.u_macro_dout1\[5\] not found.
[STA-1648] /home/blogic2026/run5/repo/asic/run/RUN_hold035_2026-09-09/56-openroad-rcx/nom/asic_top.nom.spef line 4523728, instance ANTENNA_i_soc.i_data_sram.u_sram.gen_bank\[2\].gen_512.u_macro_dout1\[6\] not found.
[STA-1648] /home/blogic2026/run5/repo/asic/run/RUN_hold035_2026-09-09/56-openroad-rcx/nom/asic_top.nom.spef line 4523778, instance ANTENNA_i_soc.i_data_sram.u_sram.gen_bank\[2\].gen_512.u_macro_dout1\[7\] not found.
[STA-1648] /home/blogic2026/run5/repo/asic/run/RUN_hold035_2026-09-09/56-openroad-rcx/nom/asic_top.nom.spef line 4523835, instance ANTENNA_i_soc.i_data_sram.u_sram.gen_bank\[3\].gen_512.u_macro_dout1\[3\] not found.
[STA-1648] /home/blogic2026/run5/repo/asic/run/RUN_hold035_2026-09-09/56-openroad-rcx/nom/asic_top.nom.spef line 4523874, instance ANTENNA_i_soc.i_data_sram.u_sram.gen_bank\[2\].gen_512.u_macro_dout1\[8\] not found.
[STA-1648] /home/blogic2026/run5/repo/asic/run/RUN_hold035_2026-09-09/56-openroad-rcx/nom/asic_top.nom.spef line 4523941, instance ANTENNA_i_soc.i_data_sram.u_sram.gen_bank\[2\].gen_512.u_macro_dout1\[9\] not found.
[STA-1648] /home/blogic2026/run5/repo/asic/run/RUN_hold035_2026-09-09/56-openroad-rcx/nom/asic_top.nom.spef line 4524022, instance ANTENNA_i_soc.i_data_sram.u_sram.gen_bank\[2\].gen_512.u_macro_dout1\[11\] not found.
[STA-1648] /home/blogic2026/run5/repo/asic/run/RUN_hold035_2026-09-09/56-openroad-rcx/nom/asic_top.nom.spef line 4524074, instance ANTENNA_i_soc.i_data_sram.u_sram.gen_bank\[2\].gen_512.u_macro_dout1\[12\] not found.
[STA-1648] /home/blogic2026/run5/repo/asic/run/RUN_hold035_2026-09-09/56-openroad-rcx/nom/asic_top.nom.spef line 4524133, instance ANTENNA_i_soc.i_data_sram.u_sram.gen_bank\[2\].gen_512.u_macro_dout1\[13\] not found.
[STA-1648] /home/blogic2026/run5/repo/asic/run/RUN_hold035_2026-09-09/56-openroad-rcx/nom/asic_top.nom.spef line 4524186, instance ANTENNA_i_soc.i_data_sram.u_sram.gen_bank\[2\].gen_512.u_macro_dout1\[14\] not found.
[STA-1648] /home/blogic2026/run5/repo/asic/run/RUN_hold035_2026-09-09/56-openroad-rcx/nom/asic_top.nom.spef line 4524279, instance ANTENNA_i_soc.i_data_sram.u_sram.gen_bank\[2\].gen_512.u_macro_dout1\[15\] not found.
[STA-1648] /home/blogic2026/run5/repo/asic/run/RUN_hold035_2026-09-09/56-openroad-rcx/nom/asic_top.nom.spef line 4524367, instance ANTENNA_i_soc.i_data_sram.u_sram.gen_bank\[2\].gen_512.u_macro_dout1\[16\] not found.
[STA-1648] /home/blogic2026/run5/repo/asic/run/RUN_hold035_2026-09-09/56-openroad-rcx/nom/asic_top.nom.spef line 4524419, instance ANTENNA_i_soc.i_data_sram.u_sram.gen_bank\[2\].gen_512.u_macro_dout1\[17\] not found.
[STA-1648] /home/blogic2026/run5/repo/asic/run/RUN_hold035_2026-09-09/56-openroad-rcx/nom/asic_top.nom.spef line 4524483, instance ANTENNA_i_soc.i_data_sram.u_sram.gen_bank\[3\].gen_512.u_macro_dout1\[4\] not found.
[STA-1648] /home/blogic2026/run5/repo/asic/run/RUN_hold035_2026-09-09/56-openroad-rcx/nom/asic_top.nom.spef line 4524525, instance ANTENNA_i_soc.i_data_sram.u_sram.gen_bank\[2\].gen_512.u_macro_dout1\[18\] not found.
[STA-1648] /home/blogic2026/run5/repo/asic/run/RUN_hold035_2026-09-09/56-openroad-rcx/nom/asic_top.nom.spef line 4524576, instance ANTENNA_i_soc.i_data_sram.u_sram.gen_bank\[2\].gen_512.u_macro_dout1\[19\] not found.
[STA-1648] /home/blogic2026/run5/repo/asic/run/RUN_hold035_2026-09-09/56-openroad-rcx/nom/asic_top.nom.spef line 4524625, instance ANTENNA_i_soc.i_data_sram.u_sram.gen_bank\[2\].gen_512.u_macro_dout1\[20\] not found.
[STA-1648] /home/blogic2026/run5/repo/asic/run/RUN_hold035_2026-09-09/56-openroad-rcx/nom/asic_top.nom.spef line 4524680, instance ANTENNA_i_soc.i_data_sram.u_sram.gen_bank\[2\].gen_512.u_macro_dout1\[21\] not found.
[STA-1648] /home/blogic2026/run5/repo/asic/run/RUN_hold035_2026-09-09/56-openroad-rcx/nom/asic_top.nom.spef line 4524737, instance ANTENNA_i_soc.i_data_sram.u_sram.gen_bank\[2\].gen_512.u_macro_dout1\[22\] not found.
[STA-1648] /home/blogic2026/run5/repo/asic/run/RUN_hold035_2026-09-09/56-openroad-rcx/nom/asic_top.nom.spef line 4524787, instance ANTENNA_i_soc.i_data_sram.u_sram.gen_bank\[2\].gen_512.u_macro_dout1\[23\] not found.
[STA-1648] /home/blogic2026/run5/repo/asic/run/RUN_hold035_2026-09-09/56-openroad-rcx/nom/asic_top.nom.spef line 4524840, instance ANTENNA_i_soc.i_data_sram.u_sram.gen_bank\[2\].gen_512.u_macro_dout1\[24\] not found.
[STA-1648] /home/blogic2026/run5/repo/asic/run/RUN_hold035_2026-09-09/56-openroad-rcx/nom/asic_top.nom.spef line 4524890, instance ANTENNA_i_soc.i_data_sram.u_sram.gen_bank\[2\].gen_512.u_macro_dout1\[25\] not found.
[STA-1648] /home/blogic2026/run5/repo/asic/run/RUN_hold035_2026-09-09/56-openroad-rcx/nom/asic_top.nom.spef line 4524972, instance ANTENNA_i_soc.i_data_sram.u_sram.gen_bank\[2\].gen_512.u_macro_dout1\[26\] not found.
[STA-1648] /home/blogic2026/run5/repo/asic/run/RUN_hold035_2026-09-09/56-openroad-rcx/nom/asic_top.nom.spef line 4525039, instance ANTENNA_i_soc.i_data_sram.u_sram.gen_bank\[2\].gen_512.u_macro_dout1\[27\] not found.
[STA-1648] /home/blogic2026/run5/repo/asic/run/RUN_hold035_2026-09-09/56-openroad-rcx/nom/asic_top.nom.spef line 4525079, instance ANTENNA_i_soc.i_data_sram.u_sram.gen_bank\[3\].gen_512.u_macro_dout1\[5\] not found.
[STA-1648] /home/blogic2026/run5/repo/asic/run/RUN_hold035_2026-09-09/56-openroad-rcx/nom/asic_top.nom.spef line 4525120, instance ANTENNA_i_soc.i_data_sram.u_sram.gen_bank\[2\].gen_512.u_macro_dout1\[28\] not found.
[STA-1648] /home/blogic2026/run5/repo/asic/run/RUN_hold035_2026-09-09/56-openroad-rcx/nom/asic_top.nom.spef line 4525159, instance ANTENNA_i_soc.i_data_sram.u_sram.gen_bank\[2\].gen_512.u_macro_dout1\[29\] not found.
[STA-1648] /home/blogic2026/run5/repo/asic/run/RUN_hold035_2026-09-09/56-openroad-rcx/nom/asic_top.nom.spef line 4525202, instance ANTENNA_i_soc.i_data_sram.u_sram.gen_bank\[2\].gen_512.u_macro_dout1\[30\] not found.
[STA-1648] /home/blogic2026/run5/repo/asic/run/RUN_hold035_2026-09-09/56-openroad-rcx/nom/asic_top.nom.spef line 4525240, instance ANTENNA_i_soc.i_data_sram.u_sram.gen_bank\[2\].gen_512.u_macro_dout1\[31\] not found.
[STA-1648] /home/blogic2026/run5/repo/asic/run/RUN_hold035_2026-09-09/56-openroad-rcx/nom/asic_top.nom.spef line 4525277, instance ANTENNA_i_soc.i_data_sram.u_sram.gen_bank\[1\].gen_512.u_macro_dout1\[0\] not found.
[STA-1648] /home/blogic2026/run5/repo/asic/run/RUN_hold035_2026-09-09/56-openroad-rcx/nom/asic_top.nom.spef line 4525316, instance ANTENNA_i_soc.i_data_sram.u_sram.gen_bank\[1\].gen_512.u_macro_dout1\[1\] not found.
[STA-1648] /home/blogic2026/run5/repo/asic/run/RUN_hold035_2026-09-09/56-openroad-rcx/nom/asic_top.nom.spef line 4525418, instance ANTENNA_i_soc.i_data_sram.u_sram.gen_bank\[3\].gen_512.u_macro_dout1\[6\] not found.
[STA-1648] /home/blogic2026/run5/repo/asic/run/RUN_hold035_2026-09-09/56-openroad-rcx/nom/asic_top.nom.spef line 4525645, instance ANTENNA_i_soc.i_data_sram.u_sram.gen_bank\[3\].gen_512.u_macro_dout1\[7\] not found.
[STA-1648] /home/blogic2026/run5/repo/asic/run/RUN_hold035_2026-09-09/56-openroad-rcx/nom/asic_top.nom.spef line 4525858, instance ANTENNA_i_soc.i_data_sram.u_sram.gen_bank\[3\].gen_512.u_macro_dout1\[8\] not found.
[STA-1648] /home/blogic2026/run5/repo/asic/run/RUN_hold035_2026-09-09/56-openroad-rcx/nom/asic_top.nom.spef line 4526079, instance ANTENNA_i_soc.i_data_sram.u_sram.gen_bank\[3\].gen_512.u_macro_dout1\[9\] not found.
[STA-1648] /home/blogic2026/run5/repo/asic/run/RUN_hold035_2026-09-09/56-openroad-rcx/nom/asic_top.nom.spef line 4697024, instance ANTENNA_i_soc.i_instr_sram.u_sram.gen_bank\[3\].gen_512.u_macro_dout1\[0\] not found.
[STA-1648] /home/blogic2026/run5/repo/asic/run/RUN_hold035_2026-09-09/56-openroad-rcx/nom/asic_top.nom.spef line 4697244, instance ANTENNA_i_soc.i_instr_sram.u_sram.gen_bank\[3\].gen_512.u_macro_dout1\[10\] not found.
[STA-1648] /home/blogic2026/run5/repo/asic/run/RUN_hold035_2026-09-09/56-openroad-rcx/nom/asic_top.nom.spef line 4697486, instance ANTENNA_i_soc.i_instr_sram.u_sram.gen_bank\[3\].gen_512.u_macro_dout1\[11\] not found.
[STA-1648] /home/blogic2026/run5/repo/asic/run/RUN_hold035_2026-09-09/56-openroad-rcx/nom/asic_top.nom.spef line 4697780, instance ANTENNA_i_soc.i_instr_sram.u_sram.gen_bank\[3\].gen_512.u_macro_dout1\[12\] not found.
[STA-1648] /home/blogic2026/run5/repo/asic/run/RUN_hold035_2026-09-09/56-openroad-rcx/nom/asic_top.nom.spef line 4697833, instance ANTENNA_i_soc.i_instr_sram.u_sram.gen_bank\[3\].gen_512.u_macro_dout1\[13\] not found.
[STA-1648] /home/blogic2026/run5/repo/asic/run/RUN_hold035_2026-09-09/56-openroad-rcx/nom/asic_top.nom.spef line 4697899, instance ANTENNA_i_soc.i_instr_sram.u_sram.gen_bank\[3\].gen_512.u_macro_dout1\[14\] not found.
[STA-1648] /home/blogic2026/run5/repo/asic/run/RUN_hold035_2026-09-09/56-openroad-rcx/nom/asic_top.nom.spef line 4697955, instance ANTENNA_i_soc.i_instr_sram.u_sram.gen_bank\[3\].gen_512.u_macro_dout1\[15\] not found.
[STA-1648] /home/blogic2026/run5/repo/asic/run/RUN_hold035_2026-09-09/56-openroad-rcx/nom/asic_top.nom.spef line 4698008, instance ANTENNA_i_soc.i_instr_sram.u_sram.gen_bank\[3\].gen_512.u_macro_dout1\[16\] not found.
[STA-1648] /home/blogic2026/run5/repo/asic/run/RUN_hold035_2026-09-09/56-openroad-rcx/nom/asic_top.nom.spef line 4698076, instance ANTENNA_i_soc.i_instr_sram.u_sram.gen_bank\[3\].gen_512.u_macro_dout1\[17\] not found.
[STA-1648] /home/blogic2026/run5/repo/asic/run/RUN_hold035_2026-09-09/56-openroad-rcx/nom/asic_top.nom.spef line 4698119, instance ANTENNA_i_soc.i_instr_sram.u_sram.gen_bank\[3\].gen_512.u_macro_dout1\[18\] not found.
[STA-1648] /home/blogic2026/run5/repo/asic/run/RUN_hold035_2026-09-09/56-openroad-rcx/nom/asic_top.nom.spef line 4698179, instance ANTENNA_i_soc.i_instr_sram.u_sram.gen_bank\[3\].gen_512.u_macro_dout1\[19\] not found.
[STA-1648] /home/blogic2026/run5/repo/asic/run/RUN_hold035_2026-09-09/56-openroad-rcx/nom/asic_top.nom.spef line 4698231, instance ANTENNA_i_soc.i_instr_sram.u_sram.gen_bank\[3\].gen_512.u_macro_dout1\[1\] not found.
[STA-1648] /home/blogic2026/run5/repo/asic/run/RUN_hold035_2026-09-09/56-openroad-rcx/nom/asic_top.nom.spef line 4698276, instance ANTENNA_i_soc.i_instr_sram.u_sram.gen_bank\[3\].gen_512.u_macro_dout1\[20\] not found.
[STA-1648] /home/blogic2026/run5/repo/asic/run/RUN_hold035_2026-09-09/56-openroad-rcx/nom/asic_top.nom.spef line 4698339, instance ANTENNA_i_soc.i_instr_sram.u_sram.gen_bank\[3\].gen_512.u_macro_dout1\[21\] not found.
[STA-1648] /home/blogic2026/run5/repo/asic/run/RUN_hold035_2026-09-09/56-openroad-rcx/nom/asic_top.nom.spef line 4698386, instance ANTENNA_i_soc.i_instr_sram.u_sram.gen_bank\[3\].gen_512.u_macro_dout1\[22\] not found.
[STA-1648] /home/blogic2026/run5/repo/asic/run/RUN_hold035_2026-09-09/56-openroad-rcx/nom/asic_top.nom.spef line 4698435, instance ANTENNA_i_soc.i_instr_sram.u_sram.gen_bank\[3\].gen_512.u_macro_dout1\[23\] not found.
[STA-1648] /home/blogic2026/run5/repo/asic/run/RUN_hold035_2026-09-09/56-openroad-rcx/nom/asic_top.nom.spef line 4698488, instance ANTENNA_i_soc.i_instr_sram.u_sram.gen_bank\[3\].gen_512.u_macro_dout1\[24\] not found.
[STA-1648] /home/blogic2026/run5/repo/asic/run/RUN_hold035_2026-09-09/56-openroad-rcx/nom/asic_top.nom.spef line 4698530, instance ANTENNA_i_soc.i_instr_sram.u_sram.gen_bank\[3\].gen_512.u_macro_dout1\[25\] not found.
[STA-1648] /home/blogic2026/run5/repo/asic/run/RUN_hold035_2026-09-09/56-openroad-rcx/nom/asic_top.nom.spef line 4698579, instance ANTENNA_i_soc.i_instr_sram.u_sram.gen_bank\[3\].gen_512.u_macro_dout1\[26\] not found.
[STA-1648] /home/blogic2026/run5/repo/asic/run/RUN_hold035_2026-09-09/56-openroad-rcx/nom/asic_top.nom.spef line 4698625, instance ANTENNA_i_soc.i_instr_sram.u_sram.gen_bank\[3\].gen_512.u_macro_dout1\[27\] not found.
[STA-1648] /home/blogic2026/run5/repo/asic/run/RUN_hold035_2026-09-09/56-openroad-rcx/nom/asic_top.nom.spef line 4698691, instance ANTENNA_i_soc.i_instr_sram.u_sram.gen_bank\[3\].gen_512.u_macro_dout1\[28\] not found.
[STA-1648] /home/blogic2026/run5/repo/asic/run/RUN_hold035_2026-09-09/56-openroad-rcx/nom/asic_top.nom.spef line 4698728, instance ANTENNA_i_soc.i_instr_sram.u_sram.gen_bank\[3\].gen_512.u_macro_dout1\[29\] not found.
[STA-1648] /home/blogic2026/run5/repo/asic/run/RUN_hold035_2026-09-09/56-openroad-rcx/nom/asic_top.nom.spef line 4698770, instance ANTENNA_i_soc.i_instr_sram.u_sram.gen_bank\[3\].gen_512.u_macro_dout1\[2\] not found.
[STA-1648] /home/blogic2026/run5/repo/asic/run/RUN_hold035_2026-09-09/56-openroad-rcx/nom/asic_top.nom.spef line 4698815, instance ANTENNA_i_soc.i_instr_sram.u_sram.gen_bank\[3\].gen_512.u_macro_dout1\[30\] not found.
[STA-1648] /home/blogic2026/run5/repo/asic/run/RUN_hold035_2026-09-09/56-openroad-rcx/nom/asic_top.nom.spef line 4698858, instance ANTENNA_i_soc.i_instr_sram.u_sram.gen_bank\[3\].gen_512.u_macro_dout1\[31\] not found.
[STA-1648] /home/blogic2026/run5/repo/asic/run/RUN_hold035_2026-09-09/56-openroad-rcx/nom/asic_top.nom.spef line 4698995, instance ANTENNA_i_soc.i_instr_sram.u_sram.gen_bank\[3\].gen_512.u_macro_dout1\[3\] not found.
[STA-1648] /home/blogic2026/run5/repo/asic/run/RUN_hold035_2026-09-09/56-openroad-rcx/nom/asic_top.nom.spef line 4699172, instance ANTENNA_i_soc.i_instr_sram.u_sram.gen_bank\[3\].gen_512.u_macro_dout1\[4\] not found.
[STA-1648] /home/blogic2026/run5/repo/asic/run/RUN_hold035_2026-09-09/56-openroad-rcx/nom/asic_top.nom.spef line 4699219, instance ANTENNA_i_soc.i_instr_sram.u_sram.gen_bank\[2\].gen_512.u_macro_dout1\[18\] not found.
[STA-1648] /home/blogic2026/run5/repo/asic/run/RUN_hold035_2026-09-09/56-openroad-rcx/nom/asic_top.nom.spef line 4699387, instance ANTENNA_i_soc.i_instr_sram.u_sram.gen_bank\[3\].gen_512.u_macro_dout1\[5\] not found.
[STA-1648] /home/blogic2026/run5/repo/asic/run/RUN_hold035_2026-09-09/56-openroad-rcx/nom/asic_top.nom.spef line 4699605, instance ANTENNA_i_soc.i_instr_sram.u_sram.gen_bank\[3\].gen_512.u_macro_dout1\[6\] not found.
[STA-1648] /home/blogic2026/run5/repo/asic/run/RUN_hold035_2026-09-09/56-openroad-rcx/nom/asic_top.nom.spef line 4699796, instance ANTENNA_i_soc.i_instr_sram.u_sram.gen_bank\[3\].gen_512.u_macro_dout1\[7\] not found.
[STA-1648] /home/blogic2026/run5/repo/asic/run/RUN_hold035_2026-09-09/56-openroad-rcx/nom/asic_top.nom.spef line 4700031, instance ANTENNA_i_soc.i_instr_sram.u_sram.gen_bank\[3\].gen_512.u_macro_dout1\[8\] not found.
[STA-1648] /home/blogic2026/run5/repo/asic/run/RUN_hold035_2026-09-09/56-openroad-rcx/nom/asic_top.nom.spef line 4700250, instance ANTENNA_i_soc.i_instr_sram.u_sram.gen_bank\[3\].gen_512.u_macro_dout1\[9\] not found.
[STA-1648] /home/blogic2026/run5/repo/asic/run/RUN_hold035_2026-09-09/56-openroad-rcx/nom/asic_top.nom.spef line 5178709, instance ANTENNA_i_soc.i_ai_sram.u_sram.gen_bank\[3\].gen_512.u_macro_addr1\[7\] not found.
[STA-1648] /home/blogic2026/run5/repo/asic/run/RUN_hold035_2026-09-09/56-openroad-rcx/nom/asic_top.nom.spef line 5180040, instance ANTENNA_i_soc.i_ai_sram.u_sram.gen_bank\[0\].gen_512.u_macro_addr1\[5\] not found.
[STA-1648] /home/blogic2026/run5/repo/asic/run/RUN_hold035_2026-09-09/56-openroad-rcx/nom/asic_top.nom.spef line 5180897, instance ANTENNA_i_soc.i_ai_sram.u_sram.gen_bank\[1\].gen_512.u_macro_addr1\[5\] not found.
[STA-1648] /home/blogic2026/run5/repo/asic/run/RUN_hold035_2026-09-09/56-openroad-rcx/nom/asic_top.nom.spef line 5181683, instance ANTENNA_i_soc.i_ai_sram.u_sram.gen_bank\[2\].gen_512.u_macro_addr1\[5\] not found.
[STA-1648] /home/blogic2026/run5/repo/asic/run/RUN_hold035_2026-09-09/56-openroad-rcx/nom/asic_top.nom.spef line 5182198, instance ANTENNA_i_soc.i_ai_sram.u_sram.gen_bank\[3\].gen_512.u_macro_addr1\[5\] not found.
[STA-1648] /home/blogic2026/run5/repo/asic/run/RUN_hold035_2026-09-09/56-openroad-rcx/nom/asic_top.nom.spef line 5185408, instance ANTENNA_i_soc.i_ai_accel.u_input_mem_din0\[4\] not found.
[STA-1648] /home/blogic2026/run5/repo/asic/run/RUN_hold035_2026-09-09/56-openroad-rcx/nom/asic_top.nom.spef line 5185497, instance ANTENNA_i_soc.i_ai_accel.u_input_mem_din0\[6\] not found.
[STA-1648] /home/blogic2026/run5/repo/asic/run/RUN_hold035_2026-09-09/56-openroad-rcx/nom/asic_top.nom.spef line 5185579, instance ANTENNA_i_soc.i_ai_accel.u_input_mem_din0\[1\] not found.
[STA-1648] /home/blogic2026/run5/repo/asic/run/RUN_hold035_2026-09-09/56-openroad-rcx/nom/asic_top.nom.spef line 5185650, instance ANTENNA_i_soc.i_ai_accel.u_input_mem_din0\[5\] not found.
[STA-1648] /home/blogic2026/run5/repo/asic/run/RUN_hold035_2026-09-09/56-openroad-rcx/nom/asic_top.nom.spef line 5185728, instance ANTENNA_i_soc.i_ai_accel.u_input_mem_din0\[3\] not found.
[STA-1648] /home/blogic2026/run5/repo/asic/run/RUN_hold035_2026-09-09/56-openroad-rcx/nom/asic_top.nom.spef line 5185800, instance ANTENNA_i_soc.i_ai_accel.u_input_mem_din0\[2\] not found.
[STA-1648] /home/blogic2026/run5/repo/asic/run/RUN_hold035_2026-09-09/56-openroad-rcx/nom/asic_top.nom.spef line 5185864, instance ANTENNA_i_soc.i_ai_accel.u_input_mem_din0\[7\] not found.
[STA-1648] /home/blogic2026/run5/repo/asic/run/RUN_hold035_2026-09-09/56-openroad-rcx/nom/asic_top.nom.spef line 5185946, instance ANTENNA_i_soc.i_ai_accel.u_input_mem_din0\[15\] not found.
[STA-1648] /home/blogic2026/run5/repo/asic/run/RUN_hold035_2026-09-09/56-openroad-rcx/nom/asic_top.nom.spef line 5186046, instance ANTENNA_i_soc.i_ai_accel.u_input_mem_din0\[0\] not found.
[STA-1648] /home/blogic2026/run5/repo/asic/run/RUN_hold035_2026-09-09/56-openroad-rcx/nom/asic_top.nom.spef line 5186132, instance ANTENNA_i_soc.i_ai_accel.u_input_mem_din0\[17\] not found.
[STA-1648] /home/blogic2026/run5/repo/asic/run/RUN_hold035_2026-09-09/56-openroad-rcx/nom/asic_top.nom.spef line 5186219, instance ANTENNA_i_soc.i_ai_accel.u_input_mem_din0\[11\] not found.
[STA-1648] /home/blogic2026/run5/repo/asic/run/RUN_hold035_2026-09-09/56-openroad-rcx/nom/asic_top.nom.spef line 5186307, instance ANTENNA_i_soc.i_ai_accel.u_input_mem_din0\[12\] not found.
[STA-1648] /home/blogic2026/run5/repo/asic/run/RUN_hold035_2026-09-09/56-openroad-rcx/nom/asic_top.nom.spef line 5186454, instance ANTENNA_i_soc.i_ai_accel.u_input_mem_din0\[16\] not found.
[STA-1648] /home/blogic2026/run5/repo/asic/run/RUN_hold035_2026-09-09/56-openroad-rcx/nom/asic_top.nom.spef line 5186559, instance ANTENNA_i_soc.i_ai_accel.u_input_mem_din0\[23\] not found.
[STA-1648] /home/blogic2026/run5/repo/asic/run/RUN_hold035_2026-09-09/56-openroad-rcx/nom/asic_top.nom.spef line 5186657, instance ANTENNA_i_soc.i_ai_accel.u_input_mem_din0\[31\] not found.
[STA-1648] /home/blogic2026/run5/repo/asic/run/RUN_hold035_2026-09-09/56-openroad-rcx/nom/asic_top.nom.spef line 5186749, instance ANTENNA_i_soc.i_ai_accel.u_input_mem_din0\[28\] not found.
[STA-1648] /home/blogic2026/run5/repo/asic/run/RUN_hold035_2026-09-09/56-openroad-rcx/nom/asic_top.nom.spef line 5186841, instance ANTENNA_i_soc.i_ai_accel.u_input_mem_din0\[18\] not found.
[STA-1648] /home/blogic2026/run5/repo/asic/run/RUN_hold035_2026-09-09/56-openroad-rcx/nom/asic_top.nom.spef line 5186946, instance ANTENNA_i_soc.i_ai_accel.u_input_mem_din0\[8\] not found.
[STA-1648] /home/blogic2026/run5/repo/asic/run/RUN_hold035_2026-09-09/56-openroad-rcx/nom/asic_top.nom.spef line 5187052, instance ANTENNA_i_soc.i_ai_accel.u_input_mem_din0\[20\] not found.
[STA-1648] /home/blogic2026/run5/repo/asic/run/RUN_hold035_2026-09-09/56-openroad-rcx/nom/asic_top.nom.spef line 5187157, instance ANTENNA_i_soc.i_ai_accel.u_input_mem_din0\[26\] not found.
[STA-1648] /home/blogic2026/run5/repo/asic/run/RUN_hold035_2026-09-09/56-openroad-rcx/nom/asic_top.nom.spef line 5187260, instance ANTENNA_i_soc.i_ai_accel.u_input_mem_din0\[29\] not found.
[STA-1648] /home/blogic2026/run5/repo/asic/run/RUN_hold035_2026-09-09/56-openroad-rcx/nom/asic_top.nom.spef line 5187354, instance ANTENNA_i_soc.i_ai_accel.u_input_mem_din0\[9\] not found.
[STA-1648] /home/blogic2026/run5/repo/asic/run/RUN_hold035_2026-09-09/56-openroad-rcx/nom/asic_top.nom.spef line 5187451, instance ANTENNA_i_soc.i_ai_accel.u_input_mem_din0\[13\] not found.
[STA-1648] /home/blogic2026/run5/repo/asic/run/RUN_hold035_2026-09-09/56-openroad-rcx/nom/asic_top.nom.spef line 5187555, instance ANTENNA_i_soc.i_ai_accel.u_input_mem_din0\[24\] not found.
[STA-1648] /home/blogic2026/run5/repo/asic/run/RUN_hold035_2026-09-09/56-openroad-rcx/nom/asic_top.nom.spef line 5187667, instance ANTENNA_i_soc.i_ai_accel.u_input_mem_din0\[14\] not found.
[STA-1648] /home/blogic2026/run5/repo/asic/run/RUN_hold035_2026-09-09/56-openroad-rcx/nom/asic_top.nom.spef line 5187750, instance ANTENNA_i_soc.i_ai_accel.u_input_mem_din0\[21\] not found.
[STA-1648] /home/blogic2026/run5/repo/asic/run/RUN_hold035_2026-09-09/56-openroad-rcx/nom/asic_top.nom.spef line 5187851, instance ANTENNA_i_soc.i_ai_accel.u_input_mem_din0\[19\] not found.
[STA-1648] /home/blogic2026/run5/repo/asic/run/RUN_hold035_2026-09-09/56-openroad-rcx/nom/asic_top.nom.spef line 5188114, instance ANTENNA_i_soc.i_ai_accel.u_input_mem_din0\[30\] not found.
[STA-1648] /home/blogic2026/run5/repo/asic/run/RUN_hold035_2026-09-09/56-openroad-rcx/nom/asic_top.nom.spef line 5188196, instance ANTENNA_i_soc.i_ai_accel.u_input_mem_din0\[25\] not found.
[STA-1648] /home/blogic2026/run5/repo/asic/run/RUN_hold035_2026-09-09/56-openroad-rcx/nom/asic_top.nom.spef line 5188398, instance ANTENNA_i_soc.i_ai_accel.u_input_mem_din0\[27\] not found.
[STA-1648] /home/blogic2026/run5/repo/asic/run/RUN_hold035_2026-09-09/56-openroad-rcx/nom/asic_top.nom.spef line 5188478, instance ANTENNA_i_soc.i_ai_accel.u_input_mem_din0\[22\] not found.
[STA-1648] /home/blogic2026/run5/repo/asic/run/RUN_hold035_2026-09-09/56-openroad-rcx/nom/asic_top.nom.spef line 5191696, instance ANTENNA_i_soc.i_ai_accel.u_input_mem_din0\[10\] not found.
[STA-1648] /home/blogic2026/run5/repo/asic/run/RUN_hold035_2026-09-09/56-openroad-rcx/nom/asic_top.nom.spef line 5200064, instance ANTENNA_i_soc.i_ai_accel.u_conv_out.gen_bank\[0\].gen_512.u_macro_din0\[11\] not found.
[STA-1648] /home/blogic2026/run5/repo/asic/run/RUN_hold035_2026-09-09/56-openroad-rcx/nom/asic_top.nom.spef line 5200066, instance ANTENNA_i_soc.i_ai_accel.u_conv_out.gen_bank\[0\].gen_512.u_macro_din0\[3\] not found.
[STA-1648] /home/blogic2026/run5/repo/asic/run/RUN_hold035_2026-09-09/56-openroad-rcx/nom/asic_top.nom.spef line 5200067, instance ANTENNA_i_soc.i_ai_accel.u_conv_out.gen_bank\[0\].gen_512.u_macro_din0\[19\] not found.
[STA-1648] /home/blogic2026/run5/repo/asic/run/RUN_hold035_2026-09-09/56-openroad-rcx/nom/asic_top.nom.spef line 5200070, instance ANTENNA_i_soc.i_ai_accel.u_conv_out.gen_bank\[1\].gen_512.u_macro_din0\[19\] not found.
[STA-1648] /home/blogic2026/run5/repo/asic/run/RUN_hold035_2026-09-09/56-openroad-rcx/nom/asic_top.nom.spef line 5200071, instance ANTENNA_i_soc.i_ai_accel.u_conv_out.gen_bank\[1\].gen_512.u_macro_din0\[11\] not found.
[STA-1648] /home/blogic2026/run5/repo/asic/run/RUN_hold035_2026-09-09/56-openroad-rcx/nom/asic_top.nom.spef line 5200073, instance ANTENNA_i_soc.i_ai_accel.u_conv_out.gen_bank\[1\].gen_512.u_macro_din0\[3\] not found.
[STA-1648] /home/blogic2026/run5/repo/asic/run/RUN_hold035_2026-09-09/56-openroad-rcx/nom/asic_top.nom.spef line 5200075, instance ANTENNA_i_soc.i_ai_accel.u_conv_out.gen_bank\[0\].gen_512.u_macro_din0\[27\] not found.
[STA-1648] /home/blogic2026/run5/repo/asic/run/RUN_hold035_2026-09-09/56-openroad-rcx/nom/asic_top.nom.spef line 5200076, instance ANTENNA_i_soc.i_ai_accel.u_conv_out.gen_bank\[1\].gen_512.u_macro_din0\[27\] not found.
[STA-1648] /home/blogic2026/run5/repo/asic/run/RUN_hold035_2026-09-09/56-openroad-rcx/nom/asic_top.nom.spef line 5200294, instance ANTENNA_i_soc.i_ai_accel.u_conv_out.gen_bank\[0\].gen_512.u_macro_din0\[12\] not found.
[STA-1648] /home/blogic2026/run5/repo/asic/run/RUN_hold035_2026-09-09/56-openroad-rcx/nom/asic_top.nom.spef line 5200297, instance ANTENNA_i_soc.i_ai_accel.u_conv_out.gen_bank\[0\].gen_512.u_macro_din0\[4\] not found.
[STA-1648] /home/blogic2026/run5/repo/asic/run/RUN_hold035_2026-09-09/56-openroad-rcx/nom/asic_top.nom.spef line 5200298, instance ANTENNA_i_soc.i_ai_accel.u_conv_out.gen_bank\[0\].gen_512.u_macro_din0\[20\] not found.
[STA-1648] /home/blogic2026/run5/repo/asic/run/RUN_hold035_2026-09-09/56-openroad-rcx/nom/asic_top.nom.spef line 5200300, instance ANTENNA_i_soc.i_ai_accel.u_conv_out.gen_bank\[0\].gen_512.u_macro_din0\[28\] not found.
[STA-1648] /home/blogic2026/run5/repo/asic/run/RUN_hold035_2026-09-09/56-openroad-rcx/nom/asic_top.nom.spef line 5200301, instance ANTENNA_i_soc.i_ai_accel.u_conv_out.gen_bank\[1\].gen_512.u_macro_din0\[4\] not found.
[STA-1648] /home/blogic2026/run5/repo/asic/run/RUN_hold035_2026-09-09/56-openroad-rcx/nom/asic_top.nom.spef line 5200304, instance ANTENNA_i_soc.i_ai_accel.u_conv_out.gen_bank\[1\].gen_512.u_macro_din0\[28\] not found.
[STA-1648] /home/blogic2026/run5/repo/asic/run/RUN_hold035_2026-09-09/56-openroad-rcx/nom/asic_top.nom.spef line 5200305, instance ANTENNA_i_soc.i_ai_accel.u_conv_out.gen_bank\[1\].gen_512.u_macro_din0\[20\] not found.
[STA-1648] /home/blogic2026/run5/repo/asic/run/RUN_hold035_2026-09-09/56-openroad-rcx/nom/asic_top.nom.spef line 5200308, instance ANTENNA_i_soc.i_ai_accel.u_conv_out.gen_bank\[1\].gen_512.u_macro_din0\[12\] not found.
[STA-1648] /home/blogic2026/run5/repo/asic/run/RUN_hold035_2026-09-09/56-openroad-rcx/nom/asic_top.nom.spef line 5274213, instance ANTENNA_i_soc.i_ai_sram.u_sram.gen_bank\[0\].gen_512.u_macro_addr1\[6\] not found.
[STA-1648] /home/blogic2026/run5/repo/asic/run/RUN_hold035_2026-09-09/56-openroad-rcx/nom/asic_top.nom.spef line 5275022, instance ANTENNA_i_soc.i_ai_sram.u_sram.gen_bank\[1\].gen_512.u_macro_addr1\[6\] not found.
[STA-1648] /home/blogic2026/run5/repo/asic/run/RUN_hold035_2026-09-09/56-openroad-rcx/nom/asic_top.nom.spef line 5276114, instance ANTENNA_i_soc.i_ai_sram.u_sram.gen_bank\[2\].gen_512.u_macro_addr1\[6\] not found.
[STA-1648] /home/blogic2026/run5/repo/asic/run/RUN_hold035_2026-09-09/56-openroad-rcx/nom/asic_top.nom.spef line 5276627, instance ANTENNA_i_soc.i_ai_sram.u_sram.gen_bank\[3\].gen_512.u_macro_addr1\[6\] not found.
[STA-1648] /home/blogic2026/run5/repo/asic/run/RUN_hold035_2026-09-09/56-openroad-rcx/nom/asic_top.nom.spef line 5278324, instance ANTENNA_i_soc.i_ai_sram.u_sram.gen_bank\[0\].gen_512.u_macro_addr1\[4\] not found.
[STA-1648] /home/blogic2026/run5/repo/asic/run/RUN_hold035_2026-09-09/56-openroad-rcx/nom/asic_top.nom.spef line 5279178, instance ANTENNA_i_soc.i_ai_sram.u_sram.gen_bank\[1\].gen_512.u_macro_addr1\[4\] not found.
[STA-1648] /home/blogic2026/run5/repo/asic/run/RUN_hold035_2026-09-09/56-openroad-rcx/nom/asic_top.nom.spef line 5280027, instance ANTENNA_i_soc.i_ai_sram.u_sram.gen_bank\[2\].gen_512.u_macro_addr1\[4\] not found.
[STA-1648] /home/blogic2026/run5/repo/asic/run/RUN_hold035_2026-09-09/56-openroad-rcx/nom/asic_top.nom.spef line 5280559, instance ANTENNA_i_soc.i_ai_sram.u_sram.gen_bank\[3\].gen_512.u_macro_addr1\[4\] not found.
[STA-1648] /home/blogic2026/run5/repo/asic/run/RUN_hold035_2026-09-09/56-openroad-rcx/nom/asic_top.nom.spef line 5281821, instance ANTENNA_i_soc.i_ai_sram.u_sram.gen_bank\[0\].gen_512.u_macro_addr1\[3\] not found.
[STA-1648] /home/blogic2026/run5/repo/asic/run/RUN_hold035_2026-09-09/56-openroad-rcx/nom/asic_top.nom.spef line 5283111, instance ANTENNA_i_soc.i_ai_sram.u_sram.gen_bank\[1\].gen_512.u_macro_addr1\[3\] not found.
[STA-1648] /home/blogic2026/run5/repo/asic/run/RUN_hold035_2026-09-09/56-openroad-rcx/nom/asic_top.nom.spef line 5283872, instance ANTENNA_i_soc.i_ai_sram.u_sram.gen_bank\[2\].gen_512.u_macro_addr1\[3\] not found.
[STA-1648] /home/blogic2026/run5/repo/asic/run/RUN_hold035_2026-09-09/56-openroad-rcx/nom/asic_top.nom.spef line 5284692, instance ANTENNA_i_soc.i_ai_sram.u_sram.gen_bank\[3\].gen_512.u_macro_addr1\[3\] not found.
[STA-1648] /home/blogic2026/run5/repo/asic/run/RUN_hold035_2026-09-09/56-openroad-rcx/nom/asic_top.nom.spef line 5285954, instance ANTENNA_i_soc.i_ai_sram.u_sram.gen_bank\[8\].gen_512.u_macro_din0\[30\] not found.
[STA-1648] /home/blogic2026/run5/repo/asic/run/RUN_hold035_2026-09-09/56-openroad-rcx/nom/asic_top.nom.spef line 5285956, instance ANTENNA_i_soc.i_ai_sram.u_sram.gen_bank\[4\].gen_512.u_macro_din0\[30\] not found.
[STA-1648] /home/blogic2026/run5/repo/asic/run/RUN_hold035_2026-09-09/56-openroad-rcx/nom/asic_top.nom.spef line 5285958, instance ANTENNA_i_soc.i_ai_sram.u_sram.gen_bank\[0\].gen_512.u_macro_din0\[30\] not found.
[STA-1648] /home/blogic2026/run5/repo/asic/run/RUN_hold035_2026-09-09/56-openroad-rcx/nom/asic_top.nom.spef line 5285959, instance ANTENNA_i_soc.i_ai_sram.u_sram.gen_bank\[12\].gen_512.u_macro_din0\[30\] not found.
[STA-1648] /home/blogic2026/run5/repo/asic/run/RUN_hold035_2026-09-09/56-openroad-rcx/nom/asic_top.nom.spef line 5286247, instance ANTENNA_i_soc.i_ai_sram.u_sram.gen_bank\[9\].gen_512.u_macro_din0\[30\] not found.
[STA-1648] /home/blogic2026/run5/repo/asic/run/RUN_hold035_2026-09-09/56-openroad-rcx/nom/asic_top.nom.spef line 5286249, instance ANTENNA_i_soc.i_ai_sram.u_sram.gen_bank\[5\].gen_512.u_macro_din0\[30\] not found.
[STA-1648] /home/blogic2026/run5/repo/asic/run/RUN_hold035_2026-09-09/56-openroad-rcx/nom/asic_top.nom.spef line 5286251, instance ANTENNA_i_soc.i_ai_sram.u_sram.gen_bank\[1\].gen_512.u_macro_din0\[30\] not found.
[STA-1648] /home/blogic2026/run5/repo/asic/run/RUN_hold035_2026-09-09/56-openroad-rcx/nom/asic_top.nom.spef line 5286530, instance ANTENNA_i_soc.i_ai_sram.u_sram.gen_bank\[11\].gen_512.u_macro_din0\[30\] not found.
[STA-1648] /home/blogic2026/run5/repo/asic/run/RUN_hold035_2026-09-09/56-openroad-rcx/nom/asic_top.nom.spef line 5286531, instance ANTENNA_i_soc.i_ai_sram.u_sram.gen_bank\[7\].gen_512.u_macro_din0\[30\] not found.
[STA-1648] /home/blogic2026/run5/repo/asic/run/RUN_hold035_2026-09-09/56-openroad-rcx/nom/asic_top.nom.spef line 5286533, instance ANTENNA_i_soc.i_ai_sram.u_sram.gen_bank\[3\].gen_512.u_macro_din0\[30\] not found.
[STA-1648] /home/blogic2026/run5/repo/asic/run/RUN_hold035_2026-09-09/56-openroad-rcx/nom/asic_top.nom.spef line 5286866, instance ANTENNA_i_soc.i_ai_sram.u_sram.gen_bank\[14\].gen_512.u_macro_din0\[30\] not found.
[STA-1648] /home/blogic2026/run5/repo/asic/run/RUN_hold035_2026-09-09/56-openroad-rcx/nom/asic_top.nom.spef line 5286869, instance ANTENNA_i_soc.i_ai_sram.u_sram.gen_bank\[6\].gen_512.u_macro_din0\[30\] not found.
[STA-1648] /home/blogic2026/run5/repo/asic/run/RUN_hold035_2026-09-09/56-openroad-rcx/nom/asic_top.nom.spef line 5286871, instance ANTENNA_i_soc.i_ai_sram.u_sram.gen_bank\[2\].gen_512.u_macro_din0\[30\] not found.
[STA-1648] /home/blogic2026/run5/repo/asic/run/RUN_hold035_2026-09-09/56-openroad-rcx/nom/asic_top.nom.spef line 5286874, instance ANTENNA_i_soc.i_ai_sram.u_sram.gen_bank\[10\].gen_512.u_macro_din0\[30\] not found.
[STA-1648] /home/blogic2026/run5/repo/asic/run/RUN_hold035_2026-09-09/56-openroad-rcx/nom/asic_top.nom.spef line 5287215, instance ANTENNA_i_soc.i_ai_sram.u_sram.gen_bank\[13\].gen_512.u_macro_din0\[30\] not found.
[STA-1648] /home/blogic2026/run5/repo/asic/run/RUN_hold035_2026-09-09/56-openroad-rcx/nom/asic_top.nom.spef line 5287521, instance ANTENNA_i_soc.i_ai_sram.u_sram.gen_bank\[8\].gen_512.u_macro_din0\[28\] not found.
[STA-1648] /home/blogic2026/run5/repo/asic/run/RUN_hold035_2026-09-09/56-openroad-rcx/nom/asic_top.nom.spef line 5287523, instance ANTENNA_i_soc.i_ai_sram.u_sram.gen_bank\[4\].gen_512.u_macro_din0\[28\] not found.
[STA-1648] /home/blogic2026/run5/repo/asic/run/RUN_hold035_2026-09-09/56-openroad-rcx/nom/asic_top.nom.spef line 5287525, instance ANTENNA_i_soc.i_ai_sram.u_sram.gen_bank\[0\].gen_512.u_macro_din0\[28\] not found.
[STA-1648] /home/blogic2026/run5/repo/asic/run/RUN_hold035_2026-09-09/56-openroad-rcx/nom/asic_top.nom.spef line 5287526, instance ANTENNA_i_soc.i_ai_sram.u_sram.gen_bank\[12\].gen_512.u_macro_din0\[28\] not found.
[STA-1648] /home/blogic2026/run5/repo/asic/run/RUN_hold035_2026-09-09/56-openroad-rcx/nom/asic_top.nom.spef line 5287840, instance ANTENNA_i_soc.i_ai_sram.u_sram.gen_bank\[9\].gen_512.u_macro_din0\[28\] not found.
[STA-1648] /home/blogic2026/run5/repo/asic/run/RUN_hold035_2026-09-09/56-openroad-rcx/nom/asic_top.nom.spef line 5287842, instance ANTENNA_i_soc.i_ai_sram.u_sram.gen_bank\[5\].gen_512.u_macro_din0\[28\] not found.
[STA-1648] /home/blogic2026/run5/repo/asic/run/RUN_hold035_2026-09-09/56-openroad-rcx/nom/asic_top.nom.spef line 5287844, instance ANTENNA_i_soc.i_ai_sram.u_sram.gen_bank\[1\].gen_512.u_macro_din0\[28\] not found.
[STA-1648] /home/blogic2026/run5/repo/asic/run/RUN_hold035_2026-09-09/56-openroad-rcx/nom/asic_top.nom.spef line 5288121, instance ANTENNA_i_soc.i_ai_sram.u_sram.gen_bank\[11\].gen_512.u_macro_din0\[28\] not found.
[STA-1648] /home/blogic2026/run5/repo/asic/run/RUN_hold035_2026-09-09/56-openroad-rcx/nom/asic_top.nom.spef line 5288123, instance ANTENNA_i_soc.i_ai_sram.u_sram.gen_bank\[7\].gen_512.u_macro_din0\[28\] not found.
[STA-1648] /home/blogic2026/run5/repo/asic/run/RUN_hold035_2026-09-09/56-openroad-rcx/nom/asic_top.nom.spef line 5288125, instance ANTENNA_i_soc.i_ai_sram.u_sram.gen_bank\[3\].gen_512.u_macro_din0\[28\] not found.
[STA-1648] /home/blogic2026/run5/repo/asic/run/RUN_hold035_2026-09-09/56-openroad-rcx/nom/asic_top.nom.spef line 5288380, instance ANTENNA_i_soc.i_ai_sram.u_sram.gen_bank\[14\].gen_512.u_macro_din0\[28\] not found.
[STA-1648] /home/blogic2026/run5/repo/asic/run/RUN_hold035_2026-09-09/56-openroad-rcx/nom/asic_top.nom.spef line 5288384, instance ANTENNA_i_soc.i_ai_sram.u_sram.gen_bank\[10\].gen_512.u_macro_din0\[28\] not found.
[STA-1648] /home/blogic2026/run5/repo/asic/run/RUN_hold035_2026-09-09/56-openroad-rcx/nom/asic_top.nom.spef line 5288386, instance ANTENNA_i_soc.i_ai_sram.u_sram.gen_bank\[6\].gen_512.u_macro_din0\[28\] not found.
[STA-1648] /home/blogic2026/run5/repo/asic/run/RUN_hold035_2026-09-09/56-openroad-rcx/nom/asic_top.nom.spef line 5288388, instance ANTENNA_i_soc.i_ai_sram.u_sram.gen_bank\[2\].gen_512.u_macro_din0\[28\] not found.
[STA-1648] /home/blogic2026/run5/repo/asic/run/RUN_hold035_2026-09-09/56-openroad-rcx/nom/asic_top.nom.spef line 5288724, instance ANTENNA_i_soc.i_ai_sram.u_sram.gen_bank\[13\].gen_512.u_macro_din0\[28\] not found.
[STA-1648] /home/blogic2026/run5/repo/asic/run/RUN_hold035_2026-09-09/56-openroad-rcx/nom/asic_top.nom.spef line 5289034, instance ANTENNA_i_soc.i_ai_sram.u_sram.gen_bank\[8\].gen_512.u_macro_din0\[26\] not found.
[STA-1648] /home/blogic2026/run5/repo/asic/run/RUN_hold035_2026-09-09/56-openroad-rcx/nom/asic_top.nom.spef line 5289037, instance ANTENNA_i_soc.i_ai_sram.u_sram.gen_bank\[4\].gen_512.u_macro_din0\[26\] not found.
[STA-1648] /home/blogic2026/run5/repo/asic/run/RUN_hold035_2026-09-09/56-openroad-rcx/nom/asic_top.nom.spef line 5289039, instance ANTENNA_i_soc.i_ai_sram.u_sram.gen_bank\[0\].gen_512.u_macro_din0\[26\] not found.
[STA-1648] /home/blogic2026/run5/repo/asic/run/RUN_hold035_2026-09-09/56-openroad-rcx/nom/asic_top.nom.spef line 5289040, instance ANTENNA_i_soc.i_ai_sram.u_sram.gen_bank\[12\].gen_512.u_macro_din0\[26\] not found.
[STA-1648] /home/blogic2026/run5/repo/asic/run/RUN_hold035_2026-09-09/56-openroad-rcx/nom/asic_top.nom.spef line 5289373, instance ANTENNA_i_soc.i_ai_sram.u_sram.gen_bank\[9\].gen_512.u_macro_din0\[26\] not found.
[STA-1648] /home/blogic2026/run5/repo/asic/run/RUN_hold035_2026-09-09/56-openroad-rcx/nom/asic_top.nom.spef line 5289375, instance ANTENNA_i_soc.i_ai_sram.u_sram.gen_bank\[5\].gen_512.u_macro_din0\[26\] not found.
[STA-1648] /home/blogic2026/run5/repo/asic/run/RUN_hold035_2026-09-09/56-openroad-rcx/nom/asic_top.nom.spef line 5289377, instance ANTENNA_i_soc.i_ai_sram.u_sram.gen_bank\[1\].gen_512.u_macro_din0\[26\] not found.
[STA-1648] /home/blogic2026/run5/repo/asic/run/RUN_hold035_2026-09-09/56-openroad-rcx/nom/asic_top.nom.spef line 5289655, instance ANTENNA_i_soc.i_ai_sram.u_sram.gen_bank\[11\].gen_512.u_macro_din0\[26\] not found.
[STA-1648] /home/blogic2026/run5/repo/asic/run/RUN_hold035_2026-09-09/56-openroad-rcx/nom/asic_top.nom.spef line 5289657, instance ANTENNA_i_soc.i_ai_sram.u_sram.gen_bank\[7\].gen_512.u_macro_din0\[26\] not found.
[STA-1648] /home/blogic2026/run5/repo/asic/run/RUN_hold035_2026-09-09/56-openroad-rcx/nom/asic_top.nom.spef line 5289659, instance ANTENNA_i_soc.i_ai_sram.u_sram.gen_bank\[3\].gen_512.u_macro_din0\[26\] not found.
[STA-1648] /home/blogic2026/run5/repo/asic/run/RUN_hold035_2026-09-09/56-openroad-rcx/nom/asic_top.nom.spef line 5290285, instance ANTENNA_i_soc.i_ai_sram.u_sram.gen_bank\[14\].gen_512.u_macro_din0\[26\] not found.
[STA-1648] /home/blogic2026/run5/repo/asic/run/RUN_hold035_2026-09-09/56-openroad-rcx/nom/asic_top.nom.spef line 5290289, instance ANTENNA_i_soc.i_ai_sram.u_sram.gen_bank\[10\].gen_512.u_macro_din0\[26\] not found.
[STA-1648] /home/blogic2026/run5/repo/asic/run/RUN_hold035_2026-09-09/56-openroad-rcx/nom/asic_top.nom.spef line 5290290, instance ANTENNA_i_soc.i_ai_sram.u_sram.gen_bank\[6\].gen_512.u_macro_din0\[26\] not found.
[STA-1648] /home/blogic2026/run5/repo/asic/run/RUN_hold035_2026-09-09/56-openroad-rcx/nom/asic_top.nom.spef line 5290291, instance ANTENNA_i_soc.i_ai_sram.u_sram.gen_bank\[2\].gen_512.u_macro_din0\[26\] not found.
[STA-1648] /home/blogic2026/run5/repo/asic/run/RUN_hold035_2026-09-09/56-openroad-rcx/nom/asic_top.nom.spef line 5290672, instance ANTENNA_i_soc.i_ai_sram.u_sram.gen_bank\[13\].gen_512.u_macro_din0\[26\] not found.
[STA-1648] /home/blogic2026/run5/repo/asic/run/RUN_hold035_2026-09-09/56-openroad-rcx/nom/asic_top.nom.spef line 5290944, instance ANTENNA_i_soc.i_ai_sram.u_sram.gen_bank\[12\].gen_512.u_macro_din0\[24\] not found.
[STA-1648] /home/blogic2026/run5/repo/asic/run/RUN_hold035_2026-09-09/56-openroad-rcx/nom/asic_top.nom.spef line 5290947, instance ANTENNA_i_soc.i_ai_sram.u_sram.gen_bank\[8\].gen_512.u_macro_din0\[24\] not found.
[STA-1648] /home/blogic2026/run5/repo/asic/run/RUN_hold035_2026-09-09/56-openroad-rcx/nom/asic_top.nom.spef line 5290948, instance ANTENNA_i_soc.i_ai_sram.u_sram.gen_bank\[0\].gen_512.u_macro_din0\[24\] not found.
[STA-1648] /home/blogic2026/run5/repo/asic/run/RUN_hold035_2026-09-09/56-openroad-rcx/nom/asic_top.nom.spef line 5290949, instance ANTENNA_i_soc.i_ai_sram.u_sram.gen_bank\[4\].gen_512.u_macro_din0\[24\] not found.
[STA-1648] /home/blogic2026/run5/repo/asic/run/RUN_hold035_2026-09-09/56-openroad-rcx/nom/asic_top.nom.spef line 5291264, instance ANTENNA_i_soc.i_ai_sram.u_sram.gen_bank\[9\].gen_512.u_macro_din0\[24\] not found.
[STA-1648] /home/blogic2026/run5/repo/asic/run/RUN_hold035_2026-09-09/56-openroad-rcx/nom/asic_top.nom.spef line 5291266, instance ANTENNA_i_soc.i_ai_sram.u_sram.gen_bank\[5\].gen_512.u_macro_din0\[24\] not found.
[STA-1648] /home/blogic2026/run5/repo/asic/run/RUN_hold035_2026-09-09/56-openroad-rcx/nom/asic_top.nom.spef line 5291268, instance ANTENNA_i_soc.i_ai_sram.u_sram.gen_bank\[1\].gen_512.u_macro_din0\[24\] not found.
[STA-1648] /home/blogic2026/run5/repo/asic/run/RUN_hold035_2026-09-09/56-openroad-rcx/nom/asic_top.nom.spef line 5291518, instance ANTENNA_i_soc.i_ai_sram.u_sram.gen_bank\[11\].gen_512.u_macro_din0\[24\] not found.
[STA-1648] /home/blogic2026/run5/repo/asic/run/RUN_hold035_2026-09-09/56-openroad-rcx/nom/asic_top.nom.spef line 5291520, instance ANTENNA_i_soc.i_ai_sram.u_sram.gen_bank\[7\].gen_512.u_macro_din0\[24\] not found.
[STA-1648] /home/blogic2026/run5/repo/asic/run/RUN_hold035_2026-09-09/56-openroad-rcx/nom/asic_top.nom.spef line 5291522, instance ANTENNA_i_soc.i_ai_sram.u_sram.gen_bank\[3\].gen_512.u_macro_din0\[24\] not found.
[STA-1648] /home/blogic2026/run5/repo/asic/run/RUN_hold035_2026-09-09/56-openroad-rcx/nom/asic_top.nom.spef line 5291787, instance ANTENNA_i_soc.i_ai_sram.u_sram.gen_bank\[13\].gen_512.u_macro_din0\[24\] not found.
[STA-1648] /home/blogic2026/run5/repo/asic/run/RUN_hold035_2026-09-09/56-openroad-rcx/nom/asic_top.nom.spef line 5291789, instance ANTENNA_i_soc.i_ai_sram.u_sram.gen_bank\[14\].gen_512.u_macro_din0\[24\] not found.
[STA-1648] /home/blogic2026/run5/repo/asic/run/RUN_hold035_2026-09-09/56-openroad-rcx/nom/asic_top.nom.spef line 5292027, instance ANTENNA_i_soc.i_ai_sram.u_sram.gen_bank\[10\].gen_512.u_macro_din0\[24\] not found.
[STA-1648] /home/blogic2026/run5/repo/asic/run/RUN_hold035_2026-09-09/56-openroad-rcx/nom/asic_top.nom.spef line 5292030, instance ANTENNA_i_soc.i_ai_sram.u_sram.gen_bank\[6\].gen_512.u_macro_din0\[24\] not found.
[STA-1648] /home/blogic2026/run5/repo/asic/run/RUN_hold035_2026-09-09/56-openroad-rcx/nom/asic_top.nom.spef line 5292031, instance ANTENNA_i_soc.i_ai_sram.u_sram.gen_bank\[2\].gen_512.u_macro_din0\[24\] not found.
[STA-1648] /home/blogic2026/run5/repo/asic/run/RUN_hold035_2026-09-09/56-openroad-rcx/nom/asic_top.nom.spef line 5292371, instance ANTENNA_i_soc.i_ai_sram.u_sram.gen_bank\[8\].gen_512.u_macro_din0\[23\] not found.
[STA-1648] /home/blogic2026/run5/repo/asic/run/RUN_hold035_2026-09-09/56-openroad-rcx/nom/asic_top.nom.spef line 5292373, instance ANTENNA_i_soc.i_ai_sram.u_sram.gen_bank\[4\].gen_512.u_macro_din0\[23\] not found.
[STA-1648] /home/blogic2026/run5/repo/asic/run/RUN_hold035_2026-09-09/56-openroad-rcx/nom/asic_top.nom.spef line 5292375, instance ANTENNA_i_soc.i_ai_sram.u_sram.gen_bank\[0\].gen_512.u_macro_din0\[23\] not found.
[STA-1648] /home/blogic2026/run5/repo/asic/run/RUN_hold035_2026-09-09/56-openroad-rcx/nom/asic_top.nom.spef line 5292378, instance ANTENNA_i_soc.i_ai_sram.u_sram.gen_bank\[12\].gen_512.u_macro_din0\[23\] not found.
[STA-1648] /home/blogic2026/run5/repo/asic/run/RUN_hold035_2026-09-09/56-openroad-rcx/nom/asic_top.nom.spef line 5292681, instance ANTENNA_i_soc.i_ai_sram.u_sram.gen_bank\[9\].gen_512.u_macro_din0\[23\] not found.
[STA-1648] /home/blogic2026/run5/repo/asic/run/RUN_hold035_2026-09-09/56-openroad-rcx/nom/asic_top.nom.spef line 5292683, instance ANTENNA_i_soc.i_ai_sram.u_sram.gen_bank\[5\].gen_512.u_macro_din0\[23\] not found.
[STA-1648] /home/blogic2026/run5/repo/asic/run/RUN_hold035_2026-09-09/56-openroad-rcx/nom/asic_top.nom.spef line 5292685, instance ANTENNA_i_soc.i_ai_sram.u_sram.gen_bank\[1\].gen_512.u_macro_din0\[23\] not found.
[STA-1648] /home/blogic2026/run5/repo/asic/run/RUN_hold035_2026-09-09/56-openroad-rcx/nom/asic_top.nom.spef line 5292971, instance ANTENNA_i_soc.i_ai_sram.u_sram.gen_bank\[11\].gen_512.u_macro_din0\[23\] not found.
[STA-1648] /home/blogic2026/run5/repo/asic/run/RUN_hold035_2026-09-09/56-openroad-rcx/nom/asic_top.nom.spef line 5292973, instance ANTENNA_i_soc.i_ai_sram.u_sram.gen_bank\[7\].gen_512.u_macro_din0\[23\] not found.
[STA-1648] /home/blogic2026/run5/repo/asic/run/RUN_hold035_2026-09-09/56-openroad-rcx/nom/asic_top.nom.spef line 5292974, instance ANTENNA_i_soc.i_ai_sram.u_sram.gen_bank\[3\].gen_512.u_macro_din0\[23\] not found.
[STA-1648] /home/blogic2026/run5/repo/asic/run/RUN_hold035_2026-09-09/56-openroad-rcx/nom/asic_top.nom.spef line 5293567, instance ANTENNA_i_soc.i_ai_sram.u_sram.gen_bank\[14\].gen_512.u_macro_din0\[23\] not found.
[STA-1648] /home/blogic2026/run5/repo/asic/run/RUN_hold035_2026-09-09/56-openroad-rcx/nom/asic_top.nom.spef line 5293572, instance ANTENNA_i_soc.i_ai_sram.u_sram.gen_bank\[10\].gen_512.u_macro_din0\[23\] not found.
[STA-1648] /home/blogic2026/run5/repo/asic/run/RUN_hold035_2026-09-09/56-openroad-rcx/nom/asic_top.nom.spef line 5293574, instance ANTENNA_i_soc.i_ai_sram.u_sram.gen_bank\[6\].gen_512.u_macro_din0\[23\] not found.
[STA-1648] /home/blogic2026/run5/repo/asic/run/RUN_hold035_2026-09-09/56-openroad-rcx/nom/asic_top.nom.spef line 5293575, instance ANTENNA_i_soc.i_ai_sram.u_sram.gen_bank\[2\].gen_512.u_macro_din0\[23\] not found.
[STA-1648] /home/blogic2026/run5/repo/asic/run/RUN_hold035_2026-09-09/56-openroad-rcx/nom/asic_top.nom.spef line 5293916, instance ANTENNA_i_soc.i_ai_sram.u_sram.gen_bank\[13\].gen_512.u_macro_din0\[23\] not found.
[STA-1648] /home/blogic2026/run5/repo/asic/run/RUN_hold035_2026-09-09/56-openroad-rcx/nom/asic_top.nom.spef line 5294225, instance ANTENNA_i_soc.i_ai_sram.u_sram.gen_bank\[8\].gen_512.u_macro_din0\[22\] not found.
[STA-1648] /home/blogic2026/run5/repo/asic/run/RUN_hold035_2026-09-09/56-openroad-rcx/nom/asic_top.nom.spef line 5294226, instance ANTENNA_i_soc.i_ai_sram.u_sram.gen_bank\[4\].gen_512.u_macro_din0\[22\] not found.
[STA-1648] /home/blogic2026/run5/repo/asic/run/RUN_hold035_2026-09-09/56-openroad-rcx/nom/asic_top.nom.spef line 5294228, instance ANTENNA_i_soc.i_ai_sram.u_sram.gen_bank\[0\].gen_512.u_macro_din0\[22\] not found.
[STA-1648] /home/blogic2026/run5/repo/asic/run/RUN_hold035_2026-09-09/56-openroad-rcx/nom/asic_top.nom.spef line 5294232, instance ANTENNA_i_soc.i_ai_sram.u_sram.gen_bank\[12\].gen_512.u_macro_din0\[22\] not found.
[STA-1648] /home/blogic2026/run5/repo/asic/run/RUN_hold035_2026-09-09/56-openroad-rcx/nom/asic_top.nom.spef line 5294570, instance ANTENNA_i_soc.i_ai_sram.u_sram.gen_bank\[9\].gen_512.u_macro_din0\[22\] not found.
[STA-1648] /home/blogic2026/run5/repo/asic/run/RUN_hold035_2026-09-09/56-openroad-rcx/nom/asic_top.nom.spef line 5294572, instance ANTENNA_i_soc.i_ai_sram.u_sram.gen_bank\[5\].gen_512.u_macro_din0\[22\] not found.
[STA-1648] /home/blogic2026/run5/repo/asic/run/RUN_hold035_2026-09-09/56-openroad-rcx/nom/asic_top.nom.spef line 5294574, instance ANTENNA_i_soc.i_ai_sram.u_sram.gen_bank\[1\].gen_512.u_macro_din0\[22\] not found.
[STA-1648] /home/blogic2026/run5/repo/asic/run/RUN_hold035_2026-09-09/56-openroad-rcx/nom/asic_top.nom.spef line 5294890, instance ANTENNA_i_soc.i_ai_sram.u_sram.gen_bank\[11\].gen_512.u_macro_din0\[22\] not found.
[STA-1648] /home/blogic2026/run5/repo/asic/run/RUN_hold035_2026-09-09/56-openroad-rcx/nom/asic_top.nom.spef line 5294892, instance ANTENNA_i_soc.i_ai_sram.u_sram.gen_bank\[7\].gen_512.u_macro_din0\[22\] not found.
[STA-1648] /home/blogic2026/run5/repo/asic/run/RUN_hold035_2026-09-09/56-openroad-rcx/nom/asic_top.nom.spef line 5294894, instance ANTENNA_i_soc.i_ai_sram.u_sram.gen_bank\[3\].gen_512.u_macro_din0\[22\] not found.
[STA-1648] /home/blogic2026/run5/repo/asic/run/RUN_hold035_2026-09-09/56-openroad-rcx/nom/asic_top.nom.spef line 5295149, instance ANTENNA_i_soc.i_ai_sram.u_sram.gen_bank\[14\].gen_512.u_macro_din0\[22\] not found.
[STA-1648] /home/blogic2026/run5/repo/asic/run/RUN_hold035_2026-09-09/56-openroad-rcx/nom/asic_top.nom.spef line 5295154, instance ANTENNA_i_soc.i_ai_sram.u_sram.gen_bank\[10\].gen_512.u_macro_din0\[22\] not found.
[STA-1648] /home/blogic2026/run5/repo/asic/run/RUN_hold035_2026-09-09/56-openroad-rcx/nom/asic_top.nom.spef line 5295156, instance ANTENNA_i_soc.i_ai_sram.u_sram.gen_bank\[6\].gen_512.u_macro_din0\[22\] not found.
[STA-1648] /home/blogic2026/run5/repo/asic/run/RUN_hold035_2026-09-09/56-openroad-rcx/nom/asic_top.nom.spef line 5295158, instance ANTENNA_i_soc.i_ai_sram.u_sram.gen_bank\[2\].gen_512.u_macro_din0\[22\] not found.
[STA-1648] /home/blogic2026/run5/repo/asic/run/RUN_hold035_2026-09-09/56-openroad-rcx/nom/asic_top.nom.spef line 5295554, instance ANTENNA_i_soc.i_ai_sram.u_sram.gen_bank\[13\].gen_512.u_macro_din0\[22\] not found.
[STA-1648] /home/blogic2026/run5/repo/asic/run/RUN_hold035_2026-09-09/56-openroad-rcx/nom/asic_top.nom.spef line 5295843, instance ANTENNA_i_soc.i_ai_sram.u_sram.gen_bank\[8\].gen_512.u_macro_din0\[20\] not found.
[STA-1648] /home/blogic2026/run5/repo/asic/run/RUN_hold035_2026-09-09/56-openroad-rcx/nom/asic_top.nom.spef line 5295844, instance ANTENNA_i_soc.i_ai_sram.u_sram.gen_bank\[0\].gen_512.u_macro_din0\[20\] not found.
[STA-1648] /home/blogic2026/run5/repo/asic/run/RUN_hold035_2026-09-09/56-openroad-rcx/nom/asic_top.nom.spef line 5295847, instance ANTENNA_i_soc.i_ai_sram.u_sram.gen_bank\[4\].gen_512.u_macro_din0\[20\] not found.
[STA-1648] /home/blogic2026/run5/repo/asic/run/RUN_hold035_2026-09-09/56-openroad-rcx/nom/asic_top.nom.spef line 5295849, instance ANTENNA_i_soc.i_ai_sram.u_sram.gen_bank\[12\].gen_512.u_macro_din0\[20\] not found.
[STA-1648] /home/blogic2026/run5/repo/asic/run/RUN_hold035_2026-09-09/56-openroad-rcx/nom/asic_top.nom.spef line 5296152, instance ANTENNA_i_soc.i_ai_sram.u_sram.gen_bank\[9\].gen_512.u_macro_din0\[20\] not found.
[STA-1648] /home/blogic2026/run5/repo/asic/run/RUN_hold035_2026-09-09/56-openroad-rcx/nom/asic_top.nom.spef line 5296154, instance ANTENNA_i_soc.i_ai_sram.u_sram.gen_bank\[5\].gen_512.u_macro_din0\[20\] not found.
[STA-1648] /home/blogic2026/run5/repo/asic/run/RUN_hold035_2026-09-09/56-openroad-rcx/nom/asic_top.nom.spef line 5296156, instance ANTENNA_i_soc.i_ai_sram.u_sram.gen_bank\[1\].gen_512.u_macro_din0\[20\] not found.
[STA-1648] /home/blogic2026/run5/repo/asic/run/RUN_hold035_2026-09-09/56-openroad-rcx/nom/asic_top.nom.spef line 5296411, instance ANTENNA_i_soc.i_ai_sram.u_sram.gen_bank\[11\].gen_512.u_macro_din0\[20\] not found.
[STA-1648] /home/blogic2026/run5/repo/asic/run/RUN_hold035_2026-09-09/56-openroad-rcx/nom/asic_top.nom.spef line 5296412, instance ANTENNA_i_soc.i_ai_sram.u_sram.gen_bank\[7\].gen_512.u_macro_din0\[20\] not found.
[STA-1648] /home/blogic2026/run5/repo/asic/run/RUN_hold035_2026-09-09/56-openroad-rcx/nom/asic_top.nom.spef line 5296414, instance ANTENNA_i_soc.i_ai_sram.u_sram.gen_bank\[3\].gen_512.u_macro_din0\[20\] not found.
[STA-1648] /home/blogic2026/run5/repo/asic/run/RUN_hold035_2026-09-09/56-openroad-rcx/nom/asic_top.nom.spef line 5296777, instance ANTENNA_i_soc.i_ai_sram.u_sram.gen_bank\[14\].gen_512.u_macro_din0\[20\] not found.
[STA-1648] /home/blogic2026/run5/repo/asic/run/RUN_hold035_2026-09-09/56-openroad-rcx/nom/asic_top.nom.spef line 5296782, instance ANTENNA_i_soc.i_ai_sram.u_sram.gen_bank\[10\].gen_512.u_macro_din0\[20\] not found.
[STA-1648] /home/blogic2026/run5/repo/asic/run/RUN_hold035_2026-09-09/56-openroad-rcx/nom/asic_top.nom.spef line 5296784, instance ANTENNA_i_soc.i_ai_sram.u_sram.gen_bank\[6\].gen_512.u_macro_din0\[20\] not found.
[STA-1648] /home/blogic2026/run5/repo/asic/run/RUN_hold035_2026-09-09/56-openroad-rcx/nom/asic_top.nom.spef line 5296786, instance ANTENNA_i_soc.i_ai_sram.u_sram.gen_bank\[2\].gen_512.u_macro_din0\[20\] not found.
[STA-1648] /home/blogic2026/run5/repo/asic/run/RUN_hold035_2026-09-09/56-openroad-rcx/nom/asic_top.nom.spef line 5297135, instance ANTENNA_i_soc.i_ai_sram.u_sram.gen_bank\[13\].gen_512.u_macro_din0\[20\] not found.
[STA-1648] /home/blogic2026/run5/repo/asic/run/RUN_hold035_2026-09-09/56-openroad-rcx/nom/asic_top.nom.spef line 5297439, instance ANTENNA_i_soc.i_ai_sram.u_sram.gen_bank\[8\].gen_512.u_macro_din0\[19\] not found.
[STA-1648] /home/blogic2026/run5/repo/asic/run/RUN_hold035_2026-09-09/56-openroad-rcx/nom/asic_top.nom.spef line 5297441, instance ANTENNA_i_soc.i_ai_sram.u_sram.gen_bank\[4\].gen_512.u_macro_din0\[19\] not found.
[STA-1648] /home/blogic2026/run5/repo/asic/run/RUN_hold035_2026-09-09/56-openroad-rcx/nom/asic_top.nom.spef line 5297442, instance ANTENNA_i_soc.i_ai_sram.u_sram.gen_bank\[0\].gen_512.u_macro_din0\[19\] not found.
[STA-1648] /home/blogic2026/run5/repo/asic/run/RUN_hold035_2026-09-09/56-openroad-rcx/nom/asic_top.nom.spef line 5297444, instance ANTENNA_i_soc.i_ai_sram.u_sram.gen_bank\[12\].gen_512.u_macro_din0\[19\] not found.
[STA-1648] /home/blogic2026/run5/repo/asic/run/RUN_hold035_2026-09-09/56-openroad-rcx/nom/asic_top.nom.spef line 5297762, instance ANTENNA_i_soc.i_ai_sram.u_sram.gen_bank\[9\].gen_512.u_macro_din0\[19\] not found.
[STA-1648] /home/blogic2026/run5/repo/asic/run/RUN_hold035_2026-09-09/56-openroad-rcx/nom/asic_top.nom.spef line 5297764, instance ANTENNA_i_soc.i_ai_sram.u_sram.gen_bank\[1\].gen_512.u_macro_din0\[19\] not found.
[STA-1648] /home/blogic2026/run5/repo/asic/run/RUN_hold035_2026-09-09/56-openroad-rcx/nom/asic_top.nom.spef line 5297766, instance ANTENNA_i_soc.i_ai_sram.u_sram.gen_bank\[5\].gen_512.u_macro_din0\[19\] not found.
[STA-1648] /home/blogic2026/run5/repo/asic/run/RUN_hold035_2026-09-09/56-openroad-rcx/nom/asic_top.nom.spef line 5298034, instance ANTENNA_i_soc.i_ai_sram.u_sram.gen_bank\[11\].gen_512.u_macro_din0\[19\] not found.
[STA-1648] /home/blogic2026/run5/repo/asic/run/RUN_hold035_2026-09-09/56-openroad-rcx/nom/asic_top.nom.spef line 5298036, instance ANTENNA_i_soc.i_ai_sram.u_sram.gen_bank\[7\].gen_512.u_macro_din0\[19\] not found.
[STA-1648] /home/blogic2026/run5/repo/asic/run/RUN_hold035_2026-09-09/56-openroad-rcx/nom/asic_top.nom.spef line 5298038, instance ANTENNA_i_soc.i_ai_sram.u_sram.gen_bank\[3\].gen_512.u_macro_din0\[19\] not found.
[STA-1648] /home/blogic2026/run5/repo/asic/run/RUN_hold035_2026-09-09/56-openroad-rcx/nom/asic_top.nom.spef line 5298289, instance ANTENNA_i_soc.i_ai_sram.u_sram.gen_bank\[14\].gen_512.u_macro_din0\[19\] not found.
[STA-1648] /home/blogic2026/run5/repo/asic/run/RUN_hold035_2026-09-09/56-openroad-rcx/nom/asic_top.nom.spef line 5298293, instance ANTENNA_i_soc.i_ai_sram.u_sram.gen_bank\[10\].gen_512.u_macro_din0\[19\] not found.
[STA-1648] /home/blogic2026/run5/repo/asic/run/RUN_hold035_2026-09-09/56-openroad-rcx/nom/asic_top.nom.spef line 5298294, instance ANTENNA_i_soc.i_ai_sram.u_sram.gen_bank\[6\].gen_512.u_macro_din0\[19\] not found.
[STA-1648] /home/blogic2026/run5/repo/asic/run/RUN_hold035_2026-09-09/56-openroad-rcx/nom/asic_top.nom.spef line 5298295, instance ANTENNA_i_soc.i_ai_sram.u_sram.gen_bank\[2\].gen_512.u_macro_din0\[19\] not found.
[STA-1648] /home/blogic2026/run5/repo/asic/run/RUN_hold035_2026-09-09/56-openroad-rcx/nom/asic_top.nom.spef line 5298707, instance ANTENNA_i_soc.i_ai_sram.u_sram.gen_bank\[13\].gen_512.u_macro_din0\[19\] not found.
[STA-1648] /home/blogic2026/run5/repo/asic/run/RUN_hold035_2026-09-09/56-openroad-rcx/nom/asic_top.nom.spef line 5299046, instance ANTENNA_i_soc.i_ai_sram.u_sram.gen_bank\[8\].gen_512.u_macro_din0\[17\] not found.
[STA-1648] /home/blogic2026/run5/repo/asic/run/RUN_hold035_2026-09-09/56-openroad-rcx/nom/asic_top.nom.spef line 5299048, instance ANTENNA_i_soc.i_ai_sram.u_sram.gen_bank\[4\].gen_512.u_macro_din0\[17\] not found.
[STA-1648] /home/blogic2026/run5/repo/asic/run/RUN_hold035_2026-09-09/56-openroad-rcx/nom/asic_top.nom.spef line 5299050, instance ANTENNA_i_soc.i_ai_sram.u_sram.gen_bank\[0\].gen_512.u_macro_din0\[17\] not found.
[STA-1648] /home/blogic2026/run5/repo/asic/run/RUN_hold035_2026-09-09/56-openroad-rcx/nom/asic_top.nom.spef line 5299052, instance ANTENNA_i_soc.i_ai_sram.u_sram.gen_bank\[12\].gen_512.u_macro_din0\[17\] not found.
[STA-1648] /home/blogic2026/run5/repo/asic/run/RUN_hold035_2026-09-09/56-openroad-rcx/nom/asic_top.nom.spef line 5299313, instance ANTENNA_i_soc.i_ai_sram.u_sram.gen_bank\[9\].gen_512.u_macro_din0\[17\] not found.
[STA-1648] /home/blogic2026/run5/repo/asic/run/RUN_hold035_2026-09-09/56-openroad-rcx/nom/asic_top.nom.spef line 5299316, instance ANTENNA_i_soc.i_ai_sram.u_sram.gen_bank\[5\].gen_512.u_macro_din0\[17\] not found.
[STA-1648] /home/blogic2026/run5/repo/asic/run/RUN_hold035_2026-09-09/56-openroad-rcx/nom/asic_top.nom.spef line 5299318, instance ANTENNA_i_soc.i_ai_sram.u_sram.gen_bank\[1\].gen_512.u_macro_din0\[17\] not found.
[STA-1648] /home/blogic2026/run5/repo/asic/run/RUN_hold035_2026-09-09/56-openroad-rcx/nom/asic_top.nom.spef line 5299604, instance ANTENNA_i_soc.i_ai_sram.u_sram.gen_bank\[11\].gen_512.u_macro_din0\[17\] not found.
[STA-1648] /home/blogic2026/run5/repo/asic/run/RUN_hold035_2026-09-09/56-openroad-rcx/nom/asic_top.nom.spef line 5299605, instance ANTENNA_i_soc.i_ai_sram.u_sram.gen_bank\[7\].gen_512.u_macro_din0\[17\] not found.
[STA-1648] /home/blogic2026/run5/repo/asic/run/RUN_hold035_2026-09-09/56-openroad-rcx/nom/asic_top.nom.spef line 5299607, instance ANTENNA_i_soc.i_ai_sram.u_sram.gen_bank\[3\].gen_512.u_macro_din0\[17\] not found.
[STA-1648] /home/blogic2026/run5/repo/asic/run/RUN_hold035_2026-09-09/56-openroad-rcx/nom/asic_top.nom.spef line 5300209, instance ANTENNA_i_soc.i_ai_sram.u_sram.gen_bank\[14\].gen_512.u_macro_din0\[17\] not found.
[STA-1648] /home/blogic2026/run5/repo/asic/run/RUN_hold035_2026-09-09/56-openroad-rcx/nom/asic_top.nom.spef line 5300215, instance ANTENNA_i_soc.i_ai_sram.u_sram.gen_bank\[10\].gen_512.u_macro_din0\[17\] not found.
[STA-1648] /home/blogic2026/run5/repo/asic/run/RUN_hold035_2026-09-09/56-openroad-rcx/nom/asic_top.nom.spef line 5300216, instance ANTENNA_i_soc.i_ai_sram.u_sram.gen_bank\[6\].gen_512.u_macro_din0\[17\] not found.
[STA-1648] /home/blogic2026/run5/repo/asic/run/RUN_hold035_2026-09-09/56-openroad-rcx/nom/asic_top.nom.spef line 5300218, instance ANTENNA_i_soc.i_ai_sram.u_sram.gen_bank\[2\].gen_512.u_macro_din0\[17\] not found.
[STA-1648] /home/blogic2026/run5/repo/asic/run/RUN_hold035_2026-09-09/56-openroad-rcx/nom/asic_top.nom.spef line 5300560, instance ANTENNA_i_soc.i_ai_sram.u_sram.gen_bank\[13\].gen_512.u_macro_din0\[17\] not found.
[STA-1648] /home/blogic2026/run5/repo/asic/run/RUN_hold035_2026-09-09/56-openroad-rcx/nom/asic_top.nom.spef line 5300845, instance ANTENNA_i_soc.i_ai_sram.u_sram.gen_bank\[8\].gen_512.u_macro_din0\[13\] not found.
[STA-1648] /home/blogic2026/run5/repo/asic/run/RUN_hold035_2026-09-09/56-openroad-rcx/nom/asic_top.nom.spef line 5300847, instance ANTENNA_i_soc.i_ai_sram.u_sram.gen_bank\[4\].gen_512.u_macro_din0\[13\] not found.
[STA-1648] /home/blogic2026/run5/repo/asic/run/RUN_hold035_2026-09-09/56-openroad-rcx/nom/asic_top.nom.spef line 5300849, instance ANTENNA_i_soc.i_ai_sram.u_sram.gen_bank\[0\].gen_512.u_macro_din0\[13\] not found.
[STA-1648] /home/blogic2026/run5/repo/asic/run/RUN_hold035_2026-09-09/56-openroad-rcx/nom/asic_top.nom.spef line 5300851, instance ANTENNA_i_soc.i_ai_sram.u_sram.gen_bank\[12\].gen_512.u_macro_din0\[13\] not found.
[STA-1648] /home/blogic2026/run5/repo/asic/run/RUN_hold035_2026-09-09/56-openroad-rcx/nom/asic_top.nom.spef line 5301149, instance ANTENNA_i_soc.i_ai_sram.u_sram.gen_bank\[9\].gen_512.u_macro_din0\[13\] not found.
[STA-1648] /home/blogic2026/run5/repo/asic/run/RUN_hold035_2026-09-09/56-openroad-rcx/nom/asic_top.nom.spef line 5301151, instance ANTENNA_i_soc.i_ai_sram.u_sram.gen_bank\[5\].gen_512.u_macro_din0\[13\] not found.
[STA-1648] /home/blogic2026/run5/repo/asic/run/RUN_hold035_2026-09-09/56-openroad-rcx/nom/asic_top.nom.spef line 5301153, instance ANTENNA_i_soc.i_ai_sram.u_sram.gen_bank\[1\].gen_512.u_macro_din0\[13\] not found.
[STA-1648] /home/blogic2026/run5/repo/asic/run/RUN_hold035_2026-09-09/56-openroad-rcx/nom/asic_top.nom.spef line 5301432, instance ANTENNA_i_soc.i_ai_sram.u_sram.gen_bank\[11\].gen_512.u_macro_din0\[13\] not found.
[STA-1648] /home/blogic2026/run5/repo/asic/run/RUN_hold035_2026-09-09/56-openroad-rcx/nom/asic_top.nom.spef line 5301434, instance ANTENNA_i_soc.i_ai_sram.u_sram.gen_bank\[7\].gen_512.u_macro_din0\[13\] not found.
[STA-1648] /home/blogic2026/run5/repo/asic/run/RUN_hold035_2026-09-09/56-openroad-rcx/nom/asic_top.nom.spef line 5301436, instance ANTENNA_i_soc.i_ai_sram.u_sram.gen_bank\[3\].gen_512.u_macro_din0\[13\] not found.
[STA-1648] /home/blogic2026/run5/repo/asic/run/RUN_hold035_2026-09-09/56-openroad-rcx/nom/asic_top.nom.spef line 5301686, instance ANTENNA_i_soc.i_ai_sram.u_sram.gen_bank\[10\].gen_512.u_macro_din0\[13\] not found.
[STA-1648] /home/blogic2026/run5/repo/asic/run/RUN_hold035_2026-09-09/56-openroad-rcx/nom/asic_top.nom.spef line 5301688, instance ANTENNA_i_soc.i_ai_sram.u_sram.gen_bank\[6\].gen_512.u_macro_din0\[13\] not found.
[STA-1648] /home/blogic2026/run5/repo/asic/run/RUN_hold035_2026-09-09/56-openroad-rcx/nom/asic_top.nom.spef line 5301690, instance ANTENNA_i_soc.i_ai_sram.u_sram.gen_bank\[2\].gen_512.u_macro_din0\[13\] not found.
[STA-1648] /home/blogic2026/run5/repo/asic/run/RUN_hold035_2026-09-09/56-openroad-rcx/nom/asic_top.nom.spef line 5301691, instance ANTENNA_i_soc.i_ai_sram.u_sram.gen_bank\[14\].gen_512.u_macro_din0\[13\] not found.
[STA-1648] /home/blogic2026/run5/repo/asic/run/RUN_hold035_2026-09-09/56-openroad-rcx/nom/asic_top.nom.spef line 5302005, instance ANTENNA_i_soc.i_ai_sram.u_sram.gen_bank\[13\].gen_512.u_macro_din0\[13\] not found.
[STA-1648] /home/blogic2026/run5/repo/asic/run/RUN_hold035_2026-09-09/56-openroad-rcx/nom/asic_top.nom.spef line 5302296, instance ANTENNA_i_soc.i_ai_sram.u_sram.gen_bank\[8\].gen_512.u_macro_din0\[10\] not found.
[STA-1648] /home/blogic2026/run5/repo/asic/run/RUN_hold035_2026-09-09/56-openroad-rcx/nom/asic_top.nom.spef line 5302298, instance ANTENNA_i_soc.i_ai_sram.u_sram.gen_bank\[4\].gen_512.u_macro_din0\[10\] not found.
[STA-1648] /home/blogic2026/run5/repo/asic/run/RUN_hold035_2026-09-09/56-openroad-rcx/nom/asic_top.nom.spef line 5302300, instance ANTENNA_i_soc.i_ai_sram.u_sram.gen_bank\[0\].gen_512.u_macro_din0\[10\] not found.
[STA-1648] /home/blogic2026/run5/repo/asic/run/RUN_hold035_2026-09-09/56-openroad-rcx/nom/asic_top.nom.spef line 5302302, instance ANTENNA_i_soc.i_ai_sram.u_sram.gen_bank\[12\].gen_512.u_macro_din0\[10\] not found.
[STA-1648] /home/blogic2026/run5/repo/asic/run/RUN_hold035_2026-09-09/56-openroad-rcx/nom/asic_top.nom.spef line 5302579, instance ANTENNA_i_soc.i_ai_sram.u_sram.gen_bank\[9\].gen_512.u_macro_din0\[10\] not found.
[STA-1648] /home/blogic2026/run5/repo/asic/run/RUN_hold035_2026-09-09/56-openroad-rcx/nom/asic_top.nom.spef line 5302581, instance ANTENNA_i_soc.i_ai_sram.u_sram.gen_bank\[5\].gen_512.u_macro_din0\[10\] not found.
[STA-1648] /home/blogic2026/run5/repo/asic/run/RUN_hold035_2026-09-09/56-openroad-rcx/nom/asic_top.nom.spef line 5302583, instance ANTENNA_i_soc.i_ai_sram.u_sram.gen_bank\[1\].gen_512.u_macro_din0\[10\] not found.
[STA-1648] /home/blogic2026/run5/repo/asic/run/RUN_hold035_2026-09-09/56-openroad-rcx/nom/asic_top.nom.spef line 5302867, instance ANTENNA_i_soc.i_ai_sram.u_sram.gen_bank\[11\].gen_512.u_macro_din0\[10\] not found.
[STA-1648] /home/blogic2026/run5/repo/asic/run/RUN_hold035_2026-09-09/56-openroad-rcx/nom/asic_top.nom.spef line 5302868, instance ANTENNA_i_soc.i_ai_sram.u_sram.gen_bank\[7\].gen_512.u_macro_din0\[10\] not found.
[STA-1648] /home/blogic2026/run5/repo/asic/run/RUN_hold035_2026-09-09/56-openroad-rcx/nom/asic_top.nom.spef line 5302870, instance ANTENNA_i_soc.i_ai_sram.u_sram.gen_bank\[3\].gen_512.u_macro_din0\[10\] not found.
[STA-1648] /home/blogic2026/run5/repo/asic/run/RUN_hold035_2026-09-09/56-openroad-rcx/nom/asic_top.nom.spef line 5303465, instance ANTENNA_i_soc.i_ai_sram.u_sram.gen_bank\[14\].gen_512.u_macro_din0\[10\] not found.
[STA-1648] /home/blogic2026/run5/repo/asic/run/RUN_hold035_2026-09-09/56-openroad-rcx/nom/asic_top.nom.spef line 5303469, instance ANTENNA_i_soc.i_ai_sram.u_sram.gen_bank\[10\].gen_512.u_macro_din0\[10\] not found.
[STA-1648] /home/blogic2026/run5/repo/asic/run/RUN_hold035_2026-09-09/56-openroad-rcx/nom/asic_top.nom.spef line 5303471, instance ANTENNA_i_soc.i_ai_sram.u_sram.gen_bank\[6\].gen_512.u_macro_din0\[10\] not found.
[STA-1648] /home/blogic2026/run5/repo/asic/run/RUN_hold035_2026-09-09/56-openroad-rcx/nom/asic_top.nom.spef line 5303473, instance ANTENNA_i_soc.i_ai_sram.u_sram.gen_bank\[2\].gen_512.u_macro_din0\[10\] not found.
[STA-1648] /home/blogic2026/run5/repo/asic/run/RUN_hold035_2026-09-09/56-openroad-rcx/nom/asic_top.nom.spef line 5303802, instance ANTENNA_i_soc.i_ai_sram.u_sram.gen_bank\[13\].gen_512.u_macro_din0\[10\] not found.
[STA-1648] /home/blogic2026/run5/repo/asic/run/RUN_hold035_2026-09-09/56-openroad-rcx/nom/asic_top.nom.spef line 5304083, instance ANTENNA_i_soc.i_ai_sram.u_sram.gen_bank\[8\].gen_512.u_macro_din0\[9\] not found.
[STA-1648] /home/blogic2026/run5/repo/asic/run/RUN_hold035_2026-09-09/56-openroad-rcx/nom/asic_top.nom.spef line 5304085, instance ANTENNA_i_soc.i_ai_sram.u_sram.gen_bank\[4\].gen_512.u_macro_din0\[9\] not found.
[STA-1648] /home/blogic2026/run5/repo/asic/run/RUN_hold035_2026-09-09/56-openroad-rcx/nom/asic_top.nom.spef line 5304087, instance ANTENNA_i_soc.i_ai_sram.u_sram.gen_bank\[0\].gen_512.u_macro_din0\[9\] not found.
[STA-1648] /home/blogic2026/run5/repo/asic/run/RUN_hold035_2026-09-09/56-openroad-rcx/nom/asic_top.nom.spef line 5304090, instance ANTENNA_i_soc.i_ai_sram.u_sram.gen_bank\[12\].gen_512.u_macro_din0\[9\] not found.
[STA-1648] /home/blogic2026/run5/repo/asic/run/RUN_hold035_2026-09-09/56-openroad-rcx/nom/asic_top.nom.spef line 5304366, instance ANTENNA_i_soc.i_ai_sram.u_sram.gen_bank\[5\].gen_512.u_macro_din0\[9\] not found.
[STA-1648] /home/blogic2026/run5/repo/asic/run/RUN_hold035_2026-09-09/56-openroad-rcx/nom/asic_top.nom.spef line 5304368, instance ANTENNA_i_soc.i_ai_sram.u_sram.gen_bank\[1\].gen_512.u_macro_din0\[9\] not found.
[STA-1648] /home/blogic2026/run5/repo/asic/run/RUN_hold035_2026-09-09/56-openroad-rcx/nom/asic_top.nom.spef line 5304369, instance ANTENNA_i_soc.i_ai_sram.u_sram.gen_bank\[9\].gen_512.u_macro_din0\[9\] not found.
[STA-1648] /home/blogic2026/run5/repo/asic/run/RUN_hold035_2026-09-09/56-openroad-rcx/nom/asic_top.nom.spef line 5304633, instance ANTENNA_i_soc.i_ai_sram.u_sram.gen_bank\[11\].gen_512.u_macro_din0\[9\] not found.
[STA-1648] /home/blogic2026/run5/repo/asic/run/RUN_hold035_2026-09-09/56-openroad-rcx/nom/asic_top.nom.spef line 5304635, instance ANTENNA_i_soc.i_ai_sram.u_sram.gen_bank\[7\].gen_512.u_macro_din0\[9\] not found.
[STA-1648] /home/blogic2026/run5/repo/asic/run/RUN_hold035_2026-09-09/56-openroad-rcx/nom/asic_top.nom.spef line 5304637, instance ANTENNA_i_soc.i_ai_sram.u_sram.gen_bank\[3\].gen_512.u_macro_din0\[9\] not found.
[STA-1648] /home/blogic2026/run5/repo/asic/run/RUN_hold035_2026-09-09/56-openroad-rcx/nom/asic_top.nom.spef line 5304876, instance ANTENNA_i_soc.i_ai_sram.u_sram.gen_bank\[14\].gen_512.u_macro_din0\[9\] not found.
[STA-1648] /home/blogic2026/run5/repo/asic/run/RUN_hold035_2026-09-09/56-openroad-rcx/nom/asic_top.nom.spef line 5304880, instance ANTENNA_i_soc.i_ai_sram.u_sram.gen_bank\[10\].gen_512.u_macro_din0\[9\] not found.
[STA-1648] /home/blogic2026/run5/repo/asic/run/RUN_hold035_2026-09-09/56-openroad-rcx/nom/asic_top.nom.spef line 5304884, instance ANTENNA_i_soc.i_ai_sram.u_sram.gen_bank\[6\].gen_512.u_macro_din0\[9\] not found.
[STA-1648] /home/blogic2026/run5/repo/asic/run/RUN_hold035_2026-09-09/56-openroad-rcx/nom/asic_top.nom.spef line 5304886, instance ANTENNA_i_soc.i_ai_sram.u_sram.gen_bank\[2\].gen_512.u_macro_din0\[9\] not found.
[STA-1648] /home/blogic2026/run5/repo/asic/run/RUN_hold035_2026-09-09/56-openroad-rcx/nom/asic_top.nom.spef line 5305260, instance ANTENNA_i_soc.i_ai_sram.u_sram.gen_bank\[13\].gen_512.u_macro_din0\[9\] not found.
[STA-1648] /home/blogic2026/run5/repo/asic/run/RUN_hold035_2026-09-09/56-openroad-rcx/nom/asic_top.nom.spef line 5305541, instance ANTENNA_i_soc.i_ai_sram.u_sram.gen_bank\[12\].gen_512.u_macro_din0\[5\] not found.
[STA-1648] /home/blogic2026/run5/repo/asic/run/RUN_hold035_2026-09-09/56-openroad-rcx/nom/asic_top.nom.spef line 5305543, instance ANTENNA_i_soc.i_ai_sram.u_sram.gen_bank\[8\].gen_512.u_macro_din0\[5\] not found.
[STA-1648] /home/blogic2026/run5/repo/asic/run/RUN_hold035_2026-09-09/56-openroad-rcx/nom/asic_top.nom.spef line 5305545, instance ANTENNA_i_soc.i_ai_sram.u_sram.gen_bank\[4\].gen_512.u_macro_din0\[5\] not found.
[STA-1648] /home/blogic2026/run5/repo/asic/run/RUN_hold035_2026-09-09/56-openroad-rcx/nom/asic_top.nom.spef line 5305547, instance ANTENNA_i_soc.i_ai_sram.u_sram.gen_bank\[0\].gen_512.u_macro_din0\[5\] not found.
[STA-1648] /home/blogic2026/run5/repo/asic/run/RUN_hold035_2026-09-09/56-openroad-rcx/nom/asic_top.nom.spef line 5305836, instance ANTENNA_i_soc.i_ai_sram.u_sram.gen_bank\[9\].gen_512.u_macro_din0\[5\] not found.
[STA-1648] /home/blogic2026/run5/repo/asic/run/RUN_hold035_2026-09-09/56-openroad-rcx/nom/asic_top.nom.spef line 5305838, instance ANTENNA_i_soc.i_ai_sram.u_sram.gen_bank\[5\].gen_512.u_macro_din0\[5\] not found.
[STA-1648] /home/blogic2026/run5/repo/asic/run/RUN_hold035_2026-09-09/56-openroad-rcx/nom/asic_top.nom.spef line 5305840, instance ANTENNA_i_soc.i_ai_sram.u_sram.gen_bank\[1\].gen_512.u_macro_din0\[5\] not found.
[STA-1648] /home/blogic2026/run5/repo/asic/run/RUN_hold035_2026-09-09/56-openroad-rcx/nom/asic_top.nom.spef line 5306119, instance ANTENNA_i_soc.i_ai_sram.u_sram.gen_bank\[11\].gen_512.u_macro_din0\[5\] not found.
[STA-1648] /home/blogic2026/run5/repo/asic/run/RUN_hold035_2026-09-09/56-openroad-rcx/nom/asic_top.nom.spef line 5306121, instance ANTENNA_i_soc.i_ai_sram.u_sram.gen_bank\[7\].gen_512.u_macro_din0\[5\] not found.
[STA-1648] /home/blogic2026/run5/repo/asic/run/RUN_hold035_2026-09-09/56-openroad-rcx/nom/asic_top.nom.spef line 5306123, instance ANTENNA_i_soc.i_ai_sram.u_sram.gen_bank\[3\].gen_512.u_macro_din0\[5\] not found.
[STA-1648] /home/blogic2026/run5/repo/asic/run/RUN_hold035_2026-09-09/56-openroad-rcx/nom/asic_top.nom.spef line 5306508, instance ANTENNA_i_soc.i_ai_sram.u_sram.gen_bank\[13\].gen_512.u_macro_din0\[5\] not found.
[STA-1648] /home/blogic2026/run5/repo/asic/run/RUN_hold035_2026-09-09/56-openroad-rcx/nom/asic_top.nom.spef line 5306513, instance ANTENNA_i_soc.i_ai_sram.u_sram.gen_bank\[14\].gen_512.u_macro_din0\[5\] not found.
[STA-1648] /home/blogic2026/run5/repo/asic/run/RUN_hold035_2026-09-09/56-openroad-rcx/nom/asic_top.nom.spef line 5306786, instance ANTENNA_i_soc.i_ai_sram.u_sram.gen_bank\[10\].gen_512.u_macro_din0\[5\] not found.
[STA-1648] /home/blogic2026/run5/repo/asic/run/RUN_hold035_2026-09-09/56-openroad-rcx/nom/asic_top.nom.spef line 5306788, instance ANTENNA_i_soc.i_ai_sram.u_sram.gen_bank\[6\].gen_512.u_macro_din0\[5\] not found.
[STA-1648] /home/blogic2026/run5/repo/asic/run/RUN_hold035_2026-09-09/56-openroad-rcx/nom/asic_top.nom.spef line 5306790, instance ANTENNA_i_soc.i_ai_sram.u_sram.gen_bank\[2\].gen_512.u_macro_din0\[5\] not found.
[STA-1648] /home/blogic2026/run5/repo/asic/run/RUN_hold035_2026-09-09/56-openroad-rcx/nom/asic_top.nom.spef line 5307147, instance ANTENNA_i_soc.i_ai_sram.u_sram.gen_bank\[12\].gen_512.u_macro_din0\[2\] not found.
[STA-1648] /home/blogic2026/run5/repo/asic/run/RUN_hold035_2026-09-09/56-openroad-rcx/nom/asic_top.nom.spef line 5307149, instance ANTENNA_i_soc.i_ai_sram.u_sram.gen_bank\[8\].gen_512.u_macro_din0\[2\] not found.
[STA-1648] /home/blogic2026/run5/repo/asic/run/RUN_hold035_2026-09-09/56-openroad-rcx/nom/asic_top.nom.spef line 5307151, instance ANTENNA_i_soc.i_ai_sram.u_sram.gen_bank\[4\].gen_512.u_macro_din0\[2\] not found.
[STA-1648] /home/blogic2026/run5/repo/asic/run/RUN_hold035_2026-09-09/56-openroad-rcx/nom/asic_top.nom.spef line 5307153, instance ANTENNA_i_soc.i_ai_sram.u_sram.gen_bank\[0\].gen_512.u_macro_din0\[2\] not found.
[STA-1648] /home/blogic2026/run5/repo/asic/run/RUN_hold035_2026-09-09/56-openroad-rcx/nom/asic_top.nom.spef line 5307426, instance ANTENNA_i_soc.i_ai_sram.u_sram.gen_bank\[9\].gen_512.u_macro_din0\[2\] not found.
[STA-1648] /home/blogic2026/run5/repo/asic/run/RUN_hold035_2026-09-09/56-openroad-rcx/nom/asic_top.nom.spef line 5307428, instance ANTENNA_i_soc.i_ai_sram.u_sram.gen_bank\[5\].gen_512.u_macro_din0\[2\] not found.
[STA-1648] /home/blogic2026/run5/repo/asic/run/RUN_hold035_2026-09-09/56-openroad-rcx/nom/asic_top.nom.spef line 5307430, instance ANTENNA_i_soc.i_ai_sram.u_sram.gen_bank\[1\].gen_512.u_macro_din0\[2\] not found.
[STA-1648] /home/blogic2026/run5/repo/asic/run/RUN_hold035_2026-09-09/56-openroad-rcx/nom/asic_top.nom.spef line 5307752, instance ANTENNA_i_soc.i_ai_sram.u_sram.gen_bank\[11\].gen_512.u_macro_din0\[2\] not found.
[STA-1648] /home/blogic2026/run5/repo/asic/run/RUN_hold035_2026-09-09/56-openroad-rcx/nom/asic_top.nom.spef line 5307754, instance ANTENNA_i_soc.i_ai_sram.u_sram.gen_bank\[7\].gen_512.u_macro_din0\[2\] not found.
[STA-1648] /home/blogic2026/run5/repo/asic/run/RUN_hold035_2026-09-09/56-openroad-rcx/nom/asic_top.nom.spef line 5307756, instance ANTENNA_i_soc.i_ai_sram.u_sram.gen_bank\[3\].gen_512.u_macro_din0\[2\] not found.
[STA-1648] /home/blogic2026/run5/repo/asic/run/RUN_hold035_2026-09-09/56-openroad-rcx/nom/asic_top.nom.spef line 5308008, instance ANTENNA_i_soc.i_ai_sram.u_sram.gen_bank\[13\].gen_512.u_macro_din0\[2\] not found.
[STA-1648] /home/blogic2026/run5/repo/asic/run/RUN_hold035_2026-09-09/56-openroad-rcx/nom/asic_top.nom.spef line 5308012, instance ANTENNA_i_soc.i_ai_sram.u_sram.gen_bank\[14\].gen_512.u_macro_din0\[2\] not found.
[STA-1648] /home/blogic2026/run5/repo/asic/run/RUN_hold035_2026-09-09/56-openroad-rcx/nom/asic_top.nom.spef line 5308253, instance ANTENNA_i_soc.i_ai_sram.u_sram.gen_bank\[10\].gen_512.u_macro_din0\[2\] not found.
[STA-1648] /home/blogic2026/run5/repo/asic/run/RUN_hold035_2026-09-09/56-openroad-rcx/nom/asic_top.nom.spef line 5308255, instance ANTENNA_i_soc.i_ai_sram.u_sram.gen_bank\[6\].gen_512.u_macro_din0\[2\] not found.
[STA-1648] /home/blogic2026/run5/repo/asic/run/RUN_hold035_2026-09-09/56-openroad-rcx/nom/asic_top.nom.spef line 5308257, instance ANTENNA_i_soc.i_ai_sram.u_sram.gen_bank\[2\].gen_512.u_macro_din0\[2\] not found.
[STA-1648] /home/blogic2026/run5/repo/asic/run/RUN_hold035_2026-09-09/56-openroad-rcx/nom/asic_top.nom.spef line 5308589, instance ANTENNA_i_soc.i_ai_sram.u_sram.gen_bank\[8\].gen_512.u_macro_din0\[1\] not found.
[STA-1648] /home/blogic2026/run5/repo/asic/run/RUN_hold035_2026-09-09/56-openroad-rcx/nom/asic_top.nom.spef line 5308592, instance ANTENNA_i_soc.i_ai_sram.u_sram.gen_bank\[4\].gen_512.u_macro_din0\[1\] not found.
[STA-1648] /home/blogic2026/run5/repo/asic/run/RUN_hold035_2026-09-09/56-openroad-rcx/nom/asic_top.nom.spef line 5308594, instance ANTENNA_i_soc.i_ai_sram.u_sram.gen_bank\[0\].gen_512.u_macro_din0\[1\] not found.
[STA-1648] /home/blogic2026/run5/repo/asic/run/RUN_hold035_2026-09-09/56-openroad-rcx/nom/asic_top.nom.spef line 5308597, instance ANTENNA_i_soc.i_ai_sram.u_sram.gen_bank\[12\].gen_512.u_macro_din0\[1\] not found.
[STA-1648] /home/blogic2026/run5/repo/asic/run/RUN_hold035_2026-09-09/56-openroad-rcx/nom/asic_top.nom.spef line 5308884, instance ANTENNA_i_soc.i_ai_sram.u_sram.gen_bank\[9\].gen_512.u_macro_din0\[1\] not found.
[STA-1648] /home/blogic2026/run5/repo/asic/run/RUN_hold035_2026-09-09/56-openroad-rcx/nom/asic_top.nom.spef line 5308886, instance ANTENNA_i_soc.i_ai_sram.u_sram.gen_bank\[5\].gen_512.u_macro_din0\[1\] not found.
[STA-1648] /home/blogic2026/run5/repo/asic/run/RUN_hold035_2026-09-09/56-openroad-rcx/nom/asic_top.nom.spef line 5308888, instance ANTENNA_i_soc.i_ai_sram.u_sram.gen_bank\[1\].gen_512.u_macro_din0\[1\] not found.
[STA-1648] /home/blogic2026/run5/repo/asic/run/RUN_hold035_2026-09-09/56-openroad-rcx/nom/asic_top.nom.spef line 5309149, instance ANTENNA_i_soc.i_ai_sram.u_sram.gen_bank\[11\].gen_512.u_macro_din0\[1\] not found.
[STA-1648] /home/blogic2026/run5/repo/asic/run/RUN_hold035_2026-09-09/56-openroad-rcx/nom/asic_top.nom.spef line 5309150, instance ANTENNA_i_soc.i_ai_sram.u_sram.gen_bank\[7\].gen_512.u_macro_din0\[1\] not found.
[STA-1648] /home/blogic2026/run5/repo/asic/run/RUN_hold035_2026-09-09/56-openroad-rcx/nom/asic_top.nom.spef line 5309153, instance ANTENNA_i_soc.i_ai_sram.u_sram.gen_bank\[3\].gen_512.u_macro_din0\[1\] not found.
[STA-1648] /home/blogic2026/run5/repo/asic/run/RUN_hold035_2026-09-09/56-openroad-rcx/nom/asic_top.nom.spef line 5309704, instance ANTENNA_i_soc.i_ai_sram.u_sram.gen_bank\[14\].gen_512.u_macro_din0\[1\] not found.
[STA-1648] /home/blogic2026/run5/repo/asic/run/RUN_hold035_2026-09-09/56-openroad-rcx/nom/asic_top.nom.spef line 5309706, instance ANTENNA_i_soc.i_ai_sram.u_sram.gen_bank\[13\].gen_512.u_macro_din0\[1\] not found.
[STA-1648] /home/blogic2026/run5/repo/asic/run/RUN_hold035_2026-09-09/56-openroad-rcx/nom/asic_top.nom.spef line 5309961, instance ANTENNA_i_soc.i_ai_sram.u_sram.gen_bank\[10\].gen_512.u_macro_din0\[1\] not found.
[STA-1648] /home/blogic2026/run5/repo/asic/run/RUN_hold035_2026-09-09/56-openroad-rcx/nom/asic_top.nom.spef line 5309965, instance ANTENNA_i_soc.i_ai_sram.u_sram.gen_bank\[6\].gen_512.u_macro_din0\[1\] not found.
[STA-1648] /home/blogic2026/run5/repo/asic/run/RUN_hold035_2026-09-09/56-openroad-rcx/nom/asic_top.nom.spef line 5309967, instance ANTENNA_i_soc.i_ai_sram.u_sram.gen_bank\[2\].gen_512.u_macro_din0\[1\] not found.
[STA-1648] /home/blogic2026/run5/repo/asic/run/RUN_hold035_2026-09-09/56-openroad-rcx/nom/asic_top.nom.spef line 5382559, instance ANTENNA_i_soc.i_ai_sram.u_sram.gen_bank\[0\].gen_512.u_macro_addr1\[2\] not found.
[STA-1648] /home/blogic2026/run5/repo/asic/run/RUN_hold035_2026-09-09/56-openroad-rcx/nom/asic_top.nom.spef line 5383916, instance ANTENNA_i_soc.i_ai_sram.u_sram.gen_bank\[1\].gen_512.u_macro_addr1\[2\] not found.
[STA-1648] /home/blogic2026/run5/repo/asic/run/RUN_hold035_2026-09-09/56-openroad-rcx/nom/asic_top.nom.spef line 5384880, instance ANTENNA_i_soc.i_ai_sram.u_sram.gen_bank\[2\].gen_512.u_macro_addr1\[2\] not found.
[STA-1648] /home/blogic2026/run5/repo/asic/run/RUN_hold035_2026-09-09/56-openroad-rcx/nom/asic_top.nom.spef line 5385499, instance ANTENNA_i_soc.i_ai_sram.u_sram.gen_bank\[3\].gen_512.u_macro_addr1\[2\] not found.
[STA-1648] /home/blogic2026/run5/repo/asic/run/RUN_hold035_2026-09-09/56-openroad-rcx/nom/asic_top.nom.spef line 5471815, instance ANTENNA_i_soc.i_ai_accel.u_conv_out.gen_bank\[1\].gen_512.u_macro_din0\[2\] not found.
[STA-1648] /home/blogic2026/run5/repo/asic/run/RUN_hold035_2026-09-09/56-openroad-rcx/nom/asic_top.nom.spef line 5471817, instance ANTENNA_i_soc.i_ai_accel.u_conv_out.gen_bank\[1\].gen_512.u_macro_din0\[10\] not found.
[STA-1648] /home/blogic2026/run5/repo/asic/run/RUN_hold035_2026-09-09/56-openroad-rcx/nom/asic_top.nom.spef line 5471818, instance ANTENNA_i_soc.i_ai_accel.u_conv_out.gen_bank\[1\].gen_512.u_macro_din0\[18\] not found.
[STA-1648] /home/blogic2026/run5/repo/asic/run/RUN_hold035_2026-09-09/56-openroad-rcx/nom/asic_top.nom.spef line 5471821, instance ANTENNA_i_soc.i_ai_accel.u_conv_out.gen_bank\[1\].gen_512.u_macro_din0\[26\] not found.
[STA-1648] /home/blogic2026/run5/repo/asic/run/RUN_hold035_2026-09-09/56-openroad-rcx/nom/asic_top.nom.spef line 5473416, instance ANTENNA_i_soc.i_ai_accel.u_conv_out.gen_bank\[1\].gen_512.u_macro_din0\[1\] not found.
[STA-1648] /home/blogic2026/run5/repo/asic/run/RUN_hold035_2026-09-09/56-openroad-rcx/nom/asic_top.nom.spef line 5473418, instance ANTENNA_i_soc.i_ai_accel.u_conv_out.gen_bank\[1\].gen_512.u_macro_din0\[9\] not found.
[STA-1648] /home/blogic2026/run5/repo/asic/run/RUN_hold035_2026-09-09/56-openroad-rcx/nom/asic_top.nom.spef line 5473421, instance ANTENNA_i_soc.i_ai_accel.u_conv_out.gen_bank\[1\].gen_512.u_macro_din0\[25\] not found.
[STA-1648] /home/blogic2026/run5/repo/asic/run/RUN_hold035_2026-09-09/56-openroad-rcx/nom/asic_top.nom.spef line 5473422, instance ANTENNA_i_soc.i_ai_accel.u_conv_out.gen_bank\[1\].gen_512.u_macro_din0\[17\] not found.
[STA-1648] /home/blogic2026/run5/repo/asic/run/RUN_hold035_2026-09-09/56-openroad-rcx/nom/asic_top.nom.spef line 5475172, instance ANTENNA_i_soc.i_ai_accel.u_conv_out.gen_bank\[1\].gen_512.u_macro_din0\[21\] not found.
[STA-1648] /home/blogic2026/run5/repo/asic/run/RUN_hold035_2026-09-09/56-openroad-rcx/nom/asic_top.nom.spef line 5475174, instance ANTENNA_i_soc.i_ai_accel.u_conv_out.gen_bank\[1\].gen_512.u_macro_din0\[13\] not found.
[STA-1648] /home/blogic2026/run5/repo/asic/run/RUN_hold035_2026-09-09/56-openroad-rcx/nom/asic_top.nom.spef line 5475176, instance ANTENNA_i_soc.i_ai_accel.u_conv_out.gen_bank\[1\].gen_512.u_macro_din0\[5\] not found.
[STA-1648] /home/blogic2026/run5/repo/asic/run/RUN_hold035_2026-09-09/56-openroad-rcx/nom/asic_top.nom.spef line 5475181, instance ANTENNA_i_soc.i_ai_accel.u_conv_out.gen_bank\[0\].gen_512.u_macro_din0\[5\] not found.
[STA-1648] /home/blogic2026/run5/repo/asic/run/RUN_hold035_2026-09-09/56-openroad-rcx/nom/asic_top.nom.spef line 5475182, instance ANTENNA_i_soc.i_ai_accel.u_conv_out.gen_bank\[0\].gen_512.u_macro_din0\[13\] not found.
[STA-1648] /home/blogic2026/run5/repo/asic/run/RUN_hold035_2026-09-09/56-openroad-rcx/nom/asic_top.nom.spef line 5475183, instance ANTENNA_i_soc.i_ai_accel.u_conv_out.gen_bank\[0\].gen_512.u_macro_din0\[21\] not found.
[STA-1648] /home/blogic2026/run5/repo/asic/run/RUN_hold035_2026-09-09/56-openroad-rcx/nom/asic_top.nom.spef line 5475184, instance ANTENNA_i_soc.i_ai_accel.u_conv_out.gen_bank\[0\].gen_512.u_macro_din0\[29\] not found.
[STA-1648] /home/blogic2026/run5/repo/asic/run/RUN_hold035_2026-09-09/56-openroad-rcx/nom/asic_top.nom.spef line 5475186, instance ANTENNA_i_soc.i_ai_accel.u_conv_out.gen_bank\[1\].gen_512.u_macro_din0\[29\] not found.
[STA-1648] /home/blogic2026/run5/repo/asic/run/RUN_hold035_2026-09-09/56-openroad-rcx/nom/asic_top.nom.spef line 5475695, instance ANTENNA_i_soc.i_ai_accel.u_conv_out.gen_bank\[1\].gen_512.u_macro_din0\[14\] not found.
[STA-1648] /home/blogic2026/run5/repo/asic/run/RUN_hold035_2026-09-09/56-openroad-rcx/nom/asic_top.nom.spef line 5475697, instance ANTENNA_i_soc.i_ai_accel.u_conv_out.gen_bank\[1\].gen_512.u_macro_din0\[6\] not found.
[STA-1648] /home/blogic2026/run5/repo/asic/run/RUN_hold035_2026-09-09/56-openroad-rcx/nom/asic_top.nom.spef line 5475698, instance ANTENNA_i_soc.i_ai_accel.u_conv_out.gen_bank\[0\].gen_512.u_macro_din0\[30\] not found.
[STA-1648] /home/blogic2026/run5/repo/asic/run/RUN_hold035_2026-09-09/56-openroad-rcx/nom/asic_top.nom.spef line 5475700, instance ANTENNA_i_soc.i_ai_accel.u_conv_out.gen_bank\[0\].gen_512.u_macro_din0\[22\] not found.
[STA-1648] /home/blogic2026/run5/repo/asic/run/RUN_hold035_2026-09-09/56-openroad-rcx/nom/asic_top.nom.spef line 5475702, instance ANTENNA_i_soc.i_ai_accel.u_conv_out.gen_bank\[0\].gen_512.u_macro_din0\[14\] not found.
[STA-1648] /home/blogic2026/run5/repo/asic/run/RUN_hold035_2026-09-09/56-openroad-rcx/nom/asic_top.nom.spef line 5475704, instance ANTENNA_i_soc.i_ai_accel.u_conv_out.gen_bank\[0\].gen_512.u_macro_din0\[6\] not found.
[STA-1648] /home/blogic2026/run5/repo/asic/run/RUN_hold035_2026-09-09/56-openroad-rcx/nom/asic_top.nom.spef line 5475707, instance ANTENNA_i_soc.i_ai_accel.u_conv_out.gen_bank\[1\].gen_512.u_macro_din0\[30\] not found.
[STA-1648] /home/blogic2026/run5/repo/asic/run/RUN_hold035_2026-09-09/56-openroad-rcx/nom/asic_top.nom.spef line 5475708, instance ANTENNA_i_soc.i_ai_accel.u_conv_out.gen_bank\[1\].gen_512.u_macro_din0\[22\] not found.
[STA-1648] /home/blogic2026/run5/repo/asic/run/RUN_hold035_2026-09-09/56-openroad-rcx/nom/asic_top.nom.spef line 5477743, instance ANTENNA_i_soc.i_ai_accel.u_conv_out.gen_bank\[0\].gen_512.u_macro_din0\[0\] not found.
[STA-1648] /home/blogic2026/run5/repo/asic/run/RUN_hold035_2026-09-09/56-openroad-rcx/nom/asic_top.nom.spef line 5477745, instance ANTENNA_i_soc.i_ai_accel.u_conv_out.gen_bank\[0\].gen_512.u_macro_din0\[8\] not found.
[STA-1648] /home/blogic2026/run5/repo/asic/run/RUN_hold035_2026-09-09/56-openroad-rcx/nom/asic_top.nom.spef line 5477749, instance ANTENNA_i_soc.i_ai_accel.u_conv_out.gen_bank\[0\].gen_512.u_macro_din0\[24\] not found.
[STA-1648] /home/blogic2026/run5/repo/asic/run/RUN_hold035_2026-09-09/56-openroad-rcx/nom/asic_top.nom.spef line 5477751, instance ANTENNA_i_soc.i_ai_accel.u_conv_out.gen_bank\[0\].gen_512.u_macro_din0\[16\] not found.
[STA-1648] /home/blogic2026/run5/repo/asic/run/RUN_hold035_2026-09-09/56-openroad-rcx/nom/asic_top.nom.spef line 5477752, instance ANTENNA_i_soc.i_ai_accel.u_conv_out.gen_bank\[1\].gen_512.u_macro_din0\[16\] not found.
[STA-1648] /home/blogic2026/run5/repo/asic/run/RUN_hold035_2026-09-09/56-openroad-rcx/nom/asic_top.nom.spef line 5477753, instance ANTENNA_i_soc.i_ai_accel.u_conv_out.gen_bank\[1\].gen_512.u_macro_din0\[8\] not found.
[STA-1648] /home/blogic2026/run5/repo/asic/run/RUN_hold035_2026-09-09/56-openroad-rcx/nom/asic_top.nom.spef line 5477754, instance ANTENNA_i_soc.i_ai_accel.u_conv_out.gen_bank\[1\].gen_512.u_macro_din0\[0\] not found.
[STA-1648] /home/blogic2026/run5/repo/asic/run/RUN_hold035_2026-09-09/56-openroad-rcx/nom/asic_top.nom.spef line 5477757, instance ANTENNA_i_soc.i_ai_accel.u_conv_out.gen_bank\[1\].gen_512.u_macro_din0\[24\] not found.
[STA-1648] /home/blogic2026/run5/repo/asic/run/RUN_hold035_2026-09-09/56-openroad-rcx/nom/asic_top.nom.spef line 6521383, instance ANTENNA_i_soc.i_ai_sram.u_sram.gen_bank\[12\].gen_512.u_macro_din0\[21\] not found.
[STA-1648] /home/blogic2026/run5/repo/asic/run/RUN_hold035_2026-09-09/56-openroad-rcx/nom/asic_top.nom.spef line 6521385, instance ANTENNA_i_soc.i_ai_sram.u_sram.gen_bank\[8\].gen_512.u_macro_din0\[21\] not found.
[STA-1648] /home/blogic2026/run5/repo/asic/run/RUN_hold035_2026-09-09/56-openroad-rcx/nom/asic_top.nom.spef line 6521387, instance ANTENNA_i_soc.i_ai_sram.u_sram.gen_bank\[4\].gen_512.u_macro_din0\[21\] not found.
[STA-1648] /home/blogic2026/run5/repo/asic/run/RUN_hold035_2026-09-09/56-openroad-rcx/nom/asic_top.nom.spef line 6521389, instance ANTENNA_i_soc.i_ai_sram.u_sram.gen_bank\[0\].gen_512.u_macro_din0\[21\] not found.
[STA-1648] /home/blogic2026/run5/repo/asic/run/RUN_hold035_2026-09-09/56-openroad-rcx/nom/asic_top.nom.spef line 6521931, instance ANTENNA_i_soc.i_ai_sram.u_sram.gen_bank\[9\].gen_512.u_macro_din0\[21\] not found.
[STA-1648] /home/blogic2026/run5/repo/asic/run/RUN_hold035_2026-09-09/56-openroad-rcx/nom/asic_top.nom.spef line 6521932, instance ANTENNA_i_soc.i_ai_sram.u_sram.gen_bank\[5\].gen_512.u_macro_din0\[21\] not found.
[STA-1648] /home/blogic2026/run5/repo/asic/run/RUN_hold035_2026-09-09/56-openroad-rcx/nom/asic_top.nom.spef line 6521934, instance ANTENNA_i_soc.i_ai_sram.u_sram.gen_bank\[1\].gen_512.u_macro_din0\[21\] not found.
[STA-1648] /home/blogic2026/run5/repo/asic/run/RUN_hold035_2026-09-09/56-openroad-rcx/nom/asic_top.nom.spef line 6522495, instance ANTENNA_i_soc.i_ai_sram.u_sram.gen_bank\[11\].gen_512.u_macro_din0\[21\] not found.
[STA-1648] /home/blogic2026/run5/repo/asic/run/RUN_hold035_2026-09-09/56-openroad-rcx/nom/asic_top.nom.spef line 6522497, instance ANTENNA_i_soc.i_ai_sram.u_sram.gen_bank\[7\].gen_512.u_macro_din0\[21\] not found.
[STA-1648] /home/blogic2026/run5/repo/asic/run/RUN_hold035_2026-09-09/56-openroad-rcx/nom/asic_top.nom.spef line 6522498, instance ANTENNA_i_soc.i_ai_sram.u_sram.gen_bank\[3\].gen_512.u_macro_din0\[21\] not found.
[STA-1648] /home/blogic2026/run5/repo/asic/run/RUN_hold035_2026-09-09/56-openroad-rcx/nom/asic_top.nom.spef line 6523020, instance ANTENNA_i_soc.i_ai_sram.u_sram.gen_bank\[14\].gen_512.u_macro_din0\[21\] not found.
[STA-1648] /home/blogic2026/run5/repo/asic/run/RUN_hold035_2026-09-09/56-openroad-rcx/nom/asic_top.nom.spef line 6523025, instance ANTENNA_i_soc.i_ai_sram.u_sram.gen_bank\[10\].gen_512.u_macro_din0\[21\] not found.
[STA-1648] /home/blogic2026/run5/repo/asic/run/RUN_hold035_2026-09-09/56-openroad-rcx/nom/asic_top.nom.spef line 6523027, instance ANTENNA_i_soc.i_ai_sram.u_sram.gen_bank\[6\].gen_512.u_macro_din0\[21\] not found.
[STA-1648] /home/blogic2026/run5/repo/asic/run/RUN_hold035_2026-09-09/56-openroad-rcx/nom/asic_top.nom.spef line 6523029, instance ANTENNA_i_soc.i_ai_sram.u_sram.gen_bank\[2\].gen_512.u_macro_din0\[21\] not found.
[STA-1648] /home/blogic2026/run5/repo/asic/run/RUN_hold035_2026-09-09/56-openroad-rcx/nom/asic_top.nom.spef line 6523694, instance ANTENNA_i_soc.i_ai_sram.u_sram.gen_bank\[13\].gen_512.u_macro_din0\[21\] not found.
[STA-1648] /home/blogic2026/run5/repo/asic/run/RUN_hold035_2026-09-09/56-openroad-rcx/nom/asic_top.nom.spef line 6524256, instance ANTENNA_i_soc.i_ai_sram.u_sram.gen_bank\[8\].gen_512.u_macro_din0\[15\] not found.
[STA-1648] /home/blogic2026/run5/repo/asic/run/RUN_hold035_2026-09-09/56-openroad-rcx/nom/asic_top.nom.spef line 6524258, instance ANTENNA_i_soc.i_ai_sram.u_sram.gen_bank\[4\].gen_512.u_macro_din0\[15\] not found.
[STA-1648] /home/blogic2026/run5/repo/asic/run/RUN_hold035_2026-09-09/56-openroad-rcx/nom/asic_top.nom.spef line 6524260, instance ANTENNA_i_soc.i_ai_sram.u_sram.gen_bank\[0\].gen_512.u_macro_din0\[15\] not found.
[STA-1648] /home/blogic2026/run5/repo/asic/run/RUN_hold035_2026-09-09/56-openroad-rcx/nom/asic_top.nom.spef line 6524261, instance ANTENNA_i_soc.i_ai_sram.u_sram.gen_bank\[12\].gen_512.u_macro_din0\[15\] not found.
[STA-1648] /home/blogic2026/run5/repo/asic/run/RUN_hold035_2026-09-09/56-openroad-rcx/nom/asic_top.nom.spef line 6524813, instance ANTENNA_i_soc.i_ai_sram.u_sram.gen_bank\[9\].gen_512.u_macro_din0\[15\] not found.
[STA-1648] /home/blogic2026/run5/repo/asic/run/RUN_hold035_2026-09-09/56-openroad-rcx/nom/asic_top.nom.spef line 6524815, instance ANTENNA_i_soc.i_ai_sram.u_sram.gen_bank\[5\].gen_512.u_macro_din0\[15\] not found.
[STA-1648] /home/blogic2026/run5/repo/asic/run/RUN_hold035_2026-09-09/56-openroad-rcx/nom/asic_top.nom.spef line 6524816, instance ANTENNA_i_soc.i_ai_sram.u_sram.gen_bank\[1\].gen_512.u_macro_din0\[15\] not found.
[STA-1648] /home/blogic2026/run5/repo/asic/run/RUN_hold035_2026-09-09/56-openroad-rcx/nom/asic_top.nom.spef line 6525319, instance ANTENNA_i_soc.i_ai_sram.u_sram.gen_bank\[11\].gen_512.u_macro_din0\[15\] not found.
[STA-1648] /home/blogic2026/run5/repo/asic/run/RUN_hold035_2026-09-09/56-openroad-rcx/nom/asic_top.nom.spef line 6525320, instance ANTENNA_i_soc.i_ai_sram.u_sram.gen_bank\[7\].gen_512.u_macro_din0\[15\] not found.
[STA-1648] /home/blogic2026/run5/repo/asic/run/RUN_hold035_2026-09-09/56-openroad-rcx/nom/asic_top.nom.spef line 6525322, instance ANTENNA_i_soc.i_ai_sram.u_sram.gen_bank\[3\].gen_512.u_macro_din0\[15\] not found.
[STA-1648] /home/blogic2026/run5/repo/asic/run/RUN_hold035_2026-09-09/56-openroad-rcx/nom/asic_top.nom.spef line 6526029, instance ANTENNA_i_soc.i_ai_sram.u_sram.gen_bank\[13\].gen_512.u_macro_din0\[15\] not found.
[STA-1648] /home/blogic2026/run5/repo/asic/run/RUN_hold035_2026-09-09/56-openroad-rcx/nom/asic_top.nom.spef line 6526031, instance ANTENNA_i_soc.i_ai_sram.u_sram.gen_bank\[14\].gen_512.u_macro_din0\[15\] not found.
[STA-1648] /home/blogic2026/run5/repo/asic/run/RUN_hold035_2026-09-09/56-openroad-rcx/nom/asic_top.nom.spef line 6526623, instance ANTENNA_i_soc.i_ai_sram.u_sram.gen_bank\[10\].gen_512.u_macro_din0\[15\] not found.
[STA-1648] /home/blogic2026/run5/repo/asic/run/RUN_hold035_2026-09-09/56-openroad-rcx/nom/asic_top.nom.spef line 6526627, instance ANTENNA_i_soc.i_ai_sram.u_sram.gen_bank\[6\].gen_512.u_macro_din0\[15\] not found.
[STA-1648] /home/blogic2026/run5/repo/asic/run/RUN_hold035_2026-09-09/56-openroad-rcx/nom/asic_top.nom.spef line 6526629, instance ANTENNA_i_soc.i_ai_sram.u_sram.gen_bank\[2\].gen_512.u_macro_din0\[15\] not found.
[STA-1648] /home/blogic2026/run5/repo/asic/run/RUN_hold035_2026-09-09/56-openroad-rcx/nom/asic_top.nom.spef line 6643488, instance ANTENNA_i_soc.i_ai_accel.u_conv_w_mem_din0\[31\] not found.
[STA-1648] /home/blogic2026/run5/repo/asic/run/RUN_hold035_2026-09-09/56-openroad-rcx/nom/asic_top.nom.spef line 6643790, instance ANTENNA_i_soc.i_ai_accel.u_conv_w_mem_din0\[30\] not found.
[STA-1648] /home/blogic2026/run5/repo/asic/run/RUN_hold035_2026-09-09/56-openroad-rcx/nom/asic_top.nom.spef line 6644112, instance ANTENNA_i_soc.i_ai_accel.u_conv_w_mem_din0\[29\] not found.
[STA-1648] /home/blogic2026/run5/repo/asic/run/RUN_hold035_2026-09-09/56-openroad-rcx/nom/asic_top.nom.spef line 6644468, instance ANTENNA_i_soc.i_ai_accel.u_conv_w_mem_din0\[28\] not found.
[STA-1648] /home/blogic2026/run5/repo/asic/run/RUN_hold035_2026-09-09/56-openroad-rcx/nom/asic_top.nom.spef line 6644831, instance ANTENNA_i_soc.i_ai_accel.u_conv_w_mem_din0\[27\] not found.
[STA-1648] /home/blogic2026/run5/repo/asic/run/RUN_hold035_2026-09-09/56-openroad-rcx/nom/asic_top.nom.spef line 6645202, instance ANTENNA_i_soc.i_ai_accel.u_conv_w_mem_din0\[26\] not found.
[STA-1648] /home/blogic2026/run5/repo/asic/run/RUN_hold035_2026-09-09/56-openroad-rcx/nom/asic_top.nom.spef line 6645588, instance ANTENNA_i_soc.i_ai_accel.u_conv_w_mem_din0\[25\] not found.
[STA-1648] /home/blogic2026/run5/repo/asic/run/RUN_hold035_2026-09-09/56-openroad-rcx/nom/asic_top.nom.spef line 6645963, instance ANTENNA_i_soc.i_ai_accel.u_conv_w_mem_din0\[24\] not found.
[STA-1648] /home/blogic2026/run5/repo/asic/run/RUN_hold035_2026-09-09/56-openroad-rcx/nom/asic_top.nom.spef line 6646295, instance ANTENNA_i_soc.i_ai_accel.u_conv_w_mem_din0\[23\] not found.
[STA-1648] /home/blogic2026/run5/repo/asic/run/RUN_hold035_2026-09-09/56-openroad-rcx/nom/asic_top.nom.spef line 6646735, instance ANTENNA_i_soc.i_ai_accel.u_conv_w_mem_din0\[22\] not found.
[STA-1648] /home/blogic2026/run5/repo/asic/run/RUN_hold035_2026-09-09/56-openroad-rcx/nom/asic_top.nom.spef line 6647045, instance ANTENNA_i_soc.i_ai_accel.u_conv_w_mem_din0\[21\] not found.
[STA-1648] /home/blogic2026/run5/repo/asic/run/RUN_hold035_2026-09-09/56-openroad-rcx/nom/asic_top.nom.spef line 6647410, instance ANTENNA_i_soc.i_ai_accel.u_conv_w_mem_din0\[20\] not found.
[STA-1648] /home/blogic2026/run5/repo/asic/run/RUN_hold035_2026-09-09/56-openroad-rcx/nom/asic_top.nom.spef line 6647755, instance ANTENNA_i_soc.i_ai_accel.u_conv_w_mem_din0\[19\] not found.
[STA-1648] /home/blogic2026/run5/repo/asic/run/RUN_hold035_2026-09-09/56-openroad-rcx/nom/asic_top.nom.spef line 6648163, instance ANTENNA_i_soc.i_ai_accel.u_conv_w_mem_din0\[18\] not found.
[STA-1648] /home/blogic2026/run5/repo/asic/run/RUN_hold035_2026-09-09/56-openroad-rcx/nom/asic_top.nom.spef line 6648641, instance ANTENNA_i_soc.i_ai_accel.u_conv_w_mem_din0\[17\] not found.
[STA-1648] /home/blogic2026/run5/repo/asic/run/RUN_hold035_2026-09-09/56-openroad-rcx/nom/asic_top.nom.spef line 6649049, instance ANTENNA_i_soc.i_ai_accel.u_conv_w_mem_din0\[16\] not found.
[STA-1648] /home/blogic2026/run5/repo/asic/run/RUN_hold035_2026-09-09/56-openroad-rcx/nom/asic_top.nom.spef line 6649417, instance ANTENNA_i_soc.i_ai_accel.u_conv_w_mem_din0\[15\] not found.
[STA-1648] /home/blogic2026/run5/repo/asic/run/RUN_hold035_2026-09-09/56-openroad-rcx/nom/asic_top.nom.spef line 6649776, instance ANTENNA_i_soc.i_ai_accel.u_conv_w_mem_din0\[14\] not found.
[STA-1648] /home/blogic2026/run5/repo/asic/run/RUN_hold035_2026-09-09/56-openroad-rcx/nom/asic_top.nom.spef line 6650173, instance ANTENNA_i_soc.i_ai_accel.u_conv_w_mem_din0\[13\] not found.
[STA-1648] /home/blogic2026/run5/repo/asic/run/RUN_hold035_2026-09-09/56-openroad-rcx/nom/asic_top.nom.spef line 6650577, instance ANTENNA_i_soc.i_ai_accel.u_conv_w_mem_din0\[12\] not found.
[STA-1648] /home/blogic2026/run5/repo/asic/run/RUN_hold035_2026-09-09/56-openroad-rcx/nom/asic_top.nom.spef line 6650900, instance ANTENNA_i_soc.i_ai_accel.u_conv_w_mem_din0\[11\] not found.
[STA-1648] /home/blogic2026/run5/repo/asic/run/RUN_hold035_2026-09-09/56-openroad-rcx/nom/asic_top.nom.spef line 6651229, instance ANTENNA_i_soc.i_ai_accel.u_conv_w_mem_din0\[10\] not found.
[STA-1648] /home/blogic2026/run5/repo/asic/run/RUN_hold035_2026-09-09/56-openroad-rcx/nom/asic_top.nom.spef line 6651645, instance ANTENNA_i_soc.i_ai_accel.u_conv_w_mem_din0\[9\] not found.
[STA-1648] /home/blogic2026/run5/repo/asic/run/RUN_hold035_2026-09-09/56-openroad-rcx/nom/asic_top.nom.spef line 6652028, instance ANTENNA_i_soc.i_ai_accel.u_conv_w_mem_din0\[8\] not found.
[STA-1648] /home/blogic2026/run5/repo/asic/run/RUN_hold035_2026-09-09/56-openroad-rcx/nom/asic_top.nom.spef line 6652425, instance ANTENNA_i_soc.i_ai_accel.u_conv_w_mem_din0\[7\] not found.
[STA-1648] /home/blogic2026/run5/repo/asic/run/RUN_hold035_2026-09-09/56-openroad-rcx/nom/asic_top.nom.spef line 6652832, instance ANTENNA_i_soc.i_ai_accel.u_conv_w_mem_din0\[6\] not found.
[STA-1648] /home/blogic2026/run5/repo/asic/run/RUN_hold035_2026-09-09/56-openroad-rcx/nom/asic_top.nom.spef line 6653273, instance ANTENNA_i_soc.i_ai_accel.u_conv_w_mem_din0\[5\] not found.
[STA-1648] /home/blogic2026/run5/repo/asic/run/RUN_hold035_2026-09-09/56-openroad-rcx/nom/asic_top.nom.spef line 6653656, instance ANTENNA_i_soc.i_ai_accel.u_conv_w_mem_din0\[4\] not found.
[STA-1648] /home/blogic2026/run5/repo/asic/run/RUN_hold035_2026-09-09/56-openroad-rcx/nom/asic_top.nom.spef line 6654033, instance ANTENNA_i_soc.i_ai_accel.u_conv_w_mem_din0\[3\] not found.
[STA-1648] /home/blogic2026/run5/repo/asic/run/RUN_hold035_2026-09-09/56-openroad-rcx/nom/asic_top.nom.spef line 6654454, instance ANTENNA_i_soc.i_ai_accel.u_conv_w_mem_din0\[2\] not found.
[STA-1648] /home/blogic2026/run5/repo/asic/run/RUN_hold035_2026-09-09/56-openroad-rcx/nom/asic_top.nom.spef line 6654927, instance ANTENNA_i_soc.i_ai_accel.u_conv_w_mem_din0\[1\] not found.
[STA-1648] /home/blogic2026/run5/repo/asic/run/RUN_hold035_2026-09-09/56-openroad-rcx/nom/asic_top.nom.spef line 6655251, instance ANTENNA_i_soc.i_ai_accel.u_conv_w_mem_din0\[0\] not found.
[STA-1648] /home/blogic2026/run5/repo/asic/run/RUN_hold035_2026-09-09/56-openroad-rcx/nom/asic_top.nom.spef line 6661710, instance ANTENNA_i_soc.i_ai_accel.u_conv_out.gen_bank\[0\].gen_512.u_macro_din0\[2\] not found.
[STA-1648] /home/blogic2026/run5/repo/asic/run/RUN_hold035_2026-09-09/56-openroad-rcx/nom/asic_top.nom.spef line 6661714, instance ANTENNA_i_soc.i_ai_accel.u_conv_out.gen_bank\[0\].gen_512.u_macro_din0\[10\] not found.
[STA-1648] /home/blogic2026/run5/repo/asic/run/RUN_hold035_2026-09-09/56-openroad-rcx/nom/asic_top.nom.spef line 6661717, instance ANTENNA_i_soc.i_ai_accel.u_conv_out.gen_bank\[0\].gen_512.u_macro_din0\[26\] not found.
[STA-1648] /home/blogic2026/run5/repo/asic/run/RUN_hold035_2026-09-09/56-openroad-rcx/nom/asic_top.nom.spef line 6661718, instance ANTENNA_i_soc.i_ai_accel.u_conv_out.gen_bank\[0\].gen_512.u_macro_din0\[18\] not found.
[STA-1648] /home/blogic2026/run5/repo/asic/run/RUN_hold035_2026-09-09/56-openroad-rcx/nom/asic_top.nom.spef line 6661824, instance ANTENNA_i_soc.i_ai_accel.u_conv_out.gen_bank\[0\].gen_512.u_macro_din0\[9\] not found.
[STA-1648] /home/blogic2026/run5/repo/asic/run/RUN_hold035_2026-09-09/56-openroad-rcx/nom/asic_top.nom.spef line 6661826, instance ANTENNA_i_soc.i_ai_accel.u_conv_out.gen_bank\[0\].gen_512.u_macro_din0\[1\] not found.
[STA-1648] /home/blogic2026/run5/repo/asic/run/RUN_hold035_2026-09-09/56-openroad-rcx/nom/asic_top.nom.spef line 6661830, instance ANTENNA_i_soc.i_ai_accel.u_conv_out.gen_bank\[0\].gen_512.u_macro_din0\[17\] not found.
[STA-1648] /home/blogic2026/run5/repo/asic/run/RUN_hold035_2026-09-09/56-openroad-rcx/nom/asic_top.nom.spef line 6661833, instance ANTENNA_i_soc.i_ai_accel.u_conv_out.gen_bank\[0\].gen_512.u_macro_din0\[25\] not found.
[STA-1648] /home/blogic2026/run5/repo/asic/run/RUN_hold035_2026-09-09/56-openroad-rcx/nom/asic_top.nom.spef line 6661981, instance ANTENNA_i_soc.i_ai_accel.u_conv_out.gen_bank\[1\].gen_512.u_macro_din0\[31\] not found.
[STA-1648] /home/blogic2026/run5/repo/asic/run/RUN_hold035_2026-09-09/56-openroad-rcx/nom/asic_top.nom.spef line 6661983, instance ANTENNA_i_soc.i_ai_accel.u_conv_out.gen_bank\[1\].gen_512.u_macro_din0\[23\] not found.
[STA-1648] /home/blogic2026/run5/repo/asic/run/RUN_hold035_2026-09-09/56-openroad-rcx/nom/asic_top.nom.spef line 6661984, instance ANTENNA_i_soc.i_ai_accel.u_conv_out.gen_bank\[1\].gen_512.u_macro_din0\[15\] not found.
[STA-1648] /home/blogic2026/run5/repo/asic/run/RUN_hold035_2026-09-09/56-openroad-rcx/nom/asic_top.nom.spef line 6661989, instance ANTENNA_i_soc.i_ai_accel.u_conv_out.gen_bank\[0\].gen_512.u_macro_din0\[7\] not found.
[STA-1648] /home/blogic2026/run5/repo/asic/run/RUN_hold035_2026-09-09/56-openroad-rcx/nom/asic_top.nom.spef line 6661991, instance ANTENNA_i_soc.i_ai_accel.u_conv_out.gen_bank\[0\].gen_512.u_macro_din0\[15\] not found.
[STA-1648] /home/blogic2026/run5/repo/asic/run/RUN_hold035_2026-09-09/56-openroad-rcx/nom/asic_top.nom.spef line 6661992, instance ANTENNA_i_soc.i_ai_accel.u_conv_out.gen_bank\[0\].gen_512.u_macro_din0\[23\] not found.
[STA-1648] /home/blogic2026/run5/repo/asic/run/RUN_hold035_2026-09-09/56-openroad-rcx/nom/asic_top.nom.spef line 6661993, instance ANTENNA_i_soc.i_ai_accel.u_conv_out.gen_bank\[0\].gen_512.u_macro_din0\[31\] not found.
[STA-1648] /home/blogic2026/run5/repo/asic/run/RUN_hold035_2026-09-09/56-openroad-rcx/nom/asic_top.nom.spef line 6661995, instance ANTENNA_i_soc.i_ai_accel.u_conv_out.gen_bank\[1\].gen_512.u_macro_din0\[7\] not found.
[STA-1648] /home/blogic2026/run5/repo/asic/run/RUN_hold035_2026-09-09/56-openroad-rcx/nom/asic_top.nom.spef line 6667283, instance ANTENNA_i_soc.i_ai_sram.u_sram.gen_bank\[8\].gen_512.u_macro_din0\[31\] not found.
[STA-1648] /home/blogic2026/run5/repo/asic/run/RUN_hold035_2026-09-09/56-openroad-rcx/nom/asic_top.nom.spef line 6667285, instance ANTENNA_i_soc.i_ai_sram.u_sram.gen_bank\[4\].gen_512.u_macro_din0\[31\] not found.
[STA-1648] /home/blogic2026/run5/repo/asic/run/RUN_hold035_2026-09-09/56-openroad-rcx/nom/asic_top.nom.spef line 6667286, instance ANTENNA_i_soc.i_ai_sram.u_sram.gen_bank\[0\].gen_512.u_macro_din0\[31\] not found.
[STA-1648] /home/blogic2026/run5/repo/asic/run/RUN_hold035_2026-09-09/56-openroad-rcx/nom/asic_top.nom.spef line 6667288, instance ANTENNA_i_soc.i_ai_sram.u_sram.gen_bank\[12\].gen_512.u_macro_din0\[31\] not found.
[STA-1648] /home/blogic2026/run5/repo/asic/run/RUN_hold035_2026-09-09/56-openroad-rcx/nom/asic_top.nom.spef line 6669205, instance ANTENNA_i_soc.i_ai_sram.u_sram.gen_bank\[9\].gen_512.u_macro_din0\[31\] not found.
[STA-1648] /home/blogic2026/run5/repo/asic/run/RUN_hold035_2026-09-09/56-openroad-rcx/nom/asic_top.nom.spef line 6669207, instance ANTENNA_i_soc.i_ai_sram.u_sram.gen_bank\[5\].gen_512.u_macro_din0\[31\] not found.
[STA-1648] /home/blogic2026/run5/repo/asic/run/RUN_hold035_2026-09-09/56-openroad-rcx/nom/asic_top.nom.spef line 6669208, instance ANTENNA_i_soc.i_ai_sram.u_sram.gen_bank\[1\].gen_512.u_macro_din0\[31\] not found.
[STA-1648] /home/blogic2026/run5/repo/asic/run/RUN_hold035_2026-09-09/56-openroad-rcx/nom/asic_top.nom.spef line 6671299, instance ANTENNA_i_soc.i_ai_sram.u_sram.gen_bank\[3\].gen_512.u_macro_din0\[31\] not found.
[STA-1648] /home/blogic2026/run5/repo/asic/run/RUN_hold035_2026-09-09/56-openroad-rcx/nom/asic_top.nom.spef line 6671301, instance ANTENNA_i_soc.i_ai_sram.u_sram.gen_bank\[11\].gen_512.u_macro_din0\[31\] not found.
[STA-1648] /home/blogic2026/run5/repo/asic/run/RUN_hold035_2026-09-09/56-openroad-rcx/nom/asic_top.nom.spef line 6671303, instance ANTENNA_i_soc.i_ai_sram.u_sram.gen_bank\[7\].gen_512.u_macro_din0\[31\] not found.
[STA-1648] /home/blogic2026/run5/repo/asic/run/RUN_hold035_2026-09-09/56-openroad-rcx/nom/asic_top.nom.spef line 6673324, instance ANTENNA_i_soc.i_ai_sram.u_sram.gen_bank\[14\].gen_512.u_macro_din0\[31\] not found.
[STA-1648] /home/blogic2026/run5/repo/asic/run/RUN_hold035_2026-09-09/56-openroad-rcx/nom/asic_top.nom.spef line 6673326, instance ANTENNA_i_soc.i_ai_sram.u_sram.gen_bank\[10\].gen_512.u_macro_din0\[31\] not found.
[STA-1648] /home/blogic2026/run5/repo/asic/run/RUN_hold035_2026-09-09/56-openroad-rcx/nom/asic_top.nom.spef line 6673330, instance ANTENNA_i_soc.i_ai_sram.u_sram.gen_bank\[6\].gen_512.u_macro_din0\[31\] not found.
[STA-1648] /home/blogic2026/run5/repo/asic/run/RUN_hold035_2026-09-09/56-openroad-rcx/nom/asic_top.nom.spef line 6673332, instance ANTENNA_i_soc.i_ai_sram.u_sram.gen_bank\[2\].gen_512.u_macro_din0\[31\] not found.
[STA-1648] /home/blogic2026/run5/repo/asic/run/RUN_hold035_2026-09-09/56-openroad-rcx/nom/asic_top.nom.spef line 6675384, instance ANTENNA_i_soc.i_ai_sram.u_sram.gen_bank\[13\].gen_512.u_macro_din0\[31\] not found.
[STA-1648] /home/blogic2026/run5/repo/asic/run/RUN_hold035_2026-09-09/56-openroad-rcx/nom/asic_top.nom.spef line 6677252, instance ANTENNA_i_soc.i_ai_sram.u_sram.gen_bank\[8\].gen_512.u_macro_din0\[29\] not found.
[STA-1648] /home/blogic2026/run5/repo/asic/run/RUN_hold035_2026-09-09/56-openroad-rcx/nom/asic_top.nom.spef line 6677254, instance ANTENNA_i_soc.i_ai_sram.u_sram.gen_bank\[4\].gen_512.u_macro_din0\[29\] not found.
[STA-1648] /home/blogic2026/run5/repo/asic/run/RUN_hold035_2026-09-09/56-openroad-rcx/nom/asic_top.nom.spef line 6677255, instance ANTENNA_i_soc.i_ai_sram.u_sram.gen_bank\[0\].gen_512.u_macro_din0\[29\] not found.
[STA-1648] /home/blogic2026/run5/repo/asic/run/RUN_hold035_2026-09-09/56-openroad-rcx/nom/asic_top.nom.spef line 6677257, instance ANTENNA_i_soc.i_ai_sram.u_sram.gen_bank\[12\].gen_512.u_macro_din0\[29\] not found.
[STA-1648] /home/blogic2026/run5/repo/asic/run/RUN_hold035_2026-09-09/56-openroad-rcx/nom/asic_top.nom.spef line 6678849, instance ANTENNA_i_soc.i_ai_sram.u_sram.gen_bank\[9\].gen_512.u_macro_din0\[29\] not found.
[STA-1648] /home/blogic2026/run5/repo/asic/run/RUN_hold035_2026-09-09/56-openroad-rcx/nom/asic_top.nom.spef line 6678851, instance ANTENNA_i_soc.i_ai_sram.u_sram.gen_bank\[5\].gen_512.u_macro_din0\[29\] not found.
[STA-1648] /home/blogic2026/run5/repo/asic/run/RUN_hold035_2026-09-09/56-openroad-rcx/nom/asic_top.nom.spef line 6678852, instance ANTENNA_i_soc.i_ai_sram.u_sram.gen_bank\[1\].gen_512.u_macro_din0\[29\] not found.
[STA-1648] /home/blogic2026/run5/repo/asic/run/RUN_hold035_2026-09-09/56-openroad-rcx/nom/asic_top.nom.spef line 6680877, instance ANTENNA_i_soc.i_ai_sram.u_sram.gen_bank\[11\].gen_512.u_macro_din0\[29\] not found.
[STA-1648] /home/blogic2026/run5/repo/asic/run/RUN_hold035_2026-09-09/56-openroad-rcx/nom/asic_top.nom.spef line 6680879, instance ANTENNA_i_soc.i_ai_sram.u_sram.gen_bank\[7\].gen_512.u_macro_din0\[29\] not found.
[STA-1648] /home/blogic2026/run5/repo/asic/run/RUN_hold035_2026-09-09/56-openroad-rcx/nom/asic_top.nom.spef line 6680880, instance ANTENNA_i_soc.i_ai_sram.u_sram.gen_bank\[3\].gen_512.u_macro_din0\[29\] not found.
[STA-1648] /home/blogic2026/run5/repo/asic/run/RUN_hold035_2026-09-09/56-openroad-rcx/nom/asic_top.nom.spef line 6682570, instance ANTENNA_i_soc.i_ai_sram.u_sram.gen_bank\[14\].gen_512.u_macro_din0\[29\] not found.
[STA-1648] /home/blogic2026/run5/repo/asic/run/RUN_hold035_2026-09-09/56-openroad-rcx/nom/asic_top.nom.spef line 6682575, instance ANTENNA_i_soc.i_ai_sram.u_sram.gen_bank\[10\].gen_512.u_macro_din0\[29\] not found.
[STA-1648] /home/blogic2026/run5/repo/asic/run/RUN_hold035_2026-09-09/56-openroad-rcx/nom/asic_top.nom.spef line 6682577, instance ANTENNA_i_soc.i_ai_sram.u_sram.gen_bank\[6\].gen_512.u_macro_din0\[29\] not found.
[STA-1648] /home/blogic2026/run5/repo/asic/run/RUN_hold035_2026-09-09/56-openroad-rcx/nom/asic_top.nom.spef line 6682579, instance ANTENNA_i_soc.i_ai_sram.u_sram.gen_bank\[2\].gen_512.u_macro_din0\[29\] not found.
[STA-1648] /home/blogic2026/run5/repo/asic/run/RUN_hold035_2026-09-09/56-openroad-rcx/nom/asic_top.nom.spef line 6684210, instance ANTENNA_i_soc.i_ai_sram.u_sram.gen_bank\[13\].gen_512.u_macro_din0\[29\] not found.
[STA-1648] /home/blogic2026/run5/repo/asic/run/RUN_hold035_2026-09-09/56-openroad-rcx/nom/asic_top.nom.spef line 6685309, instance ANTENNA_i_soc.i_ai_sram.u_sram.gen_bank\[12\].gen_512.u_macro_din0\[27\] not found.
[STA-1648] /home/blogic2026/run5/repo/asic/run/RUN_hold035_2026-09-09/56-openroad-rcx/nom/asic_top.nom.spef line 6685312, instance ANTENNA_i_soc.i_ai_sram.u_sram.gen_bank\[4\].gen_512.u_macro_din0\[27\] not found.
[STA-1648] /home/blogic2026/run5/repo/asic/run/RUN_hold035_2026-09-09/56-openroad-rcx/nom/asic_top.nom.spef line 6685314, instance ANTENNA_i_soc.i_ai_sram.u_sram.gen_bank\[0\].gen_512.u_macro_din0\[27\] not found.
[STA-1648] /home/blogic2026/run5/repo/asic/run/RUN_hold035_2026-09-09/56-openroad-rcx/nom/asic_top.nom.spef line 6685315, instance ANTENNA_i_soc.i_ai_sram.u_sram.gen_bank\[8\].gen_512.u_macro_din0\[27\] not found.
[STA-1648] /home/blogic2026/run5/repo/asic/run/RUN_hold035_2026-09-09/56-openroad-rcx/nom/asic_top.nom.spef line 6685618, instance ANTENNA_i_soc.i_ai_sram.u_sram.gen_bank\[1\].gen_512.u_macro_din0\[27\] not found.
[STA-1648] /home/blogic2026/run5/repo/asic/run/RUN_hold035_2026-09-09/56-openroad-rcx/nom/asic_top.nom.spef line 6685620, instance ANTENNA_i_soc.i_ai_sram.u_sram.gen_bank\[5\].gen_512.u_macro_din0\[27\] not found.
[STA-1648] /home/blogic2026/run5/repo/asic/run/RUN_hold035_2026-09-09/56-openroad-rcx/nom/asic_top.nom.spef line 6685622, instance ANTENNA_i_soc.i_ai_sram.u_sram.gen_bank\[9\].gen_512.u_macro_din0\[27\] not found.
[STA-1648] /home/blogic2026/run5/repo/asic/run/RUN_hold035_2026-09-09/56-openroad-rcx/nom/asic_top.nom.spef line 6685917, instance ANTENNA_i_soc.i_ai_sram.u_sram.gen_bank\[11\].gen_512.u_macro_din0\[27\] not found.
[STA-1648] /home/blogic2026/run5/repo/asic/run/RUN_hold035_2026-09-09/56-openroad-rcx/nom/asic_top.nom.spef line 6685918, instance ANTENNA_i_soc.i_ai_sram.u_sram.gen_bank\[3\].gen_512.u_macro_din0\[27\] not found.
[STA-1648] /home/blogic2026/run5/repo/asic/run/RUN_hold035_2026-09-09/56-openroad-rcx/nom/asic_top.nom.spef line 6685920, instance ANTENNA_i_soc.i_ai_sram.u_sram.gen_bank\[7\].gen_512.u_macro_din0\[27\] not found.
[STA-1648] /home/blogic2026/run5/repo/asic/run/RUN_hold035_2026-09-09/56-openroad-rcx/nom/asic_top.nom.spef line 6686191, instance ANTENNA_i_soc.i_ai_sram.u_sram.gen_bank\[14\].gen_512.u_macro_din0\[27\] not found.
[STA-1648] /home/blogic2026/run5/repo/asic/run/RUN_hold035_2026-09-09/56-openroad-rcx/nom/asic_top.nom.spef line 6686193, instance ANTENNA_i_soc.i_ai_sram.u_sram.gen_bank\[10\].gen_512.u_macro_din0\[27\] not found.
[STA-1648] /home/blogic2026/run5/repo/asic/run/RUN_hold035_2026-09-09/56-openroad-rcx/nom/asic_top.nom.spef line 6686195, instance ANTENNA_i_soc.i_ai_sram.u_sram.gen_bank\[2\].gen_512.u_macro_din0\[27\] not found.
[STA-1648] /home/blogic2026/run5/repo/asic/run/RUN_hold035_2026-09-09/56-openroad-rcx/nom/asic_top.nom.spef line 6686197, instance ANTENNA_i_soc.i_ai_sram.u_sram.gen_bank\[6\].gen_512.u_macro_din0\[27\] not found.
[STA-1648] /home/blogic2026/run5/repo/asic/run/RUN_hold035_2026-09-09/56-openroad-rcx/nom/asic_top.nom.spef line 6686574, instance ANTENNA_i_soc.i_ai_sram.u_sram.gen_bank\[13\].gen_512.u_macro_din0\[27\] not found.
[STA-1648] /home/blogic2026/run5/repo/asic/run/RUN_hold035_2026-09-09/56-openroad-rcx/nom/asic_top.nom.spef line 6686884, instance ANTENNA_i_soc.i_ai_sram.u_sram.gen_bank\[12\].gen_512.u_macro_din0\[25\] not found.
[STA-1648] /home/blogic2026/run5/repo/asic/run/RUN_hold035_2026-09-09/56-openroad-rcx/nom/asic_top.nom.spef line 6686886, instance ANTENNA_i_soc.i_ai_sram.u_sram.gen_bank\[8\].gen_512.u_macro_din0\[25\] not found.
[STA-1648] /home/blogic2026/run5/repo/asic/run/RUN_hold035_2026-09-09/56-openroad-rcx/nom/asic_top.nom.spef line 6686888, instance ANTENNA_i_soc.i_ai_sram.u_sram.gen_bank\[4\].gen_512.u_macro_din0\[25\] not found.
[STA-1648] /home/blogic2026/run5/repo/asic/run/RUN_hold035_2026-09-09/56-openroad-rcx/nom/asic_top.nom.spef line 6686890, instance ANTENNA_i_soc.i_ai_sram.u_sram.gen_bank\[0\].gen_512.u_macro_din0\[25\] not found.
[STA-1648] /home/blogic2026/run5/repo/asic/run/RUN_hold035_2026-09-09/56-openroad-rcx/nom/asic_top.nom.spef line 6687222, instance ANTENNA_i_soc.i_ai_sram.u_sram.gen_bank\[9\].gen_512.u_macro_din0\[25\] not found.
[STA-1648] /home/blogic2026/run5/repo/asic/run/RUN_hold035_2026-09-09/56-openroad-rcx/nom/asic_top.nom.spef line 6687223, instance ANTENNA_i_soc.i_ai_sram.u_sram.gen_bank\[5\].gen_512.u_macro_din0\[25\] not found.
[STA-1648] /home/blogic2026/run5/repo/asic/run/RUN_hold035_2026-09-09/56-openroad-rcx/nom/asic_top.nom.spef line 6687225, instance ANTENNA_i_soc.i_ai_sram.u_sram.gen_bank\[1\].gen_512.u_macro_din0\[25\] not found.
[STA-1648] /home/blogic2026/run5/repo/asic/run/RUN_hold035_2026-09-09/56-openroad-rcx/nom/asic_top.nom.spef line 6687523, instance ANTENNA_i_soc.i_ai_sram.u_sram.gen_bank\[11\].gen_512.u_macro_din0\[25\] not found.
[STA-1648] /home/blogic2026/run5/repo/asic/run/RUN_hold035_2026-09-09/56-openroad-rcx/nom/asic_top.nom.spef line 6687526, instance ANTENNA_i_soc.i_ai_sram.u_sram.gen_bank\[7\].gen_512.u_macro_din0\[25\] not found.
[STA-1648] /home/blogic2026/run5/repo/asic/run/RUN_hold035_2026-09-09/56-openroad-rcx/nom/asic_top.nom.spef line 6687528, instance ANTENNA_i_soc.i_ai_sram.u_sram.gen_bank\[3\].gen_512.u_macro_din0\[25\] not found.
[STA-1648] /home/blogic2026/run5/repo/asic/run/RUN_hold035_2026-09-09/56-openroad-rcx/nom/asic_top.nom.spef line 6687818, instance ANTENNA_i_soc.i_ai_sram.u_sram.gen_bank\[14\].gen_512.u_macro_din0\[25\] not found.
[STA-1648] /home/blogic2026/run5/repo/asic/run/RUN_hold035_2026-09-09/56-openroad-rcx/nom/asic_top.nom.spef line 6687824, instance ANTENNA_i_soc.i_ai_sram.u_sram.gen_bank\[10\].gen_512.u_macro_din0\[25\] not found.
[STA-1648] /home/blogic2026/run5/repo/asic/run/RUN_hold035_2026-09-09/56-openroad-rcx/nom/asic_top.nom.spef line 6687826, instance ANTENNA_i_soc.i_ai_sram.u_sram.gen_bank\[6\].gen_512.u_macro_din0\[25\] not found.
[STA-1648] /home/blogic2026/run5/repo/asic/run/RUN_hold035_2026-09-09/56-openroad-rcx/nom/asic_top.nom.spef line 6687828, instance ANTENNA_i_soc.i_ai_sram.u_sram.gen_bank\[2\].gen_512.u_macro_din0\[25\] not found.
[STA-1648] /home/blogic2026/run5/repo/asic/run/RUN_hold035_2026-09-09/56-openroad-rcx/nom/asic_top.nom.spef line 6688164, instance ANTENNA_i_soc.i_ai_sram.u_sram.gen_bank\[13\].gen_512.u_macro_din0\[25\] not found.
[STA-1648] /home/blogic2026/run5/repo/asic/run/RUN_hold035_2026-09-09/56-openroad-rcx/nom/asic_top.nom.spef line 6688732, instance ANTENNA_i_soc.i_ai_sram.u_sram.gen_bank\[8\].gen_512.u_macro_din0\[18\] not found.
[STA-1648] /home/blogic2026/run5/repo/asic/run/RUN_hold035_2026-09-09/56-openroad-rcx/nom/asic_top.nom.spef line 6688734, instance ANTENNA_i_soc.i_ai_sram.u_sram.gen_bank\[4\].gen_512.u_macro_din0\[18\] not found.
[STA-1648] /home/blogic2026/run5/repo/asic/run/RUN_hold035_2026-09-09/56-openroad-rcx/nom/asic_top.nom.spef line 6688736, instance ANTENNA_i_soc.i_ai_sram.u_sram.gen_bank\[0\].gen_512.u_macro_din0\[18\] not found.
[STA-1648] /home/blogic2026/run5/repo/asic/run/RUN_hold035_2026-09-09/56-openroad-rcx/nom/asic_top.nom.spef line 6688738, instance ANTENNA_i_soc.i_ai_sram.u_sram.gen_bank\[12\].gen_512.u_macro_din0\[18\] not found.
[STA-1648] /home/blogic2026/run5/repo/asic/run/RUN_hold035_2026-09-09/56-openroad-rcx/nom/asic_top.nom.spef line 6689015, instance ANTENNA_i_soc.i_ai_sram.u_sram.gen_bank\[9\].gen_512.u_macro_din0\[18\] not found.
[STA-1648] /home/blogic2026/run5/repo/asic/run/RUN_hold035_2026-09-09/56-openroad-rcx/nom/asic_top.nom.spef line 6689017, instance ANTENNA_i_soc.i_ai_sram.u_sram.gen_bank\[5\].gen_512.u_macro_din0\[18\] not found.
[STA-1648] /home/blogic2026/run5/repo/asic/run/RUN_hold035_2026-09-09/56-openroad-rcx/nom/asic_top.nom.spef line 6689019, instance ANTENNA_i_soc.i_ai_sram.u_sram.gen_bank\[1\].gen_512.u_macro_din0\[18\] not found.
[STA-1648] /home/blogic2026/run5/repo/asic/run/RUN_hold035_2026-09-09/56-openroad-rcx/nom/asic_top.nom.spef line 6689279, instance ANTENNA_i_soc.i_ai_sram.u_sram.gen_bank\[11\].gen_512.u_macro_din0\[18\] not found.
[STA-1648] /home/blogic2026/run5/repo/asic/run/RUN_hold035_2026-09-09/56-openroad-rcx/nom/asic_top.nom.spef line 6689281, instance ANTENNA_i_soc.i_ai_sram.u_sram.gen_bank\[7\].gen_512.u_macro_din0\[18\] not found.
[STA-1648] /home/blogic2026/run5/repo/asic/run/RUN_hold035_2026-09-09/56-openroad-rcx/nom/asic_top.nom.spef line 6689283, instance ANTENNA_i_soc.i_ai_sram.u_sram.gen_bank\[3\].gen_512.u_macro_din0\[18\] not found.
[STA-1648] /home/blogic2026/run5/repo/asic/run/RUN_hold035_2026-09-09/56-openroad-rcx/nom/asic_top.nom.spef line 6689529, instance ANTENNA_i_soc.i_ai_sram.u_sram.gen_bank\[14\].gen_512.u_macro_din0\[18\] not found.
[STA-1648] /home/blogic2026/run5/repo/asic/run/RUN_hold035_2026-09-09/56-openroad-rcx/nom/asic_top.nom.spef line 6689531, instance ANTENNA_i_soc.i_ai_sram.u_sram.gen_bank\[10\].gen_512.u_macro_din0\[18\] not found.
[STA-1648] /home/blogic2026/run5/repo/asic/run/RUN_hold035_2026-09-09/56-openroad-rcx/nom/asic_top.nom.spef line 6689536, instance ANTENNA_i_soc.i_ai_sram.u_sram.gen_bank\[6\].gen_512.u_macro_din0\[18\] not found.
[STA-1648] /home/blogic2026/run5/repo/asic/run/RUN_hold035_2026-09-09/56-openroad-rcx/nom/asic_top.nom.spef line 6689538, instance ANTENNA_i_soc.i_ai_sram.u_sram.gen_bank\[2\].gen_512.u_macro_din0\[18\] not found.
[STA-1648] /home/blogic2026/run5/repo/asic/run/RUN_hold035_2026-09-09/56-openroad-rcx/nom/asic_top.nom.spef line 6689892, instance ANTENNA_i_soc.i_ai_sram.u_sram.gen_bank\[13\].gen_512.u_macro_din0\[18\] not found.
[STA-1648] /home/blogic2026/run5/repo/asic/run/RUN_hold035_2026-09-09/56-openroad-rcx/nom/asic_top.nom.spef line 6690194, instance ANTENNA_i_soc.i_ai_sram.u_sram.gen_bank\[8\].gen_512.u_macro_din0\[16\] not found.
[STA-1648] /home/blogic2026/run5/repo/asic/run/RUN_hold035_2026-09-09/56-openroad-rcx/nom/asic_top.nom.spef line 6690196, instance ANTENNA_i_soc.i_ai_sram.u_sram.gen_bank\[4\].gen_512.u_macro_din0\[16\] not found.
[STA-1648] /home/blogic2026/run5/repo/asic/run/RUN_hold035_2026-09-09/56-openroad-rcx/nom/asic_top.nom.spef line 6690198, instance ANTENNA_i_soc.i_ai_sram.u_sram.gen_bank\[0\].gen_512.u_macro_din0\[16\] not found.
[STA-1648] /home/blogic2026/run5/repo/asic/run/RUN_hold035_2026-09-09/56-openroad-rcx/nom/asic_top.nom.spef line 6690199, instance ANTENNA_i_soc.i_ai_sram.u_sram.gen_bank\[12\].gen_512.u_macro_din0\[16\] not found.
[STA-1648] /home/blogic2026/run5/repo/asic/run/RUN_hold035_2026-09-09/56-openroad-rcx/nom/asic_top.nom.spef line 6690467, instance ANTENNA_i_soc.i_ai_sram.u_sram.gen_bank\[9\].gen_512.u_macro_din0\[16\] not found.
[STA-1648] /home/blogic2026/run5/repo/asic/run/RUN_hold035_2026-09-09/56-openroad-rcx/nom/asic_top.nom.spef line 6690469, instance ANTENNA_i_soc.i_ai_sram.u_sram.gen_bank\[5\].gen_512.u_macro_din0\[16\] not found.
[STA-1648] /home/blogic2026/run5/repo/asic/run/RUN_hold035_2026-09-09/56-openroad-rcx/nom/asic_top.nom.spef line 6690472, instance ANTENNA_i_soc.i_ai_sram.u_sram.gen_bank\[1\].gen_512.u_macro_din0\[16\] not found.
[STA-1648] /home/blogic2026/run5/repo/asic/run/RUN_hold035_2026-09-09/56-openroad-rcx/nom/asic_top.nom.spef line 6690719, instance ANTENNA_i_soc.i_ai_sram.u_sram.gen_bank\[11\].gen_512.u_macro_din0\[16\] not found.
[STA-1648] /home/blogic2026/run5/repo/asic/run/RUN_hold035_2026-09-09/56-openroad-rcx/nom/asic_top.nom.spef line 6690721, instance ANTENNA_i_soc.i_ai_sram.u_sram.gen_bank\[7\].gen_512.u_macro_din0\[16\] not found.
[STA-1648] /home/blogic2026/run5/repo/asic/run/RUN_hold035_2026-09-09/56-openroad-rcx/nom/asic_top.nom.spef line 6690722, instance ANTENNA_i_soc.i_ai_sram.u_sram.gen_bank\[3\].gen_512.u_macro_din0\[16\] not found.
[STA-1648] /home/blogic2026/run5/repo/asic/run/RUN_hold035_2026-09-09/56-openroad-rcx/nom/asic_top.nom.spef line 6690986, instance ANTENNA_i_soc.i_ai_sram.u_sram.gen_bank\[14\].gen_512.u_macro_din0\[16\] not found.
[STA-1648] /home/blogic2026/run5/repo/asic/run/RUN_hold035_2026-09-09/56-openroad-rcx/nom/asic_top.nom.spef line 6690991, instance ANTENNA_i_soc.i_ai_sram.u_sram.gen_bank\[10\].gen_512.u_macro_din0\[16\] not found.
[STA-1648] /home/blogic2026/run5/repo/asic/run/RUN_hold035_2026-09-09/56-openroad-rcx/nom/asic_top.nom.spef line 6690993, instance ANTENNA_i_soc.i_ai_sram.u_sram.gen_bank\[6\].gen_512.u_macro_din0\[16\] not found.
[STA-1648] /home/blogic2026/run5/repo/asic/run/RUN_hold035_2026-09-09/56-openroad-rcx/nom/asic_top.nom.spef line 6690995, instance ANTENNA_i_soc.i_ai_sram.u_sram.gen_bank\[2\].gen_512.u_macro_din0\[16\] not found.
[STA-1648] /home/blogic2026/run5/repo/asic/run/RUN_hold035_2026-09-09/56-openroad-rcx/nom/asic_top.nom.spef line 6691334, instance ANTENNA_i_soc.i_ai_sram.u_sram.gen_bank\[13\].gen_512.u_macro_din0\[16\] not found.
[STA-1648] /home/blogic2026/run5/repo/asic/run/RUN_hold035_2026-09-09/56-openroad-rcx/nom/asic_top.nom.spef line 6691824, instance ANTENNA_i_soc.i_ai_sram.u_sram.gen_bank\[12\].gen_512.u_macro_din0\[14\] not found.
[STA-1648] /home/blogic2026/run5/repo/asic/run/RUN_hold035_2026-09-09/56-openroad-rcx/nom/asic_top.nom.spef line 6691826, instance ANTENNA_i_soc.i_ai_sram.u_sram.gen_bank\[8\].gen_512.u_macro_din0\[14\] not found.
[STA-1648] /home/blogic2026/run5/repo/asic/run/RUN_hold035_2026-09-09/56-openroad-rcx/nom/asic_top.nom.spef line 6691828, instance ANTENNA_i_soc.i_ai_sram.u_sram.gen_bank\[4\].gen_512.u_macro_din0\[14\] not found.
[STA-1648] /home/blogic2026/run5/repo/asic/run/RUN_hold035_2026-09-09/56-openroad-rcx/nom/asic_top.nom.spef line 6691830, instance ANTENNA_i_soc.i_ai_sram.u_sram.gen_bank\[0\].gen_512.u_macro_din0\[14\] not found.
[STA-1648] /home/blogic2026/run5/repo/asic/run/RUN_hold035_2026-09-09/56-openroad-rcx/nom/asic_top.nom.spef line 6692105, instance ANTENNA_i_soc.i_ai_sram.u_sram.gen_bank\[9\].gen_512.u_macro_din0\[14\] not found.
[STA-1648] /home/blogic2026/run5/repo/asic/run/RUN_hold035_2026-09-09/56-openroad-rcx/nom/asic_top.nom.spef line 6692107, instance ANTENNA_i_soc.i_ai_sram.u_sram.gen_bank\[5\].gen_512.u_macro_din0\[14\] not found.
[STA-1648] /home/blogic2026/run5/repo/asic/run/RUN_hold035_2026-09-09/56-openroad-rcx/nom/asic_top.nom.spef line 6692109, instance ANTENNA_i_soc.i_ai_sram.u_sram.gen_bank\[1\].gen_512.u_macro_din0\[14\] not found.
[STA-1648] /home/blogic2026/run5/repo/asic/run/RUN_hold035_2026-09-09/56-openroad-rcx/nom/asic_top.nom.spef line 6692350, instance ANTENNA_i_soc.i_ai_sram.u_sram.gen_bank\[11\].gen_512.u_macro_din0\[14\] not found.
[STA-1648] /home/blogic2026/run5/repo/asic/run/RUN_hold035_2026-09-09/56-openroad-rcx/nom/asic_top.nom.spef line 6692352, instance ANTENNA_i_soc.i_ai_sram.u_sram.gen_bank\[3\].gen_512.u_macro_din0\[14\] not found.
[STA-1648] /home/blogic2026/run5/repo/asic/run/RUN_hold035_2026-09-09/56-openroad-rcx/nom/asic_top.nom.spef line 6692354, instance ANTENNA_i_soc.i_ai_sram.u_sram.gen_bank\[7\].gen_512.u_macro_din0\[14\] not found.
[STA-1648] /home/blogic2026/run5/repo/asic/run/RUN_hold035_2026-09-09/56-openroad-rcx/nom/asic_top.nom.spef line 6692600, instance ANTENNA_i_soc.i_ai_sram.u_sram.gen_bank\[14\].gen_512.u_macro_din0\[14\] not found.
[STA-1648] /home/blogic2026/run5/repo/asic/run/RUN_hold035_2026-09-09/56-openroad-rcx/nom/asic_top.nom.spef line 6692605, instance ANTENNA_i_soc.i_ai_sram.u_sram.gen_bank\[10\].gen_512.u_macro_din0\[14\] not found.
[STA-1648] /home/blogic2026/run5/repo/asic/run/RUN_hold035_2026-09-09/56-openroad-rcx/nom/asic_top.nom.spef line 6692606, instance ANTENNA_i_soc.i_ai_sram.u_sram.gen_bank\[6\].gen_512.u_macro_din0\[14\] not found.
[STA-1648] /home/blogic2026/run5/repo/asic/run/RUN_hold035_2026-09-09/56-openroad-rcx/nom/asic_top.nom.spef line 6692608, instance ANTENNA_i_soc.i_ai_sram.u_sram.gen_bank\[2\].gen_512.u_macro_din0\[14\] not found.
[STA-1648] /home/blogic2026/run5/repo/asic/run/RUN_hold035_2026-09-09/56-openroad-rcx/nom/asic_top.nom.spef line 6692947, instance ANTENNA_i_soc.i_ai_sram.u_sram.gen_bank\[13\].gen_512.u_macro_din0\[14\] not found.
[STA-1648] /home/blogic2026/run5/repo/asic/run/RUN_hold035_2026-09-09/56-openroad-rcx/nom/asic_top.nom.spef line 6693208, instance ANTENNA_i_soc.i_ai_sram.u_sram.gen_bank\[8\].gen_512.u_macro_din0\[12\] not found.
[STA-1648] /home/blogic2026/run5/repo/asic/run/RUN_hold035_2026-09-09/56-openroad-rcx/nom/asic_top.nom.spef line 6693210, instance ANTENNA_i_soc.i_ai_sram.u_sram.gen_bank\[4\].gen_512.u_macro_din0\[12\] not found.
[STA-1648] /home/blogic2026/run5/repo/asic/run/RUN_hold035_2026-09-09/56-openroad-rcx/nom/asic_top.nom.spef line 6693212, instance ANTENNA_i_soc.i_ai_sram.u_sram.gen_bank\[0\].gen_512.u_macro_din0\[12\] not found.
[STA-1648] /home/blogic2026/run5/repo/asic/run/RUN_hold035_2026-09-09/56-openroad-rcx/nom/asic_top.nom.spef line 6693214, instance ANTENNA_i_soc.i_ai_sram.u_sram.gen_bank\[12\].gen_512.u_macro_din0\[12\] not found.
[STA-1648] /home/blogic2026/run5/repo/asic/run/RUN_hold035_2026-09-09/56-openroad-rcx/nom/asic_top.nom.spef line 6693493, instance ANTENNA_i_soc.i_ai_sram.u_sram.gen_bank\[9\].gen_512.u_macro_din0\[12\] not found.
[STA-1648] /home/blogic2026/run5/repo/asic/run/RUN_hold035_2026-09-09/56-openroad-rcx/nom/asic_top.nom.spef line 6693495, instance ANTENNA_i_soc.i_ai_sram.u_sram.gen_bank\[5\].gen_512.u_macro_din0\[12\] not found.
[STA-1648] /home/blogic2026/run5/repo/asic/run/RUN_hold035_2026-09-09/56-openroad-rcx/nom/asic_top.nom.spef line 6693496, instance ANTENNA_i_soc.i_ai_sram.u_sram.gen_bank\[1\].gen_512.u_macro_din0\[12\] not found.
[STA-1648] /home/blogic2026/run5/repo/asic/run/RUN_hold035_2026-09-09/56-openroad-rcx/nom/asic_top.nom.spef line 6693755, instance ANTENNA_i_soc.i_ai_sram.u_sram.gen_bank\[11\].gen_512.u_macro_din0\[12\] not found.
[STA-1648] /home/blogic2026/run5/repo/asic/run/RUN_hold035_2026-09-09/56-openroad-rcx/nom/asic_top.nom.spef line 6693758, instance ANTENNA_i_soc.i_ai_sram.u_sram.gen_bank\[7\].gen_512.u_macro_din0\[12\] not found.
[STA-1648] /home/blogic2026/run5/repo/asic/run/RUN_hold035_2026-09-09/56-openroad-rcx/nom/asic_top.nom.spef line 6693760, instance ANTENNA_i_soc.i_ai_sram.u_sram.gen_bank\[3\].gen_512.u_macro_din0\[12\] not found.
[STA-1648] /home/blogic2026/run5/repo/asic/run/RUN_hold035_2026-09-09/56-openroad-rcx/nom/asic_top.nom.spef line 6694046, instance ANTENNA_i_soc.i_ai_sram.u_sram.gen_bank\[14\].gen_512.u_macro_din0\[12\] not found.
[STA-1648] /home/blogic2026/run5/repo/asic/run/RUN_hold035_2026-09-09/56-openroad-rcx/nom/asic_top.nom.spef line 6694050, instance ANTENNA_i_soc.i_ai_sram.u_sram.gen_bank\[10\].gen_512.u_macro_din0\[12\] not found.
[STA-1648] /home/blogic2026/run5/repo/asic/run/RUN_hold035_2026-09-09/56-openroad-rcx/nom/asic_top.nom.spef line 6694053, instance ANTENNA_i_soc.i_ai_sram.u_sram.gen_bank\[6\].gen_512.u_macro_din0\[12\] not found.
[STA-1648] /home/blogic2026/run5/repo/asic/run/RUN_hold035_2026-09-09/56-openroad-rcx/nom/asic_top.nom.spef line 6694055, instance ANTENNA_i_soc.i_ai_sram.u_sram.gen_bank\[2\].gen_512.u_macro_din0\[12\] not found.
[STA-1648] /home/blogic2026/run5/repo/asic/run/RUN_hold035_2026-09-09/56-openroad-rcx/nom/asic_top.nom.spef line 6694413, instance ANTENNA_i_soc.i_ai_sram.u_sram.gen_bank\[13\].gen_512.u_macro_din0\[12\] not found.
[STA-1648] /home/blogic2026/run5/repo/asic/run/RUN_hold035_2026-09-09/56-openroad-rcx/nom/asic_top.nom.spef line 6695049, instance ANTENNA_i_soc.i_ai_sram.u_sram.gen_bank\[12\].gen_512.u_macro_din0\[11\] not found.
[STA-1648] /home/blogic2026/run5/repo/asic/run/RUN_hold035_2026-09-09/56-openroad-rcx/nom/asic_top.nom.spef line 6695051, instance ANTENNA_i_soc.i_ai_sram.u_sram.gen_bank\[8\].gen_512.u_macro_din0\[11\] not found.
[STA-1648] /home/blogic2026/run5/repo/asic/run/RUN_hold035_2026-09-09/56-openroad-rcx/nom/asic_top.nom.spef line 6695052, instance ANTENNA_i_soc.i_ai_sram.u_sram.gen_bank\[4\].gen_512.u_macro_din0\[11\] not found.
[STA-1648] /home/blogic2026/run5/repo/asic/run/RUN_hold035_2026-09-09/56-openroad-rcx/nom/asic_top.nom.spef line 6695055, instance ANTENNA_i_soc.i_ai_sram.u_sram.gen_bank\[0\].gen_512.u_macro_din0\[11\] not found.
[STA-1648] /home/blogic2026/run5/repo/asic/run/RUN_hold035_2026-09-09/56-openroad-rcx/nom/asic_top.nom.spef line 6695323, instance ANTENNA_i_soc.i_ai_sram.u_sram.gen_bank\[9\].gen_512.u_macro_din0\[11\] not found.
[STA-1648] /home/blogic2026/run5/repo/asic/run/RUN_hold035_2026-09-09/56-openroad-rcx/nom/asic_top.nom.spef line 6695325, instance ANTENNA_i_soc.i_ai_sram.u_sram.gen_bank\[5\].gen_512.u_macro_din0\[11\] not found.
[STA-1648] /home/blogic2026/run5/repo/asic/run/RUN_hold035_2026-09-09/56-openroad-rcx/nom/asic_top.nom.spef line 6695327, instance ANTENNA_i_soc.i_ai_sram.u_sram.gen_bank\[1\].gen_512.u_macro_din0\[11\] not found.
[STA-1648] /home/blogic2026/run5/repo/asic/run/RUN_hold035_2026-09-09/56-openroad-rcx/nom/asic_top.nom.spef line 6695557, instance ANTENNA_i_soc.i_ai_sram.u_sram.gen_bank\[11\].gen_512.u_macro_din0\[11\] not found.
[STA-1648] /home/blogic2026/run5/repo/asic/run/RUN_hold035_2026-09-09/56-openroad-rcx/nom/asic_top.nom.spef line 6695560, instance ANTENNA_i_soc.i_ai_sram.u_sram.gen_bank\[7\].gen_512.u_macro_din0\[11\] not found.
[STA-1648] /home/blogic2026/run5/repo/asic/run/RUN_hold035_2026-09-09/56-openroad-rcx/nom/asic_top.nom.spef line 6695562, instance ANTENNA_i_soc.i_ai_sram.u_sram.gen_bank\[3\].gen_512.u_macro_din0\[11\] not found.
[STA-1648] /home/blogic2026/run5/repo/asic/run/RUN_hold035_2026-09-09/56-openroad-rcx/nom/asic_top.nom.spef line 6695784, instance ANTENNA_i_soc.i_ai_sram.u_sram.gen_bank\[13\].gen_512.u_macro_din0\[11\] not found.
[STA-1648] /home/blogic2026/run5/repo/asic/run/RUN_hold035_2026-09-09/56-openroad-rcx/nom/asic_top.nom.spef line 6695789, instance ANTENNA_i_soc.i_ai_sram.u_sram.gen_bank\[14\].gen_512.u_macro_din0\[11\] not found.
[STA-1648] /home/blogic2026/run5/repo/asic/run/RUN_hold035_2026-09-09/56-openroad-rcx/nom/asic_top.nom.spef line 6696005, instance ANTENNA_i_soc.i_ai_sram.u_sram.gen_bank\[10\].gen_512.u_macro_din0\[11\] not found.
[STA-1648] /home/blogic2026/run5/repo/asic/run/RUN_hold035_2026-09-09/56-openroad-rcx/nom/asic_top.nom.spef line 6696009, instance ANTENNA_i_soc.i_ai_sram.u_sram.gen_bank\[6\].gen_512.u_macro_din0\[11\] not found.
[STA-1648] /home/blogic2026/run5/repo/asic/run/RUN_hold035_2026-09-09/56-openroad-rcx/nom/asic_top.nom.spef line 6696011, instance ANTENNA_i_soc.i_ai_sram.u_sram.gen_bank\[2\].gen_512.u_macro_din0\[11\] not found.
[STA-1648] /home/blogic2026/run5/repo/asic/run/RUN_hold035_2026-09-09/56-openroad-rcx/nom/asic_top.nom.spef line 6696344, instance ANTENNA_i_soc.i_ai_sram.u_sram.gen_bank\[12\].gen_512.u_macro_din0\[8\] not found.
[STA-1648] /home/blogic2026/run5/repo/asic/run/RUN_hold035_2026-09-09/56-openroad-rcx/nom/asic_top.nom.spef line 6696346, instance ANTENNA_i_soc.i_ai_sram.u_sram.gen_bank\[8\].gen_512.u_macro_din0\[8\] not found.
[STA-1648] /home/blogic2026/run5/repo/asic/run/RUN_hold035_2026-09-09/56-openroad-rcx/nom/asic_top.nom.spef line 6696348, instance ANTENNA_i_soc.i_ai_sram.u_sram.gen_bank\[4\].gen_512.u_macro_din0\[8\] not found.
[STA-1648] /home/blogic2026/run5/repo/asic/run/RUN_hold035_2026-09-09/56-openroad-rcx/nom/asic_top.nom.spef line 6696350, instance ANTENNA_i_soc.i_ai_sram.u_sram.gen_bank\[0\].gen_512.u_macro_din0\[8\] not found.
[STA-1648] /home/blogic2026/run5/repo/asic/run/RUN_hold035_2026-09-09/56-openroad-rcx/nom/asic_top.nom.spef line 6696627, instance ANTENNA_i_soc.i_ai_sram.u_sram.gen_bank\[9\].gen_512.u_macro_din0\[8\] not found.
[STA-1648] /home/blogic2026/run5/repo/asic/run/RUN_hold035_2026-09-09/56-openroad-rcx/nom/asic_top.nom.spef line 6696629, instance ANTENNA_i_soc.i_ai_sram.u_sram.gen_bank\[1\].gen_512.u_macro_din0\[8\] not found.
[STA-1648] /home/blogic2026/run5/repo/asic/run/RUN_hold035_2026-09-09/56-openroad-rcx/nom/asic_top.nom.spef line 6696630, instance ANTENNA_i_soc.i_ai_sram.u_sram.gen_bank\[5\].gen_512.u_macro_din0\[8\] not found.
[STA-1648] /home/blogic2026/run5/repo/asic/run/RUN_hold035_2026-09-09/56-openroad-rcx/nom/asic_top.nom.spef line 6696895, instance ANTENNA_i_soc.i_ai_sram.u_sram.gen_bank\[11\].gen_512.u_macro_din0\[8\] not found.
[STA-1648] /home/blogic2026/run5/repo/asic/run/RUN_hold035_2026-09-09/56-openroad-rcx/nom/asic_top.nom.spef line 6696897, instance ANTENNA_i_soc.i_ai_sram.u_sram.gen_bank\[7\].gen_512.u_macro_din0\[8\] not found.
[STA-1648] /home/blogic2026/run5/repo/asic/run/RUN_hold035_2026-09-09/56-openroad-rcx/nom/asic_top.nom.spef line 6696899, instance ANTENNA_i_soc.i_ai_sram.u_sram.gen_bank\[3\].gen_512.u_macro_din0\[8\] not found.
[STA-1648] /home/blogic2026/run5/repo/asic/run/RUN_hold035_2026-09-09/56-openroad-rcx/nom/asic_top.nom.spef line 6697172, instance ANTENNA_i_soc.i_ai_sram.u_sram.gen_bank\[13\].gen_512.u_macro_din0\[8\] not found.
[STA-1648] /home/blogic2026/run5/repo/asic/run/RUN_hold035_2026-09-09/56-openroad-rcx/nom/asic_top.nom.spef line 6697174, instance ANTENNA_i_soc.i_ai_sram.u_sram.gen_bank\[14\].gen_512.u_macro_din0\[8\] not found.
[STA-1648] /home/blogic2026/run5/repo/asic/run/RUN_hold035_2026-09-09/56-openroad-rcx/nom/asic_top.nom.spef line 6697440, instance ANTENNA_i_soc.i_ai_sram.u_sram.gen_bank\[10\].gen_512.u_macro_din0\[8\] not found.
[STA-1648] /home/blogic2026/run5/repo/asic/run/RUN_hold035_2026-09-09/56-openroad-rcx/nom/asic_top.nom.spef line 6697442, instance ANTENNA_i_soc.i_ai_sram.u_sram.gen_bank\[6\].gen_512.u_macro_din0\[8\] not found.
[STA-1648] /home/blogic2026/run5/repo/asic/run/RUN_hold035_2026-09-09/56-openroad-rcx/nom/asic_top.nom.spef line 6697444, instance ANTENNA_i_soc.i_ai_sram.u_sram.gen_bank\[2\].gen_512.u_macro_din0\[8\] not found.
[STA-1648] /home/blogic2026/run5/repo/asic/run/RUN_hold035_2026-09-09/56-openroad-rcx/nom/asic_top.nom.spef line 6698231, instance ANTENNA_i_soc.i_ai_sram.u_sram.gen_bank\[12\].gen_512.u_macro_din0\[7\] not found.
[STA-1648] /home/blogic2026/run5/repo/asic/run/RUN_hold035_2026-09-09/56-openroad-rcx/nom/asic_top.nom.spef line 6698233, instance ANTENNA_i_soc.i_ai_sram.u_sram.gen_bank\[8\].gen_512.u_macro_din0\[7\] not found.
[STA-1648] message limit (1000) reached. This message will no longer print.
+ analyze_power_grid -net VPWR -voltage_file /home/blogic2026/run5/repo/asic/run/RUN_hold035_2026-09-09/58-openroad-irdropreport/net-VPWR.csv
[INFO PSM-0040] All shapes on net VPWR are connected.
########## IR report #################
Net              : VPWR
Corner           : nom_tt_025C_1v80
Total power      : 1.17e-01 W
Supply voltage   : 1.80e+00 V
Worstcase voltage: 1.80e+00 V
Average voltage  : 1.80e+00 V
Average IR drop  : 1.25e-05 V
Worstcase IR drop: 9.59e-04 V
Percentage drop  : 0.05 %
######################################
+ analyze_power_grid -net VGND -voltage_file /home/blogic2026/run5/repo/asic/run/RUN_hold035_2026-09-09/58-openroad-irdropreport/net-VGND.csv
[INFO PSM-0040] All shapes on net VGND are connected.
########## IR report #################
Net              : VGND
Corner           : nom_tt_025C_1v80
Total power      : 1.17e-01 W
Supply voltage   : 0.00e+00 V
Worstcase voltage: 1.04e-03 V
Average voltage  : 1.24e-05 V
Average IR drop  : 1.24e-05 V
Worstcase IR drop: 1.04e-03 V
Percentage drop  : 0.06 %
######################################

Running 'Magic.StreamOut' at 'run/RUN_hold035_2026-09-09/59-magic-streamout'…
Logging subprocess to [repr.filename]'run/RUN_hold035_2026-09-09/59-magic-streamout/magic-streamout.log'[/repr.filename]…
Running 'KLayout.StreamOut' at 'run/RUN_hold035_2026-09-09/60-klayout-streamout'…
Logging subprocess to [repr.filename]'run/RUN_hold035_2026-09-09/60-klayout-streamout/klayout-streamout.log'[/repr.filename]…
Running 'KLayout.Render' at 'run/RUN_hold035_2026-09-09/61-klayout-render'…
Logging subprocess to [repr.filename]'run/RUN_hold035_2026-09-09/61-klayout-render/klayout-render.log'[/repr.filename]…
Running 'Magic.WriteLEF' at 'run/RUN_hold035_2026-09-09/62-magic-writelef'…
Logging subprocess to [repr.filename]'run/RUN_hold035_2026-09-09/62-magic-writelef/magic-writelef.log'[/repr.filename]…
Running 'Odb.CheckDesignAntennaProperties' at 'run/RUN_hold035_2026-09-09/63-odb-checkdesignantennaproperties'…
Logging subprocess to [repr.filename]'run/RUN_hold035_2026-09-09/63-odb-checkdesignantennaproperties/odb-checkdesignantennaproperties.log'[/repr.filename]…
Cell 'asic_top' has (16) input pin(s) without antenna gate information. They might not be connected to a gate.
Running 'KLayout.XOR' at 'run/RUN_hold035_2026-09-09/64-klayout-xor'…
Running XOR with 8 threads…
Logging subprocess to [repr.filename]'run/RUN_hold035_2026-09-09/64-klayout-xor/klayout-xor.log'[/repr.filename]…
Running 'Checker.XOR' at 'run/RUN_hold035_2026-09-09/65-checker-xor'…
Check for XOR differences clear.
Running 'Magic.DRC' at 'run/RUN_hold035_2026-09-09/66-magic-drc'…
Logging subprocess to [repr.filename]'run/RUN_hold035_2026-09-09/66-magic-drc/magic-drc.log'[/repr.filename]…
Running 'KLayout.DRC' at 'run/RUN_hold035_2026-09-09/67-klayout-drc'…
Running KLayout DRC with 8 threads…
Logging subprocess to [repr.filename]'run/RUN_hold035_2026-09-09/67-klayout-drc/klayout-drc.log'[/repr.filename]…
Logging subprocess to [repr.filename]'run/RUN_hold035_2026-09-09/67-klayout-drc/xml_drc_report_to_json.log'[/repr.filename]…
Running 'Checker.MagicDRC' at 'run/RUN_hold035_2026-09-09/68-checker-magicdrc'…
9201 Magic DRC errors found.
Running 'Checker.KLayoutDRC' at 'run/RUN_hold035_2026-09-09/69-checker-klayoutdrc'…
Check for KLayout DRC errors clear.
Running 'Magic.SpiceExtraction' at 'run/RUN_hold035_2026-09-09/70-magic-spiceextraction'…
Logging subprocess to [repr.filename]'run/RUN_hold035_2026-09-09/70-magic-spiceextraction/magic-spiceextraction.log'[/repr.filename]…
Error while reading cell "sky130_fd_bd_sram__openram_dp_cell_cap_row" (byte position 2550256): Unknown layer/datatype in boundary, layer=33 type=42

Error while reading cell "sky130_fd_bd_sram__openram_dp_cell_cap_row" (byte position 2550960): Unknown layer/datatype in boundary, layer=33 type=43

Error while reading cell "sky130_fd_bd_sram__openram_dp_cell_cap_row" (byte position 2551920): Unknown layer/datatype in boundary, layer=22 type=21

Error while reading cell "sky130_fd_bd_sram__openram_dp_cell_dummy" (byte position 3031192): Unknown layer/datatype in boundary, layer=33 type=42

Error while reading cell "sky130_fd_bd_sram__openram_dp_cell_dummy" (byte position 3034968): Unknown layer/datatype in boundary, layer=33 type=43

Error while reading cell "sky130_fd_bd_sram__openram_dp_cell_dummy" (byte position 3039160): Unknown layer/datatype in boundary, layer=22 type=21

Error while reading cell "sky130_fd_bd_sram__openram_dp_cell_dummy" (byte position 3040024): Unknown layer/datatype in boundary, layer=22 type=22

Error while reading cell "sky130_fd_bd_sram__openram_dp_cell_dummy" (byte position 3040280): Unknown layer/datatype in boundary, layer=235 type=0

Error while reading cell "sky130_fd_bd_sram__openram_dp_cell_replica" (byte position 3220634): Unknown layer/datatype in boundary, layer=33 type=42

Error while reading cell "sky130_fd_bd_sram__openram_dp_cell_replica" (byte position 3224410): Unknown layer/datatype in boundary, layer=33 type=43

Error while reading cell "sky130_fd_bd_sram__openram_dp_cell_replica" (byte position 3228602): Unknown layer/datatype in boundary, layer=22 type=21

Error while reading cell "sky130_fd_bd_sram__openram_dp_cell_replica" (byte position 3229978): Unknown layer/datatype in boundary, layer=22 type=22

Error while reading cell "sky130_fd_bd_sram__openram_dp_cell_replica" (byte position 3230234): Unknown layer/datatype in boundary, layer=235 type=0

Error while reading cell "sky130_fd_bd_sram__openram_dp_cell" (byte position 3469832): Unknown layer/datatype in boundary, layer=33 type=42

Error while reading cell "sky130_fd_bd_sram__openram_dp_cell" (byte position 3473608): Unknown layer/datatype in boundary, layer=33 type=43

Error while reading cell "sky130_fd_bd_sram__openram_dp_cell" (byte position 3477800): Unknown layer/datatype in boundary, layer=22 type=21

Error while reading cell "sky130_fd_bd_sram__openram_dp_cell" (byte position 3479176): Unknown layer/datatype in boundary, layer=22 type=22

Error while reading cell "sky130_fd_bd_sram__openram_dp_cell" (byte position 3479432): Unknown layer/datatype in boundary, layer=235 type=0

Running 'Checker.IllegalOverlap' at 'run/RUN_hold035_2026-09-09/71-checker-illegaloverlap'…
Check for Magic Illegal Overlap errors clear.
Running 'Netgen.LVS' at 'run/RUN_hold035_2026-09-09/72-netgen-lvs'…
Logging subprocess to [repr.filename]'run/RUN_hold035_2026-09-09/72-netgen-lvs/netgen-lvs.log'[/repr.filename]…
Running 'Checker.LVS' at 'run/RUN_hold035_2026-09-09/73-checker-lvs'…
Check for LVS errors clear.
Gating variable for step 'Yosys.EQY' set to 'False'- the step will be skipped.
Skipping step 'Equivalence Check'…
Running 'Checker.SetupViolations' at 'run/RUN_hold035_2026-09-09/74-checker-setupviolations'…
Setup violations found in the following corners:
* nom_ss_100C_1v60
No setup violations found
Running 'Checker.HoldViolations' at 'run/RUN_hold035_2026-09-09/75-checker-holdviolations'…
No hold violations found
Running 'Checker.MaxSlewViolations' at 'run/RUN_hold035_2026-09-09/76-checker-maxslewviolations'…
Max Slew violations found in the following corners:
* nom_ff_n40C_1v95
* nom_ss_100C_1v60
* nom_tt_025C_1v80
No max slew violations found
Running 'Checker.MaxCapViolations' at 'run/RUN_hold035_2026-09-09/77-checker-maxcapviolations'…
Max Cap violations found in the following corners:
* nom_ff_n40C_1v95
* nom_ss_100C_1v60
* nom_tt_025C_1v80
No max cap violations found
Running 'Misc.ReportManufacturability' at 'run/RUN_hold035_2026-09-09/78-misc-reportmanufacturability'…
Saving views to '/home/blogic2026/run5/repo/asic/run/RUN_hold035_2026-09-09/final'…
Flow complete.
Starting…
Skipping step 'Verilator Lint'…
Skipping step 'Lint Timing Error Checker'…
Skipping step 'Lint Errors Checker'…
Skipping step 'Lint Warnings Checker'…
Skipping step 'Generate JSON Header'…
Skipping step 'Synthesis'…
Skipping step 'Unmapped Cells Checker'…
Skipping step 'Yosys Synth Checks'…
Skipping step 'Netlist Assign Statement Checker'…
Skipping step 'Check SDC Files'…
Skipping step 'Check Macro Instances'…
Skipping step 'STA (Pre-PnR)'…
Skipping step 'Floorplan Init'…
Skipping step 'Dump RC Values'…
Skipping step 'Check Antenna Properties of Macros Pins in Their LEF Views'…
Skipping step 'Set Power Connections'…
Skipping step 'Manual Macro Placement'…
Skipping step 'Cut Rows'…
Skipping step 'Tap/Decap Insertion'…
Skipping step 'Add PDN obstructions'…
Skipping step 'Generate PDN'…
Skipping step 'Remove PDN obstructions'…
Skipping step 'Add Obstructions'…
Skipping step 'Global Placement Skip IO'…
Skipping step 'I/O Placement'…
Skipping step 'Custom I/O Placement'…
Skipping step 'Apply DEF Template'…
Skipping step 'Global Placement'…
Skipping step 'Write Verilog Header'…
Skipping step 'Power Grid Violation Checker'…
Skipping step 'STA (Mid-PnR)'…
Skipping step 'Repair Design (Post-Global Placement)'…
Skipping step 'Manual Global Placement'…
Skipping step 'Detailed Placement'…
Skipping step 'Clock Tree Synthesis'…
Skipping step 'STA (Mid-PnR)'…
Skipping step 'Resizer Timing Optimizations (Post-Clock Tree Synthesis)'…
Skipping step 'STA (Mid-PnR)'…
Skipping step 'Global Routing'…
Skipping step 'Check Antennas'…
Gating variable for step 'OpenROAD.RepairDesignPostGRT' set to 'False'- the step will be skipped.
Skipping step 'Repair Design (Post-Global Routing)'…
Skipping step 'Diodes on Ports'…
Skipping step 'Heuristic Diode Insertion'…
Skipping step 'Antenna Repair'…
Skipping step 'Resizer Timing Optimizations (Post-Global Routing)'…
Skipping step 'STA (Mid-PnR)'…
Skipping step 'Detailed Routing'…
Skipping step 'Remove Obstructions'…
Skipping step 'Check Antennas'…
Skipping step 'Routing DRC Checker'…
Skipping step 'Report Disconnected Pins'…
Skipping step 'Disconnected Pins Checker'…
Skipping step 'Report Wire Length'…
Skipping step 'Wire Length Threshold Checker'…
Skipping step 'Fill Insertion'…
Skipping step 'Generate Cell Frequency Tables'…
Skipping step 'Parasitics (RC) Extraction'…
Running 'OpenROAD.STAPostPNR' at 'run/RUN_hold035_2026-09-09/79-openroad-stapostpnr'…
Starting STA for the nom_tt_025C_1v80 timing corner…
Logging subprocess to [repr.filename]'run/RUN_hold035_2026-09-09/79-openroad-stapostpnr/nom_tt_025C_1v80/sta.log'[/repr.filename]…
Starting STA for the nom_ss_100C_1v60 timing corner…
Starting STA for the nom_ff_n40C_1v95 timing corner…
Logging subprocess to [repr.filename]'run/RUN_hold035_2026-09-09/79-openroad-stapostpnr/nom_ss_100C_1v60/sta.log'[/repr.filename]…
Logging subprocess to [repr.filename]'run/RUN_hold035_2026-09-09/79-openroad-stapostpnr/nom_ff_n40C_1v95/sta.log'[/repr.filename]…
Finished STA for the nom_tt_025C_1v80 timing corner.
Logging subprocess to [repr.filename]'run/RUN_hold035_2026-09-09/79-openroad-stapostpnr/nom_tt_025C_1v80/filter_unannotated.log'[/repr.filename]…
Finished STA for the nom_ff_n40C_1v95 timing corner.
Logging subprocess to [repr.filename]'run/RUN_hold035_2026-09-09/79-openroad-stapostpnr/nom_ff_n40C_1v95/filter_unannotated.log'[/repr.filename]…
Finished STA for the nom_ss_100C_1v60 timing corner.
Logging subprocess to [repr.filename]'run/RUN_hold035_2026-09-09/79-openroad-stapostpnr/nom_ss_100C_1v60/filter_unannotated.log'[/repr.filename]…
Skipping step 'IR Drop Report'…
Skipping step 'GDSII Stream Out (Magic)'…
Skipping step 'GDSII Stream Out (KLayout)'…
Skipping step 'Render Image (w/ KLayout)'…
Skipping step 'Write LEF (Magic)'…
Skipping step 'Check Antenna Properties of Pins in The Generated Design LEF view'…
Skipping step 'KLayout vs. Magic XOR'…
Skipping step 'XOR Difference Checker'…
Skipping step 'DRC'…
Skipping step 'Design Rule Check (KLayout)'…
Skipping step 'Magic DRC Checker'…
Skipping step 'KLayout DRC Checker'…
Skipping step 'SPICE Extraction'…
Skipping step 'Illegal Overlap Checker'…
Skipping step 'Netgen LVS'…
Skipping step 'LVS Error Checker'…
Gating variable for step 'Yosys.EQY' set to 'False'- the step will be skipped.
Skipping step 'Equivalence Check'…
Skipping step 'Setup Timing Violations Checker'…
Skipping step 'Hold Timing Violations Checker'…
Skipping step 'Max Slew Violations Checker'…
Skipping step 'Max Cap Violations Checker'…
Skipping step 'Report Manufacturability'…
Saving views to '/home/blogic2026/run5/repo/asic/run/RUN_hold035_2026-09-09/final'…
Flow complete.
Starting…
Skipping step 'Verilator Lint'…
Skipping step 'Lint Timing Error Checker'…
Skipping step 'Lint Errors Checker'…
Skipping step 'Lint Warnings Checker'…
Skipping step 'Generate JSON Header'…
Skipping step 'Synthesis'…
Skipping step 'Unmapped Cells Checker'…
Skipping step 'Yosys Synth Checks'…
Skipping step 'Netlist Assign Statement Checker'…
Skipping step 'Check SDC Files'…
Skipping step 'Check Macro Instances'…
Skipping step 'STA (Pre-PnR)'…
Skipping step 'Floorplan Init'…
Skipping step 'Dump RC Values'…
Skipping step 'Check Antenna Properties of Macros Pins in Their LEF Views'…
Skipping step 'Set Power Connections'…
Skipping step 'Manual Macro Placement'…
Skipping step 'Cut Rows'…
Skipping step 'Tap/Decap Insertion'…
Skipping step 'Add PDN obstructions'…
Skipping step 'Generate PDN'…
Skipping step 'Remove PDN obstructions'…
Skipping step 'Add Obstructions'…
Skipping step 'Global Placement Skip IO'…
Skipping step 'I/O Placement'…
Skipping step 'Custom I/O Placement'…
Skipping step 'Apply DEF Template'…
Skipping step 'Global Placement'…
Skipping step 'Write Verilog Header'…
Skipping step 'Power Grid Violation Checker'…
Skipping step 'STA (Mid-PnR)'…
Skipping step 'Repair Design (Post-Global Placement)'…
Skipping step 'Manual Global Placement'…
Skipping step 'Detailed Placement'…
Skipping step 'Clock Tree Synthesis'…
Skipping step 'STA (Mid-PnR)'…
Skipping step 'Resizer Timing Optimizations (Post-Clock Tree Synthesis)'…
Skipping step 'STA (Mid-PnR)'…
Skipping step 'Global Routing'…
Skipping step 'Check Antennas'…
Gating variable for step 'OpenROAD.RepairDesignPostGRT' set to 'False'- the step will be skipped.
Skipping step 'Repair Design (Post-Global Routing)'…
Skipping step 'Diodes on Ports'…
Skipping step 'Heuristic Diode Insertion'…
Skipping step 'Antenna Repair'…
Skipping step 'Resizer Timing Optimizations (Post-Global Routing)'…
Skipping step 'STA (Mid-PnR)'…
Skipping step 'Detailed Routing'…
Skipping step 'Remove Obstructions'…
Skipping step 'Check Antennas'…
Skipping step 'Routing DRC Checker'…
Skipping step 'Report Disconnected Pins'…
Skipping step 'Disconnected Pins Checker'…
Skipping step 'Report Wire Length'…
Skipping step 'Wire Length Threshold Checker'…
Skipping step 'Fill Insertion'…
Skipping step 'Generate Cell Frequency Tables'…
Skipping step 'Parasitics (RC) Extraction'…
Running 'OpenROAD.STAPostPNR' at 'run/RUN_hold035_2026-09-09/80-openroad-stapostpnr'…
Starting STA for the nom_tt_025C_1v80 timing corner…
Starting STA for the nom_ss_100C_1v60 timing corner…
Logging subprocess to [repr.filename]'run/RUN_hold035_2026-09-09/80-openroad-stapostpnr/nom_tt_025C_1v80/sta.log'[/repr.filename]…
Starting STA for the nom_ff_n40C_1v95 timing corner…
Logging subprocess to [repr.filename]'run/RUN_hold035_2026-09-09/80-openroad-stapostpnr/nom_ff_n40C_1v95/sta.log'[/repr.filename]…
Logging subprocess to [repr.filename]'run/RUN_hold035_2026-09-09/80-openroad-stapostpnr/nom_ss_100C_1v60/sta.log'[/repr.filename]…
Finished STA for the nom_tt_025C_1v80 timing corner.
Logging subprocess to [repr.filename]'run/RUN_hold035_2026-09-09/80-openroad-stapostpnr/nom_tt_025C_1v80/filter_unannotated.log'[/repr.filename]…
Finished STA for the nom_ss_100C_1v60 timing corner.
Logging subprocess to [repr.filename]'run/RUN_hold035_2026-09-09/80-openroad-stapostpnr/nom_ss_100C_1v60/filter_unannotated.log'[/repr.filename]…
Finished STA for the nom_ff_n40C_1v95 timing corner.
Logging subprocess to [repr.filename]'run/RUN_hold035_2026-09-09/80-openroad-stapostpnr/nom_ff_n40C_1v95/filter_unannotated.log'[/repr.filename]…
Skipping step 'IR Drop Report'…
Skipping step 'GDSII Stream Out (Magic)'…
Skipping step 'GDSII Stream Out (KLayout)'…
Skipping step 'Render Image (w/ KLayout)'…
Skipping step 'Write LEF (Magic)'…
Skipping step 'Check Antenna Properties of Pins in The Generated Design LEF view'…
Skipping step 'KLayout vs. Magic XOR'…
Skipping step 'XOR Difference Checker'…
Skipping step 'DRC'…
Skipping step 'Design Rule Check (KLayout)'…
Skipping step 'Magic DRC Checker'…
Skipping step 'KLayout DRC Checker'…
Skipping step 'SPICE Extraction'…
Skipping step 'Illegal Overlap Checker'…
Skipping step 'Netgen LVS'…
Skipping step 'LVS Error Checker'…
Gating variable for step 'Yosys.EQY' set to 'False'- the step will be skipped.
Skipping step 'Equivalence Check'…
Skipping step 'Setup Timing Violations Checker'…
Skipping step 'Hold Timing Violations Checker'…
Skipping step 'Max Slew Violations Checker'…
Skipping step 'Max Cap Violations Checker'…
Skipping step 'Report Manufacturability'…
Saving views to '/home/blogic2026/run5/repo/asic/run/RUN_hold035_2026-09-09/final'…
Flow complete.
Starting…
Skipping step 'Verilator Lint'…
Skipping step 'Lint Timing Error Checker'…
Skipping step 'Lint Errors Checker'…
Skipping step 'Lint Warnings Checker'…
Skipping step 'Generate JSON Header'…
Skipping step 'Synthesis'…
Skipping step 'Unmapped Cells Checker'…
Skipping step 'Yosys Synth Checks'…
Skipping step 'Netlist Assign Statement Checker'…
Skipping step 'Check SDC Files'…
Skipping step 'Check Macro Instances'…
Skipping step 'STA (Pre-PnR)'…
Skipping step 'Floorplan Init'…
Skipping step 'Dump RC Values'…
Skipping step 'Check Antenna Properties of Macros Pins in Their LEF Views'…
Skipping step 'Set Power Connections'…
Skipping step 'Manual Macro Placement'…
Skipping step 'Cut Rows'…
Skipping step 'Tap/Decap Insertion'…
Skipping step 'Add PDN obstructions'…
Skipping step 'Generate PDN'…
Skipping step 'Remove PDN obstructions'…
Skipping step 'Add Obstructions'…
Skipping step 'Global Placement Skip IO'…
Skipping step 'I/O Placement'…
Skipping step 'Custom I/O Placement'…
Skipping step 'Apply DEF Template'…
Skipping step 'Global Placement'…
Skipping step 'Write Verilog Header'…
Skipping step 'Power Grid Violation Checker'…
Skipping step 'STA (Mid-PnR)'…
Skipping step 'Repair Design (Post-Global Placement)'…
Skipping step 'Manual Global Placement'…
Skipping step 'Detailed Placement'…
Skipping step 'Clock Tree Synthesis'…
Skipping step 'STA (Mid-PnR)'…
Skipping step 'Resizer Timing Optimizations (Post-Clock Tree Synthesis)'…
Skipping step 'STA (Mid-PnR)'…
Skipping step 'Global Routing'…
Skipping step 'Check Antennas'…
Gating variable for step 'OpenROAD.RepairDesignPostGRT' set to 'False'- the step will be skipped.
Skipping step 'Repair Design (Post-Global Routing)'…
Skipping step 'Diodes on Ports'…
Skipping step 'Heuristic Diode Insertion'…
Skipping step 'Antenna Repair'…
Skipping step 'Resizer Timing Optimizations (Post-Global Routing)'…
Skipping step 'STA (Mid-PnR)'…
Skipping step 'Detailed Routing'…
Skipping step 'Remove Obstructions'…
Skipping step 'Check Antennas'…
Skipping step 'Routing DRC Checker'…
Skipping step 'Report Disconnected Pins'…
Skipping step 'Disconnected Pins Checker'…
Skipping step 'Report Wire Length'…
Skipping step 'Wire Length Threshold Checker'…
Skipping step 'Fill Insertion'…
Skipping step 'Generate Cell Frequency Tables'…
Skipping step 'Parasitics (RC) Extraction'…
Running 'OpenROAD.STAPostPNR' at 'run/RUN_hold035_2026-09-09/81-openroad-stapostpnr'…
Starting STA for the nom_tt_025C_1v80 timing corner…
Starting STA for the nom_ss_100C_1v60 timing corner…
Starting STA for the nom_ff_n40C_1v95 timing corner…
Logging subprocess to [repr.filename]'run/RUN_hold035_2026-09-09/81-openroad-stapostpnr/nom_tt_025C_1v80/sta.log'[/repr.filename]…
Logging subprocess to [repr.filename]'run/RUN_hold035_2026-09-09/81-openroad-stapostpnr/nom_ff_n40C_1v95/sta.log'[/repr.filename]…
Logging subprocess to [repr.filename]'run/RUN_hold035_2026-09-09/81-openroad-stapostpnr/nom_ss_100C_1v60/sta.log'[/repr.filename]…
Finished STA for the nom_ff_n40C_1v95 timing corner.
Logging subprocess to [repr.filename]'run/RUN_hold035_2026-09-09/81-openroad-stapostpnr/nom_ff_n40C_1v95/filter_unannotated.log'[/repr.filename]…
Finished STA for the nom_tt_025C_1v80 timing corner.
Logging subprocess to [repr.filename]'run/RUN_hold035_2026-09-09/81-openroad-stapostpnr/nom_tt_025C_1v80/filter_unannotated.log'[/repr.filename]…
Finished STA for the nom_ss_100C_1v60 timing corner.
Logging subprocess to [repr.filename]'run/RUN_hold035_2026-09-09/81-openroad-stapostpnr/nom_ss_100C_1v60/filter_unannotated.log'[/repr.filename]…
Skipping step 'IR Drop Report'…
Skipping step 'GDSII Stream Out (Magic)'…
Skipping step 'GDSII Stream Out (KLayout)'…
Skipping step 'Render Image (w/ KLayout)'…
Skipping step 'Write LEF (Magic)'…
Skipping step 'Check Antenna Properties of Pins in The Generated Design LEF view'…
Skipping step 'KLayout vs. Magic XOR'…
Skipping step 'XOR Difference Checker'…
Skipping step 'DRC'…
Skipping step 'Design Rule Check (KLayout)'…
Skipping step 'Magic DRC Checker'…
Skipping step 'KLayout DRC Checker'…
Skipping step 'SPICE Extraction'…
Skipping step 'Illegal Overlap Checker'…
Skipping step 'Netgen LVS'…
Skipping step 'LVS Error Checker'…
Gating variable for step 'Yosys.EQY' set to 'False'- the step will be skipped.
Skipping step 'Equivalence Check'…
Skipping step 'Setup Timing Violations Checker'…
Skipping step 'Hold Timing Violations Checker'…
Skipping step 'Max Slew Violations Checker'…
Skipping step 'Max Cap Violations Checker'…
Skipping step 'Report Manufacturability'…
Saving views to '/home/blogic2026/run5/repo/asic/run/RUN_hold035_2026-09-09/final'…
Flow complete.
Starting…
Skipping step 'Verilator Lint'…
Skipping step 'Lint Timing Error Checker'…
Skipping step 'Lint Errors Checker'…
Skipping step 'Lint Warnings Checker'…
Skipping step 'Generate JSON Header'…
Skipping step 'Synthesis'…
Skipping step 'Unmapped Cells Checker'…
Skipping step 'Yosys Synth Checks'…
Skipping step 'Netlist Assign Statement Checker'…
Skipping step 'Check SDC Files'…
Skipping step 'Check Macro Instances'…
Skipping step 'STA (Pre-PnR)'…
Skipping step 'Floorplan Init'…
Skipping step 'Dump RC Values'…
Skipping step 'Check Antenna Properties of Macros Pins in Their LEF Views'…
Skipping step 'Set Power Connections'…
Skipping step 'Manual Macro Placement'…
Skipping step 'Cut Rows'…
Skipping step 'Tap/Decap Insertion'…
Skipping step 'Add PDN obstructions'…
Skipping step 'Generate PDN'…
Skipping step 'Remove PDN obstructions'…
Skipping step 'Add Obstructions'…
Skipping step 'Global Placement Skip IO'…
Skipping step 'I/O Placement'…
Skipping step 'Custom I/O Placement'…
Skipping step 'Apply DEF Template'…
Skipping step 'Global Placement'…
Skipping step 'Write Verilog Header'…
Skipping step 'Power Grid Violation Checker'…
Skipping step 'STA (Mid-PnR)'…
Skipping step 'Repair Design (Post-Global Placement)'…
Skipping step 'Manual Global Placement'…
Skipping step 'Detailed Placement'…
Skipping step 'Clock Tree Synthesis'…
Skipping step 'STA (Mid-PnR)'…
Skipping step 'Resizer Timing Optimizations (Post-Clock Tree Synthesis)'…
Skipping step 'STA (Mid-PnR)'…
Skipping step 'Global Routing'…
Skipping step 'Check Antennas'…
Gating variable for step 'OpenROAD.RepairDesignPostGRT' set to 'False'- the step will be skipped.
Skipping step 'Repair Design (Post-Global Routing)'…
Skipping step 'Diodes on Ports'…
Skipping step 'Heuristic Diode Insertion'…
Skipping step 'Antenna Repair'…
Skipping step 'Resizer Timing Optimizations (Post-Global Routing)'…
Skipping step 'STA (Mid-PnR)'…
Skipping step 'Detailed Routing'…
Skipping step 'Remove Obstructions'…
Skipping step 'Check Antennas'…
Skipping step 'Routing DRC Checker'…
Skipping step 'Report Disconnected Pins'…
Skipping step 'Disconnected Pins Checker'…
Skipping step 'Report Wire Length'…
Skipping step 'Wire Length Threshold Checker'…
Skipping step 'Fill Insertion'…
Skipping step 'Generate Cell Frequency Tables'…
Skipping step 'Parasitics (RC) Extraction'…
Running 'OpenROAD.STAPostPNR' at 'run/RUN_hold035_2026-09-09/82-openroad-stapostpnr'…
Starting STA for the nom_tt_025C_1v80 timing corner…
Starting STA for the nom_ss_100C_1v60 timing corner…
Starting STA for the nom_ff_n40C_1v95 timing corner…
Logging subprocess to [repr.filename]'run/RUN_hold035_2026-09-09/82-openroad-stapostpnr/nom_tt_025C_1v80/sta.log'[/repr.filename]…
Logging subprocess to [repr.filename]'run/RUN_hold035_2026-09-09/82-openroad-stapostpnr/nom_ss_100C_1v60/sta.log'[/repr.filename]…
Logging subprocess to [repr.filename]'run/RUN_hold035_2026-09-09/82-openroad-stapostpnr/nom_ff_n40C_1v95/sta.log'[/repr.filename]…
Finished STA for the nom_tt_025C_1v80 timing corner.
Logging subprocess to [repr.filename]'run/RUN_hold035_2026-09-09/82-openroad-stapostpnr/nom_tt_025C_1v80/filter_unannotated.log'[/repr.filename]…
Finished STA for the nom_ff_n40C_1v95 timing corner.
Logging subprocess to [repr.filename]'run/RUN_hold035_2026-09-09/82-openroad-stapostpnr/nom_ff_n40C_1v95/filter_unannotated.log'[/repr.filename]…
Finished STA for the nom_ss_100C_1v60 timing corner.
Logging subprocess to [repr.filename]'run/RUN_hold035_2026-09-09/82-openroad-stapostpnr/nom_ss_100C_1v60/filter_unannotated.log'[/repr.filename]…
Skipping step 'IR Drop Report'…
Skipping step 'GDSII Stream Out (Magic)'…
Skipping step 'GDSII Stream Out (KLayout)'…
Skipping step 'Render Image (w/ KLayout)'…
Skipping step 'Write LEF (Magic)'…
Skipping step 'Check Antenna Properties of Pins in The Generated Design LEF view'…
Skipping step 'KLayout vs. Magic XOR'…
Skipping step 'XOR Difference Checker'…
Skipping step 'DRC'…
Skipping step 'Design Rule Check (KLayout)'…
Skipping step 'Magic DRC Checker'…
Skipping step 'KLayout DRC Checker'…
Skipping step 'SPICE Extraction'…
Skipping step 'Illegal Overlap Checker'…
Skipping step 'Netgen LVS'…
Skipping step 'LVS Error Checker'…
Gating variable for step 'Yosys.EQY' set to 'False'- the step will be skipped.
Skipping step 'Equivalence Check'…
Skipping step 'Setup Timing Violations Checker'…
Skipping step 'Hold Timing Violations Checker'…
Skipping step 'Max Slew Violations Checker'…
Skipping step 'Max Cap Violations Checker'…
Skipping step 'Report Manufacturability'…
Saving views to '/home/blogic2026/run5/repo/asic/run/RUN_hold035_2026-09-09/final'…
Flow complete.
Starting…
Skipping step 'Verilator Lint'…
Skipping step 'Lint Timing Error Checker'…
Skipping step 'Lint Errors Checker'…
Skipping step 'Lint Warnings Checker'…
Skipping step 'Generate JSON Header'…
Skipping step 'Synthesis'…
Skipping step 'Unmapped Cells Checker'…
Skipping step 'Yosys Synth Checks'…
Skipping step 'Netlist Assign Statement Checker'…
Skipping step 'Check SDC Files'…
Skipping step 'Check Macro Instances'…
Skipping step 'STA (Pre-PnR)'…
Skipping step 'Floorplan Init'…
Skipping step 'Dump RC Values'…
Skipping step 'Check Antenna Properties of Macros Pins in Their LEF Views'…
Skipping step 'Set Power Connections'…
Skipping step 'Manual Macro Placement'…
Skipping step 'Cut Rows'…
Skipping step 'Tap/Decap Insertion'…
Skipping step 'Add PDN obstructions'…
Skipping step 'Generate PDN'…
Skipping step 'Remove PDN obstructions'…
Skipping step 'Add Obstructions'…
Skipping step 'Global Placement Skip IO'…
Skipping step 'I/O Placement'…
Skipping step 'Custom I/O Placement'…
Skipping step 'Apply DEF Template'…
Skipping step 'Global Placement'…
Skipping step 'Write Verilog Header'…
Skipping step 'Power Grid Violation Checker'…
Skipping step 'STA (Mid-PnR)'…
Skipping step 'Repair Design (Post-Global Placement)'…
Skipping step 'Manual Global Placement'…
Skipping step 'Detailed Placement'…
Skipping step 'Clock Tree Synthesis'…
Skipping step 'STA (Mid-PnR)'…
Skipping step 'Resizer Timing Optimizations (Post-Clock Tree Synthesis)'…
Skipping step 'STA (Mid-PnR)'…
Skipping step 'Global Routing'…
Skipping step 'Check Antennas'…
Gating variable for step 'OpenROAD.RepairDesignPostGRT' set to 'False'- the step will be skipped.
Skipping step 'Repair Design (Post-Global Routing)'…
Skipping step 'Diodes on Ports'…
Skipping step 'Heuristic Diode Insertion'…
Skipping step 'Antenna Repair'…
Skipping step 'Resizer Timing Optimizations (Post-Global Routing)'…
Skipping step 'STA (Mid-PnR)'…
Skipping step 'Detailed Routing'…
Skipping step 'Remove Obstructions'…
Skipping step 'Check Antennas'…
Skipping step 'Routing DRC Checker'…
Skipping step 'Report Disconnected Pins'…
Skipping step 'Disconnected Pins Checker'…
Skipping step 'Report Wire Length'…
Skipping step 'Wire Length Threshold Checker'…
Skipping step 'Fill Insertion'…
Skipping step 'Generate Cell Frequency Tables'…
Skipping step 'Parasitics (RC) Extraction'…
Running 'OpenROAD.STAPostPNR' at 'run/RUN_hold035_2026-09-09/83-openroad-stapostpnr'…
Starting STA for the nom_tt_025C_1v80 timing corner…
Starting STA for the nom_ss_100C_1v60 timing corner…
Starting STA for the nom_ff_n40C_1v95 timing corner…
Logging subprocess to [repr.filename]'run/RUN_hold035_2026-09-09/83-openroad-stapostpnr/nom_tt_025C_1v80/sta.log'[/repr.filename]…
Logging subprocess to [repr.filename]'run/RUN_hold035_2026-09-09/83-openroad-stapostpnr/nom_ff_n40C_1v95/sta.log'[/repr.filename]…
Logging subprocess to [repr.filename]'run/RUN_hold035_2026-09-09/83-openroad-stapostpnr/nom_ss_100C_1v60/sta.log'[/repr.filename]…
Finished STA for the nom_tt_025C_1v80 timing corner.
Logging subprocess to [repr.filename]'run/RUN_hold035_2026-09-09/83-openroad-stapostpnr/nom_tt_025C_1v80/filter_unannotated.log'[/repr.filename]…
Finished STA for the nom_ff_n40C_1v95 timing corner.
Logging subprocess to [repr.filename]'run/RUN_hold035_2026-09-09/83-openroad-stapostpnr/nom_ff_n40C_1v95/filter_unannotated.log'[/repr.filename]…
Finished STA for the nom_ss_100C_1v60 timing corner.
Logging subprocess to [repr.filename]'run/RUN_hold035_2026-09-09/83-openroad-stapostpnr/nom_ss_100C_1v60/filter_unannotated.log'[/repr.filename]…
Skipping step 'IR Drop Report'…
Skipping step 'GDSII Stream Out (Magic)'…
Skipping step 'GDSII Stream Out (KLayout)'…
Skipping step 'Render Image (w/ KLayout)'…
Skipping step 'Write LEF (Magic)'…
Skipping step 'Check Antenna Properties of Pins in The Generated Design LEF view'…
Skipping step 'KLayout vs. Magic XOR'…
Skipping step 'XOR Difference Checker'…
Skipping step 'DRC'…
Skipping step 'Design Rule Check (KLayout)'…
Skipping step 'Magic DRC Checker'…
Skipping step 'KLayout DRC Checker'…
Skipping step 'SPICE Extraction'…
Skipping step 'Illegal Overlap Checker'…
Skipping step 'Netgen LVS'…
Skipping step 'LVS Error Checker'…
Gating variable for step 'Yosys.EQY' set to 'False'- the step will be skipped.
Skipping step 'Equivalence Check'…
Skipping step 'Setup Timing Violations Checker'…
Skipping step 'Hold Timing Violations Checker'…
Skipping step 'Max Slew Violations Checker'…
Skipping step 'Max Cap Violations Checker'…
Skipping step 'Report Manufacturability'…
Saving views to '/home/blogic2026/run5/repo/asic/run/RUN_hold035_2026-09-09/final'…
Flow complete.
Starting…
Skipping step 'Verilator Lint'…
Skipping step 'Lint Timing Error Checker'…
Skipping step 'Lint Errors Checker'…
Skipping step 'Lint Warnings Checker'…
Skipping step 'Generate JSON Header'…
Skipping step 'Synthesis'…
Skipping step 'Unmapped Cells Checker'…
Skipping step 'Yosys Synth Checks'…
Skipping step 'Netlist Assign Statement Checker'…
Skipping step 'Check SDC Files'…
Skipping step 'Check Macro Instances'…
Skipping step 'STA (Pre-PnR)'…
Skipping step 'Floorplan Init'…
Skipping step 'Dump RC Values'…
Skipping step 'Check Antenna Properties of Macros Pins in Their LEF Views'…
Skipping step 'Set Power Connections'…
Skipping step 'Manual Macro Placement'…
Skipping step 'Cut Rows'…
Skipping step 'Tap/Decap Insertion'…
Skipping step 'Add PDN obstructions'…
Skipping step 'Generate PDN'…
Skipping step 'Remove PDN obstructions'…
Skipping step 'Add Obstructions'…
Skipping step 'Global Placement Skip IO'…
Skipping step 'I/O Placement'…
Skipping step 'Custom I/O Placement'…
Skipping step 'Apply DEF Template'…
Skipping step 'Global Placement'…
Skipping step 'Write Verilog Header'…
Skipping step 'Power Grid Violation Checker'…
Skipping step 'STA (Mid-PnR)'…
Skipping step 'Repair Design (Post-Global Placement)'…
Skipping step 'Manual Global Placement'…
Skipping step 'Detailed Placement'…
Skipping step 'Clock Tree Synthesis'…
Skipping step 'STA (Mid-PnR)'…
Skipping step 'Resizer Timing Optimizations (Post-Clock Tree Synthesis)'…
Skipping step 'STA (Mid-PnR)'…
Skipping step 'Global Routing'…
Skipping step 'Check Antennas'…
Gating variable for step 'OpenROAD.RepairDesignPostGRT' set to 'False'- the step will be skipped.
Skipping step 'Repair Design (Post-Global Routing)'…
Skipping step 'Diodes on Ports'…
Skipping step 'Heuristic Diode Insertion'…
Skipping step 'Antenna Repair'…
Skipping step 'Resizer Timing Optimizations (Post-Global Routing)'…
Skipping step 'STA (Mid-PnR)'…
Skipping step 'Detailed Routing'…
Skipping step 'Remove Obstructions'…
Skipping step 'Check Antennas'…
Skipping step 'Routing DRC Checker'…
Skipping step 'Report Disconnected Pins'…
Skipping step 'Disconnected Pins Checker'…
Skipping step 'Report Wire Length'…
Skipping step 'Wire Length Threshold Checker'…
Skipping step 'Fill Insertion'…
Skipping step 'Generate Cell Frequency Tables'…
Skipping step 'Parasitics (RC) Extraction'…
Running 'OpenROAD.STAPostPNR' at 'run/RUN_hold035_2026-09-09/84-openroad-stapostpnr'…
Starting STA for the nom_tt_025C_1v80 timing corner…
Starting STA for the nom_ss_100C_1v60 timing corner…
Starting STA for the nom_ff_n40C_1v95 timing corner…
Logging subprocess to [repr.filename]'run/RUN_hold035_2026-09-09/84-openroad-stapostpnr/nom_tt_025C_1v80/sta.log'[/repr.filename]…
Logging subprocess to [repr.filename]'run/RUN_hold035_2026-09-09/84-openroad-stapostpnr/nom_ff_n40C_1v95/sta.log'[/repr.filename]…
Logging subprocess to [repr.filename]'run/RUN_hold035_2026-09-09/84-openroad-stapostpnr/nom_ss_100C_1v60/sta.log'[/repr.filename]…
Finished STA for the nom_tt_025C_1v80 timing corner.
Logging subprocess to [repr.filename]'run/RUN_hold035_2026-09-09/84-openroad-stapostpnr/nom_tt_025C_1v80/filter_unannotated.log'[/repr.filename]…
Finished STA for the nom_ff_n40C_1v95 timing corner.
Logging subprocess to [repr.filename]'run/RUN_hold035_2026-09-09/84-openroad-stapostpnr/nom_ff_n40C_1v95/filter_unannotated.log'[/repr.filename]…
Finished STA for the nom_ss_100C_1v60 timing corner.
Logging subprocess to [repr.filename]'run/RUN_hold035_2026-09-09/84-openroad-stapostpnr/nom_ss_100C_1v60/filter_unannotated.log'[/repr.filename]…
Skipping step 'IR Drop Report'…
Skipping step 'GDSII Stream Out (Magic)'…
Skipping step 'GDSII Stream Out (KLayout)'…
Skipping step 'Render Image (w/ KLayout)'…
Skipping step 'Write LEF (Magic)'…
Skipping step 'Check Antenna Properties of Pins in The Generated Design LEF view'…
Skipping step 'KLayout vs. Magic XOR'…
Skipping step 'XOR Difference Checker'…
Skipping step 'DRC'…
Skipping step 'Design Rule Check (KLayout)'…
Skipping step 'Magic DRC Checker'…
Skipping step 'KLayout DRC Checker'…
Skipping step 'SPICE Extraction'…
Skipping step 'Illegal Overlap Checker'…
Skipping step 'Netgen LVS'…
Skipping step 'LVS Error Checker'…
Gating variable for step 'Yosys.EQY' set to 'False'- the step will be skipped.
Skipping step 'Equivalence Check'…
Skipping step 'Setup Timing Violations Checker'…
Skipping step 'Hold Timing Violations Checker'…
Skipping step 'Max Slew Violations Checker'…
Skipping step 'Max Cap Violations Checker'…
Skipping step 'Report Manufacturability'…
Saving views to '/home/blogic2026/run5/repo/asic/run/RUN_hold035_2026-09-09/final'…
Flow complete.
