979 Lint warnings found.
[STA-0469] derating factor greater than 2.0.
[IFP-0028] Core area lower left (60.000, 60.000) snapped to (60.260, 62.560).
Using 'MACRO_PLACEMENT_CFG' is deprecated. It is recommended to use the new 'MACROS' configuration variable.
[STA-0469] derating factor greater than 2.0.
[STA-0469] derating factor greater than 2.0.
[STA-0469] derating factor greater than 2.0.
[PDN-0110] No via inserted between met1 and met4 at (536.5800, 1658.9600) - (538.1800, 1659.0200) on VPWR
[PDN-0110] No via inserted between met1 and met4 at (1458.1800, 1658.9600) - (1459.7800, 1659.0200) on VPWR
[PDN-0110] No via inserted between met1 and met4 at (1768.6800, 1063.6800) - (1770.2800, 1063.7600) on VGND
[PDN-0110] No via inserted between met1 and met4 at (2379.7800, 1658.9600) - (2381.3800, 1659.0200) on VPWR
[PDN-0110] No via inserted between met1 and met4 at (2690.2800, 1063.6800) - (2691.8800, 1063.7600) on VGND
[PDN-0110] No via inserted between met1 and met4 at (3611.8800, 1063.6800) - (3613.4800, 1063.7600) on VGND
[PDN-0110] No via inserted between met4 and met5 at (2237.5600, 1154.4400) - (2239.3000, 1155.5700) on VGND
[PDN-0110] No via inserted between met4 and met5 at (2916.2000, 1154.4400) - (2917.9400, 1155.5700) on VGND
[PDN-0110] No via inserted between met4 and met5 at (3220.6600, 1154.4400) - (3222.4000, 1155.5700) on VGND
[PDN-0110] No via inserted between met4 and met5 at (3899.3000, 1154.4400) - (3901.0400, 1155.5700) on VGND
[PDN-0110] No via inserted between met4 and met5 at (271.3600, 1154.4400) - (273.1000, 1155.5700) on VGND
[PDN-0110] No via inserted between met4 and met5 at (950.0000, 1154.4400) - (951.7400, 1155.5700) on VGND
[PDN-0110] No via inserted between met4 and met5 at (1254.4600, 1154.4400) - (1256.2000, 1155.5700) on VGND
[PDN-0110] No via inserted between met4 and met5 at (1933.1000, 1154.4400) - (1934.8400, 1155.5700) on VGND
[STA-0469] derating factor greater than 2.0.
[STA-0469] derating factor greater than 2.0.
[STA-0469] derating factor greater than 2.0.
[GRT-0281] Net clk_i has a large fanout of 7530 terminals.
[GRT-0281] Net i_soc.i_ai_accel.rst_ni has a large fanout of 4236 terminals.
[GRT-0281] Net i_soc.i_cpu.core_i.clk has a large fanout of 2345 terminals.
[STA-0469] derating factor greater than 2.0.
[STA-1140] /home/blogic2026/final_jtag/repo/asic/macros/sky130_sram_2kbyte_1rw1r_32x512_8/lib/sky130_sram_2kbyte_1rw1r_32x512_8_TT_1p8V_25C.lib line 1, library sky130_sram_2kbyte_1rw1r_32x512_8_TT_1p8V_25C_lib already exists.
[STA-1140] /home/blogic2026/final_jtag/repo/asic/macros/sky130_sram_1kbyte_1rw1r_32x256_8/lib/sky130_sram_1kbyte_1rw1r_32x256_8_TT_1p8V_25C.lib line 1, library sky130_sram_1kbyte_1rw1r_32x256_8_TT_1p8V_25C_lib already exists.
[STA-1140] /home/blogic2026/final_jtag/repo/asic/macros/sky130_sram_2kbyte_1rw1r_32x512_8/lib/sky130_sram_2kbyte_1rw1r_32x512_8_TT_1p8V_25C.lib line 1, library sky130_sram_2kbyte_1rw1r_32x512_8_TT_1p8V_25C_lib already exists.
[STA-1140] /home/blogic2026/final_jtag/repo/asic/macros/sky130_sram_1kbyte_1rw1r_32x256_8/lib/sky130_sram_1kbyte_1rw1r_32x256_8_TT_1p8V_25C.lib line 1, library sky130_sram_1kbyte_1rw1r_32x256_8_TT_1p8V_25C_lib already exists.
[STA-0469] derating factor greater than 2.0.
[RSZ-0020] found 2 floating nets.
[STA-0469] derating factor greater than 2.0.
[STA-1140] /home/blogic2026/final_jtag/repo/asic/macros/sky130_sram_2kbyte_1rw1r_32x512_8/lib/sky130_sram_2kbyte_1rw1r_32x512_8_TT_1p8V_25C.lib line 1, library sky130_sram_2kbyte_1rw1r_32x512_8_TT_1p8V_25C_lib already exists.
[STA-1140] /home/blogic2026/final_jtag/repo/asic/macros/sky130_sram_1kbyte_1rw1r_32x256_8/lib/sky130_sram_1kbyte_1rw1r_32x256_8_TT_1p8V_25C.lib line 1, library sky130_sram_1kbyte_1rw1r_32x256_8_TT_1p8V_25C_lib already exists.
[STA-1140] /home/blogic2026/final_jtag/repo/asic/macros/sky130_sram_2kbyte_1rw1r_32x512_8/lib/sky130_sram_2kbyte_1rw1r_32x512_8_TT_1p8V_25C.lib line 1, library sky130_sram_2kbyte_1rw1r_32x512_8_TT_1p8V_25C_lib already exists.
[STA-1140] /home/blogic2026/final_jtag/repo/asic/macros/sky130_sram_1kbyte_1rw1r_32x256_8/lib/sky130_sram_1kbyte_1rw1r_32x256_8_TT_1p8V_25C.lib line 1, library sky130_sram_1kbyte_1rw1r_32x256_8_TT_1p8V_25C_lib already exists.
[STA-0469] derating factor greater than 2.0.
[CTS-0128] -obstruction_aware is obsolete.
[CTS-0041] Net "i_soc.i_dmi_jtag.i_dmi_jtag_tap.i_dft_tck_mux.clk_o" has 1 sinks. Skipping...
[RSZ-0065] max wire length less than 6884u increases wire delays.
[STA-0469] derating factor greater than 2.0.
[STA-1140] /home/blogic2026/final_jtag/repo/asic/macros/sky130_sram_2kbyte_1rw1r_32x512_8/lib/sky130_sram_2kbyte_1rw1r_32x512_8_TT_1p8V_25C.lib line 1, library sky130_sram_2kbyte_1rw1r_32x512_8_TT_1p8V_25C_lib already exists.
[STA-1140] /home/blogic2026/final_jtag/repo/asic/macros/sky130_sram_1kbyte_1rw1r_32x256_8/lib/sky130_sram_1kbyte_1rw1r_32x256_8_TT_1p8V_25C.lib line 1, library sky130_sram_1kbyte_1rw1r_32x256_8_TT_1p8V_25C_lib already exists.
[STA-1140] /home/blogic2026/final_jtag/repo/asic/macros/sky130_sram_2kbyte_1rw1r_32x512_8/lib/sky130_sram_2kbyte_1rw1r_32x512_8_TT_1p8V_25C.lib line 1, library sky130_sram_2kbyte_1rw1r_32x512_8_TT_1p8V_25C_lib already exists.
[STA-1140] /home/blogic2026/final_jtag/repo/asic/macros/sky130_sram_1kbyte_1rw1r_32x256_8/lib/sky130_sram_1kbyte_1rw1r_32x256_8_TT_1p8V_25C.lib line 1, library sky130_sram_1kbyte_1rw1r_32x256_8_TT_1p8V_25C_lib already exists.
[STA-0469] derating factor greater than 2.0.
[RSZ-0062] Unable to repair all setup violations.
[STA-0469] derating factor greater than 2.0.
[STA-0469] derating factor greater than 2.0.
[STA-0469] derating factor greater than 2.0.
'GPL_CELL_PADDING' is set to 0. This step may cause overlap failures.
[STA-0469] derating factor greater than 2.0.
[STA-0469] derating factor greater than 2.0.
[STA-0469] derating factor greater than 2.0.
[STA-0469] derating factor greater than 2.0.
[STA-1140] /home/blogic2026/final_jtag/repo/asic/macros/sky130_sram_2kbyte_1rw1r_32x512_8/lib/sky130_sram_2kbyte_1rw1r_32x512_8_TT_1p8V_25C.lib line 1, library sky130_sram_2kbyte_1rw1r_32x512_8_TT_1p8V_25C_lib already exists.
[STA-1140] /home/blogic2026/final_jtag/repo/asic/macros/sky130_sram_1kbyte_1rw1r_32x256_8/lib/sky130_sram_1kbyte_1rw1r_32x256_8_TT_1p8V_25C.lib line 1, library sky130_sram_1kbyte_1rw1r_32x256_8_TT_1p8V_25C_lib already exists.
[STA-1140] /home/blogic2026/final_jtag/repo/asic/macros/sky130_sram_2kbyte_1rw1r_32x512_8/lib/sky130_sram_2kbyte_1rw1r_32x512_8_TT_1p8V_25C.lib line 1, library sky130_sram_2kbyte_1rw1r_32x512_8_TT_1p8V_25C_lib already exists.
[STA-1140] /home/blogic2026/final_jtag/repo/asic/macros/sky130_sram_1kbyte_1rw1r_32x256_8/lib/sky130_sram_1kbyte_1rw1r_32x256_8_TT_1p8V_25C.lib line 1, library sky130_sram_1kbyte_1rw1r_32x256_8_TT_1p8V_25C_lib already exists.
[STA-0469] derating factor greater than 2.0.
[RSZ-0062] Unable to repair all setup violations.
[EST-0026] Missing route to pin ANTENNA_wire8649_A/DIODE in net clk_i.
[EST-0026] Missing route to pin wire8649/A in net clk_i.
[EST-0026] Missing route to pin ANTENNA_wire8649_A/DIODE in net clk_i.
[EST-0026] Missing route to pin wire8649/A in net clk_i.
[EST-0026] Missing route to pin ANTENNA_wire8649_A/DIODE in net clk_i.
[EST-0026] Missing route to pin wire8649/A in net clk_i.
[EST-0026] Missing route to pin ANTENNA_i_soc.i_gpio._208__D/DIODE in net net1.
[EST-0026] Missing route to pin ANTENNA_input1_X/DIODE in net net1.
[EST-0026] Missing route to pin input1/X in net net1.
[EST-0026] Missing route to pin i_soc.i_gpio._208_/D in net net1.
[EST-0026] Missing route to pin ANTENNA_i_soc.i_gpio._208__D/DIODE in net net1.
[EST-0026] Missing route to pin ANTENNA_input1_X/DIODE in net net1.
[EST-0026] Missing route to pin input1/X in net net1.
[EST-0026] Missing route to pin i_soc.i_gpio._208_/D in net net1.
[EST-0026] Missing route to pin ANTENNA_i_soc.i_gpio._208__D/DIODE in net net1.
[EST-0026] Missing route to pin ANTENNA_input1_X/DIODE in net net1.
[EST-0026] Missing route to pin input1/X in net net1.
[EST-0026] Missing route to pin i_soc.i_gpio._208_/D in net net1.
[EST-0026] Missing route to pin ANTENNA_i_soc.i_gpio._218__D/DIODE in net net2.
[EST-0026] Missing route to pin ANTENNA_input2_X/DIODE in net net2.
[EST-0026] Missing route to pin input2/X in net net2.
[EST-0026] Missing route to pin i_soc.i_gpio._218_/D in net net2.
[EST-0026] Missing route to pin ANTENNA_i_soc.i_gpio._218__D/DIODE in net net2.
[EST-0026] Missing route to pin ANTENNA_input2_X/DIODE in net net2.
[EST-0026] Missing route to pin input2/X in net net2.
[EST-0026] Missing route to pin i_soc.i_gpio._218_/D in net net2.
[EST-0026] Missing route to pin ANTENNA_i_soc.i_gpio._218__D/DIODE in net net2.
[EST-0026] Missing route to pin ANTENNA_input2_X/DIODE in net net2.
[EST-0026] Missing route to pin input2/X in net net2.
[EST-0026] Missing route to pin i_soc.i_gpio._218_/D in net net2.
[EST-0026] Missing route to pin ANTENNA_i_soc.i_gpio._219__D/DIODE in net net3.
[EST-0026] Missing route to pin ANTENNA_input3_X/DIODE in net net3.
[EST-0026] Missing route to pin input3/X in net net3.
[EST-0026] Missing route to pin i_soc.i_gpio._219_/D in net net3.
[EST-0026] Missing route to pin ANTENNA_i_soc.i_gpio._219__D/DIODE in net net3.
[EST-0026] Missing route to pin ANTENNA_input3_X/DIODE in net net3.
[EST-0026] Missing route to pin input3/X in net net3.
[EST-0026] Missing route to pin i_soc.i_gpio._219_/D in net net3.
[EST-0026] Missing route to pin ANTENNA_i_soc.i_gpio._219__D/DIODE in net net3.
[EST-0026] Missing route to pin ANTENNA_input3_X/DIODE in net net3.
[EST-0026] Missing route to pin input3/X in net net3.
[EST-0026] Missing route to pin i_soc.i_gpio._219_/D in net net3.
[EST-0026] Missing route to pin ANTENNA_i_soc.i_gpio._220__D/DIODE in net net4.
[EST-0026] Missing route to pin ANTENNA_input4_X/DIODE in net net4.
[EST-0026] Missing route to pin input4/X in net net4.
[EST-0026] Missing route to pin i_soc.i_gpio._220_/D in net net4.
[EST-0026] Missing route to pin ANTENNA_i_soc.i_gpio._220__D/DIODE in net net4.
[EST-0026] Missing route to pin ANTENNA_input4_X/DIODE in net net4.
[EST-0026] Missing route to pin input4/X in net net4.
[EST-0026] Missing route to pin i_soc.i_gpio._220_/D in net net4.
[EST-0026] Missing route to pin ANTENNA_i_soc.i_gpio._220__D/DIODE in net net4.
[EST-0026] Missing route to pin ANTENNA_input4_X/DIODE in net net4.
[EST-0026] Missing route to pin input4/X in net net4.
[EST-0026] Missing route to pin i_soc.i_gpio._220_/D in net net4.
[EST-0026] Missing route to pin ANTENNA_i_soc.i_gpio._221__D/DIODE in net net5.
[EST-0026] Missing route to pin ANTENNA_input5_X/DIODE in net net5.
[EST-0026] Missing route to pin input5/X in net net5.
[EST-0026] Missing route to pin i_soc.i_gpio._221_/D in net net5.
[EST-0026] Missing route to pin ANTENNA_i_soc.i_gpio._221__D/DIODE in net net5.
[EST-0026] Missing route to pin ANTENNA_input5_X/DIODE in net net5.
[EST-0026] Missing route to pin input5/X in net net5.
[EST-0026] Missing route to pin i_soc.i_gpio._221_/D in net net5.
[EST-0026] Missing route to pin ANTENNA_i_soc.i_gpio._221__D/DIODE in net net5.
[EST-0026] Missing route to pin ANTENNA_input5_X/DIODE in net net5.
[EST-0026] Missing route to pin input5/X in net net5.
[EST-0026] Missing route to pin i_soc.i_gpio._221_/D in net net5.
[EST-0026] Missing route to pin ANTENNA_i_soc.i_gpio._222__D/DIODE in net net6.
[EST-0026] Missing route to pin ANTENNA_input6_X/DIODE in net net6.
[EST-0026] Missing route to pin input6/X in net net6.
[EST-0026] Missing route to pin i_soc.i_gpio._222_/D in net net6.
[EST-0026] Missing route to pin ANTENNA_i_soc.i_gpio._222__D/DIODE in net net6.
[EST-0026] Missing route to pin ANTENNA_input6_X/DIODE in net net6.
[EST-0026] Missing route to pin input6/X in net net6.
[EST-0026] Missing route to pin i_soc.i_gpio._222_/D in net net6.
[EST-0026] Missing route to pin ANTENNA_i_soc.i_gpio._222__D/DIODE in net net6.
[EST-0026] Missing route to pin ANTENNA_input6_X/DIODE in net net6.
[EST-0026] Missing route to pin input6/X in net net6.
[EST-0026] Missing route to pin i_soc.i_gpio._222_/D in net net6.
[EST-0026] Missing route to pin ANTENNA_i_soc.i_gpio._223__D/DIODE in net net7.
[EST-0026] Missing route to pin ANTENNA_input7_X/DIODE in net net7.
[EST-0026] Missing route to pin input7/X in net net7.
[EST-0026] Missing route to pin i_soc.i_gpio._223_/D in net net7.
[EST-0026] Missing route to pin ANTENNA_i_soc.i_gpio._223__D/DIODE in net net7.
[EST-0026] Missing route to pin ANTENNA_input7_X/DIODE in net net7.
[EST-0026] Missing route to pin input7/X in net net7.
[EST-0026] Missing route to pin i_soc.i_gpio._223_/D in net net7.
[EST-0026] Missing route to pin ANTENNA_i_soc.i_gpio._223__D/DIODE in net net7.
[EST-0026] Missing route to pin ANTENNA_input7_X/DIODE in net net7.
[EST-0026] Missing route to pin input7/X in net net7.
[EST-0026] Missing route to pin i_soc.i_gpio._223_/D in net net7.
[EST-0026] Missing route to pin ANTENNA_i_soc.i_gpio._209__D/DIODE in net net8.
[EST-0026] Missing route to pin ANTENNA_input8_X/DIODE in net net8.
[EST-0026] Missing route to pin input8/X in net net8.
[EST-0026] Missing route to pin i_soc.i_gpio._209_/D in net net8.
[EST-0026] Missing route to pin ANTENNA_i_soc.i_gpio._209__D/DIODE in net net8.
[EST-0026] Missing route to pin ANTENNA_input8_X/DIODE in net net8.
[EST-0026] Missing route to pin input8/X in net net8.
[EST-0026] Missing route to pin i_soc.i_gpio._209_/D in net net8.
[EST-0026] Missing route to pin ANTENNA_i_soc.i_gpio._209__D/DIODE in net net8.
[EST-0026] Missing route to pin ANTENNA_input8_X/DIODE in net net8.
[EST-0026] Missing route to pin input8/X in net net8.
[EST-0026] Missing route to pin i_soc.i_gpio._209_/D in net net8.
[EST-0026] Missing route to pin ANTENNA_i_soc.i_gpio._210__D/DIODE in net net9.
[EST-0026] Missing route to pin ANTENNA_input9_X/DIODE in net net9.
[EST-0026] Missing route to pin input9/X in net net9.
[EST-0026] Missing route to pin i_soc.i_gpio._210_/D in net net9.
[EST-0026] Missing route to pin ANTENNA_i_soc.i_gpio._210__D/DIODE in net net9.
[EST-0026] Missing route to pin ANTENNA_input9_X/DIODE in net net9.
[EST-0026] Missing route to pin input9/X in net net9.
[EST-0026] Missing route to pin i_soc.i_gpio._210_/D in net net9.
[EST-0026] Missing route to pin ANTENNA_i_soc.i_gpio._210__D/DIODE in net net9.
[EST-0026] Missing route to pin ANTENNA_input9_X/DIODE in net net9.
[EST-0026] Missing route to pin input9/X in net net9.
[EST-0026] Missing route to pin i_soc.i_gpio._210_/D in net net9.
[EST-0026] Missing route to pin ANTENNA_i_soc.i_gpio._211__D/DIODE in net net10.
[EST-0026] Missing route to pin ANTENNA_input10_X/DIODE in net net10.
[EST-0026] Missing route to pin input10/X in net net10.
[EST-0026] Missing route to pin i_soc.i_gpio._211_/D in net net10.
[EST-0026] Missing route to pin ANTENNA_i_soc.i_gpio._211__D/DIODE in net net10.
[EST-0026] Missing route to pin ANTENNA_input10_X/DIODE in net net10.
[EST-0026] Missing route to pin input10/X in net net10.
[EST-0026] Missing route to pin i_soc.i_gpio._211_/D in net net10.
[EST-0026] Missing route to pin ANTENNA_i_soc.i_gpio._211__D/DIODE in net net10.
[EST-0026] Missing route to pin ANTENNA_input10_X/DIODE in net net10.
[EST-0026] Missing route to pin input10/X in net net10.
[EST-0026] Missing route to pin i_soc.i_gpio._211_/D in net net10.
[EST-0026] Missing route to pin ANTENNA_i_soc.i_gpio._212__D/DIODE in net net11.
[EST-0026] Missing route to pin ANTENNA_input11_X/DIODE in net net11.
[EST-0026] Missing route to pin input11/X in net net11.
[EST-0026] Missing route to pin i_soc.i_gpio._212_/D in net net11.
[EST-0026] Missing route to pin ANTENNA_i_soc.i_gpio._212__D/DIODE in net net11.
[EST-0026] Missing route to pin ANTENNA_input11_X/DIODE in net net11.
[EST-0026] Missing route to pin input11/X in net net11.
[EST-0026] Missing route to pin i_soc.i_gpio._212_/D in net net11.
[EST-0026] Missing route to pin ANTENNA_i_soc.i_gpio._212__D/DIODE in net net11.
[EST-0026] Missing route to pin ANTENNA_input11_X/DIODE in net net11.
[EST-0026] Missing route to pin input11/X in net net11.
[EST-0026] Missing route to pin i_soc.i_gpio._212_/D in net net11.
[EST-0026] Missing route to pin ANTENNA_i_soc.i_gpio._213__D/DIODE in net net12.
[EST-0026] Missing route to pin ANTENNA_input12_X/DIODE in net net12.
[EST-0026] Missing route to pin input12/X in net net12.
[EST-0026] Missing route to pin i_soc.i_gpio._213_/D in net net12.
[EST-0026] Missing route to pin ANTENNA_i_soc.i_gpio._213__D/DIODE in net net12.
[EST-0026] Missing route to pin ANTENNA_input12_X/DIODE in net net12.
[EST-0026] Missing route to pin input12/X in net net12.
[EST-0026] Missing route to pin i_soc.i_gpio._213_/D in net net12.
[EST-0026] Missing route to pin ANTENNA_i_soc.i_gpio._213__D/DIODE in net net12.
[EST-0026] Missing route to pin ANTENNA_input12_X/DIODE in net net12.
[EST-0026] Missing route to pin input12/X in net net12.
[EST-0026] Missing route to pin i_soc.i_gpio._213_/D in net net12.
[EST-0026] Missing route to pin ANTENNA_i_soc.i_gpio._214__D/DIODE in net net13.
[EST-0026] Missing route to pin ANTENNA_input13_X/DIODE in net net13.
[EST-0026] Missing route to pin input13/X in net net13.
[EST-0026] Missing route to pin i_soc.i_gpio._214_/D in net net13.
[EST-0026] Missing route to pin ANTENNA_i_soc.i_gpio._214__D/DIODE in net net13.
[EST-0026] Missing route to pin ANTENNA_input13_X/DIODE in net net13.
[EST-0026] Missing route to pin input13/X in net net13.
[EST-0026] Missing route to pin i_soc.i_gpio._214_/D in net net13.
[EST-0026] Missing route to pin ANTENNA_i_soc.i_gpio._214__D/DIODE in net net13.
[EST-0026] Missing route to pin ANTENNA_input13_X/DIODE in net net13.
[EST-0026] Missing route to pin input13/X in net net13.
[EST-0026] Missing route to pin i_soc.i_gpio._214_/D in net net13.
[EST-0026] Missing route to pin ANTENNA_i_soc.i_gpio._215__D/DIODE in net net14.
[EST-0026] Missing route to pin ANTENNA_input14_X/DIODE in net net14.
[EST-0026] Missing route to pin input14/X in net net14.
[EST-0026] Missing route to pin i_soc.i_gpio._215_/D in net net14.
[EST-0026] Missing route to pin ANTENNA_i_soc.i_gpio._215__D/DIODE in net net14.
[EST-0026] Missing route to pin ANTENNA_input14_X/DIODE in net net14.
[EST-0026] Missing route to pin input14/X in net net14.
[EST-0026] Missing route to pin i_soc.i_gpio._215_/D in net net14.
[EST-0026] Missing route to pin ANTENNA_i_soc.i_gpio._215__D/DIODE in net net14.
[EST-0026] Missing route to pin ANTENNA_input14_X/DIODE in net net14.
[EST-0026] Missing route to pin input14/X in net net14.
[EST-0026] Missing route to pin i_soc.i_gpio._215_/D in net net14.
[EST-0026] Missing route to pin ANTENNA_i_soc.i_gpio._216__D/DIODE in net net15.
[EST-0026] Missing route to pin ANTENNA_input15_X/DIODE in net net15.
[EST-0026] Missing route to pin input15/X in net net15.
[EST-0026] Missing route to pin i_soc.i_gpio._216_/D in net net15.
[EST-0026] Missing route to pin ANTENNA_i_soc.i_gpio._216__D/DIODE in net net15.
[EST-0026] Missing route to pin ANTENNA_input15_X/DIODE in net net15.
[EST-0026] Missing route to pin input15/X in net net15.
[EST-0026] Missing route to pin i_soc.i_gpio._216_/D in net net15.
[EST-0026] Missing route to pin ANTENNA_i_soc.i_gpio._216__D/DIODE in net net15.
[EST-0026] Missing route to pin ANTENNA_input15_X/DIODE in net net15.
[EST-0026] Missing route to pin input15/X in net net15.
[EST-0026] Missing route to pin i_soc.i_gpio._216_/D in net net15.
[EST-0026] Missing route to pin ANTENNA_i_soc.i_gpio._217__D/DIODE in net net16.
[EST-0026] Missing route to pin ANTENNA_input16_X/DIODE in net net16.
[EST-0026] Missing route to pin input16/X in net net16.
[EST-0026] Missing route to pin i_soc.i_gpio._217_/D in net net16.
[EST-0026] Missing route to pin ANTENNA_i_soc.i_gpio._217__D/DIODE in net net16.
[EST-0026] Missing route to pin ANTENNA_input16_X/DIODE in net net16.
[EST-0026] Missing route to pin input16/X in net net16.
[EST-0026] Missing route to pin i_soc.i_gpio._217_/D in net net16.
[EST-0026] Missing route to pin ANTENNA_i_soc.i_gpio._217__D/DIODE in net net16.
[EST-0026] Missing route to pin ANTENNA_input16_X/DIODE in net net16.
[EST-0026] Missing route to pin input16/X in net net16.
[EST-0026] Missing route to pin i_soc.i_gpio._217_/D in net net16.
[EST-0026] Missing route to pin ANTENNA__00__X/DIODE in net net28.
[EST-0026] Missing route to pin ANTENNA_output28_A/DIODE in net net28.
[EST-0026] Missing route to pin output28/A in net net28.
[EST-0026] Missing route to pin _00_/X in net net28.
[EST-0026] Missing route to pin ANTENNA__00__X/DIODE in net net28.
[EST-0026] Missing route to pin ANTENNA_output28_A/DIODE in net net28.
[EST-0026] Missing route to pin output28/A in net net28.
[EST-0026] Missing route to pin _00_/X in net net28.
[EST-0026] Missing route to pin ANTENNA__00__X/DIODE in net net28.
[EST-0026] Missing route to pin ANTENNA_output28_A/DIODE in net net28.
[EST-0026] Missing route to pin output28/A in net net28.
[EST-0026] Missing route to pin _00_/X in net net28.
[EST-0026] Missing route to pin ANTENNA__10__X/DIODE in net net29.
[EST-0026] Missing route to pin ANTENNA_output29_A/DIODE in net net29.
[EST-0026] Missing route to pin output29/A in net net29.
[EST-0026] Missing route to pin _10_/X in net net29.
[EST-0026] Missing route to pin ANTENNA__10__X/DIODE in net net29.
[EST-0026] Missing route to pin ANTENNA_output29_A/DIODE in net net29.
[EST-0026] Missing route to pin output29/A in net net29.
[EST-0026] Missing route to pin _10_/X in net net29.
[EST-0026] Missing route to pin ANTENNA__10__X/DIODE in net net29.
[EST-0026] Missing route to pin ANTENNA_output29_A/DIODE in net net29.
[EST-0026] Missing route to pin output29/A in net net29.
[EST-0026] Missing route to pin _10_/X in net net29.
[EST-0026] Missing route to pin ANTENNA__11__X/DIODE in net net30.
[EST-0026] Missing route to pin ANTENNA_output30_A/DIODE in net net30.
[EST-0026] Missing route to pin output30/A in net net30.
[EST-0026] Missing route to pin _11_/X in net net30.
[EST-0026] Missing route to pin ANTENNA__11__X/DIODE in net net30.
[EST-0026] Missing route to pin ANTENNA_output30_A/DIODE in net net30.
[EST-0026] Missing route to pin output30/A in net net30.
[EST-0026] Missing route to pin _11_/X in net net30.
[EST-0026] Missing route to pin ANTENNA__11__X/DIODE in net net30.
[EST-0026] Missing route to pin ANTENNA_output30_A/DIODE in net net30.
[EST-0026] Missing route to pin output30/A in net net30.
[EST-0026] Missing route to pin _11_/X in net net30.
[EST-0026] Missing route to pin ANTENNA__12__X/DIODE in net net31.
[EST-0026] Missing route to pin ANTENNA_output31_A/DIODE in net net31.
[EST-0026] Missing route to pin output31/A in net net31.
[EST-0026] Missing route to pin _12_/X in net net31.
[EST-0026] Missing route to pin ANTENNA__12__X/DIODE in net net31.
[EST-0026] Missing route to pin ANTENNA_output31_A/DIODE in net net31.
[EST-0026] Missing route to pin output31/A in net net31.
[EST-0026] Missing route to pin _12_/X in net net31.
[EST-0026] Missing route to pin ANTENNA__12__X/DIODE in net net31.
[EST-0026] Missing route to pin ANTENNA_output31_A/DIODE in net net31.
[EST-0026] Missing route to pin output31/A in net net31.
[EST-0026] Missing route to pin _12_/X in net net31.
[EST-0026] Missing route to pin ANTENNA__13__X/DIODE in net net32.
[EST-0026] Missing route to pin ANTENNA_output32_A/DIODE in net net32.
[EST-0026] Missing route to pin output32/A in net net32.
[EST-0026] Missing route to pin _13_/X in net net32.
[EST-0026] Missing route to pin ANTENNA__13__X/DIODE in net net32.
[EST-0026] Missing route to pin ANTENNA_output32_A/DIODE in net net32.
[EST-0026] Missing route to pin output32/A in net net32.
[EST-0026] Missing route to pin _13_/X in net net32.
[EST-0026] Missing route to pin ANTENNA__13__X/DIODE in net net32.
[EST-0026] Missing route to pin ANTENNA_output32_A/DIODE in net net32.
[EST-0026] Missing route to pin output32/A in net net32.
[EST-0026] Missing route to pin _13_/X in net net32.
[EST-0026] Missing route to pin ANTENNA__14__X/DIODE in net net33.
[EST-0026] Missing route to pin ANTENNA_output33_A/DIODE in net net33.
[EST-0026] Missing route to pin output33/A in net net33.
[EST-0026] Missing route to pin _14_/X in net net33.
[EST-0026] Missing route to pin ANTENNA__14__X/DIODE in net net33.
[EST-0026] Missing route to pin ANTENNA_output33_A/DIODE in net net33.
[EST-0026] Missing route to pin output33/A in net net33.
[EST-0026] Missing route to pin _14_/X in net net33.
[EST-0026] Missing route to pin ANTENNA__14__X/DIODE in net net33.
[EST-0026] Missing route to pin ANTENNA_output33_A/DIODE in net net33.
[EST-0026] Missing route to pin output33/A in net net33.
[EST-0026] Missing route to pin _14_/X in net net33.
[EST-0026] Missing route to pin ANTENNA__15__X/DIODE in net net34.
[EST-0026] Missing route to pin ANTENNA_output34_A/DIODE in net net34.
[EST-0026] Missing route to pin output34/A in net net34.
[EST-0026] Missing route to pin _15_/X in net net34.
[EST-0026] Missing route to pin ANTENNA__15__X/DIODE in net net34.
[EST-0026] Missing route to pin ANTENNA_output34_A/DIODE in net net34.
[EST-0026] Missing route to pin output34/A in net net34.
[EST-0026] Missing route to pin _15_/X in net net34.
[EST-0026] Missing route to pin ANTENNA__15__X/DIODE in net net34.
[EST-0026] Missing route to pin ANTENNA_output34_A/DIODE in net net34.
[EST-0026] Missing route to pin output34/A in net net34.
[EST-0026] Missing route to pin _15_/X in net net34.
[EST-0026] Missing route to pin _16_/X in net gpio_out_o[16].
[EST-0026] Missing route to pin _16_/X in net gpio_out_o[16].
[EST-0026] Missing route to pin _16_/X in net gpio_out_o[16].
[EST-0026] Missing route to pin _17_/X in net gpio_out_o[17].
[EST-0026] Missing route to pin _17_/X in net gpio_out_o[17].
[EST-0026] Missing route to pin _17_/X in net gpio_out_o[17].
[EST-0026] Missing route to pin _18_/X in net gpio_out_o[18].
[EST-0026] Missing route to pin _18_/X in net gpio_out_o[18].
[EST-0026] Missing route to pin _18_/X in net gpio_out_o[18].
[EST-0026] Missing route to pin _19_/X in net gpio_out_o[19].
[EST-0026] Missing route to pin _19_/X in net gpio_out_o[19].
[EST-0026] Missing route to pin _19_/X in net gpio_out_o[19].
[EST-0026] Missing route to pin ANTENNA__01__X/DIODE in net net35.
[EST-0026] Missing route to pin ANTENNA_output35_A/DIODE in net net35.
[EST-0026] Missing route to pin output35/A in net net35.
[EST-0026] Missing route to pin _01_/X in net net35.
[EST-0026] Missing route to pin ANTENNA__01__X/DIODE in net net35.
[EST-0026] Missing route to pin ANTENNA_output35_A/DIODE in net net35.
[EST-0026] Missing route to pin output35/A in net net35.
[EST-0026] Missing route to pin _01_/X in net net35.
[EST-0026] Missing route to pin ANTENNA__01__X/DIODE in net net35.
[EST-0026] Missing route to pin ANTENNA_output35_A/DIODE in net net35.
[EST-0026] Missing route to pin output35/A in net net35.
[EST-0026] Missing route to pin _01_/X in net net35.
[EST-0026] Missing route to pin _20_/X in net gpio_out_o[20].
[EST-0026] Missing route to pin gpio_out_o[20] in net gpio_out_o[20].
[EST-0026] Missing route to pin _20_/X in net gpio_out_o[20].
[EST-0026] Missing route to pin gpio_out_o[20] in net gpio_out_o[20].
[EST-0026] Missing route to pin _20_/X in net gpio_out_o[20].
[EST-0026] Missing route to pin gpio_out_o[20] in net gpio_out_o[20].
[EST-0026] Missing route to pin _21_/X in net gpio_out_o[21].
[EST-0026] Missing route to pin _21_/X in net gpio_out_o[21].
[EST-0026] Missing route to pin _21_/X in net gpio_out_o[21].
[EST-0026] Missing route to pin _22_/X in net gpio_out_o[22].
[EST-0026] Missing route to pin _22_/X in net gpio_out_o[22].
[EST-0026] Missing route to pin _22_/X in net gpio_out_o[22].
[EST-0026] Missing route to pin _23_/X in net gpio_out_o[23].
[EST-0026] Missing route to pin _23_/X in net gpio_out_o[23].
[EST-0026] Missing route to pin _23_/X in net gpio_out_o[23].
[EST-0026] Missing route to pin _24_/X in net gpio_out_o[24].
[EST-0026] Missing route to pin _24_/X in net gpio_out_o[24].
[EST-0026] Missing route to pin _24_/X in net gpio_out_o[24].
[EST-0026] Missing route to pin _25_/X in net gpio_out_o[25].
[EST-0026] Missing route to pin _25_/X in net gpio_out_o[25].
[EST-0026] Missing route to pin _25_/X in net gpio_out_o[25].
[EST-0026] Missing route to pin _26_/X in net gpio_out_o[26].
[EST-0026] Missing route to pin _26_/X in net gpio_out_o[26].
[EST-0026] Missing route to pin _26_/X in net gpio_out_o[26].
[EST-0026] Missing route to pin _27_/X in net gpio_out_o[27].
[EST-0026] Missing route to pin gpio_out_o[27] in net gpio_out_o[27].
[EST-0026] Missing route to pin _27_/X in net gpio_out_o[27].
[EST-0026] Missing route to pin gpio_out_o[27] in net gpio_out_o[27].
[EST-0026] Missing route to pin _27_/X in net gpio_out_o[27].
[EST-0026] Missing route to pin gpio_out_o[27] in net gpio_out_o[27].
[EST-0026] Missing route to pin _28_/X in net gpio_out_o[28].
[EST-0026] Missing route to pin _28_/X in net gpio_out_o[28].
[EST-0026] Missing route to pin _28_/X in net gpio_out_o[28].
[EST-0026] Missing route to pin _29_/X in net gpio_out_o[29].
[EST-0026] Missing route to pin gpio_out_o[29] in net gpio_out_o[29].
[EST-0026] Missing route to pin _29_/X in net gpio_out_o[29].
[EST-0026] Missing route to pin gpio_out_o[29] in net gpio_out_o[29].
[EST-0026] Missing route to pin _29_/X in net gpio_out_o[29].
[EST-0026] Missing route to pin gpio_out_o[29] in net gpio_out_o[29].
[EST-0026] Missing route to pin ANTENNA_8/DIODE in net net36.
[EST-0026] Missing route to pin ANTENNA_7/DIODE in net net36.
[EST-0026] Missing route to pin ANTENNA_6/DIODE in net net36.
[EST-0026] Missing route to pin ANTENNA_5/DIODE in net net36.
[EST-0026] Missing route to pin ANTENNA_4/DIODE in net net36.
[EST-0026] Missing route to pin ANTENNA_3/DIODE in net net36.
[EST-0026] Missing route to pin ANTENNA_2/DIODE in net net36.
[EST-0026] Missing route to pin ANTENNA_1/DIODE in net net36.
[EST-0026] Missing route to pin ANTENNA__02__X/DIODE in net net36.
[EST-0026] Missing route to pin ANTENNA_output36_A/DIODE in net net36.
[EST-0026] Missing route to pin output36/A in net net36.
[EST-0026] Missing route to pin _02_/X in net net36.
[EST-0026] Missing route to pin ANTENNA_8/DIODE in net net36.
[EST-0026] Missing route to pin ANTENNA_7/DIODE in net net36.
[EST-0026] Missing route to pin ANTENNA_6/DIODE in net net36.
[EST-0026] Missing route to pin ANTENNA_5/DIODE in net net36.
[EST-0026] Missing route to pin ANTENNA_4/DIODE in net net36.
[EST-0026] Missing route to pin ANTENNA_3/DIODE in net net36.
[EST-0026] Missing route to pin ANTENNA_2/DIODE in net net36.
[EST-0026] Missing route to pin ANTENNA_1/DIODE in net net36.
[EST-0026] Missing route to pin ANTENNA__02__X/DIODE in net net36.
[EST-0026] Missing route to pin ANTENNA_output36_A/DIODE in net net36.
[EST-0026] Missing route to pin output36/A in net net36.
[EST-0026] Missing route to pin _02_/X in net net36.
[EST-0026] Missing route to pin ANTENNA_8/DIODE in net net36.
[EST-0026] Missing route to pin ANTENNA_7/DIODE in net net36.
[EST-0026] Missing route to pin ANTENNA_6/DIODE in net net36.
[EST-0026] Missing route to pin ANTENNA_5/DIODE in net net36.
[EST-0026] Missing route to pin ANTENNA_4/DIODE in net net36.
[EST-0026] Missing route to pin ANTENNA_3/DIODE in net net36.
[EST-0026] Missing route to pin ANTENNA_2/DIODE in net net36.
[EST-0026] Missing route to pin ANTENNA_1/DIODE in net net36.
[EST-0026] Missing route to pin ANTENNA__02__X/DIODE in net net36.
[EST-0026] Missing route to pin ANTENNA_output36_A/DIODE in net net36.
[EST-0026] Missing route to pin output36/A in net net36.
[EST-0026] Missing route to pin _02_/X in net net36.
[EST-0026] Missing route to pin _30_/X in net gpio_out_o[30].
[EST-0026] Missing route to pin _30_/X in net gpio_out_o[30].
[EST-0026] Missing route to pin _30_/X in net gpio_out_o[30].
[EST-0026] Missing route to pin _31_/X in net gpio_out_o[31].
[EST-0026] Missing route to pin _31_/X in net gpio_out_o[31].
[EST-0026] Missing route to pin _31_/X in net gpio_out_o[31].
[EST-0026] Missing route to pin ANTENNA__03__X/DIODE in net net37.
[EST-0026] Missing route to pin ANTENNA_output37_A/DIODE in net net37.
[EST-0026] Missing route to pin output37/A in net net37.
[EST-0026] Missing route to pin _03_/X in net net37.
[EST-0026] Missing route to pin ANTENNA__03__X/DIODE in net net37.
[EST-0026] Missing route to pin ANTENNA_output37_A/DIODE in net net37.
[EST-0026] Missing route to pin output37/A in net net37.
[EST-0026] Missing route to pin _03_/X in net net37.
[EST-0026] Missing route to pin ANTENNA__03__X/DIODE in net net37.
[EST-0026] Missing route to pin ANTENNA_output37_A/DIODE in net net37.
[EST-0026] Missing route to pin output37/A in net net37.
[EST-0026] Missing route to pin _03_/X in net net37.
[EST-0026] Missing route to pin ANTENNA__04__X/DIODE in net net38.
[EST-0026] Missing route to pin ANTENNA_output38_A/DIODE in net net38.
[EST-0026] Missing route to pin output38/A in net net38.
[EST-0026] Missing route to pin _04_/X in net net38.
[EST-0026] Missing route to pin ANTENNA__04__X/DIODE in net net38.
[EST-0026] Missing route to pin ANTENNA_output38_A/DIODE in net net38.
[EST-0026] Missing route to pin output38/A in net net38.
[EST-0026] Missing route to pin _04_/X in net net38.
[EST-0026] Missing route to pin ANTENNA__04__X/DIODE in net net38.
[EST-0026] Missing route to pin ANTENNA_output38_A/DIODE in net net38.
[EST-0026] Missing route to pin output38/A in net net38.
[EST-0026] Missing route to pin _04_/X in net net38.
[EST-0026] Missing route to pin ANTENNA__05__X/DIODE in net net39.
[EST-0026] Missing route to pin ANTENNA_output39_A/DIODE in net net39.
[EST-0026] Missing route to pin output39/A in net net39.
[EST-0026] Missing route to pin _05_/X in net net39.
[EST-0026] Missing route to pin ANTENNA__05__X/DIODE in net net39.
[EST-0026] Missing route to pin ANTENNA_output39_A/DIODE in net net39.
[EST-0026] Missing route to pin output39/A in net net39.
[EST-0026] Missing route to pin _05_/X in net net39.
[EST-0026] Missing route to pin ANTENNA__05__X/DIODE in net net39.
[EST-0026] Missing route to pin ANTENNA_output39_A/DIODE in net net39.
[EST-0026] Missing route to pin output39/A in net net39.
[EST-0026] Missing route to pin _05_/X in net net39.
[EST-0026] Missing route to pin ANTENNA__06__X/DIODE in net net40.
[EST-0026] Missing route to pin ANTENNA_output40_A/DIODE in net net40.
[EST-0026] Missing route to pin output40/A in net net40.
[EST-0026] Missing route to pin _06_/X in net net40.
[EST-0026] Missing route to pin ANTENNA__06__X/DIODE in net net40.
[EST-0026] Missing route to pin ANTENNA_output40_A/DIODE in net net40.
[EST-0026] Missing route to pin output40/A in net net40.
[EST-0026] Missing route to pin _06_/X in net net40.
[EST-0026] Missing route to pin ANTENNA__06__X/DIODE in net net40.
[EST-0026] Missing route to pin ANTENNA_output40_A/DIODE in net net40.
[EST-0026] Missing route to pin output40/A in net net40.
[EST-0026] Missing route to pin _06_/X in net net40.
[EST-0026] Missing route to pin ANTENNA__07__X/DIODE in net net41.
[EST-0026] Missing route to pin ANTENNA_output41_A/DIODE in net net41.
[EST-0026] Missing route to pin output41/A in net net41.
[EST-0026] Missing route to pin _07_/X in net net41.
[EST-0026] Missing route to pin ANTENNA__07__X/DIODE in net net41.
[EST-0026] Missing route to pin ANTENNA_output41_A/DIODE in net net41.
[EST-0026] Missing route to pin output41/A in net net41.
[EST-0026] Missing route to pin _07_/X in net net41.
[EST-0026] Missing route to pin ANTENNA__07__X/DIODE in net net41.
[EST-0026] Missing route to pin ANTENNA_output41_A/DIODE in net net41.
[EST-0026] Missing route to pin output41/A in net net41.
[EST-0026] Missing route to pin _07_/X in net net41.
[EST-0026] Missing route to pin ANTENNA__08__X/DIODE in net net42.
[EST-0026] Missing route to pin ANTENNA_output42_A/DIODE in net net42.
[EST-0026] Missing route to pin output42/A in net net42.
[EST-0026] Missing route to pin _08_/X in net net42.
[EST-0026] Missing route to pin ANTENNA__08__X/DIODE in net net42.
[EST-0026] Missing route to pin ANTENNA_output42_A/DIODE in net net42.
[EST-0026] Missing route to pin output42/A in net net42.
[EST-0026] Missing route to pin _08_/X in net net42.
[EST-0026] Missing route to pin ANTENNA__08__X/DIODE in net net42.
[EST-0026] Missing route to pin ANTENNA_output42_A/DIODE in net net42.
[EST-0026] Missing route to pin output42/A in net net42.
[EST-0026] Missing route to pin _08_/X in net net42.
[EST-0026] Missing route to pin ANTENNA__09__X/DIODE in net net43.
[EST-0026] Missing route to pin ANTENNA_output43_A/DIODE in net net43.
[EST-0026] Missing route to pin output43/A in net net43.
[EST-0026] Missing route to pin _09_/X in net net43.
[EST-0026] Missing route to pin ANTENNA__09__X/DIODE in net net43.
[EST-0026] Missing route to pin ANTENNA_output43_A/DIODE in net net43.
[EST-0026] Missing route to pin output43/A in net net43.
[EST-0026] Missing route to pin _09_/X in net net43.
[EST-0026] Missing route to pin ANTENNA__09__X/DIODE in net net43.
[EST-0026] Missing route to pin ANTENNA_output43_A/DIODE in net net43.
[EST-0026] Missing route to pin output43/A in net net43.
[EST-0026] Missing route to pin _09_/X in net net43.
[EST-0026] Missing route to pin ANTENNA_i_soc.i_i2c._0746__A1/DIODE in net net44.
[EST-0026] Missing route to pin ANTENNA_i_soc.i_i2c._0980__Q/DIODE in net net44.
[EST-0026] Missing route to pin ANTENNA_output44_A/DIODE in net net44.
[EST-0026] Missing route to pin output44/A in net net44.
[EST-0026] Missing route to pin i_soc.i_i2c._0980_/Q in net net44.
[EST-0026] Missing route to pin i_soc.i_i2c._0746_/A1 in net net44.
[EST-0026] Missing route to pin ANTENNA_i_soc.i_i2c._0746__A1/DIODE in net net44.
[EST-0026] Missing route to pin ANTENNA_i_soc.i_i2c._0980__Q/DIODE in net net44.
[EST-0026] Missing route to pin ANTENNA_output44_A/DIODE in net net44.
[EST-0026] Missing route to pin output44/A in net net44.
[EST-0026] Missing route to pin i_soc.i_i2c._0980_/Q in net net44.
[EST-0026] Missing route to pin i_soc.i_i2c._0746_/A1 in net net44.
[EST-0026] Missing route to pin ANTENNA_i_soc.i_i2c._0746__A1/DIODE in net net44.
[EST-0026] Missing route to pin ANTENNA_i_soc.i_i2c._0980__Q/DIODE in net net44.
[EST-0026] Missing route to pin ANTENNA_output44_A/DIODE in net net44.
[EST-0026] Missing route to pin output44/A in net net44.
[EST-0026] Missing route to pin i_soc.i_i2c._0980_/Q in net net44.
[EST-0026] Missing route to pin i_soc.i_i2c._0746_/A1 in net net44.
[EST-0026] Missing route to pin ANTENNA_input17_X/DIODE in net net17.
[EST-0026] Missing route to pin ANTENNA_hold9291_A/DIODE in net net17.
[EST-0026] Missing route to pin hold9291/A in net net17.
[EST-0026] Missing route to pin input17/X in net net17.
[EST-0026] Missing route to pin ANTENNA_input17_X/DIODE in net net17.
[EST-0026] Missing route to pin ANTENNA_hold9291_A/DIODE in net net17.
[EST-0026] Missing route to pin hold9291/A in net net17.
[EST-0026] Missing route to pin input17/X in net net17.
[EST-0026] Missing route to pin ANTENNA_input17_X/DIODE in net net17.
[EST-0026] Missing route to pin ANTENNA_hold9291_A/DIODE in net net17.
[EST-0026] Missing route to pin hold9291/A in net net17.
[EST-0026] Missing route to pin input17/X in net net17.
[EST-0026] Missing route to pin ANTENNA_i_soc.i_i2c._0753__A1/DIODE in net net45.
[EST-0026] Missing route to pin ANTENNA_i_soc.i_i2c._0981__Q/DIODE in net net45.
[EST-0026] Missing route to pin ANTENNA_output45_A/DIODE in net net45.
[EST-0026] Missing route to pin output45/A in net net45.
[EST-0026] Missing route to pin i_soc.i_i2c._0981_/Q in net net45.
[EST-0026] Missing route to pin i_soc.i_i2c._0753_/A1 in net net45.
[EST-0026] Missing route to pin ANTENNA_i_soc.i_i2c._0753__A1/DIODE in net net45.
[EST-0026] Missing route to pin ANTENNA_i_soc.i_i2c._0981__Q/DIODE in net net45.
[EST-0026] Missing route to pin ANTENNA_output45_A/DIODE in net net45.
[EST-0026] Missing route to pin output45/A in net net45.
[EST-0026] Missing route to pin i_soc.i_i2c._0981_/Q in net net45.
[EST-0026] Missing route to pin i_soc.i_i2c._0753_/A1 in net net45.
[EST-0026] Missing route to pin ANTENNA_i_soc.i_i2c._0753__A1/DIODE in net net45.
[EST-0026] Missing route to pin ANTENNA_i_soc.i_i2c._0981__Q/DIODE in net net45.
[EST-0026] Missing route to pin ANTENNA_output45_A/DIODE in net net45.
[EST-0026] Missing route to pin output45/A in net net45.
[EST-0026] Missing route to pin i_soc.i_i2c._0981_/Q in net net45.
[EST-0026] Missing route to pin i_soc.i_i2c._0753_/A1 in net net45.
[EST-0026] Missing route to pin i_soc.i_cpu.core_i.if_stage_i._620_/A1 in net net8570.
[EST-0026] Missing route to pin i_soc.i_cpu.core_i.if_stage_i._620__8571/HI in net net8570.
[EST-0026] Missing route to pin i_soc.i_cpu.core_i.if_stage_i._620_/A1 in net net8570.
[EST-0026] Missing route to pin i_soc.i_cpu.core_i.if_stage_i._620__8571/HI in net net8570.
[EST-0026] Missing route to pin i_soc.i_cpu.core_i.if_stage_i._620_/A1 in net net8570.
[EST-0026] Missing route to pin i_soc.i_cpu.core_i.if_stage_i._620__8571/HI in net net8570.
[EST-0026] Missing route to pin i_soc.i_cpu.core_i.if_stage_i._620_/B2 in net net8572.
[EST-0026] Missing route to pin i_soc.i_cpu.core_i.if_stage_i._620__8573/HI in net net8572.
[EST-0026] Missing route to pin i_soc.i_cpu.core_i.if_stage_i._620_/B2 in net net8572.
[EST-0026] Missing route to pin i_soc.i_cpu.core_i.if_stage_i._620__8573/HI in net net8572.
[EST-0026] Missing route to pin i_soc.i_cpu.core_i.if_stage_i._620_/B2 in net net8572.
[EST-0026] Missing route to pin i_soc.i_cpu.core_i.if_stage_i._620__8573/HI in net net8572.
[EST-0026] Missing route to pin i_soc.i_cpu.core_i.cs_registers_i._2756_/A1 in net net8574.
[EST-0026] Missing route to pin i_soc.i_cpu.core_i.cs_registers_i._2756__8575/HI in net net8574.
[EST-0026] Missing route to pin i_soc.i_cpu.core_i.cs_registers_i._2756_/A1 in net net8574.
[EST-0026] Missing route to pin i_soc.i_cpu.core_i.cs_registers_i._2756__8575/HI in net net8574.
[EST-0026] Missing route to pin i_soc.i_cpu.core_i.cs_registers_i._2756_/A1 in net net8574.
[EST-0026] Missing route to pin i_soc.i_cpu.core_i.cs_registers_i._2756__8575/HI in net net8574.
[EST-0026] Missing route to pin i_soc.i_dm_top.i_dm_csrs._1635_/A1 in net net8575.
[EST-0026] Missing route to pin i_soc.i_dm_top.i_dm_csrs._1635__8576/HI in net net8575.
[EST-0026] Missing route to pin i_soc.i_dm_top.i_dm_csrs._1635_/A1 in net net8575.
[EST-0026] Missing route to pin i_soc.i_dm_top.i_dm_csrs._1635__8576/HI in net net8575.
[EST-0026] Missing route to pin i_soc.i_dm_top.i_dm_csrs._1635_/A1 in net net8575.
[EST-0026] Missing route to pin i_soc.i_dm_top.i_dm_csrs._1635__8576/HI in net net8575.
[EST-0026] Missing route to pin i_soc.i_dm_top.i_dm_sba._451_/A1 in net net8581.
[EST-0026] Missing route to pin i_soc.i_dm_top.i_dm_sba._451__8582/HI in net net8581.
[EST-0026] Missing route to pin i_soc.i_dm_top.i_dm_sba._451_/A1 in net net8581.
[EST-0026] Missing route to pin i_soc.i_dm_top.i_dm_sba._451__8582/HI in net net8581.
[EST-0026] Missing route to pin i_soc.i_dm_top.i_dm_sba._451_/A1 in net net8581.
[EST-0026] Missing route to pin i_soc.i_dm_top.i_dm_sba._451__8582/HI in net net8581.
[EST-0026] Missing route to pin i_soc.i_dm_top.i_dm_sba._199_/A1 in net net8582.
[EST-0026] Missing route to pin i_soc.i_dm_top.i_dm_sba._199__8583/HI in net net8582.
[EST-0026] Missing route to pin i_soc.i_dm_top.i_dm_sba._199_/A1 in net net8582.
[EST-0026] Missing route to pin i_soc.i_dm_top.i_dm_sba._199__8583/HI in net net8582.
[EST-0026] Missing route to pin i_soc.i_dm_top.i_dm_sba._199_/A1 in net net8582.
[EST-0026] Missing route to pin i_soc.i_dm_top.i_dm_sba._199__8583/HI in net net8582.
[EST-0026] Missing route to pin i_soc.i_ai_accel.u_conv_w_mem_8584/HI in net net8583.
[EST-0026] Missing route to pin i_soc.i_ai_accel.u_conv_w_mem_8584/HI in net net8583.
[EST-0026] Missing route to pin i_soc.i_ai_accel.u_conv_w_mem_8584/HI in net net8583.
[EST-0026] Missing route to pin i_soc.i_cpu.core_i.if_stage_i._480_/A1 in net net7794.
[EST-0026] Missing route to pin i_soc.i_cpu.core_i.if_stage_i._480__7795/LO in net net7794.
[EST-0026] Missing route to pin i_soc.i_cpu.core_i.if_stage_i._480_/A1 in net net7794.
[EST-0026] Missing route to pin i_soc.i_cpu.core_i.if_stage_i._480__7795/LO in net net7794.
[EST-0026] Missing route to pin i_soc.i_cpu.core_i.if_stage_i._480_/A1 in net net7794.
[EST-0026] Missing route to pin i_soc.i_cpu.core_i.if_stage_i._480__7795/LO in net net7794.
[EST-0026] Missing route to pin i_soc.i_cpu.core_i.if_stage_i._483_/A1 in net net7795.
[EST-0026] Missing route to pin i_soc.i_cpu.core_i.if_stage_i._483__7796/LO in net net7795.
[EST-0026] Missing route to pin i_soc.i_cpu.core_i.if_stage_i._483_/A1 in net net7795.
[EST-0026] Missing route to pin i_soc.i_cpu.core_i.if_stage_i._483__7796/LO in net net7795.
[EST-0026] Missing route to pin i_soc.i_cpu.core_i.if_stage_i._483_/A1 in net net7795.
[EST-0026] Missing route to pin i_soc.i_cpu.core_i.if_stage_i._483__7796/LO in net net7795.
[EST-0026] Missing route to pin i_soc.i_cpu.core_i.if_stage_i._499_/B2 in net net7796.
[EST-0026] Missing route to pin i_soc.i_cpu.core_i.if_stage_i._499__7797/LO in net net7796.
[EST-0026] Missing route to pin i_soc.i_cpu.core_i.if_stage_i._499_/B2 in net net7796.
[EST-0026] Missing route to pin i_soc.i_cpu.core_i.if_stage_i._499__7797/LO in net net7796.
[EST-0026] Missing route to pin i_soc.i_cpu.core_i.if_stage_i._499_/B2 in net net7796.
[EST-0026] Missing route to pin i_soc.i_cpu.core_i.if_stage_i._499__7797/LO in net net7796.
[EST-0026] Missing route to pin i_soc.i_cpu.core_i.if_stage_i._509_/A1 in net net7797.
[EST-0026] Missing route to pin i_soc.i_cpu.core_i.if_stage_i._509__7798/LO in net net7797.
[EST-0026] Missing route to pin i_soc.i_cpu.core_i.if_stage_i._509_/A1 in net net7797.
[EST-0026] Missing route to pin i_soc.i_cpu.core_i.if_stage_i._509__7798/LO in net net7797.
[EST-0026] Missing route to pin i_soc.i_cpu.core_i.if_stage_i._509_/A1 in net net7797.
[EST-0026] Missing route to pin i_soc.i_cpu.core_i.if_stage_i._509__7798/LO in net net7797.
[EST-0026] Missing route to pin i_soc.i_cpu.core_i.if_stage_i._568_/B2 in net net7802.
[EST-0026] Missing route to pin i_soc.i_cpu.core_i.if_stage_i._568__7803/LO in net net7802.
[EST-0026] Missing route to pin i_soc.i_cpu.core_i.if_stage_i._568_/B2 in net net7802.
[EST-0026] Missing route to pin i_soc.i_cpu.core_i.if_stage_i._568__7803/LO in net net7802.
[EST-0026] Missing route to pin i_soc.i_cpu.core_i.if_stage_i._568_/B2 in net net7802.
[EST-0026] Missing route to pin i_soc.i_cpu.core_i.if_stage_i._568__7803/LO in net net7802.
[EST-0026] Missing route to pin i_soc.i_cpu.core_i.if_stage_i._569_/A in net net7803.
[EST-0026] Missing route to pin i_soc.i_cpu.core_i.if_stage_i._569__7804/LO in net net7803.
[EST-0026] Missing route to pin i_soc.i_cpu.core_i.if_stage_i._569_/A in net net7803.
[EST-0026] Missing route to pin i_soc.i_cpu.core_i.if_stage_i._569__7804/LO in net net7803.
[EST-0026] Missing route to pin i_soc.i_cpu.core_i.if_stage_i._569_/A in net net7803.
[EST-0026] Missing route to pin i_soc.i_cpu.core_i.if_stage_i._569__7804/LO in net net7803.
[EST-0026] Missing route to pin i_soc.i_cpu.core_i.if_stage_i._592_/B2 in net net7804.
[EST-0026] Missing route to pin i_soc.i_cpu.core_i.if_stage_i._592__7805/LO in net net7804.
[EST-0026] Missing route to pin i_soc.i_cpu.core_i.if_stage_i._592_/B2 in net net7804.
[EST-0026] Missing route to pin i_soc.i_cpu.core_i.if_stage_i._592__7805/LO in net net7804.
[EST-0026] Missing route to pin i_soc.i_cpu.core_i.if_stage_i._592_/B2 in net net7804.
[EST-0026] Missing route to pin i_soc.i_cpu.core_i.if_stage_i._592__7805/LO in net net7804.
[EST-0026] Missing route to pin i_soc.i_cpu.core_i.if_stage_i._603_/B2 in net net7805.
[EST-0026] Missing route to pin i_soc.i_cpu.core_i.if_stage_i._603__7806/LO in net net7805.
[EST-0026] Missing route to pin i_soc.i_cpu.core_i.if_stage_i._603_/B2 in net net7805.
[EST-0026] Missing route to pin i_soc.i_cpu.core_i.if_stage_i._603__7806/LO in net net7805.
[EST-0026] Missing route to pin i_soc.i_cpu.core_i.if_stage_i._603_/B2 in net net7805.
[EST-0026] Missing route to pin i_soc.i_cpu.core_i.if_stage_i._603__7806/LO in net net7805.
[EST-0026] Missing route to pin i_soc.i_cpu.core_i.if_stage_i._615_/B2 in net net7806.
[EST-0026] Missing route to pin i_soc.i_cpu.core_i.if_stage_i._615__7807/LO in net net7806.
[EST-0026] Missing route to pin i_soc.i_cpu.core_i.if_stage_i._615_/B2 in net net7806.
[EST-0026] Missing route to pin i_soc.i_cpu.core_i.if_stage_i._615__7807/LO in net net7806.
[EST-0026] Missing route to pin i_soc.i_cpu.core_i.if_stage_i._615_/B2 in net net7806.
[EST-0026] Missing route to pin i_soc.i_cpu.core_i.if_stage_i._615__7807/LO in net net7806.
[EST-0026] Missing route to pin i_soc.i_cpu.core_i.if_stage_i._625_/B2 in net net7807.
[EST-0026] Missing route to pin i_soc.i_cpu.core_i.if_stage_i._625__7808/LO in net net7807.
[EST-0026] Missing route to pin i_soc.i_cpu.core_i.if_stage_i._625_/B2 in net net7807.
[EST-0026] Missing route to pin i_soc.i_cpu.core_i.if_stage_i._625__7808/LO in net net7807.
[EST-0026] Missing route to pin i_soc.i_cpu.core_i.if_stage_i._625_/B2 in net net7807.
[EST-0026] Missing route to pin i_soc.i_cpu.core_i.if_stage_i._625__7808/LO in net net7807.
[EST-0026] Missing route to pin i_soc.i_cpu.core_i.if_stage_i._637_/B2 in net net7808.
[EST-0026] Missing route to pin i_soc.i_cpu.core_i.if_stage_i._637__7809/LO in net net7808.
[EST-0026] Missing route to pin i_soc.i_cpu.core_i.if_stage_i._637_/B2 in net net7808.
[EST-0026] Missing route to pin i_soc.i_cpu.core_i.if_stage_i._637__7809/LO in net net7808.
[EST-0026] Missing route to pin i_soc.i_cpu.core_i.if_stage_i._637_/B2 in net net7808.
[EST-0026] Missing route to pin i_soc.i_cpu.core_i.if_stage_i._637__7809/LO in net net7808.
[EST-0026] Missing route to pin i_soc.i_cpu.core_i.if_stage_i._661_/B2 in net net7810.
[EST-0026] Missing route to pin i_soc.i_cpu.core_i.if_stage_i._661__7811/LO in net net7810.
[EST-0026] Missing route to pin i_soc.i_cpu.core_i.if_stage_i._661_/B2 in net net7810.
[EST-0026] Missing route to pin i_soc.i_cpu.core_i.if_stage_i._661__7811/LO in net net7810.
[EST-0026] Missing route to pin i_soc.i_cpu.core_i.if_stage_i._661_/B2 in net net7810.
[EST-0026] Missing route to pin i_soc.i_cpu.core_i.if_stage_i._661__7811/LO in net net7810.
[EST-0026] Missing route to pin i_soc.i_cpu.core_i.if_stage_i._685_/B2 in net net7812.
[EST-0026] Missing route to pin i_soc.i_cpu.core_i.if_stage_i._685__7813/LO in net net7812.
[EST-0026] Missing route to pin i_soc.i_cpu.core_i.if_stage_i._685_/B2 in net net7812.
[EST-0026] Missing route to pin i_soc.i_cpu.core_i.if_stage_i._685__7813/LO in net net7812.
[EST-0026] Missing route to pin i_soc.i_cpu.core_i.if_stage_i._685_/B2 in net net7812.
[EST-0026] Missing route to pin i_soc.i_cpu.core_i.if_stage_i._685__7813/LO in net net7812.
[EST-0026] Missing route to pin i_soc.i_cpu.core_i.if_stage_i._711_/B2 in net net7814.
[EST-0026] Missing route to pin i_soc.i_cpu.core_i.if_stage_i._711__7815/LO in net net7814.
[EST-0026] Missing route to pin i_soc.i_cpu.core_i.if_stage_i._711_/B2 in net net7814.
[EST-0026] Missing route to pin i_soc.i_cpu.core_i.if_stage_i._711__7815/LO in net net7814.
[EST-0026] Missing route to pin i_soc.i_cpu.core_i.if_stage_i._711_/B2 in net net7814.
[EST-0026] Missing route to pin i_soc.i_cpu.core_i.if_stage_i._711__7815/LO in net net7814.
[EST-0026] Missing route to pin i_soc.i_cpu.core_i.if_stage_i._732_/B2 in net net7816.
[EST-0026] Missing route to pin i_soc.i_cpu.core_i.if_stage_i._732__7817/LO in net net7816.
[EST-0026] Missing route to pin i_soc.i_cpu.core_i.if_stage_i._732_/B2 in net net7816.
[EST-0026] Missing route to pin i_soc.i_cpu.core_i.if_stage_i._732__7817/LO in net net7816.
[EST-0026] Missing route to pin i_soc.i_cpu.core_i.if_stage_i._732_/B2 in net net7816.
[EST-0026] Missing route to pin i_soc.i_cpu.core_i.if_stage_i._732__7817/LO in net net7816.
[EST-0026] Missing route to pin i_soc.i_cpu.core_i.if_stage_i._744_/B2 in net net7817.
[EST-0026] Missing route to pin i_soc.i_cpu.core_i.if_stage_i._744__7818/LO in net net7817.
[EST-0026] Missing route to pin i_soc.i_cpu.core_i.if_stage_i._744_/B2 in net net7817.
[EST-0026] Missing route to pin i_soc.i_cpu.core_i.if_stage_i._744__7818/LO in net net7817.
[EST-0026] Missing route to pin i_soc.i_cpu.core_i.if_stage_i._744_/B2 in net net7817.
[EST-0026] Missing route to pin i_soc.i_cpu.core_i.if_stage_i._744__7818/LO in net net7817.
[EST-0026] Missing route to pin i_soc.i_cpu.core_i.if_stage_i._452_/A1 in net net7822.
[EST-0026] Missing route to pin i_soc.i_cpu.core_i.if_stage_i._452__7823/LO in net net7822.
[EST-0026] Missing route to pin i_soc.i_cpu.core_i.if_stage_i._452_/A1 in net net7822.
[EST-0026] Missing route to pin i_soc.i_cpu.core_i.if_stage_i._452__7823/LO in net net7822.
[EST-0026] Missing route to pin i_soc.i_cpu.core_i.if_stage_i._452_/A1 in net net7822.
[EST-0026] Missing route to pin i_soc.i_cpu.core_i.if_stage_i._452__7823/LO in net net7822.
[EST-0026] Missing route to pin i_soc.i_cpu.core_i.if_stage_i._486_/A1 in net net7824.
[EST-0026] Missing route to pin i_soc.i_cpu.core_i.if_stage_i._486__7825/LO in net net7824.
[EST-0026] Missing route to pin i_soc.i_cpu.core_i.if_stage_i._486_/A1 in net net7824.
[EST-0026] Missing route to pin i_soc.i_cpu.core_i.if_stage_i._486__7825/LO in net net7824.
[EST-0026] Missing route to pin i_soc.i_cpu.core_i.if_stage_i._486_/A1 in net net7824.
[EST-0026] Missing route to pin i_soc.i_cpu.core_i.if_stage_i._486__7825/LO in net net7824.
[EST-0026] Missing route to pin i_soc.i_cpu.core_i.if_stage_i._551_/A1 in net net7829.
[EST-0026] Missing route to pin i_soc.i_cpu.core_i.if_stage_i._551__7830/LO in net net7829.
[EST-0026] Missing route to pin i_soc.i_cpu.core_i.if_stage_i._551_/A1 in net net7829.
[EST-0026] Missing route to pin i_soc.i_cpu.core_i.if_stage_i._551__7830/LO in net net7829.
[EST-0026] Missing route to pin i_soc.i_cpu.core_i.if_stage_i._551_/A1 in net net7829.
[EST-0026] Missing route to pin i_soc.i_cpu.core_i.if_stage_i._551__7830/LO in net net7829.
[EST-0026] Missing route to pin i_soc.i_cpu.core_i.if_stage_i._574_/A1 in net net7831.
[EST-0026] Missing route to pin i_soc.i_cpu.core_i.if_stage_i._574__7832/LO in net net7831.
[EST-0026] Missing route to pin i_soc.i_cpu.core_i.if_stage_i._574_/A1 in net net7831.
[EST-0026] Missing route to pin i_soc.i_cpu.core_i.if_stage_i._574__7832/LO in net net7831.
[EST-0026] Missing route to pin i_soc.i_cpu.core_i.if_stage_i._574_/A1 in net net7831.
[EST-0026] Missing route to pin i_soc.i_cpu.core_i.if_stage_i._574__7832/LO in net net7831.
[EST-0026] Missing route to pin i_soc.i_cpu.core_i.if_stage_i._643_/A1 in net net7836.
[EST-0026] Missing route to pin i_soc.i_cpu.core_i.if_stage_i._643__7837/LO in net net7836.
[EST-0026] Missing route to pin i_soc.i_cpu.core_i.if_stage_i._643_/A1 in net net7836.
[EST-0026] Missing route to pin i_soc.i_cpu.core_i.if_stage_i._643__7837/LO in net net7836.
[EST-0026] Missing route to pin i_soc.i_cpu.core_i.if_stage_i._643_/A1 in net net7836.
[EST-0026] Missing route to pin i_soc.i_cpu.core_i.if_stage_i._643__7837/LO in net net7836.
[EST-0026] Missing route to pin i_soc.i_cpu.core_i.if_stage_i._655_/A1 in net net7837.
[EST-0026] Missing route to pin i_soc.i_cpu.core_i.if_stage_i._655__7838/LO in net net7837.
[EST-0026] Missing route to pin i_soc.i_cpu.core_i.if_stage_i._655_/A1 in net net7837.
[EST-0026] Missing route to pin i_soc.i_cpu.core_i.if_stage_i._655__7838/LO in net net7837.
[EST-0026] Missing route to pin i_soc.i_cpu.core_i.if_stage_i._655_/A1 in net net7837.
[EST-0026] Missing route to pin i_soc.i_cpu.core_i.if_stage_i._655__7838/LO in net net7837.
[EST-0026] Missing route to pin i_soc.i_cpu.core_i.if_stage_i._679_/A1 in net net7839.
[EST-0026] Missing route to pin i_soc.i_cpu.core_i.if_stage_i._679__7840/LO in net net7839.
[EST-0026] Missing route to pin i_soc.i_cpu.core_i.if_stage_i._679_/A1 in net net7839.
[EST-0026] Missing route to pin i_soc.i_cpu.core_i.if_stage_i._679__7840/LO in net net7839.
[EST-0026] Missing route to pin i_soc.i_cpu.core_i.if_stage_i._679_/A1 in net net7839.
[EST-0026] Missing route to pin i_soc.i_cpu.core_i.if_stage_i._679__7840/LO in net net7839.
[EST-0026] Missing route to pin i_soc.i_cpu.core_i.if_stage_i._691_/A1 in net net7840.
[EST-0026] Missing route to pin i_soc.i_cpu.core_i.if_stage_i._691__7841/LO in net net7840.
[EST-0026] Missing route to pin i_soc.i_cpu.core_i.if_stage_i._691_/A1 in net net7840.
[EST-0026] Missing route to pin i_soc.i_cpu.core_i.if_stage_i._691__7841/LO in net net7840.
[EST-0026] Missing route to pin i_soc.i_cpu.core_i.if_stage_i._691_/A1 in net net7840.
[EST-0026] Missing route to pin i_soc.i_cpu.core_i.if_stage_i._691__7841/LO in net net7840.
[EST-0026] Missing route to pin i_soc.i_cpu.core_i.if_stage_i._705_/A1 in net net7841.
[EST-0026] Missing route to pin i_soc.i_cpu.core_i.if_stage_i._705__7842/LO in net net7841.
[EST-0026] Missing route to pin i_soc.i_cpu.core_i.if_stage_i._705_/A1 in net net7841.
[EST-0026] Missing route to pin i_soc.i_cpu.core_i.if_stage_i._705__7842/LO in net net7841.
[EST-0026] Missing route to pin i_soc.i_cpu.core_i.if_stage_i._705_/A1 in net net7841.
[EST-0026] Missing route to pin i_soc.i_cpu.core_i.if_stage_i._705__7842/LO in net net7841.
[EST-0026] Missing route to pin i_soc.i_cpu.core_i.if_stage_i._716_/A1 in net net7842.
[EST-0026] Missing route to pin i_soc.i_cpu.core_i.if_stage_i._716__7843/LO in net net7842.
[EST-0026] Missing route to pin i_soc.i_cpu.core_i.if_stage_i._716_/A1 in net net7842.
[EST-0026] Missing route to pin i_soc.i_cpu.core_i.if_stage_i._716__7843/LO in net net7842.
[EST-0026] Missing route to pin i_soc.i_cpu.core_i.if_stage_i._716_/A1 in net net7842.
[EST-0026] Missing route to pin i_soc.i_cpu.core_i.if_stage_i._716__7843/LO in net net7842.
[EST-0026] Missing route to pin i_soc.i_cpu.core_i.if_stage_i._750_/A1 in net net7845.
[EST-0026] Missing route to pin i_soc.i_cpu.core_i.if_stage_i._750__7846/LO in net net7845.
[EST-0026] Missing route to pin i_soc.i_cpu.core_i.if_stage_i._750_/A1 in net net7845.
[EST-0026] Missing route to pin i_soc.i_cpu.core_i.if_stage_i._750__7846/LO in net net7845.
[EST-0026] Missing route to pin i_soc.i_cpu.core_i.if_stage_i._750_/A1 in net net7845.
[EST-0026] Missing route to pin i_soc.i_cpu.core_i.if_stage_i._750__7846/LO in net net7845.
[EST-0026] Missing route to pin i_soc.i_cpu.core_i.if_stage_i._762_/A1 in net net7846.
[EST-0026] Missing route to pin i_soc.i_cpu.core_i.if_stage_i._762__7847/LO in net net7846.
[EST-0026] Missing route to pin i_soc.i_cpu.core_i.if_stage_i._762_/A1 in net net7846.
[EST-0026] Missing route to pin i_soc.i_cpu.core_i.if_stage_i._762__7847/LO in net net7846.
[EST-0026] Missing route to pin i_soc.i_cpu.core_i.if_stage_i._762_/A1 in net net7846.
[EST-0026] Missing route to pin i_soc.i_cpu.core_i.if_stage_i._762__7847/LO in net net7846.
[EST-0026] Missing route to pin i_soc.i_cpu.core_i.if_stage_i._773_/A1 in net net7847.
[EST-0026] Missing route to pin i_soc.i_cpu.core_i.if_stage_i._773__7848/LO in net net7847.
[EST-0026] Missing route to pin i_soc.i_cpu.core_i.if_stage_i._773_/A1 in net net7847.
[EST-0026] Missing route to pin i_soc.i_cpu.core_i.if_stage_i._773__7848/LO in net net7847.
[EST-0026] Missing route to pin i_soc.i_cpu.core_i.if_stage_i._773_/A1 in net net7847.
[EST-0026] Missing route to pin i_soc.i_cpu.core_i.if_stage_i._773__7848/LO in net net7847.
[EST-0026] Missing route to pin i_soc.i_cpu.core_i.if_stage_i._452_/B2 in net net7849.
[EST-0026] Missing route to pin i_soc.i_cpu.core_i.if_stage_i._452__7850/LO in net net7849.
[EST-0026] Missing route to pin i_soc.i_cpu.core_i.if_stage_i._452_/B2 in net net7849.
[EST-0026] Missing route to pin i_soc.i_cpu.core_i.if_stage_i._452__7850/LO in net net7849.
[EST-0026] Missing route to pin i_soc.i_cpu.core_i.if_stage_i._452_/B2 in net net7849.
[EST-0026] Missing route to pin i_soc.i_cpu.core_i.if_stage_i._452__7850/LO in net net7849.
[EST-0026] Missing route to pin i_soc.i_cpu.core_i.if_stage_i._486_/B2 in net net7852.
[EST-0026] Missing route to pin i_soc.i_cpu.core_i.if_stage_i._486__7853/LO in net net7852.
[EST-0026] Missing route to pin i_soc.i_cpu.core_i.if_stage_i._486_/B2 in net net7852.
[EST-0026] Missing route to pin i_soc.i_cpu.core_i.if_stage_i._486__7853/LO in net net7852.
[EST-0026] Missing route to pin i_soc.i_cpu.core_i.if_stage_i._486_/B2 in net net7852.
[EST-0026] Missing route to pin i_soc.i_cpu.core_i.if_stage_i._486__7853/LO in net net7852.
[EST-0026] Missing route to pin i_soc.i_cpu.core_i.if_stage_i._491_/B2 in net net7853.
[EST-0026] Missing route to pin i_soc.i_cpu.core_i.if_stage_i._491__7854/LO in net net7853.
[EST-0026] Missing route to pin i_soc.i_cpu.core_i.if_stage_i._491_/B2 in net net7853.
[EST-0026] Missing route to pin i_soc.i_cpu.core_i.if_stage_i._491__7854/LO in net net7853.
[EST-0026] Missing route to pin i_soc.i_cpu.core_i.if_stage_i._491_/B2 in net net7853.
[EST-0026] Missing route to pin i_soc.i_cpu.core_i.if_stage_i._491__7854/LO in net net7853.
[EST-0026] Missing route to pin i_soc.i_cpu.core_i.if_stage_i._504_/B2 in net net7854.
[EST-0026] Missing route to pin i_soc.i_cpu.core_i.if_stage_i._504__7855/LO in net net7854.
[EST-0026] Missing route to pin i_soc.i_cpu.core_i.if_stage_i._504_/B2 in net net7854.
[EST-0026] Missing route to pin i_soc.i_cpu.core_i.if_stage_i._504__7855/LO in net net7854.
[EST-0026] Missing route to pin i_soc.i_cpu.core_i.if_stage_i._504_/B2 in net net7854.
[EST-0026] Missing route to pin i_soc.i_cpu.core_i.if_stage_i._504__7855/LO in net net7854.
[EST-0026] Missing route to pin i_soc.i_cpu.core_i.if_stage_i._516_/B2 in net net7855.
[EST-0026] Missing route to pin i_soc.i_cpu.core_i.if_stage_i._516__7856/LO in net net7855.
[EST-0026] Missing route to pin i_soc.i_cpu.core_i.if_stage_i._516_/B2 in net net7855.
[EST-0026] Missing route to pin i_soc.i_cpu.core_i.if_stage_i._516__7856/LO in net net7855.
[EST-0026] Missing route to pin i_soc.i_cpu.core_i.if_stage_i._516_/B2 in net net7855.
[EST-0026] Missing route to pin i_soc.i_cpu.core_i.if_stage_i._516__7856/LO in net net7855.
[EST-0026] Missing route to pin i_soc.i_cpu.core_i.if_stage_i._551_/B2 in net net7857.
[EST-0026] Missing route to pin i_soc.i_cpu.core_i.if_stage_i._551__7858/LO in net net7857.
[EST-0026] Missing route to pin i_soc.i_cpu.core_i.if_stage_i._551_/B2 in net net7857.
[EST-0026] Missing route to pin i_soc.i_cpu.core_i.if_stage_i._551__7858/LO in net net7857.
[EST-0026] Missing route to pin i_soc.i_cpu.core_i.if_stage_i._551_/B2 in net net7857.
[EST-0026] Missing route to pin i_soc.i_cpu.core_i.if_stage_i._551__7858/LO in net net7857.
[EST-0026] Missing route to pin i_soc.i_cpu.core_i.if_stage_i._574_/B2 in net net7859.
[EST-0026] Missing route to pin i_soc.i_cpu.core_i.if_stage_i._574__7860/LO in net net7859.
[EST-0026] Missing route to pin i_soc.i_cpu.core_i.if_stage_i._574_/B2 in net net7859.
[EST-0026] Missing route to pin i_soc.i_cpu.core_i.if_stage_i._574__7860/LO in net net7859.
[EST-0026] Missing route to pin i_soc.i_cpu.core_i.if_stage_i._574_/B2 in net net7859.
[EST-0026] Missing route to pin i_soc.i_cpu.core_i.if_stage_i._574__7860/LO in net net7859.
[EST-0026] Missing route to pin i_soc.i_cpu.core_i.if_stage_i._598_/B2 in net net7861.
[EST-0026] Missing route to pin i_soc.i_cpu.core_i.if_stage_i._598__7862/LO in net net7861.
[EST-0026] Missing route to pin i_soc.i_cpu.core_i.if_stage_i._598_/B2 in net net7861.
[EST-0026] Missing route to pin i_soc.i_cpu.core_i.if_stage_i._598__7862/LO in net net7861.
[EST-0026] Missing route to pin i_soc.i_cpu.core_i.if_stage_i._598_/B2 in net net7861.
[EST-0026] Missing route to pin i_soc.i_cpu.core_i.if_stage_i._598__7862/LO in net net7861.
[EST-0026] Missing route to pin i_soc.i_cpu.core_i.if_stage_i._643_/B2 in net net7864.
[EST-0026] Missing route to pin i_soc.i_cpu.core_i.if_stage_i._643__7865/LO in net net7864.
[EST-0026] Missing route to pin i_soc.i_cpu.core_i.if_stage_i._643_/B2 in net net7864.
[EST-0026] Missing route to pin i_soc.i_cpu.core_i.if_stage_i._643__7865/LO in net net7864.
[EST-0026] Missing route to pin i_soc.i_cpu.core_i.if_stage_i._643_/B2 in net net7864.
[EST-0026] Missing route to pin i_soc.i_cpu.core_i.if_stage_i._643__7865/LO in net net7864.
[EST-0026] Missing route to pin i_soc.i_cpu.core_i.if_stage_i._726_/B2 in net net7871.
[EST-0026] Missing route to pin i_soc.i_cpu.core_i.if_stage_i._726__7872/LO in net net7871.
[EST-0026] Missing route to pin i_soc.i_cpu.core_i.if_stage_i._726_/B2 in net net7871.
[EST-0026] Missing route to pin i_soc.i_cpu.core_i.if_stage_i._726__7872/LO in net net7871.
[EST-0026] Missing route to pin i_soc.i_cpu.core_i.if_stage_i._726_/B2 in net net7871.
[EST-0026] Missing route to pin i_soc.i_cpu.core_i.if_stage_i._726__7872/LO in net net7871.
[EST-0026] Missing route to pin i_soc.i_cpu.core_i.if_stage_i._750_/B2 in net net7873.
[EST-0026] Missing route to pin i_soc.i_cpu.core_i.if_stage_i._750__7874/LO in net net7873.
[EST-0026] Missing route to pin i_soc.i_cpu.core_i.if_stage_i._750_/B2 in net net7873.
[EST-0026] Missing route to pin i_soc.i_cpu.core_i.if_stage_i._750__7874/LO in net net7873.
[EST-0026] Missing route to pin i_soc.i_cpu.core_i.if_stage_i._750_/B2 in net net7873.
[EST-0026] Missing route to pin i_soc.i_cpu.core_i.if_stage_i._750__7874/LO in net net7873.
[EST-0026] Missing route to pin i_soc.i_cpu.core_i.if_stage_i._773_/B2 in net net7875.
[EST-0026] Missing route to pin i_soc.i_cpu.core_i.if_stage_i._773__7876/LO in net net7875.
[EST-0026] Missing route to pin i_soc.i_cpu.core_i.if_stage_i._773_/B2 in net net7875.
[EST-0026] Missing route to pin i_soc.i_cpu.core_i.if_stage_i._773__7876/LO in net net7875.
[EST-0026] Missing route to pin i_soc.i_cpu.core_i.if_stage_i._773_/B2 in net net7875.
[EST-0026] Missing route to pin i_soc.i_cpu.core_i.if_stage_i._773__7876/LO in net net7875.
[EST-0026] Missing route to pin i_soc.i_cpu.core_i.cs_registers_i._1997_/A1 in net net7878.
[EST-0026] Missing route to pin i_soc.i_cpu.core_i.cs_registers_i._1997__7879/LO in net net7878.
[EST-0026] Missing route to pin i_soc.i_cpu.core_i.cs_registers_i._1997_/A1 in net net7878.
[EST-0026] Missing route to pin i_soc.i_cpu.core_i.cs_registers_i._1997__7879/LO in net net7878.
[EST-0026] Missing route to pin i_soc.i_cpu.core_i.cs_registers_i._1997_/A1 in net net7878.
[EST-0026] Missing route to pin i_soc.i_cpu.core_i.cs_registers_i._1997__7879/LO in net net7878.
[EST-0026] Missing route to pin i_soc.i_cpu.core_i.cs_registers_i._2012_/B2 in net net7879.
[EST-0026] Missing route to pin i_soc.i_cpu.core_i.cs_registers_i._2012__7880/LO in net net7879.
[EST-0026] Missing route to pin i_soc.i_cpu.core_i.cs_registers_i._2012_/B2 in net net7879.
[EST-0026] Missing route to pin i_soc.i_cpu.core_i.cs_registers_i._2012__7880/LO in net net7879.
[EST-0026] Missing route to pin i_soc.i_cpu.core_i.cs_registers_i._2012_/B2 in net net7879.
[EST-0026] Missing route to pin i_soc.i_cpu.core_i.cs_registers_i._2012__7880/LO in net net7879.
[EST-0026] Missing route to pin i_soc.i_cpu.core_i.cs_registers_i._2026_/A1 in net net7880.
[EST-0026] Missing route to pin i_soc.i_cpu.core_i.cs_registers_i._2026__7881/LO in net net7880.
[EST-0026] Missing route to pin i_soc.i_cpu.core_i.cs_registers_i._2026_/A1 in net net7880.
[EST-0026] Missing route to pin i_soc.i_cpu.core_i.cs_registers_i._2026__7881/LO in net net7880.
[EST-0026] Missing route to pin i_soc.i_cpu.core_i.cs_registers_i._2026_/A1 in net net7880.
[EST-0026] Missing route to pin i_soc.i_cpu.core_i.cs_registers_i._2026__7881/LO in net net7880.
[EST-0026] Missing route to pin i_soc.i_cpu.core_i.cs_registers_i._2042_/A1 in net net7881.
[EST-0026] Missing route to pin i_soc.i_cpu.core_i.cs_registers_i._2042__7882/LO in net net7881.
[EST-0026] Missing route to pin i_soc.i_cpu.core_i.cs_registers_i._2042_/A1 in net net7881.
[EST-0026] Missing route to pin i_soc.i_cpu.core_i.cs_registers_i._2042__7882/LO in net net7881.
[EST-0026] Missing route to pin i_soc.i_cpu.core_i.cs_registers_i._2042_/A1 in net net7881.
[EST-0026] Missing route to pin i_soc.i_cpu.core_i.cs_registers_i._2042__7882/LO in net net7881.
[EST-0026] Missing route to pin i_soc.i_cpu.core_i.cs_registers_i._2068_/A1 in net net7883.
[EST-0026] Missing route to pin i_soc.i_cpu.core_i.cs_registers_i._2068__7884/LO in net net7883.
[EST-0026] Missing route to pin i_soc.i_cpu.core_i.cs_registers_i._2068_/A1 in net net7883.
[EST-0026] Missing route to pin i_soc.i_cpu.core_i.cs_registers_i._2068__7884/LO in net net7883.
[EST-0026] Missing route to pin i_soc.i_cpu.core_i.cs_registers_i._2068_/A1 in net net7883.
[EST-0026] Missing route to pin i_soc.i_cpu.core_i.cs_registers_i._2068__7884/LO in net net7883.
[EST-0026] Missing route to pin i_soc.i_cpu.core_i.cs_registers_i._2078_/A1 in net net7884.
[EST-0026] Missing route to pin i_soc.i_cpu.core_i.cs_registers_i._2078__7885/LO in net net7884.
[EST-0026] Missing route to pin i_soc.i_cpu.core_i.cs_registers_i._2078_/A1 in net net7884.
[EST-0026] Missing route to pin i_soc.i_cpu.core_i.cs_registers_i._2078__7885/LO in net net7884.
[EST-0026] Missing route to pin i_soc.i_cpu.core_i.cs_registers_i._2078_/A1 in net net7884.
[EST-0026] Missing route to pin i_soc.i_cpu.core_i.cs_registers_i._2078__7885/LO in net net7884.
[EST-0026] Missing route to pin i_soc.i_cpu.core_i.cs_registers_i._2092_/A1 in net net7885.
[EST-0026] Missing route to pin i_soc.i_cpu.core_i.cs_registers_i._2092__7886/LO in net net7885.
[EST-0026] Missing route to pin i_soc.i_cpu.core_i.cs_registers_i._2092_/A1 in net net7885.
[EST-0026] Missing route to pin i_soc.i_cpu.core_i.cs_registers_i._2092__7886/LO in net net7885.
[EST-0026] Missing route to pin i_soc.i_cpu.core_i.cs_registers_i._2092_/A1 in net net7885.
[EST-0026] Missing route to pin i_soc.i_cpu.core_i.cs_registers_i._2092__7886/LO in net net7885.
[EST-0026] Missing route to pin i_soc.i_cpu.core_i.cs_registers_i._2145_/A1 in net net7889.
[EST-0026] Missing route to pin i_soc.i_cpu.core_i.cs_registers_i._2145__7890/LO in net net7889.
[EST-0026] Missing route to pin i_soc.i_cpu.core_i.cs_registers_i._2145_/A1 in net net7889.
[EST-0026] Missing route to pin i_soc.i_cpu.core_i.cs_registers_i._2145__7890/LO in net net7889.
[EST-0026] Missing route to pin i_soc.i_cpu.core_i.cs_registers_i._2145_/A1 in net net7889.
[EST-0026] Missing route to pin i_soc.i_cpu.core_i.cs_registers_i._2145__7890/LO in net net7889.
[EST-0026] Missing route to pin i_soc.i_cpu.core_i.cs_registers_i._2157_/A1 in net net7890.
[EST-0026] Missing route to pin i_soc.i_cpu.core_i.cs_registers_i._2157__7891/LO in net net7890.
[EST-0026] Missing route to pin i_soc.i_cpu.core_i.cs_registers_i._2157_/A1 in net net7890.
[EST-0026] Missing route to pin i_soc.i_cpu.core_i.cs_registers_i._2157__7891/LO in net net7890.
[EST-0026] Missing route to pin i_soc.i_cpu.core_i.cs_registers_i._2157_/A1 in net net7890.
[EST-0026] Missing route to pin i_soc.i_cpu.core_i.cs_registers_i._2157__7891/LO in net net7890.
[EST-0026] Missing route to pin i_soc.i_cpu.core_i.cs_registers_i._2183_/A1 in net net7892.
[EST-0026] Missing route to pin i_soc.i_cpu.core_i.cs_registers_i._2183__7893/LO in net net7892.
[EST-0026] Missing route to pin i_soc.i_cpu.core_i.cs_registers_i._2183_/A1 in net net7892.
[EST-0026] Missing route to pin i_soc.i_cpu.core_i.cs_registers_i._2183__7893/LO in net net7892.
[EST-0026] Missing route to pin i_soc.i_cpu.core_i.cs_registers_i._2183_/A1 in net net7892.
[EST-0026] Missing route to pin i_soc.i_cpu.core_i.cs_registers_i._2183__7893/LO in net net7892.
[EST-0026] Missing route to pin i_soc.i_cpu.core_i.cs_registers_i._2211_/B2 in net net7894.
[EST-0026] Missing route to pin i_soc.i_cpu.core_i.cs_registers_i._2211__7895/LO in net net7894.
[EST-0026] Missing route to pin i_soc.i_cpu.core_i.cs_registers_i._2211_/B2 in net net7894.
[EST-0026] Missing route to pin i_soc.i_cpu.core_i.cs_registers_i._2211__7895/LO in net net7894.
[EST-0026] Missing route to pin i_soc.i_cpu.core_i.cs_registers_i._2211_/B2 in net net7894.
[EST-0026] Missing route to pin i_soc.i_cpu.core_i.cs_registers_i._2211__7895/LO in net net7894.
[EST-0026] Missing route to pin i_soc.i_cpu.core_i.cs_registers_i._2247_/A1 in net net7897.
[EST-0026] Missing route to pin i_soc.i_cpu.core_i.cs_registers_i._2247__7898/LO in net net7897.
[EST-0026] Missing route to pin i_soc.i_cpu.core_i.cs_registers_i._2247_/A1 in net net7897.
[EST-0026] Missing route to pin i_soc.i_cpu.core_i.cs_registers_i._2247__7898/LO in net net7897.
[EST-0026] Missing route to pin i_soc.i_cpu.core_i.cs_registers_i._2247_/A1 in net net7897.
[EST-0026] Missing route to pin i_soc.i_cpu.core_i.cs_registers_i._2247__7898/LO in net net7897.
[EST-0026] Missing route to pin i_soc.i_cpu.core_i.cs_registers_i._2349_/A1 in net net7905.
[EST-0026] Missing route to pin i_soc.i_cpu.core_i.cs_registers_i._2349__7906/LO in net net7905.
[EST-0026] Missing route to pin i_soc.i_cpu.core_i.cs_registers_i._2349_/A1 in net net7905.
[EST-0026] Missing route to pin i_soc.i_cpu.core_i.cs_registers_i._2349__7906/LO in net net7905.
[EST-0026] Missing route to pin i_soc.i_cpu.core_i.cs_registers_i._2349_/A1 in net net7905.
[EST-0026] Missing route to pin i_soc.i_cpu.core_i.cs_registers_i._2349__7906/LO in net net7905.
[EST-0026] Missing route to pin i_soc.i_cpu.core_i.cs_registers_i._2360_/A1 in net net7906.
[EST-0026] Missing route to pin i_soc.i_cpu.core_i.cs_registers_i._2360__7907/LO in net net7906.
[EST-0026] Missing route to pin i_soc.i_cpu.core_i.cs_registers_i._2360_/A1 in net net7906.
[EST-0026] Missing route to pin i_soc.i_cpu.core_i.cs_registers_i._2360__7907/LO in net net7906.
[EST-0026] Missing route to pin i_soc.i_cpu.core_i.cs_registers_i._2360_/A1 in net net7906.
[EST-0026] Missing route to pin i_soc.i_cpu.core_i.cs_registers_i._2360__7907/LO in net net7906.
[EST-0026] Missing route to pin i_soc.i_cpu.core_i.id_stage_i.int_controller_i._068_/B2 in net net7908.
[EST-0026] Missing route to pin i_soc.i_cpu.core_i.id_stage_i.int_controller_i._068__7909/LO in net net7908.
[EST-0026] Missing route to pin i_soc.i_cpu.core_i.id_stage_i.int_controller_i._068_/B2 in net net7908.
[EST-0026] Missing route to pin i_soc.i_cpu.core_i.id_stage_i.int_controller_i._068__7909/LO in net net7908.
[EST-0026] Missing route to pin i_soc.i_cpu.core_i.id_stage_i.int_controller_i._068_/B2 in net net7908.
[EST-0026] Missing route to pin i_soc.i_cpu.core_i.id_stage_i.int_controller_i._068__7909/LO in net net7908.
[EST-0026] Missing route to pin i_soc.i_cpu.core_i.id_stage_i.int_controller_i._063_/A2 in net net7910.
[EST-0026] Missing route to pin i_soc.i_cpu.core_i.id_stage_i.int_controller_i._063__7911/LO in net net7910.
[EST-0026] Missing route to pin i_soc.i_cpu.core_i.id_stage_i.int_controller_i._063_/A2 in net net7910.
[EST-0026] Missing route to pin i_soc.i_cpu.core_i.id_stage_i.int_controller_i._063__7911/LO in net net7910.
[EST-0026] Missing route to pin i_soc.i_cpu.core_i.id_stage_i.int_controller_i._063_/A2 in net net7910.
[EST-0026] Missing route to pin i_soc.i_cpu.core_i.id_stage_i.int_controller_i._063__7911/LO in net net7910.
[EST-0026] Missing route to pin i_soc.i_cpu.core_i.id_stage_i.int_controller_i._054_/A1 in net net7911.
[EST-0026] Missing route to pin i_soc.i_cpu.core_i.id_stage_i.int_controller_i._054__7912/LO in net net7911.
[EST-0026] Missing route to pin i_soc.i_cpu.core_i.id_stage_i.int_controller_i._054_/A1 in net net7911.
[EST-0026] Missing route to pin i_soc.i_cpu.core_i.id_stage_i.int_controller_i._054__7912/LO in net net7911.
[EST-0026] Missing route to pin i_soc.i_cpu.core_i.id_stage_i.int_controller_i._054_/A1 in net net7911.
[EST-0026] Missing route to pin i_soc.i_cpu.core_i.id_stage_i.int_controller_i._054__7912/LO in net net7911.
[EST-0026] Missing route to pin i_soc.i_cpu.core_i.id_stage_i.int_controller_i._057_/A2 in net net7913.
[EST-0026] Missing route to pin i_soc.i_cpu.core_i.id_stage_i.int_controller_i._057__7914/LO in net net7913.
[EST-0026] Missing route to pin i_soc.i_cpu.core_i.id_stage_i.int_controller_i._057_/A2 in net net7913.
[EST-0026] Missing route to pin i_soc.i_cpu.core_i.id_stage_i.int_controller_i._057__7914/LO in net net7913.
[EST-0026] Missing route to pin i_soc.i_cpu.core_i.id_stage_i.int_controller_i._057_/A2 in net net7913.
[EST-0026] Missing route to pin i_soc.i_cpu.core_i.id_stage_i.int_controller_i._057__7914/LO in net net7913.
[EST-0026] Missing route to pin i_soc.i_cpu.core_i.id_stage_i.int_controller_i._058_/A2 in net net7914.
[EST-0026] Missing route to pin i_soc.i_cpu.core_i.id_stage_i.int_controller_i._058__7915/LO in net net7914.
[EST-0026] Missing route to pin i_soc.i_cpu.core_i.id_stage_i.int_controller_i._058_/A2 in net net7914.
[EST-0026] Missing route to pin i_soc.i_cpu.core_i.id_stage_i.int_controller_i._058__7915/LO in net net7914.
[EST-0026] Missing route to pin i_soc.i_cpu.core_i.id_stage_i.int_controller_i._058_/A2 in net net7914.
[EST-0026] Missing route to pin i_soc.i_cpu.core_i.id_stage_i.int_controller_i._058__7915/LO in net net7914.
[EST-0026] Missing route to pin i_soc.i_cpu.core_i.id_stage_i.int_controller_i._058_/B1 in net net7916.
[EST-0026] Missing route to pin i_soc.i_cpu.core_i.id_stage_i.int_controller_i._058__7917/LO in net net7916.
[EST-0026] Missing route to pin i_soc.i_cpu.core_i.id_stage_i.int_controller_i._058_/B1 in net net7916.
[EST-0026] Missing route to pin i_soc.i_cpu.core_i.id_stage_i.int_controller_i._058__7917/LO in net net7916.
[EST-0026] Missing route to pin i_soc.i_cpu.core_i.id_stage_i.int_controller_i._058_/B1 in net net7916.
[EST-0026] Missing route to pin i_soc.i_cpu.core_i.id_stage_i.int_controller_i._058__7917/LO in net net7916.
[EST-0026] Missing route to pin i_soc.i_cpu.core_i.id_stage_i.int_controller_i._067_/A2 in net net7919.
[EST-0026] Missing route to pin i_soc.i_cpu.core_i.id_stage_i.int_controller_i._067__7920/LO in net net7919.
[EST-0026] Missing route to pin i_soc.i_cpu.core_i.id_stage_i.int_controller_i._067_/A2 in net net7919.
[EST-0026] Missing route to pin i_soc.i_cpu.core_i.id_stage_i.int_controller_i._067__7920/LO in net net7919.
[EST-0026] Missing route to pin i_soc.i_cpu.core_i.id_stage_i.int_controller_i._067_/A2 in net net7919.
[EST-0026] Missing route to pin i_soc.i_cpu.core_i.id_stage_i.int_controller_i._067__7920/LO in net net7919.
[EST-0026] Missing route to pin i_soc.i_cpu.core_i.id_stage_i.int_controller_i._064_/A2 in net net7920.
[EST-0026] Missing route to pin i_soc.i_cpu.core_i.id_stage_i.int_controller_i._064__7921/LO in net net7920.
[EST-0026] Missing route to pin i_soc.i_cpu.core_i.id_stage_i.int_controller_i._064_/A2 in net net7920.
[EST-0026] Missing route to pin i_soc.i_cpu.core_i.id_stage_i.int_controller_i._064__7921/LO in net net7920.
[EST-0026] Missing route to pin i_soc.i_cpu.core_i.id_stage_i.int_controller_i._064_/A2 in net net7920.
[EST-0026] Missing route to pin i_soc.i_cpu.core_i.id_stage_i.int_controller_i._064__7921/LO in net net7920.
[EST-0026] Missing route to pin i_soc.i_cpu.core_i.id_stage_i.int_controller_i._066_/A1 in net net7921.
[EST-0026] Missing route to pin i_soc.i_cpu.core_i.id_stage_i.int_controller_i._066__7922/LO in net net7921.
[EST-0026] Missing route to pin i_soc.i_cpu.core_i.id_stage_i.int_controller_i._066_/A1 in net net7921.
[EST-0026] Missing route to pin i_soc.i_cpu.core_i.id_stage_i.int_controller_i._066__7922/LO in net net7921.
[EST-0026] Missing route to pin i_soc.i_cpu.core_i.id_stage_i.int_controller_i._066_/A1 in net net7921.
[EST-0026] Missing route to pin i_soc.i_cpu.core_i.id_stage_i.int_controller_i._066__7922/LO in net net7921.
[EST-0026] Missing route to pin i_soc.i_cpu.core_i.id_stage_i.int_controller_i._068_/A2 in net net7924.
[EST-0026] Missing route to pin i_soc.i_cpu.core_i.id_stage_i.int_controller_i._068__7925/LO in net net7924.
[EST-0026] Missing route to pin i_soc.i_cpu.core_i.id_stage_i.int_controller_i._068_/A2 in net net7924.
[EST-0026] Missing route to pin i_soc.i_cpu.core_i.id_stage_i.int_controller_i._068__7925/LO in net net7924.
[EST-0026] Missing route to pin i_soc.i_cpu.core_i.id_stage_i.int_controller_i._068_/A2 in net net7924.
[EST-0026] Missing route to pin i_soc.i_cpu.core_i.id_stage_i.int_controller_i._068__7925/LO in net net7924.
[EST-0026] Missing route to pin i_soc.i_cpu.core_i.id_stage_i.int_controller_i._065_/A2 in net net7925.
[EST-0026] Missing route to pin i_soc.i_cpu.core_i.id_stage_i.int_controller_i._065__7926/LO in net net7925.
[EST-0026] Missing route to pin i_soc.i_cpu.core_i.id_stage_i.int_controller_i._065_/A2 in net net7925.
[EST-0026] Missing route to pin i_soc.i_cpu.core_i.id_stage_i.int_controller_i._065__7926/LO in net net7925.
[EST-0026] Missing route to pin i_soc.i_cpu.core_i.id_stage_i.int_controller_i._065_/A2 in net net7925.
[EST-0026] Missing route to pin i_soc.i_cpu.core_i.id_stage_i.int_controller_i._065__7926/LO in net net7925.
[EST-0026] Missing route to pin i_soc.i_cpu.core_i.id_stage_i.int_controller_i._069_/B1 in net net7927.
[EST-0026] Missing route to pin i_soc.i_cpu.core_i.id_stage_i.int_controller_i._069__7928/LO in net net7927.
[EST-0026] Missing route to pin i_soc.i_cpu.core_i.id_stage_i.int_controller_i._069_/B1 in net net7927.
[EST-0026] Missing route to pin i_soc.i_cpu.core_i.id_stage_i.int_controller_i._069__7928/LO in net net7927.
[EST-0026] Missing route to pin i_soc.i_cpu.core_i.id_stage_i.int_controller_i._069_/B1 in net net7927.
[EST-0026] Missing route to pin i_soc.i_cpu.core_i.id_stage_i.int_controller_i._069__7928/LO in net net7927.
[EST-0026] Missing route to pin i_soc.i_cpu.core_i.id_stage_i.int_controller_i._055_/A1 in net net7931.
[EST-0026] Missing route to pin i_soc.i_cpu.core_i.id_stage_i.int_controller_i._055__7932/LO in net net7931.
[EST-0026] Missing route to pin i_soc.i_cpu.core_i.id_stage_i.int_controller_i._055_/A1 in net net7931.
[EST-0026] Missing route to pin i_soc.i_cpu.core_i.id_stage_i.int_controller_i._055__7932/LO in net net7931.
[EST-0026] Missing route to pin i_soc.i_cpu.core_i.id_stage_i.int_controller_i._055_/A1 in net net7931.
[EST-0026] Missing route to pin i_soc.i_cpu.core_i.id_stage_i.int_controller_i._055__7932/LO in net net7931.
[EST-0026] Missing route to pin i_soc.i_cpu.core_i.id_stage_i.int_controller_i._054_/B1 in net net7935.
[EST-0026] Missing route to pin i_soc.i_cpu.core_i.id_stage_i.int_controller_i._054__7936/LO in net net7935.
[EST-0026] Missing route to pin i_soc.i_cpu.core_i.id_stage_i.int_controller_i._054_/B1 in net net7935.
[EST-0026] Missing route to pin i_soc.i_cpu.core_i.id_stage_i.int_controller_i._054__7936/LO in net net7935.
[EST-0026] Missing route to pin i_soc.i_cpu.core_i.id_stage_i.int_controller_i._054_/B1 in net net7935.
[EST-0026] Missing route to pin i_soc.i_cpu.core_i.id_stage_i.int_controller_i._054__7936/LO in net net7935.
[EST-0026] Missing route to pin i_soc.i_cpu.core_i.id_stage_i.int_controller_i._053_/A1 in net net7939.
[EST-0026] Missing route to pin i_soc.i_cpu.core_i.id_stage_i.int_controller_i._053__7940/LO in net net7939.
[EST-0026] Missing route to pin i_soc.i_cpu.core_i.id_stage_i.int_controller_i._053_/A1 in net net7939.
[EST-0026] Missing route to pin i_soc.i_cpu.core_i.id_stage_i.int_controller_i._053__7940/LO in net net7939.
[EST-0026] Missing route to pin i_soc.i_cpu.core_i.id_stage_i.int_controller_i._053_/A1 in net net7939.
[EST-0026] Missing route to pin i_soc.i_cpu.core_i.id_stage_i.int_controller_i._053__7940/LO in net net7939.
[EST-0026] Missing route to pin i_soc.i_cpu.core_i.id_stage_i.int_controller_i._064_/B1 in net net7943.
[EST-0026] Missing route to pin i_soc.i_cpu.core_i.id_stage_i.int_controller_i._064__7944/LO in net net7943.
[EST-0026] Missing route to pin i_soc.i_cpu.core_i.id_stage_i.int_controller_i._064_/B1 in net net7943.
[EST-0026] Missing route to pin i_soc.i_cpu.core_i.id_stage_i.int_controller_i._064__7944/LO in net net7943.
[EST-0026] Missing route to pin i_soc.i_cpu.core_i.id_stage_i.int_controller_i._064_/B1 in net net7943.
[EST-0026] Missing route to pin i_soc.i_cpu.core_i.id_stage_i.int_controller_i._064__7944/LO in net net7943.
[EST-0026] Missing route to pin i_soc.i_cpu.core_i.id_stage_i.int_controller_i._063_/B1 in net net7947.
[EST-0026] Missing route to pin i_soc.i_cpu.core_i.id_stage_i.int_controller_i._063__7948/LO in net net7947.
[EST-0026] Missing route to pin i_soc.i_cpu.core_i.id_stage_i.int_controller_i._063_/B1 in net net7947.
[EST-0026] Missing route to pin i_soc.i_cpu.core_i.id_stage_i.int_controller_i._063__7948/LO in net net7947.
[EST-0026] Missing route to pin i_soc.i_cpu.core_i.id_stage_i.int_controller_i._063_/B1 in net net7947.
[EST-0026] Missing route to pin i_soc.i_cpu.core_i.id_stage_i.int_controller_i._063__7948/LO in net net7947.
[EST-0026] Missing route to pin i_soc.i_cpu.core_i.id_stage_i.int_controller_i._067_/B1 in net net7949.
[EST-0026] Missing route to pin i_soc.i_cpu.core_i.id_stage_i.int_controller_i._067__7950/LO in net net7949.
[EST-0026] Missing route to pin i_soc.i_cpu.core_i.id_stage_i.int_controller_i._067_/B1 in net net7949.
[EST-0026] Missing route to pin i_soc.i_cpu.core_i.id_stage_i.int_controller_i._067__7950/LO in net net7949.
[EST-0026] Missing route to pin i_soc.i_cpu.core_i.id_stage_i.int_controller_i._067_/B1 in net net7949.
[EST-0026] Missing route to pin i_soc.i_cpu.core_i.id_stage_i.int_controller_i._067__7950/LO in net net7949.
[EST-0026] Missing route to pin i_soc.i_cpu.core_i.id_stage_i.int_controller_i._065_/B1 in net net7951.
[EST-0026] Missing route to pin i_soc.i_cpu.core_i.id_stage_i.int_controller_i._065__7952/LO in net net7951.
[EST-0026] Missing route to pin i_soc.i_cpu.core_i.id_stage_i.int_controller_i._065_/B1 in net net7951.
[EST-0026] Missing route to pin i_soc.i_cpu.core_i.id_stage_i.int_controller_i._065__7952/LO in net net7951.
[EST-0026] message limit (1000) reached. This message will no longer print.
[STA-0469] derating factor greater than 2.0.
[STA-0469] derating factor greater than 2.0.
[DRT-0349] LEF58_ENCLOSURE with no CUTCLASS is not supported. Skipping for layer mcon
[DRT-0349] LEF58_ENCLOSURE with no CUTCLASS is not supported. Skipping for layer mcon
[DRT-0349] LEF58_ENCLOSURE with no CUTCLASS is not supported. Skipping for layer via
[DRT-0349] LEF58_ENCLOSURE with no CUTCLASS is not supported. Skipping for layer via
[DRT-0349] LEF58_ENCLOSURE with no CUTCLASS is not supported. Skipping for layer via2
[DRT-0349] LEF58_ENCLOSURE with no CUTCLASS is not supported. Skipping for layer via2
[DRT-0349] LEF58_ENCLOSURE with no CUTCLASS is not supported. Skipping for layer via3
[DRT-0349] LEF58_ENCLOSURE with no CUTCLASS is not supported. Skipping for layer via3
[DRT-0349] LEF58_ENCLOSURE with no CUTCLASS is not supported. Skipping for layer via4
[DRT-0349] LEF58_ENCLOSURE with no CUTCLASS is not supported. Skipping for layer via4
[DRT-0120] Large net i_soc.i_cpu.core_i.id_stage_i._1663_ has 208 pins which may impact routing performance. Consider optimization.
[DRT-0120] Large net i_soc.i_cpu.core_i.id_stage_i.regfile_addr_rc_id\[0\] has 518 pins which may impact routing performance. Consider optimization.
[DRT-0120] Large net i_soc.i_cpu.core_i.id_stage_i.regfile_addr_rc_id\[1\] has 518 pins which may impact routing performance. Consider optimization.
[DRT-0120] Large net i_soc.i_cpu.core_i.id_stage_i.regfile_addr_rc_id\[2\] has 234 pins which may impact routing performance. Consider optimization.
[DRT-0120] Large net i_soc.i_cpu.core_i.id_stage_i.regfile_addr_rc_id\[3\] has 156 pins which may impact routing performance. Consider optimization.
[DRT-0120] Large net i_soc.i_cpu.core_i.id_stage_i.register_file_i._1001_ has 196 pins which may impact routing performance. Consider optimization.
[DRT-0120] Large net i_soc.i_cpu.core_i.id_stage_i.register_file_i._1002_ has 106 pins which may impact routing performance. Consider optimization.
[DRT-0120] Large net i_soc.i_cpu.core_i.id_stage_i._1663_ has 208 pins which may impact routing performance. Consider optimization.
[DRT-0120] Large net i_soc.i_cpu.core_i.id_stage_i.regfile_addr_rc_id\[0\] has 518 pins which may impact routing performance. Consider optimization.
[DRT-0120] Large net i_soc.i_cpu.core_i.id_stage_i.regfile_addr_rc_id\[1\] has 518 pins which may impact routing performance. Consider optimization.
[DRT-0120] Large net i_soc.i_cpu.core_i.id_stage_i.regfile_addr_rc_id\[2\] has 234 pins which may impact routing performance. Consider optimization.
[DRT-0120] Large net i_soc.i_cpu.core_i.id_stage_i.regfile_addr_rc_id\[3\] has 156 pins which may impact routing performance. Consider optimization.
[DRT-0120] Large net i_soc.i_cpu.core_i.id_stage_i.register_file_i._1001_ has 196 pins which may impact routing performance. Consider optimization.
[DRT-0120] Large net i_soc.i_cpu.core_i.id_stage_i.register_file_i._1002_ has 106 pins which may impact routing performance. Consider optimization.
[DRT-0120] Large net i_soc.i_cpu.core_i.id_stage_i._1663_ has 208 pins which may impact routing performance. Consider optimization.
[DRT-0120] Large net i_soc.i_cpu.core_i.id_stage_i.regfile_addr_rc_id\[0\] has 518 pins which may impact routing performance. Consider optimization.
[DRT-0120] Large net i_soc.i_cpu.core_i.id_stage_i.regfile_addr_rc_id\[1\] has 518 pins which may impact routing performance. Consider optimization.
[DRT-0120] Large net i_soc.i_cpu.core_i.id_stage_i.regfile_addr_rc_id\[2\] has 234 pins which may impact routing performance. Consider optimization.
[DRT-0120] Large net i_soc.i_cpu.core_i.id_stage_i.regfile_addr_rc_id\[3\] has 156 pins which may impact routing performance. Consider optimization.
[DRT-0120] Large net i_soc.i_cpu.core_i.id_stage_i.register_file_i._1001_ has 196 pins which may impact routing performance. Consider optimization.
[DRT-0120] Large net i_soc.i_cpu.core_i.id_stage_i.register_file_i._1002_ has 106 pins which may impact routing performance. Consider optimization.
[STA-0469] derating factor greater than 2.0.
Threshold for Threshold-surpassing long wires is not set. The checker will be skipped.
[STA-0469] derating factor greater than 2.0.
'VSRC_LOC_FILES' was not given a value, which may make the results of IR drop analysis inaccurate. If you are not integrating a top-level chip for manufacture, you may ignore this warning, otherwise, see the documentation for 'VSRC_LOC_FILES'.
[STA-0469] derating factor greater than 2.0.
[STA-1650] /home/blogic2026/final_jtag/repo/asic/run/RUN_final_2026-09-06/56-openroad-rcx/nom/asic_top.nom.spef line 2707170, net ANTENNA_i_soc.i_data_sram.u_sram.gen_bank\[2\].gen_512.u_macro_din0\[5\] not found.
[STA-1650] /home/blogic2026/final_jtag/repo/asic/run/RUN_final_2026-09-06/56-openroad-rcx/nom/asic_top.nom.spef line 2707171, net ANTENNA_i_soc.i_data_sram.u_sram.gen_bank\[2\].gen_512.u_macro_din0\[6\] not found.
[STA-1650] /home/blogic2026/final_jtag/repo/asic/run/RUN_final_2026-09-06/56-openroad-rcx/nom/asic_top.nom.spef line 2830187, net ANTENNA_i_soc.i_ai_accel.u_conv_w_mem_dout1\[27\] not found.
[STA-1650] /home/blogic2026/final_jtag/repo/asic/run/RUN_final_2026-09-06/56-openroad-rcx/nom/asic_top.nom.spef line 2830526, net ANTENNA_i_soc.i_instr_sram.u_sram.gen_bank\[1\].gen_512.u_macro_din0\[5\] not found.
[STA-1650] /home/blogic2026/final_jtag/repo/asic/run/RUN_final_2026-09-06/56-openroad-rcx/nom/asic_top.nom.spef line 2830527, net ANTENNA_i_soc.i_instr_sram.u_sram.gen_bank\[1\].gen_512.u_macro_din0\[6\] not found.
[STA-1650] /home/blogic2026/final_jtag/repo/asic/run/RUN_final_2026-09-06/56-openroad-rcx/nom/asic_top.nom.spef line 2831019, net ANTENNA_i_soc.i_ai_sram.u_sram.gen_bank\[10\].gen_512.u_macro_din0\[27\] not found.
[STA-1650] /home/blogic2026/final_jtag/repo/asic/run/RUN_final_2026-09-06/56-openroad-rcx/nom/asic_top.nom.spef line 2831560, net ANTENNA_i_soc.i_data_sram.u_sram.gen_bank\[3\].gen_512.u_macro_dout1\[17\] not found.
[STA-1650] /home/blogic2026/final_jtag/repo/asic/run/RUN_final_2026-09-06/56-openroad-rcx/nom/asic_top.nom.spef line 2831561, net ANTENNA_i_soc.i_data_sram.u_sram.gen_bank\[3\].gen_512.u_macro_dout1\[18\] not found.
[STA-1650] /home/blogic2026/final_jtag/repo/asic/run/RUN_final_2026-09-06/56-openroad-rcx/nom/asic_top.nom.spef line 2831562, net ANTENNA_i_soc.i_data_sram.u_sram.gen_bank\[3\].gen_512.u_macro_dout1\[20\] not found.
[STA-1650] /home/blogic2026/final_jtag/repo/asic/run/RUN_final_2026-09-06/56-openroad-rcx/nom/asic_top.nom.spef line 2837235, net ANTENNA_i_soc.i_ai_accel.u_input_mem_din0\[1\] not found.
[STA-1650] /home/blogic2026/final_jtag/repo/asic/run/RUN_final_2026-09-06/56-openroad-rcx/nom/asic_top.nom.spef line 2837284, net ANTENNA_i_soc.i_ai_accel.u_input_mem_din0\[1\] not found.
[STA-1650] /home/blogic2026/final_jtag/repo/asic/run/RUN_final_2026-09-06/56-openroad-rcx/nom/asic_top.nom.spef line 2839258, net ANTENNA_i_soc.i_ai_sram.u_sram.gen_bank\[14\].gen_512.u_macro_din0\[8\] not found.
[STA-1650] /home/blogic2026/final_jtag/repo/asic/run/RUN_final_2026-09-06/56-openroad-rcx/nom/asic_top.nom.spef line 2839259, net ANTENNA_i_soc.i_ai_sram.u_sram.gen_bank\[14\].gen_512.u_macro_din0\[9\] not found.
[STA-1650] /home/blogic2026/final_jtag/repo/asic/run/RUN_final_2026-09-06/56-openroad-rcx/nom/asic_top.nom.spef line 2840163, net ANTENNA_i_soc.i_ai_sram.u_sram.gen_bank\[14\].gen_512.u_macro_din0\[25\] not found.
[STA-1650] /home/blogic2026/final_jtag/repo/asic/run/RUN_final_2026-09-06/56-openroad-rcx/nom/asic_top.nom.spef line 2841560, net ANTENNA_i_soc.i_ai_accel.u_input_mem_din0\[8\] not found.
[STA-1650] /home/blogic2026/final_jtag/repo/asic/run/RUN_final_2026-09-06/56-openroad-rcx/nom/asic_top.nom.spef line 2841956, net ANTENNA_i_soc.i_ai_accel.u_input_mem_din0\[17\] not found.
[STA-1650] /home/blogic2026/final_jtag/repo/asic/run/RUN_final_2026-09-06/56-openroad-rcx/nom/asic_top.nom.spef line 2852151, net ANTENNA_i_soc.i_data_sram.u_sram.gen_bank\[0\].gen_512.u_macro_din0\[24\] not found.
[STA-1650] /home/blogic2026/final_jtag/repo/asic/run/RUN_final_2026-09-06/56-openroad-rcx/nom/asic_top.nom.spef line 2852309, net ANTENNA_i_soc.i_data_sram.u_sram.gen_bank\[0\].gen_512.u_macro_din0\[20\] not found.
[STA-1650] /home/blogic2026/final_jtag/repo/asic/run/RUN_final_2026-09-06/56-openroad-rcx/nom/asic_top.nom.spef line 2858210, net ANTENNA_i_soc.i_instr_sram.u_sram.gen_bank\[1\].gen_512.u_macro_din0\[26\] not found.
[STA-1650] /home/blogic2026/final_jtag/repo/asic/run/RUN_final_2026-09-06/56-openroad-rcx/nom/asic_top.nom.spef line 2858211, net ANTENNA_i_soc.i_instr_sram.u_sram.gen_bank\[1\].gen_512.u_macro_din0\[27\] not found.
[STA-1650] /home/blogic2026/final_jtag/repo/asic/run/RUN_final_2026-09-06/56-openroad-rcx/nom/asic_top.nom.spef line 2858212, net ANTENNA_i_soc.i_instr_sram.u_sram.gen_bank\[1\].gen_512.u_macro_din0\[31\] not found.
[STA-1650] /home/blogic2026/final_jtag/repo/asic/run/RUN_final_2026-09-06/56-openroad-rcx/nom/asic_top.nom.spef line 2858309, net ANTENNA_i_soc.i_instr_sram.u_sram.gen_bank\[1\].gen_512.u_macro_din0\[26\] not found.
[STA-1650] /home/blogic2026/final_jtag/repo/asic/run/RUN_final_2026-09-06/56-openroad-rcx/nom/asic_top.nom.spef line 2859249, net ANTENNA_i_soc.i_instr_sram.u_sram.gen_bank\[1\].gen_512.u_macro_din0\[4\] not found.
[STA-1650] /home/blogic2026/final_jtag/repo/asic/run/RUN_final_2026-09-06/56-openroad-rcx/nom/asic_top.nom.spef line 2859731, net ANTENNA_i_soc.i_instr_sram.u_sram.gen_bank\[1\].gen_512.u_macro_din0\[4\] not found.
[STA-1650] /home/blogic2026/final_jtag/repo/asic/run/RUN_final_2026-09-06/56-openroad-rcx/nom/asic_top.nom.spef line 2860148, net ANTENNA_i_soc.i_instr_sram.u_sram.gen_bank\[1\].gen_512.u_macro_din0\[7\] not found.
[STA-1650] /home/blogic2026/final_jtag/repo/asic/run/RUN_final_2026-09-06/56-openroad-rcx/nom/asic_top.nom.spef line 2860296, net ANTENNA_i_soc.i_instr_sram.u_sram.gen_bank\[1\].gen_512.u_macro_din0\[8\] not found.
[STA-1650] /home/blogic2026/final_jtag/repo/asic/run/RUN_final_2026-09-06/56-openroad-rcx/nom/asic_top.nom.spef line 2860349, net ANTENNA_i_soc.i_instr_sram.u_sram.gen_bank\[1\].gen_512.u_macro_din0\[10\] not found.
[STA-1650] /home/blogic2026/final_jtag/repo/asic/run/RUN_final_2026-09-06/56-openroad-rcx/nom/asic_top.nom.spef line 2860629, net ANTENNA_i_soc.i_instr_sram.u_sram.gen_bank\[1\].gen_512.u_macro_din0\[10\] not found.
[STA-1650] /home/blogic2026/final_jtag/repo/asic/run/RUN_final_2026-09-06/56-openroad-rcx/nom/asic_top.nom.spef line 2860728, net ANTENNA_i_soc.i_instr_sram.u_sram.gen_bank\[1\].gen_512.u_macro_din0\[10\] not found.
[STA-1650] /home/blogic2026/final_jtag/repo/asic/run/RUN_final_2026-09-06/56-openroad-rcx/nom/asic_top.nom.spef line 2860989, net ANTENNA_i_soc.i_data_sram.u_sram.gen_bank\[0\].gen_512.u_macro_din0\[16\] not found.
[STA-1650] /home/blogic2026/final_jtag/repo/asic/run/RUN_final_2026-09-06/56-openroad-rcx/nom/asic_top.nom.spef line 2860990, net ANTENNA_i_soc.i_data_sram.u_sram.gen_bank\[0\].gen_512.u_macro_din0\[17\] not found.
[STA-1650] /home/blogic2026/final_jtag/repo/asic/run/RUN_final_2026-09-06/56-openroad-rcx/nom/asic_top.nom.spef line 2871282, net ANTENNA_i_soc.i_data_sram.u_sram.gen_bank\[0\].gen_512.u_macro_din0\[22\] not found.
[STA-1650] /home/blogic2026/final_jtag/repo/asic/run/RUN_final_2026-09-06/56-openroad-rcx/nom/asic_top.nom.spef line 2871293, net ANTENNA_i_soc.i_data_sram.u_sram.gen_bank\[0\].gen_512.u_macro_din0\[0\] not found.
[STA-1650] /home/blogic2026/final_jtag/repo/asic/run/RUN_final_2026-09-06/56-openroad-rcx/nom/asic_top.nom.spef line 2871294, net ANTENNA_i_soc.i_data_sram.u_sram.gen_bank\[0\].gen_512.u_macro_din0\[1\] not found.
[STA-1650] /home/blogic2026/final_jtag/repo/asic/run/RUN_final_2026-09-06/56-openroad-rcx/nom/asic_top.nom.spef line 2871295, net ANTENNA_i_soc.i_data_sram.u_sram.gen_bank\[0\].gen_512.u_macro_din0\[2\] not found.
[STA-1650] /home/blogic2026/final_jtag/repo/asic/run/RUN_final_2026-09-06/56-openroad-rcx/nom/asic_top.nom.spef line 2871296, net ANTENNA_i_soc.i_data_sram.u_sram.gen_bank\[0\].gen_512.u_macro_din0\[3\] not found.
[STA-1650] /home/blogic2026/final_jtag/repo/asic/run/RUN_final_2026-09-06/56-openroad-rcx/nom/asic_top.nom.spef line 2871297, net ANTENNA_i_soc.i_data_sram.u_sram.gen_bank\[0\].gen_512.u_macro_din0\[8\] not found.
[STA-1650] /home/blogic2026/final_jtag/repo/asic/run/RUN_final_2026-09-06/56-openroad-rcx/nom/asic_top.nom.spef line 2876135, net ANTENNA_i_soc.i_data_sram.u_sram.gen_bank\[0\].gen_512.u_macro_din0\[20\] not found.
[STA-1648] /home/blogic2026/final_jtag/repo/asic/run/RUN_final_2026-09-06/56-openroad-rcx/nom/asic_top.nom.spef line 2876750, instance ANTENNA_i_soc.i_data_sram.u_sram.gen_bank\[1\].gen_512.u_macro_din0\[0\] not found.
[STA-1648] /home/blogic2026/final_jtag/repo/asic/run/RUN_final_2026-09-06/56-openroad-rcx/nom/asic_top.nom.spef line 2876752, instance ANTENNA_i_soc.i_data_sram.u_sram.gen_bank\[3\].gen_512.u_macro_din0\[0\] not found.
[STA-1648] /home/blogic2026/final_jtag/repo/asic/run/RUN_final_2026-09-06/56-openroad-rcx/nom/asic_top.nom.spef line 2876754, instance ANTENNA_i_soc.i_data_sram.u_sram.gen_bank\[2\].gen_512.u_macro_din0\[0\] not found.
[STA-1648] /home/blogic2026/final_jtag/repo/asic/run/RUN_final_2026-09-06/56-openroad-rcx/nom/asic_top.nom.spef line 2876756, instance ANTENNA_i_soc.i_data_sram.u_sram.gen_bank\[0\].gen_512.u_macro_din0\[0\] not found.
[STA-1650] /home/blogic2026/final_jtag/repo/asic/run/RUN_final_2026-09-06/56-openroad-rcx/nom/asic_top.nom.spef line 2876762, net ANTENNA_i_soc.i_data_sram.u_sram.gen_bank\[1\].gen_512.u_macro_din0\[0\] not found.
[STA-1650] /home/blogic2026/final_jtag/repo/asic/run/RUN_final_2026-09-06/56-openroad-rcx/nom/asic_top.nom.spef line 2876764, net ANTENNA_i_soc.i_data_sram.u_sram.gen_bank\[3\].gen_512.u_macro_din0\[0\] not found.
[STA-1650] /home/blogic2026/final_jtag/repo/asic/run/RUN_final_2026-09-06/56-openroad-rcx/nom/asic_top.nom.spef line 2876766, net ANTENNA_i_soc.i_data_sram.u_sram.gen_bank\[2\].gen_512.u_macro_din0\[0\] not found.
[STA-1650] /home/blogic2026/final_jtag/repo/asic/run/RUN_final_2026-09-06/56-openroad-rcx/nom/asic_top.nom.spef line 2876768, net ANTENNA_i_soc.i_data_sram.u_sram.gen_bank\[0\].gen_512.u_macro_din0\[0\] not found.
[STA-1650] /home/blogic2026/final_jtag/repo/asic/run/RUN_final_2026-09-06/56-openroad-rcx/nom/asic_top.nom.spef line 2876789, net ANTENNA_i_soc.i_data_sram.u_sram.gen_bank\[0\].gen_512.u_macro_din0\[0\] not found.
[STA-1650] /home/blogic2026/final_jtag/repo/asic/run/RUN_final_2026-09-06/56-openroad-rcx/nom/asic_top.nom.spef line 2876790, net ANTENNA_i_soc.i_data_sram.u_sram.gen_bank\[0\].gen_512.u_macro_din0\[0\] not found.
[STA-1650] /home/blogic2026/final_jtag/repo/asic/run/RUN_final_2026-09-06/56-openroad-rcx/nom/asic_top.nom.spef line 2876791, net ANTENNA_i_soc.i_data_sram.u_sram.gen_bank\[0\].gen_512.u_macro_din0\[0\] not found.
[STA-1650] /home/blogic2026/final_jtag/repo/asic/run/RUN_final_2026-09-06/56-openroad-rcx/nom/asic_top.nom.spef line 2876913, net ANTENNA_i_soc.i_data_sram.u_sram.gen_bank\[0\].gen_512.u_macro_din0\[0\] not found.
[STA-1650] /home/blogic2026/final_jtag/repo/asic/run/RUN_final_2026-09-06/56-openroad-rcx/nom/asic_top.nom.spef line 2876918, net ANTENNA_i_soc.i_data_sram.u_sram.gen_bank\[0\].gen_512.u_macro_din0\[0\] not found.
[STA-1650] /home/blogic2026/final_jtag/repo/asic/run/RUN_final_2026-09-06/56-openroad-rcx/nom/asic_top.nom.spef line 2876925, net ANTENNA_i_soc.i_data_sram.u_sram.gen_bank\[2\].gen_512.u_macro_din0\[0\] not found.
[STA-1650] /home/blogic2026/final_jtag/repo/asic/run/RUN_final_2026-09-06/56-openroad-rcx/nom/asic_top.nom.spef line 2876937, net ANTENNA_i_soc.i_data_sram.u_sram.gen_bank\[3\].gen_512.u_macro_din0\[0\] not found.
[STA-1650] /home/blogic2026/final_jtag/repo/asic/run/RUN_final_2026-09-06/56-openroad-rcx/nom/asic_top.nom.spef line 2876941, net ANTENNA_i_soc.i_data_sram.u_sram.gen_bank\[1\].gen_512.u_macro_din0\[0\] not found.
[STA-1650] /home/blogic2026/final_jtag/repo/asic/run/RUN_final_2026-09-06/56-openroad-rcx/nom/asic_top.nom.spef line 2876943, net ANTENNA_i_soc.i_data_sram.u_sram.gen_bank\[0\].gen_512.u_macro_din0\[0\] not found.
[STA-1648] /home/blogic2026/final_jtag/repo/asic/run/RUN_final_2026-09-06/56-openroad-rcx/nom/asic_top.nom.spef line 2876950, instance ANTENNA_i_soc.i_data_sram.u_sram.gen_bank\[1\].gen_512.u_macro_din0\[10\] not found.
[STA-1648] /home/blogic2026/final_jtag/repo/asic/run/RUN_final_2026-09-06/56-openroad-rcx/nom/asic_top.nom.spef line 2876952, instance ANTENNA_i_soc.i_data_sram.u_sram.gen_bank\[3\].gen_512.u_macro_din0\[10\] not found.
[STA-1648] /home/blogic2026/final_jtag/repo/asic/run/RUN_final_2026-09-06/56-openroad-rcx/nom/asic_top.nom.spef line 2876953, instance ANTENNA_i_soc.i_data_sram.u_sram.gen_bank\[0\].gen_512.u_macro_din0\[10\] not found.
[STA-1648] /home/blogic2026/final_jtag/repo/asic/run/RUN_final_2026-09-06/56-openroad-rcx/nom/asic_top.nom.spef line 2876955, instance ANTENNA_i_soc.i_data_sram.u_sram.gen_bank\[2\].gen_512.u_macro_din0\[10\] not found.
[STA-1650] /home/blogic2026/final_jtag/repo/asic/run/RUN_final_2026-09-06/56-openroad-rcx/nom/asic_top.nom.spef line 2876962, net ANTENNA_i_soc.i_data_sram.u_sram.gen_bank\[1\].gen_512.u_macro_din0\[10\] not found.
[STA-1650] /home/blogic2026/final_jtag/repo/asic/run/RUN_final_2026-09-06/56-openroad-rcx/nom/asic_top.nom.spef line 2876964, net ANTENNA_i_soc.i_data_sram.u_sram.gen_bank\[3\].gen_512.u_macro_din0\[10\] not found.
[STA-1650] /home/blogic2026/final_jtag/repo/asic/run/RUN_final_2026-09-06/56-openroad-rcx/nom/asic_top.nom.spef line 2876965, net ANTENNA_i_soc.i_data_sram.u_sram.gen_bank\[0\].gen_512.u_macro_din0\[10\] not found.
[STA-1650] /home/blogic2026/final_jtag/repo/asic/run/RUN_final_2026-09-06/56-openroad-rcx/nom/asic_top.nom.spef line 2876967, net ANTENNA_i_soc.i_data_sram.u_sram.gen_bank\[2\].gen_512.u_macro_din0\[10\] not found.
[STA-1650] /home/blogic2026/final_jtag/repo/asic/run/RUN_final_2026-09-06/56-openroad-rcx/nom/asic_top.nom.spef line 2876991, net ANTENNA_i_soc.i_data_sram.u_sram.gen_bank\[2\].gen_512.u_macro_din0\[10\] not found.
[STA-1650] /home/blogic2026/final_jtag/repo/asic/run/RUN_final_2026-09-06/56-openroad-rcx/nom/asic_top.nom.spef line 2876992, net ANTENNA_i_soc.i_data_sram.u_sram.gen_bank\[2\].gen_512.u_macro_din0\[10\] not found.
[STA-1650] /home/blogic2026/final_jtag/repo/asic/run/RUN_final_2026-09-06/56-openroad-rcx/nom/asic_top.nom.spef line 2876993, net ANTENNA_i_soc.i_data_sram.u_sram.gen_bank\[2\].gen_512.u_macro_din0\[10\] not found.
[STA-1650] /home/blogic2026/final_jtag/repo/asic/run/RUN_final_2026-09-06/56-openroad-rcx/nom/asic_top.nom.spef line 2876994, net ANTENNA_i_soc.i_data_sram.u_sram.gen_bank\[2\].gen_512.u_macro_din0\[10\] not found.
[STA-1650] /home/blogic2026/final_jtag/repo/asic/run/RUN_final_2026-09-06/56-openroad-rcx/nom/asic_top.nom.spef line 2877118, net ANTENNA_i_soc.i_data_sram.u_sram.gen_bank\[2\].gen_512.u_macro_din0\[10\] not found.
[STA-1650] /home/blogic2026/final_jtag/repo/asic/run/RUN_final_2026-09-06/56-openroad-rcx/nom/asic_top.nom.spef line 2877121, net ANTENNA_i_soc.i_data_sram.u_sram.gen_bank\[0\].gen_512.u_macro_din0\[10\] not found.
[STA-1650] /home/blogic2026/final_jtag/repo/asic/run/RUN_final_2026-09-06/56-openroad-rcx/nom/asic_top.nom.spef line 2877132, net ANTENNA_i_soc.i_data_sram.u_sram.gen_bank\[3\].gen_512.u_macro_din0\[10\] not found.
[STA-1650] /home/blogic2026/final_jtag/repo/asic/run/RUN_final_2026-09-06/56-openroad-rcx/nom/asic_top.nom.spef line 2877136, net ANTENNA_i_soc.i_data_sram.u_sram.gen_bank\[1\].gen_512.u_macro_din0\[10\] not found.
[STA-1648] /home/blogic2026/final_jtag/repo/asic/run/RUN_final_2026-09-06/56-openroad-rcx/nom/asic_top.nom.spef line 2877144, instance ANTENNA_i_soc.i_data_sram.u_sram.gen_bank\[2\].gen_512.u_macro_din0\[11\] not found.
[STA-1648] /home/blogic2026/final_jtag/repo/asic/run/RUN_final_2026-09-06/56-openroad-rcx/nom/asic_top.nom.spef line 2877146, instance ANTENNA_i_soc.i_data_sram.u_sram.gen_bank\[1\].gen_512.u_macro_din0\[11\] not found.
[STA-1648] /home/blogic2026/final_jtag/repo/asic/run/RUN_final_2026-09-06/56-openroad-rcx/nom/asic_top.nom.spef line 2877148, instance ANTENNA_i_soc.i_data_sram.u_sram.gen_bank\[3\].gen_512.u_macro_din0\[11\] not found.
[STA-1648] /home/blogic2026/final_jtag/repo/asic/run/RUN_final_2026-09-06/56-openroad-rcx/nom/asic_top.nom.spef line 2877150, instance ANTENNA_i_soc.i_data_sram.u_sram.gen_bank\[0\].gen_512.u_macro_din0\[11\] not found.
[STA-1650] /home/blogic2026/final_jtag/repo/asic/run/RUN_final_2026-09-06/56-openroad-rcx/nom/asic_top.nom.spef line 2877156, net ANTENNA_i_soc.i_data_sram.u_sram.gen_bank\[2\].gen_512.u_macro_din0\[11\] not found.
[STA-1650] /home/blogic2026/final_jtag/repo/asic/run/RUN_final_2026-09-06/56-openroad-rcx/nom/asic_top.nom.spef line 2877158, net ANTENNA_i_soc.i_data_sram.u_sram.gen_bank\[1\].gen_512.u_macro_din0\[11\] not found.
[STA-1650] /home/blogic2026/final_jtag/repo/asic/run/RUN_final_2026-09-06/56-openroad-rcx/nom/asic_top.nom.spef line 2877160, net ANTENNA_i_soc.i_data_sram.u_sram.gen_bank\[3\].gen_512.u_macro_din0\[11\] not found.
[STA-1650] /home/blogic2026/final_jtag/repo/asic/run/RUN_final_2026-09-06/56-openroad-rcx/nom/asic_top.nom.spef line 2877162, net ANTENNA_i_soc.i_data_sram.u_sram.gen_bank\[0\].gen_512.u_macro_din0\[11\] not found.
[STA-1650] /home/blogic2026/final_jtag/repo/asic/run/RUN_final_2026-09-06/56-openroad-rcx/nom/asic_top.nom.spef line 2877193, net ANTENNA_i_soc.i_data_sram.u_sram.gen_bank\[2\].gen_512.u_macro_din0\[11\] not found.
[STA-1650] /home/blogic2026/final_jtag/repo/asic/run/RUN_final_2026-09-06/56-openroad-rcx/nom/asic_top.nom.spef line 2877376, net ANTENNA_i_soc.i_data_sram.u_sram.gen_bank\[0\].gen_512.u_macro_din0\[11\] not found.
[STA-1650] /home/blogic2026/final_jtag/repo/asic/run/RUN_final_2026-09-06/56-openroad-rcx/nom/asic_top.nom.spef line 2877394, net ANTENNA_i_soc.i_data_sram.u_sram.gen_bank\[3\].gen_512.u_macro_din0\[11\] not found.
[STA-1650] /home/blogic2026/final_jtag/repo/asic/run/RUN_final_2026-09-06/56-openroad-rcx/nom/asic_top.nom.spef line 2877398, net ANTENNA_i_soc.i_data_sram.u_sram.gen_bank\[1\].gen_512.u_macro_din0\[11\] not found.
[STA-1650] /home/blogic2026/final_jtag/repo/asic/run/RUN_final_2026-09-06/56-openroad-rcx/nom/asic_top.nom.spef line 2877405, net ANTENNA_i_soc.i_data_sram.u_sram.gen_bank\[2\].gen_512.u_macro_din0\[11\] not found.
[STA-1648] /home/blogic2026/final_jtag/repo/asic/run/RUN_final_2026-09-06/56-openroad-rcx/nom/asic_top.nom.spef line 2877411, instance ANTENNA_i_soc.i_data_sram.u_sram.gen_bank\[0\].gen_512.u_macro_din0\[12\] not found.
[STA-1648] /home/blogic2026/final_jtag/repo/asic/run/RUN_final_2026-09-06/56-openroad-rcx/nom/asic_top.nom.spef line 2877414, instance ANTENNA_i_soc.i_data_sram.u_sram.gen_bank\[3\].gen_512.u_macro_din0\[12\] not found.
[STA-1648] /home/blogic2026/final_jtag/repo/asic/run/RUN_final_2026-09-06/56-openroad-rcx/nom/asic_top.nom.spef line 2877416, instance ANTENNA_i_soc.i_data_sram.u_sram.gen_bank\[1\].gen_512.u_macro_din0\[12\] not found.
[STA-1648] /home/blogic2026/final_jtag/repo/asic/run/RUN_final_2026-09-06/56-openroad-rcx/nom/asic_top.nom.spef line 2877418, instance ANTENNA_i_soc.i_data_sram.u_sram.gen_bank\[2\].gen_512.u_macro_din0\[12\] not found.
[STA-1650] /home/blogic2026/final_jtag/repo/asic/run/RUN_final_2026-09-06/56-openroad-rcx/nom/asic_top.nom.spef line 2877423, net ANTENNA_i_soc.i_data_sram.u_sram.gen_bank\[0\].gen_512.u_macro_din0\[12\] not found.
[STA-1650] /home/blogic2026/final_jtag/repo/asic/run/RUN_final_2026-09-06/56-openroad-rcx/nom/asic_top.nom.spef line 2877426, net ANTENNA_i_soc.i_data_sram.u_sram.gen_bank\[3\].gen_512.u_macro_din0\[12\] not found.
[STA-1650] /home/blogic2026/final_jtag/repo/asic/run/RUN_final_2026-09-06/56-openroad-rcx/nom/asic_top.nom.spef line 2877428, net ANTENNA_i_soc.i_data_sram.u_sram.gen_bank\[1\].gen_512.u_macro_din0\[12\] not found.
[STA-1650] /home/blogic2026/final_jtag/repo/asic/run/RUN_final_2026-09-06/56-openroad-rcx/nom/asic_top.nom.spef line 2877430, net ANTENNA_i_soc.i_data_sram.u_sram.gen_bank\[2\].gen_512.u_macro_din0\[12\] not found.
[STA-1650] /home/blogic2026/final_jtag/repo/asic/run/RUN_final_2026-09-06/56-openroad-rcx/nom/asic_top.nom.spef line 2877651, net ANTENNA_i_soc.i_data_sram.u_sram.gen_bank\[2\].gen_512.u_macro_din0\[12\] not found.
[STA-1650] /home/blogic2026/final_jtag/repo/asic/run/RUN_final_2026-09-06/56-openroad-rcx/nom/asic_top.nom.spef line 2877658, net ANTENNA_i_soc.i_data_sram.u_sram.gen_bank\[1\].gen_512.u_macro_din0\[12\] not found.
[STA-1650] /home/blogic2026/final_jtag/repo/asic/run/RUN_final_2026-09-06/56-openroad-rcx/nom/asic_top.nom.spef line 2877665, net ANTENNA_i_soc.i_data_sram.u_sram.gen_bank\[3\].gen_512.u_macro_din0\[12\] not found.
[STA-1650] /home/blogic2026/final_jtag/repo/asic/run/RUN_final_2026-09-06/56-openroad-rcx/nom/asic_top.nom.spef line 2877668, net ANTENNA_i_soc.i_data_sram.u_sram.gen_bank\[0\].gen_512.u_macro_din0\[12\] not found.
[STA-1648] /home/blogic2026/final_jtag/repo/asic/run/RUN_final_2026-09-06/56-openroad-rcx/nom/asic_top.nom.spef line 2877674, instance ANTENNA_i_soc.i_data_sram.u_sram.gen_bank\[0\].gen_512.u_macro_din0\[13\] not found.
[STA-1648] /home/blogic2026/final_jtag/repo/asic/run/RUN_final_2026-09-06/56-openroad-rcx/nom/asic_top.nom.spef line 2877677, instance ANTENNA_i_soc.i_data_sram.u_sram.gen_bank\[3\].gen_512.u_macro_din0\[13\] not found.
[STA-1648] /home/blogic2026/final_jtag/repo/asic/run/RUN_final_2026-09-06/56-openroad-rcx/nom/asic_top.nom.spef line 2877679, instance ANTENNA_i_soc.i_data_sram.u_sram.gen_bank\[1\].gen_512.u_macro_din0\[13\] not found.
[STA-1648] /home/blogic2026/final_jtag/repo/asic/run/RUN_final_2026-09-06/56-openroad-rcx/nom/asic_top.nom.spef line 2877680, instance ANTENNA_i_soc.i_data_sram.u_sram.gen_bank\[2\].gen_512.u_macro_din0\[13\] not found.
[STA-1650] /home/blogic2026/final_jtag/repo/asic/run/RUN_final_2026-09-06/56-openroad-rcx/nom/asic_top.nom.spef line 2877686, net ANTENNA_i_soc.i_data_sram.u_sram.gen_bank\[0\].gen_512.u_macro_din0\[13\] not found.
[STA-1650] /home/blogic2026/final_jtag/repo/asic/run/RUN_final_2026-09-06/56-openroad-rcx/nom/asic_top.nom.spef line 2877689, net ANTENNA_i_soc.i_data_sram.u_sram.gen_bank\[3\].gen_512.u_macro_din0\[13\] not found.
[STA-1650] /home/blogic2026/final_jtag/repo/asic/run/RUN_final_2026-09-06/56-openroad-rcx/nom/asic_top.nom.spef line 2877691, net ANTENNA_i_soc.i_data_sram.u_sram.gen_bank\[1\].gen_512.u_macro_din0\[13\] not found.
[STA-1650] /home/blogic2026/final_jtag/repo/asic/run/RUN_final_2026-09-06/56-openroad-rcx/nom/asic_top.nom.spef line 2877692, net ANTENNA_i_soc.i_data_sram.u_sram.gen_bank\[2\].gen_512.u_macro_din0\[13\] not found.
[STA-1650] /home/blogic2026/final_jtag/repo/asic/run/RUN_final_2026-09-06/56-openroad-rcx/nom/asic_top.nom.spef line 2877717, net ANTENNA_i_soc.i_data_sram.u_sram.gen_bank\[1\].gen_512.u_macro_din0\[13\] not found.
[STA-1650] /home/blogic2026/final_jtag/repo/asic/run/RUN_final_2026-09-06/56-openroad-rcx/nom/asic_top.nom.spef line 2877718, net ANTENNA_i_soc.i_data_sram.u_sram.gen_bank\[2\].gen_512.u_macro_din0\[13\] not found.
[STA-1650] /home/blogic2026/final_jtag/repo/asic/run/RUN_final_2026-09-06/56-openroad-rcx/nom/asic_top.nom.spef line 2877719, net ANTENNA_i_soc.i_data_sram.u_sram.gen_bank\[2\].gen_512.u_macro_din0\[13\] not found.
[STA-1650] /home/blogic2026/final_jtag/repo/asic/run/RUN_final_2026-09-06/56-openroad-rcx/nom/asic_top.nom.spef line 2877720, net ANTENNA_i_soc.i_data_sram.u_sram.gen_bank\[2\].gen_512.u_macro_din0\[13\] not found.
[STA-1650] /home/blogic2026/final_jtag/repo/asic/run/RUN_final_2026-09-06/56-openroad-rcx/nom/asic_top.nom.spef line 2877721, net ANTENNA_i_soc.i_data_sram.u_sram.gen_bank\[2\].gen_512.u_macro_din0\[13\] not found.
[STA-1650] /home/blogic2026/final_jtag/repo/asic/run/RUN_final_2026-09-06/56-openroad-rcx/nom/asic_top.nom.spef line 2877859, net ANTENNA_i_soc.i_data_sram.u_sram.gen_bank\[2\].gen_512.u_macro_din0\[13\] not found.
[STA-1650] /home/blogic2026/final_jtag/repo/asic/run/RUN_final_2026-09-06/56-openroad-rcx/nom/asic_top.nom.spef line 2877866, net ANTENNA_i_soc.i_data_sram.u_sram.gen_bank\[1\].gen_512.u_macro_din0\[13\] not found.
[STA-1650] /home/blogic2026/final_jtag/repo/asic/run/RUN_final_2026-09-06/56-openroad-rcx/nom/asic_top.nom.spef line 2877872, net ANTENNA_i_soc.i_data_sram.u_sram.gen_bank\[3\].gen_512.u_macro_din0\[13\] not found.
[STA-1650] /home/blogic2026/final_jtag/repo/asic/run/RUN_final_2026-09-06/56-openroad-rcx/nom/asic_top.nom.spef line 2877876, net ANTENNA_i_soc.i_data_sram.u_sram.gen_bank\[0\].gen_512.u_macro_din0\[13\] not found.
[STA-1648] /home/blogic2026/final_jtag/repo/asic/run/RUN_final_2026-09-06/56-openroad-rcx/nom/asic_top.nom.spef line 2877881, instance ANTENNA_i_soc.i_data_sram.u_sram.gen_bank\[0\].gen_512.u_macro_din0\[14\] not found.
[STA-1648] /home/blogic2026/final_jtag/repo/asic/run/RUN_final_2026-09-06/56-openroad-rcx/nom/asic_top.nom.spef line 2877885, instance ANTENNA_i_soc.i_data_sram.u_sram.gen_bank\[3\].gen_512.u_macro_din0\[14\] not found.
[STA-1648] /home/blogic2026/final_jtag/repo/asic/run/RUN_final_2026-09-06/56-openroad-rcx/nom/asic_top.nom.spef line 2877887, instance ANTENNA_i_soc.i_data_sram.u_sram.gen_bank\[1\].gen_512.u_macro_din0\[14\] not found.
[STA-1648] /home/blogic2026/final_jtag/repo/asic/run/RUN_final_2026-09-06/56-openroad-rcx/nom/asic_top.nom.spef line 2877889, instance ANTENNA_i_soc.i_data_sram.u_sram.gen_bank\[2\].gen_512.u_macro_din0\[14\] not found.
[STA-1650] /home/blogic2026/final_jtag/repo/asic/run/RUN_final_2026-09-06/56-openroad-rcx/nom/asic_top.nom.spef line 2877893, net ANTENNA_i_soc.i_data_sram.u_sram.gen_bank\[0\].gen_512.u_macro_din0\[14\] not found.
[STA-1650] /home/blogic2026/final_jtag/repo/asic/run/RUN_final_2026-09-06/56-openroad-rcx/nom/asic_top.nom.spef line 2877897, net ANTENNA_i_soc.i_data_sram.u_sram.gen_bank\[3\].gen_512.u_macro_din0\[14\] not found.
[STA-1650] /home/blogic2026/final_jtag/repo/asic/run/RUN_final_2026-09-06/56-openroad-rcx/nom/asic_top.nom.spef line 2877899, net ANTENNA_i_soc.i_data_sram.u_sram.gen_bank\[1\].gen_512.u_macro_din0\[14\] not found.
[STA-1650] /home/blogic2026/final_jtag/repo/asic/run/RUN_final_2026-09-06/56-openroad-rcx/nom/asic_top.nom.spef line 2877901, net ANTENNA_i_soc.i_data_sram.u_sram.gen_bank\[2\].gen_512.u_macro_din0\[14\] not found.
[STA-1650] /home/blogic2026/final_jtag/repo/asic/run/RUN_final_2026-09-06/56-openroad-rcx/nom/asic_top.nom.spef line 2877932, net ANTENNA_i_soc.i_data_sram.u_sram.gen_bank\[1\].gen_512.u_macro_din0\[14\] not found.
[STA-1650] /home/blogic2026/final_jtag/repo/asic/run/RUN_final_2026-09-06/56-openroad-rcx/nom/asic_top.nom.spef line 2877933, net ANTENNA_i_soc.i_data_sram.u_sram.gen_bank\[1\].gen_512.u_macro_din0\[14\] not found.
[STA-1650] /home/blogic2026/final_jtag/repo/asic/run/RUN_final_2026-09-06/56-openroad-rcx/nom/asic_top.nom.spef line 2877934, net ANTENNA_i_soc.i_data_sram.u_sram.gen_bank\[2\].gen_512.u_macro_din0\[14\] not found.
[STA-1650] /home/blogic2026/final_jtag/repo/asic/run/RUN_final_2026-09-06/56-openroad-rcx/nom/asic_top.nom.spef line 2878151, net ANTENNA_i_soc.i_data_sram.u_sram.gen_bank\[2\].gen_512.u_macro_din0\[14\] not found.
[STA-1650] /home/blogic2026/final_jtag/repo/asic/run/RUN_final_2026-09-06/56-openroad-rcx/nom/asic_top.nom.spef line 2878163, net ANTENNA_i_soc.i_data_sram.u_sram.gen_bank\[1\].gen_512.u_macro_din0\[14\] not found.
[STA-1650] /home/blogic2026/final_jtag/repo/asic/run/RUN_final_2026-09-06/56-openroad-rcx/nom/asic_top.nom.spef line 2878169, net ANTENNA_i_soc.i_data_sram.u_sram.gen_bank\[3\].gen_512.u_macro_din0\[14\] not found.
[STA-1650] /home/blogic2026/final_jtag/repo/asic/run/RUN_final_2026-09-06/56-openroad-rcx/nom/asic_top.nom.spef line 2878173, net ANTENNA_i_soc.i_data_sram.u_sram.gen_bank\[0\].gen_512.u_macro_din0\[14\] not found.
[STA-1648] /home/blogic2026/final_jtag/repo/asic/run/RUN_final_2026-09-06/56-openroad-rcx/nom/asic_top.nom.spef line 2878180, instance ANTENNA_i_soc.i_data_sram.u_sram.gen_bank\[3\].gen_512.u_macro_din0\[15\] not found.
[STA-1648] /home/blogic2026/final_jtag/repo/asic/run/RUN_final_2026-09-06/56-openroad-rcx/nom/asic_top.nom.spef line 2878182, instance ANTENNA_i_soc.i_data_sram.u_sram.gen_bank\[1\].gen_512.u_macro_din0\[15\] not found.
[STA-1648] /home/blogic2026/final_jtag/repo/asic/run/RUN_final_2026-09-06/56-openroad-rcx/nom/asic_top.nom.spef line 2878184, instance ANTENNA_i_soc.i_data_sram.u_sram.gen_bank\[2\].gen_512.u_macro_din0\[15\] not found.
[STA-1648] /home/blogic2026/final_jtag/repo/asic/run/RUN_final_2026-09-06/56-openroad-rcx/nom/asic_top.nom.spef line 2878185, instance ANTENNA_i_soc.i_data_sram.u_sram.gen_bank\[0\].gen_512.u_macro_din0\[15\] not found.
[STA-1650] /home/blogic2026/final_jtag/repo/asic/run/RUN_final_2026-09-06/56-openroad-rcx/nom/asic_top.nom.spef line 2878192, net ANTENNA_i_soc.i_data_sram.u_sram.gen_bank\[3\].gen_512.u_macro_din0\[15\] not found.
[STA-1650] /home/blogic2026/final_jtag/repo/asic/run/RUN_final_2026-09-06/56-openroad-rcx/nom/asic_top.nom.spef line 2878194, net ANTENNA_i_soc.i_data_sram.u_sram.gen_bank\[1\].gen_512.u_macro_din0\[15\] not found.
[STA-1650] /home/blogic2026/final_jtag/repo/asic/run/RUN_final_2026-09-06/56-openroad-rcx/nom/asic_top.nom.spef line 2878196, net ANTENNA_i_soc.i_data_sram.u_sram.gen_bank\[2\].gen_512.u_macro_din0\[15\] not found.
[STA-1650] /home/blogic2026/final_jtag/repo/asic/run/RUN_final_2026-09-06/56-openroad-rcx/nom/asic_top.nom.spef line 2878197, net ANTENNA_i_soc.i_data_sram.u_sram.gen_bank\[0\].gen_512.u_macro_din0\[15\] not found.
[STA-1650] /home/blogic2026/final_jtag/repo/asic/run/RUN_final_2026-09-06/56-openroad-rcx/nom/asic_top.nom.spef line 2878218, net ANTENNA_i_soc.i_data_sram.u_sram.gen_bank\[0\].gen_512.u_macro_din0\[16\] not found.
[STA-1650] /home/blogic2026/final_jtag/repo/asic/run/RUN_final_2026-09-06/56-openroad-rcx/nom/asic_top.nom.spef line 2878219, net ANTENNA_i_soc.i_data_sram.u_sram.gen_bank\[0\].gen_512.u_macro_din0\[17\] not found.
[STA-1650] /home/blogic2026/final_jtag/repo/asic/run/RUN_final_2026-09-06/56-openroad-rcx/nom/asic_top.nom.spef line 2878223, net ANTENNA_i_soc.i_data_sram.u_sram.gen_bank\[0\].gen_512.u_macro_din0\[15\] not found.
[STA-1650] /home/blogic2026/final_jtag/repo/asic/run/RUN_final_2026-09-06/56-openroad-rcx/nom/asic_top.nom.spef line 2878224, net ANTENNA_i_soc.i_data_sram.u_sram.gen_bank\[0\].gen_512.u_macro_din0\[15\] not found.
[STA-1650] /home/blogic2026/final_jtag/repo/asic/run/RUN_final_2026-09-06/56-openroad-rcx/nom/asic_top.nom.spef line 2878237, net ANTENNA_i_soc.i_data_sram.u_sram.gen_bank\[0\].gen_512.u_macro_din0\[17\] not found.
[STA-1650] /home/blogic2026/final_jtag/repo/asic/run/RUN_final_2026-09-06/56-openroad-rcx/nom/asic_top.nom.spef line 2878365, net ANTENNA_i_soc.i_data_sram.u_sram.gen_bank\[0\].gen_512.u_macro_din0\[15\] not found.
[STA-1650] /home/blogic2026/final_jtag/repo/asic/run/RUN_final_2026-09-06/56-openroad-rcx/nom/asic_top.nom.spef line 2878374, net ANTENNA_i_soc.i_data_sram.u_sram.gen_bank\[2\].gen_512.u_macro_din0\[15\] not found.
[STA-1650] /home/blogic2026/final_jtag/repo/asic/run/RUN_final_2026-09-06/56-openroad-rcx/nom/asic_top.nom.spef line 2878382, net ANTENNA_i_soc.i_data_sram.u_sram.gen_bank\[1\].gen_512.u_macro_din0\[15\] not found.
[STA-1650] /home/blogic2026/final_jtag/repo/asic/run/RUN_final_2026-09-06/56-openroad-rcx/nom/asic_top.nom.spef line 2878388, net ANTENNA_i_soc.i_data_sram.u_sram.gen_bank\[3\].gen_512.u_macro_din0\[15\] not found.
[STA-1650] /home/blogic2026/final_jtag/repo/asic/run/RUN_final_2026-09-06/56-openroad-rcx/nom/asic_top.nom.spef line 2878391, net ANTENNA_i_soc.i_data_sram.u_sram.gen_bank\[0\].gen_512.u_macro_din0\[15\] not found.
[STA-1648] /home/blogic2026/final_jtag/repo/asic/run/RUN_final_2026-09-06/56-openroad-rcx/nom/asic_top.nom.spef line 2878396, instance ANTENNA_i_soc.i_data_sram.u_sram.gen_bank\[1\].gen_512.u_macro_din0\[16\] not found.
[STA-1648] /home/blogic2026/final_jtag/repo/asic/run/RUN_final_2026-09-06/56-openroad-rcx/nom/asic_top.nom.spef line 2878398, instance ANTENNA_i_soc.i_data_sram.u_sram.gen_bank\[3\].gen_512.u_macro_din0\[16\] not found.
[STA-1648] /home/blogic2026/final_jtag/repo/asic/run/RUN_final_2026-09-06/56-openroad-rcx/nom/asic_top.nom.spef line 2878400, instance ANTENNA_i_soc.i_data_sram.u_sram.gen_bank\[2\].gen_512.u_macro_din0\[16\] not found.
[STA-1648] /home/blogic2026/final_jtag/repo/asic/run/RUN_final_2026-09-06/56-openroad-rcx/nom/asic_top.nom.spef line 2878402, instance ANTENNA_i_soc.i_data_sram.u_sram.gen_bank\[0\].gen_512.u_macro_din0\[16\] not found.
[STA-1650] /home/blogic2026/final_jtag/repo/asic/run/RUN_final_2026-09-06/56-openroad-rcx/nom/asic_top.nom.spef line 2878408, net ANTENNA_i_soc.i_data_sram.u_sram.gen_bank\[1\].gen_512.u_macro_din0\[16\] not found.
[STA-1650] /home/blogic2026/final_jtag/repo/asic/run/RUN_final_2026-09-06/56-openroad-rcx/nom/asic_top.nom.spef line 2878410, net ANTENNA_i_soc.i_data_sram.u_sram.gen_bank\[3\].gen_512.u_macro_din0\[16\] not found.
[STA-1650] /home/blogic2026/final_jtag/repo/asic/run/RUN_final_2026-09-06/56-openroad-rcx/nom/asic_top.nom.spef line 2878412, net ANTENNA_i_soc.i_data_sram.u_sram.gen_bank\[2\].gen_512.u_macro_din0\[16\] not found.
[STA-1650] /home/blogic2026/final_jtag/repo/asic/run/RUN_final_2026-09-06/56-openroad-rcx/nom/asic_top.nom.spef line 2878414, net ANTENNA_i_soc.i_data_sram.u_sram.gen_bank\[0\].gen_512.u_macro_din0\[16\] not found.
[STA-1650] /home/blogic2026/final_jtag/repo/asic/run/RUN_final_2026-09-06/56-openroad-rcx/nom/asic_top.nom.spef line 2878438, net ANTENNA_i_soc.i_data_sram.u_sram.gen_bank\[0\].gen_512.u_macro_din0\[16\] not found.
[STA-1650] /home/blogic2026/final_jtag/repo/asic/run/RUN_final_2026-09-06/56-openroad-rcx/nom/asic_top.nom.spef line 2878439, net ANTENNA_i_soc.i_data_sram.u_sram.gen_bank\[1\].gen_512.u_macro_din0\[16\] not found.
[STA-1650] /home/blogic2026/final_jtag/repo/asic/run/RUN_final_2026-09-06/56-openroad-rcx/nom/asic_top.nom.spef line 2878440, net ANTENNA_i_soc.i_data_sram.u_sram.gen_bank\[1\].gen_512.u_macro_din0\[16\] not found.
[STA-1650] /home/blogic2026/final_jtag/repo/asic/run/RUN_final_2026-09-06/56-openroad-rcx/nom/asic_top.nom.spef line 2878441, net ANTENNA_i_soc.i_data_sram.u_sram.gen_bank\[2\].gen_512.u_macro_din0\[16\] not found.
[STA-1650] /home/blogic2026/final_jtag/repo/asic/run/RUN_final_2026-09-06/56-openroad-rcx/nom/asic_top.nom.spef line 2878442, net ANTENNA_i_soc.i_data_sram.u_sram.gen_bank\[2\].gen_512.u_macro_din0\[16\] not found.
[STA-1650] /home/blogic2026/final_jtag/repo/asic/run/RUN_final_2026-09-06/56-openroad-rcx/nom/asic_top.nom.spef line 2878506, net ANTENNA_i_soc.i_data_sram.u_sram.gen_bank\[2\].gen_512.u_macro_din0\[3\] not found.
[STA-1650] /home/blogic2026/final_jtag/repo/asic/run/RUN_final_2026-09-06/56-openroad-rcx/nom/asic_top.nom.spef line 2878507, net ANTENNA_i_soc.i_data_sram.u_sram.gen_bank\[2\].gen_512.u_macro_din0\[6\] not found.
[STA-1650] /home/blogic2026/final_jtag/repo/asic/run/RUN_final_2026-09-06/56-openroad-rcx/nom/asic_top.nom.spef line 2878542, net ANTENNA_i_soc.i_data_sram.u_sram.gen_bank\[0\].gen_512.u_macro_din0\[16\] not found.
[STA-1650] /home/blogic2026/final_jtag/repo/asic/run/RUN_final_2026-09-06/56-openroad-rcx/nom/asic_top.nom.spef line 2878543, net ANTENNA_i_soc.i_data_sram.u_sram.gen_bank\[2\].gen_512.u_macro_din0\[10\] not found.
[STA-1650] /home/blogic2026/final_jtag/repo/asic/run/RUN_final_2026-09-06/56-openroad-rcx/nom/asic_top.nom.spef line 2878553, net ANTENNA_i_soc.i_data_sram.u_sram.gen_bank\[0\].gen_512.u_macro_din0\[16\] not found.
[STA-1650] /home/blogic2026/final_jtag/repo/asic/run/RUN_final_2026-09-06/56-openroad-rcx/nom/asic_top.nom.spef line 2878571, net ANTENNA_i_soc.i_data_sram.u_sram.gen_bank\[0\].gen_512.u_macro_din0\[16\] not found.
[STA-1650] /home/blogic2026/final_jtag/repo/asic/run/RUN_final_2026-09-06/56-openroad-rcx/nom/asic_top.nom.spef line 2878579, net ANTENNA_i_soc.i_data_sram.u_sram.gen_bank\[2\].gen_512.u_macro_din0\[16\] not found.
[STA-1650] /home/blogic2026/final_jtag/repo/asic/run/RUN_final_2026-09-06/56-openroad-rcx/nom/asic_top.nom.spef line 2878588, net ANTENNA_i_soc.i_data_sram.u_sram.gen_bank\[3\].gen_512.u_macro_din0\[16\] not found.
[STA-1650] /home/blogic2026/final_jtag/repo/asic/run/RUN_final_2026-09-06/56-openroad-rcx/nom/asic_top.nom.spef line 2878592, net ANTENNA_i_soc.i_data_sram.u_sram.gen_bank\[1\].gen_512.u_macro_din0\[16\] not found.
[STA-1648] /home/blogic2026/final_jtag/repo/asic/run/RUN_final_2026-09-06/56-openroad-rcx/nom/asic_top.nom.spef line 2878599, instance ANTENNA_i_soc.i_data_sram.u_sram.gen_bank\[1\].gen_512.u_macro_din0\[17\] not found.
[STA-1648] /home/blogic2026/final_jtag/repo/asic/run/RUN_final_2026-09-06/56-openroad-rcx/nom/asic_top.nom.spef line 2878601, instance ANTENNA_i_soc.i_data_sram.u_sram.gen_bank\[3\].gen_512.u_macro_din0\[17\] not found.
[STA-1648] /home/blogic2026/final_jtag/repo/asic/run/RUN_final_2026-09-06/56-openroad-rcx/nom/asic_top.nom.spef line 2878603, instance ANTENNA_i_soc.i_data_sram.u_sram.gen_bank\[2\].gen_512.u_macro_din0\[17\] not found.
[STA-1648] /home/blogic2026/final_jtag/repo/asic/run/RUN_final_2026-09-06/56-openroad-rcx/nom/asic_top.nom.spef line 2878605, instance ANTENNA_i_soc.i_data_sram.u_sram.gen_bank\[0\].gen_512.u_macro_din0\[17\] not found.
[STA-1650] /home/blogic2026/final_jtag/repo/asic/run/RUN_final_2026-09-06/56-openroad-rcx/nom/asic_top.nom.spef line 2878611, net ANTENNA_i_soc.i_data_sram.u_sram.gen_bank\[1\].gen_512.u_macro_din0\[17\] not found.
[STA-1650] /home/blogic2026/final_jtag/repo/asic/run/RUN_final_2026-09-06/56-openroad-rcx/nom/asic_top.nom.spef line 2878613, net ANTENNA_i_soc.i_data_sram.u_sram.gen_bank\[3\].gen_512.u_macro_din0\[17\] not found.
[STA-1650] /home/blogic2026/final_jtag/repo/asic/run/RUN_final_2026-09-06/56-openroad-rcx/nom/asic_top.nom.spef line 2878615, net ANTENNA_i_soc.i_data_sram.u_sram.gen_bank\[2\].gen_512.u_macro_din0\[17\] not found.
[STA-1650] /home/blogic2026/final_jtag/repo/asic/run/RUN_final_2026-09-06/56-openroad-rcx/nom/asic_top.nom.spef line 2878617, net ANTENNA_i_soc.i_data_sram.u_sram.gen_bank\[0\].gen_512.u_macro_din0\[17\] not found.
[STA-1650] /home/blogic2026/final_jtag/repo/asic/run/RUN_final_2026-09-06/56-openroad-rcx/nom/asic_top.nom.spef line 2878647, net ANTENNA_i_soc.i_data_sram.u_sram.gen_bank\[0\].gen_512.u_macro_din0\[17\] not found.
[STA-1650] /home/blogic2026/final_jtag/repo/asic/run/RUN_final_2026-09-06/56-openroad-rcx/nom/asic_top.nom.spef line 2878648, net ANTENNA_i_soc.i_data_sram.u_sram.gen_bank\[1\].gen_512.u_macro_din0\[17\] not found.
[STA-1650] /home/blogic2026/final_jtag/repo/asic/run/RUN_final_2026-09-06/56-openroad-rcx/nom/asic_top.nom.spef line 2878649, net ANTENNA_i_soc.i_data_sram.u_sram.gen_bank\[1\].gen_512.u_macro_din0\[17\] not found.
[STA-1650] /home/blogic2026/final_jtag/repo/asic/run/RUN_final_2026-09-06/56-openroad-rcx/nom/asic_top.nom.spef line 2878650, net ANTENNA_i_soc.i_data_sram.u_sram.gen_bank\[2\].gen_512.u_macro_din0\[17\] not found.
[STA-1650] /home/blogic2026/final_jtag/repo/asic/run/RUN_final_2026-09-06/56-openroad-rcx/nom/asic_top.nom.spef line 2878651, net ANTENNA_i_soc.i_data_sram.u_sram.gen_bank\[2\].gen_512.u_macro_din0\[17\] not found.
[STA-1650] /home/blogic2026/final_jtag/repo/asic/run/RUN_final_2026-09-06/56-openroad-rcx/nom/asic_top.nom.spef line 2878803, net ANTENNA_i_soc.i_data_sram.u_sram.gen_bank\[0\].gen_512.u_macro_din0\[17\] not found.
[STA-1650] /home/blogic2026/final_jtag/repo/asic/run/RUN_final_2026-09-06/56-openroad-rcx/nom/asic_top.nom.spef line 2878804, net ANTENNA_i_soc.i_data_sram.u_sram.gen_bank\[2\].gen_512.u_macro_din0\[13\] not found.
[STA-1650] /home/blogic2026/final_jtag/repo/asic/run/RUN_final_2026-09-06/56-openroad-rcx/nom/asic_top.nom.spef line 2878805, net ANTENNA_i_soc.i_data_sram.u_sram.gen_bank\[2\].gen_512.u_macro_din0\[16\] not found.
[STA-1650] /home/blogic2026/final_jtag/repo/asic/run/RUN_final_2026-09-06/56-openroad-rcx/nom/asic_top.nom.spef line 2878823, net ANTENNA_i_soc.i_data_sram.u_sram.gen_bank\[0\].gen_512.u_macro_din0\[17\] not found.
[STA-1650] /home/blogic2026/final_jtag/repo/asic/run/RUN_final_2026-09-06/56-openroad-rcx/nom/asic_top.nom.spef line 2878833, net ANTENNA_i_soc.i_data_sram.u_sram.gen_bank\[0\].gen_512.u_macro_din0\[17\] not found.
[STA-1650] /home/blogic2026/final_jtag/repo/asic/run/RUN_final_2026-09-06/56-openroad-rcx/nom/asic_top.nom.spef line 2878849, net ANTENNA_i_soc.i_data_sram.u_sram.gen_bank\[0\].gen_512.u_macro_din0\[17\] not found.
[STA-1650] /home/blogic2026/final_jtag/repo/asic/run/RUN_final_2026-09-06/56-openroad-rcx/nom/asic_top.nom.spef line 2878863, net ANTENNA_i_soc.i_data_sram.u_sram.gen_bank\[2\].gen_512.u_macro_din0\[17\] not found.
[STA-1650] /home/blogic2026/final_jtag/repo/asic/run/RUN_final_2026-09-06/56-openroad-rcx/nom/asic_top.nom.spef line 2878872, net ANTENNA_i_soc.i_data_sram.u_sram.gen_bank\[3\].gen_512.u_macro_din0\[17\] not found.
[STA-1650] /home/blogic2026/final_jtag/repo/asic/run/RUN_final_2026-09-06/56-openroad-rcx/nom/asic_top.nom.spef line 2878877, net ANTENNA_i_soc.i_data_sram.u_sram.gen_bank\[1\].gen_512.u_macro_din0\[17\] not found.
[STA-1648] /home/blogic2026/final_jtag/repo/asic/run/RUN_final_2026-09-06/56-openroad-rcx/nom/asic_top.nom.spef line 2878885, instance ANTENNA_i_soc.i_data_sram.u_sram.gen_bank\[1\].gen_512.u_macro_din0\[18\] not found.
[STA-1648] /home/blogic2026/final_jtag/repo/asic/run/RUN_final_2026-09-06/56-openroad-rcx/nom/asic_top.nom.spef line 2878887, instance ANTENNA_i_soc.i_data_sram.u_sram.gen_bank\[3\].gen_512.u_macro_din0\[18\] not found.
[STA-1648] /home/blogic2026/final_jtag/repo/asic/run/RUN_final_2026-09-06/56-openroad-rcx/nom/asic_top.nom.spef line 2878889, instance ANTENNA_i_soc.i_data_sram.u_sram.gen_bank\[2\].gen_512.u_macro_din0\[18\] not found.
[STA-1648] /home/blogic2026/final_jtag/repo/asic/run/RUN_final_2026-09-06/56-openroad-rcx/nom/asic_top.nom.spef line 2878891, instance ANTENNA_i_soc.i_data_sram.u_sram.gen_bank\[0\].gen_512.u_macro_din0\[18\] not found.
[STA-1650] /home/blogic2026/final_jtag/repo/asic/run/RUN_final_2026-09-06/56-openroad-rcx/nom/asic_top.nom.spef line 2878897, net ANTENNA_i_soc.i_data_sram.u_sram.gen_bank\[1\].gen_512.u_macro_din0\[18\] not found.
[STA-1650] /home/blogic2026/final_jtag/repo/asic/run/RUN_final_2026-09-06/56-openroad-rcx/nom/asic_top.nom.spef line 2878899, net ANTENNA_i_soc.i_data_sram.u_sram.gen_bank\[3\].gen_512.u_macro_din0\[18\] not found.
[STA-1650] /home/blogic2026/final_jtag/repo/asic/run/RUN_final_2026-09-06/56-openroad-rcx/nom/asic_top.nom.spef line 2878901, net ANTENNA_i_soc.i_data_sram.u_sram.gen_bank\[2\].gen_512.u_macro_din0\[18\] not found.
[STA-1650] /home/blogic2026/final_jtag/repo/asic/run/RUN_final_2026-09-06/56-openroad-rcx/nom/asic_top.nom.spef line 2878903, net ANTENNA_i_soc.i_data_sram.u_sram.gen_bank\[0\].gen_512.u_macro_din0\[18\] not found.
[STA-1650] /home/blogic2026/final_jtag/repo/asic/run/RUN_final_2026-09-06/56-openroad-rcx/nom/asic_top.nom.spef line 2878925, net ANTENNA_i_soc.i_data_sram.u_sram.gen_bank\[0\].gen_512.u_macro_din0\[18\] not found.
[STA-1650] /home/blogic2026/final_jtag/repo/asic/run/RUN_final_2026-09-06/56-openroad-rcx/nom/asic_top.nom.spef line 2878926, net ANTENNA_i_soc.i_data_sram.u_sram.gen_bank\[2\].gen_512.u_macro_din0\[18\] not found.
[STA-1650] /home/blogic2026/final_jtag/repo/asic/run/RUN_final_2026-09-06/56-openroad-rcx/nom/asic_top.nom.spef line 2878927, net ANTENNA_i_soc.i_data_sram.u_sram.gen_bank\[2\].gen_512.u_macro_din0\[18\] not found.
[STA-1650] /home/blogic2026/final_jtag/repo/asic/run/RUN_final_2026-09-06/56-openroad-rcx/nom/asic_top.nom.spef line 2879049, net ANTENNA_i_soc.i_data_sram.u_sram.gen_bank\[0\].gen_512.u_macro_din0\[18\] not found.
[STA-1650] /home/blogic2026/final_jtag/repo/asic/run/RUN_final_2026-09-06/56-openroad-rcx/nom/asic_top.nom.spef line 2879057, net ANTENNA_i_soc.i_data_sram.u_sram.gen_bank\[2\].gen_512.u_macro_din0\[18\] not found.
[STA-1650] /home/blogic2026/final_jtag/repo/asic/run/RUN_final_2026-09-06/56-openroad-rcx/nom/asic_top.nom.spef line 2879066, net ANTENNA_i_soc.i_data_sram.u_sram.gen_bank\[3\].gen_512.u_macro_din0\[18\] not found.
[STA-1650] /home/blogic2026/final_jtag/repo/asic/run/RUN_final_2026-09-06/56-openroad-rcx/nom/asic_top.nom.spef line 2879070, net ANTENNA_i_soc.i_data_sram.u_sram.gen_bank\[1\].gen_512.u_macro_din0\[18\] not found.
[STA-1648] /home/blogic2026/final_jtag/repo/asic/run/RUN_final_2026-09-06/56-openroad-rcx/nom/asic_top.nom.spef line 2879078, instance ANTENNA_i_soc.i_data_sram.u_sram.gen_bank\[1\].gen_512.u_macro_din0\[19\] not found.
[STA-1648] /home/blogic2026/final_jtag/repo/asic/run/RUN_final_2026-09-06/56-openroad-rcx/nom/asic_top.nom.spef line 2879080, instance ANTENNA_i_soc.i_data_sram.u_sram.gen_bank\[3\].gen_512.u_macro_din0\[19\] not found.
[STA-1648] /home/blogic2026/final_jtag/repo/asic/run/RUN_final_2026-09-06/56-openroad-rcx/nom/asic_top.nom.spef line 2879081, instance ANTENNA_i_soc.i_data_sram.u_sram.gen_bank\[0\].gen_512.u_macro_din0\[19\] not found.
[STA-1648] /home/blogic2026/final_jtag/repo/asic/run/RUN_final_2026-09-06/56-openroad-rcx/nom/asic_top.nom.spef line 2879083, instance ANTENNA_i_soc.i_data_sram.u_sram.gen_bank\[2\].gen_512.u_macro_din0\[19\] not found.
[STA-1650] /home/blogic2026/final_jtag/repo/asic/run/RUN_final_2026-09-06/56-openroad-rcx/nom/asic_top.nom.spef line 2879090, net ANTENNA_i_soc.i_data_sram.u_sram.gen_bank\[1\].gen_512.u_macro_din0\[19\] not found.
[STA-1650] /home/blogic2026/final_jtag/repo/asic/run/RUN_final_2026-09-06/56-openroad-rcx/nom/asic_top.nom.spef line 2879092, net ANTENNA_i_soc.i_data_sram.u_sram.gen_bank\[3\].gen_512.u_macro_din0\[19\] not found.
[STA-1650] /home/blogic2026/final_jtag/repo/asic/run/RUN_final_2026-09-06/56-openroad-rcx/nom/asic_top.nom.spef line 2879093, net ANTENNA_i_soc.i_data_sram.u_sram.gen_bank\[0\].gen_512.u_macro_din0\[19\] not found.
[STA-1650] /home/blogic2026/final_jtag/repo/asic/run/RUN_final_2026-09-06/56-openroad-rcx/nom/asic_top.nom.spef line 2879095, net ANTENNA_i_soc.i_data_sram.u_sram.gen_bank\[2\].gen_512.u_macro_din0\[19\] not found.
[STA-1650] /home/blogic2026/final_jtag/repo/asic/run/RUN_final_2026-09-06/56-openroad-rcx/nom/asic_top.nom.spef line 2879124, net ANTENNA_i_soc.i_data_sram.u_sram.gen_bank\[2\].gen_512.u_macro_din0\[19\] not found.
[STA-1650] /home/blogic2026/final_jtag/repo/asic/run/RUN_final_2026-09-06/56-openroad-rcx/nom/asic_top.nom.spef line 2879237, net ANTENNA_i_soc.i_data_sram.u_sram.gen_bank\[0\].gen_512.u_macro_din0\[21\] not found.
[STA-1650] /home/blogic2026/final_jtag/repo/asic/run/RUN_final_2026-09-06/56-openroad-rcx/nom/asic_top.nom.spef line 2879258, net ANTENNA_i_soc.i_data_sram.u_sram.gen_bank\[2\].gen_512.u_macro_din0\[13\] not found.
[STA-1650] /home/blogic2026/final_jtag/repo/asic/run/RUN_final_2026-09-06/56-openroad-rcx/nom/asic_top.nom.spef line 2879259, net ANTENNA_i_soc.i_data_sram.u_sram.gen_bank\[2\].gen_512.u_macro_din0\[17\] not found.
[STA-1650] /home/blogic2026/final_jtag/repo/asic/run/RUN_final_2026-09-06/56-openroad-rcx/nom/asic_top.nom.spef line 2879260, net ANTENNA_i_soc.i_data_sram.u_sram.gen_bank\[2\].gen_512.u_macro_din0\[18\] not found.
[STA-1650] /home/blogic2026/final_jtag/repo/asic/run/RUN_final_2026-09-06/56-openroad-rcx/nom/asic_top.nom.spef line 2879336, net ANTENNA_i_soc.i_data_sram.u_sram.gen_bank\[2\].gen_512.u_macro_din0\[19\] not found.
[STA-1650] /home/blogic2026/final_jtag/repo/asic/run/RUN_final_2026-09-06/56-openroad-rcx/nom/asic_top.nom.spef line 2879338, net ANTENNA_i_soc.i_data_sram.u_sram.gen_bank\[0\].gen_512.u_macro_din0\[19\] not found.
[STA-1650] /home/blogic2026/final_jtag/repo/asic/run/RUN_final_2026-09-06/56-openroad-rcx/nom/asic_top.nom.spef line 2879353, net ANTENNA_i_soc.i_data_sram.u_sram.gen_bank\[3\].gen_512.u_macro_din0\[19\] not found.
[STA-1650] /home/blogic2026/final_jtag/repo/asic/run/RUN_final_2026-09-06/56-openroad-rcx/nom/asic_top.nom.spef line 2879357, net ANTENNA_i_soc.i_data_sram.u_sram.gen_bank\[1\].gen_512.u_macro_din0\[19\] not found.
[STA-1648] /home/blogic2026/final_jtag/repo/asic/run/RUN_final_2026-09-06/56-openroad-rcx/nom/asic_top.nom.spef line 2879365, instance ANTENNA_i_soc.i_data_sram.u_sram.gen_bank\[2\].gen_512.u_macro_din0\[1\] not found.
[STA-1648] /home/blogic2026/final_jtag/repo/asic/run/RUN_final_2026-09-06/56-openroad-rcx/nom/asic_top.nom.spef line 2879368, instance ANTENNA_i_soc.i_data_sram.u_sram.gen_bank\[3\].gen_512.u_macro_din0\[1\] not found.
[STA-1648] /home/blogic2026/final_jtag/repo/asic/run/RUN_final_2026-09-06/56-openroad-rcx/nom/asic_top.nom.spef line 2879370, instance ANTENNA_i_soc.i_data_sram.u_sram.gen_bank\[1\].gen_512.u_macro_din0\[1\] not found.
[STA-1648] /home/blogic2026/final_jtag/repo/asic/run/RUN_final_2026-09-06/56-openroad-rcx/nom/asic_top.nom.spef line 2879371, instance ANTENNA_i_soc.i_data_sram.u_sram.gen_bank\[0\].gen_512.u_macro_din0\[1\] not found.
[STA-1650] /home/blogic2026/final_jtag/repo/asic/run/RUN_final_2026-09-06/56-openroad-rcx/nom/asic_top.nom.spef line 2879377, net ANTENNA_i_soc.i_data_sram.u_sram.gen_bank\[2\].gen_512.u_macro_din0\[1\] not found.
[STA-1650] /home/blogic2026/final_jtag/repo/asic/run/RUN_final_2026-09-06/56-openroad-rcx/nom/asic_top.nom.spef line 2879380, net ANTENNA_i_soc.i_data_sram.u_sram.gen_bank\[3\].gen_512.u_macro_din0\[1\] not found.
[STA-1650] /home/blogic2026/final_jtag/repo/asic/run/RUN_final_2026-09-06/56-openroad-rcx/nom/asic_top.nom.spef line 2879382, net ANTENNA_i_soc.i_data_sram.u_sram.gen_bank\[1\].gen_512.u_macro_din0\[1\] not found.
[STA-1650] /home/blogic2026/final_jtag/repo/asic/run/RUN_final_2026-09-06/56-openroad-rcx/nom/asic_top.nom.spef line 2879383, net ANTENNA_i_soc.i_data_sram.u_sram.gen_bank\[0\].gen_512.u_macro_din0\[1\] not found.
[STA-1650] /home/blogic2026/final_jtag/repo/asic/run/RUN_final_2026-09-06/56-openroad-rcx/nom/asic_top.nom.spef line 2879408, net ANTENNA_i_soc.i_data_sram.u_sram.gen_bank\[3\].gen_512.u_macro_din0\[1\] not found.
[STA-1650] /home/blogic2026/final_jtag/repo/asic/run/RUN_final_2026-09-06/56-openroad-rcx/nom/asic_top.nom.spef line 2879578, net ANTENNA_i_soc.i_data_sram.u_sram.gen_bank\[0\].gen_512.u_macro_din0\[0\] not found.
[STA-1650] /home/blogic2026/final_jtag/repo/asic/run/RUN_final_2026-09-06/56-openroad-rcx/nom/asic_top.nom.spef line 2879595, net ANTENNA_i_soc.i_data_sram.u_sram.gen_bank\[0\].gen_512.u_macro_din0\[1\] not found.
[STA-1650] /home/blogic2026/final_jtag/repo/asic/run/RUN_final_2026-09-06/56-openroad-rcx/nom/asic_top.nom.spef line 2879625, net ANTENNA_i_soc.i_data_sram.u_sram.gen_bank\[0\].gen_512.u_macro_din0\[1\] not found.
[STA-1650] /home/blogic2026/final_jtag/repo/asic/run/RUN_final_2026-09-06/56-openroad-rcx/nom/asic_top.nom.spef line 2879633, net ANTENNA_i_soc.i_data_sram.u_sram.gen_bank\[1\].gen_512.u_macro_din0\[1\] not found.
[STA-1650] /home/blogic2026/final_jtag/repo/asic/run/RUN_final_2026-09-06/56-openroad-rcx/nom/asic_top.nom.spef line 2879639, net ANTENNA_i_soc.i_data_sram.u_sram.gen_bank\[3\].gen_512.u_macro_din0\[1\] not found.
[STA-1650] /home/blogic2026/final_jtag/repo/asic/run/RUN_final_2026-09-06/56-openroad-rcx/nom/asic_top.nom.spef line 2879642, net ANTENNA_i_soc.i_data_sram.u_sram.gen_bank\[0\].gen_512.u_macro_din0\[1\] not found.
[STA-1650] /home/blogic2026/final_jtag/repo/asic/run/RUN_final_2026-09-06/56-openroad-rcx/nom/asic_top.nom.spef line 2879653, net ANTENNA_i_soc.i_data_sram.u_sram.gen_bank\[2\].gen_512.u_macro_din0\[1\] not found.
[STA-1648] /home/blogic2026/final_jtag/repo/asic/run/RUN_final_2026-09-06/56-openroad-rcx/nom/asic_top.nom.spef line 2879660, instance ANTENNA_i_soc.i_data_sram.u_sram.gen_bank\[1\].gen_512.u_macro_din0\[20\] not found.
[STA-1648] /home/blogic2026/final_jtag/repo/asic/run/RUN_final_2026-09-06/56-openroad-rcx/nom/asic_top.nom.spef line 2879662, instance ANTENNA_i_soc.i_data_sram.u_sram.gen_bank\[3\].gen_512.u_macro_din0\[20\] not found.
[STA-1648] /home/blogic2026/final_jtag/repo/asic/run/RUN_final_2026-09-06/56-openroad-rcx/nom/asic_top.nom.spef line 2879665, instance ANTENNA_i_soc.i_data_sram.u_sram.gen_bank\[2\].gen_512.u_macro_din0\[20\] not found.
[STA-1648] /home/blogic2026/final_jtag/repo/asic/run/RUN_final_2026-09-06/56-openroad-rcx/nom/asic_top.nom.spef line 2879666, instance ANTENNA_i_soc.i_data_sram.u_sram.gen_bank\[0\].gen_512.u_macro_din0\[20\] not found.
[STA-1650] /home/blogic2026/final_jtag/repo/asic/run/RUN_final_2026-09-06/56-openroad-rcx/nom/asic_top.nom.spef line 2879672, net ANTENNA_i_soc.i_data_sram.u_sram.gen_bank\[1\].gen_512.u_macro_din0\[20\] not found.
[STA-1650] /home/blogic2026/final_jtag/repo/asic/run/RUN_final_2026-09-06/56-openroad-rcx/nom/asic_top.nom.spef line 2879674, net ANTENNA_i_soc.i_data_sram.u_sram.gen_bank\[3\].gen_512.u_macro_din0\[20\] not found.
[STA-1650] /home/blogic2026/final_jtag/repo/asic/run/RUN_final_2026-09-06/56-openroad-rcx/nom/asic_top.nom.spef line 2879677, net ANTENNA_i_soc.i_data_sram.u_sram.gen_bank\[2\].gen_512.u_macro_din0\[20\] not found.
[STA-1650] /home/blogic2026/final_jtag/repo/asic/run/RUN_final_2026-09-06/56-openroad-rcx/nom/asic_top.nom.spef line 2879678, net ANTENNA_i_soc.i_data_sram.u_sram.gen_bank\[0\].gen_512.u_macro_din0\[20\] not found.
[STA-1650] /home/blogic2026/final_jtag/repo/asic/run/RUN_final_2026-09-06/56-openroad-rcx/nom/asic_top.nom.spef line 2879765, net ANTENNA_i_soc.i_data_sram.u_sram.gen_bank\[0\].gen_512.u_macro_din0\[20\] not found.
[STA-1650] /home/blogic2026/final_jtag/repo/asic/run/RUN_final_2026-09-06/56-openroad-rcx/nom/asic_top.nom.spef line 2879772, net ANTENNA_i_soc.i_data_sram.u_sram.gen_bank\[0\].gen_512.u_macro_din0\[20\] not found.
[STA-1650] /home/blogic2026/final_jtag/repo/asic/run/RUN_final_2026-09-06/56-openroad-rcx/nom/asic_top.nom.spef line 2879800, net ANTENNA_i_soc.i_data_sram.u_sram.gen_bank\[0\].gen_512.u_macro_din0\[20\] not found.
[STA-1650] /home/blogic2026/final_jtag/repo/asic/run/RUN_final_2026-09-06/56-openroad-rcx/nom/asic_top.nom.spef line 2879809, net ANTENNA_i_soc.i_data_sram.u_sram.gen_bank\[2\].gen_512.u_macro_din0\[20\] not found.
[STA-1650] /home/blogic2026/final_jtag/repo/asic/run/RUN_final_2026-09-06/56-openroad-rcx/nom/asic_top.nom.spef line 2879820, net ANTENNA_i_soc.i_data_sram.u_sram.gen_bank\[3\].gen_512.u_macro_din0\[20\] not found.
[STA-1650] /home/blogic2026/final_jtag/repo/asic/run/RUN_final_2026-09-06/56-openroad-rcx/nom/asic_top.nom.spef line 2879824, net ANTENNA_i_soc.i_data_sram.u_sram.gen_bank\[1\].gen_512.u_macro_din0\[20\] not found.
[STA-1648] /home/blogic2026/final_jtag/repo/asic/run/RUN_final_2026-09-06/56-openroad-rcx/nom/asic_top.nom.spef line 2879830, instance ANTENNA_i_soc.i_data_sram.u_sram.gen_bank\[3\].gen_512.u_macro_din0\[21\] not found.
[STA-1648] /home/blogic2026/final_jtag/repo/asic/run/RUN_final_2026-09-06/56-openroad-rcx/nom/asic_top.nom.spef line 2879832, instance ANTENNA_i_soc.i_data_sram.u_sram.gen_bank\[1\].gen_512.u_macro_din0\[21\] not found.
[STA-1648] /home/blogic2026/final_jtag/repo/asic/run/RUN_final_2026-09-06/56-openroad-rcx/nom/asic_top.nom.spef line 2879833, instance ANTENNA_i_soc.i_data_sram.u_sram.gen_bank\[2\].gen_512.u_macro_din0\[21\] not found.
[STA-1648] /home/blogic2026/final_jtag/repo/asic/run/RUN_final_2026-09-06/56-openroad-rcx/nom/asic_top.nom.spef line 2879835, instance ANTENNA_i_soc.i_data_sram.u_sram.gen_bank\[0\].gen_512.u_macro_din0\[21\] not found.
[STA-1650] /home/blogic2026/final_jtag/repo/asic/run/RUN_final_2026-09-06/56-openroad-rcx/nom/asic_top.nom.spef line 2879842, net ANTENNA_i_soc.i_data_sram.u_sram.gen_bank\[3\].gen_512.u_macro_din0\[21\] not found.
[STA-1650] /home/blogic2026/final_jtag/repo/asic/run/RUN_final_2026-09-06/56-openroad-rcx/nom/asic_top.nom.spef line 2879844, net ANTENNA_i_soc.i_data_sram.u_sram.gen_bank\[1\].gen_512.u_macro_din0\[21\] not found.
[STA-1650] /home/blogic2026/final_jtag/repo/asic/run/RUN_final_2026-09-06/56-openroad-rcx/nom/asic_top.nom.spef line 2879845, net ANTENNA_i_soc.i_data_sram.u_sram.gen_bank\[2\].gen_512.u_macro_din0\[21\] not found.
[STA-1650] /home/blogic2026/final_jtag/repo/asic/run/RUN_final_2026-09-06/56-openroad-rcx/nom/asic_top.nom.spef line 2879847, net ANTENNA_i_soc.i_data_sram.u_sram.gen_bank\[0\].gen_512.u_macro_din0\[21\] not found.
[STA-1650] /home/blogic2026/final_jtag/repo/asic/run/RUN_final_2026-09-06/56-openroad-rcx/nom/asic_top.nom.spef line 2879868, net ANTENNA_i_soc.i_data_sram.u_sram.gen_bank\[2\].gen_512.u_macro_din0\[21\] not found.
[STA-1650] /home/blogic2026/final_jtag/repo/asic/run/RUN_final_2026-09-06/56-openroad-rcx/nom/asic_top.nom.spef line 2879868, net ANTENNA_i_soc.i_data_sram.u_sram.gen_bank\[2\].gen_512.u_macro_din0\[22\] not found.
[STA-1650] /home/blogic2026/final_jtag/repo/asic/run/RUN_final_2026-09-06/56-openroad-rcx/nom/asic_top.nom.spef line 2879869, net ANTENNA_i_soc.i_data_sram.u_sram.gen_bank\[2\].gen_512.u_macro_din0\[21\] not found.
[STA-1650] /home/blogic2026/final_jtag/repo/asic/run/RUN_final_2026-09-06/56-openroad-rcx/nom/asic_top.nom.spef line 2879870, net ANTENNA_i_soc.i_data_sram.u_sram.gen_bank\[3\].gen_512.u_macro_din0\[21\] not found.
[STA-1650] /home/blogic2026/final_jtag/repo/asic/run/RUN_final_2026-09-06/56-openroad-rcx/nom/asic_top.nom.spef line 2879880, net ANTENNA_i_soc.i_data_sram.u_sram.gen_bank\[0\].gen_512.u_macro_din0\[30\] not found.
[STA-1650] /home/blogic2026/final_jtag/repo/asic/run/RUN_final_2026-09-06/56-openroad-rcx/nom/asic_top.nom.spef line 2879916, net ANTENNA_i_soc.i_data_sram.u_sram.gen_bank\[2\].gen_512.u_macro_din0\[22\] not found.
[STA-1650] /home/blogic2026/final_jtag/repo/asic/run/RUN_final_2026-09-06/56-openroad-rcx/nom/asic_top.nom.spef line 2879966, net ANTENNA_i_soc.i_data_sram.u_sram.gen_bank\[0\].gen_512.u_macro_din0\[21\] not found.
[STA-1650] /home/blogic2026/final_jtag/repo/asic/run/RUN_final_2026-09-06/56-openroad-rcx/nom/asic_top.nom.spef line 2879973, net ANTENNA_i_soc.i_data_sram.u_sram.gen_bank\[0\].gen_512.u_macro_din0\[21\] not found.
[STA-1650] /home/blogic2026/final_jtag/repo/asic/run/RUN_final_2026-09-06/56-openroad-rcx/nom/asic_top.nom.spef line 2879983, net ANTENNA_i_soc.i_data_sram.u_sram.gen_bank\[2\].gen_512.u_macro_din0\[21\] not found.
[STA-1650] /home/blogic2026/final_jtag/repo/asic/run/RUN_final_2026-09-06/56-openroad-rcx/nom/asic_top.nom.spef line 2879986, net ANTENNA_i_soc.i_data_sram.u_sram.gen_bank\[1\].gen_512.u_macro_din0\[21\] not found.
[STA-1650] /home/blogic2026/final_jtag/repo/asic/run/RUN_final_2026-09-06/56-openroad-rcx/nom/asic_top.nom.spef line 2879991, net ANTENNA_i_soc.i_data_sram.u_sram.gen_bank\[3\].gen_512.u_macro_din0\[21\] not found.
[STA-1648] /home/blogic2026/final_jtag/repo/asic/run/RUN_final_2026-09-06/56-openroad-rcx/nom/asic_top.nom.spef line 2879997, instance ANTENNA_i_soc.i_data_sram.u_sram.gen_bank\[3\].gen_512.u_macro_din0\[22\] not found.
[STA-1648] /home/blogic2026/final_jtag/repo/asic/run/RUN_final_2026-09-06/56-openroad-rcx/nom/asic_top.nom.spef line 2879999, instance ANTENNA_i_soc.i_data_sram.u_sram.gen_bank\[1\].gen_512.u_macro_din0\[22\] not found.
[STA-1648] /home/blogic2026/final_jtag/repo/asic/run/RUN_final_2026-09-06/56-openroad-rcx/nom/asic_top.nom.spef line 2880001, instance ANTENNA_i_soc.i_data_sram.u_sram.gen_bank\[2\].gen_512.u_macro_din0\[22\] not found.
[STA-1648] /home/blogic2026/final_jtag/repo/asic/run/RUN_final_2026-09-06/56-openroad-rcx/nom/asic_top.nom.spef line 2880003, instance ANTENNA_i_soc.i_data_sram.u_sram.gen_bank\[0\].gen_512.u_macro_din0\[22\] not found.
[STA-1650] /home/blogic2026/final_jtag/repo/asic/run/RUN_final_2026-09-06/56-openroad-rcx/nom/asic_top.nom.spef line 2880009, net ANTENNA_i_soc.i_data_sram.u_sram.gen_bank\[3\].gen_512.u_macro_din0\[22\] not found.
[STA-1650] /home/blogic2026/final_jtag/repo/asic/run/RUN_final_2026-09-06/56-openroad-rcx/nom/asic_top.nom.spef line 2880011, net ANTENNA_i_soc.i_data_sram.u_sram.gen_bank\[1\].gen_512.u_macro_din0\[22\] not found.
[STA-1650] /home/blogic2026/final_jtag/repo/asic/run/RUN_final_2026-09-06/56-openroad-rcx/nom/asic_top.nom.spef line 2880013, net ANTENNA_i_soc.i_data_sram.u_sram.gen_bank\[2\].gen_512.u_macro_din0\[22\] not found.
[STA-1650] /home/blogic2026/final_jtag/repo/asic/run/RUN_final_2026-09-06/56-openroad-rcx/nom/asic_top.nom.spef line 2880015, net ANTENNA_i_soc.i_data_sram.u_sram.gen_bank\[0\].gen_512.u_macro_din0\[22\] not found.
[STA-1650] /home/blogic2026/final_jtag/repo/asic/run/RUN_final_2026-09-06/56-openroad-rcx/nom/asic_top.nom.spef line 2880045, net ANTENNA_i_soc.i_data_sram.u_sram.gen_bank\[2\].gen_512.u_macro_din0\[22\] not found.
[STA-1650] /home/blogic2026/final_jtag/repo/asic/run/RUN_final_2026-09-06/56-openroad-rcx/nom/asic_top.nom.spef line 2880047, net ANTENNA_i_soc.i_data_sram.u_sram.gen_bank\[1\].gen_512.u_macro_din0\[23\] not found.
[STA-1650] /home/blogic2026/final_jtag/repo/asic/run/RUN_final_2026-09-06/56-openroad-rcx/nom/asic_top.nom.spef line 2880101, net ANTENNA_i_soc.i_data_sram.u_sram.gen_bank\[3\].gen_512.u_macro_din0\[2\] not found.
[STA-1650] /home/blogic2026/final_jtag/repo/asic/run/RUN_final_2026-09-06/56-openroad-rcx/nom/asic_top.nom.spef line 2880112, net ANTENNA_i_soc.i_data_sram.u_sram.gen_bank\[2\].gen_512.u_macro_din0\[21\] not found.
[STA-1650] /home/blogic2026/final_jtag/repo/asic/run/RUN_final_2026-09-06/56-openroad-rcx/nom/asic_top.nom.spef line 2880112, net ANTENNA_i_soc.i_data_sram.u_sram.gen_bank\[2\].gen_512.u_macro_din0\[22\] not found.
[STA-1650] /home/blogic2026/final_jtag/repo/asic/run/RUN_final_2026-09-06/56-openroad-rcx/nom/asic_top.nom.spef line 2880113, net ANTENNA_i_soc.i_data_sram.u_sram.gen_bank\[3\].gen_512.u_macro_din0\[1\] not found.
[STA-1650] /home/blogic2026/final_jtag/repo/asic/run/RUN_final_2026-09-06/56-openroad-rcx/nom/asic_top.nom.spef line 2880125, net ANTENNA_i_soc.i_data_sram.u_sram.gen_bank\[0\].gen_512.u_macro_din0\[22\] not found.
[STA-1650] /home/blogic2026/final_jtag/repo/asic/run/RUN_final_2026-09-06/56-openroad-rcx/nom/asic_top.nom.spef line 2880150, net ANTENNA_i_soc.i_data_sram.u_sram.gen_bank\[2\].gen_512.u_macro_din0\[22\] not found.
[STA-1650] /home/blogic2026/final_jtag/repo/asic/run/RUN_final_2026-09-06/56-openroad-rcx/nom/asic_top.nom.spef line 2880159, net ANTENNA_i_soc.i_data_sram.u_sram.gen_bank\[0\].gen_512.u_macro_din0\[22\] not found.
[STA-1650] /home/blogic2026/final_jtag/repo/asic/run/RUN_final_2026-09-06/56-openroad-rcx/nom/asic_top.nom.spef line 2880168, net ANTENNA_i_soc.i_data_sram.u_sram.gen_bank\[2\].gen_512.u_macro_din0\[22\] not found.
[STA-1650] /home/blogic2026/final_jtag/repo/asic/run/RUN_final_2026-09-06/56-openroad-rcx/nom/asic_top.nom.spef line 2880175, net ANTENNA_i_soc.i_data_sram.u_sram.gen_bank\[1\].gen_512.u_macro_din0\[22\] not found.
[STA-1650] /home/blogic2026/final_jtag/repo/asic/run/RUN_final_2026-09-06/56-openroad-rcx/nom/asic_top.nom.spef line 2880185, net ANTENNA_i_soc.i_data_sram.u_sram.gen_bank\[3\].gen_512.u_macro_din0\[22\] not found.
[STA-1648] /home/blogic2026/final_jtag/repo/asic/run/RUN_final_2026-09-06/56-openroad-rcx/nom/asic_top.nom.spef line 2880191, instance ANTENNA_i_soc.i_data_sram.u_sram.gen_bank\[1\].gen_512.u_macro_din0\[23\] not found.
[STA-1648] /home/blogic2026/final_jtag/repo/asic/run/RUN_final_2026-09-06/56-openroad-rcx/nom/asic_top.nom.spef line 2880193, instance ANTENNA_i_soc.i_data_sram.u_sram.gen_bank\[3\].gen_512.u_macro_din0\[23\] not found.
[STA-1648] /home/blogic2026/final_jtag/repo/asic/run/RUN_final_2026-09-06/56-openroad-rcx/nom/asic_top.nom.spef line 2880195, instance ANTENNA_i_soc.i_data_sram.u_sram.gen_bank\[2\].gen_512.u_macro_din0\[23\] not found.
[STA-1648] /home/blogic2026/final_jtag/repo/asic/run/RUN_final_2026-09-06/56-openroad-rcx/nom/asic_top.nom.spef line 2880196, instance ANTENNA_i_soc.i_data_sram.u_sram.gen_bank\[0\].gen_512.u_macro_din0\[23\] not found.
[STA-1650] /home/blogic2026/final_jtag/repo/asic/run/RUN_final_2026-09-06/56-openroad-rcx/nom/asic_top.nom.spef line 2880203, net ANTENNA_i_soc.i_data_sram.u_sram.gen_bank\[1\].gen_512.u_macro_din0\[23\] not found.
[STA-1650] /home/blogic2026/final_jtag/repo/asic/run/RUN_final_2026-09-06/56-openroad-rcx/nom/asic_top.nom.spef line 2880205, net ANTENNA_i_soc.i_data_sram.u_sram.gen_bank\[3\].gen_512.u_macro_din0\[23\] not found.
[STA-1650] /home/blogic2026/final_jtag/repo/asic/run/RUN_final_2026-09-06/56-openroad-rcx/nom/asic_top.nom.spef line 2880207, net ANTENNA_i_soc.i_data_sram.u_sram.gen_bank\[2\].gen_512.u_macro_din0\[23\] not found.
[STA-1650] /home/blogic2026/final_jtag/repo/asic/run/RUN_final_2026-09-06/56-openroad-rcx/nom/asic_top.nom.spef line 2880208, net ANTENNA_i_soc.i_data_sram.u_sram.gen_bank\[0\].gen_512.u_macro_din0\[23\] not found.
[STA-1650] /home/blogic2026/final_jtag/repo/asic/run/RUN_final_2026-09-06/56-openroad-rcx/nom/asic_top.nom.spef line 2880232, net ANTENNA_i_soc.i_data_sram.u_sram.gen_bank\[1\].gen_512.u_macro_din0\[23\] not found.
[STA-1650] /home/blogic2026/final_jtag/repo/asic/run/RUN_final_2026-09-06/56-openroad-rcx/nom/asic_top.nom.spef line 2880262, net ANTENNA_i_soc.i_data_sram.u_sram.gen_bank\[2\].gen_512.u_macro_din0\[30\] not found.
[STA-1650] /home/blogic2026/final_jtag/repo/asic/run/RUN_final_2026-09-06/56-openroad-rcx/nom/asic_top.nom.spef line 2880285, net ANTENNA_i_soc.i_data_sram.u_sram.gen_bank\[3\].gen_512.u_macro_din0\[9\] not found.
[STA-1650] /home/blogic2026/final_jtag/repo/asic/run/RUN_final_2026-09-06/56-openroad-rcx/nom/asic_top.nom.spef line 2880298, net ANTENNA_i_soc.i_data_sram.u_sram.gen_bank\[1\].gen_512.u_macro_din0\[23\] not found.
[STA-1650] /home/blogic2026/final_jtag/repo/asic/run/RUN_final_2026-09-06/56-openroad-rcx/nom/asic_top.nom.spef line 2880342, net ANTENNA_i_soc.i_data_sram.u_sram.gen_bank\[0\].gen_512.u_macro_din0\[23\] not found.
[STA-1650] /home/blogic2026/final_jtag/repo/asic/run/RUN_final_2026-09-06/56-openroad-rcx/nom/asic_top.nom.spef line 2880349, net ANTENNA_i_soc.i_data_sram.u_sram.gen_bank\[2\].gen_512.u_macro_din0\[23\] not found.
[STA-1650] /home/blogic2026/final_jtag/repo/asic/run/RUN_final_2026-09-06/56-openroad-rcx/nom/asic_top.nom.spef line 2880359, net ANTENNA_i_soc.i_data_sram.u_sram.gen_bank\[3\].gen_512.u_macro_din0\[23\] not found.
[STA-1650] /home/blogic2026/final_jtag/repo/asic/run/RUN_final_2026-09-06/56-openroad-rcx/nom/asic_top.nom.spef line 2880363, net ANTENNA_i_soc.i_data_sram.u_sram.gen_bank\[1\].gen_512.u_macro_din0\[23\] not found.
[STA-1648] /home/blogic2026/final_jtag/repo/asic/run/RUN_final_2026-09-06/56-openroad-rcx/nom/asic_top.nom.spef line 2880369, instance ANTENNA_i_soc.i_data_sram.u_sram.gen_bank\[0\].gen_512.u_macro_din0\[24\] not found.
[STA-1648] /home/blogic2026/final_jtag/repo/asic/run/RUN_final_2026-09-06/56-openroad-rcx/nom/asic_top.nom.spef line 2880372, instance ANTENNA_i_soc.i_data_sram.u_sram.gen_bank\[1\].gen_512.u_macro_din0\[24\] not found.
[STA-1648] /home/blogic2026/final_jtag/repo/asic/run/RUN_final_2026-09-06/56-openroad-rcx/nom/asic_top.nom.spef line 2880374, instance ANTENNA_i_soc.i_data_sram.u_sram.gen_bank\[3\].gen_512.u_macro_din0\[24\] not found.
[STA-1648] /home/blogic2026/final_jtag/repo/asic/run/RUN_final_2026-09-06/56-openroad-rcx/nom/asic_top.nom.spef line 2880376, instance ANTENNA_i_soc.i_data_sram.u_sram.gen_bank\[2\].gen_512.u_macro_din0\[24\] not found.
[STA-1650] /home/blogic2026/final_jtag/repo/asic/run/RUN_final_2026-09-06/56-openroad-rcx/nom/asic_top.nom.spef line 2880381, net ANTENNA_i_soc.i_data_sram.u_sram.gen_bank\[0\].gen_512.u_macro_din0\[24\] not found.
[STA-1650] /home/blogic2026/final_jtag/repo/asic/run/RUN_final_2026-09-06/56-openroad-rcx/nom/asic_top.nom.spef line 2880384, net ANTENNA_i_soc.i_data_sram.u_sram.gen_bank\[1\].gen_512.u_macro_din0\[24\] not found.
[STA-1650] /home/blogic2026/final_jtag/repo/asic/run/RUN_final_2026-09-06/56-openroad-rcx/nom/asic_top.nom.spef line 2880386, net ANTENNA_i_soc.i_data_sram.u_sram.gen_bank\[3\].gen_512.u_macro_din0\[24\] not found.
[STA-1650] /home/blogic2026/final_jtag/repo/asic/run/RUN_final_2026-09-06/56-openroad-rcx/nom/asic_top.nom.spef line 2880388, net ANTENNA_i_soc.i_data_sram.u_sram.gen_bank\[2\].gen_512.u_macro_din0\[24\] not found.
[STA-1650] /home/blogic2026/final_jtag/repo/asic/run/RUN_final_2026-09-06/56-openroad-rcx/nom/asic_top.nom.spef line 2880407, net ANTENNA_i_soc.i_data_sram.u_sram.gen_bank\[1\].gen_512.u_macro_din0\[24\] not found.
[STA-1650] /home/blogic2026/final_jtag/repo/asic/run/RUN_final_2026-09-06/56-openroad-rcx/nom/asic_top.nom.spef line 2880408, net ANTENNA_i_soc.i_data_sram.u_sram.gen_bank\[2\].gen_512.u_macro_din0\[24\] not found.
[STA-1650] /home/blogic2026/final_jtag/repo/asic/run/RUN_final_2026-09-06/56-openroad-rcx/nom/asic_top.nom.spef line 2880449, net ANTENNA_i_soc.i_data_sram.u_sram.gen_bank\[0\].gen_512.u_macro_din0\[24\] not found.
[STA-1650] /home/blogic2026/final_jtag/repo/asic/run/RUN_final_2026-09-06/56-openroad-rcx/nom/asic_top.nom.spef line 2880490, net ANTENNA_i_soc.i_data_sram.u_sram.gen_bank\[2\].gen_512.u_macro_din0\[24\] not found.
[STA-1650] /home/blogic2026/final_jtag/repo/asic/run/RUN_final_2026-09-06/56-openroad-rcx/nom/asic_top.nom.spef line 2880496, net ANTENNA_i_soc.i_data_sram.u_sram.gen_bank\[3\].gen_512.u_macro_din0\[24\] not found.
[STA-1650] /home/blogic2026/final_jtag/repo/asic/run/RUN_final_2026-09-06/56-openroad-rcx/nom/asic_top.nom.spef line 2880499, net ANTENNA_i_soc.i_data_sram.u_sram.gen_bank\[1\].gen_512.u_macro_din0\[24\] not found.
[STA-1650] /home/blogic2026/final_jtag/repo/asic/run/RUN_final_2026-09-06/56-openroad-rcx/nom/asic_top.nom.spef line 2880503, net ANTENNA_i_soc.i_data_sram.u_sram.gen_bank\[0\].gen_512.u_macro_din0\[24\] not found.
[STA-1648] /home/blogic2026/final_jtag/repo/asic/run/RUN_final_2026-09-06/56-openroad-rcx/nom/asic_top.nom.spef line 2880508, instance ANTENNA_i_soc.i_data_sram.u_sram.gen_bank\[1\].gen_512.u_macro_din0\[25\] not found.
[STA-1648] /home/blogic2026/final_jtag/repo/asic/run/RUN_final_2026-09-06/56-openroad-rcx/nom/asic_top.nom.spef line 2880511, instance ANTENNA_i_soc.i_data_sram.u_sram.gen_bank\[3\].gen_512.u_macro_din0\[25\] not found.
[STA-1648] /home/blogic2026/final_jtag/repo/asic/run/RUN_final_2026-09-06/56-openroad-rcx/nom/asic_top.nom.spef line 2880513, instance ANTENNA_i_soc.i_data_sram.u_sram.gen_bank\[2\].gen_512.u_macro_din0\[25\] not found.
[STA-1648] /home/blogic2026/final_jtag/repo/asic/run/RUN_final_2026-09-06/56-openroad-rcx/nom/asic_top.nom.spef line 2880515, instance ANTENNA_i_soc.i_data_sram.u_sram.gen_bank\[0\].gen_512.u_macro_din0\[25\] not found.
[STA-1650] /home/blogic2026/final_jtag/repo/asic/run/RUN_final_2026-09-06/56-openroad-rcx/nom/asic_top.nom.spef line 2880520, net ANTENNA_i_soc.i_data_sram.u_sram.gen_bank\[1\].gen_512.u_macro_din0\[25\] not found.
[STA-1650] /home/blogic2026/final_jtag/repo/asic/run/RUN_final_2026-09-06/56-openroad-rcx/nom/asic_top.nom.spef line 2880523, net ANTENNA_i_soc.i_data_sram.u_sram.gen_bank\[3\].gen_512.u_macro_din0\[25\] not found.
[STA-1650] /home/blogic2026/final_jtag/repo/asic/run/RUN_final_2026-09-06/56-openroad-rcx/nom/asic_top.nom.spef line 2880525, net ANTENNA_i_soc.i_data_sram.u_sram.gen_bank\[2\].gen_512.u_macro_din0\[25\] not found.
[STA-1650] /home/blogic2026/final_jtag/repo/asic/run/RUN_final_2026-09-06/56-openroad-rcx/nom/asic_top.nom.spef line 2880527, net ANTENNA_i_soc.i_data_sram.u_sram.gen_bank\[0\].gen_512.u_macro_din0\[25\] not found.
[STA-1650] /home/blogic2026/final_jtag/repo/asic/run/RUN_final_2026-09-06/56-openroad-rcx/nom/asic_top.nom.spef line 2880552, net ANTENNA_i_soc.i_data_sram.u_sram.gen_bank\[0\].gen_512.u_macro_din0\[25\] not found.
[STA-1650] /home/blogic2026/final_jtag/repo/asic/run/RUN_final_2026-09-06/56-openroad-rcx/nom/asic_top.nom.spef line 2880553, net ANTENNA_i_soc.i_data_sram.u_sram.gen_bank\[1\].gen_512.u_macro_din0\[25\] not found.
[STA-1650] /home/blogic2026/final_jtag/repo/asic/run/RUN_final_2026-09-06/56-openroad-rcx/nom/asic_top.nom.spef line 2880554, net ANTENNA_i_soc.i_data_sram.u_sram.gen_bank\[2\].gen_512.u_macro_din0\[25\] not found.
[STA-1650] /home/blogic2026/final_jtag/repo/asic/run/RUN_final_2026-09-06/56-openroad-rcx/nom/asic_top.nom.spef line 2880555, net ANTENNA_i_soc.i_data_sram.u_sram.gen_bank\[3\].gen_512.u_macro_din0\[25\] not found.
[STA-1650] /home/blogic2026/final_jtag/repo/asic/run/RUN_final_2026-09-06/56-openroad-rcx/nom/asic_top.nom.spef line 2880555, net ANTENNA_i_soc.i_data_sram.u_sram.gen_bank\[3\].gen_512.u_macro_din0\[26\] not found.
[STA-1650] /home/blogic2026/final_jtag/repo/asic/run/RUN_final_2026-09-06/56-openroad-rcx/nom/asic_top.nom.spef line 2880580, net ANTENNA_i_soc.i_data_sram.u_sram.gen_bank\[2\].gen_512.u_macro_din0\[30\] not found.
[STA-1650] /home/blogic2026/final_jtag/repo/asic/run/RUN_final_2026-09-06/56-openroad-rcx/nom/asic_top.nom.spef line 2880624, net ANTENNA_i_soc.i_data_sram.u_sram.gen_bank\[1\].gen_512.u_macro_din0\[14\] not found.
[STA-1650] /home/blogic2026/final_jtag/repo/asic/run/RUN_final_2026-09-06/56-openroad-rcx/nom/asic_top.nom.spef line 2880625, net ANTENNA_i_soc.i_data_sram.u_sram.gen_bank\[1\].gen_512.u_macro_din0\[16\] not found.
[STA-1650] /home/blogic2026/final_jtag/repo/asic/run/RUN_final_2026-09-06/56-openroad-rcx/nom/asic_top.nom.spef line 2880626, net ANTENNA_i_soc.i_data_sram.u_sram.gen_bank\[1\].gen_512.u_macro_din0\[17\] not found.
[STA-1650] /home/blogic2026/final_jtag/repo/asic/run/RUN_final_2026-09-06/56-openroad-rcx/nom/asic_top.nom.spef line 2880627, net ANTENNA_i_soc.i_data_sram.u_sram.gen_bank\[1\].gen_512.u_macro_din0\[23\] not found.
[STA-1650] /home/blogic2026/final_jtag/repo/asic/run/RUN_final_2026-09-06/56-openroad-rcx/nom/asic_top.nom.spef line 2880628, net ANTENNA_i_soc.i_data_sram.u_sram.gen_bank\[1\].gen_512.u_macro_din0\[24\] not found.
[STA-1650] /home/blogic2026/final_jtag/repo/asic/run/RUN_final_2026-09-06/56-openroad-rcx/nom/asic_top.nom.spef line 2880676, net ANTENNA_i_soc.i_data_sram.u_sram.gen_bank\[0\].gen_512.u_macro_din0\[25\] not found.
[STA-1650] /home/blogic2026/final_jtag/repo/asic/run/RUN_final_2026-09-06/56-openroad-rcx/nom/asic_top.nom.spef line 2880685, net ANTENNA_i_soc.i_data_sram.u_sram.gen_bank\[2\].gen_512.u_macro_din0\[25\] not found.
[STA-1650] /home/blogic2026/final_jtag/repo/asic/run/RUN_final_2026-09-06/56-openroad-rcx/nom/asic_top.nom.spef line 2880695, net ANTENNA_i_soc.i_data_sram.u_sram.gen_bank\[3\].gen_512.u_macro_din0\[25\] not found.
[STA-1650] /home/blogic2026/final_jtag/repo/asic/run/RUN_final_2026-09-06/56-openroad-rcx/nom/asic_top.nom.spef line 2880700, net ANTENNA_i_soc.i_data_sram.u_sram.gen_bank\[1\].gen_512.u_macro_din0\[25\] not found.
[STA-1648] /home/blogic2026/final_jtag/repo/asic/run/RUN_final_2026-09-06/56-openroad-rcx/nom/asic_top.nom.spef line 2880708, instance ANTENNA_i_soc.i_data_sram.u_sram.gen_bank\[3\].gen_512.u_macro_din0\[26\] not found.
[STA-1648] /home/blogic2026/final_jtag/repo/asic/run/RUN_final_2026-09-06/56-openroad-rcx/nom/asic_top.nom.spef line 2880709, instance ANTENNA_i_soc.i_data_sram.u_sram.gen_bank\[1\].gen_512.u_macro_din0\[26\] not found.
[STA-1648] /home/blogic2026/final_jtag/repo/asic/run/RUN_final_2026-09-06/56-openroad-rcx/nom/asic_top.nom.spef line 2880710, instance ANTENNA_i_soc.i_data_sram.u_sram.gen_bank\[2\].gen_512.u_macro_din0\[26\] not found.
[STA-1648] /home/blogic2026/final_jtag/repo/asic/run/RUN_final_2026-09-06/56-openroad-rcx/nom/asic_top.nom.spef line 2880712, instance ANTENNA_i_soc.i_data_sram.u_sram.gen_bank\[0\].gen_512.u_macro_din0\[26\] not found.
[STA-1650] /home/blogic2026/final_jtag/repo/asic/run/RUN_final_2026-09-06/56-openroad-rcx/nom/asic_top.nom.spef line 2880720, net ANTENNA_i_soc.i_data_sram.u_sram.gen_bank\[3\].gen_512.u_macro_din0\[26\] not found.
[STA-1650] /home/blogic2026/final_jtag/repo/asic/run/RUN_final_2026-09-06/56-openroad-rcx/nom/asic_top.nom.spef line 2880721, net ANTENNA_i_soc.i_data_sram.u_sram.gen_bank\[1\].gen_512.u_macro_din0\[26\] not found.
[STA-1650] /home/blogic2026/final_jtag/repo/asic/run/RUN_final_2026-09-06/56-openroad-rcx/nom/asic_top.nom.spef line 2880722, net ANTENNA_i_soc.i_data_sram.u_sram.gen_bank\[2\].gen_512.u_macro_din0\[26\] not found.
[STA-1650] /home/blogic2026/final_jtag/repo/asic/run/RUN_final_2026-09-06/56-openroad-rcx/nom/asic_top.nom.spef line 2880724, net ANTENNA_i_soc.i_data_sram.u_sram.gen_bank\[0\].gen_512.u_macro_din0\[26\] not found.
[STA-1650] /home/blogic2026/final_jtag/repo/asic/run/RUN_final_2026-09-06/56-openroad-rcx/nom/asic_top.nom.spef line 2880774, net ANTENNA_i_soc.i_data_sram.u_sram.gen_bank\[1\].gen_512.u_macro_din0\[5\] not found.
[STA-1650] /home/blogic2026/final_jtag/repo/asic/run/RUN_final_2026-09-06/56-openroad-rcx/nom/asic_top.nom.spef line 2880775, net ANTENNA_i_soc.i_data_sram.u_sram.gen_bank\[1\].gen_512.u_macro_din0\[8\] not found.
[STA-1650] /home/blogic2026/final_jtag/repo/asic/run/RUN_final_2026-09-06/56-openroad-rcx/nom/asic_top.nom.spef line 2880776, net ANTENNA_i_soc.i_data_sram.u_sram.gen_bank\[1\].gen_512.u_macro_din0\[9\] not found.
[STA-1650] /home/blogic2026/final_jtag/repo/asic/run/RUN_final_2026-09-06/56-openroad-rcx/nom/asic_top.nom.spef line 2880793, net ANTENNA_i_soc.i_data_sram.u_sram.gen_bank\[0\].gen_512.u_macro_din0\[25\] not found.
[STA-1650] /home/blogic2026/final_jtag/repo/asic/run/RUN_final_2026-09-06/56-openroad-rcx/nom/asic_top.nom.spef line 2880794, net ANTENNA_i_soc.i_data_sram.u_sram.gen_bank\[1\].gen_512.u_macro_din0\[13\] not found.
[STA-1650] /home/blogic2026/final_jtag/repo/asic/run/RUN_final_2026-09-06/56-openroad-rcx/nom/asic_top.nom.spef line 2880795, net ANTENNA_i_soc.i_data_sram.u_sram.gen_bank\[1\].gen_512.u_macro_din0\[14\] not found.
[STA-1650] /home/blogic2026/final_jtag/repo/asic/run/RUN_final_2026-09-06/56-openroad-rcx/nom/asic_top.nom.spef line 2880796, net ANTENNA_i_soc.i_data_sram.u_sram.gen_bank\[1\].gen_512.u_macro_din0\[16\] not found.
[STA-1650] /home/blogic2026/final_jtag/repo/asic/run/RUN_final_2026-09-06/56-openroad-rcx/nom/asic_top.nom.spef line 2880797, net ANTENNA_i_soc.i_data_sram.u_sram.gen_bank\[1\].gen_512.u_macro_din0\[17\] not found.
[STA-1650] /home/blogic2026/final_jtag/repo/asic/run/RUN_final_2026-09-06/56-openroad-rcx/nom/asic_top.nom.spef line 2880798, net ANTENNA_i_soc.i_data_sram.u_sram.gen_bank\[1\].gen_512.u_macro_din0\[25\] not found.
[STA-1650] /home/blogic2026/final_jtag/repo/asic/run/RUN_final_2026-09-06/56-openroad-rcx/nom/asic_top.nom.spef line 2880799, net ANTENNA_i_soc.i_data_sram.u_sram.gen_bank\[3\].gen_512.u_macro_din0\[25\] not found.
[STA-1650] /home/blogic2026/final_jtag/repo/asic/run/RUN_final_2026-09-06/56-openroad-rcx/nom/asic_top.nom.spef line 2880799, net ANTENNA_i_soc.i_data_sram.u_sram.gen_bank\[3\].gen_512.u_macro_din0\[26\] not found.
[STA-1650] /home/blogic2026/final_jtag/repo/asic/run/RUN_final_2026-09-06/56-openroad-rcx/nom/asic_top.nom.spef line 2880862, net ANTENNA_i_soc.i_data_sram.u_sram.gen_bank\[0\].gen_512.u_macro_din0\[26\] not found.
[STA-1650] /home/blogic2026/final_jtag/repo/asic/run/RUN_final_2026-09-06/56-openroad-rcx/nom/asic_top.nom.spef line 2880873, net ANTENNA_i_soc.i_data_sram.u_sram.gen_bank\[2\].gen_512.u_macro_din0\[26\] not found.
[STA-1650] /home/blogic2026/final_jtag/repo/asic/run/RUN_final_2026-09-06/56-openroad-rcx/nom/asic_top.nom.spef line 2880880, net ANTENNA_i_soc.i_data_sram.u_sram.gen_bank\[1\].gen_512.u_macro_din0\[26\] not found.
[STA-1650] /home/blogic2026/final_jtag/repo/asic/run/RUN_final_2026-09-06/56-openroad-rcx/nom/asic_top.nom.spef line 2880887, net ANTENNA_i_soc.i_data_sram.u_sram.gen_bank\[3\].gen_512.u_macro_din0\[26\] not found.
[STA-1650] /home/blogic2026/final_jtag/repo/asic/run/RUN_final_2026-09-06/56-openroad-rcx/nom/asic_top.nom.spef line 2880891, net ANTENNA_i_soc.i_data_sram.u_sram.gen_bank\[1\].gen_512.u_macro_din0\[26\] not found.
[STA-1648] /home/blogic2026/final_jtag/repo/asic/run/RUN_final_2026-09-06/56-openroad-rcx/nom/asic_top.nom.spef line 2880898, instance ANTENNA_i_soc.i_data_sram.u_sram.gen_bank\[1\].gen_512.u_macro_din0\[27\] not found.
[STA-1648] /home/blogic2026/final_jtag/repo/asic/run/RUN_final_2026-09-06/56-openroad-rcx/nom/asic_top.nom.spef line 2880900, instance ANTENNA_i_soc.i_data_sram.u_sram.gen_bank\[3\].gen_512.u_macro_din0\[27\] not found.
[STA-1648] /home/blogic2026/final_jtag/repo/asic/run/RUN_final_2026-09-06/56-openroad-rcx/nom/asic_top.nom.spef line 2880902, instance ANTENNA_i_soc.i_data_sram.u_sram.gen_bank\[2\].gen_512.u_macro_din0\[27\] not found.
[STA-1648] /home/blogic2026/final_jtag/repo/asic/run/RUN_final_2026-09-06/56-openroad-rcx/nom/asic_top.nom.spef line 2880903, instance ANTENNA_i_soc.i_data_sram.u_sram.gen_bank\[0\].gen_512.u_macro_din0\[27\] not found.
[STA-1650] /home/blogic2026/final_jtag/repo/asic/run/RUN_final_2026-09-06/56-openroad-rcx/nom/asic_top.nom.spef line 2880910, net ANTENNA_i_soc.i_data_sram.u_sram.gen_bank\[1\].gen_512.u_macro_din0\[27\] not found.
[STA-1650] /home/blogic2026/final_jtag/repo/asic/run/RUN_final_2026-09-06/56-openroad-rcx/nom/asic_top.nom.spef line 2880912, net ANTENNA_i_soc.i_data_sram.u_sram.gen_bank\[3\].gen_512.u_macro_din0\[27\] not found.
[STA-1650] /home/blogic2026/final_jtag/repo/asic/run/RUN_final_2026-09-06/56-openroad-rcx/nom/asic_top.nom.spef line 2880914, net ANTENNA_i_soc.i_data_sram.u_sram.gen_bank\[2\].gen_512.u_macro_din0\[27\] not found.
[STA-1650] /home/blogic2026/final_jtag/repo/asic/run/RUN_final_2026-09-06/56-openroad-rcx/nom/asic_top.nom.spef line 2880915, net ANTENNA_i_soc.i_data_sram.u_sram.gen_bank\[0\].gen_512.u_macro_din0\[27\] not found.
[STA-1650] /home/blogic2026/final_jtag/repo/asic/run/RUN_final_2026-09-06/56-openroad-rcx/nom/asic_top.nom.spef line 2880937, net ANTENNA_i_soc.i_data_sram.u_sram.gen_bank\[0\].gen_512.u_macro_din0\[27\] not found.
[STA-1650] /home/blogic2026/final_jtag/repo/asic/run/RUN_final_2026-09-06/56-openroad-rcx/nom/asic_top.nom.spef line 2880938, net ANTENNA_i_soc.i_data_sram.u_sram.gen_bank\[0\].gen_512.u_macro_din0\[27\] not found.
[STA-1650] /home/blogic2026/final_jtag/repo/asic/run/RUN_final_2026-09-06/56-openroad-rcx/nom/asic_top.nom.spef line 2881022, net ANTENNA_i_soc.i_data_sram.u_sram.gen_bank\[0\].gen_512.u_macro_din0\[27\] not found.
[STA-1650] /home/blogic2026/final_jtag/repo/asic/run/RUN_final_2026-09-06/56-openroad-rcx/nom/asic_top.nom.spef line 2881032, net ANTENNA_i_soc.i_data_sram.u_sram.gen_bank\[2\].gen_512.u_macro_din0\[27\] not found.
[STA-1650] /home/blogic2026/final_jtag/repo/asic/run/RUN_final_2026-09-06/56-openroad-rcx/nom/asic_top.nom.spef line 2881040, net ANTENNA_i_soc.i_data_sram.u_sram.gen_bank\[3\].gen_512.u_macro_din0\[27\] not found.
[STA-1650] /home/blogic2026/final_jtag/repo/asic/run/RUN_final_2026-09-06/56-openroad-rcx/nom/asic_top.nom.spef line 2881044, net ANTENNA_i_soc.i_data_sram.u_sram.gen_bank\[1\].gen_512.u_macro_din0\[27\] not found.
[STA-1650] /home/blogic2026/final_jtag/repo/asic/run/RUN_final_2026-09-06/56-openroad-rcx/nom/asic_top.nom.spef line 2881047, net ANTENNA_i_soc.i_data_sram.u_sram.gen_bank\[0\].gen_512.u_macro_din0\[27\] not found.
[STA-1648] /home/blogic2026/final_jtag/repo/asic/run/RUN_final_2026-09-06/56-openroad-rcx/nom/asic_top.nom.spef line 2881054, instance ANTENNA_i_soc.i_data_sram.u_sram.gen_bank\[1\].gen_512.u_macro_din0\[28\] not found.
[STA-1648] /home/blogic2026/final_jtag/repo/asic/run/RUN_final_2026-09-06/56-openroad-rcx/nom/asic_top.nom.spef line 2881056, instance ANTENNA_i_soc.i_data_sram.u_sram.gen_bank\[3\].gen_512.u_macro_din0\[28\] not found.
[STA-1648] /home/blogic2026/final_jtag/repo/asic/run/RUN_final_2026-09-06/56-openroad-rcx/nom/asic_top.nom.spef line 2881058, instance ANTENNA_i_soc.i_data_sram.u_sram.gen_bank\[2\].gen_512.u_macro_din0\[28\] not found.
[STA-1648] /home/blogic2026/final_jtag/repo/asic/run/RUN_final_2026-09-06/56-openroad-rcx/nom/asic_top.nom.spef line 2881059, instance ANTENNA_i_soc.i_data_sram.u_sram.gen_bank\[0\].gen_512.u_macro_din0\[28\] not found.
[STA-1650] /home/blogic2026/final_jtag/repo/asic/run/RUN_final_2026-09-06/56-openroad-rcx/nom/asic_top.nom.spef line 2881066, net ANTENNA_i_soc.i_data_sram.u_sram.gen_bank\[1\].gen_512.u_macro_din0\[28\] not found.
[STA-1650] /home/blogic2026/final_jtag/repo/asic/run/RUN_final_2026-09-06/56-openroad-rcx/nom/asic_top.nom.spef line 2881068, net ANTENNA_i_soc.i_data_sram.u_sram.gen_bank\[3\].gen_512.u_macro_din0\[28\] not found.
[STA-1650] /home/blogic2026/final_jtag/repo/asic/run/RUN_final_2026-09-06/56-openroad-rcx/nom/asic_top.nom.spef line 2881070, net ANTENNA_i_soc.i_data_sram.u_sram.gen_bank\[2\].gen_512.u_macro_din0\[28\] not found.
[STA-1650] /home/blogic2026/final_jtag/repo/asic/run/RUN_final_2026-09-06/56-openroad-rcx/nom/asic_top.nom.spef line 2881071, net ANTENNA_i_soc.i_data_sram.u_sram.gen_bank\[0\].gen_512.u_macro_din0\[28\] not found.
[STA-1650] /home/blogic2026/final_jtag/repo/asic/run/RUN_final_2026-09-06/56-openroad-rcx/nom/asic_top.nom.spef line 2881093, net ANTENNA_i_soc.i_data_sram.u_sram.gen_bank\[0\].gen_512.u_macro_din0\[28\] not found.
[STA-1650] /home/blogic2026/final_jtag/repo/asic/run/RUN_final_2026-09-06/56-openroad-rcx/nom/asic_top.nom.spef line 2881131, net ANTENNA_i_soc.i_data_sram.u_sram.gen_bank\[3\].gen_512.u_macro_din0\[8\] not found.
[STA-1650] /home/blogic2026/final_jtag/repo/asic/run/RUN_final_2026-09-06/56-openroad-rcx/nom/asic_top.nom.spef line 2881182, net ANTENNA_i_soc.i_data_sram.u_sram.gen_bank\[0\].gen_512.u_macro_din0\[28\] not found.
[STA-1650] /home/blogic2026/final_jtag/repo/asic/run/RUN_final_2026-09-06/56-openroad-rcx/nom/asic_top.nom.spef line 2881191, net ANTENNA_i_soc.i_data_sram.u_sram.gen_bank\[2\].gen_512.u_macro_din0\[28\] not found.
[STA-1650] /home/blogic2026/final_jtag/repo/asic/run/RUN_final_2026-09-06/56-openroad-rcx/nom/asic_top.nom.spef line 2881198, net ANTENNA_i_soc.i_data_sram.u_sram.gen_bank\[3\].gen_512.u_macro_din0\[28\] not found.
[STA-1650] /home/blogic2026/final_jtag/repo/asic/run/RUN_final_2026-09-06/56-openroad-rcx/nom/asic_top.nom.spef line 2881203, net ANTENNA_i_soc.i_data_sram.u_sram.gen_bank\[1\].gen_512.u_macro_din0\[28\] not found.
[STA-1648] /home/blogic2026/final_jtag/repo/asic/run/RUN_final_2026-09-06/56-openroad-rcx/nom/asic_top.nom.spef line 2881211, instance ANTENNA_i_soc.i_data_sram.u_sram.gen_bank\[1\].gen_512.u_macro_din0\[29\] not found.
[STA-1648] /home/blogic2026/final_jtag/repo/asic/run/RUN_final_2026-09-06/56-openroad-rcx/nom/asic_top.nom.spef line 2881213, instance ANTENNA_i_soc.i_data_sram.u_sram.gen_bank\[3\].gen_512.u_macro_din0\[29\] not found.
[STA-1648] /home/blogic2026/final_jtag/repo/asic/run/RUN_final_2026-09-06/56-openroad-rcx/nom/asic_top.nom.spef line 2881215, instance ANTENNA_i_soc.i_data_sram.u_sram.gen_bank\[2\].gen_512.u_macro_din0\[29\] not found.
[STA-1648] /home/blogic2026/final_jtag/repo/asic/run/RUN_final_2026-09-06/56-openroad-rcx/nom/asic_top.nom.spef line 2881217, instance ANTENNA_i_soc.i_data_sram.u_sram.gen_bank\[0\].gen_512.u_macro_din0\[29\] not found.
[STA-1650] /home/blogic2026/final_jtag/repo/asic/run/RUN_final_2026-09-06/56-openroad-rcx/nom/asic_top.nom.spef line 2881223, net ANTENNA_i_soc.i_data_sram.u_sram.gen_bank\[1\].gen_512.u_macro_din0\[29\] not found.
[STA-1650] /home/blogic2026/final_jtag/repo/asic/run/RUN_final_2026-09-06/56-openroad-rcx/nom/asic_top.nom.spef line 2881225, net ANTENNA_i_soc.i_data_sram.u_sram.gen_bank\[3\].gen_512.u_macro_din0\[29\] not found.
[STA-1650] /home/blogic2026/final_jtag/repo/asic/run/RUN_final_2026-09-06/56-openroad-rcx/nom/asic_top.nom.spef line 2881227, net ANTENNA_i_soc.i_data_sram.u_sram.gen_bank\[2\].gen_512.u_macro_din0\[29\] not found.
[STA-1650] /home/blogic2026/final_jtag/repo/asic/run/RUN_final_2026-09-06/56-openroad-rcx/nom/asic_top.nom.spef line 2881229, net ANTENNA_i_soc.i_data_sram.u_sram.gen_bank\[0\].gen_512.u_macro_din0\[29\] not found.
[STA-1650] /home/blogic2026/final_jtag/repo/asic/run/RUN_final_2026-09-06/56-openroad-rcx/nom/asic_top.nom.spef line 2881262, net ANTENNA_i_soc.i_data_sram.u_sram.gen_bank\[2\].gen_512.u_macro_din0\[30\] not found.
[STA-1650] /home/blogic2026/final_jtag/repo/asic/run/RUN_final_2026-09-06/56-openroad-rcx/nom/asic_top.nom.spef line 2881361, net ANTENNA_i_soc.i_data_sram.u_sram.gen_bank\[0\].gen_512.u_macro_din0\[29\] not found.
[STA-1650] /home/blogic2026/final_jtag/repo/asic/run/RUN_final_2026-09-06/56-openroad-rcx/nom/asic_top.nom.spef line 2881375, net ANTENNA_i_soc.i_data_sram.u_sram.gen_bank\[2\].gen_512.u_macro_din0\[29\] not found.
[STA-1650] /home/blogic2026/final_jtag/repo/asic/run/RUN_final_2026-09-06/56-openroad-rcx/nom/asic_top.nom.spef line 2881385, net ANTENNA_i_soc.i_data_sram.u_sram.gen_bank\[3\].gen_512.u_macro_din0\[29\] not found.
[STA-1650] /home/blogic2026/final_jtag/repo/asic/run/RUN_final_2026-09-06/56-openroad-rcx/nom/asic_top.nom.spef line 2881390, net ANTENNA_i_soc.i_data_sram.u_sram.gen_bank\[1\].gen_512.u_macro_din0\[29\] not found.
[STA-1648] /home/blogic2026/final_jtag/repo/asic/run/RUN_final_2026-09-06/56-openroad-rcx/nom/asic_top.nom.spef line 2881397, instance ANTENNA_i_soc.i_data_sram.u_sram.gen_bank\[3\].gen_512.u_macro_din0\[2\] not found.
[STA-1648] /home/blogic2026/final_jtag/repo/asic/run/RUN_final_2026-09-06/56-openroad-rcx/nom/asic_top.nom.spef line 2881399, instance ANTENNA_i_soc.i_data_sram.u_sram.gen_bank\[1\].gen_512.u_macro_din0\[2\] not found.
[STA-1648] /home/blogic2026/final_jtag/repo/asic/run/RUN_final_2026-09-06/56-openroad-rcx/nom/asic_top.nom.spef line 2881401, instance ANTENNA_i_soc.i_data_sram.u_sram.gen_bank\[2\].gen_512.u_macro_din0\[2\] not found.
[STA-1648] /home/blogic2026/final_jtag/repo/asic/run/RUN_final_2026-09-06/56-openroad-rcx/nom/asic_top.nom.spef line 2881403, instance ANTENNA_i_soc.i_data_sram.u_sram.gen_bank\[0\].gen_512.u_macro_din0\[2\] not found.
[STA-1650] /home/blogic2026/final_jtag/repo/asic/run/RUN_final_2026-09-06/56-openroad-rcx/nom/asic_top.nom.spef line 2881409, net ANTENNA_i_soc.i_data_sram.u_sram.gen_bank\[3\].gen_512.u_macro_din0\[2\] not found.
[STA-1650] /home/blogic2026/final_jtag/repo/asic/run/RUN_final_2026-09-06/56-openroad-rcx/nom/asic_top.nom.spef line 2881411, net ANTENNA_i_soc.i_data_sram.u_sram.gen_bank\[1\].gen_512.u_macro_din0\[2\] not found.
[STA-1650] /home/blogic2026/final_jtag/repo/asic/run/RUN_final_2026-09-06/56-openroad-rcx/nom/asic_top.nom.spef line 2881413, net ANTENNA_i_soc.i_data_sram.u_sram.gen_bank\[2\].gen_512.u_macro_din0\[2\] not found.
[STA-1650] /home/blogic2026/final_jtag/repo/asic/run/RUN_final_2026-09-06/56-openroad-rcx/nom/asic_top.nom.spef line 2881415, net ANTENNA_i_soc.i_data_sram.u_sram.gen_bank\[0\].gen_512.u_macro_din0\[2\] not found.
[STA-1650] /home/blogic2026/final_jtag/repo/asic/run/RUN_final_2026-09-06/56-openroad-rcx/nom/asic_top.nom.spef line 2881446, net ANTENNA_i_soc.i_data_sram.u_sram.gen_bank\[0\].gen_512.u_macro_din0\[3\] not found.
[STA-1650] /home/blogic2026/final_jtag/repo/asic/run/RUN_final_2026-09-06/56-openroad-rcx/nom/asic_top.nom.spef line 2881447, net ANTENNA_i_soc.i_data_sram.u_sram.gen_bank\[0\].gen_512.u_macro_din0\[2\] not found.
[STA-1650] /home/blogic2026/final_jtag/repo/asic/run/RUN_final_2026-09-06/56-openroad-rcx/nom/asic_top.nom.spef line 2881448, net ANTENNA_i_soc.i_data_sram.u_sram.gen_bank\[0\].gen_512.u_macro_din0\[2\] not found.
[STA-1650] /home/blogic2026/final_jtag/repo/asic/run/RUN_final_2026-09-06/56-openroad-rcx/nom/asic_top.nom.spef line 2881616, net ANTENNA_i_soc.i_data_sram.u_sram.gen_bank\[0\].gen_512.u_macro_din0\[2\] not found.
[STA-1650] /home/blogic2026/final_jtag/repo/asic/run/RUN_final_2026-09-06/56-openroad-rcx/nom/asic_top.nom.spef line 2881649, net ANTENNA_i_soc.i_data_sram.u_sram.gen_bank\[3\].gen_512.u_macro_din0\[2\] not found.
[STA-1650] /home/blogic2026/final_jtag/repo/asic/run/RUN_final_2026-09-06/56-openroad-rcx/nom/asic_top.nom.spef line 2881655, net ANTENNA_i_soc.i_data_sram.u_sram.gen_bank\[0\].gen_512.u_macro_din0\[2\] not found.
[STA-1650] /home/blogic2026/final_jtag/repo/asic/run/RUN_final_2026-09-06/56-openroad-rcx/nom/asic_top.nom.spef line 2881669, net ANTENNA_i_soc.i_data_sram.u_sram.gen_bank\[2\].gen_512.u_macro_din0\[2\] not found.
[STA-1650] /home/blogic2026/final_jtag/repo/asic/run/RUN_final_2026-09-06/56-openroad-rcx/nom/asic_top.nom.spef line 2881685, net ANTENNA_i_soc.i_data_sram.u_sram.gen_bank\[1\].gen_512.u_macro_din0\[2\] not found.
[STA-1650] /home/blogic2026/final_jtag/repo/asic/run/RUN_final_2026-09-06/56-openroad-rcx/nom/asic_top.nom.spef line 2881689, net ANTENNA_i_soc.i_data_sram.u_sram.gen_bank\[3\].gen_512.u_macro_din0\[2\] not found.
[STA-1650] /home/blogic2026/final_jtag/repo/asic/run/RUN_final_2026-09-06/56-openroad-rcx/nom/asic_top.nom.spef line 2881691, net ANTENNA_i_soc.i_data_sram.u_sram.gen_bank\[0\].gen_512.u_macro_din0\[2\] not found.
[STA-1648] /home/blogic2026/final_jtag/repo/asic/run/RUN_final_2026-09-06/56-openroad-rcx/nom/asic_top.nom.spef line 2881696, instance ANTENNA_i_soc.i_data_sram.u_sram.gen_bank\[1\].gen_512.u_macro_din0\[30\] not found.
[STA-1648] /home/blogic2026/final_jtag/repo/asic/run/RUN_final_2026-09-06/56-openroad-rcx/nom/asic_top.nom.spef line 2881697, instance ANTENNA_i_soc.i_data_sram.u_sram.gen_bank\[3\].gen_512.u_macro_din0\[30\] not found.
[STA-1648] /home/blogic2026/final_jtag/repo/asic/run/RUN_final_2026-09-06/56-openroad-rcx/nom/asic_top.nom.spef line 2881700, instance ANTENNA_i_soc.i_data_sram.u_sram.gen_bank\[2\].gen_512.u_macro_din0\[30\] not found.
[STA-1648] /home/blogic2026/final_jtag/repo/asic/run/RUN_final_2026-09-06/56-openroad-rcx/nom/asic_top.nom.spef line 2881703, instance ANTENNA_i_soc.i_data_sram.u_sram.gen_bank\[0\].gen_512.u_macro_din0\[30\] not found.
[STA-1650] /home/blogic2026/final_jtag/repo/asic/run/RUN_final_2026-09-06/56-openroad-rcx/nom/asic_top.nom.spef line 2881708, net ANTENNA_i_soc.i_data_sram.u_sram.gen_bank\[1\].gen_512.u_macro_din0\[30\] not found.
[STA-1650] /home/blogic2026/final_jtag/repo/asic/run/RUN_final_2026-09-06/56-openroad-rcx/nom/asic_top.nom.spef line 2881709, net ANTENNA_i_soc.i_data_sram.u_sram.gen_bank\[3\].gen_512.u_macro_din0\[30\] not found.
[STA-1650] /home/blogic2026/final_jtag/repo/asic/run/RUN_final_2026-09-06/56-openroad-rcx/nom/asic_top.nom.spef line 2881712, net ANTENNA_i_soc.i_data_sram.u_sram.gen_bank\[2\].gen_512.u_macro_din0\[30\] not found.
[STA-1650] /home/blogic2026/final_jtag/repo/asic/run/RUN_final_2026-09-06/56-openroad-rcx/nom/asic_top.nom.spef line 2881715, net ANTENNA_i_soc.i_data_sram.u_sram.gen_bank\[0\].gen_512.u_macro_din0\[30\] not found.
[STA-1650] /home/blogic2026/final_jtag/repo/asic/run/RUN_final_2026-09-06/56-openroad-rcx/nom/asic_top.nom.spef line 2881739, net ANTENNA_i_soc.i_data_sram.u_sram.gen_bank\[0\].gen_512.u_macro_din0\[30\] not found.
[STA-1650] /home/blogic2026/final_jtag/repo/asic/run/RUN_final_2026-09-06/56-openroad-rcx/nom/asic_top.nom.spef line 2881740, net ANTENNA_i_soc.i_data_sram.u_sram.gen_bank\[0\].gen_512.u_macro_din0\[30\] not found.
[STA-1650] /home/blogic2026/final_jtag/repo/asic/run/RUN_final_2026-09-06/56-openroad-rcx/nom/asic_top.nom.spef line 2881741, net ANTENNA_i_soc.i_data_sram.u_sram.gen_bank\[0\].gen_512.u_macro_din0\[30\] not found.
[STA-1650] /home/blogic2026/final_jtag/repo/asic/run/RUN_final_2026-09-06/56-openroad-rcx/nom/asic_top.nom.spef line 2881742, net ANTENNA_i_soc.i_data_sram.u_sram.gen_bank\[2\].gen_512.u_macro_din0\[30\] not found.
[STA-1650] /home/blogic2026/final_jtag/repo/asic/run/RUN_final_2026-09-06/56-openroad-rcx/nom/asic_top.nom.spef line 2881745, net ANTENNA_i_soc.i_data_sram.u_sram.gen_bank\[1\].gen_512.u_macro_din0\[31\] not found.
[STA-1650] /home/blogic2026/final_jtag/repo/asic/run/RUN_final_2026-09-06/56-openroad-rcx/nom/asic_top.nom.spef line 2881790, net ANTENNA_i_soc.i_data_sram.u_sram.gen_bank\[2\].gen_512.u_macro_din0\[30\] not found.
[STA-1650] /home/blogic2026/final_jtag/repo/asic/run/RUN_final_2026-09-06/56-openroad-rcx/nom/asic_top.nom.spef line 2881845, net ANTENNA_i_soc.i_data_sram.u_sram.gen_bank\[0\].gen_512.u_macro_din0\[30\] not found.
[STA-1650] /home/blogic2026/final_jtag/repo/asic/run/RUN_final_2026-09-06/56-openroad-rcx/nom/asic_top.nom.spef line 2881851, net ANTENNA_i_soc.i_data_sram.u_sram.gen_bank\[2\].gen_512.u_macro_din0\[30\] not found.
[STA-1650] /home/blogic2026/final_jtag/repo/asic/run/RUN_final_2026-09-06/56-openroad-rcx/nom/asic_top.nom.spef line 2881858, net ANTENNA_i_soc.i_data_sram.u_sram.gen_bank\[2\].gen_512.u_macro_din0\[30\] not found.
[STA-1650] /home/blogic2026/final_jtag/repo/asic/run/RUN_final_2026-09-06/56-openroad-rcx/nom/asic_top.nom.spef line 2881865, net ANTENNA_i_soc.i_data_sram.u_sram.gen_bank\[0\].gen_512.u_macro_din0\[30\] not found.
[STA-1650] /home/blogic2026/final_jtag/repo/asic/run/RUN_final_2026-09-06/56-openroad-rcx/nom/asic_top.nom.spef line 2881867, net ANTENNA_i_soc.i_data_sram.u_sram.gen_bank\[0\].gen_512.u_macro_din0\[30\] not found.
[STA-1650] /home/blogic2026/final_jtag/repo/asic/run/RUN_final_2026-09-06/56-openroad-rcx/nom/asic_top.nom.spef line 2881876, net ANTENNA_i_soc.i_data_sram.u_sram.gen_bank\[2\].gen_512.u_macro_din0\[30\] not found.
[STA-1650] /home/blogic2026/final_jtag/repo/asic/run/RUN_final_2026-09-06/56-openroad-rcx/nom/asic_top.nom.spef line 2881885, net ANTENNA_i_soc.i_data_sram.u_sram.gen_bank\[3\].gen_512.u_macro_din0\[30\] not found.
[STA-1650] /home/blogic2026/final_jtag/repo/asic/run/RUN_final_2026-09-06/56-openroad-rcx/nom/asic_top.nom.spef line 2881890, net ANTENNA_i_soc.i_data_sram.u_sram.gen_bank\[1\].gen_512.u_macro_din0\[30\] not found.
[STA-1648] /home/blogic2026/final_jtag/repo/asic/run/RUN_final_2026-09-06/56-openroad-rcx/nom/asic_top.nom.spef line 2881898, instance ANTENNA_i_soc.i_data_sram.u_sram.gen_bank\[1\].gen_512.u_macro_din0\[31\] not found.
[STA-1648] /home/blogic2026/final_jtag/repo/asic/run/RUN_final_2026-09-06/56-openroad-rcx/nom/asic_top.nom.spef line 2881900, instance ANTENNA_i_soc.i_data_sram.u_sram.gen_bank\[3\].gen_512.u_macro_din0\[31\] not found.
[STA-1648] /home/blogic2026/final_jtag/repo/asic/run/RUN_final_2026-09-06/56-openroad-rcx/nom/asic_top.nom.spef line 2881901, instance ANTENNA_i_soc.i_data_sram.u_sram.gen_bank\[2\].gen_512.u_macro_din0\[31\] not found.
[STA-1648] /home/blogic2026/final_jtag/repo/asic/run/RUN_final_2026-09-06/56-openroad-rcx/nom/asic_top.nom.spef line 2881903, instance ANTENNA_i_soc.i_data_sram.u_sram.gen_bank\[0\].gen_512.u_macro_din0\[31\] not found.
[STA-1650] /home/blogic2026/final_jtag/repo/asic/run/RUN_final_2026-09-06/56-openroad-rcx/nom/asic_top.nom.spef line 2881910, net ANTENNA_i_soc.i_data_sram.u_sram.gen_bank\[1\].gen_512.u_macro_din0\[31\] not found.
[STA-1650] /home/blogic2026/final_jtag/repo/asic/run/RUN_final_2026-09-06/56-openroad-rcx/nom/asic_top.nom.spef line 2881912, net ANTENNA_i_soc.i_data_sram.u_sram.gen_bank\[3\].gen_512.u_macro_din0\[31\] not found.
[STA-1650] /home/blogic2026/final_jtag/repo/asic/run/RUN_final_2026-09-06/56-openroad-rcx/nom/asic_top.nom.spef line 2881913, net ANTENNA_i_soc.i_data_sram.u_sram.gen_bank\[2\].gen_512.u_macro_din0\[31\] not found.
[STA-1650] /home/blogic2026/final_jtag/repo/asic/run/RUN_final_2026-09-06/56-openroad-rcx/nom/asic_top.nom.spef line 2881915, net ANTENNA_i_soc.i_data_sram.u_sram.gen_bank\[0\].gen_512.u_macro_din0\[31\] not found.
[STA-1650] /home/blogic2026/final_jtag/repo/asic/run/RUN_final_2026-09-06/56-openroad-rcx/nom/asic_top.nom.spef line 2881940, net ANTENNA_i_soc.i_data_sram.u_sram.gen_bank\[0\].gen_512.u_macro_din0\[31\] not found.
[STA-1650] /home/blogic2026/final_jtag/repo/asic/run/RUN_final_2026-09-06/56-openroad-rcx/nom/asic_top.nom.spef line 2881967, net ANTENNA_i_soc.i_data_sram.u_sram.gen_bank\[1\].gen_512.u_macro_din0\[31\] not found.
[STA-1650] /home/blogic2026/final_jtag/repo/asic/run/RUN_final_2026-09-06/56-openroad-rcx/nom/asic_top.nom.spef line 2882019, net ANTENNA_i_soc.i_data_sram.u_sram.gen_bank\[0\].gen_512.u_macro_din0\[31\] not found.
[STA-1650] /home/blogic2026/final_jtag/repo/asic/run/RUN_final_2026-09-06/56-openroad-rcx/nom/asic_top.nom.spef line 2882030, net ANTENNA_i_soc.i_data_sram.u_sram.gen_bank\[2\].gen_512.u_macro_din0\[31\] not found.
[STA-1650] /home/blogic2026/final_jtag/repo/asic/run/RUN_final_2026-09-06/56-openroad-rcx/nom/asic_top.nom.spef line 2882040, net ANTENNA_i_soc.i_data_sram.u_sram.gen_bank\[3\].gen_512.u_macro_din0\[31\] not found.
[STA-1650] /home/blogic2026/final_jtag/repo/asic/run/RUN_final_2026-09-06/56-openroad-rcx/nom/asic_top.nom.spef line 2882045, net ANTENNA_i_soc.i_data_sram.u_sram.gen_bank\[1\].gen_512.u_macro_din0\[31\] not found.
[STA-1648] /home/blogic2026/final_jtag/repo/asic/run/RUN_final_2026-09-06/56-openroad-rcx/nom/asic_top.nom.spef line 2882055, instance ANTENNA_i_soc.i_data_sram.u_sram.gen_bank\[3\].gen_512.u_macro_din0\[3\] not found.
[STA-1648] /home/blogic2026/final_jtag/repo/asic/run/RUN_final_2026-09-06/56-openroad-rcx/nom/asic_top.nom.spef line 2882057, instance ANTENNA_i_soc.i_data_sram.u_sram.gen_bank\[1\].gen_512.u_macro_din0\[3\] not found.
[STA-1648] /home/blogic2026/final_jtag/repo/asic/run/RUN_final_2026-09-06/56-openroad-rcx/nom/asic_top.nom.spef line 2882059, instance ANTENNA_i_soc.i_data_sram.u_sram.gen_bank\[2\].gen_512.u_macro_din0\[3\] not found.
[STA-1648] /home/blogic2026/final_jtag/repo/asic/run/RUN_final_2026-09-06/56-openroad-rcx/nom/asic_top.nom.spef line 2882060, instance ANTENNA_i_soc.i_data_sram.u_sram.gen_bank\[0\].gen_512.u_macro_din0\[3\] not found.
[STA-1650] /home/blogic2026/final_jtag/repo/asic/run/RUN_final_2026-09-06/56-openroad-rcx/nom/asic_top.nom.spef line 2882067, net ANTENNA_i_soc.i_data_sram.u_sram.gen_bank\[3\].gen_512.u_macro_din0\[3\] not found.
[STA-1650] /home/blogic2026/final_jtag/repo/asic/run/RUN_final_2026-09-06/56-openroad-rcx/nom/asic_top.nom.spef line 2882069, net ANTENNA_i_soc.i_data_sram.u_sram.gen_bank\[1\].gen_512.u_macro_din0\[3\] not found.
[STA-1650] /home/blogic2026/final_jtag/repo/asic/run/RUN_final_2026-09-06/56-openroad-rcx/nom/asic_top.nom.spef line 2882071, net ANTENNA_i_soc.i_data_sram.u_sram.gen_bank\[2\].gen_512.u_macro_din0\[3\] not found.
[STA-1650] /home/blogic2026/final_jtag/repo/asic/run/RUN_final_2026-09-06/56-openroad-rcx/nom/asic_top.nom.spef line 2882072, net ANTENNA_i_soc.i_data_sram.u_sram.gen_bank\[0\].gen_512.u_macro_din0\[3\] not found.
[STA-1650] /home/blogic2026/final_jtag/repo/asic/run/RUN_final_2026-09-06/56-openroad-rcx/nom/asic_top.nom.spef line 2882088, net ANTENNA_i_soc.i_data_sram.u_sram.gen_bank\[0\].gen_512.u_macro_din0\[3\] not found.
[STA-1650] /home/blogic2026/final_jtag/repo/asic/run/RUN_final_2026-09-06/56-openroad-rcx/nom/asic_top.nom.spef line 2882089, net ANTENNA_i_soc.i_data_sram.u_sram.gen_bank\[2\].gen_512.u_macro_din0\[3\] not found.
[STA-1650] /home/blogic2026/final_jtag/repo/asic/run/RUN_final_2026-09-06/56-openroad-rcx/nom/asic_top.nom.spef line 2882164, net ANTENNA_i_soc.i_data_sram.u_sram.gen_bank\[0\].gen_512.u_macro_din0\[3\] not found.
[STA-1650] /home/blogic2026/final_jtag/repo/asic/run/RUN_final_2026-09-06/56-openroad-rcx/nom/asic_top.nom.spef line 2882178, net ANTENNA_i_soc.i_data_sram.u_sram.gen_bank\[0\].gen_512.u_macro_din0\[3\] not found.
[STA-1650] /home/blogic2026/final_jtag/repo/asic/run/RUN_final_2026-09-06/56-openroad-rcx/nom/asic_top.nom.spef line 2882183, net ANTENNA_i_soc.i_data_sram.u_sram.gen_bank\[2\].gen_512.u_macro_din0\[3\] not found.
[STA-1650] /home/blogic2026/final_jtag/repo/asic/run/RUN_final_2026-09-06/56-openroad-rcx/nom/asic_top.nom.spef line 2882195, net ANTENNA_i_soc.i_data_sram.u_sram.gen_bank\[0\].gen_512.u_macro_din0\[3\] not found.
[STA-1650] /home/blogic2026/final_jtag/repo/asic/run/RUN_final_2026-09-06/56-openroad-rcx/nom/asic_top.nom.spef line 2882201, net ANTENNA_i_soc.i_data_sram.u_sram.gen_bank\[2\].gen_512.u_macro_din0\[3\] not found.
[STA-1650] /home/blogic2026/final_jtag/repo/asic/run/RUN_final_2026-09-06/56-openroad-rcx/nom/asic_top.nom.spef line 2882209, net ANTENNA_i_soc.i_data_sram.u_sram.gen_bank\[1\].gen_512.u_macro_din0\[3\] not found.
[STA-1650] /home/blogic2026/final_jtag/repo/asic/run/RUN_final_2026-09-06/56-openroad-rcx/nom/asic_top.nom.spef line 2882213, net ANTENNA_i_soc.i_data_sram.u_sram.gen_bank\[3\].gen_512.u_macro_din0\[3\] not found.
[STA-1650] /home/blogic2026/final_jtag/repo/asic/run/RUN_final_2026-09-06/56-openroad-rcx/nom/asic_top.nom.spef line 2882216, net ANTENNA_i_soc.i_data_sram.u_sram.gen_bank\[0\].gen_512.u_macro_din0\[3\] not found.
[STA-1648] /home/blogic2026/final_jtag/repo/asic/run/RUN_final_2026-09-06/56-openroad-rcx/nom/asic_top.nom.spef line 2882221, instance ANTENNA_i_soc.i_data_sram.u_sram.gen_bank\[0\].gen_512.u_macro_din0\[4\] not found.
[STA-1648] /home/blogic2026/final_jtag/repo/asic/run/RUN_final_2026-09-06/56-openroad-rcx/nom/asic_top.nom.spef line 2882224, instance ANTENNA_i_soc.i_data_sram.u_sram.gen_bank\[1\].gen_512.u_macro_din0\[4\] not found.
[STA-1648] /home/blogic2026/final_jtag/repo/asic/run/RUN_final_2026-09-06/56-openroad-rcx/nom/asic_top.nom.spef line 2882225, instance ANTENNA_i_soc.i_data_sram.u_sram.gen_bank\[3\].gen_512.u_macro_din0\[4\] not found.
[STA-1648] /home/blogic2026/final_jtag/repo/asic/run/RUN_final_2026-09-06/56-openroad-rcx/nom/asic_top.nom.spef line 2882228, instance ANTENNA_i_soc.i_data_sram.u_sram.gen_bank\[2\].gen_512.u_macro_din0\[4\] not found.
[STA-1650] /home/blogic2026/final_jtag/repo/asic/run/RUN_final_2026-09-06/56-openroad-rcx/nom/asic_top.nom.spef line 2882233, net ANTENNA_i_soc.i_data_sram.u_sram.gen_bank\[0\].gen_512.u_macro_din0\[4\] not found.
[STA-1650] /home/blogic2026/final_jtag/repo/asic/run/RUN_final_2026-09-06/56-openroad-rcx/nom/asic_top.nom.spef line 2882236, net ANTENNA_i_soc.i_data_sram.u_sram.gen_bank\[1\].gen_512.u_macro_din0\[4\] not found.
[STA-1650] /home/blogic2026/final_jtag/repo/asic/run/RUN_final_2026-09-06/56-openroad-rcx/nom/asic_top.nom.spef line 2882237, net ANTENNA_i_soc.i_data_sram.u_sram.gen_bank\[3\].gen_512.u_macro_din0\[4\] not found.
[STA-1650] /home/blogic2026/final_jtag/repo/asic/run/RUN_final_2026-09-06/56-openroad-rcx/nom/asic_top.nom.spef line 2882240, net ANTENNA_i_soc.i_data_sram.u_sram.gen_bank\[2\].gen_512.u_macro_din0\[4\] not found.
[STA-1650] /home/blogic2026/final_jtag/repo/asic/run/RUN_final_2026-09-06/56-openroad-rcx/nom/asic_top.nom.spef line 2882265, net ANTENNA_i_soc.i_data_sram.u_sram.gen_bank\[2\].gen_512.u_macro_din0\[4\] not found.
[STA-1650] /home/blogic2026/final_jtag/repo/asic/run/RUN_final_2026-09-06/56-openroad-rcx/nom/asic_top.nom.spef line 2882266, net ANTENNA_i_soc.i_data_sram.u_sram.gen_bank\[3\].gen_512.u_macro_din0\[4\] not found.
[STA-1650] /home/blogic2026/final_jtag/repo/asic/run/RUN_final_2026-09-06/56-openroad-rcx/nom/asic_top.nom.spef line 2882484, net ANTENNA_i_soc.i_data_sram.u_sram.gen_bank\[2\].gen_512.u_macro_din0\[4\] not found.
[STA-1650] /home/blogic2026/final_jtag/repo/asic/run/RUN_final_2026-09-06/56-openroad-rcx/nom/asic_top.nom.spef line 2882492, net ANTENNA_i_soc.i_data_sram.u_sram.gen_bank\[3\].gen_512.u_macro_din0\[4\] not found.
[STA-1650] /home/blogic2026/final_jtag/repo/asic/run/RUN_final_2026-09-06/56-openroad-rcx/nom/asic_top.nom.spef line 2882496, net ANTENNA_i_soc.i_data_sram.u_sram.gen_bank\[1\].gen_512.u_macro_din0\[4\] not found.
[STA-1650] /home/blogic2026/final_jtag/repo/asic/run/RUN_final_2026-09-06/56-openroad-rcx/nom/asic_top.nom.spef line 2882499, net ANTENNA_i_soc.i_data_sram.u_sram.gen_bank\[0\].gen_512.u_macro_din0\[4\] not found.
[STA-1648] /home/blogic2026/final_jtag/repo/asic/run/RUN_final_2026-09-06/56-openroad-rcx/nom/asic_top.nom.spef line 2882506, instance ANTENNA_i_soc.i_data_sram.u_sram.gen_bank\[1\].gen_512.u_macro_din0\[5\] not found.
[STA-1648] /home/blogic2026/final_jtag/repo/asic/run/RUN_final_2026-09-06/56-openroad-rcx/nom/asic_top.nom.spef line 2882508, instance ANTENNA_i_soc.i_data_sram.u_sram.gen_bank\[3\].gen_512.u_macro_din0\[5\] not found.
[STA-1648] /home/blogic2026/final_jtag/repo/asic/run/RUN_final_2026-09-06/56-openroad-rcx/nom/asic_top.nom.spef line 2882510, instance ANTENNA_i_soc.i_data_sram.u_sram.gen_bank\[2\].gen_512.u_macro_din0\[5\] not found.
[STA-1648] /home/blogic2026/final_jtag/repo/asic/run/RUN_final_2026-09-06/56-openroad-rcx/nom/asic_top.nom.spef line 2882511, instance ANTENNA_i_soc.i_data_sram.u_sram.gen_bank\[0\].gen_512.u_macro_din0\[5\] not found.
[STA-1650] /home/blogic2026/final_jtag/repo/asic/run/RUN_final_2026-09-06/56-openroad-rcx/nom/asic_top.nom.spef line 2882518, net ANTENNA_i_soc.i_data_sram.u_sram.gen_bank\[1\].gen_512.u_macro_din0\[5\] not found.
[STA-1650] /home/blogic2026/final_jtag/repo/asic/run/RUN_final_2026-09-06/56-openroad-rcx/nom/asic_top.nom.spef line 2882520, net ANTENNA_i_soc.i_data_sram.u_sram.gen_bank\[3\].gen_512.u_macro_din0\[5\] not found.
[STA-1650] /home/blogic2026/final_jtag/repo/asic/run/RUN_final_2026-09-06/56-openroad-rcx/nom/asic_top.nom.spef line 2882522, net ANTENNA_i_soc.i_data_sram.u_sram.gen_bank\[2\].gen_512.u_macro_din0\[5\] not found.
[STA-1650] /home/blogic2026/final_jtag/repo/asic/run/RUN_final_2026-09-06/56-openroad-rcx/nom/asic_top.nom.spef line 2882523, net ANTENNA_i_soc.i_data_sram.u_sram.gen_bank\[0\].gen_512.u_macro_din0\[5\] not found.
[STA-1650] /home/blogic2026/final_jtag/repo/asic/run/RUN_final_2026-09-06/56-openroad-rcx/nom/asic_top.nom.spef line 2882546, net ANTENNA_i_soc.i_data_sram.u_sram.gen_bank\[1\].gen_512.u_macro_din0\[5\] not found.
[STA-1650] /home/blogic2026/final_jtag/repo/asic/run/RUN_final_2026-09-06/56-openroad-rcx/nom/asic_top.nom.spef line 2882636, net ANTENNA_i_soc.i_data_sram.u_sram.gen_bank\[2\].gen_512.u_macro_din0\[5\] not found.
[STA-1650] /home/blogic2026/final_jtag/repo/asic/run/RUN_final_2026-09-06/56-openroad-rcx/nom/asic_top.nom.spef line 2882669, net ANTENNA_i_soc.i_data_sram.u_sram.gen_bank\[1\].gen_512.u_macro_din0\[5\] not found.
[STA-1650] /home/blogic2026/final_jtag/repo/asic/run/RUN_final_2026-09-06/56-openroad-rcx/nom/asic_top.nom.spef line 2882685, net ANTENNA_i_soc.i_data_sram.u_sram.gen_bank\[0\].gen_512.u_macro_din0\[5\] not found.
[STA-1650] /home/blogic2026/final_jtag/repo/asic/run/RUN_final_2026-09-06/56-openroad-rcx/nom/asic_top.nom.spef line 2882692, net ANTENNA_i_soc.i_data_sram.u_sram.gen_bank\[2\].gen_512.u_macro_din0\[5\] not found.
[STA-1650] /home/blogic2026/final_jtag/repo/asic/run/RUN_final_2026-09-06/56-openroad-rcx/nom/asic_top.nom.spef line 2882702, net ANTENNA_i_soc.i_data_sram.u_sram.gen_bank\[3\].gen_512.u_macro_din0\[5\] not found.
[STA-1650] /home/blogic2026/final_jtag/repo/asic/run/RUN_final_2026-09-06/56-openroad-rcx/nom/asic_top.nom.spef line 2882707, net ANTENNA_i_soc.i_data_sram.u_sram.gen_bank\[1\].gen_512.u_macro_din0\[5\] not found.
[STA-1648] /home/blogic2026/final_jtag/repo/asic/run/RUN_final_2026-09-06/56-openroad-rcx/nom/asic_top.nom.spef line 2882713, instance ANTENNA_i_soc.i_data_sram.u_sram.gen_bank\[2\].gen_512.u_macro_din0\[6\] not found.
[STA-1648] /home/blogic2026/final_jtag/repo/asic/run/RUN_final_2026-09-06/56-openroad-rcx/nom/asic_top.nom.spef line 2882716, instance ANTENNA_i_soc.i_data_sram.u_sram.gen_bank\[3\].gen_512.u_macro_din0\[6\] not found.
[STA-1648] /home/blogic2026/final_jtag/repo/asic/run/RUN_final_2026-09-06/56-openroad-rcx/nom/asic_top.nom.spef line 2882718, instance ANTENNA_i_soc.i_data_sram.u_sram.gen_bank\[1\].gen_512.u_macro_din0\[6\] not found.
[STA-1648] /home/blogic2026/final_jtag/repo/asic/run/RUN_final_2026-09-06/56-openroad-rcx/nom/asic_top.nom.spef line 2882720, instance ANTENNA_i_soc.i_data_sram.u_sram.gen_bank\[0\].gen_512.u_macro_din0\[6\] not found.
[STA-1650] /home/blogic2026/final_jtag/repo/asic/run/RUN_final_2026-09-06/56-openroad-rcx/nom/asic_top.nom.spef line 2882725, net ANTENNA_i_soc.i_data_sram.u_sram.gen_bank\[2\].gen_512.u_macro_din0\[6\] not found.
[STA-1650] /home/blogic2026/final_jtag/repo/asic/run/RUN_final_2026-09-06/56-openroad-rcx/nom/asic_top.nom.spef line 2882728, net ANTENNA_i_soc.i_data_sram.u_sram.gen_bank\[3\].gen_512.u_macro_din0\[6\] not found.
[STA-1650] /home/blogic2026/final_jtag/repo/asic/run/RUN_final_2026-09-06/56-openroad-rcx/nom/asic_top.nom.spef line 2882730, net ANTENNA_i_soc.i_data_sram.u_sram.gen_bank\[1\].gen_512.u_macro_din0\[6\] not found.
[STA-1650] /home/blogic2026/final_jtag/repo/asic/run/RUN_final_2026-09-06/56-openroad-rcx/nom/asic_top.nom.spef line 2882732, net ANTENNA_i_soc.i_data_sram.u_sram.gen_bank\[0\].gen_512.u_macro_din0\[6\] not found.
[STA-1650] /home/blogic2026/final_jtag/repo/asic/run/RUN_final_2026-09-06/56-openroad-rcx/nom/asic_top.nom.spef line 2882752, net ANTENNA_i_soc.i_data_sram.u_sram.gen_bank\[2\].gen_512.u_macro_din0\[6\] not found.
[STA-1650] /home/blogic2026/final_jtag/repo/asic/run/RUN_final_2026-09-06/56-openroad-rcx/nom/asic_top.nom.spef line 2882753, net ANTENNA_i_soc.i_data_sram.u_sram.gen_bank\[2\].gen_512.u_macro_din0\[6\] not found.
[STA-1650] /home/blogic2026/final_jtag/repo/asic/run/RUN_final_2026-09-06/56-openroad-rcx/nom/asic_top.nom.spef line 2882754, net ANTENNA_i_soc.i_data_sram.u_sram.gen_bank\[3\].gen_512.u_macro_din0\[6\] not found.
[STA-1650] /home/blogic2026/final_jtag/repo/asic/run/RUN_final_2026-09-06/56-openroad-rcx/nom/asic_top.nom.spef line 2882832, net ANTENNA_i_soc.i_data_sram.u_sram.gen_bank\[2\].gen_512.u_macro_din0\[3\] not found.
[STA-1650] /home/blogic2026/final_jtag/repo/asic/run/RUN_final_2026-09-06/56-openroad-rcx/nom/asic_top.nom.spef line 2882844, net ANTENNA_i_soc.i_data_sram.u_sram.gen_bank\[2\].gen_512.u_macro_din0\[6\] not found.
[STA-1650] /home/blogic2026/final_jtag/repo/asic/run/RUN_final_2026-09-06/56-openroad-rcx/nom/asic_top.nom.spef line 2882865, net ANTENNA_i_soc.i_data_sram.u_sram.gen_bank\[2\].gen_512.u_macro_din0\[6\] not found.
[STA-1650] /home/blogic2026/final_jtag/repo/asic/run/RUN_final_2026-09-06/56-openroad-rcx/nom/asic_top.nom.spef line 2882897, net ANTENNA_i_soc.i_data_sram.u_sram.gen_bank\[0\].gen_512.u_macro_din0\[6\] not found.
[STA-1650] /home/blogic2026/final_jtag/repo/asic/run/RUN_final_2026-09-06/56-openroad-rcx/nom/asic_top.nom.spef line 2882906, net ANTENNA_i_soc.i_data_sram.u_sram.gen_bank\[1\].gen_512.u_macro_din0\[6\] not found.
[STA-1650] /home/blogic2026/final_jtag/repo/asic/run/RUN_final_2026-09-06/56-openroad-rcx/nom/asic_top.nom.spef line 2882912, net ANTENNA_i_soc.i_data_sram.u_sram.gen_bank\[3\].gen_512.u_macro_din0\[6\] not found.
[STA-1650] /home/blogic2026/final_jtag/repo/asic/run/RUN_final_2026-09-06/56-openroad-rcx/nom/asic_top.nom.spef line 2882919, net ANTENNA_i_soc.i_data_sram.u_sram.gen_bank\[2\].gen_512.u_macro_din0\[6\] not found.
[STA-1648] /home/blogic2026/final_jtag/repo/asic/run/RUN_final_2026-09-06/56-openroad-rcx/nom/asic_top.nom.spef line 2882923, instance ANTENNA_i_soc.i_data_sram.u_sram.gen_bank\[1\].gen_512.u_macro_din0\[7\] not found.
[STA-1648] /home/blogic2026/final_jtag/repo/asic/run/RUN_final_2026-09-06/56-openroad-rcx/nom/asic_top.nom.spef line 2882926, instance ANTENNA_i_soc.i_data_sram.u_sram.gen_bank\[3\].gen_512.u_macro_din0\[7\] not found.
[STA-1648] /home/blogic2026/final_jtag/repo/asic/run/RUN_final_2026-09-06/56-openroad-rcx/nom/asic_top.nom.spef line 2882929, instance ANTENNA_i_soc.i_data_sram.u_sram.gen_bank\[0\].gen_512.u_macro_din0\[7\] not found.
[STA-1648] /home/blogic2026/final_jtag/repo/asic/run/RUN_final_2026-09-06/56-openroad-rcx/nom/asic_top.nom.spef line 2882931, instance ANTENNA_i_soc.i_data_sram.u_sram.gen_bank\[2\].gen_512.u_macro_din0\[7\] not found.
[STA-1650] /home/blogic2026/final_jtag/repo/asic/run/RUN_final_2026-09-06/56-openroad-rcx/nom/asic_top.nom.spef line 2882935, net ANTENNA_i_soc.i_data_sram.u_sram.gen_bank\[1\].gen_512.u_macro_din0\[7\] not found.
[STA-1650] /home/blogic2026/final_jtag/repo/asic/run/RUN_final_2026-09-06/56-openroad-rcx/nom/asic_top.nom.spef line 2882938, net ANTENNA_i_soc.i_data_sram.u_sram.gen_bank\[3\].gen_512.u_macro_din0\[7\] not found.
[STA-1650] /home/blogic2026/final_jtag/repo/asic/run/RUN_final_2026-09-06/56-openroad-rcx/nom/asic_top.nom.spef line 2882941, net ANTENNA_i_soc.i_data_sram.u_sram.gen_bank\[0\].gen_512.u_macro_din0\[7\] not found.
[STA-1650] /home/blogic2026/final_jtag/repo/asic/run/RUN_final_2026-09-06/56-openroad-rcx/nom/asic_top.nom.spef line 2882943, net ANTENNA_i_soc.i_data_sram.u_sram.gen_bank\[2\].gen_512.u_macro_din0\[7\] not found.
[STA-1650] /home/blogic2026/final_jtag/repo/asic/run/RUN_final_2026-09-06/56-openroad-rcx/nom/asic_top.nom.spef line 2883018, net ANTENNA_i_soc.i_data_sram.u_sram.gen_bank\[0\].gen_512.u_macro_din0\[8\] not found.
[STA-1650] /home/blogic2026/final_jtag/repo/asic/run/RUN_final_2026-09-06/56-openroad-rcx/nom/asic_top.nom.spef line 2883074, net ANTENNA_i_soc.i_data_sram.u_sram.gen_bank\[0\].gen_512.u_macro_din0\[15\] not found.
[STA-1650] /home/blogic2026/final_jtag/repo/asic/run/RUN_final_2026-09-06/56-openroad-rcx/nom/asic_top.nom.spef line 2883075, net ANTENNA_i_soc.i_data_sram.u_sram.gen_bank\[0\].gen_512.u_macro_din0\[27\] not found.
[STA-1650] /home/blogic2026/final_jtag/repo/asic/run/RUN_final_2026-09-06/56-openroad-rcx/nom/asic_top.nom.spef line 2883076, net ANTENNA_i_soc.i_data_sram.u_sram.gen_bank\[0\].gen_512.u_macro_din0\[30\] not found.
[STA-1650] /home/blogic2026/final_jtag/repo/asic/run/RUN_final_2026-09-06/56-openroad-rcx/nom/asic_top.nom.spef line 2883077, net ANTENNA_i_soc.i_data_sram.u_sram.gen_bank\[1\].gen_512.u_macro_din0\[5\] not found.
[STA-1650] /home/blogic2026/final_jtag/repo/asic/run/RUN_final_2026-09-06/56-openroad-rcx/nom/asic_top.nom.spef line 2883078, net ANTENNA_i_soc.i_data_sram.u_sram.gen_bank\[3\].gen_512.u_macro_din0\[4\] not found.
[STA-1650] /home/blogic2026/final_jtag/repo/asic/run/RUN_final_2026-09-06/56-openroad-rcx/nom/asic_top.nom.spef line 2883164, net ANTENNA_i_soc.i_data_sram.u_sram.gen_bank\[2\].gen_512.u_macro_din0\[7\] not found.
[STA-1650] /home/blogic2026/final_jtag/repo/asic/run/RUN_final_2026-09-06/56-openroad-rcx/nom/asic_top.nom.spef line 2883166, net ANTENNA_i_soc.i_data_sram.u_sram.gen_bank\[0\].gen_512.u_macro_din0\[7\] not found.
[STA-1650] /home/blogic2026/final_jtag/repo/asic/run/RUN_final_2026-09-06/56-openroad-rcx/nom/asic_top.nom.spef line 2883183, net ANTENNA_i_soc.i_data_sram.u_sram.gen_bank\[3\].gen_512.u_macro_din0\[7\] not found.
[STA-1650] /home/blogic2026/final_jtag/repo/asic/run/RUN_final_2026-09-06/56-openroad-rcx/nom/asic_top.nom.spef line 2883188, net ANTENNA_i_soc.i_data_sram.u_sram.gen_bank\[1\].gen_512.u_macro_din0\[7\] not found.
[STA-1648] /home/blogic2026/final_jtag/repo/asic/run/RUN_final_2026-09-06/56-openroad-rcx/nom/asic_top.nom.spef line 2883194, instance ANTENNA_i_soc.i_data_sram.u_sram.gen_bank\[2\].gen_512.u_macro_din0\[8\] not found.
[STA-1648] /home/blogic2026/final_jtag/repo/asic/run/RUN_final_2026-09-06/56-openroad-rcx/nom/asic_top.nom.spef line 2883195, instance ANTENNA_i_soc.i_data_sram.u_sram.gen_bank\[0\].gen_512.u_macro_din0\[8\] not found.
[STA-1648] /home/blogic2026/final_jtag/repo/asic/run/RUN_final_2026-09-06/56-openroad-rcx/nom/asic_top.nom.spef line 2883197, instance ANTENNA_i_soc.i_data_sram.u_sram.gen_bank\[3\].gen_512.u_macro_din0\[8\] not found.
[STA-1648] /home/blogic2026/final_jtag/repo/asic/run/RUN_final_2026-09-06/56-openroad-rcx/nom/asic_top.nom.spef line 2883200, instance ANTENNA_i_soc.i_data_sram.u_sram.gen_bank\[1\].gen_512.u_macro_din0\[8\] not found.
[STA-1650] /home/blogic2026/final_jtag/repo/asic/run/RUN_final_2026-09-06/56-openroad-rcx/nom/asic_top.nom.spef line 2883206, net ANTENNA_i_soc.i_data_sram.u_sram.gen_bank\[2\].gen_512.u_macro_din0\[8\] not found.
[STA-1650] /home/blogic2026/final_jtag/repo/asic/run/RUN_final_2026-09-06/56-openroad-rcx/nom/asic_top.nom.spef line 2883207, net ANTENNA_i_soc.i_data_sram.u_sram.gen_bank\[0\].gen_512.u_macro_din0\[8\] not found.
[STA-1650] /home/blogic2026/final_jtag/repo/asic/run/RUN_final_2026-09-06/56-openroad-rcx/nom/asic_top.nom.spef line 2883209, net ANTENNA_i_soc.i_data_sram.u_sram.gen_bank\[3\].gen_512.u_macro_din0\[8\] not found.
[STA-1650] /home/blogic2026/final_jtag/repo/asic/run/RUN_final_2026-09-06/56-openroad-rcx/nom/asic_top.nom.spef line 2883212, net ANTENNA_i_soc.i_data_sram.u_sram.gen_bank\[1\].gen_512.u_macro_din0\[8\] not found.
[STA-1650] /home/blogic2026/final_jtag/repo/asic/run/RUN_final_2026-09-06/56-openroad-rcx/nom/asic_top.nom.spef line 2883234, net ANTENNA_i_soc.i_data_sram.u_sram.gen_bank\[0\].gen_512.u_macro_din0\[8\] not found.
[STA-1650] /home/blogic2026/final_jtag/repo/asic/run/RUN_final_2026-09-06/56-openroad-rcx/nom/asic_top.nom.spef line 2883241, net ANTENNA_i_soc.i_data_sram.u_sram.gen_bank\[0\].gen_512.u_macro_din0\[9\] not found.
[STA-1650] /home/blogic2026/final_jtag/repo/asic/run/RUN_final_2026-09-06/56-openroad-rcx/nom/asic_top.nom.spef line 2883298, net ANTENNA_i_soc.i_data_sram.u_sram.gen_bank\[0\].gen_512.u_macro_din0\[8\] not found.
[STA-1650] /home/blogic2026/final_jtag/repo/asic/run/RUN_final_2026-09-06/56-openroad-rcx/nom/asic_top.nom.spef line 2883310, net ANTENNA_i_soc.i_data_sram.u_sram.gen_bank\[1\].gen_512.u_macro_din0\[8\] not found.
[STA-1650] /home/blogic2026/final_jtag/repo/asic/run/RUN_final_2026-09-06/56-openroad-rcx/nom/asic_top.nom.spef line 2883312, net ANTENNA_i_soc.i_data_sram.u_sram.gen_bank\[3\].gen_512.u_macro_din0\[8\] not found.
[STA-1650] /home/blogic2026/final_jtag/repo/asic/run/RUN_final_2026-09-06/56-openroad-rcx/nom/asic_top.nom.spef line 2883327, net ANTENNA_i_soc.i_data_sram.u_sram.gen_bank\[0\].gen_512.u_macro_din0\[8\] not found.
[STA-1650] /home/blogic2026/final_jtag/repo/asic/run/RUN_final_2026-09-06/56-openroad-rcx/nom/asic_top.nom.spef line 2883342, net ANTENNA_i_soc.i_data_sram.u_sram.gen_bank\[1\].gen_512.u_macro_din0\[8\] not found.
[STA-1650] /home/blogic2026/final_jtag/repo/asic/run/RUN_final_2026-09-06/56-openroad-rcx/nom/asic_top.nom.spef line 2883347, net ANTENNA_i_soc.i_data_sram.u_sram.gen_bank\[3\].gen_512.u_macro_din0\[8\] not found.
[STA-1650] /home/blogic2026/final_jtag/repo/asic/run/RUN_final_2026-09-06/56-openroad-rcx/nom/asic_top.nom.spef line 2883349, net ANTENNA_i_soc.i_data_sram.u_sram.gen_bank\[0\].gen_512.u_macro_din0\[8\] not found.
[STA-1650] /home/blogic2026/final_jtag/repo/asic/run/RUN_final_2026-09-06/56-openroad-rcx/nom/asic_top.nom.spef line 2883350, net ANTENNA_i_soc.i_data_sram.u_sram.gen_bank\[0\].gen_512.u_macro_din0\[8\] not found.
[STA-1650] /home/blogic2026/final_jtag/repo/asic/run/RUN_final_2026-09-06/56-openroad-rcx/nom/asic_top.nom.spef line 2883359, net ANTENNA_i_soc.i_data_sram.u_sram.gen_bank\[2\].gen_512.u_macro_din0\[8\] not found.
[STA-1648] /home/blogic2026/final_jtag/repo/asic/run/RUN_final_2026-09-06/56-openroad-rcx/nom/asic_top.nom.spef line 2883367, instance ANTENNA_i_soc.i_data_sram.u_sram.gen_bank\[1\].gen_512.u_macro_din0\[9\] not found.
[STA-1648] /home/blogic2026/final_jtag/repo/asic/run/RUN_final_2026-09-06/56-openroad-rcx/nom/asic_top.nom.spef line 2883369, instance ANTENNA_i_soc.i_data_sram.u_sram.gen_bank\[3\].gen_512.u_macro_din0\[9\] not found.
[STA-1648] /home/blogic2026/final_jtag/repo/asic/run/RUN_final_2026-09-06/56-openroad-rcx/nom/asic_top.nom.spef line 2883371, instance ANTENNA_i_soc.i_data_sram.u_sram.gen_bank\[0\].gen_512.u_macro_din0\[9\] not found.
[STA-1648] /home/blogic2026/final_jtag/repo/asic/run/RUN_final_2026-09-06/56-openroad-rcx/nom/asic_top.nom.spef line 2883373, instance ANTENNA_i_soc.i_data_sram.u_sram.gen_bank\[2\].gen_512.u_macro_din0\[9\] not found.
[STA-1650] /home/blogic2026/final_jtag/repo/asic/run/RUN_final_2026-09-06/56-openroad-rcx/nom/asic_top.nom.spef line 2883379, net ANTENNA_i_soc.i_data_sram.u_sram.gen_bank\[1\].gen_512.u_macro_din0\[9\] not found.
[STA-1650] /home/blogic2026/final_jtag/repo/asic/run/RUN_final_2026-09-06/56-openroad-rcx/nom/asic_top.nom.spef line 2883381, net ANTENNA_i_soc.i_data_sram.u_sram.gen_bank\[3\].gen_512.u_macro_din0\[9\] not found.
[STA-1650] /home/blogic2026/final_jtag/repo/asic/run/RUN_final_2026-09-06/56-openroad-rcx/nom/asic_top.nom.spef line 2883383, net ANTENNA_i_soc.i_data_sram.u_sram.gen_bank\[0\].gen_512.u_macro_din0\[9\] not found.
[STA-1650] /home/blogic2026/final_jtag/repo/asic/run/RUN_final_2026-09-06/56-openroad-rcx/nom/asic_top.nom.spef line 2883385, net ANTENNA_i_soc.i_data_sram.u_sram.gen_bank\[2\].gen_512.u_macro_din0\[9\] not found.
[STA-1650] /home/blogic2026/final_jtag/repo/asic/run/RUN_final_2026-09-06/56-openroad-rcx/nom/asic_top.nom.spef line 2883488, net ANTENNA_i_soc.i_data_sram.u_sram.gen_bank\[0\].gen_512.u_macro_din0\[27\] not found.
[STA-1650] /home/blogic2026/final_jtag/repo/asic/run/RUN_final_2026-09-06/56-openroad-rcx/nom/asic_top.nom.spef line 2883489, net ANTENNA_i_soc.i_data_sram.u_sram.gen_bank\[0\].gen_512.u_macro_din0\[28\] not found.
[STA-1650] /home/blogic2026/final_jtag/repo/asic/run/RUN_final_2026-09-06/56-openroad-rcx/nom/asic_top.nom.spef line 2883490, net ANTENNA_i_soc.i_data_sram.u_sram.gen_bank\[0\].gen_512.u_macro_din0\[30\] not found.
[STA-1650] /home/blogic2026/final_jtag/repo/asic/run/RUN_final_2026-09-06/56-openroad-rcx/nom/asic_top.nom.spef line 2883491, net ANTENNA_i_soc.i_data_sram.u_sram.gen_bank\[0\].gen_512.u_macro_din0\[31\] not found.
[STA-1650] /home/blogic2026/final_jtag/repo/asic/run/RUN_final_2026-09-06/56-openroad-rcx/nom/asic_top.nom.spef line 2883492, net ANTENNA_i_soc.i_data_sram.u_sram.gen_bank\[2\].gen_512.u_macro_din0\[10\] not found.
[STA-1650] /home/blogic2026/final_jtag/repo/asic/run/RUN_final_2026-09-06/56-openroad-rcx/nom/asic_top.nom.spef line 2883558, net ANTENNA_i_soc.i_data_sram.u_sram.gen_bank\[3\].gen_512.u_macro_din0\[9\] not found.
[STA-1650] /home/blogic2026/final_jtag/repo/asic/run/RUN_final_2026-09-06/56-openroad-rcx/nom/asic_top.nom.spef line 2883560, net ANTENNA_i_soc.i_data_sram.u_sram.gen_bank\[1\].gen_512.u_macro_din0\[9\] not found.
[STA-1650] /home/blogic2026/final_jtag/repo/asic/run/RUN_final_2026-09-06/56-openroad-rcx/nom/asic_top.nom.spef line 2883596, net ANTENNA_i_soc.i_data_sram.u_sram.gen_bank\[0\].gen_512.u_macro_din0\[9\] not found.
[STA-1650] /home/blogic2026/final_jtag/repo/asic/run/RUN_final_2026-09-06/56-openroad-rcx/nom/asic_top.nom.spef line 2883613, net ANTENNA_i_soc.i_data_sram.u_sram.gen_bank\[2\].gen_512.u_macro_din0\[9\] not found.
[STA-1650] /home/blogic2026/final_jtag/repo/asic/run/RUN_final_2026-09-06/56-openroad-rcx/nom/asic_top.nom.spef line 2883615, net ANTENNA_i_soc.i_data_sram.u_sram.gen_bank\[0\].gen_512.u_macro_din0\[9\] not found.
[STA-1650] /home/blogic2026/final_jtag/repo/asic/run/RUN_final_2026-09-06/56-openroad-rcx/nom/asic_top.nom.spef line 2883632, net ANTENNA_i_soc.i_data_sram.u_sram.gen_bank\[3\].gen_512.u_macro_din0\[9\] not found.
[STA-1650] /home/blogic2026/final_jtag/repo/asic/run/RUN_final_2026-09-06/56-openroad-rcx/nom/asic_top.nom.spef line 2883636, net ANTENNA_i_soc.i_data_sram.u_sram.gen_bank\[1\].gen_512.u_macro_din0\[9\] not found.
[STA-1650] /home/blogic2026/final_jtag/repo/asic/run/RUN_final_2026-09-06/56-openroad-rcx/nom/asic_top.nom.spef line 2883788, net ANTENNA_i_soc.i_data_sram.u_sram.gen_bank\[0\].gen_512.u_macro_din0\[17\] not found.
[STA-1650] /home/blogic2026/final_jtag/repo/asic/run/RUN_final_2026-09-06/56-openroad-rcx/nom/asic_top.nom.spef line 2883789, net ANTENNA_i_soc.i_data_sram.u_sram.gen_bank\[0\].gen_512.u_macro_din0\[18\] not found.
[STA-1650] /home/blogic2026/final_jtag/repo/asic/run/RUN_final_2026-09-06/56-openroad-rcx/nom/asic_top.nom.spef line 2884193, net ANTENNA_i_soc.i_data_sram.u_sram.gen_bank\[0\].gen_512.u_macro_din0\[15\] not found.
[STA-1650] /home/blogic2026/final_jtag/repo/asic/run/RUN_final_2026-09-06/56-openroad-rcx/nom/asic_top.nom.spef line 2912816, net ANTENNA_i_soc.i_ai_accel.u_input_mem_dout1\[25\] not found.
[STA-1650] /home/blogic2026/final_jtag/repo/asic/run/RUN_final_2026-09-06/56-openroad-rcx/nom/asic_top.nom.spef line 3013800, net ANTENNA_i_soc.i_ai_accel.u_input_mem_din0\[8\] not found.
[STA-1650] /home/blogic2026/final_jtag/repo/asic/run/RUN_final_2026-09-06/56-openroad-rcx/nom/asic_top.nom.spef line 3023535, net ANTENNA_i_soc.i_ai_accel.u_conv_w_mem_din0\[16\] not found.
[STA-1650] /home/blogic2026/final_jtag/repo/asic/run/RUN_final_2026-09-06/56-openroad-rcx/nom/asic_top.nom.spef line 3024014, net ANTENNA_i_soc.i_ai_accel.u_conv_w_mem_din0\[16\] not found.
[STA-1650] /home/blogic2026/final_jtag/repo/asic/run/RUN_final_2026-09-06/56-openroad-rcx/nom/asic_top.nom.spef line 3029142, net ANTENNA_i_soc.i_ai_accel.u_conv_w_mem_din0\[16\] not found.
[STA-1650] /home/blogic2026/final_jtag/repo/asic/run/RUN_final_2026-09-06/56-openroad-rcx/nom/asic_top.nom.spef line 3029144, net ANTENNA_i_soc.i_ai_accel.u_conv_w_mem_din0\[16\] not found.
[STA-1650] /home/blogic2026/final_jtag/repo/asic/run/RUN_final_2026-09-06/56-openroad-rcx/nom/asic_top.nom.spef line 3029164, net ANTENNA_i_soc.i_ai_accel.u_conv_w_mem_din0\[4\] not found.
[STA-1650] /home/blogic2026/final_jtag/repo/asic/run/RUN_final_2026-09-06/56-openroad-rcx/nom/asic_top.nom.spef line 3029545, net ANTENNA_i_soc.i_ai_accel.u_conv_w_mem_din0\[16\] not found.
[STA-1650] /home/blogic2026/final_jtag/repo/asic/run/RUN_final_2026-09-06/56-openroad-rcx/nom/asic_top.nom.spef line 3030775, net ANTENNA_i_soc.i_ai_accel.u_conv_w_mem_din0\[16\] not found.
[STA-1650] /home/blogic2026/final_jtag/repo/asic/run/RUN_final_2026-09-06/56-openroad-rcx/nom/asic_top.nom.spef line 3030778, net ANTENNA_i_soc.i_ai_accel.u_conv_w_mem_din0\[16\] not found.
[STA-1650] /home/blogic2026/final_jtag/repo/asic/run/RUN_final_2026-09-06/56-openroad-rcx/nom/asic_top.nom.spef line 3034100, net ANTENNA_i_soc.i_ai_accel.u_input_mem_dout1\[26\] not found.
[STA-1650] /home/blogic2026/final_jtag/repo/asic/run/RUN_final_2026-09-06/56-openroad-rcx/nom/asic_top.nom.spef line 3058173, net ANTENNA_i_soc.i_ai_accel.u_conv_w_mem_din0\[16\] not found.
[STA-1650] /home/blogic2026/final_jtag/repo/asic/run/RUN_final_2026-09-06/56-openroad-rcx/nom/asic_top.nom.spef line 3199100, net ANTENNA_i_soc.i_ai_accel.u_input_mem_din0\[28\] not found.
[STA-1650] /home/blogic2026/final_jtag/repo/asic/run/RUN_final_2026-09-06/56-openroad-rcx/nom/asic_top.nom.spef line 3204515, net ANTENNA_i_soc.i_ai_accel.u_input_mem_dout1\[14\] not found.
[STA-1650] /home/blogic2026/final_jtag/repo/asic/run/RUN_final_2026-09-06/56-openroad-rcx/nom/asic_top.nom.spef line 3205501, net ANTENNA_i_soc.i_ai_accel.u_input_mem_dout1\[14\] not found.
[STA-1650] /home/blogic2026/final_jtag/repo/asic/run/RUN_final_2026-09-06/56-openroad-rcx/nom/asic_top.nom.spef line 3206050, net ANTENNA_i_soc.i_ai_accel.u_input_mem_dout1\[8\] not found.
[STA-1650] /home/blogic2026/final_jtag/repo/asic/run/RUN_final_2026-09-06/56-openroad-rcx/nom/asic_top.nom.spef line 3206342, net ANTENNA_i_soc.i_ai_accel.u_input_mem_dout1\[8\] not found.
[STA-1650] /home/blogic2026/final_jtag/repo/asic/run/RUN_final_2026-09-06/56-openroad-rcx/nom/asic_top.nom.spef line 3207047, net ANTENNA_i_soc.i_ai_accel.u_input_mem_dout1\[14\] not found.
[STA-1650] /home/blogic2026/final_jtag/repo/asic/run/RUN_final_2026-09-06/56-openroad-rcx/nom/asic_top.nom.spef line 3221685, net ANTENNA_i_soc.i_ai_accel.u_conv_w_mem_dout1\[17\] not found.
[STA-1650] /home/blogic2026/final_jtag/repo/asic/run/RUN_final_2026-09-06/56-openroad-rcx/nom/asic_top.nom.spef line 3231875, net ANTENNA_i_soc.i_ai_accel.u_conv_w_mem_din0\[16\] not found.
[STA-1650] /home/blogic2026/final_jtag/repo/asic/run/RUN_final_2026-09-06/56-openroad-rcx/nom/asic_top.nom.spef line 3231887, net ANTENNA_i_soc.i_ai_accel.u_conv_w_mem_din0\[16\] not found.
[STA-1650] /home/blogic2026/final_jtag/repo/asic/run/RUN_final_2026-09-06/56-openroad-rcx/nom/asic_top.nom.spef line 3233474, net ANTENNA_i_soc.i_ai_accel.u_conv_w_mem_din0\[16\] not found.
[STA-1650] /home/blogic2026/final_jtag/repo/asic/run/RUN_final_2026-09-06/56-openroad-rcx/nom/asic_top.nom.spef line 3233475, net ANTENNA_i_soc.i_ai_accel.u_conv_w_mem_din0\[16\] not found.
[STA-1650] /home/blogic2026/final_jtag/repo/asic/run/RUN_final_2026-09-06/56-openroad-rcx/nom/asic_top.nom.spef line 3244230, net ANTENNA_i_soc.i_ai_accel.u_input_mem_dout1\[14\] not found.
[STA-1650] /home/blogic2026/final_jtag/repo/asic/run/RUN_final_2026-09-06/56-openroad-rcx/nom/asic_top.nom.spef line 3245625, net ANTENNA_i_soc.i_ai_accel.u_input_mem_dout1\[10\] not found.
[STA-1650] /home/blogic2026/final_jtag/repo/asic/run/RUN_final_2026-09-06/56-openroad-rcx/nom/asic_top.nom.spef line 3245626, net ANTENNA_i_soc.i_ai_accel.u_input_mem_dout1\[8\] not found.
[STA-1650] /home/blogic2026/final_jtag/repo/asic/run/RUN_final_2026-09-06/56-openroad-rcx/nom/asic_top.nom.spef line 3248737, net ANTENNA_i_soc.i_ai_accel.u_input_mem_din0\[24\] not found.
[STA-1650] /home/blogic2026/final_jtag/repo/asic/run/RUN_final_2026-09-06/56-openroad-rcx/nom/asic_top.nom.spef line 3248800, net ANTENNA_i_soc.i_ai_accel.u_input_mem_din0\[26\] not found.
[STA-1650] /home/blogic2026/final_jtag/repo/asic/run/RUN_final_2026-09-06/56-openroad-rcx/nom/asic_top.nom.spef line 3259806, net ANTENNA_i_soc.i_ai_accel.u_conv_w_mem_din0\[10\] not found.
[STA-1650] /home/blogic2026/final_jtag/repo/asic/run/RUN_final_2026-09-06/56-openroad-rcx/nom/asic_top.nom.spef line 3259807, net ANTENNA_i_soc.i_ai_accel.u_conv_w_mem_din0\[14\] not found.
[STA-1650] /home/blogic2026/final_jtag/repo/asic/run/RUN_final_2026-09-06/56-openroad-rcx/nom/asic_top.nom.spef line 3259808, net ANTENNA_i_soc.i_ai_accel.u_conv_w_mem_din0\[9\] not found.
[STA-1650] /home/blogic2026/final_jtag/repo/asic/run/RUN_final_2026-09-06/56-openroad-rcx/nom/asic_top.nom.spef line 3259891, net ANTENNA_i_soc.i_ai_accel.u_conv_w_mem_din0\[12\] not found.
[STA-1650] /home/blogic2026/final_jtag/repo/asic/run/RUN_final_2026-09-06/56-openroad-rcx/nom/asic_top.nom.spef line 3259892, net ANTENNA_i_soc.i_ai_accel.u_conv_w_mem_din0\[21\] not found.
[STA-1650] /home/blogic2026/final_jtag/repo/asic/run/RUN_final_2026-09-06/56-openroad-rcx/nom/asic_top.nom.spef line 3259893, net ANTENNA_i_soc.i_ai_accel.u_conv_w_mem_din0\[26\] not found.
[STA-1650] /home/blogic2026/final_jtag/repo/asic/run/RUN_final_2026-09-06/56-openroad-rcx/nom/asic_top.nom.spef line 3259945, net ANTENNA_i_soc.i_ai_accel.u_conv_w_mem_din0\[31\] not found.
[STA-1650] /home/blogic2026/final_jtag/repo/asic/run/RUN_final_2026-09-06/56-openroad-rcx/nom/asic_top.nom.spef line 3259997, net ANTENNA_i_soc.i_ai_accel.u_conv_w_mem_din0\[10\] not found.
[STA-1650] /home/blogic2026/final_jtag/repo/asic/run/RUN_final_2026-09-06/56-openroad-rcx/nom/asic_top.nom.spef line 3259998, net ANTENNA_i_soc.i_ai_accel.u_conv_w_mem_din0\[14\] not found.
[STA-1650] /home/blogic2026/final_jtag/repo/asic/run/RUN_final_2026-09-06/56-openroad-rcx/nom/asic_top.nom.spef line 3259999, net ANTENNA_i_soc.i_ai_accel.u_conv_w_mem_din0\[31\] not found.
[STA-1650] /home/blogic2026/final_jtag/repo/asic/run/RUN_final_2026-09-06/56-openroad-rcx/nom/asic_top.nom.spef line 3260000, net ANTENNA_i_soc.i_ai_accel.u_conv_w_mem_din0\[9\] not found.
[STA-1650] /home/blogic2026/final_jtag/repo/asic/run/RUN_final_2026-09-06/56-openroad-rcx/nom/asic_top.nom.spef line 3260042, net ANTENNA_i_soc.i_ai_accel.u_conv_w_mem_din0\[23\] not found.
[STA-1650] /home/blogic2026/final_jtag/repo/asic/run/RUN_final_2026-09-06/56-openroad-rcx/nom/asic_top.nom.spef line 3260043, net ANTENNA_i_soc.i_ai_accel.u_conv_w_mem_din0\[24\] not found.
[STA-1650] /home/blogic2026/final_jtag/repo/asic/run/RUN_final_2026-09-06/56-openroad-rcx/nom/asic_top.nom.spef line 3260044, net ANTENNA_i_soc.i_ai_accel.u_conv_w_mem_din0\[28\] not found.
[STA-1650] /home/blogic2026/final_jtag/repo/asic/run/RUN_final_2026-09-06/56-openroad-rcx/nom/asic_top.nom.spef line 3260266, net ANTENNA_i_soc.i_ai_accel.u_conv_w_mem_dout1\[17\] not found.
[STA-1648] /home/blogic2026/final_jtag/repo/asic/run/RUN_final_2026-09-06/56-openroad-rcx/nom/asic_top.nom.spef line 3260291, instance ANTENNA_i_soc.i_ai_accel.u_conv_w_mem_dout1\[17\] not found.
[STA-1650] /home/blogic2026/final_jtag/repo/asic/run/RUN_final_2026-09-06/56-openroad-rcx/nom/asic_top.nom.spef line 3260297, net ANTENNA_i_soc.i_ai_accel.u_conv_w_mem_dout1\[17\] not found.
[STA-1650] /home/blogic2026/final_jtag/repo/asic/run/RUN_final_2026-09-06/56-openroad-rcx/nom/asic_top.nom.spef line 3260302, net ANTENNA_i_soc.i_ai_accel.u_conv_w_mem_dout1\[6\] not found.
[STA-1650] /home/blogic2026/final_jtag/repo/asic/run/RUN_final_2026-09-06/56-openroad-rcx/nom/asic_top.nom.spef line 3260304, net ANTENNA_i_soc.i_ai_accel.u_conv_w_mem_dout1\[17\] not found.
[STA-1650] /home/blogic2026/final_jtag/repo/asic/run/RUN_final_2026-09-06/56-openroad-rcx/nom/asic_top.nom.spef line 3260317, net ANTENNA_i_soc.i_ai_accel.u_conv_w_mem_dout1\[17\] not found.
[STA-1650] /home/blogic2026/final_jtag/repo/asic/run/RUN_final_2026-09-06/56-openroad-rcx/nom/asic_top.nom.spef line 3260318, net ANTENNA_i_soc.i_ai_accel.u_conv_w_mem_dout1\[17\] not found.
[STA-1650] /home/blogic2026/final_jtag/repo/asic/run/RUN_final_2026-09-06/56-openroad-rcx/nom/asic_top.nom.spef line 3260320, net ANTENNA_i_soc.i_ai_accel.u_conv_w_mem_dout1\[17\] not found.
[STA-1650] /home/blogic2026/final_jtag/repo/asic/run/RUN_final_2026-09-06/56-openroad-rcx/nom/asic_top.nom.spef line 3260321, net ANTENNA_i_soc.i_ai_accel.u_conv_w_mem_dout1\[17\] not found.
[STA-1650] /home/blogic2026/final_jtag/repo/asic/run/RUN_final_2026-09-06/56-openroad-rcx/nom/asic_top.nom.spef line 3260366, net ANTENNA_i_soc.i_ai_accel.u_conv_w_mem_dout1\[17\] not found.
[STA-1648] /home/blogic2026/final_jtag/repo/asic/run/RUN_final_2026-09-06/56-openroad-rcx/nom/asic_top.nom.spef line 3260526, instance ANTENNA_i_soc.i_ai_accel.u_conv_w_mem_dout1\[24\] not found.
[STA-1650] /home/blogic2026/final_jtag/repo/asic/run/RUN_final_2026-09-06/56-openroad-rcx/nom/asic_top.nom.spef line 3260532, net ANTENNA_i_soc.i_ai_accel.u_conv_w_mem_dout1\[24\] not found.
[STA-1650] /home/blogic2026/final_jtag/repo/asic/run/RUN_final_2026-09-06/56-openroad-rcx/nom/asic_top.nom.spef line 3260537, net ANTENNA_i_soc.i_ai_accel.u_conv_w_mem_dout1\[25\] not found.
[STA-1650] /home/blogic2026/final_jtag/repo/asic/run/RUN_final_2026-09-06/56-openroad-rcx/nom/asic_top.nom.spef line 3260565, net ANTENNA_i_soc.i_ai_accel.u_conv_w_mem_dout1\[24\] not found.
[STA-1648] /home/blogic2026/final_jtag/repo/asic/run/RUN_final_2026-09-06/56-openroad-rcx/nom/asic_top.nom.spef line 3260572, instance ANTENNA_i_soc.i_ai_accel.u_conv_w_mem_dout1\[25\] not found.
[STA-1650] /home/blogic2026/final_jtag/repo/asic/run/RUN_final_2026-09-06/56-openroad-rcx/nom/asic_top.nom.spef line 3260578, net ANTENNA_i_soc.i_ai_accel.u_conv_w_mem_dout1\[25\] not found.
[STA-1650] /home/blogic2026/final_jtag/repo/asic/run/RUN_final_2026-09-06/56-openroad-rcx/nom/asic_top.nom.spef line 3260584, net ANTENNA_i_soc.i_ai_accel.u_conv_w_mem_dout1\[25\] not found.
[STA-1650] /home/blogic2026/final_jtag/repo/asic/run/RUN_final_2026-09-06/56-openroad-rcx/nom/asic_top.nom.spef line 3260601, net ANTENNA_i_soc.i_ai_accel.u_conv_w_mem_dout1\[25\] not found.
[STA-1650] /home/blogic2026/final_jtag/repo/asic/run/RUN_final_2026-09-06/56-openroad-rcx/nom/asic_top.nom.spef line 3260606, net ANTENNA_i_soc.i_ai_accel.u_conv_w_mem_dout1\[25\] not found.
[STA-1650] /home/blogic2026/final_jtag/repo/asic/run/RUN_final_2026-09-06/56-openroad-rcx/nom/asic_top.nom.spef line 3260607, net ANTENNA_i_soc.i_ai_accel.u_conv_w_mem_dout1\[25\] not found.
[STA-1650] /home/blogic2026/final_jtag/repo/asic/run/RUN_final_2026-09-06/56-openroad-rcx/nom/asic_top.nom.spef line 3260627, net ANTENNA_i_soc.i_ai_accel.u_conv_w_mem_dout1\[25\] not found.
[STA-1648] /home/blogic2026/final_jtag/repo/asic/run/RUN_final_2026-09-06/56-openroad-rcx/nom/asic_top.nom.spef line 3260635, instance ANTENNA_i_soc.i_ai_accel.u_conv_w_mem_dout1\[27\] not found.
[STA-1650] /home/blogic2026/final_jtag/repo/asic/run/RUN_final_2026-09-06/56-openroad-rcx/nom/asic_top.nom.spef line 3260641, net ANTENNA_i_soc.i_ai_accel.u_conv_w_mem_dout1\[27\] not found.
[STA-1650] /home/blogic2026/final_jtag/repo/asic/run/RUN_final_2026-09-06/56-openroad-rcx/nom/asic_top.nom.spef line 3260659, net ANTENNA_i_soc.i_ai_accel.u_conv_w_mem_dout1\[27\] not found.
[STA-1650] /home/blogic2026/final_jtag/repo/asic/run/RUN_final_2026-09-06/56-openroad-rcx/nom/asic_top.nom.spef line 3260673, net ANTENNA_i_soc.i_ai_accel.u_conv_w_mem_dout1\[27\] not found.
[STA-1648] /home/blogic2026/final_jtag/repo/asic/run/RUN_final_2026-09-06/56-openroad-rcx/nom/asic_top.nom.spef line 3260679, instance ANTENNA_i_soc.i_ai_accel.u_conv_w_mem_dout1\[28\] not found.
[STA-1650] /home/blogic2026/final_jtag/repo/asic/run/RUN_final_2026-09-06/56-openroad-rcx/nom/asic_top.nom.spef line 3260685, net ANTENNA_i_soc.i_ai_accel.u_conv_w_mem_dout1\[28\] not found.
[STA-1650] /home/blogic2026/final_jtag/repo/asic/run/RUN_final_2026-09-06/56-openroad-rcx/nom/asic_top.nom.spef line 3260699, net ANTENNA_i_soc.i_ai_accel.u_conv_w_mem_dout1\[28\] not found.
[STA-1648] /home/blogic2026/final_jtag/repo/asic/run/RUN_final_2026-09-06/56-openroad-rcx/nom/asic_top.nom.spef line 3260710, instance ANTENNA_i_soc.i_ai_accel.u_conv_w_mem_dout1\[29\] not found.
[STA-1650] /home/blogic2026/final_jtag/repo/asic/run/RUN_final_2026-09-06/56-openroad-rcx/nom/asic_top.nom.spef line 3260716, net ANTENNA_i_soc.i_ai_accel.u_conv_w_mem_dout1\[29\] not found.
[STA-1650] /home/blogic2026/final_jtag/repo/asic/run/RUN_final_2026-09-06/56-openroad-rcx/nom/asic_top.nom.spef line 3260732, net ANTENNA_i_soc.i_ai_accel.u_conv_w_mem_dout1\[29\] not found.
[STA-1648] /home/blogic2026/final_jtag/repo/asic/run/RUN_final_2026-09-06/56-openroad-rcx/nom/asic_top.nom.spef line 3260759, instance ANTENNA_i_soc.i_ai_accel.u_conv_w_mem_dout1\[30\] not found.
[STA-1650] /home/blogic2026/final_jtag/repo/asic/run/RUN_final_2026-09-06/56-openroad-rcx/nom/asic_top.nom.spef line 3260765, net ANTENNA_i_soc.i_ai_accel.u_conv_w_mem_dout1\[30\] not found.
[STA-1650] /home/blogic2026/final_jtag/repo/asic/run/RUN_final_2026-09-06/56-openroad-rcx/nom/asic_top.nom.spef line 3260779, net ANTENNA_i_soc.i_ai_accel.u_conv_w_mem_dout1\[30\] not found.
[STA-1648] /home/blogic2026/final_jtag/repo/asic/run/RUN_final_2026-09-06/56-openroad-rcx/nom/asic_top.nom.spef line 3260881, instance ANTENNA_i_soc.i_ai_accel.u_conv_w_mem_dout1\[6\] not found.
[STA-1650] /home/blogic2026/final_jtag/repo/asic/run/RUN_final_2026-09-06/56-openroad-rcx/nom/asic_top.nom.spef line 3260887, net ANTENNA_i_soc.i_ai_accel.u_conv_w_mem_dout1\[6\] not found.
[STA-1650] /home/blogic2026/final_jtag/repo/asic/run/RUN_final_2026-09-06/56-openroad-rcx/nom/asic_top.nom.spef line 3260894, net ANTENNA_i_soc.i_ai_accel.u_conv_w_mem_dout1\[6\] not found.
[STA-1650] /home/blogic2026/final_jtag/repo/asic/run/RUN_final_2026-09-06/56-openroad-rcx/nom/asic_top.nom.spef line 3260911, net ANTENNA_i_soc.i_ai_accel.u_conv_w_mem_dout1\[6\] not found.
[STA-1648] /home/blogic2026/final_jtag/repo/asic/run/RUN_final_2026-09-06/56-openroad-rcx/nom/asic_top.nom.spef line 3260918, instance ANTENNA_i_soc.i_ai_accel.u_conv_w_mem_dout1\[7\] not found.
[STA-1650] /home/blogic2026/final_jtag/repo/asic/run/RUN_final_2026-09-06/56-openroad-rcx/nom/asic_top.nom.spef line 3260924, net ANTENNA_i_soc.i_ai_accel.u_conv_w_mem_dout1\[7\] not found.
[STA-1650] /home/blogic2026/final_jtag/repo/asic/run/RUN_final_2026-09-06/56-openroad-rcx/nom/asic_top.nom.spef line 3260950, net ANTENNA_i_soc.i_ai_accel.u_conv_w_mem_dout1\[7\] not found.
[STA-1650] /home/blogic2026/final_jtag/repo/asic/run/RUN_final_2026-09-06/56-openroad-rcx/nom/asic_top.nom.spef line 3264274, net ANTENNA_i_soc.i_ai_accel.u_input_mem_din0\[11\] not found.
[STA-1648] /home/blogic2026/final_jtag/repo/asic/run/RUN_final_2026-09-06/56-openroad-rcx/nom/asic_top.nom.spef line 3270608, instance ANTENNA_i_soc.i_ai_accel.u_input_mem_dout1\[0\] not found.
[STA-1650] /home/blogic2026/final_jtag/repo/asic/run/RUN_final_2026-09-06/56-openroad-rcx/nom/asic_top.nom.spef line 3270614, net ANTENNA_i_soc.i_ai_accel.u_input_mem_dout1\[0\] not found.
[STA-1650] /home/blogic2026/final_jtag/repo/asic/run/RUN_final_2026-09-06/56-openroad-rcx/nom/asic_top.nom.spef line 3270622, net ANTENNA_i_soc.i_ai_accel.u_input_mem_dout1\[0\] not found.
[STA-1650] /home/blogic2026/final_jtag/repo/asic/run/RUN_final_2026-09-06/56-openroad-rcx/nom/asic_top.nom.spef line 3270662, net ANTENNA_i_soc.i_ai_accel.u_input_mem_dout1\[0\] not found.
[STA-1648] /home/blogic2026/final_jtag/repo/asic/run/RUN_final_2026-09-06/56-openroad-rcx/nom/asic_top.nom.spef line 3270675, instance ANTENNA_i_soc.i_ai_accel.u_input_mem_dout1\[10\] not found.
[STA-1650] /home/blogic2026/final_jtag/repo/asic/run/RUN_final_2026-09-06/56-openroad-rcx/nom/asic_top.nom.spef line 3270681, net ANTENNA_i_soc.i_ai_accel.u_input_mem_dout1\[10\] not found.
[STA-1650] /home/blogic2026/final_jtag/repo/asic/run/RUN_final_2026-09-06/56-openroad-rcx/nom/asic_top.nom.spef line 3270685, net ANTENNA_i_soc.i_ai_accel.u_input_mem_dout1\[10\] not found.
[STA-1650] /home/blogic2026/final_jtag/repo/asic/run/RUN_final_2026-09-06/56-openroad-rcx/nom/asic_top.nom.spef line 3270690, net ANTENNA_i_soc.i_ai_accel.u_input_mem_dout1\[14\] not found.
[STA-1650] /home/blogic2026/final_jtag/repo/asic/run/RUN_final_2026-09-06/56-openroad-rcx/nom/asic_top.nom.spef line 3270700, net ANTENNA_i_soc.i_ai_accel.u_input_mem_dout1\[10\] not found.
[STA-1650] /home/blogic2026/final_jtag/repo/asic/run/RUN_final_2026-09-06/56-openroad-rcx/nom/asic_top.nom.spef line 3270717, net ANTENNA_i_soc.i_ai_accel.u_input_mem_dout1\[10\] not found.
[STA-1648] /home/blogic2026/final_jtag/repo/asic/run/RUN_final_2026-09-06/56-openroad-rcx/nom/asic_top.nom.spef line 3270726, instance ANTENNA_i_soc.i_ai_accel.u_input_mem_dout1\[11\] not found.
[STA-1650] /home/blogic2026/final_jtag/repo/asic/run/RUN_final_2026-09-06/56-openroad-rcx/nom/asic_top.nom.spef line 3270732, net ANTENNA_i_soc.i_ai_accel.u_input_mem_dout1\[11\] not found.
[STA-1650] /home/blogic2026/final_jtag/repo/asic/run/RUN_final_2026-09-06/56-openroad-rcx/nom/asic_top.nom.spef line 3270757, net ANTENNA_i_soc.i_ai_accel.u_input_mem_dout1\[11\] not found.
[STA-1648] /home/blogic2026/final_jtag/repo/asic/run/RUN_final_2026-09-06/56-openroad-rcx/nom/asic_top.nom.spef line 3270767, instance ANTENNA_i_soc.i_ai_accel.u_input_mem_dout1\[12\] not found.
[STA-1650] /home/blogic2026/final_jtag/repo/asic/run/RUN_final_2026-09-06/56-openroad-rcx/nom/asic_top.nom.spef line 3270773, net ANTENNA_i_soc.i_ai_accel.u_input_mem_dout1\[12\] not found.
[STA-1650] /home/blogic2026/final_jtag/repo/asic/run/RUN_final_2026-09-06/56-openroad-rcx/nom/asic_top.nom.spef line 3270793, net ANTENNA_i_soc.i_ai_accel.u_input_mem_dout1\[12\] not found.
[STA-1648] /home/blogic2026/final_jtag/repo/asic/run/RUN_final_2026-09-06/56-openroad-rcx/nom/asic_top.nom.spef line 3270820, instance ANTENNA_i_soc.i_ai_accel.u_input_mem_dout1\[14\] not found.
[STA-1650] /home/blogic2026/final_jtag/repo/asic/run/RUN_final_2026-09-06/56-openroad-rcx/nom/asic_top.nom.spef line 3270826, net ANTENNA_i_soc.i_ai_accel.u_input_mem_dout1\[14\] not found.
[STA-1650] /home/blogic2026/final_jtag/repo/asic/run/RUN_final_2026-09-06/56-openroad-rcx/nom/asic_top.nom.spef line 3270835, net ANTENNA_i_soc.i_ai_accel.u_input_mem_dout1\[14\] not found.
[STA-1650] /home/blogic2026/final_jtag/repo/asic/run/RUN_final_2026-09-06/56-openroad-rcx/nom/asic_top.nom.spef line 3270839, net ANTENNA_i_soc.i_ai_accel.u_input_mem_dout1\[14\] not found.
[STA-1650] /home/blogic2026/final_jtag/repo/asic/run/RUN_final_2026-09-06/56-openroad-rcx/nom/asic_top.nom.spef line 3270843, net ANTENNA_i_soc.i_ai_accel.u_input_mem_dout1\[14\] not found.
[STA-1650] /home/blogic2026/final_jtag/repo/asic/run/RUN_final_2026-09-06/56-openroad-rcx/nom/asic_top.nom.spef line 3270844, net ANTENNA_i_soc.i_ai_accel.u_input_mem_dout1\[14\] not found.
[STA-1650] /home/blogic2026/final_jtag/repo/asic/run/RUN_final_2026-09-06/56-openroad-rcx/nom/asic_top.nom.spef line 3270845, net ANTENNA_i_soc.i_ai_accel.u_input_mem_dout1\[14\] not found.
[STA-1650] /home/blogic2026/final_jtag/repo/asic/run/RUN_final_2026-09-06/56-openroad-rcx/nom/asic_top.nom.spef line 3270848, net ANTENNA_i_soc.i_ai_accel.u_input_mem_dout1\[14\] not found.
[STA-1650] /home/blogic2026/final_jtag/repo/asic/run/RUN_final_2026-09-06/56-openroad-rcx/nom/asic_top.nom.spef line 3270849, net ANTENNA_i_soc.i_ai_accel.u_input_mem_dout1\[14\] not found.
[STA-1648] /home/blogic2026/final_jtag/repo/asic/run/RUN_final_2026-09-06/56-openroad-rcx/nom/asic_top.nom.spef line 3270957, instance ANTENNA_i_soc.i_ai_accel.u_input_mem_dout1\[1\] not found.
[STA-1650] /home/blogic2026/final_jtag/repo/asic/run/RUN_final_2026-09-06/56-openroad-rcx/nom/asic_top.nom.spef line 3270963, net ANTENNA_i_soc.i_ai_accel.u_input_mem_dout1\[1\] not found.
[STA-1650] /home/blogic2026/final_jtag/repo/asic/run/RUN_final_2026-09-06/56-openroad-rcx/nom/asic_top.nom.spef line 3270985, net ANTENNA_i_soc.i_ai_accel.u_input_mem_dout1\[10\] not found.
[STA-1650] /home/blogic2026/final_jtag/repo/asic/run/RUN_final_2026-09-06/56-openroad-rcx/nom/asic_top.nom.spef line 3271002, net ANTENNA_i_soc.i_ai_accel.u_input_mem_dout1\[1\] not found.
[STA-1648] /home/blogic2026/final_jtag/repo/asic/run/RUN_final_2026-09-06/56-openroad-rcx/nom/asic_top.nom.spef line 3271034, instance ANTENNA_i_soc.i_ai_accel.u_input_mem_dout1\[21\] not found.
[STA-1650] /home/blogic2026/final_jtag/repo/asic/run/RUN_final_2026-09-06/56-openroad-rcx/nom/asic_top.nom.spef line 3271040, net ANTENNA_i_soc.i_ai_accel.u_input_mem_dout1\[21\] not found.
[STA-1650] /home/blogic2026/final_jtag/repo/asic/run/RUN_final_2026-09-06/56-openroad-rcx/nom/asic_top.nom.spef line 3271060, net ANTENNA_i_soc.i_ai_accel.u_input_mem_dout1\[21\] not found.
[STA-1648] /home/blogic2026/final_jtag/repo/asic/run/RUN_final_2026-09-06/56-openroad-rcx/nom/asic_top.nom.spef line 3271089, instance ANTENNA_i_soc.i_ai_accel.u_input_mem_dout1\[23\] not found.
[STA-1650] /home/blogic2026/final_jtag/repo/asic/run/RUN_final_2026-09-06/56-openroad-rcx/nom/asic_top.nom.spef line 3271095, net ANTENNA_i_soc.i_ai_accel.u_input_mem_dout1\[23\] not found.
[STA-1650] /home/blogic2026/final_jtag/repo/asic/run/RUN_final_2026-09-06/56-openroad-rcx/nom/asic_top.nom.spef line 3271116, net ANTENNA_i_soc.i_ai_accel.u_input_mem_dout1\[23\] not found.
[STA-1648] /home/blogic2026/final_jtag/repo/asic/run/RUN_final_2026-09-06/56-openroad-rcx/nom/asic_top.nom.spef line 3271150, instance ANTENNA_i_soc.i_ai_accel.u_input_mem_dout1\[25\] not found.
[STA-1650] /home/blogic2026/final_jtag/repo/asic/run/RUN_final_2026-09-06/56-openroad-rcx/nom/asic_top.nom.spef line 3271156, net ANTENNA_i_soc.i_ai_accel.u_input_mem_dout1\[25\] not found.
[STA-1650] /home/blogic2026/final_jtag/repo/asic/run/RUN_final_2026-09-06/56-openroad-rcx/nom/asic_top.nom.spef line 3271164, net ANTENNA_i_soc.i_ai_accel.u_input_mem_dout1\[25\] not found.
[STA-1650] /home/blogic2026/final_jtag/repo/asic/run/RUN_final_2026-09-06/56-openroad-rcx/nom/asic_top.nom.spef line 3271177, net ANTENNA_i_soc.i_ai_accel.u_input_mem_dout1\[25\] not found.
[STA-1650] /home/blogic2026/final_jtag/repo/asic/run/RUN_final_2026-09-06/56-openroad-rcx/nom/asic_top.nom.spef line 3271183, net ANTENNA_i_soc.i_ai_accel.u_input_mem_dout1\[25\] not found.
[STA-1648] /home/blogic2026/final_jtag/repo/asic/run/RUN_final_2026-09-06/56-openroad-rcx/nom/asic_top.nom.spef line 3271191, instance ANTENNA_i_soc.i_ai_accel.u_input_mem_dout1\[26\] not found.
[STA-1650] /home/blogic2026/final_jtag/repo/asic/run/RUN_final_2026-09-06/56-openroad-rcx/nom/asic_top.nom.spef line 3271197, net ANTENNA_i_soc.i_ai_accel.u_input_mem_dout1\[26\] not found.
[STA-1650] /home/blogic2026/final_jtag/repo/asic/run/RUN_final_2026-09-06/56-openroad-rcx/nom/asic_top.nom.spef line 3271203, net ANTENNA_i_soc.i_ai_accel.u_input_mem_dout1\[26\] not found.
[STA-1650] /home/blogic2026/final_jtag/repo/asic/run/RUN_final_2026-09-06/56-openroad-rcx/nom/asic_top.nom.spef line 3271225, net ANTENNA_i_soc.i_ai_accel.u_input_mem_dout1\[26\] not found.
[STA-1650] /home/blogic2026/final_jtag/repo/asic/run/RUN_final_2026-09-06/56-openroad-rcx/nom/asic_top.nom.spef line 3271237, net ANTENNA_i_soc.i_ai_accel.u_input_mem_dout1\[26\] not found.
[STA-1648] /home/blogic2026/final_jtag/repo/asic/run/RUN_final_2026-09-06/56-openroad-rcx/nom/asic_top.nom.spef line 3271248, instance ANTENNA_i_soc.i_ai_accel.u_input_mem_dout1\[27\] not found.
[STA-1650] /home/blogic2026/final_jtag/repo/asic/run/RUN_final_2026-09-06/56-openroad-rcx/nom/asic_top.nom.spef line 3271254, net ANTENNA_i_soc.i_ai_accel.u_input_mem_dout1\[27\] not found.
[STA-1650] /home/blogic2026/final_jtag/repo/asic/run/RUN_final_2026-09-06/56-openroad-rcx/nom/asic_top.nom.spef line 3271306, net ANTENNA_i_soc.i_ai_accel.u_input_mem_dout1\[27\] not found.
[STA-1648] /home/blogic2026/final_jtag/repo/asic/run/RUN_final_2026-09-06/56-openroad-rcx/nom/asic_top.nom.spef line 3271316, instance ANTENNA_i_soc.i_ai_accel.u_input_mem_dout1\[28\] not found.
[STA-1650] /home/blogic2026/final_jtag/repo/asic/run/RUN_final_2026-09-06/56-openroad-rcx/nom/asic_top.nom.spef line 3271322, net ANTENNA_i_soc.i_ai_accel.u_input_mem_dout1\[28\] not found.
[STA-1650] /home/blogic2026/final_jtag/repo/asic/run/RUN_final_2026-09-06/56-openroad-rcx/nom/asic_top.nom.spef line 3271357, net ANTENNA_i_soc.i_ai_accel.u_input_mem_dout1\[28\] not found.
[STA-1648] /home/blogic2026/final_jtag/repo/asic/run/RUN_final_2026-09-06/56-openroad-rcx/nom/asic_top.nom.spef line 3271380, instance ANTENNA_i_soc.i_ai_accel.u_input_mem_dout1\[2\] not found.
[STA-1650] /home/blogic2026/final_jtag/repo/asic/run/RUN_final_2026-09-06/56-openroad-rcx/nom/asic_top.nom.spef line 3271386, net ANTENNA_i_soc.i_ai_accel.u_input_mem_dout1\[2\] not found.
[STA-1650] /home/blogic2026/final_jtag/repo/asic/run/RUN_final_2026-09-06/56-openroad-rcx/nom/asic_top.nom.spef line 3271390, net ANTENNA_i_soc.i_ai_accel.u_input_mem_dout1\[2\] not found.
[STA-1650] /home/blogic2026/final_jtag/repo/asic/run/RUN_final_2026-09-06/56-openroad-rcx/nom/asic_top.nom.spef line 3271391, net ANTENNA_i_soc.i_ai_accel.u_input_mem_dout1\[2\] not found.
[STA-1650] /home/blogic2026/final_jtag/repo/asic/run/RUN_final_2026-09-06/56-openroad-rcx/nom/asic_top.nom.spef line 3271415, net ANTENNA_i_soc.i_ai_accel.u_input_mem_dout1\[2\] not found.
[STA-1648] /home/blogic2026/final_jtag/repo/asic/run/RUN_final_2026-09-06/56-openroad-rcx/nom/asic_top.nom.spef line 3271424, instance ANTENNA_i_soc.i_ai_accel.u_input_mem_dout1\[30\] not found.
[STA-1650] /home/blogic2026/final_jtag/repo/asic/run/RUN_final_2026-09-06/56-openroad-rcx/nom/asic_top.nom.spef line 3271430, net ANTENNA_i_soc.i_ai_accel.u_input_mem_dout1\[30\] not found.
[STA-1650] /home/blogic2026/final_jtag/repo/asic/run/RUN_final_2026-09-06/56-openroad-rcx/nom/asic_top.nom.spef line 3271464, net ANTENNA_i_soc.i_ai_accel.u_input_mem_dout1\[30\] not found.
[STA-1648] /home/blogic2026/final_jtag/repo/asic/run/RUN_final_2026-09-06/56-openroad-rcx/nom/asic_top.nom.spef line 3271473, instance ANTENNA_i_soc.i_ai_accel.u_input_mem_dout1\[31\] not found.
[STA-1650] /home/blogic2026/final_jtag/repo/asic/run/RUN_final_2026-09-06/56-openroad-rcx/nom/asic_top.nom.spef line 3271479, net ANTENNA_i_soc.i_ai_accel.u_input_mem_dout1\[31\] not found.
[STA-1650] /home/blogic2026/final_jtag/repo/asic/run/RUN_final_2026-09-06/56-openroad-rcx/nom/asic_top.nom.spef line 3271495, net ANTENNA_i_soc.i_ai_accel.u_input_mem_dout1\[26\] not found.
[STA-1650] /home/blogic2026/final_jtag/repo/asic/run/RUN_final_2026-09-06/56-openroad-rcx/nom/asic_top.nom.spef line 3271519, net ANTENNA_i_soc.i_ai_accel.u_input_mem_dout1\[31\] not found.
[STA-1648] /home/blogic2026/final_jtag/repo/asic/run/RUN_final_2026-09-06/56-openroad-rcx/nom/asic_top.nom.spef line 3271525, instance ANTENNA_i_soc.i_ai_accel.u_input_mem_dout1\[3\] not found.
[STA-1650] /home/blogic2026/final_jtag/repo/asic/run/RUN_final_2026-09-06/56-openroad-rcx/nom/asic_top.nom.spef line 3271531, net ANTENNA_i_soc.i_ai_accel.u_input_mem_dout1\[3\] not found.
[STA-1650] /home/blogic2026/final_jtag/repo/asic/run/RUN_final_2026-09-06/56-openroad-rcx/nom/asic_top.nom.spef line 3271582, net ANTENNA_i_soc.i_ai_accel.u_input_mem_dout1\[3\] not found.
[STA-1648] /home/blogic2026/final_jtag/repo/asic/run/RUN_final_2026-09-06/56-openroad-rcx/nom/asic_top.nom.spef line 3271630, instance ANTENNA_i_soc.i_ai_accel.u_input_mem_dout1\[5\] not found.
[STA-1650] /home/blogic2026/final_jtag/repo/asic/run/RUN_final_2026-09-06/56-openroad-rcx/nom/asic_top.nom.spef line 3271636, net ANTENNA_i_soc.i_ai_accel.u_input_mem_dout1\[5\] not found.
[STA-1650] /home/blogic2026/final_jtag/repo/asic/run/RUN_final_2026-09-06/56-openroad-rcx/nom/asic_top.nom.spef line 3271684, net ANTENNA_i_soc.i_ai_accel.u_input_mem_dout1\[5\] not found.
[STA-1650] /home/blogic2026/final_jtag/repo/asic/run/RUN_final_2026-09-06/56-openroad-rcx/nom/asic_top.nom.spef line 3271700, net ANTENNA_i_soc.i_ai_accel.u_input_mem_dout1\[8\] not found.
[STA-1648] /home/blogic2026/final_jtag/repo/asic/run/RUN_final_2026-09-06/56-openroad-rcx/nom/asic_top.nom.spef line 3271728, instance ANTENNA_i_soc.i_ai_accel.u_input_mem_dout1\[7\] not found.
[STA-1650] /home/blogic2026/final_jtag/repo/asic/run/RUN_final_2026-09-06/56-openroad-rcx/nom/asic_top.nom.spef line 3271734, net ANTENNA_i_soc.i_ai_accel.u_input_mem_dout1\[7\] not found.
[STA-1650] /home/blogic2026/final_jtag/repo/asic/run/RUN_final_2026-09-06/56-openroad-rcx/nom/asic_top.nom.spef line 3271762, net ANTENNA_i_soc.i_ai_accel.u_input_mem_dout1\[7\] not found.
[STA-1648] /home/blogic2026/final_jtag/repo/asic/run/RUN_final_2026-09-06/56-openroad-rcx/nom/asic_top.nom.spef line 3271773, instance ANTENNA_i_soc.i_ai_accel.u_input_mem_dout1\[8\] not found.
[STA-1650] /home/blogic2026/final_jtag/repo/asic/run/RUN_final_2026-09-06/56-openroad-rcx/nom/asic_top.nom.spef line 3271779, net ANTENNA_i_soc.i_ai_accel.u_input_mem_dout1\[8\] not found.
[STA-1650] /home/blogic2026/final_jtag/repo/asic/run/RUN_final_2026-09-06/56-openroad-rcx/nom/asic_top.nom.spef line 3271796, net ANTENNA_i_soc.i_ai_accel.u_input_mem_dout1\[8\] not found.
[STA-1650] /home/blogic2026/final_jtag/repo/asic/run/RUN_final_2026-09-06/56-openroad-rcx/nom/asic_top.nom.spef line 3271798, net ANTENNA_i_soc.i_ai_accel.u_input_mem_dout1\[8\] not found.
[STA-1650] /home/blogic2026/final_jtag/repo/asic/run/RUN_final_2026-09-06/56-openroad-rcx/nom/asic_top.nom.spef line 3271807, net ANTENNA_i_soc.i_ai_accel.u_input_mem_dout1\[8\] not found.
[STA-1650] /home/blogic2026/final_jtag/repo/asic/run/RUN_final_2026-09-06/56-openroad-rcx/nom/asic_top.nom.spef line 3271829, net ANTENNA_i_soc.i_ai_accel.u_input_mem_dout1\[8\] not found.
[STA-1650] /home/blogic2026/final_jtag/repo/asic/run/RUN_final_2026-09-06/56-openroad-rcx/nom/asic_top.nom.spef line 3271838, net ANTENNA_i_soc.i_ai_accel.u_input_mem_dout1\[8\] not found.
[STA-1650] /home/blogic2026/final_jtag/repo/asic/run/RUN_final_2026-09-06/56-openroad-rcx/nom/asic_top.nom.spef line 3271839, net ANTENNA_i_soc.i_ai_accel.u_input_mem_dout1\[8\] not found.
[STA-1648] /home/blogic2026/final_jtag/repo/asic/run/RUN_final_2026-09-06/56-openroad-rcx/nom/asic_top.nom.spef line 3271849, instance ANTENNA_i_soc.i_ai_accel.u_input_mem_dout1\[9\] not found.
[STA-1650] /home/blogic2026/final_jtag/repo/asic/run/RUN_final_2026-09-06/56-openroad-rcx/nom/asic_top.nom.spef line 3271855, net ANTENNA_i_soc.i_ai_accel.u_input_mem_dout1\[9\] not found.
[STA-1650] /home/blogic2026/final_jtag/repo/asic/run/RUN_final_2026-09-06/56-openroad-rcx/nom/asic_top.nom.spef line 3271880, net ANTENNA_i_soc.i_ai_accel.u_input_mem_dout1\[9\] not found.
[STA-1650] /home/blogic2026/final_jtag/repo/asic/run/RUN_final_2026-09-06/56-openroad-rcx/nom/asic_top.nom.spef line 3303051, net ANTENNA_i_soc.i_ai_sram.u_sram.gen_bank\[6\].gen_512.u_macro_din0\[0\] not found.
[STA-1650] /home/blogic2026/final_jtag/repo/asic/run/RUN_final_2026-09-06/56-openroad-rcx/nom/asic_top.nom.spef line 3304399, net ANTENNA_i_soc.i_ai_sram.u_sram.gen_bank\[6\].gen_512.u_macro_din0\[2\] not found.
[STA-1650] /home/blogic2026/final_jtag/repo/asic/run/RUN_final_2026-09-06/56-openroad-rcx/nom/asic_top.nom.spef line 3304497, net ANTENNA_i_soc.i_ai_sram.u_sram.gen_bank\[10\].gen_512.u_macro_din0\[7\] not found.
[STA-1650] /home/blogic2026/final_jtag/repo/asic/run/RUN_final_2026-09-06/56-openroad-rcx/nom/asic_top.nom.spef line 3304501, net ANTENNA_i_soc.i_ai_sram.u_sram.gen_bank\[10\].gen_512.u_macro_din0\[5\] not found.
[STA-1650] /home/blogic2026/final_jtag/repo/asic/run/RUN_final_2026-09-06/56-openroad-rcx/nom/asic_top.nom.spef line 3304883, net ANTENNA_i_soc.i_ai_sram.u_sram.gen_bank\[6\].gen_512.u_macro_din0\[8\] not found.
[STA-1650] /home/blogic2026/final_jtag/repo/asic/run/RUN_final_2026-09-06/56-openroad-rcx/nom/asic_top.nom.spef line 3305090, net ANTENNA_i_soc.i_ai_sram.u_sram.gen_bank\[10\].gen_512.u_macro_din0\[9\] not found.
[STA-1650] /home/blogic2026/final_jtag/repo/asic/run/RUN_final_2026-09-06/56-openroad-rcx/nom/asic_top.nom.spef line 3306027, net ANTENNA_i_soc.i_ai_sram.u_sram.gen_bank\[10\].gen_512.u_macro_din0\[13\] not found.
[STA-1650] /home/blogic2026/final_jtag/repo/asic/run/RUN_final_2026-09-06/56-openroad-rcx/nom/asic_top.nom.spef line 3308315, net ANTENNA_i_soc.i_ai_sram.u_sram.gen_bank\[6\].gen_512.u_macro_din0\[25\] not found.
[STA-1650] /home/blogic2026/final_jtag/repo/asic/run/RUN_final_2026-09-06/56-openroad-rcx/nom/asic_top.nom.spef line 3308722, net ANTENNA_i_soc.i_ai_sram.u_sram.gen_bank\[6\].gen_512.u_macro_din0\[13\] not found.
[STA-1650] /home/blogic2026/final_jtag/repo/asic/run/RUN_final_2026-09-06/56-openroad-rcx/nom/asic_top.nom.spef line 3308723, net ANTENNA_i_soc.i_ai_sram.u_sram.gen_bank\[6\].gen_512.u_macro_din0\[16\] not found.
[STA-1650] /home/blogic2026/final_jtag/repo/asic/run/RUN_final_2026-09-06/56-openroad-rcx/nom/asic_top.nom.spef line 3308724, net ANTENNA_i_soc.i_ai_sram.u_sram.gen_bank\[6\].gen_512.u_macro_din0\[1\] not found.
[STA-1650] /home/blogic2026/final_jtag/repo/asic/run/RUN_final_2026-09-06/56-openroad-rcx/nom/asic_top.nom.spef line 3308725, net ANTENNA_i_soc.i_ai_sram.u_sram.gen_bank\[6\].gen_512.u_macro_din0\[23\] not found.
[STA-1650] /home/blogic2026/final_jtag/repo/asic/run/RUN_final_2026-09-06/56-openroad-rcx/nom/asic_top.nom.spef line 3308726, net ANTENNA_i_soc.i_ai_sram.u_sram.gen_bank\[6\].gen_512.u_macro_din0\[24\] not found.
[STA-1650] /home/blogic2026/final_jtag/repo/asic/run/RUN_final_2026-09-06/56-openroad-rcx/nom/asic_top.nom.spef line 3308727, net ANTENNA_i_soc.i_ai_sram.u_sram.gen_bank\[6\].gen_512.u_macro_din0\[28\] not found.
[STA-1650] /home/blogic2026/final_jtag/repo/asic/run/RUN_final_2026-09-06/56-openroad-rcx/nom/asic_top.nom.spef line 3308728, net ANTENNA_i_soc.i_ai_sram.u_sram.gen_bank\[6\].gen_512.u_macro_din0\[4\] not found.
[STA-1650] /home/blogic2026/final_jtag/repo/asic/run/RUN_final_2026-09-06/56-openroad-rcx/nom/asic_top.nom.spef line 3308729, net ANTENNA_i_soc.i_ai_sram.u_sram.gen_bank\[6\].gen_512.u_macro_din0\[5\] not found.
[STA-1650] /home/blogic2026/final_jtag/repo/asic/run/RUN_final_2026-09-06/56-openroad-rcx/nom/asic_top.nom.spef line 3308730, net ANTENNA_i_soc.i_ai_sram.u_sram.gen_bank\[6\].gen_512.u_macro_din0\[9\] not found.
[STA-1650] /home/blogic2026/final_jtag/repo/asic/run/RUN_final_2026-09-06/56-openroad-rcx/nom/asic_top.nom.spef line 3308851, net ANTENNA_i_soc.i_ai_sram.u_sram.gen_bank\[10\].gen_512.u_macro_din0\[1\] not found.
[STA-1650] /home/blogic2026/final_jtag/repo/asic/run/RUN_final_2026-09-06/56-openroad-rcx/nom/asic_top.nom.spef line 3309156, net ANTENNA_i_soc.i_ai_sram.u_sram.gen_bank\[6\].gen_512.u_macro_din0\[30\] not found.
[STA-1650] /home/blogic2026/final_jtag/repo/asic/run/RUN_final_2026-09-06/56-openroad-rcx/nom/asic_top.nom.spef line 3309157, net ANTENNA_i_soc.i_ai_sram.u_sram.gen_bank\[6\].gen_512.u_macro_din0\[31\] not found.
[STA-1648] /home/blogic2026/final_jtag/repo/asic/run/RUN_final_2026-09-06/56-openroad-rcx/nom/asic_top.nom.spef line 3322142, instance ANTENNA_i_soc.i_ai_sram.u_sram.gen_bank\[4\].gen_512.u_macro_dout1\[0\] not found.
[STA-1650] /home/blogic2026/final_jtag/repo/asic/run/RUN_final_2026-09-06/56-openroad-rcx/nom/asic_top.nom.spef line 3322148, net ANTENNA_i_soc.i_ai_sram.u_sram.gen_bank\[4\].gen_512.u_macro_dout1\[0\] not found.
[STA-1650] /home/blogic2026/final_jtag/repo/asic/run/RUN_final_2026-09-06/56-openroad-rcx/nom/asic_top.nom.spef line 3322163, net ANTENNA_i_soc.i_ai_sram.u_sram.gen_bank\[4\].gen_512.u_macro_dout1\[0\] not found.
[STA-1648] /home/blogic2026/final_jtag/repo/asic/run/RUN_final_2026-09-06/56-openroad-rcx/nom/asic_top.nom.spef line 3322173, instance ANTENNA_i_soc.i_ai_sram.u_sram.gen_bank\[4\].gen_512.u_macro_dout1\[1\] not found.
[STA-1650] /home/blogic2026/final_jtag/repo/asic/run/RUN_final_2026-09-06/56-openroad-rcx/nom/asic_top.nom.spef line 3322179, net ANTENNA_i_soc.i_ai_sram.u_sram.gen_bank\[4\].gen_512.u_macro_dout1\[1\] not found.
[STA-1650] /home/blogic2026/final_jtag/repo/asic/run/RUN_final_2026-09-06/56-openroad-rcx/nom/asic_top.nom.spef line 3322192, net ANTENNA_i_soc.i_ai_sram.u_sram.gen_bank\[4\].gen_512.u_macro_dout1\[1\] not found.
[STA-1648] /home/blogic2026/final_jtag/repo/asic/run/RUN_final_2026-09-06/56-openroad-rcx/nom/asic_top.nom.spef line 3322202, instance ANTENNA_i_soc.i_ai_sram.u_sram.gen_bank\[4\].gen_512.u_macro_dout1\[2\] not found.
[STA-1650] /home/blogic2026/final_jtag/repo/asic/run/RUN_final_2026-09-06/56-openroad-rcx/nom/asic_top.nom.spef line 3322208, net ANTENNA_i_soc.i_ai_sram.u_sram.gen_bank\[4\].gen_512.u_macro_dout1\[2\] not found.
[STA-1650] /home/blogic2026/final_jtag/repo/asic/run/RUN_final_2026-09-06/56-openroad-rcx/nom/asic_top.nom.spef line 3322223, net ANTENNA_i_soc.i_ai_sram.u_sram.gen_bank\[4\].gen_512.u_macro_dout1\[2\] not found.
[STA-1648] /home/blogic2026/final_jtag/repo/asic/run/RUN_final_2026-09-06/56-openroad-rcx/nom/asic_top.nom.spef line 3322233, instance ANTENNA_i_soc.i_ai_sram.u_sram.gen_bank\[4\].gen_512.u_macro_dout1\[3\] not found.
[STA-1650] /home/blogic2026/final_jtag/repo/asic/run/RUN_final_2026-09-06/56-openroad-rcx/nom/asic_top.nom.spef line 3322239, net ANTENNA_i_soc.i_ai_sram.u_sram.gen_bank\[4\].gen_512.u_macro_dout1\[3\] not found.
[STA-1650] /home/blogic2026/final_jtag/repo/asic/run/RUN_final_2026-09-06/56-openroad-rcx/nom/asic_top.nom.spef line 3322253, net ANTENNA_i_soc.i_ai_sram.u_sram.gen_bank\[4\].gen_512.u_macro_dout1\[3\] not found.
[STA-1650] /home/blogic2026/final_jtag/repo/asic/run/RUN_final_2026-09-06/56-openroad-rcx/nom/asic_top.nom.spef line 3322254, net ANTENNA_i_soc.i_ai_sram.u_sram.gen_bank\[4\].gen_512.u_macro_dout1\[3\] not found.
[STA-1648] /home/blogic2026/final_jtag/repo/asic/run/RUN_final_2026-09-06/56-openroad-rcx/nom/asic_top.nom.spef line 3322263, instance ANTENNA_i_soc.i_ai_sram.u_sram.gen_bank\[4\].gen_512.u_macro_dout1\[4\] not found.
[STA-1650] /home/blogic2026/final_jtag/repo/asic/run/RUN_final_2026-09-06/56-openroad-rcx/nom/asic_top.nom.spef line 3322269, net ANTENNA_i_soc.i_ai_sram.u_sram.gen_bank\[4\].gen_512.u_macro_dout1\[4\] not found.
[STA-1650] /home/blogic2026/final_jtag/repo/asic/run/RUN_final_2026-09-06/56-openroad-rcx/nom/asic_top.nom.spef line 3322284, net ANTENNA_i_soc.i_ai_sram.u_sram.gen_bank\[4\].gen_512.u_macro_dout1\[4\] not found.
[STA-1650] /home/blogic2026/final_jtag/repo/asic/run/RUN_final_2026-09-06/56-openroad-rcx/nom/asic_top.nom.spef line 3322285, net ANTENNA_i_soc.i_ai_sram.u_sram.gen_bank\[4\].gen_512.u_macro_dout1\[4\] not found.
[STA-1648] /home/blogic2026/final_jtag/repo/asic/run/RUN_final_2026-09-06/56-openroad-rcx/nom/asic_top.nom.spef line 3322293, instance ANTENNA_i_soc.i_ai_sram.u_sram.gen_bank\[4\].gen_512.u_macro_dout1\[5\] not found.
[STA-1650] /home/blogic2026/final_jtag/repo/asic/run/RUN_final_2026-09-06/56-openroad-rcx/nom/asic_top.nom.spef line 3322299, net ANTENNA_i_soc.i_ai_sram.u_sram.gen_bank\[4\].gen_512.u_macro_dout1\[5\] not found.
[STA-1650] /home/blogic2026/final_jtag/repo/asic/run/RUN_final_2026-09-06/56-openroad-rcx/nom/asic_top.nom.spef line 3322308, net ANTENNA_i_soc.i_ai_sram.u_sram.gen_bank\[4\].gen_512.u_macro_dout1\[18\] not found.
[STA-1650] /home/blogic2026/final_jtag/repo/asic/run/RUN_final_2026-09-06/56-openroad-rcx/nom/asic_top.nom.spef line 3322313, net ANTENNA_i_soc.i_ai_sram.u_sram.gen_bank\[4\].gen_512.u_macro_dout1\[9\] not found.
[STA-1650] /home/blogic2026/final_jtag/repo/asic/run/RUN_final_2026-09-06/56-openroad-rcx/nom/asic_top.nom.spef line 3322323, net ANTENNA_i_soc.i_ai_sram.u_sram.gen_bank\[4\].gen_512.u_macro_dout1\[5\] not found.
[STA-1648] /home/blogic2026/final_jtag/repo/asic/run/RUN_final_2026-09-06/56-openroad-rcx/nom/asic_top.nom.spef line 3322330, instance ANTENNA_i_soc.i_ai_sram.u_sram.gen_bank\[4\].gen_512.u_macro_dout1\[6\] not found.
[STA-1650] /home/blogic2026/final_jtag/repo/asic/run/RUN_final_2026-09-06/56-openroad-rcx/nom/asic_top.nom.spef line 3322336, net ANTENNA_i_soc.i_ai_sram.u_sram.gen_bank\[4\].gen_512.u_macro_dout1\[6\] not found.
[STA-1650] /home/blogic2026/final_jtag/repo/asic/run/RUN_final_2026-09-06/56-openroad-rcx/nom/asic_top.nom.spef line 3322353, net ANTENNA_i_soc.i_ai_sram.u_sram.gen_bank\[4\].gen_512.u_macro_dout1\[6\] not found.
[STA-1648] /home/blogic2026/final_jtag/repo/asic/run/RUN_final_2026-09-06/56-openroad-rcx/nom/asic_top.nom.spef line 3322364, instance ANTENNA_i_soc.i_ai_sram.u_sram.gen_bank\[4\].gen_512.u_macro_dout1\[7\] not found.
[STA-1650] /home/blogic2026/final_jtag/repo/asic/run/RUN_final_2026-09-06/56-openroad-rcx/nom/asic_top.nom.spef line 3322370, net ANTENNA_i_soc.i_ai_sram.u_sram.gen_bank\[4\].gen_512.u_macro_dout1\[7\] not found.
[STA-1650] /home/blogic2026/final_jtag/repo/asic/run/RUN_final_2026-09-06/56-openroad-rcx/nom/asic_top.nom.spef line 3322390, net ANTENNA_i_soc.i_ai_sram.u_sram.gen_bank\[4\].gen_512.u_macro_dout1\[7\] not found.
[STA-1650] /home/blogic2026/final_jtag/repo/asic/run/RUN_final_2026-09-06/56-openroad-rcx/nom/asic_top.nom.spef line 3322391, net ANTENNA_i_soc.i_ai_sram.u_sram.gen_bank\[4\].gen_512.u_macro_dout1\[7\] not found.
[STA-1648] /home/blogic2026/final_jtag/repo/asic/run/RUN_final_2026-09-06/56-openroad-rcx/nom/asic_top.nom.spef line 3322402, instance ANTENNA_i_soc.i_ai_sram.u_sram.gen_bank\[4\].gen_512.u_macro_dout1\[8\] not found.
[STA-1650] /home/blogic2026/final_jtag/repo/asic/run/RUN_final_2026-09-06/56-openroad-rcx/nom/asic_top.nom.spef line 3322408, net ANTENNA_i_soc.i_ai_sram.u_sram.gen_bank\[4\].gen_512.u_macro_dout1\[8\] not found.
[STA-1650] /home/blogic2026/final_jtag/repo/asic/run/RUN_final_2026-09-06/56-openroad-rcx/nom/asic_top.nom.spef line 3322427, net ANTENNA_i_soc.i_ai_sram.u_sram.gen_bank\[4\].gen_512.u_macro_dout1\[8\] not found.
[STA-1650] /home/blogic2026/final_jtag/repo/asic/run/RUN_final_2026-09-06/56-openroad-rcx/nom/asic_top.nom.spef line 3322428, net ANTENNA_i_soc.i_ai_sram.u_sram.gen_bank\[4\].gen_512.u_macro_dout1\[8\] not found.
[STA-1648] /home/blogic2026/final_jtag/repo/asic/run/RUN_final_2026-09-06/56-openroad-rcx/nom/asic_top.nom.spef line 3322439, instance ANTENNA_i_soc.i_ai_sram.u_sram.gen_bank\[4\].gen_512.u_macro_dout1\[9\] not found.
[STA-1650] /home/blogic2026/final_jtag/repo/asic/run/RUN_final_2026-09-06/56-openroad-rcx/nom/asic_top.nom.spef line 3322445, net ANTENNA_i_soc.i_ai_sram.u_sram.gen_bank\[4\].gen_512.u_macro_dout1\[9\] not found.
[STA-1650] /home/blogic2026/final_jtag/repo/asic/run/RUN_final_2026-09-06/56-openroad-rcx/nom/asic_top.nom.spef line 3322464, net ANTENNA_i_soc.i_ai_sram.u_sram.gen_bank\[4\].gen_512.u_macro_dout1\[9\] not found.
[STA-1650] /home/blogic2026/final_jtag/repo/asic/run/RUN_final_2026-09-06/56-openroad-rcx/nom/asic_top.nom.spef line 3322468, net ANTENNA_i_soc.i_ai_sram.u_sram.gen_bank\[4\].gen_512.u_macro_dout1\[9\] not found.
[STA-1650] /home/blogic2026/final_jtag/repo/asic/run/RUN_final_2026-09-06/56-openroad-rcx/nom/asic_top.nom.spef line 3322469, net ANTENNA_i_soc.i_ai_sram.u_sram.gen_bank\[4\].gen_512.u_macro_dout1\[9\] not found.
[STA-1648] /home/blogic2026/final_jtag/repo/asic/run/RUN_final_2026-09-06/56-openroad-rcx/nom/asic_top.nom.spef line 3322498, instance ANTENNA_i_soc.i_ai_sram.u_sram.gen_bank\[4\].gen_512.u_macro_dout1\[10\] not found.
[STA-1650] /home/blogic2026/final_jtag/repo/asic/run/RUN_final_2026-09-06/56-openroad-rcx/nom/asic_top.nom.spef line 3322504, net ANTENNA_i_soc.i_ai_sram.u_sram.gen_bank\[4\].gen_512.u_macro_dout1\[10\] not found.
[STA-1650] /home/blogic2026/final_jtag/repo/asic/run/RUN_final_2026-09-06/56-openroad-rcx/nom/asic_top.nom.spef line 3322518, net ANTENNA_i_soc.i_ai_sram.u_sram.gen_bank\[4\].gen_512.u_macro_dout1\[10\] not found.
[STA-1648] /home/blogic2026/final_jtag/repo/asic/run/RUN_final_2026-09-06/56-openroad-rcx/nom/asic_top.nom.spef line 3322525, instance ANTENNA_i_soc.i_ai_sram.u_sram.gen_bank\[4\].gen_512.u_macro_dout1\[11\] not found.
[STA-1650] /home/blogic2026/final_jtag/repo/asic/run/RUN_final_2026-09-06/56-openroad-rcx/nom/asic_top.nom.spef line 3322531, net ANTENNA_i_soc.i_ai_sram.u_sram.gen_bank\[4\].gen_512.u_macro_dout1\[11\] not found.
[STA-1650] /home/blogic2026/final_jtag/repo/asic/run/RUN_final_2026-09-06/56-openroad-rcx/nom/asic_top.nom.spef line 3322553, net ANTENNA_i_soc.i_ai_sram.u_sram.gen_bank\[4\].gen_512.u_macro_dout1\[11\] not found.
[STA-1650] /home/blogic2026/final_jtag/repo/asic/run/RUN_final_2026-09-06/56-openroad-rcx/nom/asic_top.nom.spef line 3322554, net ANTENNA_i_soc.i_ai_sram.u_sram.gen_bank\[4\].gen_512.u_macro_dout1\[11\] not found.
[STA-1648] /home/blogic2026/final_jtag/repo/asic/run/RUN_final_2026-09-06/56-openroad-rcx/nom/asic_top.nom.spef line 3322564, instance ANTENNA_i_soc.i_ai_sram.u_sram.gen_bank\[4\].gen_512.u_macro_dout1\[12\] not found.
[STA-1650] /home/blogic2026/final_jtag/repo/asic/run/RUN_final_2026-09-06/56-openroad-rcx/nom/asic_top.nom.spef line 3322570, net ANTENNA_i_soc.i_ai_sram.u_sram.gen_bank\[4\].gen_512.u_macro_dout1\[12\] not found.
[STA-1650] /home/blogic2026/final_jtag/repo/asic/run/RUN_final_2026-09-06/56-openroad-rcx/nom/asic_top.nom.spef line 3322594, net ANTENNA_i_soc.i_ai_sram.u_sram.gen_bank\[4\].gen_512.u_macro_dout1\[12\] not found.
[STA-1650] /home/blogic2026/final_jtag/repo/asic/run/RUN_final_2026-09-06/56-openroad-rcx/nom/asic_top.nom.spef line 3322595, net ANTENNA_i_soc.i_ai_sram.u_sram.gen_bank\[4\].gen_512.u_macro_dout1\[12\] not found.
[STA-1648] /home/blogic2026/final_jtag/repo/asic/run/RUN_final_2026-09-06/56-openroad-rcx/nom/asic_top.nom.spef line 3322605, instance ANTENNA_i_soc.i_ai_sram.u_sram.gen_bank\[4\].gen_512.u_macro_dout1\[13\] not found.
[STA-1650] /home/blogic2026/final_jtag/repo/asic/run/RUN_final_2026-09-06/56-openroad-rcx/nom/asic_top.nom.spef line 3322611, net ANTENNA_i_soc.i_ai_sram.u_sram.gen_bank\[4\].gen_512.u_macro_dout1\[13\] not found.
[STA-1650] /home/blogic2026/final_jtag/repo/asic/run/RUN_final_2026-09-06/56-openroad-rcx/nom/asic_top.nom.spef line 3322634, net ANTENNA_i_soc.i_ai_sram.u_sram.gen_bank\[4\].gen_512.u_macro_dout1\[13\] not found.
[STA-1648] /home/blogic2026/final_jtag/repo/asic/run/RUN_final_2026-09-06/56-openroad-rcx/nom/asic_top.nom.spef line 3322645, instance ANTENNA_i_soc.i_ai_sram.u_sram.gen_bank\[4\].gen_512.u_macro_dout1\[14\] not found.
[STA-1650] /home/blogic2026/final_jtag/repo/asic/run/RUN_final_2026-09-06/56-openroad-rcx/nom/asic_top.nom.spef line 3322651, net ANTENNA_i_soc.i_ai_sram.u_sram.gen_bank\[4\].gen_512.u_macro_dout1\[14\] not found.
[STA-1650] /home/blogic2026/final_jtag/repo/asic/run/RUN_final_2026-09-06/56-openroad-rcx/nom/asic_top.nom.spef line 3322673, net ANTENNA_i_soc.i_ai_sram.u_sram.gen_bank\[4\].gen_512.u_macro_dout1\[14\] not found.
[STA-1648] /home/blogic2026/final_jtag/repo/asic/run/RUN_final_2026-09-06/56-openroad-rcx/nom/asic_top.nom.spef line 3322684, instance ANTENNA_i_soc.i_ai_sram.u_sram.gen_bank\[4\].gen_512.u_macro_dout1\[15\] not found.
[STA-1650] /home/blogic2026/final_jtag/repo/asic/run/RUN_final_2026-09-06/56-openroad-rcx/nom/asic_top.nom.spef line 3322690, net ANTENNA_i_soc.i_ai_sram.u_sram.gen_bank\[4\].gen_512.u_macro_dout1\[15\] not found.
[STA-1650] /home/blogic2026/final_jtag/repo/asic/run/RUN_final_2026-09-06/56-openroad-rcx/nom/asic_top.nom.spef line 3322710, net ANTENNA_i_soc.i_ai_sram.u_sram.gen_bank\[4\].gen_512.u_macro_dout1\[15\] not found.
[STA-1650] /home/blogic2026/final_jtag/repo/asic/run/RUN_final_2026-09-06/56-openroad-rcx/nom/asic_top.nom.spef line 3322711, net ANTENNA_i_soc.i_ai_sram.u_sram.gen_bank\[4\].gen_512.u_macro_dout1\[15\] not found.
[STA-1648] /home/blogic2026/final_jtag/repo/asic/run/RUN_final_2026-09-06/56-openroad-rcx/nom/asic_top.nom.spef line 3322721, instance ANTENNA_i_soc.i_ai_sram.u_sram.gen_bank\[4\].gen_512.u_macro_dout1\[16\] not found.
[STA-1650] /home/blogic2026/final_jtag/repo/asic/run/RUN_final_2026-09-06/56-openroad-rcx/nom/asic_top.nom.spef line 3322727, net ANTENNA_i_soc.i_ai_sram.u_sram.gen_bank\[4\].gen_512.u_macro_dout1\[16\] not found.
[STA-1650] /home/blogic2026/final_jtag/repo/asic/run/RUN_final_2026-09-06/56-openroad-rcx/nom/asic_top.nom.spef line 3322735, net ANTENNA_i_soc.i_ai_sram.u_sram.gen_bank\[4\].gen_512.u_macro_dout1\[18\] not found.
[STA-1650] /home/blogic2026/final_jtag/repo/asic/run/RUN_final_2026-09-06/56-openroad-rcx/nom/asic_top.nom.spef line 3322751, net ANTENNA_i_soc.i_ai_sram.u_sram.gen_bank\[4\].gen_512.u_macro_dout1\[16\] not found.
[STA-1650] /home/blogic2026/final_jtag/repo/asic/run/RUN_final_2026-09-06/56-openroad-rcx/nom/asic_top.nom.spef line 3322752, net ANTENNA_i_soc.i_ai_sram.u_sram.gen_bank\[4\].gen_512.u_macro_dout1\[16\] not found.
[STA-1648] /home/blogic2026/final_jtag/repo/asic/run/RUN_final_2026-09-06/56-openroad-rcx/nom/asic_top.nom.spef line 3322762, instance ANTENNA_i_soc.i_ai_sram.u_sram.gen_bank\[4\].gen_512.u_macro_dout1\[17\] not found.
[STA-1650] /home/blogic2026/final_jtag/repo/asic/run/RUN_final_2026-09-06/56-openroad-rcx/nom/asic_top.nom.spef line 3322768, net ANTENNA_i_soc.i_ai_sram.u_sram.gen_bank\[4\].gen_512.u_macro_dout1\[17\] not found.
[STA-1650] /home/blogic2026/final_jtag/repo/asic/run/RUN_final_2026-09-06/56-openroad-rcx/nom/asic_top.nom.spef line 3322787, net ANTENNA_i_soc.i_ai_sram.u_sram.gen_bank\[4\].gen_512.u_macro_dout1\[17\] not found.
[STA-1648] /home/blogic2026/final_jtag/repo/asic/run/RUN_final_2026-09-06/56-openroad-rcx/nom/asic_top.nom.spef line 3322797, instance ANTENNA_i_soc.i_ai_sram.u_sram.gen_bank\[4\].gen_512.u_macro_dout1\[18\] not found.
[STA-1650] /home/blogic2026/final_jtag/repo/asic/run/RUN_final_2026-09-06/56-openroad-rcx/nom/asic_top.nom.spef line 3322803, net ANTENNA_i_soc.i_ai_sram.u_sram.gen_bank\[4\].gen_512.u_macro_dout1\[18\] not found.
[STA-1650] /home/blogic2026/final_jtag/repo/asic/run/RUN_final_2026-09-06/56-openroad-rcx/nom/asic_top.nom.spef line 3322808, net ANTENNA_i_soc.i_ai_sram.u_sram.gen_bank\[4\].gen_512.u_macro_dout1\[18\] not found.
[STA-1650] /home/blogic2026/final_jtag/repo/asic/run/RUN_final_2026-09-06/56-openroad-rcx/nom/asic_top.nom.spef line 3322812, net ANTENNA_i_soc.i_ai_sram.u_sram.gen_bank\[4\].gen_512.u_macro_dout1\[19\] not found.
[STA-1650] /home/blogic2026/final_jtag/repo/asic/run/RUN_final_2026-09-06/56-openroad-rcx/nom/asic_top.nom.spef line 3322825, net ANTENNA_i_soc.i_ai_sram.u_sram.gen_bank\[4\].gen_512.u_macro_dout1\[18\] not found.
[STA-1650] /home/blogic2026/final_jtag/repo/asic/run/RUN_final_2026-09-06/56-openroad-rcx/nom/asic_top.nom.spef line 3322827, net ANTENNA_i_soc.i_ai_sram.u_sram.gen_bank\[4\].gen_512.u_macro_dout1\[18\] not found.
[STA-1650] /home/blogic2026/final_jtag/repo/asic/run/RUN_final_2026-09-06/56-openroad-rcx/nom/asic_top.nom.spef line 3322832, net ANTENNA_i_soc.i_ai_sram.u_sram.gen_bank\[4\].gen_512.u_macro_dout1\[18\] not found.
[STA-1648] /home/blogic2026/final_jtag/repo/asic/run/RUN_final_2026-09-06/56-openroad-rcx/nom/asic_top.nom.spef line 3322842, instance ANTENNA_i_soc.i_ai_sram.u_sram.gen_bank\[4\].gen_512.u_macro_dout1\[19\] not found.
[STA-1650] /home/blogic2026/final_jtag/repo/asic/run/RUN_final_2026-09-06/56-openroad-rcx/nom/asic_top.nom.spef line 3322848, net ANTENNA_i_soc.i_ai_sram.u_sram.gen_bank\[4\].gen_512.u_macro_dout1\[19\] not found.
[STA-1650] /home/blogic2026/final_jtag/repo/asic/run/RUN_final_2026-09-06/56-openroad-rcx/nom/asic_top.nom.spef line 3322853, net ANTENNA_i_soc.i_ai_sram.u_sram.gen_bank\[4\].gen_512.u_macro_dout1\[19\] not found.
[STA-1650] /home/blogic2026/final_jtag/repo/asic/run/RUN_final_2026-09-06/56-openroad-rcx/nom/asic_top.nom.spef line 3322863, net ANTENNA_i_soc.i_ai_sram.u_sram.gen_bank\[4\].gen_512.u_macro_dout1\[19\] not found.
[STA-1650] /home/blogic2026/final_jtag/repo/asic/run/RUN_final_2026-09-06/56-openroad-rcx/nom/asic_top.nom.spef line 3322867, net ANTENNA_i_soc.i_ai_sram.u_sram.gen_bank\[4\].gen_512.u_macro_dout1\[19\] not found.
[STA-1648] /home/blogic2026/final_jtag/repo/asic/run/RUN_final_2026-09-06/56-openroad-rcx/nom/asic_top.nom.spef line 3322893, instance ANTENNA_i_soc.i_ai_sram.u_sram.gen_bank\[4\].gen_512.u_macro_dout1\[20\] not found.
[STA-1650] /home/blogic2026/final_jtag/repo/asic/run/RUN_final_2026-09-06/56-openroad-rcx/nom/asic_top.nom.spef line 3322899, net ANTENNA_i_soc.i_ai_sram.u_sram.gen_bank\[4\].gen_512.u_macro_dout1\[20\] not found.
[STA-1650] /home/blogic2026/final_jtag/repo/asic/run/RUN_final_2026-09-06/56-openroad-rcx/nom/asic_top.nom.spef line 3322904, net ANTENNA_i_soc.i_ai_sram.u_sram.gen_bank\[4\].gen_512.u_macro_dout1\[20\] not found.
[STA-1650] /home/blogic2026/final_jtag/repo/asic/run/RUN_final_2026-09-06/56-openroad-rcx/nom/asic_top.nom.spef line 3322919, net ANTENNA_i_soc.i_ai_sram.u_sram.gen_bank\[4\].gen_512.u_macro_dout1\[20\] not found.
[STA-1650] /home/blogic2026/final_jtag/repo/asic/run/RUN_final_2026-09-06/56-openroad-rcx/nom/asic_top.nom.spef line 3322920, net ANTENNA_i_soc.i_ai_sram.u_sram.gen_bank\[4\].gen_512.u_macro_dout1\[20\] not found.
[STA-1648] /home/blogic2026/final_jtag/repo/asic/run/RUN_final_2026-09-06/56-openroad-rcx/nom/asic_top.nom.spef line 3322930, instance ANTENNA_i_soc.i_ai_sram.u_sram.gen_bank\[4\].gen_512.u_macro_dout1\[21\] not found.
[STA-1650] /home/blogic2026/final_jtag/repo/asic/run/RUN_final_2026-09-06/56-openroad-rcx/nom/asic_top.nom.spef line 3322936, net ANTENNA_i_soc.i_ai_sram.u_sram.gen_bank\[4\].gen_512.u_macro_dout1\[21\] not found.
[STA-1650] /home/blogic2026/final_jtag/repo/asic/run/RUN_final_2026-09-06/56-openroad-rcx/nom/asic_top.nom.spef line 3322951, net ANTENNA_i_soc.i_ai_sram.u_sram.gen_bank\[4\].gen_512.u_macro_dout1\[21\] not found.
[STA-1648] /home/blogic2026/final_jtag/repo/asic/run/RUN_final_2026-09-06/56-openroad-rcx/nom/asic_top.nom.spef line 3322962, instance ANTENNA_i_soc.i_ai_sram.u_sram.gen_bank\[4\].gen_512.u_macro_dout1\[22\] not found.
[STA-1650] /home/blogic2026/final_jtag/repo/asic/run/RUN_final_2026-09-06/56-openroad-rcx/nom/asic_top.nom.spef line 3322968, net ANTENNA_i_soc.i_ai_sram.u_sram.gen_bank\[4\].gen_512.u_macro_dout1\[22\] not found.
[STA-1650] /home/blogic2026/final_jtag/repo/asic/run/RUN_final_2026-09-06/56-openroad-rcx/nom/asic_top.nom.spef line 3322991, net ANTENNA_i_soc.i_ai_sram.u_sram.gen_bank\[4\].gen_512.u_macro_dout1\[22\] not found.
[STA-1648] /home/blogic2026/final_jtag/repo/asic/run/RUN_final_2026-09-06/56-openroad-rcx/nom/asic_top.nom.spef line 3323000, instance ANTENNA_i_soc.i_ai_sram.u_sram.gen_bank\[4\].gen_512.u_macro_dout1\[23\] not found.
[STA-1650] /home/blogic2026/final_jtag/repo/asic/run/RUN_final_2026-09-06/56-openroad-rcx/nom/asic_top.nom.spef line 3323006, net ANTENNA_i_soc.i_ai_sram.u_sram.gen_bank\[4\].gen_512.u_macro_dout1\[23\] not found.
[STA-1650] /home/blogic2026/final_jtag/repo/asic/run/RUN_final_2026-09-06/56-openroad-rcx/nom/asic_top.nom.spef line 3323026, net ANTENNA_i_soc.i_ai_sram.u_sram.gen_bank\[4\].gen_512.u_macro_dout1\[23\] not found.
[STA-1648] /home/blogic2026/final_jtag/repo/asic/run/RUN_final_2026-09-06/56-openroad-rcx/nom/asic_top.nom.spef line 3323036, instance ANTENNA_i_soc.i_ai_sram.u_sram.gen_bank\[4\].gen_512.u_macro_dout1\[24\] not found.
[STA-1650] /home/blogic2026/final_jtag/repo/asic/run/RUN_final_2026-09-06/56-openroad-rcx/nom/asic_top.nom.spef line 3323042, net ANTENNA_i_soc.i_ai_sram.u_sram.gen_bank\[4\].gen_512.u_macro_dout1\[24\] not found.
[STA-1650] /home/blogic2026/final_jtag/repo/asic/run/RUN_final_2026-09-06/56-openroad-rcx/nom/asic_top.nom.spef line 3323057, net ANTENNA_i_soc.i_ai_sram.u_sram.gen_bank\[4\].gen_512.u_macro_dout1\[24\] not found.
[STA-1648] /home/blogic2026/final_jtag/repo/asic/run/RUN_final_2026-09-06/56-openroad-rcx/nom/asic_top.nom.spef line 3323067, instance ANTENNA_i_soc.i_ai_sram.u_sram.gen_bank\[4\].gen_512.u_macro_dout1\[25\] not found.
[STA-1650] /home/blogic2026/final_jtag/repo/asic/run/RUN_final_2026-09-06/56-openroad-rcx/nom/asic_top.nom.spef line 3323073, net ANTENNA_i_soc.i_ai_sram.u_sram.gen_bank\[4\].gen_512.u_macro_dout1\[25\] not found.
[STA-1650] /home/blogic2026/final_jtag/repo/asic/run/RUN_final_2026-09-06/56-openroad-rcx/nom/asic_top.nom.spef line 3323095, net ANTENNA_i_soc.i_ai_sram.u_sram.gen_bank\[4\].gen_512.u_macro_dout1\[25\] not found.
[STA-1648] /home/blogic2026/final_jtag/repo/asic/run/RUN_final_2026-09-06/56-openroad-rcx/nom/asic_top.nom.spef line 3323105, instance ANTENNA_i_soc.i_ai_sram.u_sram.gen_bank\[4\].gen_512.u_macro_dout1\[26\] not found.
[STA-1650] /home/blogic2026/final_jtag/repo/asic/run/RUN_final_2026-09-06/56-openroad-rcx/nom/asic_top.nom.spef line 3323111, net ANTENNA_i_soc.i_ai_sram.u_sram.gen_bank\[4\].gen_512.u_macro_dout1\[26\] not found.
[STA-1650] /home/blogic2026/final_jtag/repo/asic/run/RUN_final_2026-09-06/56-openroad-rcx/nom/asic_top.nom.spef line 3323129, net ANTENNA_i_soc.i_ai_sram.u_sram.gen_bank\[4\].gen_512.u_macro_dout1\[26\] not found.
[STA-1648] /home/blogic2026/final_jtag/repo/asic/run/RUN_final_2026-09-06/56-openroad-rcx/nom/asic_top.nom.spef line 3323139, instance ANTENNA_i_soc.i_ai_sram.u_sram.gen_bank\[4\].gen_512.u_macro_dout1\[27\] not found.
[STA-1650] /home/blogic2026/final_jtag/repo/asic/run/RUN_final_2026-09-06/56-openroad-rcx/nom/asic_top.nom.spef line 3323145, net ANTENNA_i_soc.i_ai_sram.u_sram.gen_bank\[4\].gen_512.u_macro_dout1\[27\] not found.
[STA-1650] /home/blogic2026/final_jtag/repo/asic/run/RUN_final_2026-09-06/56-openroad-rcx/nom/asic_top.nom.spef line 3323158, net ANTENNA_i_soc.i_ai_sram.u_sram.gen_bank\[4\].gen_512.u_macro_dout1\[27\] not found.
[STA-1648] /home/blogic2026/final_jtag/repo/asic/run/RUN_final_2026-09-06/56-openroad-rcx/nom/asic_top.nom.spef line 3323168, instance ANTENNA_i_soc.i_ai_sram.u_sram.gen_bank\[4\].gen_512.u_macro_dout1\[28\] not found.
[STA-1650] /home/blogic2026/final_jtag/repo/asic/run/RUN_final_2026-09-06/56-openroad-rcx/nom/asic_top.nom.spef line 3323174, net ANTENNA_i_soc.i_ai_sram.u_sram.gen_bank\[4\].gen_512.u_macro_dout1\[28\] not found.
[STA-1650] /home/blogic2026/final_jtag/repo/asic/run/RUN_final_2026-09-06/56-openroad-rcx/nom/asic_top.nom.spef line 3323195, net ANTENNA_i_soc.i_ai_sram.u_sram.gen_bank\[4\].gen_512.u_macro_dout1\[28\] not found.
[STA-1648] /home/blogic2026/final_jtag/repo/asic/run/RUN_final_2026-09-06/56-openroad-rcx/nom/asic_top.nom.spef line 3323206, instance ANTENNA_i_soc.i_ai_sram.u_sram.gen_bank\[4\].gen_512.u_macro_dout1\[29\] not found.
[STA-1650] /home/blogic2026/final_jtag/repo/asic/run/RUN_final_2026-09-06/56-openroad-rcx/nom/asic_top.nom.spef line 3323212, net ANTENNA_i_soc.i_ai_sram.u_sram.gen_bank\[4\].gen_512.u_macro_dout1\[29\] not found.
[STA-1650] /home/blogic2026/final_jtag/repo/asic/run/RUN_final_2026-09-06/56-openroad-rcx/nom/asic_top.nom.spef line 3323233, net ANTENNA_i_soc.i_ai_sram.u_sram.gen_bank\[4\].gen_512.u_macro_dout1\[29\] not found.
[STA-1648] /home/blogic2026/final_jtag/repo/asic/run/RUN_final_2026-09-06/56-openroad-rcx/nom/asic_top.nom.spef line 3323268, instance ANTENNA_i_soc.i_ai_sram.u_sram.gen_bank\[4\].gen_512.u_macro_dout1\[30\] not found.
[STA-1650] /home/blogic2026/final_jtag/repo/asic/run/RUN_final_2026-09-06/56-openroad-rcx/nom/asic_top.nom.spef line 3323274, net ANTENNA_i_soc.i_ai_sram.u_sram.gen_bank\[4\].gen_512.u_macro_dout1\[30\] not found.
[STA-1650] /home/blogic2026/final_jtag/repo/asic/run/RUN_final_2026-09-06/56-openroad-rcx/nom/asic_top.nom.spef line 3323291, net ANTENNA_i_soc.i_ai_sram.u_sram.gen_bank\[4\].gen_512.u_macro_dout1\[30\] not found.
[STA-1648] /home/blogic2026/final_jtag/repo/asic/run/RUN_final_2026-09-06/56-openroad-rcx/nom/asic_top.nom.spef line 3323301, instance ANTENNA_i_soc.i_ai_sram.u_sram.gen_bank\[4\].gen_512.u_macro_dout1\[31\] not found.
[STA-1650] /home/blogic2026/final_jtag/repo/asic/run/RUN_final_2026-09-06/56-openroad-rcx/nom/asic_top.nom.spef line 3323307, net ANTENNA_i_soc.i_ai_sram.u_sram.gen_bank\[4\].gen_512.u_macro_dout1\[31\] not found.
[STA-1650] /home/blogic2026/final_jtag/repo/asic/run/RUN_final_2026-09-06/56-openroad-rcx/nom/asic_top.nom.spef line 3323313, net ANTENNA_i_soc.i_ai_sram.u_sram.gen_bank\[4\].gen_512.u_macro_dout1\[31\] not found.
[STA-1650] /home/blogic2026/final_jtag/repo/asic/run/RUN_final_2026-09-06/56-openroad-rcx/nom/asic_top.nom.spef line 3323325, net ANTENNA_i_soc.i_ai_sram.u_sram.gen_bank\[4\].gen_512.u_macro_dout1\[31\] not found.
[STA-1648] /home/blogic2026/final_jtag/repo/asic/run/RUN_final_2026-09-06/56-openroad-rcx/nom/asic_top.nom.spef line 3324615, instance ANTENNA_i_soc.i_ai_sram.u_sram.gen_bank\[1\].gen_512.u_macro_dout1\[1\] not found.
[STA-1650] /home/blogic2026/final_jtag/repo/asic/run/RUN_final_2026-09-06/56-openroad-rcx/nom/asic_top.nom.spef line 3324621, net ANTENNA_i_soc.i_ai_sram.u_sram.gen_bank\[1\].gen_512.u_macro_dout1\[1\] not found.
[STA-1650] /home/blogic2026/final_jtag/repo/asic/run/RUN_final_2026-09-06/56-openroad-rcx/nom/asic_top.nom.spef line 3324648, net ANTENNA_i_soc.i_ai_sram.u_sram.gen_bank\[1\].gen_512.u_macro_dout1\[1\] not found.
[STA-1648] /home/blogic2026/final_jtag/repo/asic/run/RUN_final_2026-09-06/56-openroad-rcx/nom/asic_top.nom.spef line 3325327, instance ANTENNA_i_soc.i_ai_sram.u_sram.gen_bank\[0\].gen_512.u_macro_dout1\[0\] not found.
[STA-1650] /home/blogic2026/final_jtag/repo/asic/run/RUN_final_2026-09-06/56-openroad-rcx/nom/asic_top.nom.spef line 3325333, net ANTENNA_i_soc.i_ai_sram.u_sram.gen_bank\[0\].gen_512.u_macro_dout1\[0\] not found.
[STA-1650] /home/blogic2026/final_jtag/repo/asic/run/RUN_final_2026-09-06/56-openroad-rcx/nom/asic_top.nom.spef line 3325346, net ANTENNA_i_soc.i_ai_sram.u_sram.gen_bank\[0\].gen_512.u_macro_dout1\[0\] not found.
[STA-1650] /home/blogic2026/final_jtag/repo/asic/run/RUN_final_2026-09-06/56-openroad-rcx/nom/asic_top.nom.spef line 3325347, net ANTENNA_i_soc.i_ai_sram.u_sram.gen_bank\[0\].gen_512.u_macro_dout1\[0\] not found.
[STA-1648] /home/blogic2026/final_jtag/repo/asic/run/RUN_final_2026-09-06/56-openroad-rcx/nom/asic_top.nom.spef line 3325356, instance ANTENNA_i_soc.i_ai_sram.u_sram.gen_bank\[0\].gen_512.u_macro_dout1\[1\] not found.
[STA-1650] /home/blogic2026/final_jtag/repo/asic/run/RUN_final_2026-09-06/56-openroad-rcx/nom/asic_top.nom.spef line 3325362, net ANTENNA_i_soc.i_ai_sram.u_sram.gen_bank\[0\].gen_512.u_macro_dout1\[1\] not found.
[STA-1650] /home/blogic2026/final_jtag/repo/asic/run/RUN_final_2026-09-06/56-openroad-rcx/nom/asic_top.nom.spef line 3325376, net ANTENNA_i_soc.i_ai_sram.u_sram.gen_bank\[0\].gen_512.u_macro_dout1\[1\] not found.
[STA-1650] /home/blogic2026/final_jtag/repo/asic/run/RUN_final_2026-09-06/56-openroad-rcx/nom/asic_top.nom.spef line 3325377, net ANTENNA_i_soc.i_ai_sram.u_sram.gen_bank\[0\].gen_512.u_macro_dout1\[1\] not found.
[STA-1648] /home/blogic2026/final_jtag/repo/asic/run/RUN_final_2026-09-06/56-openroad-rcx/nom/asic_top.nom.spef line 3325399, instance ANTENNA_i_soc.i_ai_sram.u_sram.gen_bank\[0\].gen_512.u_macro_dout1\[2\] not found.
[STA-1650] /home/blogic2026/final_jtag/repo/asic/run/RUN_final_2026-09-06/56-openroad-rcx/nom/asic_top.nom.spef line 3325405, net ANTENNA_i_soc.i_ai_sram.u_sram.gen_bank\[0\].gen_512.u_macro_dout1\[2\] not found.
[STA-1650] /home/blogic2026/final_jtag/repo/asic/run/RUN_final_2026-09-06/56-openroad-rcx/nom/asic_top.nom.spef line 3325416, net ANTENNA_i_soc.i_ai_sram.u_sram.gen_bank\[0\].gen_512.u_macro_dout1\[2\] not found.
[STA-1650] /home/blogic2026/final_jtag/repo/asic/run/RUN_final_2026-09-06/56-openroad-rcx/nom/asic_top.nom.spef line 3325417, net ANTENNA_i_soc.i_ai_sram.u_sram.gen_bank\[0\].gen_512.u_macro_dout1\[2\] not found.
[STA-1648] /home/blogic2026/final_jtag/repo/asic/run/RUN_final_2026-09-06/56-openroad-rcx/nom/asic_top.nom.spef line 3325426, instance ANTENNA_i_soc.i_ai_sram.u_sram.gen_bank\[0\].gen_512.u_macro_dout1\[3\] not found.
[STA-1650] /home/blogic2026/final_jtag/repo/asic/run/RUN_final_2026-09-06/56-openroad-rcx/nom/asic_top.nom.spef line 3325432, net ANTENNA_i_soc.i_ai_sram.u_sram.gen_bank\[0\].gen_512.u_macro_dout1\[3\] not found.
[STA-1650] /home/blogic2026/final_jtag/repo/asic/run/RUN_final_2026-09-06/56-openroad-rcx/nom/asic_top.nom.spef line 3325445, net ANTENNA_i_soc.i_ai_sram.u_sram.gen_bank\[0\].gen_512.u_macro_dout1\[3\] not found.
[STA-1650] /home/blogic2026/final_jtag/repo/asic/run/RUN_final_2026-09-06/56-openroad-rcx/nom/asic_top.nom.spef line 3325446, net ANTENNA_i_soc.i_ai_sram.u_sram.gen_bank\[0\].gen_512.u_macro_dout1\[3\] not found.
[STA-1648] /home/blogic2026/final_jtag/repo/asic/run/RUN_final_2026-09-06/56-openroad-rcx/nom/asic_top.nom.spef line 3325455, instance ANTENNA_i_soc.i_ai_sram.u_sram.gen_bank\[0\].gen_512.u_macro_dout1\[4\] not found.
[STA-1650] /home/blogic2026/final_jtag/repo/asic/run/RUN_final_2026-09-06/56-openroad-rcx/nom/asic_top.nom.spef line 3325461, net ANTENNA_i_soc.i_ai_sram.u_sram.gen_bank\[0\].gen_512.u_macro_dout1\[4\] not found.
[STA-1650] /home/blogic2026/final_jtag/repo/asic/run/RUN_final_2026-09-06/56-openroad-rcx/nom/asic_top.nom.spef line 3325477, net ANTENNA_i_soc.i_ai_sram.u_sram.gen_bank\[0\].gen_512.u_macro_dout1\[4\] not found.
[STA-1650] /home/blogic2026/final_jtag/repo/asic/run/RUN_final_2026-09-06/56-openroad-rcx/nom/asic_top.nom.spef line 3325478, net ANTENNA_i_soc.i_ai_sram.u_sram.gen_bank\[0\].gen_512.u_macro_dout1\[4\] not found.
[STA-1648] /home/blogic2026/final_jtag/repo/asic/run/RUN_final_2026-09-06/56-openroad-rcx/nom/asic_top.nom.spef line 3325487, instance ANTENNA_i_soc.i_ai_sram.u_sram.gen_bank\[0\].gen_512.u_macro_dout1\[5\] not found.
[STA-1650] /home/blogic2026/final_jtag/repo/asic/run/RUN_final_2026-09-06/56-openroad-rcx/nom/asic_top.nom.spef line 3325493, net ANTENNA_i_soc.i_ai_sram.u_sram.gen_bank\[0\].gen_512.u_macro_dout1\[5\] not found.
[STA-1650] /home/blogic2026/final_jtag/repo/asic/run/RUN_final_2026-09-06/56-openroad-rcx/nom/asic_top.nom.spef line 3325507, net ANTENNA_i_soc.i_ai_sram.u_sram.gen_bank\[0\].gen_512.u_macro_dout1\[9\] not found.
[STA-1650] /home/blogic2026/final_jtag/repo/asic/run/RUN_final_2026-09-06/56-openroad-rcx/nom/asic_top.nom.spef line 3325518, net ANTENNA_i_soc.i_ai_sram.u_sram.gen_bank\[0\].gen_512.u_macro_dout1\[5\] not found.
[STA-1648] /home/blogic2026/final_jtag/repo/asic/run/RUN_final_2026-09-06/56-openroad-rcx/nom/asic_top.nom.spef line 3325525, instance ANTENNA_i_soc.i_ai_sram.u_sram.gen_bank\[0\].gen_512.u_macro_dout1\[6\] not found.
[STA-1650] /home/blogic2026/final_jtag/repo/asic/run/RUN_final_2026-09-06/56-openroad-rcx/nom/asic_top.nom.spef line 3325531, net ANTENNA_i_soc.i_ai_sram.u_sram.gen_bank\[0\].gen_512.u_macro_dout1\[6\] not found.
[STA-1650] /home/blogic2026/final_jtag/repo/asic/run/RUN_final_2026-09-06/56-openroad-rcx/nom/asic_top.nom.spef line 3325549, net ANTENNA_i_soc.i_ai_sram.u_sram.gen_bank\[0\].gen_512.u_macro_dout1\[6\] not found.
[STA-1648] /home/blogic2026/final_jtag/repo/asic/run/RUN_final_2026-09-06/56-openroad-rcx/nom/asic_top.nom.spef line 3325560, instance ANTENNA_i_soc.i_ai_sram.u_sram.gen_bank\[0\].gen_512.u_macro_dout1\[7\] not found.
[STA-1650] /home/blogic2026/final_jtag/repo/asic/run/RUN_final_2026-09-06/56-openroad-rcx/nom/asic_top.nom.spef line 3325566, net ANTENNA_i_soc.i_ai_sram.u_sram.gen_bank\[0\].gen_512.u_macro_dout1\[7\] not found.
[STA-1650] /home/blogic2026/final_jtag/repo/asic/run/RUN_final_2026-09-06/56-openroad-rcx/nom/asic_top.nom.spef line 3325589, net ANTENNA_i_soc.i_ai_sram.u_sram.gen_bank\[0\].gen_512.u_macro_dout1\[7\] not found.
[STA-1648] /home/blogic2026/final_jtag/repo/asic/run/RUN_final_2026-09-06/56-openroad-rcx/nom/asic_top.nom.spef line 3325601, instance ANTENNA_i_soc.i_ai_sram.u_sram.gen_bank\[0\].gen_512.u_macro_dout1\[8\] not found.
[STA-1650] /home/blogic2026/final_jtag/repo/asic/run/RUN_final_2026-09-06/56-openroad-rcx/nom/asic_top.nom.spef line 3325607, net ANTENNA_i_soc.i_ai_sram.u_sram.gen_bank\[0\].gen_512.u_macro_dout1\[8\] not found.
[STA-1650] /home/blogic2026/final_jtag/repo/asic/run/RUN_final_2026-09-06/56-openroad-rcx/nom/asic_top.nom.spef line 3325635, net ANTENNA_i_soc.i_ai_sram.u_sram.gen_bank\[0\].gen_512.u_macro_dout1\[8\] not found.
[STA-1648] /home/blogic2026/final_jtag/repo/asic/run/RUN_final_2026-09-06/56-openroad-rcx/nom/asic_top.nom.spef line 3325645, instance ANTENNA_i_soc.i_ai_sram.u_sram.gen_bank\[0\].gen_512.u_macro_dout1\[9\] not found.
[STA-1650] /home/blogic2026/final_jtag/repo/asic/run/RUN_final_2026-09-06/56-openroad-rcx/nom/asic_top.nom.spef line 3325651, net ANTENNA_i_soc.i_ai_sram.u_sram.gen_bank\[0\].gen_512.u_macro_dout1\[9\] not found.
[STA-1650] /home/blogic2026/final_jtag/repo/asic/run/RUN_final_2026-09-06/56-openroad-rcx/nom/asic_top.nom.spef line 3325661, net ANTENNA_i_soc.i_ai_sram.u_sram.gen_bank\[0\].gen_512.u_macro_dout1\[9\] not found.
[STA-1650] /home/blogic2026/final_jtag/repo/asic/run/RUN_final_2026-09-06/56-openroad-rcx/nom/asic_top.nom.spef line 3325667, net ANTENNA_i_soc.i_ai_sram.u_sram.gen_bank\[0\].gen_512.u_macro_dout1\[9\] not found.
[STA-1648] /home/blogic2026/final_jtag/repo/asic/run/RUN_final_2026-09-06/56-openroad-rcx/nom/asic_top.nom.spef line 3325673, instance ANTENNA_i_soc.i_ai_sram.u_sram.gen_bank\[0\].gen_512.u_macro_dout1\[10\] not found.
[STA-1650] /home/blogic2026/final_jtag/repo/asic/run/RUN_final_2026-09-06/56-openroad-rcx/nom/asic_top.nom.spef line 3325679, net ANTENNA_i_soc.i_ai_sram.u_sram.gen_bank\[0\].gen_512.u_macro_dout1\[10\] not found.
[STA-1650] /home/blogic2026/final_jtag/repo/asic/run/RUN_final_2026-09-06/56-openroad-rcx/nom/asic_top.nom.spef line 3325697, net ANTENNA_i_soc.i_ai_sram.u_sram.gen_bank\[0\].gen_512.u_macro_dout1\[10\] not found.
[STA-1648] /home/blogic2026/final_jtag/repo/asic/run/RUN_final_2026-09-06/56-openroad-rcx/nom/asic_top.nom.spef line 3325704, instance ANTENNA_i_soc.i_ai_sram.u_sram.gen_bank\[0\].gen_512.u_macro_dout1\[11\] not found.
[STA-1650] /home/blogic2026/final_jtag/repo/asic/run/RUN_final_2026-09-06/56-openroad-rcx/nom/asic_top.nom.spef line 3325710, net ANTENNA_i_soc.i_ai_sram.u_sram.gen_bank\[0\].gen_512.u_macro_dout1\[11\] not found.
[STA-1650] /home/blogic2026/final_jtag/repo/asic/run/RUN_final_2026-09-06/56-openroad-rcx/nom/asic_top.nom.spef line 3325742, net ANTENNA_i_soc.i_ai_sram.u_sram.gen_bank\[0\].gen_512.u_macro_dout1\[11\] not found.
[STA-1648] /home/blogic2026/final_jtag/repo/asic/run/RUN_final_2026-09-06/56-openroad-rcx/nom/asic_top.nom.spef line 3325766, instance ANTENNA_i_soc.i_ai_sram.u_sram.gen_bank\[0\].gen_512.u_macro_dout1\[12\] not found.
[STA-1650] /home/blogic2026/final_jtag/repo/asic/run/RUN_final_2026-09-06/56-openroad-rcx/nom/asic_top.nom.spef line 3325772, net ANTENNA_i_soc.i_ai_sram.u_sram.gen_bank\[0\].gen_512.u_macro_dout1\[12\] not found.
[STA-1650] /home/blogic2026/final_jtag/repo/asic/run/RUN_final_2026-09-06/56-openroad-rcx/nom/asic_top.nom.spef line 3325796, net ANTENNA_i_soc.i_ai_sram.u_sram.gen_bank\[0\].gen_512.u_macro_dout1\[12\] not found.
[STA-1650] /home/blogic2026/final_jtag/repo/asic/run/RUN_final_2026-09-06/56-openroad-rcx/nom/asic_top.nom.spef line 3325797, net ANTENNA_i_soc.i_ai_sram.u_sram.gen_bank\[0\].gen_512.u_macro_dout1\[12\] not found.
[STA-1648] /home/blogic2026/final_jtag/repo/asic/run/RUN_final_2026-09-06/56-openroad-rcx/nom/asic_top.nom.spef line 3325808, instance ANTENNA_i_soc.i_ai_sram.u_sram.gen_bank\[0\].gen_512.u_macro_dout1\[13\] not found.
[STA-1650] /home/blogic2026/final_jtag/repo/asic/run/RUN_final_2026-09-06/56-openroad-rcx/nom/asic_top.nom.spef line 3325814, net ANTENNA_i_soc.i_ai_sram.u_sram.gen_bank\[0\].gen_512.u_macro_dout1\[13\] not found.
[STA-1650] /home/blogic2026/final_jtag/repo/asic/run/RUN_final_2026-09-06/56-openroad-rcx/nom/asic_top.nom.spef line 3325826, net ANTENNA_i_soc.i_ai_sram.u_sram.gen_bank\[0\].gen_512.u_macro_dout1\[13\] not found.
[STA-1648] /home/blogic2026/final_jtag/repo/asic/run/RUN_final_2026-09-06/56-openroad-rcx/nom/asic_top.nom.spef line 3325836, instance ANTENNA_i_soc.i_ai_sram.u_sram.gen_bank\[0\].gen_512.u_macro_dout1\[14\] not found.
[STA-1650] /home/blogic2026/final_jtag/repo/asic/run/RUN_final_2026-09-06/56-openroad-rcx/nom/asic_top.nom.spef line 3325842, net ANTENNA_i_soc.i_ai_sram.u_sram.gen_bank\[0\].gen_512.u_macro_dout1\[14\] not found.
[STA-1650] /home/blogic2026/final_jtag/repo/asic/run/RUN_final_2026-09-06/56-openroad-rcx/nom/asic_top.nom.spef line 3325864, net ANTENNA_i_soc.i_ai_sram.u_sram.gen_bank\[0\].gen_512.u_macro_dout1\[14\] not found.
[STA-1648] /home/blogic2026/final_jtag/repo/asic/run/RUN_final_2026-09-06/56-openroad-rcx/nom/asic_top.nom.spef line 3325876, instance ANTENNA_i_soc.i_ai_sram.u_sram.gen_bank\[0\].gen_512.u_macro_dout1\[15\] not found.
[STA-1650] /home/blogic2026/final_jtag/repo/asic/run/RUN_final_2026-09-06/56-openroad-rcx/nom/asic_top.nom.spef line 3325882, net ANTENNA_i_soc.i_ai_sram.u_sram.gen_bank\[0\].gen_512.u_macro_dout1\[15\] not found.
[STA-1650] /home/blogic2026/final_jtag/repo/asic/run/RUN_final_2026-09-06/56-openroad-rcx/nom/asic_top.nom.spef line 3325909, net ANTENNA_i_soc.i_ai_sram.u_sram.gen_bank\[0\].gen_512.u_macro_dout1\[15\] not found.
[STA-1650] /home/blogic2026/final_jtag/repo/asic/run/RUN_final_2026-09-06/56-openroad-rcx/nom/asic_top.nom.spef line 3325910, net ANTENNA_i_soc.i_ai_sram.u_sram.gen_bank\[0\].gen_512.u_macro_dout1\[15\] not found.
[STA-1648] /home/blogic2026/final_jtag/repo/asic/run/RUN_final_2026-09-06/56-openroad-rcx/nom/asic_top.nom.spef line 3325920, instance ANTENNA_i_soc.i_ai_sram.u_sram.gen_bank\[0\].gen_512.u_macro_dout1\[16\] not found.
[STA-1650] /home/blogic2026/final_jtag/repo/asic/run/RUN_final_2026-09-06/56-openroad-rcx/nom/asic_top.nom.spef line 3325926, net ANTENNA_i_soc.i_ai_sram.u_sram.gen_bank\[0\].gen_512.u_macro_dout1\[16\] not found.
[STA-1650] /home/blogic2026/final_jtag/repo/asic/run/RUN_final_2026-09-06/56-openroad-rcx/nom/asic_top.nom.spef line 3325939, net ANTENNA_i_soc.i_ai_sram.u_sram.gen_bank\[0\].gen_512.u_macro_dout1\[16\] not found.
[STA-1648] /home/blogic2026/final_jtag/repo/asic/run/RUN_final_2026-09-06/56-openroad-rcx/nom/asic_top.nom.spef line 3325949, instance ANTENNA_i_soc.i_ai_sram.u_sram.gen_bank\[0\].gen_512.u_macro_dout1\[17\] not found.
[STA-1650] /home/blogic2026/final_jtag/repo/asic/run/RUN_final_2026-09-06/56-openroad-rcx/nom/asic_top.nom.spef line 3325955, net ANTENNA_i_soc.i_ai_sram.u_sram.gen_bank\[0\].gen_512.u_macro_dout1\[17\] not found.
[STA-1650] /home/blogic2026/final_jtag/repo/asic/run/RUN_final_2026-09-06/56-openroad-rcx/nom/asic_top.nom.spef line 3325982, net ANTENNA_i_soc.i_ai_sram.u_sram.gen_bank\[0\].gen_512.u_macro_dout1\[17\] not found.
[STA-1648] /home/blogic2026/final_jtag/repo/asic/run/RUN_final_2026-09-06/56-openroad-rcx/nom/asic_top.nom.spef line 3325993, instance ANTENNA_i_soc.i_ai_sram.u_sram.gen_bank\[0\].gen_512.u_macro_dout1\[18\] not found.
[STA-1650] /home/blogic2026/final_jtag/repo/asic/run/RUN_final_2026-09-06/56-openroad-rcx/nom/asic_top.nom.spef line 3325999, net ANTENNA_i_soc.i_ai_sram.u_sram.gen_bank\[0\].gen_512.u_macro_dout1\[18\] not found.
[STA-1650] /home/blogic2026/final_jtag/repo/asic/run/RUN_final_2026-09-06/56-openroad-rcx/nom/asic_top.nom.spef line 3326025, net ANTENNA_i_soc.i_ai_sram.u_sram.gen_bank\[0\].gen_512.u_macro_dout1\[18\] not found.
[STA-1648] /home/blogic2026/final_jtag/repo/asic/run/RUN_final_2026-09-06/56-openroad-rcx/nom/asic_top.nom.spef line 3326034, instance ANTENNA_i_soc.i_ai_sram.u_sram.gen_bank\[0\].gen_512.u_macro_dout1\[19\] not found.
[STA-1650] /home/blogic2026/final_jtag/repo/asic/run/RUN_final_2026-09-06/56-openroad-rcx/nom/asic_top.nom.spef line 3326040, net ANTENNA_i_soc.i_ai_sram.u_sram.gen_bank\[0\].gen_512.u_macro_dout1\[19\] not found.
[STA-1650] /home/blogic2026/final_jtag/repo/asic/run/RUN_final_2026-09-06/56-openroad-rcx/nom/asic_top.nom.spef line 3326056, net ANTENNA_i_soc.i_ai_sram.u_sram.gen_bank\[0\].gen_512.u_macro_dout1\[19\] not found.
[STA-1648] /home/blogic2026/final_jtag/repo/asic/run/RUN_final_2026-09-06/56-openroad-rcx/nom/asic_top.nom.spef line 3326066, instance ANTENNA_i_soc.i_ai_sram.u_sram.gen_bank\[0\].gen_512.u_macro_dout1\[20\] not found.
[STA-1650] /home/blogic2026/final_jtag/repo/asic/run/RUN_final_2026-09-06/56-openroad-rcx/nom/asic_top.nom.spef line 3326072, net ANTENNA_i_soc.i_ai_sram.u_sram.gen_bank\[0\].gen_512.u_macro_dout1\[20\] not found.
[STA-1650] /home/blogic2026/final_jtag/repo/asic/run/RUN_final_2026-09-06/56-openroad-rcx/nom/asic_top.nom.spef line 3326089, net ANTENNA_i_soc.i_ai_sram.u_sram.gen_bank\[0\].gen_512.u_macro_dout1\[20\] not found.
[STA-1650] /home/blogic2026/final_jtag/repo/asic/run/RUN_final_2026-09-06/56-openroad-rcx/nom/asic_top.nom.spef line 3326090, net ANTENNA_i_soc.i_ai_sram.u_sram.gen_bank\[0\].gen_512.u_macro_dout1\[20\] not found.
[STA-1648] /home/blogic2026/final_jtag/repo/asic/run/RUN_final_2026-09-06/56-openroad-rcx/nom/asic_top.nom.spef line 3326099, instance ANTENNA_i_soc.i_ai_sram.u_sram.gen_bank\[0\].gen_512.u_macro_dout1\[21\] not found.
[STA-1650] /home/blogic2026/final_jtag/repo/asic/run/RUN_final_2026-09-06/56-openroad-rcx/nom/asic_top.nom.spef line 3326105, net ANTENNA_i_soc.i_ai_sram.u_sram.gen_bank\[0\].gen_512.u_macro_dout1\[21\] not found.
[STA-1650] /home/blogic2026/final_jtag/repo/asic/run/RUN_final_2026-09-06/56-openroad-rcx/nom/asic_top.nom.spef line 3326122, net ANTENNA_i_soc.i_ai_sram.u_sram.gen_bank\[0\].gen_512.u_macro_dout1\[21\] not found.
[STA-1650] /home/blogic2026/final_jtag/repo/asic/run/RUN_final_2026-09-06/56-openroad-rcx/nom/asic_top.nom.spef line 3326123, net ANTENNA_i_soc.i_ai_sram.u_sram.gen_bank\[0\].gen_512.u_macro_dout1\[21\] not found.
[STA-1648] /home/blogic2026/final_jtag/repo/asic/run/RUN_final_2026-09-06/56-openroad-rcx/nom/asic_top.nom.spef line 3326144, instance ANTENNA_i_soc.i_ai_sram.u_sram.gen_bank\[0\].gen_512.u_macro_dout1\[22\] not found.
[STA-1650] /home/blogic2026/final_jtag/repo/asic/run/RUN_final_2026-09-06/56-openroad-rcx/nom/asic_top.nom.spef line 3326150, net ANTENNA_i_soc.i_ai_sram.u_sram.gen_bank\[0\].gen_512.u_macro_dout1\[22\] not found.
[STA-1650] /home/blogic2026/final_jtag/repo/asic/run/RUN_final_2026-09-06/56-openroad-rcx/nom/asic_top.nom.spef line 3326166, net ANTENNA_i_soc.i_ai_sram.u_sram.gen_bank\[0\].gen_512.u_macro_dout1\[22\] not found.
[STA-1648] /home/blogic2026/final_jtag/repo/asic/run/RUN_final_2026-09-06/56-openroad-rcx/nom/asic_top.nom.spef line 3326176, instance ANTENNA_i_soc.i_ai_sram.u_sram.gen_bank\[0\].gen_512.u_macro_dout1\[23\] not found.
[STA-1650] /home/blogic2026/final_jtag/repo/asic/run/RUN_final_2026-09-06/56-openroad-rcx/nom/asic_top.nom.spef line 3326182, net ANTENNA_i_soc.i_ai_sram.u_sram.gen_bank\[0\].gen_512.u_macro_dout1\[23\] not found.
[STA-1650] /home/blogic2026/final_jtag/repo/asic/run/RUN_final_2026-09-06/56-openroad-rcx/nom/asic_top.nom.spef line 3326200, net ANTENNA_i_soc.i_ai_sram.u_sram.gen_bank\[0\].gen_512.u_macro_dout1\[23\] not found.
[STA-1648] /home/blogic2026/final_jtag/repo/asic/run/RUN_final_2026-09-06/56-openroad-rcx/nom/asic_top.nom.spef line 3326210, instance ANTENNA_i_soc.i_ai_sram.u_sram.gen_bank\[0\].gen_512.u_macro_dout1\[24\] not found.
[STA-1650] /home/blogic2026/final_jtag/repo/asic/run/RUN_final_2026-09-06/56-openroad-rcx/nom/asic_top.nom.spef line 3326216, net ANTENNA_i_soc.i_ai_sram.u_sram.gen_bank\[0\].gen_512.u_macro_dout1\[24\] not found.
[STA-1650] /home/blogic2026/final_jtag/repo/asic/run/RUN_final_2026-09-06/56-openroad-rcx/nom/asic_top.nom.spef line 3326232, net ANTENNA_i_soc.i_ai_sram.u_sram.gen_bank\[0\].gen_512.u_macro_dout1\[24\] not found.
[STA-1648] /home/blogic2026/final_jtag/repo/asic/run/RUN_final_2026-09-06/56-openroad-rcx/nom/asic_top.nom.spef line 3326242, instance ANTENNA_i_soc.i_ai_sram.u_sram.gen_bank\[0\].gen_512.u_macro_dout1\[25\] not found.
[STA-1650] /home/blogic2026/final_jtag/repo/asic/run/RUN_final_2026-09-06/56-openroad-rcx/nom/asic_top.nom.spef line 3326248, net ANTENNA_i_soc.i_ai_sram.u_sram.gen_bank\[0\].gen_512.u_macro_dout1\[25\] not found.
[STA-1650] /home/blogic2026/final_jtag/repo/asic/run/RUN_final_2026-09-06/56-openroad-rcx/nom/asic_top.nom.spef line 3326266, net ANTENNA_i_soc.i_ai_sram.u_sram.gen_bank\[0\].gen_512.u_macro_dout1\[25\] not found.
[STA-1648] /home/blogic2026/final_jtag/repo/asic/run/RUN_final_2026-09-06/56-openroad-rcx/nom/asic_top.nom.spef line 3326276, instance ANTENNA_i_soc.i_ai_sram.u_sram.gen_bank\[0\].gen_512.u_macro_dout1\[26\] not found.
[STA-1650] /home/blogic2026/final_jtag/repo/asic/run/RUN_final_2026-09-06/56-openroad-rcx/nom/asic_top.nom.spef line 3326282, net ANTENNA_i_soc.i_ai_sram.u_sram.gen_bank\[0\].gen_512.u_macro_dout1\[26\] not found.
[STA-1650] /home/blogic2026/final_jtag/repo/asic/run/RUN_final_2026-09-06/56-openroad-rcx/nom/asic_top.nom.spef line 3326299, net ANTENNA_i_soc.i_ai_sram.u_sram.gen_bank\[0\].gen_512.u_macro_dout1\[26\] not found.
[STA-1648] /home/blogic2026/final_jtag/repo/asic/run/RUN_final_2026-09-06/56-openroad-rcx/nom/asic_top.nom.spef line 3326309, instance ANTENNA_i_soc.i_ai_sram.u_sram.gen_bank\[0\].gen_512.u_macro_dout1\[27\] not found.
[STA-1650] /home/blogic2026/final_jtag/repo/asic/run/RUN_final_2026-09-06/56-openroad-rcx/nom/asic_top.nom.spef line 3326315, net ANTENNA_i_soc.i_ai_sram.u_sram.gen_bank\[0\].gen_512.u_macro_dout1\[27\] not found.
[STA-1650] /home/blogic2026/final_jtag/repo/asic/run/RUN_final_2026-09-06/56-openroad-rcx/nom/asic_top.nom.spef line 3326333, net ANTENNA_i_soc.i_ai_sram.u_sram.gen_bank\[0\].gen_512.u_macro_dout1\[27\] not found.
[STA-1648] /home/blogic2026/final_jtag/repo/asic/run/RUN_final_2026-09-06/56-openroad-rcx/nom/asic_top.nom.spef line 3326343, instance ANTENNA_i_soc.i_ai_sram.u_sram.gen_bank\[0\].gen_512.u_macro_dout1\[28\] not found.
[STA-1650] /home/blogic2026/final_jtag/repo/asic/run/RUN_final_2026-09-06/56-openroad-rcx/nom/asic_top.nom.spef line 3326349, net ANTENNA_i_soc.i_ai_sram.u_sram.gen_bank\[0\].gen_512.u_macro_dout1\[28\] not found.
[STA-1650] /home/blogic2026/final_jtag/repo/asic/run/RUN_final_2026-09-06/56-openroad-rcx/nom/asic_top.nom.spef line 3326366, net ANTENNA_i_soc.i_ai_sram.u_sram.gen_bank\[0\].gen_512.u_macro_dout1\[28\] not found.
[STA-1648] /home/blogic2026/final_jtag/repo/asic/run/RUN_final_2026-09-06/56-openroad-rcx/nom/asic_top.nom.spef line 3326376, instance ANTENNA_i_soc.i_ai_sram.u_sram.gen_bank\[0\].gen_512.u_macro_dout1\[29\] not found.
[STA-1650] /home/blogic2026/final_jtag/repo/asic/run/RUN_final_2026-09-06/56-openroad-rcx/nom/asic_top.nom.spef line 3326382, net ANTENNA_i_soc.i_ai_sram.u_sram.gen_bank\[0\].gen_512.u_macro_dout1\[29\] not found.
[STA-1650] /home/blogic2026/final_jtag/repo/asic/run/RUN_final_2026-09-06/56-openroad-rcx/nom/asic_top.nom.spef line 3326403, net ANTENNA_i_soc.i_ai_sram.u_sram.gen_bank\[0\].gen_512.u_macro_dout1\[29\] not found.
[STA-1648] /home/blogic2026/final_jtag/repo/asic/run/RUN_final_2026-09-06/56-openroad-rcx/nom/asic_top.nom.spef line 3326413, instance ANTENNA_i_soc.i_ai_sram.u_sram.gen_bank\[0\].gen_512.u_macro_dout1\[30\] not found.
[STA-1650] /home/blogic2026/final_jtag/repo/asic/run/RUN_final_2026-09-06/56-openroad-rcx/nom/asic_top.nom.spef line 3326419, net ANTENNA_i_soc.i_ai_sram.u_sram.gen_bank\[0\].gen_512.u_macro_dout1\[30\] not found.
[STA-1650] /home/blogic2026/final_jtag/repo/asic/run/RUN_final_2026-09-06/56-openroad-rcx/nom/asic_top.nom.spef line 3326433, net ANTENNA_i_soc.i_ai_sram.u_sram.gen_bank\[0\].gen_512.u_macro_dout1\[30\] not found.
[STA-1648] /home/blogic2026/final_jtag/repo/asic/run/RUN_final_2026-09-06/56-openroad-rcx/nom/asic_top.nom.spef line 3326443, instance ANTENNA_i_soc.i_ai_sram.u_sram.gen_bank\[0\].gen_512.u_macro_dout1\[31\] not found.
[STA-1650] /home/blogic2026/final_jtag/repo/asic/run/RUN_final_2026-09-06/56-openroad-rcx/nom/asic_top.nom.spef line 3326449, net ANTENNA_i_soc.i_ai_sram.u_sram.gen_bank\[0\].gen_512.u_macro_dout1\[31\] not found.
[STA-1650] /home/blogic2026/final_jtag/repo/asic/run/RUN_final_2026-09-06/56-openroad-rcx/nom/asic_top.nom.spef line 3326467, net ANTENNA_i_soc.i_ai_sram.u_sram.gen_bank\[0\].gen_512.u_macro_dout1\[31\] not found.
[STA-1648] /home/blogic2026/final_jtag/repo/asic/run/RUN_final_2026-09-06/56-openroad-rcx/nom/asic_top.nom.spef line 3327442, instance ANTENNA_i_soc.i_ai_sram.u_sram.gen_bank\[11\].gen_512.u_macro_dout1\[3\] not found.
[STA-1650] /home/blogic2026/final_jtag/repo/asic/run/RUN_final_2026-09-06/56-openroad-rcx/nom/asic_top.nom.spef line 3327448, net ANTENNA_i_soc.i_ai_sram.u_sram.gen_bank\[11\].gen_512.u_macro_dout1\[3\] not found.
[STA-1650] /home/blogic2026/final_jtag/repo/asic/run/RUN_final_2026-09-06/56-openroad-rcx/nom/asic_top.nom.spef line 3327454, net ANTENNA_i_soc.i_ai_sram.u_sram.gen_bank\[11\].gen_512.u_macro_dout1\[3\] not found.
[STA-1650] /home/blogic2026/final_jtag/repo/asic/run/RUN_final_2026-09-06/56-openroad-rcx/nom/asic_top.nom.spef line 3327455, net ANTENNA_i_soc.i_ai_sram.u_sram.gen_bank\[11\].gen_512.u_macro_dout1\[3\] not found.
[STA-1650] /home/blogic2026/final_jtag/repo/asic/run/RUN_final_2026-09-06/56-openroad-rcx/nom/asic_top.nom.spef line 3327485, net ANTENNA_i_soc.i_ai_sram.u_sram.gen_bank\[11\].gen_512.u_macro_dout1\[3\] not found.
[STA-1650] /home/blogic2026/final_jtag/repo/asic/run/RUN_final_2026-09-06/56-openroad-rcx/nom/asic_top.nom.spef line 3328138, net ANTENNA_i_soc.i_ai_sram.u_sram.gen_bank\[2\].gen_512.u_macro_din0\[28\] not found.
[STA-1650] /home/blogic2026/final_jtag/repo/asic/run/RUN_final_2026-09-06/56-openroad-rcx/nom/asic_top.nom.spef line 3328139, net ANTENNA_i_soc.i_ai_sram.u_sram.gen_bank\[2\].gen_512.u_macro_din0\[4\] not found.
[STA-1650] /home/blogic2026/final_jtag/repo/asic/run/RUN_final_2026-09-06/56-openroad-rcx/nom/asic_top.nom.spef line 3328140, net ANTENNA_i_soc.i_ai_sram.u_sram.gen_bank\[2\].gen_512.u_macro_din0\[5\] not found.
[STA-1650] /home/blogic2026/final_jtag/repo/asic/run/RUN_final_2026-09-06/56-openroad-rcx/nom/asic_top.nom.spef line 3329452, net ANTENNA_i_soc.i_ai_accel.u_input_mem_din0\[1\] not found.
[STA-1650] /home/blogic2026/final_jtag/repo/asic/run/RUN_final_2026-09-06/56-openroad-rcx/nom/asic_top.nom.spef line 4525959, net ANTENNA_i_soc.i_instr_sram.u_sram.gen_bank\[1\].gen_512.u_macro_din0\[31\] not found.
[STA-1648] /home/blogic2026/final_jtag/repo/asic/run/RUN_final_2026-09-06/56-openroad-rcx/nom/asic_top.nom.spef line 4531061, instance ANTENNA_i_soc.i_instr_sram.u_sram.gen_bank\[1\].gen_512.u_macro_din0\[0\] not found.
[STA-1648] /home/blogic2026/final_jtag/repo/asic/run/RUN_final_2026-09-06/56-openroad-rcx/nom/asic_top.nom.spef line 4531064, instance ANTENNA_i_soc.i_instr_sram.u_sram.gen_bank\[3\].gen_512.u_macro_din0\[0\] not found.
[STA-1648] /home/blogic2026/final_jtag/repo/asic/run/RUN_final_2026-09-06/56-openroad-rcx/nom/asic_top.nom.spef line 4531067, instance ANTENNA_i_soc.i_instr_sram.u_sram.gen_bank\[2\].gen_512.u_macro_din0\[0\] not found.
[STA-1648] /home/blogic2026/final_jtag/repo/asic/run/RUN_final_2026-09-06/56-openroad-rcx/nom/asic_top.nom.spef line 4531068, instance ANTENNA_i_soc.i_instr_sram.u_sram.gen_bank\[0\].gen_512.u_macro_din0\[0\] not found.
[STA-1650] /home/blogic2026/final_jtag/repo/asic/run/RUN_final_2026-09-06/56-openroad-rcx/nom/asic_top.nom.spef line 4531073, net ANTENNA_i_soc.i_instr_sram.u_sram.gen_bank\[1\].gen_512.u_macro_din0\[0\] not found.
[STA-1650] /home/blogic2026/final_jtag/repo/asic/run/RUN_final_2026-09-06/56-openroad-rcx/nom/asic_top.nom.spef line 4531076, net ANTENNA_i_soc.i_instr_sram.u_sram.gen_bank\[3\].gen_512.u_macro_din0\[0\] not found.
[STA-1650] /home/blogic2026/final_jtag/repo/asic/run/RUN_final_2026-09-06/56-openroad-rcx/nom/asic_top.nom.spef line 4531079, net ANTENNA_i_soc.i_instr_sram.u_sram.gen_bank\[2\].gen_512.u_macro_din0\[0\] not found.
[STA-1650] /home/blogic2026/final_jtag/repo/asic/run/RUN_final_2026-09-06/56-openroad-rcx/nom/asic_top.nom.spef line 4531080, net ANTENNA_i_soc.i_instr_sram.u_sram.gen_bank\[0\].gen_512.u_macro_din0\[0\] not found.
[STA-1650] /home/blogic2026/final_jtag/repo/asic/run/RUN_final_2026-09-06/56-openroad-rcx/nom/asic_top.nom.spef line 4531104, net ANTENNA_i_soc.i_instr_sram.u_sram.gen_bank\[2\].gen_512.u_macro_din0\[0\] not found.
[STA-1650] /home/blogic2026/final_jtag/repo/asic/run/RUN_final_2026-09-06/56-openroad-rcx/nom/asic_top.nom.spef line 4531105, net ANTENNA_i_soc.i_instr_sram.u_sram.gen_bank\[2\].gen_512.u_macro_din0\[0\] not found.
[STA-1650] /home/blogic2026/final_jtag/repo/asic/run/RUN_final_2026-09-06/56-openroad-rcx/nom/asic_top.nom.spef line 4531175, net ANTENNA_i_soc.i_instr_sram.u_sram.gen_bank\[0\].gen_512.u_macro_din0\[0\] not found.
[STA-1650] /home/blogic2026/final_jtag/repo/asic/run/RUN_final_2026-09-06/56-openroad-rcx/nom/asic_top.nom.spef line 4531184, net ANTENNA_i_soc.i_instr_sram.u_sram.gen_bank\[2\].gen_512.u_macro_din0\[0\] not found.
[STA-1650] /home/blogic2026/final_jtag/repo/asic/run/RUN_final_2026-09-06/56-openroad-rcx/nom/asic_top.nom.spef line 4531192, net ANTENNA_i_soc.i_instr_sram.u_sram.gen_bank\[3\].gen_512.u_macro_din0\[0\] not found.
[STA-1650] /home/blogic2026/final_jtag/repo/asic/run/RUN_final_2026-09-06/56-openroad-rcx/nom/asic_top.nom.spef line 4531195, net ANTENNA_i_soc.i_instr_sram.u_sram.gen_bank\[1\].gen_512.u_macro_din0\[0\] not found.
[STA-1648] /home/blogic2026/final_jtag/repo/asic/run/RUN_final_2026-09-06/56-openroad-rcx/nom/asic_top.nom.spef line 4531202, instance ANTENNA_i_soc.i_instr_sram.u_sram.gen_bank\[3\].gen_512.u_macro_din0\[10\] not found.
[STA-1648] /home/blogic2026/final_jtag/repo/asic/run/RUN_final_2026-09-06/56-openroad-rcx/nom/asic_top.nom.spef line 4531204, instance ANTENNA_i_soc.i_instr_sram.u_sram.gen_bank\[0\].gen_512.u_macro_din0\[10\] not found.
[STA-1648] /home/blogic2026/final_jtag/repo/asic/run/RUN_final_2026-09-06/56-openroad-rcx/nom/asic_top.nom.spef line 4531206, instance ANTENNA_i_soc.i_instr_sram.u_sram.gen_bank\[2\].gen_512.u_macro_din0\[10\] not found.
[STA-1648] /home/blogic2026/final_jtag/repo/asic/run/RUN_final_2026-09-06/56-openroad-rcx/nom/asic_top.nom.spef line 4531208, instance ANTENNA_i_soc.i_instr_sram.u_sram.gen_bank\[1\].gen_512.u_macro_din0\[10\] not found.
[STA-1650] /home/blogic2026/final_jtag/repo/asic/run/RUN_final_2026-09-06/56-openroad-rcx/nom/asic_top.nom.spef line 4531214, net ANTENNA_i_soc.i_instr_sram.u_sram.gen_bank\[3\].gen_512.u_macro_din0\[10\] not found.
[STA-1650] /home/blogic2026/final_jtag/repo/asic/run/RUN_final_2026-09-06/56-openroad-rcx/nom/asic_top.nom.spef line 4531216, net ANTENNA_i_soc.i_instr_sram.u_sram.gen_bank\[0\].gen_512.u_macro_din0\[10\] not found.
[STA-1650] /home/blogic2026/final_jtag/repo/asic/run/RUN_final_2026-09-06/56-openroad-rcx/nom/asic_top.nom.spef line 4531218, net ANTENNA_i_soc.i_instr_sram.u_sram.gen_bank\[2\].gen_512.u_macro_din0\[10\] not found.
[STA-1650] /home/blogic2026/final_jtag/repo/asic/run/RUN_final_2026-09-06/56-openroad-rcx/nom/asic_top.nom.spef line 4531220, net ANTENNA_i_soc.i_instr_sram.u_sram.gen_bank\[1\].gen_512.u_macro_din0\[10\] not found.
[STA-1650] /home/blogic2026/final_jtag/repo/asic/run/RUN_final_2026-09-06/56-openroad-rcx/nom/asic_top.nom.spef line 4531241, net ANTENNA_i_soc.i_instr_sram.u_sram.gen_bank\[1\].gen_512.u_macro_din0\[10\] not found.
[STA-1650] /home/blogic2026/final_jtag/repo/asic/run/RUN_final_2026-09-06/56-openroad-rcx/nom/asic_top.nom.spef line 4531242, net ANTENNA_i_soc.i_instr_sram.u_sram.gen_bank\[1\].gen_512.u_macro_din0\[10\] not found.
[STA-1650] /home/blogic2026/final_jtag/repo/asic/run/RUN_final_2026-09-06/56-openroad-rcx/nom/asic_top.nom.spef line 4531292, net ANTENNA_i_soc.i_instr_sram.u_sram.gen_bank\[1\].gen_512.u_macro_din0\[10\] not found.
[STA-1650] /home/blogic2026/final_jtag/repo/asic/run/RUN_final_2026-09-06/56-openroad-rcx/nom/asic_top.nom.spef line 4531293, net ANTENNA_i_soc.i_instr_sram.u_sram.gen_bank\[1\].gen_512.u_macro_din0\[10\] not found.
[STA-1650] /home/blogic2026/final_jtag/repo/asic/run/RUN_final_2026-09-06/56-openroad-rcx/nom/asic_top.nom.spef line 4531295, net ANTENNA_i_soc.i_instr_sram.u_sram.gen_bank\[1\].gen_512.u_macro_din0\[10\] not found.
[STA-1650] /home/blogic2026/final_jtag/repo/asic/run/RUN_final_2026-09-06/56-openroad-rcx/nom/asic_top.nom.spef line 4531305, net ANTENNA_i_soc.i_instr_sram.u_sram.gen_bank\[1\].gen_512.u_macro_din0\[10\] not found.
[STA-1650] /home/blogic2026/final_jtag/repo/asic/run/RUN_final_2026-09-06/56-openroad-rcx/nom/asic_top.nom.spef line 4531307, net ANTENNA_i_soc.i_instr_sram.u_sram.gen_bank\[1\].gen_512.u_macro_din0\[10\] not found.
[STA-1650] /home/blogic2026/final_jtag/repo/asic/run/RUN_final_2026-09-06/56-openroad-rcx/nom/asic_top.nom.spef line 4531317, net ANTENNA_i_soc.i_instr_sram.u_sram.gen_bank\[2\].gen_512.u_macro_din0\[10\] not found.
[STA-1650] /home/blogic2026/final_jtag/repo/asic/run/RUN_final_2026-09-06/56-openroad-rcx/nom/asic_top.nom.spef line 4531320, net ANTENNA_i_soc.i_instr_sram.u_sram.gen_bank\[0\].gen_512.u_macro_din0\[10\] not found.
[STA-1650] /home/blogic2026/final_jtag/repo/asic/run/RUN_final_2026-09-06/56-openroad-rcx/nom/asic_top.nom.spef line 4531327, net ANTENNA_i_soc.i_instr_sram.u_sram.gen_bank\[3\].gen_512.u_macro_din0\[10\] not found.
[STA-1648] /home/blogic2026/final_jtag/repo/asic/run/RUN_final_2026-09-06/56-openroad-rcx/nom/asic_top.nom.spef line 4531335, instance ANTENNA_i_soc.i_instr_sram.u_sram.gen_bank\[3\].gen_512.u_macro_din0\[11\] not found.
[STA-1648] /home/blogic2026/final_jtag/repo/asic/run/RUN_final_2026-09-06/56-openroad-rcx/nom/asic_top.nom.spef line 4531337, instance ANTENNA_i_soc.i_instr_sram.u_sram.gen_bank\[0\].gen_512.u_macro_din0\[11\] not found.
[STA-1648] /home/blogic2026/final_jtag/repo/asic/run/RUN_final_2026-09-06/56-openroad-rcx/nom/asic_top.nom.spef line 4531338, instance ANTENNA_i_soc.i_instr_sram.u_sram.gen_bank\[2\].gen_512.u_macro_din0\[11\] not found.
[STA-1648] /home/blogic2026/final_jtag/repo/asic/run/RUN_final_2026-09-06/56-openroad-rcx/nom/asic_top.nom.spef line 4531341, instance ANTENNA_i_soc.i_instr_sram.u_sram.gen_bank\[1\].gen_512.u_macro_din0\[11\] not found.
[STA-1650] /home/blogic2026/final_jtag/repo/asic/run/RUN_final_2026-09-06/56-openroad-rcx/nom/asic_top.nom.spef line 4531347, net ANTENNA_i_soc.i_instr_sram.u_sram.gen_bank\[3\].gen_512.u_macro_din0\[11\] not found.
[STA-1650] /home/blogic2026/final_jtag/repo/asic/run/RUN_final_2026-09-06/56-openroad-rcx/nom/asic_top.nom.spef line 4531349, net ANTENNA_i_soc.i_instr_sram.u_sram.gen_bank\[0\].gen_512.u_macro_din0\[11\] not found.
[STA-1650] /home/blogic2026/final_jtag/repo/asic/run/RUN_final_2026-09-06/56-openroad-rcx/nom/asic_top.nom.spef line 4531350, net ANTENNA_i_soc.i_instr_sram.u_sram.gen_bank\[2\].gen_512.u_macro_din0\[11\] not found.
[STA-1650] /home/blogic2026/final_jtag/repo/asic/run/RUN_final_2026-09-06/56-openroad-rcx/nom/asic_top.nom.spef line 4531353, net ANTENNA_i_soc.i_instr_sram.u_sram.gen_bank\[1\].gen_512.u_macro_din0\[11\] not found.
[STA-1650] /home/blogic2026/final_jtag/repo/asic/run/RUN_final_2026-09-06/56-openroad-rcx/nom/asic_top.nom.spef line 4531373, net ANTENNA_i_soc.i_instr_sram.u_sram.gen_bank\[0\].gen_512.u_macro_din0\[11\] not found.
[STA-1650] /home/blogic2026/final_jtag/repo/asic/run/RUN_final_2026-09-06/56-openroad-rcx/nom/asic_top.nom.spef line 4531374, net ANTENNA_i_soc.i_instr_sram.u_sram.gen_bank\[0\].gen_512.u_macro_din0\[11\] not found.
[STA-1650] /home/blogic2026/final_jtag/repo/asic/run/RUN_final_2026-09-06/56-openroad-rcx/nom/asic_top.nom.spef line 4531375, net ANTENNA_i_soc.i_instr_sram.u_sram.gen_bank\[1\].gen_512.u_macro_din0\[11\] not found.
[STA-1650] /home/blogic2026/final_jtag/repo/asic/run/RUN_final_2026-09-06/56-openroad-rcx/nom/asic_top.nom.spef line 4531376, net ANTENNA_i_soc.i_instr_sram.u_sram.gen_bank\[1\].gen_512.u_macro_din0\[11\] not found.
[STA-1650] /home/blogic2026/final_jtag/repo/asic/run/RUN_final_2026-09-06/56-openroad-rcx/nom/asic_top.nom.spef line 4531432, net ANTENNA_i_soc.i_instr_sram.u_sram.gen_bank\[1\].gen_512.u_macro_din0\[11\] not found.
[STA-1650] /home/blogic2026/final_jtag/repo/asic/run/RUN_final_2026-09-06/56-openroad-rcx/nom/asic_top.nom.spef line 4531434, net ANTENNA_i_soc.i_instr_sram.u_sram.gen_bank\[1\].gen_512.u_macro_din0\[11\] not found.
[STA-1650] /home/blogic2026/final_jtag/repo/asic/run/RUN_final_2026-09-06/56-openroad-rcx/nom/asic_top.nom.spef line 4531445, net ANTENNA_i_soc.i_instr_sram.u_sram.gen_bank\[2\].gen_512.u_macro_din0\[11\] not found.
[STA-1650] /home/blogic2026/final_jtag/repo/asic/run/RUN_final_2026-09-06/56-openroad-rcx/nom/asic_top.nom.spef line 4531447, net ANTENNA_i_soc.i_instr_sram.u_sram.gen_bank\[0\].gen_512.u_macro_din0\[11\] not found.
[STA-1650] /home/blogic2026/final_jtag/repo/asic/run/RUN_final_2026-09-06/56-openroad-rcx/nom/asic_top.nom.spef line 4531454, net ANTENNA_i_soc.i_instr_sram.u_sram.gen_bank\[3\].gen_512.u_macro_din0\[11\] not found.
[STA-1648] /home/blogic2026/final_jtag/repo/asic/run/RUN_final_2026-09-06/56-openroad-rcx/nom/asic_top.nom.spef line 4531461, instance ANTENNA_i_soc.i_instr_sram.u_sram.gen_bank\[1\].gen_512.u_macro_din0\[12\] not found.
[STA-1648] /home/blogic2026/final_jtag/repo/asic/run/RUN_final_2026-09-06/56-openroad-rcx/nom/asic_top.nom.spef line 4531464, instance ANTENNA_i_soc.i_instr_sram.u_sram.gen_bank\[3\].gen_512.u_macro_din0\[12\] not found.
[STA-1648] /home/blogic2026/final_jtag/repo/asic/run/RUN_final_2026-09-06/56-openroad-rcx/nom/asic_top.nom.spef line 4531466, instance ANTENNA_i_soc.i_instr_sram.u_sram.gen_bank\[0\].gen_512.u_macro_din0\[12\] not found.
[STA-1648] /home/blogic2026/final_jtag/repo/asic/run/RUN_final_2026-09-06/56-openroad-rcx/nom/asic_top.nom.spef line 4531468, instance ANTENNA_i_soc.i_instr_sram.u_sram.gen_bank\[2\].gen_512.u_macro_din0\[12\] not found.
[STA-1650] /home/blogic2026/final_jtag/repo/asic/run/RUN_final_2026-09-06/56-openroad-rcx/nom/asic_top.nom.spef line 4531473, net ANTENNA_i_soc.i_instr_sram.u_sram.gen_bank\[1\].gen_512.u_macro_din0\[12\] not found.
[STA-1650] /home/blogic2026/final_jtag/repo/asic/run/RUN_final_2026-09-06/56-openroad-rcx/nom/asic_top.nom.spef line 4531476, net ANTENNA_i_soc.i_instr_sram.u_sram.gen_bank\[3\].gen_512.u_macro_din0\[12\] not found.
[STA-1650] /home/blogic2026/final_jtag/repo/asic/run/RUN_final_2026-09-06/56-openroad-rcx/nom/asic_top.nom.spef line 4531478, net ANTENNA_i_soc.i_instr_sram.u_sram.gen_bank\[0\].gen_512.u_macro_din0\[12\] not found.
[STA-1650] /home/blogic2026/final_jtag/repo/asic/run/RUN_final_2026-09-06/56-openroad-rcx/nom/asic_top.nom.spef line 4531480, net ANTENNA_i_soc.i_instr_sram.u_sram.gen_bank\[2\].gen_512.u_macro_din0\[12\] not found.
[STA-1650] /home/blogic2026/final_jtag/repo/asic/run/RUN_final_2026-09-06/56-openroad-rcx/nom/asic_top.nom.spef line 4531505, net ANTENNA_i_soc.i_instr_sram.u_sram.gen_bank\[2\].gen_512.u_macro_din0\[12\] not found.
[STA-1650] /home/blogic2026/final_jtag/repo/asic/run/RUN_final_2026-09-06/56-openroad-rcx/nom/asic_top.nom.spef line 4531585, net ANTENNA_i_soc.i_instr_sram.u_sram.gen_bank\[2\].gen_512.u_macro_din0\[12\] not found.
[STA-1650] /home/blogic2026/final_jtag/repo/asic/run/RUN_final_2026-09-06/56-openroad-rcx/nom/asic_top.nom.spef line 4531588, net ANTENNA_i_soc.i_instr_sram.u_sram.gen_bank\[0\].gen_512.u_macro_din0\[12\] not found.
[STA-1650] /home/blogic2026/final_jtag/repo/asic/run/RUN_final_2026-09-06/56-openroad-rcx/nom/asic_top.nom.spef line 4531596, net ANTENNA_i_soc.i_instr_sram.u_sram.gen_bank\[3\].gen_512.u_macro_din0\[12\] not found.
[STA-1650] /home/blogic2026/final_jtag/repo/asic/run/RUN_final_2026-09-06/56-openroad-rcx/nom/asic_top.nom.spef line 4531599, net ANTENNA_i_soc.i_instr_sram.u_sram.gen_bank\[1\].gen_512.u_macro_din0\[12\] not found.
[STA-1648] /home/blogic2026/final_jtag/repo/asic/run/RUN_final_2026-09-06/56-openroad-rcx/nom/asic_top.nom.spef line 4531607, instance ANTENNA_i_soc.i_instr_sram.u_sram.gen_bank\[3\].gen_512.u_macro_din0\[13\] not found.
[STA-1648] /home/blogic2026/final_jtag/repo/asic/run/RUN_final_2026-09-06/56-openroad-rcx/nom/asic_top.nom.spef line 4531609, instance ANTENNA_i_soc.i_instr_sram.u_sram.gen_bank\[0\].gen_512.u_macro_din0\[13\] not found.
[STA-1648] /home/blogic2026/final_jtag/repo/asic/run/RUN_final_2026-09-06/56-openroad-rcx/nom/asic_top.nom.spef line 4531611, instance ANTENNA_i_soc.i_instr_sram.u_sram.gen_bank\[2\].gen_512.u_macro_din0\[13\] not found.
[STA-1648] /home/blogic2026/final_jtag/repo/asic/run/RUN_final_2026-09-06/56-openroad-rcx/nom/asic_top.nom.spef line 4531612, instance ANTENNA_i_soc.i_instr_sram.u_sram.gen_bank\[1\].gen_512.u_macro_din0\[13\] not found.
[STA-1650] /home/blogic2026/final_jtag/repo/asic/run/RUN_final_2026-09-06/56-openroad-rcx/nom/asic_top.nom.spef line 4531619, net ANTENNA_i_soc.i_instr_sram.u_sram.gen_bank\[3\].gen_512.u_macro_din0\[13\] not found.
[STA-1650] /home/blogic2026/final_jtag/repo/asic/run/RUN_final_2026-09-06/56-openroad-rcx/nom/asic_top.nom.spef line 4531621, net ANTENNA_i_soc.i_instr_sram.u_sram.gen_bank\[0\].gen_512.u_macro_din0\[13\] not found.
[STA-1650] /home/blogic2026/final_jtag/repo/asic/run/RUN_final_2026-09-06/56-openroad-rcx/nom/asic_top.nom.spef line 4531623, net ANTENNA_i_soc.i_instr_sram.u_sram.gen_bank\[2\].gen_512.u_macro_din0\[13\] not found.
[STA-1650] /home/blogic2026/final_jtag/repo/asic/run/RUN_final_2026-09-06/56-openroad-rcx/nom/asic_top.nom.spef line 4531624, net ANTENNA_i_soc.i_instr_sram.u_sram.gen_bank\[1\].gen_512.u_macro_din0\[13\] not found.
[STA-1650] /home/blogic2026/final_jtag/repo/asic/run/RUN_final_2026-09-06/56-openroad-rcx/nom/asic_top.nom.spef line 4531649, net ANTENNA_i_soc.i_instr_sram.u_sram.gen_bank\[1\].gen_512.u_macro_din0\[13\] not found.
[STA-1650] /home/blogic2026/final_jtag/repo/asic/run/RUN_final_2026-09-06/56-openroad-rcx/nom/asic_top.nom.spef line 4531674, net ANTENNA_i_soc.i_instr_sram.u_sram.gen_bank\[1\].gen_512.u_macro_din0\[7\] not found.
[STA-1650] /home/blogic2026/final_jtag/repo/asic/run/RUN_final_2026-09-06/56-openroad-rcx/nom/asic_top.nom.spef line 4531675, net ANTENNA_i_soc.i_instr_sram.u_sram.gen_bank\[1\].gen_512.u_macro_din0\[8\] not found.
[STA-1650] /home/blogic2026/final_jtag/repo/asic/run/RUN_final_2026-09-06/56-openroad-rcx/nom/asic_top.nom.spef line 4531722, net ANTENNA_i_soc.i_instr_sram.u_sram.gen_bank\[1\].gen_512.u_macro_din0\[13\] not found.
[STA-1650] /home/blogic2026/final_jtag/repo/asic/run/RUN_final_2026-09-06/56-openroad-rcx/nom/asic_top.nom.spef line 4531737, net ANTENNA_i_soc.i_instr_sram.u_sram.gen_bank\[2\].gen_512.u_macro_din0\[13\] not found.
[STA-1650] /home/blogic2026/final_jtag/repo/asic/run/RUN_final_2026-09-06/56-openroad-rcx/nom/asic_top.nom.spef line 4531740, net ANTENNA_i_soc.i_instr_sram.u_sram.gen_bank\[0\].gen_512.u_macro_din0\[13\] not found.
[STA-1650] /home/blogic2026/final_jtag/repo/asic/run/RUN_final_2026-09-06/56-openroad-rcx/nom/asic_top.nom.spef line 4531747, net ANTENNA_i_soc.i_instr_sram.u_sram.gen_bank\[3\].gen_512.u_macro_din0\[13\] not found.
[STA-1648] /home/blogic2026/final_jtag/repo/asic/run/RUN_final_2026-09-06/56-openroad-rcx/nom/asic_top.nom.spef line 4531757, instance ANTENNA_i_soc.i_instr_sram.u_sram.gen_bank\[3\].gen_512.u_macro_din0\[14\] not found.
[STA-1648] /home/blogic2026/final_jtag/repo/asic/run/RUN_final_2026-09-06/56-openroad-rcx/nom/asic_top.nom.spef line 4531759, instance ANTENNA_i_soc.i_instr_sram.u_sram.gen_bank\[0\].gen_512.u_macro_din0\[14\] not found.
[STA-1648] /home/blogic2026/final_jtag/repo/asic/run/RUN_final_2026-09-06/56-openroad-rcx/nom/asic_top.nom.spef line 4531761, instance ANTENNA_i_soc.i_instr_sram.u_sram.gen_bank\[2\].gen_512.u_macro_din0\[14\] not found.
[STA-1648] /home/blogic2026/final_jtag/repo/asic/run/RUN_final_2026-09-06/56-openroad-rcx/nom/asic_top.nom.spef line 4531762, instance ANTENNA_i_soc.i_instr_sram.u_sram.gen_bank\[1\].gen_512.u_macro_din0\[14\] not found.
[STA-1650] /home/blogic2026/final_jtag/repo/asic/run/RUN_final_2026-09-06/56-openroad-rcx/nom/asic_top.nom.spef line 4531769, net ANTENNA_i_soc.i_instr_sram.u_sram.gen_bank\[3\].gen_512.u_macro_din0\[14\] not found.
[STA-1650] /home/blogic2026/final_jtag/repo/asic/run/RUN_final_2026-09-06/56-openroad-rcx/nom/asic_top.nom.spef line 4531771, net ANTENNA_i_soc.i_instr_sram.u_sram.gen_bank\[0\].gen_512.u_macro_din0\[14\] not found.
[STA-1650] /home/blogic2026/final_jtag/repo/asic/run/RUN_final_2026-09-06/56-openroad-rcx/nom/asic_top.nom.spef line 4531773, net ANTENNA_i_soc.i_instr_sram.u_sram.gen_bank\[2\].gen_512.u_macro_din0\[14\] not found.
[STA-1650] /home/blogic2026/final_jtag/repo/asic/run/RUN_final_2026-09-06/56-openroad-rcx/nom/asic_top.nom.spef line 4531774, net ANTENNA_i_soc.i_instr_sram.u_sram.gen_bank\[1\].gen_512.u_macro_din0\[14\] not found.
[STA-1650] /home/blogic2026/final_jtag/repo/asic/run/RUN_final_2026-09-06/56-openroad-rcx/nom/asic_top.nom.spef line 4531797, net ANTENNA_i_soc.i_instr_sram.u_sram.gen_bank\[1\].gen_512.u_macro_din0\[14\] not found.
[STA-1650] /home/blogic2026/final_jtag/repo/asic/run/RUN_final_2026-09-06/56-openroad-rcx/nom/asic_top.nom.spef line 4531798, net ANTENNA_i_soc.i_instr_sram.u_sram.gen_bank\[1\].gen_512.u_macro_din0\[14\] not found.
[STA-1650] /home/blogic2026/final_jtag/repo/asic/run/RUN_final_2026-09-06/56-openroad-rcx/nom/asic_top.nom.spef line 4531854, net ANTENNA_i_soc.i_instr_sram.u_sram.gen_bank\[1\].gen_512.u_macro_din0\[14\] not found.
[STA-1650] /home/blogic2026/final_jtag/repo/asic/run/RUN_final_2026-09-06/56-openroad-rcx/nom/asic_top.nom.spef line 4531866, net ANTENNA_i_soc.i_instr_sram.u_sram.gen_bank\[2\].gen_512.u_macro_din0\[14\] not found.
[STA-1650] /home/blogic2026/final_jtag/repo/asic/run/RUN_final_2026-09-06/56-openroad-rcx/nom/asic_top.nom.spef line 4531869, net ANTENNA_i_soc.i_instr_sram.u_sram.gen_bank\[0\].gen_512.u_macro_din0\[14\] not found.
[STA-1650] /home/blogic2026/final_jtag/repo/asic/run/RUN_final_2026-09-06/56-openroad-rcx/nom/asic_top.nom.spef line 4531876, net ANTENNA_i_soc.i_instr_sram.u_sram.gen_bank\[3\].gen_512.u_macro_din0\[14\] not found.
[STA-1648] /home/blogic2026/final_jtag/repo/asic/run/RUN_final_2026-09-06/56-openroad-rcx/nom/asic_top.nom.spef line 4531885, instance ANTENNA_i_soc.i_instr_sram.u_sram.gen_bank\[3\].gen_512.u_macro_din0\[15\] not found.
[STA-1648] /home/blogic2026/final_jtag/repo/asic/run/RUN_final_2026-09-06/56-openroad-rcx/nom/asic_top.nom.spef line 4531889, instance ANTENNA_i_soc.i_instr_sram.u_sram.gen_bank\[2\].gen_512.u_macro_din0\[15\] not found.
[STA-1648] /home/blogic2026/final_jtag/repo/asic/run/RUN_final_2026-09-06/56-openroad-rcx/nom/asic_top.nom.spef line 4531890, instance ANTENNA_i_soc.i_instr_sram.u_sram.gen_bank\[0\].gen_512.u_macro_din0\[15\] not found.
[STA-1648] /home/blogic2026/final_jtag/repo/asic/run/RUN_final_2026-09-06/56-openroad-rcx/nom/asic_top.nom.spef line 4531891, instance ANTENNA_i_soc.i_instr_sram.u_sram.gen_bank\[1\].gen_512.u_macro_din0\[15\] not found.
[STA-1650] /home/blogic2026/final_jtag/repo/asic/run/RUN_final_2026-09-06/56-openroad-rcx/nom/asic_top.nom.spef line 4531897, net ANTENNA_i_soc.i_instr_sram.u_sram.gen_bank\[3\].gen_512.u_macro_din0\[15\] not found.
[STA-1650] /home/blogic2026/final_jtag/repo/asic/run/RUN_final_2026-09-06/56-openroad-rcx/nom/asic_top.nom.spef line 4531901, net ANTENNA_i_soc.i_instr_sram.u_sram.gen_bank\[2\].gen_512.u_macro_din0\[15\] not found.
[STA-1650] /home/blogic2026/final_jtag/repo/asic/run/RUN_final_2026-09-06/56-openroad-rcx/nom/asic_top.nom.spef line 4531902, net ANTENNA_i_soc.i_instr_sram.u_sram.gen_bank\[0\].gen_512.u_macro_din0\[15\] not found.
[STA-1650] /home/blogic2026/final_jtag/repo/asic/run/RUN_final_2026-09-06/56-openroad-rcx/nom/asic_top.nom.spef line 4531903, net ANTENNA_i_soc.i_instr_sram.u_sram.gen_bank\[1\].gen_512.u_macro_din0\[15\] not found.
[STA-1650] /home/blogic2026/final_jtag/repo/asic/run/RUN_final_2026-09-06/56-openroad-rcx/nom/asic_top.nom.spef line 4531926, net ANTENNA_i_soc.i_instr_sram.u_sram.gen_bank\[1\].gen_512.u_macro_din0\[15\] not found.
[STA-1650] /home/blogic2026/final_jtag/repo/asic/run/RUN_final_2026-09-06/56-openroad-rcx/nom/asic_top.nom.spef line 4531927, net ANTENNA_i_soc.i_instr_sram.u_sram.gen_bank\[3\].gen_512.u_macro_din0\[15\] not found.
[STA-1650] /home/blogic2026/final_jtag/repo/asic/run/RUN_final_2026-09-06/56-openroad-rcx/nom/asic_top.nom.spef line 4531996, net ANTENNA_i_soc.i_instr_sram.u_sram.gen_bank\[1\].gen_512.u_macro_din0\[15\] not found.
[STA-1650] /home/blogic2026/final_jtag/repo/asic/run/RUN_final_2026-09-06/56-openroad-rcx/nom/asic_top.nom.spef line 4532003, net ANTENNA_i_soc.i_instr_sram.u_sram.gen_bank\[0\].gen_512.u_macro_din0\[15\] not found.
[STA-1650] /home/blogic2026/final_jtag/repo/asic/run/RUN_final_2026-09-06/56-openroad-rcx/nom/asic_top.nom.spef line 4532011, net ANTENNA_i_soc.i_instr_sram.u_sram.gen_bank\[2\].gen_512.u_macro_din0\[15\] not found.
[STA-1650] /home/blogic2026/final_jtag/repo/asic/run/RUN_final_2026-09-06/56-openroad-rcx/nom/asic_top.nom.spef line 4532020, net ANTENNA_i_soc.i_instr_sram.u_sram.gen_bank\[3\].gen_512.u_macro_din0\[15\] not found.
[STA-1648] /home/blogic2026/final_jtag/repo/asic/run/RUN_final_2026-09-06/56-openroad-rcx/nom/asic_top.nom.spef line 4532028, instance ANTENNA_i_soc.i_instr_sram.u_sram.gen_bank\[3\].gen_512.u_macro_din0\[16\] not found.
[STA-1648] /home/blogic2026/final_jtag/repo/asic/run/RUN_final_2026-09-06/56-openroad-rcx/nom/asic_top.nom.spef line 4532031, instance ANTENNA_i_soc.i_instr_sram.u_sram.gen_bank\[0\].gen_512.u_macro_din0\[16\] not found.
[STA-1648] /home/blogic2026/final_jtag/repo/asic/run/RUN_final_2026-09-06/56-openroad-rcx/nom/asic_top.nom.spef line 4532033, instance ANTENNA_i_soc.i_instr_sram.u_sram.gen_bank\[2\].gen_512.u_macro_din0\[16\] not found.
[STA-1648] /home/blogic2026/final_jtag/repo/asic/run/RUN_final_2026-09-06/56-openroad-rcx/nom/asic_top.nom.spef line 4532034, instance ANTENNA_i_soc.i_instr_sram.u_sram.gen_bank\[1\].gen_512.u_macro_din0\[16\] not found.
[STA-1650] /home/blogic2026/final_jtag/repo/asic/run/RUN_final_2026-09-06/56-openroad-rcx/nom/asic_top.nom.spef line 4532040, net ANTENNA_i_soc.i_instr_sram.u_sram.gen_bank\[3\].gen_512.u_macro_din0\[16\] not found.
[STA-1650] /home/blogic2026/final_jtag/repo/asic/run/RUN_final_2026-09-06/56-openroad-rcx/nom/asic_top.nom.spef line 4532043, net ANTENNA_i_soc.i_instr_sram.u_sram.gen_bank\[0\].gen_512.u_macro_din0\[16\] not found.
[STA-1650] /home/blogic2026/final_jtag/repo/asic/run/RUN_final_2026-09-06/56-openroad-rcx/nom/asic_top.nom.spef line 4532045, net ANTENNA_i_soc.i_instr_sram.u_sram.gen_bank\[2\].gen_512.u_macro_din0\[16\] not found.
[STA-1650] /home/blogic2026/final_jtag/repo/asic/run/RUN_final_2026-09-06/56-openroad-rcx/nom/asic_top.nom.spef line 4532046, net ANTENNA_i_soc.i_instr_sram.u_sram.gen_bank\[1\].gen_512.u_macro_din0\[16\] not found.
[STA-1650] /home/blogic2026/final_jtag/repo/asic/run/RUN_final_2026-09-06/56-openroad-rcx/nom/asic_top.nom.spef line 4532103, net ANTENNA_i_soc.i_instr_sram.u_sram.gen_bank\[3\].gen_512.u_macro_din0\[9\] not found.
[STA-1650] /home/blogic2026/final_jtag/repo/asic/run/RUN_final_2026-09-06/56-openroad-rcx/nom/asic_top.nom.spef line 4532163, net ANTENNA_i_soc.i_instr_sram.u_sram.gen_bank\[1\].gen_512.u_macro_din0\[16\] not found.
[STA-1650] /home/blogic2026/final_jtag/repo/asic/run/RUN_final_2026-09-06/56-openroad-rcx/nom/asic_top.nom.spef line 4532179, net ANTENNA_i_soc.i_instr_sram.u_sram.gen_bank\[2\].gen_512.u_macro_din0\[16\] not found.
[STA-1650] /home/blogic2026/final_jtag/repo/asic/run/RUN_final_2026-09-06/56-openroad-rcx/nom/asic_top.nom.spef line 4532181, net ANTENNA_i_soc.i_instr_sram.u_sram.gen_bank\[0\].gen_512.u_macro_din0\[16\] not found.
[STA-1650] /home/blogic2026/final_jtag/repo/asic/run/RUN_final_2026-09-06/56-openroad-rcx/nom/asic_top.nom.spef line 4532186, net ANTENNA_i_soc.i_instr_sram.u_sram.gen_bank\[3\].gen_512.u_macro_din0\[16\] not found.
[STA-1648] /home/blogic2026/final_jtag/repo/asic/run/RUN_final_2026-09-06/56-openroad-rcx/nom/asic_top.nom.spef line 4532194, instance ANTENNA_i_soc.i_instr_sram.u_sram.gen_bank\[3\].gen_512.u_macro_din0\[17\] not found.
[STA-1648] /home/blogic2026/final_jtag/repo/asic/run/RUN_final_2026-09-06/56-openroad-rcx/nom/asic_top.nom.spef line 4532196, instance ANTENNA_i_soc.i_instr_sram.u_sram.gen_bank\[0\].gen_512.u_macro_din0\[17\] not found.
[STA-1648] /home/blogic2026/final_jtag/repo/asic/run/RUN_final_2026-09-06/56-openroad-rcx/nom/asic_top.nom.spef line 4532198, instance ANTENNA_i_soc.i_instr_sram.u_sram.gen_bank\[2\].gen_512.u_macro_din0\[17\] not found.
[STA-1648] /home/blogic2026/final_jtag/repo/asic/run/RUN_final_2026-09-06/56-openroad-rcx/nom/asic_top.nom.spef line 4532200, instance ANTENNA_i_soc.i_instr_sram.u_sram.gen_bank\[1\].gen_512.u_macro_din0\[17\] not found.
[STA-1650] /home/blogic2026/final_jtag/repo/asic/run/RUN_final_2026-09-06/56-openroad-rcx/nom/asic_top.nom.spef line 4532206, net ANTENNA_i_soc.i_instr_sram.u_sram.gen_bank\[3\].gen_512.u_macro_din0\[17\] not found.
[STA-1650] /home/blogic2026/final_jtag/repo/asic/run/RUN_final_2026-09-06/56-openroad-rcx/nom/asic_top.nom.spef line 4532208, net ANTENNA_i_soc.i_instr_sram.u_sram.gen_bank\[0\].gen_512.u_macro_din0\[17\] not found.
[STA-1650] /home/blogic2026/final_jtag/repo/asic/run/RUN_final_2026-09-06/56-openroad-rcx/nom/asic_top.nom.spef line 4532210, net ANTENNA_i_soc.i_instr_sram.u_sram.gen_bank\[2\].gen_512.u_macro_din0\[17\] not found.
[STA-1650] /home/blogic2026/final_jtag/repo/asic/run/RUN_final_2026-09-06/56-openroad-rcx/nom/asic_top.nom.spef line 4532212, net ANTENNA_i_soc.i_instr_sram.u_sram.gen_bank\[1\].gen_512.u_macro_din0\[17\] not found.
[STA-1650] /home/blogic2026/final_jtag/repo/asic/run/RUN_final_2026-09-06/56-openroad-rcx/nom/asic_top.nom.spef line 4532236, net ANTENNA_i_soc.i_instr_sram.u_sram.gen_bank\[1\].gen_512.u_macro_din0\[17\] not found.
[STA-1650] /home/blogic2026/final_jtag/repo/asic/run/RUN_final_2026-09-06/56-openroad-rcx/nom/asic_top.nom.spef line 4532237, net ANTENNA_i_soc.i_instr_sram.u_sram.gen_bank\[1\].gen_512.u_macro_din0\[17\] not found.
[STA-1650] /home/blogic2026/final_jtag/repo/asic/run/RUN_final_2026-09-06/56-openroad-rcx/nom/asic_top.nom.spef line 4532295, net ANTENNA_i_soc.i_instr_sram.u_sram.gen_bank\[1\].gen_512.u_macro_din0\[17\] not found.
[STA-1650] /home/blogic2026/final_jtag/repo/asic/run/RUN_final_2026-09-06/56-openroad-rcx/nom/asic_top.nom.spef line 4532297, net ANTENNA_i_soc.i_instr_sram.u_sram.gen_bank\[1\].gen_512.u_macro_din0\[17\] not found.
[STA-1650] /home/blogic2026/final_jtag/repo/asic/run/RUN_final_2026-09-06/56-openroad-rcx/nom/asic_top.nom.spef line 4532310, net ANTENNA_i_soc.i_instr_sram.u_sram.gen_bank\[2\].gen_512.u_macro_din0\[17\] not found.
[STA-1650] /home/blogic2026/final_jtag/repo/asic/run/RUN_final_2026-09-06/56-openroad-rcx/nom/asic_top.nom.spef line 4532313, net ANTENNA_i_soc.i_instr_sram.u_sram.gen_bank\[0\].gen_512.u_macro_din0\[17\] not found.
[STA-1650] /home/blogic2026/final_jtag/repo/asic/run/RUN_final_2026-09-06/56-openroad-rcx/nom/asic_top.nom.spef line 4532319, net ANTENNA_i_soc.i_instr_sram.u_sram.gen_bank\[3\].gen_512.u_macro_din0\[17\] not found.
[STA-1648] /home/blogic2026/final_jtag/repo/asic/run/RUN_final_2026-09-06/56-openroad-rcx/nom/asic_top.nom.spef line 4532327, instance ANTENNA_i_soc.i_instr_sram.u_sram.gen_bank\[1\].gen_512.u_macro_din0\[18\] not found.
[STA-1648] /home/blogic2026/final_jtag/repo/asic/run/RUN_final_2026-09-06/56-openroad-rcx/nom/asic_top.nom.spef line 4532329, instance ANTENNA_i_soc.i_instr_sram.u_sram.gen_bank\[3\].gen_512.u_macro_din0\[18\] not found.
[STA-1648] /home/blogic2026/final_jtag/repo/asic/run/RUN_final_2026-09-06/56-openroad-rcx/nom/asic_top.nom.spef line 4532331, instance ANTENNA_i_soc.i_instr_sram.u_sram.gen_bank\[0\].gen_512.u_macro_din0\[18\] not found.
[STA-1648] /home/blogic2026/final_jtag/repo/asic/run/RUN_final_2026-09-06/56-openroad-rcx/nom/asic_top.nom.spef line 4532333, instance ANTENNA_i_soc.i_instr_sram.u_sram.gen_bank\[2\].gen_512.u_macro_din0\[18\] not found.
[STA-1650] /home/blogic2026/final_jtag/repo/asic/run/RUN_final_2026-09-06/56-openroad-rcx/nom/asic_top.nom.spef line 4532339, net ANTENNA_i_soc.i_instr_sram.u_sram.gen_bank\[1\].gen_512.u_macro_din0\[18\] not found.
[STA-1650] /home/blogic2026/final_jtag/repo/asic/run/RUN_final_2026-09-06/56-openroad-rcx/nom/asic_top.nom.spef line 4532341, net ANTENNA_i_soc.i_instr_sram.u_sram.gen_bank\[3\].gen_512.u_macro_din0\[18\] not found.
[STA-1650] /home/blogic2026/final_jtag/repo/asic/run/RUN_final_2026-09-06/56-openroad-rcx/nom/asic_top.nom.spef line 4532343, net ANTENNA_i_soc.i_instr_sram.u_sram.gen_bank\[0\].gen_512.u_macro_din0\[18\] not found.
[STA-1650] /home/blogic2026/final_jtag/repo/asic/run/RUN_final_2026-09-06/56-openroad-rcx/nom/asic_top.nom.spef line 4532345, net ANTENNA_i_soc.i_instr_sram.u_sram.gen_bank\[2\].gen_512.u_macro_din0\[18\] not found.
[STA-1650] /home/blogic2026/final_jtag/repo/asic/run/RUN_final_2026-09-06/56-openroad-rcx/nom/asic_top.nom.spef line 4532429, net ANTENNA_i_soc.i_instr_sram.u_sram.gen_bank\[1\].gen_512.u_macro_din0\[17\] not found.
[STA-1650] /home/blogic2026/final_jtag/repo/asic/run/RUN_final_2026-09-06/56-openroad-rcx/nom/asic_top.nom.spef line 4532465, net ANTENNA_i_soc.i_instr_sram.u_sram.gen_bank\[2\].gen_512.u_macro_din0\[18\] not found.
[STA-1650] /home/blogic2026/final_jtag/repo/asic/run/RUN_final_2026-09-06/56-openroad-rcx/nom/asic_top.nom.spef line 4532468, net ANTENNA_i_soc.i_instr_sram.u_sram.gen_bank\[0\].gen_512.u_macro_din0\[18\] not found.
[STA-1650] /home/blogic2026/final_jtag/repo/asic/run/RUN_final_2026-09-06/56-openroad-rcx/nom/asic_top.nom.spef line 4532476, net ANTENNA_i_soc.i_instr_sram.u_sram.gen_bank\[3\].gen_512.u_macro_din0\[18\] not found.
[STA-1650] /home/blogic2026/final_jtag/repo/asic/run/RUN_final_2026-09-06/56-openroad-rcx/nom/asic_top.nom.spef line 4532478, net ANTENNA_i_soc.i_instr_sram.u_sram.gen_bank\[1\].gen_512.u_macro_din0\[18\] not found.
[STA-1648] /home/blogic2026/final_jtag/repo/asic/run/RUN_final_2026-09-06/56-openroad-rcx/nom/asic_top.nom.spef line 4532486, instance ANTENNA_i_soc.i_instr_sram.u_sram.gen_bank\[3\].gen_512.u_macro_din0\[19\] not found.
[STA-1648] /home/blogic2026/final_jtag/repo/asic/run/RUN_final_2026-09-06/56-openroad-rcx/nom/asic_top.nom.spef line 4532488, instance ANTENNA_i_soc.i_instr_sram.u_sram.gen_bank\[0\].gen_512.u_macro_din0\[19\] not found.
[STA-1648] /home/blogic2026/final_jtag/repo/asic/run/RUN_final_2026-09-06/56-openroad-rcx/nom/asic_top.nom.spef line 4532490, instance ANTENNA_i_soc.i_instr_sram.u_sram.gen_bank\[2\].gen_512.u_macro_din0\[19\] not found.
[STA-1648] /home/blogic2026/final_jtag/repo/asic/run/RUN_final_2026-09-06/56-openroad-rcx/nom/asic_top.nom.spef line 4532492, instance ANTENNA_i_soc.i_instr_sram.u_sram.gen_bank\[1\].gen_512.u_macro_din0\[19\] not found.
[STA-1650] /home/blogic2026/final_jtag/repo/asic/run/RUN_final_2026-09-06/56-openroad-rcx/nom/asic_top.nom.spef line 4532498, net ANTENNA_i_soc.i_instr_sram.u_sram.gen_bank\[3\].gen_512.u_macro_din0\[19\] not found.
[STA-1650] /home/blogic2026/final_jtag/repo/asic/run/RUN_final_2026-09-06/56-openroad-rcx/nom/asic_top.nom.spef line 4532500, net ANTENNA_i_soc.i_instr_sram.u_sram.gen_bank\[0\].gen_512.u_macro_din0\[19\] not found.
[STA-1650] /home/blogic2026/final_jtag/repo/asic/run/RUN_final_2026-09-06/56-openroad-rcx/nom/asic_top.nom.spef line 4532502, net ANTENNA_i_soc.i_instr_sram.u_sram.gen_bank\[2\].gen_512.u_macro_din0\[19\] not found.
[STA-1650] /home/blogic2026/final_jtag/repo/asic/run/RUN_final_2026-09-06/56-openroad-rcx/nom/asic_top.nom.spef line 4532504, net ANTENNA_i_soc.i_instr_sram.u_sram.gen_bank\[1\].gen_512.u_macro_din0\[19\] not found.
[STA-1650] /home/blogic2026/final_jtag/repo/asic/run/RUN_final_2026-09-06/56-openroad-rcx/nom/asic_top.nom.spef line 4532527, net ANTENNA_i_soc.i_instr_sram.u_sram.gen_bank\[1\].gen_512.u_macro_din0\[19\] not found.
[STA-1650] /home/blogic2026/final_jtag/repo/asic/run/RUN_final_2026-09-06/56-openroad-rcx/nom/asic_top.nom.spef line 4532528, net ANTENNA_i_soc.i_instr_sram.u_sram.gen_bank\[2\].gen_512.u_macro_din0\[19\] not found.
[STA-1650] /home/blogic2026/final_jtag/repo/asic/run/RUN_final_2026-09-06/56-openroad-rcx/nom/asic_top.nom.spef line 4532529, net ANTENNA_i_soc.i_instr_sram.u_sram.gen_bank\[3\].gen_512.u_macro_din0\[19\] not found.
[STA-1650] /home/blogic2026/final_jtag/repo/asic/run/RUN_final_2026-09-06/56-openroad-rcx/nom/asic_top.nom.spef line 4532546, net ANTENNA_i_soc.i_instr_sram.u_sram.gen_bank\[1\].gen_512.u_macro_din0\[4\] not found.
[STA-1650] /home/blogic2026/final_jtag/repo/asic/run/RUN_final_2026-09-06/56-openroad-rcx/nom/asic_top.nom.spef line 4532625, net ANTENNA_i_soc.i_instr_sram.u_sram.gen_bank\[1\].gen_512.u_macro_din0\[19\] not found.
[STA-1650] /home/blogic2026/final_jtag/repo/asic/run/RUN_final_2026-09-06/56-openroad-rcx/nom/asic_top.nom.spef line 4532627, net ANTENNA_i_soc.i_instr_sram.u_sram.gen_bank\[1\].gen_512.u_macro_din0\[19\] not found.
[STA-1650] /home/blogic2026/final_jtag/repo/asic/run/RUN_final_2026-09-06/56-openroad-rcx/nom/asic_top.nom.spef line 4532641, net ANTENNA_i_soc.i_instr_sram.u_sram.gen_bank\[2\].gen_512.u_macro_din0\[19\] not found.
[STA-1650] /home/blogic2026/final_jtag/repo/asic/run/RUN_final_2026-09-06/56-openroad-rcx/nom/asic_top.nom.spef line 4532644, net ANTENNA_i_soc.i_instr_sram.u_sram.gen_bank\[0\].gen_512.u_macro_din0\[19\] not found.
[STA-1650] /home/blogic2026/final_jtag/repo/asic/run/RUN_final_2026-09-06/56-openroad-rcx/nom/asic_top.nom.spef line 4532650, net ANTENNA_i_soc.i_instr_sram.u_sram.gen_bank\[3\].gen_512.u_macro_din0\[19\] not found.
[STA-1648] /home/blogic2026/final_jtag/repo/asic/run/RUN_final_2026-09-06/56-openroad-rcx/nom/asic_top.nom.spef line 4532657, instance ANTENNA_i_soc.i_instr_sram.u_sram.gen_bank\[2\].gen_512.u_macro_din0\[1\] not found.
[STA-1648] /home/blogic2026/final_jtag/repo/asic/run/RUN_final_2026-09-06/56-openroad-rcx/nom/asic_top.nom.spef line 4532661, instance ANTENNA_i_soc.i_instr_sram.u_sram.gen_bank\[3\].gen_512.u_macro_din0\[1\] not found.
[STA-1648] /home/blogic2026/final_jtag/repo/asic/run/RUN_final_2026-09-06/56-openroad-rcx/nom/asic_top.nom.spef line 4532662, instance ANTENNA_i_soc.i_instr_sram.u_sram.gen_bank\[0\].gen_512.u_macro_din0\[1\] not found.
[STA-1648] /home/blogic2026/final_jtag/repo/asic/run/RUN_final_2026-09-06/56-openroad-rcx/nom/asic_top.nom.spef line 4532664, instance ANTENNA_i_soc.i_instr_sram.u_sram.gen_bank\[1\].gen_512.u_macro_din0\[1\] not found.
[STA-1650] /home/blogic2026/final_jtag/repo/asic/run/RUN_final_2026-09-06/56-openroad-rcx/nom/asic_top.nom.spef line 4532669, net ANTENNA_i_soc.i_instr_sram.u_sram.gen_bank\[2\].gen_512.u_macro_din0\[1\] not found.
[STA-1650] /home/blogic2026/final_jtag/repo/asic/run/RUN_final_2026-09-06/56-openroad-rcx/nom/asic_top.nom.spef line 4532673, net ANTENNA_i_soc.i_instr_sram.u_sram.gen_bank\[3\].gen_512.u_macro_din0\[1\] not found.
[STA-1650] /home/blogic2026/final_jtag/repo/asic/run/RUN_final_2026-09-06/56-openroad-rcx/nom/asic_top.nom.spef line 4532674, net ANTENNA_i_soc.i_instr_sram.u_sram.gen_bank\[0\].gen_512.u_macro_din0\[1\] not found.
[STA-1650] /home/blogic2026/final_jtag/repo/asic/run/RUN_final_2026-09-06/56-openroad-rcx/nom/asic_top.nom.spef line 4532676, net ANTENNA_i_soc.i_instr_sram.u_sram.gen_bank\[1\].gen_512.u_macro_din0\[1\] not found.
[STA-1650] /home/blogic2026/final_jtag/repo/asic/run/RUN_final_2026-09-06/56-openroad-rcx/nom/asic_top.nom.spef line 4532698, net ANTENNA_i_soc.i_instr_sram.u_sram.gen_bank\[1\].gen_512.u_macro_din0\[1\] not found.
[STA-1650] /home/blogic2026/final_jtag/repo/asic/run/RUN_final_2026-09-06/56-openroad-rcx/nom/asic_top.nom.spef line 4532743, net ANTENNA_i_soc.i_instr_sram.u_sram.gen_bank\[2\].gen_512.u_macro_din0\[0\] not found.
[STA-1650] /home/blogic2026/final_jtag/repo/asic/run/RUN_final_2026-09-06/56-openroad-rcx/nom/asic_top.nom.spef line 4532763, net ANTENNA_i_soc.i_instr_sram.u_sram.gen_bank\[1\].gen_512.u_macro_din0\[1\] not found.
[STA-1650] /home/blogic2026/final_jtag/repo/asic/run/RUN_final_2026-09-06/56-openroad-rcx/nom/asic_top.nom.spef line 4532765, net ANTENNA_i_soc.i_instr_sram.u_sram.gen_bank\[1\].gen_512.u_macro_din0\[1\] not found.
[STA-1650] /home/blogic2026/final_jtag/repo/asic/run/RUN_final_2026-09-06/56-openroad-rcx/nom/asic_top.nom.spef line 4532770, net ANTENNA_i_soc.i_instr_sram.u_sram.gen_bank\[0\].gen_512.u_macro_din0\[1\] not found.
[STA-1650] /home/blogic2026/final_jtag/repo/asic/run/RUN_final_2026-09-06/56-openroad-rcx/nom/asic_top.nom.spef line 4532775, net ANTENNA_i_soc.i_instr_sram.u_sram.gen_bank\[3\].gen_512.u_macro_din0\[1\] not found.
[STA-1650] /home/blogic2026/final_jtag/repo/asic/run/RUN_final_2026-09-06/56-openroad-rcx/nom/asic_top.nom.spef line 4532777, net ANTENNA_i_soc.i_instr_sram.u_sram.gen_bank\[1\].gen_512.u_macro_din0\[1\] not found.
[STA-1650] /home/blogic2026/final_jtag/repo/asic/run/RUN_final_2026-09-06/56-openroad-rcx/nom/asic_top.nom.spef line 4532778, net ANTENNA_i_soc.i_instr_sram.u_sram.gen_bank\[0\].gen_512.u_macro_din0\[1\] not found.
[STA-1650] /home/blogic2026/final_jtag/repo/asic/run/RUN_final_2026-09-06/56-openroad-rcx/nom/asic_top.nom.spef line 4532787, net ANTENNA_i_soc.i_instr_sram.u_sram.gen_bank\[2\].gen_512.u_macro_din0\[1\] not found.
[STA-1648] /home/blogic2026/final_jtag/repo/asic/run/RUN_final_2026-09-06/56-openroad-rcx/nom/asic_top.nom.spef line 4532793, instance ANTENNA_i_soc.i_instr_sram.u_sram.gen_bank\[1\].gen_512.u_macro_din0\[20\] not found.
[STA-1648] /home/blogic2026/final_jtag/repo/asic/run/RUN_final_2026-09-06/56-openroad-rcx/nom/asic_top.nom.spef line 4532796, instance ANTENNA_i_soc.i_instr_sram.u_sram.gen_bank\[3\].gen_512.u_macro_din0\[20\] not found.
[STA-1648] /home/blogic2026/final_jtag/repo/asic/run/RUN_final_2026-09-06/56-openroad-rcx/nom/asic_top.nom.spef line 4532799, instance ANTENNA_i_soc.i_instr_sram.u_sram.gen_bank\[2\].gen_512.u_macro_din0\[20\] not found.
[STA-1648] /home/blogic2026/final_jtag/repo/asic/run/RUN_final_2026-09-06/56-openroad-rcx/nom/asic_top.nom.spef line 4532800, instance ANTENNA_i_soc.i_instr_sram.u_sram.gen_bank\[0\].gen_512.u_macro_din0\[20\] not found.
[STA-1650] /home/blogic2026/final_jtag/repo/asic/run/RUN_final_2026-09-06/56-openroad-rcx/nom/asic_top.nom.spef line 4532805, net ANTENNA_i_soc.i_instr_sram.u_sram.gen_bank\[1\].gen_512.u_macro_din0\[20\] not found.
[STA-1650] /home/blogic2026/final_jtag/repo/asic/run/RUN_final_2026-09-06/56-openroad-rcx/nom/asic_top.nom.spef line 4532808, net ANTENNA_i_soc.i_instr_sram.u_sram.gen_bank\[3\].gen_512.u_macro_din0\[20\] not found.
[STA-1650] /home/blogic2026/final_jtag/repo/asic/run/RUN_final_2026-09-06/56-openroad-rcx/nom/asic_top.nom.spef line 4532811, net ANTENNA_i_soc.i_instr_sram.u_sram.gen_bank\[2\].gen_512.u_macro_din0\[20\] not found.
[STA-1650] /home/blogic2026/final_jtag/repo/asic/run/RUN_final_2026-09-06/56-openroad-rcx/nom/asic_top.nom.spef line 4532812, net ANTENNA_i_soc.i_instr_sram.u_sram.gen_bank\[0\].gen_512.u_macro_din0\[20\] not found.
[STA-1650] /home/blogic2026/final_jtag/repo/asic/run/RUN_final_2026-09-06/56-openroad-rcx/nom/asic_top.nom.spef line 4532921, net ANTENNA_i_soc.i_instr_sram.u_sram.gen_bank\[0\].gen_512.u_macro_din0\[20\] not found.
[STA-1650] /home/blogic2026/final_jtag/repo/asic/run/RUN_final_2026-09-06/56-openroad-rcx/nom/asic_top.nom.spef line 4532930, net ANTENNA_i_soc.i_instr_sram.u_sram.gen_bank\[2\].gen_512.u_macro_din0\[20\] not found.
[STA-1650] /home/blogic2026/final_jtag/repo/asic/run/RUN_final_2026-09-06/56-openroad-rcx/nom/asic_top.nom.spef line 4532938, net ANTENNA_i_soc.i_instr_sram.u_sram.gen_bank\[3\].gen_512.u_macro_din0\[20\] not found.
[STA-1650] /home/blogic2026/final_jtag/repo/asic/run/RUN_final_2026-09-06/56-openroad-rcx/nom/asic_top.nom.spef line 4532941, net ANTENNA_i_soc.i_instr_sram.u_sram.gen_bank\[1\].gen_512.u_macro_din0\[20\] not found.
[STA-1648] /home/blogic2026/final_jtag/repo/asic/run/RUN_final_2026-09-06/56-openroad-rcx/nom/asic_top.nom.spef line 4532947, instance ANTENNA_i_soc.i_instr_sram.u_sram.gen_bank\[1\].gen_512.u_macro_din0\[21\] not found.
[STA-1648] /home/blogic2026/final_jtag/repo/asic/run/RUN_final_2026-09-06/56-openroad-rcx/nom/asic_top.nom.spef line 4532950, instance ANTENNA_i_soc.i_instr_sram.u_sram.gen_bank\[3\].gen_512.u_macro_din0\[21\] not found.
[STA-1648] /home/blogic2026/final_jtag/repo/asic/run/RUN_final_2026-09-06/56-openroad-rcx/nom/asic_top.nom.spef line 4532951, instance ANTENNA_i_soc.i_instr_sram.u_sram.gen_bank\[0\].gen_512.u_macro_din0\[21\] not found.
[STA-1648] /home/blogic2026/final_jtag/repo/asic/run/RUN_final_2026-09-06/56-openroad-rcx/nom/asic_top.nom.spef line 4532954, instance ANTENNA_i_soc.i_instr_sram.u_sram.gen_bank\[2\].gen_512.u_macro_din0\[21\] not found.
[STA-1650] /home/blogic2026/final_jtag/repo/asic/run/RUN_final_2026-09-06/56-openroad-rcx/nom/asic_top.nom.spef line 4532959, net ANTENNA_i_soc.i_instr_sram.u_sram.gen_bank\[1\].gen_512.u_macro_din0\[21\] not found.
[STA-1650] /home/blogic2026/final_jtag/repo/asic/run/RUN_final_2026-09-06/56-openroad-rcx/nom/asic_top.nom.spef line 4532962, net ANTENNA_i_soc.i_instr_sram.u_sram.gen_bank\[3\].gen_512.u_macro_din0\[21\] not found.
[STA-1650] /home/blogic2026/final_jtag/repo/asic/run/RUN_final_2026-09-06/56-openroad-rcx/nom/asic_top.nom.spef line 4532963, net ANTENNA_i_soc.i_instr_sram.u_sram.gen_bank\[0\].gen_512.u_macro_din0\[21\] not found.
[STA-1650] /home/blogic2026/final_jtag/repo/asic/run/RUN_final_2026-09-06/56-openroad-rcx/nom/asic_top.nom.spef line 4532966, net ANTENNA_i_soc.i_instr_sram.u_sram.gen_bank\[2\].gen_512.u_macro_din0\[21\] not found.
[STA-1650] /home/blogic2026/final_jtag/repo/asic/run/RUN_final_2026-09-06/56-openroad-rcx/nom/asic_top.nom.spef line 4533095, net ANTENNA_i_soc.i_instr_sram.u_sram.gen_bank\[2\].gen_512.u_macro_din0\[21\] not found.
[STA-1650] /home/blogic2026/final_jtag/repo/asic/run/RUN_final_2026-09-06/56-openroad-rcx/nom/asic_top.nom.spef line 4533099, net ANTENNA_i_soc.i_instr_sram.u_sram.gen_bank\[0\].gen_512.u_macro_din0\[21\] not found.
[STA-1650] /home/blogic2026/final_jtag/repo/asic/run/RUN_final_2026-09-06/56-openroad-rcx/nom/asic_top.nom.spef line 4533105, net ANTENNA_i_soc.i_instr_sram.u_sram.gen_bank\[3\].gen_512.u_macro_din0\[21\] not found.
[STA-1650] /home/blogic2026/final_jtag/repo/asic/run/RUN_final_2026-09-06/56-openroad-rcx/nom/asic_top.nom.spef line 4533108, net ANTENNA_i_soc.i_instr_sram.u_sram.gen_bank\[1\].gen_512.u_macro_din0\[21\] not found.
[STA-1648] /home/blogic2026/final_jtag/repo/asic/run/RUN_final_2026-09-06/56-openroad-rcx/nom/asic_top.nom.spef line 4533115, instance ANTENNA_i_soc.i_instr_sram.u_sram.gen_bank\[1\].gen_512.u_macro_din0\[22\] not found.
[STA-1648] /home/blogic2026/final_jtag/repo/asic/run/RUN_final_2026-09-06/56-openroad-rcx/nom/asic_top.nom.spef line 4533116, instance ANTENNA_i_soc.i_instr_sram.u_sram.gen_bank\[3\].gen_512.u_macro_din0\[22\] not found.
[STA-1648] /home/blogic2026/final_jtag/repo/asic/run/RUN_final_2026-09-06/56-openroad-rcx/nom/asic_top.nom.spef line 4533119, instance ANTENNA_i_soc.i_instr_sram.u_sram.gen_bank\[2\].gen_512.u_macro_din0\[22\] not found.
[STA-1648] /home/blogic2026/final_jtag/repo/asic/run/RUN_final_2026-09-06/56-openroad-rcx/nom/asic_top.nom.spef line 4533121, instance ANTENNA_i_soc.i_instr_sram.u_sram.gen_bank\[0\].gen_512.u_macro_din0\[22\] not found.
[STA-1650] /home/blogic2026/final_jtag/repo/asic/run/RUN_final_2026-09-06/56-openroad-rcx/nom/asic_top.nom.spef line 4533127, net ANTENNA_i_soc.i_instr_sram.u_sram.gen_bank\[1\].gen_512.u_macro_din0\[22\] not found.
[STA-1650] /home/blogic2026/final_jtag/repo/asic/run/RUN_final_2026-09-06/56-openroad-rcx/nom/asic_top.nom.spef line 4533128, net ANTENNA_i_soc.i_instr_sram.u_sram.gen_bank\[3\].gen_512.u_macro_din0\[22\] not found.
[STA-1650] /home/blogic2026/final_jtag/repo/asic/run/RUN_final_2026-09-06/56-openroad-rcx/nom/asic_top.nom.spef line 4533131, net ANTENNA_i_soc.i_instr_sram.u_sram.gen_bank\[2\].gen_512.u_macro_din0\[22\] not found.
[STA-1650] /home/blogic2026/final_jtag/repo/asic/run/RUN_final_2026-09-06/56-openroad-rcx/nom/asic_top.nom.spef line 4533133, net ANTENNA_i_soc.i_instr_sram.u_sram.gen_bank\[0\].gen_512.u_macro_din0\[22\] not found.
[STA-1650] /home/blogic2026/final_jtag/repo/asic/run/RUN_final_2026-09-06/56-openroad-rcx/nom/asic_top.nom.spef line 4533156, net ANTENNA_i_soc.i_instr_sram.u_sram.gen_bank\[3\].gen_512.u_macro_din0\[22\] not found.
[STA-1650] /home/blogic2026/final_jtag/repo/asic/run/RUN_final_2026-09-06/56-openroad-rcx/nom/asic_top.nom.spef line 4533157, net ANTENNA_i_soc.i_instr_sram.u_sram.gen_bank\[3\].gen_512.u_macro_din0\[22\] not found.
[STA-1650] /home/blogic2026/final_jtag/repo/asic/run/RUN_final_2026-09-06/56-openroad-rcx/nom/asic_top.nom.spef line 4533163, net ANTENNA_i_soc.i_instr_sram.u_sram.gen_bank\[2\].gen_512.u_macro_din0\[23\] not found.
[STA-1650] /home/blogic2026/final_jtag/repo/asic/run/RUN_final_2026-09-06/56-openroad-rcx/nom/asic_top.nom.spef line 4533231, net ANTENNA_i_soc.i_instr_sram.u_sram.gen_bank\[2\].gen_512.u_macro_din0\[0\] not found.
[STA-1650] /home/blogic2026/final_jtag/repo/asic/run/RUN_final_2026-09-06/56-openroad-rcx/nom/asic_top.nom.spef line 4533232, net ANTENNA_i_soc.i_instr_sram.u_sram.gen_bank\[2\].gen_512.u_macro_din0\[12\] not found.
[STA-1650] /home/blogic2026/final_jtag/repo/asic/run/RUN_final_2026-09-06/56-openroad-rcx/nom/asic_top.nom.spef line 4533233, net ANTENNA_i_soc.i_instr_sram.u_sram.gen_bank\[2\].gen_512.u_macro_din0\[19\] not found.
[STA-1650] /home/blogic2026/final_jtag/repo/asic/run/RUN_final_2026-09-06/56-openroad-rcx/nom/asic_top.nom.spef line 4533265, net ANTENNA_i_soc.i_instr_sram.u_sram.gen_bank\[0\].gen_512.u_macro_din0\[22\] not found.
[STA-1650] /home/blogic2026/final_jtag/repo/asic/run/RUN_final_2026-09-06/56-openroad-rcx/nom/asic_top.nom.spef line 4533276, net ANTENNA_i_soc.i_instr_sram.u_sram.gen_bank\[2\].gen_512.u_macro_din0\[22\] not found.
[STA-1650] /home/blogic2026/final_jtag/repo/asic/run/RUN_final_2026-09-06/56-openroad-rcx/nom/asic_top.nom.spef line 4533281, net ANTENNA_i_soc.i_instr_sram.u_sram.gen_bank\[3\].gen_512.u_macro_din0\[22\] not found.
[STA-1650] /home/blogic2026/final_jtag/repo/asic/run/RUN_final_2026-09-06/56-openroad-rcx/nom/asic_top.nom.spef line 4533282, net ANTENNA_i_soc.i_instr_sram.u_sram.gen_bank\[1\].gen_512.u_macro_din0\[22\] not found.
[STA-1648] /home/blogic2026/final_jtag/repo/asic/run/RUN_final_2026-09-06/56-openroad-rcx/nom/asic_top.nom.spef line 4533290, instance ANTENNA_i_soc.i_instr_sram.u_sram.gen_bank\[3\].gen_512.u_macro_din0\[23\] not found.
[STA-1648] /home/blogic2026/final_jtag/repo/asic/run/RUN_final_2026-09-06/56-openroad-rcx/nom/asic_top.nom.spef line 4533292, instance ANTENNA_i_soc.i_instr_sram.u_sram.gen_bank\[0\].gen_512.u_macro_din0\[23\] not found.
[STA-1648] /home/blogic2026/final_jtag/repo/asic/run/RUN_final_2026-09-06/56-openroad-rcx/nom/asic_top.nom.spef line 4533294, instance ANTENNA_i_soc.i_instr_sram.u_sram.gen_bank\[2\].gen_512.u_macro_din0\[23\] not found.
[STA-1648] /home/blogic2026/final_jtag/repo/asic/run/RUN_final_2026-09-06/56-openroad-rcx/nom/asic_top.nom.spef line 4533296, instance ANTENNA_i_soc.i_instr_sram.u_sram.gen_bank\[1\].gen_512.u_macro_din0\[23\] not found.
[STA-1650] /home/blogic2026/final_jtag/repo/asic/run/RUN_final_2026-09-06/56-openroad-rcx/nom/asic_top.nom.spef line 4533302, net ANTENNA_i_soc.i_instr_sram.u_sram.gen_bank\[3\].gen_512.u_macro_din0\[23\] not found.
[STA-1650] /home/blogic2026/final_jtag/repo/asic/run/RUN_final_2026-09-06/56-openroad-rcx/nom/asic_top.nom.spef line 4533304, net ANTENNA_i_soc.i_instr_sram.u_sram.gen_bank\[0\].gen_512.u_macro_din0\[23\] not found.
[STA-1650] /home/blogic2026/final_jtag/repo/asic/run/RUN_final_2026-09-06/56-openroad-rcx/nom/asic_top.nom.spef line 4533306, net ANTENNA_i_soc.i_instr_sram.u_sram.gen_bank\[2\].gen_512.u_macro_din0\[23\] not found.
[STA-1650] /home/blogic2026/final_jtag/repo/asic/run/RUN_final_2026-09-06/56-openroad-rcx/nom/asic_top.nom.spef line 4533308, net ANTENNA_i_soc.i_instr_sram.u_sram.gen_bank\[1\].gen_512.u_macro_din0\[23\] not found.
[STA-1650] /home/blogic2026/final_jtag/repo/asic/run/RUN_final_2026-09-06/56-openroad-rcx/nom/asic_top.nom.spef line 4533331, net ANTENNA_i_soc.i_instr_sram.u_sram.gen_bank\[1\].gen_512.u_macro_din0\[23\] not found.
[STA-1650] /home/blogic2026/final_jtag/repo/asic/run/RUN_final_2026-09-06/56-openroad-rcx/nom/asic_top.nom.spef line 4533332, net ANTENNA_i_soc.i_instr_sram.u_sram.gen_bank\[3\].gen_512.u_macro_din0\[23\] not found.
[STA-1650] /home/blogic2026/final_jtag/repo/asic/run/RUN_final_2026-09-06/56-openroad-rcx/nom/asic_top.nom.spef line 4533395, net ANTENNA_i_soc.i_instr_sram.u_sram.gen_bank\[2\].gen_512.u_macro_din0\[23\] not found.
[STA-1650] /home/blogic2026/final_jtag/repo/asic/run/RUN_final_2026-09-06/56-openroad-rcx/nom/asic_top.nom.spef line 4533420, net ANTENNA_i_soc.i_instr_sram.u_sram.gen_bank\[1\].gen_512.u_macro_din0\[23\] not found.
[STA-1650] /home/blogic2026/final_jtag/repo/asic/run/RUN_final_2026-09-06/56-openroad-rcx/nom/asic_top.nom.spef line 4533422, net ANTENNA_i_soc.i_instr_sram.u_sram.gen_bank\[1\].gen_512.u_macro_din0\[23\] not found.
[STA-1650] /home/blogic2026/final_jtag/repo/asic/run/RUN_final_2026-09-06/56-openroad-rcx/nom/asic_top.nom.spef line 4533436, net ANTENNA_i_soc.i_instr_sram.u_sram.gen_bank\[2\].gen_512.u_macro_din0\[23\] not found.
[STA-1650] /home/blogic2026/final_jtag/repo/asic/run/RUN_final_2026-09-06/56-openroad-rcx/nom/asic_top.nom.spef line 4533438, net ANTENNA_i_soc.i_instr_sram.u_sram.gen_bank\[0\].gen_512.u_macro_din0\[23\] not found.
[STA-1650] /home/blogic2026/final_jtag/repo/asic/run/RUN_final_2026-09-06/56-openroad-rcx/nom/asic_top.nom.spef line 4533445, net ANTENNA_i_soc.i_instr_sram.u_sram.gen_bank\[3\].gen_512.u_macro_din0\[23\] not found.
[STA-1648] /home/blogic2026/final_jtag/repo/asic/run/RUN_final_2026-09-06/56-openroad-rcx/nom/asic_top.nom.spef line 4533452, instance ANTENNA_i_soc.i_instr_sram.u_sram.gen_bank\[3\].gen_512.u_macro_din0\[24\] not found.
[STA-1648] /home/blogic2026/final_jtag/repo/asic/run/RUN_final_2026-09-06/56-openroad-rcx/nom/asic_top.nom.spef line 4533454, instance ANTENNA_i_soc.i_instr_sram.u_sram.gen_bank\[2\].gen_512.u_macro_din0\[24\] not found.
[STA-1648] /home/blogic2026/final_jtag/repo/asic/run/RUN_final_2026-09-06/56-openroad-rcx/nom/asic_top.nom.spef line 4533457, instance ANTENNA_i_soc.i_instr_sram.u_sram.gen_bank\[0\].gen_512.u_macro_din0\[24\] not found.
[STA-1648] /home/blogic2026/final_jtag/repo/asic/run/RUN_final_2026-09-06/56-openroad-rcx/nom/asic_top.nom.spef line 4533459, instance ANTENNA_i_soc.i_instr_sram.u_sram.gen_bank\[1\].gen_512.u_macro_din0\[24\] not found.
[STA-1650] /home/blogic2026/final_jtag/repo/asic/run/RUN_final_2026-09-06/56-openroad-rcx/nom/asic_top.nom.spef line 4533464, net ANTENNA_i_soc.i_instr_sram.u_sram.gen_bank\[3\].gen_512.u_macro_din0\[24\] not found.
[STA-1650] /home/blogic2026/final_jtag/repo/asic/run/RUN_final_2026-09-06/56-openroad-rcx/nom/asic_top.nom.spef line 4533466, net ANTENNA_i_soc.i_instr_sram.u_sram.gen_bank\[2\].gen_512.u_macro_din0\[24\] not found.
[STA-1650] /home/blogic2026/final_jtag/repo/asic/run/RUN_final_2026-09-06/56-openroad-rcx/nom/asic_top.nom.spef line 4533469, net ANTENNA_i_soc.i_instr_sram.u_sram.gen_bank\[0\].gen_512.u_macro_din0\[24\] not found.
[STA-1650] /home/blogic2026/final_jtag/repo/asic/run/RUN_final_2026-09-06/56-openroad-rcx/nom/asic_top.nom.spef line 4533471, net ANTENNA_i_soc.i_instr_sram.u_sram.gen_bank\[1\].gen_512.u_macro_din0\[24\] not found.
[STA-1650] /home/blogic2026/final_jtag/repo/asic/run/RUN_final_2026-09-06/56-openroad-rcx/nom/asic_top.nom.spef line 4533489, net ANTENNA_i_soc.i_instr_sram.u_sram.gen_bank\[1\].gen_512.u_macro_din0\[24\] not found.
[STA-1650] /home/blogic2026/final_jtag/repo/asic/run/RUN_final_2026-09-06/56-openroad-rcx/nom/asic_top.nom.spef line 4533490, net ANTENNA_i_soc.i_instr_sram.u_sram.gen_bank\[1\].gen_512.u_macro_din0\[24\] not found.
[STA-1650] /home/blogic2026/final_jtag/repo/asic/run/RUN_final_2026-09-06/56-openroad-rcx/nom/asic_top.nom.spef line 4533491, net ANTENNA_i_soc.i_instr_sram.u_sram.gen_bank\[3\].gen_512.u_macro_din0\[24\] not found.
[STA-1650] /home/blogic2026/final_jtag/repo/asic/run/RUN_final_2026-09-06/56-openroad-rcx/nom/asic_top.nom.spef line 4533491, net ANTENNA_i_soc.i_instr_sram.u_sram.gen_bank\[3\].gen_512.u_macro_din0\[25\] not found.
[STA-1650] /home/blogic2026/final_jtag/repo/asic/run/RUN_final_2026-09-06/56-openroad-rcx/nom/asic_top.nom.spef line 4533492, net ANTENNA_i_soc.i_instr_sram.u_sram.gen_bank\[3\].gen_512.u_macro_din0\[24\] not found.
[STA-1650] /home/blogic2026/final_jtag/repo/asic/run/RUN_final_2026-09-06/56-openroad-rcx/nom/asic_top.nom.spef line 4533493, net ANTENNA_i_soc.i_instr_sram.u_sram.gen_bank\[3\].gen_512.u_macro_din0\[24\] not found.
[STA-1650] /home/blogic2026/final_jtag/repo/asic/run/RUN_final_2026-09-06/56-openroad-rcx/nom/asic_top.nom.spef line 4533494, net ANTENNA_i_soc.i_instr_sram.u_sram.gen_bank\[3\].gen_512.u_macro_din0\[24\] not found.
[STA-1650] /home/blogic2026/final_jtag/repo/asic/run/RUN_final_2026-09-06/56-openroad-rcx/nom/asic_top.nom.spef line 4533495, net ANTENNA_i_soc.i_instr_sram.u_sram.gen_bank\[3\].gen_512.u_macro_din0\[24\] not found.
[STA-1650] /home/blogic2026/final_jtag/repo/asic/run/RUN_final_2026-09-06/56-openroad-rcx/nom/asic_top.nom.spef line 4533571, net ANTENNA_i_soc.i_instr_sram.u_sram.gen_bank\[1\].gen_512.u_macro_din0\[24\] not found.
[STA-1650] /home/blogic2026/final_jtag/repo/asic/run/RUN_final_2026-09-06/56-openroad-rcx/nom/asic_top.nom.spef line 4533573, net ANTENNA_i_soc.i_instr_sram.u_sram.gen_bank\[1\].gen_512.u_macro_din0\[24\] not found.
[STA-1650] /home/blogic2026/final_jtag/repo/asic/run/RUN_final_2026-09-06/56-openroad-rcx/nom/asic_top.nom.spef line 4533581, net ANTENNA_i_soc.i_instr_sram.u_sram.gen_bank\[0\].gen_512.u_macro_din0\[24\] not found.
[STA-1650] /home/blogic2026/final_jtag/repo/asic/run/RUN_final_2026-09-06/56-openroad-rcx/nom/asic_top.nom.spef line 4533587, net ANTENNA_i_soc.i_instr_sram.u_sram.gen_bank\[2\].gen_512.u_macro_din0\[24\] not found.
[STA-1650] /home/blogic2026/final_jtag/repo/asic/run/RUN_final_2026-09-06/56-openroad-rcx/nom/asic_top.nom.spef line 4533592, net ANTENNA_i_soc.i_instr_sram.u_sram.gen_bank\[3\].gen_512.u_macro_din0\[24\] not found.
[STA-1648] /home/blogic2026/final_jtag/repo/asic/run/RUN_final_2026-09-06/56-openroad-rcx/nom/asic_top.nom.spef line 4533598, instance ANTENNA_i_soc.i_instr_sram.u_sram.gen_bank\[3\].gen_512.u_macro_din0\[25\] not found.
[STA-1648] /home/blogic2026/final_jtag/repo/asic/run/RUN_final_2026-09-06/56-openroad-rcx/nom/asic_top.nom.spef line 4533600, instance ANTENNA_i_soc.i_instr_sram.u_sram.gen_bank\[2\].gen_512.u_macro_din0\[25\] not found.
[STA-1648] /home/blogic2026/final_jtag/repo/asic/run/RUN_final_2026-09-06/56-openroad-rcx/nom/asic_top.nom.spef line 4533602, instance ANTENNA_i_soc.i_instr_sram.u_sram.gen_bank\[0\].gen_512.u_macro_din0\[25\] not found.
[STA-1648] /home/blogic2026/final_jtag/repo/asic/run/RUN_final_2026-09-06/56-openroad-rcx/nom/asic_top.nom.spef line 4533604, instance ANTENNA_i_soc.i_instr_sram.u_sram.gen_bank\[1\].gen_512.u_macro_din0\[25\] not found.
[STA-1650] /home/blogic2026/final_jtag/repo/asic/run/RUN_final_2026-09-06/56-openroad-rcx/nom/asic_top.nom.spef line 4533610, net ANTENNA_i_soc.i_instr_sram.u_sram.gen_bank\[3\].gen_512.u_macro_din0\[25\] not found.
[STA-1650] /home/blogic2026/final_jtag/repo/asic/run/RUN_final_2026-09-06/56-openroad-rcx/nom/asic_top.nom.spef line 4533612, net ANTENNA_i_soc.i_instr_sram.u_sram.gen_bank\[2\].gen_512.u_macro_din0\[25\] not found.
[STA-1650] /home/blogic2026/final_jtag/repo/asic/run/RUN_final_2026-09-06/56-openroad-rcx/nom/asic_top.nom.spef line 4533614, net ANTENNA_i_soc.i_instr_sram.u_sram.gen_bank\[0\].gen_512.u_macro_din0\[25\] not found.
[STA-1650] /home/blogic2026/final_jtag/repo/asic/run/RUN_final_2026-09-06/56-openroad-rcx/nom/asic_top.nom.spef line 4533616, net ANTENNA_i_soc.i_instr_sram.u_sram.gen_bank\[1\].gen_512.u_macro_din0\[25\] not found.
[STA-1650] /home/blogic2026/final_jtag/repo/asic/run/RUN_final_2026-09-06/56-openroad-rcx/nom/asic_top.nom.spef line 4533637, net ANTENNA_i_soc.i_instr_sram.u_sram.gen_bank\[3\].gen_512.u_macro_din0\[25\] not found.
[STA-1650] /home/blogic2026/final_jtag/repo/asic/run/RUN_final_2026-09-06/56-openroad-rcx/nom/asic_top.nom.spef line 4533686, net ANTENNA_i_soc.i_instr_sram.u_sram.gen_bank\[1\].gen_512.u_macro_din0\[24\] not found.
[STA-1650] /home/blogic2026/final_jtag/repo/asic/run/RUN_final_2026-09-06/56-openroad-rcx/nom/asic_top.nom.spef line 4533687, net ANTENNA_i_soc.i_instr_sram.u_sram.gen_bank\[1\].gen_512.u_macro_din0\[24\] not found.
[STA-1650] /home/blogic2026/final_jtag/repo/asic/run/RUN_final_2026-09-06/56-openroad-rcx/nom/asic_top.nom.spef line 4533688, net ANTENNA_i_soc.i_instr_sram.u_sram.gen_bank\[3\].gen_512.u_macro_din0\[24\] not found.
[STA-1650] /home/blogic2026/final_jtag/repo/asic/run/RUN_final_2026-09-06/56-openroad-rcx/nom/asic_top.nom.spef line 4533688, net ANTENNA_i_soc.i_instr_sram.u_sram.gen_bank\[3\].gen_512.u_macro_din0\[25\] not found.
[STA-1650] /home/blogic2026/final_jtag/repo/asic/run/RUN_final_2026-09-06/56-openroad-rcx/nom/asic_top.nom.spef line 4533689, net ANTENNA_i_soc.i_instr_sram.u_sram.gen_bank\[3\].gen_512.u_macro_din0\[24\] not found.
[STA-1650] /home/blogic2026/final_jtag/repo/asic/run/RUN_final_2026-09-06/56-openroad-rcx/nom/asic_top.nom.spef line 4533719, net ANTENNA_i_soc.i_instr_sram.u_sram.gen_bank\[1\].gen_512.u_macro_din0\[25\] not found.
[STA-1650] /home/blogic2026/final_jtag/repo/asic/run/RUN_final_2026-09-06/56-openroad-rcx/nom/asic_top.nom.spef line 4533721, net ANTENNA_i_soc.i_instr_sram.u_sram.gen_bank\[1\].gen_512.u_macro_din0\[25\] not found.
[STA-1650] /home/blogic2026/final_jtag/repo/asic/run/RUN_final_2026-09-06/56-openroad-rcx/nom/asic_top.nom.spef line 4533728, net ANTENNA_i_soc.i_instr_sram.u_sram.gen_bank\[0\].gen_512.u_macro_din0\[25\] not found.
[STA-1650] /home/blogic2026/final_jtag/repo/asic/run/RUN_final_2026-09-06/56-openroad-rcx/nom/asic_top.nom.spef line 4533736, net ANTENNA_i_soc.i_instr_sram.u_sram.gen_bank\[2\].gen_512.u_macro_din0\[25\] not found.
[STA-1650] /home/blogic2026/final_jtag/repo/asic/run/RUN_final_2026-09-06/56-openroad-rcx/nom/asic_top.nom.spef line 4533741, net ANTENNA_i_soc.i_instr_sram.u_sram.gen_bank\[3\].gen_512.u_macro_din0\[25\] not found.
[STA-1648] /home/blogic2026/final_jtag/repo/asic/run/RUN_final_2026-09-06/56-openroad-rcx/nom/asic_top.nom.spef line 4533748, instance ANTENNA_i_soc.i_instr_sram.u_sram.gen_bank\[3\].gen_512.u_macro_din0\[26\] not found.
[STA-1648] /home/blogic2026/final_jtag/repo/asic/run/RUN_final_2026-09-06/56-openroad-rcx/nom/asic_top.nom.spef line 4533749, instance ANTENNA_i_soc.i_instr_sram.u_sram.gen_bank\[2\].gen_512.u_macro_din0\[26\] not found.
[STA-1648] /home/blogic2026/final_jtag/repo/asic/run/RUN_final_2026-09-06/56-openroad-rcx/nom/asic_top.nom.spef line 4533751, instance ANTENNA_i_soc.i_instr_sram.u_sram.gen_bank\[0\].gen_512.u_macro_din0\[26\] not found.
[STA-1648] /home/blogic2026/final_jtag/repo/asic/run/RUN_final_2026-09-06/56-openroad-rcx/nom/asic_top.nom.spef line 4533754, instance ANTENNA_i_soc.i_instr_sram.u_sram.gen_bank\[1\].gen_512.u_macro_din0\[26\] not found.
[STA-1650] /home/blogic2026/final_jtag/repo/asic/run/RUN_final_2026-09-06/56-openroad-rcx/nom/asic_top.nom.spef line 4533760, net ANTENNA_i_soc.i_instr_sram.u_sram.gen_bank\[3\].gen_512.u_macro_din0\[26\] not found.
[STA-1650] message limit (1000) reached. This message will no longer print.
[STA-1648] /home/blogic2026/final_jtag/repo/asic/run/RUN_final_2026-09-06/56-openroad-rcx/nom/asic_top.nom.spef line 4533927, instance ANTENNA_i_soc.i_instr_sram.u_sram.gen_bank\[3\].gen_512.u_macro_din0\[27\] not found.
[STA-1648] /home/blogic2026/final_jtag/repo/asic/run/RUN_final_2026-09-06/56-openroad-rcx/nom/asic_top.nom.spef line 4533928, instance ANTENNA_i_soc.i_instr_sram.u_sram.gen_bank\[0\].gen_512.u_macro_din0\[27\] not found.
[STA-1648] /home/blogic2026/final_jtag/repo/asic/run/RUN_final_2026-09-06/56-openroad-rcx/nom/asic_top.nom.spef line 4533931, instance ANTENNA_i_soc.i_instr_sram.u_sram.gen_bank\[2\].gen_512.u_macro_din0\[27\] not found.
[STA-1648] /home/blogic2026/final_jtag/repo/asic/run/RUN_final_2026-09-06/56-openroad-rcx/nom/asic_top.nom.spef line 4533933, instance ANTENNA_i_soc.i_instr_sram.u_sram.gen_bank\[1\].gen_512.u_macro_din0\[27\] not found.
[STA-1648] /home/blogic2026/final_jtag/repo/asic/run/RUN_final_2026-09-06/56-openroad-rcx/nom/asic_top.nom.spef line 4534181, instance ANTENNA_i_soc.i_instr_sram.u_sram.gen_bank\[1\].gen_512.u_macro_din0\[28\] not found.
[STA-1648] /home/blogic2026/final_jtag/repo/asic/run/RUN_final_2026-09-06/56-openroad-rcx/nom/asic_top.nom.spef line 4534183, instance ANTENNA_i_soc.i_instr_sram.u_sram.gen_bank\[3\].gen_512.u_macro_din0\[28\] not found.
[STA-1648] /home/blogic2026/final_jtag/repo/asic/run/RUN_final_2026-09-06/56-openroad-rcx/nom/asic_top.nom.spef line 4534186, instance ANTENNA_i_soc.i_instr_sram.u_sram.gen_bank\[2\].gen_512.u_macro_din0\[28\] not found.
[STA-1648] /home/blogic2026/final_jtag/repo/asic/run/RUN_final_2026-09-06/56-openroad-rcx/nom/asic_top.nom.spef line 4534188, instance ANTENNA_i_soc.i_instr_sram.u_sram.gen_bank\[0\].gen_512.u_macro_din0\[28\] not found.
[STA-1648] /home/blogic2026/final_jtag/repo/asic/run/RUN_final_2026-09-06/56-openroad-rcx/nom/asic_top.nom.spef line 4534335, instance ANTENNA_i_soc.i_instr_sram.u_sram.gen_bank\[1\].gen_512.u_macro_din0\[29\] not found.
[STA-1648] /home/blogic2026/final_jtag/repo/asic/run/RUN_final_2026-09-06/56-openroad-rcx/nom/asic_top.nom.spef line 4534337, instance ANTENNA_i_soc.i_instr_sram.u_sram.gen_bank\[3\].gen_512.u_macro_din0\[29\] not found.
[STA-1648] /home/blogic2026/final_jtag/repo/asic/run/RUN_final_2026-09-06/56-openroad-rcx/nom/asic_top.nom.spef line 4534340, instance ANTENNA_i_soc.i_instr_sram.u_sram.gen_bank\[2\].gen_512.u_macro_din0\[29\] not found.
[STA-1648] /home/blogic2026/final_jtag/repo/asic/run/RUN_final_2026-09-06/56-openroad-rcx/nom/asic_top.nom.spef line 4534341, instance ANTENNA_i_soc.i_instr_sram.u_sram.gen_bank\[0\].gen_512.u_macro_din0\[29\] not found.
[STA-1648] /home/blogic2026/final_jtag/repo/asic/run/RUN_final_2026-09-06/56-openroad-rcx/nom/asic_top.nom.spef line 4534525, instance ANTENNA_i_soc.i_instr_sram.u_sram.gen_bank\[2\].gen_512.u_macro_din0\[2\] not found.
[STA-1648] /home/blogic2026/final_jtag/repo/asic/run/RUN_final_2026-09-06/56-openroad-rcx/nom/asic_top.nom.spef line 4534527, instance ANTENNA_i_soc.i_instr_sram.u_sram.gen_bank\[3\].gen_512.u_macro_din0\[2\] not found.
[STA-1648] /home/blogic2026/final_jtag/repo/asic/run/RUN_final_2026-09-06/56-openroad-rcx/nom/asic_top.nom.spef line 4534528, instance ANTENNA_i_soc.i_instr_sram.u_sram.gen_bank\[0\].gen_512.u_macro_din0\[2\] not found.
[STA-1648] /home/blogic2026/final_jtag/repo/asic/run/RUN_final_2026-09-06/56-openroad-rcx/nom/asic_top.nom.spef line 4534530, instance ANTENNA_i_soc.i_instr_sram.u_sram.gen_bank\[1\].gen_512.u_macro_din0\[2\] not found.
[STA-1648] /home/blogic2026/final_jtag/repo/asic/run/RUN_final_2026-09-06/56-openroad-rcx/nom/asic_top.nom.spef line 4534672, instance ANTENNA_i_soc.i_instr_sram.u_sram.gen_bank\[1\].gen_512.u_macro_din0\[30\] not found.
[STA-1648] /home/blogic2026/final_jtag/repo/asic/run/RUN_final_2026-09-06/56-openroad-rcx/nom/asic_top.nom.spef line 4534674, instance ANTENNA_i_soc.i_instr_sram.u_sram.gen_bank\[3\].gen_512.u_macro_din0\[30\] not found.
[STA-1648] /home/blogic2026/final_jtag/repo/asic/run/RUN_final_2026-09-06/56-openroad-rcx/nom/asic_top.nom.spef line 4534677, instance ANTENNA_i_soc.i_instr_sram.u_sram.gen_bank\[2\].gen_512.u_macro_din0\[30\] not found.
[STA-1648] /home/blogic2026/final_jtag/repo/asic/run/RUN_final_2026-09-06/56-openroad-rcx/nom/asic_top.nom.spef line 4534678, instance ANTENNA_i_soc.i_instr_sram.u_sram.gen_bank\[0\].gen_512.u_macro_din0\[30\] not found.
[STA-1648] /home/blogic2026/final_jtag/repo/asic/run/RUN_final_2026-09-06/56-openroad-rcx/nom/asic_top.nom.spef line 4534854, instance ANTENNA_i_soc.i_instr_sram.u_sram.gen_bank\[2\].gen_512.u_macro_din0\[31\] not found.
[STA-1648] /home/blogic2026/final_jtag/repo/asic/run/RUN_final_2026-09-06/56-openroad-rcx/nom/asic_top.nom.spef line 4534856, instance ANTENNA_i_soc.i_instr_sram.u_sram.gen_bank\[0\].gen_512.u_macro_din0\[31\] not found.
[STA-1648] /home/blogic2026/final_jtag/repo/asic/run/RUN_final_2026-09-06/56-openroad-rcx/nom/asic_top.nom.spef line 4534858, instance ANTENNA_i_soc.i_instr_sram.u_sram.gen_bank\[3\].gen_512.u_macro_din0\[31\] not found.
[STA-1648] /home/blogic2026/final_jtag/repo/asic/run/RUN_final_2026-09-06/56-openroad-rcx/nom/asic_top.nom.spef line 4534860, instance ANTENNA_i_soc.i_instr_sram.u_sram.gen_bank\[1\].gen_512.u_macro_din0\[31\] not found.
[STA-1648] /home/blogic2026/final_jtag/repo/asic/run/RUN_final_2026-09-06/56-openroad-rcx/nom/asic_top.nom.spef line 4535017, instance ANTENNA_i_soc.i_instr_sram.u_sram.gen_bank\[3\].gen_512.u_macro_din0\[3\] not found.
[STA-1648] /home/blogic2026/final_jtag/repo/asic/run/RUN_final_2026-09-06/56-openroad-rcx/nom/asic_top.nom.spef line 4535019, instance ANTENNA_i_soc.i_instr_sram.u_sram.gen_bank\[0\].gen_512.u_macro_din0\[3\] not found.
[STA-1648] /home/blogic2026/final_jtag/repo/asic/run/RUN_final_2026-09-06/56-openroad-rcx/nom/asic_top.nom.spef line 4535021, instance ANTENNA_i_soc.i_instr_sram.u_sram.gen_bank\[2\].gen_512.u_macro_din0\[3\] not found.
[STA-1648] /home/blogic2026/final_jtag/repo/asic/run/RUN_final_2026-09-06/56-openroad-rcx/nom/asic_top.nom.spef line 4535023, instance ANTENNA_i_soc.i_instr_sram.u_sram.gen_bank\[1\].gen_512.u_macro_din0\[3\] not found.
[STA-1648] /home/blogic2026/final_jtag/repo/asic/run/RUN_final_2026-09-06/56-openroad-rcx/nom/asic_top.nom.spef line 4535151, instance ANTENNA_i_soc.i_instr_sram.u_sram.gen_bank\[3\].gen_512.u_macro_din0\[4\] not found.
[STA-1648] /home/blogic2026/final_jtag/repo/asic/run/RUN_final_2026-09-06/56-openroad-rcx/nom/asic_top.nom.spef line 4535154, instance ANTENNA_i_soc.i_instr_sram.u_sram.gen_bank\[2\].gen_512.u_macro_din0\[4\] not found.
[STA-1648] /home/blogic2026/final_jtag/repo/asic/run/RUN_final_2026-09-06/56-openroad-rcx/nom/asic_top.nom.spef line 4535155, instance ANTENNA_i_soc.i_instr_sram.u_sram.gen_bank\[0\].gen_512.u_macro_din0\[4\] not found.
[STA-1648] /home/blogic2026/final_jtag/repo/asic/run/RUN_final_2026-09-06/56-openroad-rcx/nom/asic_top.nom.spef line 4535158, instance ANTENNA_i_soc.i_instr_sram.u_sram.gen_bank\[1\].gen_512.u_macro_din0\[4\] not found.
[STA-1648] /home/blogic2026/final_jtag/repo/asic/run/RUN_final_2026-09-06/56-openroad-rcx/nom/asic_top.nom.spef line 4535313, instance ANTENNA_i_soc.i_instr_sram.u_sram.gen_bank\[2\].gen_512.u_macro_din0\[5\] not found.
[STA-1648] /home/blogic2026/final_jtag/repo/asic/run/RUN_final_2026-09-06/56-openroad-rcx/nom/asic_top.nom.spef line 4535316, instance ANTENNA_i_soc.i_instr_sram.u_sram.gen_bank\[3\].gen_512.u_macro_din0\[5\] not found.
[STA-1648] /home/blogic2026/final_jtag/repo/asic/run/RUN_final_2026-09-06/56-openroad-rcx/nom/asic_top.nom.spef line 4535317, instance ANTENNA_i_soc.i_instr_sram.u_sram.gen_bank\[0\].gen_512.u_macro_din0\[5\] not found.
[STA-1648] /home/blogic2026/final_jtag/repo/asic/run/RUN_final_2026-09-06/56-openroad-rcx/nom/asic_top.nom.spef line 4535319, instance ANTENNA_i_soc.i_instr_sram.u_sram.gen_bank\[1\].gen_512.u_macro_din0\[5\] not found.
[STA-1648] /home/blogic2026/final_jtag/repo/asic/run/RUN_final_2026-09-06/56-openroad-rcx/nom/asic_top.nom.spef line 4535477, instance ANTENNA_i_soc.i_instr_sram.u_sram.gen_bank\[3\].gen_512.u_macro_din0\[6\] not found.
[STA-1648] /home/blogic2026/final_jtag/repo/asic/run/RUN_final_2026-09-06/56-openroad-rcx/nom/asic_top.nom.spef line 4535478, instance ANTENNA_i_soc.i_instr_sram.u_sram.gen_bank\[0\].gen_512.u_macro_din0\[6\] not found.
[STA-1648] /home/blogic2026/final_jtag/repo/asic/run/RUN_final_2026-09-06/56-openroad-rcx/nom/asic_top.nom.spef line 4535481, instance ANTENNA_i_soc.i_instr_sram.u_sram.gen_bank\[2\].gen_512.u_macro_din0\[6\] not found.
[STA-1648] /home/blogic2026/final_jtag/repo/asic/run/RUN_final_2026-09-06/56-openroad-rcx/nom/asic_top.nom.spef line 4535483, instance ANTENNA_i_soc.i_instr_sram.u_sram.gen_bank\[1\].gen_512.u_macro_din0\[6\] not found.
[STA-1648] /home/blogic2026/final_jtag/repo/asic/run/RUN_final_2026-09-06/56-openroad-rcx/nom/asic_top.nom.spef line 4535660, instance ANTENNA_i_soc.i_instr_sram.u_sram.gen_bank\[3\].gen_512.u_macro_din0\[7\] not found.
[STA-1648] /home/blogic2026/final_jtag/repo/asic/run/RUN_final_2026-09-06/56-openroad-rcx/nom/asic_top.nom.spef line 4535661, instance ANTENNA_i_soc.i_instr_sram.u_sram.gen_bank\[0\].gen_512.u_macro_din0\[7\] not found.
[STA-1648] /home/blogic2026/final_jtag/repo/asic/run/RUN_final_2026-09-06/56-openroad-rcx/nom/asic_top.nom.spef line 4535664, instance ANTENNA_i_soc.i_instr_sram.u_sram.gen_bank\[2\].gen_512.u_macro_din0\[7\] not found.
[STA-1648] /home/blogic2026/final_jtag/repo/asic/run/RUN_final_2026-09-06/56-openroad-rcx/nom/asic_top.nom.spef line 4535665, instance ANTENNA_i_soc.i_instr_sram.u_sram.gen_bank\[1\].gen_512.u_macro_din0\[7\] not found.
[STA-1648] /home/blogic2026/final_jtag/repo/asic/run/RUN_final_2026-09-06/56-openroad-rcx/nom/asic_top.nom.spef line 4535815, instance ANTENNA_i_soc.i_instr_sram.u_sram.gen_bank\[2\].gen_512.u_macro_din0\[8\] not found.
[STA-1648] /home/blogic2026/final_jtag/repo/asic/run/RUN_final_2026-09-06/56-openroad-rcx/nom/asic_top.nom.spef line 4535818, instance ANTENNA_i_soc.i_instr_sram.u_sram.gen_bank\[0\].gen_512.u_macro_din0\[8\] not found.
[STA-1648] /home/blogic2026/final_jtag/repo/asic/run/RUN_final_2026-09-06/56-openroad-rcx/nom/asic_top.nom.spef line 4535820, instance ANTENNA_i_soc.i_instr_sram.u_sram.gen_bank\[3\].gen_512.u_macro_din0\[8\] not found.
[STA-1648] /home/blogic2026/final_jtag/repo/asic/run/RUN_final_2026-09-06/56-openroad-rcx/nom/asic_top.nom.spef line 4535821, instance ANTENNA_i_soc.i_instr_sram.u_sram.gen_bank\[1\].gen_512.u_macro_din0\[8\] not found.
[STA-1648] /home/blogic2026/final_jtag/repo/asic/run/RUN_final_2026-09-06/56-openroad-rcx/nom/asic_top.nom.spef line 4535986, instance ANTENNA_i_soc.i_instr_sram.u_sram.gen_bank\[3\].gen_512.u_macro_din0\[9\] not found.
[STA-1648] /home/blogic2026/final_jtag/repo/asic/run/RUN_final_2026-09-06/56-openroad-rcx/nom/asic_top.nom.spef line 4535990, instance ANTENNA_i_soc.i_instr_sram.u_sram.gen_bank\[2\].gen_512.u_macro_din0\[9\] not found.
[STA-1648] /home/blogic2026/final_jtag/repo/asic/run/RUN_final_2026-09-06/56-openroad-rcx/nom/asic_top.nom.spef line 4535991, instance ANTENNA_i_soc.i_instr_sram.u_sram.gen_bank\[0\].gen_512.u_macro_din0\[9\] not found.
[STA-1648] /home/blogic2026/final_jtag/repo/asic/run/RUN_final_2026-09-06/56-openroad-rcx/nom/asic_top.nom.spef line 4535994, instance ANTENNA_i_soc.i_instr_sram.u_sram.gen_bank\[1\].gen_512.u_macro_din0\[9\] not found.
[STA-1648] /home/blogic2026/final_jtag/repo/asic/run/RUN_final_2026-09-06/56-openroad-rcx/nom/asic_top.nom.spef line 4537834, instance ANTENNA_i_soc.i_data_sram.u_sram.gen_bank\[3\].gen_512.u_macro_dout1\[0\] not found.
[STA-1648] /home/blogic2026/final_jtag/repo/asic/run/RUN_final_2026-09-06/56-openroad-rcx/nom/asic_top.nom.spef line 4538038, instance ANTENNA_i_soc.i_data_sram.u_sram.gen_bank\[3\].gen_512.u_macro_dout1\[10\] not found.
[STA-1648] /home/blogic2026/final_jtag/repo/asic/run/RUN_final_2026-09-06/56-openroad-rcx/nom/asic_top.nom.spef line 4538241, instance ANTENNA_i_soc.i_data_sram.u_sram.gen_bank\[3\].gen_512.u_macro_dout1\[11\] not found.
[STA-1648] /home/blogic2026/final_jtag/repo/asic/run/RUN_final_2026-09-06/56-openroad-rcx/nom/asic_top.nom.spef line 4538408, instance ANTENNA_i_soc.i_data_sram.u_sram.gen_bank\[3\].gen_512.u_macro_dout1\[12\] not found.
[STA-1648] /home/blogic2026/final_jtag/repo/asic/run/RUN_final_2026-09-06/56-openroad-rcx/nom/asic_top.nom.spef line 4538445, instance ANTENNA_i_soc.i_data_sram.u_sram.gen_bank\[3\].gen_512.u_macro_dout1\[13\] not found.
[STA-1648] /home/blogic2026/final_jtag/repo/asic/run/RUN_final_2026-09-06/56-openroad-rcx/nom/asic_top.nom.spef line 4538476, instance ANTENNA_i_soc.i_data_sram.u_sram.gen_bank\[3\].gen_512.u_macro_dout1\[14\] not found.
[STA-1648] /home/blogic2026/final_jtag/repo/asic/run/RUN_final_2026-09-06/56-openroad-rcx/nom/asic_top.nom.spef line 4538508, instance ANTENNA_i_soc.i_data_sram.u_sram.gen_bank\[3\].gen_512.u_macro_dout1\[15\] not found.
[STA-1648] /home/blogic2026/final_jtag/repo/asic/run/RUN_final_2026-09-06/56-openroad-rcx/nom/asic_top.nom.spef line 4538538, instance ANTENNA_i_soc.i_data_sram.u_sram.gen_bank\[3\].gen_512.u_macro_dout1\[16\] not found.
[STA-1648] /home/blogic2026/final_jtag/repo/asic/run/RUN_final_2026-09-06/56-openroad-rcx/nom/asic_top.nom.spef line 4538575, instance ANTENNA_i_soc.i_data_sram.u_sram.gen_bank\[3\].gen_512.u_macro_dout1\[17\] not found.
[STA-1648] /home/blogic2026/final_jtag/repo/asic/run/RUN_final_2026-09-06/56-openroad-rcx/nom/asic_top.nom.spef line 4538610, instance ANTENNA_i_soc.i_data_sram.u_sram.gen_bank\[3\].gen_512.u_macro_dout1\[18\] not found.
[STA-1648] /home/blogic2026/final_jtag/repo/asic/run/RUN_final_2026-09-06/56-openroad-rcx/nom/asic_top.nom.spef line 4538647, instance ANTENNA_i_soc.i_data_sram.u_sram.gen_bank\[3\].gen_512.u_macro_dout1\[19\] not found.
[STA-1648] /home/blogic2026/final_jtag/repo/asic/run/RUN_final_2026-09-06/56-openroad-rcx/nom/asic_top.nom.spef line 4538676, instance ANTENNA_i_soc.i_data_sram.u_sram.gen_bank\[3\].gen_512.u_macro_dout1\[1\] not found.
[STA-1648] /home/blogic2026/final_jtag/repo/asic/run/RUN_final_2026-09-06/56-openroad-rcx/nom/asic_top.nom.spef line 4538713, instance ANTENNA_i_soc.i_data_sram.u_sram.gen_bank\[3\].gen_512.u_macro_dout1\[20\] not found.
[STA-1648] /home/blogic2026/final_jtag/repo/asic/run/RUN_final_2026-09-06/56-openroad-rcx/nom/asic_top.nom.spef line 4538745, instance ANTENNA_i_soc.i_data_sram.u_sram.gen_bank\[3\].gen_512.u_macro_dout1\[21\] not found.
[STA-1648] /home/blogic2026/final_jtag/repo/asic/run/RUN_final_2026-09-06/56-openroad-rcx/nom/asic_top.nom.spef line 4538815, instance ANTENNA_i_soc.i_data_sram.u_sram.gen_bank\[3\].gen_512.u_macro_dout1\[24\] not found.
[STA-1648] /home/blogic2026/final_jtag/repo/asic/run/RUN_final_2026-09-06/56-openroad-rcx/nom/asic_top.nom.spef line 4538852, instance ANTENNA_i_soc.i_data_sram.u_sram.gen_bank\[3\].gen_512.u_macro_dout1\[25\] not found.
[STA-1648] /home/blogic2026/final_jtag/repo/asic/run/RUN_final_2026-09-06/56-openroad-rcx/nom/asic_top.nom.spef line 4538885, instance ANTENNA_i_soc.i_data_sram.u_sram.gen_bank\[3\].gen_512.u_macro_dout1\[26\] not found.
[STA-1648] /home/blogic2026/final_jtag/repo/asic/run/RUN_final_2026-09-06/56-openroad-rcx/nom/asic_top.nom.spef line 4538928, instance ANTENNA_i_soc.i_data_sram.u_sram.gen_bank\[3\].gen_512.u_macro_dout1\[27\] not found.
[STA-1648] /home/blogic2026/final_jtag/repo/asic/run/RUN_final_2026-09-06/56-openroad-rcx/nom/asic_top.nom.spef line 4538974, instance ANTENNA_i_soc.i_data_sram.u_sram.gen_bank\[3\].gen_512.u_macro_dout1\[29\] not found.
[STA-1648] /home/blogic2026/final_jtag/repo/asic/run/RUN_final_2026-09-06/56-openroad-rcx/nom/asic_top.nom.spef line 4539003, instance ANTENNA_i_soc.i_data_sram.u_sram.gen_bank\[3\].gen_512.u_macro_dout1\[2\] not found.
[STA-1648] /home/blogic2026/final_jtag/repo/asic/run/RUN_final_2026-09-06/56-openroad-rcx/nom/asic_top.nom.spef line 4539069, instance ANTENNA_i_soc.i_data_sram.u_sram.gen_bank\[2\].gen_512.u_macro_dout1\[0\] not found.
[STA-1648] /home/blogic2026/final_jtag/repo/asic/run/RUN_final_2026-09-06/56-openroad-rcx/nom/asic_top.nom.spef line 4539108, instance ANTENNA_i_soc.i_data_sram.u_sram.gen_bank\[2\].gen_512.u_macro_dout1\[1\] not found.
[STA-1648] /home/blogic2026/final_jtag/repo/asic/run/RUN_final_2026-09-06/56-openroad-rcx/nom/asic_top.nom.spef line 4539148, instance ANTENNA_i_soc.i_data_sram.u_sram.gen_bank\[2\].gen_512.u_macro_dout1\[2\] not found.
[STA-1648] /home/blogic2026/final_jtag/repo/asic/run/RUN_final_2026-09-06/56-openroad-rcx/nom/asic_top.nom.spef line 4539187, instance ANTENNA_i_soc.i_data_sram.u_sram.gen_bank\[2\].gen_512.u_macro_dout1\[3\] not found.
[STA-1648] /home/blogic2026/final_jtag/repo/asic/run/RUN_final_2026-09-06/56-openroad-rcx/nom/asic_top.nom.spef line 4539227, instance ANTENNA_i_soc.i_data_sram.u_sram.gen_bank\[2\].gen_512.u_macro_dout1\[4\] not found.
[STA-1648] /home/blogic2026/final_jtag/repo/asic/run/RUN_final_2026-09-06/56-openroad-rcx/nom/asic_top.nom.spef line 4539275, instance ANTENNA_i_soc.i_data_sram.u_sram.gen_bank\[2\].gen_512.u_macro_dout1\[5\] not found.
[STA-1648] /home/blogic2026/final_jtag/repo/asic/run/RUN_final_2026-09-06/56-openroad-rcx/nom/asic_top.nom.spef line 4539316, instance ANTENNA_i_soc.i_data_sram.u_sram.gen_bank\[2\].gen_512.u_macro_dout1\[6\] not found.
[STA-1648] /home/blogic2026/final_jtag/repo/asic/run/RUN_final_2026-09-06/56-openroad-rcx/nom/asic_top.nom.spef line 4539412, instance ANTENNA_i_soc.i_data_sram.u_sram.gen_bank\[2\].gen_512.u_macro_dout1\[7\] not found.
[STA-1648] /home/blogic2026/final_jtag/repo/asic/run/RUN_final_2026-09-06/56-openroad-rcx/nom/asic_top.nom.spef line 4539468, instance ANTENNA_i_soc.i_data_sram.u_sram.gen_bank\[3\].gen_512.u_macro_dout1\[3\] not found.
[STA-1648] /home/blogic2026/final_jtag/repo/asic/run/RUN_final_2026-09-06/56-openroad-rcx/nom/asic_top.nom.spef line 4539510, instance ANTENNA_i_soc.i_data_sram.u_sram.gen_bank\[2\].gen_512.u_macro_dout1\[8\] not found.
[STA-1648] /home/blogic2026/final_jtag/repo/asic/run/RUN_final_2026-09-06/56-openroad-rcx/nom/asic_top.nom.spef line 4539621, instance ANTENNA_i_soc.i_data_sram.u_sram.gen_bank\[2\].gen_512.u_macro_dout1\[9\] not found.
[STA-1648] /home/blogic2026/final_jtag/repo/asic/run/RUN_final_2026-09-06/56-openroad-rcx/nom/asic_top.nom.spef line 4539682, instance ANTENNA_i_soc.i_data_sram.u_sram.gen_bank\[2\].gen_512.u_macro_dout1\[11\] not found.
[STA-1648] /home/blogic2026/final_jtag/repo/asic/run/RUN_final_2026-09-06/56-openroad-rcx/nom/asic_top.nom.spef line 4539796, instance ANTENNA_i_soc.i_data_sram.u_sram.gen_bank\[2\].gen_512.u_macro_dout1\[12\] not found.
[STA-1648] /home/blogic2026/final_jtag/repo/asic/run/RUN_final_2026-09-06/56-openroad-rcx/nom/asic_top.nom.spef line 4539845, instance ANTENNA_i_soc.i_data_sram.u_sram.gen_bank\[2\].gen_512.u_macro_dout1\[13\] not found.
[STA-1648] /home/blogic2026/final_jtag/repo/asic/run/RUN_final_2026-09-06/56-openroad-rcx/nom/asic_top.nom.spef line 4539920, instance ANTENNA_i_soc.i_data_sram.u_sram.gen_bank\[2\].gen_512.u_macro_dout1\[14\] not found.
[STA-1648] /home/blogic2026/final_jtag/repo/asic/run/RUN_final_2026-09-06/56-openroad-rcx/nom/asic_top.nom.spef line 4539970, instance ANTENNA_i_soc.i_data_sram.u_sram.gen_bank\[2\].gen_512.u_macro_dout1\[15\] not found.
[STA-1648] /home/blogic2026/final_jtag/repo/asic/run/RUN_final_2026-09-06/56-openroad-rcx/nom/asic_top.nom.spef line 4540056, instance ANTENNA_i_soc.i_data_sram.u_sram.gen_bank\[2\].gen_512.u_macro_dout1\[16\] not found.
[STA-1648] /home/blogic2026/final_jtag/repo/asic/run/RUN_final_2026-09-06/56-openroad-rcx/nom/asic_top.nom.spef line 4540104, instance ANTENNA_i_soc.i_data_sram.u_sram.gen_bank\[2\].gen_512.u_macro_dout1\[17\] not found.
[STA-1648] /home/blogic2026/final_jtag/repo/asic/run/RUN_final_2026-09-06/56-openroad-rcx/nom/asic_top.nom.spef line 4540198, instance ANTENNA_i_soc.i_data_sram.u_sram.gen_bank\[3\].gen_512.u_macro_dout1\[4\] not found.
[STA-1648] /home/blogic2026/final_jtag/repo/asic/run/RUN_final_2026-09-06/56-openroad-rcx/nom/asic_top.nom.spef line 4540242, instance ANTENNA_i_soc.i_data_sram.u_sram.gen_bank\[2\].gen_512.u_macro_dout1\[18\] not found.
[STA-1648] /home/blogic2026/final_jtag/repo/asic/run/RUN_final_2026-09-06/56-openroad-rcx/nom/asic_top.nom.spef line 4540290, instance ANTENNA_i_soc.i_data_sram.u_sram.gen_bank\[2\].gen_512.u_macro_dout1\[19\] not found.
[STA-1648] /home/blogic2026/final_jtag/repo/asic/run/RUN_final_2026-09-06/56-openroad-rcx/nom/asic_top.nom.spef line 4540350, instance ANTENNA_i_soc.i_data_sram.u_sram.gen_bank\[2\].gen_512.u_macro_dout1\[20\] not found.
[STA-1648] /home/blogic2026/final_jtag/repo/asic/run/RUN_final_2026-09-06/56-openroad-rcx/nom/asic_top.nom.spef line 4540400, instance ANTENNA_i_soc.i_data_sram.u_sram.gen_bank\[2\].gen_512.u_macro_dout1\[21\] not found.
[STA-1648] /home/blogic2026/final_jtag/repo/asic/run/RUN_final_2026-09-06/56-openroad-rcx/nom/asic_top.nom.spef line 4540453, instance ANTENNA_i_soc.i_data_sram.u_sram.gen_bank\[2\].gen_512.u_macro_dout1\[22\] not found.
[STA-1648] /home/blogic2026/final_jtag/repo/asic/run/RUN_final_2026-09-06/56-openroad-rcx/nom/asic_top.nom.spef line 4540499, instance ANTENNA_i_soc.i_data_sram.u_sram.gen_bank\[2\].gen_512.u_macro_dout1\[23\] not found.
[STA-1648] /home/blogic2026/final_jtag/repo/asic/run/RUN_final_2026-09-06/56-openroad-rcx/nom/asic_top.nom.spef line 4540549, instance ANTENNA_i_soc.i_data_sram.u_sram.gen_bank\[2\].gen_512.u_macro_dout1\[24\] not found.
[STA-1648] /home/blogic2026/final_jtag/repo/asic/run/RUN_final_2026-09-06/56-openroad-rcx/nom/asic_top.nom.spef line 4540600, instance ANTENNA_i_soc.i_data_sram.u_sram.gen_bank\[2\].gen_512.u_macro_dout1\[25\] not found.
[STA-1648] /home/blogic2026/final_jtag/repo/asic/run/RUN_final_2026-09-06/56-openroad-rcx/nom/asic_top.nom.spef line 4540660, instance ANTENNA_i_soc.i_data_sram.u_sram.gen_bank\[2\].gen_512.u_macro_dout1\[26\] not found.
[STA-1648] /home/blogic2026/final_jtag/repo/asic/run/RUN_final_2026-09-06/56-openroad-rcx/nom/asic_top.nom.spef line 4540728, instance ANTENNA_i_soc.i_data_sram.u_sram.gen_bank\[2\].gen_512.u_macro_dout1\[27\] not found.
[STA-1648] /home/blogic2026/final_jtag/repo/asic/run/RUN_final_2026-09-06/56-openroad-rcx/nom/asic_top.nom.spef line 4540766, instance ANTENNA_i_soc.i_data_sram.u_sram.gen_bank\[3\].gen_512.u_macro_dout1\[5\] not found.
[STA-1648] /home/blogic2026/final_jtag/repo/asic/run/RUN_final_2026-09-06/56-openroad-rcx/nom/asic_top.nom.spef line 4540804, instance ANTENNA_i_soc.i_data_sram.u_sram.gen_bank\[2\].gen_512.u_macro_dout1\[28\] not found.
[STA-1648] /home/blogic2026/final_jtag/repo/asic/run/RUN_final_2026-09-06/56-openroad-rcx/nom/asic_top.nom.spef line 4540843, instance ANTENNA_i_soc.i_data_sram.u_sram.gen_bank\[2\].gen_512.u_macro_dout1\[29\] not found.
[STA-1648] /home/blogic2026/final_jtag/repo/asic/run/RUN_final_2026-09-06/56-openroad-rcx/nom/asic_top.nom.spef line 4540886, instance ANTENNA_i_soc.i_data_sram.u_sram.gen_bank\[2\].gen_512.u_macro_dout1\[30\] not found.
[STA-1648] /home/blogic2026/final_jtag/repo/asic/run/RUN_final_2026-09-06/56-openroad-rcx/nom/asic_top.nom.spef line 4540924, instance ANTENNA_i_soc.i_data_sram.u_sram.gen_bank\[2\].gen_512.u_macro_dout1\[31\] not found.
[STA-1648] /home/blogic2026/final_jtag/repo/asic/run/RUN_final_2026-09-06/56-openroad-rcx/nom/asic_top.nom.spef line 4540966, instance ANTENNA_i_soc.i_data_sram.u_sram.gen_bank\[1\].gen_512.u_macro_dout1\[0\] not found.
[STA-1648] /home/blogic2026/final_jtag/repo/asic/run/RUN_final_2026-09-06/56-openroad-rcx/nom/asic_top.nom.spef line 4541006, instance ANTENNA_i_soc.i_data_sram.u_sram.gen_bank\[1\].gen_512.u_macro_dout1\[1\] not found.
[STA-1648] /home/blogic2026/final_jtag/repo/asic/run/RUN_final_2026-09-06/56-openroad-rcx/nom/asic_top.nom.spef line 4541111, instance ANTENNA_i_soc.i_data_sram.u_sram.gen_bank\[3\].gen_512.u_macro_dout1\[6\] not found.
[STA-1648] /home/blogic2026/final_jtag/repo/asic/run/RUN_final_2026-09-06/56-openroad-rcx/nom/asic_top.nom.spef line 4541357, instance ANTENNA_i_soc.i_data_sram.u_sram.gen_bank\[3\].gen_512.u_macro_dout1\[7\] not found.
[STA-1648] /home/blogic2026/final_jtag/repo/asic/run/RUN_final_2026-09-06/56-openroad-rcx/nom/asic_top.nom.spef line 4541568, instance ANTENNA_i_soc.i_data_sram.u_sram.gen_bank\[3\].gen_512.u_macro_dout1\[8\] not found.
[STA-1648] /home/blogic2026/final_jtag/repo/asic/run/RUN_final_2026-09-06/56-openroad-rcx/nom/asic_top.nom.spef line 4541791, instance ANTENNA_i_soc.i_data_sram.u_sram.gen_bank\[3\].gen_512.u_macro_dout1\[9\] not found.
[STA-1648] /home/blogic2026/final_jtag/repo/asic/run/RUN_final_2026-09-06/56-openroad-rcx/nom/asic_top.nom.spef line 4716909, instance ANTENNA_i_soc.i_instr_sram.u_sram.gen_bank\[3\].gen_512.u_macro_dout1\[0\] not found.
[STA-1648] /home/blogic2026/final_jtag/repo/asic/run/RUN_final_2026-09-06/56-openroad-rcx/nom/asic_top.nom.spef line 4717126, instance ANTENNA_i_soc.i_instr_sram.u_sram.gen_bank\[3\].gen_512.u_macro_dout1\[10\] not found.
[STA-1648] /home/blogic2026/final_jtag/repo/asic/run/RUN_final_2026-09-06/56-openroad-rcx/nom/asic_top.nom.spef line 4717364, instance ANTENNA_i_soc.i_instr_sram.u_sram.gen_bank\[3\].gen_512.u_macro_dout1\[11\] not found.
[STA-1648] /home/blogic2026/final_jtag/repo/asic/run/RUN_final_2026-09-06/56-openroad-rcx/nom/asic_top.nom.spef line 4717655, instance ANTENNA_i_soc.i_instr_sram.u_sram.gen_bank\[3\].gen_512.u_macro_dout1\[12\] not found.
[STA-1648] /home/blogic2026/final_jtag/repo/asic/run/RUN_final_2026-09-06/56-openroad-rcx/nom/asic_top.nom.spef line 4717724, instance ANTENNA_i_soc.i_instr_sram.u_sram.gen_bank\[3\].gen_512.u_macro_dout1\[13\] not found.
[STA-1648] /home/blogic2026/final_jtag/repo/asic/run/RUN_final_2026-09-06/56-openroad-rcx/nom/asic_top.nom.spef line 4717782, instance ANTENNA_i_soc.i_instr_sram.u_sram.gen_bank\[3\].gen_512.u_macro_dout1\[14\] not found.
[STA-1648] /home/blogic2026/final_jtag/repo/asic/run/RUN_final_2026-09-06/56-openroad-rcx/nom/asic_top.nom.spef line 4717843, instance ANTENNA_i_soc.i_instr_sram.u_sram.gen_bank\[3\].gen_512.u_macro_dout1\[15\] not found.
[STA-1648] /home/blogic2026/final_jtag/repo/asic/run/RUN_final_2026-09-06/56-openroad-rcx/nom/asic_top.nom.spef line 4717905, instance ANTENNA_i_soc.i_instr_sram.u_sram.gen_bank\[3\].gen_512.u_macro_dout1\[16\] not found.
[STA-1648] /home/blogic2026/final_jtag/repo/asic/run/RUN_final_2026-09-06/56-openroad-rcx/nom/asic_top.nom.spef line 4717952, instance ANTENNA_i_soc.i_instr_sram.u_sram.gen_bank\[3\].gen_512.u_macro_dout1\[17\] not found.
[STA-1648] /home/blogic2026/final_jtag/repo/asic/run/RUN_final_2026-09-06/56-openroad-rcx/nom/asic_top.nom.spef line 4718022, instance ANTENNA_i_soc.i_instr_sram.u_sram.gen_bank\[3\].gen_512.u_macro_dout1\[18\] not found.
[STA-1648] /home/blogic2026/final_jtag/repo/asic/run/RUN_final_2026-09-06/56-openroad-rcx/nom/asic_top.nom.spef line 4718063, instance ANTENNA_i_soc.i_instr_sram.u_sram.gen_bank\[3\].gen_512.u_macro_dout1\[19\] not found.
[STA-1648] /home/blogic2026/final_jtag/repo/asic/run/RUN_final_2026-09-06/56-openroad-rcx/nom/asic_top.nom.spef line 4718112, instance ANTENNA_i_soc.i_instr_sram.u_sram.gen_bank\[3\].gen_512.u_macro_dout1\[1\] not found.
[STA-1648] /home/blogic2026/final_jtag/repo/asic/run/RUN_final_2026-09-06/56-openroad-rcx/nom/asic_top.nom.spef line 4718154, instance ANTENNA_i_soc.i_instr_sram.u_sram.gen_bank\[3\].gen_512.u_macro_dout1\[20\] not found.
[STA-1648] /home/blogic2026/final_jtag/repo/asic/run/RUN_final_2026-09-06/56-openroad-rcx/nom/asic_top.nom.spef line 4718218, instance ANTENNA_i_soc.i_instr_sram.u_sram.gen_bank\[3\].gen_512.u_macro_dout1\[21\] not found.
[STA-1648] /home/blogic2026/final_jtag/repo/asic/run/RUN_final_2026-09-06/56-openroad-rcx/nom/asic_top.nom.spef line 4718282, instance ANTENNA_i_soc.i_instr_sram.u_sram.gen_bank\[3\].gen_512.u_macro_dout1\[22\] not found.
[STA-1648] /home/blogic2026/final_jtag/repo/asic/run/RUN_final_2026-09-06/56-openroad-rcx/nom/asic_top.nom.spef line 4718347, instance ANTENNA_i_soc.i_instr_sram.u_sram.gen_bank\[3\].gen_512.u_macro_dout1\[23\] not found.
[STA-1648] /home/blogic2026/final_jtag/repo/asic/run/RUN_final_2026-09-06/56-openroad-rcx/nom/asic_top.nom.spef line 4718398, instance ANTENNA_i_soc.i_instr_sram.u_sram.gen_bank\[3\].gen_512.u_macro_dout1\[24\] not found.
[STA-1648] /home/blogic2026/final_jtag/repo/asic/run/RUN_final_2026-09-06/56-openroad-rcx/nom/asic_top.nom.spef line 4718447, instance ANTENNA_i_soc.i_instr_sram.u_sram.gen_bank\[3\].gen_512.u_macro_dout1\[25\] not found.
[STA-1648] /home/blogic2026/final_jtag/repo/asic/run/RUN_final_2026-09-06/56-openroad-rcx/nom/asic_top.nom.spef line 4718497, instance ANTENNA_i_soc.i_instr_sram.u_sram.gen_bank\[3\].gen_512.u_macro_dout1\[26\] not found.
[STA-1648] /home/blogic2026/final_jtag/repo/asic/run/RUN_final_2026-09-06/56-openroad-rcx/nom/asic_top.nom.spef line 4718547, instance ANTENNA_i_soc.i_instr_sram.u_sram.gen_bank\[3\].gen_512.u_macro_dout1\[27\] not found.
[STA-1648] /home/blogic2026/final_jtag/repo/asic/run/RUN_final_2026-09-06/56-openroad-rcx/nom/asic_top.nom.spef line 4718597, instance ANTENNA_i_soc.i_instr_sram.u_sram.gen_bank\[3\].gen_512.u_macro_dout1\[28\] not found.
[STA-1648] /home/blogic2026/final_jtag/repo/asic/run/RUN_final_2026-09-06/56-openroad-rcx/nom/asic_top.nom.spef line 4718633, instance ANTENNA_i_soc.i_instr_sram.u_sram.gen_bank\[3\].gen_512.u_macro_dout1\[29\] not found.
[STA-1648] /home/blogic2026/final_jtag/repo/asic/run/RUN_final_2026-09-06/56-openroad-rcx/nom/asic_top.nom.spef line 4718673, instance ANTENNA_i_soc.i_instr_sram.u_sram.gen_bank\[3\].gen_512.u_macro_dout1\[2\] not found.
[STA-1648] /home/blogic2026/final_jtag/repo/asic/run/RUN_final_2026-09-06/56-openroad-rcx/nom/asic_top.nom.spef line 4718721, instance ANTENNA_i_soc.i_instr_sram.u_sram.gen_bank\[3\].gen_512.u_macro_dout1\[30\] not found.
[STA-1648] /home/blogic2026/final_jtag/repo/asic/run/RUN_final_2026-09-06/56-openroad-rcx/nom/asic_top.nom.spef line 4718766, instance ANTENNA_i_soc.i_instr_sram.u_sram.gen_bank\[3\].gen_512.u_macro_dout1\[31\] not found.
[STA-1648] /home/blogic2026/final_jtag/repo/asic/run/RUN_final_2026-09-06/56-openroad-rcx/nom/asic_top.nom.spef line 4718906, instance ANTENNA_i_soc.i_instr_sram.u_sram.gen_bank\[3\].gen_512.u_macro_dout1\[3\] not found.
[STA-1648] /home/blogic2026/final_jtag/repo/asic/run/RUN_final_2026-09-06/56-openroad-rcx/nom/asic_top.nom.spef line 4719090, instance ANTENNA_i_soc.i_instr_sram.u_sram.gen_bank\[3\].gen_512.u_macro_dout1\[4\] not found.
[STA-1648] /home/blogic2026/final_jtag/repo/asic/run/RUN_final_2026-09-06/56-openroad-rcx/nom/asic_top.nom.spef line 4719137, instance ANTENNA_i_soc.i_instr_sram.u_sram.gen_bank\[2\].gen_512.u_macro_dout1\[18\] not found.
[STA-1648] /home/blogic2026/final_jtag/repo/asic/run/RUN_final_2026-09-06/56-openroad-rcx/nom/asic_top.nom.spef line 4719305, instance ANTENNA_i_soc.i_instr_sram.u_sram.gen_bank\[3\].gen_512.u_macro_dout1\[5\] not found.
[STA-1648] /home/blogic2026/final_jtag/repo/asic/run/RUN_final_2026-09-06/56-openroad-rcx/nom/asic_top.nom.spef line 4719517, instance ANTENNA_i_soc.i_instr_sram.u_sram.gen_bank\[3\].gen_512.u_macro_dout1\[6\] not found.
[STA-1648] /home/blogic2026/final_jtag/repo/asic/run/RUN_final_2026-09-06/56-openroad-rcx/nom/asic_top.nom.spef line 4719731, instance ANTENNA_i_soc.i_instr_sram.u_sram.gen_bank\[3\].gen_512.u_macro_dout1\[7\] not found.
[STA-1648] /home/blogic2026/final_jtag/repo/asic/run/RUN_final_2026-09-06/56-openroad-rcx/nom/asic_top.nom.spef line 4719934, instance ANTENNA_i_soc.i_instr_sram.u_sram.gen_bank\[3\].gen_512.u_macro_dout1\[8\] not found.
[STA-1648] /home/blogic2026/final_jtag/repo/asic/run/RUN_final_2026-09-06/56-openroad-rcx/nom/asic_top.nom.spef line 4720148, instance ANTENNA_i_soc.i_instr_sram.u_sram.gen_bank\[3\].gen_512.u_macro_dout1\[9\] not found.
[STA-1648] /home/blogic2026/final_jtag/repo/asic/run/RUN_final_2026-09-06/56-openroad-rcx/nom/asic_top.nom.spef line 5202404, instance ANTENNA_i_soc.i_ai_sram.u_sram.gen_bank\[3\].gen_512.u_macro_addr1\[7\] not found.
[STA-1648] /home/blogic2026/final_jtag/repo/asic/run/RUN_final_2026-09-06/56-openroad-rcx/nom/asic_top.nom.spef line 5202896, instance ANTENNA_i_soc.i_ai_sram.u_sram.gen_bank\[0\].gen_512.u_macro_addr1\[5\] not found.
[STA-1648] /home/blogic2026/final_jtag/repo/asic/run/RUN_final_2026-09-06/56-openroad-rcx/nom/asic_top.nom.spef line 5203182, instance ANTENNA_i_soc.i_ai_sram.u_sram.gen_bank\[1\].gen_512.u_macro_addr1\[5\] not found.
[STA-1648] /home/blogic2026/final_jtag/repo/asic/run/RUN_final_2026-09-06/56-openroad-rcx/nom/asic_top.nom.spef line 5203329, instance ANTENNA_i_soc.i_ai_sram.u_sram.gen_bank\[2\].gen_512.u_macro_addr1\[5\] not found.
[STA-1648] /home/blogic2026/final_jtag/repo/asic/run/RUN_final_2026-09-06/56-openroad-rcx/nom/asic_top.nom.spef line 5203392, instance ANTENNA_i_soc.i_ai_sram.u_sram.gen_bank\[3\].gen_512.u_macro_addr1\[5\] not found.
[STA-1648] /home/blogic2026/final_jtag/repo/asic/run/RUN_final_2026-09-06/56-openroad-rcx/nom/asic_top.nom.spef line 5247592, instance ANTENNA_i_soc.i_ai_sram.u_sram.gen_bank\[0\].gen_512.u_macro_addr1\[6\] not found.
[STA-1648] /home/blogic2026/final_jtag/repo/asic/run/RUN_final_2026-09-06/56-openroad-rcx/nom/asic_top.nom.spef line 5247677, instance ANTENNA_i_soc.i_ai_sram.u_sram.gen_bank\[1\].gen_512.u_macro_addr1\[6\] not found.
[STA-1648] /home/blogic2026/final_jtag/repo/asic/run/RUN_final_2026-09-06/56-openroad-rcx/nom/asic_top.nom.spef line 5248193, instance ANTENNA_i_soc.i_ai_sram.u_sram.gen_bank\[2\].gen_512.u_macro_addr1\[6\] not found.
[STA-1648] /home/blogic2026/final_jtag/repo/asic/run/RUN_final_2026-09-06/56-openroad-rcx/nom/asic_top.nom.spef line 5248252, instance ANTENNA_i_soc.i_ai_sram.u_sram.gen_bank\[3\].gen_512.u_macro_addr1\[6\] not found.
[STA-1648] /home/blogic2026/final_jtag/repo/asic/run/RUN_final_2026-09-06/56-openroad-rcx/nom/asic_top.nom.spef line 5249131, instance ANTENNA_i_soc.i_ai_sram.u_sram.gen_bank\[0\].gen_512.u_macro_addr1\[4\] not found.
[STA-1648] /home/blogic2026/final_jtag/repo/asic/run/RUN_final_2026-09-06/56-openroad-rcx/nom/asic_top.nom.spef line 5249216, instance ANTENNA_i_soc.i_ai_sram.u_sram.gen_bank\[1\].gen_512.u_macro_addr1\[4\] not found.
[STA-1648] /home/blogic2026/final_jtag/repo/asic/run/RUN_final_2026-09-06/56-openroad-rcx/nom/asic_top.nom.spef line 5249482, instance ANTENNA_i_soc.i_ai_sram.u_sram.gen_bank\[2\].gen_512.u_macro_addr1\[4\] not found.
[STA-1648] /home/blogic2026/final_jtag/repo/asic/run/RUN_final_2026-09-06/56-openroad-rcx/nom/asic_top.nom.spef line 5249540, instance ANTENNA_i_soc.i_ai_sram.u_sram.gen_bank\[3\].gen_512.u_macro_addr1\[4\] not found.
[STA-1648] /home/blogic2026/final_jtag/repo/asic/run/RUN_final_2026-09-06/56-openroad-rcx/nom/asic_top.nom.spef line 5249940, instance ANTENNA_i_soc.i_ai_sram.u_sram.gen_bank\[0\].gen_512.u_macro_addr1\[3\] not found.
[STA-1648] /home/blogic2026/final_jtag/repo/asic/run/RUN_final_2026-09-06/56-openroad-rcx/nom/asic_top.nom.spef line 5250405, instance ANTENNA_i_soc.i_ai_sram.u_sram.gen_bank\[1\].gen_512.u_macro_addr1\[3\] not found.
[STA-1648] /home/blogic2026/final_jtag/repo/asic/run/RUN_final_2026-09-06/56-openroad-rcx/nom/asic_top.nom.spef line 5250553, instance ANTENNA_i_soc.i_ai_sram.u_sram.gen_bank\[2\].gen_512.u_macro_addr1\[3\] not found.
[STA-1648] /home/blogic2026/final_jtag/repo/asic/run/RUN_final_2026-09-06/56-openroad-rcx/nom/asic_top.nom.spef line 5250888, instance ANTENNA_i_soc.i_ai_sram.u_sram.gen_bank\[3\].gen_512.u_macro_addr1\[3\] not found.
[STA-1648] /home/blogic2026/final_jtag/repo/asic/run/RUN_final_2026-09-06/56-openroad-rcx/nom/asic_top.nom.spef line 5251260, instance ANTENNA_i_soc.i_ai_sram.u_sram.gen_bank\[8\].gen_512.u_macro_din0\[30\] not found.
[STA-1648] /home/blogic2026/final_jtag/repo/asic/run/RUN_final_2026-09-06/56-openroad-rcx/nom/asic_top.nom.spef line 5251262, instance ANTENNA_i_soc.i_ai_sram.u_sram.gen_bank\[4\].gen_512.u_macro_din0\[30\] not found.
[STA-1648] /home/blogic2026/final_jtag/repo/asic/run/RUN_final_2026-09-06/56-openroad-rcx/nom/asic_top.nom.spef line 5251264, instance ANTENNA_i_soc.i_ai_sram.u_sram.gen_bank\[0\].gen_512.u_macro_din0\[30\] not found.
[STA-1648] /home/blogic2026/final_jtag/repo/asic/run/RUN_final_2026-09-06/56-openroad-rcx/nom/asic_top.nom.spef line 5251265, instance ANTENNA_i_soc.i_ai_sram.u_sram.gen_bank\[12\].gen_512.u_macro_din0\[30\] not found.
[STA-1648] /home/blogic2026/final_jtag/repo/asic/run/RUN_final_2026-09-06/56-openroad-rcx/nom/asic_top.nom.spef line 5251397, instance ANTENNA_i_soc.i_ai_sram.u_sram.gen_bank\[9\].gen_512.u_macro_din0\[30\] not found.
[STA-1648] /home/blogic2026/final_jtag/repo/asic/run/RUN_final_2026-09-06/56-openroad-rcx/nom/asic_top.nom.spef line 5251399, instance ANTENNA_i_soc.i_ai_sram.u_sram.gen_bank\[5\].gen_512.u_macro_din0\[30\] not found.
[STA-1648] /home/blogic2026/final_jtag/repo/asic/run/RUN_final_2026-09-06/56-openroad-rcx/nom/asic_top.nom.spef line 5251401, instance ANTENNA_i_soc.i_ai_sram.u_sram.gen_bank\[1\].gen_512.u_macro_din0\[30\] not found.
[STA-1648] /home/blogic2026/final_jtag/repo/asic/run/RUN_final_2026-09-06/56-openroad-rcx/nom/asic_top.nom.spef line 5251541, instance ANTENNA_i_soc.i_ai_sram.u_sram.gen_bank\[11\].gen_512.u_macro_din0\[30\] not found.
[STA-1648] /home/blogic2026/final_jtag/repo/asic/run/RUN_final_2026-09-06/56-openroad-rcx/nom/asic_top.nom.spef line 5251542, instance ANTENNA_i_soc.i_ai_sram.u_sram.gen_bank\[7\].gen_512.u_macro_din0\[30\] not found.
[STA-1648] /home/blogic2026/final_jtag/repo/asic/run/RUN_final_2026-09-06/56-openroad-rcx/nom/asic_top.nom.spef line 5251544, instance ANTENNA_i_soc.i_ai_sram.u_sram.gen_bank\[3\].gen_512.u_macro_din0\[30\] not found.
[STA-1648] /home/blogic2026/final_jtag/repo/asic/run/RUN_final_2026-09-06/56-openroad-rcx/nom/asic_top.nom.spef line 5251705, instance ANTENNA_i_soc.i_ai_sram.u_sram.gen_bank\[14\].gen_512.u_macro_din0\[30\] not found.
[STA-1648] /home/blogic2026/final_jtag/repo/asic/run/RUN_final_2026-09-06/56-openroad-rcx/nom/asic_top.nom.spef line 5251708, instance ANTENNA_i_soc.i_ai_sram.u_sram.gen_bank\[6\].gen_512.u_macro_din0\[30\] not found.
[STA-1648] /home/blogic2026/final_jtag/repo/asic/run/RUN_final_2026-09-06/56-openroad-rcx/nom/asic_top.nom.spef line 5251710, instance ANTENNA_i_soc.i_ai_sram.u_sram.gen_bank\[2\].gen_512.u_macro_din0\[30\] not found.
[STA-1648] /home/blogic2026/final_jtag/repo/asic/run/RUN_final_2026-09-06/56-openroad-rcx/nom/asic_top.nom.spef line 5251714, instance ANTENNA_i_soc.i_ai_sram.u_sram.gen_bank\[10\].gen_512.u_macro_din0\[30\] not found.
[STA-1648] /home/blogic2026/final_jtag/repo/asic/run/RUN_final_2026-09-06/56-openroad-rcx/nom/asic_top.nom.spef line 5251953, instance ANTENNA_i_soc.i_ai_sram.u_sram.gen_bank\[13\].gen_512.u_macro_din0\[30\] not found.
[STA-1648] /home/blogic2026/final_jtag/repo/asic/run/RUN_final_2026-09-06/56-openroad-rcx/nom/asic_top.nom.spef line 5252112, instance ANTENNA_i_soc.i_ai_sram.u_sram.gen_bank\[8\].gen_512.u_macro_din0\[28\] not found.
[STA-1648] /home/blogic2026/final_jtag/repo/asic/run/RUN_final_2026-09-06/56-openroad-rcx/nom/asic_top.nom.spef line 5252114, instance ANTENNA_i_soc.i_ai_sram.u_sram.gen_bank\[4\].gen_512.u_macro_din0\[28\] not found.
[STA-1648] /home/blogic2026/final_jtag/repo/asic/run/RUN_final_2026-09-06/56-openroad-rcx/nom/asic_top.nom.spef line 5252116, instance ANTENNA_i_soc.i_ai_sram.u_sram.gen_bank\[0\].gen_512.u_macro_din0\[28\] not found.
[STA-1648] /home/blogic2026/final_jtag/repo/asic/run/RUN_final_2026-09-06/56-openroad-rcx/nom/asic_top.nom.spef line 5252117, instance ANTENNA_i_soc.i_ai_sram.u_sram.gen_bank\[12\].gen_512.u_macro_din0\[28\] not found.
[STA-1648] /home/blogic2026/final_jtag/repo/asic/run/RUN_final_2026-09-06/56-openroad-rcx/nom/asic_top.nom.spef line 5252310, instance ANTENNA_i_soc.i_ai_sram.u_sram.gen_bank\[9\].gen_512.u_macro_din0\[28\] not found.
[STA-1648] /home/blogic2026/final_jtag/repo/asic/run/RUN_final_2026-09-06/56-openroad-rcx/nom/asic_top.nom.spef line 5252312, instance ANTENNA_i_soc.i_ai_sram.u_sram.gen_bank\[5\].gen_512.u_macro_din0\[28\] not found.
[STA-1648] /home/blogic2026/final_jtag/repo/asic/run/RUN_final_2026-09-06/56-openroad-rcx/nom/asic_top.nom.spef line 5252314, instance ANTENNA_i_soc.i_ai_sram.u_sram.gen_bank\[1\].gen_512.u_macro_din0\[28\] not found.
[STA-1648] /home/blogic2026/final_jtag/repo/asic/run/RUN_final_2026-09-06/56-openroad-rcx/nom/asic_top.nom.spef line 5252446, instance ANTENNA_i_soc.i_ai_sram.u_sram.gen_bank\[11\].gen_512.u_macro_din0\[28\] not found.
[STA-1648] /home/blogic2026/final_jtag/repo/asic/run/RUN_final_2026-09-06/56-openroad-rcx/nom/asic_top.nom.spef line 5252448, instance ANTENNA_i_soc.i_ai_sram.u_sram.gen_bank\[7\].gen_512.u_macro_din0\[28\] not found.
[STA-1648] /home/blogic2026/final_jtag/repo/asic/run/RUN_final_2026-09-06/56-openroad-rcx/nom/asic_top.nom.spef line 5252450, instance ANTENNA_i_soc.i_ai_sram.u_sram.gen_bank\[3\].gen_512.u_macro_din0\[28\] not found.
[STA-1648] /home/blogic2026/final_jtag/repo/asic/run/RUN_final_2026-09-06/56-openroad-rcx/nom/asic_top.nom.spef line 5252549, instance ANTENNA_i_soc.i_ai_sram.u_sram.gen_bank\[14\].gen_512.u_macro_din0\[28\] not found.
[STA-1648] /home/blogic2026/final_jtag/repo/asic/run/RUN_final_2026-09-06/56-openroad-rcx/nom/asic_top.nom.spef line 5252553, instance ANTENNA_i_soc.i_ai_sram.u_sram.gen_bank\[10\].gen_512.u_macro_din0\[28\] not found.
[STA-1648] /home/blogic2026/final_jtag/repo/asic/run/RUN_final_2026-09-06/56-openroad-rcx/nom/asic_top.nom.spef line 5252555, instance ANTENNA_i_soc.i_ai_sram.u_sram.gen_bank\[6\].gen_512.u_macro_din0\[28\] not found.
[STA-1648] /home/blogic2026/final_jtag/repo/asic/run/RUN_final_2026-09-06/56-openroad-rcx/nom/asic_top.nom.spef line 5252557, instance ANTENNA_i_soc.i_ai_sram.u_sram.gen_bank\[2\].gen_512.u_macro_din0\[28\] not found.
[STA-1648] /home/blogic2026/final_jtag/repo/asic/run/RUN_final_2026-09-06/56-openroad-rcx/nom/asic_top.nom.spef line 5252732, instance ANTENNA_i_soc.i_ai_sram.u_sram.gen_bank\[13\].gen_512.u_macro_din0\[28\] not found.
[STA-1648] /home/blogic2026/final_jtag/repo/asic/run/RUN_final_2026-09-06/56-openroad-rcx/nom/asic_top.nom.spef line 5252890, instance ANTENNA_i_soc.i_ai_sram.u_sram.gen_bank\[4\].gen_512.u_macro_din0\[26\] not found.
[STA-1648] /home/blogic2026/final_jtag/repo/asic/run/RUN_final_2026-09-06/56-openroad-rcx/nom/asic_top.nom.spef line 5252892, instance ANTENNA_i_soc.i_ai_sram.u_sram.gen_bank\[0\].gen_512.u_macro_din0\[26\] not found.
[STA-1648] /home/blogic2026/final_jtag/repo/asic/run/RUN_final_2026-09-06/56-openroad-rcx/nom/asic_top.nom.spef line 5252893, instance ANTENNA_i_soc.i_ai_sram.u_sram.gen_bank\[8\].gen_512.u_macro_din0\[26\] not found.
[STA-1648] /home/blogic2026/final_jtag/repo/asic/run/RUN_final_2026-09-06/56-openroad-rcx/nom/asic_top.nom.spef line 5252895, instance ANTENNA_i_soc.i_ai_sram.u_sram.gen_bank\[12\].gen_512.u_macro_din0\[26\] not found.
[STA-1648] /home/blogic2026/final_jtag/repo/asic/run/RUN_final_2026-09-06/56-openroad-rcx/nom/asic_top.nom.spef line 5253076, instance ANTENNA_i_soc.i_ai_sram.u_sram.gen_bank\[9\].gen_512.u_macro_din0\[26\] not found.
[STA-1648] /home/blogic2026/final_jtag/repo/asic/run/RUN_final_2026-09-06/56-openroad-rcx/nom/asic_top.nom.spef line 5253078, instance ANTENNA_i_soc.i_ai_sram.u_sram.gen_bank\[5\].gen_512.u_macro_din0\[26\] not found.
[STA-1648] /home/blogic2026/final_jtag/repo/asic/run/RUN_final_2026-09-06/56-openroad-rcx/nom/asic_top.nom.spef line 5253080, instance ANTENNA_i_soc.i_ai_sram.u_sram.gen_bank\[1\].gen_512.u_macro_din0\[26\] not found.
[STA-1648] /home/blogic2026/final_jtag/repo/asic/run/RUN_final_2026-09-06/56-openroad-rcx/nom/asic_top.nom.spef line 5253230, instance ANTENNA_i_soc.i_ai_sram.u_sram.gen_bank\[11\].gen_512.u_macro_din0\[26\] not found.
[STA-1648] /home/blogic2026/final_jtag/repo/asic/run/RUN_final_2026-09-06/56-openroad-rcx/nom/asic_top.nom.spef line 5253232, instance ANTENNA_i_soc.i_ai_sram.u_sram.gen_bank\[7\].gen_512.u_macro_din0\[26\] not found.
[STA-1648] /home/blogic2026/final_jtag/repo/asic/run/RUN_final_2026-09-06/56-openroad-rcx/nom/asic_top.nom.spef line 5253234, instance ANTENNA_i_soc.i_ai_sram.u_sram.gen_bank\[3\].gen_512.u_macro_din0\[26\] not found.
[STA-1648] /home/blogic2026/final_jtag/repo/asic/run/RUN_final_2026-09-06/56-openroad-rcx/nom/asic_top.nom.spef line 5253652, instance ANTENNA_i_soc.i_ai_sram.u_sram.gen_bank\[14\].gen_512.u_macro_din0\[26\] not found.
[STA-1648] /home/blogic2026/final_jtag/repo/asic/run/RUN_final_2026-09-06/56-openroad-rcx/nom/asic_top.nom.spef line 5253655, instance ANTENNA_i_soc.i_ai_sram.u_sram.gen_bank\[10\].gen_512.u_macro_din0\[26\] not found.
[STA-1648] /home/blogic2026/final_jtag/repo/asic/run/RUN_final_2026-09-06/56-openroad-rcx/nom/asic_top.nom.spef line 5253656, instance ANTENNA_i_soc.i_ai_sram.u_sram.gen_bank\[6\].gen_512.u_macro_din0\[26\] not found.
[STA-1648] /home/blogic2026/final_jtag/repo/asic/run/RUN_final_2026-09-06/56-openroad-rcx/nom/asic_top.nom.spef line 5253657, instance ANTENNA_i_soc.i_ai_sram.u_sram.gen_bank\[2\].gen_512.u_macro_din0\[26\] not found.
[STA-1648] /home/blogic2026/final_jtag/repo/asic/run/RUN_final_2026-09-06/56-openroad-rcx/nom/asic_top.nom.spef line 5253891, instance ANTENNA_i_soc.i_ai_sram.u_sram.gen_bank\[13\].gen_512.u_macro_din0\[26\] not found.
[STA-1648] /home/blogic2026/final_jtag/repo/asic/run/RUN_final_2026-09-06/56-openroad-rcx/nom/asic_top.nom.spef line 5254025, instance ANTENNA_i_soc.i_ai_sram.u_sram.gen_bank\[12\].gen_512.u_macro_din0\[24\] not found.
[STA-1648] /home/blogic2026/final_jtag/repo/asic/run/RUN_final_2026-09-06/56-openroad-rcx/nom/asic_top.nom.spef line 5254027, instance ANTENNA_i_soc.i_ai_sram.u_sram.gen_bank\[0\].gen_512.u_macro_din0\[24\] not found.
[STA-1648] /home/blogic2026/final_jtag/repo/asic/run/RUN_final_2026-09-06/56-openroad-rcx/nom/asic_top.nom.spef line 5254029, instance ANTENNA_i_soc.i_ai_sram.u_sram.gen_bank\[4\].gen_512.u_macro_din0\[24\] not found.
[STA-1648] /home/blogic2026/final_jtag/repo/asic/run/RUN_final_2026-09-06/56-openroad-rcx/nom/asic_top.nom.spef line 5254031, instance ANTENNA_i_soc.i_ai_sram.u_sram.gen_bank\[8\].gen_512.u_macro_din0\[24\] not found.
[STA-1648] /home/blogic2026/final_jtag/repo/asic/run/RUN_final_2026-09-06/56-openroad-rcx/nom/asic_top.nom.spef line 5254203, instance ANTENNA_i_soc.i_ai_sram.u_sram.gen_bank\[9\].gen_512.u_macro_din0\[24\] not found.
[STA-1648] /home/blogic2026/final_jtag/repo/asic/run/RUN_final_2026-09-06/56-openroad-rcx/nom/asic_top.nom.spef line 5254205, instance ANTENNA_i_soc.i_ai_sram.u_sram.gen_bank\[5\].gen_512.u_macro_din0\[24\] not found.
[STA-1648] /home/blogic2026/final_jtag/repo/asic/run/RUN_final_2026-09-06/56-openroad-rcx/nom/asic_top.nom.spef line 5254207, instance ANTENNA_i_soc.i_ai_sram.u_sram.gen_bank\[1\].gen_512.u_macro_din0\[24\] not found.
[STA-1648] /home/blogic2026/final_jtag/repo/asic/run/RUN_final_2026-09-06/56-openroad-rcx/nom/asic_top.nom.spef line 5254323, instance ANTENNA_i_soc.i_ai_sram.u_sram.gen_bank\[11\].gen_512.u_macro_din0\[24\] not found.
[STA-1648] /home/blogic2026/final_jtag/repo/asic/run/RUN_final_2026-09-06/56-openroad-rcx/nom/asic_top.nom.spef line 5254325, instance ANTENNA_i_soc.i_ai_sram.u_sram.gen_bank\[7\].gen_512.u_macro_din0\[24\] not found.
[STA-1648] /home/blogic2026/final_jtag/repo/asic/run/RUN_final_2026-09-06/56-openroad-rcx/nom/asic_top.nom.spef line 5254327, instance ANTENNA_i_soc.i_ai_sram.u_sram.gen_bank\[3\].gen_512.u_macro_din0\[24\] not found.
[STA-1648] /home/blogic2026/final_jtag/repo/asic/run/RUN_final_2026-09-06/56-openroad-rcx/nom/asic_top.nom.spef line 5254438, instance ANTENNA_i_soc.i_ai_sram.u_sram.gen_bank\[13\].gen_512.u_macro_din0\[24\] not found.
[STA-1648] /home/blogic2026/final_jtag/repo/asic/run/RUN_final_2026-09-06/56-openroad-rcx/nom/asic_top.nom.spef line 5254439, instance ANTENNA_i_soc.i_ai_sram.u_sram.gen_bank\[14\].gen_512.u_macro_din0\[24\] not found.
[STA-1648] /home/blogic2026/final_jtag/repo/asic/run/RUN_final_2026-09-06/56-openroad-rcx/nom/asic_top.nom.spef line 5254532, instance ANTENNA_i_soc.i_ai_sram.u_sram.gen_bank\[10\].gen_512.u_macro_din0\[24\] not found.
[STA-1648] /home/blogic2026/final_jtag/repo/asic/run/RUN_final_2026-09-06/56-openroad-rcx/nom/asic_top.nom.spef line 5254534, instance ANTENNA_i_soc.i_ai_sram.u_sram.gen_bank\[6\].gen_512.u_macro_din0\[24\] not found.
[STA-1648] /home/blogic2026/final_jtag/repo/asic/run/RUN_final_2026-09-06/56-openroad-rcx/nom/asic_top.nom.spef line 5254536, instance ANTENNA_i_soc.i_ai_sram.u_sram.gen_bank\[2\].gen_512.u_macro_din0\[24\] not found.
[STA-1648] /home/blogic2026/final_jtag/repo/asic/run/RUN_final_2026-09-06/56-openroad-rcx/nom/asic_top.nom.spef line 5254803, instance ANTENNA_i_soc.i_ai_sram.u_sram.gen_bank\[4\].gen_512.u_macro_din0\[23\] not found.
[STA-1648] /home/blogic2026/final_jtag/repo/asic/run/RUN_final_2026-09-06/56-openroad-rcx/nom/asic_top.nom.spef line 5254805, instance ANTENNA_i_soc.i_ai_sram.u_sram.gen_bank\[0\].gen_512.u_macro_din0\[23\] not found.
[STA-1648] /home/blogic2026/final_jtag/repo/asic/run/RUN_final_2026-09-06/56-openroad-rcx/nom/asic_top.nom.spef line 5254807, instance ANTENNA_i_soc.i_ai_sram.u_sram.gen_bank\[8\].gen_512.u_macro_din0\[23\] not found.
[STA-1648] /home/blogic2026/final_jtag/repo/asic/run/RUN_final_2026-09-06/56-openroad-rcx/nom/asic_top.nom.spef line 5254810, instance ANTENNA_i_soc.i_ai_sram.u_sram.gen_bank\[12\].gen_512.u_macro_din0\[23\] not found.
[STA-1648] /home/blogic2026/final_jtag/repo/asic/run/RUN_final_2026-09-06/56-openroad-rcx/nom/asic_top.nom.spef line 5254959, instance ANTENNA_i_soc.i_ai_sram.u_sram.gen_bank\[9\].gen_512.u_macro_din0\[23\] not found.
[STA-1648] /home/blogic2026/final_jtag/repo/asic/run/RUN_final_2026-09-06/56-openroad-rcx/nom/asic_top.nom.spef line 5254962, instance ANTENNA_i_soc.i_ai_sram.u_sram.gen_bank\[5\].gen_512.u_macro_din0\[23\] not found.
[STA-1648] /home/blogic2026/final_jtag/repo/asic/run/RUN_final_2026-09-06/56-openroad-rcx/nom/asic_top.nom.spef line 5254964, instance ANTENNA_i_soc.i_ai_sram.u_sram.gen_bank\[1\].gen_512.u_macro_din0\[23\] not found.
[STA-1648] /home/blogic2026/final_jtag/repo/asic/run/RUN_final_2026-09-06/56-openroad-rcx/nom/asic_top.nom.spef line 5255093, instance ANTENNA_i_soc.i_ai_sram.u_sram.gen_bank\[11\].gen_512.u_macro_din0\[23\] not found.
[STA-1648] /home/blogic2026/final_jtag/repo/asic/run/RUN_final_2026-09-06/56-openroad-rcx/nom/asic_top.nom.spef line 5255095, instance ANTENNA_i_soc.i_ai_sram.u_sram.gen_bank\[7\].gen_512.u_macro_din0\[23\] not found.
[STA-1648] /home/blogic2026/final_jtag/repo/asic/run/RUN_final_2026-09-06/56-openroad-rcx/nom/asic_top.nom.spef line 5255097, instance ANTENNA_i_soc.i_ai_sram.u_sram.gen_bank\[3\].gen_512.u_macro_din0\[23\] not found.
[STA-1648] /home/blogic2026/final_jtag/repo/asic/run/RUN_final_2026-09-06/56-openroad-rcx/nom/asic_top.nom.spef line 5255540, instance ANTENNA_i_soc.i_ai_sram.u_sram.gen_bank\[14\].gen_512.u_macro_din0\[23\] not found.
[STA-1648] /home/blogic2026/final_jtag/repo/asic/run/RUN_final_2026-09-06/56-openroad-rcx/nom/asic_top.nom.spef line 5255542, instance ANTENNA_i_soc.i_ai_sram.u_sram.gen_bank\[10\].gen_512.u_macro_din0\[23\] not found.
[STA-1648] /home/blogic2026/final_jtag/repo/asic/run/RUN_final_2026-09-06/56-openroad-rcx/nom/asic_top.nom.spef line 5255546, instance ANTENNA_i_soc.i_ai_sram.u_sram.gen_bank\[6\].gen_512.u_macro_din0\[23\] not found.
[STA-1648] /home/blogic2026/final_jtag/repo/asic/run/RUN_final_2026-09-06/56-openroad-rcx/nom/asic_top.nom.spef line 5255547, instance ANTENNA_i_soc.i_ai_sram.u_sram.gen_bank\[2\].gen_512.u_macro_din0\[23\] not found.
[STA-1648] /home/blogic2026/final_jtag/repo/asic/run/RUN_final_2026-09-06/56-openroad-rcx/nom/asic_top.nom.spef line 5255787, instance ANTENNA_i_soc.i_ai_sram.u_sram.gen_bank\[13\].gen_512.u_macro_din0\[23\] not found.
[STA-1648] /home/blogic2026/final_jtag/repo/asic/run/RUN_final_2026-09-06/56-openroad-rcx/nom/asic_top.nom.spef line 5255905, instance ANTENNA_i_soc.i_ai_sram.u_sram.gen_bank\[8\].gen_512.u_macro_din0\[22\] not found.
[STA-1648] /home/blogic2026/final_jtag/repo/asic/run/RUN_final_2026-09-06/56-openroad-rcx/nom/asic_top.nom.spef line 5255907, instance ANTENNA_i_soc.i_ai_sram.u_sram.gen_bank\[4\].gen_512.u_macro_din0\[22\] not found.
[STA-1648] /home/blogic2026/final_jtag/repo/asic/run/RUN_final_2026-09-06/56-openroad-rcx/nom/asic_top.nom.spef line 5255909, instance ANTENNA_i_soc.i_ai_sram.u_sram.gen_bank\[0\].gen_512.u_macro_din0\[22\] not found.
[STA-1648] /home/blogic2026/final_jtag/repo/asic/run/RUN_final_2026-09-06/56-openroad-rcx/nom/asic_top.nom.spef line 5255911, instance ANTENNA_i_soc.i_ai_sram.u_sram.gen_bank\[12\].gen_512.u_macro_din0\[22\] not found.
[STA-1648] /home/blogic2026/final_jtag/repo/asic/run/RUN_final_2026-09-06/56-openroad-rcx/nom/asic_top.nom.spef line 5256094, instance ANTENNA_i_soc.i_ai_sram.u_sram.gen_bank\[9\].gen_512.u_macro_din0\[22\] not found.
[STA-1648] /home/blogic2026/final_jtag/repo/asic/run/RUN_final_2026-09-06/56-openroad-rcx/nom/asic_top.nom.spef line 5256096, instance ANTENNA_i_soc.i_ai_sram.u_sram.gen_bank\[5\].gen_512.u_macro_din0\[22\] not found.
[STA-1648] /home/blogic2026/final_jtag/repo/asic/run/RUN_final_2026-09-06/56-openroad-rcx/nom/asic_top.nom.spef line 5256098, instance ANTENNA_i_soc.i_ai_sram.u_sram.gen_bank\[1\].gen_512.u_macro_din0\[22\] not found.
[STA-1648] /home/blogic2026/final_jtag/repo/asic/run/RUN_final_2026-09-06/56-openroad-rcx/nom/asic_top.nom.spef line 5256251, instance ANTENNA_i_soc.i_ai_sram.u_sram.gen_bank\[11\].gen_512.u_macro_din0\[22\] not found.
[STA-1648] /home/blogic2026/final_jtag/repo/asic/run/RUN_final_2026-09-06/56-openroad-rcx/nom/asic_top.nom.spef line 5256253, instance ANTENNA_i_soc.i_ai_sram.u_sram.gen_bank\[7\].gen_512.u_macro_din0\[22\] not found.
[STA-1648] /home/blogic2026/final_jtag/repo/asic/run/RUN_final_2026-09-06/56-openroad-rcx/nom/asic_top.nom.spef line 5256255, instance ANTENNA_i_soc.i_ai_sram.u_sram.gen_bank\[3\].gen_512.u_macro_din0\[22\] not found.
[STA-1648] /home/blogic2026/final_jtag/repo/asic/run/RUN_final_2026-09-06/56-openroad-rcx/nom/asic_top.nom.spef line 5256357, instance ANTENNA_i_soc.i_ai_sram.u_sram.gen_bank\[14\].gen_512.u_macro_din0\[22\] not found.
[STA-1648] /home/blogic2026/final_jtag/repo/asic/run/RUN_final_2026-09-06/56-openroad-rcx/nom/asic_top.nom.spef line 5256362, instance ANTENNA_i_soc.i_ai_sram.u_sram.gen_bank\[10\].gen_512.u_macro_din0\[22\] not found.
[STA-1648] /home/blogic2026/final_jtag/repo/asic/run/RUN_final_2026-09-06/56-openroad-rcx/nom/asic_top.nom.spef line 5256364, instance ANTENNA_i_soc.i_ai_sram.u_sram.gen_bank\[6\].gen_512.u_macro_din0\[22\] not found.
[STA-1648] /home/blogic2026/final_jtag/repo/asic/run/RUN_final_2026-09-06/56-openroad-rcx/nom/asic_top.nom.spef line 5256366, instance ANTENNA_i_soc.i_ai_sram.u_sram.gen_bank\[2\].gen_512.u_macro_din0\[22\] not found.
[STA-1648] /home/blogic2026/final_jtag/repo/asic/run/RUN_final_2026-09-06/56-openroad-rcx/nom/asic_top.nom.spef line 5256556, instance ANTENNA_i_soc.i_ai_sram.u_sram.gen_bank\[13\].gen_512.u_macro_din0\[22\] not found.
[STA-1648] /home/blogic2026/final_jtag/repo/asic/run/RUN_final_2026-09-06/56-openroad-rcx/nom/asic_top.nom.spef line 5256691, instance ANTENNA_i_soc.i_ai_sram.u_sram.gen_bank\[8\].gen_512.u_macro_din0\[20\] not found.
[STA-1648] /home/blogic2026/final_jtag/repo/asic/run/RUN_final_2026-09-06/56-openroad-rcx/nom/asic_top.nom.spef line 5256693, instance ANTENNA_i_soc.i_ai_sram.u_sram.gen_bank\[4\].gen_512.u_macro_din0\[20\] not found.
[STA-1648] /home/blogic2026/final_jtag/repo/asic/run/RUN_final_2026-09-06/56-openroad-rcx/nom/asic_top.nom.spef line 5256694, instance ANTENNA_i_soc.i_ai_sram.u_sram.gen_bank\[0\].gen_512.u_macro_din0\[20\] not found.
[STA-1648] /home/blogic2026/final_jtag/repo/asic/run/RUN_final_2026-09-06/56-openroad-rcx/nom/asic_top.nom.spef line 5256697, instance ANTENNA_i_soc.i_ai_sram.u_sram.gen_bank\[12\].gen_512.u_macro_din0\[20\] not found.
[STA-1648] /home/blogic2026/final_jtag/repo/asic/run/RUN_final_2026-09-06/56-openroad-rcx/nom/asic_top.nom.spef line 5256851, instance ANTENNA_i_soc.i_ai_sram.u_sram.gen_bank\[9\].gen_512.u_macro_din0\[20\] not found.
[STA-1648] /home/blogic2026/final_jtag/repo/asic/run/RUN_final_2026-09-06/56-openroad-rcx/nom/asic_top.nom.spef line 5256853, instance ANTENNA_i_soc.i_ai_sram.u_sram.gen_bank\[5\].gen_512.u_macro_din0\[20\] not found.
[STA-1648] /home/blogic2026/final_jtag/repo/asic/run/RUN_final_2026-09-06/56-openroad-rcx/nom/asic_top.nom.spef line 5256855, instance ANTENNA_i_soc.i_ai_sram.u_sram.gen_bank\[1\].gen_512.u_macro_din0\[20\] not found.
[STA-1648] /home/blogic2026/final_jtag/repo/asic/run/RUN_final_2026-09-06/56-openroad-rcx/nom/asic_top.nom.spef line 5256960, instance ANTENNA_i_soc.i_ai_sram.u_sram.gen_bank\[11\].gen_512.u_macro_din0\[20\] not found.
[STA-1648] /home/blogic2026/final_jtag/repo/asic/run/RUN_final_2026-09-06/56-openroad-rcx/nom/asic_top.nom.spef line 5256961, instance ANTENNA_i_soc.i_ai_sram.u_sram.gen_bank\[7\].gen_512.u_macro_din0\[20\] not found.
[STA-1648] /home/blogic2026/final_jtag/repo/asic/run/RUN_final_2026-09-06/56-openroad-rcx/nom/asic_top.nom.spef line 5256963, instance ANTENNA_i_soc.i_ai_sram.u_sram.gen_bank\[3\].gen_512.u_macro_din0\[20\] not found.
[STA-1648] /home/blogic2026/final_jtag/repo/asic/run/RUN_final_2026-09-06/56-openroad-rcx/nom/asic_top.nom.spef line 5257283, instance ANTENNA_i_soc.i_ai_sram.u_sram.gen_bank\[14\].gen_512.u_macro_din0\[20\] not found.
[STA-1648] /home/blogic2026/final_jtag/repo/asic/run/RUN_final_2026-09-06/56-openroad-rcx/nom/asic_top.nom.spef line 5257285, instance ANTENNA_i_soc.i_ai_sram.u_sram.gen_bank\[10\].gen_512.u_macro_din0\[20\] not found.
[STA-1648] /home/blogic2026/final_jtag/repo/asic/run/RUN_final_2026-09-06/56-openroad-rcx/nom/asic_top.nom.spef line 5257290, instance ANTENNA_i_soc.i_ai_sram.u_sram.gen_bank\[6\].gen_512.u_macro_din0\[20\] not found.
[STA-1648] /home/blogic2026/final_jtag/repo/asic/run/RUN_final_2026-09-06/56-openroad-rcx/nom/asic_top.nom.spef line 5257292, instance ANTENNA_i_soc.i_ai_sram.u_sram.gen_bank\[2\].gen_512.u_macro_din0\[20\] not found.
[STA-1648] /home/blogic2026/final_jtag/repo/asic/run/RUN_final_2026-09-06/56-openroad-rcx/nom/asic_top.nom.spef line 5257491, instance ANTENNA_i_soc.i_ai_sram.u_sram.gen_bank\[13\].gen_512.u_macro_din0\[20\] not found.
[STA-1648] /home/blogic2026/final_jtag/repo/asic/run/RUN_final_2026-09-06/56-openroad-rcx/nom/asic_top.nom.spef line 5257641, instance ANTENNA_i_soc.i_ai_sram.u_sram.gen_bank\[8\].gen_512.u_macro_din0\[19\] not found.
[STA-1648] /home/blogic2026/final_jtag/repo/asic/run/RUN_final_2026-09-06/56-openroad-rcx/nom/asic_top.nom.spef line 5257643, instance ANTENNA_i_soc.i_ai_sram.u_sram.gen_bank\[4\].gen_512.u_macro_din0\[19\] not found.
[STA-1648] /home/blogic2026/final_jtag/repo/asic/run/RUN_final_2026-09-06/56-openroad-rcx/nom/asic_top.nom.spef line 5257644, instance ANTENNA_i_soc.i_ai_sram.u_sram.gen_bank\[0\].gen_512.u_macro_din0\[19\] not found.
[STA-1648] /home/blogic2026/final_jtag/repo/asic/run/RUN_final_2026-09-06/56-openroad-rcx/nom/asic_top.nom.spef line 5257647, instance ANTENNA_i_soc.i_ai_sram.u_sram.gen_bank\[12\].gen_512.u_macro_din0\[19\] not found.
[STA-1648] /home/blogic2026/final_jtag/repo/asic/run/RUN_final_2026-09-06/56-openroad-rcx/nom/asic_top.nom.spef line 5257846, instance ANTENNA_i_soc.i_ai_sram.u_sram.gen_bank\[9\].gen_512.u_macro_din0\[19\] not found.
[STA-1648] /home/blogic2026/final_jtag/repo/asic/run/RUN_final_2026-09-06/56-openroad-rcx/nom/asic_top.nom.spef line 5257848, instance ANTENNA_i_soc.i_ai_sram.u_sram.gen_bank\[5\].gen_512.u_macro_din0\[19\] not found.
[STA-1648] /home/blogic2026/final_jtag/repo/asic/run/RUN_final_2026-09-06/56-openroad-rcx/nom/asic_top.nom.spef line 5257850, instance ANTENNA_i_soc.i_ai_sram.u_sram.gen_bank\[1\].gen_512.u_macro_din0\[19\] not found.
[STA-1648] /home/blogic2026/final_jtag/repo/asic/run/RUN_final_2026-09-06/56-openroad-rcx/nom/asic_top.nom.spef line 5257962, instance ANTENNA_i_soc.i_ai_sram.u_sram.gen_bank\[11\].gen_512.u_macro_din0\[19\] not found.
[STA-1648] /home/blogic2026/final_jtag/repo/asic/run/RUN_final_2026-09-06/56-openroad-rcx/nom/asic_top.nom.spef line 5257964, instance ANTENNA_i_soc.i_ai_sram.u_sram.gen_bank\[7\].gen_512.u_macro_din0\[19\] not found.
[STA-1648] /home/blogic2026/final_jtag/repo/asic/run/RUN_final_2026-09-06/56-openroad-rcx/nom/asic_top.nom.spef line 5257966, instance ANTENNA_i_soc.i_ai_sram.u_sram.gen_bank\[3\].gen_512.u_macro_din0\[19\] not found.
[STA-1648] /home/blogic2026/final_jtag/repo/asic/run/RUN_final_2026-09-06/56-openroad-rcx/nom/asic_top.nom.spef line 5258084, instance ANTENNA_i_soc.i_ai_sram.u_sram.gen_bank\[14\].gen_512.u_macro_din0\[19\] not found.
[STA-1648] /home/blogic2026/final_jtag/repo/asic/run/RUN_final_2026-09-06/56-openroad-rcx/nom/asic_top.nom.spef line 5258087, instance ANTENNA_i_soc.i_ai_sram.u_sram.gen_bank\[10\].gen_512.u_macro_din0\[19\] not found.
[STA-1648] /home/blogic2026/final_jtag/repo/asic/run/RUN_final_2026-09-06/56-openroad-rcx/nom/asic_top.nom.spef line 5258088, instance ANTENNA_i_soc.i_ai_sram.u_sram.gen_bank\[6\].gen_512.u_macro_din0\[19\] not found.
[STA-1648] /home/blogic2026/final_jtag/repo/asic/run/RUN_final_2026-09-06/56-openroad-rcx/nom/asic_top.nom.spef line 5258090, instance ANTENNA_i_soc.i_ai_sram.u_sram.gen_bank\[2\].gen_512.u_macro_din0\[19\] not found.
[STA-1648] /home/blogic2026/final_jtag/repo/asic/run/RUN_final_2026-09-06/56-openroad-rcx/nom/asic_top.nom.spef line 5258361, instance ANTENNA_i_soc.i_ai_sram.u_sram.gen_bank\[13\].gen_512.u_macro_din0\[19\] not found.
[STA-1648] /home/blogic2026/final_jtag/repo/asic/run/RUN_final_2026-09-06/56-openroad-rcx/nom/asic_top.nom.spef line 5258550, instance ANTENNA_i_soc.i_ai_sram.u_sram.gen_bank\[8\].gen_512.u_macro_din0\[17\] not found.
[STA-1648] /home/blogic2026/final_jtag/repo/asic/run/RUN_final_2026-09-06/56-openroad-rcx/nom/asic_top.nom.spef line 5258552, instance ANTENNA_i_soc.i_ai_sram.u_sram.gen_bank\[4\].gen_512.u_macro_din0\[17\] not found.
[STA-1648] /home/blogic2026/final_jtag/repo/asic/run/RUN_final_2026-09-06/56-openroad-rcx/nom/asic_top.nom.spef line 5258554, instance ANTENNA_i_soc.i_ai_sram.u_sram.gen_bank\[0\].gen_512.u_macro_din0\[17\] not found.
[STA-1648] /home/blogic2026/final_jtag/repo/asic/run/RUN_final_2026-09-06/56-openroad-rcx/nom/asic_top.nom.spef line 5258556, instance ANTENNA_i_soc.i_ai_sram.u_sram.gen_bank\[12\].gen_512.u_macro_din0\[17\] not found.
[STA-1648] /home/blogic2026/final_jtag/repo/asic/run/RUN_final_2026-09-06/56-openroad-rcx/nom/asic_top.nom.spef line 5258681, instance ANTENNA_i_soc.i_ai_sram.u_sram.gen_bank\[9\].gen_512.u_macro_din0\[17\] not found.
[STA-1648] /home/blogic2026/final_jtag/repo/asic/run/RUN_final_2026-09-06/56-openroad-rcx/nom/asic_top.nom.spef line 5258683, instance ANTENNA_i_soc.i_ai_sram.u_sram.gen_bank\[5\].gen_512.u_macro_din0\[17\] not found.
[STA-1648] /home/blogic2026/final_jtag/repo/asic/run/RUN_final_2026-09-06/56-openroad-rcx/nom/asic_top.nom.spef line 5258685, instance ANTENNA_i_soc.i_ai_sram.u_sram.gen_bank\[1\].gen_512.u_macro_din0\[17\] not found.
[STA-1648] /home/blogic2026/final_jtag/repo/asic/run/RUN_final_2026-09-06/56-openroad-rcx/nom/asic_top.nom.spef line 5258809, instance ANTENNA_i_soc.i_ai_sram.u_sram.gen_bank\[11\].gen_512.u_macro_din0\[17\] not found.
[STA-1648] /home/blogic2026/final_jtag/repo/asic/run/RUN_final_2026-09-06/56-openroad-rcx/nom/asic_top.nom.spef line 5258810, instance ANTENNA_i_soc.i_ai_sram.u_sram.gen_bank\[7\].gen_512.u_macro_din0\[17\] not found.
[STA-1648] /home/blogic2026/final_jtag/repo/asic/run/RUN_final_2026-09-06/56-openroad-rcx/nom/asic_top.nom.spef line 5258812, instance ANTENNA_i_soc.i_ai_sram.u_sram.gen_bank\[3\].gen_512.u_macro_din0\[17\] not found.
[STA-1648] /home/blogic2026/final_jtag/repo/asic/run/RUN_final_2026-09-06/56-openroad-rcx/nom/asic_top.nom.spef line 5259246, instance ANTENNA_i_soc.i_ai_sram.u_sram.gen_bank\[14\].gen_512.u_macro_din0\[17\] not found.
[STA-1648] /home/blogic2026/final_jtag/repo/asic/run/RUN_final_2026-09-06/56-openroad-rcx/nom/asic_top.nom.spef line 5259251, instance ANTENNA_i_soc.i_ai_sram.u_sram.gen_bank\[10\].gen_512.u_macro_din0\[17\] not found.
[STA-1648] /home/blogic2026/final_jtag/repo/asic/run/RUN_final_2026-09-06/56-openroad-rcx/nom/asic_top.nom.spef line 5259253, instance ANTENNA_i_soc.i_ai_sram.u_sram.gen_bank\[6\].gen_512.u_macro_din0\[17\] not found.
[STA-1648] /home/blogic2026/final_jtag/repo/asic/run/RUN_final_2026-09-06/56-openroad-rcx/nom/asic_top.nom.spef line 5259255, instance ANTENNA_i_soc.i_ai_sram.u_sram.gen_bank\[2\].gen_512.u_macro_din0\[17\] not found.
[STA-1648] /home/blogic2026/final_jtag/repo/asic/run/RUN_final_2026-09-06/56-openroad-rcx/nom/asic_top.nom.spef line 5259461, instance ANTENNA_i_soc.i_ai_sram.u_sram.gen_bank\[13\].gen_512.u_macro_din0\[17\] not found.
[STA-1648] /home/blogic2026/final_jtag/repo/asic/run/RUN_final_2026-09-06/56-openroad-rcx/nom/asic_top.nom.spef line 5259593, instance ANTENNA_i_soc.i_ai_sram.u_sram.gen_bank\[12\].gen_512.u_macro_din0\[13\] not found.
[STA-1648] /home/blogic2026/final_jtag/repo/asic/run/RUN_final_2026-09-06/56-openroad-rcx/nom/asic_top.nom.spef line 5259595, instance ANTENNA_i_soc.i_ai_sram.u_sram.gen_bank\[8\].gen_512.u_macro_din0\[13\] not found.
[STA-1648] /home/blogic2026/final_jtag/repo/asic/run/RUN_final_2026-09-06/56-openroad-rcx/nom/asic_top.nom.spef line 5259597, instance ANTENNA_i_soc.i_ai_sram.u_sram.gen_bank\[4\].gen_512.u_macro_din0\[13\] not found.
[STA-1648] /home/blogic2026/final_jtag/repo/asic/run/RUN_final_2026-09-06/56-openroad-rcx/nom/asic_top.nom.spef line 5259599, instance ANTENNA_i_soc.i_ai_sram.u_sram.gen_bank\[0\].gen_512.u_macro_din0\[13\] not found.
[STA-1648] /home/blogic2026/final_jtag/repo/asic/run/RUN_final_2026-09-06/56-openroad-rcx/nom/asic_top.nom.spef line 5259735, instance ANTENNA_i_soc.i_ai_sram.u_sram.gen_bank\[9\].gen_512.u_macro_din0\[13\] not found.
[STA-1648] /home/blogic2026/final_jtag/repo/asic/run/RUN_final_2026-09-06/56-openroad-rcx/nom/asic_top.nom.spef line 5259737, instance ANTENNA_i_soc.i_ai_sram.u_sram.gen_bank\[5\].gen_512.u_macro_din0\[13\] not found.
[STA-1648] /home/blogic2026/final_jtag/repo/asic/run/RUN_final_2026-09-06/56-openroad-rcx/nom/asic_top.nom.spef line 5259739, instance ANTENNA_i_soc.i_ai_sram.u_sram.gen_bank\[1\].gen_512.u_macro_din0\[13\] not found.
[STA-1648] /home/blogic2026/final_jtag/repo/asic/run/RUN_final_2026-09-06/56-openroad-rcx/nom/asic_top.nom.spef line 5259872, instance ANTENNA_i_soc.i_ai_sram.u_sram.gen_bank\[11\].gen_512.u_macro_din0\[13\] not found.
[STA-1648] /home/blogic2026/final_jtag/repo/asic/run/RUN_final_2026-09-06/56-openroad-rcx/nom/asic_top.nom.spef line 5259874, instance ANTENNA_i_soc.i_ai_sram.u_sram.gen_bank\[7\].gen_512.u_macro_din0\[13\] not found.
[STA-1648] /home/blogic2026/final_jtag/repo/asic/run/RUN_final_2026-09-06/56-openroad-rcx/nom/asic_top.nom.spef line 5259876, instance ANTENNA_i_soc.i_ai_sram.u_sram.gen_bank\[3\].gen_512.u_macro_din0\[13\] not found.
[STA-1648] /home/blogic2026/final_jtag/repo/asic/run/RUN_final_2026-09-06/56-openroad-rcx/nom/asic_top.nom.spef line 5259972, instance ANTENNA_i_soc.i_ai_sram.u_sram.gen_bank\[14\].gen_512.u_macro_din0\[13\] not found.
[STA-1648] /home/blogic2026/final_jtag/repo/asic/run/RUN_final_2026-09-06/56-openroad-rcx/nom/asic_top.nom.spef line 5259974, instance ANTENNA_i_soc.i_ai_sram.u_sram.gen_bank\[10\].gen_512.u_macro_din0\[13\] not found.
[STA-1648] /home/blogic2026/final_jtag/repo/asic/run/RUN_final_2026-09-06/56-openroad-rcx/nom/asic_top.nom.spef line 5259976, instance ANTENNA_i_soc.i_ai_sram.u_sram.gen_bank\[6\].gen_512.u_macro_din0\[13\] not found.
[STA-1648] /home/blogic2026/final_jtag/repo/asic/run/RUN_final_2026-09-06/56-openroad-rcx/nom/asic_top.nom.spef line 5259978, instance ANTENNA_i_soc.i_ai_sram.u_sram.gen_bank\[2\].gen_512.u_macro_din0\[13\] not found.
[STA-1648] /home/blogic2026/final_jtag/repo/asic/run/RUN_final_2026-09-06/56-openroad-rcx/nom/asic_top.nom.spef line 5260160, instance ANTENNA_i_soc.i_ai_sram.u_sram.gen_bank\[13\].gen_512.u_macro_din0\[13\] not found.
[STA-1648] /home/blogic2026/final_jtag/repo/asic/run/RUN_final_2026-09-06/56-openroad-rcx/nom/asic_top.nom.spef line 5260320, instance ANTENNA_i_soc.i_ai_sram.u_sram.gen_bank\[8\].gen_512.u_macro_din0\[10\] not found.
[STA-1648] /home/blogic2026/final_jtag/repo/asic/run/RUN_final_2026-09-06/56-openroad-rcx/nom/asic_top.nom.spef line 5260322, instance ANTENNA_i_soc.i_ai_sram.u_sram.gen_bank\[4\].gen_512.u_macro_din0\[10\] not found.
[STA-1648] /home/blogic2026/final_jtag/repo/asic/run/RUN_final_2026-09-06/56-openroad-rcx/nom/asic_top.nom.spef line 5260324, instance ANTENNA_i_soc.i_ai_sram.u_sram.gen_bank\[0\].gen_512.u_macro_din0\[10\] not found.
[STA-1648] /home/blogic2026/final_jtag/repo/asic/run/RUN_final_2026-09-06/56-openroad-rcx/nom/asic_top.nom.spef line 5260326, instance ANTENNA_i_soc.i_ai_sram.u_sram.gen_bank\[12\].gen_512.u_macro_din0\[10\] not found.
[STA-1648] /home/blogic2026/final_jtag/repo/asic/run/RUN_final_2026-09-06/56-openroad-rcx/nom/asic_top.nom.spef line 5260463, instance ANTENNA_i_soc.i_ai_sram.u_sram.gen_bank\[9\].gen_512.u_macro_din0\[10\] not found.
[STA-1648] /home/blogic2026/final_jtag/repo/asic/run/RUN_final_2026-09-06/56-openroad-rcx/nom/asic_top.nom.spef line 5260465, instance ANTENNA_i_soc.i_ai_sram.u_sram.gen_bank\[5\].gen_512.u_macro_din0\[10\] not found.
[STA-1648] /home/blogic2026/final_jtag/repo/asic/run/RUN_final_2026-09-06/56-openroad-rcx/nom/asic_top.nom.spef line 5260467, instance ANTENNA_i_soc.i_ai_sram.u_sram.gen_bank\[1\].gen_512.u_macro_din0\[10\] not found.
[STA-1648] /home/blogic2026/final_jtag/repo/asic/run/RUN_final_2026-09-06/56-openroad-rcx/nom/asic_top.nom.spef line 5260594, instance ANTENNA_i_soc.i_ai_sram.u_sram.gen_bank\[11\].gen_512.u_macro_din0\[10\] not found.
[STA-1648] /home/blogic2026/final_jtag/repo/asic/run/RUN_final_2026-09-06/56-openroad-rcx/nom/asic_top.nom.spef line 5260595, instance ANTENNA_i_soc.i_ai_sram.u_sram.gen_bank\[7\].gen_512.u_macro_din0\[10\] not found.
[STA-1648] /home/blogic2026/final_jtag/repo/asic/run/RUN_final_2026-09-06/56-openroad-rcx/nom/asic_top.nom.spef line 5260597, instance ANTENNA_i_soc.i_ai_sram.u_sram.gen_bank\[3\].gen_512.u_macro_din0\[10\] not found.
[STA-1648] /home/blogic2026/final_jtag/repo/asic/run/RUN_final_2026-09-06/56-openroad-rcx/nom/asic_top.nom.spef line 5261050, instance ANTENNA_i_soc.i_ai_sram.u_sram.gen_bank\[14\].gen_512.u_macro_din0\[10\] not found.
[STA-1648] /home/blogic2026/final_jtag/repo/asic/run/RUN_final_2026-09-06/56-openroad-rcx/nom/asic_top.nom.spef line 5261054, instance ANTENNA_i_soc.i_ai_sram.u_sram.gen_bank\[6\].gen_512.u_macro_din0\[10\] not found.
[STA-1648] /home/blogic2026/final_jtag/repo/asic/run/RUN_final_2026-09-06/56-openroad-rcx/nom/asic_top.nom.spef line 5261056, instance ANTENNA_i_soc.i_ai_sram.u_sram.gen_bank\[2\].gen_512.u_macro_din0\[10\] not found.
[STA-1648] /home/blogic2026/final_jtag/repo/asic/run/RUN_final_2026-09-06/56-openroad-rcx/nom/asic_top.nom.spef line 5261059, instance ANTENNA_i_soc.i_ai_sram.u_sram.gen_bank\[10\].gen_512.u_macro_din0\[10\] not found.
[STA-1648] /home/blogic2026/final_jtag/repo/asic/run/RUN_final_2026-09-06/56-openroad-rcx/nom/asic_top.nom.spef line 5261231, instance ANTENNA_i_soc.i_ai_sram.u_sram.gen_bank\[13\].gen_512.u_macro_din0\[10\] not found.
[STA-1648] /home/blogic2026/final_jtag/repo/asic/run/RUN_final_2026-09-06/56-openroad-rcx/nom/asic_top.nom.spef line 5261376, instance ANTENNA_i_soc.i_ai_sram.u_sram.gen_bank\[8\].gen_512.u_macro_din0\[9\] not found.
[STA-1648] /home/blogic2026/final_jtag/repo/asic/run/RUN_final_2026-09-06/56-openroad-rcx/nom/asic_top.nom.spef line 5261378, instance ANTENNA_i_soc.i_ai_sram.u_sram.gen_bank\[4\].gen_512.u_macro_din0\[9\] not found.
[STA-1648] /home/blogic2026/final_jtag/repo/asic/run/RUN_final_2026-09-06/56-openroad-rcx/nom/asic_top.nom.spef line 5261380, instance ANTENNA_i_soc.i_ai_sram.u_sram.gen_bank\[0\].gen_512.u_macro_din0\[9\] not found.
[STA-1648] /home/blogic2026/final_jtag/repo/asic/run/RUN_final_2026-09-06/56-openroad-rcx/nom/asic_top.nom.spef line 5261383, instance ANTENNA_i_soc.i_ai_sram.u_sram.gen_bank\[12\].gen_512.u_macro_din0\[9\] not found.
[STA-1648] /home/blogic2026/final_jtag/repo/asic/run/RUN_final_2026-09-06/56-openroad-rcx/nom/asic_top.nom.spef line 5261509, instance ANTENNA_i_soc.i_ai_sram.u_sram.gen_bank\[5\].gen_512.u_macro_din0\[9\] not found.
[STA-1648] /home/blogic2026/final_jtag/repo/asic/run/RUN_final_2026-09-06/56-openroad-rcx/nom/asic_top.nom.spef line 5261511, instance ANTENNA_i_soc.i_ai_sram.u_sram.gen_bank\[1\].gen_512.u_macro_din0\[9\] not found.
[STA-1648] /home/blogic2026/final_jtag/repo/asic/run/RUN_final_2026-09-06/56-openroad-rcx/nom/asic_top.nom.spef line 5261512, instance ANTENNA_i_soc.i_ai_sram.u_sram.gen_bank\[9\].gen_512.u_macro_din0\[9\] not found.
[STA-1648] /home/blogic2026/final_jtag/repo/asic/run/RUN_final_2026-09-06/56-openroad-rcx/nom/asic_top.nom.spef line 5261630, instance ANTENNA_i_soc.i_ai_sram.u_sram.gen_bank\[11\].gen_512.u_macro_din0\[9\] not found.
[STA-1648] /home/blogic2026/final_jtag/repo/asic/run/RUN_final_2026-09-06/56-openroad-rcx/nom/asic_top.nom.spef line 5261632, instance ANTENNA_i_soc.i_ai_sram.u_sram.gen_bank\[7\].gen_512.u_macro_din0\[9\] not found.
[STA-1648] /home/blogic2026/final_jtag/repo/asic/run/RUN_final_2026-09-06/56-openroad-rcx/nom/asic_top.nom.spef line 5261634, instance ANTENNA_i_soc.i_ai_sram.u_sram.gen_bank\[3\].gen_512.u_macro_din0\[9\] not found.
[STA-1648] /home/blogic2026/final_jtag/repo/asic/run/RUN_final_2026-09-06/56-openroad-rcx/nom/asic_top.nom.spef line 5261725, instance ANTENNA_i_soc.i_ai_sram.u_sram.gen_bank\[14\].gen_512.u_macro_din0\[9\] not found.
[STA-1648] /home/blogic2026/final_jtag/repo/asic/run/RUN_final_2026-09-06/56-openroad-rcx/nom/asic_top.nom.spef line 5261731, instance ANTENNA_i_soc.i_ai_sram.u_sram.gen_bank\[10\].gen_512.u_macro_din0\[9\] not found.
[STA-1648] /home/blogic2026/final_jtag/repo/asic/run/RUN_final_2026-09-06/56-openroad-rcx/nom/asic_top.nom.spef line 5261733, instance ANTENNA_i_soc.i_ai_sram.u_sram.gen_bank\[6\].gen_512.u_macro_din0\[9\] not found.
[STA-1648] /home/blogic2026/final_jtag/repo/asic/run/RUN_final_2026-09-06/56-openroad-rcx/nom/asic_top.nom.spef line 5261735, instance ANTENNA_i_soc.i_ai_sram.u_sram.gen_bank\[2\].gen_512.u_macro_din0\[9\] not found.
[STA-1648] /home/blogic2026/final_jtag/repo/asic/run/RUN_final_2026-09-06/56-openroad-rcx/nom/asic_top.nom.spef line 5261973, instance ANTENNA_i_soc.i_ai_sram.u_sram.gen_bank\[13\].gen_512.u_macro_din0\[9\] not found.
[STA-1648] /home/blogic2026/final_jtag/repo/asic/run/RUN_final_2026-09-06/56-openroad-rcx/nom/asic_top.nom.spef line 5262103, instance ANTENNA_i_soc.i_ai_sram.u_sram.gen_bank\[12\].gen_512.u_macro_din0\[5\] not found.
[STA-1648] /home/blogic2026/final_jtag/repo/asic/run/RUN_final_2026-09-06/56-openroad-rcx/nom/asic_top.nom.spef line 5262105, instance ANTENNA_i_soc.i_ai_sram.u_sram.gen_bank\[8\].gen_512.u_macro_din0\[5\] not found.
[STA-1648] /home/blogic2026/final_jtag/repo/asic/run/RUN_final_2026-09-06/56-openroad-rcx/nom/asic_top.nom.spef line 5262106, instance ANTENNA_i_soc.i_ai_sram.u_sram.gen_bank\[4\].gen_512.u_macro_din0\[5\] not found.
[STA-1648] /home/blogic2026/final_jtag/repo/asic/run/RUN_final_2026-09-06/56-openroad-rcx/nom/asic_top.nom.spef line 5262109, instance ANTENNA_i_soc.i_ai_sram.u_sram.gen_bank\[0\].gen_512.u_macro_din0\[5\] not found.
[STA-1648] /home/blogic2026/final_jtag/repo/asic/run/RUN_final_2026-09-06/56-openroad-rcx/nom/asic_top.nom.spef line 5262239, instance ANTENNA_i_soc.i_ai_sram.u_sram.gen_bank\[9\].gen_512.u_macro_din0\[5\] not found.
[STA-1648] /home/blogic2026/final_jtag/repo/asic/run/RUN_final_2026-09-06/56-openroad-rcx/nom/asic_top.nom.spef line 5262241, instance ANTENNA_i_soc.i_ai_sram.u_sram.gen_bank\[5\].gen_512.u_macro_din0\[5\] not found.
[STA-1648] /home/blogic2026/final_jtag/repo/asic/run/RUN_final_2026-09-06/56-openroad-rcx/nom/asic_top.nom.spef line 5262243, instance ANTENNA_i_soc.i_ai_sram.u_sram.gen_bank\[1\].gen_512.u_macro_din0\[5\] not found.
[STA-1648] /home/blogic2026/final_jtag/repo/asic/run/RUN_final_2026-09-06/56-openroad-rcx/nom/asic_top.nom.spef line 5262358, instance ANTENNA_i_soc.i_ai_sram.u_sram.gen_bank\[11\].gen_512.u_macro_din0\[5\] not found.
[STA-1648] /home/blogic2026/final_jtag/repo/asic/run/RUN_final_2026-09-06/56-openroad-rcx/nom/asic_top.nom.spef line 5262360, instance ANTENNA_i_soc.i_ai_sram.u_sram.gen_bank\[7\].gen_512.u_macro_din0\[5\] not found.
[STA-1648] /home/blogic2026/final_jtag/repo/asic/run/RUN_final_2026-09-06/56-openroad-rcx/nom/asic_top.nom.spef line 5262362, instance ANTENNA_i_soc.i_ai_sram.u_sram.gen_bank\[3\].gen_512.u_macro_din0\[5\] not found.
[STA-1648] /home/blogic2026/final_jtag/repo/asic/run/RUN_final_2026-09-06/56-openroad-rcx/nom/asic_top.nom.spef line 5262639, instance ANTENNA_i_soc.i_ai_sram.u_sram.gen_bank\[13\].gen_512.u_macro_din0\[5\] not found.
[STA-1648] /home/blogic2026/final_jtag/repo/asic/run/RUN_final_2026-09-06/56-openroad-rcx/nom/asic_top.nom.spef line 5262646, instance ANTENNA_i_soc.i_ai_sram.u_sram.gen_bank\[14\].gen_512.u_macro_din0\[5\] not found.
[STA-1648] /home/blogic2026/final_jtag/repo/asic/run/RUN_final_2026-09-06/56-openroad-rcx/nom/asic_top.nom.spef line 5262763, instance ANTENNA_i_soc.i_ai_sram.u_sram.gen_bank\[10\].gen_512.u_macro_din0\[5\] not found.
[STA-1648] /home/blogic2026/final_jtag/repo/asic/run/RUN_final_2026-09-06/56-openroad-rcx/nom/asic_top.nom.spef line 5262765, instance ANTENNA_i_soc.i_ai_sram.u_sram.gen_bank\[6\].gen_512.u_macro_din0\[5\] not found.
[STA-1648] /home/blogic2026/final_jtag/repo/asic/run/RUN_final_2026-09-06/56-openroad-rcx/nom/asic_top.nom.spef line 5262767, instance ANTENNA_i_soc.i_ai_sram.u_sram.gen_bank\[2\].gen_512.u_macro_din0\[5\] not found.
[STA-1648] /home/blogic2026/final_jtag/repo/asic/run/RUN_final_2026-09-06/56-openroad-rcx/nom/asic_top.nom.spef line 5262969, instance ANTENNA_i_soc.i_ai_sram.u_sram.gen_bank\[4\].gen_512.u_macro_din0\[2\] not found.
[STA-1648] /home/blogic2026/final_jtag/repo/asic/run/RUN_final_2026-09-06/56-openroad-rcx/nom/asic_top.nom.spef line 5262971, instance ANTENNA_i_soc.i_ai_sram.u_sram.gen_bank\[0\].gen_512.u_macro_din0\[2\] not found.
[STA-1648] /home/blogic2026/final_jtag/repo/asic/run/RUN_final_2026-09-06/56-openroad-rcx/nom/asic_top.nom.spef line 5262973, instance ANTENNA_i_soc.i_ai_sram.u_sram.gen_bank\[8\].gen_512.u_macro_din0\[2\] not found.
[STA-1648] /home/blogic2026/final_jtag/repo/asic/run/RUN_final_2026-09-06/56-openroad-rcx/nom/asic_top.nom.spef line 5262974, instance ANTENNA_i_soc.i_ai_sram.u_sram.gen_bank\[12\].gen_512.u_macro_din0\[2\] not found.
[STA-1648] /home/blogic2026/final_jtag/repo/asic/run/RUN_final_2026-09-06/56-openroad-rcx/nom/asic_top.nom.spef line 5263112, instance ANTENNA_i_soc.i_ai_sram.u_sram.gen_bank\[5\].gen_512.u_macro_din0\[2\] not found.
[STA-1648] /home/blogic2026/final_jtag/repo/asic/run/RUN_final_2026-09-06/56-openroad-rcx/nom/asic_top.nom.spef line 5263114, instance ANTENNA_i_soc.i_ai_sram.u_sram.gen_bank\[1\].gen_512.u_macro_din0\[2\] not found.
[STA-1648] /home/blogic2026/final_jtag/repo/asic/run/RUN_final_2026-09-06/56-openroad-rcx/nom/asic_top.nom.spef line 5263116, instance ANTENNA_i_soc.i_ai_sram.u_sram.gen_bank\[9\].gen_512.u_macro_din0\[2\] not found.
[STA-1648] /home/blogic2026/final_jtag/repo/asic/run/RUN_final_2026-09-06/56-openroad-rcx/nom/asic_top.nom.spef line 5263234, instance ANTENNA_i_soc.i_ai_sram.u_sram.gen_bank\[11\].gen_512.u_macro_din0\[2\] not found.
[STA-1648] /home/blogic2026/final_jtag/repo/asic/run/RUN_final_2026-09-06/56-openroad-rcx/nom/asic_top.nom.spef line 5263236, instance ANTENNA_i_soc.i_ai_sram.u_sram.gen_bank\[7\].gen_512.u_macro_din0\[2\] not found.
[STA-1648] /home/blogic2026/final_jtag/repo/asic/run/RUN_final_2026-09-06/56-openroad-rcx/nom/asic_top.nom.spef line 5263238, instance ANTENNA_i_soc.i_ai_sram.u_sram.gen_bank\[3\].gen_512.u_macro_din0\[2\] not found.
[STA-1648] /home/blogic2026/final_jtag/repo/asic/run/RUN_final_2026-09-06/56-openroad-rcx/nom/asic_top.nom.spef line 5263339, instance ANTENNA_i_soc.i_ai_sram.u_sram.gen_bank\[13\].gen_512.u_macro_din0\[2\] not found.
[STA-1648] /home/blogic2026/final_jtag/repo/asic/run/RUN_final_2026-09-06/56-openroad-rcx/nom/asic_top.nom.spef line 5263343, instance ANTENNA_i_soc.i_ai_sram.u_sram.gen_bank\[14\].gen_512.u_macro_din0\[2\] not found.
[STA-1648] /home/blogic2026/final_jtag/repo/asic/run/RUN_final_2026-09-06/56-openroad-rcx/nom/asic_top.nom.spef line 5263429, instance ANTENNA_i_soc.i_ai_sram.u_sram.gen_bank\[10\].gen_512.u_macro_din0\[2\] not found.
[STA-1648] /home/blogic2026/final_jtag/repo/asic/run/RUN_final_2026-09-06/56-openroad-rcx/nom/asic_top.nom.spef line 5263431, instance ANTENNA_i_soc.i_ai_sram.u_sram.gen_bank\[6\].gen_512.u_macro_din0\[2\] not found.
[STA-1648] /home/blogic2026/final_jtag/repo/asic/run/RUN_final_2026-09-06/56-openroad-rcx/nom/asic_top.nom.spef line 5263433, instance ANTENNA_i_soc.i_ai_sram.u_sram.gen_bank\[2\].gen_512.u_macro_din0\[2\] not found.
[STA-1648] /home/blogic2026/final_jtag/repo/asic/run/RUN_final_2026-09-06/56-openroad-rcx/nom/asic_top.nom.spef line 5263639, instance ANTENNA_i_soc.i_ai_sram.u_sram.gen_bank\[8\].gen_512.u_macro_din0\[1\] not found.
[STA-1648] /home/blogic2026/final_jtag/repo/asic/run/RUN_final_2026-09-06/56-openroad-rcx/nom/asic_top.nom.spef line 5263642, instance ANTENNA_i_soc.i_ai_sram.u_sram.gen_bank\[4\].gen_512.u_macro_din0\[1\] not found.
[STA-1648] /home/blogic2026/final_jtag/repo/asic/run/RUN_final_2026-09-06/56-openroad-rcx/nom/asic_top.nom.spef line 5263644, instance ANTENNA_i_soc.i_ai_sram.u_sram.gen_bank\[0\].gen_512.u_macro_din0\[1\] not found.
[STA-1648] /home/blogic2026/final_jtag/repo/asic/run/RUN_final_2026-09-06/56-openroad-rcx/nom/asic_top.nom.spef line 5263647, instance ANTENNA_i_soc.i_ai_sram.u_sram.gen_bank\[12\].gen_512.u_macro_din0\[1\] not found.
[STA-1648] /home/blogic2026/final_jtag/repo/asic/run/RUN_final_2026-09-06/56-openroad-rcx/nom/asic_top.nom.spef line 5263781, instance ANTENNA_i_soc.i_ai_sram.u_sram.gen_bank\[9\].gen_512.u_macro_din0\[1\] not found.
[STA-1648] /home/blogic2026/final_jtag/repo/asic/run/RUN_final_2026-09-06/56-openroad-rcx/nom/asic_top.nom.spef line 5263783, instance ANTENNA_i_soc.i_ai_sram.u_sram.gen_bank\[5\].gen_512.u_macro_din0\[1\] not found.
[STA-1648] /home/blogic2026/final_jtag/repo/asic/run/RUN_final_2026-09-06/56-openroad-rcx/nom/asic_top.nom.spef line 5263785, instance ANTENNA_i_soc.i_ai_sram.u_sram.gen_bank\[1\].gen_512.u_macro_din0\[1\] not found.
[STA-1648] /home/blogic2026/final_jtag/repo/asic/run/RUN_final_2026-09-06/56-openroad-rcx/nom/asic_top.nom.spef line 5263887, instance ANTENNA_i_soc.i_ai_sram.u_sram.gen_bank\[11\].gen_512.u_macro_din0\[1\] not found.
[STA-1648] /home/blogic2026/final_jtag/repo/asic/run/RUN_final_2026-09-06/56-openroad-rcx/nom/asic_top.nom.spef line 5263888, instance ANTENNA_i_soc.i_ai_sram.u_sram.gen_bank\[7\].gen_512.u_macro_din0\[1\] not found.
[STA-1648] /home/blogic2026/final_jtag/repo/asic/run/RUN_final_2026-09-06/56-openroad-rcx/nom/asic_top.nom.spef line 5263891, instance ANTENNA_i_soc.i_ai_sram.u_sram.gen_bank\[3\].gen_512.u_macro_din0\[1\] not found.
[STA-1648] /home/blogic2026/final_jtag/repo/asic/run/RUN_final_2026-09-06/56-openroad-rcx/nom/asic_top.nom.spef line 5264340, instance ANTENNA_i_soc.i_ai_sram.u_sram.gen_bank\[14\].gen_512.u_macro_din0\[1\] not found.
[STA-1648] /home/blogic2026/final_jtag/repo/asic/run/RUN_final_2026-09-06/56-openroad-rcx/nom/asic_top.nom.spef line 5264343, instance ANTENNA_i_soc.i_ai_sram.u_sram.gen_bank\[13\].gen_512.u_macro_din0\[1\] not found.
[STA-1648] /home/blogic2026/final_jtag/repo/asic/run/RUN_final_2026-09-06/56-openroad-rcx/nom/asic_top.nom.spef line 5264440, instance ANTENNA_i_soc.i_ai_sram.u_sram.gen_bank\[10\].gen_512.u_macro_din0\[1\] not found.
[STA-1648] /home/blogic2026/final_jtag/repo/asic/run/RUN_final_2026-09-06/56-openroad-rcx/nom/asic_top.nom.spef line 5264442, instance ANTENNA_i_soc.i_ai_sram.u_sram.gen_bank\[6\].gen_512.u_macro_din0\[1\] not found.
[STA-1648] /home/blogic2026/final_jtag/repo/asic/run/RUN_final_2026-09-06/56-openroad-rcx/nom/asic_top.nom.spef line 5264444, instance ANTENNA_i_soc.i_ai_sram.u_sram.gen_bank\[2\].gen_512.u_macro_din0\[1\] not found.
[STA-1648] /home/blogic2026/final_jtag/repo/asic/run/RUN_final_2026-09-06/56-openroad-rcx/nom/asic_top.nom.spef line 5301563, instance ANTENNA_i_soc.i_ai_sram.u_sram.gen_bank\[0\].gen_512.u_macro_addr1\[2\] not found.
[STA-1648] /home/blogic2026/final_jtag/repo/asic/run/RUN_final_2026-09-06/56-openroad-rcx/nom/asic_top.nom.spef line 5301991, instance ANTENNA_i_soc.i_ai_sram.u_sram.gen_bank\[1\].gen_512.u_macro_addr1\[2\] not found.
[STA-1648] /home/blogic2026/final_jtag/repo/asic/run/RUN_final_2026-09-06/56-openroad-rcx/nom/asic_top.nom.spef line 5302144, instance ANTENNA_i_soc.i_ai_sram.u_sram.gen_bank\[2\].gen_512.u_macro_addr1\[2\] not found.
[STA-1648] /home/blogic2026/final_jtag/repo/asic/run/RUN_final_2026-09-06/56-openroad-rcx/nom/asic_top.nom.spef line 5302201, instance ANTENNA_i_soc.i_ai_sram.u_sram.gen_bank\[3\].gen_512.u_macro_addr1\[2\] not found.
[STA-1648] /home/blogic2026/final_jtag/repo/asic/run/RUN_final_2026-09-06/56-openroad-rcx/nom/asic_top.nom.spef line 6275252, instance ANTENNA_i_soc.i_ai_sram.u_sram.gen_bank\[8\].gen_512.u_macro_din0\[21\] not found.
[STA-1648] /home/blogic2026/final_jtag/repo/asic/run/RUN_final_2026-09-06/56-openroad-rcx/nom/asic_top.nom.spef line 6275254, instance ANTENNA_i_soc.i_ai_sram.u_sram.gen_bank\[4\].gen_512.u_macro_din0\[21\] not found.
[STA-1648] /home/blogic2026/final_jtag/repo/asic/run/RUN_final_2026-09-06/56-openroad-rcx/nom/asic_top.nom.spef line 6275256, instance ANTENNA_i_soc.i_ai_sram.u_sram.gen_bank\[0\].gen_512.u_macro_din0\[21\] not found.
[STA-1648] /home/blogic2026/final_jtag/repo/asic/run/RUN_final_2026-09-06/56-openroad-rcx/nom/asic_top.nom.spef line 6275258, instance ANTENNA_i_soc.i_ai_sram.u_sram.gen_bank\[12\].gen_512.u_macro_din0\[21\] not found.
[STA-1648] /home/blogic2026/final_jtag/repo/asic/run/RUN_final_2026-09-06/56-openroad-rcx/nom/asic_top.nom.spef line 6275775, instance ANTENNA_i_soc.i_ai_sram.u_sram.gen_bank\[9\].gen_512.u_macro_din0\[21\] not found.
[STA-1648] /home/blogic2026/final_jtag/repo/asic/run/RUN_final_2026-09-06/56-openroad-rcx/nom/asic_top.nom.spef line 6275777, instance ANTENNA_i_soc.i_ai_sram.u_sram.gen_bank\[5\].gen_512.u_macro_din0\[21\] not found.
[STA-1648] /home/blogic2026/final_jtag/repo/asic/run/RUN_final_2026-09-06/56-openroad-rcx/nom/asic_top.nom.spef line 6275779, instance ANTENNA_i_soc.i_ai_sram.u_sram.gen_bank\[1\].gen_512.u_macro_din0\[21\] not found.
[STA-1648] /home/blogic2026/final_jtag/repo/asic/run/RUN_final_2026-09-06/56-openroad-rcx/nom/asic_top.nom.spef line 6276320, instance ANTENNA_i_soc.i_ai_sram.u_sram.gen_bank\[11\].gen_512.u_macro_din0\[21\] not found.
[STA-1648] /home/blogic2026/final_jtag/repo/asic/run/RUN_final_2026-09-06/56-openroad-rcx/nom/asic_top.nom.spef line 6276322, instance ANTENNA_i_soc.i_ai_sram.u_sram.gen_bank\[7\].gen_512.u_macro_din0\[21\] not found.
[STA-1648] /home/blogic2026/final_jtag/repo/asic/run/RUN_final_2026-09-06/56-openroad-rcx/nom/asic_top.nom.spef line 6276324, instance ANTENNA_i_soc.i_ai_sram.u_sram.gen_bank\[3\].gen_512.u_macro_din0\[21\] not found.
[STA-1648] /home/blogic2026/final_jtag/repo/asic/run/RUN_final_2026-09-06/56-openroad-rcx/nom/asic_top.nom.spef line 6276816, instance ANTENNA_i_soc.i_ai_sram.u_sram.gen_bank\[14\].gen_512.u_macro_din0\[21\] not found.
[STA-1648] /home/blogic2026/final_jtag/repo/asic/run/RUN_final_2026-09-06/56-openroad-rcx/nom/asic_top.nom.spef line 6276821, instance ANTENNA_i_soc.i_ai_sram.u_sram.gen_bank\[10\].gen_512.u_macro_din0\[21\] not found.
[STA-1648] /home/blogic2026/final_jtag/repo/asic/run/RUN_final_2026-09-06/56-openroad-rcx/nom/asic_top.nom.spef line 6276823, instance ANTENNA_i_soc.i_ai_sram.u_sram.gen_bank\[6\].gen_512.u_macro_din0\[21\] not found.
[STA-1648] /home/blogic2026/final_jtag/repo/asic/run/RUN_final_2026-09-06/56-openroad-rcx/nom/asic_top.nom.spef line 6276825, instance ANTENNA_i_soc.i_ai_sram.u_sram.gen_bank\[2\].gen_512.u_macro_din0\[21\] not found.
[STA-1648] /home/blogic2026/final_jtag/repo/asic/run/RUN_final_2026-09-06/56-openroad-rcx/nom/asic_top.nom.spef line 6277534, instance ANTENNA_i_soc.i_ai_sram.u_sram.gen_bank\[13\].gen_512.u_macro_din0\[21\] not found.
[STA-1648] /home/blogic2026/final_jtag/repo/asic/run/RUN_final_2026-09-06/56-openroad-rcx/nom/asic_top.nom.spef line 6278086, instance ANTENNA_i_soc.i_ai_sram.u_sram.gen_bank\[8\].gen_512.u_macro_din0\[15\] not found.
[STA-1648] /home/blogic2026/final_jtag/repo/asic/run/RUN_final_2026-09-06/56-openroad-rcx/nom/asic_top.nom.spef line 6278088, instance ANTENNA_i_soc.i_ai_sram.u_sram.gen_bank\[4\].gen_512.u_macro_din0\[15\] not found.
[STA-1648] /home/blogic2026/final_jtag/repo/asic/run/RUN_final_2026-09-06/56-openroad-rcx/nom/asic_top.nom.spef line 6278090, instance ANTENNA_i_soc.i_ai_sram.u_sram.gen_bank\[0\].gen_512.u_macro_din0\[15\] not found.
[STA-1648] /home/blogic2026/final_jtag/repo/asic/run/RUN_final_2026-09-06/56-openroad-rcx/nom/asic_top.nom.spef line 6278092, instance ANTENNA_i_soc.i_ai_sram.u_sram.gen_bank\[12\].gen_512.u_macro_din0\[15\] not found.
[STA-1648] /home/blogic2026/final_jtag/repo/asic/run/RUN_final_2026-09-06/56-openroad-rcx/nom/asic_top.nom.spef line 6278630, instance ANTENNA_i_soc.i_ai_sram.u_sram.gen_bank\[9\].gen_512.u_macro_din0\[15\] not found.
[STA-1648] /home/blogic2026/final_jtag/repo/asic/run/RUN_final_2026-09-06/56-openroad-rcx/nom/asic_top.nom.spef line 6278632, instance ANTENNA_i_soc.i_ai_sram.u_sram.gen_bank\[5\].gen_512.u_macro_din0\[15\] not found.
[STA-1648] /home/blogic2026/final_jtag/repo/asic/run/RUN_final_2026-09-06/56-openroad-rcx/nom/asic_top.nom.spef line 6278633, instance ANTENNA_i_soc.i_ai_sram.u_sram.gen_bank\[1\].gen_512.u_macro_din0\[15\] not found.
[STA-1648] /home/blogic2026/final_jtag/repo/asic/run/RUN_final_2026-09-06/56-openroad-rcx/nom/asic_top.nom.spef line 6279133, instance ANTENNA_i_soc.i_ai_sram.u_sram.gen_bank\[11\].gen_512.u_macro_din0\[15\] not found.
[STA-1648] /home/blogic2026/final_jtag/repo/asic/run/RUN_final_2026-09-06/56-openroad-rcx/nom/asic_top.nom.spef line 6279134, instance ANTENNA_i_soc.i_ai_sram.u_sram.gen_bank\[7\].gen_512.u_macro_din0\[15\] not found.
[STA-1648] /home/blogic2026/final_jtag/repo/asic/run/RUN_final_2026-09-06/56-openroad-rcx/nom/asic_top.nom.spef line 6279136, instance ANTENNA_i_soc.i_ai_sram.u_sram.gen_bank\[3\].gen_512.u_macro_din0\[15\] not found.
[STA-1648] /home/blogic2026/final_jtag/repo/asic/run/RUN_final_2026-09-06/56-openroad-rcx/nom/asic_top.nom.spef line 6279774, instance ANTENNA_i_soc.i_ai_sram.u_sram.gen_bank\[13\].gen_512.u_macro_din0\[15\] not found.
[STA-1648] /home/blogic2026/final_jtag/repo/asic/run/RUN_final_2026-09-06/56-openroad-rcx/nom/asic_top.nom.spef line 6279779, instance ANTENNA_i_soc.i_ai_sram.u_sram.gen_bank\[14\].gen_512.u_macro_din0\[15\] not found.
[STA-1648] /home/blogic2026/final_jtag/repo/asic/run/RUN_final_2026-09-06/56-openroad-rcx/nom/asic_top.nom.spef line 6280347, instance ANTENNA_i_soc.i_ai_sram.u_sram.gen_bank\[10\].gen_512.u_macro_din0\[15\] not found.
[STA-1648] /home/blogic2026/final_jtag/repo/asic/run/RUN_final_2026-09-06/56-openroad-rcx/nom/asic_top.nom.spef line 6280351, instance ANTENNA_i_soc.i_ai_sram.u_sram.gen_bank\[6\].gen_512.u_macro_din0\[15\] not found.
[STA-1648] /home/blogic2026/final_jtag/repo/asic/run/RUN_final_2026-09-06/56-openroad-rcx/nom/asic_top.nom.spef line 6280353, instance ANTENNA_i_soc.i_ai_sram.u_sram.gen_bank\[2\].gen_512.u_macro_din0\[15\] not found.
[STA-1648] /home/blogic2026/final_jtag/repo/asic/run/RUN_final_2026-09-06/56-openroad-rcx/nom/asic_top.nom.spef line 6396332, instance ANTENNA_i_soc.i_ai_accel.u_conv_w_mem_din0\[31\] not found.
[STA-1648] /home/blogic2026/final_jtag/repo/asic/run/RUN_final_2026-09-06/56-openroad-rcx/nom/asic_top.nom.spef line 6396648, instance ANTENNA_i_soc.i_ai_accel.u_conv_w_mem_din0\[30\] not found.
[STA-1648] /home/blogic2026/final_jtag/repo/asic/run/RUN_final_2026-09-06/56-openroad-rcx/nom/asic_top.nom.spef line 6397087, instance ANTENNA_i_soc.i_ai_accel.u_conv_w_mem_din0\[29\] not found.
[STA-1648] /home/blogic2026/final_jtag/repo/asic/run/RUN_final_2026-09-06/56-openroad-rcx/nom/asic_top.nom.spef line 6397445, instance ANTENNA_i_soc.i_ai_accel.u_conv_w_mem_din0\[28\] not found.
[STA-1648] /home/blogic2026/final_jtag/repo/asic/run/RUN_final_2026-09-06/56-openroad-rcx/nom/asic_top.nom.spef line 6397873, instance ANTENNA_i_soc.i_ai_accel.u_conv_w_mem_din0\[27\] not found.
[STA-1648] /home/blogic2026/final_jtag/repo/asic/run/RUN_final_2026-09-06/56-openroad-rcx/nom/asic_top.nom.spef line 6398241, instance ANTENNA_i_soc.i_ai_accel.u_conv_w_mem_din0\[26\] not found.
[STA-1648] /home/blogic2026/final_jtag/repo/asic/run/RUN_final_2026-09-06/56-openroad-rcx/nom/asic_top.nom.spef line 6398623, instance ANTENNA_i_soc.i_ai_accel.u_conv_w_mem_din0\[25\] not found.
[STA-1648] /home/blogic2026/final_jtag/repo/asic/run/RUN_final_2026-09-06/56-openroad-rcx/nom/asic_top.nom.spef line 6398970, instance ANTENNA_i_soc.i_ai_accel.u_conv_w_mem_din0\[24\] not found.
[STA-1648] /home/blogic2026/final_jtag/repo/asic/run/RUN_final_2026-09-06/56-openroad-rcx/nom/asic_top.nom.spef line 6399305, instance ANTENNA_i_soc.i_ai_accel.u_conv_w_mem_din0\[23\] not found.
[STA-1648] /home/blogic2026/final_jtag/repo/asic/run/RUN_final_2026-09-06/56-openroad-rcx/nom/asic_top.nom.spef line 6399699, instance ANTENNA_i_soc.i_ai_accel.u_conv_w_mem_din0\[22\] not found.
[STA-1648] /home/blogic2026/final_jtag/repo/asic/run/RUN_final_2026-09-06/56-openroad-rcx/nom/asic_top.nom.spef line 6400053, instance ANTENNA_i_soc.i_ai_accel.u_conv_w_mem_din0\[21\] not found.
[STA-1648] /home/blogic2026/final_jtag/repo/asic/run/RUN_final_2026-09-06/56-openroad-rcx/nom/asic_top.nom.spef line 6400441, instance ANTENNA_i_soc.i_ai_accel.u_conv_w_mem_din0\[20\] not found.
[STA-1648] /home/blogic2026/final_jtag/repo/asic/run/RUN_final_2026-09-06/56-openroad-rcx/nom/asic_top.nom.spef line 6400854, instance ANTENNA_i_soc.i_ai_accel.u_conv_w_mem_din0\[19\] not found.
[STA-1648] /home/blogic2026/final_jtag/repo/asic/run/RUN_final_2026-09-06/56-openroad-rcx/nom/asic_top.nom.spef line 6401239, instance ANTENNA_i_soc.i_ai_accel.u_conv_w_mem_din0\[18\] not found.
[STA-1648] /home/blogic2026/final_jtag/repo/asic/run/RUN_final_2026-09-06/56-openroad-rcx/nom/asic_top.nom.spef line 6401631, instance ANTENNA_i_soc.i_ai_accel.u_conv_w_mem_din0\[17\] not found.
[STA-1648] /home/blogic2026/final_jtag/repo/asic/run/RUN_final_2026-09-06/56-openroad-rcx/nom/asic_top.nom.spef line 6402005, instance ANTENNA_i_soc.i_ai_accel.u_conv_w_mem_din0\[16\] not found.
[STA-1648] /home/blogic2026/final_jtag/repo/asic/run/RUN_final_2026-09-06/56-openroad-rcx/nom/asic_top.nom.spef line 6402305, instance ANTENNA_i_soc.i_ai_accel.u_conv_w_mem_din0\[15\] not found.
[STA-1648] /home/blogic2026/final_jtag/repo/asic/run/RUN_final_2026-09-06/56-openroad-rcx/nom/asic_top.nom.spef line 6402644, instance ANTENNA_i_soc.i_ai_accel.u_conv_w_mem_din0\[14\] not found.
[STA-1648] /home/blogic2026/final_jtag/repo/asic/run/RUN_final_2026-09-06/56-openroad-rcx/nom/asic_top.nom.spef line 6403010, instance ANTENNA_i_soc.i_ai_accel.u_conv_w_mem_din0\[13\] not found.
[STA-1648] /home/blogic2026/final_jtag/repo/asic/run/RUN_final_2026-09-06/56-openroad-rcx/nom/asic_top.nom.spef line 6403372, instance ANTENNA_i_soc.i_ai_accel.u_conv_w_mem_din0\[12\] not found.
[STA-1648] /home/blogic2026/final_jtag/repo/asic/run/RUN_final_2026-09-06/56-openroad-rcx/nom/asic_top.nom.spef line 6403760, instance ANTENNA_i_soc.i_ai_accel.u_conv_w_mem_din0\[11\] not found.
[STA-1648] /home/blogic2026/final_jtag/repo/asic/run/RUN_final_2026-09-06/56-openroad-rcx/nom/asic_top.nom.spef line 6404136, instance ANTENNA_i_soc.i_ai_accel.u_conv_w_mem_din0\[10\] not found.
[STA-1648] /home/blogic2026/final_jtag/repo/asic/run/RUN_final_2026-09-06/56-openroad-rcx/nom/asic_top.nom.spef line 6404513, instance ANTENNA_i_soc.i_ai_accel.u_conv_w_mem_din0\[9\] not found.
[STA-1648] /home/blogic2026/final_jtag/repo/asic/run/RUN_final_2026-09-06/56-openroad-rcx/nom/asic_top.nom.spef line 6404854, instance ANTENNA_i_soc.i_ai_accel.u_conv_w_mem_din0\[8\] not found.
[STA-1648] /home/blogic2026/final_jtag/repo/asic/run/RUN_final_2026-09-06/56-openroad-rcx/nom/asic_top.nom.spef line 6405217, instance ANTENNA_i_soc.i_ai_accel.u_conv_w_mem_din0\[7\] not found.
[STA-1648] /home/blogic2026/final_jtag/repo/asic/run/RUN_final_2026-09-06/56-openroad-rcx/nom/asic_top.nom.spef line 6405635, instance ANTENNA_i_soc.i_ai_accel.u_conv_w_mem_din0\[6\] not found.
[STA-1648] /home/blogic2026/final_jtag/repo/asic/run/RUN_final_2026-09-06/56-openroad-rcx/nom/asic_top.nom.spef line 6406034, instance ANTENNA_i_soc.i_ai_accel.u_conv_w_mem_din0\[5\] not found.
[STA-1648] /home/blogic2026/final_jtag/repo/asic/run/RUN_final_2026-09-06/56-openroad-rcx/nom/asic_top.nom.spef line 6406388, instance ANTENNA_i_soc.i_ai_accel.u_conv_w_mem_din0\[4\] not found.
[STA-1648] /home/blogic2026/final_jtag/repo/asic/run/RUN_final_2026-09-06/56-openroad-rcx/nom/asic_top.nom.spef line 6406737, instance ANTENNA_i_soc.i_ai_accel.u_conv_w_mem_din0\[3\] not found.
[STA-1648] /home/blogic2026/final_jtag/repo/asic/run/RUN_final_2026-09-06/56-openroad-rcx/nom/asic_top.nom.spef line 6407123, instance ANTENNA_i_soc.i_ai_accel.u_conv_w_mem_din0\[2\] not found.
[STA-1648] /home/blogic2026/final_jtag/repo/asic/run/RUN_final_2026-09-06/56-openroad-rcx/nom/asic_top.nom.spef line 6407495, instance ANTENNA_i_soc.i_ai_accel.u_conv_w_mem_din0\[1\] not found.
[STA-1648] /home/blogic2026/final_jtag/repo/asic/run/RUN_final_2026-09-06/56-openroad-rcx/nom/asic_top.nom.spef line 6407841, instance ANTENNA_i_soc.i_ai_accel.u_conv_w_mem_din0\[0\] not found.
[STA-1648] /home/blogic2026/final_jtag/repo/asic/run/RUN_final_2026-09-06/56-openroad-rcx/nom/asic_top.nom.spef line 6414318, instance ANTENNA_i_soc.i_ai_accel.u_conv_out.gen_bank\[1\].gen_512.u_macro_din0\[14\] not found.
[STA-1648] /home/blogic2026/final_jtag/repo/asic/run/RUN_final_2026-09-06/56-openroad-rcx/nom/asic_top.nom.spef line 6414320, instance ANTENNA_i_soc.i_ai_accel.u_conv_out.gen_bank\[1\].gen_512.u_macro_din0\[6\] not found.
[STA-1648] /home/blogic2026/final_jtag/repo/asic/run/RUN_final_2026-09-06/56-openroad-rcx/nom/asic_top.nom.spef line 6414322, instance ANTENNA_i_soc.i_ai_accel.u_conv_out.gen_bank\[0\].gen_512.u_macro_din0\[30\] not found.
[STA-1648] /home/blogic2026/final_jtag/repo/asic/run/RUN_final_2026-09-06/56-openroad-rcx/nom/asic_top.nom.spef line 6414324, instance ANTENNA_i_soc.i_ai_accel.u_conv_out.gen_bank\[0\].gen_512.u_macro_din0\[14\] not found.
[STA-1648] /home/blogic2026/final_jtag/repo/asic/run/RUN_final_2026-09-06/56-openroad-rcx/nom/asic_top.nom.spef line 6414326, instance ANTENNA_i_soc.i_ai_accel.u_conv_out.gen_bank\[0\].gen_512.u_macro_din0\[6\] not found.
[STA-1648] /home/blogic2026/final_jtag/repo/asic/run/RUN_final_2026-09-06/56-openroad-rcx/nom/asic_top.nom.spef line 6414328, instance ANTENNA_i_soc.i_ai_accel.u_conv_out.gen_bank\[0\].gen_512.u_macro_din0\[22\] not found.
[STA-1648] /home/blogic2026/final_jtag/repo/asic/run/RUN_final_2026-09-06/56-openroad-rcx/nom/asic_top.nom.spef line 6414329, instance ANTENNA_i_soc.i_ai_accel.u_conv_out.gen_bank\[1\].gen_512.u_macro_din0\[22\] not found.
[STA-1648] /home/blogic2026/final_jtag/repo/asic/run/RUN_final_2026-09-06/56-openroad-rcx/nom/asic_top.nom.spef line 6414331, instance ANTENNA_i_soc.i_ai_accel.u_conv_out.gen_bank\[1\].gen_512.u_macro_din0\[30\] not found.
[STA-1648] /home/blogic2026/final_jtag/repo/asic/run/RUN_final_2026-09-06/56-openroad-rcx/nom/asic_top.nom.spef line 6414524, instance ANTENNA_i_soc.i_ai_accel.u_conv_out.gen_bank\[1\].gen_512.u_macro_din0\[21\] not found.
[STA-1648] /home/blogic2026/final_jtag/repo/asic/run/RUN_final_2026-09-06/56-openroad-rcx/nom/asic_top.nom.spef line 6414525, instance ANTENNA_i_soc.i_ai_accel.u_conv_out.gen_bank\[1\].gen_512.u_macro_din0\[13\] not found.
[STA-1648] /home/blogic2026/final_jtag/repo/asic/run/RUN_final_2026-09-06/56-openroad-rcx/nom/asic_top.nom.spef line 6414527, instance ANTENNA_i_soc.i_ai_accel.u_conv_out.gen_bank\[1\].gen_512.u_macro_din0\[5\] not found.
[STA-1648] /home/blogic2026/final_jtag/repo/asic/run/RUN_final_2026-09-06/56-openroad-rcx/nom/asic_top.nom.spef line 6414530, instance ANTENNA_i_soc.i_ai_accel.u_conv_out.gen_bank\[0\].gen_512.u_macro_din0\[21\] not found.
[STA-1648] /home/blogic2026/final_jtag/repo/asic/run/RUN_final_2026-09-06/56-openroad-rcx/nom/asic_top.nom.spef line 6414533, instance ANTENNA_i_soc.i_ai_accel.u_conv_out.gen_bank\[0\].gen_512.u_macro_din0\[13\] not found.
[STA-1648] /home/blogic2026/final_jtag/repo/asic/run/RUN_final_2026-09-06/56-openroad-rcx/nom/asic_top.nom.spef line 6414534, instance ANTENNA_i_soc.i_ai_accel.u_conv_out.gen_bank\[0\].gen_512.u_macro_din0\[5\] not found.
[STA-1648] /home/blogic2026/final_jtag/repo/asic/run/RUN_final_2026-09-06/56-openroad-rcx/nom/asic_top.nom.spef line 6414535, instance ANTENNA_i_soc.i_ai_accel.u_conv_out.gen_bank\[0\].gen_512.u_macro_din0\[29\] not found.
[STA-1648] /home/blogic2026/final_jtag/repo/asic/run/RUN_final_2026-09-06/56-openroad-rcx/nom/asic_top.nom.spef line 6414537, instance ANTENNA_i_soc.i_ai_accel.u_conv_out.gen_bank\[1\].gen_512.u_macro_din0\[29\] not found.
[STA-1648] /home/blogic2026/final_jtag/repo/asic/run/RUN_final_2026-09-06/56-openroad-rcx/nom/asic_top.nom.spef line 6414742, instance ANTENNA_i_soc.i_ai_accel.u_conv_out.gen_bank\[0\].gen_512.u_macro_din0\[12\] not found.
[STA-1648] /home/blogic2026/final_jtag/repo/asic/run/RUN_final_2026-09-06/56-openroad-rcx/nom/asic_top.nom.spef line 6414745, instance ANTENNA_i_soc.i_ai_accel.u_conv_out.gen_bank\[0\].gen_512.u_macro_din0\[4\] not found.
[STA-1648] /home/blogic2026/final_jtag/repo/asic/run/RUN_final_2026-09-06/56-openroad-rcx/nom/asic_top.nom.spef line 6414747, instance ANTENNA_i_soc.i_ai_accel.u_conv_out.gen_bank\[0\].gen_512.u_macro_din0\[28\] not found.
[STA-1648] /home/blogic2026/final_jtag/repo/asic/run/RUN_final_2026-09-06/56-openroad-rcx/nom/asic_top.nom.spef line 6414748, instance ANTENNA_i_soc.i_ai_accel.u_conv_out.gen_bank\[0\].gen_512.u_macro_din0\[20\] not found.
[STA-1648] /home/blogic2026/final_jtag/repo/asic/run/RUN_final_2026-09-06/56-openroad-rcx/nom/asic_top.nom.spef line 6414750, instance ANTENNA_i_soc.i_ai_accel.u_conv_out.gen_bank\[1\].gen_512.u_macro_din0\[4\] not found.
[STA-1648] /home/blogic2026/final_jtag/repo/asic/run/RUN_final_2026-09-06/56-openroad-rcx/nom/asic_top.nom.spef line 6414754, instance ANTENNA_i_soc.i_ai_accel.u_conv_out.gen_bank\[1\].gen_512.u_macro_din0\[20\] not found.
[STA-1648] /home/blogic2026/final_jtag/repo/asic/run/RUN_final_2026-09-06/56-openroad-rcx/nom/asic_top.nom.spef line 6414756, instance ANTENNA_i_soc.i_ai_accel.u_conv_out.gen_bank\[1\].gen_512.u_macro_din0\[12\] not found.
[STA-1648] /home/blogic2026/final_jtag/repo/asic/run/RUN_final_2026-09-06/56-openroad-rcx/nom/asic_top.nom.spef line 6414757, instance ANTENNA_i_soc.i_ai_accel.u_conv_out.gen_bank\[1\].gen_512.u_macro_din0\[28\] not found.
[STA-1648] /home/blogic2026/final_jtag/repo/asic/run/RUN_final_2026-09-06/56-openroad-rcx/nom/asic_top.nom.spef line 6414920, instance ANTENNA_i_soc.i_ai_accel.u_conv_out.gen_bank\[0\].gen_512.u_macro_din0\[11\] not found.
[STA-1648] /home/blogic2026/final_jtag/repo/asic/run/RUN_final_2026-09-06/56-openroad-rcx/nom/asic_top.nom.spef line 6414922, instance ANTENNA_i_soc.i_ai_accel.u_conv_out.gen_bank\[0\].gen_512.u_macro_din0\[3\] not found.
[STA-1648] /home/blogic2026/final_jtag/repo/asic/run/RUN_final_2026-09-06/56-openroad-rcx/nom/asic_top.nom.spef line 6414923, instance ANTENNA_i_soc.i_ai_accel.u_conv_out.gen_bank\[0\].gen_512.u_macro_din0\[19\] not found.
[STA-1648] /home/blogic2026/final_jtag/repo/asic/run/RUN_final_2026-09-06/56-openroad-rcx/nom/asic_top.nom.spef line 6414924, instance ANTENNA_i_soc.i_ai_accel.u_conv_out.gen_bank\[0\].gen_512.u_macro_din0\[27\] not found.
[STA-1648] /home/blogic2026/final_jtag/repo/asic/run/RUN_final_2026-09-06/56-openroad-rcx/nom/asic_top.nom.spef line 6414925, instance ANTENNA_i_soc.i_ai_accel.u_conv_out.gen_bank\[1\].gen_512.u_macro_din0\[11\] not found.
[STA-1648] /home/blogic2026/final_jtag/repo/asic/run/RUN_final_2026-09-06/56-openroad-rcx/nom/asic_top.nom.spef line 6414927, instance ANTENNA_i_soc.i_ai_accel.u_conv_out.gen_bank\[1\].gen_512.u_macro_din0\[3\] not found.
[STA-1648] /home/blogic2026/final_jtag/repo/asic/run/RUN_final_2026-09-06/56-openroad-rcx/nom/asic_top.nom.spef line 6414930, instance ANTENNA_i_soc.i_ai_accel.u_conv_out.gen_bank\[1\].gen_512.u_macro_din0\[27\] not found.
[STA-1648] /home/blogic2026/final_jtag/repo/asic/run/RUN_final_2026-09-06/56-openroad-rcx/nom/asic_top.nom.spef line 6414932, instance ANTENNA_i_soc.i_ai_accel.u_conv_out.gen_bank\[1\].gen_512.u_macro_din0\[19\] not found.
[STA-1648] /home/blogic2026/final_jtag/repo/asic/run/RUN_final_2026-09-06/56-openroad-rcx/nom/asic_top.nom.spef line 6415099, instance ANTENNA_i_soc.i_ai_accel.u_conv_out.gen_bank\[0\].gen_512.u_macro_din0\[2\] not found.
[STA-1648] /home/blogic2026/final_jtag/repo/asic/run/RUN_final_2026-09-06/56-openroad-rcx/nom/asic_top.nom.spef line 6415101, instance ANTENNA_i_soc.i_ai_accel.u_conv_out.gen_bank\[0\].gen_512.u_macro_din0\[10\] not found.
[STA-1648] /home/blogic2026/final_jtag/repo/asic/run/RUN_final_2026-09-06/56-openroad-rcx/nom/asic_top.nom.spef line 6415102, instance ANTENNA_i_soc.i_ai_accel.u_conv_out.gen_bank\[0\].gen_512.u_macro_din0\[18\] not found.
[STA-1648] /home/blogic2026/final_jtag/repo/asic/run/RUN_final_2026-09-06/56-openroad-rcx/nom/asic_top.nom.spef line 6415104, instance ANTENNA_i_soc.i_ai_accel.u_conv_out.gen_bank\[1\].gen_512.u_macro_din0\[26\] not found.
[STA-1648] /home/blogic2026/final_jtag/repo/asic/run/RUN_final_2026-09-06/56-openroad-rcx/nom/asic_top.nom.spef line 6415105, instance ANTENNA_i_soc.i_ai_accel.u_conv_out.gen_bank\[1\].gen_512.u_macro_din0\[18\] not found.
[STA-1648] /home/blogic2026/final_jtag/repo/asic/run/RUN_final_2026-09-06/56-openroad-rcx/nom/asic_top.nom.spef line 6415109, instance ANTENNA_i_soc.i_ai_accel.u_conv_out.gen_bank\[1\].gen_512.u_macro_din0\[2\] not found.
[STA-1648] /home/blogic2026/final_jtag/repo/asic/run/RUN_final_2026-09-06/56-openroad-rcx/nom/asic_top.nom.spef line 6415110, instance ANTENNA_i_soc.i_ai_accel.u_conv_out.gen_bank\[0\].gen_512.u_macro_din0\[26\] not found.
[STA-1648] /home/blogic2026/final_jtag/repo/asic/run/RUN_final_2026-09-06/56-openroad-rcx/nom/asic_top.nom.spef line 6415112, instance ANTENNA_i_soc.i_ai_accel.u_conv_out.gen_bank\[1\].gen_512.u_macro_din0\[10\] not found.
[STA-1648] /home/blogic2026/final_jtag/repo/asic/run/RUN_final_2026-09-06/56-openroad-rcx/nom/asic_top.nom.spef line 6415284, instance ANTENNA_i_soc.i_ai_accel.u_conv_out.gen_bank\[0\].gen_512.u_macro_din0\[1\] not found.
[STA-1648] /home/blogic2026/final_jtag/repo/asic/run/RUN_final_2026-09-06/56-openroad-rcx/nom/asic_top.nom.spef line 6415285, instance ANTENNA_i_soc.i_ai_accel.u_conv_out.gen_bank\[0\].gen_512.u_macro_din0\[9\] not found.
[STA-1648] /home/blogic2026/final_jtag/repo/asic/run/RUN_final_2026-09-06/56-openroad-rcx/nom/asic_top.nom.spef line 6415287, instance ANTENNA_i_soc.i_ai_accel.u_conv_out.gen_bank\[0\].gen_512.u_macro_din0\[17\] not found.
[STA-1648] /home/blogic2026/final_jtag/repo/asic/run/RUN_final_2026-09-06/56-openroad-rcx/nom/asic_top.nom.spef line 6415289, instance ANTENNA_i_soc.i_ai_accel.u_conv_out.gen_bank\[0\].gen_512.u_macro_din0\[25\] not found.
[STA-1648] /home/blogic2026/final_jtag/repo/asic/run/RUN_final_2026-09-06/56-openroad-rcx/nom/asic_top.nom.spef line 6415292, instance ANTENNA_i_soc.i_ai_accel.u_conv_out.gen_bank\[1\].gen_512.u_macro_din0\[1\] not found.
[STA-1648] /home/blogic2026/final_jtag/repo/asic/run/RUN_final_2026-09-06/56-openroad-rcx/nom/asic_top.nom.spef line 6415294, instance ANTENNA_i_soc.i_ai_accel.u_conv_out.gen_bank\[1\].gen_512.u_macro_din0\[9\] not found.
[STA-1648] /home/blogic2026/final_jtag/repo/asic/run/RUN_final_2026-09-06/56-openroad-rcx/nom/asic_top.nom.spef line 6415297, instance ANTENNA_i_soc.i_ai_accel.u_conv_out.gen_bank\[1\].gen_512.u_macro_din0\[25\] not found.
[STA-1648] /home/blogic2026/final_jtag/repo/asic/run/RUN_final_2026-09-06/56-openroad-rcx/nom/asic_top.nom.spef line 6415298, instance ANTENNA_i_soc.i_ai_accel.u_conv_out.gen_bank\[1\].gen_512.u_macro_din0\[17\] not found.
[STA-1648] /home/blogic2026/final_jtag/repo/asic/run/RUN_final_2026-09-06/56-openroad-rcx/nom/asic_top.nom.spef line 6415461, instance ANTENNA_i_soc.i_ai_accel.u_conv_out.gen_bank\[0\].gen_512.u_macro_din0\[8\] not found.
[STA-1648] /home/blogic2026/final_jtag/repo/asic/run/RUN_final_2026-09-06/56-openroad-rcx/nom/asic_top.nom.spef line 6415463, instance ANTENNA_i_soc.i_ai_accel.u_conv_out.gen_bank\[0\].gen_512.u_macro_din0\[0\] not found.
[STA-1648] /home/blogic2026/final_jtag/repo/asic/run/RUN_final_2026-09-06/56-openroad-rcx/nom/asic_top.nom.spef line 6415464, instance ANTENNA_i_soc.i_ai_accel.u_conv_out.gen_bank\[0\].gen_512.u_macro_din0\[16\] not found.
[STA-1648] /home/blogic2026/final_jtag/repo/asic/run/RUN_final_2026-09-06/56-openroad-rcx/nom/asic_top.nom.spef line 6415469, instance ANTENNA_i_soc.i_ai_accel.u_conv_out.gen_bank\[0\].gen_512.u_macro_din0\[24\] not found.
[STA-1648] /home/blogic2026/final_jtag/repo/asic/run/RUN_final_2026-09-06/56-openroad-rcx/nom/asic_top.nom.spef line 6415470, instance ANTENNA_i_soc.i_ai_accel.u_conv_out.gen_bank\[1\].gen_512.u_macro_din0\[0\] not found.
[STA-1648] /home/blogic2026/final_jtag/repo/asic/run/RUN_final_2026-09-06/56-openroad-rcx/nom/asic_top.nom.spef line 6415472, instance ANTENNA_i_soc.i_ai_accel.u_conv_out.gen_bank\[1\].gen_512.u_macro_din0\[8\] not found.
[STA-1648] /home/blogic2026/final_jtag/repo/asic/run/RUN_final_2026-09-06/56-openroad-rcx/nom/asic_top.nom.spef line 6415475, instance ANTENNA_i_soc.i_ai_accel.u_conv_out.gen_bank\[1\].gen_512.u_macro_din0\[24\] not found.
[STA-1648] /home/blogic2026/final_jtag/repo/asic/run/RUN_final_2026-09-06/56-openroad-rcx/nom/asic_top.nom.spef line 6415476, instance ANTENNA_i_soc.i_ai_accel.u_conv_out.gen_bank\[1\].gen_512.u_macro_din0\[16\] not found.
[STA-1648] /home/blogic2026/final_jtag/repo/asic/run/RUN_final_2026-09-06/56-openroad-rcx/nom/asic_top.nom.spef line 6415645, instance ANTENNA_i_soc.i_ai_accel.u_conv_out.gen_bank\[0\].gen_512.u_macro_din0\[23\] not found.
[STA-1648] /home/blogic2026/final_jtag/repo/asic/run/RUN_final_2026-09-06/56-openroad-rcx/nom/asic_top.nom.spef line 6415647, instance ANTENNA_i_soc.i_ai_accel.u_conv_out.gen_bank\[0\].gen_512.u_macro_din0\[7\] not found.
[STA-1648] /home/blogic2026/final_jtag/repo/asic/run/RUN_final_2026-09-06/56-openroad-rcx/nom/asic_top.nom.spef line 6415649, instance ANTENNA_i_soc.i_ai_accel.u_conv_out.gen_bank\[0\].gen_512.u_macro_din0\[15\] not found.
[STA-1648] /home/blogic2026/final_jtag/repo/asic/run/RUN_final_2026-09-06/56-openroad-rcx/nom/asic_top.nom.spef line 6415650, instance ANTENNA_i_soc.i_ai_accel.u_conv_out.gen_bank\[0\].gen_512.u_macro_din0\[31\] not found.
[STA-1648] /home/blogic2026/final_jtag/repo/asic/run/RUN_final_2026-09-06/56-openroad-rcx/nom/asic_top.nom.spef line 6415651, instance ANTENNA_i_soc.i_ai_accel.u_conv_out.gen_bank\[1\].gen_512.u_macro_din0\[7\] not found.
[STA-1648] /home/blogic2026/final_jtag/repo/asic/run/RUN_final_2026-09-06/56-openroad-rcx/nom/asic_top.nom.spef line 6415652, instance ANTENNA_i_soc.i_ai_accel.u_conv_out.gen_bank\[1\].gen_512.u_macro_din0\[15\] not found.
[STA-1648] /home/blogic2026/final_jtag/repo/asic/run/RUN_final_2026-09-06/56-openroad-rcx/nom/asic_top.nom.spef line 6415653, instance ANTENNA_i_soc.i_ai_accel.u_conv_out.gen_bank\[1\].gen_512.u_macro_din0\[23\] not found.
[STA-1648] /home/blogic2026/final_jtag/repo/asic/run/RUN_final_2026-09-06/56-openroad-rcx/nom/asic_top.nom.spef line 6415656, instance ANTENNA_i_soc.i_ai_accel.u_conv_out.gen_bank\[1\].gen_512.u_macro_din0\[31\] not found.
[STA-1648] /home/blogic2026/final_jtag/repo/asic/run/RUN_final_2026-09-06/56-openroad-rcx/nom/asic_top.nom.spef line 6421050, instance ANTENNA_i_soc.i_ai_sram.u_sram.gen_bank\[8\].gen_512.u_macro_din0\[31\] not found.
[STA-1648] /home/blogic2026/final_jtag/repo/asic/run/RUN_final_2026-09-06/56-openroad-rcx/nom/asic_top.nom.spef line 6421052, instance ANTENNA_i_soc.i_ai_sram.u_sram.gen_bank\[4\].gen_512.u_macro_din0\[31\] not found.
[STA-1648] /home/blogic2026/final_jtag/repo/asic/run/RUN_final_2026-09-06/56-openroad-rcx/nom/asic_top.nom.spef line 6421053, instance ANTENNA_i_soc.i_ai_sram.u_sram.gen_bank\[0\].gen_512.u_macro_din0\[31\] not found.
[STA-1648] /home/blogic2026/final_jtag/repo/asic/run/RUN_final_2026-09-06/56-openroad-rcx/nom/asic_top.nom.spef line 6421055, instance ANTENNA_i_soc.i_ai_sram.u_sram.gen_bank\[12\].gen_512.u_macro_din0\[31\] not found.
[STA-1648] /home/blogic2026/final_jtag/repo/asic/run/RUN_final_2026-09-06/56-openroad-rcx/nom/asic_top.nom.spef line 6422982, instance ANTENNA_i_soc.i_ai_sram.u_sram.gen_bank\[9\].gen_512.u_macro_din0\[31\] not found.
[STA-1648] /home/blogic2026/final_jtag/repo/asic/run/RUN_final_2026-09-06/56-openroad-rcx/nom/asic_top.nom.spef line 6422984, instance ANTENNA_i_soc.i_ai_sram.u_sram.gen_bank\[5\].gen_512.u_macro_din0\[31\] not found.
[STA-1648] /home/blogic2026/final_jtag/repo/asic/run/RUN_final_2026-09-06/56-openroad-rcx/nom/asic_top.nom.spef line 6422985, instance ANTENNA_i_soc.i_ai_sram.u_sram.gen_bank\[1\].gen_512.u_macro_din0\[31\] not found.
[STA-1648] /home/blogic2026/final_jtag/repo/asic/run/RUN_final_2026-09-06/56-openroad-rcx/nom/asic_top.nom.spef line 6425160, instance ANTENNA_i_soc.i_ai_sram.u_sram.gen_bank\[3\].gen_512.u_macro_din0\[31\] not found.
[STA-1648] /home/blogic2026/final_jtag/repo/asic/run/RUN_final_2026-09-06/56-openroad-rcx/nom/asic_top.nom.spef line 6425162, instance ANTENNA_i_soc.i_ai_sram.u_sram.gen_bank\[11\].gen_512.u_macro_din0\[31\] not found.
[STA-1648] /home/blogic2026/final_jtag/repo/asic/run/RUN_final_2026-09-06/56-openroad-rcx/nom/asic_top.nom.spef line 6425164, instance ANTENNA_i_soc.i_ai_sram.u_sram.gen_bank\[7\].gen_512.u_macro_din0\[31\] not found.
[STA-1648] /home/blogic2026/final_jtag/repo/asic/run/RUN_final_2026-09-06/56-openroad-rcx/nom/asic_top.nom.spef line 6427208, instance ANTENNA_i_soc.i_ai_sram.u_sram.gen_bank\[14\].gen_512.u_macro_din0\[31\] not found.
[STA-1648] /home/blogic2026/final_jtag/repo/asic/run/RUN_final_2026-09-06/56-openroad-rcx/nom/asic_top.nom.spef line 6427210, instance ANTENNA_i_soc.i_ai_sram.u_sram.gen_bank\[6\].gen_512.u_macro_din0\[31\] not found.
[STA-1648] /home/blogic2026/final_jtag/repo/asic/run/RUN_final_2026-09-06/56-openroad-rcx/nom/asic_top.nom.spef line 6427211, instance ANTENNA_i_soc.i_ai_sram.u_sram.gen_bank\[2\].gen_512.u_macro_din0\[31\] not found.
[STA-1648] /home/blogic2026/final_jtag/repo/asic/run/RUN_final_2026-09-06/56-openroad-rcx/nom/asic_top.nom.spef line 6427212, instance ANTENNA_i_soc.i_ai_sram.u_sram.gen_bank\[10\].gen_512.u_macro_din0\[31\] not found.
[STA-1648] /home/blogic2026/final_jtag/repo/asic/run/RUN_final_2026-09-06/56-openroad-rcx/nom/asic_top.nom.spef line 6429194, instance ANTENNA_i_soc.i_ai_sram.u_sram.gen_bank\[13\].gen_512.u_macro_din0\[31\] not found.
[STA-1648] /home/blogic2026/final_jtag/repo/asic/run/RUN_final_2026-09-06/56-openroad-rcx/nom/asic_top.nom.spef line 6430996, instance ANTENNA_i_soc.i_ai_sram.u_sram.gen_bank\[8\].gen_512.u_macro_din0\[29\] not found.
[STA-1648] /home/blogic2026/final_jtag/repo/asic/run/RUN_final_2026-09-06/56-openroad-rcx/nom/asic_top.nom.spef line 6430998, instance ANTENNA_i_soc.i_ai_sram.u_sram.gen_bank\[4\].gen_512.u_macro_din0\[29\] not found.
[STA-1648] /home/blogic2026/final_jtag/repo/asic/run/RUN_final_2026-09-06/56-openroad-rcx/nom/asic_top.nom.spef line 6430999, instance ANTENNA_i_soc.i_ai_sram.u_sram.gen_bank\[0\].gen_512.u_macro_din0\[29\] not found.
[STA-1648] /home/blogic2026/final_jtag/repo/asic/run/RUN_final_2026-09-06/56-openroad-rcx/nom/asic_top.nom.spef line 6431001, instance ANTENNA_i_soc.i_ai_sram.u_sram.gen_bank\[12\].gen_512.u_macro_din0\[29\] not found.
[STA-1648] /home/blogic2026/final_jtag/repo/asic/run/RUN_final_2026-09-06/56-openroad-rcx/nom/asic_top.nom.spef line 6432545, instance ANTENNA_i_soc.i_ai_sram.u_sram.gen_bank\[9\].gen_512.u_macro_din0\[29\] not found.
[STA-1648] /home/blogic2026/final_jtag/repo/asic/run/RUN_final_2026-09-06/56-openroad-rcx/nom/asic_top.nom.spef line 6432547, instance ANTENNA_i_soc.i_ai_sram.u_sram.gen_bank\[1\].gen_512.u_macro_din0\[29\] not found.
[STA-1648] /home/blogic2026/final_jtag/repo/asic/run/RUN_final_2026-09-06/56-openroad-rcx/nom/asic_top.nom.spef line 6432549, instance ANTENNA_i_soc.i_ai_sram.u_sram.gen_bank\[5\].gen_512.u_macro_din0\[29\] not found.
[STA-1648] /home/blogic2026/final_jtag/repo/asic/run/RUN_final_2026-09-06/56-openroad-rcx/nom/asic_top.nom.spef line 6434413, instance ANTENNA_i_soc.i_ai_sram.u_sram.gen_bank\[11\].gen_512.u_macro_din0\[29\] not found.
[STA-1648] /home/blogic2026/final_jtag/repo/asic/run/RUN_final_2026-09-06/56-openroad-rcx/nom/asic_top.nom.spef line 6434415, instance ANTENNA_i_soc.i_ai_sram.u_sram.gen_bank\[7\].gen_512.u_macro_din0\[29\] not found.
[STA-1648] /home/blogic2026/final_jtag/repo/asic/run/RUN_final_2026-09-06/56-openroad-rcx/nom/asic_top.nom.spef line 6434416, instance ANTENNA_i_soc.i_ai_sram.u_sram.gen_bank\[3\].gen_512.u_macro_din0\[29\] not found.
[STA-1648] /home/blogic2026/final_jtag/repo/asic/run/RUN_final_2026-09-06/56-openroad-rcx/nom/asic_top.nom.spef line 6436089, instance ANTENNA_i_soc.i_ai_sram.u_sram.gen_bank\[14\].gen_512.u_macro_din0\[29\] not found.
[STA-1648] /home/blogic2026/final_jtag/repo/asic/run/RUN_final_2026-09-06/56-openroad-rcx/nom/asic_top.nom.spef line 6436093, instance ANTENNA_i_soc.i_ai_sram.u_sram.gen_bank\[10\].gen_512.u_macro_din0\[29\] not found.
[STA-1648] /home/blogic2026/final_jtag/repo/asic/run/RUN_final_2026-09-06/56-openroad-rcx/nom/asic_top.nom.spef line 6436095, instance ANTENNA_i_soc.i_ai_sram.u_sram.gen_bank\[6\].gen_512.u_macro_din0\[29\] not found.
[STA-1648] /home/blogic2026/final_jtag/repo/asic/run/RUN_final_2026-09-06/56-openroad-rcx/nom/asic_top.nom.spef line 6436097, instance ANTENNA_i_soc.i_ai_sram.u_sram.gen_bank\[2\].gen_512.u_macro_din0\[29\] not found.
[STA-1648] /home/blogic2026/final_jtag/repo/asic/run/RUN_final_2026-09-06/56-openroad-rcx/nom/asic_top.nom.spef line 6437715, instance ANTENNA_i_soc.i_ai_sram.u_sram.gen_bank\[13\].gen_512.u_macro_din0\[29\] not found.
[STA-1648] /home/blogic2026/final_jtag/repo/asic/run/RUN_final_2026-09-06/56-openroad-rcx/nom/asic_top.nom.spef line 6438788, instance ANTENNA_i_soc.i_ai_sram.u_sram.gen_bank\[12\].gen_512.u_macro_din0\[27\] not found.
[STA-1648] /home/blogic2026/final_jtag/repo/asic/run/RUN_final_2026-09-06/56-openroad-rcx/nom/asic_top.nom.spef line 6438791, instance ANTENNA_i_soc.i_ai_sram.u_sram.gen_bank\[4\].gen_512.u_macro_din0\[27\] not found.
[STA-1648] /home/blogic2026/final_jtag/repo/asic/run/RUN_final_2026-09-06/56-openroad-rcx/nom/asic_top.nom.spef line 6438793, instance ANTENNA_i_soc.i_ai_sram.u_sram.gen_bank\[0\].gen_512.u_macro_din0\[27\] not found.
[STA-1648] /home/blogic2026/final_jtag/repo/asic/run/RUN_final_2026-09-06/56-openroad-rcx/nom/asic_top.nom.spef line 6438794, instance ANTENNA_i_soc.i_ai_sram.u_sram.gen_bank\[8\].gen_512.u_macro_din0\[27\] not found.
[STA-1648] /home/blogic2026/final_jtag/repo/asic/run/RUN_final_2026-09-06/56-openroad-rcx/nom/asic_top.nom.spef line 6439086, instance ANTENNA_i_soc.i_ai_sram.u_sram.gen_bank\[1\].gen_512.u_macro_din0\[27\] not found.
[STA-1648] /home/blogic2026/final_jtag/repo/asic/run/RUN_final_2026-09-06/56-openroad-rcx/nom/asic_top.nom.spef line 6439088, instance ANTENNA_i_soc.i_ai_sram.u_sram.gen_bank\[5\].gen_512.u_macro_din0\[27\] not found.
[STA-1648] /home/blogic2026/final_jtag/repo/asic/run/RUN_final_2026-09-06/56-openroad-rcx/nom/asic_top.nom.spef line 6439090, instance ANTENNA_i_soc.i_ai_sram.u_sram.gen_bank\[9\].gen_512.u_macro_din0\[27\] not found.
[STA-1648] /home/blogic2026/final_jtag/repo/asic/run/RUN_final_2026-09-06/56-openroad-rcx/nom/asic_top.nom.spef line 6439415, instance ANTENNA_i_soc.i_ai_sram.u_sram.gen_bank\[11\].gen_512.u_macro_din0\[27\] not found.
[STA-1648] /home/blogic2026/final_jtag/repo/asic/run/RUN_final_2026-09-06/56-openroad-rcx/nom/asic_top.nom.spef line 6439417, instance ANTENNA_i_soc.i_ai_sram.u_sram.gen_bank\[7\].gen_512.u_macro_din0\[27\] not found.
[STA-1648] /home/blogic2026/final_jtag/repo/asic/run/RUN_final_2026-09-06/56-openroad-rcx/nom/asic_top.nom.spef line 6439418, instance ANTENNA_i_soc.i_ai_sram.u_sram.gen_bank\[3\].gen_512.u_macro_din0\[27\] not found.
[STA-1648] /home/blogic2026/final_jtag/repo/asic/run/RUN_final_2026-09-06/56-openroad-rcx/nom/asic_top.nom.spef line 6439683, instance ANTENNA_i_soc.i_ai_sram.u_sram.gen_bank\[14\].gen_512.u_macro_din0\[27\] not found.
[STA-1648] /home/blogic2026/final_jtag/repo/asic/run/RUN_final_2026-09-06/56-openroad-rcx/nom/asic_top.nom.spef line 6439689, instance ANTENNA_i_soc.i_ai_sram.u_sram.gen_bank\[10\].gen_512.u_macro_din0\[27\] not found.
[STA-1648] /home/blogic2026/final_jtag/repo/asic/run/RUN_final_2026-09-06/56-openroad-rcx/nom/asic_top.nom.spef line 6439691, instance ANTENNA_i_soc.i_ai_sram.u_sram.gen_bank\[6\].gen_512.u_macro_din0\[27\] not found.
[STA-1648] /home/blogic2026/final_jtag/repo/asic/run/RUN_final_2026-09-06/56-openroad-rcx/nom/asic_top.nom.spef line 6439692, instance ANTENNA_i_soc.i_ai_sram.u_sram.gen_bank\[2\].gen_512.u_macro_din0\[27\] not found.
[STA-1648] /home/blogic2026/final_jtag/repo/asic/run/RUN_final_2026-09-06/56-openroad-rcx/nom/asic_top.nom.spef line 6440063, instance ANTENNA_i_soc.i_ai_sram.u_sram.gen_bank\[13\].gen_512.u_macro_din0\[27\] not found.
[STA-1648] /home/blogic2026/final_jtag/repo/asic/run/RUN_final_2026-09-06/56-openroad-rcx/nom/asic_top.nom.spef line 6440386, instance ANTENNA_i_soc.i_ai_sram.u_sram.gen_bank\[12\].gen_512.u_macro_din0\[25\] not found.
[STA-1648] /home/blogic2026/final_jtag/repo/asic/run/RUN_final_2026-09-06/56-openroad-rcx/nom/asic_top.nom.spef line 6440388, instance ANTENNA_i_soc.i_ai_sram.u_sram.gen_bank\[8\].gen_512.u_macro_din0\[25\] not found.
[STA-1648] /home/blogic2026/final_jtag/repo/asic/run/RUN_final_2026-09-06/56-openroad-rcx/nom/asic_top.nom.spef line 6440390, instance ANTENNA_i_soc.i_ai_sram.u_sram.gen_bank\[4\].gen_512.u_macro_din0\[25\] not found.
[STA-1648] /home/blogic2026/final_jtag/repo/asic/run/RUN_final_2026-09-06/56-openroad-rcx/nom/asic_top.nom.spef line 6440391, instance ANTENNA_i_soc.i_ai_sram.u_sram.gen_bank\[0\].gen_512.u_macro_din0\[25\] not found.
[STA-1648] /home/blogic2026/final_jtag/repo/asic/run/RUN_final_2026-09-06/56-openroad-rcx/nom/asic_top.nom.spef line 6440729, instance ANTENNA_i_soc.i_ai_sram.u_sram.gen_bank\[9\].gen_512.u_macro_din0\[25\] not found.
[STA-1648] /home/blogic2026/final_jtag/repo/asic/run/RUN_final_2026-09-06/56-openroad-rcx/nom/asic_top.nom.spef line 6440730, instance ANTENNA_i_soc.i_ai_sram.u_sram.gen_bank\[5\].gen_512.u_macro_din0\[25\] not found.
[STA-1648] /home/blogic2026/final_jtag/repo/asic/run/RUN_final_2026-09-06/56-openroad-rcx/nom/asic_top.nom.spef line 6440732, instance ANTENNA_i_soc.i_ai_sram.u_sram.gen_bank\[1\].gen_512.u_macro_din0\[25\] not found.
[STA-1648] /home/blogic2026/final_jtag/repo/asic/run/RUN_final_2026-09-06/56-openroad-rcx/nom/asic_top.nom.spef line 6441036, instance ANTENNA_i_soc.i_ai_sram.u_sram.gen_bank\[11\].gen_512.u_macro_din0\[25\] not found.
[STA-1648] /home/blogic2026/final_jtag/repo/asic/run/RUN_final_2026-09-06/56-openroad-rcx/nom/asic_top.nom.spef line 6441039, instance ANTENNA_i_soc.i_ai_sram.u_sram.gen_bank\[7\].gen_512.u_macro_din0\[25\] not found.
[STA-1648] /home/blogic2026/final_jtag/repo/asic/run/RUN_final_2026-09-06/56-openroad-rcx/nom/asic_top.nom.spef line 6441040, instance ANTENNA_i_soc.i_ai_sram.u_sram.gen_bank\[3\].gen_512.u_macro_din0\[25\] not found.
[STA-1648] /home/blogic2026/final_jtag/repo/asic/run/RUN_final_2026-09-06/56-openroad-rcx/nom/asic_top.nom.spef line 6441328, instance ANTENNA_i_soc.i_ai_sram.u_sram.gen_bank\[14\].gen_512.u_macro_din0\[25\] not found.
[STA-1648] /home/blogic2026/final_jtag/repo/asic/run/RUN_final_2026-09-06/56-openroad-rcx/nom/asic_top.nom.spef line 6441334, instance ANTENNA_i_soc.i_ai_sram.u_sram.gen_bank\[10\].gen_512.u_macro_din0\[25\] not found.
[STA-1648] /home/blogic2026/final_jtag/repo/asic/run/RUN_final_2026-09-06/56-openroad-rcx/nom/asic_top.nom.spef line 6441336, instance ANTENNA_i_soc.i_ai_sram.u_sram.gen_bank\[2\].gen_512.u_macro_din0\[25\] not found.
[STA-1648] /home/blogic2026/final_jtag/repo/asic/run/RUN_final_2026-09-06/56-openroad-rcx/nom/asic_top.nom.spef line 6441338, instance ANTENNA_i_soc.i_ai_sram.u_sram.gen_bank\[6\].gen_512.u_macro_din0\[25\] not found.
[STA-1648] /home/blogic2026/final_jtag/repo/asic/run/RUN_final_2026-09-06/56-openroad-rcx/nom/asic_top.nom.spef line 6441715, instance ANTENNA_i_soc.i_ai_sram.u_sram.gen_bank\[13\].gen_512.u_macro_din0\[25\] not found.
[STA-1648] /home/blogic2026/final_jtag/repo/asic/run/RUN_final_2026-09-06/56-openroad-rcx/nom/asic_top.nom.spef line 6442342, instance ANTENNA_i_soc.i_ai_sram.u_sram.gen_bank\[8\].gen_512.u_macro_din0\[18\] not found.
[STA-1648] /home/blogic2026/final_jtag/repo/asic/run/RUN_final_2026-09-06/56-openroad-rcx/nom/asic_top.nom.spef line 6442344, instance ANTENNA_i_soc.i_ai_sram.u_sram.gen_bank\[4\].gen_512.u_macro_din0\[18\] not found.
[STA-1648] /home/blogic2026/final_jtag/repo/asic/run/RUN_final_2026-09-06/56-openroad-rcx/nom/asic_top.nom.spef line 6442346, instance ANTENNA_i_soc.i_ai_sram.u_sram.gen_bank\[0\].gen_512.u_macro_din0\[18\] not found.
[STA-1648] /home/blogic2026/final_jtag/repo/asic/run/RUN_final_2026-09-06/56-openroad-rcx/nom/asic_top.nom.spef line 6442348, instance ANTENNA_i_soc.i_ai_sram.u_sram.gen_bank\[12\].gen_512.u_macro_din0\[18\] not found.
[STA-1648] /home/blogic2026/final_jtag/repo/asic/run/RUN_final_2026-09-06/56-openroad-rcx/nom/asic_top.nom.spef line 6442622, instance ANTENNA_i_soc.i_ai_sram.u_sram.gen_bank\[9\].gen_512.u_macro_din0\[18\] not found.
[STA-1648] /home/blogic2026/final_jtag/repo/asic/run/RUN_final_2026-09-06/56-openroad-rcx/nom/asic_top.nom.spef line 6442624, instance ANTENNA_i_soc.i_ai_sram.u_sram.gen_bank\[5\].gen_512.u_macro_din0\[18\] not found.
[STA-1648] /home/blogic2026/final_jtag/repo/asic/run/RUN_final_2026-09-06/56-openroad-rcx/nom/asic_top.nom.spef line 6442626, instance ANTENNA_i_soc.i_ai_sram.u_sram.gen_bank\[1\].gen_512.u_macro_din0\[18\] not found.
[STA-1648] /home/blogic2026/final_jtag/repo/asic/run/RUN_final_2026-09-06/56-openroad-rcx/nom/asic_top.nom.spef line 6442892, instance ANTENNA_i_soc.i_ai_sram.u_sram.gen_bank\[11\].gen_512.u_macro_din0\[18\] not found.
[STA-1648] /home/blogic2026/final_jtag/repo/asic/run/RUN_final_2026-09-06/56-openroad-rcx/nom/asic_top.nom.spef line 6442894, instance ANTENNA_i_soc.i_ai_sram.u_sram.gen_bank\[7\].gen_512.u_macro_din0\[18\] not found.
[STA-1648] /home/blogic2026/final_jtag/repo/asic/run/RUN_final_2026-09-06/56-openroad-rcx/nom/asic_top.nom.spef line 6442896, instance ANTENNA_i_soc.i_ai_sram.u_sram.gen_bank\[3\].gen_512.u_macro_din0\[18\] not found.
[STA-1648] /home/blogic2026/final_jtag/repo/asic/run/RUN_final_2026-09-06/56-openroad-rcx/nom/asic_top.nom.spef line 6443138, instance ANTENNA_i_soc.i_ai_sram.u_sram.gen_bank\[14\].gen_512.u_macro_din0\[18\] not found.
[STA-1648] /home/blogic2026/final_jtag/repo/asic/run/RUN_final_2026-09-06/56-openroad-rcx/nom/asic_top.nom.spef line 6443142, instance ANTENNA_i_soc.i_ai_sram.u_sram.gen_bank\[6\].gen_512.u_macro_din0\[18\] not found.
[STA-1648] /home/blogic2026/final_jtag/repo/asic/run/RUN_final_2026-09-06/56-openroad-rcx/nom/asic_top.nom.spef line 6443144, instance ANTENNA_i_soc.i_ai_sram.u_sram.gen_bank\[2\].gen_512.u_macro_din0\[18\] not found.
[STA-1648] /home/blogic2026/final_jtag/repo/asic/run/RUN_final_2026-09-06/56-openroad-rcx/nom/asic_top.nom.spef line 6443146, instance ANTENNA_i_soc.i_ai_sram.u_sram.gen_bank\[10\].gen_512.u_macro_din0\[18\] not found.
[STA-1648] /home/blogic2026/final_jtag/repo/asic/run/RUN_final_2026-09-06/56-openroad-rcx/nom/asic_top.nom.spef line 6443505, instance ANTENNA_i_soc.i_ai_sram.u_sram.gen_bank\[13\].gen_512.u_macro_din0\[18\] not found.
[STA-1648] /home/blogic2026/final_jtag/repo/asic/run/RUN_final_2026-09-06/56-openroad-rcx/nom/asic_top.nom.spef line 6443770, instance ANTENNA_i_soc.i_ai_sram.u_sram.gen_bank\[12\].gen_512.u_macro_din0\[16\] not found.
[STA-1648] /home/blogic2026/final_jtag/repo/asic/run/RUN_final_2026-09-06/56-openroad-rcx/nom/asic_top.nom.spef line 6443772, instance ANTENNA_i_soc.i_ai_sram.u_sram.gen_bank\[8\].gen_512.u_macro_din0\[16\] not found.
[STA-1648] /home/blogic2026/final_jtag/repo/asic/run/RUN_final_2026-09-06/56-openroad-rcx/nom/asic_top.nom.spef line 6443774, instance ANTENNA_i_soc.i_ai_sram.u_sram.gen_bank\[4\].gen_512.u_macro_din0\[16\] not found.
[STA-1648] /home/blogic2026/final_jtag/repo/asic/run/RUN_final_2026-09-06/56-openroad-rcx/nom/asic_top.nom.spef line 6443776, instance ANTENNA_i_soc.i_ai_sram.u_sram.gen_bank\[0\].gen_512.u_macro_din0\[16\] not found.
[STA-1648] /home/blogic2026/final_jtag/repo/asic/run/RUN_final_2026-09-06/56-openroad-rcx/nom/asic_top.nom.spef line 6444053, instance ANTENNA_i_soc.i_ai_sram.u_sram.gen_bank\[9\].gen_512.u_macro_din0\[16\] not found.
[STA-1648] /home/blogic2026/final_jtag/repo/asic/run/RUN_final_2026-09-06/56-openroad-rcx/nom/asic_top.nom.spef line 6444055, instance ANTENNA_i_soc.i_ai_sram.u_sram.gen_bank\[5\].gen_512.u_macro_din0\[16\] not found.
[STA-1648] /home/blogic2026/final_jtag/repo/asic/run/RUN_final_2026-09-06/56-openroad-rcx/nom/asic_top.nom.spef line 6444058, instance ANTENNA_i_soc.i_ai_sram.u_sram.gen_bank\[1\].gen_512.u_macro_din0\[16\] not found.
[STA-1648] /home/blogic2026/final_jtag/repo/asic/run/RUN_final_2026-09-06/56-openroad-rcx/nom/asic_top.nom.spef line 6444297, instance ANTENNA_i_soc.i_ai_sram.u_sram.gen_bank\[11\].gen_512.u_macro_din0\[16\] not found.
[STA-1648] /home/blogic2026/final_jtag/repo/asic/run/RUN_final_2026-09-06/56-openroad-rcx/nom/asic_top.nom.spef line 6444299, instance ANTENNA_i_soc.i_ai_sram.u_sram.gen_bank\[7\].gen_512.u_macro_din0\[16\] not found.
[STA-1648] /home/blogic2026/final_jtag/repo/asic/run/RUN_final_2026-09-06/56-openroad-rcx/nom/asic_top.nom.spef line 6444301, instance ANTENNA_i_soc.i_ai_sram.u_sram.gen_bank\[3\].gen_512.u_macro_din0\[16\] not found.
[STA-1648] /home/blogic2026/final_jtag/repo/asic/run/RUN_final_2026-09-06/56-openroad-rcx/nom/asic_top.nom.spef line 6444545, instance ANTENNA_i_soc.i_ai_sram.u_sram.gen_bank\[14\].gen_512.u_macro_din0\[16\] not found.
[STA-1648] /home/blogic2026/final_jtag/repo/asic/run/RUN_final_2026-09-06/56-openroad-rcx/nom/asic_top.nom.spef line 6444550, instance ANTENNA_i_soc.i_ai_sram.u_sram.gen_bank\[10\].gen_512.u_macro_din0\[16\] not found.
[STA-1648] /home/blogic2026/final_jtag/repo/asic/run/RUN_final_2026-09-06/56-openroad-rcx/nom/asic_top.nom.spef line 6444552, instance ANTENNA_i_soc.i_ai_sram.u_sram.gen_bank\[6\].gen_512.u_macro_din0\[16\] not found.
[STA-1648] /home/blogic2026/final_jtag/repo/asic/run/RUN_final_2026-09-06/56-openroad-rcx/nom/asic_top.nom.spef line 6444554, instance ANTENNA_i_soc.i_ai_sram.u_sram.gen_bank\[2\].gen_512.u_macro_din0\[16\] not found.
[STA-1648] /home/blogic2026/final_jtag/repo/asic/run/RUN_final_2026-09-06/56-openroad-rcx/nom/asic_top.nom.spef line 6444857, instance ANTENNA_i_soc.i_ai_sram.u_sram.gen_bank\[13\].gen_512.u_macro_din0\[16\] not found.
[STA-1648] /home/blogic2026/final_jtag/repo/asic/run/RUN_final_2026-09-06/56-openroad-rcx/nom/asic_top.nom.spef line 6445363, instance ANTENNA_i_soc.i_ai_sram.u_sram.gen_bank\[12\].gen_512.u_macro_din0\[14\] not found.
[STA-1648] /home/blogic2026/final_jtag/repo/asic/run/RUN_final_2026-09-06/56-openroad-rcx/nom/asic_top.nom.spef line 6445365, instance ANTENNA_i_soc.i_ai_sram.u_sram.gen_bank\[8\].gen_512.u_macro_din0\[14\] not found.
[STA-1648] /home/blogic2026/final_jtag/repo/asic/run/RUN_final_2026-09-06/56-openroad-rcx/nom/asic_top.nom.spef line 6445367, instance ANTENNA_i_soc.i_ai_sram.u_sram.gen_bank\[4\].gen_512.u_macro_din0\[14\] not found.
[STA-1648] /home/blogic2026/final_jtag/repo/asic/run/RUN_final_2026-09-06/56-openroad-rcx/nom/asic_top.nom.spef line 6445369, instance ANTENNA_i_soc.i_ai_sram.u_sram.gen_bank\[0\].gen_512.u_macro_din0\[14\] not found.
[STA-1648] /home/blogic2026/final_jtag/repo/asic/run/RUN_final_2026-09-06/56-openroad-rcx/nom/asic_top.nom.spef line 6445648, instance ANTENNA_i_soc.i_ai_sram.u_sram.gen_bank\[9\].gen_512.u_macro_din0\[14\] not found.
[STA-1648] /home/blogic2026/final_jtag/repo/asic/run/RUN_final_2026-09-06/56-openroad-rcx/nom/asic_top.nom.spef line 6445650, instance ANTENNA_i_soc.i_ai_sram.u_sram.gen_bank\[5\].gen_512.u_macro_din0\[14\] not found.
[STA-1648] /home/blogic2026/final_jtag/repo/asic/run/RUN_final_2026-09-06/56-openroad-rcx/nom/asic_top.nom.spef line 6445652, instance ANTENNA_i_soc.i_ai_sram.u_sram.gen_bank\[1\].gen_512.u_macro_din0\[14\] not found.
[STA-1648] /home/blogic2026/final_jtag/repo/asic/run/RUN_final_2026-09-06/56-openroad-rcx/nom/asic_top.nom.spef line 6445896, instance ANTENNA_i_soc.i_ai_sram.u_sram.gen_bank\[11\].gen_512.u_macro_din0\[14\] not found.
[STA-1648] /home/blogic2026/final_jtag/repo/asic/run/RUN_final_2026-09-06/56-openroad-rcx/nom/asic_top.nom.spef line 6445898, instance ANTENNA_i_soc.i_ai_sram.u_sram.gen_bank\[7\].gen_512.u_macro_din0\[14\] not found.
[STA-1648] /home/blogic2026/final_jtag/repo/asic/run/RUN_final_2026-09-06/56-openroad-rcx/nom/asic_top.nom.spef line 6445900, instance ANTENNA_i_soc.i_ai_sram.u_sram.gen_bank\[3\].gen_512.u_macro_din0\[14\] not found.
[STA-1648] /home/blogic2026/final_jtag/repo/asic/run/RUN_final_2026-09-06/56-openroad-rcx/nom/asic_top.nom.spef line 6446150, instance ANTENNA_i_soc.i_ai_sram.u_sram.gen_bank\[14\].gen_512.u_macro_din0\[14\] not found.
[STA-1648] /home/blogic2026/final_jtag/repo/asic/run/RUN_final_2026-09-06/56-openroad-rcx/nom/asic_top.nom.spef line 6446154, instance ANTENNA_i_soc.i_ai_sram.u_sram.gen_bank\[10\].gen_512.u_macro_din0\[14\] not found.
[STA-1648] /home/blogic2026/final_jtag/repo/asic/run/RUN_final_2026-09-06/56-openroad-rcx/nom/asic_top.nom.spef line 6446155, instance ANTENNA_i_soc.i_ai_sram.u_sram.gen_bank\[6\].gen_512.u_macro_din0\[14\] not found.
[STA-1648] /home/blogic2026/final_jtag/repo/asic/run/RUN_final_2026-09-06/56-openroad-rcx/nom/asic_top.nom.spef line 6446158, instance ANTENNA_i_soc.i_ai_sram.u_sram.gen_bank\[2\].gen_512.u_macro_din0\[14\] not found.
[STA-1648] /home/blogic2026/final_jtag/repo/asic/run/RUN_final_2026-09-06/56-openroad-rcx/nom/asic_top.nom.spef line 6446508, instance ANTENNA_i_soc.i_ai_sram.u_sram.gen_bank\[13\].gen_512.u_macro_din0\[14\] not found.
[STA-1648] /home/blogic2026/final_jtag/repo/asic/run/RUN_final_2026-09-06/56-openroad-rcx/nom/asic_top.nom.spef line 6446773, instance ANTENNA_i_soc.i_ai_sram.u_sram.gen_bank\[8\].gen_512.u_macro_din0\[12\] not found.
[STA-1648] /home/blogic2026/final_jtag/repo/asic/run/RUN_final_2026-09-06/56-openroad-rcx/nom/asic_top.nom.spef line 6446775, instance ANTENNA_i_soc.i_ai_sram.u_sram.gen_bank\[4\].gen_512.u_macro_din0\[12\] not found.
[STA-1648] /home/blogic2026/final_jtag/repo/asic/run/RUN_final_2026-09-06/56-openroad-rcx/nom/asic_top.nom.spef line 6446777, instance ANTENNA_i_soc.i_ai_sram.u_sram.gen_bank\[0\].gen_512.u_macro_din0\[12\] not found.
[STA-1648] /home/blogic2026/final_jtag/repo/asic/run/RUN_final_2026-09-06/56-openroad-rcx/nom/asic_top.nom.spef line 6446779, instance ANTENNA_i_soc.i_ai_sram.u_sram.gen_bank\[12\].gen_512.u_macro_din0\[12\] not found.
[STA-1648] /home/blogic2026/final_jtag/repo/asic/run/RUN_final_2026-09-06/56-openroad-rcx/nom/asic_top.nom.spef line 6447046, instance ANTENNA_i_soc.i_ai_sram.u_sram.gen_bank\[9\].gen_512.u_macro_din0\[12\] not found.
[STA-1648] /home/blogic2026/final_jtag/repo/asic/run/RUN_final_2026-09-06/56-openroad-rcx/nom/asic_top.nom.spef line 6447048, instance ANTENNA_i_soc.i_ai_sram.u_sram.gen_bank\[5\].gen_512.u_macro_din0\[12\] not found.
[STA-1648] /home/blogic2026/final_jtag/repo/asic/run/RUN_final_2026-09-06/56-openroad-rcx/nom/asic_top.nom.spef line 6447050, instance ANTENNA_i_soc.i_ai_sram.u_sram.gen_bank\[1\].gen_512.u_macro_din0\[12\] not found.
[STA-1648] /home/blogic2026/final_jtag/repo/asic/run/RUN_final_2026-09-06/56-openroad-rcx/nom/asic_top.nom.spef line 6447317, instance ANTENNA_i_soc.i_ai_sram.u_sram.gen_bank\[11\].gen_512.u_macro_din0\[12\] not found.
[STA-1648] /home/blogic2026/final_jtag/repo/asic/run/RUN_final_2026-09-06/56-openroad-rcx/nom/asic_top.nom.spef line 6447319, instance ANTENNA_i_soc.i_ai_sram.u_sram.gen_bank\[7\].gen_512.u_macro_din0\[12\] not found.
[STA-1648] /home/blogic2026/final_jtag/repo/asic/run/RUN_final_2026-09-06/56-openroad-rcx/nom/asic_top.nom.spef line 6447320, instance ANTENNA_i_soc.i_ai_sram.u_sram.gen_bank\[3\].gen_512.u_macro_din0\[12\] not found.
[STA-1648] /home/blogic2026/final_jtag/repo/asic/run/RUN_final_2026-09-06/56-openroad-rcx/nom/asic_top.nom.spef line 6447568, instance ANTENNA_i_soc.i_ai_sram.u_sram.gen_bank\[14\].gen_512.u_macro_din0\[12\] not found.
[STA-1648] /home/blogic2026/final_jtag/repo/asic/run/RUN_final_2026-09-06/56-openroad-rcx/nom/asic_top.nom.spef line 6447572, instance ANTENNA_i_soc.i_ai_sram.u_sram.gen_bank\[10\].gen_512.u_macro_din0\[12\] not found.
[STA-1648] /home/blogic2026/final_jtag/repo/asic/run/RUN_final_2026-09-06/56-openroad-rcx/nom/asic_top.nom.spef line 6447575, instance ANTENNA_i_soc.i_ai_sram.u_sram.gen_bank\[6\].gen_512.u_macro_din0\[12\] not found.
[STA-1648] /home/blogic2026/final_jtag/repo/asic/run/RUN_final_2026-09-06/56-openroad-rcx/nom/asic_top.nom.spef line 6447577, instance ANTENNA_i_soc.i_ai_sram.u_sram.gen_bank\[2\].gen_512.u_macro_din0\[12\] not found.
[STA-1648] /home/blogic2026/final_jtag/repo/asic/run/RUN_final_2026-09-06/56-openroad-rcx/nom/asic_top.nom.spef line 6447933, instance ANTENNA_i_soc.i_ai_sram.u_sram.gen_bank\[13\].gen_512.u_macro_din0\[12\] not found.
[STA-1648] /home/blogic2026/final_jtag/repo/asic/run/RUN_final_2026-09-06/56-openroad-rcx/nom/asic_top.nom.spef line 6448588, instance ANTENNA_i_soc.i_ai_sram.u_sram.gen_bank\[12\].gen_512.u_macro_din0\[11\] not found.
[STA-1648] /home/blogic2026/final_jtag/repo/asic/run/RUN_final_2026-09-06/56-openroad-rcx/nom/asic_top.nom.spef line 6448590, instance ANTENNA_i_soc.i_ai_sram.u_sram.gen_bank\[8\].gen_512.u_macro_din0\[11\] not found.
[STA-1648] /home/blogic2026/final_jtag/repo/asic/run/RUN_final_2026-09-06/56-openroad-rcx/nom/asic_top.nom.spef line 6448591, instance ANTENNA_i_soc.i_ai_sram.u_sram.gen_bank\[4\].gen_512.u_macro_din0\[11\] not found.
[STA-1648] /home/blogic2026/final_jtag/repo/asic/run/RUN_final_2026-09-06/56-openroad-rcx/nom/asic_top.nom.spef line 6448594, instance ANTENNA_i_soc.i_ai_sram.u_sram.gen_bank\[0\].gen_512.u_macro_din0\[11\] not found.
[STA-1648] /home/blogic2026/final_jtag/repo/asic/run/RUN_final_2026-09-06/56-openroad-rcx/nom/asic_top.nom.spef line 6448880, instance ANTENNA_i_soc.i_ai_sram.u_sram.gen_bank\[9\].gen_512.u_macro_din0\[11\] not found.
[STA-1648] /home/blogic2026/final_jtag/repo/asic/run/RUN_final_2026-09-06/56-openroad-rcx/nom/asic_top.nom.spef line 6448882, instance ANTENNA_i_soc.i_ai_sram.u_sram.gen_bank\[5\].gen_512.u_macro_din0\[11\] not found.
[STA-1648] /home/blogic2026/final_jtag/repo/asic/run/RUN_final_2026-09-06/56-openroad-rcx/nom/asic_top.nom.spef line 6448884, instance ANTENNA_i_soc.i_ai_sram.u_sram.gen_bank\[1\].gen_512.u_macro_din0\[11\] not found.
[STA-1648] /home/blogic2026/final_jtag/repo/asic/run/RUN_final_2026-09-06/56-openroad-rcx/nom/asic_top.nom.spef line 6449131, instance ANTENNA_i_soc.i_ai_sram.u_sram.gen_bank\[11\].gen_512.u_macro_din0\[11\] not found.
[STA-1648] /home/blogic2026/final_jtag/repo/asic/run/RUN_final_2026-09-06/56-openroad-rcx/nom/asic_top.nom.spef line 6449134, instance ANTENNA_i_soc.i_ai_sram.u_sram.gen_bank\[7\].gen_512.u_macro_din0\[11\] not found.
[STA-1648] /home/blogic2026/final_jtag/repo/asic/run/RUN_final_2026-09-06/56-openroad-rcx/nom/asic_top.nom.spef line 6449136, instance ANTENNA_i_soc.i_ai_sram.u_sram.gen_bank\[3\].gen_512.u_macro_din0\[11\] not found.
[STA-1648] /home/blogic2026/final_jtag/repo/asic/run/RUN_final_2026-09-06/56-openroad-rcx/nom/asic_top.nom.spef line 6449358, instance ANTENNA_i_soc.i_ai_sram.u_sram.gen_bank\[13\].gen_512.u_macro_din0\[11\] not found.
[STA-1648] /home/blogic2026/final_jtag/repo/asic/run/RUN_final_2026-09-06/56-openroad-rcx/nom/asic_top.nom.spef line 6449362, instance ANTENNA_i_soc.i_ai_sram.u_sram.gen_bank\[14\].gen_512.u_macro_din0\[11\] not found.
[STA-1648] /home/blogic2026/final_jtag/repo/asic/run/RUN_final_2026-09-06/56-openroad-rcx/nom/asic_top.nom.spef line 6449573, instance ANTENNA_i_soc.i_ai_sram.u_sram.gen_bank\[10\].gen_512.u_macro_din0\[11\] not found.
[STA-1648] /home/blogic2026/final_jtag/repo/asic/run/RUN_final_2026-09-06/56-openroad-rcx/nom/asic_top.nom.spef line 6449576, instance ANTENNA_i_soc.i_ai_sram.u_sram.gen_bank\[6\].gen_512.u_macro_din0\[11\] not found.
[STA-1648] /home/blogic2026/final_jtag/repo/asic/run/RUN_final_2026-09-06/56-openroad-rcx/nom/asic_top.nom.spef line 6449578, instance ANTENNA_i_soc.i_ai_sram.u_sram.gen_bank\[2\].gen_512.u_macro_din0\[11\] not found.
[STA-1648] /home/blogic2026/final_jtag/repo/asic/run/RUN_final_2026-09-06/56-openroad-rcx/nom/asic_top.nom.spef line 6449891, instance ANTENNA_i_soc.i_ai_sram.u_sram.gen_bank\[8\].gen_512.u_macro_din0\[8\] not found.
[STA-1648] /home/blogic2026/final_jtag/repo/asic/run/RUN_final_2026-09-06/56-openroad-rcx/nom/asic_top.nom.spef line 6449893, instance ANTENNA_i_soc.i_ai_sram.u_sram.gen_bank\[4\].gen_512.u_macro_din0\[8\] not found.
[STA-1648] /home/blogic2026/final_jtag/repo/asic/run/RUN_final_2026-09-06/56-openroad-rcx/nom/asic_top.nom.spef line 6449895, instance ANTENNA_i_soc.i_ai_sram.u_sram.gen_bank\[0\].gen_512.u_macro_din0\[8\] not found.
[STA-1648] /home/blogic2026/final_jtag/repo/asic/run/RUN_final_2026-09-06/56-openroad-rcx/nom/asic_top.nom.spef line 6449896, instance ANTENNA_i_soc.i_ai_sram.u_sram.gen_bank\[12\].gen_512.u_macro_din0\[8\] not found.
[STA-1648] /home/blogic2026/final_jtag/repo/asic/run/RUN_final_2026-09-06/56-openroad-rcx/nom/asic_top.nom.spef line 6450176, instance ANTENNA_i_soc.i_ai_sram.u_sram.gen_bank\[9\].gen_512.u_macro_din0\[8\] not found.
[STA-1648] /home/blogic2026/final_jtag/repo/asic/run/RUN_final_2026-09-06/56-openroad-rcx/nom/asic_top.nom.spef line 6450177, instance ANTENNA_i_soc.i_ai_sram.u_sram.gen_bank\[5\].gen_512.u_macro_din0\[8\] not found.
[STA-1648] /home/blogic2026/final_jtag/repo/asic/run/RUN_final_2026-09-06/56-openroad-rcx/nom/asic_top.nom.spef line 6450180, instance ANTENNA_i_soc.i_ai_sram.u_sram.gen_bank\[1\].gen_512.u_macro_din0\[8\] not found.
[STA-1648] /home/blogic2026/final_jtag/repo/asic/run/RUN_final_2026-09-06/56-openroad-rcx/nom/asic_top.nom.spef line 6450440, instance ANTENNA_i_soc.i_ai_sram.u_sram.gen_bank\[7\].gen_512.u_macro_din0\[8\] not found.
[STA-1648] /home/blogic2026/final_jtag/repo/asic/run/RUN_final_2026-09-06/56-openroad-rcx/nom/asic_top.nom.spef line 6450442, instance ANTENNA_i_soc.i_ai_sram.u_sram.gen_bank\[3\].gen_512.u_macro_din0\[8\] not found.
[STA-1648] /home/blogic2026/final_jtag/repo/asic/run/RUN_final_2026-09-06/56-openroad-rcx/nom/asic_top.nom.spef line 6450444, instance ANTENNA_i_soc.i_ai_sram.u_sram.gen_bank\[11\].gen_512.u_macro_din0\[8\] not found.
[STA-1648] /home/blogic2026/final_jtag/repo/asic/run/RUN_final_2026-09-06/56-openroad-rcx/nom/asic_top.nom.spef line 6450710, instance ANTENNA_i_soc.i_ai_sram.u_sram.gen_bank\[13\].gen_512.u_macro_din0\[8\] not found.
[STA-1648] /home/blogic2026/final_jtag/repo/asic/run/RUN_final_2026-09-06/56-openroad-rcx/nom/asic_top.nom.spef line 6450712, instance ANTENNA_i_soc.i_ai_sram.u_sram.gen_bank\[14\].gen_512.u_macro_din0\[8\] not found.
[STA-1648] /home/blogic2026/final_jtag/repo/asic/run/RUN_final_2026-09-06/56-openroad-rcx/nom/asic_top.nom.spef line 6450976, instance ANTENNA_i_soc.i_ai_sram.u_sram.gen_bank\[10\].gen_512.u_macro_din0\[8\] not found.
[STA-1648] /home/blogic2026/final_jtag/repo/asic/run/RUN_final_2026-09-06/56-openroad-rcx/nom/asic_top.nom.spef line 6450978, instance ANTENNA_i_soc.i_ai_sram.u_sram.gen_bank\[6\].gen_512.u_macro_din0\[8\] not found.
[STA-1648] /home/blogic2026/final_jtag/repo/asic/run/RUN_final_2026-09-06/56-openroad-rcx/nom/asic_top.nom.spef line 6450980, instance ANTENNA_i_soc.i_ai_sram.u_sram.gen_bank\[2\].gen_512.u_macro_din0\[8\] not found.
[STA-1648] /home/blogic2026/final_jtag/repo/asic/run/RUN_final_2026-09-06/56-openroad-rcx/nom/asic_top.nom.spef line 6451749, instance ANTENNA_i_soc.i_ai_sram.u_sram.gen_bank\[12\].gen_512.u_macro_din0\[7\] not found.
[STA-1648] /home/blogic2026/final_jtag/repo/asic/run/RUN_final_2026-09-06/56-openroad-rcx/nom/asic_top.nom.spef line 6451751, instance ANTENNA_i_soc.i_ai_sram.u_sram.gen_bank\[8\].gen_512.u_macro_din0\[7\] not found.
[STA-1648] /home/blogic2026/final_jtag/repo/asic/run/RUN_final_2026-09-06/56-openroad-rcx/nom/asic_top.nom.spef line 6451753, instance ANTENNA_i_soc.i_ai_sram.u_sram.gen_bank\[4\].gen_512.u_macro_din0\[7\] not found.
[STA-1648] /home/blogic2026/final_jtag/repo/asic/run/RUN_final_2026-09-06/56-openroad-rcx/nom/asic_top.nom.spef line 6451755, instance ANTENNA_i_soc.i_ai_sram.u_sram.gen_bank\[0\].gen_512.u_macro_din0\[7\] not found.
[STA-1648] /home/blogic2026/final_jtag/repo/asic/run/RUN_final_2026-09-06/56-openroad-rcx/nom/asic_top.nom.spef line 6452035, instance ANTENNA_i_soc.i_ai_sram.u_sram.gen_bank\[9\].gen_512.u_macro_din0\[7\] not found.
[STA-1648] /home/blogic2026/final_jtag/repo/asic/run/RUN_final_2026-09-06/56-openroad-rcx/nom/asic_top.nom.spef line 6452037, instance ANTENNA_i_soc.i_ai_sram.u_sram.gen_bank\[5\].gen_512.u_macro_din0\[7\] not found.
[STA-1648] /home/blogic2026/final_jtag/repo/asic/run/RUN_final_2026-09-06/56-openroad-rcx/nom/asic_top.nom.spef line 6452038, instance ANTENNA_i_soc.i_ai_sram.u_sram.gen_bank\[1\].gen_512.u_macro_din0\[7\] not found.
[STA-1648] /home/blogic2026/final_jtag/repo/asic/run/RUN_final_2026-09-06/56-openroad-rcx/nom/asic_top.nom.spef line 6452314, instance ANTENNA_i_soc.i_ai_sram.u_sram.gen_bank\[7\].gen_512.u_macro_din0\[7\] not found.
[STA-1648] /home/blogic2026/final_jtag/repo/asic/run/RUN_final_2026-09-06/56-openroad-rcx/nom/asic_top.nom.spef line 6452316, instance ANTENNA_i_soc.i_ai_sram.u_sram.gen_bank\[3\].gen_512.u_macro_din0\[7\] not found.
[STA-1648] /home/blogic2026/final_jtag/repo/asic/run/RUN_final_2026-09-06/56-openroad-rcx/nom/asic_top.nom.spef line 6452317, instance ANTENNA_i_soc.i_ai_sram.u_sram.gen_bank\[11\].gen_512.u_macro_din0\[7\] not found.
[STA-1648] /home/blogic2026/final_jtag/repo/asic/run/RUN_final_2026-09-06/56-openroad-rcx/nom/asic_top.nom.spef line 6452610, instance ANTENNA_i_soc.i_ai_sram.u_sram.gen_bank\[10\].gen_512.u_macro_din0\[7\] not found.
[STA-1648] /home/blogic2026/final_jtag/repo/asic/run/RUN_final_2026-09-06/56-openroad-rcx/nom/asic_top.nom.spef line 6452612, instance ANTENNA_i_soc.i_ai_sram.u_sram.gen_bank\[2\].gen_512.u_macro_din0\[7\] not found.
[STA-1648] /home/blogic2026/final_jtag/repo/asic/run/RUN_final_2026-09-06/56-openroad-rcx/nom/asic_top.nom.spef line 6452614, instance ANTENNA_i_soc.i_ai_sram.u_sram.gen_bank\[6\].gen_512.u_macro_din0\[7\] not found.
[STA-1648] /home/blogic2026/final_jtag/repo/asic/run/RUN_final_2026-09-06/56-openroad-rcx/nom/asic_top.nom.spef line 6452616, instance ANTENNA_i_soc.i_ai_sram.u_sram.gen_bank\[14\].gen_512.u_macro_din0\[7\] not found.
[STA-1648] /home/blogic2026/final_jtag/repo/asic/run/RUN_final_2026-09-06/56-openroad-rcx/nom/asic_top.nom.spef line 6452955, instance ANTENNA_i_soc.i_ai_sram.u_sram.gen_bank\[13\].gen_512.u_macro_din0\[7\] not found.
[STA-1648] /home/blogic2026/final_jtag/repo/asic/run/RUN_final_2026-09-06/56-openroad-rcx/nom/asic_top.nom.spef line 6453217, instance ANTENNA_i_soc.i_ai_sram.u_sram.gen_bank\[4\].gen_512.u_macro_din0\[6\] not found.
[STA-1648] /home/blogic2026/final_jtag/repo/asic/run/RUN_final_2026-09-06/56-openroad-rcx/nom/asic_top.nom.spef line 6453219, instance ANTENNA_i_soc.i_ai_sram.u_sram.gen_bank\[0\].gen_512.u_macro_din0\[6\] not found.
[STA-1648] /home/blogic2026/final_jtag/repo/asic/run/RUN_final_2026-09-06/56-openroad-rcx/nom/asic_top.nom.spef line 6453221, instance ANTENNA_i_soc.i_ai_sram.u_sram.gen_bank\[8\].gen_512.u_macro_din0\[6\] not found.
[STA-1648] /home/blogic2026/final_jtag/repo/asic/run/RUN_final_2026-09-06/56-openroad-rcx/nom/asic_top.nom.spef line 6453224, instance ANTENNA_i_soc.i_ai_sram.u_sram.gen_bank\[12\].gen_512.u_macro_din0\[6\] not found.
[STA-1648] /home/blogic2026/final_jtag/repo/asic/run/RUN_final_2026-09-06/56-openroad-rcx/nom/asic_top.nom.spef line 6453493, instance ANTENNA_i_soc.i_ai_sram.u_sram.gen_bank\[9\].gen_512.u_macro_din0\[6\] not found.
[STA-1648] /home/blogic2026/final_jtag/repo/asic/run/RUN_final_2026-09-06/56-openroad-rcx/nom/asic_top.nom.spef line 6453494, instance ANTENNA_i_soc.i_ai_sram.u_sram.gen_bank\[5\].gen_512.u_macro_din0\[6\] not found.
[STA-1648] /home/blogic2026/final_jtag/repo/asic/run/RUN_final_2026-09-06/56-openroad-rcx/nom/asic_top.nom.spef line 6453496, instance ANTENNA_i_soc.i_ai_sram.u_sram.gen_bank\[1\].gen_512.u_macro_din0\[6\] not found.
[STA-1648] /home/blogic2026/final_jtag/repo/asic/run/RUN_final_2026-09-06/56-openroad-rcx/nom/asic_top.nom.spef line 6453750, instance ANTENNA_i_soc.i_ai_sram.u_sram.gen_bank\[11\].gen_512.u_macro_din0\[6\] not found.
[STA-1648] /home/blogic2026/final_jtag/repo/asic/run/RUN_final_2026-09-06/56-openroad-rcx/nom/asic_top.nom.spef line 6453752, instance ANTENNA_i_soc.i_ai_sram.u_sram.gen_bank\[7\].gen_512.u_macro_din0\[6\] not found.
[STA-1648] /home/blogic2026/final_jtag/repo/asic/run/RUN_final_2026-09-06/56-openroad-rcx/nom/asic_top.nom.spef line 6453754, instance ANTENNA_i_soc.i_ai_sram.u_sram.gen_bank\[3\].gen_512.u_macro_din0\[6\] not found.
[STA-1648] /home/blogic2026/final_jtag/repo/asic/run/RUN_final_2026-09-06/56-openroad-rcx/nom/asic_top.nom.spef line 6454035, instance ANTENNA_i_soc.i_ai_sram.u_sram.gen_bank\[13\].gen_512.u_macro_din0\[6\] not found.
[STA-1648] /home/blogic2026/final_jtag/repo/asic/run/RUN_final_2026-09-06/56-openroad-rcx/nom/asic_top.nom.spef line 6454038, instance ANTENNA_i_soc.i_ai_sram.u_sram.gen_bank\[14\].gen_512.u_macro_din0\[6\] not found.
[STA-1648] /home/blogic2026/final_jtag/repo/asic/run/RUN_final_2026-09-06/56-openroad-rcx/nom/asic_top.nom.spef line 6454316, instance ANTENNA_i_soc.i_ai_sram.u_sram.gen_bank\[10\].gen_512.u_macro_din0\[6\] not found.
[STA-1648] /home/blogic2026/final_jtag/repo/asic/run/RUN_final_2026-09-06/56-openroad-rcx/nom/asic_top.nom.spef line 6454318, instance ANTENNA_i_soc.i_ai_sram.u_sram.gen_bank\[6\].gen_512.u_macro_din0\[6\] not found.
[STA-1648] /home/blogic2026/final_jtag/repo/asic/run/RUN_final_2026-09-06/56-openroad-rcx/nom/asic_top.nom.spef line 6454320, instance ANTENNA_i_soc.i_ai_sram.u_sram.gen_bank\[2\].gen_512.u_macro_din0\[6\] not found.
[STA-1648] /home/blogic2026/final_jtag/repo/asic/run/RUN_final_2026-09-06/56-openroad-rcx/nom/asic_top.nom.spef line 6454697, instance ANTENNA_i_soc.i_ai_sram.u_sram.gen_bank\[12\].gen_512.u_macro_din0\[4\] not found.
[STA-1648] /home/blogic2026/final_jtag/repo/asic/run/RUN_final_2026-09-06/56-openroad-rcx/nom/asic_top.nom.spef line 6454699, instance ANTENNA_i_soc.i_ai_sram.u_sram.gen_bank\[8\].gen_512.u_macro_din0\[4\] not found.
[STA-1648] /home/blogic2026/final_jtag/repo/asic/run/RUN_final_2026-09-06/56-openroad-rcx/nom/asic_top.nom.spef line 6454701, instance ANTENNA_i_soc.i_ai_sram.u_sram.gen_bank\[4\].gen_512.u_macro_din0\[4\] not found.
[STA-1648] /home/blogic2026/final_jtag/repo/asic/run/RUN_final_2026-09-06/56-openroad-rcx/nom/asic_top.nom.spef line 6454703, instance ANTENNA_i_soc.i_ai_sram.u_sram.gen_bank\[0\].gen_512.u_macro_din0\[4\] not found.
[STA-1648] message limit (1000) reached. This message will no longer print.
Cell 'asic_top' has (16) input pin(s) without antenna gate information. They might not be connected to a gate.
9201 Magic DRC errors found.
Setup violations found in the following corners:
* nom_ss_100C_1v60
Max Slew violations found in the following corners:
* nom_ff_n40C_1v95
* nom_ss_100C_1v60
* nom_tt_025C_1v80
Max Cap violations found in the following corners:
* nom_ff_n40C_1v95
* nom_ss_100C_1v60
* nom_tt_025C_1v80
