file,name,truth,golden,golden_scores,golden_probs,sw_fc_int8
vectors/0000_yes_real.bin,0000_yes_real,yes,yes,,,-50;-5;121;-4
vectors/0001_no_real.bin,0001_no_real,no,no,,,-61;37;-13;68
vectors/0002_syn_yes.bin,0002_syn_yes,,yes,,,-128;97;112;87
vectors/0003_syn_no.bin,0003_syn_no,,no,,,-128;111;70;127
vectors/0004_syn_unknown.bin,0004_syn_unknown,,unknown,,,-128;90;86;82
vectors/0005_syn_silence.bin,0005_syn_silence,,silence,,,14;14;14;14
vectors/0006_yes_noise4.bin,0006_yes_noise4,,yes,,,-49;-5;122;-6
vectors/0007_no_noise4.bin,0007_no_noise4,,no,,,-62;38;-12;68
vectors/0008_yes_noise8.bin,0008_yes_noise8,,yes,,,-50;-3;121;-4
vectors/0009_no_noise8.bin,0009_no_noise8,,no,,,-61;36;-10;65
vectors/0010_yes_noise16.bin,0010_yes_noise16,,yes,,,-51;-3;121;-5
vectors/0011_no_noise16.bin,0011_no_noise16,,no,,,-67;38;-9;69
vectors/0012_yes_tshift+1.bin,0012_yes_tshift+1,,yes,,,-63;5;127;3
vectors/0013_no_tshift+1.bin,0013_no_tshift+1,,no,,,-75;40;-9;78
vectors/0014_yes_fshift+1.bin,0014_yes_fshift+1,,unknown,,,-128;127;127;74
vectors/0015_no_fshift+1.bin,0015_no_fshift+1,,unknown,,,-128;127;72;127
vectors/0016_yes_tshift-1.bin,0016_yes_tshift-1,,yes,,,-45;-10;116;-6
vectors/0017_no_tshift-1.bin,0017_no_tshift-1,,no,,,-50;34;-21;69
vectors/0018_yes_fshift-1.bin,0018_yes_fshift-1,,yes,,,-128;116;127;87
vectors/0019_no_fshift-1.bin,0019_no_fshift-1,,unknown,,,-128;127;70;127
vectors/0020_mix_yes25.bin,0020_mix_yes25,,no,,,-48;22;12;56
vectors/0021_mix_yes50.bin,0021_mix_yes50,,yes,,,-41;9;50;37
vectors/0022_mix_yes75.bin,0022_mix_yes75,,yes,,,-43;0;89;14
vectors/0023_yes_scale05.bin,0023_yes_scale05,,yes,,,-116;29;90;45
vectors/0024_no_scale05.bin,0024_no_scale05,,no,,,-128;50;39;82
vectors/0025_yes_scale15.bin,0025_yes_scale15,,yes,,,-63;-3;127;0
vectors/0026_no_scale15.bin,0026_no_scale15,,no,,,-64;38;-21;73
vectors/0027_gauss0.bin,0027_gauss0,,no,,,-128;91;80;108
vectors/0028_gauss1.bin,0028_gauss1,,no,,,-128;90;88;116
vectors/0029_gauss2.bin,0029_gauss2,,no,,,-128;81;83;122
vectors/0030_gauss3.bin,0030_gauss3,,yes,,,-119;56;66;55
vectors/0031_gauss4.bin,0031_gauss4,,unknown,,,-110;56;42;54
vectors/0032_uniform0.bin,0032_uniform0,,yes,,,-128;68;96;80
vectors/0033_uniform1.bin,0033_uniform1,,yes,,,-128;51;103;103
vectors/0034_uniform2.bin,0034_uniform2,,yes,,,-128;67;107;68
vectors/0035_const_m128.bin,0035_const_m128,,silence,,,14;14;14;14
vectors/0036_const_0.bin,0036_const_0,,no,,,-128;76;77;114
vectors/0037_const_127.bin,0037_const_127,,unknown,,,-128;127;127;127
vectors/0038_checker.bin,0038_checker,,silence,,,127;-85;-75;-14
vectors/0039_ramp.bin,0039_ramp,,unknown,,,-128;79;36;40
vectors/0040_x0000_nz01.bin,0040_x0000_nz01,,yes,,,-50;-4;122;-5
vectors/0041_x0001_ts-11.bin,0041_x0001_ts-11,,no,,,-51;41;-18;96
vectors/0042_x0002_sc015.bin,0042_x0002_sc015,,no,,,-128;78;76;112
vectors/0043_x0003_mx015.bin,0043_x0003_mx015,,yes,,,-40;-2;105;-2
vectors/0044_x0004_g-064.bin,0044_x0004_g-064,,yes,,,-114;58;65;48
vectors/0045_x0005_u-058.bin,0045_x0005_u-058,,no,,,-128;76;85;112
vectors/0046_x0006_sp07.bin,0046_x0006_sp07,,unknown,,,-23;40;20;15
vectors/0047_x0007_pt108.bin,0047_x0007_pt108,,unknown,,,-128;127;33;54
vectors/0048_x0008_nz09.bin,0048_x0008_nz09,,yes,,,-48;-5;122;-6
vectors/0049_x0009_ts-03.bin,0049_x0009_ts-03,,no,,,-50;36;-16;77
vectors/0050_x0010_sc055.bin,0050_x0010_sc055,,no,,,-128;82;79;102
vectors/0051_x0011_mx055.bin,0051_x0011_mx055,,yes,,,-13;5;62;5
vectors/0052_x0012_g+064.bin,0052_x0012_g+064,,no,,,-128;111;108;127
vectors/0053_x0013_u-072.bin,0053_x0013_u-072,,no,,,-128;68;61;102
vectors/0054_x0014_sp15.bin,0054_x0014_sp15,,unknown,,,-30;43;26;13
vectors/0055_x0015_pt016.bin,0055_x0015_pt016,,unknown,,,-128;127;104;127
vectors/0056_x0016_nz17.bin,0056_x0016_nz17,,yes,,,-49;-2;121;-7
vectors/0057_x0017_ts+05.bin,0057_x0017_ts+05,,no,,,-82;38;2;87
vectors/0058_x0018_sc095.bin,0058_x0018_sc095,,unknown,,,-128;89;86;85
vectors/0059_x0019_mx095.bin,0059_x0019_mx095,,yes,,,13;12;19;13
vectors/0060_x0020_g-080.bin,0060_x0020_g-080,,unknown,,,-116;81;50;33
vectors/0061_x0021_u-086.bin,0061_x0021_u-086,,yes,,,-128;78;127;103
vectors/0062_x0022_sp23.bin,0062_x0022_sp23,,unknown,,,-36;63;18;15
vectors/0063_x0023_pt201.bin,0063_x0023_pt201,,no,,,-128;72;78;127
vectors/0064_x0024_nz25.bin,0064_x0024_nz25,,yes,,,-46;-3;117;-4
vectors/0065_x0025_ts-11.bin,0065_x0025_ts-11,,no,,,-51;41;-18;96
vectors/0066_x0026_sc135.bin,0066_x0026_sc135,,unknown,,,-128;94;94;68
vectors/0067_x0027_mx030.bin,0067_x0027_mx030,,yes,,,-30;1;89;1
vectors/0068_x0028_g+048.bin,0068_x0028_g+048,,no,,,-128;111;91;127
vectors/0069_x0029_u-100.bin,0069_x0029_u-100,,no,,,-128;88;107;112
vectors/0070_x0030_sp01.bin,0070_x0030_sp01,,silence,,,20;12;12;11
vectors/0071_x0031_pt109.bin,0071_x0031_pt109,,unknown,,,-128;127;65;68
vectors/0072_x0032_nz33.bin,0072_x0032_nz33,,yes,,,-61;1;125;-3
vectors/0073_x0033_ts-03.bin,0073_x0033_ts-03,,no,,,-50;36;-16;77
vectors/0074_x0034_sc175.bin,0074_x0034_sc175,,yes,,,-128;95;100;59
vectors/0075_x0035_mx070.bin,0075_x0035_mx070,,yes,,,-3;8;45;8
vectors/0076_x0036_g-096.bin,0076_x0036_g-096,,no,,,-46;30;29;38
vectors/0077_x0037_u-114.bin,0077_x0037_u-114,,no,,,-128;79;77;96
vectors/0078_x0038_sp09.bin,0078_x0038_sp09,,unknown,,,-13;31;25;9
vectors/0079_x0039_pt017.bin,0079_x0039_pt017,,unknown,,,-128;127;110;127
vectors/0080_x0040_nz01.bin,0080_x0040_nz01,,yes,,,-50;-4;121;-5
vectors/0081_x0041_ts+05.bin,0081_x0041_ts+05,,no,,,-82;38;2;87
vectors/0082_x0042_sc215.bin,0082_x0042_sc215,,yes,,,-128;99;106;58
vectors/0083_x0043_mx005.bin,0083_x0043_mx005,,yes,,,-47;-3;116;-4
vectors/0084_x0044_g+032.bin,0084_x0044_g+032,,yes,,,-128;58;127;100
vectors/0085_x0045_u-128.bin,0085_x0045_u-128,,no,,,-128;72;96;107
vectors/0086_x0046_sp17.bin,0086_x0046_sp17,,unknown,,,-38;45;30;24
vectors/0087_x0047_pt202.bin,0087_x0047_pt202,,no,,,-128;72;78;127
vectors/0088_x0048_nz09.bin,0088_x0048_nz09,,yes,,,-50;-3;121;-7
vectors/0089_x0049_ts-11.bin,0089_x0049_ts-11,,no,,,-51;41;-18;96
vectors/0090_x0050_sc254.bin,0090_x0050_sc254,,yes,,,-128;102;107;62
vectors/0091_x0051_mx045.bin,0091_x0051_mx045,,yes,,,-20;3;73;3
vectors/0092_x0052_g-112.bin,0092_x0052_g-112,,unknown,,,-55;40;37;28
vectors/0093_x0053_u-016.bin,0093_x0053_u-016,,no,,,-128;92;93;119
vectors/0094_x0054_sp25.bin,0094_x0054_sp25,,unknown,,,-59;45;43;8
vectors/0095_x0055_pt110.bin,0095_x0055_pt110,,unknown,,,-128;127;75;71
vectors/0096_x0056_nz17.bin,0096_x0056_nz17,,yes,,,-51;-6;125;-7
vectors/0097_x0057_ts-03.bin,0097_x0057_ts-03,,no,,,-50;36;-16;77
vectors/0098_x0058_sc295.bin,0098_x0058_sc295,,yes,,,-128;105;109;65
vectors/0099_x0059_mx085.bin,0099_x0059_mx085,,yes,,,6;10;30;11
vectors/0100_x0060_g+016.bin,0100_x0060_g+016,,no,,,-128;86;87;127
vectors/0101_x0061_u-030.bin,0101_x0061_u-030,,no,,,-128;77;84;123
vectors/0102_x0062_sp03.bin,0102_x0062_sp03,,unknown,,,-3;25;12;23
vectors/0103_x0063_pt018.bin,0103_x0063_pt018,,unknown,,,-128;127;127;127
vectors/0104_x0064_nz25.bin,0104_x0064_nz25,,yes,,,-54;-1;121;-4
vectors/0105_x0065_ts+05.bin,0105_x0065_ts+05,,no,,,-82;38;2;87
vectors/0106_x0066_sc035.bin,0106_x0066_sc035,,no,,,-128;80;77;108
vectors/0107_x0067_mx020.bin,0107_x0067_mx020,,yes,,,-37;-1;100;-1
vectors/0108_x0068_g-128.bin,0108_x0068_g-128,,unknown,,,-75;61;28;47
vectors/0109_x0069_u-044.bin,0109_x0069_u-044,,no,,,-128;74;63;106
vectors/0110_x0070_sp11.bin,0110_x0070_sp11,,yes,,,-15;18;30;23
vectors/0111_x0071_pt203.bin,0111_x0071_pt203,,no,,,-128;72;78;127
vectors/0112_x0072_nz33.bin,0112_x0072_nz33,,yes,,,-55;4;119;0
vectors/0113_x0073_ts-11.bin,0113_x0073_ts-11,,no,,,-51;41;-18;96
vectors/0114_x0074_sc075.bin,0114_x0074_sc075,,no,,,-128;85;82;94
vectors/0115_x0075_mx060.bin,0115_x0075_mx060,,yes,,,-10;6;56;6
vectors/0116_x0076_g+000.bin,0116_x0076_g+000,,yes,,,-128;82;106;103
vectors/0117_x0077_u-058.bin,0117_x0077_u-058,,no,,,-128;72;111;127
vectors/0118_x0078_sp19.bin,0118_x0078_sp19,,no,,,-51;46;12;50
vectors/0119_x0079_pt111.bin,0119_x0079_pt111,,unknown,,,-128;119;55;62
vectors/0120_x0080_nz01.bin,0120_x0080_nz01,,yes,,,-50;-4;121;-4
vectors/0121_x0081_ts-03.bin,0121_x0081_ts-03,,no,,,-50;36;-16;77
vectors/0122_x0082_sc115.bin,0122_x0082_sc115,,unknown,,,-128;92;89;76
vectors/0123_x0083_mx100.bin,0123_x0083_mx100,,silence,,,14;14;14;14
vectors/0124_x0084_g+128.bin,0124_x0084_g+128,,unknown,,,-128;127;127;127
vectors/0125_x0085_u-072.bin,0125_x0085_u-072,,no,,,-128;81;92;115
vectors/0126_x0086_sp27.bin,0126_x0086_sp27,,unknown,,,-37;59;13;28
vectors/0127_x0087_pt019.bin,0127_x0087_pt019,,unknown,,,-128;127;59;127
vectors/0128_x0088_nz09.bin,0128_x0088_nz09,,yes,,,-51;-4;121;-6
vectors/0129_x0089_ts+05.bin,0129_x0089_ts+05,,no,,,-82;38;2;87
vectors/0130_x0090_sc155.bin,0130_x0090_sc155,,yes,,,-128;95;97;62
vectors/0131_x0091_mx035.bin,0131_x0091_mx035,,yes,,,-27;2;84;2
vectors/0132_x0092_g-016.bin,0132_x0092_g-016,,yes,,,-128;103;104;68
vectors/0133_x0093_u-086.bin,0133_x0093_u-086,,no,,,-128;84;106;120
vectors/0134_x0094_sp05.bin,0134_x0094_sp05,,unknown,,,-22;32;23;13
vectors/0135_x0095_pt204.bin,0135_x0095_pt204,,no,,,-128;72;78;127
vectors/0136_x0096_nz17.bin,0136_x0096_nz17,,yes,,,-51;-2;122;-7
vectors/0137_x0097_ts-11.bin,0137_x0097_ts-11,,no,,,-51;41;-18;96
vectors/0138_x0098_sc195.bin,0138_x0098_sc195,,yes,,,-128;97;103;58
vectors/0139_x0099_mx075.bin,0139_x0099_mx075,,yes,,,0;9;40;9
vectors/0140_x0100_g+112.bin,0140_x0100_g+112,,unknown,,,-128;127;121;127
vectors/0141_x0101_u-100.bin,0141_x0101_u-100,,yes,,,-128;74;87;68
vectors/0142_x0102_sp13.bin,0142_x0102_sp13,,unknown,,,-55;63;15;63
vectors/0143_x0103_pt112.bin,0143_x0103_pt112,,unknown,,,-128;111;33;51
vectors/0144_x0104_nz25.bin,0144_x0104_nz25,,yes,,,-52;-4;125;-5
vectors/0145_x0105_ts-03.bin,0145_x0105_ts-03,,no,,,-50;36;-16;77
vectors/0146_x0106_sc235.bin,0146_x0106_sc235,,yes,,,-128;101;106;60
vectors/0147_x0107_mx010.bin,0147_x0107_mx010,,yes,,,-44;-3;111;-3
vectors/0148_x0108_g-032.bin,0148_x0108_g-032,,no,,,-128;62;60;89
vectors/0149_x0109_u-114.bin,0149_x0109_u-114,,unknown,,,-128;81;47;79
vectors/0150_x0110_sp21.bin,0150_x0110_sp21,,yes,,,-21;35;36;13
vectors/0151_x0111_pt020.bin,0151_x0111_pt020,,unknown,,,-128;127;87;127
vectors/0152_x0112_nz33.bin,0152_x0112_nz33,,yes,,,-49;-4;118;-6
vectors/0153_x0113_ts+05.bin,0153_x0113_ts+05,,no,,,-82;38;2;87
vectors/0154_x0114_sc275.bin,0154_x0114_sc275,,yes,,,-128;104;108;64
vectors/0155_x0115_mx050.bin,0155_x0115_mx050,,yes,,,-17;4;67;4
vectors/0156_x0116_g+096.bin,0156_x0116_g+096,,no,,,-128;122;123;127
vectors/0157_x0117_u-128.bin,0157_x0117_u-128,,yes,,,-128;54;64;59
vectors/0158_x0118_sp29.bin,0158_x0118_sp29,,unknown,,,-31;43;18;15
vectors/0159_x0119_pt205.bin,0159_x0119_pt205,,no,,,-128;72;78;127
vectors/0160_x0120_nz01.bin,0160_x0120_nz01,,yes,,,-50;-5;122;-5
vectors/0161_x0121_ts-11.bin,0161_x0121_ts-11,,no,,,-51;41;-18;96
vectors/0162_x0122_sc015.bin,0162_x0122_sc015,,no,,,-128;78;76;112
vectors/0163_x0123_mx090.bin,0163_x0123_mx090,,yes,,,9;12;24;12
vectors/0164_x0124_g-048.bin,0164_x0124_g-048,,yes,,,-128;69;81;67
vectors/0165_x0125_u-016.bin,0165_x0125_u-016,,no,,,-128;79;80;119
vectors/0166_x0126_sp07.bin,0166_x0126_sp07,,no,,,-11;24;22;27
vectors/0167_x0127_pt113.bin,0167_x0127_pt113,,unknown,,,-128;123;61;79
vectors/0168_x0128_nz09.bin,0168_x0128_nz09,,yes,,,-50;-4;121;-5
vectors/0169_x0129_ts-03.bin,0169_x0129_ts-03,,no,,,-50;36;-16;77
vectors/0170_x0130_sc055.bin,0170_x0130_sc055,,no,,,-128;82;79;102
vectors/0171_x0131_mx025.bin,0171_x0131_mx025,,yes,,,-33;0;94;0
vectors/0172_x0132_g+080.bin,0172_x0132_g+080,,no,,,-128;117;118;127
vectors/0173_x0133_u-030.bin,0173_x0133_u-030,,no,,,-128;98;107;127
vectors/0174_x0134_sp15.bin,0174_x0134_sp15,,no,,,-27;31;19;36
vectors/0175_x0135_pt021.bin,0175_x0135_pt021,,unknown,,,-128;127;81;127
vectors/0176_x0136_nz17.bin,0176_x0136_nz17,,yes,,,-49;-3;122;-4
vectors/0177_x0137_ts+05.bin,0177_x0137_ts+05,,no,,,-82;38;2;87
vectors/0178_x0138_sc095.bin,0178_x0138_sc095,,unknown,,,-128;89;86;85
vectors/0179_x0139_mx065.bin,0179_x0139_mx065,,yes,,,-7;7;51;7
vectors/0180_x0140_g-064.bin,0180_x0140_g-064,,no,,,-128;97;43;104
vectors/0181_x0141_u-044.bin,0181_x0141_u-044,,no,,,-128;103;121;127
vectors/0182_x0142_sp23.bin,0182_x0142_sp23,,unknown,,,-46;47;22;22
vectors/0183_x0143_pt206.bin,0183_x0143_pt206,,no,,,-128;72;78;127
vectors/0184_x0144_nz25.bin,0184_x0144_nz25,,yes,,,-50;-2;119;-6
vectors/0185_x0145_ts-11.bin,0185_x0145_ts-11,,no,,,-51;41;-18;96
vectors/0186_x0146_sc135.bin,0186_x0146_sc135,,unknown,,,-128;94;94;68
vectors/0187_x0147_mx000.bin,0187_x0147_mx000,,yes,,,-50;-5;121;-4
vectors/0188_x0148_g+064.bin,0188_x0148_g+064,,no,,,-128;110;107;127
vectors/0189_x0149_u-058.bin,0189_x0149_u-058,,no,,,-128;87;82;127
vectors/0190_x0150_sp01.bin,0190_x0150_sp01,,unknown,,,7;16;15;12
vectors/0191_x0151_pt114.bin,0191_x0151_pt114,,unknown,,,-128;127;68;93
vectors/0192_x0152_nz33.bin,0192_x0152_nz33,,yes,,,-54;3;117;-7
vectors/0193_x0153_ts-03.bin,0193_x0153_ts-03,,no,,,-50;36;-16;77
vectors/0194_x0154_sc175.bin,0194_x0154_sc175,,yes,,,-128;95;100;59
vectors/0195_x0155_mx040.bin,0195_x0155_mx040,,yes,,,-24;3;78;2
vectors/0196_x0156_g-080.bin,0196_x0156_g-080,,no,,,-79;37;37;50
vectors/0197_x0157_u-072.bin,0197_x0157_u-072,,no,,,-128;66;89;97
vectors/0198_x0158_sp09.bin,0198_x0158_sp09,,unknown,,,-26;30;27;22
vectors/0199_x0159_pt022.bin,0199_x0159_pt022,,unknown,,,-128;127;102;127
vectors/0200_x0160_nz01.bin,0200_x0160_nz01,,yes,,,-50;-4;122;-5
vectors/0201_x0161_ts+05.bin,0201_x0161_ts+05,,no,,,-82;38;2;87
vectors/0202_x0162_sc215.bin,0202_x0162_sc215,,yes,,,-128;99;106;58
vectors/0203_x0163_mx080.bin,0203_x0163_mx080,,yes,,,3;10;35;10
vectors/0204_x0164_g+048.bin,0204_x0164_g+048,,yes,,,-128;94;122;110
vectors/0205_x0165_u-086.bin,0205_x0165_u-086,,no,,,-128;69;81;97
vectors/0206_x0166_sp17.bin,0206_x0166_sp17,,unknown,,,-23;32;24;21
vectors/0207_x0167_pt207.bin,0207_x0167_pt207,,no,,,-128;72;78;127
vectors/0208_x0168_nz09.bin,0208_x0168_nz09,,yes,,,-51;-4;122;-5
vectors/0209_x0169_ts-11.bin,0209_x0169_ts-11,,no,,,-51;41;-18;96
vectors/0210_x0170_sc254.bin,0210_x0170_sc254,,yes,,,-128;102;107;62
vectors/0211_x0171_mx015.bin,0211_x0171_mx015,,yes,,,-40;-2;105;-2
vectors/0212_x0172_g-096.bin,0212_x0172_g-096,,yes,,,-54;31;52;10
vectors/0213_x0173_u-100.bin,0213_x0173_u-100,,yes,,,-128;70;79;73
vectors/0214_x0174_sp25.bin,0214_x0174_sp25,,unknown,,,-69;61;43;19
vectors/0215_x0175_pt115.bin,0215_x0175_pt115,,unknown,,,-128;126;76;84
vectors/0216_x0176_nz17.bin,0216_x0176_nz17,,yes,,,-50;-3;121;-6
vectors/0217_x0177_ts-03.bin,0217_x0177_ts-03,,no,,,-50;36;-16;77
vectors/0218_x0178_sc295.bin,0218_x0178_sc295,,yes,,,-128;105;109;65
vectors/0219_x0179_mx055.bin,0219_x0179_mx055,,yes,,,-13;5;62;5
vectors/0220_x0180_g+032.bin,0220_x0180_g+032,,no,,,-128;92;95;127
vectors/0221_x0181_u-114.bin,0221_x0181_u-114,,yes,,,-111;34;62;54
vectors/0222_x0182_sp03.bin,0222_x0182_sp03,,no,,,6;13;16;17
vectors/0223_x0183_pt023.bin,0223_x0183_pt023,,unknown,,,-128;127;68;127
vectors/0224_x0184_nz25.bin,0224_x0184_nz25,,yes,,,-53;0;125;-9
vectors/0225_x0185_ts+05.bin,0225_x0185_ts+05,,no,,,-82;38;2;87
vectors/0226_x0186_sc035.bin,0226_x0186_sc035,,no,,,-128;80;77;108
vectors/0227_x0187_mx095.bin,0227_x0187_mx095,,yes,,,13;12;19;13
vectors/0228_x0188_g-112.bin,0228_x0188_g-112,,unknown,,,-111;85;33;73
vectors/0229_x0189_u-128.bin,0229_x0189_u-128,,no,,,-128;90;74;94
vectors/0230_x0190_sp11.bin,0230_x0190_sp11,,unknown,,,-15;51;0;21
vectors/0231_x0191_pt208.bin,0231_x0191_pt208,,no,,,-128;72;78;127
vectors/0232_x0192_nz33.bin,0232_x0192_nz33,,yes,,,-58;-1;117;-1
vectors/0233_x0193_ts-11.bin,0233_x0193_ts-11,,no,,,-51;41;-18;96
vectors/0234_x0194_sc075.bin,0234_x0194_sc075,,no,,,-128;85;82;94
vectors/0235_x0195_mx030.bin,0235_x0195_mx030,,yes,,,-30;1;89;1
vectors/0236_x0196_g+016.bin,0236_x0196_g+016,,no,,,-128;89;114;127
vectors/0237_x0197_u-016.bin,0237_x0197_u-016,,no,,,-128;86;117;127
vectors/0238_x0198_sp19.bin,0238_x0198_sp19,,unknown,,,-19;40;20;10
vectors/0239_x0199_pt116.bin,0239_x0199_pt116,,unknown,,,-128;125;81;94
vectors/0240_x0200_nz01.bin,0240_x0200_nz01,,yes,,,-50;-5;122;-5
vectors/0241_x0201_ts-03.bin,0241_x0201_ts-03,,no,,,-50;36;-16;77
vectors/0242_x0202_sc115.bin,0242_x0202_sc115,,unknown,,,-128;92;89;76
vectors/0243_x0203_mx070.bin,0243_x0203_mx070,,yes,,,-3;8;45;8
vectors/0244_x0204_g-128.bin,0244_x0204_g-128,,unknown,,,14;15;14;14
vectors/0245_x0205_u-030.bin,0245_x0205_u-030,,no,,,-128;93;97;127
vectors/0246_x0206_sp27.bin,0246_x0206_sp27,,unknown,,,-52;50;18;36
vectors/0247_x0207_pt001.bin,0247_x0207_pt001,,silence,,,127;-119;-112;-18
vectors/0248_x0208_nz09.bin,0248_x0208_nz09,,yes,,,-52;-3;123;-5
vectors/0249_x0209_ts+05.bin,0249_x0209_ts+05,,no,,,-82;38;2;87
vectors/0250_x0210_sc155.bin,0250_x0210_sc155,,yes,,,-128;95;97;62
vectors/0251_x0211_mx005.bin,0251_x0211_mx005,,yes,,,-47;-3;116;-4
vectors/0252_x0212_g+000.bin,0252_x0212_g+000,,no,,,-128;102;82;127
vectors/0253_x0213_u-044.bin,0253_x0213_u-044,,no,,,-128;83;98;124
vectors/0254_x0214_sp05.bin,0254_x0214_sp05,,unknown,,,4;26;10;9
vectors/0255_x0215_pt209.bin,0255_x0215_pt209,,no,,,-128;72;78;127
vectors/0256_x0216_nz17.bin,0256_x0216_nz17,,yes,,,-53;-2;123;-5
vectors/0257_x0217_ts-11.bin,0257_x0217_ts-11,,no,,,-51;41;-18;96
vectors/0258_x0218_sc195.bin,0258_x0218_sc195,,yes,,,-128;97;103;58
vectors/0259_x0219_mx045.bin,0259_x0219_mx045,,yes,,,-20;3;73;3
vectors/0260_x0220_g+128.bin,0260_x0220_g+128,,unknown,,,-128;127;127;127
vectors/0261_x0221_u-058.bin,0261_x0221_u-058,,no,,,-128;66;89;106
vectors/0262_x0222_sp13.bin,0262_x0222_sp13,,yes,,,-10;11;26;14
vectors/0263_x0223_pt117.bin,0263_x0223_pt117,,unknown,,,-128;122;90;92
vectors/0264_x0224_nz25.bin,0264_x0224_nz25,,yes,,,-56;-1;123;-7
vectors/0265_x0225_ts-03.bin,0265_x0225_ts-03,,no,,,-50;36;-16;77
vectors/0266_x0226_sc235.bin,0266_x0226_sc235,,yes,,,-128;101;106;60
vectors/0267_x0227_mx085.bin,0267_x0227_mx085,,yes,,,6;10;30;11
vectors/0268_x0228_g-016.bin,0268_x0228_g-016,,no,,,-128;68;69;104
vectors/0269_x0229_u-072.bin,0269_x0229_u-072,,no,,,-128;79;85;103
vectors/0270_x0230_sp21.bin,0270_x0230_sp21,,unknown,,,-27;54;0;28
vectors/0271_x0231_pt002.bin,0271_x0231_pt002,,yes,,,-128;119;127;25
vectors/0272_x0232_nz33.bin,0272_x0232_nz33,,yes,,,-54;-2;118;-5
vectors/0273_x0233_ts+05.bin,0273_x0233_ts+05,,no,,,-82;38;2;87
vectors/0274_x0234_sc275.bin,0274_x0234_sc275,,yes,,,-128;104;108;64
vectors/0275_x0235_mx020.bin,0275_x0235_mx020,,yes,,,-37;-1;100;-1
vectors/0276_x0236_g+112.bin,0276_x0236_g+112,,no,,,-128;118;114;127
vectors/0277_x0237_u-086.bin,0277_x0237_u-086,,no,,,-128;66;65;85
vectors/0278_x0238_sp29.bin,0278_x0238_sp29,,unknown,,,-46;67;25;32
vectors/0279_x0239_pt210.bin,0279_x0239_pt210,,no,,,-128;72;78;127
vectors/0280_x0240_nz01.bin,0280_x0240_nz01,,yes,,,-50;-5;121;-5
vectors/0281_x0241_ts-11.bin,0281_x0241_ts-11,,no,,,-51;41;-18;96
vectors/0282_x0242_sc015.bin,0282_x0242_sc015,,no,,,-128;78;76;112
vectors/0283_x0243_mx060.bin,0283_x0243_mx060,,yes,,,-10;6;56;6
vectors/0284_x0244_g-032.bin,0284_x0244_g-032,,yes,,,-128;49;79;71
vectors/0285_x0245_u-100.bin,0285_x0245_u-100,,no,,,-128;108;94;127
vectors/0286_x0246_sp07.bin,0286_x0246_sp07,,unknown,,,-2;26;13;25
vectors/0287_x0247_pt118.bin,0287_x0247_pt118,,unknown,,,-128;125;89;87
vectors/0288_x0248_nz09.bin,0288_x0248_nz09,,yes,,,-49;-4;121;-5
vectors/0289_x0249_ts-03.bin,0289_x0249_ts-03,,no,,,-50;36;-16;77
vectors/0290_x0250_sc055.bin,0290_x0250_sc055,,no,,,-128;82;79;102
vectors/0291_x0251_mx100.bin,0291_x0251_mx100,,silence,,,14;14;14;14
vectors/0292_x0252_g+096.bin,0292_x0252_g+096,,no,,,-128;125;126;127
vectors/0293_x0253_u-114.bin,0293_x0253_u-114,,no,,,-128;64;76;110
vectors/0294_x0254_sp15.bin,0294_x0254_sp15,,unknown,,,-21;50;1;21
vectors/0295_x0255_pt003.bin,0295_x0255_pt003,,unknown,,,24;34;-4;-21
vectors/0296_x0256_nz17.bin,0296_x0256_nz17,,yes,,,-48;-3;119;-6
vectors/0297_x0257_ts+05.bin,0297_x0257_ts+05,,no,,,-82;38;2;87
vectors/0298_x0258_sc095.bin,0298_x0258_sc095,,unknown,,,-128;89;86;85
vectors/0299_x0259_mx035.bin,0299_x0259_mx035,,yes,,,-27;2;84;2
vectors/0300_x0260_g-048.bin,0300_x0260_g-048,,unknown,,,-128;80;39;58
vectors/0301_x0261_u-128.bin,0301_x0261_u-128,,unknown,,,-128;112;99;93
vectors/0302_x0262_sp23.bin,0302_x0262_sp23,,unknown,,,-69;71;15;54
vectors/0303_x0263_pt211.bin,0303_x0263_pt211,,no,,,-128;72;78;127
vectors/0304_x0264_nz25.bin,0304_x0264_nz25,,yes,,,-52;-3;114;1
vectors/0305_x0265_ts-11.bin,0305_x0265_ts-11,,no,,,-51;41;-18;96
vectors/0306_x0266_sc135.bin,0306_x0266_sc135,,unknown,,,-128;94;94;68
vectors/0307_x0267_mx075.bin,0307_x0267_mx075,,yes,,,0;9;40;9
vectors/0308_x0268_g+080.bin,0308_x0268_g+080,,no,,,-128;111;118;127
vectors/0309_x0269_u-016.bin,0309_x0269_u-016,,no,,,-128;94;96;127
vectors/0310_x0270_sp01.bin,0310_x0270_sp01,,yes,,,3;19;22;13
vectors/0311_x0271_pt119.bin,0311_x0271_pt119,,unknown,,,-128;114;85;83
vectors/0312_x0272_nz33.bin,0312_x0272_nz33,,yes,,,-52;1;117;-3
vectors/0313_x0273_ts-03.bin,0313_x0273_ts-03,,no,,,-50;36;-16;77
vectors/0314_x0274_sc175.bin,0314_x0274_sc175,,yes,,,-128;95;100;59
vectors/0315_x0275_mx010.bin,0315_x0275_mx010,,yes,,,-44;-3;111;-3
vectors/0316_x0276_g-064.bin,0316_x0276_g-064,,no,,,-110;45;46;60
vectors/0317_x0277_u-030.bin,0317_x0277_u-030,,no,,,-128;82;88;111
vectors/0318_x0278_sp09.bin,0318_x0278_sp09,,unknown,,,-31;46;20;22
vectors/0319_x0279_pt004.bin,0319_x0279_pt004,,unknown,,,-128;127;127;22
vectors/0320_x0280_nz01.bin,0320_x0280_nz01,,yes,,,-50;-4;121;-5
vectors/0321_x0281_ts+05.bin,0321_x0281_ts+05,,no,,,-82;38;2;87
vectors/0322_x0282_sc215.bin,0322_x0282_sc215,,yes,,,-128;99;106;58
vectors/0323_x0283_mx050.bin,0323_x0283_mx050,,yes,,,-17;4;67;4
vectors/0324_x0284_g+064.bin,0324_x0284_g+064,,yes,,,-128;91;127;127
vectors/0325_x0285_u-044.bin,0325_x0285_u-044,,no,,,-128;79;86;101
vectors/0326_x0286_sp17.bin,0326_x0286_sp17,,unknown,,,-55;48;46;17
vectors/0327_x0287_pt212.bin,0327_x0287_pt212,,no,,,-128;72;78;127
vectors/0328_x0288_nz09.bin,0328_x0288_nz09,,yes,,,-49;-4;121;-6
vectors/0329_x0289_ts-11.bin,0329_x0289_ts-11,,no,,,-51;41;-18;96
vectors/0330_x0290_sc254.bin,0330_x0290_sc254,,yes,,,-128;102;107;62
vectors/0331_x0291_mx090.bin,0331_x0291_mx090,,yes,,,9;12;24;12
vectors/0332_x0292_g-080.bin,0332_x0292_g-080,,no,,,-76;33;44;55
vectors/0333_x0293_u-058.bin,0333_x0293_u-058,,no,,,-128;71;78;95
vectors/0334_x0294_sp25.bin,0334_x0294_sp25,,unknown,,,-45;83;20;21
vectors/0335_x0295_pt120.bin,0335_x0295_pt120,,unknown,,,-128;109;75;75
vectors/0336_x0296_nz17.bin,0336_x0296_nz17,,yes,,,-53;-2;123;-5
vectors/0337_x0297_ts-03.bin,0337_x0297_ts-03,,no,,,-50;36;-16;77
vectors/0338_x0298_sc295.bin,0338_x0298_sc295,,yes,,,-128;105;109;65
vectors/0339_x0299_mx025.bin,0339_x0299_mx025,,yes,,,-33;0;94;0
vectors/0340_x0300_g+048.bin,0340_x0300_g+048,,no,,,-128;99;101;127
vectors/0341_x0301_u-072.bin,0341_x0301_u-072,,no,,,-128;86;95;127
vectors/0342_x0302_sp03.bin,0342_x0302_sp03,,yes,,,-9;20;24;19
vectors/0343_x0303_pt005.bin,0343_x0303_pt005,,unknown,,,-128;127;27;127
vectors/0344_x0304_nz25.bin,0344_x0304_nz25,,yes,,,-52;-3;126;-11
vectors/0345_x0305_ts+05.bin,0345_x0305_ts+05,,no,,,-82;38;2;87
vectors/0346_x0306_sc035.bin,0346_x0306_sc035,,no,,,-128;80;77;108
vectors/0347_x0307_mx065.bin,0347_x0307_mx065,,yes,,,-7;7;51;7
vectors/0348_x0308_g-096.bin,0348_x0308_g-096,,yes,,,-93;40;55;30
vectors/0349_x0309_u-086.bin,0349_x0309_u-086,,no,,,-128;88;70;125
vectors/0350_x0310_sp11.bin,0350_x0310_sp11,,unknown,,,-11;35;22;21
vectors/0351_x0311_pt213.bin,0351_x0311_pt213,,no,,,-128;72;78;127
vectors/0352_x0312_nz33.bin,0352_x0312_nz33,,yes,,,-45;-4;121;-8
vectors/0353_x0313_ts-11.bin,0353_x0313_ts-11,,no,,,-51;41;-18;96
vectors/0354_x0314_sc075.bin,0354_x0314_sc075,,no,,,-128;85;82;94
vectors/0355_x0315_mx000.bin,0355_x0315_mx000,,yes,,,-50;-5;121;-4
vectors/0356_x0316_g+032.bin,0356_x0316_g+032,,no,,,-128;93;107;127
vectors/0357_x0317_u-100.bin,0357_x0317_u-100,,no,,,-128;68;99;108
vectors/0358_x0318_sp19.bin,0358_x0318_sp19,,unknown,,,-21;39;16;20
vectors/0359_x0319_pt121.bin,0359_x0319_pt121,,unknown,,,-128;100;68;68
vectors/0360_x0320_nz01.bin,0360_x0320_nz01,,yes,,,-50;-4;121;-5
vectors/0361_x0321_ts-03.bin,0361_x0321_ts-03,,no,,,-50;36;-16;77
vectors/0362_x0322_sc115.bin,0362_x0322_sc115,,unknown,,,-128;92;89;76
vectors/0363_x0323_mx040.bin,0363_x0323_mx040,,yes,,,-24;3;78;2
vectors/0364_x0324_g-112.bin,0364_x0324_g-112,,no,,,-14;21;21;24
vectors/0365_x0325_u-114.bin,0365_x0325_u-114,,no,,,-128;77;90;98
vectors/0366_x0326_sp27.bin,0366_x0326_sp27,,unknown,,,-65;64;12;49
vectors/0367_x0327_pt006.bin,0367_x0327_pt006,,unknown,,,-128;127;127;127
vectors/0368_x0328_nz09.bin,0368_x0328_nz09,,yes,,,-49;-3;121;-5
vectors/0369_x0329_ts+05.bin,0369_x0329_ts+05,,no,,,-82;38;2;87
vectors/0370_x0330_sc155.bin,0370_x0330_sc155,,yes,,,-128;95;97;62
vectors/0371_x0331_mx080.bin,0371_x0331_mx080,,yes,,,3;10;35;10
vectors/0372_x0332_g+016.bin,0372_x0332_g+016,,yes,,,-128;101;121;107
vectors/0373_x0333_u-128.bin,0373_x0333_u-128,,yes,,,-128;56;73;65
vectors/0374_x0334_sp05.bin,0374_x0334_sp05,,unknown,,,-11;29;26;5
vectors/0375_x0335_pt214.bin,0375_x0335_pt214,,no,,,-128;72;78;127
vectors/0376_x0336_nz17.bin,0376_x0336_nz17,,yes,,,-51;-4;123;-7
vectors/0377_x0337_ts-11.bin,0377_x0337_ts-11,,no,,,-51;41;-18;96
vectors/0378_x0338_sc195.bin,0378_x0338_sc195,,yes,,,-128;97;103;58
vectors/0379_x0339_mx015.bin,0379_x0339_mx015,,yes,,,-40;-2;105;-2
vectors/0380_x0340_g-128.bin,0380_x0340_g-128,,unknown,,,-9;29;20;18
vectors/0381_x0341_u-016.bin,0381_x0341_u-016,,no,,,-128;88;84;118
vectors/0382_x0342_sp13.bin,0382_x0342_sp13,,yes,,,-27;25;35;12
vectors/0383_x0343_pt122.bin,0383_x0343_pt122,,unknown,,,-128;100;49;60
vectors/0384_x0344_nz25.bin,0384_x0344_nz25,,yes,,,-54;-2;125;-6
vectors/0385_x0345_ts-03.bin,0385_x0345_ts-03,,no,,,-50;36;-16;77
vectors/0386_x0346_sc235.bin,0386_x0346_sc235,,yes,,,-128;101;106;60
vectors/0387_x0347_mx055.bin,0387_x0347_mx055,,yes,,,-13;5;62;5
vectors/0388_x0348_g+000.bin,0388_x0348_g+000,,no,,,-128;79;77;117
vectors/0389_x0349_u-030.bin,0389_x0349_u-030,,no,,,-128;79;69;116
vectors/0390_x0350_sp21.bin,0390_x0350_sp21,,unknown,,,-53;53;37;20
vectors/0391_x0351_pt007.bin,0391_x0351_pt007,,unknown,,,-128;127;127;113
vectors/0392_x0352_nz33.bin,0392_x0352_nz33,,yes,,,-50;0;119;-4
vectors/0393_x0353_ts+05.bin,0393_x0353_ts+05,,no,,,-82;38;2;87
vectors/0394_x0354_sc275.bin,0394_x0354_sc275,,yes,,,-128;104;108;64
vectors/0395_x0355_mx095.bin,0395_x0355_mx095,,yes,,,13;12;19;13
vectors/0396_x0356_g+128.bin,0396_x0356_g+128,,yes,,,-128;111;127;127
vectors/0397_x0357_u-044.bin,0397_x0357_u-044,,no,,,-128;99;110;126
vectors/0398_x0358_sp29.bin,0398_x0358_sp29,,unknown,,,-41;38;34;20
vectors/0399_x0359_pt215.bin,0399_x0359_pt215,,no,,,-128;72;78;127
vectors/0400_x0360_nz01.bin,0400_x0360_nz01,,yes,,,-50;-4;121;-5
vectors/0401_x0361_ts-11.bin,0401_x0361_ts-11,,no,,,-51;41;-18;96
vectors/0402_x0362_sc015.bin,0402_x0362_sc015,,no,,,-128;78;76;112
vectors/0403_x0363_mx030.bin,0403_x0363_mx030,,yes,,,-30;1;89;1
vectors/0404_x0364_g-016.bin,0404_x0364_g-016,,no,,,-128;74;78;115
vectors/0405_x0365_u-058.bin,0405_x0365_u-058,,no,,,-128;89;100;124
vectors/0406_x0366_sp07.bin,0406_x0366_sp07,,unknown,,,-10;26;10;23
vectors/0407_x0367_pt123.bin,0407_x0367_pt123,,unknown,,,-125;99;43;61
vectors/0408_x0368_nz09.bin,0408_x0368_nz09,,yes,,,-51;-4;121;-5
vectors/0409_x0369_ts-03.bin,0409_x0369_ts-03,,no,,,-50;36;-16;77
vectors/0410_x0370_sc055.bin,0410_x0370_sc055,,no,,,-128;82;79;102
vectors/0411_x0371_mx070.bin,0411_x0371_mx070,,yes,,,-3;8;45;8
vectors/0412_x0372_g+112.bin,0412_x0372_g+112,,unknown,,,-128;127;127;127
vectors/0413_x0373_u-072.bin,0413_x0373_u-072,,no,,,-128;95;78;124
vectors/0414_x0374_sp15.bin,0414_x0374_sp15,,unknown,,,-26;46;24;17
vectors/0415_x0375_pt008.bin,0415_x0375_pt008,,unknown,,,-128;127;127;127
vectors/0416_x0376_nz17.bin,0416_x0376_nz17,,yes,,,-51;-5;123;-4
vectors/0417_x0377_ts+05.bin,0417_x0377_ts+05,,no,,,-82;38;2;87
vectors/0418_x0378_sc095.bin,0418_x0378_sc095,,unknown,,,-128;89;86;85
vectors/0419_x0379_mx005.bin,0419_x0379_mx005,,yes,,,-47;-3;116;-4
vectors/0420_x0380_g-032.bin,0420_x0380_g-032,,unknown,,,-128;96;73;81
vectors/0421_x0381_u-086.bin,0421_x0381_u-086,,yes,,,-128;69;96;90
vectors/0422_x0382_sp23.bin,0422_x0382_sp23,,unknown,,,-15;53;-7;24
vectors/0423_x0383_pt216.bin,0423_x0383_pt216,,no,,,-128;72;78;127
vectors/0424_x0384_nz25.bin,0424_x0384_nz25,,yes,,,-51;-3;123;-7
vectors/0425_x0385_ts-11.bin,0425_x0385_ts-11,,no,,,-51;41;-18;96
vectors/0426_x0386_sc135.bin,0426_x0386_sc135,,unknown,,,-128;94;94;68
vectors/0427_x0387_mx045.bin,0427_x0387_mx045,,yes,,,-20;3;73;3
vectors/0428_x0388_g+096.bin,0428_x0388_g+096,,no,,,-128;121;122;127
vectors/0429_x0389_u-100.bin,0429_x0389_u-100,,no,,,-128;64;55;110
vectors/0430_x0390_sp01.bin,0430_x0390_sp01,,silence,,,16;16;10;12
vectors/0431_x0391_pt101.bin,0431_x0391_pt101,,yes,,,-128;48;96;63
vectors/0432_x0392_nz33.bin,0432_x0392_nz33,,yes,,,-53;-1;117;1
vectors/0433_x0393_ts-03.bin,0433_x0393_ts-03,,no,,,-50;36;-16;77
vectors/0434_x0394_sc175.bin,0434_x0394_sc175,,yes,,,-128;95;100;59
vectors/0435_x0395_mx085.bin,0435_x0395_mx085,,yes,,,6;10;30;11
vectors/0436_x0396_g-048.bin,0436_x0396_g-048,,no,,,-128;52;53;76
vectors/0437_x0397_u-114.bin,0437_x0397_u-114,,yes,,,-128;68;82;64
vectors/0438_x0398_sp09.bin,0438_x0398_sp09,,unknown,,,-12;38;12;18
vectors/0439_x0399_pt009.bin,0439_x0399_pt009,,unknown,,,-128;127;127;127
vectors/0440_x0400_nz01.bin,0440_x0400_nz01,,yes,,,-50;-4;122;-4
vectors/0441_x0401_ts+05.bin,0441_x0401_ts+05,,no,,,-82;38;2;87
vectors/0442_x0402_sc215.bin,0442_x0402_sc215,,yes,,,-128;99;106;58
vectors/0443_x0403_mx020.bin,0443_x0403_mx020,,yes,,,-37;-1;100;-1
vectors/0444_x0404_g+080.bin,0444_x0404_g+080,,yes,,,-128;114;127;127
vectors/0445_x0405_u-128.bin,0445_x0405_u-128,,yes,,,-128;52;76;50
vectors/0446_x0406_sp17.bin,0446_x0406_sp17,,unknown,,,-65;66;29;37
vectors/0447_x0407_pt217.bin,0447_x0407_pt217,,no,,,-128;72;78;127
vectors/0448_x0408_nz09.bin,0448_x0408_nz09,,yes,,,-50;-3;121;-5
vectors/0449_x0409_ts-11.bin,0449_x0409_ts-11,,no,,,-51;41;-18;96
vectors/0450_x0410_sc254.bin,0450_x0410_sc254,,yes,,,-128;102;107;62
vectors/0451_x0411_mx060.bin,0451_x0411_mx060,,yes,,,-10;6;56;6
vectors/0452_x0412_g-064.bin,0452_x0412_g-064,,unknown,,,-119;65;41;44
vectors/0453_x0413_u-016.bin,0453_x0413_u-016,,no,,,-128;126;119;127
vectors/0454_x0414_sp25.bin,0454_x0414_sp25,,unknown,,,-44;49;23;35
vectors/0455_x0415_pt102.bin,0455_x0415_pt102,,unknown,,,-95;91;51;27
vectors/0456_x0416_nz17.bin,0456_x0416_nz17,,yes,,,-56;0;121;-2
vectors/0457_x0417_ts-03.bin,0457_x0417_ts-03,,no,,,-50;36;-16;77
vectors/0458_x0418_sc295.bin,0458_x0418_sc295,,yes,,,-128;105;109;65
vectors/0459_x0419_mx100.bin,0459_x0419_mx100,,silence,,,14;14;14;14
vectors/0460_x0420_g+064.bin,0460_x0420_g+064,,no,,,-128;111;108;127
vectors/0461_x0421_u-030.bin,0461_x0421_u-030,,no,,,-128;122;99;127
vectors/0462_x0422_sp03.bin,0462_x0422_sp03,,unknown,,,0;28;11;23
vectors/0463_x0423_pt010.bin,0463_x0423_pt010,,unknown,,,-128;127;48;127
vectors/0464_x0424_nz25.bin,0464_x0424_nz25,,yes,,,-55;2;117;-1
vectors/0465_x0425_ts+05.bin,0465_x0425_ts+05,,no,,,-82;38;2;87
vectors/0466_x0426_sc035.bin,0466_x0426_sc035,,no,,,-128;80;77;108
vectors/0467_x0427_mx035.bin,0467_x0427_mx035,,yes,,,-27;2;84;2
vectors/0468_x0428_g-080.bin,0468_x0428_g-080,,unknown,,,-94;56;44;15
vectors/0469_x0429_u-044.bin,0469_x0429_u-044,,no,,,-128;68;114;127
vectors/0470_x0430_sp11.bin,0470_x0430_sp11,,unknown,,,-33;44;25;22
vectors/0471_x0431_pt218.bin,0471_x0431_pt218,,no,,,-128;72;78;127
vectors/0472_x0432_nz33.bin,0472_x0432_nz33,,yes,,,-58;0;124;-6
vectors/0473_x0433_ts-11.bin,0473_x0433_ts-11,,no,,,-51;41;-18;96
vectors/0474_x0434_sc075.bin,0474_x0434_sc075,,no,,,-128;85;82;94
vectors/0475_x0435_mx075.bin,0475_x0435_mx075,,yes,,,0;9;40;9
vectors/0476_x0436_g+048.bin,0476_x0436_g+048,,no,,,-128;97;118;127
vectors/0477_x0437_u-058.bin,0477_x0437_u-058,,no,,,-128;89;84;107
vectors/0478_x0438_sp19.bin,0478_x0438_sp19,,unknown,,,-28;51;31;22
vectors/0479_x0439_pt103.bin,0479_x0439_pt103,,silence,,,66;39;-22;-98
vectors/0480_x0440_nz01.bin,0480_x0440_nz01,,yes,,,-50;-4;121;-5
vectors/0481_x0441_ts-03.bin,0481_x0441_ts-03,,no,,,-50;36;-16;77
vectors/0482_x0442_sc115.bin,0482_x0442_sc115,,unknown,,,-128;92;89;76
vectors/0483_x0443_mx010.bin,0483_x0443_mx010,,yes,,,-44;-3;111;-3
vectors/0484_x0444_g-096.bin,0484_x0444_g-096,,no,,,-46;28;29;39
vectors/0485_x0445_u-072.bin,0485_x0445_u-072,,no,,,-128;81;61;98
vectors/0486_x0446_sp27.bin,0486_x0446_sp27,,unknown,,,-54;63;16;37
vectors/0487_x0447_pt011.bin,0487_x0447_pt011,,unknown,,,-128;127;93;127
vectors/0488_x0448_nz09.bin,0488_x0448_nz09,,yes,,,-51;-3;121;-5
vectors/0489_x0449_ts+05.bin,0489_x0449_ts+05,,no,,,-82;38;2;87
vectors/0490_x0450_sc155.bin,0490_x0450_sc155,,yes,,,-128;95;97;62
vectors/0491_x0451_mx050.bin,0491_x0451_mx050,,yes,,,-17;4;67;4
vectors/0492_x0452_g+032.bin,0492_x0452_g+032,,no,,,-128;93;117;127
vectors/0493_x0453_u-086.bin,0493_x0453_u-086,,yes,,,-128;62;84;76
vectors/0494_x0454_sp05.bin,0494_x0454_sp05,,unknown,,,-9;29;19;19
vectors/0495_x0455_pt219.bin,0495_x0455_pt219,,no,,,-128;72;78;127
vectors/0496_x0456_nz17.bin,0496_x0456_nz17,,yes,,,-50;-2;119;-6
vectors/0497_x0457_ts-11.bin,0497_x0457_ts-11,,no,,,-51;41;-18;96
vectors/0498_x0458_sc195.bin,0498_x0458_sc195,,yes,,,-128;97;103;58
vectors/0499_x0459_mx090.bin,0499_x0459_mx090,,yes,,,9;12;24;12
vectors/0500_x0460_g-112.bin,0500_x0460_g-112,,yes,,,-37;29;36;17
vectors/0501_x0461_u-100.bin,0501_x0461_u-100,,no,,,-128;58;59;70
vectors/0502_x0462_sp13.bin,0502_x0462_sp13,,unknown,,,-18;52;4;25
vectors/0503_x0463_pt104.bin,0503_x0463_pt104,,unknown,,,-13;78;12;-49
vectors/0504_x0464_nz25.bin,0504_x0464_nz25,,yes,,,-56;-3;122;-1
vectors/0505_x0465_ts-03.bin,0505_x0465_ts-03,,no,,,-50;36;-16;77
vectors/0506_x0466_sc235.bin,0506_x0466_sc235,,yes,,,-128;101;106;60
vectors/0507_x0467_mx025.bin,0507_x0467_mx025,,yes,,,-33;0;94;0
vectors/0508_x0468_g+016.bin,0508_x0468_g+016,,no,,,-128;85;83;127
vectors/0509_x0469_u-114.bin,0509_x0469_u-114,,no,,,-128;91;83;111
vectors/0510_x0470_sp21.bin,0510_x0470_sp21,,unknown,,,-43;47;9;38
vectors/0511_x0471_pt012.bin,0511_x0471_pt012,,unknown,,,-128;127;89;127
vectors/0512_x0472_nz33.bin,0512_x0472_nz33,,yes,,,-54;-3;118;-4
vectors/0513_x0473_ts+05.bin,0513_x0473_ts+05,,no,,,-82;38;2;87
vectors/0514_x0474_sc275.bin,0514_x0474_sc275,,yes,,,-128;104;108;64
vectors/0515_x0475_mx065.bin,0515_x0475_mx065,,yes,,,-7;7;51;7
vectors/0516_x0476_g-128.bin,0516_x0476_g-128,,unknown,,,-76;50;41;43
vectors/0517_x0477_u-128.bin,0517_x0477_u-128,,no,,,-128;96;89;112
vectors/0518_x0478_sp29.bin,0518_x0478_sp29,,unknown,,,-37;59;17;25
vectors/0519_x0479_pt220.bin,0519_x0479_pt220,,no,,,-128;72;78;127
vectors/0520_x0480_nz01.bin,0520_x0480_nz01,,yes,,,-50;-5;121;-5
vectors/0521_x0481_ts-11.bin,0521_x0481_ts-11,,no,,,-51;41;-18;96
vectors/0522_x0482_sc015.bin,0522_x0482_sc015,,no,,,-128;78;76;112
vectors/0523_x0483_mx000.bin,0523_x0483_mx000,,yes,,,-50;-5;121;-4
vectors/0524_x0484_g+000.bin,0524_x0484_g+000,,no,,,-128;78;95;98
vectors/0525_x0485_u-016.bin,0525_x0485_u-016,,no,,,-128;87;106;127
vectors/0526_x0486_sp07.bin,0526_x0486_sp07,,unknown,,,-14;36;17;11
vectors/0527_x0487_pt105.bin,0527_x0487_pt105,,unknown,,,-128;107;47;-3
vectors/0528_x0488_nz09.bin,0528_x0488_nz09,,yes,,,-52;-3;121;-3
vectors/0529_x0489_ts-03.bin,0529_x0489_ts-03,,no,,,-50;36;-16;77
vectors/0530_x0490_sc055.bin,0530_x0490_sc055,,no,,,-128;82;79;102
vectors/0531_x0491_mx040.bin,0531_x0491_mx040,,yes,,,-24;3;78;2
vectors/0532_x0492_g+128.bin,0532_x0492_g+128,,unknown,,,-128;127;127;127
vectors/0533_x0493_u-030.bin,0533_x0493_u-030,,no,,,-128;94;94;122
vectors/0534_x0494_sp15.bin,0534_x0494_sp15,,unknown,,,-28;28;23;28
vectors/0535_x0495_pt013.bin,0535_x0495_pt013,,yes,,,-128;32;127;127
vectors/0536_x0496_nz17.bin,0536_x0496_nz17,,yes,,,-47;-3;118;-5
vectors/0537_x0497_ts+05.bin,0537_x0497_ts+05,,no,,,-82;38;2;87
vectors/0538_x0498_sc095.bin,0538_x0498_sc095,,unknown,,,-128;89;86;85
vectors/0539_x0499_mx080.bin,0539_x0499_mx080,,yes,,,3;10;35;10
vectors/0540_x0500_g-016.bin,0540_x0500_g-016,,no,,,-128;49;81;91
vectors/0541_x0501_u-044.bin,0541_x0501_u-044,,no,,,-128;81;72;117
vectors/0542_x0502_sp23.bin,0542_x0502_sp23,,unknown,,,-47;59;18;34
vectors/0543_x0503_pt221.bin,0543_x0503_pt221,,no,,,-128;72;78;127
vectors/0544_x0504_nz25.bin,0544_x0504_nz25,,yes,,,-52;0;120;-7
vectors/0545_x0505_ts-11.bin,0545_x0505_ts-11,,no,,,-51;41;-18;96
vectors/0546_x0506_sc135.bin,0546_x0506_sc135,,unknown,,,-128;94;94;68
vectors/0547_x0507_mx015.bin,0547_x0507_mx015,,yes,,,-40;-2;105;-2
vectors/0548_x0508_g+112.bin,0548_x0508_g+112,,unknown,,,-128;127;127;127
vectors/0549_x0509_u-058.bin,0549_x0509_u-058,,no,,,-128;72;68;100
vectors/0550_x0510_sp01.bin,0550_x0510_sp01,,unknown,,,12;23;8;16
vectors/0551_x0511_pt106.bin,0551_x0511_pt106,,unknown,,,-128;127;75;63
vectors/0552_x0512_nz33.bin,0552_x0512_nz33,,yes,,,-52;-1;122;-6
vectors/0553_x0513_ts-03.bin,0553_x0513_ts-03,,no,,,-50;36;-16;77
vectors/0554_x0514_sc175.bin,0554_x0514_sc175,,yes,,,-128;95;100;59
vectors/0555_x0515_mx055.bin,0555_x0515_mx055,,yes,,,-13;5;62;5
vectors/0556_x0516_g-032.bin,0556_x0516_g-032,,no,,,-128;59;62;91
vectors/0557_x0517_u-072.bin,0557_x0517_u-072,,no,,,-128;65;70;77
vectors/0558_x0518_sp09.bin,0558_x0518_sp09,,no,,,-24;29;12;38
vectors/0559_x0519_pt014.bin,0559_x0519_pt014,,unknown,,,-128;127;40;127
vectors/0560_x0520_nz01.bin,0560_x0520_nz01,,yes,,,-50;-4;121;-5
vectors/0561_x0521_ts+05.bin,0561_x0521_ts+05,,no,,,-82;38;2;87
vectors/0562_x0522_sc215.bin,0562_x0522_sc215,,yes,,,-128;99;106;58
vectors/0563_x0523_mx095.bin,0563_x0523_mx095,,yes,,,13;12;19;13
vectors/0564_x0524_g+096.bin,0564_x0524_g+096,,yes,,,-128;119;127;127
vectors/0565_x0525_u-086.bin,0565_x0525_u-086,,no,,,-128;113;67;127
vectors/0566_x0526_sp17.bin,0566_x0526_sp17,,unknown,,,-42;38;17;16
vectors/0567_x0527_pt222.bin,0567_x0527_pt222,,no,,,-128;72;78;127
vectors/0568_x0528_nz09.bin,0568_x0528_nz09,,yes,,,-49;-4;121;-6
vectors/0569_x0529_ts-11.bin,0569_x0529_ts-11,,no,,,-51;41;-18;96
vectors/0570_x0530_sc254.bin,0570_x0530_sc254,,yes,,,-128;102;107;62
vectors/0571_x0531_mx030.bin,0571_x0531_mx030,,yes,,,-30;1;89;1
vectors/0572_x0532_g-048.bin,0572_x0532_g-048,,unknown,,,-128;80;63;76
vectors/0573_x0533_u-100.bin,0573_x0533_u-100,,no,,,-128;110;83;127
vectors/0574_x0534_sp25.bin,0574_x0534_sp25,,unknown,,,-79;44;24;44
vectors/0575_x0535_pt107.bin,0575_x0535_pt107,,unknown,,,-128;115;64;41
vectors/0576_x0536_nz17.bin,0576_x0536_nz17,,yes,,,-51;-3;121;-6
vectors/0577_x0537_ts-03.bin,0577_x0537_ts-03,,no,,,-50;36;-16;77
vectors/0578_x0538_sc295.bin,0578_x0538_sc295,,yes,,,-128;105;109;65
vectors/0579_x0539_mx070.bin,0579_x0539_mx070,,yes,,,-3;8;45;8
vectors/0580_x0540_g+080.bin,0580_x0540_g+080,,no,,,-128;116;119;127
vectors/0581_x0541_u-114.bin,0581_x0541_u-114,,yes,,,-128;82;88;86
vectors/0582_x0542_sp03.bin,0582_x0542_sp03,,unknown,,,-2;30;13;15
vectors/0583_x0543_pt015.bin,0583_x0543_pt015,,unknown,,,-128;127;94;127
vectors/0584_x0544_nz25.bin,0584_x0544_nz25,,yes,,,-51;3;120;-6
vectors/0585_x0545_ts+05.bin,0585_x0545_ts+05,,no,,,-82;38;2;87
vectors/0586_x0546_sc035.bin,0586_x0546_sc035,,no,,,-128;80;77;108
vectors/0587_x0547_mx005.bin,0587_x0547_mx005,,yes,,,-47;-3;116;-4
vectors/0588_x0548_g-064.bin,0588_x0548_g-064,,unknown,,,-128;74;69;63
vectors/0589_x0549_u-128.bin,0589_x0549_u-128,,yes,,,-128;68;71;69
vectors/0590_x0550_sp11.bin,0590_x0550_sp11,,unknown,,,-22;36;20;22
vectors/0591_x0551_pt223.bin,0591_x0551_pt223,,no,,,-128;72;78;127
vectors/0592_x0552_nz33.bin,0592_x0552_nz33,,yes,,,-61;0;125;-4
vectors/0593_x0553_ts-11.bin,0593_x0553_ts-11,,no,,,-51;41;-18;96
vectors/0594_x0554_sc075.bin,0594_x0554_sc075,,no,,,-128;85;82;94
vectors/0595_x0555_mx045.bin,0595_x0555_mx045,,yes,,,-20;3;73;3
vectors/0596_x0556_g+064.bin,0596_x0556_g+064,,no,,,-128;109;112;127
vectors/0597_x0557_u-016.bin,0597_x0557_u-016,,no,,,-128;87;86;127
vectors/0598_x0558_sp19.bin,0598_x0558_sp19,,unknown,,,-39;44;28;4
vectors/0599_x0559_pt108.bin,0599_x0559_pt108,,unknown,,,-128;127;33;54
vectors/0600_x0560_nz01.bin,0600_x0560_nz01,,yes,,,-50;-4;122;-5
vectors/0601_x0561_ts-03.bin,0601_x0561_ts-03,,no,,,-50;36;-16;77
vectors/0602_x0562_sc115.bin,0602_x0562_sc115,,unknown,,,-128;92;89;76
vectors/0603_x0563_mx085.bin,0603_x0563_mx085,,yes,,,6;10;30;11
vectors/0604_x0564_g-080.bin,0604_x0564_g-080,,no,,,-78;37;38;49
vectors/0605_x0565_u-030.bin,0605_x0565_u-030,,no,,,-128;82;81;114
vectors/0606_x0566_sp27.bin,0606_x0566_sp27,,unknown,,,-55;56;37;36
vectors/0607_x0567_pt016.bin,0607_x0567_pt016,,unknown,,,-128;127;104;127
vectors/0608_x0568_nz09.bin,0608_x0568_nz09,,yes,,,-49;-5;121;-6
vectors/0609_x0569_ts+05.bin,0609_x0569_ts+05,,no,,,-82;38;2;87
vectors/0610_x0570_sc155.bin,0610_x0570_sc155,,yes,,,-128;95;97;62
vectors/0611_x0571_mx020.bin,0611_x0571_mx020,,yes,,,-37;-1;100;-1
vectors/0612_x0572_g+048.bin,0612_x0572_g+048,,unknown,,,-128;122;116;118
vectors/0613_x0573_u-044.bin,0613_x0573_u-044,,no,,,-128;72;76;103
vectors/0614_x0574_sp05.bin,0614_x0574_sp05,,unknown,,,13;18;8;11
vectors/0615_x0575_pt201.bin,0615_x0575_pt201,,no,,,-128;72;78;127
vectors/0616_x0576_nz17.bin,0616_x0576_nz17,,yes,,,-57;-2;123;-2
vectors/0617_x0577_ts-11.bin,0617_x0577_ts-11,,no,,,-51;41;-18;96
vectors/0618_x0578_sc195.bin,0618_x0578_sc195,,yes,,,-128;97;103;58
vectors/0619_x0579_mx060.bin,0619_x0579_mx060,,yes,,,-10;6;56;6
vectors/0620_x0580_g-096.bin,0620_x0580_g-096,,yes,,,-49;30;32;32
vectors/0621_x0581_u-058.bin,0621_x0581_u-058,,no,,,-128;76;105;127
vectors/0622_x0582_sp13.bin,0622_x0582_sp13,,unknown,,,-15;33;17;18
vectors/0623_x0583_pt109.bin,0623_x0583_pt109,,unknown,,,-128;127;65;68
vectors/0624_x0584_nz25.bin,0624_x0584_nz25,,yes,,,-54;-3;123;-2
vectors/0625_x0585_ts-03.bin,0625_x0585_ts-03,,no,,,-50;36;-16;77
vectors/0626_x0586_sc235.bin,0626_x0586_sc235,,yes,,,-128;101;106;60
vectors/0627_x0587_mx100.bin,0627_x0587_mx100,,silence,,,14;14;14;14
vectors/0628_x0588_g+032.bin,0628_x0588_g+032,,no,,,-128;91;91;127
vectors/0629_x0589_u-072.bin,0629_x0589_u-072,,yes,,,-128;73;116;110
vectors/0630_x0590_sp21.bin,0630_x0590_sp21,,unknown,,,-64;61;47;10
vectors/0631_x0591_pt017.bin,0631_x0591_pt017,,unknown,,,-128;127;110;127
vectors/0632_x0592_nz33.bin,0632_x0592_nz33,,yes,,,-49;-1;119;-7
vectors/0633_x0593_ts+05.bin,0633_x0593_ts+05,,no,,,-82;38;2;87
vectors/0634_x0594_sc275.bin,0634_x0594_sc275,,yes,,,-128;104;108;64
vectors/0635_x0595_mx035.bin,0635_x0595_mx035,,yes,,,-27;2;84;2
vectors/0636_x0596_g-112.bin,0636_x0596_g-112,,unknown,,,-93;54;41;50
vectors/0637_x0597_u-086.bin,0637_x0597_u-086,,no,,,-128;109;74;127
vectors/0638_x0598_sp29.bin,0638_x0598_sp29,,unknown,,,-56;72;21;9
vectors/0639_x0599_pt202.bin,0639_x0599_pt202,,no,,,-128;72;78;127
vectors/0640_x0600_nz01.bin,0640_x0600_nz01,,yes,,,-50;-4;122;-5
vectors/0641_x0601_ts-11.bin,0641_x0601_ts-11,,no,,,-51;41;-18;96
vectors/0642_x0602_sc015.bin,0642_x0602_sc015,,no,,,-128;78;76;112
vectors/0643_x0603_mx075.bin,0643_x0603_mx075,,yes,,,0;9;40;9
vectors/0644_x0604_g+016.bin,0644_x0604_g+016,,no,,,-128;100;83;127
vectors/0645_x0605_u-100.bin,0645_x0605_u-100,,yes,,,-128;61;98;92
vectors/0646_x0606_sp07.bin,0646_x0606_sp07,,unknown,,,-14;31;21;17
vectors/0647_x0607_pt110.bin,0647_x0607_pt110,,unknown,,,-128;127;75;71
vectors/0648_x0608_nz09.bin,0648_x0608_nz09,,yes,,,-50;-3;120;-5
vectors/0649_x0609_ts-03.bin,0649_x0609_ts-03,,no,,,-50;36;-16;77
vectors/0650_x0610_sc055.bin,0650_x0610_sc055,,no,,,-128;82;79;102
vectors/0651_x0611_mx010.bin,0651_x0611_mx010,,yes,,,-44;-3;111;-3
vectors/0652_x0612_g-128.bin,0652_x0612_g-128,,silence,,,14;14;14;14
vectors/0653_x0613_u-114.bin,0653_x0613_u-114,,yes,,,-128;51;87;69
vectors/0654_x0614_sp15.bin,0654_x0614_sp15,,unknown,,,-45;47;10;35
vectors/0655_x0615_pt018.bin,0655_x0615_pt018,,unknown,,,-128;127;127;127
vectors/0656_x0616_nz17.bin,0656_x0616_nz17,,yes,,,-50;-5;122;-5
vectors/0657_x0617_ts+05.bin,0657_x0617_ts+05,,no,,,-82;38;2;87
vectors/0658_x0618_sc095.bin,0658_x0618_sc095,,unknown,,,-128;89;86;85
vectors/0659_x0619_mx050.bin,0659_x0619_mx050,,yes,,,-17;4;67;4
vectors/0660_x0620_g+000.bin,0660_x0620_g+000,,yes,,,-128;84;86;60
vectors/0661_x0621_u-128.bin,0661_x0621_u-128,,no,,,-128;45;55;56
vectors/0662_x0622_sp23.bin,0662_x0622_sp23,,unknown,,,-67;55;33;15
vectors/0663_x0623_pt203.bin,0663_x0623_pt203,,no,,,-128;72;78;127
vectors/0664_x0624_nz25.bin,0664_x0624_nz25,,yes,,,-50;-2;120;-4
vectors/0665_x0625_ts-11.bin,0665_x0625_ts-11,,no,,,-51;41;-18;96
vectors/0666_x0626_sc135.bin,0666_x0626_sc135,,unknown,,,-128;94;94;68
vectors/0667_x0627_mx090.bin,0667_x0627_mx090,,yes,,,9;12;24;12
vectors/0668_x0628_g+128.bin,0668_x0628_g+128,,no,,,-128;126;125;127
vectors/0669_x0629_u-016.bin,0669_x0629_u-016,,no,,,-128;78;80;114
vectors/0670_x0630_sp01.bin,0670_x0630_sp01,,yes,,,14;15;20;10
vectors/0671_x0631_pt111.bin,0671_x0631_pt111,,unknown,,,-128;119;55;62
vectors/0672_x0632_nz33.bin,0672_x0632_nz33,,yes,,,-57;0;126;-5
vectors/0673_x0633_ts-03.bin,0673_x0633_ts-03,,no,,,-50;36;-16;77
vectors/0674_x0634_sc175.bin,0674_x0634_sc175,,yes,,,-128;95;100;59
vectors/0675_x0635_mx025.bin,0675_x0635_mx025,,yes,,,-33;0;94;0
vectors/0676_x0636_g-016.bin,0676_x0636_g-016,,no,,,-128;66;69;101
vectors/0677_x0637_u-030.bin,0677_x0637_u-030,,no,,,-128;97;121;127
vectors/0678_x0638_sp09.bin,0678_x0638_sp09,,unknown,,,-24;34;13;27
vectors/0679_x0639_pt019.bin,0679_x0639_pt019,,unknown,,,-128;127;59;127
vectors/0680_x0640_nz01.bin,0680_x0640_nz01,,yes,,,-50;-4;121;-5
vectors/0681_x0641_ts+05.bin,0681_x0641_ts+05,,no,,,-82;38;2;87
vectors/0682_x0642_sc215.bin,0682_x0642_sc215,,yes,,,-128;99;106;58
vectors/0683_x0643_mx065.bin,0683_x0643_mx065,,yes,,,-7;7;51;7
vectors/0684_x0644_g+112.bin,0684_x0644_g+112,,yes,,,-128;109;127;127
vectors/0685_x0645_u-044.bin,0685_x0645_u-044,,no,,,-128;83;101;127
vectors/0686_x0646_sp17.bin,0686_x0646_sp17,,unknown,,,-41;51;27;32
vectors/0687_x0647_pt204.bin,0687_x0647_pt204,,no,,,-128;72;78;127
vectors/0688_x0648_nz09.bin,0688_x0648_nz09,,yes,,,-49;-3;122;-7
vectors/0689_x0649_ts-11.bin,0689_x0649_ts-11,,no,,,-51;41;-18;96
vectors/0690_x0650_sc254.bin,0690_x0650_sc254,,yes,,,-128;102;107;62
vectors/0691_x0651_mx000.bin,0691_x0651_mx000,,yes,,,-50;-5;121;-4
vectors/0692_x0652_g-032.bin,0692_x0652_g-032,,no,,,-128;50;72;78
vectors/0693_x0653_u-058.bin,0693_x0653_u-058,,no,,,-128;87;101;127
vectors/0694_x0654_sp25.bin,0694_x0654_sp25,,unknown,,,-80;55;25;30
vectors/0695_x0655_pt112.bin,0695_x0655_pt112,,unknown,,,-128;111;33;51
vectors/0696_x0656_nz17.bin,0696_x0656_nz17,,yes,,,-51;-2;122;-6
vectors/0697_x0657_ts-03.bin,0697_x0657_ts-03,,no,,,-50;36;-16;77
vectors/0698_x0658_sc295.bin,0698_x0658_sc295,,yes,,,-128;105;109;65
vectors/0699_x0659_mx040.bin,0699_x0659_mx040,,yes,,,-24;3;78;2
vectors/0700_x0660_g+096.bin,0700_x0660_g+096,,no,,,-128;125;123;127
vectors/0701_x0661_u-072.bin,0701_x0661_u-072,,no,,,-128;79;85;105
vectors/0702_x0662_sp03.bin,0702_x0662_sp03,,unknown,,,-16;32;15;26
vectors/0703_x0663_pt020.bin,0703_x0663_pt020,,unknown,,,-128;127;87;127
vectors/0704_x0664_nz25.bin,0704_x0664_nz25,,yes,,,-50;-1;120;-11
vectors/0705_x0665_ts+05.bin,0705_x0665_ts+05,,no,,,-82;38;2;87
vectors/0706_x0666_sc035.bin,0706_x0666_sc035,,no,,,-128;80;77;108
vectors/0707_x0667_mx080.bin,0707_x0667_mx080,,yes,,,3;10;35;10
vectors/0708_x0668_g-048.bin,0708_x0668_g-048,,unknown,,,-128;65;57;53
vectors/0709_x0669_u-086.bin,0709_x0669_u-086,,no,,,-128;73;81;109
vectors/0710_x0670_sp11.bin,0710_x0670_sp11,,no,,,-21;30;11;31
vectors/0711_x0671_pt205.bin,0711_x0671_pt205,,no,,,-128;72;78;127
vectors/0712_x0672_nz33.bin,0712_x0672_nz33,,yes,,,-58;5;118;-4
vectors/0713_x0673_ts-11.bin,0713_x0673_ts-11,,no,,,-51;41;-18;96
vectors/0714_x0674_sc075.bin,0714_x0674_sc075,,no,,,-128;85;82;94
vectors/0715_x0675_mx015.bin,0715_x0675_mx015,,yes,,,-40;-2;105;-2
vectors/0716_x0676_g+080.bin,0716_x0676_g+080,,no,,,-128;120;123;127
vectors/0717_x0677_u-100.bin,0717_x0677_u-100,,unknown,,,-128;67;66;60
vectors/0718_x0678_sp19.bin,0718_x0678_sp19,,unknown,,,-9;48;-2;29
vectors/0719_x0679_pt113.bin,0719_x0679_pt113,,unknown,,,-128;123;61;79
vectors/0720_x0680_nz01.bin,0720_x0680_nz01,,yes,,,-50;-4;121;-5
vectors/0721_x0681_ts-03.bin,0721_x0681_ts-03,,no,,,-50;36;-16;77
vectors/0722_x0682_sc115.bin,0722_x0682_sc115,,unknown,,,-128;92;89;76
vectors/0723_x0683_mx055.bin,0723_x0683_mx055,,yes,,,-13;5;62;5
vectors/0724_x0684_g-064.bin,0724_x0684_g-064,,no,,,-110;42;46;64
vectors/0725_x0685_u-114.bin,0725_x0685_u-114,,no,,,-128;70;63;87
vectors/0726_x0686_sp27.bin,0726_x0686_sp27,,unknown,,,-33;76;4;16
vectors/0727_x0687_pt021.bin,0727_x0687_pt021,,unknown,,,-128;127;81;127
vectors/0728_x0688_nz09.bin,0728_x0688_nz09,,yes,,,-49;-4;121;-4
vectors/0729_x0689_ts+05.bin,0729_x0689_ts+05,,no,,,-82;38;2;87
vectors/0730_x0690_sc155.bin,0730_x0690_sc155,,yes,,,-128;95;97;62
vectors/0731_x0691_mx095.bin,0731_x0691_mx095,,yes,,,13;12;19;13
vectors/0732_x0692_g+064.bin,0732_x0692_g+064,,no,,,-128;101;125;127
vectors/0733_x0693_u-128.bin,0733_x0693_u-128,,yes,,,-128;63;93;90
vectors/0734_x0694_sp05.bin,0734_x0694_sp05,,unknown,,,-11;42;18;13
vectors/0735_x0695_pt206.bin,0735_x0695_pt206,,no,,,-128;72;78;127
vectors/0736_x0696_nz17.bin,0736_x0696_nz17,,yes,,,-54;0;121;-4
vectors/0737_x0697_ts-11.bin,0737_x0697_ts-11,,no,,,-51;41;-18;96
vectors/0738_x0698_sc195.bin,0738_x0698_sc195,,yes,,,-128;97;103;58
vectors/0739_x0699_mx030.bin,0739_x0699_mx030,,yes,,,-30;1;89;1
vectors/0740_x0700_g-080.bin,0740_x0700_g-080,,no,,,-96;54;42;56
vectors/0741_x0701_u-016.bin,0741_x0701_u-016,,no,,,-128;107;113;127
vectors/0742_x0702_sp13.bin,0742_x0702_sp13,,unknown,,,-10;38;13;22
vectors/0743_x0703_pt114.bin,0743_x0703_pt114,,unknown,,,-128;127;68;93
vectors/0744_x0704_nz25.bin,0744_x0704_nz25,,yes,,,-59;0;125;-1
vectors/0745_x0705_ts-03.bin,0745_x0705_ts-03,,no,,,-50;36;-16;77
vectors/0746_x0706_sc235.bin,0746_x0706_sc235,,yes,,,-128;101;106;60
vectors/0747_x0707_mx070.bin,0747_x0707_mx070,,yes,,,-3;8;45;8
vectors/0748_x0708_g+048.bin,0748_x0708_g+048,,no,,,-128;100;101;127
vectors/0749_x0709_u-030.bin,0749_x0709_u-030,,no,,,-128;93;111;127
vectors/0750_x0710_sp21.bin,0750_x0710_sp21,,yes,,,-60;24;43;26
vectors/0751_x0711_pt022.bin,0751_x0711_pt022,,unknown,,,-128;127;102;127
vectors/0752_x0712_nz33.bin,0752_x0712_nz33,,yes,,,-56;-6;127;-1
vectors/0753_x0713_ts+05.bin,0753_x0713_ts+05,,no,,,-82;38;2;87
vectors/0754_x0714_sc275.bin,0754_x0714_sc275,,yes,,,-128;104;108;64
vectors/0755_x0715_mx005.bin,0755_x0715_mx005,,yes,,,-47;-3;116;-4
vectors/0756_x0716_g-096.bin,0756_x0716_g-096,,unknown,,,-128;90;43;81
vectors/0757_x0717_u-044.bin,0757_x0717_u-044,,no,,,-128;80;96;114
vectors/0758_x0718_sp29.bin,0758_x0718_sp29,,unknown,,,-33;51;14;30
vectors/0759_x0719_pt207.bin,0759_x0719_pt207,,no,,,-128;72;78;127
vectors/0760_x0720_nz01.bin,0760_x0720_nz01,,yes,,,-50;-4;122;-4
vectors/0761_x0721_ts-11.bin,0761_x0721_ts-11,,no,,,-51;41;-18;96
vectors/0762_x0722_sc015.bin,0762_x0722_sc015,,no,,,-128;78;76;112
vectors/0763_x0723_mx045.bin,0763_x0723_mx045,,yes,,,-20;3;73;3
vectors/0764_x0724_g+032.bin,0764_x0724_g+032,,no,,,-128;105;81;127
vectors/0765_x0725_u-058.bin,0765_x0725_u-058,,yes,,,-128;78;93;93
vectors/0766_x0726_sp07.bin,0766_x0726_sp07,,unknown,,,6;37;5;12
vectors/0767_x0727_pt115.bin,0767_x0727_pt115,,unknown,,,-128;126;76;84
vectors/0768_x0728_nz09.bin,0768_x0728_nz09,,yes,,,-50;-4;120;-5
vectors/0769_x0729_ts-03.bin,0769_x0729_ts-03,,no,,,-50;36;-16;77
vectors/0770_x0730_sc055.bin,0770_x0730_sc055,,no,,,-128;82;79;102
vectors/0771_x0731_mx085.bin,0771_x0731_mx085,,yes,,,6;10;30;11
vectors/0772_x0732_g-112.bin,0772_x0732_g-112,,no,,,-13;20;21;26
vectors/0773_x0733_u-072.bin,0773_x0733_u-072,,no,,,-128;78;77;104
vectors/0774_x0734_sp15.bin,0774_x0734_sp15,,unknown,,,-17;42;8;23
vectors/0775_x0735_pt023.bin,0775_x0735_pt023,,unknown,,,-128;127;68;127
vectors/0776_x0736_nz17.bin,0776_x0736_nz17,,yes,,,-51;-2;122;-5
vectors/0777_x0737_ts+05.bin,0777_x0737_ts+05,,no,,,-82;38;2;87
vectors/0778_x0738_sc095.bin,0778_x0738_sc095,,unknown,,,-128;89;86;85
vectors/0779_x0739_mx020.bin,0779_x0739_mx020,,yes,,,-37;-1;100;-1
vectors/0780_x0740_g+016.bin,0780_x0740_g+016,,no,,,-128;83;116;127
vectors/0781_x0741_u-086.bin,0781_x0741_u-086,,no,,,-128;61;83;90
vectors/0782_x0742_sp23.bin,0782_x0742_sp23,,unknown,,,-4;35;2;13
vectors/0783_x0743_pt208.bin,0783_x0743_pt208,,no,,,-128;72;78;127
vectors/0784_x0744_nz25.bin,0784_x0744_nz25,,yes,,,-59;-2;123;-1
vectors/0785_x0745_ts-11.bin,0785_x0745_ts-11,,no,,,-51;41;-18;96
vectors/0786_x0746_sc135.bin,0786_x0746_sc135,,unknown,,,-128;94;94;68
vectors/0787_x0747_mx060.bin,0787_x0747_mx060,,yes,,,-10;6;56;6
vectors/0788_x0748_g-128.bin,0788_x0748_g-128,,unknown,,,-24;28;22;17
vectors/0789_x0749_u-100.bin,0789_x0749_u-100,,no,,,-128;98;72;127
vectors/0790_x0750_sp01.bin,0790_x0750_sp01,,unknown,,,9;18;11;15
vectors/0791_x0751_pt116.bin,0791_x0751_pt116,,unknown,,,-128;125;81;94
vectors/0792_x0752_nz33.bin,0792_x0752_nz33,,yes,,,-55;-2;119;-3
vectors/0793_x0753_ts-03.bin,0793_x0753_ts-03,,no,,,-50;36;-16;77
vectors/0794_x0754_sc175.bin,0794_x0754_sc175,,yes,,,-128;95;100;59
vectors/0795_x0755_mx100.bin,0795_x0755_mx100,,silence,,,14;14;14;14
vectors/0796_x0756_g+000.bin,0796_x0756_g+000,,no,,,-128;76;77;114
vectors/0797_x0757_u-114.bin,0797_x0757_u-114,,no,,,-128;77;90;93
vectors/0798_x0758_sp09.bin,0798_x0758_sp09,,unknown,,,-20;35;18;28
vectors/0799_x0759_pt001.bin,0799_x0759_pt001,,silence,,,127;-119;-112;-18
vectors/0800_x0760_nz01.bin,0800_x0760_nz01,,yes,,,-50;-4;121;-5
vectors/0801_x0761_ts+05.bin,0801_x0761_ts+05,,no,,,-82;38;2;87
vectors/0802_x0762_sc215.bin,0802_x0762_sc215,,yes,,,-128;99;106;58
vectors/0803_x0763_mx035.bin,0803_x0763_mx035,,yes,,,-27;2;84;2
vectors/0804_x0764_g+128.bin,0804_x0764_g+128,,yes,,,-128;123;127;127
vectors/0805_x0765_u-128.bin,0805_x0765_u-128,,yes,,,-128;85;92;81
vectors/0806_x0766_sp17.bin,0806_x0766_sp17,,unknown,,,-55;55;23;38
vectors/0807_x0767_pt209.bin,0807_x0767_pt209,,no,,,-128;72;78;127
vectors/0808_x0768_nz09.bin,0808_x0768_nz09,,yes,,,-50;-4;121;-5
vectors/0809_x0769_ts-11.bin,0809_x0769_ts-11,,no,,,-51;41;-18;96
vectors/0810_x0770_sc254.bin,0810_x0770_sc254,,yes,,,-128;102;107;62
vectors/0811_x0771_mx075.bin,0811_x0771_mx075,,yes,,,0;9;40;9
vectors/0812_x0772_g-016.bin,0812_x0772_g-016,,no,,,-128;74;79;119
vectors/0813_x0773_u-016.bin,0813_x0773_u-016,,no,,,-128;100;94;127
vectors/0814_x0774_sp25.bin,0814_x0774_sp25,,unknown,,,-68;47;32;29
vectors/0815_x0775_pt117.bin,0815_x0775_pt117,,unknown,,,-128;122;90;92
vectors/0816_x0776_nz17.bin,0816_x0776_nz17,,yes,,,-54;0;121;-3
vectors/0817_x0777_ts-03.bin,0817_x0777_ts-03,,no,,,-50;36;-16;77
vectors/0818_x0778_sc295.bin,0818_x0778_sc295,,yes,,,-128;105;109;65
vectors/0819_x0779_mx010.bin,0819_x0779_mx010,,yes,,,-44;-3;111;-3
vectors/0820_x0780_g+112.bin,0820_x0780_g+112,,unknown,,,-128;127;127;127
vectors/0821_x0781_u-030.bin,0821_x0781_u-030,,no,,,-128;80;79;125
vectors/0822_x0782_sp03.bin,0822_x0782_sp03,,unknown,,,-6;31;12;20
vectors/0823_x0783_pt002.bin,0823_x0783_pt002,,yes,,,-128;119;127;25
vectors/0824_x0784_nz25.bin,0824_x0784_nz25,,yes,,,-53;-2;122;-7
vectors/0825_x0785_ts+05.bin,0825_x0785_ts+05,,no,,,-82;38;2;87
vectors/0826_x0786_sc035.bin,0826_x0786_sc035,,no,,,-128;80;77;108
vectors/0827_x0787_mx050.bin,0827_x0787_mx050,,yes,,,-17;4;67;4
vectors/0828_x0788_g-032.bin,0828_x0788_g-032,,unknown,,,-128;105;71;93
vectors/0829_x0789_u-044.bin,0829_x0789_u-044,,no,,,-128;78;80;116
vectors/0830_x0790_sp11.bin,0830_x0790_sp11,,unknown,,,-28;44;24;21
vectors/0831_x0791_pt210.bin,0831_x0791_pt210,,no,,,-128;72;78;127
vectors/0832_x0792_nz33.bin,0832_x0792_nz33,,yes,,,-55;2;122;-5
vectors/0833_x0793_ts-11.bin,0833_x0793_ts-11,,no,,,-51;41;-18;96
vectors/0834_x0794_sc075.bin,0834_x0794_sc075,,no,,,-128;85;82;94
vectors/0835_x0795_mx090.bin,0835_x0795_mx090,,yes,,,9;12;24;12
vectors/0836_x0796_g+096.bin,0836_x0796_g+096,,yes,,,-128;105;127;127
vectors/0837_x0797_u-058.bin,0837_x0797_u-058,,no,,,-128;57;78;86
vectors/0838_x0798_sp19.bin,0838_x0798_sp19,,unknown,,,-45;59;20;14
vectors/0839_x0799_pt118.bin,0839_x0799_pt118,,unknown,,,-128;125;89;87
vectors/0840_x0800_nz01.bin,0840_x0800_nz01,,yes,,,-50;-4;121;-4
vectors/0841_x0801_ts-03.bin,0841_x0801_ts-03,,no,,,-50;36;-16;77
vectors/0842_x0802_sc115.bin,0842_x0802_sc115,,unknown,,,-128;92;89;76
vectors/0843_x0803_mx025.bin,0843_x0803_mx025,,yes,,,-33;0;94;0
vectors/0844_x0804_g-048.bin,0844_x0804_g-048,,no,,,-128;52;52;75
vectors/0845_x0805_u-072.bin,0845_x0805_u-072,,no,,,-128;79;116;127
vectors/0846_x0806_sp27.bin,0846_x0806_sp27,,unknown,,,-64;58;14;37
vectors/0847_x0807_pt003.bin,0847_x0807_pt003,,unknown,,,24;34;-4;-21
vectors/0848_x0808_nz09.bin,0848_x0808_nz09,,yes,,,-50;-5;121;-6
vectors/0849_x0809_ts+05.bin,0849_x0809_ts+05,,no,,,-82;38;2;87
vectors/0850_x0810_sc155.bin,0850_x0810_sc155,,yes,,,-128;95;97;62
vectors/0851_x0811_mx065.bin,0851_x0811_mx065,,yes,,,-7;7;51;7
vectors/0852_x0812_g+080.bin,0852_x0812_g+080,,yes,,,-128;126;127;127
vectors/0853_x0813_u-086.bin,0853_x0813_u-086,,no,,,-128;98;115;127
vectors/0854_x0814_sp05.bin,0854_x0814_sp05,,unknown,,,-4;26;18;12
vectors/0855_x0815_pt211.bin,0855_x0815_pt211,,no,,,-128;72;78;127
vectors/0856_x0816_nz17.bin,0856_x0816_nz17,,yes,,,-51;-4;122;-6
vectors/0857_x0817_ts-11.bin,0857_x0817_ts-11,,no,,,-51;41;-18;96
vectors/0858_x0818_sc195.bin,0858_x0818_sc195,,yes,,,-128;97;103;58
vectors/0859_x0819_mx000.bin,0859_x0819_mx000,,yes,,,-50;-5;121;-4
vectors/0860_x0820_g-064.bin,0860_x0820_g-064,,unknown,,,-128;63;62;61
vectors/0861_x0821_u-100.bin,0861_x0821_u-100,,unknown,,,-128;113;70;109
vectors/0862_x0822_sp13.bin,0862_x0822_sp13,,unknown,,,-6;33;0;21
vectors/0863_x0823_pt119.bin,0863_x0823_pt119,,unknown,,,-128;114;85;83
vectors/0864_x0824_nz25.bin,0864_x0824_nz25,,yes,,,-53;-2;119;-4
vectors/0865_x0825_ts-03.bin,0865_x0825_ts-03,,no,,,-50;36;-16;77
vectors/0866_x0826_sc235.bin,0866_x0826_sc235,,yes,,,-128;101;106;60
vectors/0867_x0827_mx040.bin,0867_x0827_mx040,,yes,,,-24;3;78;2
vectors/0868_x0828_g+064.bin,0868_x0828_g+064,,no,,,-128;108;110;127
vectors/0869_x0829_u-114.bin,0869_x0829_u-114,,yes,,,-128;77;79;66
vectors/0870_x0830_sp21.bin,0870_x0830_sp21,,unknown,,,6;37;1;8
vectors/0871_x0831_pt004.bin,0871_x0831_pt004,,unknown,,,-128;127;127;22
vectors/0872_x0832_nz33.bin,0872_x0832_nz33,,yes,,,-59;-3;118;-4
vectors/0873_x0833_ts+05.bin,0873_x0833_ts+05,,no,,,-82;38;2;87
vectors/0874_x0834_sc275.bin,0874_x0834_sc275,,yes,,,-128;104;108;64
vectors/0875_x0835_mx080.bin,0875_x0835_mx080,,yes,,,3;10;35;10
vectors/0876_x0836_g-080.bin,0876_x0836_g-080,,yes,,,-128;56;68;58
vectors/0877_x0837_u-128.bin,0877_x0837_u-128,,yes,,,-128;62;86;63
vectors/0878_x0838_sp29.bin,0878_x0838_sp29,,unknown,,,-59;59;10;48
vectors/0879_x0839_pt212.bin,0879_x0839_pt212,,no,,,-128;72;78;127
vectors/0880_x0840_nz01.bin,0880_x0840_nz01,,yes,,,-50;-4;121;-5
vectors/0881_x0841_ts-11.bin,0881_x0841_ts-11,,no,,,-51;41;-18;96
vectors/0882_x0842_sc015.bin,0882_x0842_sc015,,no,,,-128;78;76;112
vectors/0883_x0843_mx015.bin,0883_x0843_mx015,,yes,,,-40;-2;105;-2
vectors/0884_x0844_g+048.bin,0884_x0844_g+048,,no,,,-128;108;103;127
vectors/0885_x0845_u-016.bin,0885_x0845_u-016,,no,,,-128;84;84;116
vectors/0886_x0846_sp07.bin,0886_x0846_sp07,,no,,,-21;28;13;36
vectors/0887_x0847_pt120.bin,0887_x0847_pt120,,unknown,,,-128;109;75;75
vectors/0888_x0848_nz09.bin,0888_x0848_nz09,,yes,,,-51;-3;123;-5
vectors/0889_x0849_ts-03.bin,0889_x0849_ts-03,,no,,,-50;36;-16;77
vectors/0890_x0850_sc055.bin,0890_x0850_sc055,,no,,,-128;82;79;102
vectors/0891_x0851_mx055.bin,0891_x0851_mx055,,yes,,,-13;5;62;5
vectors/0892_x0852_g-096.bin,0892_x0852_g-096,,no,,,-41;26;28;35
vectors/0893_x0853_u-030.bin,0893_x0853_u-030,,no,,,-128;74;75;104
vectors/0894_x0854_sp15.bin,0894_x0854_sp15,,unknown,,,-42;45;13;28
vectors/0895_x0855_pt005.bin,0895_x0855_pt005,,unknown,,,-128;127;27;127
vectors/0896_x0856_nz17.bin,0896_x0856_nz17,,yes,,,-52;-3;118;-2
vectors/0897_x0857_ts+05.bin,0897_x0857_ts+05,,no,,,-82;38;2;87
vectors/0898_x0858_sc095.bin,0898_x0858_sc095,,unknown,,,-128;89;86;85
vectors/0899_x0859_mx095.bin,0899_x0859_mx095,,yes,,,13;12;19;13
vectors/0900_x0860_g+032.bin,0900_x0860_g+032,,unknown,,,-128;127;102;127
vectors/0901_x0861_u-044.bin,0901_x0861_u-044,,no,,,-128;90;100;127
vectors/0902_x0862_sp23.bin,0902_x0862_sp23,,unknown,,,-55;57;17;28
vectors/0903_x0863_pt213.bin,0903_x0863_pt213,,no,,,-128;72;78;127
vectors/0904_x0864_nz25.bin,0904_x0864_nz25,,yes,,,-52;-1;119;-6
vectors/0905_x0865_ts-11.bin,0905_x0865_ts-11,,no,,,-51;41;-18;96
vectors/0906_x0866_sc135.bin,0906_x0866_sc135,,unknown,,,-128;94;94;68
vectors/0907_x0867_mx030.bin,0907_x0867_mx030,,yes,,,-30;1;89;1
vectors/0908_x0868_g-112.bin,0908_x0868_g-112,,yes,,,-60;32;44;36
vectors/0909_x0869_u-058.bin,0909_x0869_u-058,,no,,,-128;97;99;127
vectors/0910_x0870_sp01.bin,0910_x0870_sp01,,yes,,,6;16;20;10
vectors/0911_x0871_pt121.bin,0911_x0871_pt121,,unknown,,,-128;100;68;68
vectors/0912_x0872_nz33.bin,0912_x0872_nz33,,yes,,,-51;1;119;-8
vectors/0913_x0873_ts-03.bin,0913_x0873_ts-03,,no,,,-50;36;-16;77
vectors/0914_x0874_sc175.bin,0914_x0874_sc175,,yes,,,-128;95;100;59
vectors/0915_x0875_mx070.bin,0915_x0875_mx070,,yes,,,-3;8;45;8
vectors/0916_x0876_g+016.bin,0916_x0876_g+016,,no,,,-128;83;88;125
vectors/0917_x0877_u-072.bin,0917_x0877_u-072,,no,,,-128;68;86;114
vectors/0918_x0878_sp09.bin,0918_x0878_sp09,,unknown,,,-10;34;10;18
vectors/0919_x0879_pt006.bin,0919_x0879_pt006,,unknown,,,-128;127;127;127
vectors/0920_x0880_nz01.bin,0920_x0880_nz01,,yes,,,-50;-4;121;-5
vectors/0921_x0881_ts+05.bin,0921_x0881_ts+05,,no,,,-82;38;2;87
vectors/0922_x0882_sc215.bin,0922_x0882_sc215,,yes,,,-128;99;106;58
vectors/0923_x0883_mx005.bin,0923_x0883_mx005,,yes,,,-47;-3;116;-4
vectors/0924_x0884_g-128.bin,0924_x0884_g-128,,yes,,,-51;40;59;4
vectors/0925_x0885_u-086.bin,0925_x0885_u-086,,no,,,-128;66;89;91
vectors/0926_x0886_sp17.bin,0926_x0886_sp17,,unknown,,,-27;30;5;28
vectors/0927_x0887_pt214.bin,0927_x0887_pt214,,no,,,-128;72;78;127
vectors/0928_x0888_nz09.bin,0928_x0888_nz09,,yes,,,-49;-2;120;-5
vectors/0929_x0889_ts-11.bin,0929_x0889_ts-11,,no,,,-51;41;-18;96
vectors/0930_x0890_sc254.bin,0930_x0890_sc254,,yes,,,-128;102;107;62
vectors/0931_x0891_mx045.bin,0931_x0891_mx045,,yes,,,-20;3;73;3
vectors/0932_x0892_g+000.bin,0932_x0892_g+000,,no,,,-128;94;90;123
vectors/0933_x0893_u-100.bin,0933_x0893_u-100,,yes,,,-128;51;81;68
vectors/0934_x0894_sp25.bin,0934_x0894_sp25,,unknown,,,-25;56;3;17
vectors/0935_x0895_pt122.bin,0935_x0895_pt122,,unknown,,,-128;100;49;60
vectors/0936_x0896_nz17.bin,0936_x0896_nz17,,yes,,,-49;-2;117;-3
vectors/0937_x0897_ts-03.bin,0937_x0897_ts-03,,no,,,-50;36;-16;77
vectors/0938_x0898_sc295.bin,0938_x0898_sc295,,yes,,,-128;105;109;65
vectors/0939_x0899_mx085.bin,0939_x0899_mx085,,yes,,,6;10;30;11
vectors/0940_x0900_g+128.bin,0940_x0900_g+128,,unknown,,,-128;127;127;127
vectors/0941_x0901_u-114.bin,0941_x0901_u-114,,no,,,-128;59;74;99
vectors/0942_x0902_sp03.bin,0942_x0902_sp03,,unknown,,,3;22;18;12
vectors/0943_x0903_pt007.bin,0943_x0903_pt007,,unknown,,,-128;127;127;113
vectors/0944_x0904_nz25.bin,0944_x0904_nz25,,yes,,,-57;4;120;-1
vectors/0945_x0905_ts+05.bin,0945_x0905_ts+05,,no,,,-82;38;2;87
vectors/0946_x0906_sc035.bin,0946_x0906_sc035,,no,,,-128;80;77;108
vectors/0947_x0907_mx020.bin,0947_x0907_mx020,,yes,,,-37;-1;100;-1
vectors/0948_x0908_g-016.bin,0948_x0908_g-016,,no,,,-128;82;67;109
vectors/0949_x0909_u-128.bin,0949_x0909_u-128,,yes,,,-128;65;74;53
vectors/0950_x0910_sp11.bin,0950_x0910_sp11,,unknown,,,-18;39;13;5
vectors/0951_x0911_pt215.bin,0951_x0911_pt215,,no,,,-128;72;78;127
vectors/0952_x0912_nz33.bin,0952_x0912_nz33,,yes,,,-53;-2;118;-5
vectors/0953_x0913_ts-11.bin,0953_x0913_ts-11,,no,,,-51;41;-18;96
vectors/0954_x0914_sc075.bin,0954_x0914_sc075,,no,,,-128;85;82;94
vectors/0955_x0915_mx060.bin,0955_x0915_mx060,,yes,,,-10;6;56;6
vectors/0956_x0916_g+112.bin,0956_x0916_g+112,,unknown,,,-128;127;127;127
vectors/0957_x0917_u-016.bin,0957_x0917_u-016,,yes,,,-128;95;127;127
vectors/0958_x0918_sp19.bin,0958_x0918_sp19,,unknown,,,-15;45;17;20
vectors/0959_x0919_pt123.bin,0959_x0919_pt123,,unknown,,,-125;99;43;61
vectors/0960_x0920_nz01.bin,0960_x0920_nz01,,yes,,,-50;-4;122;-5
vectors/0961_x0921_ts-03.bin,0961_x0921_ts-03,,no,,,-50;36;-16;77
vectors/0962_x0922_sc115.bin,0962_x0922_sc115,,unknown,,,-128;92;89;76
vectors/0963_x0923_mx100.bin,0963_x0923_mx100,,silence,,,14;14;14;14
vectors/0964_x0924_g-032.bin,0964_x0924_g-032,,no,,,-128;60;62;87
vectors/0965_x0925_u-030.bin,0965_x0925_u-030,,no,,,-128;93;115;127
vectors/0966_x0926_sp27.bin,0966_x0926_sp27,,unknown,,,-27;45;20;10
vectors/0967_x0927_pt008.bin,0967_x0927_pt008,,unknown,,,-128;127;127;127
vectors/0968_x0928_nz09.bin,0968_x0928_nz09,,yes,,,-51;-4;122;-5
vectors/0969_x0929_ts+05.bin,0969_x0929_ts+05,,no,,,-82;38;2;87
vectors/0970_x0930_sc155.bin,0970_x0930_sc155,,yes,,,-128;95;97;62
vectors/0971_x0931_mx035.bin,0971_x0931_mx035,,yes,,,-27;2;84;2
vectors/0972_x0932_g+096.bin,0972_x0932_g+096,,unknown,,,-128;127;127;127
vectors/0973_x0933_u-044.bin,0973_x0933_u-044,,no,,,-128;87;101;119
vectors/0974_x0934_sp05.bin,0974_x0934_sp05,,unknown,,,-8;31;24;-2
vectors/0975_x0935_pt216.bin,0975_x0935_pt216,,no,,,-128;72;78;127
vectors/0976_x0936_nz17.bin,0976_x0936_nz17,,yes,,,-53;-6;122;-2
vectors/0977_x0937_ts-11.bin,0977_x0937_ts-11,,no,,,-51;41;-18;96
vectors/0978_x0938_sc195.bin,0978_x0938_sc195,,yes,,,-128;97;103;58
vectors/0979_x0939_mx075.bin,0979_x0939_mx075,,yes,,,0;9;40;9
vectors/0980_x0940_g-048.bin,0980_x0940_g-048,,no,,,-124;50;44;63
vectors/0981_x0941_u-058.bin,0981_x0941_u-058,,no,,,-128;85;90;127
vectors/0982_x0942_sp13.bin,0982_x0942_sp13,,no,,,-21;22;5;38
vectors/0983_x0943_pt101.bin,0983_x0943_pt101,,yes,,,-128;48;96;63
vectors/0984_x0944_nz25.bin,0984_x0944_nz25,,yes,,,-53;-4;119;-4
vectors/0985_x0945_ts-03.bin,0985_x0945_ts-03,,no,,,-50;36;-16;77
vectors/0986_x0946_sc235.bin,0986_x0946_sc235,,yes,,,-128;101;106;60
vectors/0987_x0947_mx010.bin,0987_x0947_mx010,,yes,,,-44;-3;111;-3
vectors/0988_x0948_g+080.bin,0988_x0948_g+080,,no,,,-128;118;115;127
vectors/0989_x0949_u-072.bin,0989_x0949_u-072,,no,,,-128;62;98;121
vectors/0990_x0950_sp21.bin,0990_x0950_sp21,,unknown,,,-45;57;19;8
vectors/0991_x0951_pt009.bin,0991_x0951_pt009,,unknown,,,-128;127;127;127
vectors/0992_x0952_nz33.bin,0992_x0952_nz33,,yes,,,-51;-3;120;-5
vectors/0993_x0953_ts+05.bin,0993_x0953_ts+05,,no,,,-82;38;2;87
vectors/0994_x0954_sc275.bin,0994_x0954_sc275,,yes,,,-128;104;108;64
vectors/0995_x0955_mx050.bin,0995_x0955_mx050,,yes,,,-17;4;67;4
vectors/0996_x0956_g-064.bin,0996_x0956_g-064,,yes,,,-128;55;63;57
vectors/0997_x0957_u-086.bin,0997_x0957_u-086,,no,,,-128;69;85;86
vectors/0998_x0958_sp29.bin,0998_x0958_sp29,,unknown,,,-27;51;23;11
vectors/0999_x0959_pt217.bin,0999_x0959_pt217,,no,,,-128;72;78;127
vectors/1000_x0960_nz01.bin,1000_x0960_nz01,,yes,,,-50;-4;121;-4
vectors/1001_x0961_ts-11.bin,1001_x0961_ts-11,,no,,,-51;41;-18;96
vectors/1002_x0962_sc015.bin,1002_x0962_sc015,,no,,,-128;78;76;112
vectors/1003_x0963_mx090.bin,1003_x0963_mx090,,yes,,,9;12;24;12
vectors/1004_x0964_g+064.bin,1004_x0964_g+064,,no,,,-128;126;124;127
vectors/1005_x0965_u-100.bin,1005_x0965_u-100,,no,,,-128;52;67;73
vectors/1006_x0966_sp07.bin,1006_x0966_sp07,,unknown,,,-18;42;10;27
vectors/1007_x0967_pt102.bin,1007_x0967_pt102,,unknown,,,-95;91;51;27
vectors/1008_x0968_nz09.bin,1008_x0968_nz09,,yes,,,-51;-4;121;-3
vectors/1009_x0969_ts-03.bin,1009_x0969_ts-03,,no,,,-50;36;-16;77
vectors/1010_x0970_sc055.bin,1010_x0970_sc055,,no,,,-128;82;79;102
vectors/1011_x0971_mx025.bin,1011_x0971_mx025,,yes,,,-33;0;94;0
vectors/1012_x0972_g-080.bin,1012_x0972_g-080,,no,,,-78;35;37;50
vectors/1013_x0973_u-114.bin,1013_x0973_u-114,,no,,,-128;111;100;120
vectors/1014_x0974_sp15.bin,1014_x0974_sp15,,unknown,,,-55;52;33;34
vectors/1015_x0975_pt010.bin,1015_x0975_pt010,,unknown,,,-128;127;48;127
vectors/1016_x0976_nz17.bin,1016_x0976_nz17,,yes,,,-57;-3;123;-4
vectors/1017_x0977_ts+05.bin,1017_x0977_ts+05,,no,,,-82;38;2;87
vectors/1018_x0978_sc095.bin,1018_x0978_sc095,,unknown,,,-128;89;86;85
vectors/1019_x0979_mx065.bin,1019_x0979_mx065,,yes,,,-7;7;51;7
vectors/1020_x0980_g+048.bin,1020_x0980_g+048,,unknown,,,-128;127;88;127
vectors/1021_x0981_u-128.bin,1021_x0981_u-128,,yes,,,-128;90;102;89
vectors/1022_x0982_sp23.bin,1022_x0982_sp23,,unknown,,,-52;49;12;35
vectors/1023_x0983_pt218.bin,1023_x0983_pt218,,no,,,-128;72;78;127
vectors/1024_x0984_nz25.bin,1024_x0984_nz25,,yes,,,-49;-3;121;-9
vectors/1025_x0985_ts-11.bin,1025_x0985_ts-11,,no,,,-51;41;-18;96
vectors/1026_x0986_sc135.bin,1026_x0986_sc135,,unknown,,,-128;94;94;68
vectors/1027_x0987_mx000.bin,1027_x0987_mx000,,yes,,,-50;-5;121;-4
vectors/1028_x0988_g-096.bin,1028_x0988_g-096,,unknown,,,-80;43;38;42
vectors/1029_x0989_u-016.bin,1029_x0989_u-016,,no,,,-128;100;96;127
vectors/1030_x0990_sp01.bin,1030_x0990_sp01,,silence,,,21;10;13;12
vectors/1031_x0991_pt103.bin,1031_x0991_pt103,,silence,,,66;39;-22;-98
vectors/1032_x0992_nz33.bin,1032_x0992_nz33,,yes,,,-42;-8;122;-12
vectors/1033_x0993_ts-03.bin,1033_x0993_ts-03,,no,,,-50;36;-16;77
vectors/1034_x0994_sc175.bin,1034_x0994_sc175,,yes,,,-128;95;100;59
vectors/1035_x0995_mx040.bin,1035_x0995_mx040,,yes,,,-24;3;78;2
vectors/1036_x0996_g+032.bin,1036_x0996_g+032,,no,,,-128;90;94;127
vectors/1037_x0997_u-030.bin,1037_x0997_u-030,,no,,,-128;88;103;127
vectors/1038_x0998_sp09.bin,1038_x0998_sp09,,unknown,,,-19;48;9;22
vectors/1039_x0999_pt011.bin,1039_x0999_pt011,,unknown,,,-128;127;93;127
vectors/1040_x1000_nz01.bin,1040_x1000_nz01,,yes,,,-50;-4;121;-5
vectors/1041_x1001_ts+05.bin,1041_x1001_ts+05,,no,,,-82;38;2;87
vectors/1042_x1002_sc215.bin,1042_x1002_sc215,,yes,,,-128;99;106;58
vectors/1043_x1003_mx080.bin,1043_x1003_mx080,,yes,,,3;10;35;10
vectors/1044_x1004_g-112.bin,1044_x1004_g-112,,yes,,,-113;35;75;49
vectors/1045_x1005_u-044.bin,1045_x1005_u-044,,no,,,-128;91;78;105
vectors/1046_x1006_sp17.bin,1046_x1006_sp17,,unknown,,,-9;27;12;25
vectors/1047_x1007_pt219.bin,1047_x1007_pt219,,no,,,-128;72;78;127
vectors/1048_x1008_nz09.bin,1048_x1008_nz09,,yes,,,-51;-4;122;-5
vectors/1049_x1009_ts-11.bin,1049_x1009_ts-11,,no,,,-51;41;-18;96
vectors/1050_x1010_sc254.bin,1050_x1010_sc254,,yes,,,-128;102;107;62
vectors/1051_x1011_mx015.bin,1051_x1011_mx015,,yes,,,-40;-2;105;-2
vectors/1052_x1012_g+016.bin,1052_x1012_g+016,,no,,,-128;89;87;113
vectors/1053_x1013_u-058.bin,1053_x1013_u-058,,no,,,-128;73;86;112
vectors/1054_x1014_sp25.bin,1054_x1014_sp25,,unknown,,,-44;50;23;28
vectors/1055_x1015_pt104.bin,1055_x1015_pt104,,unknown,,,-13;78;12;-49
vectors/1056_x1016_nz17.bin,1056_x1016_nz17,,yes,,,-50;-5;123;-6
vectors/1057_x1017_ts-03.bin,1057_x1017_ts-03,,no,,,-50;36;-16;77
vectors/1058_x1018_sc295.bin,1058_x1018_sc295,,yes,,,-128;105;109;65
vectors/1059_x1019_mx055.bin,1059_x1019_mx055,,yes,,,-13;5;62;5
vectors/1060_x1020_g-128.bin,1060_x1020_g-128,,yes,,,13;14;15;13
vectors/1061_x1021_u-072.bin,1061_x1021_u-072,,no,,,-128;62;70;92
vectors/1062_x1022_sp03.bin,1062_x1022_sp03,,unknown,,,3;25;16;13
vectors/1063_x1023_pt012.bin,1063_x1023_pt012,,unknown,,,-128;127;89;127
vectors/1064_x1024_nz25.bin,1064_x1024_nz25,,yes,,,-48;-1;119;-7
vectors/1065_x1025_ts+05.bin,1065_x1025_ts+05,,no,,,-82;38;2;87
vectors/1066_x1026_sc035.bin,1066_x1026_sc035,,no,,,-128;80;77;108
vectors/1067_x1027_mx095.bin,1067_x1027_mx095,,yes,,,13;12;19;13
vectors/1068_x1028_g+000.bin,1068_x1028_g+000,,no,,,-128;96;100;122
vectors/1069_x1029_u-086.bin,1069_x1029_u-086,,yes,,,-128;87;127;94
vectors/1070_x1030_sp11.bin,1070_x1030_sp11,,unknown,,,-28;33;22;21
vectors/1071_x1031_pt220.bin,1071_x1031_pt220,,no,,,-128;72;78;127
vectors/1072_x1032_nz33.bin,1072_x1032_nz33,,yes,,,-58;0;122;-6
vectors/1073_x1033_ts-11.bin,1073_x1033_ts-11,,no,,,-51;41;-18;96
vectors/1074_x1034_sc075.bin,1074_x1034_sc075,,no,,,-128;85;82;94
vectors/1075_x1035_mx030.bin,1075_x1035_mx030,,yes,,,-30;1;89;1
vectors/1076_x1036_g+128.bin,1076_x1036_g+128,,unknown,,,-128;127;123;127
vectors/1077_x1037_u-100.bin,1077_x1037_u-100,,no,,,-128;90;88;110
vectors/1078_x1038_sp19.bin,1078_x1038_sp19,,unknown,,,-23;65;12;1
vectors/1079_x1039_pt105.bin,1079_x1039_pt105,,unknown,,,-128;107;47;-3
vectors/1080_x1040_nz01.bin,1080_x1040_nz01,,yes,,,-50;-4;121;-5
vectors/1081_x1041_ts-03.bin,1081_x1041_ts-03,,no,,,-50;36;-16;77
vectors/1082_x1042_sc115.bin,1082_x1042_sc115,,unknown,,,-128;92;89;76
vectors/1083_x1043_mx070.bin,1083_x1043_mx070,,yes,,,-3;8;45;8
vectors/1084_x1044_g-016.bin,1084_x1044_g-016,,no,,,-128;68;72;100
vectors/1085_x1045_u-114.bin,1085_x1045_u-114,,no,,,-128;78;86;90
vectors/1086_x1046_sp27.bin,1086_x1046_sp27,,unknown,,,-29;41;13;19
vectors/1087_x1047_pt013.bin,1087_x1047_pt013,,yes,,,-128;32;127;127
vectors/1088_x1048_nz09.bin,1088_x1048_nz09,,yes,,,-49;-5;121;-7
vectors/1089_x1049_ts+05.bin,1089_x1049_ts+05,,no,,,-82;38;2;87
vectors/1090_x1050_sc155.bin,1090_x1050_sc155,,yes,,,-128;95;97;62
vectors/1091_x1051_mx005.bin,1091_x1051_mx005,,yes,,,-47;-3;116;-4
vectors/1092_x1052_g+112.bin,1092_x1052_g+112,,unknown,,,-128;127;127;127
vectors/1093_x1053_u-128.bin,1093_x1053_u-128,,yes,,,-128;76;79;64
vectors/1094_x1054_sp05.bin,1094_x1054_sp05,,unknown,,,4;25;15;19
vectors/1095_x1055_pt221.bin,1095_x1055_pt221,,no,,,-128;72;78;127
vectors/1096_x1056_nz17.bin,1096_x1056_nz17,,yes,,,-48;-5;121;-8
vectors/1097_x1057_ts-11.bin,1097_x1057_ts-11,,no,,,-51;41;-18;96
vectors/1098_x1058_sc195.bin,1098_x1058_sc195,,yes,,,-128;97;103;58
vectors/1099_x1059_mx045.bin,1099_x1059_mx045,,yes,,,-20;3;73;3
vectors/1100_x1060_g-032.bin,1100_x1060_g-032,,unknown,,,-128;81;73;75
vectors/1101_x1061_u-016.bin,1101_x1061_u-016,,no,,,-128;85;98;127
vectors/1102_x1062_sp13.bin,1102_x1062_sp13,,unknown,,,-44;46;24;27
vectors/1103_x1063_pt106.bin,1103_x1063_pt106,,unknown,,,-128;127;75;63
vectors/1104_x1064_nz25.bin,1104_x1064_nz25,,yes,,,-54;1;122;-4
vectors/1105_x1065_ts-03.bin,1105_x1065_ts-03,,no,,,-50;36;-16;77
vectors/1106_x1066_sc235.bin,1106_x1066_sc235,,yes,,,-128;101;106;60
vectors/1107_x1067_mx085.bin,1107_x1067_mx085,,yes,,,6;10;30;11
vectors/1108_x1068_g+096.bin,1108_x1068_g+096,,unknown,,,-128;127;123;127
vectors/1109_x1069_u-030.bin,1109_x1069_u-030,,no,,,-128;78;84;108
vectors/1110_x1070_sp21.bin,1110_x1070_sp21,,unknown,,,-72;74;19;30
vectors/1111_x1071_pt014.bin,1111_x1071_pt014,,unknown,,,-128;127;40;127
vectors/1112_x1072_nz33.bin,1112_x1072_nz33,,yes,,,-51;-2;125;-4
vectors/1113_x1073_ts+05.bin,1113_x1073_ts+05,,no,,,-82;38;2;87
vectors/1114_x1074_sc275.bin,1114_x1074_sc275,,yes,,,-128;104;108;64
vectors/1115_x1075_mx020.bin,1115_x1075_mx020,,yes,,,-37;-1;100;-1
vectors/1116_x1076_g-048.bin,1116_x1076_g-048,,no,,,-128;78;67;94
vectors/1117_x1077_u-044.bin,1117_x1077_u-044,,no,,,-128;73;86;97
vectors/1118_x1078_sp29.bin,1118_x1078_sp29,,unknown,,,-52;66;14;32
vectors/1119_x1079_pt222.bin,1119_x1079_pt222,,no,,,-128;72;78;127
vectors/1120_x1080_nz01.bin,1120_x1080_nz01,,yes,,,-50;-4;122;-5
vectors/1121_x1081_ts-11.bin,1121_x1081_ts-11,,no,,,-51;41;-18;96
vectors/1122_x1082_sc015.bin,1122_x1082_sc015,,no,,,-128;78;76;112
vectors/1123_x1083_mx060.bin,1123_x1083_mx060,,yes,,,-10;6;56;6
vectors/1124_x1084_g+080.bin,1124_x1084_g+080,,no,,,-128;100;124;127
vectors/1125_x1085_u-058.bin,1125_x1085_u-058,,no,,,-128;103;115;126
vectors/1126_x1086_sp07.bin,1126_x1086_sp07,,yes,,,-11;20;21;14
vectors/1127_x1087_pt107.bin,1127_x1087_pt107,,unknown,,,-128;115;64;41
vectors/1128_x1088_nz09.bin,1128_x1088_nz09,,yes,,,-50;-4;121;-5
vectors/1129_x1089_ts-03.bin,1129_x1089_ts-03,,no,,,-50;36;-16;77
vectors/1130_x1090_sc055.bin,1130_x1090_sc055,,no,,,-128;82;79;102
vectors/1131_x1091_mx100.bin,1131_x1091_mx100,,silence,,,14;14;14;14
vectors/1132_x1092_g-064.bin,1132_x1092_g-064,,no,,,-111;45;46;63
vectors/1133_x1093_u-072.bin,1133_x1093_u-072,,no,,,-128;82;109;118
vectors/1134_x1094_sp15.bin,1134_x1094_sp15,,unknown,,,-56;49;34;29
vectors/1135_x1095_pt015.bin,1135_x1095_pt015,,unknown,,,-128;127;94;127
vectors/1136_x1096_nz17.bin,1136_x1096_nz17,,yes,,,-51;-1;118;-6
vectors/1137_x1097_ts+05.bin,1137_x1097_ts+05,,no,,,-82;38;2;87
vectors/1138_x1098_sc095.bin,1138_x1098_sc095,,unknown,,,-128;89;86;85
vectors/1139_x1099_mx035.bin,1139_x1099_mx035,,yes,,,-27;2;84;2
vectors/1140_x1100_g+064.bin,1140_x1100_g+064,,yes,,,-128;108;127;127
vectors/1141_x1101_u-086.bin,1141_x1101_u-086,,no,,,-128;80;75;92
vectors/1142_x1102_sp23.bin,1142_x1102_sp23,,unknown,,,-63;45;26;33
vectors/1143_x1103_pt223.bin,1143_x1103_pt223,,no,,,-128;72;78;127
vectors/1144_x1104_nz25.bin,1144_x1104_nz25,,yes,,,-50;-3;121;-9
vectors/1145_x1105_ts-11.bin,1145_x1105_ts-11,,no,,,-51;41;-18;96
vectors/1146_x1106_sc135.bin,1146_x1106_sc135,,unknown,,,-128;94;94;68
vectors/1147_x1107_mx075.bin,1147_x1107_mx075,,yes,,,0;9;40;9
vectors/1148_x1108_g-080.bin,1148_x1108_g-080,,unknown,,,-77;41;39;36
vectors/1149_x1109_u-100.bin,1149_x1109_u-100,,no,,,-128;72;87;110
vectors/1150_x1110_sp01.bin,1150_x1110_sp01,,yes,,,11;14;17;14
vectors/1151_x1111_pt108.bin,1151_x1111_pt108,,unknown,,,-128;127;33;54
vectors/1152_x1112_nz33.bin,1152_x1112_nz33,,yes,,,-52;-2;117;-4
vectors/1153_x1113_ts-03.bin,1153_x1113_ts-03,,no,,,-50;36;-16;77
vectors/1154_x1114_sc175.bin,1154_x1114_sc175,,yes,,,-128;95;100;59
vectors/1155_x1115_mx010.bin,1155_x1115_mx010,,yes,,,-44;-3;111;-3
vectors/1156_x1116_g+048.bin,1156_x1116_g+048,,no,,,-128;100;100;127
vectors/1157_x1117_u-114.bin,1157_x1117_u-114,,yes,,,-128;71;82;77
vectors/1158_x1118_sp09.bin,1158_x1118_sp09,,unknown,,,-15;37;10;18
vectors/1159_x1119_pt016.bin,1159_x1119_pt016,,unknown,,,-128;127;104;127
vectors/1160_x1120_nz01.bin,1160_x1120_nz01,,yes,,,-50;-4;121;-4
vectors/1161_x1121_ts+05.bin,1161_x1121_ts+05,,no,,,-82;38;2;87
vectors/1162_x1122_sc215.bin,1162_x1122_sc215,,yes,,,-128;99;106;58
vectors/1163_x1123_mx050.bin,1163_x1123_mx050,,yes,,,-17;4;67;4
vectors/1164_x1124_g-096.bin,1164_x1124_g-096,,unknown,,,-118;65;47;54
vectors/1165_x1125_u-128.bin,1165_x1125_u-128,,no,,,-128;60;64;74
vectors/1166_x1126_sp17.bin,1166_x1126_sp17,,unknown,,,-34;52;28;5
vectors/1167_x1127_pt201.bin,1167_x1127_pt201,,no,,,-128;72;78;127
vectors/1168_x1128_nz09.bin,1168_x1128_nz09,,yes,,,-49;-3;121;-5
vectors/1169_x1129_ts-11.bin,1169_x1129_ts-11,,no,,,-51;41;-18;96
vectors/1170_x1130_sc254.bin,1170_x1130_sc254,,yes,,,-128;102;107;62
vectors/1171_x1131_mx090.bin,1171_x1131_mx090,,yes,,,9;12;24;12
vectors/1172_x1132_g+032.bin,1172_x1132_g+032,,no,,,-128;92;102;127
vectors/1173_x1133_u-016.bin,1173_x1133_u-016,,no,,,-128;81;79;119
vectors/1174_x1134_sp25.bin,1174_x1134_sp25,,unknown,,,-64;56;13;47
vectors/1175_x1135_pt109.bin,1175_x1135_pt109,,unknown,,,-128;127;65;68
vectors/1176_x1136_nz17.bin,1176_x1136_nz17,,yes,,,-52;-5;124;-4
vectors/1177_x1137_ts-03.bin,1177_x1137_ts-03,,no,,,-50;36;-16;77
vectors/1178_x1138_sc295.bin,1178_x1138_sc295,,yes,,,-128;105;109;65
vectors/1179_x1139_mx025.bin,1179_x1139_mx025,,yes,,,-33;0;94;0
vectors/1180_x1140_g-112.bin,1180_x1140_g-112,,no,,,-13;20;22;24
vectors/1181_x1141_u-030.bin,1181_x1141_u-030,,no,,,-128;96;117;127
vectors/1182_x1142_sp03.bin,1182_x1142_sp03,,unknown,,,17;19;9;14
vectors/1183_x1143_pt017.bin,1183_x1143_pt017,,unknown,,,-128;127;110;127
vectors/1184_x1144_nz25.bin,1184_x1144_nz25,,yes,,,-53;0;122;-9
vectors/1185_x1145_ts+05.bin,1185_x1145_ts+05,,no,,,-82;38;2;87
vectors/1186_x1146_sc035.bin,1186_x1146_sc035,,no,,,-128;80;77;108
vectors/1187_x1147_mx065.bin,1187_x1147_mx065,,yes,,,-7;7;51;7
vectors/1188_x1148_g+016.bin,1188_x1148_g+016,,yes,,,-128;82;127;127
vectors/1189_x1149_u-044.bin,1189_x1149_u-044,,no,,,-128;98;99;127
vectors/1190_x1150_sp11.bin,1190_x1150_sp11,,unknown,,,-44;49;17;21
vectors/1191_x1151_pt202.bin,1191_x1151_pt202,,no,,,-128;72;78;127
vectors/1192_x1152_nz33.bin,1192_x1152_nz33,,yes,,,-60;3;113;3
vectors/1193_x1153_ts-11.bin,1193_x1153_ts-11,,no,,,-51;41;-18;96
vectors/1194_x1154_sc075.bin,1194_x1154_sc075,,no,,,-128;85;82;94
vectors/1195_x1155_mx000.bin,1195_x1155_mx000,,yes,,,-50;-5;121;-4
vectors/1196_x1156_g-128.bin,1196_x1156_g-128,,no,,,-40;30;26;36
vectors/1197_x1157_u-058.bin,1197_x1157_u-058,,no,,,-128;82;109;110
vectors/1198_x1158_sp19.bin,1198_x1158_sp19,,unknown,,,0;34;18;17
vectors/1199_x1159_pt110.bin,1199_x1159_pt110,,unknown,,,-128;127;75;71
vectors/1200_x1160_nz01.bin,1200_x1160_nz01,,yes,,,-50;-4;121;-4
vectors/1201_x1161_ts-03.bin,1201_x1161_ts-03,,no,,,-50;36;-16;77
vectors/1202_x1162_sc115.bin,1202_x1162_sc115,,unknown,,,-128;92;89;76
vectors/1203_x1163_mx040.bin,1203_x1163_mx040,,yes,,,-24;3;78;2
vectors/1204_x1164_g+000.bin,1204_x1164_g+000,,no,,,-128;81;76;113
vectors/1205_x1165_u-072.bin,1205_x1165_u-072,,no,,,-128;82;72;115
vectors/1206_x1166_sp27.bin,1206_x1166_sp27,,unknown,,,-50;60;28;31
vectors/1207_x1167_pt018.bin,1207_x1167_pt018,,unknown,,,-128;127;127;127
vectors/1208_x1168_nz09.bin,1208_x1168_nz09,,yes,,,-51;-3;122;-4
vectors/1209_x1169_ts+05.bin,1209_x1169_ts+05,,no,,,-82;38;2;87
vectors/1210_x1170_sc155.bin,1210_x1170_sc155,,yes,,,-128;95;97;62
vectors/1211_x1171_mx080.bin,1211_x1171_mx080,,yes,,,3;10;35;10
vectors/1212_x1172_g+128.bin,1212_x1172_g+128,,unknown,,,-128;127;127;127
vectors/1213_x1173_u-086.bin,1213_x1173_u-086,,no,,,-128;75;76;98
vectors/1214_x1174_sp05.bin,1214_x1174_sp05,,yes,,,-17;19;24;23
vectors/1215_x1175_pt203.bin,1215_x1175_pt203,,no,,,-128;72;78;127
vectors/1216_x1176_nz17.bin,1216_x1176_nz17,,yes,,,-53;-2;123;-5
vectors/1217_x1177_ts-11.bin,1217_x1177_ts-11,,no,,,-51;41;-18;96
vectors/1218_x1178_sc195.bin,1218_x1178_sc195,,yes,,,-128;97;103;58
vectors/1219_x1179_mx015.bin,1219_x1179_mx015,,yes,,,-40;-2;105;-2
vectors/1220_x1180_g-016.bin,1220_x1180_g-016,,no,,,-128;68;76;107
vectors/1221_x1181_u-100.bin,1221_x1181_u-100,,no,,,-128;63;72;85
vectors/1222_x1182_sp13.bin,1222_x1182_sp13,,unknown,,,-43;53;16;32
vectors/1223_x1183_pt111.bin,1223_x1183_pt111,,unknown,,,-128;119;55;62
vectors/1224_x1184_nz25.bin,1224_x1184_nz25,,yes,,,-54;-1;124;-6
vectors/1225_x1185_ts-03.bin,1225_x1185_ts-03,,no,,,-50;36;-16;77
vectors/1226_x1186_sc235.bin,1226_x1186_sc235,,yes,,,-128;101;106;60
vectors/1227_x1187_mx055.bin,1227_x1187_mx055,,yes,,,-13;5;62;5
vectors/1228_x1188_g+112.bin,1228_x1188_g+112,,unknown,,,-128;127;127;127
vectors/1229_x1189_u-114.bin,1229_x1189_u-114,,no,,,-128;56;72;80
vectors/1230_x1190_sp21.bin,1230_x1190_sp21,,unknown,,,-52;54;36;34
vectors/1231_x1191_pt019.bin,1231_x1191_pt019,,unknown,,,-128;127;59;127
vectors/1232_x1192_nz33.bin,1232_x1192_nz33,,yes,,,-49;-4;124;-8
vectors/1233_x1193_ts+05.bin,1233_x1193_ts+05,,no,,,-82;38;2;87
vectors/1234_x1194_sc275.bin,1234_x1194_sc275,,yes,,,-128;104;108;64
vectors/1235_x1195_mx095.bin,1235_x1195_mx095,,yes,,,13;12;19;13
vectors/1236_x1196_g-032.bin,1236_x1196_g-032,,yes,,,-128;52;96;67
vectors/1237_x1197_u-128.bin,1237_x1197_u-128,,no,,,-128;110;81;127
vectors/1238_x1198_sp29.bin,1238_x1198_sp29,,yes,,,-72;34;46;18
vectors/1239_x1199_pt204.bin,1239_x1199_pt204,,no,,,-128;72;78;127
vectors/1240_x1200_nz01.bin,1240_x1200_nz01,,yes,,,-50;-4;121;-5
vectors/1241_x1201_ts-11.bin,1241_x1201_ts-11,,no,,,-51;41;-18;96
vectors/1242_x1202_sc015.bin,1242_x1202_sc015,,no,,,-128;78;76;112
vectors/1243_x1203_mx030.bin,1243_x1203_mx030,,yes,,,-30;1;89;1
vectors/1244_x1204_g+096.bin,1244_x1204_g+096,,unknown,,,-128;127;127;127
vectors/1245_x1205_u-016.bin,1245_x1205_u-016,,no,,,-128;109;107;127
vectors/1246_x1206_sp07.bin,1246_x1206_sp07,,no,,,-16;28;1;29
vectors/1247_x1207_pt112.bin,1247_x1207_pt112,,unknown,,,-128;111;33;51
vectors/1248_x1208_nz09.bin,1248_x1208_nz09,,yes,,,-48;-4;121;-5
vectors/1249_x1209_ts-03.bin,1249_x1209_ts-03,,no,,,-50;36;-16;77
vectors/1250_x1210_sc055.bin,1250_x1210_sc055,,no,,,-128;82;79;102
vectors/1251_x1211_mx070.bin,1251_x1211_mx070,,yes,,,-3;8;45;8
vectors/1252_x1212_g-048.bin,1252_x1212_g-048,,no,,,-128;52;53;75
vectors/1253_x1213_u-030.bin,1253_x1213_u-030,,no,,,-128;95;115;127
vectors/1254_x1214_sp15.bin,1254_x1214_sp15,,unknown,,,-33;42;29;12
vectors/1255_x1215_pt020.bin,1255_x1215_pt020,,unknown,,,-128;127;87;127
vectors/1256_x1216_nz17.bin,1256_x1216_nz17,,yes,,,-51;-4;123;-6
vectors/1257_x1217_ts+05.bin,1257_x1217_ts+05,,no,,,-82;38;2;87
vectors/1258_x1218_sc095.bin,1258_x1218_sc095,,unknown,,,-128;89;86;85
vectors/1259_x1219_mx005.bin,1259_x1219_mx005,,yes,,,-47;-3;116;-4
vectors/1260_x1220_g+080.bin,1260_x1220_g+080,,yes,,,-128;121;124;117
vectors/1261_x1221_u-044.bin,1261_x1221_u-044,,no,,,-128;77;105;123
vectors/1262_x1222_sp23.bin,1262_x1222_sp23,,unknown,,,-41;58;8;31
vectors/1263_x1223_pt205.bin,1263_x1223_pt205,,no,,,-128;72;78;127
vectors/1264_x1224_nz25.bin,1264_x1224_nz25,,yes,,,-52;-3;121;-6
vectors/1265_x1225_ts-11.bin,1265_x1225_ts-11,,no,,,-51;41;-18;96
vectors/1266_x1226_sc135.bin,1266_x1226_sc135,,unknown,,,-128;94;94;68
vectors/1267_x1227_mx045.bin,1267_x1227_mx045,,yes,,,-20;3;73;3
vectors/1268_x1228_g-064.bin,1268_x1228_g-064,,no,,,-128;56;57;66
vectors/1269_x1229_u-058.bin,1269_x1229_u-058,,no,,,-128;82;86;115
vectors/1270_x1230_sp01.bin,1270_x1230_sp01,,no,,,11;17;12;18
vectors/1271_x1231_pt113.bin,1271_x1231_pt113,,unknown,,,-128;123;61;79
vectors/1272_x1232_nz33.bin,1272_x1232_nz33,,yes,,,-49;2;120;-4
vectors/1273_x1233_ts-03.bin,1273_x1233_ts-03,,no,,,-50;36;-16;77
vectors/1274_x1234_sc175.bin,1274_x1234_sc175,,yes,,,-128;95;100;59
vectors/1275_x1235_mx085.bin,1275_x1235_mx085,,yes,,,6;10;30;11
vectors/1276_x1236_g+064.bin,1276_x1236_g+064,,no,,,-128;109;109;127
vectors/1277_x1237_u-072.bin,1277_x1237_u-072,,no,,,-128;74;72;86
vectors/1278_x1238_sp09.bin,1278_x1238_sp09,,unknown,,,-31;32;24;21
vectors/1279_x1239_pt021.bin,1279_x1239_pt021,,unknown,,,-128;127;81;127
vectors/1280_x1240_nz01.bin,1280_x1240_nz01,,yes,,,-50;-4;121;-4
vectors/1281_x1241_ts+05.bin,1281_x1241_ts+05,,no,,,-82;38;2;87
vectors/1282_x1242_sc215.bin,1282_x1242_sc215,,yes,,,-128;99;106;58
vectors/1283_x1243_mx020.bin,1283_x1243_mx020,,yes,,,-37;-1;100;-1
vectors/1284_x1244_g-080.bin,1284_x1244_g-080,,yes,,,-116;49;70;23
vectors/1285_x1245_u-086.bin,1285_x1245_u-086,,no,,,-128;73;65;85
vectors/1286_x1246_sp17.bin,1286_x1246_sp17,,unknown,,,-32;45;26;27
vectors/1287_x1247_pt206.bin,1287_x1247_pt206,,no,,,-128;72;78;127
vectors/1288_x1248_nz09.bin,1288_x1248_nz09,,yes,,,-50;-3;121;-5
vectors/1289_x1249_ts-11.bin,1289_x1249_ts-11,,no,,,-51;41;-18;96
vectors/1290_x1250_sc254.bin,1290_x1250_sc254,,yes,,,-128;102;107;62
vectors/1291_x1251_mx060.bin,1291_x1251_mx060,,yes,,,-10;6;56;6
vectors/1292_x1252_g+048.bin,1292_x1252_g+048,,no,,,-128;102;119;127
vectors/1293_x1253_u-100.bin,1293_x1253_u-100,,yes,,,-128;86;115;113
vectors/1294_x1254_sp25.bin,1294_x1254_sp25,,no,,,-70;54;3;57
vectors/1295_x1255_pt114.bin,1295_x1255_pt114,,unknown,,,-128;127;68;93
vectors/1296_x1256_nz17.bin,1296_x1256_nz17,,yes,,,-50;-1;122;-4
vectors/1297_x1257_ts-03.bin,1297_x1257_ts-03,,no,,,-50;36;-16;77
vectors/1298_x1258_sc295.bin,1298_x1258_sc295,,yes,,,-128;105;109;65
vectors/1299_x1259_mx100.bin,1299_x1259_mx100,,silence,,,14;14;14;14
vectors/1300_x1260_g-096.bin,1300_x1260_g-096,,no,,,-45;27;31;36
vectors/1301_x1261_u-114.bin,1301_x1261_u-114,,yes,,,-128;66;109;106
vectors/1302_x1262_sp03.bin,1302_x1262_sp03,,unknown,,,-1;26;16;18
vectors/1303_x1263_pt022.bin,1303_x1263_pt022,,unknown,,,-128;127;102;127
vectors/1304_x1264_nz25.bin,1304_x1264_nz25,,yes,,,-50;-4;123;-7
vectors/1305_x1265_ts+05.bin,1305_x1265_ts+05,,no,,,-82;38;2;87
vectors/1306_x1266_sc035.bin,1306_x1266_sc035,,no,,,-128;80;77;108
vectors/1307_x1267_mx035.bin,1307_x1267_mx035,,yes,,,-27;2;84;2
vectors/1308_x1268_g+032.bin,1308_x1268_g+032,,yes,,,-128;103;108;102
vectors/1309_x1269_u-128.bin,1309_x1269_u-128,,no,,,-128;92;88;115
vectors/1310_x1270_sp11.bin,1310_x1270_sp11,,no,,,-24;33;15;36
vectors/1311_x1271_pt207.bin,1311_x1271_pt207,,no,,,-128;72;78;127
vectors/1312_x1272_nz33.bin,1312_x1272_nz33,,yes,,,-51;-2;123;-7
vectors/1313_x1273_ts-11.bin,1313_x1273_ts-11,,no,,,-51;41;-18;96
vectors/1314_x1274_sc075.bin,1314_x1274_sc075,,no,,,-128;85;82;94
vectors/1315_x1275_mx075.bin,1315_x1275_mx075,,yes,,,0;9;40;9
vectors/1316_x1276_g-112.bin,1316_x1276_g-112,,unknown,,,-20;29;26;15
vectors/1317_x1277_u-016.bin,1317_x1277_u-016,,no,,,-128;84;88;127
vectors/1318_x1278_sp19.bin,1318_x1278_sp19,,unknown,,,-49;61;19;28
vectors/1319_x1279_pt115.bin,1319_x1279_pt115,,unknown,,,-128;126;76;84
vectors/1320_x1280_nz01.bin,1320_x1280_nz01,,yes,,,-50;-4;121;-5
vectors/1321_x1281_ts-03.bin,1321_x1281_ts-03,,no,,,-50;36;-16;77
vectors/1322_x1282_sc115.bin,1322_x1282_sc115,,unknown,,,-128;92;89;76
vectors/1323_x1283_mx010.bin,1323_x1283_mx010,,yes,,,-44;-3;111;-3
vectors/1324_x1284_g+016.bin,1324_x1284_g+016,,no,,,-128;84;83;127
vectors/1325_x1285_u-030.bin,1325_x1285_u-030,,no,,,-128;83;74;123
vectors/1326_x1286_sp27.bin,1326_x1286_sp27,,unknown,,,-76;81;27;37
vectors/1327_x1287_pt023.bin,1327_x1287_pt023,,unknown,,,-128;127;68;127
vectors/1328_x1288_nz09.bin,1328_x1288_nz09,,yes,,,-53;-2;123;-5
vectors/1329_x1289_ts+05.bin,1329_x1289_ts+05,,no,,,-82;38;2;87
vectors/1330_x1290_sc155.bin,1330_x1290_sc155,,yes,,,-128;95;97;62
vectors/1331_x1291_mx050.bin,1331_x1291_mx050,,yes,,,-17;4;67;4
vectors/1332_x1292_g-128.bin,1332_x1292_g-128,,yes,,,-61;37;40;22
vectors/1333_x1293_u-044.bin,1333_x1293_u-044,,no,,,-128;78;76;114
vectors/1334_x1294_sp05.bin,1334_x1294_sp05,,unknown,,,1;24;16;16
vectors/1335_x1295_pt208.bin,1335_x1295_pt208,,no,,,-128;72;78;127
vectors/1336_x1296_nz17.bin,1336_x1296_nz17,,yes,,,-50;-2;121;-5
vectors/1337_x1297_ts-11.bin,1337_x1297_ts-11,,no,,,-51;41;-18;96
vectors/1338_x1298_sc195.bin,1338_x1298_sc195,,yes,,,-128;97;103;58
vectors/1339_x1299_mx090.bin,1339_x1299_mx090,,yes,,,9;12;24;12
vectors/1340_x1300_g+000.bin,1340_x1300_g+000,,no,,,-128;98;90;107
vectors/1341_x1301_u-058.bin,1341_x1301_u-058,,no,,,-128;67;71;96
vectors/1342_x1302_sp13.bin,1342_x1302_sp13,,unknown,,,-34;52;26;16
vectors/1343_x1303_pt116.bin,1343_x1303_pt116,,unknown,,,-128;125;81;94
vectors/1344_x1304_nz25.bin,1344_x1304_nz25,,yes,,,-57;-2;126;-6
vectors/1345_x1305_ts-03.bin,1345_x1305_ts-03,,no,,,-50;36;-16;77
vectors/1346_x1306_sc235.bin,1346_x1306_sc235,,yes,,,-128;101;106;60
vectors/1347_x1307_mx025.bin,1347_x1307_mx025,,yes,,,-33;0;94;0
vectors/1348_x1308_g+128.bin,1348_x1308_g+128,,unknown,,,-128;127;127;127
vectors/1349_x1309_u-072.bin,1349_x1309_u-072,,no,,,-128;102;91;127
vectors/1350_x1310_sp21.bin,1350_x1310_sp21,,unknown,,,-28;49;4;23
vectors/1351_x1311_pt001.bin,1351_x1311_pt001,,silence,,,127;-119;-112;-18
vectors/1352_x1312_nz33.bin,1352_x1312_nz33,,yes,,,-53;1;115;-5
vectors/1353_x1313_ts+05.bin,1353_x1313_ts+05,,no,,,-82;38;2;87
vectors/1354_x1314_sc275.bin,1354_x1314_sc275,,yes,,,-128;104;108;64
vectors/1355_x1315_mx065.bin,1355_x1315_mx065,,yes,,,-7;7;51;7
vectors/1356_x1316_g-016.bin,1356_x1316_g-016,,unknown,,,-128;112;79;71
vectors/1357_x1317_u-086.bin,1357_x1317_u-086,,no,,,-128;76;102;116
vectors/1358_x1318_sp29.bin,1358_x1318_sp29,,unknown,,,-41;49;31;27
vectors/1359_x1319_pt209.bin,1359_x1319_pt209,,no,,,-128;72;78;127
vectors/1360_x1320_nz01.bin,1360_x1320_nz01,,yes,,,-50;-4;121;-5
vectors/1361_x1321_ts-11.bin,1361_x1321_ts-11,,no,,,-51;41;-18;96
vectors/1362_x1322_sc015.bin,1362_x1322_sc015,,no,,,-128;78;76;112
vectors/1363_x1323_mx000.bin,1363_x1323_mx000,,yes,,,-50;-5;121;-4
vectors/1364_x1324_g+112.bin,1364_x1324_g+112,,unknown,,,-128;127;127;127
vectors/1365_x1325_u-100.bin,1365_x1325_u-100,,unknown,,,-128;84;76;77
vectors/1366_x1326_sp07.bin,1366_x1326_sp07,,unknown,,,-8;37;14;17
vectors/1367_x1327_pt117.bin,1367_x1327_pt117,,unknown,,,-128;122;90;92
vectors/1368_x1328_nz09.bin,1368_x1328_nz09,,yes,,,-51;-4;122;-5
vectors/1369_x1329_ts-03.bin,1369_x1329_ts-03,,no,,,-50;36;-16;77
vectors/1370_x1330_sc055.bin,1370_x1330_sc055,,no,,,-128;82;79;102
vectors/1371_x1331_mx040.bin,1371_x1331_mx040,,yes,,,-24;3;78;2
vectors/1372_x1332_g-032.bin,1372_x1332_g-032,,no,,,-128;59;62;90
vectors/1373_x1333_u-114.bin,1373_x1333_u-114,,no,,,-128;82;69;107
vectors/1374_x1334_sp15.bin,1374_x1334_sp15,,unknown,,,-19;41;25;12
vectors/1375_x1335_pt002.bin,1375_x1335_pt002,,yes,,,-128;119;127;25
vectors/1376_x1336_nz17.bin,1376_x1336_nz17,,yes,,,-53;-1;124;-6
vectors/1377_x1337_ts+05.bin,1377_x1337_ts+05,,no,,,-82;38;2;87
vectors/1378_x1338_sc095.bin,1378_x1338_sc095,,unknown,,,-128;89;86;85
vectors/1379_x1339_mx080.bin,1379_x1339_mx080,,yes,,,3;10;35;10
vectors/1380_x1340_g+096.bin,1380_x1340_g+096,,yes,,,-128;97;127;127
vectors/1381_x1341_u-128.bin,1381_x1341_u-128,,unknown,,,-128;73;72;65
vectors/1382_x1342_sp23.bin,1382_x1342_sp23,,no,,,-65;39;9;51
vectors/1383_x1343_pt210.bin,1383_x1343_pt210,,no,,,-128;72;78;127
vectors/1384_x1344_nz25.bin,1384_x1344_nz25,,yes,,,-53;-2;125;-5
vectors/1385_x1345_ts-11.bin,1385_x1345_ts-11,,no,,,-51;41;-18;96
vectors/1386_x1346_sc135.bin,1386_x1346_sc135,,unknown,,,-128;94;94;68
vectors/1387_x1347_mx015.bin,1387_x1347_mx015,,yes,,,-40;-2;105;-2
vectors/1388_x1348_g-048.bin,1388_x1348_g-048,,no,,,-128;53;61;74
vectors/1389_x1349_u-016.bin,1389_x1349_u-016,,no,,,-128;79;86;125
vectors/1390_x1350_sp01.bin,1390_x1350_sp01,,unknown,,,6;19;18;12
vectors/1391_x1351_pt118.bin,1391_x1351_pt118,,unknown,,,-128;125;89;87
vectors/1392_x1352_nz33.bin,1392_x1352_nz33,,yes,,,-55;-6;127;-7
vectors/1393_x1353_ts-03.bin,1393_x1353_ts-03,,no,,,-50;36;-16;77
vectors/1394_x1354_sc175.bin,1394_x1354_sc175,,yes,,,-128;95;100;59
vectors/1395_x1355_mx055.bin,1395_x1355_mx055,,yes,,,-13;5;62;5
vectors/1396_x1356_g+080.bin,1396_x1356_g+080,,no,,,-128;117;119;127
vectors/1397_x1357_u-030.bin,1397_x1357_u-030,,no,,,-128;74;73;111
vectors/1398_x1358_sp09.bin,1398_x1358_sp09,,unknown,,,7;27;22;5
vectors/1399_x1359_pt003.bin,1399_x1359_pt003,,unknown,,,24;34;-4;-21
vectors/1400_x1360_nz01.bin,1400_x1360_nz01,,yes,,,-50;-4;121;-5
vectors/1401_x1361_ts+05.bin,1401_x1361_ts+05,,no,,,-82;38;2;87
vectors/1402_x1362_sc215.bin,1402_x1362_sc215,,yes,,,-128;99;106;58
vectors/1403_x1363_mx095.bin,1403_x1363_mx095,,yes,,,13;12;19;13
vectors/1404_x1364_g-064.bin,1404_x1364_g-064,,unknown,,,-124;73;47;48
vectors/1405_x1365_u-044.bin,1405_x1365_u-044,,no,,,-128;99;84;127
vectors/1406_x1366_sp17.bin,1406_x1366_sp17,,unknown,,,-37;60;3;20
vectors/1407_x1367_pt211.bin,1407_x1367_pt211,,no,,,-128;72;78;127
vectors/1408_x1368_nz09.bin,1408_x1368_nz09,,yes,,,-51;-3;122;-5
vectors/1409_x1369_ts-11.bin,1409_x1369_ts-11,,no,,,-51;41;-18;96
vectors/1410_x1370_sc254.bin,1410_x1370_sc254,,yes,,,-128;102;107;62
vectors/1411_x1371_mx030.bin,1411_x1371_mx030,,yes,,,-30;1;89;1
vectors/1412_x1372_g+064.bin,1412_x1372_g+064,,no,,,-128;91;123;127
vectors/1413_x1373_u-058.bin,1413_x1373_u-058,,no,,,-128;79;100;107
vectors/1414_x1374_sp25.bin,1414_x1374_sp25,,unknown,,,-49;61;35;29
vectors/1415_x1375_pt119.bin,1415_x1375_pt119,,unknown,,,-128;114;85;83
vectors/1416_x1376_nz17.bin,1416_x1376_nz17,,yes,,,-48;0;118;-7
vectors/1417_x1377_ts-03.bin,1417_x1377_ts-03,,no,,,-50;36;-16;77
vectors/1418_x1378_sc295.bin,1418_x1378_sc295,,yes,,,-128;105;109;65
vectors/1419_x1379_mx070.bin,1419_x1379_mx070,,yes,,,-3;8;45;8
vectors/1420_x1380_g-080.bin,1420_x1380_g-080,,no,,,-77;34;38;49
vectors/1421_x1381_u-072.bin,1421_x1381_u-072,,no,,,-128;73;92;109
vectors/1422_x1382_sp03.bin,1422_x1382_sp03,,unknown,,,3;22;10;17
vectors/1423_x1383_pt004.bin,1423_x1383_pt004,,unknown,,,-128;127;127;22
vectors/1424_x1384_nz25.bin,1424_x1384_nz25,,yes,,,-59;-1;124;-4
vectors/1425_x1385_ts+05.bin,1425_x1385_ts+05,,no,,,-82;38;2;87
vectors/1426_x1386_sc035.bin,1426_x1386_sc035,,no,,,-128;80;77;108
vectors/1427_x1387_mx005.bin,1427_x1387_mx005,,yes,,,-47;-3;116;-4
vectors/1428_x1388_g+048.bin,1428_x1388_g+048,,no,,,-128;100;84;127
vectors/1429_x1389_u-086.bin,1429_x1389_u-086,,yes,,,-128;84;90;89
vectors/1430_x1390_sp11.bin,1430_x1390_sp11,,unknown,,,-12;38;18;5
vectors/1431_x1391_pt212.bin,1431_x1391_pt212,,no,,,-128;72;78;127
vectors/1432_x1392_nz33.bin,1432_x1392_nz33,,yes,,,-51;-4;114;-3
vectors/1433_x1393_ts-11.bin,1433_x1393_ts-11,,no,,,-51;41;-18;96
vectors/1434_x1394_sc075.bin,1434_x1394_sc075,,no,,,-128;85;82;94
vectors/1435_x1395_mx045.bin,1435_x1395_mx045,,yes,,,-20;3;73;3
vectors/1436_x1396_g-096.bin,1436_x1396_g-096,,yes,,,-70;32;51;32
vectors/1437_x1397_u-100.bin,1437_x1397_u-100,,no,,,-128;69;77;96
vectors/1438_x1398_sp19.bin,1438_x1398_sp19,,unknown,,,-70;44;33;28
vectors/1439_x1399_pt120.bin,1439_x1399_pt120,,unknown,,,-128;109;75;75
vectors/1440_x1400_nz01.bin,1440_x1400_nz01,,yes,,,-50;-5;122;-5
vectors/1441_x1401_ts-03.bin,1441_x1401_ts-03,,no,,,-50;36;-16;77
vectors/1442_x1402_sc115.bin,1442_x1402_sc115,,unknown,,,-128;92;89;76
vectors/1443_x1403_mx085.bin,1443_x1403_mx085,,yes,,,6;10;30;11
vectors/1444_x1404_g+032.bin,1444_x1404_g+032,,no,,,-128;92;93;127
vectors/1445_x1405_u-114.bin,1445_x1405_u-114,,yes,,,-128;61;66;65
vectors/1446_x1406_sp27.bin,1446_x1406_sp27,,unknown,,,-16;35;30;25
vectors/1447_x1407_pt005.bin,1447_x1407_pt005,,unknown,,,-128;127;27;127
vectors/1448_x1408_nz09.bin,1448_x1408_nz09,,yes,,,-50;-3;121;-5
vectors/1449_x1409_ts+05.bin,1449_x1409_ts+05,,no,,,-82;38;2;87
vectors/1450_x1410_sc155.bin,1450_x1410_sc155,,yes,,,-128;95;97;62
vectors/1451_x1411_mx020.bin,1451_x1411_mx020,,yes,,,-37;-1;100;-1
vectors/1452_x1412_g-112.bin,1452_x1412_g-112,,unknown,,,-69;54;44;34
vectors/1453_x1413_u-128.bin,1453_x1413_u-128,,unknown,,,-128;66;62;60
vectors/1454_x1414_sp05.bin,1454_x1414_sp05,,unknown,,,-1;26;14;19
vectors/1455_x1415_pt213.bin,1455_x1415_pt213,,no,,,-128;72;78;127
vectors/1456_x1416_nz17.bin,1456_x1416_nz17,,yes,,,-52;-3;120;-6
vectors/1457_x1417_ts-11.bin,1457_x1417_ts-11,,no,,,-51;41;-18;96
vectors/1458_x1418_sc195.bin,1458_x1418_sc195,,yes,,,-128;97;103;58
vectors/1459_x1419_mx060.bin,1459_x1419_mx060,,yes,,,-10;6;56;6
vectors/1460_x1420_g+016.bin,1460_x1420_g+016,,no,,,-128;94;79;127
vectors/1461_x1421_u-016.bin,1461_x1421_u-016,,no,,,-128;96;118;127
vectors/1462_x1422_sp13.bin,1462_x1422_sp13,,unknown,,,-28;33;17;24
vectors/1463_x1423_pt121.bin,1463_x1423_pt121,,unknown,,,-128;100;68;68
vectors/1464_x1424_nz25.bin,1464_x1424_nz25,,yes,,,-47;-1;122;-9
vectors/1465_x1425_ts-03.bin,1465_x1425_ts-03,,no,,,-50;36;-16;77
vectors/1466_x1426_sc235.bin,1466_x1426_sc235,,yes,,,-128;101;106;60
vectors/1467_x1427_mx100.bin,1467_x1427_mx100,,silence,,,14;14;14;14
vectors/1468_x1428_g-128.bin,1468_x1428_g-128,,unknown,,,13;15;15;14
vectors/1469_x1429_u-030.bin,1469_x1429_u-030,,no,,,-128;105;93;127
vectors/1470_x1430_sp21.bin,1470_x1430_sp21,,unknown,,,-68;70;33;37
vectors/1471_x1431_pt006.bin,1471_x1431_pt006,,unknown,,,-128;127;127;127
vectors/1472_x1432_nz33.bin,1472_x1432_nz33,,yes,,,-54;-2;124;-6
vectors/1473_x1433_ts+05.bin,1473_x1433_ts+05,,no,,,-82;38;2;87
vectors/1474_x1434_sc275.bin,1474_x1434_sc275,,yes,,,-128;104;108;64
vectors/1475_x1435_mx035.bin,1475_x1435_mx035,,yes,,,-27;2;84;2
vectors/1476_x1436_g+000.bin,1476_x1436_g+000,,no,,,-128;120;117;127
vectors/1477_x1437_u-044.bin,1477_x1437_u-044,,no,,,-128;79;113;126
vectors/1478_x1438_sp29.bin,1478_x1438_sp29,,unknown,,,-66;57;32;43
vectors/1479_x1439_pt214.bin,1479_x1439_pt214,,no,,,-128;72;78;127
vectors/1480_x1440_nz01.bin,1480_x1440_nz01,,yes,,,-50;-4;121;-5
vectors/1481_x1441_ts-11.bin,1481_x1441_ts-11,,no,,,-51;41;-18;96
vectors/1482_x1442_sc015.bin,1482_x1442_sc015,,no,,,-128;78;76;112
vectors/1483_x1443_mx075.bin,1483_x1443_mx075,,yes,,,0;9;40;9
vectors/1484_x1444_g+128.bin,1484_x1444_g+128,,unknown,,,-128;127;123;127
vectors/1485_x1445_u-058.bin,1485_x1445_u-058,,no,,,-128;79;77;127
vectors/1486_x1446_sp07.bin,1486_x1446_sp07,,unknown,,,-8;32;11;21
vectors/1487_x1447_pt122.bin,1487_x1447_pt122,,unknown,,,-128;100;49;60
vectors/1488_x1448_nz09.bin,1488_x1448_nz09,,yes,,,-51;-4;121;-5
vectors/1489_x1449_ts-03.bin,1489_x1449_ts-03,,no,,,-50;36;-16;77
vectors/1490_x1450_sc055.bin,1490_x1450_sc055,,no,,,-128;82;79;102
vectors/1491_x1451_mx010.bin,1491_x1451_mx010,,yes,,,-44;-3;111;-3
vectors/1492_x1452_g-016.bin,1492_x1452_g-016,,no,,,-128;70;67;103
vectors/1493_x1453_u-072.bin,1493_x1453_u-072,,no,,,-128;67;63;116
vectors/1494_x1454_sp15.bin,1494_x1454_sp15,,no,,,-35;39;7;42
vectors/1495_x1455_pt007.bin,1495_x1455_pt007,,unknown,,,-128;127;127;113
vectors/1496_x1456_nz17.bin,1496_x1456_nz17,,yes,,,-54;-5;123;-6
vectors/1497_x1457_ts+05.bin,1497_x1457_ts+05,,no,,,-82;38;2;87
vectors/1498_x1458_sc095.bin,1498_x1458_sc095,,unknown,,,-128;89;86;85
vectors/1499_x1459_mx050.bin,1499_x1459_mx050,,yes,,,-17;4;67;4
vectors/1500_x1460_g+112.bin,1500_x1460_g+112,,yes,,,-128;117;127;127
vectors/1501_x1461_u-086.bin,1501_x1461_u-086,,no,,,-128;64;78;79
vectors/1502_x1462_sp23.bin,1502_x1462_sp23,,unknown,,,-62;65;32;35
vectors/1503_x1463_pt215.bin,1503_x1463_pt215,,no,,,-128;72;78;127
vectors/1504_x1464_nz25.bin,1504_x1464_nz25,,yes,,,-53;-2;124;-8
vectors/1505_x1465_ts-11.bin,1505_x1465_ts-11,,no,,,-51;41;-18;96
vectors/1506_x1466_sc135.bin,1506_x1466_sc135,,unknown,,,-128;94;94;68
vectors/1507_x1467_mx090.bin,1507_x1467_mx090,,yes,,,9;12;24;12
vectors/1508_x1468_g-032.bin,1508_x1468_g-032,,no,,,-128;66;61;72
vectors/1509_x1469_u-100.bin,1509_x1469_u-100,,no,,,-128;58;65;72
vectors/1510_x1470_sp01.bin,1510_x1470_sp01,,no,,,11;13;13;14
vectors/1511_x1471_pt123.bin,1511_x1471_pt123,,unknown,,,-125;99;43;61
vectors/1512_x1472_nz33.bin,1512_x1472_nz33,,yes,,,-49;-2;121;-8
vectors/1513_x1473_ts-03.bin,1513_x1473_ts-03,,no,,,-50;36;-16;77
vectors/1514_x1474_sc175.bin,1514_x1474_sc175,,yes,,,-128;95;100;59
vectors/1515_x1475_mx025.bin,1515_x1475_mx025,,yes,,,-33;0;94;0
vectors/1516_x1476_g+096.bin,1516_x1476_g+096,,no,,,-128;124;124;127
vectors/1517_x1477_u-114.bin,1517_x1477_u-114,,no,,,-128;78;92;101
vectors/1518_x1478_sp09.bin,1518_x1478_sp09,,unknown,,,-11;37;14;12
vectors/1519_x1479_pt008.bin,1519_x1479_pt008,,unknown,,,-128;127;127;127
vectors/1520_x1480_nz01.bin,1520_x1480_nz01,,yes,,,-50;-4;121;-5
vectors/1521_x1481_ts+05.bin,1521_x1481_ts+05,,no,,,-82;38;2;87
vectors/1522_x1482_sc215.bin,1522_x1482_sc215,,yes,,,-128;99;106;58
vectors/1523_x1483_mx065.bin,1523_x1483_mx065,,yes,,,-7;7;51;7
vectors/1524_x1484_g-048.bin,1524_x1484_g-048,,yes,,,-128;58;72;66
vectors/1525_x1485_u-128.bin,1525_x1485_u-128,,no,,,-128;87;63;92
vectors/1526_x1486_sp17.bin,1526_x1486_sp17,,unknown,,,-50;64;14;33
vectors/1527_x1487_pt216.bin,1527_x1487_pt216,,no,,,-128;72;78;127
vectors/1528_x1488_nz09.bin,1528_x1488_nz09,,yes,,,-50;-5;122;-6
vectors/1529_x1489_ts-11.bin,1529_x1489_ts-11,,no,,,-51;41;-18;96
vectors/1530_x1490_sc254.bin,1530_x1490_sc254,,yes,,,-128;102;107;62
vectors/1531_x1491_mx000.bin,1531_x1491_mx000,,yes,,,-50;-5;121;-4
vectors/1532_x1492_g+080.bin,1532_x1492_g+080,,no,,,-128;124;123;127
vectors/1533_x1493_u-016.bin,1533_x1493_u-016,,no,,,-128;92;102;127
vectors/1534_x1494_sp25.bin,1534_x1494_sp25,,unknown,,,-53;45;33;26
vectors/1535_x1495_pt101.bin,1535_x1495_pt101,,yes,,,-128;48;96;63
vectors/1536_x1496_nz17.bin,1536_x1496_nz17,,yes,,,-51;-1;123;-4
vectors/1537_x1497_ts-03.bin,1537_x1497_ts-03,,no,,,-50;36;-16;77
vectors/1538_x1498_sc295.bin,1538_x1498_sc295,,yes,,,-128;105;109;65
vectors/1539_x1499_mx040.bin,1539_x1499_mx040,,yes,,,-24;3;78;2
vectors/1540_x1500_g-064.bin,1540_x1500_g-064,,no,,,-108;44;44;63
vectors/1541_x1501_u-030.bin,1541_x1501_u-030,,no,,,-128;91;101;127
vectors/1542_x1502_sp03.bin,1542_x1502_sp03,,no,,,10;13;9;22
vectors/1543_x1503_pt009.bin,1543_x1503_pt009,,unknown,,,-128;127;127;127
vectors/1544_x1504_nz25.bin,1544_x1504_nz25,,yes,,,-56;1;119;0
vectors/1545_x1505_ts+05.bin,1545_x1505_ts+05,,no,,,-82;38;2;87
vectors/1546_x1506_sc035.bin,1546_x1506_sc035,,no,,,-128;80;77;108
vectors/1547_x1507_mx080.bin,1547_x1507_mx080,,yes,,,3;10;35;10
vectors/1548_x1508_g+064.bin,1548_x1508_g+064,,yes,,,-128;108;127;127
vectors/1549_x1509_u-044.bin,1549_x1509_u-044,,no,,,-128;78;86;115
vectors/1550_x1510_sp11.bin,1550_x1510_sp11,,unknown,,,-33;49;25;17
vectors/1551_x1511_pt217.bin,1551_x1511_pt217,,no,,,-128;72;78;127
vectors/1552_x1512_nz33.bin,1552_x1512_nz33,,yes,,,-47;0;117;-3
vectors/1553_x1513_ts-11.bin,1553_x1513_ts-11,,no,,,-51;41;-18;96
vectors/1554_x1514_sc075.bin,1554_x1514_sc075,,no,,,-128;85;82;94
vectors/1555_x1515_mx015.bin,1555_x1515_mx015,,yes,,,-40;-2;105;-2
vectors/1556_x1516_g-080.bin,1556_x1516_g-080,,no,,,-91;38;46;52
vectors/1557_x1517_u-058.bin,1557_x1517_u-058,,no,,,-128;71;83;105
vectors/1558_x1518_sp19.bin,1558_x1518_sp19,,unknown,,,-26;32;16;0
vectors/1559_x1519_pt102.bin,1559_x1519_pt102,,unknown,,,-95;91;51;27
vectors/1560_x1520_nz01.bin,1560_x1520_nz01,,yes,,,-50;-4;122;-5
vectors/1561_x1521_ts-03.bin,1561_x1521_ts-03,,no,,,-50;36;-16;77
vectors/1562_x1522_sc115.bin,1562_x1522_sc115,,unknown,,,-128;92;89;76
vectors/1563_x1523_mx055.bin,1563_x1523_mx055,,yes,,,-13;5;62;5
vectors/1564_x1524_g+048.bin,1564_x1524_g+048,,no,,,-128;101;100;127
vectors/1565_x1525_u-072.bin,1565_x1525_u-072,,no,,,-128;66;70;90
vectors/1566_x1526_sp27.bin,1566_x1526_sp27,,unknown,,,-70;48;40;25
vectors/1567_x1527_pt010.bin,1567_x1527_pt010,,unknown,,,-128;127;48;127
vectors/1568_x1528_nz09.bin,1568_x1528_nz09,,yes,,,-51;-3;122;-5
vectors/1569_x1529_ts+05.bin,1569_x1529_ts+05,,no,,,-82;38;2;87
vectors/1570_x1530_sc155.bin,1570_x1530_sc155,,yes,,,-128;95;97;62
vectors/1571_x1531_mx095.bin,1571_x1531_mx095,,yes,,,13;12;19;13
vectors/1572_x1532_g-096.bin,1572_x1532_g-096,,unknown,,,-97;76;41;35
vectors/1573_x1533_u-086.bin,1573_x1533_u-086,,no,,,-128;88;92;109
vectors/1574_x1534_sp05.bin,1574_x1534_sp05,,unknown,,,-7;29;18;22
vectors/1575_x1535_pt218.bin,1575_x1535_pt218,,no,,,-128;72;78;127
vectors/1576_x1536_nz17.bin,1576_x1536_nz17,,yes,,,-51;-2;120;-7
vectors/1577_x1537_ts-11.bin,1577_x1537_ts-11,,no,,,-51;41;-18;96
vectors/1578_x1538_sc195.bin,1578_x1538_sc195,,yes,,,-128;97;103;58
vectors/1579_x1539_mx030.bin,1579_x1539_mx030,,yes,,,-30;1;89;1
vectors/1580_x1540_g+032.bin,1580_x1540_g+032,,no,,,-128;91;116;127
vectors/1581_x1541_u-100.bin,1581_x1541_u-100,,yes,,,-128;79;95;94
vectors/1582_x1542_sp13.bin,1582_x1542_sp13,,unknown,,,-24;38;25;27
vectors/1583_x1543_pt103.bin,1583_x1543_pt103,,silence,,,66;39;-22;-98
vectors/1584_x1544_nz25.bin,1584_x1544_nz25,,yes,,,-51;-6;125;-11
vectors/1585_x1545_ts-03.bin,1585_x1545_ts-03,,no,,,-50;36;-16;77
vectors/1586_x1546_sc235.bin,1586_x1546_sc235,,yes,,,-128;101;106;60
vectors/1587_x1547_mx070.bin,1587_x1547_mx070,,yes,,,-3;8;45;8
vectors/1588_x1548_g-112.bin,1588_x1548_g-112,,no,,,-8;19;20;22
vectors/1589_x1549_u-114.bin,1589_x1549_u-114,,no,,,-128;96;87;102
vectors/1590_x1550_sp21.bin,1590_x1550_sp21,,unknown,,,-40;43;35;16
vectors/1591_x1551_pt011.bin,1591_x1551_pt011,,unknown,,,-128;127;93;127
vectors/1592_x1552_nz33.bin,1592_x1552_nz33,,yes,,,-55;4;120;-4
vectors/1593_x1553_ts+05.bin,1593_x1553_ts+05,,no,,,-82;38;2;87
vectors/1594_x1554_sc275.bin,1594_x1554_sc275,,yes,,,-128;104;108;64
vectors/1595_x1555_mx005.bin,1595_x1555_mx005,,yes,,,-47;-3;116;-4
vectors/1596_x1556_g+016.bin,1596_x1556_g+016,,yes,,,-128;91;127;86
vectors/1597_x1557_u-128.bin,1597_x1557_u-128,,yes,,,-128;84;92;80
vectors/1598_x1558_sp29.bin,1598_x1558_sp29,,unknown,,,-35;45;27;4
vectors/1599_x1559_pt219.bin,1599_x1559_pt219,,no,,,-128;72;78;127
vectors/1600_x1560_nz01.bin,1600_x1560_nz01,,yes,,,-50;-4;121;-5
vectors/1601_x1561_ts-11.bin,1601_x1561_ts-11,,no,,,-51;41;-18;96
vectors/1602_x1562_sc015.bin,1602_x1562_sc015,,no,,,-128;78;76;112
vectors/1603_x1563_mx045.bin,1603_x1563_mx045,,yes,,,-20;3;73;3
vectors/1604_x1564_g-128.bin,1604_x1564_g-128,,unknown,,,-34;32;32;27
vectors/1605_x1565_u-016.bin,1605_x1565_u-016,,no,,,-128;87;89;127
vectors/1606_x1566_sp07.bin,1606_x1566_sp07,,unknown,,,0;19;12;9
vectors/1607_x1567_pt104.bin,1607_x1567_pt104,,unknown,,,-13;78;12;-49
vectors/1608_x1568_nz09.bin,1608_x1568_nz09,,yes,,,-51;-4;119;-3
vectors/1609_x1569_ts-03.bin,1609_x1569_ts-03,,no,,,-50;36;-16;77
vectors/1610_x1570_sc055.bin,1610_x1570_sc055,,no,,,-128;82;79;102
vectors/1611_x1571_mx085.bin,1611_x1571_mx085,,yes,,,6;10;30;11
vectors/1612_x1572_g+000.bin,1612_x1572_g+000,,no,,,-128;77;79;115
vectors/1613_x1573_u-030.bin,1613_x1573_u-030,,no,,,-128;66;89;115
vectors/1614_x1574_sp15.bin,1614_x1574_sp15,,unknown,,,-58;44;28;17
vectors/1615_x1575_pt012.bin,1615_x1575_pt012,,unknown,,,-128;127;89;127
vectors/1616_x1576_nz17.bin,1616_x1576_nz17,,yes,,,-51;-3;120;-6
vectors/1617_x1577_ts+05.bin,1617_x1577_ts+05,,no,,,-82;38;2;87
vectors/1618_x1578_sc095.bin,1618_x1578_sc095,,unknown,,,-128;89;86;85
vectors/1619_x1579_mx020.bin,1619_x1579_mx020,,yes,,,-37;-1;100;-1
vectors/1620_x1580_g+128.bin,1620_x1580_g+128,,unknown,,,-128;127;125;127
vectors/1621_x1581_u-044.bin,1621_x1581_u-044,,no,,,-128;72;79;117
vectors/1622_x1582_sp23.bin,1622_x1582_sp23,,unknown,,,-37;65;25;7
vectors/1623_x1583_pt220.bin,1623_x1583_pt220,,no,,,-128;72;78;127
vectors/1624_x1584_nz25.bin,1624_x1584_nz25,,yes,,,-55;1;123;-6
vectors/1625_x1585_ts-11.bin,1625_x1585_ts-11,,no,,,-51;41;-18;96
vectors/1626_x1586_sc135.bin,1626_x1586_sc135,,unknown,,,-128;94;94;68
vectors/1627_x1587_mx060.bin,1627_x1587_mx060,,yes,,,-10;6;56;6
vectors/1628_x1588_g-016.bin,1628_x1588_g-016,,yes,,,-128;77;87;81
vectors/1629_x1589_u-058.bin,1629_x1589_u-058,,no,,,-128;95;119;127
vectors/1630_x1590_sp01.bin,1630_x1590_sp01,,unknown,,,7;19;12;18
vectors/1631_x1591_pt105.bin,1631_x1591_pt105,,unknown,,,-128;107;47;-3
vectors/1632_x1592_nz33.bin,1632_x1592_nz33,,yes,,,-50;1;116;-7
vectors/1633_x1593_ts-03.bin,1633_x1593_ts-03,,no,,,-50;36;-16;77
vectors/1634_x1594_sc175.bin,1634_x1594_sc175,,yes,,,-128;95;100;59
vectors/1635_x1595_mx100.bin,1635_x1595_mx100,,silence,,,14;14;14;14
vectors/1636_x1596_g+112.bin,1636_x1596_g+112,,unknown,,,-128;127;127;127
vectors/1637_x1597_u-072.bin,1637_x1597_u-072,,no,,,-128;93;105;118
vectors/1638_x1598_sp09.bin,1638_x1598_sp09,,unknown,,,-5;18;17;16
vectors/1639_x1599_pt013.bin,1639_x1599_pt013,,yes,,,-128;32;127;127
vectors/1640_x1600_nz01.bin,1640_x1600_nz01,,yes,,,-50;-4;122;-5
vectors/1641_x1601_ts+05.bin,1641_x1601_ts+05,,no,,,-82;38;2;87
vectors/1642_x1602_sc215.bin,1642_x1602_sc215,,yes,,,-128;99;106;58
vectors/1643_x1603_mx035.bin,1643_x1603_mx035,,yes,,,-27;2;84;2
vectors/1644_x1604_g-032.bin,1644_x1604_g-032,,unknown,,,-128;89;57;61
vectors/1645_x1605_u-086.bin,1645_x1605_u-086,,no,,,-128;87;83;91
vectors/1646_x1606_sp17.bin,1646_x1606_sp17,,unknown,,,-31;58;16;13
vectors/1647_x1607_pt221.bin,1647_x1607_pt221,,no,,,-128;72;78;127
vectors/1648_x1608_nz09.bin,1648_x1608_nz09,,yes,,,-50;-5;123;-6
vectors/1649_x1609_ts-11.bin,1649_x1609_ts-11,,no,,,-51;41;-18;96
vectors/1650_x1610_sc254.bin,1650_x1610_sc254,,yes,,,-128;102;107;62
vectors/1651_x1611_mx075.bin,1651_x1611_mx075,,yes,,,0;9;40;9
vectors/1652_x1612_g+096.bin,1652_x1612_g+096,,no,,,-128;126;124;127
vectors/1653_x1613_u-100.bin,1653_x1613_u-100,,no,,,-128;76;68;89
vectors/1654_x1614_sp25.bin,1654_x1614_sp25,,unknown,,,-26;50;3;22
vectors/1655_x1615_pt106.bin,1655_x1615_pt106,,unknown,,,-128;127;75;63
vectors/1656_x1616_nz17.bin,1656_x1616_nz17,,yes,,,-50;-3;119;-5
vectors/1657_x1617_ts-03.bin,1657_x1617_ts-03,,no,,,-50;36;-16;77
vectors/1658_x1618_sc295.bin,1658_x1618_sc295,,yes,,,-128;105;109;65
vectors/1659_x1619_mx010.bin,1659_x1619_mx010,,yes,,,-44;-3;111;-3
vectors/1660_x1620_g-048.bin,1660_x1620_g-048,,no,,,-128;50;55;76
vectors/1661_x1621_u-114.bin,1661_x1621_u-114,,yes,,,-128;79;80;72
vectors/1662_x1622_sp03.bin,1662_x1622_sp03,,unknown,,,-9;27;25;8
vectors/1663_x1623_pt014.bin,1663_x1623_pt014,,unknown,,,-128;127;40;127
vectors/1664_x1624_nz25.bin,1664_x1624_nz25,,yes,,,-50;0;118;-6
vectors/1665_x1625_ts+05.bin,1665_x1625_ts+05,,no,,,-82;38;2;87
vectors/1666_x1626_sc035.bin,1666_x1626_sc035,,no,,,-128;80;77;108
vectors/1667_x1627_mx050.bin,1667_x1627_mx050,,yes,,,-17;4;67;4
vectors/1668_x1628_g+080.bin,1668_x1628_g+080,,yes,,,-128;93;127;127
vectors/1669_x1629_u-128.bin,1669_x1629_u-128,,yes,,,-128;54;67;53
vectors/1670_x1630_sp11.bin,1670_x1630_sp11,,unknown,,,-37;48;26;19
vectors/1671_x1631_pt222.bin,1671_x1631_pt222,,no,,,-128;72;78;127
vectors/1672_x1632_nz33.bin,1672_x1632_nz33,,yes,,,-54;3;123;-5
vectors/1673_x1633_ts-11.bin,1673_x1633_ts-11,,no,,,-51;41;-18;96
vectors/1674_x1634_sc075.bin,1674_x1634_sc075,,no,,,-128;85;82;94
vectors/1675_x1635_mx090.bin,1675_x1635_mx090,,yes,,,9;12;24;12
vectors/1676_x1636_g-064.bin,1676_x1636_g-064,,yes,,,-128;64;69;53
vectors/1677_x1637_u-016.bin,1677_x1637_u-016,,no,,,-128;80;80;116
vectors/1678_x1638_sp19.bin,1678_x1638_sp19,,unknown,,,-35;63;26;14
vectors/1679_x1639_pt107.bin,1679_x1639_pt107,,unknown,,,-128;115;64;41
vectors/1680_x1640_nz01.bin,1680_x1640_nz01,,yes,,,-50;-4;122;-5
vectors/1681_x1641_ts-03.bin,1681_x1641_ts-03,,no,,,-50;36;-16;77
vectors/1682_x1642_sc115.bin,1682_x1642_sc115,,unknown,,,-128;92;89;76
vectors/1683_x1643_mx025.bin,1683_x1643_mx025,,yes,,,-33;0;94;0
vectors/1684_x1644_g+064.bin,1684_x1644_g+064,,no,,,-128;109;110;127
vectors/1685_x1645_u-030.bin,1685_x1645_u-030,,no,,,-128;102;101;127
vectors/1686_x1646_sp27.bin,1686_x1646_sp27,,unknown,,,-43;75;16;14
vectors/1687_x1647_pt015.bin,1687_x1647_pt015,,unknown,,,-128;127;94;127
vectors/1688_x1648_nz09.bin,1688_x1648_nz09,,yes,,,-50;-4;122;-6
vectors/1689_x1649_ts+05.bin,1689_x1649_ts+05,,no,,,-82;38;2;87
vectors/1690_x1650_sc155.bin,1690_x1650_sc155,,yes,,,-128;95;97;62
vectors/1691_x1651_mx065.bin,1691_x1651_mx065,,yes,,,-7;7;51;7
vectors/1692_x1652_g-080.bin,1692_x1652_g-080,,yes,,,-126;39;73;32
vectors/1693_x1653_u-044.bin,1693_x1653_u-044,,no,,,-128;86;118;125
vectors/1694_x1654_sp05.bin,1694_x1654_sp05,,unknown,,,-4;26;11;23
vectors/1695_x1655_pt223.bin,1695_x1655_pt223,,no,,,-128;72;78;127
vectors/1696_x1656_nz17.bin,1696_x1656_nz17,,yes,,,-51;-3;122;-5
vectors/1697_x1657_ts-11.bin,1697_x1657_ts-11,,no,,,-51;41;-18;96
vectors/1698_x1658_sc195.bin,1698_x1658_sc195,,yes,,,-128;97;103;58
vectors/1699_x1659_mx000.bin,1699_x1659_mx000,,yes,,,-50;-5;121;-4
vectors/1700_x1660_g+048.bin,1700_x1660_g+048,,no,,,-128;106;116;120
vectors/1701_x1661_u-058.bin,1701_x1661_u-058,,no,,,-128;62;84;120
vectors/1702_x1662_sp13.bin,1702_x1662_sp13,,unknown,,,-4;33;13;18
vectors/1703_x1663_pt108.bin,1703_x1663_pt108,,unknown,,,-128;127;33;54
vectors/1704_x1664_nz25.bin,1704_x1664_nz25,,yes,,,-55;-2;123;-2
vectors/1705_x1665_ts-03.bin,1705_x1665_ts-03,,no,,,-50;36;-16;77
vectors/1706_x1666_sc235.bin,1706_x1666_sc235,,yes,,,-128;101;106;60
vectors/1707_x1667_mx040.bin,1707_x1667_mx040,,yes,,,-24;3;78;2
vectors/1708_x1668_g-096.bin,1708_x1668_g-096,,no,,,-49;27;31;39
vectors/1709_x1669_u-072.bin,1709_x1669_u-072,,no,,,-128;86;77;112
vectors/1710_x1670_sp21.bin,1710_x1670_sp21,,yes,,,-11;24;28;11
vectors/1711_x1671_pt016.bin,1711_x1671_pt016,,unknown,,,-128;127;104;127
vectors/1712_x1672_nz33.bin,1712_x1672_nz33,,yes,,,-53;-3;118;-6
vectors/1713_x1673_ts+05.bin,1713_x1673_ts+05,,no,,,-82;38;2;87
vectors/1714_x1674_sc275.bin,1714_x1674_sc275,,yes,,,-128;104;108;64
vectors/1715_x1675_mx080.bin,1715_x1675_mx080,,yes,,,3;10;35;10
vectors/1716_x1676_g+032.bin,1716_x1676_g+032,,no,,,-128;105;91;127
vectors/1717_x1677_u-086.bin,1717_x1677_u-086,,no,,,-128;64;80;92
vectors/1718_x1678_sp29.bin,1718_x1678_sp29,,no,,,-69;42;38;43
vectors/1719_x1679_pt201.bin,1719_x1679_pt201,,no,,,-128;72;78;127
vectors/1720_x1680_nz01.bin,1720_x1680_nz01,,yes,,,-50;-4;121;-4
vectors/1721_x1681_ts-11.bin,1721_x1681_ts-11,,no,,,-51;41;-18;96
vectors/1722_x1682_sc015.bin,1722_x1682_sc015,,no,,,-128;78;76;112
vectors/1723_x1683_mx015.bin,1723_x1683_mx015,,yes,,,-40;-2;105;-2
vectors/1724_x1684_g-112.bin,1724_x1684_g-112,,yes,,,-27;25;36;11
vectors/1725_x1685_u-100.bin,1725_x1685_u-100,,no,,,-128;72;64;85
vectors/1726_x1686_sp07.bin,1726_x1686_sp07,,unknown,,,-14;39;5;24
vectors/1727_x1687_pt109.bin,1727_x1687_pt109,,unknown,,,-128;127;65;68
vectors/1728_x1688_nz09.bin,1728_x1688_nz09,,yes,,,-50;-4;121;-6
vectors/1729_x1689_ts-03.bin,1729_x1689_ts-03,,no,,,-50;36;-16;77
vectors/1730_x1690_sc055.bin,1730_x1690_sc055,,no,,,-128;82;79;102
vectors/1731_x1691_mx055.bin,1731_x1691_mx055,,yes,,,-13;5;62;5
vectors/1732_x1692_g+016.bin,1732_x1692_g+016,,no,,,-128;85;84;127
vectors/1733_x1693_u-114.bin,1733_x1693_u-114,,no,,,-128;75;53;95
vectors/1734_x1694_sp15.bin,1734_x1694_sp15,,unknown,,,-40;47;2;47
vectors/1735_x1695_pt017.bin,1735_x1695_pt017,,unknown,,,-128;127;110;127
vectors/1736_x1696_nz17.bin,1736_x1696_nz17,,yes,,,-52;-1;124;-6
vectors/1737_x1697_ts+05.bin,1737_x1697_ts+05,,no,,,-82;38;2;87
vectors/1738_x1698_sc095.bin,1738_x1698_sc095,,unknown,,,-128;89;86;85
vectors/1739_x1699_mx095.bin,1739_x1699_mx095,,yes,,,13;12;19;13
vectors/1740_x1700_g-128.bin,1740_x1700_g-128,,unknown,,,-46;40;40;9
vectors/1741_x1701_u-128.bin,1741_x1701_u-128,,unknown,,,-128;90;78;62
vectors/1742_x1702_sp23.bin,1742_x1702_sp23,,yes,,,-35;28;40;5
vectors/1743_x1703_pt202.bin,1743_x1703_pt202,,no,,,-128;72;78;127
vectors/1744_x1704_nz25.bin,1744_x1704_nz25,,yes,,,-53;-2;123;-5
vectors/1745_x1705_ts-11.bin,1745_x1705_ts-11,,no,,,-51;41;-18;96
vectors/1746_x1706_sc135.bin,1746_x1706_sc135,,unknown,,,-128;94;94;68
vectors/1747_x1707_mx030.bin,1747_x1707_mx030,,yes,,,-30;1;89;1
vectors/1748_x1708_g+000.bin,1748_x1708_g+000,,no,,,-128;71;96;106
vectors/1749_x1709_u-016.bin,1749_x1709_u-016,,no,,,-128;94;112;127
vectors/1750_x1710_sp01.bin,1750_x1710_sp01,,yes,,,7;14;15;15
vectors/1751_x1711_pt110.bin,1751_x1711_pt110,,unknown,,,-128;127;75;71
vectors/1752_x1712_nz33.bin,1752_x1712_nz33,,yes,,,-58;3;121;-4
vectors/1753_x1713_ts-03.bin,1753_x1713_ts-03,,no,,,-50;36;-16;77
vectors/1754_x1714_sc175.bin,1754_x1714_sc175,,yes,,,-128;95;100;59
vectors/1755_x1715_mx070.bin,1755_x1715_mx070,,yes,,,-3;8;45;8
vectors/1756_x1716_g+128.bin,1756_x1716_g+128,,unknown,,,-128;127;127;127
vectors/1757_x1717_u-030.bin,1757_x1717_u-030,,no,,,-128;98;87;127
vectors/1758_x1718_sp09.bin,1758_x1718_sp09,,unknown,,,-10;24;18;22
vectors/1759_x1719_pt018.bin,1759_x1719_pt018,,unknown,,,-128;127;127;127
vectors/1760_x1720_nz01.bin,1760_x1720_nz01,,yes,,,-50;-4;122;-5
vectors/1761_x1721_ts+05.bin,1761_x1721_ts+05,,no,,,-82;38;2;87
vectors/1762_x1722_sc215.bin,1762_x1722_sc215,,yes,,,-128;99;106;58
vectors/1763_x1723_mx005.bin,1763_x1723_mx005,,yes,,,-47;-3;116;-4
vectors/1764_x1724_g-016.bin,1764_x1724_g-016,,unknown,,,-128;110;86;77
vectors/1765_x1725_u-044.bin,1765_x1725_u-044,,no,,,-128;75;96;105
vectors/1766_x1726_sp17.bin,1766_x1726_sp17,,unknown,,,-30;33;25;22
vectors/1767_x1727_pt203.bin,1767_x1727_pt203,,no,,,-128;72;78;127
vectors/1768_x1728_nz09.bin,1768_x1728_nz09,,yes,,,-50;-4;120;-4
vectors/1769_x1729_ts-11.bin,1769_x1729_ts-11,,no,,,-51;41;-18;96
vectors/1770_x1730_sc254.bin,1770_x1730_sc254,,yes,,,-128;102;107;62
vectors/1771_x1731_mx045.bin,1771_x1731_mx045,,yes,,,-20;3;73;3
vectors/1772_x1732_g+112.bin,1772_x1732_g+112,,yes,,,-128;123;127;127
vectors/1773_x1733_u-058.bin,1773_x1733_u-058,,no,,,-128;80;94;104
vectors/1774_x1734_sp25.bin,1774_x1734_sp25,,unknown,,,-26;46;14;20
vectors/1775_x1735_pt111.bin,1775_x1735_pt111,,unknown,,,-128;119;55;62
vectors/1776_x1736_nz17.bin,1776_x1736_nz17,,yes,,,-54;1;120;-5
vectors/1777_x1737_ts-03.bin,1777_x1737_ts-03,,no,,,-50;36;-16;77
vectors/1778_x1738_sc295.bin,1778_x1738_sc295,,yes,,,-128;105;109;65
vectors/1779_x1739_mx085.bin,1779_x1739_mx085,,yes,,,6;10;30;11
vectors/1780_x1740_g-032.bin,1780_x1740_g-032,,no,,,-128;59;61;90
vectors/1781_x1741_u-072.bin,1781_x1741_u-072,,no,,,-128;66;82;87
vectors/1782_x1742_sp03.bin,1782_x1742_sp03,,no,,,7;16;10;17
vectors/1783_x1743_pt019.bin,1783_x1743_pt019,,unknown,,,-128;127;59;127
vectors/1784_x1744_nz25.bin,1784_x1744_nz25,,yes,,,-57;1;121;-2
vectors/1785_x1745_ts+05.bin,1785_x1745_ts+05,,no,,,-82;38;2;87
vectors/1786_x1746_sc035.bin,1786_x1746_sc035,,no,,,-128;80;77;108
vectors/1787_x1747_mx020.bin,1787_x1747_mx020,,yes,,,-37;-1;100;-1
vectors/1788_x1748_g+096.bin,1788_x1748_g+096,,yes,,,-128;118;127;127
vectors/1789_x1749_u-086.bin,1789_x1749_u-086,,no,,,-128;62;70;74
vectors/1790_x1750_sp11.bin,1790_x1750_sp11,,unknown,,,-11;33;17;15
vectors/1791_x1751_pt204.bin,1791_x1751_pt204,,no,,,-128;72;78;127
vectors/1792_x1752_nz33.bin,1792_x1752_nz33,,yes,,,-48;1;115;-5
vectors/1793_x1753_ts-11.bin,1793_x1753_ts-11,,no,,,-51;41;-18;96
vectors/1794_x1754_sc075.bin,1794_x1754_sc075,,no,,,-128;85;82;94
vectors/1795_x1755_mx060.bin,1795_x1755_mx060,,yes,,,-10;6;56;6
vectors/1796_x1756_g-048.bin,1796_x1756_g-048,,yes,,,-128;53;73;62
vectors/1797_x1757_u-100.bin,1797_x1757_u-100,,no,,,-128;104;88;123
vectors/1798_x1758_sp19.bin,1798_x1758_sp19,,unknown,,,-43;61;26;20
vectors/1799_x1759_pt112.bin,1799_x1759_pt112,,unknown,,,-128;111;33;51
vectors/1800_x1760_nz01.bin,1800_x1760_nz01,,yes,,,-51;-4;121;-5
vectors/1801_x1761_ts-03.bin,1801_x1761_ts-03,,no,,,-50;36;-16;77
vectors/1802_x1762_sc115.bin,1802_x1762_sc115,,unknown,,,-128;92;89;76
vectors/1803_x1763_mx100.bin,1803_x1763_mx100,,silence,,,14;14;14;14
vectors/1804_x1764_g+080.bin,1804_x1764_g+080,,no,,,-128;118;116;127
vectors/1805_x1765_u-114.bin,1805_x1765_u-114,,no,,,-128;95;71;127
vectors/1806_x1766_sp27.bin,1806_x1766_sp27,,unknown,,,-40;44;33;2
vectors/1807_x1767_pt020.bin,1807_x1767_pt020,,unknown,,,-128;127;87;127
vectors/1808_x1768_nz09.bin,1808_x1768_nz09,,yes,,,-50;-5;122;-5
vectors/1809_x1769_ts+05.bin,1809_x1769_ts+05,,no,,,-82;38;2;87
vectors/1810_x1770_sc155.bin,1810_x1770_sc155,,yes,,,-128;95;97;62
vectors/1811_x1771_mx035.bin,1811_x1771_mx035,,yes,,,-27;2;84;2
vectors/1812_x1772_g-064.bin,1812_x1772_g-064,,unknown,,,-128;76;71;61
vectors/1813_x1773_u-128.bin,1813_x1773_u-128,,yes,,,-128;60;100;85
vectors/1814_x1774_sp05.bin,1814_x1774_sp05,,unknown,,,-1;27;14;20
vectors/1815_x1775_pt205.bin,1815_x1775_pt205,,no,,,-128;72;78;127
vectors/1816_x1776_nz17.bin,1816_x1776_nz17,,yes,,,-53;-2;121;-5
vectors/1817_x1777_ts-11.bin,1817_x1777_ts-11,,no,,,-51;41;-18;96
vectors/1818_x1778_sc195.bin,1818_x1778_sc195,,yes,,,-128;97;103;58
vectors/1819_x1779_mx075.bin,1819_x1779_mx075,,yes,,,0;9;40;9
vectors/1820_x1780_g+064.bin,1820_x1780_g+064,,yes,,,-128;109;127;127
vectors/1821_x1781_u-016.bin,1821_x1781_u-016,,no,,,-128;94;96;127
vectors/1822_x1782_sp13.bin,1822_x1782_sp13,,unknown,,,-42;53;16;26
vectors/1823_x1783_pt113.bin,1823_x1783_pt113,,unknown,,,-128;123;61;79
vectors/1824_x1784_nz25.bin,1824_x1784_nz25,,yes,,,-53;-2;124;-8
vectors/1825_x1785_ts-03.bin,1825_x1785_ts-03,,no,,,-50;36;-16;77
vectors/1826_x1786_sc235.bin,1826_x1786_sc235,,yes,,,-128;101;106;60
vectors/1827_x1787_mx010.bin,1827_x1787_mx010,,yes,,,-44;-3;111;-3
vectors/1828_x1788_g-080.bin,1828_x1788_g-080,,no,,,-77;35;38;48
vectors/1829_x1789_u-030.bin,1829_x1789_u-030,,no,,,-128;87;88;127
vectors/1830_x1790_sp21.bin,1830_x1790_sp21,,unknown,,,-65;46;34;24
vectors/1831_x1791_pt021.bin,1831_x1791_pt021,,unknown,,,-128;127;81;127
vectors/1832_x1792_nz33.bin,1832_x1792_nz33,,yes,,,-56;4;120;-7
vectors/1833_x1793_ts+05.bin,1833_x1793_ts+05,,no,,,-82;38;2;87
vectors/1834_x1794_sc275.bin,1834_x1794_sc275,,yes,,,-128;104;108;64
vectors/1835_x1795_mx050.bin,1835_x1795_mx050,,yes,,,-17;4;67;4
vectors/1836_x1796_g+048.bin,1836_x1796_g+048,,no,,,-128;88;102;127
vectors/1837_x1797_u-044.bin,1837_x1797_u-044,,no,,,-128;82;82;115
vectors/1838_x1798_sp29.bin,1838_x1798_sp29,,unknown,,,-16;50;34;-3
vectors/1839_x1799_pt206.bin,1839_x1799_pt206,,no,,,-128;72;78;127
vectors/1840_x1800_nz01.bin,1840_x1800_nz01,,yes,,,-51;-4;122;-4
vectors/1841_x1801_ts-11.bin,1841_x1801_ts-11,,no,,,-51;41;-18;96
vectors/1842_x1802_sc015.bin,1842_x1802_sc015,,no,,,-128;78;76;112
vectors/1843_x1803_mx090.bin,1843_x1803_mx090,,yes,,,9;12;24;12
vectors/1844_x1804_g-096.bin,1844_x1804_g-096,,yes,,,-67;36;46;36
vectors/1845_x1805_u-058.bin,1845_x1805_u-058,,no,,,-128;72;67;90
vectors/1846_x1806_sp07.bin,1846_x1806_sp07,,no,,,-9;21;13;28
vectors/1847_x1807_pt114.bin,1847_x1807_pt114,,unknown,,,-128;127;68;93
vectors/1848_x1808_nz09.bin,1848_x1808_nz09,,yes,,,-50;-4;122;-6
vectors/1849_x1809_ts-03.bin,1849_x1809_ts-03,,no,,,-50;36;-16;77
vectors/1850_x1810_sc055.bin,1850_x1810_sc055,,no,,,-128;82;79;102
vectors/1851_x1811_mx025.bin,1851_x1811_mx025,,yes,,,-33;0;94;0
vectors/1852_x1812_g+032.bin,1852_x1812_g+032,,no,,,-128;96;91;127
vectors/1853_x1813_u-072.bin,1853_x1813_u-072,,no,,,-128;96;114;118
vectors/1854_x1814_sp15.bin,1854_x1814_sp15,,unknown,,,10;32;13;10
vectors/1855_x1815_pt022.bin,1855_x1815_pt022,,unknown,,,-128;127;102;127
vectors/1856_x1816_nz17.bin,1856_x1816_nz17,,yes,,,-53;-1;123;-8
vectors/1857_x1817_ts+05.bin,1857_x1817_ts+05,,no,,,-82;38;2;87
vectors/1858_x1818_sc095.bin,1858_x1818_sc095,,unknown,,,-128;89;86;85
vectors/1859_x1819_mx065.bin,1859_x1819_mx065,,yes,,,-7;7;51;7
vectors/1860_x1820_g-112.bin,1860_x1820_g-112,,yes,,,-117;61;67;46
vectors/1861_x1821_u-086.bin,1861_x1821_u-086,,no,,,-128;91;100;127
vectors/1862_x1822_sp23.bin,1862_x1822_sp23,,unknown,,,-30;34;13;8
vectors/1863_x1823_pt207.bin,1863_x1823_pt207,,no,,,-128;72;78;127
vectors/1864_x1824_nz25.bin,1864_x1824_nz25,,yes,,,-51;-3;120;-5
vectors/1865_x1825_ts-11.bin,1865_x1825_ts-11,,no,,,-51;41;-18;96
vectors/1866_x1826_sc135.bin,1866_x1826_sc135,,unknown,,,-128;94;94;68
vectors/1867_x1827_mx000.bin,1867_x1827_mx000,,yes,,,-50;-5;121;-4
vectors/1868_x1828_g+016.bin,1868_x1828_g+016,,no,,,-128;86;91;121
vectors/1869_x1829_u-100.bin,1869_x1829_u-100,,no,,,-128;64;105;121
vectors/1870_x1830_sp01.bin,1870_x1830_sp01,,silence,,,15;15;12;14
vectors/1871_x1831_pt115.bin,1871_x1831_pt115,,unknown,,,-128;126;76;84
vectors/1872_x1832_nz33.bin,1872_x1832_nz33,,yes,,,-55;-1;119;0
vectors/1873_x1833_ts-03.bin,1873_x1833_ts-03,,no,,,-50;36;-16;77
vectors/1874_x1834_sc175.bin,1874_x1834_sc175,,yes,,,-128;95;100;59
vectors/1875_x1835_mx040.bin,1875_x1835_mx040,,yes,,,-24;3;78;2
vectors/1876_x1836_g-128.bin,1876_x1836_g-128,,yes,,,12;14;16;14
vectors/1877_x1837_u-114.bin,1877_x1837_u-114,,yes,,,-128;57;84;65
vectors/1878_x1838_sp09.bin,1878_x1838_sp09,,no,,,-4;23;12;26
vectors/1879_x1839_pt023.bin,1879_x1839_pt023,,unknown,,,-128;127;68;127
vectors/1880_x1840_nz01.bin,1880_x1840_nz01,,yes,,,-50;-4;121;-5
vectors/1881_x1841_ts+05.bin,1881_x1841_ts+05,,no,,,-82;38;2;87
vectors/1882_x1842_sc215.bin,1882_x1842_sc215,,yes,,,-128;99;106;58
vectors/1883_x1843_mx080.bin,1883_x1843_mx080,,yes,,,3;10;35;10
vectors/1884_x1844_g+000.bin,1884_x1844_g+000,,yes,,,-128;103;117;86
vectors/1885_x1845_u-128.bin,1885_x1845_u-128,,no,,,-128;80;67;105
vectors/1886_x1846_sp17.bin,1886_x1846_sp17,,unknown,,,-53;53;15;31
vectors/1887_x1847_pt208.bin,1887_x1847_pt208,,no,,,-128;72;78;127
vectors/1888_x1848_nz09.bin,1888_x1848_nz09,,yes,,,-49;-3;121;-6
vectors/1889_x1849_ts-11.bin,1889_x1849_ts-11,,no,,,-51;41;-18;96
vectors/1890_x1850_sc254.bin,1890_x1850_sc254,,yes,,,-128;102;107;62
vectors/1891_x1851_mx015.bin,1891_x1851_mx015,,yes,,,-40;-2;105;-2
vectors/1892_x1852_g+128.bin,1892_x1852_g+128,,unknown,,,-128;127;127;127
vectors/1893_x1853_u-016.bin,1893_x1853_u-016,,no,,,-128;84;77;117
vectors/1894_x1854_sp25.bin,1894_x1854_sp25,,unknown,,,-46;46;27;26
vectors/1895_x1855_pt116.bin,1895_x1855_pt116,,unknown,,,-128;125;81;94
vectors/1896_x1856_nz17.bin,1896_x1856_nz17,,yes,,,-55;-2;123;-6
vectors/1897_x1857_ts-03.bin,1897_x1857_ts-03,,no,,,-50;36;-16;77
vectors/1898_x1858_sc295.bin,1898_x1858_sc295,,yes,,,-128;105;109;65
vectors/1899_x1859_mx055.bin,1899_x1859_mx055,,yes,,,-13;5;62;5
vectors/1900_x1860_g-016.bin,1900_x1860_g-016,,no,,,-128;69;66;103
vectors/1901_x1861_u-030.bin,1901_x1861_u-030,,no,,,-128;74;79;108
vectors/1902_x1862_sp03.bin,1902_x1862_sp03,,unknown,,,5;26;14;12
vectors/1903_x1863_pt001.bin,1903_x1863_pt001,,silence,,,127;-119;-112;-18
vectors/1904_x1864_nz25.bin,1904_x1864_nz25,,yes,,,-52;-2;121;-4
vectors/1905_x1865_ts+05.bin,1905_x1865_ts+05,,no,,,-82;38;2;87
vectors/1906_x1866_sc035.bin,1906_x1866_sc035,,no,,,-128;80;77;108
vectors/1907_x1867_mx095.bin,1907_x1867_mx095,,yes,,,13;12;19;13
vectors/1908_x1868_g+112.bin,1908_x1868_g+112,,unknown,,,-128;127;124;127
vectors/1909_x1869_u-044.bin,1909_x1869_u-044,,no,,,-128;96;89;127
vectors/1910_x1870_sp11.bin,1910_x1870_sp11,,unknown,,,-39;40;37;12
vectors/1911_x1871_pt209.bin,1911_x1871_pt209,,no,,,-128;72;78;127
vectors/1912_x1872_nz33.bin,1912_x1872_nz33,,yes,,,-55;-4;122;-4
vectors/1913_x1873_ts-11.bin,1913_x1873_ts-11,,no,,,-51;41;-18;96
vectors/1914_x1874_sc075.bin,1914_x1874_sc075,,no,,,-128;85;82;94
vectors/1915_x1875_mx030.bin,1915_x1875_mx030,,yes,,,-30;1;89;1
vectors/1916_x1876_g-032.bin,1916_x1876_g-032,,no,,,-128;63;73;94
vectors/1917_x1877_u-058.bin,1917_x1877_u-058,,no,,,-128;102;87;127
vectors/1918_x1878_sp19.bin,1918_x1878_sp19,,unknown,,,-54;44;23;44
vectors/1919_x1879_pt117.bin,1919_x1879_pt117,,unknown,,,-128;122;90;92
vectors/1920_x1880_nz01.bin,1920_x1880_nz01,,yes,,,-50;-5;122;-4
vectors/1921_x1881_ts-03.bin,1921_x1881_ts-03,,no,,,-50;36;-16;77
vectors/1922_x1882_sc115.bin,1922_x1882_sc115,,unknown,,,-128;92;89;76
vectors/1923_x1883_mx070.bin,1923_x1883_mx070,,yes,,,-3;8;45;8
vectors/1924_x1884_g+096.bin,1924_x1884_g+096,,unknown,,,-128;127;125;127
vectors/1925_x1885_u-072.bin,1925_x1885_u-072,,no,,,-128;81;106;127
vectors/1926_x1886_sp27.bin,1926_x1886_sp27,,unknown,,,-35;47;37;5
vectors/1927_x1887_pt002.bin,1927_x1887_pt002,,yes,,,-128;119;127;25
vectors/1928_x1888_nz09.bin,1928_x1888_nz09,,yes,,,-52;-4;123;-6
vectors/1929_x1889_ts+05.bin,1929_x1889_ts+05,,no,,,-82;38;2;87
vectors/1930_x1890_sc155.bin,1930_x1890_sc155,,yes,,,-128;95;97;62
vectors/1931_x1891_mx005.bin,1931_x1891_mx005,,yes,,,-47;-3;116;-4
vectors/1932_x1892_g-048.bin,1932_x1892_g-048,,yes,,,-128;58;107;56
vectors/1933_x1893_u-086.bin,1933_x1893_u-086,,no,,,-128;77;85;99
vectors/1934_x1894_sp05.bin,1934_x1894_sp05,,unknown,,,-3;29;14;13
vectors/1935_x1895_pt210.bin,1935_x1895_pt210,,no,,,-128;72;78;127
vectors/1936_x1896_nz17.bin,1936_x1896_nz17,,yes,,,-54;-2;122;-3
vectors/1937_x1897_ts-11.bin,1937_x1897_ts-11,,no,,,-51;41;-18;96
vectors/1938_x1898_sc195.bin,1938_x1898_sc195,,yes,,,-128;97;103;58
vectors/1939_x1899_mx045.bin,1939_x1899_mx045,,yes,,,-20;3;73;3
vectors/1940_x1900_g+080.bin,1940_x1900_g+080,,no,,,-128;115;100;127
vectors/1941_x1901_u-100.bin,1941_x1901_u-100,,no,,,-128;75;70;105
vectors/1942_x1902_sp13.bin,1942_x1902_sp13,,unknown,,,-47;54;13;38
vectors/1943_x1903_pt118.bin,1943_x1903_pt118,,unknown,,,-128;125;89;87
vectors/1944_x1904_nz25.bin,1944_x1904_nz25,,yes,,,-43;-3;116;-8
vectors/1945_x1905_ts-03.bin,1945_x1905_ts-03,,no,,,-50;36;-16;77
vectors/1946_x1906_sc235.bin,1946_x1906_sc235,,yes,,,-128;101;106;60
vectors/1947_x1907_mx085.bin,1947_x1907_mx085,,yes,,,6;10;30;11
vectors/1948_x1908_g-064.bin,1948_x1908_g-064,,no,,,-110;43;46;62
vectors/1949_x1909_u-114.bin,1949_x1909_u-114,,yes,,,-128;62;82;75
vectors/1950_x1910_sp21.bin,1950_x1910_sp21,,unknown,,,-36;44;25;31
vectors/1951_x1911_pt003.bin,1951_x1911_pt003,,unknown,,,24;34;-4;-21
vectors/1952_x1912_nz33.bin,1952_x1912_nz33,,yes,,,-56;-1;121;-3
vectors/1953_x1913_ts+05.bin,1953_x1913_ts+05,,no,,,-82;38;2;87
vectors/1954_x1914_sc275.bin,1954_x1914_sc275,,yes,,,-128;104;108;64
vectors/1955_x1915_mx020.bin,1955_x1915_mx020,,yes,,,-37;-1;100;-1
vectors/1956_x1916_g+064.bin,1956_x1916_g+064,,unknown,,,-128;127;105;127
vectors/1957_x1917_u-128.bin,1957_x1917_u-128,,no,,,-128;58;54;72
vectors/1958_x1918_sp29.bin,1958_x1918_sp29,,unknown,,,-24;27;22;-6
vectors/1959_x1919_pt211.bin,1959_x1919_pt211,,no,,,-128;72;78;127
vectors/1960_x1920_nz01.bin,1960_x1920_nz01,,yes,,,-50;-4;122;-5
vectors/1961_x1921_ts-11.bin,1961_x1921_ts-11,,no,,,-51;41;-18;96
vectors/1962_x1922_sc015.bin,1962_x1922_sc015,,no,,,-128;78;76;112
vectors/1963_x1923_mx060.bin,1963_x1923_mx060,,yes,,,-10;6;56;6
vectors/1964_x1924_g-080.bin,1964_x1924_g-080,,no,,,-116;46;50;61
vectors/1965_x1925_u-016.bin,1965_x1925_u-016,,no,,,-128;93;119;127
vectors/1966_x1926_sp07.bin,1966_x1926_sp07,,unknown,,,-22;46;16;23
vectors/1967_x1927_pt119.bin,1967_x1927_pt119,,unknown,,,-128;114;85;83
vectors/1968_x1928_nz09.bin,1968_x1928_nz09,,yes,,,-49;-5;122;-6
vectors/1969_x1929_ts-03.bin,1969_x1929_ts-03,,no,,,-50;36;-16;77
vectors/1970_x1930_sc055.bin,1970_x1930_sc055,,no,,,-128;82;79;102
vectors/1971_x1931_mx100.bin,1971_x1931_mx100,,silence,,,14;14;14;14
vectors/1972_x1932_g+048.bin,1972_x1932_g+048,,no,,,-128;102;97;127
vectors/1973_x1933_u-030.bin,1973_x1933_u-030,,no,,,-128;103;103;127
vectors/1974_x1934_sp15.bin,1974_x1934_sp15,,unknown,,,-42;44;24;19
vectors/1975_x1935_pt004.bin,1975_x1935_pt004,,unknown,,,-128;127;127;22
vectors/1976_x1936_nz17.bin,1976_x1936_nz17,,yes,,,-48;-4;120;-6
vectors/1977_x1937_ts+05.bin,1977_x1937_ts+05,,no,,,-82;38;2;87
vectors/1978_x1938_sc095.bin,1978_x1938_sc095,,unknown,,,-128;89;86;85
vectors/1979_x1939_mx035.bin,1979_x1939_mx035,,yes,,,-27;2;84;2
vectors/1980_x1940_g-096.bin,1980_x1940_g-096,,unknown,,,-128;80;56;72
vectors/1981_x1941_u-044.bin,1981_x1941_u-044,,no,,,-128;81;96;122
vectors/1982_x1942_sp23.bin,1982_x1942_sp23,,unknown,,,0;47;11;5
vectors/1983_x1943_pt212.bin,1983_x1943_pt212,,no,,,-128;72;78;127
vectors/1984_x1944_nz25.bin,1984_x1944_nz25,,yes,,,-49;-2;118;-4
vectors/1985_x1945_ts-11.bin,1985_x1945_ts-11,,no,,,-51;41;-18;96
vectors/1986_x1946_sc135.bin,1986_x1946_sc135,,unknown,,,-128;94;94;68
vectors/1987_x1947_mx075.bin,1987_x1947_mx075,,yes,,,0;9;40;9
vectors/1988_x1948_g+032.bin,1988_x1948_g+032,,no,,,-128;96;86;119
vectors/1989_x1949_u-058.bin,1989_x1949_u-058,,no,,,-128;70;94;100
vectors/1990_x1950_sp01.bin,1990_x1950_sp01,,unknown,,,4;25;12;19
vectors/1991_x1951_pt120.bin,1991_x1951_pt120,,unknown,,,-128;109;75;75
vectors/1992_x1952_nz33.bin,1992_x1952_nz33,,yes,,,-51;2;117;-3
vectors/1993_x1953_ts-03.bin,1993_x1953_ts-03,,no,,,-50;36;-16;77
vectors/1994_x1954_sc175.bin,1994_x1954_sc175,,yes,,,-128;95;100;59
vectors/1995_x1955_mx010.bin,1995_x1955_mx010,,yes,,,-44;-3;111;-3
vectors/1996_x1956_g-112.bin,1996_x1956_g-112,,no,,,-13;21;22;24
vectors/1997_x1957_u-072.bin,1997_x1957_u-072,,no,,,-128;75;91;101
vectors/1998_x1958_sp09.bin,1998_x1958_sp09,,unknown,,,-20;44;19;12
vectors/1999_x1959_pt005.bin,1999_x1959_pt005,,unknown,,,-128;127;27;127
