index,name,golden_ref,predicted,matches_golden,truth_info,matches_truth_info,golden_scores,scores,score_error_pct,latency_ms,tx_ms,timeout,retries,raw
0,0153_x0113_ts+05,no,no,1,,,,,,43.964,166.721,0,0,RESULT: no
1,1920_x1880_nz01,yes,yes,1,,,,,,43.217,166.750,0,0,RESULT: yes
2,0709_x0669_u-086,no,no,1,,,,,,43.123,166.660,0,0,RESULT: no
3,1685_x1645_u-030,no,no,1,,,,,,43.005,166.785,0,0,RESULT: no
4,1268_x1228_g-064,no,no,1,,,,,,43.068,166.989,0,0,RESULT: no
5,1167_x1127_pt201,no,no,1,,,,,,43.347,166.850,0,0,RESULT: no
6,0922_x0882_sc215,yes,yes,1,,,,,,43.110,167.373,0,0,RESULT: yes
7,1356_x1316_g-016,unknown,unknown,1,,,,,,43.596,166.785,0,0,RESULT: unknown
8,1975_x1935_pt004,unknown,unknown,1,,,,,,43.759,167.062,0,0,RESULT: unknown
9,1066_x1026_sc035,no,no,1,,,,,,43.450,166.821,0,0,RESULT: no
10,0951_x0911_pt215,no,no,1,,,,,,43.345,166.764,0,0,RESULT: no
11,0493_x0453_u-086,yes,yes,1,,,,,,43.224,166.630,0,0,RESULT: yes
12,1867_x1827_mx000,yes,yes,1,,,,,,43.416,166.788,0,0,RESULT: yes
13,0971_x0931_mx035,yes,yes,1,,,,,,43.346,166.909,0,0,RESULT: yes
14,1550_x1510_sp11,unknown,unknown,1,,,,,,43.404,166.818,0,0,RESULT: unknown
15,0833_x0793_ts-11,no,no,1,,,,,,43.468,166.902,0,0,RESULT: no
16,0556_x0516_g-032,no,no,1,,,,,,43.500,166.783,0,0,RESULT: no
17,1625_x1585_ts-11,no,no,1,,,,,,43.744,166.777,0,0,RESULT: no
18,0259_x0219_mx045,yes,yes,1,,,,,,43.462,166.778,0,0,RESULT: yes
19,0203_x0163_mx080,yes,yes,1,,,,,,43.444,166.769,0,0,RESULT: yes
20,1170_x1130_sc254,yes,yes,1,,,,,,43.150,166.794,0,0,RESULT: yes
21,1177_x1137_ts-03,no,no,1,,,,,,44.004,167.016,0,0,RESULT: no
22,1526_x1486_sp17,unknown,unknown,1,,,,,,43.230,166.943,0,0,RESULT: unknown
23,0197_x0157_u-072,no,no,1,,,,,,43.070,167.066,0,0,RESULT: no
24,0353_x0313_ts-11,no,no,1,,,,,,43.544,166.879,0,0,RESULT: no
25,1692_x1652_g-080,yes,yes,1,,,,,,44.008,166.731,0,0,RESULT: yes
26,0306_x0266_sc135,unknown,unknown,1,,,,,,43.172,166.808,0,0,RESULT: unknown
27,0266_x0226_sc235,yes,yes,1,,,,,,43.569,166.788,0,0,RESULT: yes
28,0589_x0549_u-128,yes,yes,1,,,,,,43.319,166.795,0,0,RESULT: yes
29,0878_x0838_sp29,unknown,unknown,1,,,,,,43.646,166.732,0,0,RESULT: unknown
30,1123_x1083_mx060,yes,yes,1,,,,,,43.946,166.722,0,0,RESULT: yes
31,0239_x0199_pt116,unknown,unknown,1,,,,,,43.508,166.795,0,0,RESULT: unknown
32,0492_x0452_g+032,no,no,1,,,,,,43.476,166.609,0,0,RESULT: no
33,1675_x1635_mx090,yes,yes,1,,,,,,43.431,166.718,0,0,RESULT: yes
34,0582_x0542_sp03,unknown,unknown,1,,,,,,43.399,166.687,0,0,RESULT: unknown
35,0530_x0490_sc055,no,no,1,,,,,,44.049,166.683,0,0,RESULT: no
36,1708_x1668_g-096,no,no,1,,,,,,43.350,166.731,0,0,RESULT: no
37,1911_x1871_pt209,no,no,1,,,,,,43.652,166.941,0,0,RESULT: no
38,1364_x1324_g+112,unknown,unknown,1,,,,,,42.431,167.313,0,0,RESULT: unknown
39,1343_x1303_pt116,unknown,unknown,1,,,,,,43.846,166.793,0,0,RESULT: unknown
40,1821_x1781_u-016,no,no,1,,,,,,43.153,167.121,0,0,RESULT: no
41,1214_x1174_sp05,yes,yes,1,,,,,,43.485,166.734,0,0,RESULT: yes
42,1832_x1792_nz33,yes,yes,1,,,,,,43.807,166.694,0,0,RESULT: yes
43,0247_x0207_pt001,silence,silence,1,,,,,,43.601,166.702,0,0,RESULT: silence
44,0664_x0624_nz25,yes,yes,1,,,,,,43.192,166.679,0,0,RESULT: yes
45,1644_x1604_g-032,unknown,unknown,1,,,,,,43.084,166.641,0,0,RESULT: unknown
46,1829_x1789_u-030,no,no,1,,,,,,43.379,166.814,0,0,RESULT: no
47,1733_x1693_u-114,no,no,1,,,,,,44.137,166.662,0,0,RESULT: no
48,1259_x1219_mx005,yes,yes,1,,,,,,43.048,166.743,0,0,RESULT: yes
49,0786_x0746_sc135,unknown,unknown,1,,,,,,42.939,166.705,0,0,RESULT: unknown
50,1402_x1362_sc215,yes,yes,1,,,,,,44.122,166.605,0,0,RESULT: yes
51,0345_x0305_ts+05,no,no,1,,,,,,43.624,166.646,0,0,RESULT: no
52,1525_x1485_u-128,no,no,1,,,,,,43.913,166.667,0,0,RESULT: no
53,1342_x1302_sp13,unknown,unknown,1,,,,,,43.560,166.812,0,0,RESULT: unknown
54,1434_x1394_sc075,no,no,1,,,,,,43.795,166.794,0,0,RESULT: no
55,1056_x1016_nz17,yes,yes,1,,,,,,43.645,167.020,0,0,RESULT: yes
56,0016_yes_tshift-1,yes,yes,1,,,,,,42.925,166.837,0,0,RESULT: yes
57,0404_x0364_g-016,no,no,1,,,,,,42.790,167.098,0,0,RESULT: no
58,0675_x0635_mx025,yes,yes,1,,,,,,43.146,167.030,0,0,RESULT: yes
59,0097_x0057_ts-03,no,no,1,,,,,,43.798,166.985,0,0,RESULT: no
60,1247_x1207_pt112,unknown,unknown,1,,,,,,43.314,166.933,0,0,RESULT: unknown
61,1758_x1718_sp09,unknown,unknown,1,,,,,,43.021,167.128,0,0,RESULT: unknown
62,1876_x1836_g-128,yes,yes,1,,,,,,42.938,166.855,0,0,RESULT: yes
63,0340_x0300_g+048,no,no,1,,,,,,43.905,166.731,0,0,RESULT: no
64,0758_x0718_sp29,unknown,unknown,1,,,,,,43.572,166.664,0,0,RESULT: unknown
65,0887_x0847_pt120,unknown,unknown,1,,,,,,43.116,166.936,0,0,RESULT: unknown
66,1921_x1881_ts-03,no,no,1,,,,,,43.733,166.690,0,0,RESULT: no
67,0096_x0056_nz17,yes,yes,1,,,,,,43.734,166.698,0,0,RESULT: yes
68,0010_yes_noise16,yes,yes,1,,,,,,43.004,166.670,0,0,RESULT: yes
69,1862_x1822_sp23,unknown,unknown,1,,,,,,43.340,166.889,0,0,RESULT: unknown
70,1730_x1690_sc055,no,no,1,,,,,,43.239,166.882,0,0,RESULT: no
71,0399_x0359_pt215,no,no,1,,,,,,43.789,166.614,0,0,RESULT: no
72,0390_x0350_sp21,unknown,unknown,1,,,,,,43.620,167.076,0,0,RESULT: unknown
73,1507_x1467_mx090,yes,yes,1,,,,,,43.518,166.650,0,0,RESULT: yes
74,0423_x0383_pt216,no,no,1,,,,,,43.134,167.267,0,0,RESULT: no
75,0184_x0144_nz25,yes,yes,1,,,,,,43.999,166.687,0,0,RESULT: yes
76,0748_x0708_g+048,no,no,1,,,,,,42.705,167.125,0,0,RESULT: no
77,1447_x1407_pt005,unknown,unknown,1,,,,,,43.965,166.832,0,0,RESULT: unknown
78,0875_x0835_mx080,yes,yes,1,,,,,,42.721,166.939,0,0,RESULT: yes
79,0603_x0563_mx085,yes,yes,1,,,,,,43.604,166.758,0,0,RESULT: yes
80,1792_x1752_nz33,yes,yes,1,,,,,,43.726,166.881,0,0,RESULT: yes
81,0930_x0890_sc254,yes,yes,1,,,,,,43.552,166.707,0,0,RESULT: yes
82,1292_x1252_g+048,no,no,1,,,,,,43.200,166.843,0,0,RESULT: no
83,1406_x1366_sp17,unknown,unknown,1,,,,,,43.424,166.755,0,0,RESULT: unknown
84,1173_x1133_u-016,no,no,1,,,,,,43.558,166.852,0,0,RESULT: no
85,0520_x0480_nz01,yes,yes,1,,,,,,43.988,166.859,0,0,RESULT: yes
86,0012_yes_tshift+1,yes,yes,1,,,,,,43.524,166.708,0,0,RESULT: yes
87,0498_x0458_sc195,yes,yes,1,,,,,,43.537,166.816,0,0,RESULT: yes
88,1600_x1560_nz01,yes,yes,1,,,,,,43.686,166.663,0,0,RESULT: yes
89,1403_x1363_mx095,yes,yes,1,,,,,,44.059,166.643,0,0,RESULT: yes
90,0750_x0710_sp21,yes,yes,1,,,,,,43.046,166.720,0,0,RESULT: yes
91,1962_x1922_sc015,no,no,1,,,,,,43.716,166.669,0,0,RESULT: no
92,0519_x0479_pt220,no,no,1,,,,,,43.189,166.681,0,0,RESULT: no
93,1712_x1672_nz33,yes,yes,1,,,,,,43.562,166.610,0,0,RESULT: yes
94,1063_x1023_pt012,unknown,unknown,1,,,,,,43.548,166.683,0,0,RESULT: unknown
95,0698_x0658_sc295,yes,yes,1,,,,,,42.966,166.805,0,0,RESULT: yes
96,0367_x0327_pt006,unknown,unknown,1,,,,,,43.606,166.568,0,0,RESULT: unknown
97,0956_x0916_g+112,unknown,unknown,1,,,,,,43.338,166.925,0,0,RESULT: unknown
98,1193_x1153_ts-11,no,no,1,,,,,,43.836,166.776,0,0,RESULT: no
99,0800_x0760_nz01,yes,yes,1,,,,,,42.817,167.030,0,0,RESULT: yes
100,1709_x1669_u-072,no,no,1,,,,,,43.588,166.545,0,0,RESULT: no
101,1185_x1145_ts+05,no,no,1,,,,,,43.423,166.601,0,0,RESULT: no
102,0430_x0390_sp01,silence,silence,1,,,,,,43.181,166.648,0,0,RESULT: silence
103,1984_x1944_nz25,yes,yes,1,,,,,,44.036,166.629,0,0,RESULT: yes
104,1324_x1284_g+016,no,no,1,,,,,,43.298,166.618,0,0,RESULT: no
105,1518_x1478_sp09,unknown,unknown,1,,,,,,43.314,166.625,0,0,RESULT: unknown
106,0593_x0553_ts-11,no,no,1,,,,,,43.489,166.641,0,0,RESULT: no
107,0262_x0222_sp13,yes,yes,1,,,,,,43.875,166.658,0,0,RESULT: yes
108,1854_x1814_sp15,unknown,unknown,1,,,,,,43.480,166.731,0,0,RESULT: unknown
109,1065_x1025_ts+05,no,no,1,,,,,,43.851,166.789,0,0,RESULT: no
110,1826_x1786_sc235,yes,yes,1,,,,,,43.874,166.702,0,0,RESULT: yes
111,0451_x0411_mx060,yes,yes,1,,,,,,44.100,166.887,0,0,RESULT: yes
112,1746_x1706_sc135,unknown,unknown,1,,,,,,43.728,166.655,0,0,RESULT: unknown
113,0300_x0260_g-048,unknown,unknown,1,,,,,,43.163,166.926,0,0,RESULT: unknown
114,1676_x1636_g-064,yes,yes,1,,,,,,43.396,167.324,0,0,RESULT: yes
115,1373_x1333_u-114,no,no,1,,,,,,43.686,166.728,0,0,RESULT: no
116,1974_x1934_sp15,unknown,unknown,1,,,,,,43.045,166.956,0,0,RESULT: unknown
117,0405_x0365_u-058,no,no,1,,,,,,44.031,166.668,0,0,RESULT: no
118,0131_x0091_mx035,yes,yes,1,,,,,,43.467,167.047,0,0,RESULT: yes
119,1835_x1795_mx050,yes,yes,1,,,,,,43.481,166.777,0,0,RESULT: yes
120,1780_x1740_g-032,no,no,1,,,,,,43.406,166.667,0,0,RESULT: no
121,0072_x0032_nz33,yes,yes,1,,,,,,43.233,166.892,0,0,RESULT: yes
122,0918_x0878_sp09,unknown,unknown,1,,,,,,43.536,166.707,0,0,RESULT: unknown
123,0301_x0261_u-128,unknown,unknown,1,,,,,,43.047,166.788,0,0,RESULT: unknown
124,1995_x1955_mx010,yes,yes,1,,,,,,43.272,166.804,0,0,RESULT: yes
125,1586_x1546_sc235,yes,yes,1,,,,,,43.408,166.867,0,0,RESULT: yes
126,1972_x1932_g+048,no,no,1,,,,,,43.997,166.682,0,0,RESULT: no
127,1964_x1924_g-080,no,no,1,,,,,,43.282,166.725,0,0,RESULT: no
128,1218_x1178_sc195,yes,yes,1,,,,,,43.259,166.925,0,0,RESULT: yes
129,0011_no_noise16,no,no,1,,,,,,43.923,166.700,0,0,RESULT: no
130,1176_x1136_nz17,yes,yes,1,,,,,,42.789,166.921,0,0,RESULT: yes
131,0017_no_tshift-1,no,no,1,,,,,,43.287,167.229,0,0,RESULT: no
132,0949_x0909_u-128,yes,yes,1,,,,,,43.421,166.712,0,0,RESULT: yes
133,1899_x1859_mx055,yes,yes,1,,,,,,42.895,167.314,0,0,RESULT: yes
134,0965_x0925_u-030,no,no,1,,,,,,43.744,166.579,0,0,RESULT: no
135,0740_x0700_g-080,no,no,1,,,,,,43.294,166.900,0,0,RESULT: no
136,1041_x1001_ts+05,no,no,1,,,,,,43.667,166.727,0,0,RESULT: no
137,0891_x0851_mx055,yes,yes,1,,,,,,43.327,166.754,0,0,RESULT: yes
138,0579_x0539_mx070,yes,yes,1,,,,,,43.407,166.684,0,0,RESULT: yes
139,1905_x1865_ts+05,no,no,1,,,,,,43.232,166.728,0,0,RESULT: no
140,1908_x1868_g+112,unknown,unknown,1,,,,,,43.898,166.731,0,0,RESULT: unknown
141,1243_x1203_mx030,yes,yes,1,,,,,,43.393,166.725,0,0,RESULT: yes
142,1998_x1958_sp09,unknown,unknown,1,,,,,,43.560,166.650,0,0,RESULT: unknown
143,0371_x0331_mx080,yes,yes,1,,,,,,43.041,166.729,0,0,RESULT: yes
144,0992_x0952_nz33,yes,yes,1,,,,,,43.328,166.711,0,0,RESULT: yes
145,0905_x0865_ts-11,no,no,1,,,,,,43.240,166.637,0,0,RESULT: no
146,1934_x1894_sp05,unknown,unknown,1,,,,,,43.529,166.669,0,0,RESULT: unknown
147,0692_x0652_g-032,no,no,1,,,,,,43.087,166.729,0,0,RESULT: no
148,0018_yes_fshift-1,yes,yes,1,,,,,,43.080,166.953,0,0,RESULT: yes
149,1616_x1576_nz17,yes,yes,1,,,,,,43.404,166.764,0,0,RESULT: yes
150,1093_x1053_u-128,yes,yes,1,,,,,,43.341,166.956,0,0,RESULT: yes
151,1045_x1005_u-044,no,no,1,,,,,,43.427,166.782,0,0,RESULT: no
152,1297_x1257_ts-03,no,no,1,,,,,,43.338,167.024,0,0,RESULT: no
153,0860_x0820_g-064,unknown,unknown,1,,,,,,43.596,166.715,0,0,RESULT: unknown
154,1784_x1744_nz25,yes,yes,1,,,,,,43.216,166.704,0,0,RESULT: yes
155,0178_x0138_sc095,unknown,unknown,1,,,,,,43.169,166.704,0,0,RESULT: unknown
156,0882_x0842_sc015,no,no,1,,,,,,43.219,166.680,0,0,RESULT: no
157,1467_x1427_mx100,silence,silence,1,,,,,,43.516,166.687,0,0,RESULT: silence
158,1074_x1034_sc075,no,no,1,,,,,,43.876,166.740,0,0,RESULT: no
159,1333_x1293_u-044,no,no,1,,,,,,43.426,166.729,0,0,RESULT: no
160,1336_x1296_nz17,yes,yes,1,,,,,,43.163,166.881,0,0,RESULT: yes
161,1213_x1173_u-086,no,no,1,,,,,,43.931,166.645,0,0,RESULT: no
162,0702_x0662_sp03,unknown,unknown,1,,,,,,43.873,166.722,0,0,RESULT: unknown
163,1788_x1748_g+096,yes,yes,1,,,,,,43.380,166.780,0,0,RESULT: yes
164,0291_x0251_mx100,silence,silence,1,,,,,,43.229,166.670,0,0,RESULT: silence
165,1302_x1262_sp03,unknown,unknown,1,,,,,,43.097,166.754,0,0,RESULT: unknown
166,1633_x1593_ts-03,no,no,1,,,,,,43.332,166.705,0,0,RESULT: no
167,1558_x1518_sp19,unknown,unknown,1,,,,,,43.057,166.922,0,0,RESULT: unknown
168,1545_x1505_ts+05,no,no,1,,,,,,43.306,166.767,0,0,RESULT: no
169,1429_x1389_u-086,yes,yes,1,,,,,,43.374,166.898,0,0,RESULT: yes
170,1048_x1008_nz09,yes,yes,1,,,,,,44.140,166.755,0,0,RESULT: yes
171,0481_x0441_ts-03,no,no,1,,,,,,43.272,167.090,0,0,RESULT: no
172,1655_x1615_pt106,unknown,unknown,1,,,,,,43.526,166.765,0,0,RESULT: unknown
173,0686_x0646_sp17,unknown,unknown,1,,,,,,43.269,166.754,0,0,RESULT: unknown
174,1574_x1534_sp05,unknown,unknown,1,,,,,,43.495,166.814,0,0,RESULT: unknown
175,0162_x0122_sc015,no,no,1,,,,,,43.027,166.767,0,0,RESULT: no
176,1611_x1571_mx085,yes,yes,1,,,,,,42.867,166.945,0,0,RESULT: yes
177,0534_x0494_sp15,unknown,unknown,1,,,,,,43.643,166.744,0,0,RESULT: unknown
178,0189_x0149_u-058,no,no,1,,,,,,43.423,166.680,0,0,RESULT: no
179,0772_x0732_g-112,no,no,1,,,,,,43.739,166.804,0,0,RESULT: no
180,0406_x0366_sp07,unknown,unknown,1,,,,,,43.934,166.870,0,0,RESULT: unknown
181,1148_x1108_g-080,unknown,unknown,1,,,,,,43.624,166.811,0,0,RESULT: unknown
182,0939_x0899_mx085,yes,yes,1,,,,,,43.669,166.663,0,0,RESULT: yes
183,0490_x0450_sc155,yes,yes,1,,,,,,43.073,166.783,0,0,RESULT: yes
184,1514_x1474_sc175,yes,yes,1,,,,,,43.280,166.738,0,0,RESULT: yes
185,1671_x1631_pt222,no,no,1,,,,,,43.614,166.683,0,0,RESULT: no
186,1327_x1287_pt023,unknown,unknown,1,,,,,,43.051,166.760,0,0,RESULT: unknown
187,0691_x0651_mx000,yes,yes,1,,,,,,42.970,166.900,0,0,RESULT: yes
188,0352_x0312_nz33,yes,yes,1,,,,,,42.799,166.995,0,0,RESULT: yes
189,0019_no_fshift-1,unknown,unknown,1,,,,,,43.709,166.775,0,0,RESULT: unknown
190,1009_x0969_ts-03,no,no,1,,,,,,43.723,167.224,0,0,RESULT: no
191,0744_x0704_nz25,yes,yes,1,,,,,,43.921,166.717,0,0,RESULT: yes
192,1361_x1321_ts-11,no,no,1,,,,,,43.106,166.791,0,0,RESULT: no
193,1437_x1397_u-100,no,no,1,,,,,,43.088,166.745,0,0,RESULT: no
194,0639_x0599_pt202,no,no,1,,,,,,43.046,166.723,0,0,RESULT: no
195,0614_x0574_sp05,unknown,unknown,1,,,,,,43.569,166.598,0,0,RESULT: unknown
196,0931_x0891_mx045,yes,yes,1,,,,,,43.773,166.803,0,0,RESULT: yes
197,1232_x1192_nz33,yes,yes,1,,,,,,42.960,166.810,0,0,RESULT: yes
198,0212_x0172_g-096,yes,yes,1,,,,,,44.026,166.714,0,0,RESULT: yes
199,0046_x0006_sp07,unknown,unknown,1,,,,,,43.681,166.699,0,0,RESULT: unknown
200,1444_x1404_g+032,no,no,1,,,,,,43.209,166.624,0,0,RESULT: no
201,0746_x0706_sc235,yes,yes,1,,,,,,43.123,166.642,0,0,RESULT: yes
202,0439_x0399_pt009,unknown,unknown,1,,,,,,43.645,166.682,0,0,RESULT: unknown
203,0157_x0117_u-128,yes,yes,1,,,,,,44.123,166.684,0,0,RESULT: yes
204,1460_x1420_g+016,no,no,1,,,,,,43.043,166.696,0,0,RESULT: no
205,1334_x1294_sp05,unknown,unknown,1,,,,,,42.856,166.966,0,0,RESULT: unknown
206,1728_x1688_nz09,yes,yes,1,,,,,,43.049,166.731,0,0,RESULT: yes
207,1567_x1527_pt010,unknown,unknown,1,,,,,,43.039,167.016,0,0,RESULT: unknown
208,1432_x1392_nz33,yes,yes,1,,,,,,42.829,167.058,0,0,RESULT: yes
209,1140_x1100_g+064,yes,yes,1,,,,,,43.758,167.125,0,0,RESULT: yes
210,1724_x1684_g-112,yes,yes,1,,,,,,43.704,166.845,0,0,RESULT: yes
211,1765_x1725_u-044,no,no,1,,,,,,43.540,166.778,0,0,RESULT: no
212,1236_x1196_g-032,yes,yes,1,,,,,,43.887,166.682,0,0,RESULT: yes
213,1604_x1564_g-128,unknown,unknown,1,,,,,,43.404,166.656,0,0,RESULT: unknown
214,0172_x0132_g+080,no,no,1,,,,,,43.587,166.604,0,0,RESULT: no
215,0669_x0629_u-016,no,no,1,,,,,,43.052,166.754,0,0,RESULT: no
216,1220_x1180_g-016,no,no,1,,,,,,43.456,166.764,0,0,RESULT: no
217,1346_x1306_sc235,yes,yes,1,,,,,,43.647,166.688,0,0,RESULT: yes
218,1503_x1463_pt215,no,no,1,,,,,,43.829,166.691,0,0,RESULT: no
219,0896_x0856_nz17,yes,yes,1,,,,,,42.997,166.701,0,0,RESULT: yes
220,0910_x0870_sp01,yes,yes,1,,,,,,43.579,166.648,0,0,RESULT: yes
221,1061_x1021_u-072,no,no,1,,,,,,43.220,166.694,0,0,RESULT: no
222,1499_x1459_mx050,yes,yes,1,,,,,,43.018,166.722,0,0,RESULT: yes
223,0997_x0957_u-086,no,no,1,,,,,,43.654,166.722,0,0,RESULT: no
224,1030_x0990_sp01,silence,silence,1,,,,,,43.257,167.084,0,0,RESULT: silence
225,1939_x1899_mx045,yes,yes,1,,,,,,43.653,166.780,0,0,RESULT: yes
226,1855_x1815_pt022,unknown,unknown,1,,,,,,42.984,167.053,0,0,RESULT: unknown
227,1881_x1841_ts+05,no,no,1,,,,,,43.172,166.769,0,0,RESULT: no
228,1019_x0979_mx065,yes,yes,1,,,,,,43.029,167.090,0,0,RESULT: yes
229,1913_x1873_ts-11,no,no,1,,,,,,43.050,166.752,0,0,RESULT: no
230,0241_x0201_ts-03,no,no,1,,,,,,43.356,166.699,0,0,RESULT: no
231,1719_x1679_pt201,no,no,1,,,,,,43.138,166.700,0,0,RESULT: no
232,0501_x0461_u-100,no,no,1,,,,,,43.088,166.626,0,0,RESULT: no
233,1520_x1480_nz01,yes,yes,1,,,,,,43.354,166.742,0,0,RESULT: yes
234,0952_x0912_nz33,yes,yes,1,,,,,,43.573,167.126,0,0,RESULT: yes
235,1201_x1161_ts-03,no,no,1,,,,,,43.607,166.629,0,0,RESULT: no
236,0509_x0469_u-114,no,no,1,,,,,,43.197,166.779,0,0,RESULT: no
237,1331_x1291_mx050,yes,yes,1,,,,,,43.671,166.658,0,0,RESULT: yes
238,1098_x1058_sc195,yes,yes,1,,,,,,43.530,166.726,0,0,RESULT: yes
239,1496_x1456_nz17,yes,yes,1,,,,,,43.748,166.713,0,0,RESULT: yes
240,0171_x0131_mx025,yes,yes,1,,,,,,43.053,166.754,0,0,RESULT: yes
241,1433_x1393_ts-11,no,no,1,,,,,,43.276,166.707,0,0,RESULT: no
242,1367_x1327_pt117,unknown,unknown,1,,,,,,43.796,166.841,0,0,RESULT: unknown
243,1191_x1151_pt202,no,no,1,,,,,,43.725,166.650,0,0,RESULT: no
244,1145_x1105_ts-11,no,no,1,,,,,,43.224,166.947,0,0,RESULT: no
245,1894_x1854_sp25,unknown,unknown,1,,,,,,44.006,166.836,0,0,RESULT: unknown
246,1506_x1466_sc135,unknown,unknown,1,,,,,,43.036,166.927,0,0,RESULT: unknown
247,0869_x0829_u-114,yes,yes,1,,,,,,43.527,166.735,0,0,RESULT: yes
248,0549_x0509_u-058,no,no,1,,,,,,43.229,166.739,0,0,RESULT: no
249,0416_x0376_nz17,yes,yes,1,,,,,,43.117,166.930,0,0,RESULT: yes
250,1657_x1617_ts-03,no,no,1,,,,,,43.441,167.030,0,0,RESULT: no
251,0610_x0570_sc155,yes,yes,1,,,,,,43.178,167.242,0,0,RESULT: yes
252,0865_x0825_ts-03,no,no,1,,,,,,43.300,166.835,0,0,RESULT: no
253,1588_x1548_g-112,no,no,1,,,,,,43.568,166.683,0,0,RESULT: no
254,0807_x0767_pt209,no,no,1,,,,,,43.429,166.683,0,0,RESULT: no
255,1651_x1611_mx075,yes,yes,1,,,,,,42.921,167.181,0,0,RESULT: yes
256,0221_x0181_u-114,yes,yes,1,,,,,,43.210,166.743,0,0,RESULT: yes
257,1553_x1513_ts-11,no,no,1,,,,,,43.563,166.730,0,0,RESULT: no
258,1494_x1454_sp15,no,no,1,,,,,,43.776,166.597,0,0,RESULT: no
259,1085_x1045_u-114,no,no,1,,,,,,43.738,166.739,0,0,RESULT: no
260,0461_x0421_u-030,no,no,1,,,,,,43.922,166.673,0,0,RESULT: no
261,1440_x1400_nz01,yes,yes,1,,,,,,43.481,166.864,0,0,RESULT: yes
262,1942_x1902_sp13,unknown,unknown,1,,,,,,43.553,166.707,0,0,RESULT: unknown
263,0357_x0317_u-100,no,no,1,,,,,,43.229,166.885,0,0,RESULT: no
264,1953_x1913_ts+05,no,no,1,,,,,,43.376,166.984,0,0,RESULT: no
265,1985_x1945_ts-11,no,no,1,,,,,,42.612,167.127,0,0,RESULT: no
266,0021_mix_yes50,yes,yes,1,,,,,,43.697,166.683,0,0,RESULT: yes
267,0560_x0520_nz01,yes,yes,1,,,,,,44.047,166.633,0,0,RESULT: yes
268,1351_x1311_pt001,silence,silence,1,,,,,,43.098,166.693,0,0,RESULT: silence
269,0923_x0883_mx005,yes,yes,1,,,,,,43.756,166.852,0,0,RESULT: yes
270,0094_x0054_sp25,unknown,unknown,1,,,,,,43.324,167.032,0,0,RESULT: unknown
271,1605_x1565_u-016,no,no,1,,,,,,42.947,166.767,0,0,RESULT: no
272,1969_x1929_ts-03,no,no,1,,,,,,42.772,167.141,0,0,RESULT: no
273,1122_x1082_sc015,no,no,1,,,,,,43.231,166.700,0,0,RESULT: no
274,0914_x0874_sc175,yes,yes,1,,,,,,43.302,166.641,0,0,RESULT: yes
275,0219_x0179_mx055,yes,yes,1,,,,,,42.982,166.737,0,0,RESULT: yes
276,0104_x0064_nz25,yes,yes,1,,,,,,43.960,166.825,0,0,RESULT: yes
277,1816_x1776_nz17,yes,yes,1,,,,,,43.908,166.720,0,0,RESULT: yes
278,1445_x1405_u-114,yes,yes,1,,,,,,43.424,166.790,0,0,RESULT: yes
279,0324_x0284_g+064,yes,yes,1,,,,,,43.083,166.664,0,0,RESULT: yes
280,1735_x1695_pt017,unknown,unknown,1,,,,,,43.853,166.645,0,0,RESULT: unknown
281,0111_x0071_pt203,no,no,1,,,,,,43.655,166.845,0,0,RESULT: no
282,1136_x1096_nz17,yes,yes,1,,,,,,43.606,166.741,0,0,RESULT: yes
283,1836_x1796_g+048,no,no,1,,,,,,43.013,166.843,0,0,RESULT: no
284,0385_x0345_ts-03,no,no,1,,,,,,43.171,166.779,0,0,RESULT: no
285,0379_x0339_mx015,yes,yes,1,,,,,,43.747,166.630,0,0,RESULT: yes
286,1759_x1719_pt018,unknown,unknown,1,,,,,,43.937,166.670,0,0,RESULT: unknown
287,0177_x0137_ts+05,no,no,1,,,,,,43.367,166.795,0,0,RESULT: no
288,1291_x1251_mx060,yes,yes,1,,,,,,43.382,166.761,0,0,RESULT: yes
289,0787_x0747_mx060,yes,yes,1,,,,,,42.791,167.167,0,0,RESULT: yes
290,0122_x0082_sc115,unknown,unknown,1,,,,,,43.686,166.793,0,0,RESULT: unknown
291,0429_x0389_u-100,no,no,1,,,,,,43.519,167.067,0,0,RESULT: no
292,1130_x1090_sc055,no,no,1,,,,,,43.568,166.771,0,0,RESULT: no
293,0202_x0162_sc215,yes,yes,1,,,,,,43.733,167.063,0,0,RESULT: yes
294,1670_x1630_sp11,unknown,unknown,1,,,,,,43.881,166.711,0,0,RESULT: unknown
295,1533_x1493_u-016,no,no,1,,,,,,43.430,166.997,0,0,RESULT: no
296,1037_x0997_u-030,no,no,1,,,,,,43.522,166.727,0,0,RESULT: no
297,1886_x1846_sp17,unknown,unknown,1,,,,,,43.363,166.821,0,0,RESULT: unknown
298,1752_x1712_nz33,yes,yes,1,,,,,,43.123,166.944,0,0,RESULT: yes
299,1994_x1954_sc175,yes,yes,1,,,,,,43.004,166.948,0,0,RESULT: yes
300,0659_x0619_mx050,yes,yes,1,,,,,,43.049,166.649,0,0,RESULT: yes
301,1141_x1101_u-086,no,no,1,,,,,,43.581,166.840,0,0,RESULT: no
302,0689_x0649_ts-11,no,no,1,,,,,,43.326,166.728,0,0,RESULT: no
303,1462_x1422_sp13,unknown,unknown,1,,,,,,43.047,166.718,0,0,RESULT: unknown
304,0193_x0153_ts-03,no,no,1,,,,,,43.240,166.684,0,0,RESULT: no
305,1202_x1162_sc115,unknown,unknown,1,,,,,,43.110,166.829,0,0,RESULT: unknown
306,0737_x0697_ts-11,no,no,1,,,,,,43.288,166.840,0,0,RESULT: no
307,1284_x1244_g-080,yes,yes,1,,,,,,42.913,166.826,0,0,RESULT: yes
308,1828_x1788_g-080,no,no,1,,,,,,43.188,166.792,0,0,RESULT: no
309,1018_x0978_sc095,unknown,unknown,1,,,,,,43.453,166.791,0,0,RESULT: unknown
310,0252_x0212_g+000,no,no,1,,,,,,43.687,166.818,0,0,RESULT: no
311,0959_x0919_pt123,unknown,unknown,1,,,,,,43.170,166.808,0,0,RESULT: unknown
312,1033_x0993_ts-03,no,no,1,,,,,,43.389,166.598,0,0,RESULT: no
313,1581_x1541_u-100,yes,yes,1,,,,,,43.429,166.772,0,0,RESULT: yes
314,1124_x1084_g+080,no,no,1,,,,,,43.090,167.024,0,0,RESULT: no
315,1233_x1193_ts+05,no,no,1,,,,,,43.234,166.718,0,0,RESULT: no
316,1529_x1489_ts-11,no,no,1,,,,,,42.788,167.060,0,0,RESULT: no
317,0237_x0197_u-016,no,no,1,,,,,,43.089,166.846,0,0,RESULT: no
318,1340_x1300_g+000,no,no,1,,,,,,43.927,166.698,0,0,RESULT: no
319,1454_x1414_sp05,unknown,unknown,1,,,,,,43.162,166.678,0,0,RESULT: unknown
320,0342_x0302_sp03,yes,yes,1,,,,,,43.343,166.793,0,0,RESULT: yes
321,0165_x0125_u-016,no,no,1,,,,,,43.951,166.753,0,0,RESULT: no
322,1912_x1872_nz33,yes,yes,1,,,,,,43.122,166.750,0,0,RESULT: yes
323,0533_x0493_u-030,no,no,1,,,,,,43.561,166.644,0,0,RESULT: no
324,1691_x1651_mx065,yes,yes,1,,,,,,43.027,166.776,0,0,RESULT: yes
325,0058_x0018_sc095,unknown,unknown,1,,,,,,43.224,166.679,0,0,RESULT: unknown
326,0059_x0019_mx095,yes,yes,1,,,,,,43.031,166.723,0,0,RESULT: yes
327,0039_ramp,unknown,unknown,1,,,,,,43.351,166.655,0,0,RESULT: unknown
328,1799_x1759_pt112,unknown,unknown,1,,,,,,43.540,166.862,0,0,RESULT: unknown
329,1112_x1072_nz33,yes,yes,1,,,,,,43.507,166.582,0,0,RESULT: yes
330,0872_x0832_nz33,yes,yes,1,,,,,,43.047,166.704,0,0,RESULT: yes
331,0280_x0240_nz01,yes,yes,1,,,,,,43.228,167.143,0,0,RESULT: yes
332,0780_x0740_g+016,no,no,1,,,,,,43.226,166.924,0,0,RESULT: no
333,1798_x1758_sp19,unknown,unknown,1,,,,,,43.379,166.785,0,0,RESULT: unknown
334,0159_x0119_pt205,no,no,1,,,,,,43.820,166.722,0,0,RESULT: no
335,0651_x0611_mx010,yes,yes,1,,,,,,42.570,167.462,0,0,RESULT: yes
336,0344_x0304_nz25,yes,yes,1,,,,,,43.269,166.903,0,0,RESULT: yes
337,1449_x1409_ts+05,no,no,1,,,,,,42.899,167.080,0,0,RESULT: no
338,1054_x1014_sp25,unknown,unknown,1,,,,,,43.931,166.768,0,0,RESULT: unknown
339,0795_x0755_mx100,silence,silence,1,,,,,,43.027,166.868,0,0,RESULT: silence
340,0333_x0293_u-058,no,no,1,,,,,,43.199,166.671,0,0,RESULT: no
341,1703_x1663_pt108,unknown,unknown,1,,,,,,43.348,166.759,0,0,RESULT: unknown
342,0830_x0790_sp11,unknown,unknown,1,,,,,,43.034,166.683,0,0,RESULT: unknown
343,0230_x0190_sp11,unknown,unknown,1,,,,,,43.039,166.845,0,0,RESULT: unknown
344,1117_x1077_u-044,no,no,1,,,,,,43.462,167.191,0,0,RESULT: no
345,0770_x0730_sc055,no,no,1,,,,,,43.485,166.942,0,0,RESULT: no
346,0181_x0141_u-044,no,no,1,,,,,,43.679,166.792,0,0,RESULT: no
347,1544_x1504_nz25,yes,yes,1,,,,,,43.180,166.829,0,0,RESULT: yes
348,0386_x0346_sc235,yes,yes,1,,,,,,43.362,166.675,0,0,RESULT: yes
349,1376_x1336_nz17,yes,yes,1,,,,,,43.431,166.714,0,0,RESULT: yes
350,0288_x0248_nz09,yes,yes,1,,,,,,43.481,166.680,0,0,RESULT: yes
351,0996_x0956_g-064,yes,yes,1,,,,,,42.918,166.886,0,0,RESULT: yes
352,1771_x1731_mx045,yes,yes,1,,,,,,42.821,167.023,0,0,RESULT: yes
353,1932_x1892_g-048,yes,yes,1,,,,,,43.513,166.799,0,0,RESULT: yes
354,1738_x1698_sc095,unknown,unknown,1,,,,,,42.647,167.136,0,0,RESULT: unknown
355,0513_x0473_ts+05,no,no,1,,,,,,43.019,166.864,0,0,RESULT: no
356,0167_x0127_pt113,unknown,unknown,1,,,,,,43.603,166.647,0,0,RESULT: unknown
357,1615_x1575_pt012,unknown,unknown,1,,,,,,43.943,166.780,0,0,RESULT: unknown
358,1542_x1502_sp03,no,no,1,,,,,,43.141,166.838,0,0,RESULT: no
359,0149_x0109_u-114,unknown,unknown,1,,,,,,43.328,166.588,0,0,RESULT: unknown
360,0799_x0759_pt001,silence,silence,1,,,,,,43.435,166.735,0,0,RESULT: silence
361,0006_yes_noise4,yes,yes,1,,,,,,42.986,166.622,0,0,RESULT: yes
362,0236_x0196_g+016,no,no,1,,,,,,43.081,166.693,0,0,RESULT: no
363,1781_x1741_u-072,no,no,1,,,,,,43.018,166.678,0,0,RESULT: no
364,1885_x1845_u-128,no,no,1,,,,,,43.420,166.789,0,0,RESULT: no
365,0479_x0439_pt103,silence,silence,1,,,,,,43.088,167.274,0,0,RESULT: silence
366,1523_x1483_mx065,yes,yes,1,,,,,,43.218,166.668,0,0,RESULT: yes
367,1005_x0965_u-100,no,no,1,,,,,,43.929,166.772,0,0,RESULT: no
368,0272_x0232_nz33,yes,yes,1,,,,,,43.270,166.713,0,0,RESULT: yes
369,1702_x1662_sp13,unknown,unknown,1,,,,,,43.477,166.611,0,0,RESULT: unknown
370,0637_x0597_u-086,no,no,1,,,,,,43.495,166.619,0,0,RESULT: no
371,1736_x1696_nz17,yes,yes,1,,,,,,42.809,166.916,0,0,RESULT: yes
372,0859_x0819_mx000,yes,yes,1,,,,,,43.384,166.600,0,0,RESULT: yes
373,1694_x1654_sp05,unknown,unknown,1,,,,,,42.995,167.029,0,0,RESULT: unknown
374,1731_x1691_mx055,yes,yes,1,,,,,,43.303,166.654,0,0,RESULT: yes
375,0602_x0562_sc115,unknown,unknown,1,,,,,,43.284,166.739,0,0,RESULT: unknown
376,0422_x0382_sp23,unknown,unknown,1,,,,,,43.148,166.727,0,0,RESULT: unknown
377,0754_x0714_sc275,yes,yes,1,,,,,,43.596,166.699,0,0,RESULT: yes
378,0472_x0432_nz33,yes,yes,1,,,,,,43.032,166.842,0,0,RESULT: yes
379,0797_x0757_u-114,no,no,1,,,,,,43.381,166.777,0,0,RESULT: no
380,1240_x1200_nz01,yes,yes,1,,,,,,43.779,166.648,0,0,RESULT: yes
381,0154_x0114_sc275,yes,yes,1,,,,,,43.371,166.866,0,0,RESULT: yes
382,0129_x0089_ts+05,no,no,1,,,,,,43.255,166.783,0,0,RESULT: no
383,1493_x1453_u-072,no,no,1,,,,,,43.019,166.746,0,0,RESULT: no
384,0225_x0185_ts+05,no,no,1,,,,,,43.791,166.790,0,0,RESULT: no
385,1898_x1858_sc295,yes,yes,1,,,,,,43.258,166.650,0,0,RESULT: yes
386,1583_x1543_pt103,silence,silence,1,,,,,,43.278,166.742,0,0,RESULT: silence
387,1439_x1399_pt120,unknown,unknown,1,,,,,,43.241,167.047,0,0,RESULT: unknown
388,0289_x0249_ts-03,no,no,1,,,,,,43.019,166.946,0,0,RESULT: no
389,1936_x1896_nz17,yes,yes,1,,,,,,43.880,166.601,0,0,RESULT: yes
390,1365_x1325_u-100,unknown,unknown,1,,,,,,42.833,167.025,0,0,RESULT: unknown
391,0633_x0593_ts+05,no,no,1,,,,,,43.398,166.674,0,0,RESULT: no
392,1602_x1562_sc015,no,no,1,,,,,,43.643,166.812,0,0,RESULT: no
393,0889_x0849_ts-03,no,no,1,,,,,,43.254,166.726,0,0,RESULT: no
394,1502_x1462_sp23,unknown,unknown,1,,,,,,43.742,166.716,0,0,RESULT: unknown
395,1088_x1048_nz09,yes,yes,1,,,,,,43.743,166.877,0,0,RESULT: yes
396,0170_x0130_sc055,no,no,1,,,,,,43.012,166.777,0,0,RESULT: no
397,1991_x1951_pt120,unknown,unknown,1,,,,,,43.179,166.859,0,0,RESULT: unknown
398,0540_x0500_g-016,no,no,1,,,,,,43.930,166.769,0,0,RESULT: no
399,1178_x1138_sc295,yes,yes,1,,,,,,43.906,166.860,0,0,RESULT: yes
400,1181_x1141_u-030,no,no,1,,,,,,43.246,166.678,0,0,RESULT: no
401,1681_x1641_ts-03,no,no,1,,,,,,43.243,166.831,0,0,RESULT: no
402,0980_x0940_g-048,no,no,1,,,,,,43.426,166.909,0,0,RESULT: no
403,1516_x1476_g+096,no,no,1,,,,,,43.128,166.686,0,0,RESULT: no
404,1443_x1403_mx085,yes,yes,1,,,,,,43.715,166.792,0,0,RESULT: yes
405,0877_x0837_u-128,yes,yes,1,,,,,,42.603,167.133,0,0,RESULT: yes
406,1144_x1104_nz25,yes,yes,1,,,,,,43.463,166.713,0,0,RESULT: yes
407,1988_x1948_g+032,no,no,1,,,,,,43.062,167.072,0,0,RESULT: no
408,1669_x1629_u-128,yes,yes,1,,,,,,42.980,166.751,0,0,RESULT: yes
409,0729_x0689_ts+05,no,no,1,,,,,,43.987,166.643,0,0,RESULT: no
410,0661_x0621_u-128,no,no,1,,,,,,43.876,166.660,0,0,RESULT: no
411,0125_x0085_u-072,no,no,1,,,,,,43.404,166.630,0,0,RESULT: no
412,0452_x0412_g-064,unknown,unknown,1,,,,,,43.278,166.717,0,0,RESULT: unknown
413,1104_x1064_nz25,yes,yes,1,,,,,,43.489,166.701,0,0,RESULT: yes
414,0957_x0917_u-016,yes,yes,1,,,,,,43.437,166.693,0,0,RESULT: yes
415,1860_x1820_g-112,yes,yes,1,,,,,,43.333,166.709,0,0,RESULT: yes
416,0818_x0778_sc295,yes,yes,1,,,,,,43.565,166.756,0,0,RESULT: yes
417,0531_x0491_mx040,yes,yes,1,,,,,,43.402,166.698,0,0,RESULT: yes
418,1488_x1448_nz09,yes,yes,1,,,,,,43.484,166.704,0,0,RESULT: yes
419,0255_x0215_pt209,no,no,1,,,,,,43.343,166.708,0,0,RESULT: no
420,0717_x0677_u-100,unknown,unknown,1,,,,,,43.162,166.634,0,0,RESULT: unknown
421,1729_x1689_ts-03,no,no,1,,,,,,43.134,166.692,0,0,RESULT: no
422,0450_x0410_sc254,yes,yes,1,,,,,,42.726,167.231,0,0,RESULT: yes
423,1566_x1526_sp27,unknown,unknown,1,,,,,,43.418,166.685,0,0,RESULT: unknown
424,1931_x1891_mx005,yes,yes,1,,,,,,42.942,167.005,0,0,RESULT: yes
425,1557_x1517_u-058,no,no,1,,,,,,43.653,166.694,0,0,RESULT: no
426,1246_x1206_sp07,no,no,1,,,,,,43.889,166.816,0,0,RESULT: no
427,0568_x0528_nz09,yes,yes,1,,,,,,43.677,166.936,0,0,RESULT: yes
428,0433_x0393_ts-03,no,no,1,,,,,,42.912,166.801,0,0,RESULT: no
429,0768_x0728_nz09,yes,yes,1,,,,,,43.533,166.766,0,0,RESULT: yes
430,0196_x0156_g-080,no,no,1,,,,,,43.281,166.740,0,0,RESULT: no
431,0839_x0799_pt118,unknown,unknown,1,,,,,,43.098,166.757,0,0,RESULT: unknown
432,0611_x0571_mx020,yes,yes,1,,,,,,43.514,166.574,0,0,RESULT: yes
433,1153_x1113_ts-03,no,no,1,,,,,,43.245,166.676,0,0,RESULT: no
434,1875_x1835_mx040,yes,yes,1,,,,,,43.453,166.813,0,0,RESULT: yes
435,0929_x0889_ts-11,no,no,1,,,,,,43.320,166.890,0,0,RESULT: no
436,1801_x1761_ts-03,no,no,1,,,,,,43.673,166.828,0,0,RESULT: no
437,1565_x1525_u-072,no,no,1,,,,,,43.589,166.605,0,0,RESULT: no
438,1160_x1120_nz01,yes,yes,1,,,,,,43.618,166.740,0,0,RESULT: yes
439,0706_x0666_sc035,no,no,1,,,,,,43.569,166.788,0,0,RESULT: no
440,1640_x1600_nz01,yes,yes,1,,,,,,43.932,166.648,0,0,RESULT: yes
441,0704_x0664_nz25,yes,yes,1,,,,,,42.962,167.001,0,0,RESULT: yes
442,1795_x1755_mx060,yes,yes,1,,,,,,43.373,166.818,0,0,RESULT: yes
443,0597_x0557_u-016,no,no,1,,,,,,42.814,167.010,0,0,RESULT: no
444,0868_x0828_g+064,no,no,1,,,,,,42.862,166.839,0,0,RESULT: no
445,0463_x0423_pt010,unknown,unknown,1,,,,,,43.588,166.581,0,0,RESULT: unknown
446,1174_x1134_sp25,unknown,unknown,1,,,,,,43.308,166.823,0,0,RESULT: unknown
447,0049_x0009_ts-03,no,no,1,,,,,,43.690,166.847,0,0,RESULT: no
448,1039_x0999_pt011,unknown,unknown,1,,,,,,43.113,166.888,0,0,RESULT: unknown
449,0283_x0243_mx060,yes,yes,1,,,,,,43.785,166.783,0,0,RESULT: yes
450,1654_x1614_sp25,unknown,unknown,1,,,,,,43.567,166.825,0,0,RESULT: unknown
451,0631_x0591_pt017,unknown,unknown,1,,,,,,43.764,166.692,0,0,RESULT: unknown
452,1034_x0994_sc175,yes,yes,1,,,,,,43.106,166.681,0,0,RESULT: yes
453,1957_x1917_u-128,no,no,1,,,,,,43.069,166.792,0,0,RESULT: no
454,1774_x1734_sp25,unknown,unknown,1,,,,,,43.936,166.716,0,0,RESULT: unknown
455,0417_x0377_ts+05,no,no,1,,,,,,43.322,166.779,0,0,RESULT: no
456,0458_x0418_sc295,yes,yes,1,,,,,,43.339,166.683,0,0,RESULT: yes
457,1042_x1002_sc215,yes,yes,1,,,,,,43.091,166.806,0,0,RESULT: yes
458,1248_x1208_nz09,yes,yes,1,,,,,,42.890,167.134,0,0,RESULT: yes
459,0913_x0873_ts-03,no,no,1,,,,,,42.908,166.796,0,0,RESULT: no
460,1513_x1473_ts-03,no,no,1,,,,,,42.711,166.995,0,0,RESULT: no
461,0441_x0401_ts+05,no,no,1,,,,,,43.251,166.642,0,0,RESULT: no
462,1564_x1524_g+048,no,no,1,,,,,,43.301,166.675,0,0,RESULT: no
463,1114_x1074_sc275,yes,yes,1,,,,,,43.004,166.762,0,0,RESULT: yes
464,0906_x0866_sc135,unknown,unknown,1,,,,,,43.610,166.778,0,0,RESULT: unknown
465,1200_x1160_nz01,yes,yes,1,,,,,,43.373,166.563,0,0,RESULT: yes
466,0317_x0277_u-030,no,no,1,,,,,,43.949,166.685,0,0,RESULT: no
467,1038_x0998_sp09,unknown,unknown,1,,,,,,43.357,166.660,0,0,RESULT: unknown
468,0431_x0391_pt101,yes,yes,1,,,,,,43.043,166.734,0,0,RESULT: yes
469,0942_x0902_sp03,unknown,unknown,1,,,,,,44.026,166.652,0,0,RESULT: unknown
470,0682_x0642_sc215,yes,yes,1,,,,,,43.792,166.834,0,0,RESULT: yes
471,0538_x0498_sc095,unknown,unknown,1,,,,,,43.348,166.731,0,0,RESULT: unknown
472,0510_x0470_sp21,unknown,unknown,1,,,,,,43.183,166.664,0,0,RESULT: unknown
473,0850_x0810_sc155,yes,yes,1,,,,,,43.199,166.722,0,0,RESULT: yes
474,0391_x0351_pt007,unknown,unknown,1,,,,,,43.003,166.768,0,0,RESULT: unknown
475,1812_x1772_g-064,unknown,unknown,1,,,,,,43.475,166.812,0,0,RESULT: unknown
476,1764_x1724_g-016,unknown,unknown,1,,,,,,42.890,166.859,0,0,RESULT: unknown
477,1289_x1249_ts-11,no,no,1,,,,,,43.198,167.117,0,0,RESULT: no
478,1299_x1259_mx100,silence,silence,1,,,,,,43.365,166.746,0,0,RESULT: silence
479,0741_x0701_u-016,no,no,1,,,,,,43.013,167.010,0,0,RESULT: no
480,1244_x1204_g+096,unknown,unknown,1,,,,,,43.852,166.718,0,0,RESULT: unknown
481,0762_x0722_sc015,no,no,1,,,,,,43.041,167.026,0,0,RESULT: no
482,0401_x0361_ts-11,no,no,1,,,,,,43.243,166.757,0,0,RESULT: no
483,0809_x0769_ts-11,no,no,1,,,,,,43.076,166.672,0,0,RESULT: no
484,1275_x1235_mx085,yes,yes,1,,,,,,43.540,166.625,0,0,RESULT: yes
485,1305_x1265_ts+05,no,no,1,,,,,,43.529,166.788,0,0,RESULT: no
486,0192_x0152_nz33,yes,yes,1,,,,,,43.442,166.758,0,0,RESULT: yes
487,0364_x0324_g-112,no,no,1,,,,,,43.875,166.791,0,0,RESULT: no
488,0618_x0578_sc195,yes,yes,1,,,,,,43.276,166.664,0,0,RESULT: yes
489,0427_x0387_mx045,yes,yes,1,,,,,,43.393,166.733,0,0,RESULT: yes
490,1705_x1665_ts-03,no,no,1,,,,,,43.411,166.721,0,0,RESULT: no
491,0215_x0175_pt115,unknown,unknown,1,,,,,,43.137,166.885,0,0,RESULT: unknown
492,0081_x0041_ts+05,no,no,1,,,,,,43.260,166.583,0,0,RESULT: no
493,0124_x0084_g+128,unknown,unknown,1,,,,,,42.962,166.890,0,0,RESULT: unknown
494,1392_x1352_nz33,yes,yes,1,,,,,,42.945,167.049,0,0,RESULT: yes
495,0117_x0077_u-058,no,no,1,,,,,,43.704,166.805,0,0,RESULT: no
496,0486_x0446_sp27,unknown,unknown,1,,,,,,42.625,167.193,0,0,RESULT: unknown
497,0045_x0005_u-058,no,no,1,,,,,,43.639,166.884,0,0,RESULT: no
498,0662_x0622_sp23,unknown,unknown,1,,,,,,43.644,166.698,0,0,RESULT: unknown
499,1873_x1833_ts-03,no,no,1,,,,,,43.968,166.702,0,0,RESULT: no
500,1100_x1060_g-032,unknown,unknown,1,,,,,,43.746,166.695,0,0,RESULT: unknown
501,1405_x1365_u-044,no,no,1,,,,,,43.528,166.759,0,0,RESULT: no
502,0260_x0220_g+128,unknown,unknown,1,,,,,,43.815,166.748,0,0,RESULT: unknown
503,0053_x0013_u-072,no,no,1,,,,,,43.305,166.702,0,0,RESULT: no
504,0771_x0731_mx085,yes,yes,1,,,,,,43.167,166.655,0,0,RESULT: yes
505,0123_x0083_mx100,silence,silence,1,,,,,,43.399,166.726,0,0,RESULT: silence
506,0961_x0921_ts-03,no,no,1,,,,,,43.235,166.705,0,0,RESULT: no
507,0765_x0725_u-058,yes,yes,1,,,,,,43.250,166.566,0,0,RESULT: yes
508,1301_x1261_u-114,yes,yes,1,,,,,,43.040,166.786,0,0,RESULT: yes
509,1089_x1049_ts+05,no,no,1,,,,,,43.408,166.717,0,0,RESULT: no
510,0095_x0055_pt110,unknown,unknown,1,,,,,,43.470,166.735,0,0,RESULT: unknown
511,0627_x0587_mx100,silence,silence,1,,,,,,42.880,167.029,0,0,RESULT: silence
512,1830_x1790_sp21,unknown,unknown,1,,,,,,43.212,166.871,0,0,RESULT: unknown
513,1863_x1823_pt207,no,no,1,,,,,,43.257,167.048,0,0,RESULT: no
514,1775_x1735_pt111,unknown,unknown,1,,,,,,43.973,166.662,0,0,RESULT: unknown
515,0508_x0468_g+016,no,no,1,,,,,,42.962,166.977,0,0,RESULT: no
516,0759_x0719_pt207,no,no,1,,,,,,43.356,166.696,0,0,RESULT: no
517,0719_x0679_pt113,unknown,unknown,1,,,,,,43.814,166.788,0,0,RESULT: unknown
518,1205_x1165_u-072,no,no,1,,,,,,43.147,166.792,0,0,RESULT: no
519,0676_x0636_g-016,no,no,1,,,,,,43.426,166.952,0,0,RESULT: no
520,0596_x0556_g+064,no,no,1,,,,,,43.599,166.735,0,0,RESULT: no
521,0577_x0537_ts-03,no,no,1,,,,,,43.306,166.812,0,0,RESULT: no
522,0911_x0871_pt121,unknown,unknown,1,,,,,,43.356,166.780,0,0,RESULT: unknown
523,1464_x1424_nz25,yes,yes,1,,,,,,43.617,166.747,0,0,RESULT: yes
524,0821_x0781_u-030,no,no,1,,,,,,42.995,166.704,0,0,RESULT: no
525,0584_x0544_nz25,yes,yes,1,,,,,,43.389,166.874,0,0,RESULT: yes
526,1418_x1378_sc295,yes,yes,1,,,,,,43.240,166.828,0,0,RESULT: yes
527,0862_x0822_sp13,unknown,unknown,1,,,,,,43.498,166.904,0,0,RESULT: unknown
528,1536_x1496_nz17,yes,yes,1,,,,,,43.673,166.964,0,0,RESULT: yes
529,0179_x0139_mx065,yes,yes,1,,,,,,43.063,166.806,0,0,RESULT: yes
530,0338_x0298_sc295,yes,yes,1,,,,,,42.910,166.938,0,0,RESULT: yes
531,0814_x0774_sp25,unknown,unknown,1,,,,,,42.960,166.908,0,0,RESULT: unknown
532,0522_x0482_sc015,no,no,1,,,,,,43.397,166.709,0,0,RESULT: no
533,0449_x0409_ts-11,no,no,1,,,,,,43.373,166.714,0,0,RESULT: no
534,1080_x1040_nz01,yes,yes,1,,,,,,43.413,166.869,0,0,RESULT: yes
535,0580_x0540_g+080,no,no,1,,,,,,43.434,166.748,0,0,RESULT: no
536,1546_x1506_sc035,no,no,1,,,,,,43.801,166.846,0,0,RESULT: no
537,1155_x1115_mx010,yes,yes,1,,,,,,43.428,166.618,0,0,RESULT: yes
538,0847_x0807_pt003,unknown,unknown,1,,,,,,43.126,166.884,0,0,RESULT: unknown
539,1156_x1116_g+048,no,no,1,,,,,,43.168,166.703,0,0,RESULT: no
540,0552_x0512_nz33,yes,yes,1,,,,,,43.028,166.767,0,0,RESULT: yes
541,1813_x1773_u-128,yes,yes,1,,,,,,43.156,166.793,0,0,RESULT: yes
542,1684_x1644_g+064,no,no,1,,,,,,43.036,166.925,0,0,RESULT: no
543,1767_x1727_pt203,no,no,1,,,,,,43.515,167.228,0,0,RESULT: no
544,1416_x1376_nz17,yes,yes,1,,,,,,43.842,166.733,0,0,RESULT: yes
545,1466_x1426_sc235,yes,yes,1,,,,,,43.485,167.181,0,0,RESULT: yes
546,0424_x0384_nz25,yes,yes,1,,,,,,43.030,166.847,0,0,RESULT: yes
547,1474_x1434_sc275,yes,yes,1,,,,,,43.000,167.005,0,0,RESULT: yes
548,1937_x1897_ts-11,no,no,1,,,,,,43.483,166.749,0,0,RESULT: no
549,0790_x0750_sp01,unknown,unknown,1,,,,,,43.858,166.790,0,0,RESULT: unknown
550,1993_x1953_ts-03,no,no,1,,,,,,43.223,166.755,0,0,RESULT: no
551,0369_x0329_ts+05,no,no,1,,,,,,43.275,166.662,0,0,RESULT: no
552,0735_x0695_pt206,no,no,1,,,,,,43.097,166.772,0,0,RESULT: no
553,0354_x0314_sc075,no,no,1,,,,,,43.277,166.818,0,0,RESULT: no
554,0145_x0105_ts-03,no,no,1,,,,,,43.413,166.815,0,0,RESULT: no
555,1139_x1099_mx035,yes,yes,1,,,,,,43.084,166.856,0,0,RESULT: yes
556,1425_x1385_ts+05,no,no,1,,,,,,43.249,166.685,0,0,RESULT: no
557,0516_x0476_g-128,unknown,unknown,1,,,,,,43.135,166.924,0,0,RESULT: unknown
558,0482_x0442_sc115,unknown,unknown,1,,,,,,42.751,167.048,0,0,RESULT: unknown
559,0188_x0148_g+064,no,no,1,,,,,,43.980,166.816,0,0,RESULT: no
560,0488_x0448_nz09,yes,yes,1,,,,,,42.580,167.111,0,0,RESULT: yes
561,0112_x0072_nz33,yes,yes,1,,,,,,42.894,166.876,0,0,RESULT: yes
562,0336_x0296_nz17,yes,yes,1,,,,,,43.115,166.801,0,0,RESULT: yes
563,0273_x0233_ts+05,no,no,1,,,,,,43.480,166.723,0,0,RESULT: no
564,0421_x0381_u-086,yes,yes,1,,,,,,44.075,166.707,0,0,RESULT: yes
565,1820_x1780_g+064,yes,yes,1,,,,,,43.393,166.904,0,0,RESULT: yes
566,1856_x1816_nz17,yes,yes,1,,,,,,43.409,166.726,0,0,RESULT: yes
567,1287_x1247_pt206,no,no,1,,,,,,43.480,166.749,0,0,RESULT: no
568,0558_x0518_sp09,no,no,1,,,,,,43.074,166.843,0,0,RESULT: no
569,0581_x0541_u-114,yes,yes,1,,,,,,43.177,166.708,0,0,RESULT: yes
570,0298_x0258_sc095,unknown,unknown,1,,,,,,44.003,166.711,0,0,RESULT: unknown
571,1253_x1213_u-030,no,no,1,,,,,,43.459,166.801,0,0,RESULT: no
572,0028_gauss1,no,no,1,,,,,,43.371,166.676,0,0,RESULT: no
573,0594_x0554_sc075,no,no,1,,,,,,43.416,166.686,0,0,RESULT: no
574,0163_x0123_mx090,yes,yes,1,,,,,,43.188,166.872,0,0,RESULT: yes
575,1304_x1264_nz25,yes,yes,1,,,,,,43.246,166.729,0,0,RESULT: yes
576,1950_x1910_sp21,unknown,unknown,1,,,,,,43.339,166.693,0,0,RESULT: unknown
577,0044_x0004_g-064,yes,yes,1,,,,,,42.794,167.051,0,0,RESULT: yes
578,0866_x0826_sc235,yes,yes,1,,,,,,43.177,166.797,0,0,RESULT: yes
579,1203_x1163_mx040,yes,yes,1,,,,,,43.256,167.138,0,0,RESULT: yes
580,1796_x1756_g-048,yes,yes,1,,,,,,43.592,166.708,0,0,RESULT: yes
581,0134_x0094_sp05,unknown,unknown,1,,,,,,42.936,166.891,0,0,RESULT: unknown
582,0756_x0716_g-096,unknown,unknown,1,,,,,,43.474,166.666,0,0,RESULT: unknown
583,1180_x1140_g-112,no,no,1,,,,,,43.315,166.792,0,0,RESULT: no
584,1264_x1224_nz25,yes,yes,1,,,,,,43.133,166.677,0,0,RESULT: yes
585,1653_x1613_u-100,no,no,1,,,,,,43.097,166.792,0,0,RESULT: no
586,0622_x0582_sp13,unknown,unknown,1,,,,,,43.210,166.762,0,0,RESULT: unknown
587,0446_x0406_sp17,unknown,unknown,1,,,,,,43.430,166.714,0,0,RESULT: unknown
588,1374_x1334_sp15,unknown,unknown,1,,,,,,43.754,166.721,0,0,RESULT: unknown
589,0825_x0785_ts+05,no,no,1,,,,,,43.472,166.850,0,0,RESULT: no
590,0314_x0274_sc175,yes,yes,1,,,,,,43.621,166.839,0,0,RESULT: yes
591,1785_x1745_ts+05,no,no,1,,,,,,42.749,166.965,0,0,RESULT: no
592,1073_x1033_ts-11,no,no,1,,,,,,42.700,167.233,0,0,RESULT: no
593,0092_x0052_g-112,unknown,unknown,1,,,,,,43.308,166.855,0,0,RESULT: unknown
594,1645_x1605_u-086,no,no,1,,,,,,42.940,166.924,0,0,RESULT: no
595,1699_x1659_mx000,yes,yes,1,,,,,,43.027,166.818,0,0,RESULT: yes
596,0781_x0741_u-086,no,no,1,,,,,,43.732,166.628,0,0,RESULT: no
597,1530_x1490_sc254,yes,yes,1,,,,,,43.042,166.970,0,0,RESULT: yes
598,0152_x0112_nz33,yes,yes,1,,,,,,43.262,166.808,0,0,RESULT: yes
599,0293_x0253_u-114,no,no,1,,,,,,43.080,166.707,0,0,RESULT: no
600,0257_x0217_ts-11,no,no,1,,,,,,43.451,166.834,0,0,RESULT: no
601,0191_x0151_pt114,unknown,unknown,1,,,,,,42.871,166.820,0,0,RESULT: unknown
602,0600_x0560_nz01,yes,yes,1,,,,,,44.011,166.675,0,0,RESULT: yes
603,1637_x1597_u-072,no,no,1,,,,,,43.825,166.742,0,0,RESULT: no
604,0732_x0692_g+064,no,no,1,,,,,,43.370,166.822,0,0,RESULT: no
605,0986_x0946_sc235,yes,yes,1,,,,,,43.393,166.599,0,0,RESULT: yes
606,0903_x0863_pt213,no,no,1,,,,,,43.269,166.693,0,0,RESULT: no
607,1943_x1903_pt118,unknown,unknown,1,,,,,,43.571,166.677,0,0,RESULT: unknown
608,0884_x0844_g+048,no,no,1,,,,,,43.648,166.794,0,0,RESULT: no
609,0987_x0947_mx010,yes,yes,1,,,,,,43.119,167.072,0,0,RESULT: yes
610,0699_x0659_mx040,yes,yes,1,,,,,,43.164,166.662,0,0,RESULT: yes
611,1422_x1382_sp03,unknown,unknown,1,,,,,,43.108,166.943,0,0,RESULT: unknown
612,0316_x0276_g-064,no,no,1,,,,,,43.239,166.862,0,0,RESULT: no
613,1537_x1497_ts-03,no,no,1,,,,,,43.184,166.875,0,0,RESULT: no
614,1479_x1439_pt214,no,no,1,,,,,,43.366,166.704,0,0,RESULT: no
615,1579_x1539_mx030,yes,yes,1,,,,,,43.659,167.068,0,0,RESULT: yes
616,1627_x1587_mx060,yes,yes,1,,,,,,43.262,166.757,0,0,RESULT: yes
617,0432_x0392_nz33,yes,yes,1,,,,,,43.447,166.762,0,0,RESULT: yes
618,0337_x0297_ts-03,no,no,1,,,,,,43.300,166.747,0,0,RESULT: no
619,0591_x0551_pt223,no,no,1,,,,,,43.022,166.774,0,0,RESULT: no
620,0648_x0608_nz09,yes,yes,1,,,,,,43.236,166.745,0,0,RESULT: yes
621,1014_x0974_sp15,unknown,unknown,1,,,,,,43.873,166.782,0,0,RESULT: unknown
622,1590_x1550_sp21,unknown,unknown,1,,,,,,43.263,166.631,0,0,RESULT: unknown
623,0245_x0205_u-030,no,no,1,,,,,,43.906,166.685,0,0,RESULT: no
624,0069_x0029_u-100,no,no,1,,,,,,43.470,166.720,0,0,RESULT: no
625,0978_x0938_sc195,yes,yes,1,,,,,,43.393,166.925,0,0,RESULT: yes
626,1658_x1618_sc295,yes,yes,1,,,,,,42.907,166.930,0,0,RESULT: yes
627,0148_x0108_g-032,no,no,1,,,,,,43.341,166.673,0,0,RESULT: no
628,0753_x0713_ts+05,no,no,1,,,,,,43.022,166.661,0,0,RESULT: no
629,0674_x0634_sc175,yes,yes,1,,,,,,43.063,166.689,0,0,RESULT: yes
630,1956_x1916_g+064,unknown,unknown,1,,,,,,43.410,166.817,0,0,RESULT: unknown
631,0820_x0780_g+112,unknown,unknown,1,,,,,,43.328,166.680,0,0,RESULT: unknown
632,0499_x0459_mx090,yes,yes,1,,,,,,43.519,166.823,0,0,RESULT: yes
633,1282_x1242_sc215,yes,yes,1,,,,,,43.231,166.789,0,0,RESULT: yes
634,1805_x1765_u-114,no,no,1,,,,,,43.525,166.650,0,0,RESULT: no
635,0356_x0316_g+032,no,no,1,,,,,,43.136,166.713,0,0,RESULT: no
636,1591_x1551_pt011,unknown,unknown,1,,,,,,43.780,166.707,0,0,RESULT: unknown
637,0275_x0235_mx020,yes,yes,1,,,,,,43.667,166.679,0,0,RESULT: yes
638,1776_x1736_nz17,yes,yes,1,,,,,,43.318,166.827,0,0,RESULT: yes
639,1760_x1720_nz01,yes,yes,1,,,,,,43.444,166.651,0,0,RESULT: yes
640,0270_x0230_sp21,unknown,unknown,1,,,,,,43.301,166.790,0,0,RESULT: unknown
641,0361_x0321_ts-03,no,no,1,,,,,,43.421,166.707,0,0,RESULT: no
642,1941_x1901_u-100,no,no,1,,,,,,43.593,166.747,0,0,RESULT: no
643,1308_x1268_g+032,yes,yes,1,,,,,,42.918,167.007,0,0,RESULT: yes
644,0505_x0465_ts-03,no,no,1,,,,,,43.370,166.763,0,0,RESULT: no
645,0803_x0763_mx035,yes,yes,1,,,,,,42.872,166.888,0,0,RESULT: yes
646,1352_x1312_nz33,yes,yes,1,,,,,,43.211,166.714,0,0,RESULT: yes
647,0302_x0262_sp23,unknown,unknown,1,,,,,,42.898,166.863,0,0,RESULT: unknown
648,0822_x0782_sp03,unknown,unknown,1,,,,,,43.407,166.651,0,0,RESULT: unknown
649,0592_x0552_nz33,yes,yes,1,,,,,,42.989,166.798,0,0,RESULT: yes
650,0532_x0492_g+128,unknown,unknown,1,,,,,,43.723,166.855,0,0,RESULT: unknown
651,0695_x0655_pt112,unknown,unknown,1,,,,,,43.171,166.781,0,0,RESULT: unknown
652,1294_x1254_sp25,no,no,1,,,,,,43.252,166.690,0,0,RESULT: no
653,0604_x0564_g-080,no,no,1,,,,,,43.418,166.688,0,0,RESULT: no
654,0948_x0908_g-016,no,no,1,,,,,,43.281,166.731,0,0,RESULT: no
655,0687_x0647_pt204,no,no,1,,,,,,42.986,166.686,0,0,RESULT: no
656,1532_x1492_g+080,no,no,1,,,,,,42.958,166.796,0,0,RESULT: no
657,0130_x0090_sc155,yes,yes,1,,,,,,43.436,166.728,0,0,RESULT: yes
658,1028_x0988_g-096,unknown,unknown,1,,,,,,43.339,166.755,0,0,RESULT: unknown
659,0279_x0239_pt210,no,no,1,,,,,,43.016,166.738,0,0,RESULT: no
660,0844_x0804_g-048,no,no,1,,,,,,42.971,167.142,0,0,RESULT: no
661,1362_x1322_sc015,no,no,1,,,,,,43.835,166.699,0,0,RESULT: no
662,1674_x1634_sc075,no,no,1,,,,,,43.426,167.087,0,0,RESULT: no
663,0023_yes_scale05,yes,yes,1,,,,,,43.524,166.735,0,0,RESULT: yes
664,0007_no_noise4,no,no,1,,,,,,42.937,166.815,0,0,RESULT: no
665,0063_x0023_pt201,no,no,1,,,,,,43.189,166.891,0,0,RESULT: no
666,1541_x1501_u-030,no,no,1,,,,,,43.172,166.737,0,0,RESULT: no
667,1606_x1566_sp07,unknown,unknown,1,,,,,,43.238,166.673,0,0,RESULT: unknown
668,1790_x1750_sp11,unknown,unknown,1,,,,,,43.209,166.703,0,0,RESULT: unknown
669,1772_x1732_g+112,yes,yes,1,,,,,,43.396,166.691,0,0,RESULT: yes
670,1554_x1514_sc075,no,no,1,,,,,,43.826,166.789,0,0,RESULT: no
671,0767_x0727_pt115,unknown,unknown,1,,,,,,43.431,166.669,0,0,RESULT: unknown
672,1215_x1175_pt203,no,no,1,,,,,,43.206,166.778,0,0,RESULT: no
673,1395_x1355_mx055,yes,yes,1,,,,,,42.942,167.091,0,0,RESULT: yes
674,1511_x1471_pt123,unknown,unknown,1,,,,,,43.753,166.659,0,0,RESULT: unknown
675,0852_x0812_g+080,yes,yes,1,,,,,,43.417,166.877,0,0,RESULT: yes
676,1802_x1762_sc115,unknown,unknown,1,,,,,,43.596,166.668,0,0,RESULT: unknown
677,1907_x1867_mx095,yes,yes,1,,,,,,43.055,166.897,0,0,RESULT: yes
678,0368_x0328_nz09,yes,yes,1,,,,,,43.266,166.668,0,0,RESULT: yes
679,0928_x0888_nz09,yes,yes,1,,,,,,43.326,166.811,0,0,RESULT: yes
680,1741_x1701_u-128,unknown,unknown,1,,,,,,43.125,166.838,0,0,RESULT: unknown
681,0763_x0723_mx045,yes,yes,1,,,,,,43.074,166.767,0,0,RESULT: yes
682,1884_x1844_g+000,yes,yes,1,,,,,,43.115,166.666,0,0,RESULT: yes
683,1407_x1367_pt211,no,no,1,,,,,,43.429,166.830,0,0,RESULT: no
684,0569_x0529_ts-11,no,no,1,,,,,,43.429,166.654,0,0,RESULT: no
685,0671_x0631_pt111,unknown,unknown,1,,,,,,43.165,166.938,0,0,RESULT: unknown
686,1457_x1417_ts-11,no,no,1,,,,,,43.034,166.901,0,0,RESULT: no
687,0912_x0872_nz33,yes,yes,1,,,,,,43.351,166.787,0,0,RESULT: yes
688,1842_x1802_sc015,no,no,1,,,,,,43.976,166.555,0,0,RESULT: no
689,1682_x1642_sc115,unknown,unknown,1,,,,,,43.347,166.732,0,0,RESULT: unknown
690,0440_x0400_nz01,yes,yes,1,,,,,,43.339,166.931,0,0,RESULT: yes
691,1306_x1266_sc035,no,no,1,,,,,,43.549,166.759,0,0,RESULT: no
692,1184_x1144_nz25,yes,yes,1,,,,,,42.638,167.116,0,0,RESULT: yes
693,1008_x0968_nz09,yes,yes,1,,,,,,43.444,166.697,0,0,RESULT: yes
694,1569_x1529_ts+05,no,no,1,,,,,,43.614,166.707,0,0,RESULT: no
695,0657_x0617_ts+05,no,no,1,,,,,,43.700,166.774,0,0,RESULT: no
696,0139_x0099_mx075,yes,yes,1,,,,,,43.386,166.641,0,0,RESULT: yes
697,1851_x1811_mx025,yes,yes,1,,,,,,43.851,166.653,0,0,RESULT: yes
698,1209_x1169_ts+05,no,no,1,,,,,,42.985,166.889,0,0,RESULT: no
699,1053_x1013_u-058,no,no,1,,,,,,43.035,166.715,0,0,RESULT: no
700,1229_x1189_u-114,no,no,1,,,,,,43.152,166.849,0,0,RESULT: no
701,0274_x0234_sc275,yes,yes,1,,,,,,43.243,166.695,0,0,RESULT: yes
702,1992_x1952_nz33,yes,yes,1,,,,,,43.180,166.627,0,0,RESULT: yes
703,1762_x1722_sc215,yes,yes,1,,,,,,44.004,166.696,0,0,RESULT: yes
704,1659_x1619_mx010,yes,yes,1,,,,,,43.625,166.790,0,0,RESULT: yes
705,0349_x0309_u-086,no,no,1,,,,,,43.319,166.706,0,0,RESULT: no
706,0925_x0885_u-086,no,no,1,,,,,,43.483,166.740,0,0,RESULT: no
707,0244_x0204_g-128,unknown,unknown,1,,,,,,43.594,166.623,0,0,RESULT: unknown
708,0187_x0147_mx000,yes,yes,1,,,,,,43.099,166.854,0,0,RESULT: yes
709,1399_x1359_pt003,unknown,unknown,1,,,,,,42.863,166.933,0,0,RESULT: unknown
710,1955_x1915_mx020,yes,yes,1,,,,,,43.629,166.760,0,0,RESULT: yes
711,1347_x1307_mx025,yes,yes,1,,,,,,43.343,167.006,0,0,RESULT: yes
712,0972_x0932_g+096,unknown,unknown,1,,,,,,43.578,166.801,0,0,RESULT: unknown
713,1485_x1445_u-058,no,no,1,,,,,,43.080,167.091,0,0,RESULT: no
714,1012_x0972_g-080,no,no,1,,,,,,43.206,166.763,0,0,RESULT: no
715,0688_x0648_nz09,yes,yes,1,,,,,,43.465,166.781,0,0,RESULT: yes
716,0233_x0193_ts-11,no,no,1,,,,,,43.360,166.708,0,0,RESULT: no
717,0608_x0568_nz09,yes,yes,1,,,,,,42.877,166.876,0,0,RESULT: yes
718,0118_x0078_sp19,no,no,1,,,,,,43.332,166.733,0,0,RESULT: no
719,1687_x1647_pt015,unknown,unknown,1,,,,,,43.189,166.697,0,0,RESULT: unknown
720,1582_x1542_sp13,unknown,unknown,1,,,,,,43.511,166.727,0,0,RESULT: unknown
721,1806_x1766_sp27,unknown,unknown,1,,,,,,43.179,166.664,0,0,RESULT: unknown
722,1978_x1938_sc095,unknown,unknown,1,,,,,,42.961,166.742,0,0,RESULT: unknown
723,0840_x0800_nz01,yes,yes,1,,,,,,43.267,166.795,0,0,RESULT: yes
724,1585_x1545_ts-03,no,no,1,,,,,,43.083,166.764,0,0,RESULT: no
725,0176_x0136_nz17,yes,yes,1,,,,,,43.166,166.713,0,0,RESULT: yes
726,0033_uniform1,yes,yes,1,,,,,,43.567,167.007,0,0,RESULT: yes
727,0601_x0561_ts-03,no,no,1,,,,,,43.205,166.726,0,0,RESULT: no
728,1643_x1603_mx035,yes,yes,1,,,,,,43.031,167.230,0,0,RESULT: yes
729,1624_x1584_nz25,yes,yes,1,,,,,,43.166,166.790,0,0,RESULT: yes
730,0075_x0035_mx070,yes,yes,1,,,,,,43.102,166.868,0,0,RESULT: yes
731,1465_x1425_ts-03,no,no,1,,,,,,44.030,166.875,0,0,RESULT: no
732,1572_x1532_g-096,unknown,unknown,1,,,,,,43.300,167.095,0,0,RESULT: unknown
733,0632_x0592_nz33,yes,yes,1,,,,,,43.852,166.826,0,0,RESULT: yes
734,1239_x1199_pt204,no,no,1,,,,,,43.104,166.847,0,0,RESULT: no
735,0328_x0288_nz09,yes,yes,1,,,,,,43.608,166.819,0,0,RESULT: yes
736,1766_x1726_sp17,unknown,unknown,1,,,,,,43.150,166.855,0,0,RESULT: unknown
737,0607_x0567_pt016,unknown,unknown,1,,,,,,43.274,166.736,0,0,RESULT: unknown
738,1293_x1253_u-100,yes,yes,1,,,,,,43.611,166.802,0,0,RESULT: yes
739,1794_x1754_sc075,no,no,1,,,,,,43.328,166.748,0,0,RESULT: no
740,1742_x1702_sp23,yes,yes,1,,,,,,43.023,166.817,0,0,RESULT: yes
741,1865_x1825_ts-11,no,no,1,,,,,,43.624,166.657,0,0,RESULT: no
742,0199_x0159_pt022,unknown,unknown,1,,,,,,43.133,166.799,0,0,RESULT: unknown
743,1839_x1799_pt206,no,no,1,,,,,,43.835,167.066,0,0,RESULT: no
744,1049_x1009_ts-11,no,no,1,,,,,,43.790,166.761,0,0,RESULT: no
745,0784_x0744_nz25,yes,yes,1,,,,,,43.326,167.165,0,0,RESULT: yes
746,0973_x0933_u-044,no,no,1,,,,,,43.102,166.654,0,0,RESULT: no
747,0529_x0489_ts-03,no,no,1,,,,,,42.839,167.124,0,0,RESULT: no
748,0666_x0626_sc135,unknown,unknown,1,,,,,,43.647,166.738,0,0,RESULT: unknown
749,0946_x0906_sc035,no,no,1,,,,,,43.139,166.793,0,0,RESULT: no
750,1818_x1778_sc195,yes,yes,1,,,,,,43.268,166.827,0,0,RESULT: yes
751,1081_x1041_ts-03,no,no,1,,,,,,43.464,166.678,0,0,RESULT: no
752,1697_x1657_ts-11,no,no,1,,,,,,43.519,166.729,0,0,RESULT: no
753,1632_x1592_nz33,yes,yes,1,,,,,,43.094,166.880,0,0,RESULT: yes
754,0057_x0017_ts+05,no,no,1,,,,,,43.332,166.644,0,0,RESULT: no
755,0598_x0558_sp19,unknown,unknown,1,,,,,,43.052,166.759,0,0,RESULT: unknown
756,1841_x1801_ts-11,no,no,1,,,,,,43.824,166.908,0,0,RESULT: no
757,0060_x0020_g-080,unknown,unknown,1,,,,,,43.367,166.813,0,0,RESULT: unknown
758,1861_x1821_u-086,no,no,1,,,,,,43.330,166.808,0,0,RESULT: no
759,1751_x1711_pt110,unknown,unknown,1,,,,,,43.806,166.853,0,0,RESULT: unknown
760,1371_x1331_mx040,yes,yes,1,,,,,,42.797,167.198,0,0,RESULT: yes
761,1578_x1538_sc195,yes,yes,1,,,,,,43.179,166.786,0,0,RESULT: yes
762,1256_x1216_nz17,yes,yes,1,,,,,,43.754,166.937,0,0,RESULT: yes
763,0413_x0373_u-072,no,no,1,,,,,,42.995,166.909,0,0,RESULT: no
764,1753_x1713_ts-03,no,no,1,,,,,,43.846,166.949,0,0,RESULT: no
765,1923_x1883_mx070,yes,yes,1,,,,,,43.128,166.739,0,0,RESULT: yes
766,0477_x0437_u-058,no,no,1,,,,,,43.369,166.668,0,0,RESULT: no
767,0444_x0404_g+080,yes,yes,1,,,,,,44.081,166.761,0,0,RESULT: yes
768,1194_x1154_sc075,no,no,1,,,,,,43.439,166.824,0,0,RESULT: no
769,1556_x1516_g-080,no,no,1,,,,,,43.111,166.840,0,0,RESULT: no
770,0144_x0104_nz25,yes,yes,1,,,,,,43.659,166.806,0,0,RESULT: yes
771,1175_x1135_pt109,unknown,unknown,1,,,,,,43.312,166.648,0,0,RESULT: unknown
772,1192_x1152_nz33,yes,yes,1,,,,,,43.987,166.793,0,0,RESULT: yes
773,1207_x1167_pt018,unknown,unknown,1,,,,,,43.899,166.770,0,0,RESULT: unknown
774,0567_x0527_pt222,no,no,1,,,,,,43.044,166.892,0,0,RESULT: no
775,1050_x1010_sc254,yes,yes,1,,,,,,42.863,167.085,0,0,RESULT: yes
776,1483_x1443_mx075,yes,yes,1,,,,,,43.190,166.751,0,0,RESULT: yes
777,0731_x0691_mx095,yes,yes,1,,,,,,43.032,167.192,0,0,RESULT: yes
778,1077_x1037_u-100,no,no,1,,,,,,43.289,166.761,0,0,RESULT: no
779,1509_x1469_u-100,no,no,1,,,,,,43.403,166.702,0,0,RESULT: no
780,0341_x0301_u-072,no,no,1,,,,,,43.156,166.743,0,0,RESULT: no
781,0263_x0223_pt117,unknown,unknown,1,,,,,,43.240,166.796,0,0,RESULT: unknown
782,0265_x0225_ts-03,no,no,1,,,,,,43.429,166.686,0,0,RESULT: no
783,1237_x1197_u-128,no,no,1,,,,,,43.073,166.794,0,0,RESULT: no
784,1426_x1386_sc035,no,no,1,,,,,,43.365,166.668,0,0,RESULT: no
785,1286_x1246_sp17,unknown,unknown,1,,,,,,43.672,166.727,0,0,RESULT: unknown
786,0963_x0923_mx100,silence,silence,1,,,,,,43.223,166.679,0,0,RESULT: silence
787,0119_x0079_pt111,unknown,unknown,1,,,,,,43.338,166.866,0,0,RESULT: unknown
788,1358_x1318_sp29,unknown,unknown,1,,,,,,42.901,167.355,0,0,RESULT: unknown
789,1519_x1479_pt008,unknown,unknown,1,,,,,,43.141,166.838,0,0,RESULT: unknown
790,1800_x1760_nz01,yes,yes,1,,,,,,43.701,166.888,0,0,RESULT: yes
791,0206_x0166_sp17,unknown,unknown,1,,,,,,43.124,166.844,0,0,RESULT: unknown
792,1777_x1737_ts-03,no,no,1,,,,,,43.524,167.079,0,0,RESULT: no
793,1815_x1775_pt205,no,no,1,,,,,,43.787,166.846,0,0,RESULT: no
794,0208_x0168_nz09,yes,yes,1,,,,,,43.192,167.029,0,0,RESULT: yes
795,1656_x1616_nz17,yes,yes,1,,,,,,43.280,166.671,0,0,RESULT: yes
796,0040_x0000_nz01,yes,yes,1,,,,,,43.134,166.934,0,0,RESULT: yes
797,0646_x0606_sp07,unknown,unknown,1,,,,,,43.212,166.840,0,0,RESULT: unknown
798,1245_x1205_u-016,no,no,1,,,,,,42.969,166.812,0,0,RESULT: no
799,0644_x0604_g+016,no,no,1,,,,,,43.183,166.728,0,0,RESULT: no
800,1495_x1455_pt007,unknown,unknown,1,,,,,,43.501,166.699,0,0,RESULT: unknown
801,1909_x1869_u-044,no,no,1,,,,,,43.525,166.703,0,0,RESULT: no
802,0950_x0910_sp11,unknown,unknown,1,,,,,,43.039,166.804,0,0,RESULT: unknown
803,1120_x1080_nz01,yes,yes,1,,,,,,43.816,166.747,0,0,RESULT: yes
804,1057_x1017_ts-03,no,no,1,,,,,,43.416,166.911,0,0,RESULT: no
805,0077_x0037_u-114,no,no,1,,,,,,43.940,166.636,0,0,RESULT: no
806,0668_x0628_g+128,no,no,1,,,,,,43.471,166.819,0,0,RESULT: no
807,1094_x1054_sp05,unknown,unknown,1,,,,,,42.732,166.982,0,0,RESULT: unknown
808,1134_x1094_sp15,unknown,unknown,1,,,,,,43.774,166.817,0,0,RESULT: unknown
809,1031_x0991_pt103,silence,silence,1,,,,,,42.893,167.351,0,0,RESULT: silence
810,1154_x1114_sc175,yes,yes,1,,,,,,43.284,166.846,0,0,RESULT: yes
811,1003_x0963_mx090,yes,yes,1,,,,,,43.656,166.692,0,0,RESULT: yes
812,0774_x0734_sp15,unknown,unknown,1,,,,,,43.948,166.844,0,0,RESULT: unknown
813,1221_x1181_u-100,no,no,1,,,,,,43.417,166.868,0,0,RESULT: no
814,0410_x0370_sc055,no,no,1,,,,,,43.253,166.687,0,0,RESULT: no
815,0615_x0575_pt201,no,no,1,,,,,,43.595,166.853,0,0,RESULT: no
816,0626_x0586_sc235,yes,yes,1,,,,,,43.431,166.789,0,0,RESULT: yes
817,0856_x0816_nz17,yes,yes,1,,,,,,42.925,167.158,0,0,RESULT: yes
818,0483_x0443_mx010,yes,yes,1,,,,,,43.265,166.829,0,0,RESULT: yes
819,0679_x0639_pt019,unknown,unknown,1,,,,,,43.775,166.933,0,0,RESULT: unknown
820,0724_x0684_g-064,no,no,1,,,,,,43.202,166.787,0,0,RESULT: no
821,0494_x0454_sp05,unknown,unknown,1,,,,,,43.280,166.660,0,0,RESULT: unknown
822,0320_x0280_nz01,yes,yes,1,,,,,,43.495,166.680,0,0,RESULT: yes
823,0276_x0236_g+112,no,no,1,,,,,,43.015,166.918,0,0,RESULT: no
824,1349_x1309_u-072,no,no,1,,,,,,43.674,166.732,0,0,RESULT: no
825,1791_x1751_pt204,no,no,1,,,,,,43.891,166.756,0,0,RESULT: no
826,1116_x1076_g-048,no,no,1,,,,,,43.188,166.991,0,0,RESULT: no
827,0216_x0176_nz17,yes,yes,1,,,,,,43.315,166.850,0,0,RESULT: yes
828,1948_x1908_g-064,no,no,1,,,,,,42.915,167.112,0,0,RESULT: no
829,0281_x0241_ts-11,no,no,1,,,,,,43.745,166.714,0,0,RESULT: no
830,1044_x1004_g-112,yes,yes,1,,,,,,42.855,167.030,0,0,RESULT: yes
831,0700_x0660_g+096,no,no,1,,,,,,43.001,166.809,0,0,RESULT: no
832,1189_x1149_u-044,no,no,1,,,,,,43.321,166.551,0,0,RESULT: no
833,0562_x0522_sc215,yes,yes,1,,,,,,43.420,166.793,0,0,RESULT: yes
834,0976_x0936_nz17,yes,yes,1,,,,,,43.366,166.704,0,0,RESULT: yes
835,0727_x0687_pt021,unknown,unknown,1,,,,,,43.489,166.646,0,0,RESULT: unknown
836,1662_x1622_sp03,unknown,unknown,1,,,,,,43.081,166.720,0,0,RESULT: unknown
837,1824_x1784_nz25,yes,yes,1,,,,,,43.128,166.725,0,0,RESULT: yes
838,1639_x1599_pt013,yes,yes,1,,,,,,43.724,166.776,0,0,RESULT: yes
839,0037_const_127,unknown,unknown,1,,,,,,43.316,166.673,0,0,RESULT: unknown
840,0384_x0344_nz25,yes,yes,1,,,,,,43.080,166.842,0,0,RESULT: yes
841,0254_x0214_sp05,unknown,unknown,1,,,,,,43.050,166.684,0,0,RESULT: unknown
842,0015_no_fshift+1,unknown,unknown,1,,,,,,42.997,166.921,0,0,RESULT: unknown
843,0919_x0879_pt006,unknown,unknown,1,,,,,,43.775,166.989,0,0,RESULT: unknown
844,1029_x0989_u-016,no,no,1,,,,,,42.986,166.801,0,0,RESULT: no
845,0135_x0095_pt204,no,no,1,,,,,,42.772,167.107,0,0,RESULT: no
846,0726_x0686_sp27,unknown,unknown,1,,,,,,43.083,166.893,0,0,RESULT: unknown
847,1809_x1769_ts+05,no,no,1,,,,,,42.843,167.213,0,0,RESULT: no
848,0091_x0051_mx045,yes,yes,1,,,,,,42.995,166.749,0,0,RESULT: yes
849,0029_gauss2,no,no,1,,,,,,43.879,166.814,0,0,RESULT: no
850,1424_x1384_nz25,yes,yes,1,,,,,,43.794,166.772,0,0,RESULT: yes
851,0507_x0467_mx025,yes,yes,1,,,,,,43.191,166.704,0,0,RESULT: yes
852,0904_x0864_nz25,yes,yes,1,,,,,,43.123,166.756,0,0,RESULT: yes
853,0268_x0228_g-016,no,no,1,,,,,,43.153,166.735,0,0,RESULT: no
854,0447_x0407_pt217,no,no,1,,,,,,43.470,166.694,0,0,RESULT: no
855,0979_x0939_mx075,yes,yes,1,,,,,,43.530,166.797,0,0,RESULT: yes
856,0849_x0809_ts+05,no,no,1,,,,,,43.215,166.642,0,0,RESULT: no
857,1838_x1798_sp29,unknown,unknown,1,,,,,,43.145,166.711,0,0,RESULT: unknown
858,1630_x1590_sp01,unknown,unknown,1,,,,,,43.184,166.723,0,0,RESULT: unknown
859,0085_x0045_u-128,no,no,1,,,,,,43.148,166.692,0,0,RESULT: no
860,0256_x0216_nz17,yes,yes,1,,,,,,43.318,167.015,0,0,RESULT: yes
861,1115_x1075_mx020,yes,yes,1,,,,,,43.761,166.670,0,0,RESULT: yes
862,0224_x0184_nz25,yes,yes,1,,,,,,43.170,166.859,0,0,RESULT: yes
863,1892_x1852_g+128,unknown,unknown,1,,,,,,43.230,166.871,0,0,RESULT: unknown
864,0489_x0449_ts+05,no,no,1,,,,,,43.236,166.821,0,0,RESULT: no
865,0030_gauss3,yes,yes,1,,,,,,43.523,166.700,0,0,RESULT: yes
866,1823_x1783_pt113,unknown,unknown,1,,,,,,43.356,166.890,0,0,RESULT: unknown
867,1321_x1281_ts-03,no,no,1,,,,,,44.014,166.692,0,0,RESULT: no
868,1668_x1628_g+080,yes,yes,1,,,,,,43.288,166.899,0,0,RESULT: yes
869,0832_x0792_nz33,yes,yes,1,,,,,,43.364,166.796,0,0,RESULT: yes
870,1570_x1530_sc155,yes,yes,1,,,,,,43.351,167.048,0,0,RESULT: yes
871,0947_x0907_mx020,yes,yes,1,,,,,,43.488,166.653,0,0,RESULT: yes
872,1997_x1957_u-072,no,no,1,,,,,,43.127,166.731,0,0,RESULT: no
873,1734_x1694_sp15,unknown,unknown,1,,,,,,43.633,166.637,0,0,RESULT: unknown
874,1027_x0987_mx000,yes,yes,1,,,,,,44.004,166.720,0,0,RESULT: yes
875,0002_syn_yes,yes,yes,1,,,,,,43.708,166.810,0,0,RESULT: yes
876,0685_x0645_u-044,no,no,1,,,,,,43.187,166.871,0,0,RESULT: no
877,0009_no_noise8,no,no,1,,,,,,43.542,166.739,0,0,RESULT: no
878,0282_x0242_sc015,no,no,1,,,,,,43.024,166.909,0,0,RESULT: no
879,0725_x0685_u-114,no,no,1,,,,,,43.112,167.016,0,0,RESULT: no
880,1109_x1069_u-030,no,no,1,,,,,,43.107,166.892,0,0,RESULT: no
881,0466_x0426_sc035,no,no,1,,,,,,43.146,167.185,0,0,RESULT: no
882,0571_x0531_mx030,yes,yes,1,,,,,,43.291,166.752,0,0,RESULT: yes
883,0459_x0419_mx100,silence,silence,1,,,,,,43.138,167.021,0,0,RESULT: silence
884,1183_x1143_pt017,unknown,unknown,1,,,,,,43.530,166.872,0,0,RESULT: unknown
885,0169_x0129_ts-03,no,no,1,,,,,,43.770,166.851,0,0,RESULT: no
886,0745_x0705_ts-03,no,no,1,,,,,,42.898,166.822,0,0,RESULT: no
887,0374_x0334_sp05,unknown,unknown,1,,,,,,42.946,166.793,0,0,RESULT: unknown
888,1757_x1717_u-030,no,no,1,,,,,,43.151,166.646,0,0,RESULT: no
889,1477_x1437_u-044,no,no,1,,,,,,43.417,166.704,0,0,RESULT: no
890,1897_x1857_ts-03,no,no,1,,,,,,43.863,166.715,0,0,RESULT: no
891,0966_x0926_sp27,unknown,unknown,1,,,,,,43.261,166.750,0,0,RESULT: unknown
892,1397_x1357_u-030,no,no,1,,,,,,43.339,166.703,0,0,RESULT: no
893,0984_x0944_nz25,yes,yes,1,,,,,,43.222,166.679,0,0,RESULT: yes
894,1596_x1556_g+016,yes,yes,1,,,,,,42.845,167.000,0,0,RESULT: yes
895,0990_x0950_sp21,unknown,unknown,1,,,,,,43.387,166.703,0,0,RESULT: unknown
896,0653_x0613_u-114,yes,yes,1,,,,,,42.852,167.034,0,0,RESULT: yes
897,0084_x0044_g+032,yes,yes,1,,,,,,43.411,166.670,0,0,RESULT: yes
898,1281_x1241_ts+05,no,no,1,,,,,,43.216,166.845,0,0,RESULT: no
899,1398_x1358_sp09,unknown,unknown,1,,,,,,43.257,166.744,0,0,RESULT: unknown
900,0941_x0901_u-114,no,no,1,,,,,,43.466,167.072,0,0,RESULT: no
901,0067_x0027_mx030,yes,yes,1,,,,,,43.645,166.888,0,0,RESULT: yes
902,1568_x1528_nz09,yes,yes,1,,,,,,43.144,166.787,0,0,RESULT: yes
903,0038_checker,silence,silence,1,,,,,,43.288,166.648,0,0,RESULT: silence
904,1388_x1348_g-048,no,no,1,,,,,,43.494,166.684,0,0,RESULT: no
905,1482_x1442_sc015,no,no,1,,,,,,43.447,166.588,0,0,RESULT: no
906,1647_x1607_pt221,no,no,1,,,,,,43.277,166.729,0,0,RESULT: no
907,1011_x0971_mx025,yes,yes,1,,,,,,43.263,166.676,0,0,RESULT: yes
908,1022_x0982_sp23,unknown,unknown,1,,,,,,43.205,166.862,0,0,RESULT: unknown
909,0846_x0806_sp27,unknown,unknown,1,,,,,,43.687,166.665,0,0,RESULT: unknown
910,0654_x0614_sp15,unknown,unknown,1,,,,,,43.669,166.888,0,0,RESULT: unknown
911,1311_x1271_pt207,no,no,1,,,,,,43.275,166.653,0,0,RESULT: no
912,1024_x0984_nz25,yes,yes,1,,,,,,43.663,166.810,0,0,RESULT: yes
913,0310_x0270_sp01,yes,yes,1,,,,,,42.932,167.206,0,0,RESULT: yes
914,0372_x0332_g+016,yes,yes,1,,,,,,43.381,166.691,0,0,RESULT: yes
915,1935_x1895_pt210,no,no,1,,,,,,43.337,166.978,0,0,RESULT: no
916,0322_x0282_sc215,yes,yes,1,,,,,,43.464,166.661,0,0,RESULT: yes
917,1396_x1356_g+080,no,no,1,,,,,,43.380,166.895,0,0,RESULT: no
918,0229_x0189_u-128,no,no,1,,,,,,43.458,166.768,0,0,RESULT: no
919,0227_x0187_mx095,yes,yes,1,,,,,,43.575,166.819,0,0,RESULT: yes
920,0572_x0532_g-048,unknown,unknown,1,,,,,,43.406,166.743,0,0,RESULT: unknown
921,0249_x0209_ts+05,no,no,1,,,,,,42.978,166.753,0,0,RESULT: no
922,1593_x1553_ts+05,no,no,1,,,,,,43.237,166.686,0,0,RESULT: no
923,0395_x0355_mx095,yes,yes,1,,,,,,43.537,166.718,0,0,RESULT: yes
924,0690_x0650_sc254,yes,yes,1,,,,,,42.681,167.213,0,0,RESULT: yes
925,1043_x1003_mx080,yes,yes,1,,,,,,43.375,166.763,0,0,RESULT: yes
926,0773_x0733_u-072,no,no,1,,,,,,43.139,167.068,0,0,RESULT: no
927,0999_x0959_pt217,no,no,1,,,,,,43.476,166.791,0,0,RESULT: no
928,1652_x1612_g+096,no,no,1,,,,,,43.736,166.718,0,0,RESULT: no
929,0886_x0846_sp07,no,no,1,,,,,,43.908,166.768,0,0,RESULT: no
930,0757_x0717_u-044,no,no,1,,,,,,43.586,166.768,0,0,RESULT: no
931,0958_x0918_sp19,unknown,unknown,1,,,,,,43.987,166.732,0,0,RESULT: unknown
932,0250_x0210_sc155,yes,yes,1,,,,,,43.405,166.898,0,0,RESULT: yes
933,0200_x0160_nz01,yes,yes,1,,,,,,43.418,166.863,0,0,RESULT: yes
934,1954_x1914_sc275,yes,yes,1,,,,,,43.103,166.701,0,0,RESULT: yes
935,1486_x1446_sp07,unknown,unknown,1,,,,,,43.030,166.778,0,0,RESULT: unknown
936,1650_x1610_sc254,yes,yes,1,,,,,,43.451,166.824,0,0,RESULT: yes
937,0161_x0121_ts-11,no,no,1,,,,,,43.186,166.743,0,0,RESULT: no
938,1967_x1927_pt119,unknown,unknown,1,,,,,,43.076,166.766,0,0,RESULT: unknown
939,0090_x0050_sc254,yes,yes,1,,,,,,43.035,166.795,0,0,RESULT: yes
940,0673_x0633_ts-03,no,no,1,,,,,,43.464,166.832,0,0,RESULT: no
941,0420_x0380_g-032,unknown,unknown,1,,,,,,43.505,166.746,0,0,RESULT: unknown
942,0994_x0954_sc275,yes,yes,1,,,,,,43.062,166.838,0,0,RESULT: yes
943,1158_x1118_sp09,unknown,unknown,1,,,,,,43.488,167.205,0,0,RESULT: unknown
944,1827_x1787_mx010,yes,yes,1,,,,,,43.917,166.803,0,0,RESULT: yes
945,0553_x0513_ts-03,no,no,1,,,,,,42.710,166.995,0,0,RESULT: no
946,0330_x0290_sc254,yes,yes,1,,,,,,43.400,166.686,0,0,RESULT: yes
947,0955_x0915_mx060,yes,yes,1,,,,,,43.546,166.878,0,0,RESULT: yes
948,0186_x0146_sc135,unknown,unknown,1,,,,,,43.658,166.709,0,0,RESULT: unknown
949,1845_x1805_u-058,no,no,1,,,,,,43.185,167.171,0,0,RESULT: no
950,1695_x1655_pt223,no,no,1,,,,,,43.332,166.823,0,0,RESULT: no
951,1740_x1700_g-128,unknown,unknown,1,,,,,,43.270,166.712,0,0,RESULT: unknown
952,0201_x0161_ts+05,no,no,1,,,,,,43.368,166.764,0,0,RESULT: no
953,0329_x0289_ts-11,no,no,1,,,,,,43.836,166.672,0,0,RESULT: no
954,1683_x1643_mx025,yes,yes,1,,,,,,43.904,166.803,0,0,RESULT: yes
955,0974_x0934_sp05,unknown,unknown,1,,,,,,43.941,166.780,0,0,RESULT: unknown
956,1159_x1119_pt016,unknown,unknown,1,,,,,,43.648,166.772,0,0,RESULT: unknown
957,0713_x0673_ts-11,no,no,1,,,,,,43.616,166.709,0,0,RESULT: no
958,1472_x1432_nz33,yes,yes,1,,,,,,43.543,166.632,0,0,RESULT: yes
959,0573_x0533_u-100,no,no,1,,,,,,43.314,166.923,0,0,RESULT: no
960,1435_x1395_mx045,yes,yes,1,,,,,,43.347,166.669,0,0,RESULT: yes
961,1150_x1110_sp01,yes,yes,1,,,,,,43.416,166.775,0,0,RESULT: yes
962,0359_x0319_pt121,unknown,unknown,1,,,,,,43.450,166.748,0,0,RESULT: unknown
963,1010_x0970_sc055,no,no,1,,,,,,43.215,166.706,0,0,RESULT: no
964,0445_x0405_u-128,yes,yes,1,,,,,,43.321,166.714,0,0,RESULT: yes
965,0511_x0471_pt012,unknown,unknown,1,,,,,,43.367,166.699,0,0,RESULT: unknown
966,1261_x1221_u-044,no,no,1,,,,,,43.742,166.832,0,0,RESULT: no
967,1064_x1024_nz25,yes,yes,1,,,,,,43.410,166.769,0,0,RESULT: yes
968,1225_x1185_ts-03,no,no,1,,,,,,43.046,167.164,0,0,RESULT: no
969,0020_mix_yes25,no,no,1,,,,,,43.139,166.728,0,0,RESULT: no
970,1664_x1624_nz25,yes,yes,1,,,,,,43.100,166.987,0,0,RESULT: yes
971,0544_x0504_nz25,yes,yes,1,,,,,,43.104,166.761,0,0,RESULT: yes
972,1157_x1117_u-114,yes,yes,1,,,,,,43.290,166.790,0,0,RESULT: yes
973,0782_x0742_sp23,unknown,unknown,1,,,,,,42.924,166.766,0,0,RESULT: unknown
974,1062_x1022_sp03,unknown,unknown,1,,,,,,43.650,166.857,0,0,RESULT: unknown
975,0013_no_tshift+1,no,no,1,,,,,,42.897,166.748,0,0,RESULT: no
976,0985_x0945_ts-03,no,no,1,,,,,,43.622,166.700,0,0,RESULT: no
977,1573_x1533_u-086,no,no,1,,,,,,43.069,166.826,0,0,RESULT: no
978,1903_x1863_pt001,silence,silence,1,,,,,,43.789,166.909,0,0,RESULT: silence
979,0146_x0106_sc235,yes,yes,1,,,,,,43.650,166.927,0,0,RESULT: yes
980,0557_x0517_u-072,no,no,1,,,,,,43.447,166.751,0,0,RESULT: no
981,0843_x0803_mx025,yes,yes,1,,,,,,43.683,166.661,0,0,RESULT: yes
982,0414_x0374_sp15,unknown,unknown,1,,,,,,43.331,166.762,0,0,RESULT: unknown
983,0916_x0876_g+016,no,no,1,,,,,,42.040,167.895,0,0,RESULT: no
984,0523_x0483_mx000,yes,yes,1,,,,,,43.580,166.833,0,0,RESULT: yes
985,1732_x1692_g+016,no,no,1,,,,,,43.104,166.974,0,0,RESULT: no
986,0641_x0601_ts-11,no,no,1,,,,,,43.586,166.664,0,0,RESULT: no
987,0360_x0320_nz01,yes,yes,1,,,,,,43.367,166.658,0,0,RESULT: yes
988,0528_x0488_nz09,yes,yes,1,,,,,,43.110,166.820,0,0,RESULT: yes
989,0277_x0237_u-086,no,no,1,,,,,,43.660,166.866,0,0,RESULT: no
990,0652_x0612_g-128,silence,silence,1,,,,,,43.261,166.797,0,0,RESULT: silence
991,0599_x0559_pt108,unknown,unknown,1,,,,,,43.159,166.714,0,0,RESULT: unknown
992,0207_x0167_pt207,no,no,1,,,,,,43.612,166.731,0,0,RESULT: no
993,0363_x0323_mx040,yes,yes,1,,,,,,43.039,166.644,0,0,RESULT: yes
994,0099_x0059_mx085,yes,yes,1,,,,,,43.856,166.710,0,0,RESULT: yes
995,0132_x0092_g-016,yes,yes,1,,,,,,43.099,167.022,0,0,RESULT: yes
996,0001_no_real,no,no,1,no,1,,,,43.726,166.777,0,0,RESULT: no
997,1423_x1383_pt004,unknown,unknown,1,,,,,,43.850,166.781,0,0,RESULT: unknown
998,0858_x0818_sc195,yes,yes,1,,,,,,43.457,167.171,0,0,RESULT: yes
999,1927_x1887_pt002,yes,yes,1,,,,,,43.087,166.743,0,0,RESULT: yes
1000,0623_x0583_pt109,unknown,unknown,1,,,,,,43.212,166.920,0,0,RESULT: unknown
1001,0231_x0191_pt208,no,no,1,,,,,,43.736,166.839,0,0,RESULT: no
1002,0491_x0451_mx050,yes,yes,1,,,,,,43.586,166.862,0,0,RESULT: yes
1003,1833_x1793_ts+05,no,no,1,,,,,,43.947,166.725,0,0,RESULT: no
1004,1661_x1621_u-114,yes,yes,1,,,,,,43.385,166.783,0,0,RESULT: yes
1005,0561_x0521_ts+05,no,no,1,,,,,,43.713,166.767,0,0,RESULT: no
1006,0819_x0779_mx010,yes,yes,1,,,,,,43.086,166.806,0,0,RESULT: yes
1007,0292_x0252_g+096,no,no,1,,,,,,43.959,166.703,0,0,RESULT: no
1008,0806_x0766_sp17,unknown,unknown,1,,,,,,43.404,166.957,0,0,RESULT: unknown
1009,0331_x0291_mx090,yes,yes,1,,,,,,43.330,166.783,0,0,RESULT: yes
1010,0251_x0211_mx005,yes,yes,1,,,,,,43.520,166.924,0,0,RESULT: yes
1011,1689_x1649_ts+05,no,no,1,,,,,,43.218,166.754,0,0,RESULT: no
1012,0883_x0843_mx015,yes,yes,1,,,,,,43.797,166.676,0,0,RESULT: yes
1013,0462_x0422_sp03,unknown,unknown,1,,,,,,43.611,166.853,0,0,RESULT: unknown
1014,0707_x0667_mx080,yes,yes,1,,,,,,43.116,166.773,0,0,RESULT: yes
1015,0792_x0752_nz33,yes,yes,1,,,,,,42.908,167.172,0,0,RESULT: yes
1016,1242_x1202_sc015,no,no,1,,,,,,43.214,166.899,0,0,RESULT: no
1017,0899_x0859_mx095,yes,yes,1,,,,,,42.618,167.142,0,0,RESULT: yes
1018,1254_x1214_sp15,unknown,unknown,1,,,,,,43.721,166.837,0,0,RESULT: unknown
1019,0407_x0367_pt123,unknown,unknown,1,,,,,,43.251,166.694,0,0,RESULT: unknown
1020,1491_x1451_mx010,yes,yes,1,,,,,,43.364,167.105,0,0,RESULT: yes
1021,0836_x0796_g+096,yes,yes,1,,,,,,42.947,166.872,0,0,RESULT: yes
1022,0487_x0447_pt011,unknown,unknown,1,,,,,,43.482,166.792,0,0,RESULT: unknown
1023,0434_x0394_sc175,yes,yes,1,,,,,,43.719,166.661,0,0,RESULT: yes
1024,0243_x0203_mx070,yes,yes,1,,,,,,42.878,167.032,0,0,RESULT: yes
1025,0174_x0134_sp15,no,no,1,,,,,,43.589,166.640,0,0,RESULT: no
1026,0194_x0154_sc175,yes,yes,1,,,,,,44.350,166.657,0,0,RESULT: yes
1027,1473_x1433_ts+05,no,no,1,,,,,,43.623,166.723,0,0,RESULT: no
1028,0854_x0814_sp05,unknown,unknown,1,,,,,,43.581,166.793,0,0,RESULT: unknown
1029,1387_x1347_mx015,yes,yes,1,,,,,,43.269,166.620,0,0,RESULT: yes
1030,1686_x1646_sp27,unknown,unknown,1,,,,,,43.489,166.852,0,0,RESULT: unknown
1031,0098_x0058_sc295,yes,yes,1,,,,,,43.448,166.837,0,0,RESULT: yes
1032,0705_x0665_ts+05,no,no,1,,,,,,43.349,166.632,0,0,RESULT: no
1033,1750_x1710_sp01,yes,yes,1,,,,,,43.047,166.759,0,0,RESULT: yes
1034,0975_x0935_pt216,no,no,1,,,,,,42.805,167.270,0,0,RESULT: no
1035,0204_x0164_g+048,yes,yes,1,,,,,,43.636,166.871,0,0,RESULT: yes
1036,1224_x1184_nz25,yes,yes,1,,,,,,42.995,167.158,0,0,RESULT: yes
1037,1413_x1373_u-058,no,no,1,,,,,,43.407,166.775,0,0,RESULT: no
1038,0141_x0101_u-100,yes,yes,1,,,,,,42.991,167.200,0,0,RESULT: yes
1039,0962_x0922_sc115,unknown,unknown,1,,,,,,43.183,166.814,0,0,RESULT: unknown
1040,0708_x0668_g-048,unknown,unknown,1,,,,,,43.104,166.642,0,0,RESULT: unknown
1041,0783_x0743_pt208,no,no,1,,,,,,42.965,166.767,0,0,RESULT: no
1042,1924_x1884_g+096,unknown,unknown,1,,,,,,43.145,166.830,0,0,RESULT: unknown
1043,0694_x0654_sp25,unknown,unknown,1,,,,,,43.147,166.681,0,0,RESULT: unknown
1044,0921_x0881_ts+05,no,no,1,,,,,,43.116,166.804,0,0,RESULT: no
1045,0047_x0007_pt108,unknown,unknown,1,,,,,,43.177,166.781,0,0,RESULT: unknown
1046,1837_x1797_u-044,no,no,1,,,,,,43.179,166.786,0,0,RESULT: no
1047,0616_x0576_nz17,yes,yes,1,,,,,,43.221,166.646,0,0,RESULT: yes
1048,0970_x0930_sc155,yes,yes,1,,,,,,43.149,166.855,0,0,RESULT: yes
1049,1099_x1059_mx045,yes,yes,1,,,,,,43.180,166.779,0,0,RESULT: yes
1050,1803_x1763_mx100,silence,silence,1,,,,,,43.117,166.668,0,0,RESULT: silence
1051,0619_x0579_mx060,yes,yes,1,,,,,,42.590,167.138,0,0,RESULT: yes
1052,1328_x1288_nz09,yes,yes,1,,,,,,42.846,166.804,0,0,RESULT: yes
1053,0857_x0817_ts-11,no,no,1,,,,,,42.966,167.204,0,0,RESULT: no
1054,0989_x0949_u-072,no,no,1,,,,,,42.908,166.928,0,0,RESULT: no
1055,1747_x1707_mx030,yes,yes,1,,,,,,42.978,166.960,0,0,RESULT: yes
1056,0935_x0895_pt122,unknown,unknown,1,,,,,,42.925,166.853,0,0,RESULT: unknown
1057,0074_x0034_sc175,yes,yes,1,,,,,,43.381,166.667,0,0,RESULT: yes
1058,0812_x0772_g-016,no,no,1,,,,,,43.051,166.878,0,0,RESULT: no
1059,0590_x0550_sp11,unknown,unknown,1,,,,,,43.356,166.592,0,0,RESULT: unknown
1060,1404_x1364_g-064,unknown,unknown,1,,,,,,43.789,166.874,0,0,RESULT: unknown
1061,0624_x0584_nz25,yes,yes,1,,,,,,43.204,166.873,0,0,RESULT: yes
1062,0238_x0198_sp19,unknown,unknown,1,,,,,,43.171,166.785,0,0,RESULT: unknown
1063,1103_x1063_pt106,unknown,unknown,1,,,,,,43.315,166.794,0,0,RESULT: unknown
1064,1547_x1507_mx080,yes,yes,1,,,,,,43.129,166.816,0,0,RESULT: yes
1065,0382_x0342_sp13,yes,yes,1,,,,,,43.518,166.688,0,0,RESULT: yes
1066,0718_x0678_sp19,unknown,unknown,1,,,,,,42.844,166.955,0,0,RESULT: unknown
1067,1693_x1653_u-044,no,no,1,,,,,,43.060,166.725,0,0,RESULT: no
1068,1227_x1187_mx055,yes,yes,1,,,,,,42.939,167.005,0,0,RESULT: yes
1069,1958_x1918_sp29,unknown,unknown,1,,,,,,43.604,166.821,0,0,RESULT: unknown
1070,0476_x0436_g+048,no,no,1,,,,,,43.609,166.689,0,0,RESULT: no
1071,1166_x1126_sp17,unknown,unknown,1,,,,,,43.738,166.894,0,0,RESULT: unknown
1072,0841_x0801_ts-03,no,no,1,,,,,,42.886,166.801,0,0,RESULT: no
1073,1893_x1853_u-016,no,no,1,,,,,,43.173,166.840,0,0,RESULT: no
1074,0389_x0349_u-030,no,no,1,,,,,,43.129,166.825,0,0,RESULT: no
1075,1023_x0983_pt218,no,no,1,,,,,,43.038,166.792,0,0,RESULT: no
1076,0428_x0388_g+096,no,no,1,,,,,,43.395,166.683,0,0,RESULT: no
1077,1040_x1000_nz01,yes,yes,1,,,,,,43.214,166.799,0,0,RESULT: yes
1078,1448_x1408_nz09,yes,yes,1,,,,,,43.301,166.780,0,0,RESULT: yes
1079,0308_x0268_g+080,no,no,1,,,,,,43.284,166.790,0,0,RESULT: no
1080,0106_x0066_sc035,no,no,1,,,,,,43.233,166.711,0,0,RESULT: no
1081,1087_x1047_pt013,yes,yes,1,,,,,,43.254,166.691,0,0,RESULT: yes
1082,0246_x0206_sp27,unknown,unknown,1,,,,,,43.709,166.839,0,0,RESULT: unknown
1083,0655_x0615_pt018,unknown,unknown,1,,,,,,43.145,167.077,0,0,RESULT: unknown
1084,1917_x1877_u-058,no,no,1,,,,,,43.494,166.733,0,0,RESULT: no
1085,0351_x0311_pt213,no,no,1,,,,,,43.571,167.097,0,0,RESULT: no
1086,0052_x0012_g+064,no,no,1,,,,,,43.755,166.627,0,0,RESULT: no
1087,0670_x0630_sp01,yes,yes,1,,,,,,43.741,166.913,0,0,RESULT: yes
1088,0605_x0565_u-030,no,no,1,,,,,,43.784,166.670,0,0,RESULT: no
1089,1787_x1747_mx020,yes,yes,1,,,,,,43.311,166.824,0,0,RESULT: yes
1090,0100_x0060_g+016,no,no,1,,,,,,43.583,166.583,0,0,RESULT: no
1091,0829_x0789_u-044,no,no,1,,,,,,43.242,166.853,0,0,RESULT: no
1092,0983_x0943_pt101,yes,yes,1,,,,,,43.334,166.742,0,0,RESULT: yes
1093,1603_x1563_mx045,yes,yes,1,,,,,,43.841,166.721,0,0,RESULT: yes
1094,0294_x0254_sp15,unknown,unknown,1,,,,,,43.682,166.854,0,0,RESULT: unknown
1095,0418_x0378_sc095,unknown,unknown,1,,,,,,43.309,166.832,0,0,RESULT: unknown
1096,1857_x1817_ts+05,no,no,1,,,,,,43.846,166.683,0,0,RESULT: no
1097,0730_x0690_sc155,yes,yes,1,,,,,,43.020,166.833,0,0,RESULT: yes
1098,0470_x0430_sp11,unknown,unknown,1,,,,,,43.385,166.686,0,0,RESULT: unknown
1099,1385_x1345_ts-11,no,no,1,,,,,,43.275,166.700,0,0,RESULT: no
1100,0473_x0433_ts-11,no,no,1,,,,,,43.079,167.089,0,0,RESULT: no
1101,0838_x0798_sp19,unknown,unknown,1,,,,,,43.491,166.684,0,0,RESULT: unknown
1102,0982_x0942_sp13,no,no,1,,,,,,43.177,166.933,0,0,RESULT: no
1103,1113_x1073_ts+05,no,no,1,,,,,,43.665,166.694,0,0,RESULT: no
1104,1930_x1890_sc155,yes,yes,1,,,,,,42.977,166.869,0,0,RESULT: yes
1105,1789_x1749_u-086,no,no,1,,,,,,43.782,166.731,0,0,RESULT: no
1106,0920_x0880_nz01,yes,yes,1,,,,,,43.349,166.713,0,0,RESULT: yes
1107,1601_x1561_ts-11,no,no,1,,,,,,43.316,166.747,0,0,RESULT: no
1108,1660_x1620_g-048,no,no,1,,,,,,43.691,166.808,0,0,RESULT: no
1109,1723_x1683_mx015,yes,yes,1,,,,,,43.169,166.811,0,0,RESULT: yes
1110,1417_x1377_ts-03,no,no,1,,,,,,43.713,166.671,0,0,RESULT: no
1111,0714_x0674_sc075,no,no,1,,,,,,43.506,166.683,0,0,RESULT: no
1112,0495_x0455_pt219,no,no,1,,,,,,43.281,166.915,0,0,RESULT: no
1113,0684_x0644_g+112,yes,yes,1,,,,,,43.932,166.798,0,0,RESULT: yes
1114,1446_x1406_sp27,unknown,unknown,1,,,,,,43.134,166.840,0,0,RESULT: unknown
1115,1919_x1879_pt117,unknown,unknown,1,,,,,,43.338,167.049,0,0,RESULT: unknown
1116,0551_x0511_pt106,unknown,unknown,1,,,,,,43.866,166.653,0,0,RESULT: unknown
1117,1408_x1368_nz09,yes,yes,1,,,,,,43.445,167.187,0,0,RESULT: yes
1118,1249_x1209_ts-03,no,no,1,,,,,,43.936,166.696,0,0,RESULT: no
1119,1945_x1905_ts-03,no,no,1,,,,,,43.592,167.078,0,0,RESULT: no
1120,0290_x0250_sc055,no,no,1,,,,,,43.526,166.691,0,0,RESULT: no
1121,1933_x1893_u-086,no,no,1,,,,,,43.920,166.655,0,0,RESULT: no
1122,0547_x0507_mx015,yes,yes,1,,,,,,43.885,166.751,0,0,RESULT: yes
1123,0158_x0118_sp29,unknown,unknown,1,,,,,,43.372,166.809,0,0,RESULT: unknown
1124,0993_x0953_ts+05,no,no,1,,,,,,43.043,166.599,0,0,RESULT: no
1125,1262_x1222_sp23,unknown,unknown,1,,,,,,43.517,166.760,0,0,RESULT: unknown
1126,0108_x0068_g-128,unknown,unknown,1,,,,,,43.143,166.805,0,0,RESULT: unknown
1127,0752_x0712_nz33,yes,yes,1,,,,,,43.811,166.767,0,0,RESULT: yes
1128,1608_x1568_nz09,yes,yes,1,,,,,,43.629,166.731,0,0,RESULT: yes
1129,1052_x1012_g+016,no,no,1,,,,,,43.236,166.809,0,0,RESULT: no
1130,0269_x0229_u-072,no,no,1,,,,,,43.436,166.746,0,0,RESULT: no
1131,0898_x0858_sc095,unknown,unknown,1,,,,,,43.461,166.856,0,0,RESULT: unknown
1132,1700_x1660_g+048,no,no,1,,,,,,43.688,166.812,0,0,RESULT: no
1133,1901_x1861_u-030,no,no,1,,,,,,43.379,166.802,0,0,RESULT: no
1134,1363_x1323_mx000,yes,yes,1,,,,,,43.427,167.184,0,0,RESULT: yes
1135,1938_x1898_sc195,yes,yes,1,,,,,,43.692,166.747,0,0,RESULT: yes
1136,1015_x0975_pt010,unknown,unknown,1,,,,,,42.802,167.274,0,0,RESULT: unknown
1137,0680_x0640_nz01,yes,yes,1,,,,,,43.091,166.786,0,0,RESULT: yes
1138,1372_x1332_g-032,no,no,1,,,,,,42.992,166.923,0,0,RESULT: no
1139,1036_x0996_g+032,no,no,1,,,,,,43.729,166.898,0,0,RESULT: no
1140,1849_x1809_ts-03,no,no,1,,,,,,43.080,166.851,0,0,RESULT: no
1141,0373_x0333_u-128,yes,yes,1,,,,,,43.075,166.780,0,0,RESULT: yes
1142,0527_x0487_pt105,unknown,unknown,1,,,,,,43.051,166.819,0,0,RESULT: unknown
1143,1280_x1240_nz01,yes,yes,1,,,,,,43.813,166.635,0,0,RESULT: yes
1144,1142_x1102_sp23,unknown,unknown,1,,,,,,43.708,166.903,0,0,RESULT: unknown
1145,0240_x0200_nz01,yes,yes,1,,,,,,43.668,166.728,0,0,RESULT: yes
1146,0777_x0737_ts+05,no,no,1,,,,,,43.828,166.750,0,0,RESULT: no
1147,0541_x0501_u-044,no,no,1,,,,,,43.376,166.664,0,0,RESULT: no
1148,1891_x1851_mx015,yes,yes,1,,,,,,43.210,166.760,0,0,RESULT: yes
1149,1020_x0980_g+048,unknown,unknown,1,,,,,,43.287,166.735,0,0,RESULT: unknown
1150,1419_x1379_mx070,yes,yes,1,,,,,,43.891,166.738,0,0,RESULT: yes
1151,1713_x1673_ts+05,no,no,1,,,,,,43.275,166.672,0,0,RESULT: no
1152,1831_x1791_pt021,unknown,unknown,1,,,,,,42.954,166.993,0,0,RESULT: unknown
1153,0048_x0008_nz09,yes,yes,1,,,,,,42.887,167.075,0,0,RESULT: yes
1154,1807_x1767_pt020,unknown,unknown,1,,,,,,43.341,166.741,0,0,RESULT: unknown
1155,0514_x0474_sc275,yes,yes,1,,,,,,43.389,167.282,0,0,RESULT: yes
1156,1497_x1457_ts+05,no,no,1,,,,,,43.667,166.714,0,0,RESULT: no
1157,1332_x1292_g-128,yes,yes,1,,,,,,43.097,166.988,0,0,RESULT: yes
1158,0545_x0505_ts-11,no,no,1,,,,,,43.299,166.714,0,0,RESULT: no
1159,0343_x0303_pt005,unknown,unknown,1,,,,,,43.075,166.824,0,0,RESULT: unknown
1160,0155_x0115_mx050,yes,yes,1,,,,,,43.406,166.782,0,0,RESULT: yes
1161,0548_x0508_g+112,unknown,unknown,1,,,,,,43.450,166.637,0,0,RESULT: unknown
1162,0742_x0702_sp13,unknown,unknown,1,,,,,,43.533,166.612,0,0,RESULT: unknown
1163,0287_x0247_pt118,unknown,unknown,1,,,,,,43.209,166.785,0,0,RESULT: unknown
1164,1084_x1044_g-016,no,no,1,,,,,,42.936,166.747,0,0,RESULT: no
1165,0198_x0158_sp09,unknown,unknown,1,,,,,,43.648,166.731,0,0,RESULT: unknown
1166,1947_x1907_mx085,yes,yes,1,,,,,,43.444,166.729,0,0,RESULT: yes
1167,0305_x0265_ts-11,no,no,1,,,,,,43.690,166.776,0,0,RESULT: no
1168,1226_x1186_sc235,yes,yes,1,,,,,,43.437,166.593,0,0,RESULT: yes
1169,0258_x0218_sc195,yes,yes,1,,,,,,43.432,166.665,0,0,RESULT: yes
1170,0173_x0133_u-030,no,no,1,,,,,,42.974,167.027,0,0,RESULT: no
1171,1721_x1681_ts-11,no,no,1,,,,,,43.548,166.822,0,0,RESULT: no
1172,0574_x0534_sp25,unknown,unknown,1,,,,,,43.438,167.066,0,0,RESULT: unknown
1173,0415_x0375_pt008,unknown,unknown,1,,,,,,43.542,166.677,0,0,RESULT: unknown
1174,0065_x0025_ts-11,no,no,1,,,,,,43.487,166.781,0,0,RESULT: no
1175,0082_x0042_sc215,yes,yes,1,,,,,,43.056,166.634,0,0,RESULT: yes
1176,0234_x0194_sc075,no,no,1,,,,,,43.397,166.811,0,0,RESULT: no
1177,1283_x1243_mx020,yes,yes,1,,,,,,43.135,166.687,0,0,RESULT: yes
1178,0907_x0867_mx030,yes,yes,1,,,,,,43.405,166.806,0,0,RESULT: yes
1179,1914_x1874_sc075,no,no,1,,,,,,43.130,166.675,0,0,RESULT: no
1180,1475_x1435_mx035,yes,yes,1,,,,,,42.843,166.819,0,0,RESULT: yes
1181,0938_x0898_sc295,yes,yes,1,,,,,,43.974,166.654,0,0,RESULT: yes
1182,1480_x1440_nz01,yes,yes,1,,,,,,43.163,166.848,0,0,RESULT: yes
1183,1672_x1632_nz33,yes,yes,1,,,,,,43.808,166.705,0,0,RESULT: yes
1184,0555_x0515_mx055,yes,yes,1,,,,,,43.487,166.850,0,0,RESULT: yes
1185,1186_x1146_sc035,no,no,1,,,,,,42.350,167.355,0,0,RESULT: no
1186,1101_x1061_u-016,no,no,1,,,,,,43.262,166.780,0,0,RESULT: no
1187,1316_x1276_g-112,unknown,unknown,1,,,,,,43.631,167.225,0,0,RESULT: unknown
1188,0271_x0231_pt002,yes,yes,1,,,,,,43.031,166.765,0,0,RESULT: yes
1189,1025_x0985_ts-11,no,no,1,,,,,,43.442,166.686,0,0,RESULT: no
1190,0665_x0625_ts-11,no,no,1,,,,,,43.654,166.888,0,0,RESULT: no
1191,1058_x1018_sc295,yes,yes,1,,,,,,43.797,166.790,0,0,RESULT: yes
1192,1338_x1298_sc195,yes,yes,1,,,,,,43.604,166.805,0,0,RESULT: yes
1193,0409_x0369_ts-03,no,no,1,,,,,,43.770,166.848,0,0,RESULT: no
1194,1879_x1839_pt023,unknown,unknown,1,,,,,,43.114,166.871,0,0,RESULT: unknown
1195,1068_x1028_g+000,no,no,1,,,,,,43.868,166.836,0,0,RESULT: no
1196,1000_x0960_nz01,yes,yes,1,,,,,,43.373,166.846,0,0,RESULT: yes
1197,1609_x1569_ts-03,no,no,1,,,,,,43.467,166.754,0,0,RESULT: no
1198,0733_x0693_u-128,yes,yes,1,,,,,,43.527,166.735,0,0,RESULT: yes
1199,0022_mix_yes75,yes,yes,1,,,,,,44.116,166.755,0,0,RESULT: yes
1200,1859_x1819_mx065,yes,yes,1,,,,,,43.772,166.914,0,0,RESULT: yes
1201,0464_x0424_nz25,yes,yes,1,,,,,,43.107,166.689,0,0,RESULT: yes
1202,0284_x0244_g-032,yes,yes,1,,,,,,43.319,166.968,0,0,RESULT: yes
1203,0034_uniform2,yes,yes,1,,,,,,43.273,166.717,0,0,RESULT: yes
1204,0071_x0031_pt109,unknown,unknown,1,,,,,,42.706,167.041,0,0,RESULT: unknown
1205,0195_x0155_mx040,yes,yes,1,,,,,,43.644,166.889,0,0,RESULT: yes
1206,0842_x0802_sc115,unknown,unknown,1,,,,,,43.281,167.065,0,0,RESULT: unknown
1207,1940_x1900_g+080,no,no,1,,,,,,43.264,166.864,0,0,RESULT: no
1208,0892_x0852_g-096,no,no,1,,,,,,43.209,166.800,0,0,RESULT: no
1209,1613_x1573_u-030,no,no,1,,,,,,43.260,166.771,0,0,RESULT: no
1210,1690_x1650_sc155,yes,yes,1,,,,,,43.025,166.774,0,0,RESULT: yes
1211,0471_x0431_pt218,no,no,1,,,,,,43.192,166.662,0,0,RESULT: no
1212,0438_x0398_sp09,unknown,unknown,1,,,,,,43.873,166.713,0,0,RESULT: unknown
1213,0228_x0188_g-112,unknown,unknown,1,,,,,,43.342,166.833,0,0,RESULT: unknown
1214,1146_x1106_sc135,unknown,unknown,1,,,,,,43.883,166.736,0,0,RESULT: unknown
1215,0068_x0028_g+048,no,no,1,,,,,,43.740,167.033,0,0,RESULT: no
1216,1822_x1782_sp13,unknown,unknown,1,,,,,,43.313,166.751,0,0,RESULT: unknown
1217,0638_x0598_sp29,unknown,unknown,1,,,,,,43.407,167.144,0,0,RESULT: unknown
1218,1968_x1928_nz09,yes,yes,1,,,,,,43.314,167.029,0,0,RESULT: yes
1219,1500_x1460_g+112,yes,yes,1,,,,,,43.143,167.064,0,0,RESULT: yes
1220,0678_x0638_sp09,unknown,unknown,1,,,,,,43.051,166.698,0,0,RESULT: unknown
1221,0448_x0408_nz09,yes,yes,1,,,,,,43.291,166.946,0,0,RESULT: yes
1222,0908_x0868_g-112,yes,yes,1,,,,,,43.145,166.718,0,0,RESULT: yes
1223,1663_x1623_pt014,unknown,unknown,1,,,,,,43.105,166.816,0,0,RESULT: unknown
1224,1270_x1230_sp01,no,no,1,,,,,,43.141,166.714,0,0,RESULT: no
1225,0755_x0715_mx005,yes,yes,1,,,,,,43.242,166.791,0,0,RESULT: yes
1226,1959_x1919_pt211,no,no,1,,,,,,43.903,166.668,0,0,RESULT: no
1227,0503_x0463_pt104,unknown,unknown,1,,,,,,43.097,166.814,0,0,RESULT: unknown
1228,1512_x1472_nz33,yes,yes,1,,,,,,43.313,166.803,0,0,RESULT: yes
1229,1370_x1330_sc055,no,no,1,,,,,,43.718,166.924,0,0,RESULT: no
1230,1858_x1818_sc095,unknown,unknown,1,,,,,,43.279,166.831,0,0,RESULT: unknown
1231,0798_x0758_sp09,unknown,unknown,1,,,,,,42.990,166.887,0,0,RESULT: unknown
1232,1973_x1933_u-030,no,no,1,,,,,,43.232,166.604,0,0,RESULT: no
1233,1910_x1870_sp11,unknown,unknown,1,,,,,,43.253,166.603,0,0,RESULT: unknown
1234,1471_x1431_pt006,unknown,unknown,1,,,,,,43.408,167.041,0,0,RESULT: unknown
1235,1314_x1274_sc075,no,no,1,,,,,,43.593,166.787,0,0,RESULT: no
1236,0890_x0850_sc055,no,no,1,,,,,,43.345,166.955,0,0,RESULT: no
1237,0853_x0813_u-086,no,no,1,,,,,,43.937,166.863,0,0,RESULT: no
1238,1745_x1705_ts-11,no,no,1,,,,,,43.823,166.932,0,0,RESULT: no
1239,1131_x1091_mx100,silence,silence,1,,,,,,43.206,166.697,0,0,RESULT: silence
1240,1208_x1168_nz09,yes,yes,1,,,,,,43.684,166.946,0,0,RESULT: yes
1241,0953_x0913_ts-11,no,no,1,,,,,,42.680,167.275,0,0,RESULT: no
1242,1844_x1804_g-096,yes,yes,1,,,,,,43.537,166.743,0,0,RESULT: yes
1243,0811_x0771_mx075,yes,yes,1,,,,,,43.756,166.924,0,0,RESULT: yes
1244,1711_x1671_pt016,unknown,unknown,1,,,,,,42.952,167.347,0,0,RESULT: unknown
1245,1091_x1051_mx005,yes,yes,1,,,,,,43.372,167.042,0,0,RESULT: yes
1246,0964_x0924_g-032,no,no,1,,,,,,43.876,166.737,0,0,RESULT: no
1247,1726_x1686_sp07,unknown,unknown,1,,,,,,43.777,166.756,0,0,RESULT: unknown
1248,1179_x1139_mx025,yes,yes,1,,,,,,43.280,166.858,0,0,RESULT: yes
1249,1323_x1283_mx010,yes,yes,1,,,,,,43.032,166.899,0,0,RESULT: yes
1250,0565_x0525_u-086,no,no,1,,,,,,43.101,166.808,0,0,RESULT: no
1251,0981_x0941_u-058,no,no,1,,,,,,43.412,166.745,0,0,RESULT: no
1252,0383_x0343_pt122,unknown,unknown,1,,,,,,43.120,167.319,0,0,RESULT: unknown
1253,1111_x1071_pt014,unknown,unknown,1,,,,,,43.484,167.089,0,0,RESULT: unknown
1254,0988_x0948_g+080,no,no,1,,,,,,42.691,167.346,0,0,RESULT: no
1255,1598_x1558_sp29,unknown,unknown,1,,,,,,42.627,167.313,0,0,RESULT: unknown
1256,0073_x0033_ts-03,no,no,1,,,,,,43.178,166.731,0,0,RESULT: no
1257,1720_x1680_nz01,yes,yes,1,,,,,,42.621,167.339,0,0,RESULT: yes
1258,1133_x1093_u-072,no,no,1,,,,,,43.940,167.007,0,0,RESULT: no
1259,1223_x1183_pt111,unknown,unknown,1,,,,,,43.824,167.047,0,0,RESULT: unknown
1260,0827_x0787_mx050,yes,yes,1,,,,,,43.339,166.923,0,0,RESULT: yes
1261,1848_x1808_nz09,yes,yes,1,,,,,,43.392,166.740,0,0,RESULT: yes
1262,1906_x1866_sc035,no,no,1,,,,,,43.916,166.799,0,0,RESULT: no
1263,1904_x1864_nz25,yes,yes,1,,,,,,43.230,167.181,0,0,RESULT: yes
1264,1067_x1027_mx095,yes,yes,1,,,,,,45.413,166.903,0,0,RESULT: yes
1265,0377_x0337_ts-11,no,no,1,,,,,,43.968,166.686,0,0,RESULT: no
1266,1285_x1245_u-086,no,no,1,,,,,,43.606,166.793,0,0,RESULT: no
1267,0578_x0538_sc295,yes,yes,1,,,,,,43.293,166.983,0,0,RESULT: yes
1268,0933_x0893_u-100,yes,yes,1,,,,,,43.348,167.255,0,0,RESULT: yes
1269,1623_x1583_pt220,no,no,1,,,,,,43.613,166.830,0,0,RESULT: no
1270,1864_x1824_nz25,yes,yes,1,,,,,,43.764,166.828,0,0,RESULT: yes
1271,1999_x1959_pt005,unknown,unknown,1,,,,,,43.241,166.941,0,0,RESULT: unknown
1272,1715_x1675_mx080,yes,yes,1,,,,,,43.207,167.488,0,0,RESULT: yes
1273,0475_x0435_mx075,yes,yes,1,,,,,,43.323,167.501,0,0,RESULT: yes
1274,0027_gauss0,no,no,1,,,,,,43.426,167.129,0,0,RESULT: no
1275,0101_x0061_u-030,no,no,1,,,,,,43.005,167.062,0,0,RESULT: no
1276,0716_x0676_g+080,no,no,1,,,,,,43.041,166.873,0,0,RESULT: no
1277,0226_x0186_sc035,no,no,1,,,,,,45.141,166.981,0,0,RESULT: no
1278,0805_x0765_u-128,yes,yes,1,,,,,,43.121,167.268,0,0,RESULT: yes
1279,0977_x0937_ts-11,no,no,1,,,,,,43.861,166.973,0,0,RESULT: no
1280,1718_x1678_sp29,no,no,1,,,,,,43.290,167.334,0,0,RESULT: no
1281,0455_x0415_pt102,unknown,unknown,1,,,,,,43.179,166.987,0,0,RESULT: unknown
1282,1163_x1123_mx050,yes,yes,1,,,,,,43.031,167.614,0,0,RESULT: yes
1283,0585_x0545_ts+05,no,no,1,,,,,,43.146,166.684,0,0,RESULT: no
1284,1621_x1581_u-044,no,no,1,,,,,,44.042,166.701,0,0,RESULT: no
1285,0897_x0857_ts+05,no,no,1,,,,,,43.112,166.940,0,0,RESULT: no
1286,1944_x1904_nz25,yes,yes,1,,,,,,43.877,166.789,0,0,RESULT: yes
1287,0537_x0497_ts+05,no,no,1,,,,,,43.401,166.710,0,0,RESULT: no
1288,1096_x1056_nz17,yes,yes,1,,,,,,43.816,166.870,0,0,RESULT: yes
1289,0003_syn_no,no,no,1,,,,,,43.148,166.897,0,0,RESULT: no
1290,0142_x0102_sp13,unknown,unknown,1,,,,,,43.456,166.962,0,0,RESULT: unknown
1291,0362_x0322_sc115,unknown,unknown,1,,,,,,44.100,166.793,0,0,RESULT: unknown
1292,0924_x0884_g-128,yes,yes,1,,,,,,43.307,166.767,0,0,RESULT: yes
1293,0524_x0484_g+000,no,no,1,,,,,,43.573,166.752,0,0,RESULT: no
1294,0697_x0657_ts-03,no,no,1,,,,,,43.513,166.901,0,0,RESULT: no
1295,1204_x1164_g+000,no,no,1,,,,,,43.105,166.811,0,0,RESULT: no
1296,1951_x1911_pt003,unknown,unknown,1,,,,,,43.075,166.911,0,0,RESULT: unknown
1297,0546_x0506_sc135,unknown,unknown,1,,,,,,43.535,166.567,0,0,RESULT: unknown
1298,1773_x1733_u-058,no,no,1,,,,,,43.907,166.822,0,0,RESULT: no
1299,0375_x0335_pt214,no,no,1,,,,,,43.260,166.587,0,0,RESULT: no
1300,1060_x1020_g-128,yes,yes,1,,,,,,43.042,166.758,0,0,RESULT: yes
1301,0008_yes_noise8,yes,yes,1,,,,,,42.963,166.943,0,0,RESULT: yes
1302,0478_x0438_sp19,unknown,unknown,1,,,,,,43.150,166.784,0,0,RESULT: unknown
1303,1925_x1885_u-072,no,no,1,,,,,,42.827,167.144,0,0,RESULT: no
1304,1552_x1512_nz33,yes,yes,1,,,,,,43.254,166.699,0,0,RESULT: yes
1305,0915_x0875_mx070,yes,yes,1,,,,,,43.063,166.760,0,0,RESULT: yes
1306,0469_x0429_u-044,no,no,1,,,,,,43.624,166.967,0,0,RESULT: no
1307,1527_x1487_pt216,no,no,1,,,,,,43.182,166.918,0,0,RESULT: no
1308,0867_x0827_mx040,yes,yes,1,,,,,,43.721,166.800,0,0,RESULT: yes
1309,1779_x1739_mx085,yes,yes,1,,,,,,43.490,166.863,0,0,RESULT: yes
1310,1369_x1329_ts-03,no,no,1,,,,,,42.972,166.771,0,0,RESULT: no
1311,0810_x0770_sc254,yes,yes,1,,,,,,42.887,166.898,0,0,RESULT: yes
1312,1257_x1217_ts+05,no,no,1,,,,,,45.379,166.815,0,0,RESULT: no
1313,1090_x1050_sc155,yes,yes,1,,,,,,43.962,167.020,0,0,RESULT: yes
1314,0064_x0024_nz25,yes,yes,1,,,,,,43.665,166.843,0,0,RESULT: yes
1315,0366_x0326_sp27,unknown,unknown,1,,,,,,43.001,166.801,0,0,RESULT: unknown
1316,1489_x1449_ts-03,no,no,1,,,,,,43.456,166.640,0,0,RESULT: no
1317,0808_x0768_nz09,yes,yes,1,,,,,,43.232,166.800,0,0,RESULT: yes
1318,1251_x1211_mx070,yes,yes,1,,,,,,43.423,166.640,0,0,RESULT: yes
1319,1982_x1942_sp23,unknown,unknown,1,,,,,,43.406,166.819,0,0,RESULT: unknown
1320,1325_x1285_u-030,no,no,1,,,,,,43.297,166.915,0,0,RESULT: no
1321,0621_x0581_u-058,no,no,1,,,,,,42.860,166.843,0,0,RESULT: no
1322,1743_x1703_pt202,no,no,1,,,,,,43.405,166.724,0,0,RESULT: no
1323,0609_x0569_ts+05,no,no,1,,,,,,43.154,166.718,0,0,RESULT: no
1324,0506_x0466_sc235,yes,yes,1,,,,,,43.426,166.882,0,0,RESULT: yes
1325,1409_x1369_ts-11,no,no,1,,,,,,43.425,166.765,0,0,RESULT: no
1326,1263_x1223_pt205,no,no,1,,,,,,43.325,166.882,0,0,RESULT: no
1327,0315_x0275_mx010,yes,yes,1,,,,,,43.623,166.855,0,0,RESULT: yes
1328,0650_x0610_sc055,no,no,1,,,,,,43.127,166.809,0,0,RESULT: no
1329,1172_x1132_g+032,no,no,1,,,,,,43.859,166.663,0,0,RESULT: no
1330,0054_x0014_sp15,unknown,unknown,1,,,,,,43.284,166.823,0,0,RESULT: unknown
1331,1698_x1658_sc195,yes,yes,1,,,,,,43.520,166.739,0,0,RESULT: yes
1332,1610_x1570_sc055,no,no,1,,,,,,43.401,166.718,0,0,RESULT: no
1333,1400_x1360_nz01,yes,yes,1,,,,,,43.873,166.913,0,0,RESULT: yes
1334,1896_x1856_nz17,yes,yes,1,,,,,,43.511,166.761,0,0,RESULT: yes
1335,1595_x1555_mx005,yes,yes,1,,,,,,43.827,166.756,0,0,RESULT: yes
1336,1463_x1423_pt121,unknown,unknown,1,,,,,,43.018,166.733,0,0,RESULT: unknown
1337,1535_x1495_pt101,yes,yes,1,,,,,,43.692,166.965,0,0,RESULT: yes
1338,1946_x1906_sc235,yes,yes,1,,,,,,43.176,166.724,0,0,RESULT: yes
1339,0474_x0434_sc075,no,no,1,,,,,,42.929,167.013,0,0,RESULT: no
1340,0313_x0273_ts-03,no,no,1,,,,,,43.332,166.794,0,0,RESULT: no
1341,0480_x0440_nz01,yes,yes,1,,,,,,42.967,166.809,0,0,RESULT: yes
1342,1168_x1128_nz09,yes,yes,1,,,,,,43.574,166.735,0,0,RESULT: yes
1343,0127_x0087_pt019,unknown,unknown,1,,,,,,43.479,166.828,0,0,RESULT: unknown
1344,1756_x1716_g+128,unknown,unknown,1,,,,,,43.375,166.763,0,0,RESULT: unknown
1345,0062_x0022_sp23,unknown,unknown,1,,,,,,43.060,166.786,0,0,RESULT: unknown
1346,1696_x1656_nz17,yes,yes,1,,,,,,43.383,166.719,0,0,RESULT: yes
1347,1051_x1011_mx015,yes,yes,1,,,,,,43.177,166.773,0,0,RESULT: yes
1348,1763_x1723_mx005,yes,yes,1,,,,,,43.428,166.756,0,0,RESULT: yes
1349,1382_x1342_sp23,no,no,1,,,,,,43.240,166.666,0,0,RESULT: no
1350,0788_x0748_g-128,unknown,unknown,1,,,,,,43.213,166.690,0,0,RESULT: unknown
1351,0190_x0150_sp01,unknown,unknown,1,,,,,,43.156,166.808,0,0,RESULT: unknown
1352,0620_x0580_g-096,yes,yes,1,,,,,,42.828,166.922,0,0,RESULT: yes
1353,1918_x1878_sp19,unknown,unknown,1,,,,,,43.076,166.793,0,0,RESULT: unknown
1354,1128_x1088_nz09,yes,yes,1,,,,,,43.646,167.121,0,0,RESULT: yes
1355,1521_x1481_ts+05,no,no,1,,,,,,43.586,166.713,0,0,RESULT: no
1356,0710_x0670_sp11,no,no,1,,,,,,42.940,166.962,0,0,RESULT: no
1357,0793_x0753_ts-03,no,no,1,,,,,,43.878,166.773,0,0,RESULT: no
1358,1739_x1699_mx095,yes,yes,1,,,,,,43.180,166.686,0,0,RESULT: yes
1359,1716_x1676_g+032,no,no,1,,,,,,43.224,166.773,0,0,RESULT: no
1360,1341_x1301_u-058,no,no,1,,,,,,43.911,166.731,0,0,RESULT: no
1361,0248_x0208_nz09,yes,yes,1,,,,,,43.470,166.668,0,0,RESULT: yes
1362,1047_x1007_pt219,no,no,1,,,,,,43.396,166.800,0,0,RESULT: no
1363,1377_x1337_ts+05,no,no,1,,,,,,43.285,166.715,0,0,RESULT: no
1364,0845_x0805_u-072,no,no,1,,,,,,44.048,166.782,0,0,RESULT: no
1365,1963_x1923_mx060,yes,yes,1,,,,,,43.867,166.897,0,0,RESULT: yes
1366,1853_x1813_u-072,no,no,1,,,,,,44.048,166.729,0,0,RESULT: no
1367,0380_x0340_g-128,unknown,unknown,1,,,,,,43.118,166.700,0,0,RESULT: unknown
1368,1274_x1234_sc175,yes,yes,1,,,,,,43.090,166.660,0,0,RESULT: yes
1369,1438_x1398_sp19,unknown,unknown,1,,,,,,43.219,166.691,0,0,RESULT: unknown
1370,0217_x0177_ts-03,no,no,1,,,,,,43.089,166.768,0,0,RESULT: no
1371,0512_x0472_nz33,yes,yes,1,,,,,,43.210,166.676,0,0,RESULT: yes
1372,1515_x1475_mx025,yes,yes,1,,,,,,42.980,166.879,0,0,RESULT: yes
1373,0554_x0514_sc175,yes,yes,1,,,,,,42.637,167.091,0,0,RESULT: yes
1374,1162_x1122_sc215,yes,yes,1,,,,,,43.500,166.733,0,0,RESULT: yes
1375,1531_x1491_mx000,yes,yes,1,,,,,,42.763,167.132,0,0,RESULT: yes
1376,0515_x0475_mx065,yes,yes,1,,,,,,43.019,166.722,0,0,RESULT: yes
1377,0264_x0224_nz25,yes,yes,1,,,,,,44.008,166.750,0,0,RESULT: yes
1378,1673_x1633_ts-11,no,no,1,,,,,,43.428,166.696,0,0,RESULT: no
1379,0535_x0495_pt013,yes,yes,1,,,,,,43.700,166.730,0,0,RESULT: yes
1380,0156_x0116_g+096,no,no,1,,,,,,43.383,166.896,0,0,RESULT: no
1381,0365_x0325_u-114,no,no,1,,,,,,43.285,166.793,0,0,RESULT: no
1382,0794_x0754_sc175,yes,yes,1,,,,,,43.136,166.646,0,0,RESULT: yes
1383,1755_x1715_mx070,yes,yes,1,,,,,,43.976,166.729,0,0,RESULT: yes
1384,1981_x1941_u-044,no,no,1,,,,,,43.067,166.786,0,0,RESULT: no
1385,0261_x0221_u-058,no,no,1,,,,,,43.250,166.799,0,0,RESULT: no
1386,1212_x1172_g+128,unknown,unknown,1,,,,,,43.265,166.742,0,0,RESULT: unknown
1387,0927_x0887_pt214,no,no,1,,,,,,43.876,166.688,0,0,RESULT: no
1388,1152_x1112_nz33,yes,yes,1,,,,,,43.624,166.672,0,0,RESULT: yes
1389,0835_x0795_mx090,yes,yes,1,,,,,,43.280,166.654,0,0,RESULT: yes
1390,1929_x1889_ts+05,no,no,1,,,,,,43.740,166.688,0,0,RESULT: no
1391,1808_x1768_nz09,yes,yes,1,,,,,,43.329,166.642,0,0,RESULT: yes
1392,1384_x1344_nz25,yes,yes,1,,,,,,43.313,166.626,0,0,RESULT: yes
1393,1002_x0962_sc015,no,no,1,,,,,,43.330,166.785,0,0,RESULT: no
1394,1452_x1412_g-112,unknown,unknown,1,,,,,,43.012,166.974,0,0,RESULT: unknown
1395,0425_x0385_ts-11,no,no,1,,,,,,43.353,166.889,0,0,RESULT: no
1396,0635_x0595_mx035,yes,yes,1,,,,,,43.236,166.807,0,0,RESULT: yes
1397,1987_x1947_mx075,yes,yes,1,,,,,,43.715,166.712,0,0,RESULT: yes
1398,1420_x1380_g-080,no,no,1,,,,,,43.368,166.658,0,0,RESULT: no
1399,1714_x1674_sc275,yes,yes,1,,,,,,43.398,166.740,0,0,RESULT: yes
1400,1196_x1156_g-128,no,no,1,,,,,,43.931,166.825,0,0,RESULT: no
1401,1576_x1536_nz17,yes,yes,1,,,,,,43.166,166.862,0,0,RESULT: yes
1402,1976_x1936_nz17,yes,yes,1,,,,,,43.589,166.761,0,0,RESULT: yes
1403,0043_x0003_mx015,yes,yes,1,,,,,,43.064,166.881,0,0,RESULT: yes
1404,1348_x1308_g+128,unknown,unknown,1,,,,,,43.564,166.771,0,0,RESULT: unknown
1405,1059_x1019_mx055,yes,yes,1,,,,,,43.747,166.771,0,0,RESULT: yes
1406,0769_x0729_ts-03,no,no,1,,,,,,43.674,166.875,0,0,RESULT: no
1407,1231_x1191_pt019,unknown,unknown,1,,,,,,43.601,166.719,0,0,RESULT: unknown
1408,0346_x0306_sc035,no,no,1,,,,,,43.090,166.953,0,0,RESULT: no
1409,0703_x0663_pt020,unknown,unknown,1,,,,,,43.122,166.792,0,0,RESULT: unknown
1410,1161_x1121_ts+05,no,no,1,,,,,,43.293,166.690,0,0,RESULT: no
1411,1317_x1277_u-016,no,no,1,,,,,,43.506,166.782,0,0,RESULT: no
1412,1021_x0981_u-128,yes,yes,1,,,,,,43.031,166.928,0,0,RESULT: yes
1413,1580_x1540_g+032,no,no,1,,,,,,43.486,167.045,0,0,RESULT: no
1414,0876_x0836_g-080,yes,yes,1,,,,,,42.984,166.731,0,0,RESULT: yes
1415,0286_x0246_sp07,unknown,unknown,1,,,,,,43.380,167.031,0,0,RESULT: unknown
1416,0102_x0062_sp03,unknown,unknown,1,,,,,,43.706,166.925,0,0,RESULT: unknown
1417,1597_x1557_u-128,yes,yes,1,,,,,,43.499,166.993,0,0,RESULT: yes
1418,0070_x0030_sp01,silence,silence,1,,,,,,43.554,166.749,0,0,RESULT: silence
1419,1761_x1721_ts+05,no,no,1,,,,,,43.430,166.891,0,0,RESULT: no
1420,1097_x1057_ts-11,no,no,1,,,,,,43.546,166.699,0,0,RESULT: no
1421,1481_x1441_ts-11,no,no,1,,,,,,43.066,166.732,0,0,RESULT: no
1422,1206_x1166_sp27,unknown,unknown,1,,,,,,43.476,166.766,0,0,RESULT: unknown
1423,1108_x1068_g+096,unknown,unknown,1,,,,,,43.003,166.795,0,0,RESULT: unknown
1424,1870_x1830_sp01,silence,silence,1,,,,,,43.509,166.717,0,0,RESULT: silence
1425,1592_x1552_nz33,yes,yes,1,,,,,,43.991,166.797,0,0,RESULT: yes
1426,1410_x1370_sc254,yes,yes,1,,,,,,43.231,166.646,0,0,RESULT: yes
1427,0696_x0656_nz17,yes,yes,1,,,,,,43.199,166.746,0,0,RESULT: yes
1428,0656_x0616_nz17,yes,yes,1,,,,,,43.282,166.748,0,0,RESULT: yes
1429,0861_x0821_u-100,unknown,unknown,1,,,,,,43.412,166.755,0,0,RESULT: unknown
1430,0521_x0481_ts-11,no,no,1,,,,,,43.299,166.674,0,0,RESULT: no
1431,1710_x1670_sp21,yes,yes,1,,,,,,43.691,166.829,0,0,RESULT: yes
1432,0595_x0555_mx045,yes,yes,1,,,,,,43.725,166.820,0,0,RESULT: yes
1433,0663_x0623_pt203,no,no,1,,,,,,43.178,166.817,0,0,RESULT: no
1434,0586_x0546_sc035,no,no,1,,,,,,42.721,167.159,0,0,RESULT: no
1435,0649_x0609_ts-03,no,no,1,,,,,,42.916,166.847,0,0,RESULT: no
1436,1138_x1098_sc095,unknown,unknown,1,,,,,,43.165,167.269,0,0,RESULT: unknown
1437,1706_x1666_sc235,yes,yes,1,,,,,,43.776,166.910,0,0,RESULT: yes
1438,0205_x0165_u-086,no,no,1,,,,,,43.358,166.712,0,0,RESULT: no
1439,0496_x0456_nz17,yes,yes,1,,,,,,43.369,166.815,0,0,RESULT: yes
1440,0116_x0076_g+000,yes,yes,1,,,,,,43.164,166.903,0,0,RESULT: yes
1441,1355_x1315_mx065,yes,yes,1,,,,,,43.604,166.678,0,0,RESULT: yes
1442,1086_x1046_sp27,unknown,unknown,1,,,,,,43.334,166.772,0,0,RESULT: unknown
1443,1436_x1396_g-096,yes,yes,1,,,,,,43.663,166.865,0,0,RESULT: yes
1444,0443_x0403_mx020,yes,yes,1,,,,,,43.583,166.734,0,0,RESULT: yes
1445,1543_x1503_pt009,unknown,unknown,1,,,,,,43.754,166.804,0,0,RESULT: unknown
1446,1882_x1842_sc215,yes,yes,1,,,,,,43.065,166.895,0,0,RESULT: yes
1447,1458_x1418_sc195,yes,yes,1,,,,,,43.096,166.865,0,0,RESULT: yes
1448,0185_x0145_ts-11,no,no,1,,,,,,42.943,166.813,0,0,RESULT: no
1449,1960_x1920_nz01,yes,yes,1,,,,,,43.691,166.851,0,0,RESULT: yes
1450,1667_x1627_mx050,yes,yes,1,,,,,,43.643,166.770,0,0,RESULT: yes
1451,1900_x1860_g-016,no,no,1,,,,,,43.327,166.853,0,0,RESULT: no
1452,1075_x1035_mx030,yes,yes,1,,,,,,43.046,166.830,0,0,RESULT: yes
1453,1272_x1232_nz33,yes,yes,1,,,,,,42.936,167.032,0,0,RESULT: yes
1454,0864_x0824_nz25,yes,yes,1,,,,,,43.253,166.844,0,0,RESULT: yes
1455,1055_x1015_pt104,unknown,unknown,1,,,,,,43.471,166.981,0,0,RESULT: unknown
1456,0128_x0088_nz09,yes,yes,1,,,,,,42.852,166.897,0,0,RESULT: yes
1457,1977_x1937_ts+05,no,no,1,,,,,,43.362,166.715,0,0,RESULT: no
1458,0408_x0368_nz09,yes,yes,1,,,,,,43.756,166.799,0,0,RESULT: yes
1459,0634_x0594_sc275,yes,yes,1,,,,,,43.107,166.852,0,0,RESULT: yes
1460,0253_x0213_u-044,no,no,1,,,,,,43.271,166.779,0,0,RESULT: no
1461,0720_x0680_nz01,yes,yes,1,,,,,,43.457,166.681,0,0,RESULT: yes
1462,1989_x1949_u-058,no,no,1,,,,,,43.554,166.825,0,0,RESULT: no
1463,0113_x0073_ts-11,no,no,1,,,,,,43.562,166.924,0,0,RESULT: no
1464,0004_syn_unknown,unknown,unknown,1,,,,,,42.891,166.783,0,0,RESULT: unknown
1465,1353_x1313_ts+05,no,no,1,,,,,,43.706,166.657,0,0,RESULT: no
1466,1926_x1886_sp27,unknown,unknown,1,,,,,,43.107,166.796,0,0,RESULT: unknown
1467,0311_x0271_pt119,unknown,unknown,1,,,,,,43.316,166.856,0,0,RESULT: unknown
1468,1484_x1444_g+128,unknown,unknown,1,,,,,,43.449,166.697,0,0,RESULT: unknown
1469,1965_x1925_u-016,no,no,1,,,,,,43.868,166.768,0,0,RESULT: no
1470,1442_x1402_sc115,unknown,unknown,1,,,,,,42.847,167.314,0,0,RESULT: unknown
1471,0297_x0257_ts+05,no,no,1,,,,,,43.609,166.783,0,0,RESULT: no
1472,1979_x1939_mx035,yes,yes,1,,,,,,43.272,166.854,0,0,RESULT: yes
1473,0222_x0182_sp03,no,no,1,,,,,,43.411,166.807,0,0,RESULT: no
1474,0309_x0269_u-016,no,no,1,,,,,,42.825,167.183,0,0,RESULT: no
1475,0525_x0485_u-016,no,no,1,,,,,,43.915,166.629,0,0,RESULT: no
1476,1490_x1450_sc055,no,no,1,,,,,,42.861,166.822,0,0,RESULT: no
1477,0575_x0535_pt107,unknown,unknown,1,,,,,,43.195,166.643,0,0,RESULT: unknown
1478,1380_x1340_g+096,yes,yes,1,,,,,,43.409,166.868,0,0,RESULT: yes
1479,1749_x1709_u-016,no,no,1,,,,,,43.337,166.794,0,0,RESULT: no
1480,1107_x1067_mx085,yes,yes,1,,,,,,43.086,166.780,0,0,RESULT: yes
1481,0550_x0510_sp01,unknown,unknown,1,,,,,,43.294,166.607,0,0,RESULT: unknown
1482,0967_x0927_pt008,unknown,unknown,1,,,,,,43.734,166.994,0,0,RESULT: unknown
1483,1782_x1742_sp03,no,no,1,,,,,,43.793,166.813,0,0,RESULT: no
1484,0334_x0294_sp25,unknown,unknown,1,,,,,,43.380,166.855,0,0,RESULT: unknown
1485,1538_x1498_sc295,yes,yes,1,,,,,,43.742,166.843,0,0,RESULT: yes
1486,1266_x1226_sc135,unknown,unknown,1,,,,,,43.965,166.693,0,0,RESULT: unknown
1487,0764_x0724_g+032,no,no,1,,,,,,42.940,166.802,0,0,RESULT: no
1488,0143_x0103_pt112,unknown,unknown,1,,,,,,43.261,166.854,0,0,RESULT: unknown
1489,0693_x0653_u-058,no,no,1,,,,,,42.946,166.868,0,0,RESULT: no
1490,1810_x1770_sc155,yes,yes,1,,,,,,43.291,166.683,0,0,RESULT: yes
1491,0791_x0751_pt116,unknown,unknown,1,,,,,,42.568,167.137,0,0,RESULT: unknown
1492,0543_x0503_pt221,no,no,1,,,,,,43.510,166.823,0,0,RESULT: no
1493,1880_x1840_nz01,yes,yes,1,,,,,,43.419,166.738,0,0,RESULT: yes
1494,0412_x0372_g+112,unknown,unknown,1,,,,,,43.639,166.768,0,0,RESULT: unknown
1495,1626_x1586_sc135,unknown,unknown,1,,,,,,43.083,166.671,0,0,RESULT: unknown
1496,0335_x0295_pt120,unknown,unknown,1,,,,,,42.861,166.804,0,0,RESULT: unknown
1497,0837_x0797_u-058,no,no,1,,,,,,43.471,166.686,0,0,RESULT: no
1498,1271_x1231_pt113,unknown,unknown,1,,,,,,43.123,166.819,0,0,RESULT: unknown
1499,0467_x0427_mx035,yes,yes,1,,,,,,43.757,166.848,0,0,RESULT: yes
1500,0220_x0180_g+032,no,no,1,,,,,,43.466,166.716,0,0,RESULT: no
1501,0299_x0259_mx035,yes,yes,1,,,,,,43.323,166.653,0,0,RESULT: yes
1502,0296_x0256_nz17,yes,yes,1,,,,,,43.818,166.752,0,0,RESULT: yes
1503,0066_x0026_sc135,unknown,unknown,1,,,,,,43.077,166.717,0,0,RESULT: unknown
1504,0761_x0721_ts-11,no,no,1,,,,,,43.326,166.781,0,0,RESULT: no
1505,0743_x0703_pt114,unknown,unknown,1,,,,,,43.218,166.746,0,0,RESULT: unknown
1506,1379_x1339_mx080,yes,yes,1,,,,,,43.284,167.095,0,0,RESULT: yes
1507,1198_x1158_sp19,unknown,unknown,1,,,,,,43.343,166.670,0,0,RESULT: unknown
1508,0940_x0900_g+128,unknown,unknown,1,,,,,,42.776,166.972,0,0,RESULT: unknown
1509,0183_x0143_pt206,no,no,1,,,,,,43.747,166.657,0,0,RESULT: no
1510,0436_x0396_g-048,no,no,1,,,,,,43.351,166.884,0,0,RESULT: no
1511,1046_x1006_sp17,unknown,unknown,1,,,,,,43.209,166.806,0,0,RESULT: unknown
1512,1149_x1109_u-100,no,no,1,,,,,,43.711,166.878,0,0,RESULT: no
1513,0917_x0877_u-072,no,no,1,,,,,,43.197,166.736,0,0,RESULT: no
1514,1522_x1482_sc215,yes,yes,1,,,,,,43.273,166.721,0,0,RESULT: yes
1515,1072_x1032_nz33,yes,yes,1,,,,,,43.676,166.714,0,0,RESULT: yes
1516,1222_x1182_sp13,unknown,unknown,1,,,,,,43.333,167.047,0,0,RESULT: unknown
1517,1551_x1511_pt217,no,no,1,,,,,,43.532,166.596,0,0,RESULT: no
1518,0168_x0128_nz09,yes,yes,1,,,,,,43.731,166.753,0,0,RESULT: yes
1519,0934_x0894_sp25,unknown,unknown,1,,,,,,43.436,166.832,0,0,RESULT: unknown
1520,1476_x1436_g+000,no,no,1,,,,,,43.430,166.787,0,0,RESULT: no
1521,0888_x0848_nz09,yes,yes,1,,,,,,43.424,166.614,0,0,RESULT: yes
1522,1258_x1218_sc095,unknown,unknown,1,,,,,,43.403,166.717,0,0,RESULT: unknown
1523,1389_x1349_u-016,no,no,1,,,,,,43.292,166.687,0,0,RESULT: no
1524,0083_x0043_mx005,yes,yes,1,,,,,,43.650,166.918,0,0,RESULT: yes
1525,1817_x1777_ts-11,no,no,1,,,,,,42.747,167.166,0,0,RESULT: no
1526,1620_x1580_g+128,unknown,unknown,1,,,,,,43.279,166.732,0,0,RESULT: unknown
1527,0817_x0777_ts-03,no,no,1,,,,,,43.255,167.180,0,0,RESULT: no
1528,0078_x0038_sp09,unknown,unknown,1,,,,,,42.972,166.740,0,0,RESULT: unknown
1529,1612_x1572_g+000,no,no,1,,,,,,43.294,167.020,0,0,RESULT: no
1530,1883_x1843_mx080,yes,yes,1,,,,,,43.494,166.849,0,0,RESULT: yes
1531,1411_x1371_mx030,yes,yes,1,,,,,,43.413,166.821,0,0,RESULT: yes
1532,0823_x0783_pt002,yes,yes,1,,,,,,43.804,166.611,0,0,RESULT: yes
1533,0126_x0086_sp27,unknown,unknown,1,,,,,,43.253,166.673,0,0,RESULT: unknown
1534,1980_x1940_g-096,unknown,unknown,1,,,,,,43.516,166.810,0,0,RESULT: unknown
1535,0055_x0015_pt016,unknown,unknown,1,,,,,,43.186,166.793,0,0,RESULT: unknown
1536,1102_x1062_sp13,unknown,unknown,1,,,,,,43.443,166.759,0,0,RESULT: unknown
1537,0211_x0171_mx015,yes,yes,1,,,,,,43.359,166.866,0,0,RESULT: yes
1538,0442_x0402_sc215,yes,yes,1,,,,,,43.303,166.760,0,0,RESULT: yes
1539,1430_x1390_sp11,unknown,unknown,1,,,,,,43.013,166.754,0,0,RESULT: unknown
1540,0677_x0637_u-030,no,no,1,,,,,,43.599,166.649,0,0,RESULT: no
1541,1211_x1171_mx080,yes,yes,1,,,,,,43.236,166.746,0,0,RESULT: yes
1542,1197_x1157_u-058,no,no,1,,,,,,43.084,166.664,0,0,RESULT: no
1543,0738_x0698_sc195,yes,yes,1,,,,,,43.849,166.646,0,0,RESULT: yes
1544,1871_x1831_pt115,unknown,unknown,1,,,,,,42.790,167.152,0,0,RESULT: unknown
1545,0667_x0627_mx090,yes,yes,1,,,,,,43.176,166.723,0,0,RESULT: yes
1546,0751_x0711_pt022,unknown,unknown,1,,,,,,43.462,166.691,0,0,RESULT: unknown
1547,1004_x0964_g+064,no,no,1,,,,,,43.158,166.675,0,0,RESULT: no
1548,1996_x1956_g-112,no,no,1,,,,,,43.877,166.832,0,0,RESULT: no
1549,0105_x0065_ts+05,no,no,1,,,,,,43.353,166.752,0,0,RESULT: no
1550,0576_x0536_nz17,yes,yes,1,,,,,,43.255,166.670,0,0,RESULT: yes
1551,1786_x1746_sc035,no,no,1,,,,,,43.737,166.711,0,0,RESULT: no
1552,1296_x1256_nz17,yes,yes,1,,,,,,43.735,166.839,0,0,RESULT: yes
1553,1461_x1421_u-016,no,no,1,,,,,,43.677,166.726,0,0,RESULT: no
1554,0213_x0173_u-100,yes,yes,1,,,,,,43.066,166.807,0,0,RESULT: yes
1555,1770_x1730_sc254,yes,yes,1,,,,,,43.097,166.872,0,0,RESULT: yes
1556,1549_x1509_u-044,no,no,1,,,,,,43.401,166.684,0,0,RESULT: no
1557,1119_x1079_pt222,no,no,1,,,,,,43.913,166.688,0,0,RESULT: no
1558,1070_x1030_sp11,unknown,unknown,1,,,,,,43.754,166.811,0,0,RESULT: unknown
1559,1575_x1535_pt218,no,no,1,,,,,,43.212,166.691,0,0,RESULT: no
1560,0041_x0001_ts-11,no,no,1,,,,,,43.131,166.735,0,0,RESULT: no
1561,0894_x0854_sp15,unknown,unknown,1,,,,,,43.473,167.070,0,0,RESULT: unknown
1562,0381_x0341_u-016,no,no,1,,,,,,43.045,166.780,0,0,RESULT: no
1563,1026_x0986_sc135,unknown,unknown,1,,,,,,42.735,167.121,0,0,RESULT: unknown
1564,0457_x0417_ts-03,no,no,1,,,,,,43.030,166.686,0,0,RESULT: no
1565,1701_x1661_u-058,no,no,1,,,,,,43.949,166.684,0,0,RESULT: no
1566,1594_x1554_sc275,yes,yes,1,,,,,,43.102,166.861,0,0,RESULT: yes
1567,0454_x0414_sp25,unknown,unknown,1,,,,,,44.066,166.815,0,0,RESULT: unknown
1568,1793_x1753_ts-11,no,no,1,,,,,,43.794,166.823,0,0,RESULT: no
1569,0323_x0283_mx050,yes,yes,1,,,,,,43.601,166.805,0,0,RESULT: yes
1570,1071_x1031_pt220,no,no,1,,,,,,43.643,166.832,0,0,RESULT: no
1571,1310_x1270_sp11,no,no,1,,,,,,43.004,166.751,0,0,RESULT: no
1572,1127_x1087_pt107,unknown,unknown,1,,,,,,43.266,166.774,0,0,RESULT: unknown
1573,0180_x0140_g-064,no,no,1,,,,,,43.911,166.785,0,0,RESULT: no
1574,0387_x0347_mx055,yes,yes,1,,,,,,44.057,166.654,0,0,RESULT: yes
1575,0870_x0830_sp21,unknown,unknown,1,,,,,,43.178,166.673,0,0,RESULT: unknown
1576,0150_x0110_sp21,yes,yes,1,,,,,,43.068,166.718,0,0,RESULT: yes
1577,0388_x0348_g+000,no,no,1,,,,,,43.025,166.999,0,0,RESULT: no
1578,0376_x0336_nz17,yes,yes,1,,,,,,42.933,167.195,0,0,RESULT: yes
1579,1381_x1341_u-128,unknown,unknown,1,,,,,,43.199,166.680,0,0,RESULT: unknown
1580,1017_x0977_ts+05,no,no,1,,,,,,43.068,166.908,0,0,RESULT: no
1581,0024_no_scale05,no,no,1,,,,,,42.956,166.890,0,0,RESULT: no
1582,0355_x0315_mx000,yes,yes,1,,,,,,43.158,167.026,0,0,RESULT: yes
1583,0969_x0929_ts+05,no,no,1,,,,,,43.254,166.685,0,0,RESULT: no
1584,0813_x0773_u-016,no,no,1,,,,,,43.548,166.895,0,0,RESULT: no
1585,0863_x0823_pt119,unknown,unknown,1,,,,,,44.014,166.677,0,0,RESULT: unknown
1586,1276_x1236_g+064,no,no,1,,,,,,43.266,166.633,0,0,RESULT: no
1587,0893_x0853_u-030,no,no,1,,,,,,43.149,166.720,0,0,RESULT: no
1588,0766_x0726_sp07,unknown,unknown,1,,,,,,43.495,166.627,0,0,RESULT: unknown
1589,1560_x1520_nz01,yes,yes,1,,,,,,43.391,166.717,0,0,RESULT: yes
1590,1872_x1832_nz33,yes,yes,1,,,,,,42.965,166.674,0,0,RESULT: yes
1591,1555_x1515_mx015,yes,yes,1,,,,,,43.345,166.652,0,0,RESULT: yes
1592,0182_x0142_sp23,unknown,unknown,1,,,,,,43.225,166.727,0,0,RESULT: unknown
1593,0115_x0075_mx060,yes,yes,1,,,,,,43.330,166.740,0,0,RESULT: yes
1594,1234_x1194_sc275,yes,yes,1,,,,,,43.416,166.877,0,0,RESULT: yes
1595,1548_x1508_g+064,yes,yes,1,,,,,,42.981,166.909,0,0,RESULT: yes
1596,0026_no_scale15,no,no,1,,,,,,46.379,166.865,0,0,RESULT: no
1597,0660_x0620_g+000,yes,yes,1,,,,,,43.383,167.260,0,0,RESULT: yes
1598,1360_x1320_nz01,yes,yes,1,,,,,,43.372,166.678,0,0,RESULT: yes
1599,1571_x1531_mx095,yes,yes,1,,,,,,43.013,167.130,0,0,RESULT: yes
1600,0079_x0039_pt017,unknown,unknown,1,,,,,,43.569,166.729,0,0,RESULT: unknown
1601,0760_x0720_nz01,yes,yes,1,,,,,,42.798,167.038,0,0,RESULT: yes
1602,0995_x0955_mx050,yes,yes,1,,,,,,43.640,166.782,0,0,RESULT: yes
1603,0613_x0573_u-044,no,no,1,,,,,,43.297,166.742,0,0,RESULT: no
1604,0848_x0808_nz09,yes,yes,1,,,,,,43.614,166.836,0,0,RESULT: yes
1605,0014_yes_fshift+1,unknown,unknown,1,,,,,,42.947,166.806,0,0,RESULT: unknown
1606,1412_x1372_g+064,no,no,1,,,,,,43.316,166.713,0,0,RESULT: no
1607,0319_x0279_pt004,unknown,unknown,1,,,,,,43.045,166.804,0,0,RESULT: unknown
1608,0587_x0547_mx005,yes,yes,1,,,,,,43.359,166.755,0,0,RESULT: yes
1609,1151_x1111_pt108,unknown,unknown,1,,,,,,43.114,166.860,0,0,RESULT: unknown
1610,1869_x1829_u-100,no,no,1,,,,,,43.262,166.745,0,0,RESULT: no
1611,0570_x0530_sc254,yes,yes,1,,,,,,42.868,166.893,0,0,RESULT: yes
1612,0815_x0775_pt117,unknown,unknown,1,,,,,,43.587,166.818,0,0,RESULT: unknown
1613,1335_x1295_pt208,no,no,1,,,,,,43.484,166.699,0,0,RESULT: no
1614,0235_x0195_mx030,yes,yes,1,,,,,,43.469,167.053,0,0,RESULT: yes
1615,1677_x1637_u-016,no,no,1,,,,,,43.937,166.696,0,0,RESULT: no
1616,1783_x1743_pt019,unknown,unknown,1,,,,,,42.894,166.960,0,0,RESULT: unknown
1617,0121_x0081_ts-03,no,no,1,,,,,,43.044,166.771,0,0,RESULT: no
1618,0500_x0460_g-112,yes,yes,1,,,,,,42.595,167.184,0,0,RESULT: yes
1619,1390_x1350_sp01,unknown,unknown,1,,,,,,43.054,166.721,0,0,RESULT: unknown
1620,0000_yes_real,yes,yes,1,yes,1,,,,43.656,166.700,0,0,RESULT: yes
1621,0056_x0016_nz17,yes,yes,1,,,,,,43.118,166.655,0,0,RESULT: yes
1622,1890_x1850_sc254,yes,yes,1,,,,,,43.272,166.673,0,0,RESULT: yes
1623,1768_x1728_nz09,yes,yes,1,,,,,,43.215,166.715,0,0,RESULT: yes
1624,0559_x0519_pt014,unknown,unknown,1,,,,,,43.923,166.721,0,0,RESULT: unknown
1625,0739_x0699_mx030,yes,yes,1,,,,,,43.696,166.749,0,0,RESULT: yes
1626,1811_x1771_mx035,yes,yes,1,,,,,,43.133,166.799,0,0,RESULT: yes
1627,1354_x1314_sc275,yes,yes,1,,,,,,43.515,166.721,0,0,RESULT: yes
1628,1330_x1290_sc155,yes,yes,1,,,,,,43.797,166.824,0,0,RESULT: yes
1629,0138_x0098_sc195,yes,yes,1,,,,,,43.671,166.702,0,0,RESULT: yes
1630,1631_x1591_pt105,unknown,unknown,1,,,,,,43.173,166.863,0,0,RESULT: unknown
1631,0151_x0111_pt020,unknown,unknown,1,,,,,,43.053,166.738,0,0,RESULT: unknown
1632,0397_x0357_u-044,no,no,1,,,,,,43.549,166.833,0,0,RESULT: no
1633,1524_x1484_g-048,yes,yes,1,,,,,,42.941,167.455,0,0,RESULT: yes
1634,0968_x0928_nz09,yes,yes,1,,,,,,43.342,166.694,0,0,RESULT: yes
1635,0945_x0905_ts+05,no,no,1,,,,,,43.502,166.975,0,0,RESULT: no
1636,1129_x1089_ts-03,no,no,1,,,,,,43.643,166.856,0,0,RESULT: no
1637,1748_x1708_g+000,no,no,1,,,,,,42.690,167.154,0,0,RESULT: no
1638,0851_x0811_mx065,yes,yes,1,,,,,,43.956,166.791,0,0,RESULT: yes
1639,1614_x1574_sp15,unknown,unknown,1,,,,,,43.447,166.885,0,0,RESULT: unknown
1640,1393_x1353_ts-03,no,no,1,,,,,,43.312,166.731,0,0,RESULT: no
1641,0465_x0425_ts+05,no,no,1,,,,,,43.303,166.721,0,0,RESULT: no
1642,0881_x0841_ts-11,no,no,1,,,,,,43.725,166.666,0,0,RESULT: no
1643,1852_x1812_g+032,no,no,1,,,,,,43.563,166.693,0,0,RESULT: no
1644,0502_x0462_sp13,unknown,unknown,1,,,,,,43.711,166.920,0,0,RESULT: unknown
1645,1219_x1179_mx015,yes,yes,1,,,,,,43.098,166.849,0,0,RESULT: yes
1646,1928_x1888_nz09,yes,yes,1,,,,,,43.695,166.826,0,0,RESULT: yes
1647,0828_x0788_g-032,unknown,unknown,1,,,,,,43.858,166.674,0,0,RESULT: unknown
1648,1315_x1275_mx075,yes,yes,1,,,,,,43.376,166.958,0,0,RESULT: yes
1649,1126_x1086_sp07,yes,yes,1,,,,,,43.546,166.894,0,0,RESULT: yes
1650,0326_x0286_sp17,unknown,unknown,1,,,,,,43.247,166.774,0,0,RESULT: unknown
1651,1922_x1882_sc115,unknown,unknown,1,,,,,,43.836,166.778,0,0,RESULT: unknown
1652,0218_x0178_sc295,yes,yes,1,,,,,,43.504,167.063,0,0,RESULT: yes
1653,1915_x1875_mx030,yes,yes,1,,,,,,43.664,166.904,0,0,RESULT: yes
1654,1401_x1361_ts+05,no,no,1,,,,,,43.162,167.032,0,0,RESULT: no
1655,0321_x0281_ts+05,no,no,1,,,,,,43.553,166.813,0,0,RESULT: no
1656,0396_x0356_g+128,yes,yes,1,,,,,,43.587,166.775,0,0,RESULT: yes
1657,1350_x1310_sp21,unknown,unknown,1,,,,,,43.080,166.844,0,0,RESULT: unknown
1658,1666_x1626_sc035,no,no,1,,,,,,43.105,166.755,0,0,RESULT: no
1659,0612_x0572_g+048,unknown,unknown,1,,,,,,42.936,166.815,0,0,RESULT: unknown
1660,0031_gauss4,unknown,unknown,1,,,,,,43.327,166.825,0,0,RESULT: unknown
1661,1814_x1774_sp05,unknown,unknown,1,,,,,,43.423,166.681,0,0,RESULT: unknown
1662,0166_x0126_sp07,no,no,1,,,,,,42.973,166.877,0,0,RESULT: no
1663,0347_x0307_mx065,yes,yes,1,,,,,,43.183,166.765,0,0,RESULT: yes
1664,1607_x1567_pt104,unknown,unknown,1,,,,,,43.303,166.930,0,0,RESULT: unknown
1665,0209_x0169_ts-11,no,no,1,,,,,,42.881,167.120,0,0,RESULT: no
1666,1290_x1250_sc254,yes,yes,1,,,,,,43.132,166.763,0,0,RESULT: yes
1667,1622_x1582_sp23,unknown,unknown,1,,,,,,43.270,167.302,0,0,RESULT: unknown
1668,1952_x1912_nz33,yes,yes,1,,,,,,43.772,166.808,0,0,RESULT: yes
1669,0873_x0833_ts+05,no,no,1,,,,,,43.034,167.006,0,0,RESULT: no
1670,1415_x1375_pt119,unknown,unknown,1,,,,,,43.191,166.724,0,0,RESULT: unknown
1671,0051_x0011_mx055,yes,yes,1,,,,,,43.361,166.798,0,0,RESULT: yes
1672,0640_x0600_nz01,yes,yes,1,,,,,,43.091,166.765,0,0,RESULT: yes
1673,1866_x1826_sc135,unknown,unknown,1,,,,,,43.741,166.798,0,0,RESULT: unknown
1674,1778_x1738_sc295,yes,yes,1,,,,,,43.395,166.674,0,0,RESULT: yes
1675,1717_x1677_u-086,no,no,1,,,,,,43.553,166.729,0,0,RESULT: no
1676,0831_x0791_pt210,no,no,1,,,,,,43.397,166.861,0,0,RESULT: no
1677,1649_x1609_ts-11,no,no,1,,,,,,43.033,166.731,0,0,RESULT: no
1678,1459_x1419_mx060,yes,yes,1,,,,,,43.328,166.671,0,0,RESULT: yes
1679,1889_x1849_ts-11,no,no,1,,,,,,43.141,166.798,0,0,RESULT: no
1680,0902_x0862_sp23,unknown,unknown,1,,,,,,43.871,166.846,0,0,RESULT: unknown
1681,1636_x1596_g+112,unknown,unknown,1,,,,,,42.996,166.784,0,0,RESULT: unknown
1682,1295_x1255_pt114,unknown,unknown,1,,,,,,43.528,166.764,0,0,RESULT: unknown
1683,1455_x1415_pt213,no,no,1,,,,,,43.230,166.717,0,0,RESULT: no
1684,0086_x0046_sp17,unknown,unknown,1,,,,,,43.575,166.848,0,0,RESULT: unknown
1685,1326_x1286_sp27,unknown,unknown,1,,,,,,43.464,166.833,0,0,RESULT: unknown
1686,0456_x0416_nz17,yes,yes,1,,,,,,43.309,167.351,0,0,RESULT: yes
1687,1539_x1499_mx040,yes,yes,1,,,,,,44.122,166.698,0,0,RESULT: yes
1688,0485_x0445_u-072,no,no,1,,,,,,42.881,167.084,0,0,RESULT: no
1689,0332_x0292_g-080,no,no,1,,,,,,43.883,166.643,0,0,RESULT: no
1690,0394_x0354_sc275,yes,yes,1,,,,,,43.466,167.068,0,0,RESULT: yes
1691,1727_x1687_pt109,unknown,unknown,1,,,,,,43.691,166.804,0,0,RESULT: unknown
1692,0358_x0318_sp19,unknown,unknown,1,,,,,,43.861,166.698,0,0,RESULT: unknown
1693,0042_x0002_sc015,no,no,1,,,,,,43.881,166.854,0,0,RESULT: no
1694,1478_x1438_sp29,unknown,unknown,1,,,,,,43.752,166.756,0,0,RESULT: unknown
1695,1505_x1465_ts-11,no,no,1,,,,,,43.748,166.752,0,0,RESULT: no
1696,0937_x0897_ts-03,no,no,1,,,,,,43.035,166.967,0,0,RESULT: no
1697,1001_x0961_ts-11,no,no,1,,,,,,43.263,166.643,0,0,RESULT: no
1698,1260_x1220_g+080,yes,yes,1,,,,,,43.534,166.824,0,0,RESULT: yes
1699,1501_x1461_u-086,no,no,1,,,,,,43.574,166.790,0,0,RESULT: no
1700,1329_x1289_ts+05,no,no,1,,,,,,43.293,166.886,0,0,RESULT: no
1701,0164_x0124_g-048,yes,yes,1,,,,,,43.301,166.845,0,0,RESULT: yes
1702,0954_x0914_sc075,no,no,1,,,,,,43.004,166.648,0,0,RESULT: no
1703,0303_x0263_pt211,no,no,1,,,,,,43.552,166.897,0,0,RESULT: no
1704,0304_x0264_nz25,yes,yes,1,,,,,,43.424,166.803,0,0,RESULT: yes
1705,0032_uniform0,yes,yes,1,,,,,,43.392,166.790,0,0,RESULT: yes
1706,0606_x0566_sp27,unknown,unknown,1,,,,,,43.550,166.752,0,0,RESULT: unknown
1707,1016_x0976_nz17,yes,yes,1,,,,,,43.037,166.762,0,0,RESULT: yes
1708,1147_x1107_mx075,yes,yes,1,,,,,,43.280,166.795,0,0,RESULT: yes
1709,1312_x1272_nz33,yes,yes,1,,,,,,43.541,167.148,0,0,RESULT: yes
1710,0088_x0048_nz09,yes,yes,1,,,,,,43.116,166.672,0,0,RESULT: yes
1711,1319_x1279_pt115,unknown,unknown,1,,,,,,43.219,166.915,0,0,RESULT: unknown
1712,1375_x1335_pt002,yes,yes,1,,,,,,43.892,166.821,0,0,RESULT: yes
1713,1210_x1170_sc155,yes,yes,1,,,,,,43.247,167.060,0,0,RESULT: yes
1714,1577_x1537_ts-11,no,no,1,,,,,,42.992,166.714,0,0,RESULT: no
1715,1966_x1926_sp07,unknown,unknown,1,,,,,,43.418,166.719,0,0,RESULT: unknown
1716,0312_x0272_nz33,yes,yes,1,,,,,,43.469,166.722,0,0,RESULT: yes
1717,1378_x1338_sc095,unknown,unknown,1,,,,,,43.218,166.736,0,0,RESULT: unknown
1718,1394_x1354_sc175,yes,yes,1,,,,,,43.706,166.688,0,0,RESULT: yes
1719,0210_x0170_sc254,yes,yes,1,,,,,,43.412,166.677,0,0,RESULT: yes
1720,1187_x1147_mx065,yes,yes,1,,,,,,43.422,166.603,0,0,RESULT: yes
1721,0566_x0526_sp17,unknown,unknown,1,,,,,,43.317,166.807,0,0,RESULT: unknown
1722,0672_x0632_nz33,yes,yes,1,,,,,,43.207,166.883,0,0,RESULT: yes
1723,1095_x1055_pt221,no,no,1,,,,,,43.081,166.844,0,0,RESULT: no
1724,0728_x0688_nz09,yes,yes,1,,,,,,43.034,166.649,0,0,RESULT: yes
1725,0435_x0395_mx085,yes,yes,1,,,,,,43.830,166.811,0,0,RESULT: yes
1726,1834_x1794_sc275,yes,yes,1,,,,,,42.907,166.993,0,0,RESULT: yes
1727,1619_x1579_mx020,yes,yes,1,,,,,,43.350,166.767,0,0,RESULT: yes
1728,1006_x0966_sp07,unknown,unknown,1,,,,,,42.977,167.071,0,0,RESULT: unknown
1729,0107_x0067_mx020,yes,yes,1,,,,,,42.837,166.836,0,0,RESULT: yes
1730,0617_x0577_ts-11,no,no,1,,,,,,43.513,166.733,0,0,RESULT: no
1731,0497_x0457_ts-11,no,no,1,,,,,,43.230,166.851,0,0,RESULT: no
1732,1366_x1326_sp07,unknown,unknown,1,,,,,,43.289,166.775,0,0,RESULT: unknown
1733,0232_x0192_nz33,yes,yes,1,,,,,,43.015,166.823,0,0,RESULT: yes
1734,0909_x0869_u-058,no,no,1,,,,,,43.665,166.695,0,0,RESULT: no
1735,1309_x1269_u-128,no,no,1,,,,,,43.906,166.658,0,0,RESULT: no
1736,0400_x0360_nz01,yes,yes,1,,,,,,43.517,166.921,0,0,RESULT: yes
1737,0775_x0735_pt023,unknown,unknown,1,,,,,,43.559,166.727,0,0,RESULT: unknown
1738,1190_x1150_sp11,unknown,unknown,1,,,,,,43.635,166.782,0,0,RESULT: unknown
1739,1032_x0992_nz33,yes,yes,1,,,,,,43.107,167.003,0,0,RESULT: yes
1740,0076_x0036_g-096,no,no,1,,,,,,43.439,166.771,0,0,RESULT: no
1741,0285_x0245_u-100,no,no,1,,,,,,42.633,167.225,0,0,RESULT: no
1742,0796_x0756_g+000,no,no,1,,,,,,43.413,166.861,0,0,RESULT: no
1743,1216_x1176_nz17,yes,yes,1,,,,,,43.218,166.712,0,0,RESULT: yes
1744,1678_x1638_sp19,unknown,unknown,1,,,,,,43.704,166.914,0,0,RESULT: unknown
1745,1079_x1039_pt105,unknown,unknown,1,,,,,,43.382,166.800,0,0,RESULT: unknown
1746,1007_x0967_pt102,unknown,unknown,1,,,,,,43.471,166.743,0,0,RESULT: unknown
1747,0563_x0523_mx095,yes,yes,1,,,,,,43.484,166.683,0,0,RESULT: yes
1748,1722_x1682_sc015,no,no,1,,,,,,43.926,166.717,0,0,RESULT: no
1749,1754_x1714_sc175,yes,yes,1,,,,,,43.177,166.868,0,0,RESULT: yes
1750,0701_x0661_u-072,no,no,1,,,,,,43.305,166.651,0,0,RESULT: no
1751,0005_syn_silence,silence,silence,1,,,,,,43.031,166.938,0,0,RESULT: silence
1752,1421_x1381_u-072,no,no,1,,,,,,43.487,166.730,0,0,RESULT: no
1753,1949_x1909_u-114,yes,yes,1,,,,,,42.975,166.766,0,0,RESULT: yes
1754,0175_x0135_pt021,unknown,unknown,1,,,,,,43.232,166.912,0,0,RESULT: unknown
1755,1450_x1410_sc155,yes,yes,1,,,,,,43.272,166.987,0,0,RESULT: yes
1756,1665_x1625_ts+05,no,no,1,,,,,,43.661,166.806,0,0,RESULT: no
1757,0789_x0749_u-100,no,no,1,,,,,,43.252,166.936,0,0,RESULT: no
1758,0484_x0444_g-096,no,no,1,,,,,,43.075,166.812,0,0,RESULT: no
1759,1878_x1838_sp09,no,no,1,,,,,,42.875,166.765,0,0,RESULT: no
1760,1561_x1521_ts-03,no,no,1,,,,,,43.332,166.758,0,0,RESULT: no
1761,0564_x0524_g+096,yes,yes,1,,,,,,43.364,166.878,0,0,RESULT: yes
1762,1971_x1931_mx100,silence,silence,1,,,,,,42.857,166.968,0,0,RESULT: silence
1763,1277_x1237_u-072,no,no,1,,,,,,43.297,166.847,0,0,RESULT: no
1764,0295_x0255_pt003,unknown,unknown,1,,,,,,43.539,166.856,0,0,RESULT: unknown
1765,0778_x0738_sc095,unknown,unknown,1,,,,,,43.891,166.656,0,0,RESULT: unknown
1766,1303_x1263_pt022,unknown,unknown,1,,,,,,43.310,166.832,0,0,RESULT: unknown
1767,0776_x0736_nz17,yes,yes,1,,,,,,42.981,166.793,0,0,RESULT: yes
1768,1188_x1148_g+016,yes,yes,1,,,,,,43.628,166.783,0,0,RESULT: yes
1769,0901_x0861_u-044,no,no,1,,,,,,43.326,166.605,0,0,RESULT: no
1770,0625_x0585_ts-03,no,no,1,,,,,,43.120,166.781,0,0,RESULT: no
1771,0460_x0420_g+064,no,no,1,,,,,,43.277,166.925,0,0,RESULT: no
1772,0734_x0694_sp05,unknown,unknown,1,,,,,,43.223,166.816,0,0,RESULT: unknown
1773,0824_x0784_nz25,yes,yes,1,,,,,,43.285,166.834,0,0,RESULT: yes
1774,1599_x1559_pt219,no,no,1,,,,,,43.373,166.741,0,0,RESULT: no
1775,0645_x0605_u-100,yes,yes,1,,,,,,43.577,166.677,0,0,RESULT: yes
1776,1118_x1078_sp29,unknown,unknown,1,,,,,,43.043,166.803,0,0,RESULT: unknown
1777,1563_x1523_mx055,yes,yes,1,,,,,,42.966,167.186,0,0,RESULT: yes
1778,0628_x0588_g+032,no,no,1,,,,,,43.068,166.835,0,0,RESULT: no
1779,0895_x0855_pt005,unknown,unknown,1,,,,,,43.455,167.026,0,0,RESULT: unknown
1780,1313_x1273_ts-11,no,no,1,,,,,,43.196,166.818,0,0,RESULT: no
1781,0393_x0353_ts+05,no,no,1,,,,,,43.250,166.651,0,0,RESULT: no
1782,1228_x1188_g+112,unknown,unknown,1,,,,,,43.916,166.865,0,0,RESULT: unknown
1783,1105_x1065_ts-03,no,no,1,,,,,,43.360,167.202,0,0,RESULT: no
1784,0061_x0021_u-086,yes,yes,1,,,,,,43.084,166.946,0,0,RESULT: yes
1785,0080_x0040_nz01,yes,yes,1,,,,,,43.081,166.886,0,0,RESULT: yes
1786,0658_x0618_sc095,unknown,unknown,1,,,,,,43.464,166.669,0,0,RESULT: unknown
1787,1288_x1248_nz09,yes,yes,1,,,,,,43.071,166.716,0,0,RESULT: yes
1788,1428_x1388_g+048,no,no,1,,,,,,43.610,166.735,0,0,RESULT: no
1789,1273_x1233_ts-03,no,no,1,,,,,,43.626,166.892,0,0,RESULT: no
1790,0960_x0920_nz01,yes,yes,1,,,,,,43.080,166.850,0,0,RESULT: yes
1791,1470_x1430_sp21,unknown,unknown,1,,,,,,43.251,166.736,0,0,RESULT: unknown
1792,0325_x0285_u-044,no,no,1,,,,,,43.596,166.712,0,0,RESULT: no
1793,0855_x0815_pt211,no,no,1,,,,,,43.449,166.738,0,0,RESULT: no
1794,1279_x1239_pt021,unknown,unknown,1,,,,,,43.327,167.181,0,0,RESULT: unknown
1795,1562_x1522_sc115,unknown,unknown,1,,,,,,43.556,166.806,0,0,RESULT: unknown
1796,1642_x1602_sc215,yes,yes,1,,,,,,42.792,167.271,0,0,RESULT: yes
1797,0398_x0358_sp29,unknown,unknown,1,,,,,,43.094,166.878,0,0,RESULT: unknown
1798,1278_x1238_sp09,unknown,unknown,1,,,,,,42.957,166.804,0,0,RESULT: unknown
1799,0804_x0764_g+128,yes,yes,1,,,,,,42.773,166.971,0,0,RESULT: yes
1800,1902_x1862_sp03,unknown,unknown,1,,,,,,42.890,166.837,0,0,RESULT: unknown
1801,1725_x1685_u-100,no,no,1,,,,,,43.930,166.825,0,0,RESULT: no
1802,1456_x1416_nz17,yes,yes,1,,,,,,43.626,166.808,0,0,RESULT: yes
1803,0453_x0413_u-016,no,no,1,,,,,,43.135,166.686,0,0,RESULT: no
1804,0327_x0287_pt212,no,no,1,,,,,,43.588,166.885,0,0,RESULT: no
1805,0517_x0477_u-128,no,no,1,,,,,,43.719,166.777,0,0,RESULT: no
1806,1132_x1092_g-064,no,no,1,,,,,,42.941,166.804,0,0,RESULT: no
1807,0879_x0839_pt212,no,no,1,,,,,,42.954,167.068,0,0,RESULT: no
1808,1255_x1215_pt020,unknown,unknown,1,,,,,,43.035,166.889,0,0,RESULT: unknown
1809,0802_x0762_sc215,yes,yes,1,,,,,,43.237,166.987,0,0,RESULT: yes
1810,0991_x0951_pt009,unknown,unknown,1,,,,,,43.171,166.722,0,0,RESULT: unknown
1811,0278_x0238_sp29,unknown,unknown,1,,,,,,44.048,166.614,0,0,RESULT: unknown
1812,1846_x1806_sp07,no,no,1,,,,,,43.310,166.852,0,0,RESULT: no
1813,1888_x1848_nz09,yes,yes,1,,,,,,42.970,166.771,0,0,RESULT: yes
1814,1469_x1429_u-030,no,no,1,,,,,,44.080,166.760,0,0,RESULT: no
1815,0539_x0499_mx080,yes,yes,1,,,,,,43.949,166.718,0,0,RESULT: yes
1816,1230_x1190_sp21,unknown,unknown,1,,,,,,43.563,166.785,0,0,RESULT: unknown
1817,1318_x1278_sp19,unknown,unknown,1,,,,,,43.126,166.717,0,0,RESULT: unknown
1818,1386_x1346_sc135,unknown,unknown,1,,,,,,43.947,166.673,0,0,RESULT: unknown
1819,1345_x1305_ts-03,no,no,1,,,,,,43.207,166.675,0,0,RESULT: no
1820,0721_x0681_ts-03,no,no,1,,,,,,43.243,166.769,0,0,RESULT: no
1821,0426_x0386_sc135,unknown,unknown,1,,,,,,43.384,166.744,0,0,RESULT: unknown
1822,0140_x0100_g+112,unknown,unknown,1,,,,,,43.487,166.769,0,0,RESULT: unknown
1823,0779_x0739_mx020,yes,yes,1,,,,,,43.383,166.645,0,0,RESULT: yes
1824,0711_x0671_pt205,no,no,1,,,,,,43.161,166.995,0,0,RESULT: no
1825,0944_x0904_nz25,yes,yes,1,,,,,,43.642,166.965,0,0,RESULT: yes
1826,1298_x1258_sc295,yes,yes,1,,,,,,42.911,167.236,0,0,RESULT: yes
1827,0114_x0074_sc075,no,no,1,,,,,,43.300,166.917,0,0,RESULT: no
1828,0318_x0278_sp09,unknown,unknown,1,,,,,,43.338,167.027,0,0,RESULT: unknown
1829,1517_x1477_u-114,no,no,1,,,,,,43.216,166.969,0,0,RESULT: no
1830,0588_x0548_g-064,unknown,unknown,1,,,,,,43.663,166.638,0,0,RESULT: unknown
1831,0880_x0840_nz01,yes,yes,1,,,,,,43.402,166.745,0,0,RESULT: yes
1832,0087_x0047_pt202,no,no,1,,,,,,43.306,166.658,0,0,RESULT: no
1833,1804_x1764_g+080,no,no,1,,,,,,43.476,166.804,0,0,RESULT: no
1834,1468_x1428_g-128,unknown,unknown,1,,,,,,43.663,166.792,0,0,RESULT: unknown
1835,1241_x1201_ts-11,no,no,1,,,,,,43.627,166.784,0,0,RESULT: no
1836,0715_x0675_mx015,yes,yes,1,,,,,,43.352,166.769,0,0,RESULT: yes
1837,0874_x0834_sc275,yes,yes,1,,,,,,44.008,166.718,0,0,RESULT: yes
1838,0307_x0267_mx075,yes,yes,1,,,,,,42.972,166.863,0,0,RESULT: yes
1839,1135_x1095_pt015,unknown,unknown,1,,,,,,43.319,166.785,0,0,RESULT: unknown
1840,0109_x0069_u-044,no,no,1,,,,,,43.376,166.723,0,0,RESULT: no
1841,1797_x1757_u-100,no,no,1,,,,,,43.922,166.778,0,0,RESULT: no
1842,0518_x0478_sp29,unknown,unknown,1,,,,,,43.140,167.154,0,0,RESULT: unknown
1843,1707_x1667_mx040,yes,yes,1,,,,,,43.317,166.664,0,0,RESULT: yes
1844,1106_x1066_sc235,yes,yes,1,,,,,,43.326,166.997,0,0,RESULT: yes
1845,0900_x0860_g+032,unknown,unknown,1,,,,,,43.500,166.727,0,0,RESULT: unknown
1846,0392_x0352_nz33,yes,yes,1,,,,,,43.212,166.707,0,0,RESULT: yes
1847,0160_x0120_nz01,yes,yes,1,,,,,,43.552,166.795,0,0,RESULT: yes
1848,1679_x1639_pt107,unknown,unknown,1,,,,,,43.467,166.792,0,0,RESULT: unknown
1849,0647_x0607_pt110,unknown,unknown,1,,,,,,43.776,166.646,0,0,RESULT: unknown
1850,0348_x0308_g-096,yes,yes,1,,,,,,43.949,166.680,0,0,RESULT: yes
1851,1850_x1810_sc055,no,no,1,,,,,,43.064,166.850,0,0,RESULT: no
1852,0120_x0080_nz01,yes,yes,1,,,,,,43.783,166.728,0,0,RESULT: yes
1853,0267_x0227_mx085,yes,yes,1,,,,,,42.717,167.245,0,0,RESULT: yes
1854,1451_x1411_mx020,yes,yes,1,,,,,,43.199,166.799,0,0,RESULT: yes
1855,0136_x0096_nz17,yes,yes,1,,,,,,42.870,167.228,0,0,RESULT: yes
1856,0536_x0496_nz17,yes,yes,1,,,,,,43.007,166.750,0,0,RESULT: yes
1857,0526_x0486_sp07,unknown,unknown,1,,,,,,43.389,166.769,0,0,RESULT: unknown
1858,1320_x1280_nz01,yes,yes,1,,,,,,43.245,166.821,0,0,RESULT: yes
1859,1165_x1125_u-128,no,no,1,,,,,,43.814,166.812,0,0,RESULT: no
1860,1635_x1595_mx100,silence,silence,1,,,,,,43.633,166.833,0,0,RESULT: silence
1861,1143_x1103_pt223,no,no,1,,,,,,43.578,166.825,0,0,RESULT: no
1862,1504_x1464_nz25,yes,yes,1,,,,,,43.169,166.794,0,0,RESULT: yes
1863,0722_x0682_sc115,unknown,unknown,1,,,,,,43.780,166.767,0,0,RESULT: unknown
1864,1492_x1452_g-016,no,no,1,,,,,,43.417,166.585,0,0,RESULT: no
1865,1339_x1299_mx090,yes,yes,1,,,,,,43.488,166.705,0,0,RESULT: yes
1866,1540_x1500_g-064,no,no,1,,,,,,43.163,166.805,0,0,RESULT: no
1867,1110_x1070_sp21,unknown,unknown,1,,,,,,43.203,167.001,0,0,RESULT: unknown
1868,0998_x0958_sp29,unknown,unknown,1,,,,,,43.795,166.743,0,0,RESULT: unknown
1869,1069_x1029_u-086,yes,yes,1,,,,,,43.894,166.892,0,0,RESULT: yes
1870,1648_x1608_nz09,yes,yes,1,,,,,,43.463,166.677,0,0,RESULT: yes
1871,0050_x0010_sc055,no,no,1,,,,,,43.231,166.767,0,0,RESULT: no
1872,1840_x1800_nz01,yes,yes,1,,,,,,42.796,167.079,0,0,RESULT: yes
1873,0932_x0892_g+000,no,no,1,,,,,,43.308,166.740,0,0,RESULT: no
1874,1195_x1155_mx000,yes,yes,1,,,,,,42.841,167.123,0,0,RESULT: yes
1875,1508_x1468_g-032,no,no,1,,,,,,43.043,166.868,0,0,RESULT: no
1876,1441_x1401_ts-03,no,no,1,,,,,,42.851,167.046,0,0,RESULT: no
1877,1013_x0973_u-114,no,no,1,,,,,,43.438,166.778,0,0,RESULT: no
1878,1528_x1488_nz09,yes,yes,1,,,,,,43.823,166.724,0,0,RESULT: yes
1879,0103_x0063_pt018,unknown,unknown,1,,,,,,43.032,166.783,0,0,RESULT: unknown
1880,1357_x1317_u-086,no,no,1,,,,,,43.339,166.724,0,0,RESULT: no
1881,1990_x1950_sp01,unknown,unknown,1,,,,,,43.950,166.726,0,0,RESULT: unknown
1882,0378_x0338_sc195,yes,yes,1,,,,,,43.673,166.793,0,0,RESULT: yes
1883,1082_x1042_sc115,unknown,unknown,1,,,,,,43.376,166.680,0,0,RESULT: unknown
1884,1078_x1038_sp19,unknown,unknown,1,,,,,,43.550,166.722,0,0,RESULT: unknown
1885,1083_x1043_mx070,yes,yes,1,,,,,,43.216,166.820,0,0,RESULT: yes
1886,0370_x0330_sc155,yes,yes,1,,,,,,43.095,166.902,0,0,RESULT: yes
1887,1252_x1212_g-048,no,no,1,,,,,,43.361,166.811,0,0,RESULT: no
1888,0437_x0397_u-114,yes,yes,1,,,,,,43.368,166.735,0,0,RESULT: yes
1889,1825_x1785_ts-03,no,no,1,,,,,,43.949,166.703,0,0,RESULT: no
1890,1737_x1697_ts+05,no,no,1,,,,,,43.315,166.673,0,0,RESULT: no
1891,0629_x0589_u-072,yes,yes,1,,,,,,43.478,166.985,0,0,RESULT: yes
1892,1322_x1282_sc115,unknown,unknown,1,,,,,,42.917,166.716,0,0,RESULT: unknown
1893,1487_x1447_pt122,unknown,unknown,1,,,,,,43.598,167.140,0,0,RESULT: unknown
1894,1137_x1097_ts+05,no,no,1,,,,,,43.884,166.797,0,0,RESULT: no
1895,1589_x1549_u-114,no,no,1,,,,,,43.081,166.828,0,0,RESULT: no
1896,0093_x0053_u-016,no,no,1,,,,,,43.643,166.825,0,0,RESULT: no
1897,1125_x1085_u-058,no,no,1,,,,,,43.112,166.874,0,0,RESULT: no
1898,0468_x0428_g-080,unknown,unknown,1,,,,,,43.013,166.817,0,0,RESULT: unknown
1899,1618_x1578_sc095,unknown,unknown,1,,,,,,43.144,166.782,0,0,RESULT: unknown
1900,1171_x1131_mx090,yes,yes,1,,,,,,42.921,166.809,0,0,RESULT: yes
1901,0885_x0845_u-016,no,no,1,,,,,,43.539,166.766,0,0,RESULT: no
1902,0683_x0643_mx065,yes,yes,1,,,,,,43.248,166.700,0,0,RESULT: yes
1903,1250_x1210_sc055,no,no,1,,,,,,43.201,166.798,0,0,RESULT: no
1904,1628_x1588_g-016,yes,yes,1,,,,,,43.040,166.818,0,0,RESULT: yes
1905,0025_yes_scale15,yes,yes,1,,,,,,43.193,166.708,0,0,RESULT: yes
1906,0643_x0603_mx075,yes,yes,1,,,,,,43.147,166.728,0,0,RESULT: yes
1907,1164_x1124_g-096,unknown,unknown,1,,,,,,43.273,166.691,0,0,RESULT: unknown
1908,1634_x1594_sc175,yes,yes,1,,,,,,43.310,166.828,0,0,RESULT: yes
1909,1877_x1837_u-114,yes,yes,1,,,,,,43.409,166.866,0,0,RESULT: yes
1910,1534_x1494_sp25,unknown,unknown,1,,,,,,42.866,166.945,0,0,RESULT: unknown
1911,0926_x0886_sp17,unknown,unknown,1,,,,,,43.132,166.725,0,0,RESULT: unknown
1912,0402_x0362_sc015,no,no,1,,,,,,42.646,167.197,0,0,RESULT: no
1913,0583_x0543_pt015,unknown,unknown,1,,,,,,43.000,166.794,0,0,RESULT: unknown
1914,0214_x0174_sp25,unknown,unknown,1,,,,,,43.636,166.772,0,0,RESULT: unknown
1915,1916_x1876_g-032,no,no,1,,,,,,43.071,166.778,0,0,RESULT: no
1916,0403_x0363_mx030,yes,yes,1,,,,,,43.760,166.804,0,0,RESULT: yes
1917,1970_x1930_sc055,no,no,1,,,,,,43.316,166.812,0,0,RESULT: no
1918,0035_const_m128,silence,silence,1,,,,,,43.606,166.705,0,0,RESULT: silence
1919,1383_x1343_pt210,no,no,1,,,,,,43.311,166.713,0,0,RESULT: no
1920,0110_x0070_sp11,yes,yes,1,,,,,,42.702,166.929,0,0,RESULT: yes
1921,1269_x1229_u-058,no,no,1,,,,,,43.389,166.686,0,0,RESULT: no
1922,1847_x1807_pt114,unknown,unknown,1,,,,,,43.776,166.713,0,0,RESULT: unknown
1923,1337_x1297_ts-11,no,no,1,,,,,,43.015,166.624,0,0,RESULT: no
1924,0834_x0794_sc075,no,no,1,,,,,,43.791,166.656,0,0,RESULT: no
1925,0147_x0107_mx010,yes,yes,1,,,,,,43.408,166.746,0,0,RESULT: yes
1926,0089_x0049_ts-11,no,no,1,,,,,,43.635,166.659,0,0,RESULT: no
1927,1584_x1544_nz25,yes,yes,1,,,,,,42.887,167.216,0,0,RESULT: yes
1928,1182_x1142_sp03,unknown,unknown,1,,,,,,43.464,166.592,0,0,RESULT: unknown
1929,1267_x1227_mx045,yes,yes,1,,,,,,43.410,166.988,0,0,RESULT: yes
1930,1076_x1036_g+128,unknown,unknown,1,,,,,,43.539,166.809,0,0,RESULT: unknown
1931,1307_x1267_mx035,yes,yes,1,,,,,,43.539,166.924,0,0,RESULT: yes
1932,0137_x0097_ts-11,no,no,1,,,,,,43.316,166.638,0,0,RESULT: no
1933,1121_x1081_ts-11,no,no,1,,,,,,43.030,166.925,0,0,RESULT: no
1934,0411_x0371_mx070,yes,yes,1,,,,,,43.835,166.753,0,0,RESULT: yes
1935,1646_x1606_sp17,unknown,unknown,1,,,,,,43.791,166.806,0,0,RESULT: unknown
1936,0542_x0502_sp23,unknown,unknown,1,,,,,,43.767,166.714,0,0,RESULT: unknown
1937,1235_x1195_mx095,yes,yes,1,,,,,,43.104,166.779,0,0,RESULT: yes
1938,0936_x0896_nz17,yes,yes,1,,,,,,43.847,166.794,0,0,RESULT: yes
1939,1238_x1198_sp29,yes,yes,1,,,,,,43.540,166.657,0,0,RESULT: yes
1940,1874_x1834_sc175,yes,yes,1,,,,,,43.423,166.749,0,0,RESULT: yes
1941,1983_x1943_pt212,no,no,1,,,,,,43.277,166.729,0,0,RESULT: no
1942,1414_x1374_sp25,unknown,unknown,1,,,,,,43.204,166.796,0,0,RESULT: unknown
1943,1391_x1351_pt118,unknown,unknown,1,,,,,,43.736,166.847,0,0,RESULT: unknown
1944,0642_x0602_sc015,no,no,1,,,,,,43.406,166.773,0,0,RESULT: no
1945,1744_x1704_nz25,yes,yes,1,,,,,,43.514,166.766,0,0,RESULT: yes
1946,1629_x1589_u-058,no,no,1,,,,,,43.504,167.055,0,0,RESULT: no
1947,0350_x0310_sp11,unknown,unknown,1,,,,,,43.703,166.713,0,0,RESULT: unknown
1948,0504_x0464_nz25,yes,yes,1,,,,,,43.070,167.093,0,0,RESULT: yes
1949,0943_x0903_pt007,unknown,unknown,1,,,,,,43.093,166.859,0,0,RESULT: unknown
1950,0242_x0202_sc115,unknown,unknown,1,,,,,,43.646,167.002,0,0,RESULT: unknown
1951,1217_x1177_ts-11,no,no,1,,,,,,43.452,166.788,0,0,RESULT: no
1952,0723_x0683_mx055,yes,yes,1,,,,,,43.181,166.818,0,0,RESULT: yes
1953,1704_x1664_nz25,yes,yes,1,,,,,,43.226,166.867,0,0,RESULT: yes
1954,0036_const_0,no,no,1,,,,,,42.973,166.925,0,0,RESULT: no
1955,1359_x1319_pt209,no,no,1,,,,,,43.308,166.654,0,0,RESULT: no
1956,0636_x0596_g-112,unknown,unknown,1,,,,,,43.010,166.671,0,0,RESULT: unknown
1957,1638_x1598_sp09,unknown,unknown,1,,,,,,43.480,166.799,0,0,RESULT: unknown
1958,1510_x1470_sp01,no,no,1,,,,,,43.605,166.714,0,0,RESULT: no
1959,1641_x1601_ts+05,no,no,1,,,,,,43.816,166.653,0,0,RESULT: no
1960,1961_x1921_ts-11,no,no,1,,,,,,43.542,166.736,0,0,RESULT: no
1961,0826_x0786_sc035,no,no,1,,,,,,43.178,166.850,0,0,RESULT: no
1962,1819_x1779_mx075,yes,yes,1,,,,,,43.615,166.762,0,0,RESULT: yes
1963,0712_x0672_nz33,yes,yes,1,,,,,,43.003,166.790,0,0,RESULT: yes
1964,1368_x1328_nz09,yes,yes,1,,,,,,43.603,166.684,0,0,RESULT: yes
1965,1431_x1391_pt212,no,no,1,,,,,,43.443,166.716,0,0,RESULT: no
1966,1035_x0995_mx040,yes,yes,1,,,,,,43.439,166.690,0,0,RESULT: yes
1967,0133_x0093_u-086,no,no,1,,,,,,43.350,167.139,0,0,RESULT: no
1968,1843_x1803_mx090,yes,yes,1,,,,,,43.559,166.718,0,0,RESULT: yes
1969,0816_x0776_nz17,yes,yes,1,,,,,,43.200,167.029,0,0,RESULT: yes
1970,1986_x1946_sc135,unknown,unknown,1,,,,,,43.404,166.743,0,0,RESULT: unknown
1971,1680_x1640_nz01,yes,yes,1,,,,,,42.903,166.848,0,0,RESULT: yes
1972,0871_x0831_pt004,unknown,unknown,1,,,,,,43.647,166.662,0,0,RESULT: unknown
1973,0223_x0183_pt023,unknown,unknown,1,,,,,,43.169,166.789,0,0,RESULT: unknown
1974,0747_x0707_mx070,yes,yes,1,,,,,,43.384,166.872,0,0,RESULT: yes
1975,1868_x1828_g+016,no,no,1,,,,,,43.548,166.855,0,0,RESULT: no
1976,1769_x1729_ts-11,no,no,1,,,,,,43.428,166.650,0,0,RESULT: no
1977,1344_x1304_nz25,yes,yes,1,,,,,,43.317,166.694,0,0,RESULT: yes
1978,1559_x1519_pt102,unknown,unknown,1,,,,,,43.242,166.784,0,0,RESULT: unknown
1979,0419_x0379_mx005,yes,yes,1,,,,,,43.168,166.928,0,0,RESULT: yes
1980,1427_x1387_mx005,yes,yes,1,,,,,,42.948,166.839,0,0,RESULT: yes
1981,0801_x0761_ts+05,no,no,1,,,,,,43.294,166.714,0,0,RESULT: no
1982,0630_x0590_sp21,unknown,unknown,1,,,,,,43.458,166.691,0,0,RESULT: unknown
1983,1887_x1847_pt208,no,no,1,,,,,,44.286,166.693,0,0,RESULT: no
1984,0736_x0696_nz17,yes,yes,1,,,,,,43.333,167.100,0,0,RESULT: yes
1985,1617_x1577_ts+05,no,no,1,,,,,,43.368,166.698,0,0,RESULT: no
1986,1300_x1260_g-096,no,no,1,,,,,,42.975,167.149,0,0,RESULT: no
1987,0785_x0745_ts-11,no,no,1,,,,,,43.498,166.829,0,0,RESULT: no
1988,0681_x0641_ts+05,no,no,1,,,,,,43.238,166.815,0,0,RESULT: no
1989,1688_x1648_nz09,yes,yes,1,,,,,,43.315,166.716,0,0,RESULT: yes
1990,1587_x1547_mx070,yes,yes,1,,,,,,43.641,166.691,0,0,RESULT: yes
1991,0339_x0299_mx025,yes,yes,1,,,,,,43.297,166.645,0,0,RESULT: yes
1992,1498_x1458_sc095,unknown,unknown,1,,,,,,42.934,166.755,0,0,RESULT: unknown
1993,1199_x1159_pt110,unknown,unknown,1,,,,,,43.621,166.682,0,0,RESULT: unknown
1994,1169_x1129_ts-11,no,no,1,,,,,,43.335,166.856,0,0,RESULT: no
1995,0749_x0709_u-030,no,no,1,,,,,,43.667,166.655,0,0,RESULT: no
1996,1453_x1413_u-128,unknown,unknown,1,,,,,,43.707,166.876,0,0,RESULT: unknown
1997,1092_x1052_g+112,unknown,unknown,1,,,,,,43.556,166.750,0,0,RESULT: unknown
1998,1895_x1855_pt116,unknown,unknown,1,,,,,,42.935,166.783,0,0,RESULT: unknown
1999,1265_x1225_ts-11,no,no,1,,,,,,43.525,166.805,0,0,RESULT: no
